song,shift,bar,beat,pitch,midi,vowel,fR1_source,seconds,fR1_band,turning_pitch,semitones_from_turning,passaggio,semitones_to_primo,semitones_to_secondo,fR1_rung,fR2_rung,held,approach,approach_semitones,after_rest,phrase_index,phrase_position,highest_of_phrase,p1a_near,p1a_fires,p1a_clauses
Sunless 01,12,2,1,A4,69,o,Godin band midpoint,0.732,close,A#3,11.5,not assessed,not assessed,not assessed,none,not assessed,short,first note,,,0,first,no,not assessed,not assessed,
Sunless 01,12,2,2,A4,69,ɑ,Godin band midpoint,0.732,close,F4,4.5,not assessed,not assessed,not assessed,none,not assessed,short,repeated,0,no,0,middle,no,not assessed,not assessed,
Sunless 01,12,2,3,A4,69,ʌ,Godin band midpoint,0.732,close,F4,4.5,not assessed,not assessed,not assessed,none,not assessed,short,repeated,0,no,0,middle,no,not assessed,not assessed,
Sunless 01,12,2,4,A#4,70,ɛ,Godin band midpoint,0.732,close,F4,5.5,not assessed,not assessed,not assessed,none,not assessed,short,step,1,no,0,middle,yes,not assessed,not assessed,
Sunless 01,12,2,5,F4,65,ɑ,Godin band midpoint,0.732,close,F4,0.5,not assessed,not assessed,not assessed,none,not assessed,short,leap-down,-5,no,0,middle,no,not assessed,not assessed,
Sunless 01,12,2,6,F4,65,ɑ,Godin band midpoint,0.366,close,F4,0.5,not assessed,not assessed,not assessed,none,not assessed,short,repeated,0,no,0,last,no,not assessed,not assessed,
Sunless 01,12,3,1,B4,71,i,Godin band midpoint,0.732,above,G3,16,not assessed,not assessed,not assessed,none,not assessed,short,leap-up,6,yes,1,first,yes,not assessed,not assessed,
Sunless 01,12,3,2,G4,67,ɑ,Godin band midpoint,0.732,close,F4,2.5,not assessed,not assessed,not assessed,none,not assessed,short,leap-down,-4,no,1,middle,no,not assessed,not assessed,
Sunless 01,12,3,3,G4,67,ɑ,Godin band midpoint,0.366,close,F4,2.5,not assessed,not assessed,not assessed,none,not assessed,short,repeated,0,no,1,last,no,not assessed,not assessed,
Sunless 01,12,3,4,C#5,73,i,Godin band midpoint,1.098,above,G3,18,not assessed,not assessed,not assessed,none,not assessed,short,leap-up,6,yes,2,first,yes,not assessed,not assessed,
Sunless 01,12,3,5.5,A4,69,ɑ,Godin band midpoint,0.366,close,F4,4.5,not assessed,not assessed,not assessed,none,not assessed,short,leap-down,-4,no,2,middle,no,not assessed,not assessed,
Sunless 01,12,3,6,A4,69,ɑ,Godin band midpoint,0.366,close,F4,4.5,not assessed,not assessed,not assessed,none,not assessed,short,repeated,0,no,2,last,no,not assessed,not assessed,
Sunless 01,12,4,1,A#4,70,e,Godin band midpoint,0.732,above,A#3,12.5,not assessed,not assessed,not assessed,none,not assessed,short,step,1,yes,3,first,yes,not assessed,not assessed,
Sunless 01,12,4,2,E4,64,ɪ,Godin band midpoint,0.732,close,A#3,6.5,not assessed,not assessed,not assessed,none,not assessed,short,leap-down,-6,no,3,middle,no,not assessed,not assessed,
Sunless 01,12,4,3,D4,62,o,Godin band midpoint,0.732,close,A#3,4.5,not assessed,not assessed,not assessed,none,not assessed,short,step,-2,no,3,middle,no,not assessed,not assessed,
Sunless 01,12,4,4,A4,69,ɑ,Godin band midpoint,1.098,close,F4,4.5,not assessed,not assessed,not assessed,none,not assessed,short,leap-up,7,no,3,middle,no,not assessed,not assessed,
Sunless 01,12,4,5.5,E4,64,ɑ,Godin band midpoint,0.366,open,F4,-0.5,not assessed,not assessed,not assessed,none,not assessed,short,leap-down,-5,no,3,middle,no,not assessed,not assessed,
Sunless 01,12,4,6,E4,64,ɑ,Godin band midpoint,0.732,open,F4,-0.5,not assessed,not assessed,not assessed,none,not assessed,short,repeated,0,no,3,middle,no,not assessed,not assessed,
Sunless 01,12,5,1,G4,67,e,Godin band midpoint,0.732,close,A#3,9.5,not assessed,not assessed,not assessed,none,not assessed,short,leap-up,3,no,3,middle,no,not assessed,not assessed,
Sunless 01,12,5,2,D4,62,ɪ,Godin band midpoint,0.732,close,A#3,4.5,not assessed,not assessed,not assessed,none,not assessed,short,leap-down,-5,no,3,middle,no,not assessed,not assessed,
Sunless 01,12,5,3,C#4,61,ɑ,Godin band midpoint,0.732,open,F4,-3.5,not assessed,not assessed,not assessed,none,not assessed,short,step,-1,no,3,middle,no,not assessed,not assessed,
Sunless 01,12,5,4,F4,65,ɛ,Godin band midpoint,1.098,close,F4,0.5,not assessed,not assessed,not assessed,none,not assessed,short,leap-up,4,no,3,middle,no,not assessed,not assessed,
Sunless 01,12,5,5.5,D4,62,ɑ,Godin band midpoint,0.366,open,F4,-2.5,not assessed,not assessed,not assessed,none,not assessed,short,leap-down,-3,no,3,middle,no,not assessed,not assessed,
Sunless 01,12,5,6,D4,62,ɑ,Godin band midpoint,0.366,open,F4,-2.5,not assessed,not assessed,not assessed,none,not assessed,short,repeated,0,no,3,last,no,not assessed,not assessed,
Sunless 01,12,6,1,A4,69,u,Godin band midpoint,0.732,above,G3,14,not assessed,not assessed,not assessed,none,not assessed,short,leap-up,7,yes,4,first,yes,not assessed,not assessed,
Sunless 01,12,6,2,F#4,66,ɑ,Godin band midpoint,0.366,close,F4,1.5,not assessed,not assessed,not assessed,none,not assessed,short,leap-down,-3,no,4,last,no,not assessed,not assessed,
Sunless 01,12,6,3,A4,69,u,Godin band midpoint,0.732,above,G3,14,not assessed,not assessed,not assessed,none,not assessed,short,leap-up,3,yes,5,first,no,not assessed,not assessed,
Sunless 01,12,6,4,D5,74,o,Godin band midpoint,1.098,above,A#3,16.5,not assessed,not assessed,not assessed,none,not assessed,short,leap-up,5,no,5,middle,yes,not assessed,not assessed,
Sunless 01,12,6,5.5,G#4,68,ɑ,Godin band midpoint,0.366,close,F4,3.5,not assessed,not assessed,not assessed,none,not assessed,short,leap-down,-6,no,5,middle,no,not assessed,not assessed,
Sunless 01,12,6,6,G#4,68,ɑ,Godin band midpoint,0.366,close,F4,3.5,not assessed,not assessed,not assessed,none,not assessed,short,repeated,0,no,5,last,no,not assessed,not assessed,
Sunless 01,12,7,1,G4,67,e,Godin band midpoint,0.732,close,A#3,9.5,not assessed,not assessed,not assessed,none,not assessed,short,step,-1,yes,6,first,no,not assessed,not assessed,
Sunless 01,12,7,2,G4,67,ɑ,Godin band midpoint,0.732,close,F4,2.5,not assessed,not assessed,not assessed,none,not assessed,short,repeated,0,no,6,middle,no,not assessed,not assessed,
Sunless 01,12,7,3,G4,67,u,Godin band midpoint,0.732,crossing,G3,12,not assessed,not assessed,not assessed,none,not assessed,short,repeated,0,no,6,middle,no,not assessed,not assessed,
Sunless 01,12,7,4,A#4,70,ɨ,not assessed,1.098,not assessed,not assessed,not assessed,not assessed,not assessed,not assessed,not assessed,not assessed,short,leap-up,3,no,6,middle,yes,not assessed,not assessed,
Sunless 01,12,7,5.5,D4,62,ɑ,Godin band midpoint,0.366,open,F4,-2.5,not assessed,not assessed,not assessed,none,not assessed,short,leap-down,-8,no,6,middle,no,not assessed,not assessed,
Sunless 01,12,7,6,D4,62,ɑ,Godin band midpoint,0.366,open,F4,-2.5,not assessed,not assessed,not assessed,none,not assessed,short,repeated,0,no,6,last,no,not assessed,not assessed,
Sunless 01,12,8,1,E4,64,u,Godin band midpoint,0.732,close,G3,9,not assessed,not assessed,not assessed,none,not assessed,short,step,2,yes,7,first,no,not assessed,not assessed,
Sunless 01,12,8,2,C#4,61,ɪ,Godin band midpoint,0.732,close,A#3,3.5,not assessed,not assessed,not assessed,none,not assessed,short,leap-down,-3,no,7,middle,no,not assessed,not assessed,
Sunless 01,12,8,3,D4,62,ɪ,Godin band midpoint,0.732,close,A#3,4.5,not assessed,not assessed,not assessed,none,not assessed,short,step,1,no,7,middle,no,not assessed,not assessed,
Sunless 01,12,8,4,F#4,66,ɛ,Godin band midpoint,0.732,close,F4,1.5,not assessed,not assessed,not assessed,none,not assessed,short,leap-up,4,no,7,middle,yes,not assessed,not assessed,
Sunless 01,12,8,5,D4,62,ɨ,not assessed,0.366,not assessed,not assessed,not assessed,not assessed,not assessed,not assessed,not assessed,not assessed,short,leap-down,-4,no,7,last,no,not assessed,not assessed,
Sunless 01,12,8,6.5,C#4,61,ɑ,Godin band midpoint,0.366,open,F4,-3.5,not assessed,not assessed,not assessed,none,not assessed,short,step,-1,yes,8,first,no,not assessed,not assessed,
Sunless 01,12,9,1,E4,64,ɛ,Godin band midpoint,0.732,open,F4,-0.5,not assessed,not assessed,not assessed,none,not assessed,short,leap-up,3,no,8,middle,no,not assessed,not assessed,
Sunless 01,12,9,2,C#4,61,ɑ,Godin band midpoint,0.732,open,F4,-3.5,not assessed,not assessed,not assessed,none,not assessed,short,leap-down,-3,no,8,middle,no,not assessed,not assessed,
Sunless 01,12,9,3,D4,62,ɑ,Godin band midpoint,0.732,open,F4,-2.5,not assessed,not assessed,not assessed,none,not assessed,short,step,1,no,8,middle,no,not assessed,not assessed,
Sunless 01,12,9,4,A4,69,ɛ,Godin band midpoint,1.098,close,F4,4.5,not assessed,not assessed,not assessed,none,not assessed,short,leap-up,7,no,8,middle,yes,not assessed,not assessed,
Sunless 01,12,9,5.5,F#4,66,ɑ,Godin band midpoint,0.366,close,F4,1.5,not assessed,not assessed,not assessed,none,not assessed,short,leap-down,-3,no,8,middle,no,not assessed,not assessed,
Sunless 01,12,9,6,F#4,66,ɑ,Godin band midpoint,0.366,close,F4,1.5,not assessed,not assessed,not assessed,none,not assessed,short,repeated,0,no,8,last,no,not assessed,not assessed,
Sunless 01,12,10,1,A#4,70,ɨ,not assessed,0.732,not assessed,not assessed,not assessed,not assessed,not assessed,not assessed,not assessed,not assessed,short,leap-up,4,yes,9,first,no,not assessed,not assessed,
Sunless 01,12,10,2,E4,64,ɨ,not assessed,0.732,not assessed,not assessed,not assessed,not assessed,not assessed,not assessed,not assessed,not assessed,short,leap-down,-6,no,9,middle,no,not assessed,not assessed,
Sunless 01,12,10,3,F4,65,ɑ,Godin band midpoint,0.732,close,F4,0.5,not assessed,not assessed,not assessed,none,not assessed,short,step,1,no,9,middle,no,not assessed,not assessed,
Sunless 01,12,10,4,G4,67,o,Godin band midpoint,0.732,close,A#3,9.5,not assessed,not assessed,not assessed,none,not assessed,short,step,2,no,9,middle,no,not assessed,not assessed,
Sunless 01,12,10,5,A4,69,ʌ,Godin band midpoint,0.732,close,F4,4.5,not assessed,not assessed,not assessed,none,not assessed,short,step,2,no,9,middle,no,not assessed,not assessed,
Sunless 01,12,10,6,A#4,70,ɑ,Godin band midpoint,0.732,close,F4,5.5,not assessed,not assessed,not assessed,none,not assessed,short,step,1,no,9,middle,no,not assessed,not assessed,
Sunless 01,12,11,1,C5,72,e,Godin band midpoint,0.732,above,A#3,14.5,not assessed,not assessed,not assessed,none,not assessed,short,step,2,no,9,middle,yes,not assessed,not assessed,
Sunless 01,12,11,2,A#4,70,ɪ,Godin band midpoint,0.732,above,A#3,12.5,not assessed,not assessed,not assessed,none,not assessed,short,step,-2,no,9,middle,no,not assessed,not assessed,
Sunless 01,12,11,3,C5,72,ɑ,Godin band midpoint,0.732,close,F4,7.5,not assessed,not assessed,not assessed,none,not assessed,short,step,2,no,9,middle,yes,not assessed,not assessed,
Sunless 01,12,11,4,G#4,68,e,Godin band midpoint,1.098,close,A#3,10.5,not assessed,not assessed,not assessed,none,not assessed,short,leap-down,-4,no,9,middle,no,not assessed,not assessed,
Sunless 01,12,11,5.5,G#4,68,i,Godin band midpoint,0.366,above,G3,13,not assessed,not assessed,not assessed,none,not assessed,short,repeated,0,no,9,middle,no,not assessed,not assessed,
Sunless 01,12,11,6,G#4,68,ɪ,Godin band midpoint,0.366,close,A#3,10.5,not assessed,not assessed,not assessed,none,not assessed,short,repeated,0,no,9,last,no,not assessed,not assessed,
Sunless 01,12,12,1,G4,67,o,Godin band midpoint,0.732,close,A#3,9.5,not assessed,not assessed,not assessed,none,not assessed,short,step,-1,yes,10,first,no,not assessed,not assessed,
Sunless 01,12,12,2,E4,64,ɪ,Godin band midpoint,0.732,close,A#3,6.5,not assessed,not assessed,not assessed,none,not assessed,short,leap-down,-3,no,10,middle,no,not assessed,not assessed,
Sunless 01,12,12,3,G4,67,ɑ,Godin band midpoint,0.732,close,F4,2.5,not assessed,not assessed,not assessed,none,not assessed,short,leap-up,3,no,10,middle,no,not assessed,not assessed,
Sunless 01,12,12,4,A#4,70,i,Godin band midpoint,0.732,above,G3,15,not assessed,not assessed,not assessed,none,not assessed,short,leap-up,3,no,10,middle,yes,not assessed,not assessed,
Sunless 01,12,12,5,G4,67,ɨ,not assessed,0.366,not assessed,not assessed,not assessed,not assessed,not assessed,not assessed,not assessed,not assessed,short,leap-down,-3,no,10,last,no,not assessed,not assessed,
Sunless 01,12,12,6,G4,67,ɑ,Godin band midpoint,0.732,close,F4,2.5,not assessed,not assessed,not assessed,none,not assessed,short,repeated,0,yes,11,first,no,not assessed,not assessed,
Sunless 01,12,13,1,E4,64,ɑ,Godin band midpoint,0.732,open,F4,-0.5,not assessed,not assessed,not assessed,none,not assessed,short,leap-down,-3,no,11,middle,no,not assessed,not assessed,
Sunless 01,12,13,2,D4,62,ɪ,Godin band midpoint,0.732,close,A#3,4.5,not assessed,not assessed,not assessed,none,not assessed,short,step,-2,no,11,middle,no,not assessed,not assessed,
Sunless 01,12,13,3,E4,64,ɑ,Godin band midpoint,0.732,open,F4,-0.5,not assessed,not assessed,not assessed,none,not assessed,short,step,2,no,11,middle,no,not assessed,not assessed,
Sunless 01,12,13,4,A#4,70,o,Godin band midpoint,1.098,above,A#3,12.5,not assessed,not assessed,not assessed,none,not assessed,short,leap-up,6,no,11,middle,yes,not assessed,not assessed,
Sunless 01,12,13,5.5,G4,67,ʌ,Godin band midpoint,0.366,close,F4,2.5,not assessed,not assessed,not assessed,none,not assessed,short,leap-down,-3,no,11,middle,no,not assessed,not assessed,
Sunless 01,12,13,6,G4,67,ɪ,Godin band midpoint,0.366,close,A#3,9.5,not assessed,not assessed,not assessed,none,not assessed,short,repeated,0,no,11,last,no,not assessed,not assessed,
Sunless 01,12,14,1,A#4,70,o,Godin band midpoint,0.732,above,A#3,12.5,not assessed,not assessed,not assessed,none,not assessed,short,leap-up,3,yes,12,first,no,not assessed,not assessed,
Sunless 01,12,14,2,A4,69,ʌ,Godin band midpoint,0.732,close,F4,4.5,not assessed,not assessed,not assessed,none,not assessed,short,step,-1,no,12,middle,no,not assessed,not assessed,
Sunless 01,12,14,3,G4,67,ɑ,Godin band midpoint,0.732,close,F4,2.5,not assessed,not assessed,not assessed,none,not assessed,short,step,-2,no,12,middle,no,not assessed,not assessed,
Sunless 01,12,14,4,A#4,70,e,Godin band midpoint,1.098,above,A#3,12.5,not assessed,not assessed,not assessed,none,not assessed,short,leap-up,3,no,12,middle,no,not assessed,not assessed,
Sunless 01,12,14,5.5,A4,69,i,Godin band midpoint,0.366,above,G3,14,not assessed,not assessed,not assessed,none,not assessed,short,step,-1,no,12,middle,no,not assessed,not assessed,
Sunless 01,12,14,6,A4,69,ɪ,Godin band midpoint,0.732,close,A#3,11.5,not assessed,not assessed,not assessed,none,not assessed,short,repeated,0,no,12,middle,no,not assessed,not assessed,
Sunless 01,12,15,1,A#4,70,o,Godin band midpoint,0.732,above,A#3,12.5,not assessed,not assessed,not assessed,none,not assessed,short,step,1,no,12,middle,no,not assessed,not assessed,
Sunless 01,12,15,2,A4,69,ʌ,Godin band midpoint,0.732,close,F4,4.5,not assessed,not assessed,not assessed,none,not assessed,short,step,-1,no,12,middle,no,not assessed,not assessed,
Sunless 01,12,15,3,G4,67,ɪ,Godin band midpoint,0.732,close,A#3,9.5,not assessed,not assessed,not assessed,none,not assessed,short,step,-2,no,12,middle,no,not assessed,not assessed,
Sunless 01,12,15,4,C#5,73,e,Godin band midpoint,1.098,above,A#3,15.5,not assessed,not assessed,not assessed,none,not assessed,short,leap-up,6,no,12,middle,yes,not assessed,not assessed,
Sunless 01,12,15,5.5,A4,69,i,Godin band midpoint,0.366,above,G3,14,not assessed,not assessed,not assessed,none,not assessed,short,leap-down,-4,no,12,middle,no,not assessed,not assessed,
Sunless 01,12,15,6,A4,69,ɪ,Godin band midpoint,0.366,close,A#3,11.5,not assessed,not assessed,not assessed,none,not assessed,short,repeated,0,no,12,last,no,not assessed,not assessed,
Sunless 01,12,16,1,A4,69,o,Godin band midpoint,1.098,close,A#3,11.5,not assessed,not assessed,not assessed,none,not assessed,short,repeated,0,yes,13,first,yes,not assessed,not assessed,
Sunless 01,12,16,2.5,F4,65,ɑ,Godin band midpoint,0.366,close,F4,0.5,not assessed,not assessed,not assessed,none,not assessed,short,leap-down,-4,no,13,middle,no,not assessed,not assessed,
Sunless 01,12,16,3,F4,65,ɑ,Godin band midpoint,0.366,close,F4,0.5,not assessed,not assessed,not assessed,none,not assessed,short,repeated,0,no,13,last,no,not assessed,not assessed,
Sunless 01,12,16,4,G4,67,o,Godin band midpoint,0.732,close,A#3,9.5,not assessed,not assessed,not assessed,none,not assessed,short,step,2,yes,14,first,yes,not assessed,not assessed,
Sunless 01,12,16,5,D4,62,ɑ,Godin band midpoint,0.732,open,F4,-2.5,not assessed,not assessed,not assessed,none,not assessed,short,leap-down,-5,no,14,middle,no,not assessed,not assessed,
Sunless 01,12,16,6,D4,62,ɑ,Godin band midpoint,0.366,open,F4,-2.5,not assessed,not assessed,not assessed,none,not assessed,short,repeated,0,no,14,last,no,not assessed,not assessed,
Sunless 01,12,17,1,E4,64,o,Godin band midpoint,1.463,close,A#3,6.5,not assessed,not assessed,not assessed,none,not assessed,short,step,2,yes,15,only,yes,not assessed,not assessed,
Sunless 01,12,17,4,E4,64,ʌ,Godin band midpoint,1.098,open,F4,-0.5,not assessed,not assessed,not assessed,none,not assessed,short,repeated,0,yes,16,first,no,not assessed,not assessed,
Sunless 01,12,17,5.5,E4,64,i,Godin band midpoint,1.098,close,G3,9,not assessed,not assessed,not assessed,none,not assessed,short,repeated,0,no,16,middle,no,not assessed,not assessed,
Sunless 01,12,18,1,F#4,66,o,Godin band midpoint,1.098,close,A#3,8.5,not assessed,not assessed,not assessed,none,not assessed,short,step,2,no,16,middle,yes,not assessed,not assessed,
Sunless 01,12,18,2.5,D4,62,ɑ,Godin band midpoint,0.366,open,F4,-2.5,not assessed,not assessed,not assessed,none,not assessed,short,leap-down,-4,no,16,middle,no,not assessed,not assessed,
Sunless 01,12,18,3,D4,62,ɑ,Godin band midpoint,0.732,open,F4,-2.5,not assessed,not assessed,not assessed,none,not assessed,short,repeated,0,no,16,last,no,not assessed,not assessed,
Sunless 02,12,1,2.5,A#4,70,i,Godin band midpoint,0.25,above,G3,15,not assessed,not assessed,not assessed,none,not assessed,short,first note,,,0,first,yes,not assessed,not assessed,
Sunless 02,12,2,1,A4,69,ɑ,Godin band midpoint,0.25,close,F4,4.5,not assessed,not assessed,not assessed,none,not assessed,short,step,-1,no,0,last,no,not assessed,not assessed,
Sunless 02,12,2,2,F#4,66,ɨ,not assessed,0.375,not assessed,not assessed,not assessed,not assessed,not assessed,not assessed,not assessed,not assessed,short,leap-down,-3,yes,1,first,yes,not assessed,not assessed,
Sunless 02,12,2,2.75,D4,62,ɑ,Godin band midpoint,0.125,open,F4,-2.5,not assessed,not assessed,not assessed,none,not assessed,short,leap-down,-4,no,1,middle,no,not assessed,not assessed,
Sunless 02,12,2,3,C#4,61,ɛ,Godin band midpoint,0.5,open,F4,-3.5,not assessed,not assessed,not assessed,none,not assessed,short,step,-1,no,1,middle,no,not assessed,not assessed,
Sunless 02,12,2,4,D4,62,ɪ,Godin band midpoint,0.25,close,A#3,4.5,not assessed,not assessed,not assessed,none,not assessed,short,step,1,no,1,middle,no,not assessed,not assessed,
Sunless 02,12,2,4.5,D4,62,u,Godin band midpoint,0.25,close,G3,7,not assessed,not assessed,not assessed,none,not assessed,short,repeated,0,no,1,middle,no,not assessed,not assessed,
Sunless 02,12,3,1,F#4,66,ɑ,Godin band midpoint,0.5,close,F4,1.5,not assessed,not assessed,not assessed,none,not assessed,short,leap-up,4,no,1,middle,yes,not assessed,not assessed,
Sunless 02,12,3,2,D4,62,ɑ,Godin band midpoint,0.25,open,F4,-2.5,not assessed,not assessed,not assessed,none,not assessed,short,leap-down,-4,no,1,last,no,not assessed,not assessed,
Sunless 02,12,3,2.75,D4,62,o,Godin band midpoint,0.125,close,A#3,4.5,not assessed,not assessed,not assessed,none,not assessed,short,repeated,0,yes,2,first,no,not assessed,not assessed,
Sunless 02,12,3,3,F4,65,ɑ,Godin band midpoint,0.167,close,F4,0.5,not assessed,not assessed,not assessed,none,not assessed,short,leap-up,3,no,2,middle,yes,not assessed,not assessed,
Sunless 02,12,3,3.333,D4,62,ɪ,Godin band midpoint,0.167,close,A#3,4.5,not assessed,not assessed,not assessed,none,not assessed,short,leap-down,-3,no,2,middle,no,not assessed,not assessed,
Sunless 02,12,3,3.667,F4,65,ɑ,Godin band midpoint,0.167,close,F4,0.5,not assessed,not assessed,not assessed,none,not assessed,short,leap-up,3,no,2,middle,yes,not assessed,not assessed,
Sunless 02,12,3,4,E4,64,ɑ,Godin band midpoint,0.167,open,F4,-0.5,not assessed,not assessed,not assessed,none,not assessed,short,step,-1,no,2,middle,no,not assessed,not assessed,
Sunless 02,12,3,4.333,E4,64,i,Godin band midpoint,0.167,close,G3,9,not assessed,not assessed,not assessed,none,not assessed,short,repeated,0,no,2,middle,no,not assessed,not assessed,
Sunless 02,12,3,4.667,F4,65,ɪ,Godin band midpoint,0.167,close,A#3,7.5,not assessed,not assessed,not assessed,none,not assessed,short,step,1,no,2,middle,yes,not assessed,not assessed,
Sunless 02,12,4,1,D4,62,o,Godin band midpoint,0.25,close,A#3,4.5,not assessed,not assessed,not assessed,none,not assessed,short,leap-down,-3,no,2,last,no,not assessed,not assessed,
Sunless 02,12,4,2,D4,62,o,Godin band midpoint,0.5,close,A#3,4.5,not assessed,not assessed,not assessed,none,not assessed,short,repeated,0,yes,3,first,no,not assessed,not assessed,
Sunless 02,12,4,3,C#4,61,u,Godin band midpoint,0.5,close,G3,6,not assessed,not assessed,not assessed,none,not assessed,short,step,-1,no,3,middle,no,not assessed,not assessed,
Sunless 02,12,4,4,C#4,61,ʌ,Godin band midpoint,0.375,open,F4,-3.5,not assessed,not assessed,not assessed,none,not assessed,short,repeated,0,no,3,middle,no,not assessed,not assessed,
Sunless 02,12,4,4.75,C#4,61,i,Godin band midpoint,0.125,close,G3,6,not assessed,not assessed,not assessed,none,not assessed,short,repeated,0,no,3,middle,no,not assessed,not assessed,
Sunless 02,12,5,1,G4,67,ɑ,Godin band midpoint,0.5,close,F4,2.5,not assessed,not assessed,not assessed,none,not assessed,short,leap-up,6,no,3,middle,yes,not assessed,not assessed,
Sunless 02,12,5,2,C4,60,ʌ,Godin band midpoint,0.375,open,F4,-4.5,not assessed,not assessed,not assessed,none,not assessed,short,leap-down,-7,no,3,middle,no,not assessed,not assessed,
Sunless 02,12,5,2.75,C4,60,ɛ,Godin band midpoint,0.125,open,F4,-4.5,not assessed,not assessed,not assessed,none,not assessed,short,repeated,0,no,3,middle,no,not assessed,not assessed,
Sunless 02,12,5,3,B3,59,ɑ,Godin band midpoint,0.5,open,F4,-5.5,not assessed,not assessed,not assessed,none,not assessed,short,step,-1,no,3,middle,no,not assessed,not assessed,
Sunless 02,12,5,4,A3,57,ʌ,Godin band midpoint,0.25,open,F4,-7.5,not assessed,not assessed,not assessed,3,not assessed,short,step,-2,no,3,last,no,not assessed,not assessed,
Sunless 02,12,5,4.75,A3,57,ɑ,Godin band midpoint,0.125,open,F4,-7.5,not assessed,not assessed,not assessed,3,not assessed,short,repeated,0,yes,4,first,no,not assessed,not assessed,
Sunless 02,12,6,1,D4,62,ɑ,Godin band midpoint,0.167,open,F4,-2.5,not assessed,not assessed,not assessed,none,not assessed,short,leap-up,5,no,4,middle,no,not assessed,not assessed,
Sunless 02,12,6,1.333,E4,64,u,Godin band midpoint,0.167,close,G3,9,not assessed,not assessed,not assessed,none,not assessed,short,step,2,no,4,middle,no,not assessed,not assessed,
Sunless 02,12,6,1.667,D4,62,ɑ,Godin band midpoint,0.167,open,F4,-2.5,not assessed,not assessed,not assessed,none,not assessed,short,step,-2,no,4,middle,no,not assessed,not assessed,
Sunless 02,12,6,2,A#4,70,i,Godin band midpoint,0.167,above,G3,15,not assessed,not assessed,not assessed,none,not assessed,short,leap-up,8,no,4,middle,yes,not assessed,not assessed,
Sunless 02,12,6,2.333,D4,62,ɑ,Godin band midpoint,0.167,open,F4,-2.5,not assessed,not assessed,not assessed,none,not assessed,short,leap-down,-8,no,4,middle,no,not assessed,not assessed,
Sunless 02,12,6,2.667,E4,64,ɪ,Godin band midpoint,0.167,close,A#3,6.5,not assessed,not assessed,not assessed,none,not assessed,short,step,2,no,4,middle,no,not assessed,not assessed,
Sunless 02,12,6,3,F4,65,o,Godin band midpoint,0.5,close,A#3,7.5,not assessed,not assessed,not assessed,none,not assessed,short,step,1,no,4,last,no,not assessed,not assessed,
Sunless 02,12,6,4.5,F4,65,o,Godin band midpoint,0.25,close,A#3,7.5,not assessed,not assessed,not assessed,none,not assessed,short,repeated,0,yes,5,first,no,not assessed,not assessed,
Sunless 02,12,7,1,G4,67,ɨ,not assessed,0.167,not assessed,not assessed,not assessed,not assessed,not assessed,not assessed,not assessed,not assessed,short,step,2,no,5,middle,no,not assessed,not assessed,
Sunless 02,12,7,1.333,D4,62,ʌ,Godin band midpoint,0.167,open,F4,-2.5,not assessed,not assessed,not assessed,none,not assessed,short,leap-down,-5,no,5,middle,no,not assessed,not assessed,
Sunless 02,12,7,1.667,E4,64,ɑ,Godin band midpoint,0.167,open,F4,-0.5,not assessed,not assessed,not assessed,none,not assessed,short,step,2,no,5,middle,no,not assessed,not assessed,
Sunless 02,12,7,2,G4,67,o,Godin band midpoint,0.167,close,A#3,9.5,not assessed,not assessed,not assessed,none,not assessed,short,leap-up,3,no,5,middle,no,not assessed,not assessed,
Sunless 02,12,7,2.333,E4,64,i,Godin band midpoint,0.167,close,G3,9,not assessed,not assessed,not assessed,none,not assessed,short,leap-down,-3,no,5,middle,no,not assessed,not assessed,
Sunless 02,12,7,2.667,G4,67,ɑ,Godin band midpoint,0.167,close,F4,2.5,not assessed,not assessed,not assessed,none,not assessed,short,leap-up,3,no,5,middle,no,not assessed,not assessed,
Sunless 02,12,7,3,A4,69,e,Godin band midpoint,0.25,close,A#3,11.5,not assessed,not assessed,not assessed,none,not assessed,short,step,2,no,5,middle,yes,not assessed,not assessed,
Sunless 02,12,7,3.5,E4,64,ɪ,Godin band midpoint,0.25,close,A#3,6.5,not assessed,not assessed,not assessed,none,not assessed,short,leap-down,-5,no,5,last,no,not assessed,not assessed,
Sunless 02,12,7,4.75,A4,69,o,Godin band midpoint,0.125,close,A#3,11.5,not assessed,not assessed,not assessed,none,not assessed,short,leap-up,5,yes,6,first,no,not assessed,not assessed,
Sunless 02,12,8,1,A#4,70,e,Godin band midpoint,0.5,above,A#3,12.5,not assessed,not assessed,not assessed,none,not assessed,short,step,1,no,6,middle,yes,not assessed,not assessed,
Sunless 02,12,8,2,F4,65,ɛ,Godin band midpoint,0.25,close,F4,0.5,not assessed,not assessed,not assessed,none,not assessed,short,leap-down,-5,no,6,last,no,not assessed,not assessed,
Sunless 02,12,8,2.75,F4,65,ɑ,Godin band midpoint,0.125,close,F4,0.5,not assessed,not assessed,not assessed,none,not assessed,short,repeated,0,yes,7,first,no,not assessed,not assessed,
Sunless 02,12,8,3,G4,67,o,Godin band midpoint,0.167,close,A#3,9.5,not assessed,not assessed,not assessed,none,not assessed,short,step,2,no,7,middle,no,not assessed,not assessed,
Sunless 02,12,8,3.333,D4,62,i,Godin band midpoint,0.167,close,G3,7,not assessed,not assessed,not assessed,none,not assessed,short,leap-down,-5,no,7,middle,no,not assessed,not assessed,
Sunless 02,12,8,3.667,E4,64,i,Godin band midpoint,0.167,close,G3,9,not assessed,not assessed,not assessed,none,not assessed,short,step,2,no,7,middle,no,not assessed,not assessed,
Sunless 02,12,8,4,A#4,70,o,Godin band midpoint,0.5,above,A#3,12.5,not assessed,not assessed,not assessed,none,not assessed,short,leap-up,6,no,7,middle,no,not assessed,not assessed,
Sunless 02,12,9,1,D#5,75,e,Godin band midpoint,0.5,above,A#3,17.5,not assessed,not assessed,not assessed,none,not assessed,short,leap-up,5,no,7,middle,yes,not assessed,not assessed,
Sunless 02,12,9,2,D5,74,o,Godin band midpoint,0.167,above,A#3,16.5,not assessed,not assessed,not assessed,none,not assessed,short,step,-1,no,7,middle,no,not assessed,not assessed,
Sunless 02,12,9,2.333,C#5,73,ʌ,Godin band midpoint,0.167,close,F4,8.5,not assessed,not assessed,not assessed,none,not assessed,short,step,-1,no,7,middle,no,not assessed,not assessed,
Sunless 02,12,9,2.667,D5,74,u,Godin band midpoint,0.167,above,G3,19,not assessed,not assessed,not assessed,none,not assessed,short,step,1,no,7,middle,no,not assessed,not assessed,
Sunless 02,12,9,3,C5,72,i,Godin band midpoint,0.333,above,G3,17,not assessed,not assessed,not assessed,none,not assessed,short,step,-2,no,7,middle,no,not assessed,not assessed,
Sunless 02,12,9,3.667,B4,71,ʌ,Godin band midpoint,0.333,close,F4,6.5,not assessed,not assessed,not assessed,none,not assessed,short,step,-1,no,7,middle,no,not assessed,not assessed,
Sunless 02,12,9,4.333,G4,67,ɑ,Godin band midpoint,0.333,close,F4,2.5,not assessed,not assessed,not assessed,none,not assessed,short,leap-down,-4,no,7,middle,no,not assessed,not assessed,
Sunless 02,12,10,1,A#4,70,e,Godin band midpoint,0.5,above,A#3,12.5,not assessed,not assessed,not assessed,none,not assessed,short,leap-up,3,no,7,middle,no,not assessed,not assessed,
Sunless 02,12,10,2,G#4,68,ɪ,Godin band midpoint,0.25,close,A#3,10.5,not assessed,not assessed,not assessed,none,not assessed,short,step,-2,no,7,last,no,not assessed,not assessed,
Sunless 02,12,10,3,A#4,70,u,Godin band midpoint,1,above,G3,15,not assessed,not assessed,not assessed,none,not assessed,short,step,2,yes,8,first,yes,not assessed,not assessed,
Sunless 02,12,11,1,A4,69,o,Godin band midpoint,0.5,close,A#3,11.5,not assessed,not assessed,not assessed,none,not assessed,short,step,-1,no,8,middle,no,not assessed,not assessed,
Sunless 02,12,11,2,F4,65,i,Godin band midpoint,0.25,close,G3,10,not assessed,not assessed,not assessed,none,not assessed,short,leap-down,-4,no,8,last,no,not assessed,not assessed,
Sunless 02,12,11,2.75,D4,62,ɑ,Godin band midpoint,0.125,open,F4,-2.5,not assessed,not assessed,not assessed,none,not assessed,short,leap-down,-3,yes,9,first,no,not assessed,not assessed,
Sunless 02,12,11,3,C#4,61,e,Godin band midpoint,0.5,close,A#3,3.5,not assessed,not assessed,not assessed,none,not assessed,short,step,-1,no,9,middle,no,not assessed,not assessed,
Sunless 02,12,11,4,D4,62,ɑ,Godin band midpoint,0.25,open,F4,-2.5,not assessed,not assessed,not assessed,none,not assessed,short,step,1,no,9,middle,no,not assessed,not assessed,
Sunless 02,12,11,4.5,D4,62,i,Godin band midpoint,0.25,close,G3,7,not assessed,not assessed,not assessed,none,not assessed,short,repeated,0,no,9,middle,no,not assessed,not assessed,
Sunless 02,12,12,1,A#4,70,o,Godin band midpoint,0.5,above,A#3,12.5,not assessed,not assessed,not assessed,none,not assessed,short,leap-up,8,no,9,last,yes,not assessed,not assessed,
Sunless 03,12,1,2,C5,72,ɑ,Godin band midpoint,0.612,close,F4,7.5,not assessed,not assessed,not assessed,none,not assessed,short,first note,,,0,first,yes,not assessed,not assessed,
Sunless 03,12,2,1,C5,72,o,Godin band midpoint,0.918,above,A#3,14.5,not assessed,not assessed,not assessed,none,not assessed,short,repeated,0,no,0,middle,yes,not assessed,not assessed,
Sunless 03,12,2,2.5,D4,62,ɪ,Godin band midpoint,0.306,close,A#3,4.5,not assessed,not assessed,not assessed,none,not assessed,short,leap-down,-10,no,0,middle,no,not assessed,not assessed,
Sunless 03,12,2,3,E4,64,ɑ,Godin band midpoint,0.612,open,F4,-0.5,not assessed,not assessed,not assessed,none,not assessed,short,step,2,no,0,middle,no,not assessed,not assessed,
Sunless 03,12,2,4,C4,60,ɨ,not assessed,0.306,not assessed,not assessed,not assessed,not assessed,not assessed,not assessed,not assessed,not assessed,short,leap-down,-4,no,0,last,no,not assessed,not assessed,
Sunless 03,12,3,1,G#4,68,u,Godin band midpoint,0.918,above,G3,13,not assessed,not assessed,not assessed,none,not assessed,short,leap-up,8,yes,1,first,yes,not assessed,not assessed,
Sunless 03,12,3,2.5,G#4,68,ɨ,not assessed,0.306,not assessed,not assessed,not assessed,not assessed,not assessed,not assessed,not assessed,not assessed,short,repeated,0,no,1,middle,yes,not assessed,not assessed,
Sunless 03,12,3,3,G4,67,e,Godin band midpoint,0.612,close,A#3,9.5,not assessed,not assessed,not assessed,none,not assessed,short,step,-1,no,1,last,no,not assessed,not assessed,
Sunless 03,12,4,1.5,G4,67,u,Godin band midpoint,0.306,crossing,G3,12,not assessed,not assessed,not assessed,none,not assessed,short,repeated,0,yes,2,first,yes,not assessed,not assessed,
Sunless 03,12,4,2,G4,67,ɑ,Godin band midpoint,0.306,close,F4,2.5,not assessed,not assessed,not assessed,none,not assessed,short,repeated,0,no,2,middle,yes,not assessed,not assessed,
Sunless 03,12,4,2.5,G4,67,ɑ,Godin band midpoint,0.306,close,F4,2.5,not assessed,not assessed,not assessed,none,not assessed,short,repeated,0,no,2,middle,yes,not assessed,not assessed,
Sunless 03,12,4,3,C4,60,ɨ,not assessed,0.918,not assessed,not assessed,not assessed,not assessed,not assessed,not assessed,not assessed,not assessed,short,leap-down,-7,no,2,middle,no,not assessed,not assessed,
Sunless 03,12,4,4.5,C4,60,u,Godin band midpoint,0.306,close,G3,5,not assessed,not assessed,not assessed,none,not assessed,short,repeated,0,no,2,middle,no,not assessed,not assessed,
Sunless 03,12,5,1,D4,62,o,Godin band midpoint,0.612,close,A#3,4.5,not assessed,not assessed,not assessed,none,not assessed,short,step,2,no,2,middle,no,not assessed,not assessed,
Sunless 03,12,5,2,D4,62,u,Godin band midpoint,0.306,close,G3,7,not assessed,not assessed,not assessed,none,not assessed,short,repeated,0,no,2,last,no,not assessed,not assessed,
Sunless 03,12,5,3,E4,64,ɛ,Godin band midpoint,0.612,open,F4,-0.5,not assessed,not assessed,not assessed,none,not assessed,short,step,2,yes,3,first,yes,not assessed,not assessed,
Sunless 03,12,5,4,C4,60,ɪ,Godin band midpoint,0.306,close,A#3,2.5,not assessed,not assessed,not assessed,none,not assessed,short,leap-down,-4,no,3,last,no,not assessed,not assessed,
Sunless 03,12,6,1,A4,69,o,Godin band midpoint,1.224,close,A#3,11.5,not assessed,not assessed,not assessed,none,not assessed,short,leap-up,9,yes,4,first,yes,not assessed,not assessed,
Sunless 03,12,6,3,F4,65,i,Godin band midpoint,0.612,close,G3,10,not assessed,not assessed,not assessed,none,not assessed,short,leap-down,-4,no,4,middle,no,not assessed,not assessed,
Sunless 03,12,6,4,F4,65,ʌ,Godin band midpoint,0.306,close,F4,0.5,not assessed,not assessed,not assessed,none,not assessed,short,repeated,0,no,4,last,no,not assessed,not assessed,
Sunless 03,12,7,1,F4,65,ɑ,Godin band midpoint,0.459,close,F4,0.5,not assessed,not assessed,not assessed,none,not assessed,short,repeated,0,yes,5,first,no,not assessed,not assessed,
Sunless 03,12,7,1.75,F#4,66,ʌ,Godin band midpoint,0.153,close,F4,1.5,not assessed,not assessed,not assessed,none,not assessed,short,step,1,no,5,middle,no,not assessed,not assessed,
Sunless 03,12,7,2,G#4,68,o,Godin band midpoint,0.306,close,A#3,10.5,not assessed,not assessed,not assessed,none,not assessed,short,step,2,no,5,middle,no,not assessed,not assessed,
Sunless 03,12,7,2.5,C#5,73,i,Godin band midpoint,0.306,above,G3,18,not assessed,not assessed,not assessed,none,not assessed,short,leap-up,5,no,5,middle,yes,not assessed,not assessed,
Sunless 03,12,7,3,A#4,70,e,Godin band midpoint,0.459,above,A#3,12.5,not assessed,not assessed,not assessed,none,not assessed,short,leap-down,-3,no,5,middle,no,not assessed,not assessed,
Sunless 03,12,7,3.75,A#4,70,ɑ,Godin band midpoint,0.153,close,F4,5.5,not assessed,not assessed,not assessed,none,not assessed,short,repeated,0,no,5,middle,no,not assessed,not assessed,
Sunless 03,12,7,4,A#4,70,i,Godin band midpoint,0.306,above,G3,15,not assessed,not assessed,not assessed,none,not assessed,short,repeated,0,no,5,middle,no,not assessed,not assessed,
Sunless 03,12,7,4.5,A#4,70,u,Godin band midpoint,0.306,above,G3,15,not assessed,not assessed,not assessed,none,not assessed,short,repeated,0,no,5,middle,no,not assessed,not assessed,
Sunless 03,12,8,1,B4,71,a,Godin band midpoint,0.918,close,G#4,3.5,not assessed,not assessed,not assessed,none,not assessed,short,step,1,no,5,middle,no,not assessed,not assessed,
Sunless 03,12,8,2.5,G4,67,u,Godin band midpoint,0.306,crossing,G3,12,not assessed,not assessed,not assessed,none,not assessed,short,leap-down,-4,no,5,middle,no,not assessed,not assessed,
Sunless 03,12,8,3,G4,67,u,Godin band midpoint,0.612,crossing,G3,12,not assessed,not assessed,not assessed,none,not assessed,short,repeated,0,no,5,middle,no,not assessed,not assessed,
Sunless 03,12,8,4,G4,67,ɑ,Godin band midpoint,0.612,close,F4,2.5,not assessed,not assessed,not assessed,none,not assessed,short,repeated,0,no,5,middle,no,not assessed,not assessed,
Sunless 03,12,9,1,G4,67,ɛ,Godin band midpoint,0.612,close,F4,2.5,not assessed,not assessed,not assessed,none,not assessed,short,repeated,0,no,5,middle,no,not assessed,not assessed,
Sunless 03,12,9,2,C4,60,ɪ,Godin band midpoint,0.612,close,A#3,2.5,not assessed,not assessed,not assessed,none,not assessed,short,leap-down,-7,no,5,last,no,not assessed,not assessed,
Sunless 03,12,9,4.5,C5,72,o,Godin band midpoint,0.306,above,A#3,14.5,not assessed,not assessed,not assessed,none,not assessed,short,leap-up,12,yes,6,first,yes,not assessed,not assessed,
Sunless 03,12,10,1,G#4,68,o,Godin band midpoint,0.918,close,A#3,10.5,not assessed,not assessed,not assessed,none,not assessed,short,leap-down,-4,no,6,middle,no,not assessed,not assessed,
Sunless 03,12,10,2.5,B3,59,ɑ,Godin band midpoint,0.306,open,F4,-5.5,not assessed,not assessed,not assessed,none,not assessed,short,leap-down,-9,no,6,middle,no,not assessed,not assessed,
Sunless 03,12,10,3,D4,62,ɑ,Godin band midpoint,0.306,open,F4,-2.5,not assessed,not assessed,not assessed,none,not assessed,short,leap-up,3,no,6,middle,no,not assessed,not assessed,
Sunless 03,12,10,3.5,G#4,68,ɑ,Godin band midpoint,0.306,close,F4,3.5,not assessed,not assessed,not assessed,none,not assessed,short,leap-up,6,no,6,middle,no,not assessed,not assessed,
Sunless 03,12,10,4,G4,67,i,Godin band midpoint,0.306,crossing,G3,12,not assessed,not assessed,not assessed,none,not assessed,short,step,-1,no,6,middle,no,not assessed,not assessed,
Sunless 03,12,10,4.5,F4,65,ɪ,Godin band midpoint,0.306,close,A#3,7.5,not assessed,not assessed,not assessed,none,not assessed,short,step,-2,no,6,middle,no,not assessed,not assessed,
Sunless 03,12,11,1,E4,64,ɨ,not assessed,0.306,not assessed,not assessed,not assessed,not assessed,not assessed,not assessed,not assessed,not assessed,short,step,-1,no,6,last,no,not assessed,not assessed,
Sunless 03,12,11,3.5,E4,64,i,Godin band midpoint,0.306,close,G3,9,not assessed,not assessed,not assessed,none,not assessed,short,repeated,0,yes,7,first,no,not assessed,not assessed,
Sunless 03,12,11,4,E4,64,i,Godin band midpoint,0.306,close,G3,9,not assessed,not assessed,not assessed,none,not assessed,short,repeated,0,no,7,middle,no,not assessed,not assessed,
Sunless 03,12,11,4.5,G4,67,u,Godin band midpoint,0.306,crossing,G3,12,not assessed,not assessed,not assessed,none,not assessed,short,leap-up,3,no,7,middle,no,not assessed,not assessed,
Sunless 03,12,12,1,F#4,66,ɑ,Godin band midpoint,0.918,close,F4,1.5,not assessed,not assessed,not assessed,none,not assessed,short,step,-1,no,7,middle,no,not assessed,not assessed,
Sunless 03,12,12,2.5,F#4,66,i,Godin band midpoint,0.306,close,G3,11,not assessed,not assessed,not assessed,none,not assessed,short,repeated,0,no,7,middle,no,not assessed,not assessed,
Sunless 03,12,12,3,B4,71,o,Godin band midpoint,0.918,above,A#3,13.5,not assessed,not assessed,not assessed,none,not assessed,short,leap-up,5,no,7,middle,yes,not assessed,not assessed,
Sunless 03,12,12,4.5,A4,69,i,Godin band midpoint,0.306,above,G3,14,not assessed,not assessed,not assessed,none,not assessed,short,step,-2,no,7,middle,no,not assessed,not assessed,
Sunless 03,12,13,1,G4,67,i,Godin band midpoint,0.612,crossing,G3,12,not assessed,not assessed,not assessed,none,not assessed,short,step,-2,no,7,middle,no,not assessed,not assessed,
Sunless 03,12,13,2,F#4,66,ɨ,not assessed,0.306,not assessed,not assessed,not assessed,not assessed,not assessed,not assessed,not assessed,not assessed,short,step,-1,no,7,last,no,not assessed,not assessed,
Sunless 03,12,13,3.5,F4,65,ʌ,Godin band midpoint,0.306,close,F4,0.5,not assessed,not assessed,not assessed,none,not assessed,short,step,-1,yes,8,first,no,not assessed,not assessed,
Sunless 03,12,13,4,E4,64,ʌ,Godin band midpoint,0.306,open,F4,-0.5,not assessed,not assessed,not assessed,none,not assessed,short,step,-1,no,8,middle,no,not assessed,not assessed,
Sunless 03,12,13,4.5,E4,64,ɑ,Godin band midpoint,0.306,open,F4,-0.5,not assessed,not assessed,not assessed,none,not assessed,short,repeated,0,no,8,middle,no,not assessed,not assessed,
Sunless 03,12,14,1,D#4,63,e,Godin band midpoint,0.306,close,A#3,5.5,not assessed,not assessed,not assessed,none,not assessed,short,step,-1,no,8,middle,no,not assessed,not assessed,
Sunless 03,12,14,1.5,D#4,63,i,Godin band midpoint,0.306,close,G3,8,not assessed,not assessed,not assessed,none,not assessed,short,repeated,0,no,8,middle,no,not assessed,not assessed,
Sunless 03,12,14,2,F#4,66,ɪ,Godin band midpoint,0.306,close,A#3,8.5,not assessed,not assessed,not assessed,none,not assessed,short,leap-up,3,no,8,middle,no,not assessed,not assessed,
Sunless 03,12,14,2.5,F#4,66,e,Godin band midpoint,0.306,close,A#3,8.5,not assessed,not assessed,not assessed,none,not assessed,short,repeated,0,no,8,middle,no,not assessed,not assessed,
Sunless 03,12,14,3,G#4,68,i,Godin band midpoint,0.306,above,G3,13,not assessed,not assessed,not assessed,none,not assessed,short,step,2,no,8,last,yes,not assessed,not assessed,
Sunless 03,12,14,4,G#4,68,ɑ,Godin band midpoint,0.612,close,F4,3.5,not assessed,not assessed,not assessed,none,not assessed,short,repeated,0,yes,9,first,no,not assessed,not assessed,
Sunless 03,12,15,1,A#4,70,o,Godin band midpoint,0.918,above,A#3,12.5,not assessed,not assessed,not assessed,none,not assessed,short,step,2,no,9,middle,no,not assessed,not assessed,
Sunless 03,12,15,2.5,A#4,70,u,Godin band midpoint,0.306,above,G3,15,not assessed,not assessed,not assessed,none,not assessed,short,repeated,0,no,9,middle,no,not assessed,not assessed,
Sunless 03,12,15,3,B4,71,ɑ,Godin band midpoint,0.459,close,F4,6.5,not assessed,not assessed,not assessed,none,not assessed,short,step,1,no,9,middle,yes,not assessed,not assessed,
Sunless 03,12,15,3.75,G4,67,ɪ,Godin band midpoint,0.153,close,A#3,9.5,not assessed,not assessed,not assessed,none,not assessed,short,leap-down,-4,no,9,middle,no,not assessed,not assessed,
Sunless 03,12,15,4,D4,62,ɨ,not assessed,0.306,not assessed,not assessed,not assessed,not assessed,not assessed,not assessed,not assessed,not assessed,short,leap-down,-5,no,9,middle,no,not assessed,not assessed,
Sunless 03,12,15,4.5,D4,62,ɑ,Godin band midpoint,0.306,open,F4,-2.5,not assessed,not assessed,not assessed,none,not assessed,short,repeated,0,no,9,middle,no,not assessed,not assessed,
Sunless 03,12,16,1,E4,64,i,Godin band midpoint,0.612,close,G3,9,not assessed,not assessed,not assessed,none,not assessed,short,step,2,no,9,middle,no,not assessed,not assessed,
Sunless 03,12,16,2,C4,60,ɨ,not assessed,0.306,not assessed,not assessed,not assessed,not assessed,not assessed,not assessed,not assessed,not assessed,short,leap-down,-4,no,9,last,no,not assessed,not assessed,
Sunless 03,12,16,3.5,G4,67,ɑ,Godin band midpoint,0.306,close,F4,2.5,not assessed,not assessed,not assessed,none,not assessed,short,leap-up,7,yes,10,first,no,not assessed,not assessed,
Sunless 03,12,16,4,C5,72,u,Godin band midpoint,0.306,above,G3,17,not assessed,not assessed,not assessed,none,not assessed,short,leap-up,5,no,10,middle,yes,not assessed,not assessed,
Sunless 03,12,16,4.5,G4,67,ʌ,Godin band midpoint,0.306,close,F4,2.5,not assessed,not assessed,not assessed,none,not assessed,short,leap-down,-5,no,10,middle,no,not assessed,not assessed,
Sunless 03,12,17,1,A#4,70,o,Godin band midpoint,0.816,above,A#3,12.5,not assessed,not assessed,not assessed,none,not assessed,short,leap-up,3,no,10,middle,no,not assessed,not assessed,
Sunless 03,12,17,2.333,A#4,70,ɨ,not assessed,0.408,not assessed,not assessed,not assessed,not assessed,not assessed,not assessed,not assessed,not assessed,short,repeated,0,no,10,middle,no,not assessed,not assessed,
Sunless 03,12,17,3,G#4,68,ɑ,Godin band midpoint,0.816,close,F4,3.5,not assessed,not assessed,not assessed,none,not assessed,short,step,-2,no,10,middle,no,not assessed,not assessed,
Sunless 03,12,17,4.333,B4,71,ɑ,Godin band midpoint,0.408,close,F4,6.5,not assessed,not assessed,not assessed,none,not assessed,short,leap-up,3,no,10,middle,no,not assessed,not assessed,
Sunless 03,12,18,1,G#4,68,ɑ,Godin band midpoint,0.816,close,F4,3.5,not assessed,not assessed,not assessed,none,not assessed,short,leap-down,-3,no,10,middle,no,not assessed,not assessed,
Sunless 03,12,18,2.333,G#4,68,ɑ,Godin band midpoint,0.408,close,F4,3.5,not assessed,not assessed,not assessed,none,not assessed,short,tie,0,no,10,last,no,not assessed,not assessed,
Sunless 03,12,18,4.333,G4,67,i,Godin band midpoint,0.408,crossing,G3,12,not assessed,not assessed,not assessed,none,not assessed,short,step,-1,yes,11,first,no,not assessed,not assessed,
Sunless 03,12,19,1,A#4,70,e,Godin band midpoint,0.816,above,A#3,12.5,not assessed,not assessed,not assessed,none,not assessed,short,leap-up,3,no,11,middle,no,not assessed,not assessed,
Sunless 03,12,19,2.333,A#4,70,i,Godin band midpoint,0.408,above,G3,15,not assessed,not assessed,not assessed,none,not assessed,short,repeated,0,no,11,middle,no,not assessed,not assessed,
Sunless 03,12,19,3,G#4,68,ɑ,Godin band midpoint,0.816,close,F4,3.5,not assessed,not assessed,not assessed,none,not assessed,short,step,-2,no,11,middle,no,not assessed,not assessed,
Sunless 03,12,19,4.333,B4,71,ɨ,not assessed,0.408,not assessed,not assessed,not assessed,not assessed,not assessed,not assessed,not assessed,not assessed,short,leap-up,3,no,11,middle,yes,not assessed,not assessed,
Sunless 03,12,20,1,G#4,68,o,Godin band midpoint,0.816,close,A#3,10.5,not assessed,not assessed,not assessed,none,not assessed,short,leap-down,-3,no,11,middle,no,not assessed,not assessed,
Sunless 03,12,20,2.333,G#4,68,i,Godin band midpoint,0.408,above,G3,13,not assessed,not assessed,not assessed,none,not assessed,short,repeated,0,no,11,middle,no,not assessed,not assessed,
Sunless 03,12,20,3,F4,65,e,Godin band midpoint,0.408,close,A#3,7.5,not assessed,not assessed,not assessed,none,not assessed,short,leap-down,-3,no,11,middle,no,not assessed,not assessed,
Sunless 03,12,20,3.667,G4,67,i,Godin band midpoint,0.204,crossing,G3,12,not assessed,not assessed,not assessed,none,not assessed,short,step,2,no,11,last,no,not assessed,not assessed,
Sunless 03,12,20,4.333,G4,67,u,Godin band midpoint,0.408,crossing,G3,12,not assessed,not assessed,not assessed,none,not assessed,short,repeated,0,yes,12,first,no,not assessed,not assessed,
Sunless 03,12,21,1,G#4,68,ɨ,not assessed,0.816,not assessed,not assessed,not assessed,not assessed,not assessed,not assessed,not assessed,not assessed,short,step,1,no,12,middle,no,not assessed,not assessed,
Sunless 03,12,21,2.333,G#4,68,ɑ,Godin band midpoint,0.408,close,F4,3.5,not assessed,not assessed,not assessed,none,not assessed,short,repeated,0,no,12,middle,no,not assessed,not assessed,
Sunless 03,12,21,3,F4,65,ʌ,Godin band midpoint,0.816,close,F4,0.5,not assessed,not assessed,not assessed,none,not assessed,short,leap-down,-3,no,12,middle,no,not assessed,not assessed,
Sunless 03,12,21,4.333,G4,67,ɪ,Godin band midpoint,0.408,close,A#3,9.5,not assessed,not assessed,not assessed,none,not assessed,short,step,2,no,12,middle,no,not assessed,not assessed,
Sunless 03,12,22,1,G#4,68,ɑ,Godin band midpoint,0.816,close,F4,3.5,not assessed,not assessed,not assessed,none,not assessed,short,step,1,no,12,middle,no,not assessed,not assessed,
Sunless 03,12,22,2.333,G#4,68,u,Godin band midpoint,0.408,above,G3,13,not assessed,not assessed,not assessed,none,not assessed,short,repeated,0,no,12,middle,no,not assessed,not assessed,
Sunless 03,12,22,3,F4,65,ɑ,Godin band midpoint,0.816,close,F4,0.5,not assessed,not assessed,not assessed,none,not assessed,short,leap-down,-3,no,12,middle,no,not assessed,not assessed,
Sunless 03,12,22,4.333,G4,67,ɑ,Godin band midpoint,0.408,close,F4,2.5,not assessed,not assessed,not assessed,none,not assessed,short,step,2,no,12,middle,no,not assessed,not assessed,
Sunless 03,12,23,1,C5,72,ɛ,Godin band midpoint,0.408,close,F4,7.5,not assessed,not assessed,not assessed,none,not assessed,short,leap-up,5,no,12,middle,yes,not assessed,not assessed,
Sunless 03,12,23,1.667,C5,72,ɛ,Godin band midpoint,0.204,close,F4,7.5,not assessed,not assessed,not assessed,none,not assessed,short,tie,0,no,12,last,yes,not assessed,not assessed,
Sunless 03,12,23,2.333,G#4,68,ɑ,Godin band midpoint,0.408,close,F4,3.5,not assessed,not assessed,not assessed,none,not assessed,short,leap-down,-4,yes,13,first,no,not assessed,not assessed,
Sunless 03,12,23,3,B4,71,ɨ,not assessed,0.408,not assessed,not assessed,not assessed,not assessed,not assessed,not assessed,not assessed,not assessed,short,leap-up,3,no,13,middle,yes,not assessed,not assessed,
Sunless 03,12,23,3.667,G4,67,ʌ,Godin band midpoint,0.408,close,F4,2.5,not assessed,not assessed,not assessed,none,not assessed,short,leap-down,-4,no,13,last,no,not assessed,not assessed,
Sunless 03,12,24,1.667,F4,65,ɑ,Godin band midpoint,0.408,close,F4,0.5,not assessed,not assessed,not assessed,none,not assessed,short,step,-2,yes,14,first,no,not assessed,not assessed,
Sunless 03,12,24,2.333,F4,65,u,Godin band midpoint,0.408,close,G3,10,not assessed,not assessed,not assessed,none,not assessed,short,repeated,0,no,14,middle,no,not assessed,not assessed,
Sunless 03,12,24,3,G#4,68,e,Godin band midpoint,0.816,close,A#3,10.5,not assessed,not assessed,not assessed,none,not assessed,short,leap-up,3,no,14,middle,yes,not assessed,not assessed,
Sunless 03,12,24,4.333,G4,67,i,Godin band midpoint,0.204,crossing,G3,12,not assessed,not assessed,not assessed,none,not assessed,short,step,-1,no,14,last,no,not assessed,not assessed,
Sunless 03,12,24,4.833,D4,62,u,Godin band midpoint,0.102,close,G3,7,not assessed,not assessed,not assessed,none,not assessed,short,leap-down,-5,yes,15,first,yes,not assessed,not assessed,
Sunless 03,12,25,1,C4,60,ɨ,not assessed,0.306,not assessed,not assessed,not assessed,not assessed,not assessed,not assessed,not assessed,not assessed,short,step,-2,no,15,last,no,not assessed,not assessed,
Sunless 03,12,25,2.5,C4,60,o,Godin band midpoint,0.306,close,A#3,2.5,not assessed,not assessed,not assessed,none,not assessed,short,repeated,0,yes,16,first,no,not assessed,not assessed,
Sunless 03,12,25,3,F#4,66,i,Godin band midpoint,0.306,close,G3,11,not assessed,not assessed,not assessed,none,not assessed,short,leap-up,6,no,16,middle,yes,not assessed,not assessed,
Sunless 03,12,25,3.5,D#4,63,ɑ,Godin band midpoint,0.306,open,F4,-1.5,not assessed,not assessed,not assessed,none,not assessed,short,leap-down,-3,no,16,middle,no,not assessed,not assessed,
Sunless 03,12,25,4,D4,62,i,Godin band midpoint,0.306,close,G3,7,not assessed,not assessed,not assessed,none,not assessed,short,step,-1,no,16,middle,no,not assessed,not assessed,
Sunless 03,12,25,4.5,D#4,63,ɑ,Godin band midpoint,0.306,open,F4,-1.5,not assessed,not assessed,not assessed,none,not assessed,short,step,1,no,16,middle,no,not assessed,not assessed,
Sunless 03,12,26,1,C4,60,i,Godin band midpoint,0.612,close,G3,5,not assessed,not assessed,not assessed,none,not assessed,short,leap-down,-3,no,16,last,no,not assessed,not assessed,
Sunless 03,12,26,2.5,C4,60,ɛ,Godin band midpoint,0.306,open,F4,-4.5,not assessed,not assessed,not assessed,none,not assessed,short,repeated,0,yes,17,first,no,not assessed,not assessed,
Sunless 03,12,26,3,C5,72,u,Godin band midpoint,0.918,above,G3,17,not assessed,not assessed,not assessed,none,not assessed,short,leap-up,12,no,17,middle,yes,not assessed,not assessed,
Sunless 03,12,26,4.5,D4,62,ʌ,Godin band midpoint,0.306,open,F4,-2.5,not assessed,not assessed,not assessed,none,not assessed,short,leap-down,-10,no,17,middle,no,not assessed,not assessed,
Sunless 03,12,27,1,E4,64,o,Godin band midpoint,0.306,close,A#3,6.5,not assessed,not assessed,not assessed,none,not assessed,short,step,2,no,17,middle,no,not assessed,not assessed,
Sunless 03,12,27,1.5,E4,64,ʌ,Godin band midpoint,0.306,open,F4,-0.5,not assessed,not assessed,not assessed,none,not assessed,short,repeated,0,no,17,middle,no,not assessed,not assessed,
Sunless 03,12,27,2,D4,62,i,Godin band midpoint,0.306,close,G3,7,not assessed,not assessed,not assessed,none,not assessed,short,step,-2,no,17,middle,no,not assessed,not assessed,
Sunless 03,12,27,2.5,C4,60,ɑ,Godin band midpoint,0.306,open,F4,-4.5,not assessed,not assessed,not assessed,none,not assessed,short,step,-2,no,17,middle,no,not assessed,not assessed,
Sunless 03,12,27,3,G#4,68,o,Godin band midpoint,0.612,close,A#3,10.5,not assessed,not assessed,not assessed,none,not assessed,short,leap-up,8,no,17,middle,no,not assessed,not assessed,
Sunless 03,12,27,4,F4,65,u,Godin band midpoint,0.306,close,G3,10,not assessed,not assessed,not assessed,none,not assessed,short,leap-down,-3,no,17,last,no,not assessed,not assessed,
Sunless 03,12,27,4.75,F4,65,i,Godin band midpoint,0.153,close,G3,10,not assessed,not assessed,not assessed,none,not assessed,short,repeated,0,yes,18,first,no,not assessed,not assessed,
Sunless 03,12,28,1,C5,72,u,Godin band midpoint,0.816,above,G3,17,not assessed,not assessed,not assessed,none,not assessed,short,leap-up,7,no,18,middle,yes,not assessed,not assessed,
Sunless 03,12,28,2.333,B4,71,i,Godin band midpoint,0.408,above,G3,16,not assessed,not assessed,not assessed,none,not assessed,short,step,-1,no,18,middle,no,not assessed,not assessed,
Sunless 03,12,28,3,G#4,68,ɑ,Godin band midpoint,0.816,close,F4,3.5,not assessed,not assessed,not assessed,none,not assessed,short,leap-down,-3,no,18,middle,no,not assessed,not assessed,
Sunless 03,12,28,4.333,G4,67,ʌ,Godin band midpoint,0.408,close,F4,2.5,not assessed,not assessed,not assessed,none,not assessed,short,step,-1,no,18,middle,no,not assessed,not assessed,
Sunless 03,12,29,1,C5,72,ʌ,Godin band midpoint,0.816,close,F4,7.5,not assessed,not assessed,not assessed,none,not assessed,short,leap-up,5,no,18,middle,yes,not assessed,not assessed,
Sunless 03,12,29,2.333,B4,71,ɑ,Godin band midpoint,0.408,close,F4,6.5,not assessed,not assessed,not assessed,none,not assessed,short,step,-1,no,18,middle,no,not assessed,not assessed,
Sunless 03,12,29,3,G#4,68,i,Godin band midpoint,0.816,above,G3,13,not assessed,not assessed,not assessed,none,not assessed,short,leap-down,-3,no,18,middle,no,not assessed,not assessed,
Sunless 03,12,29,4.333,G4,67,u,Godin band midpoint,0.408,crossing,G3,12,not assessed,not assessed,not assessed,none,not assessed,short,step,-1,no,18,middle,no,not assessed,not assessed,
Sunless 03,12,30,1,C4,60,ɛ,Godin band midpoint,0.918,open,F4,-4.5,not assessed,not assessed,not assessed,none,not assessed,short,leap-down,-7,no,18,middle,no,not assessed,not assessed,
Sunless 03,12,30,2.5,C4,60,ɪ,Godin band midpoint,0.306,close,A#3,2.5,not assessed,not assessed,not assessed,none,not assessed,short,repeated,0,no,18,middle,no,not assessed,not assessed,
Sunless 03,12,30,3,D4,62,ɑ,Godin band midpoint,0.306,open,F4,-2.5,not assessed,not assessed,not assessed,none,not assessed,short,step,2,no,18,middle,no,not assessed,not assessed,
Sunless 03,12,30,3.5,D4,62,ɪ,Godin band midpoint,0.306,close,A#3,4.5,not assessed,not assessed,not assessed,none,not assessed,short,repeated,0,no,18,middle,no,not assessed,not assessed,
Sunless 03,12,30,4,C4,60,ɑ,Godin band midpoint,0.306,open,F4,-4.5,not assessed,not assessed,not assessed,none,not assessed,short,step,-2,no,18,middle,no,not assessed,not assessed,
Sunless 03,12,30,4.5,D4,62,ɑ,Godin band midpoint,0.306,open,F4,-2.5,not assessed,not assessed,not assessed,none,not assessed,short,step,2,no,18,middle,no,not assessed,not assessed,
Sunless 03,12,31,1,E4,64,o,Godin band midpoint,0.612,close,A#3,6.5,not assessed,not assessed,not assessed,none,not assessed,short,step,2,no,18,middle,no,not assessed,not assessed,
Sunless 03,12,31,2,G4,67,u,Godin band midpoint,0.306,crossing,G3,12,not assessed,not assessed,not assessed,none,not assessed,short,leap-up,3,no,18,last,no,not assessed,not assessed,
Sunless 03,12,31,4,G4,67,i,Godin band midpoint,0.612,crossing,G3,12,not assessed,not assessed,not assessed,none,not assessed,short,repeated,0,yes,19,first,no,not assessed,not assessed,
Sunless 03,12,32,1,A#4,70,e,Godin band midpoint,0.204,above,A#3,12.5,not assessed,not assessed,not assessed,none,not assessed,short,leap-up,3,no,19,middle,no,not assessed,not assessed,
Sunless 03,12,32,1.333,C5,72,e,Godin band midpoint,0.204,above,A#3,14.5,not assessed,not assessed,not assessed,none,not assessed,short,step,2,no,19,middle,no,not assessed,not assessed,
Sunless 03,12,32,1.667,D5,74,ɑ,Godin band midpoint,0.204,close,F4,9.5,not assessed,not assessed,not assessed,none,not assessed,short,step,2,no,19,middle,no,not assessed,not assessed,
Sunless 03,12,32,2,C5,72,ɑ,Godin band midpoint,0.204,close,F4,7.5,not assessed,not assessed,not assessed,none,not assessed,short,step,-2,no,19,middle,no,not assessed,not assessed,
Sunless 03,12,32,2.333,D5,74,ɑ,Godin band midpoint,0.204,close,F4,9.5,not assessed,not assessed,not assessed,none,not assessed,short,step,2,no,19,middle,no,not assessed,not assessed,
Sunless 03,12,32,2.667,G4,67,i,Godin band midpoint,0.204,crossing,G3,12,not assessed,not assessed,not assessed,none,not assessed,short,leap-down,-7,no,19,middle,no,not assessed,not assessed,
Sunless 03,12,32,3,A#4,70,ɛ,Godin band midpoint,0.204,close,F4,5.5,not assessed,not assessed,not assessed,none,not assessed,short,leap-up,3,no,19,middle,no,not assessed,not assessed,
Sunless 03,12,32,3.333,G#4,68,ɛ,Godin band midpoint,0.204,close,F4,3.5,not assessed,not assessed,not assessed,none,not assessed,short,step,-2,no,19,middle,no,not assessed,not assessed,
Sunless 03,12,32,3.667,G4,67,i,Godin band midpoint,0.204,crossing,G3,12,not assessed,not assessed,not assessed,none,not assessed,short,step,-1,no,19,middle,no,not assessed,not assessed,
Sunless 03,12,32,4,A#4,70,e,Godin band midpoint,0.408,above,A#3,12.5,not assessed,not assessed,not assessed,none,not assessed,short,leap-up,3,no,19,middle,no,not assessed,not assessed,
Sunless 03,12,32,4.667,A#4,70,i,Godin band midpoint,0.204,above,G3,15,not assessed,not assessed,not assessed,none,not assessed,short,repeated,0,no,19,middle,no,not assessed,not assessed,
Sunless 03,12,33,1,A#4,70,i,Godin band midpoint,0.204,above,G3,15,not assessed,not assessed,not assessed,none,not assessed,short,repeated,0,no,19,middle,no,not assessed,not assessed,
Sunless 03,12,33,1.333,C5,72,i,Godin band midpoint,0.204,above,G3,17,not assessed,not assessed,not assessed,none,not assessed,short,step,2,no,19,middle,no,not assessed,not assessed,
Sunless 03,12,33,1.667,D5,74,ɑ,Godin band midpoint,0.204,close,F4,9.5,not assessed,not assessed,not assessed,none,not assessed,short,step,2,no,19,middle,no,not assessed,not assessed,
Sunless 03,12,33,2,C5,72,ɛ,Godin band midpoint,0.204,close,F4,7.5,not assessed,not assessed,not assessed,none,not assessed,short,step,-2,no,19,middle,no,not assessed,not assessed,
Sunless 03,12,33,2.333,D5,74,ɛ,Godin band midpoint,0.204,close,F4,9.5,not assessed,not assessed,not assessed,none,not assessed,short,step,2,no,19,middle,no,not assessed,not assessed,
Sunless 03,12,33,2.667,G4,67,ɨ,not assessed,0.204,not assessed,not assessed,not assessed,not assessed,not assessed,not assessed,not assessed,not assessed,short,leap-down,-7,no,19,middle,no,not assessed,not assessed,
Sunless 03,12,33,3,A#4,70,ɑ,Godin band midpoint,0.204,close,F4,5.5,not assessed,not assessed,not assessed,none,not assessed,short,leap-up,3,no,19,middle,no,not assessed,not assessed,
Sunless 03,12,33,3.333,G#4,68,ɑ,Godin band midpoint,0.204,close,F4,3.5,not assessed,not assessed,not assessed,none,not assessed,short,step,-2,no,19,middle,no,not assessed,not assessed,
Sunless 03,12,33,3.667,G4,67,u,Godin band midpoint,0.204,crossing,G3,12,not assessed,not assessed,not assessed,none,not assessed,short,step,-1,no,19,middle,no,not assessed,not assessed,
Sunless 03,12,33,4,A#4,70,o,Godin band midpoint,0.204,above,A#3,12.5,not assessed,not assessed,not assessed,none,not assessed,short,leap-up,3,no,19,middle,no,not assessed,not assessed,
Sunless 03,12,33,4.333,A#4,70,u,Godin band midpoint,0.204,above,G3,15,not assessed,not assessed,not assessed,none,not assessed,short,repeated,0,no,19,middle,no,not assessed,not assessed,
Sunless 03,12,33,4.667,G#4,68,i,Godin band midpoint,0.204,above,G3,13,not assessed,not assessed,not assessed,none,not assessed,short,step,-2,no,19,middle,no,not assessed,not assessed,
Sunless 03,12,34,1,B4,71,e,Godin band midpoint,0.204,above,A#3,13.5,not assessed,not assessed,not assessed,none,not assessed,short,leap-up,3,no,19,middle,no,not assessed,not assessed,
Sunless 03,12,34,1.333,D#4,63,e,Godin band midpoint,0.204,close,A#3,5.5,not assessed,not assessed,not assessed,none,not assessed,short,leap-down,-8,no,19,middle,no,not assessed,not assessed,
Sunless 03,12,34,1.667,F#4,66,ɨ,not assessed,0.204,not assessed,not assessed,not assessed,not assessed,not assessed,not assessed,not assessed,not assessed,short,leap-up,3,no,19,middle,no,not assessed,not assessed,
Sunless 03,12,34,2,A#4,70,u,Godin band midpoint,0.408,above,G3,15,not assessed,not assessed,not assessed,none,not assessed,short,leap-up,4,no,19,middle,no,not assessed,not assessed,
Sunless 03,12,34,2.667,G#4,68,i,Godin band midpoint,0.204,above,G3,13,not assessed,not assessed,not assessed,none,not assessed,short,step,-2,no,19,middle,no,not assessed,not assessed,
Sunless 03,12,34,3,B4,71,u,Godin band midpoint,0.204,above,G3,16,not assessed,not assessed,not assessed,none,not assessed,short,leap-up,3,no,19,middle,no,not assessed,not assessed,
Sunless 03,12,34,3.333,D#4,63,u,Godin band midpoint,0.204,close,G3,8,not assessed,not assessed,not assessed,none,not assessed,short,leap-down,-8,no,19,middle,no,not assessed,not assessed,
Sunless 03,12,34,3.667,F#4,66,ɨ,not assessed,0.204,not assessed,not assessed,not assessed,not assessed,not assessed,not assessed,not assessed,not assessed,short,leap-up,3,no,19,middle,no,not assessed,not assessed,
Sunless 03,12,34,4,A#4,70,e,Godin band midpoint,0.408,above,A#3,12.5,not assessed,not assessed,not assessed,none,not assessed,short,leap-up,4,no,19,middle,no,not assessed,not assessed,
Sunless 03,12,34,4.667,G#4,68,ɑ,Godin band midpoint,0.204,close,F4,3.5,not assessed,not assessed,not assessed,none,not assessed,short,step,-2,no,19,middle,no,not assessed,not assessed,
Sunless 03,12,35,1,A#4,70,i,Godin band midpoint,0.204,above,G3,15,not assessed,not assessed,not assessed,none,not assessed,short,step,2,no,19,middle,no,not assessed,not assessed,
Sunless 03,12,35,1.333,C5,72,i,Godin band midpoint,0.204,above,G3,17,not assessed,not assessed,not assessed,none,not assessed,short,step,2,no,19,middle,no,not assessed,not assessed,
Sunless 03,12,35,1.667,D5,74,ɑ,Godin band midpoint,0.204,close,F4,9.5,not assessed,not assessed,not assessed,none,not assessed,short,step,2,no,19,middle,no,not assessed,not assessed,
Sunless 03,12,35,2,D#5,75,i,Godin band midpoint,0.204,above,G3,20,not assessed,not assessed,not assessed,none,not assessed,short,step,1,no,19,middle,yes,not assessed,not assessed,
Sunless 03,12,35,2.333,D5,74,i,Godin band midpoint,0.204,above,G3,19,not assessed,not assessed,not assessed,none,not assessed,short,step,-1,no,19,middle,no,not assessed,not assessed,
Sunless 03,12,35,2.667,G4,67,ʌ,Godin band midpoint,0.204,close,F4,2.5,not assessed,not assessed,not assessed,none,not assessed,short,leap-down,-7,no,19,middle,no,not assessed,not assessed,
Sunless 03,12,35,3,A#4,70,i,Godin band midpoint,0.204,above,G3,15,not assessed,not assessed,not assessed,none,not assessed,short,leap-up,3,no,19,middle,no,not assessed,not assessed,
Sunless 03,12,35,3.333,G#4,68,i,Godin band midpoint,0.204,above,G3,13,not assessed,not assessed,not assessed,none,not assessed,short,step,-2,no,19,middle,no,not assessed,not assessed,
Sunless 03,12,35,3.667,G4,67,ɑ,Godin band midpoint,0.204,close,F4,2.5,not assessed,not assessed,not assessed,none,not assessed,short,step,-1,no,19,middle,no,not assessed,not assessed,
Sunless 03,12,35,4,A#4,70,o,Godin band midpoint,0.204,above,A#3,12.5,not assessed,not assessed,not assessed,none,not assessed,short,leap-up,3,no,19,middle,no,not assessed,not assessed,
Sunless 03,12,35,4.333,F4,65,u,Godin band midpoint,0.204,close,G3,10,not assessed,not assessed,not assessed,none,not assessed,short,leap-down,-5,no,19,middle,no,not assessed,not assessed,
Sunless 03,12,35,4.667,G4,67,i,Godin band midpoint,0.204,crossing,G3,12,not assessed,not assessed,not assessed,none,not assessed,short,step,2,no,19,middle,no,not assessed,not assessed,
Sunless 03,12,36,1,C5,72,ɛ,Godin band midpoint,0.204,close,F4,7.5,not assessed,not assessed,not assessed,none,not assessed,short,leap-up,5,no,19,middle,no,not assessed,not assessed,
Sunless 03,12,36,1.167,B4,71,ɛ,Godin band midpoint,0.204,close,F4,6.5,not assessed,not assessed,not assessed,none,not assessed,short,step,-1,no,19,middle,no,not assessed,not assessed,
Sunless 03,12,36,1.333,C5,72,ʌ,Godin band midpoint,0.204,close,F4,7.5,not assessed,not assessed,not assessed,none,not assessed,short,step,1,no,19,middle,no,not assessed,not assessed,
Sunless 03,12,36,1.5,A4,69,ɑ,Godin band midpoint,0.204,close,F4,4.5,not assessed,not assessed,not assessed,none,not assessed,short,leap-down,-3,no,19,middle,no,not assessed,not assessed,
Sunless 03,12,36,1.667,B4,71,ɑ,Godin band midpoint,0.204,close,F4,6.5,not assessed,not assessed,not assessed,none,not assessed,short,step,2,no,19,middle,no,not assessed,not assessed,
Sunless 03,12,36,1.833,G4,67,ɑ,Godin band midpoint,0.204,close,F4,2.5,not assessed,not assessed,not assessed,none,not assessed,short,leap-down,-4,no,19,middle,no,not assessed,not assessed,
Sunless 03,12,36,2,A#4,70,e,Godin band midpoint,0.408,above,A#3,12.5,not assessed,not assessed,not assessed,none,not assessed,short,leap-up,3,no,19,middle,no,not assessed,not assessed,
Sunless 03,12,36,2.333,G#4,68,ɑ,Godin band midpoint,0.204,close,F4,3.5,not assessed,not assessed,not assessed,none,not assessed,short,step,-2,no,19,middle,no,not assessed,not assessed,
Sunless 03,12,36,2.5,F#4,66,o,Godin band midpoint,0.204,close,A#3,8.5,not assessed,not assessed,not assessed,none,not assessed,short,step,-2,no,19,last,no,not assessed,not assessed,
Sunless 03,12,36,2.833,C5,72,u,Godin band midpoint,0.204,above,G3,17,not assessed,not assessed,not assessed,none,not assessed,short,leap-up,6,yes,20,first,no,not assessed,not assessed,
Sunless 03,12,36,3,E5,76,u,Godin band midpoint,0.204,above,G3,21,not assessed,not assessed,not assessed,none,not assessed,short,leap-up,4,no,20,middle,yes,not assessed,not assessed,
Sunless 03,12,36,3.167,D5,74,u,Godin band midpoint,0.204,above,G3,19,not assessed,not assessed,not assessed,none,not assessed,short,step,-2,no,20,middle,no,not assessed,not assessed,
Sunless 03,12,36,3.333,C5,72,u,Godin band midpoint,0.204,above,G3,17,not assessed,not assessed,not assessed,none,not assessed,short,step,-2,no,20,middle,no,not assessed,not assessed,
Sunless 03,12,36,3.5,B4,71,ɑ,Godin band midpoint,0.204,close,F4,6.5,not assessed,not assessed,not assessed,none,not assessed,short,step,-1,no,20,middle,no,not assessed,not assessed,
Sunless 03,12,36,3.667,C5,72,ɑ,Godin band midpoint,0.204,close,F4,7.5,not assessed,not assessed,not assessed,none,not assessed,short,step,1,no,20,middle,no,not assessed,not assessed,
Sunless 03,12,36,3.833,G4,67,i,Godin band midpoint,0.204,crossing,G3,12,not assessed,not assessed,not assessed,none,not assessed,short,leap-down,-5,no,20,middle,no,not assessed,not assessed,
Sunless 03,12,37,1,A#4,70,ɛ,Godin band midpoint,0.204,close,F4,5.5,not assessed,not assessed,not assessed,none,not assessed,short,leap-up,3,no,20,last,no,not assessed,not assessed,
Sunless 03,12,37,1.667,F4,65,ɪ,Godin band midpoint,0.204,close,A#3,7.5,not assessed,not assessed,not assessed,none,not assessed,short,leap-down,-5,yes,21,first,no,not assessed,not assessed,
Sunless 03,12,37,2,G#4,68,o,Godin band midpoint,0.204,close,A#3,10.5,not assessed,not assessed,not assessed,none,not assessed,short,leap-up,3,no,21,middle,yes,not assessed,not assessed,
Sunless 03,12,37,2.333,G4,67,ʌ,Godin band midpoint,0.204,close,F4,2.5,not assessed,not assessed,not assessed,none,not assessed,short,step,-1,no,21,last,no,not assessed,not assessed,
Sunless 03,12,37,3.5,C4,60,i,Godin band midpoint,0.306,close,G3,5,not assessed,not assessed,not assessed,none,not assessed,short,leap-down,-7,yes,22,first,no,not assessed,not assessed,
Sunless 03,12,37,4,C4,60,ɛ,Godin band midpoint,0.306,open,F4,-4.5,not assessed,not assessed,not assessed,none,not assessed,short,repeated,0,no,22,middle,no,not assessed,not assessed,
Sunless 03,12,37,4.5,C4,60,ɪ,Godin band midpoint,0.306,close,A#3,2.5,not assessed,not assessed,not assessed,none,not assessed,short,repeated,0,no,22,middle,no,not assessed,not assessed,
Sunless 03,12,38,1,D#4,63,i,Godin band midpoint,0.612,close,G3,8,not assessed,not assessed,not assessed,none,not assessed,short,leap-up,3,no,22,middle,yes,not assessed,not assessed,
Sunless 03,12,38,2,C4,60,ʌ,Godin band midpoint,0.306,open,F4,-4.5,not assessed,not assessed,not assessed,none,not assessed,short,leap-down,-3,no,22,last,no,not assessed,not assessed,
Sunless 03,12,38,3,C5,72,ɑ,Godin band midpoint,0.918,close,F4,7.5,not assessed,not assessed,not assessed,none,not assessed,short,leap-up,12,yes,23,first,yes,not assessed,not assessed,
Sunless 03,12,38,4.5,A4,69,ɑ,Godin band midpoint,0.306,close,F4,4.5,not assessed,not assessed,not assessed,none,not assessed,short,leap-down,-3,no,23,middle,no,not assessed,not assessed,
Sunless 03,12,39,1,G4,67,o,Godin band midpoint,0.612,close,A#3,9.5,not assessed,not assessed,not assessed,none,not assessed,short,step,-2,no,23,middle,no,not assessed,not assessed,
Sunless 03,12,39,2,F4,65,ʌ,Godin band midpoint,0.306,close,F4,0.5,not assessed,not assessed,not assessed,none,not assessed,short,step,-2,no,23,last,no,not assessed,not assessed,
Sunless 03,12,39,4.5,C4,60,i,Godin band midpoint,0.306,close,G3,5,not assessed,not assessed,not assessed,none,not assessed,short,leap-down,-5,yes,24,first,no,not assessed,not assessed,
Sunless 03,12,40,1,G4,67,ɛ,Godin band midpoint,0.918,close,F4,2.5,not assessed,not assessed,not assessed,none,not assessed,short,leap-up,7,no,24,middle,no,not assessed,not assessed,
Sunless 03,12,40,2.5,C5,72,ɑ,Godin band midpoint,0.306,close,F4,7.5,not assessed,not assessed,not assessed,none,not assessed,short,leap-up,5,no,24,middle,yes,not assessed,not assessed,
Sunless 03,12,40,3,G#4,68,o,Godin band midpoint,0.459,close,A#3,10.5,not assessed,not assessed,not assessed,none,not assessed,short,leap-down,-4,no,24,middle,no,not assessed,not assessed,
Sunless 03,12,40,3.75,G#4,68,ɑ,Godin band midpoint,0.153,close,F4,3.5,not assessed,not assessed,not assessed,none,not assessed,short,repeated,0,no,24,middle,no,not assessed,not assessed,
Sunless 03,12,40,4,G4,67,i,Godin band midpoint,0.306,crossing,G3,12,not assessed,not assessed,not assessed,none,not assessed,short,step,-1,no,24,middle,no,not assessed,not assessed,
Sunless 03,12,40,4.5,B4,71,ʌ,Godin band midpoint,0.306,close,F4,6.5,not assessed,not assessed,not assessed,none,not assessed,short,leap-up,4,no,24,middle,no,not assessed,not assessed,
Sunless 03,12,41,1,E4,64,o,Godin band midpoint,0.612,close,A#3,6.5,not assessed,not assessed,not assessed,none,not assessed,short,leap-down,-7,no,24,middle,no,not assessed,not assessed,
Sunless 03,12,41,2,E4,64,o,Godin band midpoint,0.306,close,A#3,6.5,not assessed,not assessed,not assessed,none,not assessed,short,tie,0,no,24,last,no,not assessed,not assessed,
Sunless 04,12,2,2.5,F#4,66,u,Godin band midpoint,0.395,close,G3,11,not assessed,not assessed,not assessed,none,not assessed,short,first note,,,0,first,yes,not assessed,not assessed,
Sunless 04,12,2,3,E4,64,a,Godin band midpoint,0.789,open,G#4,-3.5,not assessed,not assessed,not assessed,none,not assessed,short,step,-2,no,0,middle,no,not assessed,not assessed,
Sunless 04,12,2,4,E4,64,a,Godin band midpoint,0.395,open,G#4,-3.5,not assessed,not assessed,not assessed,none,not assessed,short,tie,0,no,0,last,no,not assessed,not assessed,
Sunless 04,12,3,1.5,F#4,66,ɨ,not assessed,0.395,not assessed,not assessed,not assessed,not assessed,not assessed,not assessed,not assessed,not assessed,short,step,2,yes,1,first,no,not assessed,not assessed,
Sunless 04,12,3,2,F#4,66,ʌ,Godin band midpoint,0.395,close,F4,1.5,not assessed,not assessed,not assessed,none,not assessed,short,repeated,0,no,1,middle,no,not assessed,not assessed,
Sunless 04,12,3,2.5,F#4,66,ɑ,Godin band midpoint,0.395,close,F4,1.5,not assessed,not assessed,not assessed,none,not assessed,short,repeated,0,no,1,middle,no,not assessed,not assessed,
Sunless 04,12,3,3,G4,67,ɑ,Godin band midpoint,1.184,close,F4,2.5,not assessed,not assessed,not assessed,none,not assessed,short,step,1,no,1,middle,yes,not assessed,not assessed,
Sunless 04,12,3,4.5,G4,67,ɪ,Godin band midpoint,0.395,close,A#3,9.5,not assessed,not assessed,not assessed,none,not assessed,short,repeated,0,no,1,middle,yes,not assessed,not assessed,
Sunless 04,12,4,1,F#4,66,u,Godin band midpoint,0.789,close,G3,11,not assessed,not assessed,not assessed,none,not assessed,short,step,-1,no,1,middle,no,not assessed,not assessed,
Sunless 04,12,4,2,F#4,66,i,Godin band midpoint,0.395,close,G3,11,not assessed,not assessed,not assessed,none,not assessed,short,repeated,0,no,1,last,no,not assessed,not assessed,
Sunless 04,12,4,4,F#4,66,ɪ,Godin band midpoint,0.789,close,A#3,8.5,not assessed,not assessed,not assessed,none,not assessed,short,repeated,0,yes,2,first,no,not assessed,not assessed,
Sunless 04,12,5,1,G#4,68,u,Godin band midpoint,1.184,above,G3,13,not assessed,not assessed,not assessed,none,not assessed,short,step,2,no,2,middle,no,not assessed,not assessed,
Sunless 04,12,5,2.5,D#5,75,i,Godin band midpoint,0.395,above,G3,20,not assessed,not assessed,not assessed,none,not assessed,short,leap-up,7,no,2,middle,yes,not assessed,not assessed,
Sunless 04,12,5,3,C#5,73,u,Godin band midpoint,0.395,above,G3,18,not assessed,not assessed,not assessed,none,not assessed,short,step,-2,no,2,middle,no,not assessed,not assessed,
Sunless 04,12,5,3.5,G#4,68,ɑ,Godin band midpoint,0.395,close,F4,3.5,not assessed,not assessed,not assessed,none,not assessed,short,leap-down,-5,no,2,middle,no,not assessed,not assessed,
Sunless 04,12,5,4,C#5,73,ɑ,Godin band midpoint,0.395,close,F4,8.5,not assessed,not assessed,not assessed,none,not assessed,short,leap-up,5,no,2,middle,no,not assessed,not assessed,
Sunless 04,12,5,4.5,B4,71,ɨ,not assessed,0.395,not assessed,not assessed,not assessed,not assessed,not assessed,not assessed,not assessed,not assessed,short,step,-2,no,2,middle,no,not assessed,not assessed,
Sunless 04,12,6,1,A#4,70,ɛ,Godin band midpoint,0.395,close,F4,5.5,not assessed,not assessed,not assessed,none,not assessed,short,step,-1,no,2,last,no,not assessed,not assessed,
Sunless 04,12,6,2,A#4,70,ɑ,Godin band midpoint,0.789,close,F4,5.5,not assessed,not assessed,not assessed,none,not assessed,short,repeated,0,yes,3,first,no,not assessed,not assessed,
Sunless 04,12,6,3,D5,74,ɛ,Godin band midpoint,1.184,close,F4,9.5,not assessed,not assessed,not assessed,none,not assessed,short,leap-up,4,no,3,middle,yes,not assessed,not assessed,
Sunless 04,12,6,4.5,D5,74,ɑ,Godin band midpoint,0.395,close,F4,9.5,not assessed,not assessed,not assessed,none,not assessed,short,repeated,0,no,3,middle,yes,not assessed,not assessed,
Sunless 04,12,7,1,B4,71,ɑ,Godin band midpoint,0.395,close,F4,6.5,not assessed,not assessed,not assessed,none,not assessed,short,leap-down,-3,no,3,middle,no,not assessed,not assessed,
Sunless 04,12,7,1.5,F#4,66,ɑ,Godin band midpoint,0.395,close,F4,1.5,not assessed,not assessed,not assessed,none,not assessed,short,leap-down,-5,no,3,middle,no,not assessed,not assessed,
Sunless 04,12,7,2,B4,71,ɪ,Godin band midpoint,0.395,above,A#3,13.5,not assessed,not assessed,not assessed,none,not assessed,short,leap-up,5,no,3,middle,no,not assessed,not assessed,
Sunless 04,12,7,2.5,C#5,73,ɑ,Godin band midpoint,0.395,close,F4,8.5,not assessed,not assessed,not assessed,none,not assessed,short,step,2,no,3,middle,no,not assessed,not assessed,
Sunless 04,12,7,3,A4,69,u,Godin band midpoint,0.789,above,G3,14,not assessed,not assessed,not assessed,none,not assessed,short,leap-down,-4,no,3,middle,no,not assessed,not assessed,
Sunless 04,12,7,4,F#4,66,i,Godin band midpoint,0.789,close,G3,11,not assessed,not assessed,not assessed,none,not assessed,short,leap-down,-3,no,3,last,no,not assessed,not assessed,
Sunless 04,12,8,1.5,F#4,66,ɑ,Godin band midpoint,0.395,close,F4,1.5,not assessed,not assessed,not assessed,none,not assessed,short,repeated,0,yes,4,first,no,not assessed,not assessed,
Sunless 04,12,8,2,A4,69,ɪ,Godin band midpoint,0.395,close,A#3,11.5,not assessed,not assessed,not assessed,none,not assessed,short,leap-up,3,no,4,middle,no,not assessed,not assessed,
Sunless 04,12,8,2.5,F#4,66,ɑ,Godin band midpoint,0.395,close,F4,1.5,not assessed,not assessed,not assessed,none,not assessed,short,leap-down,-3,no,4,middle,no,not assessed,not assessed,
Sunless 04,12,8,3,B4,71,e,Godin band midpoint,0.789,above,A#3,13.5,not assessed,not assessed,not assessed,none,not assessed,short,leap-up,5,no,4,middle,no,not assessed,not assessed,
Sunless 04,12,8,4,G4,67,ɑ,Godin band midpoint,0.789,close,F4,2.5,not assessed,not assessed,not assessed,none,not assessed,short,leap-down,-4,no,4,middle,no,not assessed,not assessed,
Sunless 04,12,9,1,C#5,73,ɛ,Godin band midpoint,1.184,close,F4,8.5,not assessed,not assessed,not assessed,none,not assessed,short,leap-up,6,no,4,middle,yes,not assessed,not assessed,
Sunless 04,12,9,2.5,C#5,73,ɑ,Godin band midpoint,0.395,close,F4,8.5,not assessed,not assessed,not assessed,none,not assessed,short,repeated,0,no,4,middle,yes,not assessed,not assessed,
Sunless 04,12,9,3,A#4,70,ɛ,Godin band midpoint,0.789,close,F4,5.5,not assessed,not assessed,not assessed,none,not assessed,short,leap-down,-3,no,4,last,no,not assessed,not assessed,
Sunless 04,12,11,2.5,F#4,66,u,Godin band midpoint,0.395,close,G3,11,not assessed,not assessed,not assessed,none,not assessed,short,leap-down,-4,yes,5,first,yes,not assessed,not assessed,
Sunless 04,12,11,3,E4,64,a,Godin band midpoint,0.789,open,G#4,-3.5,not assessed,not assessed,not assessed,none,not assessed,short,step,-2,no,5,last,no,not assessed,not assessed,
Sunless 04,12,11,4.5,F#4,66,u,Godin band midpoint,0.395,close,G3,11,not assessed,not assessed,not assessed,none,not assessed,short,step,2,yes,6,first,no,not assessed,not assessed,
Sunless 04,12,12,1,F#4,66,a,Godin band midpoint,1.184,open,G#4,-1.5,not assessed,not assessed,not assessed,none,not assessed,short,repeated,0,no,6,middle,no,not assessed,not assessed,
Sunless 04,12,12,2.5,F#4,66,ɑ,Godin band midpoint,0.395,close,F4,1.5,not assessed,not assessed,not assessed,none,not assessed,short,repeated,0,no,6,middle,no,not assessed,not assessed,
Sunless 04,12,12,3,G#4,68,ɑ,Godin band midpoint,0.789,close,F4,3.5,not assessed,not assessed,not assessed,none,not assessed,short,step,2,no,6,middle,no,not assessed,not assessed,
Sunless 04,12,12,4,F#4,66,u,Godin band midpoint,0.395,close,G3,11,not assessed,not assessed,not assessed,none,not assessed,short,step,-2,no,6,middle,no,not assessed,not assessed,
Sunless 04,12,12,4.5,G#4,68,u,Godin band midpoint,0.395,above,G3,13,not assessed,not assessed,not assessed,none,not assessed,short,step,2,no,6,middle,no,not assessed,not assessed,
Sunless 04,12,13,1,F#4,66,i,Godin band midpoint,0.789,close,G3,11,not assessed,not assessed,not assessed,none,not assessed,short,step,-2,no,6,middle,no,not assessed,not assessed,
Sunless 04,12,13,2,G#4,68,i,Godin band midpoint,0.395,above,G3,13,not assessed,not assessed,not assessed,none,not assessed,short,step,2,no,6,middle,no,not assessed,not assessed,
Sunless 04,12,13,2.5,F#4,66,i,Godin band midpoint,0.395,close,G3,11,not assessed,not assessed,not assessed,none,not assessed,short,step,-2,no,6,middle,no,not assessed,not assessed,
Sunless 04,12,13,3,C#4,61,ɑ,Godin band midpoint,0.789,open,F4,-3.5,not assessed,not assessed,not assessed,none,not assessed,short,leap-down,-5,no,6,middle,no,not assessed,not assessed,
Sunless 04,12,13,4,C#4,61,ɑ,Godin band midpoint,0.395,open,F4,-3.5,not assessed,not assessed,not assessed,none,not assessed,short,repeated,0,no,6,middle,no,not assessed,not assessed,
Sunless 04,12,13,4.5,G4,67,i,Godin band midpoint,0.395,crossing,G3,12,not assessed,not assessed,not assessed,none,not assessed,short,leap-up,6,no,6,middle,no,not assessed,not assessed,
Sunless 04,12,14,1,F#4,66,ɨ,not assessed,0.789,not assessed,not assessed,not assessed,not assessed,not assessed,not assessed,not assessed,not assessed,short,step,-1,no,6,middle,no,not assessed,not assessed,
Sunless 04,12,14,2,F#4,66,ɪ,Godin band midpoint,0.789,close,A#3,8.5,not assessed,not assessed,not assessed,none,not assessed,short,repeated,0,no,6,middle,no,not assessed,not assessed,
Sunless 04,12,14,3,G#4,68,e,Godin band midpoint,0.789,close,A#3,10.5,not assessed,not assessed,not assessed,none,not assessed,short,step,2,no,6,middle,no,not assessed,not assessed,
Sunless 04,12,14,4,F#4,66,ʌ,Godin band midpoint,0.395,close,F4,1.5,not assessed,not assessed,not assessed,none,not assessed,short,step,-2,no,6,middle,no,not assessed,not assessed,
Sunless 04,12,14,4.5,G#4,68,ʌ,Godin band midpoint,0.395,close,F4,3.5,not assessed,not assessed,not assessed,none,not assessed,short,step,2,no,6,middle,no,not assessed,not assessed,
Sunless 04,12,15,1,F#4,66,u,Godin band midpoint,1.184,close,G3,11,not assessed,not assessed,not assessed,none,not assessed,short,step,-2,no,6,middle,no,not assessed,not assessed,
Sunless 04,12,15,2.5,D#4,63,o,Godin band midpoint,0.395,close,A#3,5.5,not assessed,not assessed,not assessed,none,not assessed,short,leap-down,-3,no,6,middle,no,not assessed,not assessed,
Sunless 04,12,15,3,A#4,70,ɨ,not assessed,0.395,not assessed,not assessed,not assessed,not assessed,not assessed,not assessed,not assessed,not assessed,short,leap-up,7,no,6,last,yes,not assessed,not assessed,
Sunless 04,12,15,4.5,F#4,66,i,Godin band midpoint,0.395,close,G3,11,not assessed,not assessed,not assessed,none,not assessed,short,leap-down,-4,yes,7,first,no,not assessed,not assessed,
Sunless 04,12,16,1,C5,72,ɛ,Godin band midpoint,0.789,close,F4,7.5,not assessed,not assessed,not assessed,none,not assessed,short,leap-up,6,no,7,middle,no,not assessed,not assessed,
Sunless 04,12,16,2,B4,71,ʌ,Godin band midpoint,0.395,close,F4,6.5,not assessed,not assessed,not assessed,none,not assessed,short,step,-1,no,7,middle,no,not assessed,not assessed,
Sunless 04,12,16,2.5,C5,72,ʌ,Godin band midpoint,0.395,close,F4,7.5,not assessed,not assessed,not assessed,none,not assessed,short,step,1,no,7,middle,no,not assessed,not assessed,
Sunless 04,12,16,3,E4,64,ɨ,not assessed,0.789,not assessed,not assessed,not assessed,not assessed,not assessed,not assessed,not assessed,not assessed,short,leap-down,-8,no,7,middle,no,not assessed,not assessed,
Sunless 04,12,16,4,F#4,66,ɨ,not assessed,0.395,not assessed,not assessed,not assessed,not assessed,not assessed,not assessed,not assessed,not assessed,short,step,2,no,7,middle,no,not assessed,not assessed,
Sunless 04,12,16,4.5,G4,67,ɨ,not assessed,0.395,not assessed,not assessed,not assessed,not assessed,not assessed,not assessed,not assessed,not assessed,short,step,1,no,7,middle,no,not assessed,not assessed,
Sunless 04,12,17,1,C5,72,ʌ,Godin band midpoint,0.789,close,F4,7.5,not assessed,not assessed,not assessed,none,not assessed,short,leap-up,5,no,7,middle,no,not assessed,not assessed,
Sunless 04,12,17,2,B4,71,i,Godin band midpoint,0.395,above,G3,16,not assessed,not assessed,not assessed,none,not assessed,short,step,-1,no,7,middle,no,not assessed,not assessed,
Sunless 04,12,17,2.5,C5,72,i,Godin band midpoint,0.395,above,G3,17,not assessed,not assessed,not assessed,none,not assessed,short,step,1,no,7,middle,no,not assessed,not assessed,
Sunless 04,12,17,3,E4,64,ɑ,Godin band midpoint,0.789,open,F4,-0.5,not assessed,not assessed,not assessed,none,not assessed,short,leap-down,-8,no,7,middle,no,not assessed,not assessed,
Sunless 04,12,17,4,F#4,66,ɑ,Godin band midpoint,0.395,close,F4,1.5,not assessed,not assessed,not assessed,none,not assessed,short,step,2,no,7,middle,no,not assessed,not assessed,
Sunless 04,12,17,4.5,G4,67,ɑ,Godin band midpoint,0.395,close,F4,2.5,not assessed,not assessed,not assessed,none,not assessed,short,step,1,no,7,middle,no,not assessed,not assessed,
Sunless 04,12,18,1,F#4,66,ɑ,Godin band midpoint,1.184,close,F4,1.5,not assessed,not assessed,not assessed,none,not assessed,short,step,-1,no,7,middle,no,not assessed,not assessed,
Sunless 04,12,18,2.5,D#4,63,u,Godin band midpoint,0.395,close,G3,8,not assessed,not assessed,not assessed,none,not assessed,short,leap-down,-3,no,7,middle,no,not assessed,not assessed,
Sunless 04,12,18,3,A#4,70,ɛ,Godin band midpoint,0.789,close,F4,5.5,not assessed,not assessed,not assessed,none,not assessed,short,leap-up,7,no,7,middle,no,not assessed,not assessed,
Sunless 04,12,18,4,B4,71,ɛ,Godin band midpoint,0.395,close,F4,6.5,not assessed,not assessed,not assessed,none,not assessed,short,step,1,no,7,middle,no,not assessed,not assessed,
Sunless 04,12,18,4.5,C#5,73,ɪ,Godin band midpoint,0.395,above,A#3,15.5,not assessed,not assessed,not assessed,none,not assessed,short,step,2,no,7,middle,yes,not assessed,not assessed,
Sunless 04,12,19,1,F#4,66,ʌ,Godin band midpoint,0.789,close,F4,1.5,not assessed,not assessed,not assessed,none,not assessed,short,leap-down,-7,no,7,middle,no,not assessed,not assessed,
Sunless 04,12,19,2,C#5,73,i,Godin band midpoint,0.789,above,G3,18,not assessed,not assessed,not assessed,none,not assessed,short,leap-up,7,no,7,middle,yes,not assessed,not assessed,
Sunless 04,12,19,3,A#4,70,ɨ,not assessed,0.395,not assessed,not assessed,not assessed,not assessed,not assessed,not assessed,not assessed,not assessed,short,leap-down,-3,no,7,last,no,not assessed,not assessed,
Sunless 04,12,20,4,G4,67,u,Godin band midpoint,0.789,crossing,G3,12,not assessed,not assessed,not assessed,none,not assessed,short,leap-down,-3,yes,8,first,yes,not assessed,not assessed,
Sunless 04,12,21,1,F#4,66,a,Godin band midpoint,0.789,open,G#4,-1.5,not assessed,not assessed,not assessed,none,not assessed,short,step,-1,no,8,last,no,not assessed,not assessed,
Sunless 04,12,21,2.5,F#4,66,ɑ,Godin band midpoint,0.395,close,F4,1.5,not assessed,not assessed,not assessed,none,not assessed,short,repeated,0,yes,9,first,no,not assessed,not assessed,
Sunless 04,12,21,3,G4,67,e,Godin band midpoint,0.395,close,A#3,9.5,not assessed,not assessed,not assessed,none,not assessed,short,step,1,no,9,middle,no,not assessed,not assessed,
Sunless 04,12,21,3.5,F#4,66,ɑ,Godin band midpoint,0.395,close,F4,1.5,not assessed,not assessed,not assessed,none,not assessed,short,step,-1,no,9,middle,no,not assessed,not assessed,
Sunless 04,12,21,4,E4,64,ʌ,Godin band midpoint,0.395,open,F4,-0.5,not assessed,not assessed,not assessed,none,not assessed,short,step,-2,no,9,middle,no,not assessed,not assessed,
Sunless 04,12,21,4.5,G4,67,ɑ,Godin band midpoint,0.395,close,F4,2.5,not assessed,not assessed,not assessed,none,not assessed,short,leap-up,3,no,9,middle,no,not assessed,not assessed,
Sunless 04,12,22,1,A4,69,i,Godin band midpoint,0.789,above,G3,14,not assessed,not assessed,not assessed,none,not assessed,short,step,2,no,9,middle,no,not assessed,not assessed,
Sunless 04,12,22,2,F#4,66,ɨ,not assessed,0.395,not assessed,not assessed,not assessed,not assessed,not assessed,not assessed,not assessed,not assessed,short,leap-down,-3,no,9,middle,no,not assessed,not assessed,
Sunless 04,12,22,2.5,A4,69,ɑ,Godin band midpoint,0.395,close,F4,4.5,not assessed,not assessed,not assessed,none,not assessed,short,leap-up,3,no,9,middle,no,not assessed,not assessed,
Sunless 04,12,23,1,C5,72,ɑ,Godin band midpoint,1.184,close,F4,7.5,not assessed,not assessed,not assessed,none,not assessed,short,leap-up,3,no,9,middle,yes,not assessed,not assessed,
Sunless 04,12,23,2.5,A4,69,ɛ,Godin band midpoint,0.395,close,F4,4.5,not assessed,not assessed,not assessed,none,not assessed,short,leap-down,-3,no,9,middle,no,not assessed,not assessed,
Sunless 04,12,23,3,B4,71,u,Godin band midpoint,0.395,above,G3,16,not assessed,not assessed,not assessed,none,not assessed,short,step,2,no,9,middle,no,not assessed,not assessed,
Sunless 04,12,23,3.5,F#4,66,ɑ,Godin band midpoint,0.395,close,F4,1.5,not assessed,not assessed,not assessed,none,not assessed,short,leap-down,-5,no,9,middle,no,not assessed,not assessed,
Sunless 04,12,23,4,G4,67,e,Godin band midpoint,0.395,close,A#3,9.5,not assessed,not assessed,not assessed,none,not assessed,short,step,1,no,9,middle,no,not assessed,not assessed,
Sunless 04,12,23,4.5,A4,69,ɑ,Godin band midpoint,0.395,close,F4,4.5,not assessed,not assessed,not assessed,none,not assessed,short,step,2,no,9,middle,no,not assessed,not assessed,
Sunless 04,12,24,1,B4,71,o,Godin band midpoint,0.395,above,A#3,13.5,not assessed,not assessed,not assessed,none,not assessed,short,step,2,no,9,last,no,not assessed,not assessed,
Sunless 04,12,24,2,E4,64,ɑ,Godin band midpoint,0.789,open,F4,-0.5,not assessed,not assessed,not assessed,none,not assessed,short,leap-down,-7,yes,10,first,no,not assessed,not assessed,
Sunless 04,12,24,3,B4,71,ɑ,Godin band midpoint,1.184,close,F4,6.5,not assessed,not assessed,not assessed,none,not assessed,short,leap-up,7,no,10,middle,yes,not assessed,not assessed,
Sunless 04,12,24,4.5,A#4,70,ɪ,Godin band midpoint,0.395,above,A#3,12.5,not assessed,not assessed,not assessed,none,not assessed,short,step,-1,no,10,middle,no,not assessed,not assessed,
Sunless 04,12,25,1,G4,67,ɨ,not assessed,0.395,not assessed,not assessed,not assessed,not assessed,not assessed,not assessed,not assessed,not assessed,short,leap-down,-3,no,10,middle,no,not assessed,not assessed,
Sunless 04,12,25,1.5,A#4,70,i,Godin band midpoint,0.395,above,G3,15,not assessed,not assessed,not assessed,none,not assessed,short,leap-up,3,no,10,middle,no,not assessed,not assessed,
Sunless 04,12,25,2,F#4,66,ɑ,Godin band midpoint,0.395,close,F4,1.5,not assessed,not assessed,not assessed,none,not assessed,short,leap-down,-4,no,10,middle,no,not assessed,not assessed,
Sunless 04,12,25,2.5,E4,64,i,Godin band midpoint,0.395,close,G3,9,not assessed,not assessed,not assessed,none,not assessed,short,step,-2,no,10,middle,no,not assessed,not assessed,
Sunless 04,12,25,3,G4,67,i,Godin band midpoint,0.789,crossing,G3,12,not assessed,not assessed,not assessed,none,not assessed,short,leap-up,3,no,10,middle,no,not assessed,not assessed,
Sunless 04,12,25,4,E4,64,ɨ,not assessed,0.395,not assessed,not assessed,not assessed,not assessed,not assessed,not assessed,not assessed,not assessed,short,leap-down,-3,no,10,last,no,not assessed,not assessed,
Sunless 04,12,26,1.5,E4,64,ɑ,Godin band midpoint,0.395,open,F4,-0.5,not assessed,not assessed,not assessed,none,not assessed,short,repeated,0,yes,11,first,no,not assessed,not assessed,
Sunless 04,12,26,2,A4,69,o,Godin band midpoint,0.395,close,A#3,11.5,not assessed,not assessed,not assessed,none,not assessed,short,leap-up,5,no,11,middle,no,not assessed,not assessed,
Sunless 04,12,26,2.5,B4,71,u,Godin band midpoint,0.395,above,G3,16,not assessed,not assessed,not assessed,none,not assessed,short,step,2,no,11,middle,no,not assessed,not assessed,
Sunless 04,12,26,3,C5,72,o,Godin band midpoint,0.789,above,A#3,14.5,not assessed,not assessed,not assessed,none,not assessed,short,step,1,no,11,last,yes,not assessed,not assessed,
Sunless 04,12,27,2,F#4,66,i,Godin band midpoint,0.789,close,G3,11,not assessed,not assessed,not assessed,none,not assessed,short,leap-down,-6,yes,12,first,no,not assessed,not assessed,
Sunless 04,12,27,3,B4,71,o,Godin band midpoint,0.592,above,A#3,13.5,not assessed,not assessed,not assessed,none,not assessed,short,leap-up,5,no,12,middle,yes,not assessed,not assessed,
Sunless 04,12,27,3.75,D#4,63,ɑ,Godin band midpoint,0.197,open,F4,-1.5,not assessed,not assessed,not assessed,none,not assessed,short,leap-down,-8,no,12,middle,no,not assessed,not assessed,
Sunless 04,12,27,4,D#4,63,o,Godin band midpoint,0.395,close,A#3,5.5,not assessed,not assessed,not assessed,none,not assessed,short,repeated,0,no,12,last,no,not assessed,not assessed,
Sunless 04,12,28,4,F#4,66,i,Godin band midpoint,0.789,close,G3,11,not assessed,not assessed,not assessed,none,not assessed,short,leap-up,3,yes,13,first,yes,not assessed,not assessed,
Sunless 04,12,29,1,F#4,66,o,Godin band midpoint,0.592,close,A#3,8.5,not assessed,not assessed,not assessed,none,not assessed,short,repeated,0,no,13,middle,yes,not assessed,not assessed,
Sunless 04,12,29,1.75,B3,59,ɑ,Godin band midpoint,0.197,open,F4,-5.5,not assessed,not assessed,not assessed,none,not assessed,short,leap-down,-7,no,13,middle,no,not assessed,not assessed,
Sunless 04,12,29,2,B3,59,o,Godin band midpoint,0.395,close,A#3,1.5,not assessed,not assessed,not assessed,none,not assessed,short,repeated,0,no,13,last,no,not assessed,not assessed,
Sunless 05,12,1,4.333,D#4,63,u,Godin band midpoint,0.37,close,G3,8,not assessed,not assessed,not assessed,none,not assessed,short,first note,,,0,first,yes,not assessed,not assessed,
Sunless 05,12,2,1,D4,62,ɑ,Godin band midpoint,0.556,open,F4,-2.5,not assessed,not assessed,not assessed,none,not assessed,short,step,-1,no,0,middle,no,not assessed,not assessed,
Sunless 05,12,2,2,D4,62,ɪ,Godin band midpoint,0.278,close,A#3,4.5,not assessed,not assessed,not assessed,none,not assessed,short,repeated,0,no,0,last,no,not assessed,not assessed,
Sunless 05,12,2,3,D4,62,ɛ,Godin band midpoint,0.833,open,F4,-2.5,not assessed,not assessed,not assessed,none,not assessed,short,repeated,0,yes,1,first,no,not assessed,not assessed,
Sunless 05,12,2,4.5,D4,62,ɪ,Godin band midpoint,0.278,close,A#3,4.5,not assessed,not assessed,not assessed,none,not assessed,short,repeated,0,no,1,middle,no,not assessed,not assessed,
Sunless 05,12,3,1,E4,64,o,Godin band midpoint,0.556,close,A#3,6.5,not assessed,not assessed,not assessed,none,not assessed,short,step,2,no,1,middle,yes,not assessed,not assessed,
Sunless 05,12,3,2,E4,64,o,Godin band midpoint,0.278,close,A#3,6.5,not assessed,not assessed,not assessed,none,not assessed,short,tie,0,no,1,last,yes,not assessed,not assessed,
Sunless 05,12,3,4.5,E4,64,ɪ,Godin band midpoint,0.278,close,A#3,6.5,not assessed,not assessed,not assessed,none,not assessed,short,repeated,0,yes,2,first,no,not assessed,not assessed,
Sunless 05,12,4,1,E4,64,o,Godin band midpoint,0.417,close,A#3,6.5,not assessed,not assessed,not assessed,none,not assessed,short,repeated,0,no,2,middle,no,not assessed,not assessed,
Sunless 05,12,4,1.75,G#4,68,ɑ,Godin band midpoint,0.139,close,F4,3.5,not assessed,not assessed,not assessed,none,not assessed,short,leap-up,4,no,2,middle,no,not assessed,not assessed,
Sunless 05,12,4,2,D#4,63,ɑ,Godin band midpoint,0.278,open,F4,-1.5,not assessed,not assessed,not assessed,none,not assessed,short,leap-down,-5,no,2,middle,no,not assessed,not assessed,
Sunless 05,12,4,2.5,E4,64,ɪ,Godin band midpoint,0.278,close,A#3,6.5,not assessed,not assessed,not assessed,none,not assessed,short,step,1,no,2,middle,no,not assessed,not assessed,
Sunless 05,12,4,3,F4,65,ɑ,Godin band midpoint,0.833,close,F4,0.5,not assessed,not assessed,not assessed,none,not assessed,short,step,1,no,2,middle,no,not assessed,not assessed,
Sunless 05,12,4,4.5,F4,65,o,Godin band midpoint,0.278,close,A#3,7.5,not assessed,not assessed,not assessed,none,not assessed,short,repeated,0,no,2,middle,no,not assessed,not assessed,
Sunless 05,12,5,1,F#4,66,ɨ,not assessed,0.278,not assessed,not assessed,not assessed,not assessed,not assessed,not assessed,not assessed,not assessed,short,step,1,no,2,middle,no,not assessed,not assessed,
Sunless 05,12,5,1.5,F#4,66,u,Godin band midpoint,0.278,close,G3,11,not assessed,not assessed,not assessed,none,not assessed,short,repeated,0,no,2,middle,no,not assessed,not assessed,
Sunless 05,12,5,2,F4,65,ʌ,Godin band midpoint,0.278,close,F4,0.5,not assessed,not assessed,not assessed,none,not assessed,short,step,-1,no,2,middle,no,not assessed,not assessed,
Sunless 05,12,5,2.5,D#4,63,ɑ,Godin band midpoint,0.278,open,F4,-1.5,not assessed,not assessed,not assessed,none,not assessed,short,step,-2,no,2,middle,no,not assessed,not assessed,
Sunless 05,12,5,3,F#4,66,o,Godin band midpoint,0.833,close,A#3,8.5,not assessed,not assessed,not assessed,none,not assessed,short,leap-up,3,no,2,middle,no,not assessed,not assessed,
Sunless 05,12,5,4.5,F#4,66,ɪ,Godin band midpoint,0.278,close,A#3,8.5,not assessed,not assessed,not assessed,none,not assessed,short,repeated,0,no,2,middle,no,not assessed,not assessed,
Sunless 05,12,6,1,G#4,68,ɑ,Godin band midpoint,0.833,close,F4,3.5,not assessed,not assessed,not assessed,none,not assessed,short,step,2,no,2,middle,no,not assessed,not assessed,
Sunless 05,12,6,2.5,G#4,68,ɪ,Godin band midpoint,0.278,close,A#3,10.5,not assessed,not assessed,not assessed,none,not assessed,short,repeated,0,no,2,middle,no,not assessed,not assessed,
Sunless 05,12,6,3,G#4,68,ʌ,Godin band midpoint,0.556,close,F4,3.5,not assessed,not assessed,not assessed,none,not assessed,short,repeated,0,no,2,middle,no,not assessed,not assessed,
Sunless 05,12,6,4,G#4,68,i,Godin band midpoint,0.556,above,G3,13,not assessed,not assessed,not assessed,none,not assessed,short,repeated,0,no,2,middle,no,not assessed,not assessed,
Sunless 05,12,7,1,A4,69,o,Godin band midpoint,1.111,close,A#3,11.5,not assessed,not assessed,not assessed,none,not assessed,short,step,1,no,2,middle,yes,not assessed,not assessed,
Sunless 05,12,7,3,F#4,66,ʌ,Godin band midpoint,0.556,close,F4,1.5,not assessed,not assessed,not assessed,none,not assessed,short,leap-down,-3,no,2,last,no,not assessed,not assessed,
Sunless 05,12,7,4.5,C#4,61,i,Godin band midpoint,0.278,close,G3,6,not assessed,not assessed,not assessed,none,not assessed,short,leap-down,-5,yes,3,first,no,not assessed,not assessed,
Sunless 05,12,8,1,F4,65,ɑ,Godin band midpoint,0.833,close,F4,0.5,not assessed,not assessed,not assessed,none,not assessed,short,leap-up,4,no,3,middle,no,not assessed,not assessed,
Sunless 05,12,8,2.5,G#4,68,u,Godin band midpoint,0.278,above,G3,13,not assessed,not assessed,not assessed,none,not assessed,short,leap-up,3,no,3,middle,no,not assessed,not assessed,
Sunless 05,12,8,3,G4,67,ɪ,Godin band midpoint,0.417,close,A#3,9.5,not assessed,not assessed,not assessed,none,not assessed,short,step,-1,no,3,middle,no,not assessed,not assessed,
Sunless 05,12,8,3.75,G4,67,ɑ,Godin band midpoint,0.139,close,F4,2.5,not assessed,not assessed,not assessed,none,not assessed,short,repeated,0,no,3,middle,no,not assessed,not assessed,
Sunless 05,12,8,4,E4,64,i,Godin band midpoint,0.278,close,G3,9,not assessed,not assessed,not assessed,none,not assessed,short,leap-down,-3,no,3,middle,no,not assessed,not assessed,
Sunless 05,12,8,4.5,A4,69,u,Godin band midpoint,0.278,above,G3,14,not assessed,not assessed,not assessed,none,not assessed,short,leap-up,5,no,3,middle,no,not assessed,not assessed,
Sunless 05,12,9,1,B4,71,ɨ,not assessed,0.417,not assessed,not assessed,not assessed,not assessed,not assessed,not assessed,not assessed,not assessed,short,step,2,no,3,middle,no,not assessed,not assessed,
Sunless 05,12,9,1.75,G#4,68,ʌ,Godin band midpoint,0.139,close,F4,3.5,not assessed,not assessed,not assessed,none,not assessed,short,leap-down,-3,no,3,middle,no,not assessed,not assessed,
Sunless 05,12,9,2,A4,69,i,Godin band midpoint,0.278,above,G3,14,not assessed,not assessed,not assessed,none,not assessed,short,step,1,no,3,middle,no,not assessed,not assessed,
Sunless 05,12,9,2.5,B4,71,ɑ,Godin band midpoint,0.278,close,F4,6.5,not assessed,not assessed,not assessed,none,not assessed,short,step,2,no,3,middle,no,not assessed,not assessed,
Sunless 05,12,9,3,C#5,73,o,Godin band midpoint,0.556,above,A#3,15.5,not assessed,not assessed,not assessed,none,not assessed,short,step,2,no,3,middle,yes,not assessed,not assessed,
Sunless 05,12,9,4,A4,69,ʌ,Godin band midpoint,0.185,close,F4,4.5,not assessed,not assessed,not assessed,none,not assessed,short,leap-down,-4,no,3,last,no,not assessed,not assessed,
Sunless 05,12,9,4.667,A4,69,ɑ,Godin band midpoint,0.185,close,F4,4.5,not assessed,not assessed,not assessed,none,not assessed,short,repeated,0,yes,4,first,no,not assessed,not assessed,
Sunless 05,12,10,1,G#4,68,e,Godin band midpoint,0.556,close,A#3,10.5,not assessed,not assessed,not assessed,none,not assessed,short,step,-1,no,4,middle,no,not assessed,not assessed,
Sunless 05,12,10,2,B4,71,ɑ,Godin band midpoint,0.556,close,F4,6.5,not assessed,not assessed,not assessed,none,not assessed,short,leap-up,3,no,4,middle,yes,not assessed,not assessed,
Sunless 05,12,10,3,A4,69,u,Godin band midpoint,0.417,above,G3,14,not assessed,not assessed,not assessed,none,not assessed,short,step,-2,no,4,middle,no,not assessed,not assessed,
Sunless 05,12,10,3.75,A4,69,i,Godin band midpoint,0.139,above,G3,14,not assessed,not assessed,not assessed,none,not assessed,short,repeated,0,no,4,middle,no,not assessed,not assessed,
Sunless 05,12,10,4,E4,64,ɪ,Godin band midpoint,0.278,close,A#3,6.5,not assessed,not assessed,not assessed,none,not assessed,short,leap-down,-5,no,4,middle,no,not assessed,not assessed,
Sunless 05,12,10,4.5,C#4,61,ɑ,Godin band midpoint,0.278,open,F4,-3.5,not assessed,not assessed,not assessed,none,not assessed,short,leap-down,-3,no,4,middle,no,not assessed,not assessed,
Sunless 05,12,11,1,G#4,68,ɑ,Godin band midpoint,0.556,close,F4,3.5,not assessed,not assessed,not assessed,none,not assessed,short,leap-up,7,no,4,middle,no,not assessed,not assessed,
Sunless 05,12,11,2,G#4,68,ɑ,Godin band midpoint,0.278,close,F4,3.5,not assessed,not assessed,not assessed,none,not assessed,short,tie,0,no,4,last,no,not assessed,not assessed,
Sunless 05,12,11,4.5,C#5,73,ɑ,Godin band midpoint,0.278,close,F4,8.5,not assessed,not assessed,not assessed,none,not assessed,short,leap-up,5,yes,5,first,no,not assessed,not assessed,
Sunless 05,12,12,1,D5,74,o,Godin band midpoint,0.278,above,A#3,16.5,not assessed,not assessed,not assessed,none,not assessed,short,step,1,no,5,middle,yes,not assessed,not assessed,
Sunless 05,12,12,1.5,F#4,66,i,Godin band midpoint,0.278,close,G3,11,not assessed,not assessed,not assessed,none,not assessed,short,leap-down,-8,no,5,middle,no,not assessed,not assessed,
Sunless 05,12,12,2,F4,65,ʌ,Godin band midpoint,0.278,close,F4,0.5,not assessed,not assessed,not assessed,none,not assessed,short,step,-1,no,5,middle,no,not assessed,not assessed,
Sunless 05,12,12,2.5,F#4,66,ɑ,Godin band midpoint,0.278,close,F4,1.5,not assessed,not assessed,not assessed,none,not assessed,short,step,1,no,5,middle,no,not assessed,not assessed,
Sunless 05,12,12,3,B4,71,ɑ,Godin band midpoint,0.556,close,F4,6.5,not assessed,not assessed,not assessed,none,not assessed,short,leap-up,5,no,5,last,no,not assessed,not assessed,
Sunless 05,12,12,4.5,C#5,73,i,Godin band midpoint,0.278,above,G3,18,not assessed,not assessed,not assessed,none,not assessed,short,step,2,yes,6,first,no,not assessed,not assessed,
Sunless 05,12,13,1,D4,62,ɛ,Godin band midpoint,0.278,open,F4,-2.5,not assessed,not assessed,not assessed,none,not assessed,short,leap-down,-11,no,6,middle,no,not assessed,not assessed,
Sunless 05,12,13,1.5,C#4,61,i,Godin band midpoint,0.278,close,G3,6,not assessed,not assessed,not assessed,none,not assessed,short,step,-1,no,6,middle,no,not assessed,not assessed,
Sunless 05,12,13,2,E4,64,ɨ,not assessed,0.278,not assessed,not assessed,not assessed,not assessed,not assessed,not assessed,not assessed,not assessed,short,leap-up,3,no,6,middle,no,not assessed,not assessed,
Sunless 05,12,13,2.5,D4,62,ɪ,Godin band midpoint,0.278,close,A#3,4.5,not assessed,not assessed,not assessed,none,not assessed,short,step,-2,no,6,middle,no,not assessed,not assessed,
Sunless 05,12,13,3,B4,71,u,Godin band midpoint,0.556,above,G3,16,not assessed,not assessed,not assessed,none,not assessed,short,leap-up,9,no,6,middle,no,not assessed,not assessed,
Sunless 05,12,13,4,F#4,66,ɨ,not assessed,0.278,not assessed,not assessed,not assessed,not assessed,not assessed,not assessed,not assessed,not assessed,short,leap-down,-5,no,6,middle,no,not assessed,not assessed,
Sunless 05,12,13,4.5,F#4,66,ɪ,Godin band midpoint,0.278,close,A#3,8.5,not assessed,not assessed,not assessed,none,not assessed,short,repeated,0,no,6,middle,no,not assessed,not assessed,
Sunless 05,12,14,1,G4,67,u,Godin band midpoint,0.278,crossing,G3,12,not assessed,not assessed,not assessed,none,not assessed,short,step,1,no,6,middle,no,not assessed,not assessed,
Sunless 05,12,14,1.5,F#4,66,none resolved,not assessed,0.278,not assessed,not assessed,not assessed,not assessed,not assessed,not assessed,not assessed,not assessed,short,step,-1,no,6,middle,no,not assessed,not assessed,
Sunless 05,12,14,2,F4,65,ɑ,Godin band midpoint,0.278,close,F4,0.5,not assessed,not assessed,not assessed,none,not assessed,short,step,-1,no,6,middle,no,not assessed,not assessed,
Sunless 05,12,14,2.5,F#4,66,ɑ,Godin band midpoint,0.278,close,F4,1.5,not assessed,not assessed,not assessed,none,not assessed,short,step,1,no,6,middle,no,not assessed,not assessed,
Sunless 05,12,14,3,B4,71,o,Godin band midpoint,0.833,above,A#3,13.5,not assessed,not assessed,not assessed,none,not assessed,short,leap-up,5,no,6,middle,no,not assessed,not assessed,
Sunless 05,12,14,4.5,C#5,73,ɪ,Godin band midpoint,0.278,above,A#3,15.5,not assessed,not assessed,not assessed,none,not assessed,short,step,2,no,6,middle,no,not assessed,not assessed,
Sunless 05,12,15,1,D5,74,o,Godin band midpoint,0.278,above,A#3,16.5,not assessed,not assessed,not assessed,none,not assessed,short,step,1,no,6,middle,yes,not assessed,not assessed,
Sunless 05,12,15,1.5,G#4,68,ɨ,not assessed,0.278,not assessed,not assessed,not assessed,not assessed,not assessed,not assessed,not assessed,not assessed,short,leap-down,-6,no,6,middle,no,not assessed,not assessed,
Sunless 05,12,15,2,G4,67,i,Godin band midpoint,0.278,crossing,G3,12,not assessed,not assessed,not assessed,none,not assessed,short,step,-1,no,6,middle,no,not assessed,not assessed,
Sunless 05,12,15,2.5,B4,71,u,Godin band midpoint,0.278,above,G3,16,not assessed,not assessed,not assessed,none,not assessed,short,leap-up,4,no,6,middle,no,not assessed,not assessed,
Sunless 05,12,15,3,C#5,73,u,Godin band midpoint,0.556,above,G3,18,not assessed,not assessed,not assessed,none,not assessed,short,step,2,no,6,middle,no,not assessed,not assessed,
Sunless 05,12,15,4,A#4,70,ɨ,not assessed,0.278,not assessed,not assessed,not assessed,not assessed,not assessed,not assessed,not assessed,not assessed,short,leap-down,-3,no,6,middle,no,not assessed,not assessed,
Sunless 05,12,15,4.5,F#4,66,i,Godin band midpoint,0.278,close,G3,11,not assessed,not assessed,not assessed,none,not assessed,short,leap-down,-4,no,6,middle,no,not assessed,not assessed,
Sunless 05,12,16,1,G4,67,o,Godin band midpoint,0.833,close,A#3,9.5,not assessed,not assessed,not assessed,none,not assessed,short,step,1,no,6,middle,no,not assessed,not assessed,
Sunless 05,12,16,2.5,G4,67,ɪ,Godin band midpoint,0.278,close,A#3,9.5,not assessed,not assessed,not assessed,none,not assessed,short,repeated,0,no,6,middle,no,not assessed,not assessed,
Sunless 05,12,16,3,A#4,70,i,Godin band midpoint,0.556,above,G3,15,not assessed,not assessed,not assessed,none,not assessed,short,leap-up,3,no,6,middle,no,not assessed,not assessed,
Sunless 05,12,16,4,C#5,73,ɑ,Godin band midpoint,0.556,close,F4,8.5,not assessed,not assessed,not assessed,none,not assessed,short,leap-up,3,no,6,middle,no,not assessed,not assessed,
Sunless 05,12,17,1,A4,69,ɛ,Godin band midpoint,0.556,close,F4,4.5,not assessed,not assessed,not assessed,none,not assessed,short,leap-down,-4,no,6,last,no,not assessed,not assessed,
Sunless 05,12,17,4,A4,69,o,Godin band midpoint,0.556,close,A#3,11.5,not assessed,not assessed,not assessed,none,not assessed,short,repeated,0,yes,7,first,no,not assessed,not assessed,
Sunless 05,12,18,1,B4,71,ɑ,Godin band midpoint,0.833,close,F4,6.5,not assessed,not assessed,not assessed,none,not assessed,short,step,2,no,7,middle,yes,not assessed,not assessed,
Sunless 05,12,18,2.5,F#4,66,o,Godin band midpoint,0.278,close,A#3,8.5,not assessed,not assessed,not assessed,none,not assessed,short,leap-down,-5,no,7,middle,no,not assessed,not assessed,
Sunless 05,12,18,3,F#4,66,ʌ,Godin band midpoint,0.556,close,F4,1.5,not assessed,not assessed,not assessed,none,not assessed,short,repeated,0,no,7,middle,no,not assessed,not assessed,
Sunless 05,12,18,4,G4,67,ɑ,Godin band midpoint,0.556,close,F4,2.5,not assessed,not assessed,not assessed,none,not assessed,short,step,1,no,7,middle,no,not assessed,not assessed,
Sunless 05,12,19,1,B4,71,i,Godin band midpoint,0.556,above,G3,16,not assessed,not assessed,not assessed,none,not assessed,short,leap-up,4,no,7,last,yes,not assessed,not assessed,
Sunless 05,12,19,4,A4,69,ɑ,Godin band midpoint,0.556,close,F4,4.5,not assessed,not assessed,not assessed,none,not assessed,short,step,-2,yes,8,first,no,not assessed,not assessed,
Sunless 05,12,20,1,A#4,70,o,Godin band midpoint,0.278,above,A#3,12.5,not assessed,not assessed,not assessed,none,not assessed,short,step,1,no,8,middle,no,not assessed,not assessed,
Sunless 05,12,20,1.5,A4,69,o,Godin band midpoint,0.556,close,A#3,11.5,not assessed,not assessed,not assessed,none,not assessed,short,step,-1,no,8,middle,no,not assessed,not assessed,
Sunless 05,12,20,2.5,D4,62,ɑ,Godin band midpoint,0.278,open,F4,-2.5,not assessed,not assessed,not assessed,none,not assessed,short,leap-down,-7,no,8,middle,no,not assessed,not assessed,
Sunless 05,12,20,3,D4,62,e,Godin band midpoint,0.417,close,A#3,4.5,not assessed,not assessed,not assessed,none,not assessed,short,repeated,0,no,8,middle,no,not assessed,not assessed,
Sunless 05,12,20,3.75,C#4,61,ɑ,Godin band midpoint,0.139,open,F4,-3.5,not assessed,not assessed,not assessed,none,not assessed,short,step,-1,no,8,middle,no,not assessed,not assessed,
Sunless 05,12,20,4,C#4,61,ɨ,not assessed,0.278,not assessed,not assessed,not assessed,not assessed,not assessed,not assessed,not assessed,not assessed,short,repeated,0,no,8,middle,no,not assessed,not assessed,
Sunless 05,12,20,4.5,C#5,73,ɑ,Godin band midpoint,0.278,close,F4,8.5,not assessed,not assessed,not assessed,none,not assessed,short,leap-up,12,no,8,middle,no,not assessed,not assessed,
Sunless 05,12,21,1,D5,74,o,Godin band midpoint,0.278,above,A#3,16.5,not assessed,not assessed,not assessed,none,not assessed,short,step,1,no,8,middle,yes,not assessed,not assessed,
Sunless 05,12,21,1.5,A4,69,u,Godin band midpoint,0.278,above,G3,14,not assessed,not assessed,not assessed,none,not assessed,short,leap-down,-5,no,8,middle,no,not assessed,not assessed,
Sunless 05,12,21,2,A4,69,ɪ,Godin band midpoint,0.278,close,A#3,11.5,not assessed,not assessed,not assessed,none,not assessed,short,repeated,0,no,8,middle,no,not assessed,not assessed,
Sunless 05,12,21,2.5,A4,69,ɨ,not assessed,0.278,not assessed,not assessed,not assessed,not assessed,not assessed,not assessed,not assessed,not assessed,short,repeated,0,no,8,middle,no,not assessed,not assessed,
Sunless 05,12,21,3,G4,67,ɨ,not assessed,0.556,not assessed,not assessed,not assessed,not assessed,not assessed,not assessed,not assessed,not assessed,short,step,-2,no,8,last,no,not assessed,not assessed,
Sunless 05,12,22,1,A4,69,i,Godin band midpoint,0.556,above,G3,14,not assessed,not assessed,not assessed,none,not assessed,short,step,2,yes,9,first,yes,not assessed,not assessed,
Sunless 05,12,22,2,F#4,66,o,Godin band midpoint,0.278,close,A#3,8.5,not assessed,not assessed,not assessed,none,not assessed,short,leap-down,-3,no,9,middle,no,not assessed,not assessed,
Sunless 05,12,22,2.5,D4,62,ɑ,Godin band midpoint,0.278,open,F4,-2.5,not assessed,not assessed,not assessed,none,not assessed,short,leap-down,-4,no,9,middle,no,not assessed,not assessed,
Sunless 05,12,22,3,G#4,68,e,Godin band midpoint,0.417,close,A#3,10.5,not assessed,not assessed,not assessed,none,not assessed,short,leap-up,6,no,9,middle,no,not assessed,not assessed,
Sunless 05,12,22,3.75,F4,65,i,Godin band midpoint,0.139,close,G3,10,not assessed,not assessed,not assessed,none,not assessed,short,leap-down,-3,no,9,middle,no,not assessed,not assessed,
Sunless 05,12,22,4,F4,65,ɑ,Godin band midpoint,0.278,close,F4,0.5,not assessed,not assessed,not assessed,none,not assessed,short,repeated,0,no,9,last,no,not assessed,not assessed,
Sunless 05,12,23,2,A4,69,i,Godin band midpoint,0.556,above,G3,14,not assessed,not assessed,not assessed,none,not assessed,short,leap-up,4,yes,10,first,no,not assessed,not assessed,
Sunless 05,12,23,3,D5,74,o,Godin band midpoint,0.556,above,A#3,16.5,not assessed,not assessed,not assessed,none,not assessed,short,leap-up,5,no,10,middle,yes,not assessed,not assessed,
Sunless 05,12,23,4,C5,72,o,Godin band midpoint,0.278,above,A#3,14.5,not assessed,not assessed,not assessed,none,not assessed,short,step,-2,no,10,middle,no,not assessed,not assessed,
Sunless 05,12,23,4.5,A#4,70,ɨ,not assessed,0.278,not assessed,not assessed,not assessed,not assessed,not assessed,not assessed,not assessed,not assessed,short,step,-2,no,10,last,no,not assessed,not assessed,
Sunless 05,12,24,4.5,D4,62,ɪ,Godin band midpoint,0.278,close,A#3,4.5,not assessed,not assessed,not assessed,none,not assessed,short,leap-down,-8,yes,11,first,no,not assessed,not assessed,
Sunless 05,12,25,1,A4,69,u,Godin band midpoint,0.833,above,G3,14,not assessed,not assessed,not assessed,none,not assessed,short,leap-up,7,no,11,middle,no,not assessed,not assessed,
Sunless 05,12,25,2.5,F4,65,none resolved,not assessed,0.278,not assessed,not assessed,not assessed,not assessed,not assessed,not assessed,not assessed,not assessed,short,leap-down,-4,no,11,middle,no,not assessed,not assessed,
Sunless 05,12,25,3,G4,67,u,Godin band midpoint,0.417,crossing,G3,12,not assessed,not assessed,not assessed,none,not assessed,short,step,2,no,11,middle,no,not assessed,not assessed,
Sunless 05,12,25,3.75,E4,64,ɨ,not assessed,0.139,not assessed,not assessed,not assessed,not assessed,not assessed,not assessed,not assessed,not assessed,short,leap-down,-3,no,11,middle,no,not assessed,not assessed,
Sunless 05,12,25,4,E4,64,ɛ,Godin band midpoint,0.278,open,F4,-0.5,not assessed,not assessed,not assessed,none,not assessed,short,repeated,0,no,11,middle,no,not assessed,not assessed,
Sunless 05,12,25,4.5,G4,67,ɪ,Godin band midpoint,0.278,close,A#3,9.5,not assessed,not assessed,not assessed,none,not assessed,short,leap-up,3,no,11,middle,no,not assessed,not assessed,
Sunless 05,12,26,1,A4,69,e,Godin band midpoint,0.278,close,A#3,11.5,not assessed,not assessed,not assessed,none,not assessed,short,step,2,no,11,middle,no,not assessed,not assessed,
Sunless 05,12,26,1.5,F4,65,i,Godin band midpoint,0.278,close,G3,10,not assessed,not assessed,not assessed,none,not assessed,short,leap-down,-4,no,11,middle,no,not assessed,not assessed,
Sunless 05,12,26,2,G4,67,i,Godin band midpoint,0.278,crossing,G3,12,not assessed,not assessed,not assessed,none,not assessed,short,step,2,no,11,middle,no,not assessed,not assessed,
Sunless 05,12,26,2.5,A4,69,ɑ,Godin band midpoint,0.278,close,F4,4.5,not assessed,not assessed,not assessed,none,not assessed,short,step,2,no,11,middle,no,not assessed,not assessed,
Sunless 05,12,26,3,B4,71,ɑ,Godin band midpoint,0.556,close,F4,6.5,not assessed,not assessed,not assessed,none,not assessed,short,step,2,no,11,middle,yes,not assessed,not assessed,
Sunless 05,12,26,4,B4,71,ɑ,Godin band midpoint,0.278,close,F4,6.5,not assessed,not assessed,not assessed,none,not assessed,short,tie,0,no,11,last,yes,not assessed,not assessed,
Sunless 05,12,27,1,F#4,66,o,Godin band midpoint,0.556,close,A#3,8.5,not assessed,not assessed,not assessed,none,not assessed,short,leap-down,-5,yes,12,first,no,not assessed,not assessed,
Sunless 05,12,27,2,F4,65,ɛ,Godin band midpoint,0.278,close,F4,0.5,not assessed,not assessed,not assessed,none,not assessed,short,step,-1,no,12,middle,no,not assessed,not assessed,
Sunless 05,12,27,2.5,F#4,66,ɑ,Godin band midpoint,0.278,close,F4,1.5,not assessed,not assessed,not assessed,none,not assessed,short,step,1,no,12,middle,no,not assessed,not assessed,
Sunless 05,12,27,3,D4,62,a,Godin band midpoint,0.278,open,G#4,-5.5,not assessed,not assessed,not assessed,none,not assessed,short,leap-down,-4,no,12,middle,no,not assessed,not assessed,
Sunless 05,12,27,3.5,D#4,63,ɪ,Godin band midpoint,0.278,close,A#3,5.5,not assessed,not assessed,not assessed,none,not assessed,short,step,1,no,12,middle,no,not assessed,not assessed,
Sunless 05,12,27,4,G#4,68,ɨ,not assessed,0.278,not assessed,not assessed,not assessed,not assessed,not assessed,not assessed,not assessed,not assessed,short,leap-up,5,no,12,middle,yes,not assessed,not assessed,
Sunless 05,12,27,4.5,G#4,68,u,Godin band midpoint,0.278,above,G3,13,not assessed,not assessed,not assessed,none,not assessed,short,repeated,0,no,12,middle,yes,not assessed,not assessed,
Sunless 05,12,28,1,G#4,68,i,Godin band midpoint,0.278,above,G3,13,not assessed,not assessed,not assessed,none,not assessed,short,repeated,0,no,12,middle,yes,not assessed,not assessed,
Sunless 05,12,28,1.5,E4,64,ʌ,Godin band midpoint,0.278,open,F4,-0.5,not assessed,not assessed,not assessed,none,not assessed,short,leap-down,-4,no,12,middle,no,not assessed,not assessed,
Sunless 05,12,28,2,D#4,63,ʌ,Godin band midpoint,0.278,open,F4,-1.5,not assessed,not assessed,not assessed,none,not assessed,short,step,-1,no,12,middle,no,not assessed,not assessed,
Sunless 05,12,28,2.5,C#4,61,i,Godin band midpoint,0.278,close,G3,6,not assessed,not assessed,not assessed,none,not assessed,short,step,-2,no,12,middle,no,not assessed,not assessed,
Sunless 05,12,28,3,F#4,66,ɑ,Godin band midpoint,0.556,close,F4,1.5,not assessed,not assessed,not assessed,none,not assessed,short,leap-up,5,no,12,last,no,not assessed,not assessed,
Sunless 05,12,28,4.5,F#4,66,ɑ,Godin band midpoint,0.278,close,F4,1.5,not assessed,not assessed,not assessed,none,not assessed,short,repeated,0,yes,13,first,no,not assessed,not assessed,
Sunless 05,12,29,1,A4,69,u,Godin band midpoint,0.417,above,G3,14,not assessed,not assessed,not assessed,none,not assessed,short,leap-up,3,no,13,middle,no,not assessed,not assessed,
Sunless 05,12,29,1.75,A4,69,ɑ,Godin band midpoint,0.139,close,F4,4.5,not assessed,not assessed,not assessed,none,not assessed,short,repeated,0,no,13,middle,no,not assessed,not assessed,
Sunless 05,12,29,2,G#4,68,ɑ,Godin band midpoint,0.278,close,F4,3.5,not assessed,not assessed,not assessed,none,not assessed,short,step,-1,no,13,middle,no,not assessed,not assessed,
Sunless 05,12,29,2.5,A4,69,ɑ,Godin band midpoint,0.278,close,F4,4.5,not assessed,not assessed,not assessed,none,not assessed,short,step,1,no,13,middle,no,not assessed,not assessed,
Sunless 05,12,29,3,B4,71,o,Godin band midpoint,0.278,above,A#3,13.5,not assessed,not assessed,not assessed,none,not assessed,short,step,2,no,13,middle,no,not assessed,not assessed,
Sunless 05,12,29,3.5,G#4,68,u,Godin band midpoint,0.278,above,G3,13,not assessed,not assessed,not assessed,none,not assessed,short,leap-down,-3,no,13,middle,no,not assessed,not assessed,
Sunless 05,12,29,4,C#5,73,ɨ,not assessed,0.556,not assessed,not assessed,not assessed,not assessed,not assessed,not assessed,not assessed,not assessed,short,leap-up,5,no,13,last,yes,not assessed,not assessed,
Sunless 05,12,30,1.5,C#5,73,ɨ,not assessed,0.278,not assessed,not assessed,not assessed,not assessed,not assessed,not assessed,not assessed,not assessed,short,repeated,0,yes,14,first,no,not assessed,not assessed,
Sunless 05,12,30,2,C5,72,ɨ,not assessed,0.278,not assessed,not assessed,not assessed,not assessed,not assessed,not assessed,not assessed,not assessed,short,step,-1,no,14,middle,no,not assessed,not assessed,
Sunless 05,12,30,2.5,A4,69,ɪ,Godin band midpoint,0.278,close,A#3,11.5,not assessed,not assessed,not assessed,none,not assessed,short,leap-down,-3,no,14,middle,no,not assessed,not assessed,
Sunless 05,12,30,3,A#4,70,o,Godin band midpoint,0.556,above,A#3,12.5,not assessed,not assessed,not assessed,none,not assessed,short,step,1,no,14,middle,no,not assessed,not assessed,
Sunless 05,12,30,4,F#4,66,ɨ,not assessed,0.278,not assessed,not assessed,not assessed,not assessed,not assessed,not assessed,not assessed,not assessed,short,leap-down,-4,no,14,middle,no,not assessed,not assessed,
Sunless 05,12,30,4.5,C#5,73,o,Godin band midpoint,0.278,above,A#3,15.5,not assessed,not assessed,not assessed,none,not assessed,short,leap-up,7,no,14,middle,no,not assessed,not assessed,
Sunless 05,12,31,1,D5,74,i,Godin band midpoint,0.278,above,G3,19,not assessed,not assessed,not assessed,none,not assessed,short,step,1,no,14,middle,yes,not assessed,not assessed,
Sunless 05,12,31,1.5,F#4,66,ɨ,not assessed,0.278,not assessed,not assessed,not assessed,not assessed,not assessed,not assessed,not assessed,not assessed,short,leap-down,-8,no,14,middle,no,not assessed,not assessed,
Sunless 05,12,31,2,F4,65,o,Godin band midpoint,0.278,close,A#3,7.5,not assessed,not assessed,not assessed,none,not assessed,short,step,-1,no,14,middle,no,not assessed,not assessed,
Sunless 05,12,31,2.5,F#4,66,ɨ,not assessed,0.278,not assessed,not assessed,not assessed,not assessed,not assessed,not assessed,not assessed,not assessed,short,step,1,no,14,middle,no,not assessed,not assessed,
Sunless 05,12,31,3,B4,71,ɑ,Godin band midpoint,0.556,close,F4,6.5,not assessed,not assessed,not assessed,none,not assessed,short,leap-up,5,no,14,last,no,not assessed,not assessed,
Sunless 05,12,31,4.5,C#5,73,ɑ,Godin band midpoint,0.278,close,F4,8.5,not assessed,not assessed,not assessed,none,not assessed,short,step,2,yes,15,first,no,not assessed,not assessed,
Sunless 05,12,32,1,D4,62,ɨ,not assessed,0.278,not assessed,not assessed,not assessed,not assessed,not assessed,not assessed,not assessed,not assessed,short,leap-down,-11,no,15,middle,no,not assessed,not assessed,
Sunless 05,12,32,1.5,C#4,61,ɪ,Godin band midpoint,0.278,close,A#3,3.5,not assessed,not assessed,not assessed,none,not assessed,short,step,-1,no,15,middle,no,not assessed,not assessed,
Sunless 05,12,32,2,E4,64,o,Godin band midpoint,0.278,close,A#3,6.5,not assessed,not assessed,not assessed,none,not assessed,short,leap-up,3,no,15,middle,no,not assessed,not assessed,
Sunless 05,12,32,2.5,D4,62,u,Godin band midpoint,0.278,close,G3,7,not assessed,not assessed,not assessed,none,not assessed,short,step,-2,no,15,middle,no,not assessed,not assessed,
Sunless 05,12,32,3,B4,71,o,Godin band midpoint,0.556,above,A#3,13.5,not assessed,not assessed,not assessed,none,not assessed,short,leap-up,9,no,15,middle,no,not assessed,not assessed,
Sunless 05,12,32,4,F#4,66,ɨ,not assessed,0.278,not assessed,not assessed,not assessed,not assessed,not assessed,not assessed,not assessed,not assessed,short,leap-down,-5,no,15,middle,no,not assessed,not assessed,
Sunless 05,12,32,4.5,F#4,66,ɪ,Godin band midpoint,0.278,close,A#3,8.5,not assessed,not assessed,not assessed,none,not assessed,short,repeated,0,no,15,middle,no,not assessed,not assessed,
Sunless 05,12,33,1,G4,67,u,Godin band midpoint,0.278,crossing,G3,12,not assessed,not assessed,not assessed,none,not assessed,short,step,1,no,15,middle,no,not assessed,not assessed,
Sunless 05,12,33,1.5,F#4,66,ɪ,Godin band midpoint,0.278,close,A#3,8.5,not assessed,not assessed,not assessed,none,not assessed,short,step,-1,no,15,middle,no,not assessed,not assessed,
Sunless 05,12,33,2,F4,65,ʌ,Godin band midpoint,0.278,close,F4,0.5,not assessed,not assessed,not assessed,none,not assessed,short,step,-1,no,15,middle,no,not assessed,not assessed,
Sunless 05,12,33,2.5,F#4,66,ɑ,Godin band midpoint,0.278,close,F4,1.5,not assessed,not assessed,not assessed,none,not assessed,short,step,1,no,15,middle,no,not assessed,not assessed,
Sunless 05,12,33,3,B4,71,o,Godin band midpoint,0.833,above,A#3,13.5,not assessed,not assessed,not assessed,none,not assessed,short,leap-up,5,no,15,middle,no,not assessed,not assessed,
Sunless 05,12,33,4.5,C#5,73,u,Godin band midpoint,0.278,above,G3,18,not assessed,not assessed,not assessed,none,not assessed,short,step,2,no,15,middle,no,not assessed,not assessed,
Sunless 05,12,34,1,D5,74,ɑ,Godin band midpoint,0.278,close,F4,9.5,not assessed,not assessed,not assessed,none,not assessed,short,step,1,no,15,middle,yes,not assessed,not assessed,
Sunless 05,12,34,1.5,G#4,68,u,Godin band midpoint,0.278,above,G3,13,not assessed,not assessed,not assessed,none,not assessed,short,leap-down,-6,no,15,middle,no,not assessed,not assessed,
Sunless 05,12,34,2,G4,67,o,Godin band midpoint,0.278,close,A#3,9.5,not assessed,not assessed,not assessed,none,not assessed,short,step,-1,no,15,middle,no,not assessed,not assessed,
Sunless 05,12,34,2.5,B4,71,ɨ,not assessed,0.278,not assessed,not assessed,not assessed,not assessed,not assessed,not assessed,not assessed,not assessed,short,leap-up,4,no,15,middle,no,not assessed,not assessed,
Sunless 05,12,34,3,C#5,73,u,Godin band midpoint,0.278,above,G3,18,not assessed,not assessed,not assessed,none,not assessed,short,step,2,no,15,last,no,not assessed,not assessed,
Sunless 05,12,34,4,C#5,73,i,Godin band midpoint,0.556,above,G3,18,not assessed,not assessed,not assessed,none,not assessed,short,repeated,0,yes,16,first,no,not assessed,not assessed,
Sunless 05,12,35,1,D5,74,ɨ,not assessed,0.556,not assessed,not assessed,not assessed,not assessed,not assessed,not assessed,not assessed,not assessed,short,step,1,no,16,middle,yes,not assessed,not assessed,
Sunless 05,12,35,2,A4,69,ɨ,not assessed,0.556,not assessed,not assessed,not assessed,not assessed,not assessed,not assessed,not assessed,not assessed,short,leap-down,-5,no,16,middle,no,not assessed,not assessed,
Sunless 05,12,35,3,A#4,70,none resolved,not assessed,0.833,not assessed,not assessed,not assessed,not assessed,not assessed,not assessed,not assessed,not assessed,short,step,1,no,16,middle,no,not assessed,not assessed,
Sunless 05,12,35,4.5,C5,72,ɑ,Godin band midpoint,0.278,close,F4,7.5,not assessed,not assessed,not assessed,none,not assessed,short,step,2,no,16,middle,no,not assessed,not assessed,
Sunless 05,12,36,1,D5,74,i,Godin band midpoint,0.556,above,G3,19,not assessed,not assessed,not assessed,none,not assessed,short,step,2,no,16,last,yes,not assessed,not assessed,
Sunless 05,12,36,3.5,D5,74,ɛ,Godin band midpoint,0.278,close,F4,9.5,not assessed,not assessed,not assessed,none,not assessed,short,repeated,0,yes,17,first,yes,not assessed,not assessed,
Sunless 05,12,36,4,C5,72,o,Godin band midpoint,0.278,above,A#3,14.5,not assessed,not assessed,not assessed,none,not assessed,short,step,-2,no,17,middle,no,not assessed,not assessed,
Sunless 05,12,36,4.5,B4,71,o,Godin band midpoint,0.278,above,A#3,13.5,not assessed,not assessed,not assessed,none,not assessed,short,step,-1,no,17,middle,no,not assessed,not assessed,
Sunless 05,12,37,1,C5,72,ɨ,not assessed,0.833,not assessed,not assessed,not assessed,not assessed,not assessed,not assessed,not assessed,not assessed,short,step,1,no,17,middle,no,not assessed,not assessed,
Sunless 05,12,37,2.5,B4,71,i,Godin band midpoint,0.278,above,G3,16,not assessed,not assessed,not assessed,none,not assessed,short,step,-1,no,17,middle,no,not assessed,not assessed,
Sunless 05,12,37,3,A4,69,u,Godin band midpoint,0.556,above,G3,14,not assessed,not assessed,not assessed,none,not assessed,short,step,-2,no,17,last,no,not assessed,not assessed,
Sunless 05,12,37,4.5,F#4,66,o,Godin band midpoint,0.278,close,A#3,8.5,not assessed,not assessed,not assessed,none,not assessed,short,leap-down,-3,yes,18,first,no,not assessed,not assessed,
Sunless 05,12,38,1,G4,67,ɨ,not assessed,0.556,not assessed,not assessed,not assessed,not assessed,not assessed,not assessed,not assessed,not assessed,short,step,1,no,18,middle,no,not assessed,not assessed,
Sunless 05,12,38,2,G4,67,ɪ,Godin band midpoint,0.556,close,A#3,9.5,not assessed,not assessed,not assessed,none,not assessed,short,repeated,0,no,18,middle,no,not assessed,not assessed,
Sunless 05,12,38,3,C5,72,u,Godin band midpoint,0.833,above,G3,17,not assessed,not assessed,not assessed,none,not assessed,short,leap-up,5,no,18,middle,no,not assessed,not assessed,
Sunless 05,12,38,4.5,B4,71,ʌ,Godin band midpoint,0.278,close,F4,6.5,not assessed,not assessed,not assessed,none,not assessed,short,step,-1,no,18,middle,no,not assessed,not assessed,
Sunless 05,12,39,1,E5,76,ɛ,Godin band midpoint,0.556,close,F4,11.5,not assessed,not assessed,not assessed,none,not assessed,short,leap-up,5,no,18,last,yes,not assessed,not assessed,
Sunless 05,12,39,3,C5,72,ɑ,Godin band midpoint,1.111,close,F4,7.5,not assessed,not assessed,not assessed,none,not assessed,short,leap-down,-4,yes,19,first,yes,not assessed,not assessed,
Sunless 05,12,40,1,E4,64,ɨ,not assessed,0.278,not assessed,not assessed,not assessed,not assessed,not assessed,not assessed,not assessed,not assessed,short,leap-down,-8,no,19,middle,no,not assessed,not assessed,
Sunless 05,12,40,1.5,D#4,63,ɑ,Godin band midpoint,0.278,open,F4,-1.5,not assessed,not assessed,not assessed,none,not assessed,short,step,-1,no,19,middle,no,not assessed,not assessed,
Sunless 05,12,40,2,G4,67,ɑ,Godin band midpoint,0.278,close,F4,2.5,not assessed,not assessed,not assessed,none,not assessed,short,leap-up,4,no,19,middle,no,not assessed,not assessed,
Sunless 05,12,40,2.5,F#4,66,ɨ,not assessed,0.278,not assessed,not assessed,not assessed,not assessed,not assessed,not assessed,not assessed,not assessed,short,step,-1,no,19,middle,no,not assessed,not assessed,
Sunless 05,12,40,3,A#4,70,o,Godin band midpoint,0.278,above,A#3,12.5,not assessed,not assessed,not assessed,none,not assessed,short,leap-up,4,no,19,middle,no,not assessed,not assessed,
Sunless 05,12,40,3.5,A#4,70,ʌ,Godin band midpoint,0.278,close,F4,5.5,not assessed,not assessed,not assessed,none,not assessed,short,repeated,0,no,19,last,no,not assessed,not assessed,
Sunless 05,12,40,4.5,A#4,70,ɨ,not assessed,0.278,not assessed,not assessed,not assessed,not assessed,not assessed,not assessed,not assessed,not assessed,short,repeated,0,yes,20,first,no,not assessed,not assessed,
Sunless 05,12,41,1,B4,71,e,Godin band midpoint,0.556,above,A#3,13.5,not assessed,not assessed,not assessed,none,not assessed,short,step,1,no,20,middle,no,not assessed,not assessed,
Sunless 05,12,41,2,C5,72,ʌ,Godin band midpoint,0.556,close,F4,7.5,not assessed,not assessed,not assessed,none,not assessed,short,step,1,no,20,middle,no,not assessed,not assessed,
Sunless 05,12,41,3,E5,76,ɛ,Godin band midpoint,0.278,close,F4,11.5,not assessed,not assessed,not assessed,none,not assessed,short,leap-up,4,no,20,middle,yes,not assessed,not assessed,
Sunless 05,12,41,3.5,D5,74,ʌ,Godin band midpoint,0.278,close,F4,9.5,not assessed,not assessed,not assessed,none,not assessed,short,step,-2,no,20,middle,no,not assessed,not assessed,
Sunless 05,12,41,4,D5,74,i,Godin band midpoint,0.278,above,G3,19,not assessed,not assessed,not assessed,none,not assessed,short,repeated,0,no,20,last,no,not assessed,not assessed,
Sunless 05,12,42,1.5,G4,67,ɛ,Godin band midpoint,0.278,close,F4,2.5,not assessed,not assessed,not assessed,none,not assessed,short,leap-down,-7,yes,21,first,no,not assessed,not assessed,
Sunless 05,12,42,2,C5,72,ɑ,Godin band midpoint,0.278,close,F4,7.5,not assessed,not assessed,not assessed,none,not assessed,short,leap-up,5,no,21,middle,yes,not assessed,not assessed,
Sunless 05,12,42,2.5,C5,72,u,Godin band midpoint,0.278,above,G3,17,not assessed,not assessed,not assessed,none,not assessed,short,repeated,0,no,21,middle,yes,not assessed,not assessed,
Sunless 05,12,42,3,E4,64,ɨ,not assessed,0.556,not assessed,not assessed,not assessed,not assessed,not assessed,not assessed,not assessed,not assessed,short,leap-down,-8,no,21,middle,no,not assessed,not assessed,
Sunless 05,12,42,4,G4,67,ɨ,not assessed,0.556,not assessed,not assessed,not assessed,not assessed,not assessed,not assessed,not assessed,not assessed,short,leap-up,3,no,21,middle,no,not assessed,not assessed,
Sunless 05,12,43,1,A#4,70,o,Godin band midpoint,0.556,above,A#3,12.5,not assessed,not assessed,not assessed,none,not assessed,short,leap-up,3,no,21,middle,no,not assessed,not assessed,
Sunless 05,12,43,2,A#4,70,o,Godin band midpoint,0.278,above,A#3,12.5,not assessed,not assessed,not assessed,none,not assessed,short,repeated,0,no,21,last,no,not assessed,not assessed,
Sunless 05,12,43,4.5,A#4,70,u,Godin band midpoint,0.278,above,G3,15,not assessed,not assessed,not assessed,none,not assessed,short,repeated,0,yes,22,first,yes,not assessed,not assessed,
Sunless 05,12,44,1,A#4,70,ɨ,not assessed,1.111,not assessed,not assessed,not assessed,not assessed,not assessed,not assessed,not assessed,not assessed,short,repeated,0,no,22,middle,yes,not assessed,not assessed,
Sunless 05,12,44,3,A4,69,ɨ,not assessed,0.556,not assessed,not assessed,not assessed,not assessed,not assessed,not assessed,not assessed,not assessed,short,step,-1,no,22,middle,no,not assessed,not assessed,
Sunless 05,12,44,4,A4,69,ɨ,not assessed,0.278,not assessed,not assessed,not assessed,not assessed,not assessed,not assessed,not assessed,not assessed,short,tie,0,no,22,last,no,not assessed,not assessed,
Sunless 05,12,45,1,F#4,66,e,Godin band midpoint,1.667,close,A#3,8.5,not assessed,not assessed,not assessed,none,not assessed,short,leap-down,-3,yes,23,first,yes,not assessed,not assessed,
Sunless 05,12,45,4,F#4,66,i,Godin band midpoint,0.556,close,G3,11,not assessed,not assessed,not assessed,none,not assessed,short,repeated,0,no,23,middle,yes,not assessed,not assessed,
Sunless 05,12,46,1,F#4,66,o,Godin band midpoint,1.111,close,A#3,8.5,not assessed,not assessed,not assessed,none,not assessed,short,repeated,0,no,23,last,yes,not assessed,not assessed,
Sunless 05,12,48,4,F#4,66,ɪ,Godin band midpoint,0.556,close,A#3,8.5,not assessed,not assessed,not assessed,none,not assessed,short,repeated,0,yes,24,first,no,not assessed,not assessed,
Sunless 05,12,49,1,F#4,66,e,Godin band midpoint,0.833,close,A#3,8.5,not assessed,not assessed,not assessed,none,not assessed,short,repeated,0,no,24,middle,no,not assessed,not assessed,
Sunless 05,12,49,2.5,F#4,66,i,Godin band midpoint,0.278,close,G3,11,not assessed,not assessed,not assessed,none,not assessed,short,repeated,0,no,24,middle,no,not assessed,not assessed,
Sunless 05,12,49,3,G#4,68,ʌ,Godin band midpoint,0.556,close,F4,3.5,not assessed,not assessed,not assessed,none,not assessed,short,step,2,no,24,middle,no,not assessed,not assessed,
Sunless 05,12,49,4,F#4,66,ɪ,Godin band midpoint,0.556,close,A#3,8.5,not assessed,not assessed,not assessed,none,not assessed,short,step,-2,no,24,middle,no,not assessed,not assessed,
Sunless 05,12,50,1,A#4,70,ɑ,Godin band midpoint,0.278,close,F4,5.5,not assessed,not assessed,not assessed,none,not assessed,short,leap-up,4,no,24,last,yes,not assessed,not assessed,
Sunless 05,12,50,2,A#4,70,ɑ,Godin band midpoint,0.556,close,F4,5.5,not assessed,not assessed,not assessed,none,not assessed,short,repeated,0,yes,25,first,no,not assessed,not assessed,
Sunless 05,12,50,3,B4,71,u,Godin band midpoint,0.556,above,G3,16,not assessed,not assessed,not assessed,none,not assessed,short,step,1,no,25,middle,yes,not assessed,not assessed,
Sunless 05,12,50,4,D4,62,ʌ,Godin band midpoint,0.556,open,F4,-2.5,not assessed,not assessed,not assessed,none,not assessed,short,leap-down,-9,no,25,middle,no,not assessed,not assessed,
Sunless 05,12,51,1,E4,64,o,Godin band midpoint,0.278,close,A#3,6.5,not assessed,not assessed,not assessed,none,not assessed,short,step,2,no,25,middle,no,not assessed,not assessed,
Sunless 05,12,51,1.5,D4,62,ɑ,Godin band midpoint,0.278,open,F4,-2.5,not assessed,not assessed,not assessed,none,not assessed,short,step,-2,no,25,middle,no,not assessed,not assessed,
Sunless 05,12,51,2,F#4,66,ɑ,Godin band midpoint,0.278,close,F4,1.5,not assessed,not assessed,not assessed,none,not assessed,short,leap-up,4,no,25,middle,no,not assessed,not assessed,
Sunless 05,12,51,2.5,A4,69,ɨ,not assessed,0.278,not assessed,not assessed,not assessed,not assessed,not assessed,not assessed,not assessed,not assessed,short,leap-up,3,no,25,middle,no,not assessed,not assessed,
Sunless 05,12,51,3,B4,71,ɑ,Godin band midpoint,0.556,close,F4,6.5,not assessed,not assessed,not assessed,none,not assessed,short,step,2,no,25,last,yes,not assessed,not assessed,
Sunless 05,12,51,4.5,B4,71,ɨ,not assessed,0.278,not assessed,not assessed,not assessed,not assessed,not assessed,not assessed,not assessed,not assessed,short,repeated,0,yes,26,first,yes,not assessed,not assessed,
Sunless 05,12,52,1,F#4,66,ɑ,Godin band midpoint,0.278,close,F4,1.5,not assessed,not assessed,not assessed,none,not assessed,short,leap-down,-5,no,26,middle,no,not assessed,not assessed,
Sunless 05,12,52,1.5,F#4,66,ɪ,Godin band midpoint,0.278,close,A#3,8.5,not assessed,not assessed,not assessed,none,not assessed,short,repeated,0,no,26,middle,no,not assessed,not assessed,
Sunless 05,12,52,2,E4,64,ɛ,Godin band midpoint,0.278,open,F4,-0.5,not assessed,not assessed,not assessed,none,not assessed,short,step,-2,no,26,middle,no,not assessed,not assessed,
Sunless 05,12,52,2.5,D#4,63,ɨ,not assessed,0.278,not assessed,not assessed,not assessed,not assessed,not assessed,not assessed,not assessed,not assessed,short,step,-1,no,26,middle,no,not assessed,not assessed,
Sunless 05,12,52,3,F#4,66,i,Godin band midpoint,0.833,close,G3,11,not assessed,not assessed,not assessed,none,not assessed,short,leap-up,3,no,26,middle,no,not assessed,not assessed,
Sunless 05,12,52,4.5,F#4,66,u,Godin band midpoint,0.278,close,G3,11,not assessed,not assessed,not assessed,none,not assessed,short,repeated,0,no,26,middle,no,not assessed,not assessed,
Sunless 05,12,53,1,G#4,68,ɑ,Godin band midpoint,0.833,close,F4,3.5,not assessed,not assessed,not assessed,none,not assessed,short,step,2,no,26,middle,no,not assessed,not assessed,
Sunless 05,12,53,2.5,G#4,68,ɪ,Godin band midpoint,0.278,close,A#3,10.5,not assessed,not assessed,not assessed,none,not assessed,short,repeated,0,no,26,middle,no,not assessed,not assessed,
Sunless 05,12,53,3,G#4,68,ɪ,Godin band midpoint,0.556,close,A#3,10.5,not assessed,not assessed,not assessed,none,not assessed,short,repeated,0,no,26,middle,no,not assessed,not assessed,
Sunless 05,12,53,4,G#4,68,ɑ,Godin band midpoint,0.556,close,F4,3.5,not assessed,not assessed,not assessed,none,not assessed,short,repeated,0,no,26,middle,no,not assessed,not assessed,
Sunless 05,12,54,1,A4,69,ɑ,Godin band midpoint,1.111,close,F4,4.5,not assessed,not assessed,not assessed,none,not assessed,short,step,1,no,26,middle,no,not assessed,not assessed,
Sunless 05,12,54,3,F#4,66,ʌ,Godin band midpoint,0.278,close,F4,1.5,not assessed,not assessed,not assessed,none,not assessed,short,leap-down,-3,no,26,last,no,not assessed,not assessed,
Sunless 05,12,54,4,F#4,66,ɑ,Godin band midpoint,0.556,close,F4,1.5,not assessed,not assessed,not assessed,none,not assessed,short,repeated,0,yes,27,first,no,not assessed,not assessed,
Sunless 05,12,55,1,F#4,66,u,Godin band midpoint,0.833,close,G3,11,not assessed,not assessed,not assessed,none,not assessed,short,repeated,0,no,27,middle,no,not assessed,not assessed,
Sunless 05,12,55,2.5,F#4,66,u,Godin band midpoint,0.278,close,G3,11,not assessed,not assessed,not assessed,none,not assessed,short,repeated,0,no,27,middle,no,not assessed,not assessed,
Sunless 05,12,55,3,A#4,70,ʌ,Godin band midpoint,0.556,close,F4,5.5,not assessed,not assessed,not assessed,none,not assessed,short,leap-up,4,no,27,middle,no,not assessed,not assessed,
Sunless 05,12,55,4,C#5,73,ɑ,Godin band midpoint,0.556,close,F4,8.5,not assessed,not assessed,not assessed,none,not assessed,short,leap-up,3,no,27,middle,no,not assessed,not assessed,
Sunless 05,12,56,1,D5,74,ɑ,Godin band midpoint,0.556,close,F4,9.5,not assessed,not assessed,not assessed,none,not assessed,short,step,1,no,27,middle,yes,not assessed,not assessed,
Sunless 05,12,56,2,D5,74,ɑ,Godin band midpoint,0.278,close,F4,9.5,not assessed,not assessed,not assessed,none,not assessed,short,tie,0,no,27,last,yes,not assessed,not assessed,
Sunless 05,12,56,4,D4,62,ɪ,Godin band midpoint,0.556,close,A#3,4.5,not assessed,not assessed,not assessed,none,not assessed,short,leap-down,-12,yes,28,first,no,not assessed,not assessed,
Sunless 05,12,57,1,F#4,66,o,Godin band midpoint,1.667,close,A#3,8.5,not assessed,not assessed,not assessed,none,not assessed,short,leap-up,4,no,28,middle,no,not assessed,not assessed,
Sunless 05,12,57,4,F#4,66,i,Godin band midpoint,0.556,close,G3,11,not assessed,not assessed,not assessed,none,not assessed,short,repeated,0,no,28,middle,no,not assessed,not assessed,
Sunless 05,12,58,1,F#4,66,ɪ,Godin band midpoint,1.111,close,A#3,8.5,not assessed,not assessed,not assessed,none,not assessed,short,repeated,0,no,28,middle,no,not assessed,not assessed,
Sunless 05,12,58,3,B4,71,ɑ,Godin band midpoint,1.111,close,F4,6.5,not assessed,not assessed,not assessed,none,not assessed,short,leap-up,5,no,28,middle,yes,not assessed,not assessed,
Sunless 05,12,59,1,F#4,66,ɑ,Godin band midpoint,1.111,close,F4,1.5,not assessed,not assessed,not assessed,none,not assessed,short,leap-down,-5,no,28,middle,no,not assessed,not assessed,
Sunless 05,12,59,3,F#4,66,ʌ,Godin band midpoint,0.556,close,F4,1.5,not assessed,not assessed,not assessed,none,not assessed,short,repeated,0,no,28,last,no,not assessed,not assessed,
Sunless 06,12,2,1,C#4,61,e,Godin band midpoint,1,close,A#3,3.5,not assessed,not assessed,not assessed,none,not assessed,short,first note,,,0,first,no,not assessed,not assessed,
Sunless 06,12,2,3,D#4,63,ɑ,Godin band midpoint,0.5,open,F4,-1.5,not assessed,not assessed,not assessed,none,not assessed,short,step,2,no,0,middle,no,not assessed,not assessed,
Sunless 06,12,2,4,F4,65,ɑ,Godin band midpoint,0.5,close,F4,0.5,not assessed,not assessed,not assessed,none,not assessed,short,step,2,no,0,middle,no,not assessed,not assessed,
Sunless 06,12,3,1,F#4,66,u,Godin band midpoint,1,close,G3,11,not assessed,not assessed,not assessed,none,not assessed,short,step,1,no,0,middle,no,not assessed,not assessed,
Sunless 06,12,3,3,D#4,63,i,Godin band midpoint,0.5,close,G3,8,not assessed,not assessed,not assessed,none,not assessed,short,leap-down,-3,no,0,middle,no,not assessed,not assessed,
Sunless 06,12,3,4,F#4,66,ɨ,not assessed,0.5,not assessed,not assessed,not assessed,not assessed,not assessed,not assessed,not assessed,not assessed,short,leap-up,3,no,0,middle,no,not assessed,not assessed,
Sunless 06,12,4,1,G#4,68,o,Godin band midpoint,1,close,A#3,10.5,not assessed,not assessed,not assessed,none,not assessed,short,step,2,no,0,middle,no,not assessed,not assessed,
Sunless 06,12,4,3,A4,69,ɨ,not assessed,0.5,not assessed,not assessed,not assessed,not assessed,not assessed,not assessed,not assessed,not assessed,short,step,1,no,0,middle,no,not assessed,not assessed,
Sunless 06,12,4,4,G#4,68,ɑ,Godin band midpoint,0.5,close,F4,3.5,not assessed,not assessed,not assessed,none,not assessed,short,step,-1,no,0,middle,no,not assessed,not assessed,
Sunless 06,12,5,1,C#5,73,o,Godin band midpoint,0.75,above,A#3,15.5,not assessed,not assessed,not assessed,none,not assessed,short,leap-up,5,no,0,middle,yes,not assessed,not assessed,
Sunless 06,12,5,2.5,F#4,66,i,Godin band midpoint,0.25,close,G3,11,not assessed,not assessed,not assessed,none,not assessed,short,leap-down,-7,no,0,middle,no,not assessed,not assessed,
Sunless 06,12,5,3,F#4,66,ɪ,Godin band midpoint,0.5,close,A#3,8.5,not assessed,not assessed,not assessed,none,not assessed,short,repeated,0,no,0,last,no,not assessed,not assessed,
Sunless 06,12,6,1,A4,69,i,Godin band midpoint,1,above,G3,14,not assessed,not assessed,not assessed,none,not assessed,short,leap-up,3,yes,1,first,yes,not assessed,not assessed,
Sunless 06,12,6,3,E4,64,ɪ,Godin band midpoint,0.5,close,A#3,6.5,not assessed,not assessed,not assessed,none,not assessed,short,leap-down,-5,no,1,middle,no,not assessed,not assessed,
Sunless 06,12,6,4,F#4,66,ʌ,Godin band midpoint,0.5,close,F4,1.5,not assessed,not assessed,not assessed,none,not assessed,short,step,2,no,1,middle,no,not assessed,not assessed,
Sunless 06,12,7,1,A4,69,ɛ,Godin band midpoint,1,close,F4,4.5,not assessed,not assessed,not assessed,none,not assessed,short,leap-up,3,no,1,middle,yes,not assessed,not assessed,
Sunless 06,12,7,3,E4,64,ɑ,Godin band midpoint,0.25,open,F4,-0.5,not assessed,not assessed,not assessed,none,not assessed,short,leap-down,-5,no,1,last,no,not assessed,not assessed,
Sunless 06,12,7,4,F#4,66,o,Godin band midpoint,0.5,close,A#3,8.5,not assessed,not assessed,not assessed,none,not assessed,short,step,2,yes,2,first,no,not assessed,not assessed,
Sunless 06,12,8,1,G#4,68,ɑ,Godin band midpoint,1,close,F4,3.5,not assessed,not assessed,not assessed,none,not assessed,short,step,2,no,2,middle,yes,not assessed,not assessed,
Sunless 06,12,8,3,D#4,63,i,Godin band midpoint,0.5,close,G3,8,not assessed,not assessed,not assessed,none,not assessed,short,leap-down,-5,no,2,middle,no,not assessed,not assessed,
Sunless 06,12,8,4,F4,65,u,Godin band midpoint,0.5,close,G3,10,not assessed,not assessed,not assessed,none,not assessed,short,step,2,no,2,middle,no,not assessed,not assessed,
Sunless 06,12,9,1,G#4,68,u,Godin band midpoint,0.75,above,G3,13,not assessed,not assessed,not assessed,none,not assessed,short,leap-up,3,no,2,middle,yes,not assessed,not assessed,
Sunless 06,12,9,2.5,F4,65,u,Godin band midpoint,0.25,close,G3,10,not assessed,not assessed,not assessed,none,not assessed,short,leap-down,-3,no,2,middle,no,not assessed,not assessed,
Sunless 06,12,9,3,F4,65,none resolved,not assessed,0.5,not assessed,not assessed,not assessed,not assessed,not assessed,not assessed,not assessed,not assessed,short,repeated,0,no,2,last,no,not assessed,not assessed,
Sunless 06,12,10,1,A4,69,o,Godin band midpoint,1,close,A#3,11.5,not assessed,not assessed,not assessed,none,not assessed,short,leap-up,4,yes,3,first,no,not assessed,not assessed,
Sunless 06,12,10,3,E4,64,ɑ,Godin band midpoint,0.25,open,F4,-0.5,not assessed,not assessed,not assessed,none,not assessed,short,leap-down,-5,no,3,middle,no,not assessed,not assessed,
Sunless 06,12,10,3.5,F#4,66,ɑ,Godin band midpoint,0.25,close,F4,1.5,not assessed,not assessed,not assessed,none,not assessed,short,step,2,no,3,middle,no,not assessed,not assessed,
Sunless 06,12,10,4,E4,64,ɑ,Godin band midpoint,0.25,open,F4,-0.5,not assessed,not assessed,not assessed,none,not assessed,short,step,-2,no,3,middle,no,not assessed,not assessed,
Sunless 06,12,10,4.5,C#4,61,ɑ,Godin band midpoint,0.25,open,F4,-3.5,not assessed,not assessed,not assessed,none,not assessed,short,leap-down,-3,no,3,middle,no,not assessed,not assessed,
Sunless 06,12,11,1,G#4,68,u,Godin band midpoint,0.5,above,G3,13,not assessed,not assessed,not assessed,none,not assessed,short,leap-up,7,no,3,middle,no,not assessed,not assessed,
Sunless 06,12,11,2,A#4,70,u,Godin band midpoint,0.5,above,G3,15,not assessed,not assessed,not assessed,none,not assessed,short,step,2,no,3,middle,yes,not assessed,not assessed,
Sunless 06,12,11,3,F4,65,ɑ,Godin band midpoint,0.25,close,F4,0.5,not assessed,not assessed,not assessed,none,not assessed,short,leap-down,-5,no,3,last,no,not assessed,not assessed,
Sunless 06,12,11,4,G#4,68,ɑ,Godin band midpoint,0.5,close,F4,3.5,not assessed,not assessed,not assessed,none,not assessed,short,leap-up,3,yes,4,first,no,not assessed,not assessed,
Sunless 06,12,12,1,A4,69,o,Godin band midpoint,1,close,A#3,11.5,not assessed,not assessed,not assessed,none,not assessed,short,step,1,no,4,middle,no,not assessed,not assessed,
Sunless 06,12,12,3,E4,64,ɨ,not assessed,0.25,not assessed,not assessed,not assessed,not assessed,not assessed,not assessed,not assessed,not assessed,short,leap-down,-5,no,4,middle,no,not assessed,not assessed,
Sunless 06,12,12,3.5,F#4,66,ɨ,not assessed,0.25,not assessed,not assessed,not assessed,not assessed,not assessed,not assessed,not assessed,not assessed,short,step,2,no,4,middle,no,not assessed,not assessed,
Sunless 06,12,12,4,E4,64,u,Godin band midpoint,0.25,close,G3,9,not assessed,not assessed,not assessed,none,not assessed,short,step,-2,no,4,middle,no,not assessed,not assessed,
Sunless 06,12,12,4.5,C#4,61,u,Godin band midpoint,0.25,close,G3,6,not assessed,not assessed,not assessed,none,not assessed,short,leap-down,-3,no,4,middle,no,not assessed,not assessed,
Sunless 06,12,13,1,G#4,68,o,Godin band midpoint,0.5,close,A#3,10.5,not assessed,not assessed,not assessed,none,not assessed,short,leap-up,7,no,4,middle,no,not assessed,not assessed,
Sunless 06,12,13,2,A#4,70,o,Godin band midpoint,0.25,above,A#3,12.5,not assessed,not assessed,not assessed,none,not assessed,short,step,2,no,4,middle,yes,not assessed,not assessed,
Sunless 06,12,13,2.5,F4,65,i,Godin band midpoint,0.25,close,G3,10,not assessed,not assessed,not assessed,none,not assessed,short,leap-down,-5,no,4,middle,no,not assessed,not assessed,
Sunless 06,12,13,3,F4,65,ɪ,Godin band midpoint,0.5,close,A#3,7.5,not assessed,not assessed,not assessed,none,not assessed,short,repeated,0,no,4,last,no,not assessed,not assessed,
Sunless 06,12,14,1,F#4,66,ɑ,Godin band midpoint,1,close,F4,1.5,not assessed,not assessed,not assessed,none,not assessed,short,step,1,yes,5,first,no,not assessed,not assessed,
Sunless 06,12,14,3,E4,64,ɨ,not assessed,0.5,not assessed,not assessed,not assessed,not assessed,not assessed,not assessed,not assessed,not assessed,short,step,-2,no,5,middle,no,not assessed,not assessed,
Sunless 06,12,14,4,D4,62,ɑ,Godin band midpoint,0.5,open,F4,-2.5,not assessed,not assessed,not assessed,none,not assessed,short,step,-2,no,5,middle,no,not assessed,not assessed,
Sunless 06,12,15,1,F#4,66,ɛ,Godin band midpoint,1,close,F4,1.5,not assessed,not assessed,not assessed,none,not assessed,short,leap-up,4,no,5,middle,no,not assessed,not assessed,
Sunless 06,12,15,3,E4,64,ɨ,not assessed,0.5,not assessed,not assessed,not assessed,not assessed,not assessed,not assessed,not assessed,not assessed,short,step,-2,no,5,middle,no,not assessed,not assessed,
Sunless 06,12,15,4,D4,62,ɪ,Godin band midpoint,0.5,close,A#3,4.5,not assessed,not assessed,not assessed,none,not assessed,short,step,-2,no,5,middle,no,not assessed,not assessed,
Sunless 06,12,16,1,C#4,61,ɛ,Godin band midpoint,0.5,open,F4,-3.5,not assessed,not assessed,not assessed,none,not assessed,short,step,-1,no,5,middle,no,not assessed,not assessed,
Sunless 06,12,16,2,C#5,73,ɛ,Godin band midpoint,0.5,close,F4,8.5,not assessed,not assessed,not assessed,none,not assessed,short,leap-up,12,no,5,middle,yes,not assessed,not assessed,
Sunless 06,12,16,3,A4,69,ɨ,not assessed,0.5,not assessed,not assessed,not assessed,not assessed,not assessed,not assessed,not assessed,not assessed,short,leap-down,-4,no,5,middle,no,not assessed,not assessed,
Sunless 06,12,16,4,F4,65,i,Godin band midpoint,0.5,close,G3,10,not assessed,not assessed,not assessed,none,not assessed,short,leap-down,-4,no,5,middle,no,not assessed,not assessed,
Sunless 06,12,17,1,C#4,61,u,Godin band midpoint,0.75,close,G3,6,not assessed,not assessed,not assessed,none,not assessed,short,leap-down,-4,no,5,middle,no,not assessed,not assessed,
Sunless 06,12,17,2.5,D#4,63,u,Godin band midpoint,0.25,close,G3,8,not assessed,not assessed,not assessed,none,not assessed,short,step,2,no,5,middle,no,not assessed,not assessed,
Sunless 06,12,17,3,F4,65,none resolved,not assessed,0.5,not assessed,not assessed,not assessed,not assessed,not assessed,not assessed,not assessed,not assessed,short,step,2,no,5,last,no,not assessed,not assessed,
Sunless 06,12,18,1,C#5,73,ɛ,Godin band midpoint,1,close,F4,8.5,not assessed,not assessed,not assessed,none,not assessed,short,leap-up,8,yes,6,first,yes,not assessed,not assessed,
Sunless 06,12,18,3,C5,72,u,Godin band midpoint,0.25,above,G3,17,not assessed,not assessed,not assessed,none,not assessed,short,step,-1,no,6,last,no,not assessed,not assessed,
Sunless 06,12,18,4,F4,65,ɑ,Godin band midpoint,0.5,close,F4,0.5,not assessed,not assessed,not assessed,none,not assessed,short,leap-down,-7,yes,7,first,no,not assessed,not assessed,
Sunless 06,12,19,1,G#4,68,ɑ,Godin band midpoint,1,close,F4,3.5,not assessed,not assessed,not assessed,none,not assessed,short,leap-up,3,no,7,middle,yes,not assessed,not assessed,
Sunless 06,12,19,3,C#4,61,none resolved,not assessed,0.25,not assessed,not assessed,not assessed,not assessed,not assessed,not assessed,not assessed,not assessed,short,leap-down,-7,no,7,last,no,not assessed,not assessed,
Sunless 06,12,19,4,F4,65,ɑ,Godin band midpoint,0.25,close,F4,0.5,not assessed,not assessed,not assessed,none,not assessed,short,leap-up,4,yes,8,first,no,not assessed,not assessed,
Sunless 06,12,19,4.5,G#4,68,ɑ,Godin band midpoint,0.25,close,F4,3.5,not assessed,not assessed,not assessed,none,not assessed,short,leap-up,3,no,8,middle,no,not assessed,not assessed,
Sunless 06,12,20,1,C#5,73,ɑ,Godin band midpoint,1,close,F4,8.5,not assessed,not assessed,not assessed,none,not assessed,short,leap-up,5,no,8,middle,yes,not assessed,not assessed,
Sunless 06,12,20,3,C5,72,e,Godin band midpoint,0.25,above,A#3,14.5,not assessed,not assessed,not assessed,none,not assessed,short,step,-1,no,8,middle,no,not assessed,not assessed,
Sunless 06,12,20,3.5,C#5,73,e,Godin band midpoint,0.25,above,A#3,15.5,not assessed,not assessed,not assessed,none,not assessed,short,step,1,no,8,middle,yes,not assessed,not assessed,
Sunless 06,12,20,4,C5,72,o,Godin band midpoint,0.25,above,A#3,14.5,not assessed,not assessed,not assessed,none,not assessed,short,step,-1,no,8,middle,no,not assessed,not assessed,
Sunless 06,12,20,4.5,F4,65,o,Godin band midpoint,0.25,close,A#3,7.5,not assessed,not assessed,not assessed,none,not assessed,short,leap-down,-7,no,8,middle,no,not assessed,not assessed,
Sunless 06,12,21,1,A#4,70,ɛ,Godin band midpoint,0.5,close,F4,5.5,not assessed,not assessed,not assessed,none,not assessed,short,leap-up,5,no,8,middle,no,not assessed,not assessed,
Sunless 06,12,21,2,G#4,68,ɨ,not assessed,0.25,not assessed,not assessed,not assessed,not assessed,not assessed,not assessed,not assessed,not assessed,short,step,-2,no,8,middle,no,not assessed,not assessed,
Sunless 06,12,21,2.5,G4,67,ɨ,not assessed,0.25,not assessed,not assessed,not assessed,not assessed,not assessed,not assessed,not assessed,not assessed,short,step,-1,no,8,middle,no,not assessed,not assessed,
Sunless 06,12,21,3,F4,65,ɪ,Godin band midpoint,0.5,close,A#3,7.5,not assessed,not assessed,not assessed,none,not assessed,short,step,-2,no,8,last,no,not assessed,not assessed,
Sunless 06,12,22,1,F#4,66,o,Godin band midpoint,1,close,A#3,8.5,not assessed,not assessed,not assessed,none,not assessed,short,step,1,yes,9,first,no,not assessed,not assessed,
Sunless 06,12,22,3,A4,69,ʌ,Godin band midpoint,0.5,close,F4,4.5,not assessed,not assessed,not assessed,none,not assessed,short,leap-up,3,no,9,middle,no,not assessed,not assessed,
Sunless 06,12,22,4,A#4,70,i,Godin band midpoint,0.5,above,G3,15,not assessed,not assessed,not assessed,none,not assessed,short,step,1,no,9,middle,no,not assessed,not assessed,
Sunless 06,12,23,1,A#4,70,o,Godin band midpoint,1,above,A#3,12.5,not assessed,not assessed,not assessed,none,not assessed,short,repeated,0,no,9,middle,no,not assessed,not assessed,
Sunless 06,12,23,3,A4,69,ʌ,Godin band midpoint,0.5,close,F4,4.5,not assessed,not assessed,not assessed,none,not assessed,short,step,-1,no,9,middle,no,not assessed,not assessed,
Sunless 06,12,23,4,G#4,68,ɪ,Godin band midpoint,0.5,close,A#3,10.5,not assessed,not assessed,not assessed,none,not assessed,short,step,-1,no,9,middle,no,not assessed,not assessed,
Sunless 06,12,24,1,B4,71,i,Godin band midpoint,0.5,above,G3,16,not assessed,not assessed,not assessed,none,not assessed,short,leap-up,3,no,9,middle,no,not assessed,not assessed,
Sunless 06,12,24,2,C#5,73,i,Godin band midpoint,0.5,above,G3,18,not assessed,not assessed,not assessed,none,not assessed,short,step,2,no,9,middle,yes,not assessed,not assessed,
Sunless 06,12,24,3,A4,69,ɨ,not assessed,0.5,not assessed,not assessed,not assessed,not assessed,not assessed,not assessed,not assessed,not assessed,short,leap-down,-4,no,9,middle,no,not assessed,not assessed,
Sunless 06,12,24,4,F4,65,ɑ,Godin band midpoint,0.5,close,F4,0.5,not assessed,not assessed,not assessed,none,not assessed,short,leap-down,-4,no,9,middle,no,not assessed,not assessed,
Sunless 06,12,25,1,G#4,68,u,Godin band midpoint,0.75,above,G3,13,not assessed,not assessed,not assessed,none,not assessed,short,leap-up,3,no,9,middle,no,not assessed,not assessed,
Sunless 06,12,25,2.5,F4,65,u,Godin band midpoint,0.25,close,G3,10,not assessed,not assessed,not assessed,none,not assessed,short,leap-down,-3,no,9,middle,no,not assessed,not assessed,
Sunless 06,12,25,3,F4,65,e,Godin band midpoint,0.5,close,A#3,7.5,not assessed,not assessed,not assessed,none,not assessed,short,repeated,0,no,9,last,no,not assessed,not assessed,
Sunless 06,12,26,1,B4,71,ɨ,not assessed,1,not assessed,not assessed,not assessed,not assessed,not assessed,not assessed,not assessed,not assessed,short,leap-up,6,yes,10,first,yes,not assessed,not assessed,
Sunless 06,12,26,3,A4,69,ɑ,Godin band midpoint,0.5,close,F4,4.5,not assessed,not assessed,not assessed,none,not assessed,short,step,-2,no,10,middle,no,not assessed,not assessed,
Sunless 06,12,26,4,F#4,66,none resolved,not assessed,0.5,not assessed,not assessed,not assessed,not assessed,not assessed,not assessed,not assessed,not assessed,short,leap-down,-3,no,10,middle,no,not assessed,not assessed,
Sunless 06,12,27,1,A4,69,u,Godin band midpoint,1,above,G3,14,not assessed,not assessed,not assessed,none,not assessed,short,leap-up,3,no,10,middle,no,not assessed,not assessed,
Sunless 06,12,27,3,G#4,68,ɨ,not assessed,0.25,not assessed,not assessed,not assessed,not assessed,not assessed,not assessed,not assessed,not assessed,short,step,-1,no,10,last,no,not assessed,not assessed,
Sunless 06,12,27,4,C#5,73,i,Godin band midpoint,0.5,above,G3,18,not assessed,not assessed,not assessed,none,not assessed,short,leap-up,5,yes,11,first,no,not assessed,not assessed,
Sunless 06,12,28,1,D5,74,ɑ,Godin band midpoint,1,close,F4,9.5,not assessed,not assessed,not assessed,none,not assessed,short,step,1,no,11,middle,yes,not assessed,not assessed,
Sunless 06,12,28,3,C5,72,i,Godin band midpoint,0.5,above,G3,17,not assessed,not assessed,not assessed,none,not assessed,short,step,-2,no,11,middle,no,not assessed,not assessed,
Sunless 06,12,28,4,A4,69,ɛ,Godin band midpoint,0.5,close,F4,4.5,not assessed,not assessed,not assessed,none,not assessed,short,leap-down,-3,no,11,middle,no,not assessed,not assessed,
Sunless 06,12,29,1,C5,72,ɛ,Godin band midpoint,0.75,close,F4,7.5,not assessed,not assessed,not assessed,none,not assessed,short,leap-up,3,no,11,middle,no,not assessed,not assessed,
Sunless 06,12,29,2.5,A4,69,ɨ,not assessed,0.25,not assessed,not assessed,not assessed,not assessed,not assessed,not assessed,not assessed,not assessed,short,leap-down,-3,no,11,middle,no,not assessed,not assessed,
Sunless 06,12,29,3,G#4,68,ɛ,Godin band midpoint,0.5,close,F4,3.5,not assessed,not assessed,not assessed,none,not assessed,short,step,-1,no,11,last,no,not assessed,not assessed,
Sunless 06,12,30,1,D#4,63,o,Godin band midpoint,0.5,close,A#3,5.5,not assessed,not assessed,not assessed,none,not assessed,short,leap-down,-5,yes,12,first,no,not assessed,not assessed,
Sunless 06,12,30,2,F#4,66,o,Godin band midpoint,0.5,close,A#3,8.5,not assessed,not assessed,not assessed,none,not assessed,short,leap-up,3,no,12,middle,no,not assessed,not assessed,
Sunless 06,12,30,3,A4,69,ʌ,Godin band midpoint,0.5,close,F4,4.5,not assessed,not assessed,not assessed,none,not assessed,short,leap-up,3,no,12,middle,no,not assessed,not assessed,
Sunless 06,12,30,4,F4,65,i,Godin band midpoint,0.25,close,G3,10,not assessed,not assessed,not assessed,none,not assessed,short,leap-down,-4,no,12,middle,no,not assessed,not assessed,
Sunless 06,12,30,4.5,G#4,68,i,Godin band midpoint,0.25,above,G3,13,not assessed,not assessed,not assessed,none,not assessed,short,leap-up,3,no,12,middle,no,not assessed,not assessed,
Sunless 06,12,31,1,B4,71,ɛ,Godin band midpoint,0.75,close,F4,6.5,not assessed,not assessed,not assessed,none,not assessed,short,leap-up,3,no,12,middle,yes,not assessed,not assessed,
Sunless 06,12,31,2.5,F4,65,ʌ,Godin band midpoint,0.25,close,F4,0.5,not assessed,not assessed,not assessed,none,not assessed,short,leap-down,-6,no,12,middle,no,not assessed,not assessed,
Sunless 06,12,31,3,F4,65,ɨ,not assessed,0.5,not assessed,not assessed,not assessed,not assessed,not assessed,not assessed,not assessed,not assessed,short,repeated,0,no,12,last,no,not assessed,not assessed,
Sunless 06,12,32,1,C#5,73,u,Godin band midpoint,1,above,G3,18,not assessed,not assessed,not assessed,none,not assessed,short,leap-up,8,yes,13,first,yes,not assessed,not assessed,
Sunless 06,12,32,3,A4,69,u,Godin band midpoint,0.5,above,G3,14,not assessed,not assessed,not assessed,none,not assessed,short,leap-down,-4,no,13,middle,no,not assessed,not assessed,
Sunless 06,12,32,4,F4,65,ɑ,Godin band midpoint,0.5,close,F4,0.5,not assessed,not assessed,not assessed,none,not assessed,short,leap-down,-4,no,13,middle,no,not assessed,not assessed,
Sunless 06,12,33,1,G#4,68,u,Godin band midpoint,0.75,above,G3,13,not assessed,not assessed,not assessed,none,not assessed,short,leap-up,3,no,13,middle,no,not assessed,not assessed,
Sunless 06,12,33,2.5,C#4,61,u,Godin band midpoint,0.25,close,G3,6,not assessed,not assessed,not assessed,none,not assessed,short,leap-down,-7,no,13,middle,no,not assessed,not assessed,
Sunless 06,12,33,3,C#4,61,i,Godin band midpoint,0.5,close,G3,6,not assessed,not assessed,not assessed,none,not assessed,short,repeated,0,no,13,last,no,not assessed,not assessed,
Sunless 06,12,34,1,F#4,66,ɛ,Godin band midpoint,1,close,F4,1.5,not assessed,not assessed,not assessed,none,not assessed,short,leap-up,5,yes,14,first,yes,not assessed,not assessed,
Sunless 06,12,34,3,D#4,63,ɨ,not assessed,0.5,not assessed,not assessed,not assessed,not assessed,not assessed,not assessed,not assessed,not assessed,short,leap-down,-3,no,14,last,no,not assessed,not assessed,
Sunless 06,12,34,4.5,F#4,66,u,Godin band midpoint,0.25,close,G3,11,not assessed,not assessed,not assessed,none,not assessed,short,leap-up,3,yes,15,first,no,not assessed,not assessed,
Sunless 06,12,35,1,A4,69,ɑ,Godin band midpoint,1,close,F4,4.5,not assessed,not assessed,not assessed,none,not assessed,short,leap-up,3,no,15,middle,yes,not assessed,not assessed,
Sunless 06,12,35,3,F#4,66,ɪ,Godin band midpoint,0.25,close,A#3,8.5,not assessed,not assessed,not assessed,none,not assessed,short,leap-down,-3,no,15,last,no,not assessed,not assessed,
Sunless 06,12,35,4.5,F#4,66,ʌ,Godin band midpoint,0.25,close,F4,1.5,not assessed,not assessed,not assessed,none,not assessed,short,repeated,0,yes,16,first,no,not assessed,not assessed,
Sunless 06,12,36,1,B4,71,ɑ,Godin band midpoint,1,close,F4,6.5,not assessed,not assessed,not assessed,none,not assessed,short,leap-up,5,no,16,middle,yes,not assessed,not assessed,
Sunless 06,12,36,3,G#4,68,i,Godin band midpoint,0.5,above,G3,13,not assessed,not assessed,not assessed,none,not assessed,short,leap-down,-3,no,16,middle,no,not assessed,not assessed,
Sunless 06,12,36,4,B4,71,ɑ,Godin band midpoint,0.5,close,F4,6.5,not assessed,not assessed,not assessed,none,not assessed,short,leap-up,3,no,16,middle,yes,not assessed,not assessed,
Sunless 06,12,37,1,A#4,70,e,Godin band midpoint,0.75,above,A#3,12.5,not assessed,not assessed,not assessed,none,not assessed,short,step,-1,no,16,middle,no,not assessed,not assessed,
Sunless 06,12,37,2.5,D#4,63,i,Godin band midpoint,0.25,close,G3,8,not assessed,not assessed,not assessed,none,not assessed,short,leap-down,-7,no,16,middle,no,not assessed,not assessed,
Sunless 06,12,37,3,D#4,63,ɪ,Godin band midpoint,0.5,close,A#3,5.5,not assessed,not assessed,not assessed,none,not assessed,short,repeated,0,no,16,last,no,not assessed,not assessed,
Sunless 06,12,38,3,A4,69,u,Godin band midpoint,0.5,above,G3,14,not assessed,not assessed,not assessed,none,not assessed,short,leap-up,6,yes,17,first,no,not assessed,not assessed,
Sunless 06,12,38,4,F4,65,ɑ,Godin band midpoint,0.25,close,F4,0.5,not assessed,not assessed,not assessed,none,not assessed,short,leap-down,-4,no,17,middle,no,not assessed,not assessed,
Sunless 06,12,38,4.5,G#4,68,e,Godin band midpoint,0.25,close,A#3,10.5,not assessed,not assessed,not assessed,none,not assessed,short,leap-up,3,no,17,middle,no,not assessed,not assessed,
Sunless 06,12,39,1,B4,71,i,Godin band midpoint,0.75,above,G3,16,not assessed,not assessed,not assessed,none,not assessed,short,leap-up,3,no,17,middle,yes,not assessed,not assessed,
Sunless 06,12,39,2.5,G#4,68,i,Godin band midpoint,0.25,above,G3,13,not assessed,not assessed,not assessed,none,not assessed,short,leap-down,-3,no,17,middle,no,not assessed,not assessed,
Sunless 06,12,39,3,G#4,68,o,Godin band midpoint,0.5,close,A#3,10.5,not assessed,not assessed,not assessed,none,not assessed,short,repeated,0,no,17,last,no,not assessed,not assessed,
Sunless 06,12,40,1,C#5,73,none resolved,not assessed,1,not assessed,not assessed,not assessed,not assessed,not assessed,not assessed,not assessed,not assessed,short,leap-up,5,yes,18,first,yes,not assessed,not assessed,
Sunless 06,12,40,3,A4,69,none resolved,not assessed,0.5,not assessed,not assessed,not assessed,not assessed,not assessed,not assessed,not assessed,not assessed,short,leap-down,-4,no,18,middle,no,not assessed,not assessed,
Sunless 06,12,40,4,F4,65,none resolved,not assessed,0.5,not assessed,not assessed,not assessed,not assessed,not assessed,not assessed,not assessed,not assessed,short,leap-down,-4,no,18,middle,no,not assessed,not assessed,
Sunless 06,12,41,1,G#4,68,none resolved,not assessed,0.75,not assessed,not assessed,not assessed,not assessed,not assessed,not assessed,not assessed,not assessed,short,leap-up,3,no,18,middle,no,not assessed,not assessed,
Sunless 06,12,41,2.5,F4,65,none resolved,not assessed,0.25,not assessed,not assessed,not assessed,not assessed,not assessed,not assessed,not assessed,not assessed,short,leap-down,-3,no,18,middle,no,not assessed,not assessed,
Sunless 06,12,41,3,F4,65,none resolved,not assessed,0.5,not assessed,not assessed,not assessed,not assessed,not assessed,not assessed,not assessed,not assessed,short,repeated,0,no,18,last,no,not assessed,not assessed,
Sunless 06,12,42,3,A4,69,none resolved,not assessed,0.5,not assessed,not assessed,not assessed,not assessed,not assessed,not assessed,not assessed,not assessed,short,leap-up,4,yes,19,first,no,not assessed,not assessed,
Sunless 06,12,42,4,F4,65,none resolved,not assessed,0.25,not assessed,not assessed,not assessed,not assessed,not assessed,not assessed,not assessed,not assessed,short,leap-down,-4,no,19,middle,no,not assessed,not assessed,
Sunless 06,12,42,4.5,G#4,68,none resolved,not assessed,0.25,not assessed,not assessed,not assessed,not assessed,not assessed,not assessed,not assessed,not assessed,short,leap-up,3,no,19,middle,no,not assessed,not assessed,
Sunless 06,12,43,1,B4,71,none resolved,not assessed,0.5,not assessed,not assessed,not assessed,not assessed,not assessed,not assessed,not assessed,not assessed,short,leap-up,3,no,19,last,yes,not assessed,not assessed,
Sunless 06,12,43,3,C5,72,none resolved,not assessed,0.75,not assessed,not assessed,not assessed,not assessed,not assessed,not assessed,not assessed,not assessed,short,step,1,yes,20,first,no,not assessed,not assessed,
Sunless 06,12,43,4.5,C#5,73,none resolved,not assessed,0.25,not assessed,not assessed,not assessed,not assessed,not assessed,not assessed,not assessed,not assessed,short,step,1,no,20,middle,yes,not assessed,not assessed,
Sunless 06,12,44,1,C#5,73,none resolved,not assessed,1,not assessed,not assessed,not assessed,not assessed,not assessed,not assessed,not assessed,not assessed,short,repeated,0,no,20,middle,yes,not assessed,not assessed,
Sunless 06,12,44,3,A4,69,none resolved,not assessed,0.5,not assessed,not assessed,not assessed,not assessed,not assessed,not assessed,not assessed,not assessed,short,leap-down,-4,no,20,middle,no,not assessed,not assessed,
Sunless 06,12,44,4,F4,65,none resolved,not assessed,0.5,not assessed,not assessed,not assessed,not assessed,not assessed,not assessed,not assessed,not assessed,short,leap-down,-4,no,20,middle,no,not assessed,not assessed,
Sunless 06,12,45,1,C#4,61,none resolved,not assessed,0.75,not assessed,not assessed,not assessed,not assessed,not assessed,not assessed,not assessed,not assessed,short,leap-down,-4,no,20,middle,no,not assessed,not assessed,
Sunless 06,12,45,2.5,D#4,63,none resolved,not assessed,0.25,not assessed,not assessed,not assessed,not assessed,not assessed,not assessed,not assessed,not assessed,short,step,2,no,20,middle,no,not assessed,not assessed,
Sunless 06,12,45,3,F4,65,none resolved,not assessed,0.5,not assessed,not assessed,not assessed,not assessed,not assessed,not assessed,not assessed,not assessed,short,step,2,no,20,last,no,not assessed,not assessed,
Sunless 06,12,46,1,D#4,63,none resolved,not assessed,0.5,not assessed,not assessed,not assessed,not assessed,not assessed,not assessed,not assessed,not assessed,short,step,-2,yes,21,first,no,not assessed,not assessed,
Sunless 06,12,46,2,F#4,66,none resolved,not assessed,0.5,not assessed,not assessed,not assessed,not assessed,not assessed,not assessed,not assessed,not assessed,short,leap-up,3,no,21,middle,no,not assessed,not assessed,
Sunless 06,12,46,3,A4,69,none resolved,not assessed,0.5,not assessed,not assessed,not assessed,not assessed,not assessed,not assessed,not assessed,not assessed,short,leap-up,3,no,21,middle,no,not assessed,not assessed,
Sunless 06,12,46,4,F4,65,none resolved,not assessed,0.25,not assessed,not assessed,not assessed,not assessed,not assessed,not assessed,not assessed,not assessed,short,leap-down,-4,no,21,middle,no,not assessed,not assessed,
Sunless 06,12,46,4.5,G#4,68,none resolved,not assessed,0.25,not assessed,not assessed,not assessed,not assessed,not assessed,not assessed,not assessed,not assessed,short,leap-up,3,no,21,middle,no,not assessed,not assessed,
Sunless 06,12,47,1,B4,71,none resolved,not assessed,0.5,not assessed,not assessed,not assessed,not assessed,not assessed,not assessed,not assessed,not assessed,short,leap-up,3,no,21,middle,yes,not assessed,not assessed,
Sunless 06,12,47,2,B4,71,none resolved,not assessed,0.25,not assessed,not assessed,not assessed,not assessed,not assessed,not assessed,not assessed,not assessed,short,tie,0,no,21,last,yes,not assessed,not assessed,
Sunless 06,12,47,3,C5,72,none resolved,not assessed,0.5,not assessed,not assessed,not assessed,not assessed,not assessed,not assessed,not assessed,not assessed,short,step,1,yes,22,first,no,not assessed,not assessed,
Sunless 06,12,47,4,C#5,73,none resolved,not assessed,0.5,not assessed,not assessed,not assessed,not assessed,not assessed,not assessed,not assessed,not assessed,short,step,1,no,22,middle,yes,not assessed,not assessed,
Sunless 06,12,48,1,A4,69,none resolved,not assessed,1,not assessed,not assessed,not assessed,not assessed,not assessed,not assessed,not assessed,not assessed,short,leap-down,-4,no,22,middle,no,not assessed,not assessed,
Sunless 06,12,48,3,F4,65,none resolved,not assessed,0.5,not assessed,not assessed,not assessed,not assessed,not assessed,not assessed,not assessed,not assessed,short,leap-down,-4,no,22,middle,no,not assessed,not assessed,
Sunless 06,12,48,4,D4,62,none resolved,not assessed,0.5,not assessed,not assessed,not assessed,not assessed,not assessed,not assessed,not assessed,not assessed,short,leap-down,-3,no,22,middle,no,not assessed,not assessed,
Sunless 06,12,49,1,C#4,61,none resolved,not assessed,0.75,not assessed,not assessed,not assessed,not assessed,not assessed,not assessed,not assessed,not assessed,short,step,-1,no,22,middle,no,not assessed,not assessed,
Sunless 06,12,49,2.5,C#4,61,none resolved,not assessed,0.25,not assessed,not assessed,not assessed,not assessed,not assessed,not assessed,not assessed,not assessed,short,repeated,0,no,22,middle,no,not assessed,not assessed,
Sunless 06,12,49,3,C#4,61,none resolved,not assessed,0.5,not assessed,not assessed,not assessed,not assessed,not assessed,not assessed,not assessed,not assessed,short,repeated,0,no,22,last,no,not assessed,not assessed,
Kabalevsky T01,12,4,3,C4,60,i,Godin band midpoint,0.952,close,G3,5,not assessed,not assessed,not assessed,none,not assessed,short,first note,,,0,first,no,not assessed,not assessed,
Kabalevsky T01,12,5,1,C4,60,ɛ,Godin band midpoint,1.905,open,F4,-4.5,not assessed,not assessed,not assessed,none,not assessed,short,repeated,0,no,0,middle,no,not assessed,not assessed,
Kabalevsky T01,12,5,3,D4,62,i,Godin band midpoint,0.952,close,G3,7,not assessed,not assessed,not assessed,none,not assessed,short,step,2,no,0,middle,no,not assessed,not assessed,
Kabalevsky T01,12,6,1,D4,62,ɑ,Godin band midpoint,1.905,open,F4,-2.5,not assessed,not assessed,not assessed,none,not assessed,short,repeated,0,no,0,middle,no,not assessed,not assessed,
Kabalevsky T01,12,6,3,E4,64,i,Godin band midpoint,0.952,close,G3,9,not assessed,not assessed,not assessed,none,not assessed,short,step,2,no,0,middle,no,not assessed,not assessed,
Kabalevsky T01,12,7,1,E4,64,o,Godin band midpoint,1.429,close,A#3,6.5,not assessed,not assessed,not assessed,none,not assessed,short,repeated,0,no,0,middle,no,not assessed,not assessed,
Kabalevsky T01,12,7,2.5,F4,65,none resolved,not assessed,0.476,not assessed,not assessed,not assessed,not assessed,not assessed,not assessed,not assessed,not assessed,short,step,1,no,0,middle,no,not assessed,not assessed,
Kabalevsky T01,12,7,3,G4,67,ʌ,Godin band midpoint,0.476,close,F4,2.5,not assessed,not assessed,not assessed,none,not assessed,short,step,2,no,0,middle,no,not assessed,not assessed,
Kabalevsky T01,12,7,3.5,F4,65,ɑ,Godin band midpoint,0.476,close,F4,0.5,not assessed,not assessed,not assessed,none,not assessed,short,step,-2,no,0,middle,no,not assessed,not assessed,
Kabalevsky T01,12,8,1,A4,69,i,Godin band midpoint,1.905,above,G3,14,not assessed,not assessed,not assessed,none,not assessed,short,leap-up,4,no,0,middle,no,not assessed,not assessed,
Kabalevsky T01,12,8,3,D4,62,i,Godin band midpoint,0.952,close,G3,7,not assessed,not assessed,not assessed,none,not assessed,short,leap-down,-7,no,0,middle,no,not assessed,not assessed,
Kabalevsky T01,12,9,1,A#4,70,ɛ,Godin band midpoint,1.905,close,F4,5.5,not assessed,not assessed,not assessed,none,not assessed,short,leap-up,8,no,0,middle,yes,not assessed,not assessed,
Kabalevsky T01,12,9,3,F4,65,i,Godin band midpoint,0.952,close,G3,10,not assessed,not assessed,not assessed,none,not assessed,short,leap-down,-5,no,0,middle,no,not assessed,not assessed,
Kabalevsky T01,12,10,1,E4,64,ɑ,Godin band midpoint,1.905,open,F4,-0.5,not assessed,not assessed,not assessed,none,not assessed,short,step,-1,no,0,last,no,not assessed,not assessed,
Kabalevsky T01,12,10,3,C4,60,ɪ,Godin band midpoint,0.952,close,A#3,2.5,not assessed,not assessed,not assessed,none,not assessed,short,leap-down,-4,no,1,first,no,not assessed,not assessed,
Kabalevsky T01,12,11,1,C5,72,ɑ,Godin band midpoint,1.429,close,F4,7.5,not assessed,not assessed,not assessed,none,not assessed,short,leap-up,12,no,1,middle,yes,not assessed,not assessed,
Kabalevsky T01,12,11,2.5,A4,69,u,Godin band midpoint,0.476,above,G3,14,not assessed,not assessed,not assessed,none,not assessed,short,leap-down,-3,no,1,middle,no,not assessed,not assessed,
Kabalevsky T01,12,11,3,A4,69,u,Godin band midpoint,0.476,above,G3,14,not assessed,not assessed,not assessed,none,not assessed,short,repeated,0,no,1,middle,no,not assessed,not assessed,
Kabalevsky T01,12,11,3.5,G4,67,o,Godin band midpoint,0.476,close,A#3,9.5,not assessed,not assessed,not assessed,none,not assessed,short,step,-2,no,1,middle,no,not assessed,not assessed,
Kabalevsky T01,12,12,1,A4,69,i,Godin band midpoint,1.905,above,G3,14,not assessed,not assessed,not assessed,none,not assessed,short,step,2,no,1,middle,no,not assessed,not assessed,
Kabalevsky T01,12,12,3,A4,69,ɨ,not assessed,0.952,not assessed,not assessed,not assessed,not assessed,not assessed,not assessed,not assessed,not assessed,short,repeated,0,no,1,last,no,not assessed,not assessed,
Kabalevsky T01,12,13,3,D4,62,o,Godin band midpoint,0.952,close,A#3,4.5,not assessed,not assessed,not assessed,none,not assessed,short,leap-down,-7,yes,2,first,no,not assessed,not assessed,
Kabalevsky T01,12,14,1,A#4,70,u,Godin band midpoint,1.905,above,G3,15,not assessed,not assessed,not assessed,none,not assessed,short,leap-up,8,no,2,middle,no,not assessed,not assessed,
Kabalevsky T01,12,14,3,A4,69,u,Godin band midpoint,0.952,above,G3,14,not assessed,not assessed,not assessed,none,not assessed,short,step,-1,no,2,middle,no,not assessed,not assessed,
Kabalevsky T01,12,15,1,G4,67,ɨ,not assessed,0.476,not assessed,not assessed,not assessed,not assessed,not assessed,not assessed,not assessed,not assessed,short,step,-2,no,2,middle,no,not assessed,not assessed,
Kabalevsky T01,12,15,1.5,F4,65,ɑ,Godin band midpoint,0.476,close,F4,0.5,not assessed,not assessed,not assessed,none,not assessed,short,step,-2,no,2,middle,no,not assessed,not assessed,
Kabalevsky T01,12,15,2,E4,64,e,Godin band midpoint,0.952,close,A#3,6.5,not assessed,not assessed,not assessed,none,not assessed,short,step,-1,no,2,middle,no,not assessed,not assessed,
Kabalevsky T01,12,15,3,A3,57,ɪ,Godin band midpoint,0.952,open,A#3,-0.5,not assessed,not assessed,not assessed,none,not assessed,short,leap-down,-7,no,2,middle,no,not assessed,not assessed,
Kabalevsky T01,12,16,1,F4,65,o,Godin band midpoint,1.905,close,A#3,7.5,not assessed,not assessed,not assessed,none,not assessed,short,leap-up,8,no,2,middle,no,not assessed,not assessed,
Kabalevsky T01,12,16,3,E4,64,none resolved,not assessed,0.952,not assessed,not assessed,not assessed,not assessed,not assessed,not assessed,not assessed,not assessed,short,step,-1,no,2,middle,no,not assessed,not assessed,
Kabalevsky T01,12,17,1,D4,62,i,Godin band midpoint,1.905,close,G3,7,not assessed,not assessed,not assessed,none,not assessed,short,step,-2,no,2,middle,no,not assessed,not assessed,
Kabalevsky T01,12,17,3,D4,62,o,Godin band midpoint,0.952,close,A#3,4.5,not assessed,not assessed,not assessed,none,not assessed,short,repeated,0,no,2,middle,no,not assessed,not assessed,
Kabalevsky T01,12,18,1,D5,74,o,Godin band midpoint,1.429,above,A#3,16.5,not assessed,not assessed,not assessed,none,not assessed,short,leap-up,12,no,2,middle,yes,not assessed,not assessed,
Kabalevsky T01,12,18,2.5,C5,72,ɑ,Godin band midpoint,0.476,close,F4,7.5,not assessed,not assessed,not assessed,none,not assessed,short,step,-2,no,2,middle,no,not assessed,not assessed,
Kabalevsky T01,12,18,3,A#4,70,ɪ,Godin band midpoint,0.476,above,A#3,12.5,not assessed,not assessed,not assessed,none,not assessed,short,step,-2,no,2,middle,no,not assessed,not assessed,
Kabalevsky T01,12,18,3.5,A4,69,i,Godin band midpoint,0.476,above,G3,14,not assessed,not assessed,not assessed,none,not assessed,short,step,-1,no,2,middle,no,not assessed,not assessed,
Kabalevsky T01,12,19,1,A#4,70,e,Godin band midpoint,1.429,above,A#3,12.5,not assessed,not assessed,not assessed,none,not assessed,short,step,1,no,2,middle,no,not assessed,not assessed,
Kabalevsky T01,12,19,2.5,A4,69,ɪ,Godin band midpoint,0.476,close,A#3,11.5,not assessed,not assessed,not assessed,none,not assessed,short,step,-1,no,2,middle,no,not assessed,not assessed,
Kabalevsky T01,12,19,3,G4,67,ʌ,Godin band midpoint,0.476,close,F4,2.5,not assessed,not assessed,not assessed,none,not assessed,short,step,-2,no,2,middle,no,not assessed,not assessed,
Kabalevsky T01,12,19,3.5,F4,65,ɑ,Godin band midpoint,0.476,close,F4,0.5,not assessed,not assessed,not assessed,none,not assessed,short,step,-2,no,2,middle,no,not assessed,not assessed,
Kabalevsky T01,12,20,1,G4,67,i,Godin band midpoint,1.905,crossing,G3,12,not assessed,not assessed,not assessed,none,not assessed,short,step,2,no,2,middle,no,not assessed,not assessed,
Kabalevsky T01,12,20,3,G4,67,ʌ,Godin band midpoint,0.952,close,F4,2.5,not assessed,not assessed,not assessed,none,not assessed,short,repeated,0,no,2,last,no,not assessed,not assessed,
Kabalevsky T01,12,22,1,D#4,63,ɨ,not assessed,0.952,not assessed,not assessed,not assessed,not assessed,not assessed,not assessed,not assessed,not assessed,short,leap-down,-4,yes,3,first,no,not assessed,not assessed,
Kabalevsky T01,12,22,2,D#4,63,ʌ,Godin band midpoint,0.952,open,F4,-1.5,not assessed,not assessed,not assessed,none,not assessed,short,repeated,0,no,3,middle,no,not assessed,not assessed,
Kabalevsky T01,12,22,3,D#4,63,ɑ,Godin band midpoint,0.952,open,F4,-1.5,not assessed,not assessed,not assessed,none,not assessed,short,repeated,0,no,3,middle,no,not assessed,not assessed,
Kabalevsky T01,12,23,1,F4,65,i,Godin band midpoint,1.905,close,G3,10,not assessed,not assessed,not assessed,none,not assessed,short,step,2,no,3,middle,no,not assessed,not assessed,
Kabalevsky T01,12,23,3,G#4,68,i,Godin band midpoint,0.952,above,G3,13,not assessed,not assessed,not assessed,none,not assessed,short,leap-up,3,no,3,middle,no,not assessed,not assessed,
Kabalevsky T01,12,24,1,G4,67,ɨ,not assessed,1.429,not assessed,not assessed,not assessed,not assessed,not assessed,not assessed,not assessed,not assessed,short,step,-1,no,3,middle,no,not assessed,not assessed,
Kabalevsky T01,12,24,2.5,F4,65,i,Godin band midpoint,0.476,close,G3,10,not assessed,not assessed,not assessed,none,not assessed,short,step,-2,no,3,middle,no,not assessed,not assessed,
Kabalevsky T01,12,24,3,G4,67,ʌ,Godin band midpoint,0.476,close,F4,2.5,not assessed,not assessed,not assessed,none,not assessed,short,step,2,no,3,middle,no,not assessed,not assessed,
Kabalevsky T01,12,24,3.5,A#4,70,ɑ,Godin band midpoint,0.476,close,F4,5.5,not assessed,not assessed,not assessed,none,not assessed,short,leap-up,3,no,3,middle,yes,not assessed,not assessed,
Kabalevsky T01,12,25,1,D#4,63,u,Godin band midpoint,1.429,close,G3,8,not assessed,not assessed,not assessed,none,not assessed,short,leap-down,-7,no,3,middle,no,not assessed,not assessed,
Kabalevsky T01,12,25,2.5,D#4,63,ɑ,Godin band midpoint,0.476,open,F4,-1.5,not assessed,not assessed,not assessed,none,not assessed,short,repeated,0,no,3,middle,no,not assessed,not assessed,
Kabalevsky T01,12,25,3,D#4,63,ʌ,Godin band midpoint,0.476,open,F4,-1.5,not assessed,not assessed,not assessed,none,not assessed,short,repeated,0,no,3,middle,no,not assessed,not assessed,
Kabalevsky T01,12,25,3.5,D#4,63,i,Godin band midpoint,0.476,close,G3,8,not assessed,not assessed,not assessed,none,not assessed,short,repeated,0,no,3,middle,no,not assessed,not assessed,
Kabalevsky T01,12,26,1,E4,64,ɑ,Godin band midpoint,1.905,open,F4,-0.5,not assessed,not assessed,not assessed,none,not assessed,short,step,1,no,3,middle,no,not assessed,not assessed,
Kabalevsky T01,12,26,3,C#4,61,i,Godin band midpoint,0.952,close,G3,6,not assessed,not assessed,not assessed,none,not assessed,short,leap-down,-3,no,3,middle,no,not assessed,not assessed,
Kabalevsky T01,12,27,1,G#4,68,o,Godin band midpoint,1.429,close,A#3,10.5,not assessed,not assessed,not assessed,none,not assessed,short,leap-up,7,no,3,middle,no,not assessed,not assessed,
Kabalevsky T01,12,27,2.5,E4,64,ɪ,Godin band midpoint,0.476,close,A#3,6.5,not assessed,not assessed,not assessed,none,not assessed,short,leap-down,-4,no,3,middle,no,not assessed,not assessed,
Kabalevsky T01,12,27,3,C#4,61,ʌ,Godin band midpoint,0.476,open,F4,-3.5,not assessed,not assessed,not assessed,none,not assessed,short,leap-down,-3,no,3,middle,no,not assessed,not assessed,
Kabalevsky T01,12,27,3.5,A#3,58,ɑ,Godin band midpoint,0.476,open,F4,-6.5,not assessed,not assessed,not assessed,none,not assessed,short,leap-down,-3,no,3,middle,no,not assessed,not assessed,
Kabalevsky T01,12,28,1,D#4,63,i,Godin band midpoint,1.905,close,G3,8,not assessed,not assessed,not assessed,none,not assessed,short,leap-up,5,no,3,middle,no,not assessed,not assessed,
Kabalevsky T01,12,28,3,D#4,63,none resolved,not assessed,0.952,not assessed,not assessed,not assessed,not assessed,not assessed,not assessed,not assessed,not assessed,short,repeated,0,no,3,last,no,not assessed,not assessed,
Kabalevsky T01,12,29,3,D#4,63,ɑ,Godin band midpoint,0.952,open,F4,-1.5,not assessed,not assessed,not assessed,none,not assessed,short,repeated,0,yes,4,first,no,not assessed,not assessed,
Kabalevsky T01,12,30,1,G#4,68,ɑ,Godin band midpoint,1.429,close,F4,3.5,not assessed,not assessed,not assessed,none,not assessed,short,leap-up,5,no,4,middle,no,not assessed,not assessed,
Kabalevsky T01,12,30,2.5,G#4,68,i,Godin band midpoint,0.476,above,G3,13,not assessed,not assessed,not assessed,none,not assessed,short,repeated,0,no,4,middle,no,not assessed,not assessed,
Kabalevsky T01,12,30,3,G#4,68,ɪ,Godin band midpoint,0.476,close,A#3,10.5,not assessed,not assessed,not assessed,none,not assessed,short,repeated,0,no,4,middle,no,not assessed,not assessed,
Kabalevsky T01,12,30,3.5,G#4,68,ɑ,Godin band midpoint,0.476,close,F4,3.5,not assessed,not assessed,not assessed,none,not assessed,short,repeated,0,no,4,middle,no,not assessed,not assessed,
Kabalevsky T01,12,31,1,G4,67,o,Godin band midpoint,1.429,close,A#3,9.5,not assessed,not assessed,not assessed,none,not assessed,short,step,-1,no,4,middle,no,not assessed,not assessed,
Kabalevsky T01,12,31,2.5,D#4,63,ɑ,Godin band midpoint,0.476,open,F4,-1.5,not assessed,not assessed,not assessed,none,not assessed,short,leap-down,-4,no,4,middle,no,not assessed,not assessed,
Kabalevsky T01,12,31,3,D#4,63,ʌ,Godin band midpoint,0.476,open,F4,-1.5,not assessed,not assessed,not assessed,none,not assessed,short,repeated,0,no,4,middle,no,not assessed,not assessed,
Kabalevsky T01,12,31,3.5,D#4,63,ɪ,Godin band midpoint,0.476,close,A#3,5.5,not assessed,not assessed,not assessed,none,not assessed,short,repeated,0,no,4,middle,no,not assessed,not assessed,
Kabalevsky T01,12,32,1,B4,71,u,Godin band midpoint,2.857,above,G3,16,not assessed,not assessed,not assessed,none,not assessed,held,leap-up,8,no,4,middle,no,not assessed,not assessed,
Kabalevsky T01,12,33,1,B4,71,u,Godin band midpoint,1.905,above,G3,16,not assessed,not assessed,not assessed,none,not assessed,held,tie,0,no,4,middle,no,not assessed,not assessed,
Kabalevsky T01,12,33,3,B4,71,ɑ,Godin band midpoint,0.952,close,F4,6.5,not assessed,not assessed,not assessed,none,not assessed,short,repeated,0,no,4,middle,no,not assessed,not assessed,
Kabalevsky T01,12,34,1,B4,71,o,Godin band midpoint,1.905,above,A#3,13.5,not assessed,not assessed,not assessed,none,not assessed,short,repeated,0,no,4,middle,no,not assessed,not assessed,
Kabalevsky T01,12,34,3,G#4,68,i,Godin band midpoint,0.952,above,G3,13,not assessed,not assessed,not assessed,none,not assessed,short,leap-down,-3,no,4,middle,no,not assessed,not assessed,
Kabalevsky T01,12,35,1,G#4,68,u,Godin band midpoint,1.905,above,G3,13,not assessed,not assessed,not assessed,none,not assessed,short,repeated,0,no,4,middle,no,not assessed,not assessed,
Kabalevsky T01,12,35,3,B4,71,ɑ,Godin band midpoint,0.952,close,F4,6.5,not assessed,not assessed,not assessed,none,not assessed,short,leap-up,3,no,4,middle,no,not assessed,not assessed,
Kabalevsky T01,12,36,1,B4,71,ɨ,not assessed,1.429,not assessed,not assessed,not assessed,not assessed,not assessed,not assessed,not assessed,not assessed,short,repeated,0,no,4,middle,no,not assessed,not assessed,
Kabalevsky T01,12,36,2.5,G4,67,ɑ,Godin band midpoint,0.476,close,F4,2.5,not assessed,not assessed,not assessed,none,not assessed,short,leap-down,-4,no,4,middle,no,not assessed,not assessed,
Kabalevsky T01,12,36,3,A4,69,ɑ,Godin band midpoint,0.476,close,F4,4.5,not assessed,not assessed,not assessed,none,not assessed,short,step,2,no,4,middle,no,not assessed,not assessed,
Kabalevsky T01,12,36,3.5,G4,67,ɑ,Godin band midpoint,0.476,close,F4,2.5,not assessed,not assessed,not assessed,none,not assessed,short,step,-2,no,4,middle,no,not assessed,not assessed,
Kabalevsky T01,12,37,1,E5,76,i,Godin band midpoint,2.857,above,G3,21,not assessed,not assessed,not assessed,none,not assessed,held,leap-up,9,no,4,middle,yes,not assessed,not assessed,
Kabalevsky T01,12,38,1,E5,76,i,Godin band midpoint,1.429,above,G3,21,not assessed,not assessed,not assessed,none,not assessed,held,tie,0,no,4,middle,yes,not assessed,not assessed,
Kabalevsky T01,12,38,2.5,C5,72,ɑ,Godin band midpoint,0.476,close,F4,7.5,not assessed,not assessed,not assessed,none,not assessed,short,leap-down,-4,no,4,last,no,not assessed,not assessed,
Kabalevsky T01,12,40,3,C4,60,o,Godin band midpoint,0.952,close,A#3,2.5,not assessed,not assessed,not assessed,none,not assessed,short,leap-down,-12,yes,5,first,yes,not assessed,not assessed,
Kabalevsky T01,12,41,1,C4,60,ɑ,Godin band midpoint,1.429,open,F4,-4.5,not assessed,not assessed,not assessed,none,not assessed,short,repeated,0,no,5,middle,yes,not assessed,not assessed,
Kabalevsky T01,12,41,2.5,C4,60,ɑ,Godin band midpoint,0.476,open,F4,-4.5,not assessed,not assessed,not assessed,none,not assessed,short,repeated,0,no,5,middle,yes,not assessed,not assessed,
Kabalevsky T01,12,41,3,C4,60,i,Godin band midpoint,0.476,close,G3,5,not assessed,not assessed,not assessed,none,not assessed,short,repeated,0,no,5,last,yes,not assessed,not assessed,
Kabalevsky T01,12,41,3.5,D4,62,ɑ,Godin band midpoint,0.476,open,F4,-2.5,not assessed,not assessed,not assessed,none,not assessed,short,step,2,no,6,first,no,not assessed,not assessed,
Kabalevsky T01,12,42,1,D4,62,o,Godin band midpoint,1.429,close,A#3,4.5,not assessed,not assessed,not assessed,none,not assessed,short,repeated,0,no,6,middle,no,not assessed,not assessed,
Kabalevsky T01,12,42,2.5,E4,64,ɨ,not assessed,0.476,not assessed,not assessed,not assessed,not assessed,not assessed,not assessed,not assessed,not assessed,short,step,2,no,6,middle,no,not assessed,not assessed,
Kabalevsky T01,12,42,3,F4,65,ɨ,not assessed,0.476,not assessed,not assessed,not assessed,not assessed,not assessed,not assessed,not assessed,not assessed,short,step,1,no,6,middle,no,not assessed,not assessed,
Kabalevsky T01,12,42,3.5,D4,62,o,Godin band midpoint,0.476,close,A#3,4.5,not assessed,not assessed,not assessed,none,not assessed,short,leap-down,-3,no,6,middle,no,not assessed,not assessed,
Kabalevsky T01,12,43,1,A4,69,i,Godin band midpoint,2.857,above,G3,14,not assessed,not assessed,not assessed,none,not assessed,held,leap-up,7,no,6,middle,no,not assessed,not assessed,
Kabalevsky T01,12,44,1,A4,69,i,Godin band midpoint,1.429,above,G3,14,not assessed,not assessed,not assessed,none,not assessed,held,tie,0,no,6,middle,no,not assessed,not assessed,
Kabalevsky T01,12,44,2.5,D4,62,o,Godin band midpoint,0.476,close,A#3,4.5,not assessed,not assessed,not assessed,none,not assessed,short,leap-down,-7,no,6,middle,no,not assessed,not assessed,
Kabalevsky T01,12,44,3,D4,62,ɪ,Godin band midpoint,0.476,close,A#3,4.5,not assessed,not assessed,not assessed,none,not assessed,short,repeated,0,no,6,middle,no,not assessed,not assessed,
Kabalevsky T01,12,44,3.5,D4,62,ɑ,Godin band midpoint,0.476,open,F4,-2.5,not assessed,not assessed,not assessed,none,not assessed,short,repeated,0,no,6,middle,no,not assessed,not assessed,
Kabalevsky T01,12,45,1,A#4,70,o,Godin band midpoint,1.905,above,A#3,12.5,not assessed,not assessed,not assessed,none,not assessed,short,leap-up,8,no,6,middle,no,not assessed,not assessed,
Kabalevsky T01,12,45,3,F4,65,i,Godin band midpoint,0.952,close,G3,10,not assessed,not assessed,not assessed,none,not assessed,short,leap-down,-5,no,6,middle,no,not assessed,not assessed,
Kabalevsky T01,12,46,1,E4,64,o,Godin band midpoint,1.429,close,A#3,6.5,not assessed,not assessed,not assessed,none,not assessed,short,step,-1,no,6,middle,no,not assessed,not assessed,
Kabalevsky T01,12,46,2.5,C4,60,ɪ,Godin band midpoint,0.476,close,A#3,2.5,not assessed,not assessed,not assessed,none,not assessed,short,leap-down,-4,no,6,middle,no,not assessed,not assessed,
Kabalevsky T01,12,46,3,D4,62,o,Godin band midpoint,0.476,close,A#3,4.5,not assessed,not assessed,not assessed,none,not assessed,short,step,2,no,6,middle,no,not assessed,not assessed,
Kabalevsky T01,12,46,3.5,C4,60,u,Godin band midpoint,0.476,close,G3,5,not assessed,not assessed,not assessed,none,not assessed,short,step,-2,no,6,middle,no,not assessed,not assessed,
Kabalevsky T01,12,47,1,C5,72,ɨ,not assessed,2.857,not assessed,not assessed,not assessed,not assessed,not assessed,not assessed,not assessed,not assessed,held,leap-up,12,no,6,middle,yes,not assessed,not assessed,
Kabalevsky T01,12,48,1,C5,72,ɨ,not assessed,0.952,not assessed,not assessed,not assessed,not assessed,not assessed,not assessed,not assessed,not assessed,held,tie,0,no,6,middle,yes,not assessed,not assessed,
Kabalevsky T01,12,48,2,A4,69,ɨ,not assessed,0.952,not assessed,not assessed,not assessed,not assessed,not assessed,not assessed,not assessed,not assessed,short,leap-down,-3,no,6,last,no,not assessed,not assessed,
Kabalevsky T01,12,48,3,D4,62,i,Godin band midpoint,0.952,close,G3,7,not assessed,not assessed,not assessed,none,not assessed,short,leap-down,-7,no,7,first,no,not assessed,not assessed,
Kabalevsky T01,12,49,1,A#4,70,i,Godin band midpoint,1.905,above,G3,15,not assessed,not assessed,not assessed,none,not assessed,short,leap-up,8,no,7,middle,no,not assessed,not assessed,
Kabalevsky T01,12,49,3,A4,69,ʌ,Godin band midpoint,0.952,close,F4,4.5,not assessed,not assessed,not assessed,none,not assessed,short,step,-1,no,7,middle,no,not assessed,not assessed,
Kabalevsky T01,12,50,1,G4,67,ɑ,Godin band midpoint,0.476,close,F4,2.5,not assessed,not assessed,not assessed,none,not assessed,short,step,-2,no,7,middle,no,not assessed,not assessed,
Kabalevsky T01,12,50,1.5,F4,65,i,Godin band midpoint,0.476,close,G3,10,not assessed,not assessed,not assessed,none,not assessed,short,step,-2,no,7,middle,no,not assessed,not assessed,
Kabalevsky T01,12,50,2,E4,64,o,Godin band midpoint,0.952,close,A#3,6.5,not assessed,not assessed,not assessed,none,not assessed,short,step,-1,no,7,middle,no,not assessed,not assessed,
Kabalevsky T01,12,50,3,A3,57,i,Godin band midpoint,0.952,close,G3,2,not assessed,not assessed,not assessed,none,not assessed,short,leap-down,-7,no,7,middle,no,not assessed,not assessed,
Kabalevsky T01,12,51,1,F4,65,e,Godin band midpoint,1.905,close,A#3,7.5,not assessed,not assessed,not assessed,none,not assessed,short,leap-up,8,no,7,middle,no,not assessed,not assessed,
Kabalevsky T01,12,51,3,E4,64,ɑ,Godin band midpoint,0.952,open,F4,-0.5,not assessed,not assessed,not assessed,none,not assessed,short,step,-1,no,7,middle,no,not assessed,not assessed,
Kabalevsky T01,12,52,1,D4,62,i,Godin band midpoint,1.429,close,G3,7,not assessed,not assessed,not assessed,none,not assessed,short,step,-2,no,7,middle,no,not assessed,not assessed,
Kabalevsky T01,12,52,2.5,D4,62,ɑ,Godin band midpoint,0.476,open,F4,-2.5,not assessed,not assessed,not assessed,none,not assessed,short,repeated,0,no,7,middle,no,not assessed,not assessed,
Kabalevsky T01,12,52,3,D4,62,ɑ,Godin band midpoint,0.476,open,F4,-2.5,not assessed,not assessed,not assessed,none,not assessed,short,repeated,0,no,7,middle,no,not assessed,not assessed,
Kabalevsky T01,12,52,3.5,D4,62,u,Godin band midpoint,0.476,close,G3,7,not assessed,not assessed,not assessed,none,not assessed,short,repeated,0,no,7,middle,no,not assessed,not assessed,
Kabalevsky T01,12,53,1,D5,74,u,Godin band midpoint,1.905,above,G3,19,not assessed,not assessed,not assessed,none,not assessed,short,leap-up,12,no,7,middle,yes,not assessed,not assessed,
Kabalevsky T01,12,53,3,A4,69,ɛ,Godin band midpoint,0.952,close,F4,4.5,not assessed,not assessed,not assessed,none,not assessed,short,leap-down,-5,no,7,middle,no,not assessed,not assessed,
Kabalevsky T01,12,54,1,A#4,70,ɛ,Godin band midpoint,1.429,close,F4,5.5,not assessed,not assessed,not assessed,none,not assessed,short,step,1,no,7,middle,no,not assessed,not assessed,
Kabalevsky T01,12,54,2.5,A4,69,o,Godin band midpoint,0.476,close,A#3,11.5,not assessed,not assessed,not assessed,none,not assessed,short,step,-1,no,7,middle,no,not assessed,not assessed,
Kabalevsky T01,12,54,3,G4,67,ɨ,not assessed,0.476,not assessed,not assessed,not assessed,not assessed,not assessed,not assessed,not assessed,not assessed,short,step,-2,no,7,middle,no,not assessed,not assessed,
Kabalevsky T01,12,54,3.5,D4,62,ɪ,Godin band midpoint,0.476,close,A#3,4.5,not assessed,not assessed,not assessed,none,not assessed,short,leap-down,-5,no,7,middle,no,not assessed,not assessed,
Kabalevsky T01,12,55,1,F4,65,ɨ,not assessed,1.905,not assessed,not assessed,not assessed,not assessed,not assessed,not assessed,not assessed,not assessed,short,leap-up,3,no,7,middle,no,not assessed,not assessed,
Kabalevsky T01,12,55,3,E4,64,ɨ,not assessed,0.952,not assessed,not assessed,not assessed,not assessed,not assessed,not assessed,not assessed,not assessed,short,step,-1,no,7,last,no,not assessed,not assessed,
Kabalevsky T01,12,57,1,C4,60,ɨ,not assessed,0.952,not assessed,not assessed,not assessed,not assessed,not assessed,not assessed,not assessed,not assessed,short,leap-down,-4,yes,8,first,no,not assessed,not assessed,
Kabalevsky T01,12,57,2,D4,62,u,Godin band midpoint,0.952,close,G3,7,not assessed,not assessed,not assessed,none,not assessed,short,step,2,no,8,middle,no,not assessed,not assessed,
Kabalevsky T01,12,57,3,C4,60,ɪ,Godin band midpoint,0.952,close,A#3,2.5,not assessed,not assessed,not assessed,none,not assessed,short,step,-2,no,8,middle,no,not assessed,not assessed,
Kabalevsky T01,12,58,1,F4,65,ɨ,not assessed,1.905,not assessed,not assessed,not assessed,not assessed,not assessed,not assessed,not assessed,not assessed,short,leap-up,5,no,8,middle,no,not assessed,not assessed,
Kabalevsky T01,12,58,3,C4,60,ɪ,Godin band midpoint,0.952,close,A#3,2.5,not assessed,not assessed,not assessed,none,not assessed,short,leap-down,-5,no,8,middle,no,not assessed,not assessed,
Kabalevsky T01,12,59,1,C4,60,o,Godin band midpoint,1.429,close,A#3,2.5,not assessed,not assessed,not assessed,none,not assessed,short,repeated,0,no,8,middle,no,not assessed,not assessed,
Kabalevsky T01,12,59,2.5,C4,60,ɑ,Godin band midpoint,0.476,open,F4,-4.5,not assessed,not assessed,not assessed,none,not assessed,short,repeated,0,no,8,middle,no,not assessed,not assessed,
Kabalevsky T01,12,59,3,D4,62,i,Godin band midpoint,0.476,close,G3,7,not assessed,not assessed,not assessed,none,not assessed,short,step,2,no,8,middle,no,not assessed,not assessed,
Kabalevsky T01,12,59,3.5,C4,60,u,Godin band midpoint,0.476,close,G3,5,not assessed,not assessed,not assessed,none,not assessed,short,step,-2,no,8,middle,no,not assessed,not assessed,
Kabalevsky T01,12,60,1,A4,69,ɑ,Godin band midpoint,2.857,close,F4,4.5,not assessed,not assessed,not assessed,none,not assessed,held,leap-up,9,no,8,middle,no,not assessed,not assessed,
Kabalevsky T01,12,61,1,D5,74,ɑ,Godin band midpoint,2.857,close,F4,9.5,not assessed,not assessed,not assessed,none,not assessed,held,leap-up,5,no,8,middle,yes,not assessed,not assessed,
Kabalevsky T01,12,62,1,D5,74,ɑ,Godin band midpoint,0.952,close,F4,9.5,not assessed,not assessed,not assessed,none,not assessed,held,tie,0,no,8,middle,yes,not assessed,not assessed,
Kabalevsky T01,12,62,2,G4,67,ɛ,Godin band midpoint,0.952,close,F4,2.5,not assessed,not assessed,not assessed,none,not assessed,short,leap-down,-7,no,8,middle,no,not assessed,not assessed,
Kabalevsky T01,12,62,3,A4,69,ɨ,not assessed,0.952,not assessed,not assessed,not assessed,not assessed,not assessed,not assessed,not assessed,not assessed,short,step,2,no,8,middle,no,not assessed,not assessed,
Kabalevsky T01,12,63,1,A#4,70,o,Godin band midpoint,1.905,above,A#3,12.5,not assessed,not assessed,not assessed,none,not assessed,short,step,1,no,8,middle,no,not assessed,not assessed,
Kabalevsky T01,12,63,3,F4,65,ɨ,not assessed,0.952,not assessed,not assessed,not assessed,not assessed,not assessed,not assessed,not assessed,not assessed,short,leap-down,-5,no,8,middle,no,not assessed,not assessed,
Kabalevsky T01,12,64,1,A4,69,ɑ,Godin band midpoint,1.905,close,F4,4.5,not assessed,not assessed,not assessed,none,not assessed,short,leap-up,4,no,8,middle,no,not assessed,not assessed,
Kabalevsky T01,12,64,3,C5,72,ɪ,Godin band midpoint,0.952,above,A#3,14.5,not assessed,not assessed,not assessed,none,not assessed,short,leap-up,3,no,8,last,no,not assessed,not assessed,
Kabalevsky T01,12,65,2,D4,62,ʌ,Godin band midpoint,0.952,open,F4,-2.5,not assessed,not assessed,not assessed,none,not assessed,short,leap-down,-10,yes,9,first,no,not assessed,not assessed,
Kabalevsky T01,12,65,3,E4,64,u,Godin band midpoint,0.952,close,G3,9,not assessed,not assessed,not assessed,none,not assessed,short,step,2,no,9,middle,no,not assessed,not assessed,
Kabalevsky T01,12,66,1,A4,69,ɑ,Godin band midpoint,2.857,close,F4,4.5,not assessed,not assessed,not assessed,none,not assessed,held,leap-up,5,no,9,middle,yes,not assessed,not assessed,
Kabalevsky T01,12,67,1,A4,69,ɑ,Godin band midpoint,2.857,close,F4,4.5,not assessed,not assessed,not assessed,none,not assessed,held,tie,0,no,9,last,yes,not assessed,not assessed,
Kabalevsky T02,12,2,2.5,C5,72,u,Godin band midpoint,0.417,above,G3,17,not assessed,not assessed,not assessed,none,not assessed,short,first note,,,0,first,yes,not assessed,not assessed,
Kabalevsky T02,12,3,1,A#4,70,ɑ,Godin band midpoint,0.417,close,F4,5.5,not assessed,not assessed,not assessed,none,not assessed,short,step,-2,no,0,middle,no,not assessed,not assessed,
Kabalevsky T02,12,3,1.5,G#4,68,i,Godin band midpoint,0.417,above,G3,13,not assessed,not assessed,not assessed,none,not assessed,short,step,-2,no,0,middle,no,not assessed,not assessed,
Kabalevsky T02,12,3,2,G4,67,i,Godin band midpoint,0.417,crossing,G3,12,not assessed,not assessed,not assessed,none,not assessed,short,step,-1,no,0,middle,no,not assessed,not assessed,
Kabalevsky T02,12,3,2.5,F4,65,u,Godin band midpoint,0.417,close,G3,10,not assessed,not assessed,not assessed,none,not assessed,short,step,-2,no,0,middle,no,not assessed,not assessed,
Kabalevsky T02,12,4,1,E4,64,o,Godin band midpoint,1.25,close,A#3,6.5,not assessed,not assessed,not assessed,none,not assessed,short,step,-1,no,0,middle,no,not assessed,not assessed,
Kabalevsky T02,12,4,2.5,F4,65,ɑ,Godin band midpoint,0.417,close,F4,0.5,not assessed,not assessed,not assessed,none,not assessed,short,step,1,no,0,middle,no,not assessed,not assessed,
Kabalevsky T02,12,5,1,G4,67,u,Godin band midpoint,0.833,crossing,G3,12,not assessed,not assessed,not assessed,none,not assessed,short,step,2,no,0,middle,no,not assessed,not assessed,
Kabalevsky T02,12,5,2,C#4,61,u,Godin band midpoint,0.833,close,G3,6,not assessed,not assessed,not assessed,none,not assessed,short,leap-down,-6,no,0,middle,no,not assessed,not assessed,
Kabalevsky T02,12,6,1,C4,60,u,Godin band midpoint,1.667,close,G3,5,not assessed,not assessed,not assessed,none,not assessed,short,step,-1,no,0,last,no,not assessed,not assessed,
Kabalevsky T02,12,7,1.5,C5,72,ɑ,Godin band midpoint,0.417,close,F4,7.5,not assessed,not assessed,not assessed,none,not assessed,short,leap-up,12,yes,1,first,yes,not assessed,not assessed,
Kabalevsky T02,12,7,2,A#4,70,ɛ,Godin band midpoint,0.417,close,F4,5.5,not assessed,not assessed,not assessed,none,not assessed,short,step,-2,no,1,middle,no,not assessed,not assessed,
Kabalevsky T02,12,7,2.5,G#4,68,ɨ,not assessed,0.417,not assessed,not assessed,not assessed,not assessed,not assessed,not assessed,not assessed,not assessed,short,step,-2,no,1,middle,no,not assessed,not assessed,
Kabalevsky T02,12,8,1,G4,67,o,Godin band midpoint,0.417,close,A#3,9.5,not assessed,not assessed,not assessed,none,not assessed,short,step,-1,no,1,middle,no,not assessed,not assessed,
Kabalevsky T02,12,8,1.5,F4,65,ɨ,not assessed,0.417,not assessed,not assessed,not assessed,not assessed,not assessed,not assessed,not assessed,not assessed,short,step,-2,no,1,middle,no,not assessed,not assessed,
Kabalevsky T02,12,8,2,E4,64,ʌ,Godin band midpoint,0.417,open,F4,-0.5,not assessed,not assessed,not assessed,none,not assessed,short,step,-1,no,1,middle,no,not assessed,not assessed,
Kabalevsky T02,12,8,2.5,F4,65,i,Godin band midpoint,0.417,close,G3,10,not assessed,not assessed,not assessed,none,not assessed,short,step,1,no,1,middle,no,not assessed,not assessed,
Kabalevsky T02,12,9,1,G4,67,i,Godin band midpoint,1.25,crossing,G3,12,not assessed,not assessed,not assessed,none,not assessed,short,step,2,no,1,middle,no,not assessed,not assessed,
Kabalevsky T02,12,9,2.5,C#4,61,ɑ,Godin band midpoint,0.417,open,F4,-3.5,not assessed,not assessed,not assessed,none,not assessed,short,leap-down,-6,no,1,middle,no,not assessed,not assessed,
Kabalevsky T02,12,10,1,C4,60,e,Godin band midpoint,1.25,close,A#3,2.5,not assessed,not assessed,not assessed,none,not assessed,short,step,-1,no,1,middle,no,not assessed,not assessed,
Kabalevsky T02,12,10,2.5,C4,60,i,Godin band midpoint,0.417,close,G3,5,not assessed,not assessed,not assessed,none,not assessed,short,repeated,0,no,1,last,no,not assessed,not assessed,
Kabalevsky T02,12,11,1.5,C4,60,o,Godin band midpoint,0.417,close,A#3,2.5,not assessed,not assessed,not assessed,none,not assessed,short,repeated,0,yes,2,first,no,not assessed,not assessed,
Kabalevsky T02,12,11,2,C4,60,o,Godin band midpoint,0.417,close,A#3,2.5,not assessed,not assessed,not assessed,none,not assessed,short,repeated,0,no,2,middle,no,not assessed,not assessed,
Kabalevsky T02,12,11,2.5,C4,60,ʌ,Godin band midpoint,0.417,open,F4,-4.5,not assessed,not assessed,not assessed,none,not assessed,short,repeated,0,no,2,middle,no,not assessed,not assessed,
Kabalevsky T02,12,12,1,D#4,63,ɑ,Godin band midpoint,1.25,open,F4,-1.5,not assessed,not assessed,not assessed,none,not assessed,short,leap-up,3,no,2,middle,no,not assessed,not assessed,
Kabalevsky T02,12,12,2.5,C4,60,u,Godin band midpoint,0.417,close,G3,5,not assessed,not assessed,not assessed,none,not assessed,short,leap-down,-3,no,2,middle,no,not assessed,not assessed,
Kabalevsky T02,12,13,1,C#4,61,o,Godin band midpoint,0.417,close,A#3,3.5,not assessed,not assessed,not assessed,none,not assessed,short,step,1,no,2,middle,no,not assessed,not assessed,
Kabalevsky T02,12,13,1.5,C4,60,u,Godin band midpoint,0.417,close,G3,5,not assessed,not assessed,not assessed,none,not assessed,short,step,-1,no,2,middle,no,not assessed,not assessed,
Kabalevsky T02,12,13,2,A#3,58,ɑ,Godin band midpoint,0.417,open,F4,-6.5,not assessed,not assessed,not assessed,none,not assessed,short,step,-2,no,2,middle,no,not assessed,not assessed,
Kabalevsky T02,12,13,2.5,C#4,61,u,Godin band midpoint,0.417,close,G3,6,not assessed,not assessed,not assessed,none,not assessed,short,leap-up,3,no,2,middle,no,not assessed,not assessed,
Kabalevsky T02,12,14,1,F4,65,u,Godin band midpoint,1.667,close,G3,10,not assessed,not assessed,not assessed,none,not assessed,short,leap-up,4,no,2,middle,no,not assessed,not assessed,
Kabalevsky T02,12,15,1,F4,65,u,Godin band midpoint,0.417,close,G3,10,not assessed,not assessed,not assessed,none,not assessed,short,tie,0,no,2,middle,no,not assessed,not assessed,
Kabalevsky T02,12,15,1.5,F4,65,ɑ,Godin band midpoint,0.417,close,F4,0.5,not assessed,not assessed,not assessed,none,not assessed,short,repeated,0,no,2,middle,no,not assessed,not assessed,
Kabalevsky T02,12,15,2,F4,65,i,Godin band midpoint,0.417,close,G3,10,not assessed,not assessed,not assessed,none,not assessed,short,repeated,0,no,2,middle,no,not assessed,not assessed,
Kabalevsky T02,12,15,2.5,F4,65,i,Godin band midpoint,0.417,close,G3,10,not assessed,not assessed,not assessed,none,not assessed,short,repeated,0,no,2,middle,no,not assessed,not assessed,
Kabalevsky T02,12,16,1,G4,67,ɑ,Godin band midpoint,1.25,close,F4,2.5,not assessed,not assessed,not assessed,none,not assessed,short,step,2,no,2,middle,no,not assessed,not assessed,
Kabalevsky T02,12,16,2.5,G4,67,ɑ,Godin band midpoint,0.417,close,F4,2.5,not assessed,not assessed,not assessed,none,not assessed,short,repeated,0,no,2,middle,no,not assessed,not assessed,
Kabalevsky T02,12,17,1,G#4,68,o,Godin band midpoint,0.417,close,A#3,10.5,not assessed,not assessed,not assessed,none,not assessed,short,step,1,no,2,middle,no,not assessed,not assessed,
Kabalevsky T02,12,17,1.5,G4,67,i,Godin band midpoint,0.417,crossing,G3,12,not assessed,not assessed,not assessed,none,not assessed,short,step,-1,no,2,middle,no,not assessed,not assessed,
Kabalevsky T02,12,17,2,G#4,68,o,Godin band midpoint,0.417,close,A#3,10.5,not assessed,not assessed,not assessed,none,not assessed,short,step,1,no,2,middle,no,not assessed,not assessed,
Kabalevsky T02,12,17,2.5,A#4,70,ɨ,not assessed,0.417,not assessed,not assessed,not assessed,not assessed,not assessed,not assessed,not assessed,not assessed,short,step,2,no,2,middle,no,not assessed,not assessed,
Kabalevsky T02,12,18,1,C5,72,e,Godin band midpoint,1.25,above,A#3,14.5,not assessed,not assessed,not assessed,none,not assessed,short,step,2,no,2,middle,yes,not assessed,not assessed,
Kabalevsky T02,12,18,2.5,G4,67,i,Godin band midpoint,0.417,crossing,G3,12,not assessed,not assessed,not assessed,none,not assessed,short,leap-down,-5,no,2,last,no,not assessed,not assessed,
Kabalevsky T02,12,22,1.5,C5,72,ɑ,Godin band midpoint,0.417,close,F4,7.5,not assessed,not assessed,not assessed,none,not assessed,short,leap-up,5,yes,3,first,yes,not assessed,not assessed,
Kabalevsky T02,12,22,2,C5,72,i,Godin band midpoint,0.417,above,G3,17,not assessed,not assessed,not assessed,none,not assessed,short,repeated,0,no,3,middle,yes,not assessed,not assessed,
Kabalevsky T02,12,22,2.5,C5,72,i,Godin band midpoint,0.417,above,G3,17,not assessed,not assessed,not assessed,none,not assessed,short,repeated,0,no,3,middle,yes,not assessed,not assessed,
Kabalevsky T02,12,23,1,C5,72,ɨ,not assessed,1.25,not assessed,not assessed,not assessed,not assessed,not assessed,not assessed,not assessed,not assessed,short,repeated,0,no,3,middle,yes,not assessed,not assessed,
Kabalevsky T02,12,23,2.5,C5,72,i,Godin band midpoint,0.417,above,G3,17,not assessed,not assessed,not assessed,none,not assessed,short,repeated,0,no,3,middle,yes,not assessed,not assessed,
Kabalevsky T02,12,24,1,C5,72,u,Godin band midpoint,0.417,above,G3,17,not assessed,not assessed,not assessed,none,not assessed,short,repeated,0,no,3,middle,yes,not assessed,not assessed,
Kabalevsky T02,12,24,1.5,A#4,70,ɑ,Godin band midpoint,0.417,close,F4,5.5,not assessed,not assessed,not assessed,none,not assessed,short,step,-2,no,3,middle,no,not assessed,not assessed,
Kabalevsky T02,12,24,2,G#4,68,o,Godin band midpoint,0.417,close,A#3,10.5,not assessed,not assessed,not assessed,none,not assessed,short,step,-2,no,3,middle,no,not assessed,not assessed,
Kabalevsky T02,12,24,2.5,A#4,70,ɨ,not assessed,0.417,not assessed,not assessed,not assessed,not assessed,not assessed,not assessed,not assessed,not assessed,short,step,2,no,3,middle,no,not assessed,not assessed,
Kabalevsky T02,12,25,1,G#4,68,ɑ,Godin band midpoint,1.667,close,F4,3.5,not assessed,not assessed,not assessed,none,not assessed,short,step,-2,no,3,middle,no,not assessed,not assessed,
Kabalevsky T02,12,26,1,G#4,68,ɑ,Godin band midpoint,0.417,close,F4,3.5,not assessed,not assessed,not assessed,none,not assessed,short,tie,0,no,3,middle,no,not assessed,not assessed,
Kabalevsky T02,12,26,1.5,G#4,68,i,Godin band midpoint,0.417,above,G3,13,not assessed,not assessed,not assessed,none,not assessed,short,repeated,0,no,3,middle,no,not assessed,not assessed,
Kabalevsky T02,12,26,2,G#4,68,u,Godin band midpoint,0.417,above,G3,13,not assessed,not assessed,not assessed,none,not assessed,short,repeated,0,no,3,middle,no,not assessed,not assessed,
Kabalevsky T02,12,26,2.5,G#4,68,i,Godin band midpoint,0.417,above,G3,13,not assessed,not assessed,not assessed,none,not assessed,short,repeated,0,no,3,middle,no,not assessed,not assessed,
Kabalevsky T02,12,27,1,G#4,68,ɛ,Godin band midpoint,1.25,close,F4,3.5,not assessed,not assessed,not assessed,none,not assessed,short,repeated,0,no,3,middle,no,not assessed,not assessed,
Kabalevsky T02,12,27,2.5,A#4,70,ɑ,Godin band midpoint,0.417,close,F4,5.5,not assessed,not assessed,not assessed,none,not assessed,short,step,2,no,3,middle,no,not assessed,not assessed,
Kabalevsky T02,12,28,1,G#4,68,o,Godin band midpoint,0.417,close,A#3,10.5,not assessed,not assessed,not assessed,none,not assessed,short,step,-2,no,3,middle,no,not assessed,not assessed,
Kabalevsky T02,12,28,1.5,D#4,63,ʌ,Godin band midpoint,0.417,open,F4,-1.5,not assessed,not assessed,not assessed,none,not assessed,short,leap-down,-5,no,3,middle,no,not assessed,not assessed,
Kabalevsky T02,12,28,2,F4,65,i,Godin band midpoint,0.417,close,G3,10,not assessed,not assessed,not assessed,none,not assessed,short,step,2,no,3,middle,no,not assessed,not assessed,
Kabalevsky T02,12,28,2.5,F#4,66,i,Godin band midpoint,0.417,close,G3,11,not assessed,not assessed,not assessed,none,not assessed,short,step,1,no,3,middle,no,not assessed,not assessed,
Kabalevsky T02,12,29,1,G#4,68,i,Godin band midpoint,1.25,above,G3,13,not assessed,not assessed,not assessed,none,not assessed,short,step,2,no,3,middle,no,not assessed,not assessed,
Kabalevsky T02,12,29,2.5,G#4,68,ɑ,Godin band midpoint,0.417,close,F4,3.5,not assessed,not assessed,not assessed,none,not assessed,short,repeated,0,no,3,last,no,not assessed,not assessed,
Kabalevsky T02,12,30,1.5,G#4,68,i,Godin band midpoint,0.417,above,G3,13,not assessed,not assessed,not assessed,none,not assessed,short,repeated,0,yes,4,first,no,not assessed,not assessed,
Kabalevsky T02,12,30,2,G#4,68,ɪ,Godin band midpoint,0.417,close,A#3,10.5,not assessed,not assessed,not assessed,none,not assessed,short,repeated,0,no,4,middle,no,not assessed,not assessed,
Kabalevsky T02,12,30,2.5,G#4,68,ɨ,not assessed,0.417,not assessed,not assessed,not assessed,not assessed,not assessed,not assessed,not assessed,not assessed,short,repeated,0,no,4,middle,no,not assessed,not assessed,
Kabalevsky T02,12,31,1,G#4,68,ɑ,Godin band midpoint,0.417,close,F4,3.5,not assessed,not assessed,not assessed,none,not assessed,short,repeated,0,no,4,middle,no,not assessed,not assessed,
Kabalevsky T02,12,31,1.5,F#4,66,ɑ,Godin band midpoint,0.417,close,F4,1.5,not assessed,not assessed,not assessed,none,not assessed,short,step,-2,no,4,middle,no,not assessed,not assessed,
Kabalevsky T02,12,31,2,F4,65,u,Godin band midpoint,0.417,close,G3,10,not assessed,not assessed,not assessed,none,not assessed,short,step,-1,no,4,middle,no,not assessed,not assessed,
Kabalevsky T02,12,31,2.5,F#4,66,ɑ,Godin band midpoint,0.417,close,F4,1.5,not assessed,not assessed,not assessed,none,not assessed,short,step,1,no,4,middle,no,not assessed,not assessed,
Kabalevsky T02,12,32,1,A#4,70,o,Godin band midpoint,1.25,above,A#3,12.5,not assessed,not assessed,not assessed,none,not assessed,short,leap-up,4,no,4,middle,yes,not assessed,not assessed,
Kabalevsky T02,12,32,2.5,F4,65,ɨ,not assessed,0.417,not assessed,not assessed,not assessed,not assessed,not assessed,not assessed,not assessed,not assessed,short,leap-down,-5,no,4,middle,no,not assessed,not assessed,
Kabalevsky T02,12,33,1,A#4,70,ɑ,Godin band midpoint,1.667,close,F4,5.5,not assessed,not assessed,not assessed,none,not assessed,short,leap-up,5,no,4,middle,yes,not assessed,not assessed,
Kabalevsky T02,12,34,1,A#4,70,ɑ,Godin band midpoint,0.417,close,F4,5.5,not assessed,not assessed,not assessed,none,not assessed,short,tie,0,no,4,middle,yes,not assessed,not assessed,
Kabalevsky T02,12,34,1.5,A#4,70,ɑ,Godin band midpoint,0.417,close,F4,5.5,not assessed,not assessed,not assessed,none,not assessed,short,repeated,0,no,4,middle,yes,not assessed,not assessed,
Kabalevsky T02,12,34,2,F#4,66,i,Godin band midpoint,0.417,close,G3,11,not assessed,not assessed,not assessed,none,not assessed,short,leap-down,-4,no,4,middle,no,not assessed,not assessed,
Kabalevsky T02,12,34,2.5,D#4,63,u,Godin band midpoint,0.417,close,G3,8,not assessed,not assessed,not assessed,none,not assessed,short,leap-down,-3,no,4,middle,no,not assessed,not assessed,
Kabalevsky T02,12,35,1,F#4,66,u,Godin band midpoint,1.667,close,G3,11,not assessed,not assessed,not assessed,none,not assessed,short,leap-up,3,no,4,middle,no,not assessed,not assessed,
Kabalevsky T02,12,36,1,F#4,66,u,Godin band midpoint,0.417,close,G3,11,not assessed,not assessed,not assessed,none,not assessed,short,tie,0,no,4,middle,no,not assessed,not assessed,
Kabalevsky T02,12,36,1.5,D#4,63,o,Godin band midpoint,0.417,close,A#3,5.5,not assessed,not assessed,not assessed,none,not assessed,short,leap-down,-3,no,4,middle,no,not assessed,not assessed,
Kabalevsky T02,12,36,2,C#4,61,i,Godin band midpoint,0.417,close,G3,6,not assessed,not assessed,not assessed,none,not assessed,short,step,-2,no,4,middle,no,not assessed,not assessed,
Kabalevsky T02,12,36,2.5,C4,60,ɪ,Godin band midpoint,0.417,close,A#3,2.5,not assessed,not assessed,not assessed,none,not assessed,short,step,-1,no,4,middle,no,not assessed,not assessed,
Kabalevsky T02,12,37,1,F4,65,o,Godin band midpoint,1.25,close,A#3,7.5,not assessed,not assessed,not assessed,none,not assessed,short,leap-up,5,no,4,middle,no,not assessed,not assessed,
Kabalevsky T02,12,37,2.5,F4,65,u,Godin band midpoint,0.417,close,G3,10,not assessed,not assessed,not assessed,none,not assessed,short,repeated,0,no,4,middle,no,not assessed,not assessed,
Kabalevsky T02,12,38,1,F4,65,i,Godin band midpoint,0.833,close,G3,10,not assessed,not assessed,not assessed,none,not assessed,short,repeated,0,no,4,middle,no,not assessed,not assessed,
Kabalevsky T02,12,38,2,F4,65,ɑ,Godin band midpoint,0.833,close,F4,0.5,not assessed,not assessed,not assessed,none,not assessed,short,repeated,0,no,4,last,no,not assessed,not assessed,
Kabalevsky T02,12,40,1.5,A#4,70,u,Godin band midpoint,0.417,above,G3,15,not assessed,not assessed,not assessed,none,not assessed,short,leap-up,5,yes,5,first,no,not assessed,not assessed,
Kabalevsky T02,12,40,2,A#4,70,e,Godin band midpoint,0.417,above,A#3,12.5,not assessed,not assessed,not assessed,none,not assessed,short,repeated,0,no,5,middle,no,not assessed,not assessed,
Kabalevsky T02,12,40,2.5,A#4,70,ɨ,not assessed,0.417,not assessed,not assessed,not assessed,not assessed,not assessed,not assessed,not assessed,not assessed,short,repeated,0,no,5,middle,no,not assessed,not assessed,
Kabalevsky T02,12,41,1,A#4,70,o,Godin band midpoint,1.25,above,A#3,12.5,not assessed,not assessed,not assessed,none,not assessed,short,repeated,0,no,5,middle,no,not assessed,not assessed,
Kabalevsky T02,12,41,2.5,A#4,70,ʌ,Godin band midpoint,0.417,close,F4,5.5,not assessed,not assessed,not assessed,none,not assessed,short,repeated,0,no,5,middle,no,not assessed,not assessed,
Kabalevsky T02,12,42,1,A#4,70,ɪ,Godin band midpoint,0.625,above,A#3,12.5,not assessed,not assessed,not assessed,none,not assessed,short,repeated,0,no,5,middle,no,not assessed,not assessed,
Kabalevsky T02,12,42,1.75,F#4,66,ɑ,Godin band midpoint,0.208,close,F4,1.5,not assessed,not assessed,not assessed,none,not assessed,short,leap-down,-4,no,5,middle,no,not assessed,not assessed,
Kabalevsky T02,12,42,2,F#4,66,i,Godin band midpoint,0.417,close,G3,11,not assessed,not assessed,not assessed,none,not assessed,short,repeated,0,no,5,middle,no,not assessed,not assessed,
Kabalevsky T02,12,42,2.5,G#4,68,u,Godin band midpoint,0.417,above,G3,13,not assessed,not assessed,not assessed,none,not assessed,short,step,2,no,5,middle,no,not assessed,not assessed,
Kabalevsky T02,12,43,1,A#4,70,ɑ,Godin band midpoint,1.667,close,F4,5.5,not assessed,not assessed,not assessed,none,not assessed,short,step,2,no,5,middle,no,not assessed,not assessed,
Kabalevsky T02,12,44,1,A#4,70,ɑ,Godin band midpoint,0.417,close,F4,5.5,not assessed,not assessed,not assessed,none,not assessed,short,tie,0,no,5,middle,no,not assessed,not assessed,
Kabalevsky T02,12,44,1.5,A#4,70,ɑ,Godin band midpoint,0.417,close,F4,5.5,not assessed,not assessed,not assessed,none,not assessed,short,repeated,0,no,5,middle,no,not assessed,not assessed,
Kabalevsky T02,12,44,2,A#4,70,ɛ,Godin band midpoint,0.417,close,F4,5.5,not assessed,not assessed,not assessed,none,not assessed,short,repeated,0,no,5,middle,no,not assessed,not assessed,
Kabalevsky T02,12,44,2.5,A#4,70,i,Godin band midpoint,0.417,above,G3,15,not assessed,not assessed,not assessed,none,not assessed,short,repeated,0,no,5,middle,no,not assessed,not assessed,
Kabalevsky T02,12,45,1,C#5,73,ɑ,Godin band midpoint,0.625,close,F4,8.5,not assessed,not assessed,not assessed,none,not assessed,short,leap-up,3,no,5,middle,yes,not assessed,not assessed,
Kabalevsky T02,12,45,1.75,A#4,70,i,Godin band midpoint,0.208,above,G3,15,not assessed,not assessed,not assessed,none,not assessed,short,leap-down,-3,no,5,middle,no,not assessed,not assessed,
Kabalevsky T02,12,45,2,A#4,70,u,Godin band midpoint,0.833,above,G3,15,not assessed,not assessed,not assessed,none,not assessed,short,repeated,0,no,5,middle,no,not assessed,not assessed,
Kabalevsky T02,12,46,1,A#4,70,u,Godin band midpoint,0.417,above,G3,15,not assessed,not assessed,not assessed,none,not assessed,short,tie,0,no,5,middle,no,not assessed,not assessed,
Kabalevsky T02,12,46,1.5,A#4,70,i,Godin band midpoint,0.417,above,G3,15,not assessed,not assessed,not assessed,none,not assessed,short,repeated,0,no,5,middle,no,not assessed,not assessed,
Kabalevsky T02,12,46,2,A#4,70,o,Godin band midpoint,0.417,above,A#3,12.5,not assessed,not assessed,not assessed,none,not assessed,short,repeated,0,no,5,middle,no,not assessed,not assessed,
Kabalevsky T02,12,46,2.5,A#4,70,ɨ,not assessed,0.417,not assessed,not assessed,not assessed,not assessed,not assessed,not assessed,not assessed,not assessed,short,repeated,0,no,5,middle,no,not assessed,not assessed,
Kabalevsky T02,12,47,1,G4,67,e,Godin band midpoint,0.833,close,A#3,9.5,not assessed,not assessed,not assessed,none,not assessed,short,leap-down,-3,no,5,middle,no,not assessed,not assessed,
Kabalevsky T02,12,47,2,G4,67,ɑ,Godin band midpoint,0.417,close,F4,2.5,not assessed,not assessed,not assessed,none,not assessed,short,repeated,0,no,5,last,no,not assessed,not assessed,
Kabalevsky T02,12,47,2.5,G4,67,i,Godin band midpoint,0.417,crossing,G3,12,not assessed,not assessed,not assessed,none,not assessed,short,repeated,0,no,6,first,no,not assessed,not assessed,
Kabalevsky T02,12,48,1,G4,67,ɑ,Godin band midpoint,1.25,close,F4,2.5,not assessed,not assessed,not assessed,none,not assessed,short,repeated,0,no,6,middle,no,not assessed,not assessed,
Kabalevsky T02,12,48,2.5,D#4,63,ɨ,not assessed,0.417,not assessed,not assessed,not assessed,not assessed,not assessed,not assessed,not assessed,not assessed,short,leap-down,-4,no,6,middle,no,not assessed,not assessed,
Kabalevsky T02,12,49,1,F4,65,none resolved,not assessed,0.417,not assessed,not assessed,not assessed,not assessed,not assessed,not assessed,not assessed,not assessed,short,step,2,no,6,middle,no,not assessed,not assessed,
Kabalevsky T02,12,49,1.5,D#4,63,i,Godin band midpoint,0.417,close,G3,8,not assessed,not assessed,not assessed,none,not assessed,short,step,-2,no,6,middle,no,not assessed,not assessed,
Kabalevsky T02,12,49,2,F4,65,i,Godin band midpoint,0.417,close,G3,10,not assessed,not assessed,not assessed,none,not assessed,short,step,2,no,6,middle,no,not assessed,not assessed,
Kabalevsky T02,12,49,2.5,G4,67,ɑ,Godin band midpoint,0.417,close,F4,2.5,not assessed,not assessed,not assessed,none,not assessed,short,step,2,no,6,middle,no,not assessed,not assessed,
Kabalevsky T02,12,50,1,D#5,75,ɛ,Godin band midpoint,1.667,close,F4,10.5,not assessed,not assessed,not assessed,none,not assessed,held,leap-up,8,no,6,middle,yes,not assessed,not assessed,
Kabalevsky T02,12,51,1,D#5,75,ɛ,Godin band midpoint,1.25,close,F4,10.5,not assessed,not assessed,not assessed,none,not assessed,held,tie,0,no,6,middle,yes,not assessed,not assessed,
Kabalevsky T02,12,51,2.5,G#4,68,ʌ,Godin band midpoint,0.417,close,F4,3.5,not assessed,not assessed,not assessed,none,not assessed,short,leap-down,-7,no,6,middle,no,not assessed,not assessed,
Kabalevsky T02,12,52,1,B4,71,ɑ,Godin band midpoint,1.667,close,F4,6.5,not assessed,not assessed,not assessed,none,not assessed,short,leap-up,3,no,6,middle,no,not assessed,not assessed,
Kabalevsky T02,12,53,1,B4,71,ɑ,Godin band midpoint,0.417,close,F4,6.5,not assessed,not assessed,not assessed,none,not assessed,short,tie,0,no,6,last,no,not assessed,not assessed,
Kabalevsky T02,12,53,1.5,G#4,68,ɑ,Godin band midpoint,0.417,close,F4,3.5,not assessed,not assessed,not assessed,none,not assessed,short,leap-down,-3,no,7,first,no,not assessed,not assessed,
Kabalevsky T02,12,53,2,A#4,70,ɑ,Godin band midpoint,0.417,close,F4,5.5,not assessed,not assessed,not assessed,none,not assessed,short,step,2,no,7,middle,no,not assessed,not assessed,
Kabalevsky T02,12,53,2.5,B4,71,i,Godin band midpoint,0.417,above,G3,16,not assessed,not assessed,not assessed,none,not assessed,short,step,1,no,7,middle,no,not assessed,not assessed,
Kabalevsky T02,12,54,1,G#4,68,o,Godin band midpoint,1.25,close,A#3,10.5,not assessed,not assessed,not assessed,none,not assessed,short,leap-down,-3,no,7,middle,no,not assessed,not assessed,
Kabalevsky T02,12,54,2.5,G#4,68,ɨ,not assessed,0.417,not assessed,not assessed,not assessed,not assessed,not assessed,not assessed,not assessed,not assessed,short,repeated,0,no,7,middle,no,not assessed,not assessed,
Kabalevsky T02,12,55,1,G#4,68,o,Godin band midpoint,0.417,close,A#3,10.5,not assessed,not assessed,not assessed,none,not assessed,short,repeated,0,no,7,middle,no,not assessed,not assessed,
Kabalevsky T02,12,55,1.5,G4,67,i,Godin band midpoint,0.417,crossing,G3,12,not assessed,not assessed,not assessed,none,not assessed,short,step,-1,no,7,middle,no,not assessed,not assessed,
Kabalevsky T02,12,55,2,G#4,68,ɛ,Godin band midpoint,0.417,close,F4,3.5,not assessed,not assessed,not assessed,none,not assessed,short,step,1,no,7,middle,no,not assessed,not assessed,
Kabalevsky T02,12,55,2.5,A#4,70,ʌ,Godin band midpoint,0.417,close,F4,5.5,not assessed,not assessed,not assessed,none,not assessed,short,step,2,no,7,middle,no,not assessed,not assessed,
Kabalevsky T02,12,56,1,C5,72,e,Godin band midpoint,0.833,above,A#3,14.5,not assessed,not assessed,not assessed,none,not assessed,short,step,2,no,7,middle,yes,not assessed,not assessed,
Kabalevsky T02,12,56,2,C5,72,u,Godin band midpoint,0.833,above,G3,17,not assessed,not assessed,not assessed,none,not assessed,short,repeated,0,no,7,last,yes,not assessed,not assessed,
Kabalevsky T02,12,61,1,C5,72,ɛ,Godin band midpoint,0.833,close,F4,7.5,not assessed,not assessed,not assessed,none,not assessed,short,repeated,0,yes,8,first,yes,not assessed,not assessed,
Kabalevsky T02,12,61,2,A#4,70,ʌ,Godin band midpoint,0.417,close,F4,5.5,not assessed,not assessed,not assessed,none,not assessed,short,step,-2,no,8,middle,no,not assessed,not assessed,
Kabalevsky T02,12,61,2.5,G#4,68,u,Godin band midpoint,0.417,above,G3,13,not assessed,not assessed,not assessed,none,not assessed,short,step,-2,no,8,middle,no,not assessed,not assessed,
Kabalevsky T02,12,62,1,G4,67,i,Godin band midpoint,1.25,crossing,G3,12,not assessed,not assessed,not assessed,none,not assessed,short,step,-1,no,8,middle,no,not assessed,not assessed,
Kabalevsky T02,12,62,2.5,F4,65,ɑ,Godin band midpoint,0.417,close,F4,0.5,not assessed,not assessed,not assessed,none,not assessed,short,step,-2,no,8,middle,no,not assessed,not assessed,
Kabalevsky T02,12,63,1,E4,64,o,Godin band midpoint,0.417,close,A#3,6.5,not assessed,not assessed,not assessed,none,not assessed,short,step,-1,no,8,middle,no,not assessed,not assessed,
Kabalevsky T02,12,63,1.5,F4,65,ɑ,Godin band midpoint,0.417,close,F4,0.5,not assessed,not assessed,not assessed,none,not assessed,short,step,1,no,8,middle,no,not assessed,not assessed,
Kabalevsky T02,12,63,2,G4,67,ɪ,Godin band midpoint,0.417,close,A#3,9.5,not assessed,not assessed,not assessed,none,not assessed,short,step,2,no,8,middle,no,not assessed,not assessed,
Kabalevsky T02,12,63,2.5,C#4,61,ɑ,Godin band midpoint,0.417,open,F4,-3.5,not assessed,not assessed,not assessed,none,not assessed,short,leap-down,-6,no,8,middle,no,not assessed,not assessed,
Kabalevsky T02,12,64,1,C4,60,i,Godin band midpoint,1.667,close,G3,5,not assessed,not assessed,not assessed,none,not assessed,short,step,-1,no,8,middle,no,not assessed,not assessed,
Kabalevsky T02,12,65,1,C4,60,i,Godin band midpoint,0.417,close,G3,5,not assessed,not assessed,not assessed,none,not assessed,short,tie,0,no,8,last,no,not assessed,not assessed,
Kabalevsky T02,12,66,1.5,C5,72,i,Godin band midpoint,0.417,above,G3,17,not assessed,not assessed,not assessed,none,not assessed,short,leap-up,12,yes,9,first,no,not assessed,not assessed,
Kabalevsky T02,12,66,2,A#4,70,o,Godin band midpoint,0.417,above,A#3,12.5,not assessed,not assessed,not assessed,none,not assessed,short,step,-2,no,9,middle,no,not assessed,not assessed,
Kabalevsky T02,12,66,2.5,G#4,68,i,Godin band midpoint,0.417,above,G3,13,not assessed,not assessed,not assessed,none,not assessed,short,step,-2,no,9,middle,no,not assessed,not assessed,
Kabalevsky T02,12,67,1,G4,67,o,Godin band midpoint,1.25,close,A#3,9.5,not assessed,not assessed,not assessed,none,not assessed,short,step,-1,no,9,middle,no,not assessed,not assessed,
Kabalevsky T02,12,67,2.5,F4,65,u,Godin band midpoint,0.417,close,G3,10,not assessed,not assessed,not assessed,none,not assessed,short,step,-2,no,9,middle,no,not assessed,not assessed,
Kabalevsky T02,12,68,1,E4,64,ɑ,Godin band midpoint,0.417,open,F4,-0.5,not assessed,not assessed,not assessed,none,not assessed,short,step,-1,no,9,middle,no,not assessed,not assessed,
Kabalevsky T02,12,68,1.5,F4,65,ɪ,Godin band midpoint,0.417,close,A#3,7.5,not assessed,not assessed,not assessed,none,not assessed,short,step,1,no,9,middle,no,not assessed,not assessed,
Kabalevsky T02,12,68,2,G4,67,ɑ,Godin band midpoint,0.278,close,F4,2.5,not assessed,not assessed,not assessed,none,not assessed,short,step,2,no,9,middle,no,not assessed,not assessed,
Kabalevsky T02,12,68,2.333,A#4,70,ɑ,Godin band midpoint,0.278,close,F4,5.5,not assessed,not assessed,not assessed,none,not assessed,short,leap-up,3,no,9,middle,no,not assessed,not assessed,
Kabalevsky T02,12,68,2.667,C#5,73,u,Godin band midpoint,0.278,above,G3,18,not assessed,not assessed,not assessed,none,not assessed,short,leap-up,3,no,9,middle,yes,not assessed,not assessed,
Kabalevsky T02,12,69,1,C5,72,i,Godin band midpoint,1.667,above,G3,17,not assessed,not assessed,not assessed,none,not assessed,held,step,-1,no,9,middle,no,not assessed,not assessed,
Kabalevsky T02,12,70,1,C5,72,i,Godin band midpoint,0.833,above,G3,17,not assessed,not assessed,not assessed,none,not assessed,held,tie,0,no,9,last,no,not assessed,not assessed,
Kabalevsky T03,12,2,2.5,D#4,63,u,Godin band midpoint,0.577,close,G3,8,not assessed,not assessed,not assessed,none,not assessed,short,first note,,,0,first,no,not assessed,not assessed,
Kabalevsky T03,12,3,1,D4,62,u,Godin band midpoint,1.731,close,G3,7,not assessed,not assessed,not assessed,none,not assessed,short,step,-1,no,0,middle,no,not assessed,not assessed,
Kabalevsky T03,12,3,2.5,D#4,63,o,Godin band midpoint,0.577,close,A#3,5.5,not assessed,not assessed,not assessed,none,not assessed,short,step,1,no,0,middle,no,not assessed,not assessed,
Kabalevsky T03,12,4,1,D4,62,ɛ,Godin band midpoint,0.577,open,F4,-2.5,not assessed,not assessed,not assessed,none,not assessed,short,step,-1,no,0,middle,no,not assessed,not assessed,
Kabalevsky T03,12,4,1.5,E4,64,ɨ,not assessed,0.577,not assessed,not assessed,not assessed,not assessed,not assessed,not assessed,not assessed,not assessed,short,step,2,no,0,middle,no,not assessed,not assessed,
Kabalevsky T03,12,4,2,F#4,66,ʌ,Godin band midpoint,0.577,close,F4,1.5,not assessed,not assessed,not assessed,none,not assessed,short,step,2,no,0,middle,no,not assessed,not assessed,
Kabalevsky T03,12,4,2.5,G4,67,ɑ,Godin band midpoint,0.577,close,F4,2.5,not assessed,not assessed,not assessed,none,not assessed,short,step,1,no,0,middle,no,not assessed,not assessed,
Kabalevsky T03,12,5,1,A#4,70,u,Godin band midpoint,0.865,above,G3,15,not assessed,not assessed,not assessed,none,not assessed,short,leap-up,3,no,0,middle,yes,not assessed,not assessed,
Kabalevsky T03,12,5,1.75,A4,69,ɑ,Godin band midpoint,0.288,close,F4,4.5,not assessed,not assessed,not assessed,none,not assessed,short,step,-1,no,0,middle,no,not assessed,not assessed,
Kabalevsky T03,12,5,2,G4,67,ɛ,Godin band midpoint,0.577,close,F4,2.5,not assessed,not assessed,not assessed,none,not assessed,short,step,-2,no,0,middle,no,not assessed,not assessed,
Kabalevsky T03,12,5,2.5,D4,62,ʌ,Godin band midpoint,0.577,open,F4,-2.5,not assessed,not assessed,not assessed,none,not assessed,short,leap-down,-5,no,0,last,no,not assessed,not assessed,
Kabalevsky T03,12,6,1.5,D#4,63,u,Godin band midpoint,0.577,close,G3,8,not assessed,not assessed,not assessed,none,not assessed,short,step,1,yes,1,first,no,not assessed,not assessed,
Kabalevsky T03,12,6,2,D4,62,u,Godin band midpoint,0.577,close,G3,7,not assessed,not assessed,not assessed,none,not assessed,short,step,-1,no,1,middle,no,not assessed,not assessed,
Kabalevsky T03,12,6,2.5,D#4,63,ɛ,Godin band midpoint,0.577,open,F4,-1.5,not assessed,not assessed,not assessed,none,not assessed,short,step,1,no,1,middle,no,not assessed,not assessed,
Kabalevsky T03,12,7,1,D4,62,e,Godin band midpoint,1.731,close,A#3,4.5,not assessed,not assessed,not assessed,none,not assessed,short,step,-1,no,1,middle,no,not assessed,not assessed,
Kabalevsky T03,12,7,2.5,E4,64,o,Godin band midpoint,0.577,close,A#3,6.5,not assessed,not assessed,not assessed,none,not assessed,short,step,2,no,1,middle,no,not assessed,not assessed,
Kabalevsky T03,12,8,1,F#4,66,ɪ,Godin band midpoint,0.577,close,A#3,8.5,not assessed,not assessed,not assessed,none,not assessed,short,step,2,no,1,middle,no,not assessed,not assessed,
Kabalevsky T03,12,8,1.5,G4,67,ɪ,Godin band midpoint,0.577,close,A#3,9.5,not assessed,not assessed,not assessed,none,not assessed,short,step,1,no,1,middle,no,not assessed,not assessed,
Kabalevsky T03,12,8,2,A#4,70,o,Godin band midpoint,0.865,above,A#3,12.5,not assessed,not assessed,not assessed,none,not assessed,short,leap-up,3,no,1,middle,yes,not assessed,not assessed,
Kabalevsky T03,12,8,2.75,A4,69,i,Godin band midpoint,0.288,above,G3,14,not assessed,not assessed,not assessed,none,not assessed,short,step,-1,no,1,middle,no,not assessed,not assessed,
Kabalevsky T03,12,9,1,G4,67,ɑ,Godin band midpoint,2.308,close,F4,2.5,not assessed,not assessed,not assessed,none,not assessed,held,step,-2,no,1,middle,no,not assessed,not assessed,
Kabalevsky T03,12,10,1,G4,67,ɑ,Godin band midpoint,0.577,close,F4,2.5,not assessed,not assessed,not assessed,none,not assessed,held,tie,0,no,1,last,no,not assessed,not assessed,
Kabalevsky T03,12,10,2.5,G4,67,ɑ,Godin band midpoint,0.577,close,F4,2.5,not assessed,not assessed,not assessed,none,not assessed,short,repeated,0,yes,2,first,no,not assessed,not assessed,
Kabalevsky T03,12,11,1,G4,67,u,Godin band midpoint,0.577,crossing,G3,12,not assessed,not assessed,not assessed,none,not assessed,short,repeated,0,no,2,middle,no,not assessed,not assessed,
Kabalevsky T03,12,11,1.5,F4,65,ɪ,Godin band midpoint,0.577,close,A#3,7.5,not assessed,not assessed,not assessed,none,not assessed,short,step,-2,no,2,middle,no,not assessed,not assessed,
Kabalevsky T03,12,11,2,G4,67,u,Godin band midpoint,0.577,crossing,G3,12,not assessed,not assessed,not assessed,none,not assessed,short,step,2,no,2,middle,no,not assessed,not assessed,
Kabalevsky T03,12,11,2.5,D#4,63,ʌ,Godin band midpoint,0.577,open,F4,-1.5,not assessed,not assessed,not assessed,none,not assessed,short,leap-down,-4,no,2,middle,no,not assessed,not assessed,
Kabalevsky T03,12,12,1,C4,60,o,Godin band midpoint,0.577,close,A#3,2.5,not assessed,not assessed,not assessed,none,not assessed,short,leap-down,-3,no,2,middle,no,not assessed,not assessed,
Kabalevsky T03,12,12,1.5,G4,67,o,Godin band midpoint,0.577,close,A#3,9.5,not assessed,not assessed,not assessed,none,not assessed,short,leap-up,7,no,2,middle,no,not assessed,not assessed,
Kabalevsky T03,12,12,2,A4,69,i,Godin band midpoint,0.577,above,G3,14,not assessed,not assessed,not assessed,none,not assessed,short,step,2,no,2,middle,no,not assessed,not assessed,
Kabalevsky T03,12,12,2.5,A#4,70,ɪ,Godin band midpoint,0.577,above,A#3,12.5,not assessed,not assessed,not assessed,none,not assessed,short,step,1,no,2,middle,no,not assessed,not assessed,
Kabalevsky T03,12,13,1,A#4,70,ɛ,Godin band midpoint,1.154,close,F4,5.5,not assessed,not assessed,not assessed,none,not assessed,short,repeated,0,no,2,middle,no,not assessed,not assessed,
Kabalevsky T03,12,13,2,G4,67,ʌ,Godin band midpoint,0.577,close,F4,2.5,not assessed,not assessed,not assessed,none,not assessed,short,leap-down,-3,no,2,middle,no,not assessed,not assessed,
Kabalevsky T03,12,13,2.5,D#4,63,u,Godin band midpoint,0.577,close,G3,8,not assessed,not assessed,not assessed,none,not assessed,short,leap-down,-4,no,2,middle,no,not assessed,not assessed,
Kabalevsky T03,12,14,1,D4,62,u,Godin band midpoint,0.577,close,G3,7,not assessed,not assessed,not assessed,none,not assessed,short,step,-1,no,2,middle,no,not assessed,not assessed,
Kabalevsky T03,12,14,1.5,G4,67,u,Godin band midpoint,0.577,crossing,G3,12,not assessed,not assessed,not assessed,none,not assessed,short,leap-up,5,no,2,middle,no,not assessed,not assessed,
Kabalevsky T03,12,14,2,A4,69,ɨ,not assessed,0.577,not assessed,not assessed,not assessed,not assessed,not assessed,not assessed,not assessed,not assessed,short,step,2,no,2,middle,no,not assessed,not assessed,
Kabalevsky T03,12,14,2.5,A#4,70,ɑ,Godin band midpoint,0.577,close,F4,5.5,not assessed,not assessed,not assessed,none,not assessed,short,step,1,no,2,middle,no,not assessed,not assessed,
Kabalevsky T03,12,15,1,D5,74,a,Godin band midpoint,0.577,close,G#4,6.5,not assessed,not assessed,not assessed,none,not assessed,short,leap-up,4,no,2,middle,yes,not assessed,not assessed,
Kabalevsky T03,12,15,1.5,C5,72,ɪ,Godin band midpoint,0.577,above,A#3,14.5,not assessed,not assessed,not assessed,none,not assessed,short,step,-2,no,2,middle,no,not assessed,not assessed,
Kabalevsky T03,12,15,2,A#4,70,ʌ,Godin band midpoint,0.577,close,F4,5.5,not assessed,not assessed,not assessed,none,not assessed,short,step,-2,no,2,middle,no,not assessed,not assessed,
Kabalevsky T03,12,15,2.5,A4,69,ɑ,Godin band midpoint,0.577,close,F4,4.5,not assessed,not assessed,not assessed,none,not assessed,short,step,-1,no,2,middle,no,not assessed,not assessed,
Kabalevsky T03,12,16,1,G4,67,ɑ,Godin band midpoint,2.308,close,F4,2.5,not assessed,not assessed,not assessed,none,not assessed,held,step,-2,no,2,middle,no,not assessed,not assessed,
Kabalevsky T03,12,17,1,G4,67,ɑ,Godin band midpoint,0.577,close,F4,2.5,not assessed,not assessed,not assessed,none,not assessed,held,tie,0,no,2,last,no,not assessed,not assessed,
Kabalevsky T03,12,18,1.25,F4,65,i,Godin band midpoint,0.288,close,G3,10,not assessed,not assessed,not assessed,none,not assessed,short,step,-2,yes,3,first,no,not assessed,not assessed,
Kabalevsky T03,12,18,1.5,A#4,70,ɑ,Godin band midpoint,0.288,close,F4,5.5,not assessed,not assessed,not assessed,none,not assessed,short,leap-up,5,no,3,middle,no,not assessed,not assessed,
Kabalevsky T03,12,18,1.75,D5,74,i,Godin band midpoint,0.288,above,G3,19,not assessed,not assessed,not assessed,none,not assessed,short,leap-up,4,no,3,middle,yes,not assessed,not assessed,
Kabalevsky T03,12,18,2,C5,72,ɑ,Godin band midpoint,0.577,close,F4,7.5,not assessed,not assessed,not assessed,none,not assessed,short,step,-2,no,3,middle,no,not assessed,not assessed,
Kabalevsky T03,12,18,2.5,G4,67,ɑ,Godin band midpoint,0.577,close,F4,2.5,not assessed,not assessed,not assessed,none,not assessed,short,leap-down,-5,no,3,middle,no,not assessed,not assessed,
Kabalevsky T03,12,19,1,A#4,70,e,Godin band midpoint,0.577,above,A#3,12.5,not assessed,not assessed,not assessed,none,not assessed,short,leap-up,3,no,3,middle,no,not assessed,not assessed,
Kabalevsky T03,12,19,1.5,F4,65,i,Godin band midpoint,0.577,close,G3,10,not assessed,not assessed,not assessed,none,not assessed,short,leap-down,-5,no,3,middle,no,not assessed,not assessed,
Kabalevsky T03,12,19,2,F#4,66,ɑ,Godin band midpoint,0.288,close,F4,1.5,not assessed,not assessed,not assessed,none,not assessed,short,step,1,no,3,middle,no,not assessed,not assessed,
Kabalevsky T03,12,19,2.25,F4,65,ɑ,Godin band midpoint,0.288,close,F4,0.5,not assessed,not assessed,not assessed,none,not assessed,short,step,-1,no,3,middle,no,not assessed,not assessed,
Kabalevsky T03,12,19,2.5,F#4,66,i,Godin band midpoint,0.288,close,G3,11,not assessed,not assessed,not assessed,none,not assessed,short,step,1,no,3,middle,no,not assessed,not assessed,
Kabalevsky T03,12,19,2.75,G#4,68,i,Godin band midpoint,0.288,above,G3,13,not assessed,not assessed,not assessed,none,not assessed,short,step,2,no,3,middle,no,not assessed,not assessed,
Kabalevsky T03,12,20,1,A#4,70,ɛ,Godin band midpoint,0.577,close,F4,5.5,not assessed,not assessed,not assessed,none,not assessed,short,step,2,no,3,middle,no,not assessed,not assessed,
Kabalevsky T03,12,20,1.5,F4,65,ʌ,Godin band midpoint,0.577,close,F4,0.5,not assessed,not assessed,not assessed,none,not assessed,short,leap-down,-5,no,3,last,no,not assessed,not assessed,
Kabalevsky T03,12,20,2.25,F4,65,ɑ,Godin band midpoint,0.288,close,F4,0.5,not assessed,not assessed,not assessed,none,not assessed,short,repeated,0,yes,4,first,no,not assessed,not assessed,
Kabalevsky T03,12,20,2.5,A#4,70,ɑ,Godin band midpoint,0.288,close,F4,5.5,not assessed,not assessed,not assessed,none,not assessed,short,leap-up,5,no,4,middle,no,not assessed,not assessed,
Kabalevsky T03,12,20,2.75,D5,74,u,Godin band midpoint,0.288,above,G3,19,not assessed,not assessed,not assessed,none,not assessed,short,leap-up,4,no,4,middle,yes,not assessed,not assessed,
Kabalevsky T03,12,21,1,C5,72,o,Godin band midpoint,0.865,above,A#3,14.5,not assessed,not assessed,not assessed,none,not assessed,short,step,-2,no,4,middle,no,not assessed,not assessed,
Kabalevsky T03,12,21,1.75,G4,67,ɑ,Godin band midpoint,0.288,close,F4,2.5,not assessed,not assessed,not assessed,none,not assessed,short,leap-down,-5,no,4,middle,no,not assessed,not assessed,
Kabalevsky T03,12,21,2,A#4,70,ɑ,Godin band midpoint,0.577,close,F4,5.5,not assessed,not assessed,not assessed,none,not assessed,short,leap-up,3,no,4,middle,no,not assessed,not assessed,
Kabalevsky T03,12,21,2.5,F4,65,ɨ,not assessed,0.577,not assessed,not assessed,not assessed,not assessed,not assessed,not assessed,not assessed,not assessed,short,leap-down,-5,no,4,middle,no,not assessed,not assessed,
Kabalevsky T03,12,22,1,F#4,66,ɑ,Godin band midpoint,0.288,close,F4,1.5,not assessed,not assessed,not assessed,none,not assessed,short,step,1,no,4,middle,no,not assessed,not assessed,
Kabalevsky T03,12,22,1.25,F4,65,ɑ,Godin band midpoint,0.288,close,F4,0.5,not assessed,not assessed,not assessed,none,not assessed,short,step,-1,no,4,middle,no,not assessed,not assessed,
Kabalevsky T03,12,22,1.5,F#4,66,ɪ,Godin band midpoint,0.577,close,A#3,8.5,not assessed,not assessed,not assessed,none,not assessed,short,step,1,no,4,middle,no,not assessed,not assessed,
Kabalevsky T03,12,22,2,F4,65,ɑ,Godin band midpoint,1.154,close,F4,0.5,not assessed,not assessed,not assessed,none,not assessed,short,step,-1,no,4,middle,no,not assessed,not assessed,
Kabalevsky T03,12,23,1,F4,65,ɑ,Godin band midpoint,0.288,close,F4,0.5,not assessed,not assessed,not assessed,none,not assessed,short,tie,0,no,4,middle,no,not assessed,not assessed,
Kabalevsky T03,12,23,1.25,E4,64,ɑ,Godin band midpoint,0.288,open,F4,-0.5,not assessed,not assessed,not assessed,none,not assessed,short,step,-1,no,4,middle,no,not assessed,not assessed,
Kabalevsky T03,12,23,1.5,F4,65,ʌ,Godin band midpoint,0.288,close,F4,0.5,not assessed,not assessed,not assessed,none,not assessed,short,step,1,no,4,middle,no,not assessed,not assessed,
Kabalevsky T03,12,23,1.75,G4,67,ɑ,Godin band midpoint,0.288,close,F4,2.5,not assessed,not assessed,not assessed,none,not assessed,short,step,2,no,4,middle,no,not assessed,not assessed,
Kabalevsky T03,12,23,2,A4,69,e,Godin band midpoint,0.865,close,A#3,11.5,not assessed,not assessed,not assessed,none,not assessed,short,step,2,no,4,middle,no,not assessed,not assessed,
Kabalevsky T03,12,23,2.75,A#4,70,i,Godin band midpoint,0.288,above,G3,15,not assessed,not assessed,not assessed,none,not assessed,short,step,1,no,4,middle,no,not assessed,not assessed,
Kabalevsky T03,12,24,1,A4,69,i,Godin band midpoint,0.865,above,G3,14,not assessed,not assessed,not assessed,none,not assessed,short,step,-1,no,4,middle,no,not assessed,not assessed,
Kabalevsky T03,12,24,1.75,A#4,70,ɑ,Godin band midpoint,0.288,close,F4,5.5,not assessed,not assessed,not assessed,none,not assessed,short,step,1,no,4,middle,no,not assessed,not assessed,
Kabalevsky T03,12,24,2,A4,69,o,Godin band midpoint,0.288,close,A#3,11.5,not assessed,not assessed,not assessed,none,not assessed,short,step,-1,no,4,middle,no,not assessed,not assessed,
Kabalevsky T03,12,24,2.25,B4,71,ɨ,not assessed,0.288,not assessed,not assessed,not assessed,not assessed,not assessed,not assessed,not assessed,not assessed,short,step,2,no,4,middle,no,not assessed,not assessed,
Kabalevsky T03,12,24,2.5,C#5,73,ɑ,Godin band midpoint,0.288,close,F4,8.5,not assessed,not assessed,not assessed,none,not assessed,short,step,2,no,4,middle,no,not assessed,not assessed,
Kabalevsky T03,12,24,2.75,A4,69,ɪ,Godin band midpoint,0.288,close,A#3,11.5,not assessed,not assessed,not assessed,none,not assessed,short,leap-down,-4,no,4,middle,no,not assessed,not assessed,
Kabalevsky T03,12,25,1,D5,74,o,Godin band midpoint,1.731,above,A#3,16.5,not assessed,not assessed,not assessed,none,not assessed,short,leap-up,5,no,4,middle,yes,not assessed,not assessed,
Kabalevsky T03,12,25,2.5,C5,72,o,Godin band midpoint,0.577,above,A#3,14.5,not assessed,not assessed,not assessed,none,not assessed,short,step,-2,no,4,middle,no,not assessed,not assessed,
Kabalevsky T03,12,26,1,A#4,70,e,Godin band midpoint,0.288,above,A#3,12.5,not assessed,not assessed,not assessed,none,not assessed,short,step,-2,no,4,middle,no,not assessed,not assessed,
Kabalevsky T03,12,26,1.25,A4,69,u,Godin band midpoint,0.288,above,G3,14,not assessed,not assessed,not assessed,none,not assessed,short,step,-1,no,4,middle,no,not assessed,not assessed,
Kabalevsky T03,12,26,1.5,A#4,70,ʌ,Godin band midpoint,0.288,close,F4,5.5,not assessed,not assessed,not assessed,none,not assessed,short,step,1,no,4,middle,no,not assessed,not assessed,
Kabalevsky T03,12,26,1.75,G4,67,ɨ,not assessed,0.288,not assessed,not assessed,not assessed,not assessed,not assessed,not assessed,not assessed,not assessed,short,leap-down,-3,no,4,middle,no,not assessed,not assessed,
Kabalevsky T03,12,26,2,A4,69,ɑ,Godin band midpoint,0.865,close,F4,4.5,not assessed,not assessed,not assessed,none,not assessed,short,step,2,no,4,middle,no,not assessed,not assessed,
Kabalevsky T03,12,26,2.75,A#4,70,ɪ,Godin band midpoint,0.288,above,A#3,12.5,not assessed,not assessed,not assessed,none,not assessed,short,step,1,no,4,middle,no,not assessed,not assessed,
Kabalevsky T03,12,27,1,A4,69,ɛ,Godin band midpoint,0.577,close,F4,4.5,not assessed,not assessed,not assessed,none,not assessed,short,step,-1,no,4,middle,no,not assessed,not assessed,
Kabalevsky T03,12,27,1.5,E4,64,ʌ,Godin band midpoint,0.577,open,F4,-0.5,not assessed,not assessed,not assessed,none,not assessed,short,leap-down,-5,no,4,last,no,not assessed,not assessed,
Kabalevsky T03,12,30,1,A4,69,o,Godin band midpoint,0.577,close,A#3,11.5,not assessed,not assessed,not assessed,none,not assessed,short,leap-up,5,yes,5,first,no,not assessed,not assessed,
Kabalevsky T03,12,30,1.5,A4,69,ɪ,Godin band midpoint,0.288,close,A#3,11.5,not assessed,not assessed,not assessed,none,not assessed,short,repeated,0,no,5,middle,no,not assessed,not assessed,
Kabalevsky T03,12,30,1.75,A#4,70,i,Godin band midpoint,0.288,above,G3,15,not assessed,not assessed,not assessed,none,not assessed,short,step,1,no,5,middle,yes,not assessed,not assessed,
Kabalevsky T03,12,30,2,A4,69,ɨ,not assessed,0.865,not assessed,not assessed,not assessed,not assessed,not assessed,not assessed,not assessed,not assessed,short,step,-1,no,5,middle,no,not assessed,not assessed,
Kabalevsky T03,12,30,2.75,A#4,70,none resolved,not assessed,0.288,not assessed,not assessed,not assessed,not assessed,not assessed,not assessed,not assessed,not assessed,short,step,1,no,5,middle,yes,not assessed,not assessed,
Kabalevsky T03,12,31,1,A4,69,e,Godin band midpoint,0.288,close,A#3,11.5,not assessed,not assessed,not assessed,none,not assessed,short,step,-1,no,5,middle,no,not assessed,not assessed,
Kabalevsky T03,12,31,1.25,E4,64,i,Godin band midpoint,0.288,close,G3,9,not assessed,not assessed,not assessed,none,not assessed,short,leap-down,-5,no,5,middle,no,not assessed,not assessed,
Kabalevsky T03,12,31,1.5,F4,65,i,Godin band midpoint,0.288,close,G3,10,not assessed,not assessed,not assessed,none,not assessed,short,step,1,no,5,middle,no,not assessed,not assessed,
Kabalevsky T03,12,31,1.75,G4,67,ɑ,Godin band midpoint,0.288,close,F4,2.5,not assessed,not assessed,not assessed,none,not assessed,short,step,2,no,5,middle,no,not assessed,not assessed,
Kabalevsky T03,12,31,2,A4,69,e,Godin band midpoint,1.154,close,A#3,11.5,not assessed,not assessed,not assessed,none,not assessed,short,step,2,no,5,middle,no,not assessed,not assessed,
Kabalevsky T03,12,32,1,A4,69,e,Godin band midpoint,0.288,close,A#3,11.5,not assessed,not assessed,not assessed,none,not assessed,short,tie,0,no,5,middle,no,not assessed,not assessed,
Kabalevsky T03,12,32,1.25,A4,69,ɑ,Godin band midpoint,0.288,close,F4,4.5,not assessed,not assessed,not assessed,none,not assessed,short,repeated,0,no,5,middle,no,not assessed,not assessed,
Kabalevsky T03,12,32,1.5,A4,69,ɑ,Godin band midpoint,0.288,close,F4,4.5,not assessed,not assessed,not assessed,none,not assessed,short,repeated,0,no,5,middle,no,not assessed,not assessed,
Kabalevsky T03,12,32,1.75,A#4,70,ɪ,Godin band midpoint,0.288,above,A#3,12.5,not assessed,not assessed,not assessed,none,not assessed,short,step,1,no,5,middle,yes,not assessed,not assessed,
Kabalevsky T03,12,32,2,A4,69,o,Godin band midpoint,0.865,close,A#3,11.5,not assessed,not assessed,not assessed,none,not assessed,short,step,-1,no,5,middle,no,not assessed,not assessed,
Kabalevsky T03,12,32,2.75,A#4,70,u,Godin band midpoint,0.288,above,G3,15,not assessed,not assessed,not assessed,none,not assessed,short,step,1,no,5,middle,yes,not assessed,not assessed,
Kabalevsky T03,12,33,1,A4,69,o,Godin band midpoint,0.288,close,A#3,11.5,not assessed,not assessed,not assessed,none,not assessed,short,step,-1,no,5,middle,no,not assessed,not assessed,
Kabalevsky T03,12,33,1.25,D4,62,u,Godin band midpoint,0.288,close,G3,7,not assessed,not assessed,not assessed,none,not assessed,short,leap-down,-7,no,5,middle,no,not assessed,not assessed,
Kabalevsky T03,12,33,1.5,E4,64,i,Godin band midpoint,0.288,close,G3,9,not assessed,not assessed,not assessed,none,not assessed,short,step,2,no,5,middle,no,not assessed,not assessed,
Kabalevsky T03,12,33,1.75,F#4,66,i,Godin band midpoint,0.288,close,G3,11,not assessed,not assessed,not assessed,none,not assessed,short,step,2,no,5,middle,no,not assessed,not assessed,
Kabalevsky T03,12,33,2,G4,67,a,Godin band midpoint,0.865,open,G#4,-0.5,not assessed,not assessed,not assessed,none,not assessed,short,step,1,no,5,middle,no,not assessed,not assessed,
Kabalevsky T03,12,33,2.75,G4,67,ɑ,Godin band midpoint,0.288,close,F4,2.5,not assessed,not assessed,not assessed,none,not assessed,short,repeated,0,no,5,last,no,not assessed,not assessed,
Kabalevsky T03,12,34,2.75,G4,67,o,Godin band midpoint,0.288,close,A#3,9.5,not assessed,not assessed,not assessed,none,not assessed,short,repeated,0,yes,6,first,no,not assessed,not assessed,
Kabalevsky T03,12,35,1,C5,72,u,Godin band midpoint,0.288,above,G3,17,not assessed,not assessed,not assessed,none,not assessed,short,leap-up,5,no,6,middle,yes,not assessed,not assessed,
Kabalevsky T03,12,35,1.25,C5,72,ɨ,not assessed,0.288,not assessed,not assessed,not assessed,not assessed,not assessed,not assessed,not assessed,not assessed,short,repeated,0,no,6,middle,yes,not assessed,not assessed,
Kabalevsky T03,12,35,1.5,C5,72,ʌ,Godin band midpoint,0.288,close,F4,7.5,not assessed,not assessed,not assessed,none,not assessed,short,repeated,0,no,6,middle,yes,not assessed,not assessed,
Kabalevsky T03,12,35,1.75,G4,67,u,Godin band midpoint,0.288,crossing,G3,12,not assessed,not assessed,not assessed,none,not assessed,short,leap-down,-5,no,6,middle,no,not assessed,not assessed,
Kabalevsky T03,12,35,2,C5,72,ɑ,Godin band midpoint,0.288,close,F4,7.5,not assessed,not assessed,not assessed,none,not assessed,short,leap-up,5,no,6,middle,yes,not assessed,not assessed,
Kabalevsky T03,12,35,2.25,A#4,70,ɑ,Godin band midpoint,0.288,close,F4,5.5,not assessed,not assessed,not assessed,none,not assessed,short,step,-2,no,6,middle,no,not assessed,not assessed,
Kabalevsky T03,12,35,2.5,A4,69,ɛ,Godin band midpoint,0.288,close,F4,4.5,not assessed,not assessed,not assessed,none,not assessed,short,step,-1,no,6,middle,no,not assessed,not assessed,
Kabalevsky T03,12,35,2.75,G4,67,ɪ,Godin band midpoint,0.288,close,A#3,9.5,not assessed,not assessed,not assessed,none,not assessed,short,step,-2,no,6,middle,no,not assessed,not assessed,
Kabalevsky T03,12,36,1,D4,62,e,Godin band midpoint,1.154,close,A#3,4.5,not assessed,not assessed,not assessed,none,not assessed,short,leap-down,-5,no,6,middle,no,not assessed,not assessed,
Kabalevsky T03,12,36,2,D4,62,e,Godin band midpoint,0.288,close,A#3,4.5,not assessed,not assessed,not assessed,none,not assessed,short,tie,0,no,6,middle,no,not assessed,not assessed,
Kabalevsky T03,12,36,2.25,D#4,63,ɑ,Godin band midpoint,0.288,open,F4,-1.5,not assessed,not assessed,not assessed,none,not assessed,short,step,1,no,6,middle,no,not assessed,not assessed,
Kabalevsky T03,12,36,2.5,D4,62,ɨ,not assessed,0.288,not assessed,not assessed,not assessed,not assessed,not assessed,not assessed,not assessed,not assessed,short,step,-1,no,6,middle,no,not assessed,not assessed,
Kabalevsky T03,12,36,2.75,D#4,63,ʌ,Godin band midpoint,0.288,open,F4,-1.5,not assessed,not assessed,not assessed,none,not assessed,short,step,1,no,6,middle,no,not assessed,not assessed,
Kabalevsky T03,12,37,1,D4,62,ɑ,Godin band midpoint,0.865,open,F4,-2.5,not assessed,not assessed,not assessed,none,not assessed,short,step,-1,no,6,middle,no,not assessed,not assessed,
Kabalevsky T03,12,37,1.75,E4,64,i,Godin band midpoint,0.288,close,G3,9,not assessed,not assessed,not assessed,none,not assessed,short,step,2,no,6,middle,no,not assessed,not assessed,
Kabalevsky T03,12,37,2,F#4,66,a,Godin band midpoint,0.288,open,G#4,-1.5,not assessed,not assessed,not assessed,none,not assessed,short,step,2,no,6,middle,no,not assessed,not assessed,
Kabalevsky T03,12,37,2.25,G4,67,ɪ,Godin band midpoint,0.288,close,A#3,9.5,not assessed,not assessed,not assessed,none,not assessed,short,step,1,no,6,middle,no,not assessed,not assessed,
Kabalevsky T03,12,37,2.5,A#4,70,ʌ,Godin band midpoint,0.288,close,F4,5.5,not assessed,not assessed,not assessed,none,not assessed,short,leap-up,3,no,6,middle,no,not assessed,not assessed,
Kabalevsky T03,12,37,2.75,A4,69,ɑ,Godin band midpoint,0.288,close,F4,4.5,not assessed,not assessed,not assessed,none,not assessed,short,step,-1,no,6,middle,no,not assessed,not assessed,
Kabalevsky T03,12,38,1,G4,67,a,Godin band midpoint,0.865,open,G#4,-0.5,not assessed,not assessed,not assessed,none,not assessed,short,step,-2,no,6,middle,no,not assessed,not assessed,
Kabalevsky T03,12,38,1.75,G4,67,ɪ,Godin band midpoint,0.288,close,A#3,9.5,not assessed,not assessed,not assessed,none,not assessed,short,repeated,0,no,6,last,no,not assessed,not assessed,
Kabalevsky T03,12,44,2.5,G4,67,i,Godin band midpoint,0.577,crossing,G3,12,not assessed,not assessed,not assessed,none,not assessed,short,repeated,0,yes,7,first,no,not assessed,not assessed,
Kabalevsky T03,12,45,1,G4,67,ɑ,Godin band midpoint,1.731,close,F4,2.5,not assessed,not assessed,not assessed,none,not assessed,short,repeated,0,no,7,middle,no,not assessed,not assessed,
Kabalevsky T03,12,45,2.5,F4,65,u,Godin band midpoint,0.577,close,G3,10,not assessed,not assessed,not assessed,none,not assessed,short,step,-2,no,7,middle,no,not assessed,not assessed,
Kabalevsky T03,12,46,1,G4,67,o,Godin band midpoint,1.731,close,A#3,9.5,not assessed,not assessed,not assessed,none,not assessed,short,step,2,no,7,middle,no,not assessed,not assessed,
Kabalevsky T03,12,46,2.5,D#4,63,ɑ,Godin band midpoint,0.577,open,F4,-1.5,not assessed,not assessed,not assessed,none,not assessed,short,leap-down,-4,no,7,middle,no,not assessed,not assessed,
Kabalevsky T03,12,47,1,C4,60,o,Godin band midpoint,0.577,close,A#3,2.5,not assessed,not assessed,not assessed,none,not assessed,short,leap-down,-3,no,7,middle,no,not assessed,not assessed,
Kabalevsky T03,12,47,1.5,D#4,63,ʌ,Godin band midpoint,0.577,open,F4,-1.5,not assessed,not assessed,not assessed,none,not assessed,short,leap-up,3,no,7,middle,no,not assessed,not assessed,
Kabalevsky T03,12,47,2,G4,67,ʌ,Godin band midpoint,0.577,close,F4,2.5,not assessed,not assessed,not assessed,none,not assessed,short,leap-up,4,no,7,middle,no,not assessed,not assessed,
Kabalevsky T03,12,47,2.5,A4,69,ɑ,Godin band midpoint,0.577,close,F4,4.5,not assessed,not assessed,not assessed,none,not assessed,short,step,2,no,7,middle,no,not assessed,not assessed,
Kabalevsky T03,12,48,1,A#4,70,u,Godin band midpoint,1.154,above,G3,15,not assessed,not assessed,not assessed,none,not assessed,short,step,1,no,7,middle,yes,not assessed,not assessed,
Kabalevsky T03,12,48,2,A#4,70,u,Godin band midpoint,0.288,above,G3,15,not assessed,not assessed,not assessed,none,not assessed,short,tie,0,no,7,last,yes,not assessed,not assessed,
Kabalevsky T03,12,48,2.25,G4,67,ɑ,Godin band midpoint,0.288,close,F4,2.5,not assessed,not assessed,not assessed,none,not assessed,short,leap-down,-3,no,8,first,no,not assessed,not assessed,
Kabalevsky T03,12,48,2.5,D#4,63,o,Godin band midpoint,0.288,close,A#3,5.5,not assessed,not assessed,not assessed,none,not assessed,short,leap-down,-4,no,8,middle,no,not assessed,not assessed,
Kabalevsky T03,12,48,2.75,G4,67,ɑ,Godin band midpoint,0.288,close,F4,2.5,not assessed,not assessed,not assessed,none,not assessed,short,leap-up,4,no,8,middle,no,not assessed,not assessed,
Kabalevsky T03,12,49,1,D4,62,ɛ,Godin band midpoint,0.577,open,F4,-2.5,not assessed,not assessed,not assessed,none,not assessed,short,leap-down,-5,no,8,middle,no,not assessed,not assessed,
Kabalevsky T03,12,49,1.5,A#4,70,ɛ,Godin band midpoint,1.154,close,F4,5.5,not assessed,not assessed,not assessed,none,not assessed,short,leap-up,8,no,8,last,yes,not assessed,not assessed,
Kabalevsky T03,12,49,2.5,A#4,70,i,Godin band midpoint,0.577,above,G3,15,not assessed,not assessed,not assessed,none,not assessed,short,repeated,0,no,9,first,no,not assessed,not assessed,
Kabalevsky T03,12,50,1,D5,74,o,Godin band midpoint,0.577,above,A#3,16.5,not assessed,not assessed,not assessed,none,not assessed,short,leap-up,4,no,9,middle,yes,not assessed,not assessed,
Kabalevsky T03,12,50,1.5,C5,72,ɨ,not assessed,0.577,not assessed,not assessed,not assessed,not assessed,not assessed,not assessed,not assessed,not assessed,short,step,-2,no,9,middle,no,not assessed,not assessed,
Kabalevsky T03,12,50,2,A#4,70,ɪ,Godin band midpoint,0.577,above,A#3,12.5,not assessed,not assessed,not assessed,none,not assessed,short,step,-2,no,9,middle,no,not assessed,not assessed,
Kabalevsky T03,12,50,2.5,A4,69,ɑ,Godin band midpoint,0.577,close,F4,4.5,not assessed,not assessed,not assessed,none,not assessed,short,step,-1,no,9,middle,no,not assessed,not assessed,
Kabalevsky T03,12,51,1,G4,67,u,Godin band midpoint,2.308,crossing,G3,12,not assessed,not assessed,not assessed,none,not assessed,held,step,-2,no,9,middle,no,not assessed,not assessed,
Kabalevsky T03,12,52,1,G4,67,u,Godin band midpoint,0.577,crossing,G3,12,not assessed,not assessed,not assessed,none,not assessed,held,tie,0,no,9,last,no,not assessed,not assessed,
Kabalevsky T04,12,4,3.5,C4,60,ɑ,Godin band midpoint,0.6,open,F4,-4.5,not assessed,not assessed,not assessed,none,not assessed,short,first note,,,0,first,no,not assessed,not assessed,
Kabalevsky T04,12,4,4,D4,62,ɑ,Godin band midpoint,0.6,open,F4,-2.5,not assessed,not assessed,not assessed,none,not assessed,short,step,2,no,0,middle,no,not assessed,not assessed,
Kabalevsky T04,12,4,4.5,G4,67,ɑ,Godin band midpoint,0.6,close,F4,2.5,not assessed,not assessed,not assessed,none,not assessed,short,leap-up,5,no,0,middle,no,not assessed,not assessed,
Kabalevsky T04,12,5,1,D#4,63,u,Godin band midpoint,1.8,close,G3,8,not assessed,not assessed,not assessed,none,not assessed,short,leap-down,-4,no,0,middle,no,not assessed,not assessed,
Kabalevsky T04,12,5,2.5,D4,62,ɪ,Godin band midpoint,0.6,close,A#3,4.5,not assessed,not assessed,not assessed,none,not assessed,short,step,-1,no,0,middle,no,not assessed,not assessed,
Kabalevsky T04,12,5,3,D#4,63,o,Godin band midpoint,0.6,close,A#3,5.5,not assessed,not assessed,not assessed,none,not assessed,short,step,1,no,0,middle,no,not assessed,not assessed,
Kabalevsky T04,12,5,3.5,C4,60,ɨ,not assessed,0.6,not assessed,not assessed,not assessed,not assessed,not assessed,not assessed,not assessed,not assessed,short,leap-down,-3,no,0,middle,no,not assessed,not assessed,
Kabalevsky T04,12,5,4,F4,65,ɑ,Godin band midpoint,0.6,close,F4,0.5,not assessed,not assessed,not assessed,none,not assessed,short,leap-up,5,no,0,middle,no,not assessed,not assessed,
Kabalevsky T04,12,5,4.5,D4,62,ɨ,not assessed,0.6,not assessed,not assessed,not assessed,not assessed,not assessed,not assessed,not assessed,not assessed,short,leap-down,-3,no,0,middle,no,not assessed,not assessed,
Kabalevsky T04,12,6,1,G4,67,u,Godin band midpoint,2.4,crossing,G3,12,not assessed,not assessed,not assessed,none,not assessed,held,leap-up,5,no,0,middle,no,not assessed,not assessed,
Kabalevsky T04,12,6,3,G4,67,u,Godin band midpoint,0.6,crossing,G3,12,not assessed,not assessed,not assessed,none,not assessed,held,tie,0,no,0,middle,no,not assessed,not assessed,
Kabalevsky T04,12,6,3.5,F4,65,ɑ,Godin band midpoint,0.6,close,F4,0.5,not assessed,not assessed,not assessed,none,not assessed,short,step,-2,no,0,middle,no,not assessed,not assessed,
Kabalevsky T04,12,6,4,G4,67,ɨ,not assessed,0.6,not assessed,not assessed,not assessed,not assessed,not assessed,not assessed,not assessed,not assessed,short,step,2,no,0,middle,no,not assessed,not assessed,
Kabalevsky T04,12,6,4.5,G#4,68,ɨ,not assessed,0.6,not assessed,not assessed,not assessed,not assessed,not assessed,not assessed,not assessed,not assessed,short,step,1,no,0,middle,no,not assessed,not assessed,
Kabalevsky T04,12,7,1,A#4,70,ɑ,Godin band midpoint,0.6,close,F4,5.5,not assessed,not assessed,not assessed,none,not assessed,short,step,2,no,0,middle,yes,not assessed,not assessed,
Kabalevsky T04,12,7,1.5,G4,67,u,Godin band midpoint,0.6,crossing,G3,12,not assessed,not assessed,not assessed,none,not assessed,short,leap-down,-3,no,0,middle,no,not assessed,not assessed,
Kabalevsky T04,12,7,2,F4,65,ʌ,Godin band midpoint,0.6,close,F4,0.5,not assessed,not assessed,not assessed,none,not assessed,short,step,-2,no,0,middle,no,not assessed,not assessed,
Kabalevsky T04,12,7,2.5,D#4,63,ɑ,Godin band midpoint,0.6,open,F4,-1.5,not assessed,not assessed,not assessed,none,not assessed,short,step,-2,no,0,middle,no,not assessed,not assessed,
Kabalevsky T04,12,7,3,F4,65,ɑ,Godin band midpoint,1.8,close,F4,0.5,not assessed,not assessed,not assessed,none,not assessed,short,step,2,no,0,middle,no,not assessed,not assessed,
Kabalevsky T04,12,7,4.5,D4,62,ɨ,not assessed,0.6,not assessed,not assessed,not assessed,not assessed,not assessed,not assessed,not assessed,not assessed,short,leap-down,-3,no,0,middle,no,not assessed,not assessed,
Kabalevsky T04,12,8,1,G4,67,o,Godin band midpoint,1.8,close,A#3,9.5,not assessed,not assessed,not assessed,none,not assessed,short,leap-up,5,no,0,middle,no,not assessed,not assessed,
Kabalevsky T04,12,8,2.5,G4,67,ʌ,Godin band midpoint,0.6,close,F4,2.5,not assessed,not assessed,not assessed,none,not assessed,short,repeated,0,no,0,last,no,not assessed,not assessed,
Kabalevsky T04,12,8,3.5,G4,67,u,Godin band midpoint,0.6,crossing,G3,12,not assessed,not assessed,not assessed,none,not assessed,short,repeated,0,yes,1,first,no,not assessed,not assessed,
Kabalevsky T04,12,8,4,F4,65,ɑ,Godin band midpoint,0.6,close,F4,0.5,not assessed,not assessed,not assessed,none,not assessed,short,step,-2,no,1,middle,no,not assessed,not assessed,
Kabalevsky T04,12,8,4.5,D#4,63,ɨ,not assessed,0.6,not assessed,not assessed,not assessed,not assessed,not assessed,not assessed,not assessed,not assessed,short,step,-2,no,1,middle,no,not assessed,not assessed,
Kabalevsky T04,12,9,1,F4,65,ɛ,Godin band midpoint,1.8,close,F4,0.5,not assessed,not assessed,not assessed,none,not assessed,short,step,2,no,1,middle,no,not assessed,not assessed,
Kabalevsky T04,12,9,2.5,D4,62,i,Godin band midpoint,0.6,close,G3,7,not assessed,not assessed,not assessed,none,not assessed,short,leap-down,-3,no,1,middle,no,not assessed,not assessed,
Kabalevsky T04,12,9,3,D#4,63,o,Godin band midpoint,0.6,close,A#3,5.5,not assessed,not assessed,not assessed,none,not assessed,short,step,1,no,1,middle,no,not assessed,not assessed,
Kabalevsky T04,12,9,3.5,D4,62,ɑ,Godin band midpoint,0.6,open,F4,-2.5,not assessed,not assessed,not assessed,none,not assessed,short,step,-1,no,1,middle,no,not assessed,not assessed,
Kabalevsky T04,12,9,4,D#4,63,ɛ,Godin band midpoint,0.6,open,F4,-1.5,not assessed,not assessed,not assessed,none,not assessed,short,step,1,no,1,middle,no,not assessed,not assessed,
Kabalevsky T04,12,9,4.5,F4,65,ɑ,Godin band midpoint,0.6,close,F4,0.5,not assessed,not assessed,not assessed,none,not assessed,short,step,2,no,1,middle,no,not assessed,not assessed,
Kabalevsky T04,12,10,1,F#4,66,u,Godin band midpoint,0.6,close,G3,11,not assessed,not assessed,not assessed,none,not assessed,short,step,1,no,1,middle,no,not assessed,not assessed,
Kabalevsky T04,12,10,1.5,G4,67,i,Godin band midpoint,0.6,crossing,G3,12,not assessed,not assessed,not assessed,none,not assessed,short,step,1,no,1,middle,no,not assessed,not assessed,
Kabalevsky T04,12,10,2,C5,72,ɑ,Godin band midpoint,0.6,close,F4,7.5,not assessed,not assessed,not assessed,none,not assessed,short,leap-up,5,no,1,middle,no,not assessed,not assessed,
Kabalevsky T04,12,10,2.5,D5,74,ʌ,Godin band midpoint,0.6,close,F4,9.5,not assessed,not assessed,not assessed,none,not assessed,short,step,2,no,1,middle,no,not assessed,not assessed,
Kabalevsky T04,12,10,3,D#5,75,o,Godin band midpoint,2.4,above,A#3,17.5,not assessed,not assessed,not assessed,none,not assessed,held,step,1,no,1,middle,yes,not assessed,not assessed,
Kabalevsky T04,12,11,1,D#5,75,o,Godin band midpoint,0.6,above,A#3,17.5,not assessed,not assessed,not assessed,none,not assessed,held,tie,0,no,1,middle,yes,not assessed,not assessed,
Kabalevsky T04,12,11,1.5,D5,74,u,Godin band midpoint,0.6,above,G3,19,not assessed,not assessed,not assessed,none,not assessed,short,step,-1,no,1,middle,no,not assessed,not assessed,
Kabalevsky T04,12,11,2,C5,72,ɑ,Godin band midpoint,0.6,close,F4,7.5,not assessed,not assessed,not assessed,none,not assessed,short,step,-2,no,1,middle,no,not assessed,not assessed,
Kabalevsky T04,12,11,2.5,B4,71,ɑ,Godin band midpoint,0.6,close,F4,6.5,not assessed,not assessed,not assessed,none,not assessed,short,step,-1,no,1,middle,no,not assessed,not assessed,
Kabalevsky T04,12,11,3,C5,72,e,Godin band midpoint,1.8,above,A#3,14.5,not assessed,not assessed,not assessed,none,not assessed,short,step,1,no,1,middle,no,not assessed,not assessed,
Kabalevsky T04,12,11,4.5,G#4,68,u,Godin band midpoint,0.6,above,G3,13,not assessed,not assessed,not assessed,none,not assessed,short,leap-down,-4,no,1,middle,no,not assessed,not assessed,
Kabalevsky T04,12,12,1,D#4,63,o,Godin band midpoint,1.8,close,A#3,5.5,not assessed,not assessed,not assessed,none,not assessed,short,leap-down,-5,no,1,middle,no,not assessed,not assessed,
Kabalevsky T04,12,12,2.5,G4,67,ɑ,Godin band midpoint,0.6,close,F4,2.5,not assessed,not assessed,not assessed,none,not assessed,short,leap-up,4,no,1,last,no,not assessed,not assessed,
Kabalevsky T04,12,13,3.5,C4,60,i,Godin band midpoint,0.6,close,G3,5,not assessed,not assessed,not assessed,none,not assessed,short,leap-down,-7,yes,2,first,no,not assessed,not assessed,
Kabalevsky T04,12,13,4,D4,62,ɑ,Godin band midpoint,0.6,open,F4,-2.5,not assessed,not assessed,not assessed,none,not assessed,short,step,2,no,2,middle,no,not assessed,not assessed,
Kabalevsky T04,12,13,4.5,G4,67,ɪ,Godin band midpoint,0.6,close,A#3,9.5,not assessed,not assessed,not assessed,none,not assessed,short,leap-up,5,no,2,middle,no,not assessed,not assessed,
Kabalevsky T04,12,14,1,D#4,63,ɑ,Godin band midpoint,0.6,open,F4,-1.5,not assessed,not assessed,not assessed,none,not assessed,short,leap-down,-4,no,2,middle,no,not assessed,not assessed,
Kabalevsky T04,12,14,1.5,D4,62,ɨ,not assessed,0.6,not assessed,not assessed,not assessed,not assessed,not assessed,not assessed,not assessed,not assessed,short,step,-1,no,2,middle,no,not assessed,not assessed,
Kabalevsky T04,12,14,2,D#4,63,o,Godin band midpoint,1.8,close,A#3,5.5,not assessed,not assessed,not assessed,none,not assessed,short,step,1,no,2,middle,no,not assessed,not assessed,
Kabalevsky T04,12,14,3.5,G4,67,ɑ,Godin band midpoint,0.6,close,F4,2.5,not assessed,not assessed,not assessed,none,not assessed,short,leap-up,4,no,2,middle,no,not assessed,not assessed,
Kabalevsky T04,12,15,1,G4,67,o,Godin band midpoint,0.6,close,A#3,9.5,not assessed,not assessed,not assessed,none,not assessed,short,repeated,0,no,2,middle,no,not assessed,not assessed,
Kabalevsky T04,12,15,1.5,F#4,66,ɨ,not assessed,0.6,not assessed,not assessed,not assessed,not assessed,not assessed,not assessed,not assessed,not assessed,short,step,-1,no,2,middle,no,not assessed,not assessed,
Kabalevsky T04,12,15,2,F#4,66,u,Godin band midpoint,1.8,close,G3,11,not assessed,not assessed,not assessed,none,not assessed,short,repeated,0,no,2,middle,no,not assessed,not assessed,
Kabalevsky T04,12,15,3.5,A4,69,ɑ,Godin band midpoint,0.6,close,F4,4.5,not assessed,not assessed,not assessed,none,not assessed,short,leap-up,3,no,2,middle,no,not assessed,not assessed,
Kabalevsky T04,12,16,1,A#4,70,ɛ,Godin band midpoint,0.6,close,F4,5.5,not assessed,not assessed,not assessed,none,not assessed,short,step,1,no,2,middle,no,not assessed,not assessed,
Kabalevsky T04,12,16,1.5,G4,67,ɑ,Godin band midpoint,0.6,close,F4,2.5,not assessed,not assessed,not assessed,none,not assessed,short,leap-down,-3,no,2,middle,no,not assessed,not assessed,
Kabalevsky T04,12,16,2,G#4,68,o,Godin band midpoint,0.6,close,A#3,10.5,not assessed,not assessed,not assessed,none,not assessed,short,step,1,no,2,middle,no,not assessed,not assessed,
Kabalevsky T04,12,16,2.5,A#4,70,ɑ,Godin band midpoint,0.6,close,F4,5.5,not assessed,not assessed,not assessed,none,not assessed,short,step,2,no,2,middle,no,not assessed,not assessed,
Kabalevsky T04,12,16,3,C5,72,ɛ,Godin band midpoint,0.6,close,F4,7.5,not assessed,not assessed,not assessed,none,not assessed,short,step,2,no,2,middle,yes,not assessed,not assessed,
Kabalevsky T04,12,16,3.5,G4,67,ɑ,Godin band midpoint,0.6,close,F4,2.5,not assessed,not assessed,not assessed,none,not assessed,short,leap-down,-5,no,2,middle,no,not assessed,not assessed,
Kabalevsky T04,12,16,4,G#4,68,i,Godin band midpoint,0.6,above,G3,13,not assessed,not assessed,not assessed,none,not assessed,short,step,1,no,2,middle,no,not assessed,not assessed,
Kabalevsky T04,12,16,4.5,G4,67,ɑ,Godin band midpoint,0.6,close,F4,2.5,not assessed,not assessed,not assessed,none,not assessed,short,step,-1,no,2,middle,no,not assessed,not assessed,
Kabalevsky T04,12,17,1,G#4,68,i,Godin band midpoint,0.6,above,G3,13,not assessed,not assessed,not assessed,none,not assessed,short,step,1,no,2,middle,no,not assessed,not assessed,
Kabalevsky T04,12,17,1.5,F4,65,ɑ,Godin band midpoint,0.6,close,F4,0.5,not assessed,not assessed,not assessed,none,not assessed,short,leap-down,-3,no,2,last,no,not assessed,not assessed,
Kabalevsky T04,12,17,2.5,G4,67,i,Godin band midpoint,0.6,crossing,G3,12,not assessed,not assessed,not assessed,none,not assessed,short,step,2,yes,3,first,no,not assessed,not assessed,
Kabalevsky T04,12,17,3,G#4,68,u,Godin band midpoint,1.8,above,G3,13,not assessed,not assessed,not assessed,none,not assessed,short,step,1,no,3,middle,no,not assessed,not assessed,
Kabalevsky T04,12,17,4.5,F4,65,u,Godin band midpoint,0.6,close,G3,10,not assessed,not assessed,not assessed,none,not assessed,short,leap-down,-3,no,3,middle,no,not assessed,not assessed,
Kabalevsky T04,12,18,1,G4,67,o,Godin band midpoint,1.8,close,A#3,9.5,not assessed,not assessed,not assessed,none,not assessed,short,step,2,no,3,middle,no,not assessed,not assessed,
Kabalevsky T04,12,18,2.5,G4,67,ɑ,Godin band midpoint,0.6,close,F4,2.5,not assessed,not assessed,not assessed,none,not assessed,short,repeated,0,no,3,middle,no,not assessed,not assessed,
Kabalevsky T04,12,18,3,G#4,68,i,Godin band midpoint,0.6,above,G3,13,not assessed,not assessed,not assessed,none,not assessed,short,step,1,no,3,middle,no,not assessed,not assessed,
Kabalevsky T04,12,18,3.5,F4,65,u,Godin band midpoint,0.6,close,G3,10,not assessed,not assessed,not assessed,none,not assessed,short,leap-down,-3,no,3,middle,no,not assessed,not assessed,
Kabalevsky T04,12,18,4,F4,65,u,Godin band midpoint,0.6,close,G3,10,not assessed,not assessed,not assessed,none,not assessed,short,repeated,0,no,3,middle,no,not assessed,not assessed,
Kabalevsky T04,12,18,4.5,G#4,68,ɑ,Godin band midpoint,0.6,close,F4,3.5,not assessed,not assessed,not assessed,none,not assessed,short,leap-up,3,no,3,middle,no,not assessed,not assessed,
Kabalevsky T04,12,19,1,G4,67,u,Godin band midpoint,0.6,crossing,G3,12,not assessed,not assessed,not assessed,none,not assessed,short,step,-1,no,3,middle,no,not assessed,not assessed,
Kabalevsky T04,12,19,1.5,F#4,66,i,Godin band midpoint,0.6,close,G3,11,not assessed,not assessed,not assessed,none,not assessed,short,step,-1,no,3,middle,no,not assessed,not assessed,
Kabalevsky T04,12,19,2,G4,67,o,Godin band midpoint,0.6,close,A#3,9.5,not assessed,not assessed,not assessed,none,not assessed,short,step,1,no,3,middle,no,not assessed,not assessed,
Kabalevsky T04,12,19,2.5,A4,69,o,Godin band midpoint,0.6,close,A#3,11.5,not assessed,not assessed,not assessed,none,not assessed,short,step,2,no,3,middle,no,not assessed,not assessed,
Kabalevsky T04,12,19,3,A#4,70,ɨ,not assessed,0.6,not assessed,not assessed,not assessed,not assessed,not assessed,not assessed,not assessed,not assessed,short,step,1,no,3,middle,yes,not assessed,not assessed,
Kabalevsky T04,12,19,3.5,G4,67,i,Godin band midpoint,0.6,crossing,G3,12,not assessed,not assessed,not assessed,none,not assessed,short,leap-down,-3,no,3,middle,no,not assessed,not assessed,
Kabalevsky T04,12,19,4,C#4,61,ɛ,Godin band midpoint,0.6,open,F4,-3.5,not assessed,not assessed,not assessed,none,not assessed,short,leap-down,-6,no,3,middle,no,not assessed,not assessed,
Kabalevsky T04,12,19,4.5,D4,62,ɑ,Godin band midpoint,0.6,open,F4,-2.5,not assessed,not assessed,not assessed,none,not assessed,short,step,1,no,3,middle,no,not assessed,not assessed,
Kabalevsky T04,12,20,1,D#4,63,ɑ,Godin band midpoint,1.8,open,F4,-1.5,not assessed,not assessed,not assessed,none,not assessed,short,step,1,no,3,middle,no,not assessed,not assessed,
Kabalevsky T04,12,20,2.5,G4,67,ʌ,Godin band midpoint,0.6,close,F4,2.5,not assessed,not assessed,not assessed,none,not assessed,short,leap-up,4,no,3,middle,no,not assessed,not assessed,
Kabalevsky T04,12,20,3,F#4,66,i,Godin band midpoint,0.6,close,G3,11,not assessed,not assessed,not assessed,none,not assessed,short,step,-1,no,3,middle,no,not assessed,not assessed,
Kabalevsky T04,12,20,3.5,D4,62,ʌ,Godin band midpoint,0.6,open,F4,-2.5,not assessed,not assessed,not assessed,none,not assessed,short,leap-down,-4,no,3,last,no,not assessed,not assessed,
Kabalevsky T04,12,21,1.5,D4,62,ɪ,Godin band midpoint,0.6,close,A#3,4.5,not assessed,not assessed,not assessed,none,not assessed,short,repeated,0,yes,4,first,no,not assessed,not assessed,
Kabalevsky T04,12,21,2,D4,62,u,Godin band midpoint,0.6,close,G3,7,not assessed,not assessed,not assessed,none,not assessed,short,repeated,0,no,4,middle,no,not assessed,not assessed,
Kabalevsky T04,12,21,2.5,D4,62,ɑ,Godin band midpoint,0.6,open,F4,-2.5,not assessed,not assessed,not assessed,none,not assessed,short,repeated,0,no,4,middle,no,not assessed,not assessed,
Kabalevsky T04,12,21,3,D4,62,o,Godin band midpoint,1.8,close,A#3,4.5,not assessed,not assessed,not assessed,none,not assessed,short,repeated,0,no,4,middle,no,not assessed,not assessed,
Kabalevsky T04,12,21,4.5,D4,62,ɑ,Godin band midpoint,0.6,open,F4,-2.5,not assessed,not assessed,not assessed,none,not assessed,short,repeated,0,no,4,middle,no,not assessed,not assessed,
Kabalevsky T04,12,22,1,D4,62,e,Godin band midpoint,0.6,close,A#3,4.5,not assessed,not assessed,not assessed,none,not assessed,short,repeated,0,no,4,middle,no,not assessed,not assessed,
Kabalevsky T04,12,22,1.5,D4,62,ɑ,Godin band midpoint,0.6,open,F4,-2.5,not assessed,not assessed,not assessed,none,not assessed,short,repeated,0,no,4,middle,no,not assessed,not assessed,
Kabalevsky T04,12,22,2,D4,62,ʌ,Godin band midpoint,0.6,open,F4,-2.5,not assessed,not assessed,not assessed,none,not assessed,short,repeated,0,no,4,middle,no,not assessed,not assessed,
Kabalevsky T04,12,22,2.5,F4,65,u,Godin band midpoint,0.6,close,G3,10,not assessed,not assessed,not assessed,none,not assessed,short,leap-up,3,no,4,middle,yes,not assessed,not assessed,
Kabalevsky T04,12,22,3,D4,62,o,Godin band midpoint,2.4,close,A#3,4.5,not assessed,not assessed,not assessed,none,not assessed,short,leap-down,-3,no,4,last,no,not assessed,not assessed,
Kabalevsky T04,12,23,1.5,D4,62,i,Godin band midpoint,0.6,close,G3,7,not assessed,not assessed,not assessed,none,not assessed,short,repeated,0,yes,5,first,no,not assessed,not assessed,
Kabalevsky T04,12,23,2,D4,62,u,Godin band midpoint,0.6,close,G3,7,not assessed,not assessed,not assessed,none,not assessed,short,repeated,0,no,5,middle,no,not assessed,not assessed,
Kabalevsky T04,12,23,2.5,D4,62,ɑ,Godin band midpoint,0.6,open,F4,-2.5,not assessed,not assessed,not assessed,none,not assessed,short,repeated,0,no,5,middle,no,not assessed,not assessed,
Kabalevsky T04,12,23,3,D#4,63,ɑ,Godin band midpoint,1.2,open,F4,-1.5,not assessed,not assessed,not assessed,none,not assessed,short,step,1,no,5,middle,no,not assessed,not assessed,
Kabalevsky T04,12,23,4,D4,62,u,Godin band midpoint,1.2,close,G3,7,not assessed,not assessed,not assessed,none,not assessed,short,step,-1,no,5,middle,no,not assessed,not assessed,
Kabalevsky T04,12,24,1,F#4,66,o,Godin band midpoint,0.6,close,A#3,8.5,not assessed,not assessed,not assessed,none,not assessed,short,leap-up,4,no,5,middle,no,not assessed,not assessed,
Kabalevsky T04,12,24,1.5,D4,62,ɑ,Godin band midpoint,0.6,open,F4,-2.5,not assessed,not assessed,not assessed,none,not assessed,short,leap-down,-4,no,5,middle,no,not assessed,not assessed,
Kabalevsky T04,12,24,2,D4,62,e,Godin band midpoint,0.6,close,A#3,4.5,not assessed,not assessed,not assessed,none,not assessed,short,repeated,0,no,5,middle,no,not assessed,not assessed,
Kabalevsky T04,12,24,2.5,D4,62,ɪ,Godin band midpoint,0.6,close,A#3,4.5,not assessed,not assessed,not assessed,none,not assessed,short,repeated,0,no,5,middle,no,not assessed,not assessed,
Kabalevsky T04,12,24,3,A#4,70,ɑ,Godin band midpoint,1.2,close,F4,5.5,not assessed,not assessed,not assessed,none,not assessed,short,leap-up,8,no,5,middle,yes,not assessed,not assessed,
Kabalevsky T04,12,24,4,G4,67,ʌ,Godin band midpoint,0.6,close,F4,2.5,not assessed,not assessed,not assessed,none,not assessed,short,leap-down,-3,no,5,last,no,not assessed,not assessed,
Kabalevsky T04,12,24,4.5,G4,67,i,Godin band midpoint,0.6,crossing,G3,12,not assessed,not assessed,not assessed,none,not assessed,short,repeated,0,no,6,first,no,not assessed,not assessed,
Kabalevsky T04,12,25,1,G4,67,o,Godin band midpoint,1.8,close,A#3,9.5,not assessed,not assessed,not assessed,none,not assessed,short,repeated,0,no,6,middle,no,not assessed,not assessed,
Kabalevsky T04,12,25,2.5,A4,69,ɑ,Godin band midpoint,0.6,close,F4,4.5,not assessed,not assessed,not assessed,none,not assessed,short,step,2,no,6,middle,no,not assessed,not assessed,
Kabalevsky T04,12,25,3,A#4,70,u,Godin band midpoint,0.6,above,G3,15,not assessed,not assessed,not assessed,none,not assessed,short,step,1,no,6,middle,no,not assessed,not assessed,
Kabalevsky T04,12,25,3.5,G4,67,ɑ,Godin band midpoint,0.6,close,F4,2.5,not assessed,not assessed,not assessed,none,not assessed,short,leap-down,-3,no,6,middle,no,not assessed,not assessed,
Kabalevsky T04,12,25,4,G4,67,ɑ,Godin band midpoint,0.6,close,F4,2.5,not assessed,not assessed,not assessed,none,not assessed,short,repeated,0,no,6,middle,no,not assessed,not assessed,
Kabalevsky T04,12,25,4.5,G4,67,o,Godin band midpoint,0.6,close,A#3,9.5,not assessed,not assessed,not assessed,none,not assessed,short,repeated,0,no,6,middle,no,not assessed,not assessed,
Kabalevsky T04,12,26,1,C5,72,ʌ,Godin band midpoint,1.8,close,F4,7.5,not assessed,not assessed,not assessed,none,not assessed,short,leap-up,5,no,6,middle,no,not assessed,not assessed,
Kabalevsky T04,12,26,2.5,A4,69,ɨ,not assessed,0.6,not assessed,not assessed,not assessed,not assessed,not assessed,not assessed,not assessed,not assessed,short,leap-down,-3,no,6,middle,no,not assessed,not assessed,
Kabalevsky T04,12,26,3,A#4,70,o,Godin band midpoint,1.8,above,A#3,12.5,not assessed,not assessed,not assessed,none,not assessed,short,step,1,no,6,middle,no,not assessed,not assessed,
Kabalevsky T04,12,26,4.5,G4,67,ɑ,Godin band midpoint,0.6,close,F4,2.5,not assessed,not assessed,not assessed,none,not assessed,short,leap-down,-3,no,6,middle,no,not assessed,not assessed,
Kabalevsky T04,12,27,1,F#4,66,ʌ,Godin band midpoint,0.6,close,F4,1.5,not assessed,not assessed,not assessed,none,not assessed,short,step,-1,no,6,middle,no,not assessed,not assessed,
Kabalevsky T04,12,27,1.5,D4,62,ɑ,Godin band midpoint,0.6,open,F4,-2.5,not assessed,not assessed,not assessed,none,not assessed,short,leap-down,-4,no,6,middle,no,not assessed,not assessed,
Kabalevsky T04,12,27,2,F#4,66,o,Godin band midpoint,0.6,close,A#3,8.5,not assessed,not assessed,not assessed,none,not assessed,short,leap-up,4,no,6,middle,no,not assessed,not assessed,
Kabalevsky T04,12,27,2.5,A4,69,ɑ,Godin band midpoint,0.6,close,F4,4.5,not assessed,not assessed,not assessed,none,not assessed,short,leap-up,3,no,6,middle,no,not assessed,not assessed,
Kabalevsky T04,12,27,3,G4,67,i,Godin band midpoint,0.6,crossing,G3,12,not assessed,not assessed,not assessed,none,not assessed,short,step,-2,no,6,middle,no,not assessed,not assessed,
Kabalevsky T04,12,27,3.5,A4,69,u,Godin band midpoint,0.6,above,G3,14,not assessed,not assessed,not assessed,none,not assessed,short,step,2,no,6,middle,no,not assessed,not assessed,
Kabalevsky T04,12,27,4,A#4,70,ɛ,Godin band midpoint,0.6,close,F4,5.5,not assessed,not assessed,not assessed,none,not assessed,short,step,1,no,6,middle,no,not assessed,not assessed,
Kabalevsky T04,12,27,4.5,C5,72,ɑ,Godin band midpoint,0.6,close,F4,7.5,not assessed,not assessed,not assessed,none,not assessed,short,step,2,no,6,middle,no,not assessed,not assessed,
Kabalevsky T04,12,28,1,D5,74,ɑ,Godin band midpoint,3.6,close,F4,9.5,not assessed,not assessed,not assessed,none,not assessed,held,step,2,no,6,middle,yes,not assessed,not assessed,
Kabalevsky T04,12,28,4,B4,71,ɨ,not assessed,1.2,not assessed,not assessed,not assessed,not assessed,not assessed,not assessed,not assessed,not assessed,short,leap-down,-3,no,6,last,no,not assessed,not assessed,
Kabalevsky T04,12,33,4.5,G4,67,o,Godin band midpoint,0.6,close,A#3,9.5,not assessed,not assessed,not assessed,none,not assessed,short,leap-down,-4,yes,7,first,no,not assessed,not assessed,
Kabalevsky T04,12,34,1,C5,72,o,Godin band midpoint,0.9,above,A#3,14.5,not assessed,not assessed,not assessed,none,not assessed,short,leap-up,5,no,7,middle,no,not assessed,not assessed,
Kabalevsky T04,12,34,1.75,G4,67,ʌ,Godin band midpoint,0.3,close,F4,2.5,not assessed,not assessed,not assessed,none,not assessed,short,leap-down,-5,no,7,middle,no,not assessed,not assessed,
Kabalevsky T04,12,34,2,G4,67,ɪ,Godin band midpoint,0.6,close,A#3,9.5,not assessed,not assessed,not assessed,none,not assessed,short,repeated,0,no,7,middle,no,not assessed,not assessed,
Kabalevsky T04,12,34,2.5,C5,72,ɑ,Godin band midpoint,0.6,close,F4,7.5,not assessed,not assessed,not assessed,none,not assessed,short,leap-up,5,no,7,middle,no,not assessed,not assessed,
Kabalevsky T04,12,34,3,B4,71,ʌ,Godin band midpoint,0.6,close,F4,6.5,not assessed,not assessed,not assessed,none,not assessed,short,step,-1,no,7,middle,no,not assessed,not assessed,
Kabalevsky T04,12,34,3.5,C5,72,ɑ,Godin band midpoint,0.6,close,F4,7.5,not assessed,not assessed,not assessed,none,not assessed,short,step,1,no,7,middle,no,not assessed,not assessed,
Kabalevsky T04,12,34,4,D5,74,u,Godin band midpoint,0.6,above,G3,19,not assessed,not assessed,not assessed,none,not assessed,short,step,2,no,7,middle,no,not assessed,not assessed,
Kabalevsky T04,12,34,4.5,B4,71,i,Godin band midpoint,0.6,above,G3,16,not assessed,not assessed,not assessed,none,not assessed,short,leap-down,-3,no,7,middle,no,not assessed,not assessed,
Kabalevsky T04,12,35,1,A4,69,ɛ,Godin band midpoint,1.8,close,F4,4.5,not assessed,not assessed,not assessed,none,not assessed,short,step,-2,no,7,middle,no,not assessed,not assessed,
Kabalevsky T04,12,35,2.5,A4,69,i,Godin band midpoint,0.6,above,G3,14,not assessed,not assessed,not assessed,none,not assessed,short,repeated,0,no,7,middle,no,not assessed,not assessed,
Kabalevsky T04,12,36,1,E5,76,o,Godin band midpoint,2.4,above,A#3,18.5,not assessed,not assessed,not assessed,none,not assessed,short,leap-up,7,no,7,middle,yes,not assessed,not assessed,
Kabalevsky T04,12,36,3,D5,74,o,Godin band midpoint,0.6,above,A#3,16.5,not assessed,not assessed,not assessed,none,not assessed,short,step,-2,no,7,middle,no,not assessed,not assessed,
Kabalevsky T04,12,36,3.5,C5,72,ɑ,Godin band midpoint,0.6,close,F4,7.5,not assessed,not assessed,not assessed,none,not assessed,short,step,-2,no,7,middle,no,not assessed,not assessed,
Kabalevsky T04,12,36,4,B4,71,o,Godin band midpoint,0.6,above,A#3,13.5,not assessed,not assessed,not assessed,none,not assessed,short,step,-1,no,7,middle,no,not assessed,not assessed,
Kabalevsky T04,12,36,4.5,A4,69,ɑ,Godin band midpoint,0.6,close,F4,4.5,not assessed,not assessed,not assessed,none,not assessed,short,step,-2,no,7,middle,no,not assessed,not assessed,
Kabalevsky T04,12,37,1,G4,67,i,Godin band midpoint,1.8,crossing,G3,12,not assessed,not assessed,not assessed,none,not assessed,short,step,-2,no,7,middle,no,not assessed,not assessed,
Kabalevsky T04,12,37,2.5,A4,69,ɑ,Godin band midpoint,0.6,close,F4,4.5,not assessed,not assessed,not assessed,none,not assessed,short,step,2,no,7,middle,no,not assessed,not assessed,
Kabalevsky T04,12,37,3,G4,67,e,Godin band midpoint,1.2,close,A#3,9.5,not assessed,not assessed,not assessed,none,not assessed,short,step,-2,no,7,middle,no,not assessed,not assessed,
Kabalevsky T04,12,37,4,D5,74,u,Godin band midpoint,1.2,above,G3,19,not assessed,not assessed,not assessed,none,not assessed,short,leap-up,7,no,7,middle,no,not assessed,not assessed,
Kabalevsky T04,12,38,1,C5,72,ɛ,Godin band midpoint,4.8,close,F4,7.5,not assessed,not assessed,not assessed,none,not assessed,held,step,-2,no,7,middle,no,not assessed,not assessed,
Kabalevsky T04,12,39,1,C5,72,ɛ,Godin band midpoint,2.4,close,F4,7.5,not assessed,not assessed,not assessed,none,not assessed,held,tie,0,no,7,middle,no,not assessed,not assessed,
Kabalevsky T04,12,39,3,C5,72,ɛ,Godin band midpoint,1.2,close,F4,7.5,not assessed,not assessed,not assessed,none,not assessed,held,tie,0,no,7,last,no,not assessed,not assessed,
Kabalevsky T05,12,9,1,B4,71,o,Godin band midpoint,0.625,above,A#3,13.5,not assessed,not assessed,not assessed,none,not assessed,short,first note,,,0,first,yes,not assessed,not assessed,
Kabalevsky T05,12,9,2,A4,69,u,Godin band midpoint,0.313,above,G3,14,not assessed,not assessed,not assessed,none,not assessed,short,step,-2,no,0,middle,no,not assessed,not assessed,
Kabalevsky T05,12,9,2.5,G4,67,i,Godin band midpoint,0.313,crossing,G3,12,not assessed,not assessed,not assessed,none,not assessed,short,step,-2,no,0,middle,no,not assessed,not assessed,
Kabalevsky T05,12,10,1,F#4,66,o,Godin band midpoint,0.938,close,A#3,8.5,not assessed,not assessed,not assessed,none,not assessed,short,step,-1,no,0,middle,no,not assessed,not assessed,
Kabalevsky T05,12,10,2.5,E4,64,ɪ,Godin band midpoint,0.313,close,A#3,6.5,not assessed,not assessed,not assessed,none,not assessed,short,step,-2,no,0,middle,no,not assessed,not assessed,
Kabalevsky T05,12,11,1,D#4,63,ɑ,Godin band midpoint,0.313,open,F4,-1.5,not assessed,not assessed,not assessed,none,not assessed,short,step,-1,no,0,middle,no,not assessed,not assessed,
Kabalevsky T05,12,11,1.5,B3,59,i,Godin band midpoint,0.313,close,G3,4,not assessed,not assessed,not assessed,none,not assessed,short,leap-down,-4,no,0,middle,no,not assessed,not assessed,
Kabalevsky T05,12,11,2,G4,67,ɨ,not assessed,0.313,not assessed,not assessed,not assessed,not assessed,not assessed,not assessed,not assessed,not assessed,short,leap-up,8,no,0,middle,no,not assessed,not assessed,
Kabalevsky T05,12,11,2.5,F#4,66,ɪ,Godin band midpoint,0.313,close,A#3,8.5,not assessed,not assessed,not assessed,none,not assessed,short,step,-1,no,0,middle,no,not assessed,not assessed,
Kabalevsky T05,12,12,1,E4,64,o,Godin band midpoint,1.25,close,A#3,6.5,not assessed,not assessed,not assessed,none,not assessed,short,step,-2,no,0,middle,no,not assessed,not assessed,
Kabalevsky T05,12,13,1,E4,64,o,Godin band midpoint,0.313,close,A#3,6.5,not assessed,not assessed,not assessed,none,not assessed,short,tie,0,no,0,middle,no,not assessed,not assessed,
Kabalevsky T05,12,13,1.5,E4,64,ɑ,Godin band midpoint,0.313,open,F4,-0.5,not assessed,not assessed,not assessed,none,not assessed,short,repeated,0,no,0,middle,no,not assessed,not assessed,
Kabalevsky T05,12,13,2,F#4,66,i,Godin band midpoint,0.313,close,G3,11,not assessed,not assessed,not assessed,none,not assessed,short,step,2,no,0,middle,no,not assessed,not assessed,
Kabalevsky T05,12,13,2.5,G4,67,ɑ,Godin band midpoint,0.313,close,F4,2.5,not assessed,not assessed,not assessed,none,not assessed,short,step,1,no,0,middle,no,not assessed,not assessed,
Kabalevsky T05,12,14,1,A4,69,u,Godin band midpoint,0.313,above,G3,14,not assessed,not assessed,not assessed,none,not assessed,short,step,2,no,0,middle,no,not assessed,not assessed,
Kabalevsky T05,12,14,1.5,A4,69,ɑ,Godin band midpoint,0.313,close,F4,4.5,not assessed,not assessed,not assessed,none,not assessed,short,repeated,0,no,0,middle,no,not assessed,not assessed,
Kabalevsky T05,12,14,2,A4,69,ɑ,Godin band midpoint,0.625,close,F4,4.5,not assessed,not assessed,not assessed,none,not assessed,short,repeated,0,no,0,middle,no,not assessed,not assessed,
Kabalevsky T05,12,15,1,A4,69,ɑ,Godin band midpoint,0.313,close,F4,4.5,not assessed,not assessed,not assessed,none,not assessed,short,tie,0,no,0,middle,no,not assessed,not assessed,
Kabalevsky T05,12,15,1.5,F#4,66,u,Godin band midpoint,0.313,close,G3,11,not assessed,not assessed,not assessed,none,not assessed,short,leap-down,-3,no,0,middle,no,not assessed,not assessed,
Kabalevsky T05,12,15,2,G4,67,u,Godin band midpoint,0.313,crossing,G3,12,not assessed,not assessed,not assessed,none,not assessed,short,step,1,no,0,middle,no,not assessed,not assessed,
Kabalevsky T05,12,15,2.5,A4,69,i,Godin band midpoint,0.313,above,G3,14,not assessed,not assessed,not assessed,none,not assessed,short,step,2,no,0,middle,no,not assessed,not assessed,
Kabalevsky T05,12,16,1,B4,71,o,Godin band midpoint,0.625,above,A#3,13.5,not assessed,not assessed,not assessed,none,not assessed,short,step,2,no,0,middle,yes,not assessed,not assessed,
Kabalevsky T05,12,16,2,B4,71,ɑ,Godin band midpoint,0.313,close,F4,6.5,not assessed,not assessed,not assessed,none,not assessed,short,repeated,0,no,0,last,yes,not assessed,not assessed,
Kabalevsky T05,12,16,2.5,B4,71,ɪ,Godin band midpoint,0.313,above,A#3,13.5,not assessed,not assessed,not assessed,none,not assessed,short,repeated,0,no,1,first,no,not assessed,not assessed,
Kabalevsky T05,12,17,1,A4,69,ɑ,Godin band midpoint,0.313,close,F4,4.5,not assessed,not assessed,not assessed,none,not assessed,short,step,-2,no,1,middle,no,not assessed,not assessed,
Kabalevsky T05,12,17,1.5,B4,71,ɑ,Godin band midpoint,0.313,close,F4,6.5,not assessed,not assessed,not assessed,none,not assessed,short,step,2,no,1,middle,no,not assessed,not assessed,
Kabalevsky T05,12,17,2,C5,72,a,Godin band midpoint,0.313,close,G#4,4.5,not assessed,not assessed,not assessed,none,not assessed,short,step,1,no,1,middle,yes,not assessed,not assessed,
Kabalevsky T05,12,17,2.5,A4,69,i,Godin band midpoint,0.313,above,G3,14,not assessed,not assessed,not assessed,none,not assessed,short,leap-down,-3,no,1,middle,no,not assessed,not assessed,
Kabalevsky T05,12,18,1,B4,71,ɑ,Godin band midpoint,0.313,close,F4,6.5,not assessed,not assessed,not assessed,none,not assessed,short,step,2,no,1,middle,no,not assessed,not assessed,
Kabalevsky T05,12,18,1.5,E4,64,ɪ,Godin band midpoint,0.313,close,A#3,6.5,not assessed,not assessed,not assessed,none,not assessed,short,leap-down,-7,no,1,middle,no,not assessed,not assessed,
Kabalevsky T05,12,18,2,F#4,66,ʌ,Godin band midpoint,0.313,close,F4,1.5,not assessed,not assessed,not assessed,none,not assessed,short,step,2,no,1,middle,no,not assessed,not assessed,
Kabalevsky T05,12,18,2.5,G4,67,ɪ,Godin band midpoint,0.313,close,A#3,9.5,not assessed,not assessed,not assessed,none,not assessed,short,step,1,no,1,middle,no,not assessed,not assessed,
Kabalevsky T05,12,19,1,A4,69,o,Godin band midpoint,1.25,close,A#3,11.5,not assessed,not assessed,not assessed,none,not assessed,short,step,2,no,1,middle,no,not assessed,not assessed,
Kabalevsky T05,12,20,1,A4,69,o,Godin band midpoint,0.313,close,A#3,11.5,not assessed,not assessed,not assessed,none,not assessed,short,tie,0,no,1,middle,no,not assessed,not assessed,
Kabalevsky T05,12,20,1.5,F#4,66,i,Godin band midpoint,0.313,close,G3,11,not assessed,not assessed,not assessed,none,not assessed,short,leap-down,-3,no,1,middle,no,not assessed,not assessed,
Kabalevsky T05,12,20,2,G4,67,ʌ,Godin band midpoint,0.313,close,F4,2.5,not assessed,not assessed,not assessed,none,not assessed,short,step,1,no,1,middle,no,not assessed,not assessed,
Kabalevsky T05,12,20,2.5,A4,69,u,Godin band midpoint,0.313,above,G3,14,not assessed,not assessed,not assessed,none,not assessed,short,step,2,no,1,middle,no,not assessed,not assessed,
Kabalevsky T05,12,21,1,G4,67,i,Godin band midpoint,0.313,crossing,G3,12,not assessed,not assessed,not assessed,none,not assessed,short,step,-2,no,1,middle,no,not assessed,not assessed,
Kabalevsky T05,12,21,1.5,F#4,66,ɑ,Godin band midpoint,0.313,close,F4,1.5,not assessed,not assessed,not assessed,none,not assessed,short,step,-1,no,1,middle,no,not assessed,not assessed,
Kabalevsky T05,12,21,2,G4,67,u,Godin band midpoint,0.313,crossing,G3,12,not assessed,not assessed,not assessed,none,not assessed,short,step,1,no,1,middle,no,not assessed,not assessed,
Kabalevsky T05,12,21,2.5,E4,64,i,Godin band midpoint,0.313,close,G3,9,not assessed,not assessed,not assessed,none,not assessed,short,leap-down,-3,no,1,middle,no,not assessed,not assessed,
Kabalevsky T05,12,22,1,D#4,63,o,Godin band midpoint,0.313,close,A#3,5.5,not assessed,not assessed,not assessed,none,not assessed,short,step,-1,no,1,middle,no,not assessed,not assessed,
Kabalevsky T05,12,22,1.5,B3,59,o,Godin band midpoint,0.313,close,A#3,1.5,not assessed,not assessed,not assessed,none,not assessed,short,leap-down,-4,no,1,middle,no,not assessed,not assessed,
Kabalevsky T05,12,22,2,G4,67,o,Godin band midpoint,0.313,close,A#3,9.5,not assessed,not assessed,not assessed,none,not assessed,short,leap-up,8,no,1,middle,no,not assessed,not assessed,
Kabalevsky T05,12,22,2.5,F#4,66,u,Godin band midpoint,0.313,close,G3,11,not assessed,not assessed,not assessed,none,not assessed,short,step,-1,no,1,middle,no,not assessed,not assessed,
Kabalevsky T05,12,23,1,E4,64,o,Godin band midpoint,0.938,close,A#3,6.5,not assessed,not assessed,not assessed,none,not assessed,short,step,-2,no,1,middle,no,not assessed,not assessed,
Kabalevsky T05,12,23,2.5,E4,64,ɨ,not assessed,0.313,not assessed,not assessed,not assessed,not assessed,not assessed,not assessed,not assessed,not assessed,short,repeated,0,no,1,last,no,not assessed,not assessed,
Kabalevsky T05,12,28,2.5,E4,64,ɑ,Godin band midpoint,0.313,open,F4,-0.5,not assessed,not assessed,not assessed,none,not assessed,short,repeated,0,yes,2,first,no,not assessed,not assessed,
Kabalevsky T05,12,29,1,F#4,66,o,Godin band midpoint,0.938,close,A#3,8.5,not assessed,not assessed,not assessed,none,not assessed,short,step,2,no,2,middle,no,not assessed,not assessed,
Kabalevsky T05,12,29,2.5,E4,64,ɑ,Godin band midpoint,0.313,open,F4,-0.5,not assessed,not assessed,not assessed,none,not assessed,short,step,-2,no,2,middle,no,not assessed,not assessed,
Kabalevsky T05,12,30,1,G4,67,ɑ,Godin band midpoint,1.25,close,F4,2.5,not assessed,not assessed,not assessed,none,not assessed,short,leap-up,3,no,2,middle,no,not assessed,not assessed,
Kabalevsky T05,12,31,1,G4,67,ɑ,Godin band midpoint,0.313,close,F4,2.5,not assessed,not assessed,not assessed,none,not assessed,short,tie,0,no,2,middle,no,not assessed,not assessed,
Kabalevsky T05,12,31,1.5,E4,64,ɑ,Godin band midpoint,0.313,open,F4,-0.5,not assessed,not assessed,not assessed,none,not assessed,short,leap-down,-3,no,2,middle,no,not assessed,not assessed,
Kabalevsky T05,12,31,2,F#4,66,u,Godin band midpoint,0.313,close,G3,11,not assessed,not assessed,not assessed,none,not assessed,short,step,2,no,2,middle,no,not assessed,not assessed,
Kabalevsky T05,12,31,2.5,G4,67,i,Godin band midpoint,0.313,crossing,G3,12,not assessed,not assessed,not assessed,none,not assessed,short,step,1,no,2,middle,no,not assessed,not assessed,
Kabalevsky T05,12,32,1,G#4,68,ɛ,Godin band midpoint,0.938,close,F4,3.5,not assessed,not assessed,not assessed,none,not assessed,short,step,1,no,2,middle,no,not assessed,not assessed,
Kabalevsky T05,12,32,2.5,B4,71,ɑ,Godin band midpoint,0.313,close,F4,6.5,not assessed,not assessed,not assessed,none,not assessed,short,leap-up,3,no,2,middle,no,not assessed,not assessed,
Kabalevsky T05,12,33,1,B4,71,ɑ,Godin band midpoint,0.938,close,F4,6.5,not assessed,not assessed,not assessed,none,not assessed,short,repeated,0,no,2,middle,no,not assessed,not assessed,
Kabalevsky T05,12,33,2.5,E4,64,ɑ,Godin band midpoint,0.313,open,F4,-0.5,not assessed,not assessed,not assessed,none,not assessed,short,leap-down,-7,no,2,middle,no,not assessed,not assessed,
Kabalevsky T05,12,34,1,C5,72,ɛ,Godin band midpoint,0.625,close,F4,7.5,not assessed,not assessed,not assessed,none,not assessed,short,leap-up,8,no,2,middle,yes,not assessed,not assessed,
Kabalevsky T05,12,34,2,A4,69,ɑ,Godin band midpoint,0.625,close,F4,4.5,not assessed,not assessed,not assessed,none,not assessed,short,leap-down,-3,no,2,last,no,not assessed,not assessed,
Kabalevsky T05,12,35,2,B4,71,ɑ,Godin band midpoint,0.313,close,F4,6.5,not assessed,not assessed,not assessed,none,not assessed,short,step,2,yes,3,first,no,not assessed,not assessed,
Kabalevsky T05,12,35,2.5,A4,69,u,Godin band midpoint,0.313,above,G3,14,not assessed,not assessed,not assessed,none,not assessed,short,step,-2,no,3,middle,no,not assessed,not assessed,
Kabalevsky T05,12,36,1,C5,72,i,Godin band midpoint,0.938,above,G3,17,not assessed,not assessed,not assessed,none,not assessed,short,leap-up,3,no,3,middle,yes,not assessed,not assessed,
Kabalevsky T05,12,36,2.5,A4,69,ɑ,Godin band midpoint,0.313,close,F4,4.5,not assessed,not assessed,not assessed,none,not assessed,short,leap-down,-3,no,3,last,no,not assessed,not assessed,
Kabalevsky T05,12,37,2,B4,71,ʌ,Godin band midpoint,0.313,close,F4,6.5,not assessed,not assessed,not assessed,none,not assessed,short,step,2,yes,4,first,no,not assessed,not assessed,
Kabalevsky T05,12,37,2.5,A4,69,i,Godin band midpoint,0.313,above,G3,14,not assessed,not assessed,not assessed,none,not assessed,short,step,-2,no,4,middle,no,not assessed,not assessed,
Kabalevsky T05,12,38,1,C#5,73,ɛ,Godin band midpoint,1.25,close,F4,8.5,not assessed,not assessed,not assessed,none,not assessed,short,leap-up,4,no,4,middle,yes,not assessed,not assessed,
Kabalevsky T05,12,39,1,A4,69,ɑ,Godin band midpoint,0.938,close,F4,4.5,not assessed,not assessed,not assessed,none,not assessed,short,leap-down,-4,no,4,last,no,not assessed,not assessed,
Kabalevsky T05,12,39,2.5,A4,69,i,Godin band midpoint,0.313,above,G3,14,not assessed,not assessed,not assessed,none,not assessed,short,repeated,0,no,5,first,no,not assessed,not assessed,
Kabalevsky T05,12,40,1,D5,74,o,Godin band midpoint,1.25,above,A#3,16.5,not assessed,not assessed,not assessed,none,not assessed,short,leap-up,5,no,5,middle,yes,not assessed,not assessed,
Kabalevsky T05,12,41,1,D5,74,o,Godin band midpoint,0.625,above,A#3,16.5,not assessed,not assessed,not assessed,none,not assessed,short,tie,0,no,5,middle,yes,not assessed,not assessed,
Kabalevsky T05,12,41,2,A4,69,ɑ,Godin band midpoint,0.625,close,F4,4.5,not assessed,not assessed,not assessed,none,not assessed,short,leap-down,-5,no,5,middle,no,not assessed,not assessed,
Kabalevsky T05,12,42,1,C5,72,ɨ,not assessed,0.938,not assessed,not assessed,not assessed,not assessed,not assessed,not assessed,not assessed,not assessed,short,leap-up,3,no,5,middle,no,not assessed,not assessed,
Kabalevsky T05,12,42,2.5,B4,71,ɪ,Godin band midpoint,0.313,above,A#3,13.5,not assessed,not assessed,not assessed,none,not assessed,short,step,-1,no,5,middle,no,not assessed,not assessed,
Kabalevsky T05,12,43,1,A4,69,o,Godin band midpoint,0.313,close,A#3,11.5,not assessed,not assessed,not assessed,none,not assessed,short,step,-2,no,5,middle,no,not assessed,not assessed,
Kabalevsky T05,12,43,1.5,G#4,68,ɑ,Godin band midpoint,0.313,close,F4,3.5,not assessed,not assessed,not assessed,none,not assessed,short,step,-1,no,5,middle,no,not assessed,not assessed,
Kabalevsky T05,12,43,2,A4,69,none resolved,not assessed,0.313,not assessed,not assessed,not assessed,not assessed,not assessed,not assessed,not assessed,not assessed,short,step,1,no,5,middle,no,not assessed,not assessed,
Kabalevsky T05,12,43,2.5,B4,71,u,Godin band midpoint,0.313,above,G3,16,not assessed,not assessed,not assessed,none,not assessed,short,step,2,no,5,middle,no,not assessed,not assessed,
Kabalevsky T05,12,44,1,G#4,68,ɑ,Godin band midpoint,1.25,close,F4,3.5,not assessed,not assessed,not assessed,none,not assessed,short,leap-down,-3,no,5,middle,no,not assessed,not assessed,
Kabalevsky T05,12,45,1,G#4,68,ɑ,Godin band midpoint,0.313,close,F4,3.5,not assessed,not assessed,not assessed,none,not assessed,short,tie,0,no,5,middle,no,not assessed,not assessed,
Kabalevsky T05,12,45,1.5,E4,64,i,Godin band midpoint,0.313,close,G3,9,not assessed,not assessed,not assessed,none,not assessed,short,leap-down,-4,no,5,middle,no,not assessed,not assessed,
Kabalevsky T05,12,45,2,G#4,68,i,Godin band midpoint,0.313,above,G3,13,not assessed,not assessed,not assessed,none,not assessed,short,leap-up,4,no,5,middle,no,not assessed,not assessed,
Kabalevsky T05,12,45,2.5,B4,71,ɑ,Godin band midpoint,0.313,close,F4,6.5,not assessed,not assessed,not assessed,none,not assessed,short,leap-up,3,no,5,middle,no,not assessed,not assessed,
Kabalevsky T05,12,46,1,C5,72,o,Godin band midpoint,0.938,above,A#3,14.5,not assessed,not assessed,not assessed,none,not assessed,short,step,1,no,5,middle,no,not assessed,not assessed,
Kabalevsky T05,12,46,2.5,B4,71,u,Godin band midpoint,0.313,above,G3,16,not assessed,not assessed,not assessed,none,not assessed,short,step,-1,no,5,middle,no,not assessed,not assessed,
Kabalevsky T05,12,47,1,A4,69,ɛ,Godin band midpoint,0.313,close,F4,4.5,not assessed,not assessed,not assessed,none,not assessed,short,step,-2,no,5,middle,no,not assessed,not assessed,
Kabalevsky T05,12,47,1.5,B4,71,ʌ,Godin band midpoint,0.313,close,F4,6.5,not assessed,not assessed,not assessed,none,not assessed,short,step,2,no,5,middle,no,not assessed,not assessed,
Kabalevsky T05,12,47,2,C5,72,ʌ,Godin band midpoint,0.313,close,F4,7.5,not assessed,not assessed,not assessed,none,not assessed,short,step,1,no,5,middle,no,not assessed,not assessed,
Kabalevsky T05,12,47,2.5,A4,69,ɪ,Godin band midpoint,0.313,close,A#3,11.5,not assessed,not assessed,not assessed,none,not assessed,short,leap-down,-3,no,5,middle,no,not assessed,not assessed,
Kabalevsky T05,12,48,1,B4,71,ɛ,Godin band midpoint,1.25,close,F4,6.5,not assessed,not assessed,not assessed,none,not assessed,short,step,2,no,5,middle,no,not assessed,not assessed,
Kabalevsky T05,12,49,1,B4,71,ʌ,Godin band midpoint,0.625,close,F4,6.5,not assessed,not assessed,not assessed,none,not assessed,short,repeated,0,no,5,last,no,not assessed,not assessed,
Kabalevsky T05,12,57,1.5,B4,71,ɑ,Godin band midpoint,0.313,close,F4,6.5,not assessed,not assessed,not assessed,none,not assessed,short,repeated,0,yes,6,first,yes,not assessed,not assessed,
Kabalevsky T05,12,57,2,A4,69,ɛ,Godin band midpoint,0.313,close,F4,4.5,not assessed,not assessed,not assessed,none,not assessed,short,step,-2,no,6,middle,no,not assessed,not assessed,
Kabalevsky T05,12,57,2.5,G4,67,u,Godin band midpoint,0.313,crossing,G3,12,not assessed,not assessed,not assessed,none,not assessed,short,step,-2,no,6,middle,no,not assessed,not assessed,
Kabalevsky T05,12,58,1,F#4,66,ɛ,Godin band midpoint,0.938,close,F4,1.5,not assessed,not assessed,not assessed,none,not assessed,short,step,-1,no,6,middle,no,not assessed,not assessed,
Kabalevsky T05,12,58,2.5,E4,64,u,Godin band midpoint,0.313,close,G3,9,not assessed,not assessed,not assessed,none,not assessed,short,step,-2,no,6,middle,no,not assessed,not assessed,
Kabalevsky T05,12,59,1,D#4,63,i,Godin band midpoint,0.313,close,G3,8,not assessed,not assessed,not assessed,none,not assessed,short,step,-1,no,6,middle,no,not assessed,not assessed,
Kabalevsky T05,12,59,1.5,B3,59,u,Godin band midpoint,0.313,close,G3,4,not assessed,not assessed,not assessed,none,not assessed,short,leap-down,-4,no,6,middle,no,not assessed,not assessed,
Kabalevsky T05,12,59,2,G4,67,ɑ,Godin band midpoint,0.313,close,F4,2.5,not assessed,not assessed,not assessed,none,not assessed,short,leap-up,8,no,6,middle,no,not assessed,not assessed,
Kabalevsky T05,12,59,2.5,F#4,66,ɨ,not assessed,0.313,not assessed,not assessed,not assessed,not assessed,not assessed,not assessed,not assessed,not assessed,short,step,-1,no,6,middle,no,not assessed,not assessed,
Kabalevsky T05,12,60,1,E4,64,o,Godin band midpoint,1.25,close,A#3,6.5,not assessed,not assessed,not assessed,none,not assessed,short,step,-2,no,6,middle,no,not assessed,not assessed,
Kabalevsky T05,12,61,1,E4,64,o,Godin band midpoint,0.313,close,A#3,6.5,not assessed,not assessed,not assessed,none,not assessed,short,tie,0,no,6,middle,no,not assessed,not assessed,
Kabalevsky T05,12,61,1.5,E4,64,ɑ,Godin band midpoint,0.313,open,F4,-0.5,not assessed,not assessed,not assessed,none,not assessed,short,repeated,0,no,6,middle,no,not assessed,not assessed,
Kabalevsky T05,12,61,2,F#4,66,ɨ,not assessed,0.313,not assessed,not assessed,not assessed,not assessed,not assessed,not assessed,not assessed,not assessed,short,step,2,no,6,middle,no,not assessed,not assessed,
Kabalevsky T05,12,61,2.5,G4,67,ɑ,Godin band midpoint,0.313,close,F4,2.5,not assessed,not assessed,not assessed,none,not assessed,short,step,1,no,6,middle,no,not assessed,not assessed,
Kabalevsky T05,12,62,1,A4,69,o,Godin band midpoint,0.938,close,A#3,11.5,not assessed,not assessed,not assessed,none,not assessed,short,step,2,no,6,middle,no,not assessed,not assessed,
Kabalevsky T05,12,62,2.5,A4,69,i,Godin band midpoint,0.313,above,G3,14,not assessed,not assessed,not assessed,none,not assessed,short,repeated,0,no,6,middle,no,not assessed,not assessed,
Kabalevsky T05,12,63,1,A4,69,ɑ,Godin band midpoint,0.313,close,F4,4.5,not assessed,not assessed,not assessed,none,not assessed,short,repeated,0,no,6,middle,no,not assessed,not assessed,
Kabalevsky T05,12,63,1.5,F#4,66,ɑ,Godin band midpoint,0.313,close,F4,1.5,not assessed,not assessed,not assessed,none,not assessed,short,leap-down,-3,no,6,middle,no,not assessed,not assessed,
Kabalevsky T05,12,63,2,G4,67,e,Godin band midpoint,0.313,close,A#3,9.5,not assessed,not assessed,not assessed,none,not assessed,short,step,1,no,6,middle,no,not assessed,not assessed,
Kabalevsky T05,12,63,2.5,A4,69,ɑ,Godin band midpoint,0.313,close,F4,4.5,not assessed,not assessed,not assessed,none,not assessed,short,step,2,no,6,middle,no,not assessed,not assessed,
Kabalevsky T05,12,64,1,B4,71,u,Godin band midpoint,0.625,above,G3,16,not assessed,not assessed,not assessed,none,not assessed,short,step,2,no,6,middle,yes,not assessed,not assessed,
Kabalevsky T05,12,64,2,B4,71,i,Godin band midpoint,0.313,above,G3,16,not assessed,not assessed,not assessed,none,not assessed,short,repeated,0,no,6,last,yes,not assessed,not assessed,
Kabalevsky T05,12,64,2.5,B4,71,i,Godin band midpoint,0.313,above,G3,16,not assessed,not assessed,not assessed,none,not assessed,short,repeated,0,no,7,first,no,not assessed,not assessed,
Kabalevsky T05,12,65,1,A4,69,ɛ,Godin band midpoint,0.313,close,F4,4.5,not assessed,not assessed,not assessed,none,not assessed,short,step,-2,no,7,middle,no,not assessed,not assessed,
Kabalevsky T05,12,65,1.5,B4,71,ɨ,not assessed,0.313,not assessed,not assessed,not assessed,not assessed,not assessed,not assessed,not assessed,not assessed,short,step,2,no,7,middle,no,not assessed,not assessed,
Kabalevsky T05,12,65,2,C5,72,ɛ,Godin band midpoint,0.313,close,F4,7.5,not assessed,not assessed,not assessed,none,not assessed,short,step,1,no,7,middle,no,not assessed,not assessed,
Kabalevsky T05,12,65,2.5,A4,69,ɪ,Godin band midpoint,0.313,close,A#3,11.5,not assessed,not assessed,not assessed,none,not assessed,short,leap-down,-3,no,7,middle,no,not assessed,not assessed,
Kabalevsky T05,12,66,1,B4,71,o,Godin band midpoint,0.313,above,A#3,13.5,not assessed,not assessed,not assessed,none,not assessed,short,step,2,no,7,middle,no,not assessed,not assessed,
Kabalevsky T05,12,66,1.5,E4,64,ɨ,not assessed,0.313,not assessed,not assessed,not assessed,not assessed,not assessed,not assessed,not assessed,not assessed,short,leap-down,-7,no,7,middle,no,not assessed,not assessed,
Kabalevsky T05,12,66,2,F#4,66,ʌ,Godin band midpoint,0.313,close,F4,1.5,not assessed,not assessed,not assessed,none,not assessed,short,step,2,no,7,middle,no,not assessed,not assessed,
Kabalevsky T05,12,66,2.5,G4,67,ɑ,Godin band midpoint,0.313,close,F4,2.5,not assessed,not assessed,not assessed,none,not assessed,short,step,1,no,7,middle,no,not assessed,not assessed,
Kabalevsky T05,12,67,1,A4,69,o,Godin band midpoint,1.25,close,A#3,11.5,not assessed,not assessed,not assessed,none,not assessed,held,step,2,no,7,middle,no,not assessed,not assessed,
Kabalevsky T05,12,68,1,A4,69,o,Godin band midpoint,1.25,close,A#3,11.5,not assessed,not assessed,not assessed,none,not assessed,held,tie,0,no,7,middle,no,not assessed,not assessed,
Kabalevsky T05,12,69,1,E5,76,o,Godin band midpoint,1.25,above,A#3,18.5,not assessed,not assessed,not assessed,none,not assessed,short,leap-up,7,no,7,middle,yes,not assessed,not assessed,
Kabalevsky T05,12,70,1,E5,76,o,Godin band midpoint,0.625,above,A#3,18.5,not assessed,not assessed,not assessed,none,not assessed,short,tie,0,no,7,last,yes,not assessed,not assessed,
Kabalevsky T05,12,70,2,C5,72,ɑ,Godin band midpoint,0.313,close,F4,7.5,not assessed,not assessed,not assessed,none,not assessed,short,leap-down,-4,no,8,first,yes,not assessed,not assessed,
Kabalevsky T05,12,70,2.5,A4,69,ɛ,Godin band midpoint,0.313,close,F4,4.5,not assessed,not assessed,not assessed,none,not assessed,short,leap-down,-3,no,8,middle,no,not assessed,not assessed,
Kabalevsky T05,12,71,1,F#4,66,o,Godin band midpoint,0.313,close,A#3,8.5,not assessed,not assessed,not assessed,none,not assessed,short,leap-down,-3,no,8,middle,no,not assessed,not assessed,
Kabalevsky T05,12,71,1.5,F#4,66,i,Godin band midpoint,0.313,close,G3,11,not assessed,not assessed,not assessed,none,not assessed,short,repeated,0,no,8,middle,no,not assessed,not assessed,
Kabalevsky T05,12,71,2,G4,67,ɑ,Godin band midpoint,0.313,close,F4,2.5,not assessed,not assessed,not assessed,none,not assessed,short,step,1,no,8,middle,no,not assessed,not assessed,
Kabalevsky T05,12,71,2.5,A4,69,ɑ,Godin band midpoint,0.313,close,F4,4.5,not assessed,not assessed,not assessed,none,not assessed,short,step,2,no,8,middle,no,not assessed,not assessed,
Kabalevsky T05,12,72,1,B4,71,ɑ,Godin band midpoint,0.938,close,F4,6.5,not assessed,not assessed,not assessed,none,not assessed,short,step,2,no,8,middle,no,not assessed,not assessed,
Kabalevsky T05,12,72,2.5,C5,72,ɪ,Godin band midpoint,0.313,above,A#3,14.5,not assessed,not assessed,not assessed,none,not assessed,short,step,1,no,8,middle,yes,not assessed,not assessed,
Kabalevsky T05,12,73,1,B4,71,u,Godin band midpoint,0.938,above,G3,16,not assessed,not assessed,not assessed,none,not assessed,short,step,-1,no,8,middle,no,not assessed,not assessed,
Kabalevsky T05,12,73,2.5,B4,71,i,Godin band midpoint,0.313,above,G3,16,not assessed,not assessed,not assessed,none,not assessed,short,repeated,0,no,8,last,no,not assessed,not assessed,
Kabalevsky T05,12,81,1.5,E4,64,o,Godin band midpoint,0.313,close,A#3,6.5,not assessed,not assessed,not assessed,none,not assessed,short,leap-down,-7,yes,9,first,no,not assessed,not assessed,
Kabalevsky T05,12,81,2,E4,64,i,Godin band midpoint,0.313,close,G3,9,not assessed,not assessed,not assessed,none,not assessed,short,repeated,0,no,9,middle,no,not assessed,not assessed,
Kabalevsky T05,12,81,2.5,E4,64,ɨ,not assessed,0.313,not assessed,not assessed,not assessed,not assessed,not assessed,not assessed,not assessed,not assessed,short,repeated,0,no,9,middle,no,not assessed,not assessed,
Kabalevsky T05,12,82,1,F#4,66,i,Godin band midpoint,0.938,close,G3,11,not assessed,not assessed,not assessed,none,not assessed,short,step,2,no,9,middle,no,not assessed,not assessed,
Kabalevsky T05,12,82,2.5,E4,64,i,Godin band midpoint,0.313,close,G3,9,not assessed,not assessed,not assessed,none,not assessed,short,step,-2,no,9,middle,no,not assessed,not assessed,
Kabalevsky T05,12,83,1,G4,67,o,Godin band midpoint,0.313,close,A#3,9.5,not assessed,not assessed,not assessed,none,not assessed,short,leap-up,3,no,9,middle,no,not assessed,not assessed,
Kabalevsky T05,12,83,1.5,E4,64,ɨ,not assessed,0.313,not assessed,not assessed,not assessed,not assessed,not assessed,not assessed,not assessed,not assessed,short,leap-down,-3,no,9,middle,no,not assessed,not assessed,
Kabalevsky T05,12,83,2,G4,67,ɪ,Godin band midpoint,0.313,close,A#3,9.5,not assessed,not assessed,not assessed,none,not assessed,short,leap-up,3,no,9,middle,no,not assessed,not assessed,
Kabalevsky T05,12,83,2.5,C5,72,u,Godin band midpoint,0.313,above,G3,17,not assessed,not assessed,not assessed,none,not assessed,short,leap-up,5,no,9,middle,yes,not assessed,not assessed,
Kabalevsky T05,12,84,1,A#4,70,e,Godin band midpoint,1.25,above,A#3,12.5,not assessed,not assessed,not assessed,none,not assessed,short,step,-2,no,9,middle,no,not assessed,not assessed,
Kabalevsky T05,12,85,1,A#4,70,e,Godin band midpoint,0.625,above,A#3,12.5,not assessed,not assessed,not assessed,none,not assessed,short,tie,0,no,9,middle,no,not assessed,not assessed,
Kabalevsky T05,12,85,2,A#4,70,ɑ,Godin band midpoint,0.625,close,F4,5.5,not assessed,not assessed,not assessed,none,not assessed,short,repeated,0,no,9,middle,no,not assessed,not assessed,
Kabalevsky T05,12,86,1,B4,71,o,Godin band midpoint,0.625,above,A#3,13.5,not assessed,not assessed,not assessed,none,not assessed,short,step,1,no,9,middle,no,not assessed,not assessed,
Kabalevsky T05,12,86,2,E4,64,ɨ,not assessed,0.625,not assessed,not assessed,not assessed,not assessed,not assessed,not assessed,not assessed,not assessed,short,leap-down,-7,no,9,middle,no,not assessed,not assessed,
Kabalevsky T05,12,87,1,B4,71,ɑ,Godin band midpoint,1.25,close,F4,6.5,not assessed,not assessed,not assessed,none,not assessed,short,leap-up,7,no,9,middle,no,not assessed,not assessed,
Kabalevsky T05,12,88,1,A4,69,ɑ,Godin band midpoint,0.313,close,F4,4.5,not assessed,not assessed,not assessed,none,not assessed,short,step,-2,no,9,last,no,not assessed,not assessed,
Kabalevsky T05,12,88,2.5,A4,69,ɑ,Godin band midpoint,0.313,close,F4,4.5,not assessed,not assessed,not assessed,none,not assessed,short,repeated,0,yes,10,first,yes,not assessed,not assessed,
Kabalevsky T05,12,89,1,G4,67,o,Godin band midpoint,0.313,close,A#3,9.5,not assessed,not assessed,not assessed,none,not assessed,short,step,-2,no,10,middle,no,not assessed,not assessed,
Kabalevsky T05,12,89,1.5,B3,59,i,Godin band midpoint,0.313,close,G3,4,not assessed,not assessed,not assessed,none,not assessed,short,leap-down,-8,no,10,middle,no,not assessed,not assessed,
Kabalevsky T05,12,89,2,G4,67,o,Godin band midpoint,0.313,close,A#3,9.5,not assessed,not assessed,not assessed,none,not assessed,short,leap-up,8,no,10,middle,no,not assessed,not assessed,
Kabalevsky T05,12,89,2.5,F#4,66,ɑ,Godin band midpoint,0.313,close,F4,1.5,not assessed,not assessed,not assessed,none,not assessed,short,step,-1,no,10,middle,no,not assessed,not assessed,
Kabalevsky T05,12,90,1,E4,64,e,Godin band midpoint,0.625,close,A#3,6.5,not assessed,not assessed,not assessed,none,not assessed,short,step,-2,no,10,middle,no,not assessed,not assessed,
Kabalevsky T05,12,90,2,E4,64,e,Godin band midpoint,0.313,close,A#3,6.5,not assessed,not assessed,not assessed,none,not assessed,short,tie,0,no,10,last,no,not assessed,not assessed,
Kabalevsky T06,12,4,3.5,C#4,61,ɪ,Godin band midpoint,0.375,close,A#3,3.5,not assessed,not assessed,not assessed,none,not assessed,short,first note,,,0,first,no,not assessed,not assessed,
Kabalevsky T06,12,4,4,F#4,66,i,Godin band midpoint,0.375,close,G3,11,not assessed,not assessed,not assessed,none,not assessed,short,leap-up,5,no,0,middle,no,not assessed,not assessed,
Kabalevsky T06,12,4,4.5,G#4,68,i,Godin band midpoint,0.375,above,G3,13,not assessed,not assessed,not assessed,none,not assessed,short,step,2,no,0,middle,no,not assessed,not assessed,
Kabalevsky T06,12,5,1,A#4,70,a,Godin band midpoint,1.125,close,G#4,2.5,not assessed,not assessed,not assessed,none,not assessed,short,step,2,no,0,middle,no,not assessed,not assessed,
Kabalevsky T06,12,5,2.5,A#4,70,ɑ,Godin band midpoint,0.375,close,F4,5.5,not assessed,not assessed,not assessed,none,not assessed,short,repeated,0,no,0,middle,no,not assessed,not assessed,
Kabalevsky T06,12,5,3,G#4,68,u,Godin band midpoint,0.375,above,G3,13,not assessed,not assessed,not assessed,none,not assessed,short,step,-2,no,0,middle,no,not assessed,not assessed,
Kabalevsky T06,12,5,3.5,A#4,70,ɑ,Godin band midpoint,0.375,close,F4,5.5,not assessed,not assessed,not assessed,none,not assessed,short,step,2,no,0,middle,no,not assessed,not assessed,
Kabalevsky T06,12,5,4,B4,71,i,Godin band midpoint,0.375,above,G3,16,not assessed,not assessed,not assessed,none,not assessed,short,step,1,no,0,middle,yes,not assessed,not assessed,
Kabalevsky T06,12,5,4.5,G#4,68,ɑ,Godin band midpoint,0.375,close,F4,3.5,not assessed,not assessed,not assessed,none,not assessed,short,leap-down,-3,no,0,middle,no,not assessed,not assessed,
Kabalevsky T06,12,6,1,A#4,70,o,Godin band midpoint,1.5,above,A#3,12.5,not assessed,not assessed,not assessed,none,not assessed,short,step,2,no,0,middle,no,not assessed,not assessed,
Kabalevsky T06,12,6,3,A#4,70,o,Godin band midpoint,0.375,above,A#3,12.5,not assessed,not assessed,not assessed,none,not assessed,short,tie,0,no,0,middle,no,not assessed,not assessed,
Kabalevsky T06,12,6,3.5,A#4,70,ɨ,not assessed,0.375,not assessed,not assessed,not assessed,not assessed,not assessed,not assessed,not assessed,not assessed,short,repeated,0,no,0,middle,no,not assessed,not assessed,
Kabalevsky T06,12,6,4,G#4,68,o,Godin band midpoint,0.375,close,A#3,10.5,not assessed,not assessed,not assessed,none,not assessed,short,step,-2,no,0,middle,no,not assessed,not assessed,
Kabalevsky T06,12,6,4.5,F#4,66,ɨ,not assessed,0.375,not assessed,not assessed,not assessed,not assessed,not assessed,not assessed,not assessed,not assessed,short,step,-2,no,0,middle,no,not assessed,not assessed,
Kabalevsky T06,12,7,1,G#4,68,ɨ,not assessed,0.375,not assessed,not assessed,not assessed,not assessed,not assessed,not assessed,not assessed,not assessed,short,step,2,no,0,middle,no,not assessed,not assessed,
Kabalevsky T06,12,7,1.5,G#4,68,ɑ,Godin band midpoint,0.375,close,F4,3.5,not assessed,not assessed,not assessed,none,not assessed,short,repeated,0,no,0,middle,no,not assessed,not assessed,
Kabalevsky T06,12,7,2,G#4,68,o,Godin band midpoint,0.75,close,A#3,10.5,not assessed,not assessed,not assessed,none,not assessed,short,repeated,0,no,0,middle,no,not assessed,not assessed,
Kabalevsky T06,12,7,3,G#4,68,o,Godin band midpoint,0.375,close,A#3,10.5,not assessed,not assessed,not assessed,none,not assessed,short,tie,0,no,0,middle,no,not assessed,not assessed,
Kabalevsky T06,12,7,3.5,G#4,68,ɑ,Godin band midpoint,0.375,close,F4,3.5,not assessed,not assessed,not assessed,none,not assessed,short,repeated,0,no,0,middle,no,not assessed,not assessed,
Kabalevsky T06,12,7,4,F#4,66,ɑ,Godin band midpoint,0.375,close,F4,1.5,not assessed,not assessed,not assessed,none,not assessed,short,step,-2,no,0,middle,no,not assessed,not assessed,
Kabalevsky T06,12,7,4.5,F4,65,ɨ,not assessed,0.375,not assessed,not assessed,not assessed,not assessed,not assessed,not assessed,not assessed,not assessed,short,step,-1,no,0,middle,no,not assessed,not assessed,
Kabalevsky T06,12,8,1,F#4,66,o,Godin band midpoint,1.5,close,A#3,8.5,not assessed,not assessed,not assessed,none,not assessed,short,step,1,no,0,last,no,not assessed,not assessed,
Kabalevsky T06,12,8,3.5,A#3,58,ɑ,Godin band midpoint,0.375,open,F4,-6.5,not assessed,not assessed,not assessed,none,not assessed,short,leap-down,-8,yes,1,first,no,not assessed,not assessed,
Kabalevsky T06,12,8,4,D#4,63,ɑ,Godin band midpoint,0.375,open,F4,-1.5,not assessed,not assessed,not assessed,none,not assessed,short,leap-up,5,no,1,middle,no,not assessed,not assessed,
Kabalevsky T06,12,8,4.5,F4,65,ɨ,not assessed,0.375,not assessed,not assessed,not assessed,not assessed,not assessed,not assessed,not assessed,not assessed,short,step,2,no,1,middle,no,not assessed,not assessed,
Kabalevsky T06,12,9,1,F#4,66,e,Godin band midpoint,1.125,close,A#3,8.5,not assessed,not assessed,not assessed,none,not assessed,short,step,1,no,1,middle,no,not assessed,not assessed,
Kabalevsky T06,12,9,2.5,F#4,66,ɑ,Godin band midpoint,0.375,close,F4,1.5,not assessed,not assessed,not assessed,none,not assessed,short,repeated,0,no,1,middle,no,not assessed,not assessed,
Kabalevsky T06,12,9,3,F4,65,u,Godin band midpoint,0.375,close,G3,10,not assessed,not assessed,not assessed,none,not assessed,short,step,-1,no,1,middle,no,not assessed,not assessed,
Kabalevsky T06,12,9,3.5,F#4,66,ɨ,not assessed,0.375,not assessed,not assessed,not assessed,not assessed,not assessed,not assessed,not assessed,not assessed,short,step,1,no,1,middle,no,not assessed,not assessed,
Kabalevsky T06,12,9,4,G#4,68,o,Godin band midpoint,0.375,close,A#3,10.5,not assessed,not assessed,not assessed,none,not assessed,short,step,2,no,1,middle,no,not assessed,not assessed,
Kabalevsky T06,12,9,4.5,F4,65,ɑ,Godin band midpoint,0.375,close,F4,0.5,not assessed,not assessed,not assessed,none,not assessed,short,leap-down,-3,no,1,middle,no,not assessed,not assessed,
Kabalevsky T06,12,10,1,A#4,70,o,Godin band midpoint,1.5,above,A#3,12.5,not assessed,not assessed,not assessed,none,not assessed,short,leap-up,5,no,1,middle,no,not assessed,not assessed,
Kabalevsky T06,12,10,3,A#4,70,o,Godin band midpoint,0.375,above,A#3,12.5,not assessed,not assessed,not assessed,none,not assessed,short,tie,0,no,1,middle,no,not assessed,not assessed,
Kabalevsky T06,12,10,3.5,A4,69,u,Godin band midpoint,0.375,above,G3,14,not assessed,not assessed,not assessed,none,not assessed,short,step,-1,no,1,middle,no,not assessed,not assessed,
Kabalevsky T06,12,10,4,A#4,70,u,Godin band midpoint,0.375,above,G3,15,not assessed,not assessed,not assessed,none,not assessed,short,step,1,no,1,middle,no,not assessed,not assessed,
Kabalevsky T06,12,10,4.5,C5,72,ɪ,Godin band midpoint,0.375,above,A#3,14.5,not assessed,not assessed,not assessed,none,not assessed,short,step,2,no,1,middle,no,not assessed,not assessed,
Kabalevsky T06,12,11,1,C#5,73,o,Godin band midpoint,0.375,above,A#3,15.5,not assessed,not assessed,not assessed,none,not assessed,short,step,1,no,1,middle,yes,not assessed,not assessed,
Kabalevsky T06,12,11,1.5,A#4,70,o,Godin band midpoint,0.375,above,A#3,12.5,not assessed,not assessed,not assessed,none,not assessed,short,leap-down,-3,no,1,middle,no,not assessed,not assessed,
Kabalevsky T06,12,11,2,F4,65,ʌ,Godin band midpoint,0.375,close,F4,0.5,not assessed,not assessed,not assessed,none,not assessed,short,leap-down,-5,no,1,middle,no,not assessed,not assessed,
Kabalevsky T06,12,11,2.5,F#4,66,i,Godin band midpoint,0.375,close,G3,11,not assessed,not assessed,not assessed,none,not assessed,short,step,1,no,1,middle,no,not assessed,not assessed,
Kabalevsky T06,12,11,3,F4,65,ɑ,Godin band midpoint,1.125,close,F4,0.5,not assessed,not assessed,not assessed,none,not assessed,short,step,-1,no,1,middle,no,not assessed,not assessed,
Kabalevsky T06,12,11,4.5,D#4,63,ɑ,Godin band midpoint,0.375,open,F4,-1.5,not assessed,not assessed,not assessed,none,not assessed,short,step,-2,no,1,middle,no,not assessed,not assessed,
Kabalevsky T06,12,12,1,F4,65,o,Godin band midpoint,3,close,A#3,7.5,not assessed,not assessed,not assessed,none,not assessed,held,step,2,no,1,middle,no,not assessed,not assessed,
Kabalevsky T06,12,13,1,F4,65,o,Godin band midpoint,0.375,close,A#3,7.5,not assessed,not assessed,not assessed,none,not assessed,held,tie,0,no,1,last,no,not assessed,not assessed,
Kabalevsky T06,12,13,3.5,A#4,70,i,Godin band midpoint,0.375,above,G3,15,not assessed,not assessed,not assessed,none,not assessed,short,leap-up,5,yes,2,first,no,not assessed,not assessed,
Kabalevsky T06,12,13,4,A#4,70,ɛ,Godin band midpoint,0.375,close,F4,5.5,not assessed,not assessed,not assessed,none,not assessed,short,repeated,0,no,2,middle,no,not assessed,not assessed,
Kabalevsky T06,12,13,4.5,A#4,70,i,Godin band midpoint,0.375,above,G3,15,not assessed,not assessed,not assessed,none,not assessed,short,repeated,0,no,2,middle,no,not assessed,not assessed,
Kabalevsky T06,12,14,1,A#4,70,o,Godin band midpoint,0.375,above,A#3,12.5,not assessed,not assessed,not assessed,none,not assessed,short,repeated,0,no,2,middle,no,not assessed,not assessed,
Kabalevsky T06,12,14,1.5,B4,71,ʌ,Godin band midpoint,0.375,close,F4,6.5,not assessed,not assessed,not assessed,none,not assessed,short,step,1,no,2,middle,no,not assessed,not assessed,
Kabalevsky T06,12,14,2,B4,71,ʌ,Godin band midpoint,0.375,close,F4,6.5,not assessed,not assessed,not assessed,none,not assessed,short,repeated,0,no,2,middle,no,not assessed,not assessed,
Kabalevsky T06,12,14,2.5,B4,71,ɑ,Godin band midpoint,0.375,close,F4,6.5,not assessed,not assessed,not assessed,none,not assessed,short,repeated,0,no,2,middle,no,not assessed,not assessed,
Kabalevsky T06,12,14,3,B4,71,ɑ,Godin band midpoint,0.375,close,F4,6.5,not assessed,not assessed,not assessed,none,not assessed,short,repeated,0,no,2,middle,no,not assessed,not assessed,
Kabalevsky T06,12,14,3.5,A#4,70,ɑ,Godin band midpoint,0.375,close,F4,5.5,not assessed,not assessed,not assessed,none,not assessed,short,step,-1,no,2,middle,no,not assessed,not assessed,
Kabalevsky T06,12,14,4,A#4,70,ɑ,Godin band midpoint,0.375,close,F4,5.5,not assessed,not assessed,not assessed,none,not assessed,short,repeated,0,no,2,middle,no,not assessed,not assessed,
Kabalevsky T06,12,14,4.5,A#4,70,ɑ,Godin band midpoint,0.375,close,F4,5.5,not assessed,not assessed,not assessed,none,not assessed,short,repeated,0,no,2,middle,no,not assessed,not assessed,
Kabalevsky T06,12,15,1,D#5,75,o,Godin band midpoint,0.375,above,A#3,17.5,not assessed,not assessed,not assessed,none,not assessed,short,leap-up,5,no,2,middle,yes,not assessed,not assessed,
Kabalevsky T06,12,15,1.5,B4,71,i,Godin band midpoint,0.375,above,G3,16,not assessed,not assessed,not assessed,none,not assessed,short,leap-down,-4,no,2,middle,no,not assessed,not assessed,
Kabalevsky T06,12,15,2,B4,71,ɑ,Godin band midpoint,0.375,close,F4,6.5,not assessed,not assessed,not assessed,none,not assessed,short,repeated,0,no,2,middle,no,not assessed,not assessed,
Kabalevsky T06,12,15,2.5,A#4,70,ɨ,not assessed,0.375,not assessed,not assessed,not assessed,not assessed,not assessed,not assessed,not assessed,not assessed,short,step,-1,no,2,middle,no,not assessed,not assessed,
Kabalevsky T06,12,15,3,G#4,68,o,Godin band midpoint,1.5,close,A#3,10.5,not assessed,not assessed,not assessed,none,not assessed,short,step,-2,no,2,middle,no,not assessed,not assessed,
Kabalevsky T06,12,16,1,G#4,68,o,Godin band midpoint,0.375,close,A#3,10.5,not assessed,not assessed,not assessed,none,not assessed,short,tie,0,no,2,middle,no,not assessed,not assessed,
Kabalevsky T06,12,16,1.5,G#4,68,i,Godin band midpoint,0.375,above,G3,13,not assessed,not assessed,not assessed,none,not assessed,short,repeated,0,no,2,middle,no,not assessed,not assessed,
Kabalevsky T06,12,16,2,A#4,70,ʌ,Godin band midpoint,0.375,close,F4,5.5,not assessed,not assessed,not assessed,none,not assessed,short,step,2,no,2,middle,no,not assessed,not assessed,
Kabalevsky T06,12,16,2.5,B4,71,ɑ,Godin band midpoint,0.375,close,F4,6.5,not assessed,not assessed,not assessed,none,not assessed,short,step,1,no,2,middle,no,not assessed,not assessed,
Kabalevsky T06,12,16,3,A#4,70,u,Godin band midpoint,0.375,above,G3,15,not assessed,not assessed,not assessed,none,not assessed,short,step,-1,no,2,middle,no,not assessed,not assessed,
Kabalevsky T06,12,16,3.5,G#4,68,u,Godin band midpoint,0.375,above,G3,13,not assessed,not assessed,not assessed,none,not assessed,short,step,-2,no,2,middle,no,not assessed,not assessed,
Kabalevsky T06,12,16,4,G#4,68,ɑ,Godin band midpoint,0.375,close,F4,3.5,not assessed,not assessed,not assessed,none,not assessed,short,repeated,0,no,2,middle,no,not assessed,not assessed,
Kabalevsky T06,12,16,4.5,G#4,68,ɑ,Godin band midpoint,0.375,close,F4,3.5,not assessed,not assessed,not assessed,none,not assessed,short,repeated,0,no,2,middle,no,not assessed,not assessed,
Kabalevsky T06,12,17,1,C#5,73,ɑ,Godin band midpoint,0.375,close,F4,8.5,not assessed,not assessed,not assessed,none,not assessed,short,leap-up,5,no,2,middle,no,not assessed,not assessed,
Kabalevsky T06,12,17,1.5,F#4,66,u,Godin band midpoint,0.375,close,G3,11,not assessed,not assessed,not assessed,none,not assessed,short,leap-down,-7,no,2,middle,no,not assessed,not assessed,
Kabalevsky T06,12,17,2,F#4,66,i,Godin band midpoint,0.375,close,G3,11,not assessed,not assessed,not assessed,none,not assessed,short,repeated,0,no,2,middle,no,not assessed,not assessed,
Kabalevsky T06,12,17,2.5,F#4,66,i,Godin band midpoint,0.375,close,G3,11,not assessed,not assessed,not assessed,none,not assessed,short,repeated,0,no,2,middle,no,not assessed,not assessed,
Kabalevsky T06,12,17,3,F#4,66,o,Godin band midpoint,0.375,close,A#3,8.5,not assessed,not assessed,not assessed,none,not assessed,short,repeated,0,no,2,middle,no,not assessed,not assessed,
Kabalevsky T06,12,17,3.5,F4,65,ɑ,Godin band midpoint,0.375,close,F4,0.5,not assessed,not assessed,not assessed,none,not assessed,short,step,-1,no,2,middle,no,not assessed,not assessed,
Kabalevsky T06,12,17,4,F4,65,ɑ,Godin band midpoint,0.75,close,F4,0.5,not assessed,not assessed,not assessed,none,not assessed,short,repeated,0,no,2,middle,no,not assessed,not assessed,
Kabalevsky T06,12,18,1,F4,65,ɑ,Godin band midpoint,0.75,close,F4,0.5,not assessed,not assessed,not assessed,none,not assessed,short,tie,0,no,2,middle,no,not assessed,not assessed,
Kabalevsky T06,12,18,2,F4,65,ɑ,Godin band midpoint,0.75,close,F4,0.5,not assessed,not assessed,not assessed,none,not assessed,short,repeated,0,no,2,middle,no,not assessed,not assessed,
Kabalevsky T06,12,18,3,C#5,73,e,Godin band midpoint,0.375,above,A#3,15.5,not assessed,not assessed,not assessed,none,not assessed,short,leap-up,8,no,2,middle,no,not assessed,not assessed,
Kabalevsky T06,12,18,3.5,D#4,63,i,Godin band midpoint,0.375,close,G3,8,not assessed,not assessed,not assessed,none,not assessed,short,leap-down,-10,no,2,middle,no,not assessed,not assessed,
Kabalevsky T06,12,18,4,D#4,63,u,Godin band midpoint,0.375,close,G3,8,not assessed,not assessed,not assessed,none,not assessed,short,repeated,0,no,2,middle,no,not assessed,not assessed,
Kabalevsky T06,12,18,4.5,D#4,63,ɪ,Godin band midpoint,0.375,close,A#3,5.5,not assessed,not assessed,not assessed,none,not assessed,short,repeated,0,no,2,middle,no,not assessed,not assessed,
Kabalevsky T06,12,19,1,F4,65,o,Godin band midpoint,0.375,close,A#3,7.5,not assessed,not assessed,not assessed,none,not assessed,short,step,2,no,2,middle,no,not assessed,not assessed,
Kabalevsky T06,12,19,1.5,D#4,63,u,Godin band midpoint,0.375,close,G3,8,not assessed,not assessed,not assessed,none,not assessed,short,step,-2,no,2,middle,no,not assessed,not assessed,
Kabalevsky T06,12,19,2,F#4,66,ʌ,Godin band midpoint,0.375,close,F4,1.5,not assessed,not assessed,not assessed,none,not assessed,short,leap-up,3,no,2,middle,no,not assessed,not assessed,
Kabalevsky T06,12,19,2.5,B4,71,ɪ,Godin band midpoint,0.375,above,A#3,13.5,not assessed,not assessed,not assessed,none,not assessed,short,leap-up,5,no,2,middle,no,not assessed,not assessed,
Kabalevsky T06,12,19,3,A#4,70,u,Godin band midpoint,1.5,above,G3,15,not assessed,not assessed,not assessed,none,not assessed,short,step,-1,no,2,middle,no,not assessed,not assessed,
Kabalevsky T06,12,20,1,A#4,70,u,Godin band midpoint,0.375,above,G3,15,not assessed,not assessed,not assessed,none,not assessed,short,tie,0,no,2,last,no,not assessed,not assessed,
Kabalevsky T06,12,20,2.5,G#4,68,ɑ,Godin band midpoint,0.375,close,F4,3.5,not assessed,not assessed,not assessed,none,not assessed,short,step,-2,yes,3,first,no,not assessed,not assessed,
Kabalevsky T06,12,21,1,A#4,70,o,Godin band midpoint,0.375,above,A#3,12.5,not assessed,not assessed,not assessed,none,not assessed,short,step,2,no,3,middle,no,not assessed,not assessed,
Kabalevsky T06,12,21,1.5,A#4,70,i,Godin band midpoint,0.375,above,G3,15,not assessed,not assessed,not assessed,none,not assessed,short,repeated,0,no,3,middle,no,not assessed,not assessed,
Kabalevsky T06,12,21,2,A#4,70,ɨ,not assessed,0.375,not assessed,not assessed,not assessed,not assessed,not assessed,not assessed,not assessed,not assessed,short,repeated,0,no,3,middle,no,not assessed,not assessed,
Kabalevsky T06,12,21,2.5,A#4,70,u,Godin band midpoint,0.375,above,G3,15,not assessed,not assessed,not assessed,none,not assessed,short,repeated,0,no,3,middle,no,not assessed,not assessed,
Kabalevsky T06,12,21,3,G#4,68,ɑ,Godin band midpoint,0.375,close,F4,3.5,not assessed,not assessed,not assessed,none,not assessed,short,step,-2,no,3,middle,no,not assessed,not assessed,
Kabalevsky T06,12,21,3.5,A#4,70,ɪ,Godin band midpoint,0.375,above,A#3,12.5,not assessed,not assessed,not assessed,none,not assessed,short,step,2,no,3,middle,no,not assessed,not assessed,
Kabalevsky T06,12,21,4,B4,71,ɑ,Godin band midpoint,0.375,close,F4,6.5,not assessed,not assessed,not assessed,none,not assessed,short,step,1,no,3,middle,yes,not assessed,not assessed,
Kabalevsky T06,12,21,4.5,G#4,68,ɨ,not assessed,0.375,not assessed,not assessed,not assessed,not assessed,not assessed,not assessed,not assessed,not assessed,short,leap-down,-3,no,3,middle,no,not assessed,not assessed,
Kabalevsky T06,12,22,1,A#4,70,o,Godin band midpoint,1.125,above,A#3,12.5,not assessed,not assessed,not assessed,none,not assessed,short,step,2,no,3,middle,no,not assessed,not assessed,
Kabalevsky T06,12,22,2.5,A#4,70,ɪ,Godin band midpoint,0.375,above,A#3,12.5,not assessed,not assessed,not assessed,none,not assessed,short,repeated,0,no,3,middle,no,not assessed,not assessed,
Kabalevsky T06,12,23,1,G#4,68,o,Godin band midpoint,0.375,close,A#3,10.5,not assessed,not assessed,not assessed,none,not assessed,short,step,-2,no,3,middle,no,not assessed,not assessed,
Kabalevsky T06,12,23,1.5,G#4,68,ɪ,Godin band midpoint,0.375,close,A#3,10.5,not assessed,not assessed,not assessed,none,not assessed,short,repeated,0,no,3,middle,no,not assessed,not assessed,
Kabalevsky T06,12,23,2,G#4,68,i,Godin band midpoint,0.375,above,G3,13,not assessed,not assessed,not assessed,none,not assessed,short,repeated,0,no,3,middle,no,not assessed,not assessed,
Kabalevsky T06,12,23,2.5,G#4,68,ɪ,Godin band midpoint,0.375,close,A#3,10.5,not assessed,not assessed,not assessed,none,not assessed,short,repeated,0,no,3,middle,no,not assessed,not assessed,
Kabalevsky T06,12,23,3,G#4,68,ɑ,Godin band midpoint,0.375,close,F4,3.5,not assessed,not assessed,not assessed,none,not assessed,short,repeated,0,no,3,middle,no,not assessed,not assessed,
Kabalevsky T06,12,23,3.5,G#4,68,i,Godin band midpoint,0.375,above,G3,13,not assessed,not assessed,not assessed,none,not assessed,short,repeated,0,no,3,middle,no,not assessed,not assessed,
Kabalevsky T06,12,23,4,F#4,66,ʌ,Godin band midpoint,0.375,close,F4,1.5,not assessed,not assessed,not assessed,none,not assessed,short,step,-2,no,3,middle,no,not assessed,not assessed,
Kabalevsky T06,12,23,4.5,F4,65,i,Godin band midpoint,0.375,close,G3,10,not assessed,not assessed,not assessed,none,not assessed,short,step,-1,no,3,middle,no,not assessed,not assessed,
Kabalevsky T06,12,24,1,F#4,66,ɨ,not assessed,1.5,not assessed,not assessed,not assessed,not assessed,not assessed,not assessed,not assessed,not assessed,short,step,1,no,3,last,no,not assessed,not assessed,
Kabalevsky T06,12,24,3.5,A#3,58,i,Godin band midpoint,0.375,close,G3,3,not assessed,not assessed,not assessed,none,not assessed,short,leap-down,-8,yes,4,first,no,not assessed,not assessed,
Kabalevsky T06,12,24,4,D#4,63,i,Godin band midpoint,0.375,close,G3,8,not assessed,not assessed,not assessed,none,not assessed,short,leap-up,5,no,4,middle,no,not assessed,not assessed,
Kabalevsky T06,12,24,4.5,F4,65,ɑ,Godin band midpoint,0.375,close,F4,0.5,not assessed,not assessed,not assessed,none,not assessed,short,step,2,no,4,middle,no,not assessed,not assessed,
Kabalevsky T06,12,25,1,F#4,66,ɑ,Godin band midpoint,1.125,close,F4,1.5,not assessed,not assessed,not assessed,none,not assessed,short,step,1,no,4,middle,no,not assessed,not assessed,
Kabalevsky T06,12,25,2.5,F#4,66,ɪ,Godin band midpoint,0.375,close,A#3,8.5,not assessed,not assessed,not assessed,none,not assessed,short,repeated,0,no,4,middle,no,not assessed,not assessed,
Kabalevsky T06,12,25,3,F4,65,ʌ,Godin band midpoint,0.375,close,F4,0.5,not assessed,not assessed,not assessed,none,not assessed,short,step,-1,no,4,middle,no,not assessed,not assessed,
Kabalevsky T06,12,25,3.5,F#4,66,ɑ,Godin band midpoint,0.375,close,F4,1.5,not assessed,not assessed,not assessed,none,not assessed,short,step,1,no,4,middle,no,not assessed,not assessed,
Kabalevsky T06,12,25,4,G#4,68,i,Godin band midpoint,0.375,above,G3,13,not assessed,not assessed,not assessed,none,not assessed,short,step,2,no,4,middle,no,not assessed,not assessed,
Kabalevsky T06,12,25,4.5,F4,65,none resolved,not assessed,0.375,not assessed,not assessed,not assessed,not assessed,not assessed,not assessed,not assessed,not assessed,short,leap-down,-3,no,4,middle,no,not assessed,not assessed,
Kabalevsky T06,12,26,1,A#4,70,o,Godin band midpoint,1.5,above,A#3,12.5,not assessed,not assessed,not assessed,none,not assessed,short,leap-up,5,no,4,middle,no,not assessed,not assessed,
Kabalevsky T06,12,26,3,A#4,70,o,Godin band midpoint,0.375,above,A#3,12.5,not assessed,not assessed,not assessed,none,not assessed,short,tie,0,no,4,middle,no,not assessed,not assessed,
Kabalevsky T06,12,26,3.5,A4,69,ɨ,not assessed,0.375,not assessed,not assessed,not assessed,not assessed,not assessed,not assessed,not assessed,not assessed,short,step,-1,no,4,middle,no,not assessed,not assessed,
Kabalevsky T06,12,26,4,A#4,70,ɑ,Godin band midpoint,0.375,close,F4,5.5,not assessed,not assessed,not assessed,none,not assessed,short,step,1,no,4,middle,no,not assessed,not assessed,
Kabalevsky T06,12,26,4.5,C5,72,ɪ,Godin band midpoint,0.375,above,A#3,14.5,not assessed,not assessed,not assessed,none,not assessed,short,step,2,no,4,middle,no,not assessed,not assessed,
Kabalevsky T06,12,27,1,C#5,73,e,Godin band midpoint,1.125,above,A#3,15.5,not assessed,not assessed,not assessed,none,not assessed,short,step,1,no,4,middle,yes,not assessed,not assessed,
Kabalevsky T06,12,27,2.5,A#4,70,i,Godin band midpoint,0.375,above,G3,15,not assessed,not assessed,not assessed,none,not assessed,short,leap-down,-3,no,4,middle,no,not assessed,not assessed,
Kabalevsky T06,12,27,3,F4,65,ʌ,Godin band midpoint,0.375,close,F4,0.5,not assessed,not assessed,not assessed,none,not assessed,short,leap-down,-5,no,4,middle,no,not assessed,not assessed,
Kabalevsky T06,12,27,3.5,F4,65,ɑ,Godin band midpoint,0.375,close,F4,0.5,not assessed,not assessed,not assessed,none,not assessed,short,repeated,0,no,4,middle,no,not assessed,not assessed,
Kabalevsky T06,12,27,4,F4,65,ɑ,Godin band midpoint,0.375,close,F4,0.5,not assessed,not assessed,not assessed,none,not assessed,short,repeated,0,no,4,middle,no,not assessed,not assessed,
Kabalevsky T06,12,27,4.5,F#4,66,i,Godin band midpoint,0.375,close,G3,11,not assessed,not assessed,not assessed,none,not assessed,short,step,1,no,4,middle,no,not assessed,not assessed,
Kabalevsky T06,12,28,1,F4,65,ɨ,not assessed,3,not assessed,not assessed,not assessed,not assessed,not assessed,not assessed,not assessed,not assessed,held,step,-1,no,4,middle,no,not assessed,not assessed,
Kabalevsky T06,12,29,1,F4,65,ɨ,not assessed,0.375,not assessed,not assessed,not assessed,not assessed,not assessed,not assessed,not assessed,not assessed,held,tie,0,no,4,last,no,not assessed,not assessed,
Kabalevsky T06,12,30,2,C#4,61,o,Godin band midpoint,0.75,close,A#3,3.5,not assessed,not assessed,not assessed,none,not assessed,short,leap-down,-4,yes,5,first,no,not assessed,not assessed,
Kabalevsky T06,12,30,3,C#5,73,u,Godin band midpoint,1.5,above,G3,18,not assessed,not assessed,not assessed,none,not assessed,short,leap-up,12,no,5,middle,yes,not assessed,not assessed,
Kabalevsky T06,12,31,1,C#5,73,u,Godin band midpoint,0.375,above,G3,18,not assessed,not assessed,not assessed,none,not assessed,short,tie,0,no,5,middle,yes,not assessed,not assessed,
Kabalevsky T06,12,31,1.5,A#4,70,ɑ,Godin band midpoint,0.375,close,F4,5.5,not assessed,not assessed,not assessed,none,not assessed,short,leap-down,-3,no,5,middle,no,not assessed,not assessed,
Kabalevsky T06,12,31,2,G#4,68,ɑ,Godin band midpoint,0.375,close,F4,3.5,not assessed,not assessed,not assessed,none,not assessed,short,step,-2,no,5,middle,no,not assessed,not assessed,
Kabalevsky T06,12,31,2.5,F#4,66,ɑ,Godin band midpoint,0.375,close,F4,1.5,not assessed,not assessed,not assessed,none,not assessed,short,step,-2,no,5,middle,no,not assessed,not assessed,
Kabalevsky T06,12,31,3,F4,65,ɑ,Godin band midpoint,0.375,close,F4,0.5,not assessed,not assessed,not assessed,none,not assessed,short,step,-1,no,5,middle,no,not assessed,not assessed,
Kabalevsky T06,12,31,3.5,D#4,63,ɪ,Godin band midpoint,0.375,close,A#3,5.5,not assessed,not assessed,not assessed,none,not assessed,short,step,-2,no,5,middle,no,not assessed,not assessed,
Kabalevsky T06,12,31,4,G#4,68,o,Godin band midpoint,0.375,close,A#3,10.5,not assessed,not assessed,not assessed,none,not assessed,short,leap-up,5,no,5,middle,no,not assessed,not assessed,
Kabalevsky T06,12,31,4.5,A#4,70,ɑ,Godin band midpoint,0.375,close,F4,5.5,not assessed,not assessed,not assessed,none,not assessed,short,step,2,no,5,middle,no,not assessed,not assessed,
Kabalevsky T06,12,32,1,B4,71,ɛ,Godin band midpoint,1.5,close,F4,6.5,not assessed,not assessed,not assessed,none,not assessed,short,step,1,no,5,middle,no,not assessed,not assessed,
Kabalevsky T06,12,32,3,B4,71,ɛ,Godin band midpoint,0.375,close,F4,6.5,not assessed,not assessed,not assessed,none,not assessed,short,tie,0,no,5,middle,no,not assessed,not assessed,
Kabalevsky T06,12,32,3.5,B4,71,u,Godin band midpoint,0.375,above,G3,16,not assessed,not assessed,not assessed,none,not assessed,short,repeated,0,no,5,middle,no,not assessed,not assessed,
Kabalevsky T06,12,32,4,A#4,70,ɑ,Godin band midpoint,0.375,close,F4,5.5,not assessed,not assessed,not assessed,none,not assessed,short,step,-1,no,5,middle,no,not assessed,not assessed,
Kabalevsky T06,12,32,4.5,B4,71,ɑ,Godin band midpoint,0.375,close,F4,6.5,not assessed,not assessed,not assessed,none,not assessed,short,step,1,no,5,middle,no,not assessed,not assessed,
Kabalevsky T06,12,33,1,G#4,68,ɑ,Godin band midpoint,3,close,F4,3.5,not assessed,not assessed,not assessed,none,not assessed,held,leap-down,-3,no,5,middle,no,not assessed,not assessed,
Kabalevsky T06,12,34,1,C#5,73,ɨ,not assessed,0.75,not assessed,not assessed,not assessed,not assessed,not assessed,not assessed,not assessed,not assessed,short,leap-up,5,no,5,middle,yes,not assessed,not assessed,
Kabalevsky T06,12,34,2,G#4,68,u,Godin band midpoint,0.375,above,G3,13,not assessed,not assessed,not assessed,none,not assessed,short,leap-down,-5,no,5,middle,no,not assessed,not assessed,
Kabalevsky T06,12,34,2.5,G#4,68,i,Godin band midpoint,0.375,above,G3,13,not assessed,not assessed,not assessed,none,not assessed,short,repeated,0,no,5,middle,no,not assessed,not assessed,
Kabalevsky T06,12,34,3,B4,71,ɑ,Godin band midpoint,1.125,close,F4,6.5,not assessed,not assessed,not assessed,none,not assessed,short,leap-up,3,no,5,middle,no,not assessed,not assessed,
Kabalevsky T06,12,34,4.5,F#4,66,ɑ,Godin band midpoint,0.375,close,F4,1.5,not assessed,not assessed,not assessed,none,not assessed,short,leap-down,-5,no,5,middle,no,not assessed,not assessed,
Kabalevsky T06,12,35,1,A#4,70,ɛ,Godin band midpoint,3,close,F4,5.5,not assessed,not assessed,not assessed,none,not assessed,held,leap-up,4,no,5,middle,no,not assessed,not assessed,
Kabalevsky T06,12,36,1,A#4,70,ɛ,Godin band midpoint,3,close,F4,5.5,not assessed,not assessed,not assessed,none,not assessed,held,tie,0,no,5,middle,no,not assessed,not assessed,
Kabalevsky T06,12,37,1,A#4,70,ɛ,Godin band midpoint,0.375,close,F4,5.5,not assessed,not assessed,not assessed,none,not assessed,held,tie,0,no,5,last,no,not assessed,not assessed,
Kabalevsky T07,12,2,6,G4,67,ɨ,not assessed,0.357,not assessed,not assessed,not assessed,not assessed,not assessed,not assessed,not assessed,not assessed,short,first note,,,0,first,no,not assessed,not assessed,
Kabalevsky T07,12,3,1,G4,67,u,Godin band midpoint,0.714,crossing,G3,12,not assessed,not assessed,not assessed,none,not assessed,short,repeated,0,no,0,middle,no,not assessed,not assessed,
Kabalevsky T07,12,3,3,E4,64,ɨ,not assessed,0.357,not assessed,not assessed,not assessed,not assessed,not assessed,not assessed,not assessed,not assessed,short,leap-down,-3,no,0,middle,no,not assessed,not assessed,
Kabalevsky T07,12,3,4,E4,64,ʌ,Godin band midpoint,0.714,open,F4,-0.5,not assessed,not assessed,not assessed,none,not assessed,short,repeated,0,no,0,middle,no,not assessed,not assessed,
Kabalevsky T07,12,3,6,G4,67,o,Godin band midpoint,0.357,close,A#3,9.5,not assessed,not assessed,not assessed,none,not assessed,short,leap-up,3,no,0,middle,no,not assessed,not assessed,
Kabalevsky T07,12,4,1,C5,72,u,Godin band midpoint,0.714,above,G3,17,not assessed,not assessed,not assessed,none,not assessed,short,leap-up,5,no,0,middle,yes,not assessed,not assessed,
Kabalevsky T07,12,4,3,B4,71,ɑ,Godin band midpoint,0.357,close,F4,6.5,not assessed,not assessed,not assessed,none,not assessed,short,step,-1,no,0,middle,no,not assessed,not assessed,
Kabalevsky T07,12,4,4,A4,69,u,Godin band midpoint,0.714,above,G3,14,not assessed,not assessed,not assessed,none,not assessed,short,step,-2,no,0,middle,no,not assessed,not assessed,
Kabalevsky T07,12,4,6,E4,64,ɨ,not assessed,0.357,not assessed,not assessed,not assessed,not assessed,not assessed,not assessed,not assessed,not assessed,short,leap-down,-5,no,0,middle,no,not assessed,not assessed,
Kabalevsky T07,12,5,1,F4,65,ɑ,Godin band midpoint,0.714,close,F4,0.5,not assessed,not assessed,not assessed,none,not assessed,short,step,1,no,0,middle,no,not assessed,not assessed,
Kabalevsky T07,12,5,3,E4,64,ɑ,Godin band midpoint,0.357,open,F4,-0.5,not assessed,not assessed,not assessed,none,not assessed,short,step,-1,no,0,middle,no,not assessed,not assessed,
Kabalevsky T07,12,5,4,D4,62,ɨ,not assessed,0.714,not assessed,not assessed,not assessed,not assessed,not assessed,not assessed,not assessed,not assessed,short,step,-2,no,0,middle,no,not assessed,not assessed,
Kabalevsky T07,12,5,6,F4,65,ɨ,not assessed,0.357,not assessed,not assessed,not assessed,not assessed,not assessed,not assessed,not assessed,not assessed,short,leap-up,3,no,0,middle,no,not assessed,not assessed,
Kabalevsky T07,12,6,1,E4,64,ɛ,Godin band midpoint,0.536,open,F4,-0.5,not assessed,not assessed,not assessed,none,not assessed,short,step,-1,no,0,middle,no,not assessed,not assessed,
Kabalevsky T07,12,6,2.5,E4,64,ɪ,Godin band midpoint,0.179,close,A#3,6.5,not assessed,not assessed,not assessed,none,not assessed,short,repeated,0,no,0,middle,no,not assessed,not assessed,
Kabalevsky T07,12,6,3,E4,64,ɪ,Godin band midpoint,0.179,close,A#3,6.5,not assessed,not assessed,not assessed,none,not assessed,short,repeated,0,no,0,middle,no,not assessed,not assessed,
Kabalevsky T07,12,6,3.5,E4,64,ɑ,Godin band midpoint,0.179,open,F4,-0.5,not assessed,not assessed,not assessed,none,not assessed,short,repeated,0,no,0,middle,no,not assessed,not assessed,
Kabalevsky T07,12,6,4,B4,71,ɑ,Godin band midpoint,0.536,close,F4,6.5,not assessed,not assessed,not assessed,none,not assessed,short,leap-up,7,no,0,middle,no,not assessed,not assessed,
Kabalevsky T07,12,6,5.5,E4,64,ʌ,Godin band midpoint,0.179,open,F4,-0.5,not assessed,not assessed,not assessed,none,not assessed,short,leap-down,-7,no,0,middle,no,not assessed,not assessed,
Kabalevsky T07,12,6,6,E4,64,u,Godin band midpoint,0.179,close,G3,9,not assessed,not assessed,not assessed,none,not assessed,short,repeated,0,no,0,middle,no,not assessed,not assessed,
Kabalevsky T07,12,6,6.5,E4,64,ɑ,Godin band midpoint,0.179,open,F4,-0.5,not assessed,not assessed,not assessed,none,not assessed,short,repeated,0,no,0,middle,no,not assessed,not assessed,
Kabalevsky T07,12,7,1,A4,69,o,Godin band midpoint,1.071,close,A#3,11.5,not assessed,not assessed,not assessed,none,not assessed,short,leap-up,5,no,0,middle,no,not assessed,not assessed,
Kabalevsky T07,12,7,4,A4,69,o,Godin band midpoint,0.357,close,A#3,11.5,not assessed,not assessed,not assessed,none,not assessed,short,tie,0,no,0,last,no,not assessed,not assessed,
Kabalevsky T07,12,7,6,A4,69,ɑ,Godin band midpoint,0.357,close,F4,4.5,not assessed,not assessed,not assessed,none,not assessed,short,repeated,0,yes,1,first,no,not assessed,not assessed,
Kabalevsky T07,12,8,1,C5,72,ɛ,Godin band midpoint,0.714,close,F4,7.5,not assessed,not assessed,not assessed,none,not assessed,short,leap-up,3,no,1,middle,no,not assessed,not assessed,
Kabalevsky T07,12,8,3,B4,71,ɨ,not assessed,0.357,not assessed,not assessed,not assessed,not assessed,not assessed,not assessed,not assessed,not assessed,short,step,-1,no,1,middle,no,not assessed,not assessed,
Kabalevsky T07,12,8,4,A4,69,u,Godin band midpoint,0.357,above,G3,14,not assessed,not assessed,not assessed,none,not assessed,short,step,-2,no,1,middle,no,not assessed,not assessed,
Kabalevsky T07,12,8,5,G4,67,u,Godin band midpoint,0.357,crossing,G3,12,not assessed,not assessed,not assessed,none,not assessed,short,step,-2,no,1,middle,no,not assessed,not assessed,
Kabalevsky T07,12,8,6,F4,65,i,Godin band midpoint,0.357,close,G3,10,not assessed,not assessed,not assessed,none,not assessed,short,step,-2,no,1,middle,no,not assessed,not assessed,
Kabalevsky T07,12,9,1,E4,64,ʌ,Godin band midpoint,0.714,open,F4,-0.5,not assessed,not assessed,not assessed,none,not assessed,short,step,-1,no,1,middle,no,not assessed,not assessed,
Kabalevsky T07,12,9,3,G#4,68,o,Godin band midpoint,0.357,close,A#3,10.5,not assessed,not assessed,not assessed,none,not assessed,short,leap-up,4,no,1,middle,no,not assessed,not assessed,
Kabalevsky T07,12,9,4,B4,71,ɑ,Godin band midpoint,0.714,close,F4,6.5,not assessed,not assessed,not assessed,none,not assessed,short,leap-up,3,no,1,middle,no,not assessed,not assessed,
Kabalevsky T07,12,9,6,D5,74,i,Godin band midpoint,0.357,above,G3,19,not assessed,not assessed,not assessed,none,not assessed,short,leap-up,3,no,1,middle,yes,not assessed,not assessed,
Kabalevsky T07,12,10,1,C5,72,a,Godin band midpoint,0.714,close,G#4,4.5,not assessed,not assessed,not assessed,none,not assessed,short,step,-2,no,1,middle,no,not assessed,not assessed,
Kabalevsky T07,12,10,3,B4,71,a,Godin band midpoint,0.357,close,G#4,3.5,not assessed,not assessed,not assessed,none,not assessed,short,step,-1,no,1,middle,no,not assessed,not assessed,
Kabalevsky T07,12,10,4,A4,69,ʌ,Godin band midpoint,0.536,close,F4,4.5,not assessed,not assessed,not assessed,none,not assessed,short,step,-2,no,1,middle,no,not assessed,not assessed,
Kabalevsky T07,12,10,5.5,F4,65,i,Godin band midpoint,0.179,close,G3,10,not assessed,not assessed,not assessed,none,not assessed,short,leap-down,-4,no,1,middle,no,not assessed,not assessed,
Kabalevsky T07,12,10,6,F4,65,a,Godin band midpoint,0.179,open,G#4,-2.5,not assessed,not assessed,not assessed,none,not assessed,short,repeated,0,no,1,middle,no,not assessed,not assessed,
Kabalevsky T07,12,10,6.5,F4,65,ɪ,Godin band midpoint,0.179,close,A#3,7.5,not assessed,not assessed,not assessed,none,not assessed,short,repeated,0,no,1,middle,no,not assessed,not assessed,
Kabalevsky T07,12,11,1,E4,64,u,Godin band midpoint,0.714,close,G3,9,not assessed,not assessed,not assessed,none,not assessed,short,step,-1,no,1,middle,no,not assessed,not assessed,
Kabalevsky T07,12,11,3,E4,64,u,Godin band midpoint,0.357,close,G3,9,not assessed,not assessed,not assessed,none,not assessed,short,repeated,0,no,1,middle,no,not assessed,not assessed,
Kabalevsky T07,12,11,4,E4,64,ɑ,Godin band midpoint,0.536,open,F4,-0.5,not assessed,not assessed,not assessed,none,not assessed,short,repeated,0,no,1,middle,no,not assessed,not assessed,
Kabalevsky T07,12,11,5.5,E4,64,ʌ,Godin band midpoint,0.179,open,F4,-0.5,not assessed,not assessed,not assessed,none,not assessed,short,repeated,0,no,1,middle,no,not assessed,not assessed,
Kabalevsky T07,12,11,6,E4,64,u,Godin band midpoint,0.179,close,G3,9,not assessed,not assessed,not assessed,none,not assessed,short,repeated,0,no,1,middle,no,not assessed,not assessed,
Kabalevsky T07,12,11,6.5,E4,64,ɑ,Godin band midpoint,0.179,open,F4,-0.5,not assessed,not assessed,not assessed,none,not assessed,short,repeated,0,no,1,middle,no,not assessed,not assessed,
Kabalevsky T07,12,12,1,E4,64,o,Godin band midpoint,1.071,close,A#3,6.5,not assessed,not assessed,not assessed,none,not assessed,short,repeated,0,no,1,middle,no,not assessed,not assessed,
Kabalevsky T07,12,12,4,E4,64,o,Godin band midpoint,0.357,close,A#3,6.5,not assessed,not assessed,not assessed,none,not assessed,short,tie,0,no,1,last,no,not assessed,not assessed,
Kabalevsky T07,12,13,4,A4,69,ɛ,Godin band midpoint,1.071,close,F4,4.5,not assessed,not assessed,not assessed,none,not assessed,short,leap-up,5,yes,2,first,no,not assessed,not assessed,
Kabalevsky T07,12,14,1,A#4,70,ɑ,Godin band midpoint,0.714,close,F4,5.5,not assessed,not assessed,not assessed,none,not assessed,short,step,1,no,2,middle,yes,not assessed,not assessed,
Kabalevsky T07,12,14,3,A4,69,ɑ,Godin band midpoint,0.357,close,F4,4.5,not assessed,not assessed,not assessed,none,not assessed,short,step,-1,no,2,middle,no,not assessed,not assessed,
Kabalevsky T07,12,14,4,G4,67,ɑ,Godin band midpoint,0.714,close,F4,2.5,not assessed,not assessed,not assessed,none,not assessed,short,step,-2,no,2,middle,no,not assessed,not assessed,
Kabalevsky T07,12,14,6,F4,65,i,Godin band midpoint,0.357,close,G3,10,not assessed,not assessed,not assessed,none,not assessed,short,step,-2,no,2,middle,no,not assessed,not assessed,
Kabalevsky T07,12,15,1,E4,64,i,Godin band midpoint,0.714,close,G3,9,not assessed,not assessed,not assessed,none,not assessed,short,step,-1,no,2,middle,no,not assessed,not assessed,
Kabalevsky T07,12,15,3,A4,69,ɑ,Godin band midpoint,0.357,close,F4,4.5,not assessed,not assessed,not assessed,none,not assessed,short,leap-up,5,no,2,middle,no,not assessed,not assessed,
Kabalevsky T07,12,15,4,A4,69,ɛ,Godin band midpoint,0.714,close,F4,4.5,not assessed,not assessed,not assessed,none,not assessed,short,repeated,0,no,2,middle,no,not assessed,not assessed,
Kabalevsky T07,12,15,6,G4,67,ʌ,Godin band midpoint,0.357,close,F4,2.5,not assessed,not assessed,not assessed,none,not assessed,short,step,-2,no,2,middle,no,not assessed,not assessed,
Kabalevsky T07,12,16,1,F4,65,u,Godin band midpoint,1.071,close,G3,10,not assessed,not assessed,not assessed,none,not assessed,short,step,-2,no,2,middle,no,not assessed,not assessed,
Kabalevsky T07,12,16,4,C4,60,i,Godin band midpoint,0.357,close,G3,5,not assessed,not assessed,not assessed,none,not assessed,short,leap-down,-5,no,2,last,no,not assessed,not assessed,
Kabalevsky T07,12,16,5.5,C4,60,ɪ,Godin band midpoint,0.179,close,A#3,2.5,not assessed,not assessed,not assessed,none,not assessed,short,repeated,0,yes,3,first,no,not assessed,not assessed,
Kabalevsky T07,12,16,6,C4,60,ʌ,Godin band midpoint,0.179,open,F4,-4.5,not assessed,not assessed,not assessed,none,not assessed,short,repeated,0,no,3,middle,no,not assessed,not assessed,
Kabalevsky T07,12,16,6.5,C4,60,ɑ,Godin band midpoint,0.179,open,F4,-4.5,not assessed,not assessed,not assessed,none,not assessed,short,repeated,0,no,3,middle,no,not assessed,not assessed,
Kabalevsky T07,12,17,1,C#4,61,u,Godin band midpoint,0.714,close,G3,6,not assessed,not assessed,not assessed,none,not assessed,short,step,1,no,3,middle,no,not assessed,not assessed,
Kabalevsky T07,12,17,3,C#4,61,i,Godin band midpoint,0.357,close,G3,6,not assessed,not assessed,not assessed,none,not assessed,short,repeated,0,no,3,middle,no,not assessed,not assessed,
Kabalevsky T07,12,17,4,D4,62,u,Godin band midpoint,0.536,close,G3,7,not assessed,not assessed,not assessed,none,not assessed,short,step,1,no,3,middle,no,not assessed,not assessed,
Kabalevsky T07,12,17,5.5,E4,64,u,Godin band midpoint,0.179,close,G3,9,not assessed,not assessed,not assessed,none,not assessed,short,step,2,no,3,middle,no,not assessed,not assessed,
Kabalevsky T07,12,17,6,F4,65,ɨ,not assessed,0.179,not assessed,not assessed,not assessed,not assessed,not assessed,not assessed,not assessed,not assessed,short,step,1,no,3,middle,no,not assessed,not assessed,
Kabalevsky T07,12,17,6.5,A4,69,ɑ,Godin band midpoint,0.179,close,F4,4.5,not assessed,not assessed,not assessed,none,not assessed,short,leap-up,4,no,3,middle,no,not assessed,not assessed,
Kabalevsky T07,12,18,1,B4,71,ɑ,Godin band midpoint,1.071,close,F4,6.5,not assessed,not assessed,not assessed,none,not assessed,short,step,2,no,3,middle,no,not assessed,not assessed,
Kabalevsky T07,12,18,4,B4,71,ɑ,Godin band midpoint,0.714,close,F4,6.5,not assessed,not assessed,not assessed,none,not assessed,short,tie,0,no,3,middle,no,not assessed,not assessed,
Kabalevsky T07,12,18,6,B4,71,o,Godin band midpoint,0.357,above,A#3,13.5,not assessed,not assessed,not assessed,none,not assessed,short,repeated,0,no,3,middle,no,not assessed,not assessed,
Kabalevsky T07,12,19,1,C5,72,o,Godin band midpoint,0.536,above,A#3,14.5,not assessed,not assessed,not assessed,none,not assessed,short,step,1,no,3,middle,yes,not assessed,not assessed,
Kabalevsky T07,12,19,2.5,B4,71,ʌ,Godin band midpoint,0.179,close,F4,6.5,not assessed,not assessed,not assessed,none,not assessed,short,step,-1,no,3,middle,no,not assessed,not assessed,
Kabalevsky T07,12,19,3,A4,69,ʌ,Godin band midpoint,0.179,close,F4,4.5,not assessed,not assessed,not assessed,none,not assessed,short,step,-2,no,3,middle,no,not assessed,not assessed,
Kabalevsky T07,12,19,3.5,G4,67,ɑ,Godin band midpoint,0.179,close,F4,2.5,not assessed,not assessed,not assessed,none,not assessed,short,step,-2,no,3,middle,no,not assessed,not assessed,
Kabalevsky T07,12,19,4,A4,69,o,Godin band midpoint,0.536,close,A#3,11.5,not assessed,not assessed,not assessed,none,not assessed,short,step,2,no,3,middle,no,not assessed,not assessed,
Kabalevsky T07,12,19,5.5,G4,67,ɑ,Godin band midpoint,0.179,close,F4,2.5,not assessed,not assessed,not assessed,none,not assessed,short,step,-2,no,3,middle,no,not assessed,not assessed,
Kabalevsky T07,12,19,6,F4,65,ɨ,not assessed,0.179,not assessed,not assessed,not assessed,not assessed,not assessed,not assessed,not assessed,not assessed,short,step,-2,no,3,middle,no,not assessed,not assessed,
Kabalevsky T07,12,19,6.5,E4,64,ɪ,Godin band midpoint,0.179,close,A#3,6.5,not assessed,not assessed,not assessed,none,not assessed,short,step,-1,no,3,middle,no,not assessed,not assessed,
Kabalevsky T07,12,20,1,F4,65,u,Godin band midpoint,0.714,close,G3,10,not assessed,not assessed,not assessed,none,not assessed,short,step,1,no,3,middle,no,not assessed,not assessed,
Kabalevsky T07,12,20,3,F4,65,i,Godin band midpoint,0.357,close,G3,10,not assessed,not assessed,not assessed,none,not assessed,short,repeated,0,no,3,last,no,not assessed,not assessed,
Kabalevsky T07,12,20,6,F4,65,u,Godin band midpoint,0.357,close,G3,10,not assessed,not assessed,not assessed,none,not assessed,short,repeated,0,yes,4,first,no,not assessed,not assessed,
Kabalevsky T07,12,21,1,E4,64,o,Godin band midpoint,0.536,close,A#3,6.5,not assessed,not assessed,not assessed,none,not assessed,short,step,-1,no,4,middle,no,not assessed,not assessed,
Kabalevsky T07,12,21,2.5,E4,64,ʌ,Godin band midpoint,0.179,open,F4,-0.5,not assessed,not assessed,not assessed,none,not assessed,short,repeated,0,no,4,middle,no,not assessed,not assessed,
Kabalevsky T07,12,21,3,E4,64,ʌ,Godin band midpoint,0.179,open,F4,-0.5,not assessed,not assessed,not assessed,none,not assessed,short,repeated,0,no,4,middle,no,not assessed,not assessed,
Kabalevsky T07,12,21,3.5,E4,64,i,Godin band midpoint,0.179,close,G3,9,not assessed,not assessed,not assessed,none,not assessed,short,repeated,0,no,4,middle,no,not assessed,not assessed,
Kabalevsky T07,12,21,4,A4,69,o,Godin band midpoint,0.536,close,A#3,11.5,not assessed,not assessed,not assessed,none,not assessed,short,leap-up,5,no,4,middle,yes,not assessed,not assessed,
Kabalevsky T07,12,21,5.5,F4,65,ɪ,Godin band midpoint,0.179,close,A#3,7.5,not assessed,not assessed,not assessed,none,not assessed,short,leap-down,-4,no,4,middle,no,not assessed,not assessed,
Kabalevsky T07,12,21,6,F4,65,u,Godin band midpoint,0.179,close,G3,10,not assessed,not assessed,not assessed,none,not assessed,short,repeated,0,no,4,middle,no,not assessed,not assessed,
Kabalevsky T07,12,21,6.5,F4,65,u,Godin band midpoint,0.179,close,G3,10,not assessed,not assessed,not assessed,none,not assessed,short,repeated,0,no,4,middle,no,not assessed,not assessed,
Kabalevsky T07,12,22,1,E4,64,ɑ,Godin band midpoint,1.071,open,F4,-0.5,not assessed,not assessed,not assessed,none,not assessed,short,step,-1,no,4,middle,no,not assessed,not assessed,
Kabalevsky T07,12,22,4,E4,64,ɑ,Godin band midpoint,0.357,open,F4,-0.5,not assessed,not assessed,not assessed,none,not assessed,short,tie,0,no,4,last,no,not assessed,not assessed,
Kabalevsky T07,12,29,6,G4,67,i,Godin band midpoint,0.357,crossing,G3,12,not assessed,not assessed,not assessed,none,not assessed,short,leap-up,3,yes,5,first,no,not assessed,not assessed,
Kabalevsky T07,12,30,1,G4,67,u,Godin band midpoint,0.714,crossing,G3,12,not assessed,not assessed,not assessed,none,not assessed,short,repeated,0,no,5,middle,no,not assessed,not assessed,
Kabalevsky T07,12,30,3,E4,64,ɑ,Godin band midpoint,0.357,open,F4,-0.5,not assessed,not assessed,not assessed,none,not assessed,short,leap-down,-3,no,5,middle,no,not assessed,not assessed,
Kabalevsky T07,12,30,4,E4,64,ɪ,Godin band midpoint,0.714,close,A#3,6.5,not assessed,not assessed,not assessed,none,not assessed,short,repeated,0,no,5,middle,no,not assessed,not assessed,
Kabalevsky T07,12,30,6,G4,67,ɑ,Godin band midpoint,0.357,close,F4,2.5,not assessed,not assessed,not assessed,none,not assessed,short,leap-up,3,no,5,middle,no,not assessed,not assessed,
Kabalevsky T07,12,31,1,C5,72,u,Godin band midpoint,0.714,above,G3,17,not assessed,not assessed,not assessed,none,not assessed,short,leap-up,5,no,5,middle,no,not assessed,not assessed,
Kabalevsky T07,12,31,3,B4,71,ɨ,not assessed,0.357,not assessed,not assessed,not assessed,not assessed,not assessed,not assessed,not assessed,not assessed,short,step,-1,no,5,middle,no,not assessed,not assessed,
Kabalevsky T07,12,31,4,A4,69,ɪ,Godin band midpoint,0.714,close,A#3,11.5,not assessed,not assessed,not assessed,none,not assessed,short,step,-2,no,5,middle,no,not assessed,not assessed,
Kabalevsky T07,12,31,6,E4,64,ʌ,Godin band midpoint,0.357,open,F4,-0.5,not assessed,not assessed,not assessed,none,not assessed,short,leap-down,-5,no,5,middle,no,not assessed,not assessed,
Kabalevsky T07,12,32,1,F4,65,u,Godin band midpoint,0.714,close,G3,10,not assessed,not assessed,not assessed,none,not assessed,short,step,1,no,5,middle,no,not assessed,not assessed,
Kabalevsky T07,12,32,3,E4,64,u,Godin band midpoint,0.357,close,G3,9,not assessed,not assessed,not assessed,none,not assessed,short,step,-1,no,5,middle,no,not assessed,not assessed,
Kabalevsky T07,12,32,4,D4,62,ɨ,not assessed,0.536,not assessed,not assessed,not assessed,not assessed,not assessed,not assessed,not assessed,not assessed,short,step,-2,no,5,middle,no,not assessed,not assessed,
Kabalevsky T07,12,32,5.5,F4,65,u,Godin band midpoint,0.179,close,G3,10,not assessed,not assessed,not assessed,none,not assessed,short,leap-up,3,no,5,middle,no,not assessed,not assessed,
Kabalevsky T07,12,32,6,F4,65,ɑ,Godin band midpoint,0.179,close,F4,0.5,not assessed,not assessed,not assessed,none,not assessed,short,repeated,0,no,5,middle,no,not assessed,not assessed,
Kabalevsky T07,12,32,6.5,F4,65,u,Godin band midpoint,0.179,close,G3,10,not assessed,not assessed,not assessed,none,not assessed,short,repeated,0,no,5,middle,no,not assessed,not assessed,
Kabalevsky T07,12,33,1,E4,64,o,Godin band midpoint,0.714,close,A#3,6.5,not assessed,not assessed,not assessed,none,not assessed,short,step,-1,no,5,middle,no,not assessed,not assessed,
Kabalevsky T07,12,33,3,E4,64,i,Godin band midpoint,0.357,close,G3,9,not assessed,not assessed,not assessed,none,not assessed,short,repeated,0,no,5,middle,no,not assessed,not assessed,
Kabalevsky T07,12,33,4,B4,71,o,Godin band midpoint,0.536,above,A#3,13.5,not assessed,not assessed,not assessed,none,not assessed,short,leap-up,7,no,5,middle,no,not assessed,not assessed,
Kabalevsky T07,12,33,5.5,E4,64,ʌ,Godin band midpoint,0.179,open,F4,-0.5,not assessed,not assessed,not assessed,none,not assessed,short,leap-down,-7,no,5,middle,no,not assessed,not assessed,
Kabalevsky T07,12,33,6,E4,64,ʌ,Godin band midpoint,0.179,open,F4,-0.5,not assessed,not assessed,not assessed,none,not assessed,short,repeated,0,no,5,middle,no,not assessed,not assessed,
Kabalevsky T07,12,33,6.5,E4,64,ɑ,Godin band midpoint,0.179,open,F4,-0.5,not assessed,not assessed,not assessed,none,not assessed,short,repeated,0,no,5,middle,no,not assessed,not assessed,
Kabalevsky T07,12,34,1,A4,69,u,Godin band midpoint,1.071,above,G3,14,not assessed,not assessed,not assessed,none,not assessed,short,leap-up,5,no,5,middle,no,not assessed,not assessed,
Kabalevsky T07,12,34,4,A4,69,u,Godin band midpoint,0.714,above,G3,14,not assessed,not assessed,not assessed,none,not assessed,short,tie,0,no,5,middle,no,not assessed,not assessed,
Kabalevsky T07,12,34,6,A4,69,ɑ,Godin band midpoint,0.357,close,F4,4.5,not assessed,not assessed,not assessed,none,not assessed,short,repeated,0,no,5,middle,no,not assessed,not assessed,
Kabalevsky T07,12,35,1,C5,72,u,Godin band midpoint,0.714,above,G3,17,not assessed,not assessed,not assessed,none,not assessed,short,leap-up,3,no,5,middle,no,not assessed,not assessed,
Kabalevsky T07,12,35,3,B4,71,ʌ,Godin band midpoint,0.357,close,F4,6.5,not assessed,not assessed,not assessed,none,not assessed,short,step,-1,no,5,middle,no,not assessed,not assessed,
Kabalevsky T07,12,35,4,A4,69,ɑ,Godin band midpoint,0.357,close,F4,4.5,not assessed,not assessed,not assessed,none,not assessed,short,step,-2,no,5,middle,no,not assessed,not assessed,
Kabalevsky T07,12,35,5,G4,67,ɑ,Godin band midpoint,0.357,close,F4,2.5,not assessed,not assessed,not assessed,none,not assessed,short,step,-2,no,5,middle,no,not assessed,not assessed,
Kabalevsky T07,12,35,6,F4,65,ɑ,Godin band midpoint,0.357,close,F4,0.5,not assessed,not assessed,not assessed,none,not assessed,short,step,-2,no,5,middle,no,not assessed,not assessed,
Kabalevsky T07,12,36,1,E4,64,ɛ,Godin band midpoint,0.714,open,F4,-0.5,not assessed,not assessed,not assessed,none,not assessed,short,step,-1,no,5,middle,no,not assessed,not assessed,
Kabalevsky T07,12,36,3,G#4,68,i,Godin band midpoint,0.357,above,G3,13,not assessed,not assessed,not assessed,none,not assessed,short,leap-up,4,no,5,middle,no,not assessed,not assessed,
Kabalevsky T07,12,36,4,B4,71,o,Godin band midpoint,0.714,above,A#3,13.5,not assessed,not assessed,not assessed,none,not assessed,short,leap-up,3,no,5,middle,no,not assessed,not assessed,
Kabalevsky T07,12,36,6,D5,74,ʌ,Godin band midpoint,0.357,close,F4,9.5,not assessed,not assessed,not assessed,none,not assessed,short,leap-up,3,no,5,middle,yes,not assessed,not assessed,
Kabalevsky T07,12,37,1,C5,72,u,Godin band midpoint,0.714,above,G3,17,not assessed,not assessed,not assessed,none,not assessed,short,step,-2,no,5,middle,no,not assessed,not assessed,
Kabalevsky T07,12,37,3,B4,71,u,Godin band midpoint,0.357,above,G3,16,not assessed,not assessed,not assessed,none,not assessed,short,step,-1,no,5,middle,no,not assessed,not assessed,
Kabalevsky T07,12,37,4,A4,69,ɨ,not assessed,0.714,not assessed,not assessed,not assessed,not assessed,not assessed,not assessed,not assessed,not assessed,short,step,-2,no,5,middle,no,not assessed,not assessed,
Kabalevsky T07,12,37,6,C5,72,ɑ,Godin band midpoint,0.357,close,F4,7.5,not assessed,not assessed,not assessed,none,not assessed,short,leap-up,3,no,5,middle,no,not assessed,not assessed,
Kabalevsky T07,12,38,1,B4,71,i,Godin band midpoint,0.536,above,G3,16,not assessed,not assessed,not assessed,none,not assessed,short,step,-1,no,5,middle,no,not assessed,not assessed,
Kabalevsky T07,12,38,2.5,E4,64,ʌ,Godin band midpoint,0.179,open,F4,-0.5,not assessed,not assessed,not assessed,none,not assessed,short,leap-down,-7,no,5,middle,no,not assessed,not assessed,
Kabalevsky T07,12,38,3,E4,64,i,Godin band midpoint,0.179,close,G3,9,not assessed,not assessed,not assessed,none,not assessed,short,repeated,0,no,5,middle,no,not assessed,not assessed,
Kabalevsky T07,12,38,3.5,E4,64,i,Godin band midpoint,0.179,close,G3,9,not assessed,not assessed,not assessed,none,not assessed,short,repeated,0,no,5,middle,no,not assessed,not assessed,
Kabalevsky T07,12,38,4,B4,71,e,Godin band midpoint,0.536,above,A#3,13.5,not assessed,not assessed,not assessed,none,not assessed,short,leap-up,7,no,5,middle,no,not assessed,not assessed,
Kabalevsky T07,12,38,5.5,G4,67,i,Godin band midpoint,0.179,crossing,G3,12,not assessed,not assessed,not assessed,none,not assessed,short,leap-down,-4,no,5,middle,no,not assessed,not assessed,
Kabalevsky T07,12,38,6,G4,67,i,Godin band midpoint,0.179,crossing,G3,12,not assessed,not assessed,not assessed,none,not assessed,short,repeated,0,no,5,middle,no,not assessed,not assessed,
Kabalevsky T07,12,38,6.5,G4,67,ɑ,Godin band midpoint,0.179,close,F4,2.5,not assessed,not assessed,not assessed,none,not assessed,short,repeated,0,no,5,middle,no,not assessed,not assessed,
Kabalevsky T07,12,39,1,C5,72,u,Godin band midpoint,0.714,above,G3,17,not assessed,not assessed,not assessed,none,not assessed,short,leap-up,5,no,5,middle,no,not assessed,not assessed,
Kabalevsky T07,12,39,3,C5,72,u,Godin band midpoint,0.357,above,G3,17,not assessed,not assessed,not assessed,none,not assessed,short,tie,0,no,5,last,no,not assessed,not assessed,
Kabalevsky T07,12,44,4,C5,72,ɑ,Godin band midpoint,0.357,close,F4,7.5,not assessed,not assessed,not assessed,none,not assessed,short,repeated,0,yes,6,first,no,not assessed,not assessed,
Kabalevsky T07,12,44,5,G#4,68,ʌ,Godin band midpoint,0.357,close,F4,3.5,not assessed,not assessed,not assessed,none,not assessed,short,leap-down,-4,no,6,middle,no,not assessed,not assessed,
Kabalevsky T07,12,44,6,G4,67,ɑ,Godin band midpoint,0.357,close,F4,2.5,not assessed,not assessed,not assessed,none,not assessed,short,step,-1,no,6,middle,no,not assessed,not assessed,
Kabalevsky T07,12,45,1,F4,65,i,Godin band midpoint,0.714,close,G3,10,not assessed,not assessed,not assessed,none,not assessed,short,step,-2,no,6,middle,no,not assessed,not assessed,
Kabalevsky T07,12,45,3,G4,67,ɑ,Godin band midpoint,0.357,close,F4,2.5,not assessed,not assessed,not assessed,none,not assessed,short,step,2,no,6,middle,no,not assessed,not assessed,
Kabalevsky T07,12,45,4,G#4,68,ɑ,Godin band midpoint,0.714,close,F4,3.5,not assessed,not assessed,not assessed,none,not assessed,short,step,1,no,6,middle,no,not assessed,not assessed,
Kabalevsky T07,12,45,6,C5,72,ɪ,Godin band midpoint,0.357,above,A#3,14.5,not assessed,not assessed,not assessed,none,not assessed,short,leap-up,4,no,6,middle,no,not assessed,not assessed,
Kabalevsky T07,12,46,1,C#5,73,u,Godin band midpoint,0.714,above,G3,18,not assessed,not assessed,not assessed,none,not assessed,short,step,1,no,6,middle,yes,not assessed,not assessed,
Kabalevsky T07,12,46,3,G#4,68,ɑ,Godin band midpoint,0.357,close,F4,3.5,not assessed,not assessed,not assessed,none,not assessed,short,leap-down,-5,no,6,middle,no,not assessed,not assessed,
Kabalevsky T07,12,46,4,G#4,68,e,Godin band midpoint,0.714,close,A#3,10.5,not assessed,not assessed,not assessed,none,not assessed,short,repeated,0,no,6,middle,no,not assessed,not assessed,
Kabalevsky T07,12,46,6,G#4,68,ɪ,Godin band midpoint,0.357,close,A#3,10.5,not assessed,not assessed,not assessed,none,not assessed,short,repeated,0,no,6,last,no,not assessed,not assessed,
Kabalevsky T07,12,47,4,G#4,68,o,Godin band midpoint,0.357,close,A#3,10.5,not assessed,not assessed,not assessed,none,not assessed,short,repeated,0,yes,7,first,no,not assessed,not assessed,
Kabalevsky T07,12,47,5,G4,67,ʌ,Godin band midpoint,0.357,close,F4,2.5,not assessed,not assessed,not assessed,none,not assessed,short,step,-1,no,7,middle,no,not assessed,not assessed,
Kabalevsky T07,12,47,6,G#4,68,i,Godin band midpoint,0.357,above,G3,13,not assessed,not assessed,not assessed,none,not assessed,short,step,1,no,7,middle,no,not assessed,not assessed,
Kabalevsky T07,12,47,7,A#4,70,o,Godin band midpoint,0.714,above,A#3,12.5,not assessed,not assessed,not assessed,none,not assessed,short,step,2,no,7,middle,yes,not assessed,not assessed,
Kabalevsky T07,12,47,9,G#4,68,ɨ,not assessed,0.357,not assessed,not assessed,not assessed,not assessed,not assessed,not assessed,not assessed,not assessed,short,step,-2,no,7,middle,no,not assessed,not assessed,
Kabalevsky T07,12,48,1,G4,67,u,Godin band midpoint,1.071,crossing,G3,12,not assessed,not assessed,not assessed,none,not assessed,short,step,-1,no,7,middle,no,not assessed,not assessed,
Kabalevsky T07,12,48,4,G4,67,u,Godin band midpoint,0.357,crossing,G3,12,not assessed,not assessed,not assessed,none,not assessed,short,tie,0,no,7,last,no,not assessed,not assessed,
Kabalevsky T07,12,48,6,E4,64,ɑ,Godin band midpoint,0.357,open,F4,-0.5,not assessed,not assessed,not assessed,none,not assessed,short,leap-down,-3,yes,8,first,yes,not assessed,not assessed,
Kabalevsky T07,12,49,1,E4,64,o,Godin band midpoint,1.071,close,A#3,6.5,not assessed,not assessed,not assessed,none,not assessed,short,repeated,0,no,8,middle,yes,not assessed,not assessed,
Kabalevsky T07,12,49,4,E4,64,o,Godin band midpoint,0.714,close,A#3,6.5,not assessed,not assessed,not assessed,none,not assessed,short,tie,0,no,8,middle,yes,not assessed,not assessed,
Kabalevsky T07,12,49,6,B3,59,ɪ,Godin band midpoint,0.357,close,A#3,1.5,not assessed,not assessed,not assessed,none,not assessed,short,leap-down,-5,no,8,middle,no,not assessed,not assessed,
Kabalevsky T07,12,50,1,C4,60,e,Godin band midpoint,1.071,close,A#3,2.5,not assessed,not assessed,not assessed,none,not assessed,short,step,1,no,8,middle,no,not assessed,not assessed,
Kabalevsky T07,12,50,4,C4,60,e,Godin band midpoint,0.714,close,A#3,2.5,not assessed,not assessed,not assessed,none,not assessed,short,tie,0,no,8,middle,no,not assessed,not assessed,
Kabalevsky T07,12,50,6,C4,60,i,Godin band midpoint,0.357,close,G3,5,not assessed,not assessed,not assessed,none,not assessed,short,repeated,0,no,8,last,no,not assessed,not assessed,
Kabalevsky T08,12,1,3.5,D#4,63,ɨ,not assessed,0.455,not assessed,not assessed,not assessed,not assessed,not assessed,not assessed,not assessed,not assessed,short,first note,,,0,first,no,not assessed,not assessed,
Kabalevsky T08,12,1,4,D4,62,o,Godin band midpoint,0.455,close,A#3,4.5,not assessed,not assessed,not assessed,none,not assessed,short,step,-1,no,0,middle,no,not assessed,not assessed,
Kabalevsky T08,12,1,4.5,F4,65,u,Godin band midpoint,0.455,close,G3,10,not assessed,not assessed,not assessed,none,not assessed,short,leap-up,3,no,0,middle,no,not assessed,not assessed,
Kabalevsky T08,12,2,1,D#4,63,i,Godin band midpoint,0.455,close,G3,8,not assessed,not assessed,not assessed,none,not assessed,short,step,-2,no,0,middle,no,not assessed,not assessed,
Kabalevsky T08,12,2,1.5,C4,60,ɑ,Godin band midpoint,0.455,open,F4,-4.5,not assessed,not assessed,not assessed,none,not assessed,short,leap-down,-3,no,0,middle,no,not assessed,not assessed,
Kabalevsky T08,12,2,2,C4,60,ɑ,Godin band midpoint,0.455,open,F4,-4.5,not assessed,not assessed,not assessed,none,not assessed,short,repeated,0,no,0,middle,no,not assessed,not assessed,
Kabalevsky T08,12,2,2.5,D#4,63,u,Godin band midpoint,0.455,close,G3,8,not assessed,not assessed,not assessed,none,not assessed,short,leap-up,3,no,0,middle,no,not assessed,not assessed,
Kabalevsky T08,12,2,3,G#4,68,o,Godin band midpoint,1.364,close,A#3,10.5,not assessed,not assessed,not assessed,none,not assessed,short,leap-up,5,no,0,middle,no,not assessed,not assessed,
Kabalevsky T08,12,2,4.5,G4,67,ɑ,Godin band midpoint,0.455,close,F4,2.5,not assessed,not assessed,not assessed,none,not assessed,short,step,-1,no,0,middle,no,not assessed,not assessed,
Kabalevsky T08,12,3,1,F4,65,ɛ,Godin band midpoint,1.818,close,F4,0.5,not assessed,not assessed,not assessed,none,not assessed,short,step,-2,no,0,middle,no,not assessed,not assessed,
Kabalevsky T08,12,3,3,F4,65,ɛ,Godin band midpoint,0.455,close,F4,0.5,not assessed,not assessed,not assessed,none,not assessed,short,tie,0,no,0,middle,no,not assessed,not assessed,
Kabalevsky T08,12,3,3.5,F4,65,ɑ,Godin band midpoint,0.455,close,F4,0.5,not assessed,not assessed,not assessed,none,not assessed,short,repeated,0,no,0,middle,no,not assessed,not assessed,
Kabalevsky T08,12,3,4,G4,67,u,Godin band midpoint,0.455,crossing,G3,12,not assessed,not assessed,not assessed,none,not assessed,short,step,2,no,0,middle,no,not assessed,not assessed,
Kabalevsky T08,12,3,4.5,G#4,68,ɑ,Godin band midpoint,0.455,close,F4,3.5,not assessed,not assessed,not assessed,none,not assessed,short,step,1,no,0,middle,no,not assessed,not assessed,
Kabalevsky T08,12,4,1,A#4,70,o,Godin band midpoint,1.364,above,A#3,12.5,not assessed,not assessed,not assessed,none,not assessed,short,step,2,no,0,middle,yes,not assessed,not assessed,
Kabalevsky T08,12,4,2.5,F4,65,i,Godin band midpoint,0.455,close,G3,10,not assessed,not assessed,not assessed,none,not assessed,short,leap-down,-5,no,0,middle,no,not assessed,not assessed,
Kabalevsky T08,12,4,3,A#4,70,ɑ,Godin band midpoint,0.455,close,F4,5.5,not assessed,not assessed,not assessed,none,not assessed,short,leap-up,5,no,0,middle,yes,not assessed,not assessed,
Kabalevsky T08,12,4,3.5,G#4,68,ɨ,not assessed,0.455,not assessed,not assessed,not assessed,not assessed,not assessed,not assessed,not assessed,not assessed,short,step,-2,no,0,middle,no,not assessed,not assessed,
Kabalevsky T08,12,4,4,G4,67,i,Godin band midpoint,0.455,crossing,G3,12,not assessed,not assessed,not assessed,none,not assessed,short,step,-1,no,0,middle,no,not assessed,not assessed,
Kabalevsky T08,12,4,4.5,F4,65,ɨ,not assessed,0.455,not assessed,not assessed,not assessed,not assessed,not assessed,not assessed,not assessed,not assessed,short,step,-2,no,0,middle,no,not assessed,not assessed,
Kabalevsky T08,12,5,1,G4,67,e,Godin band midpoint,1.818,close,A#3,9.5,not assessed,not assessed,not assessed,none,not assessed,short,step,2,no,0,middle,no,not assessed,not assessed,
Kabalevsky T08,12,5,3,G4,67,e,Godin band midpoint,0.455,close,A#3,9.5,not assessed,not assessed,not assessed,none,not assessed,short,tie,0,no,0,middle,no,not assessed,not assessed,
Kabalevsky T08,12,5,3.5,D#4,63,ɪ,Godin band midpoint,0.455,close,A#3,5.5,not assessed,not assessed,not assessed,none,not assessed,short,leap-down,-4,no,0,middle,no,not assessed,not assessed,
Kabalevsky T08,12,5,4,G4,67,ʌ,Godin band midpoint,0.455,close,F4,2.5,not assessed,not assessed,not assessed,none,not assessed,short,leap-up,4,no,0,middle,no,not assessed,not assessed,
Kabalevsky T08,12,5,4.5,A#4,70,i,Godin band midpoint,0.455,above,G3,15,not assessed,not assessed,not assessed,none,not assessed,short,leap-up,3,no,0,middle,yes,not assessed,not assessed,
Kabalevsky T08,12,6,1,G#4,68,i,Godin band midpoint,0.455,above,G3,13,not assessed,not assessed,not assessed,none,not assessed,short,step,-2,no,0,middle,no,not assessed,not assessed,
Kabalevsky T08,12,6,1.5,F4,65,o,Godin band midpoint,0.455,close,A#3,7.5,not assessed,not assessed,not assessed,none,not assessed,short,leap-down,-3,no,0,middle,no,not assessed,not assessed,
Kabalevsky T08,12,6,2,D#4,63,ɛ,Godin band midpoint,0.455,open,F4,-1.5,not assessed,not assessed,not assessed,none,not assessed,short,step,-2,no,0,middle,no,not assessed,not assessed,
Kabalevsky T08,12,6,2.5,C#4,61,ʌ,Godin band midpoint,0.455,open,F4,-3.5,not assessed,not assessed,not assessed,none,not assessed,short,step,-2,no,0,middle,no,not assessed,not assessed,
Kabalevsky T08,12,6,3,F4,65,i,Godin band midpoint,1.364,close,G3,10,not assessed,not assessed,not assessed,none,not assessed,short,leap-up,4,no,0,middle,no,not assessed,not assessed,
Kabalevsky T08,12,6,4.5,C4,60,ɨ,not assessed,0.455,not assessed,not assessed,not assessed,not assessed,not assessed,not assessed,not assessed,not assessed,short,leap-down,-5,no,0,middle,no,not assessed,not assessed,
Kabalevsky T08,12,7,1,F4,65,ɛ,Godin band midpoint,1.818,close,F4,0.5,not assessed,not assessed,not assessed,none,not assessed,short,leap-up,5,no,0,middle,no,not assessed,not assessed,
Kabalevsky T08,12,7,3,F4,65,ɛ,Godin band midpoint,0.455,close,F4,0.5,not assessed,not assessed,not assessed,none,not assessed,short,tie,0,no,0,middle,no,not assessed,not assessed,
Kabalevsky T08,12,7,3.5,A#3,58,ɑ,Godin band midpoint,0.455,open,F4,-6.5,not assessed,not assessed,not assessed,none,not assessed,short,leap-down,-7,no,0,middle,no,not assessed,not assessed,
Kabalevsky T08,12,7,4,C#4,61,ʌ,Godin band midpoint,0.455,open,F4,-3.5,not assessed,not assessed,not assessed,none,not assessed,short,leap-up,3,no,0,middle,no,not assessed,not assessed,
Kabalevsky T08,12,7,4.5,F4,65,i,Godin band midpoint,0.455,close,G3,10,not assessed,not assessed,not assessed,none,not assessed,short,leap-up,4,no,0,middle,no,not assessed,not assessed,
Kabalevsky T08,12,8,1,G4,67,ɑ,Godin band midpoint,1.364,close,F4,2.5,not assessed,not assessed,not assessed,none,not assessed,short,step,2,no,0,middle,no,not assessed,not assessed,
Kabalevsky T08,12,8,2.5,F4,65,ɑ,Godin band midpoint,0.455,close,F4,0.5,not assessed,not assessed,not assessed,none,not assessed,short,step,-2,no,0,middle,no,not assessed,not assessed,
Kabalevsky T08,12,8,3,D#4,63,i,Godin band midpoint,0.455,close,G3,8,not assessed,not assessed,not assessed,none,not assessed,short,step,-2,no,0,middle,no,not assessed,not assessed,
Kabalevsky T08,12,8,3.5,F4,65,ɨ,not assessed,0.455,not assessed,not assessed,not assessed,not assessed,not assessed,not assessed,not assessed,not assessed,short,step,2,no,0,middle,no,not assessed,not assessed,
Kabalevsky T08,12,8,4,G4,67,i,Godin band midpoint,0.455,crossing,G3,12,not assessed,not assessed,not assessed,none,not assessed,short,step,2,no,0,middle,no,not assessed,not assessed,
Kabalevsky T08,12,8,4.5,A#4,70,ɪ,Godin band midpoint,0.455,above,A#3,12.5,not assessed,not assessed,not assessed,none,not assessed,short,leap-up,3,no,0,middle,yes,not assessed,not assessed,
Kabalevsky T08,12,9,1,G#4,68,e,Godin band midpoint,1.818,close,A#3,10.5,not assessed,not assessed,not assessed,none,not assessed,short,step,-2,no,0,middle,no,not assessed,not assessed,
Kabalevsky T08,12,9,3,G#4,68,e,Godin band midpoint,0.455,close,A#3,10.5,not assessed,not assessed,not assessed,none,not assessed,short,tie,0,no,0,last,no,not assessed,not assessed,
Kabalevsky T08,12,9,4.5,G#4,68,i,Godin band midpoint,0.455,above,G3,13,not assessed,not assessed,not assessed,none,not assessed,short,repeated,0,yes,1,first,no,not assessed,not assessed,
Kabalevsky T08,12,10,1,G#4,68,ɛ,Godin band midpoint,0.455,close,F4,3.5,not assessed,not assessed,not assessed,none,not assessed,short,repeated,0,no,1,middle,no,not assessed,not assessed,
Kabalevsky T08,12,10,1.5,F4,65,i,Godin band midpoint,0.455,close,G3,10,not assessed,not assessed,not assessed,none,not assessed,short,leap-down,-3,no,1,middle,no,not assessed,not assessed,
Kabalevsky T08,12,10,2,F4,65,i,Godin band midpoint,0.455,close,G3,10,not assessed,not assessed,not assessed,none,not assessed,short,repeated,0,no,1,middle,no,not assessed,not assessed,
Kabalevsky T08,12,10,2.5,G#4,68,i,Godin band midpoint,0.455,above,G3,13,not assessed,not assessed,not assessed,none,not assessed,short,leap-up,3,no,1,middle,no,not assessed,not assessed,
Kabalevsky T08,12,10,3,C#5,73,o,Godin band midpoint,0.455,above,A#3,15.5,not assessed,not assessed,not assessed,none,not assessed,short,leap-up,5,no,1,middle,yes,not assessed,not assessed,
Kabalevsky T08,12,10,3.5,C5,72,ɨ,not assessed,0.455,not assessed,not assessed,not assessed,not assessed,not assessed,not assessed,not assessed,not assessed,short,step,-1,no,1,middle,no,not assessed,not assessed,
Kabalevsky T08,12,10,4,C5,72,o,Godin band midpoint,0.455,above,A#3,14.5,not assessed,not assessed,not assessed,none,not assessed,short,repeated,0,no,1,middle,no,not assessed,not assessed,
Kabalevsky T08,12,10,4.5,C#5,73,ɑ,Godin band midpoint,0.455,close,F4,8.5,not assessed,not assessed,not assessed,none,not assessed,short,step,1,no,1,middle,yes,not assessed,not assessed,
Kabalevsky T08,12,11,1,A#4,70,ɛ,Godin band midpoint,1.818,close,F4,5.5,not assessed,not assessed,not assessed,none,not assessed,short,leap-down,-3,no,1,middle,no,not assessed,not assessed,
Kabalevsky T08,12,11,3,A#4,70,ɛ,Godin band midpoint,0.455,close,F4,5.5,not assessed,not assessed,not assessed,none,not assessed,short,tie,0,no,1,middle,no,not assessed,not assessed,
Kabalevsky T08,12,11,3.5,F4,65,ɨ,not assessed,0.455,not assessed,not assessed,not assessed,not assessed,not assessed,not assessed,not assessed,not assessed,short,leap-down,-5,no,1,middle,no,not assessed,not assessed,
Kabalevsky T08,12,11,4,F4,65,ʌ,Godin band midpoint,0.455,close,F4,0.5,not assessed,not assessed,not assessed,none,not assessed,short,repeated,0,no,1,middle,no,not assessed,not assessed,
Kabalevsky T08,12,11,4.5,F4,65,u,Godin band midpoint,0.455,close,G3,10,not assessed,not assessed,not assessed,none,not assessed,short,repeated,0,no,1,middle,no,not assessed,not assessed,
Kabalevsky T08,12,12,1,F#4,66,ɛ,Godin band midpoint,1.364,close,F4,1.5,not assessed,not assessed,not assessed,none,not assessed,short,step,1,no,1,middle,no,not assessed,not assessed,
Kabalevsky T08,12,12,2.5,F4,65,ɑ,Godin band midpoint,0.455,close,F4,0.5,not assessed,not assessed,not assessed,none,not assessed,short,step,-1,no,1,middle,no,not assessed,not assessed,
Kabalevsky T08,12,12,3,A#4,70,ɨ,not assessed,0.455,not assessed,not assessed,not assessed,not assessed,not assessed,not assessed,not assessed,not assessed,short,leap-up,5,no,1,middle,no,not assessed,not assessed,
Kabalevsky T08,12,12,3.5,F#4,66,ɨ,not assessed,0.455,not assessed,not assessed,not assessed,not assessed,not assessed,not assessed,not assessed,not assessed,short,leap-down,-4,no,1,middle,no,not assessed,not assessed,
Kabalevsky T08,12,12,4,F#4,66,ɪ,Godin band midpoint,0.455,close,A#3,8.5,not assessed,not assessed,not assessed,none,not assessed,short,repeated,0,no,1,middle,no,not assessed,not assessed,
Kabalevsky T08,12,12,4.5,D#4,63,ɑ,Godin band midpoint,0.455,open,F4,-1.5,not assessed,not assessed,not assessed,none,not assessed,short,leap-down,-3,no,1,middle,no,not assessed,not assessed,
Kabalevsky T08,12,13,1,F4,65,e,Godin band midpoint,1.818,close,A#3,7.5,not assessed,not assessed,not assessed,none,not assessed,short,step,2,no,1,middle,no,not assessed,not assessed,
Kabalevsky T08,12,13,3,F4,65,e,Godin band midpoint,0.455,close,A#3,7.5,not assessed,not assessed,not assessed,none,not assessed,short,tie,0,no,1,last,no,not assessed,not assessed,
Kabalevsky T08,12,13,3.5,F4,65,ɑ,Godin band midpoint,0.455,close,F4,0.5,not assessed,not assessed,not assessed,none,not assessed,short,repeated,0,no,2,first,no,not assessed,not assessed,
Kabalevsky T08,12,13,4,A4,69,ɪ,Godin band midpoint,0.455,close,A#3,11.5,not assessed,not assessed,not assessed,none,not assessed,short,leap-up,4,no,2,middle,no,not assessed,not assessed,
Kabalevsky T08,12,13,4.5,C5,72,ɑ,Godin band midpoint,0.455,close,F4,7.5,not assessed,not assessed,not assessed,none,not assessed,short,leap-up,3,no,2,middle,no,not assessed,not assessed,
Kabalevsky T08,12,14,1,A#4,70,u,Godin band midpoint,1.364,above,G3,15,not assessed,not assessed,not assessed,none,not assessed,short,step,-2,no,2,middle,no,not assessed,not assessed,
Kabalevsky T08,12,14,2.5,F#4,66,u,Godin band midpoint,0.455,close,G3,11,not assessed,not assessed,not assessed,none,not assessed,short,leap-down,-4,no,2,middle,no,not assessed,not assessed,
Kabalevsky T08,12,14,3,F4,65,ɑ,Godin band midpoint,0.455,close,F4,0.5,not assessed,not assessed,not assessed,none,not assessed,short,step,-1,no,2,middle,no,not assessed,not assessed,
Kabalevsky T08,12,14,3.5,F4,65,i,Godin band midpoint,0.455,close,G3,10,not assessed,not assessed,not assessed,none,not assessed,short,repeated,0,no,2,middle,no,not assessed,not assessed,
Kabalevsky T08,12,14,4,A4,69,ɛ,Godin band midpoint,0.455,close,F4,4.5,not assessed,not assessed,not assessed,none,not assessed,short,leap-up,4,no,2,middle,no,not assessed,not assessed,
Kabalevsky T08,12,14,4.5,C5,72,ɨ,not assessed,0.455,not assessed,not assessed,not assessed,not assessed,not assessed,not assessed,not assessed,not assessed,short,leap-up,3,no,2,middle,no,not assessed,not assessed,
Kabalevsky T08,12,15,1,A#4,70,ɛ,Godin band midpoint,1.818,close,F4,5.5,not assessed,not assessed,not assessed,none,not assessed,short,step,-2,no,2,middle,no,not assessed,not assessed,
Kabalevsky T08,12,15,3,A#4,70,ɛ,Godin band midpoint,0.455,close,F4,5.5,not assessed,not assessed,not assessed,none,not assessed,short,tie,0,no,2,middle,no,not assessed,not assessed,
Kabalevsky T08,12,15,3.5,A#4,70,ɑ,Godin band midpoint,0.455,close,F4,5.5,not assessed,not assessed,not assessed,none,not assessed,short,repeated,0,no,2,middle,no,not assessed,not assessed,
Kabalevsky T08,12,15,4,C5,72,e,Godin band midpoint,0.455,above,A#3,14.5,not assessed,not assessed,not assessed,none,not assessed,short,step,2,no,2,middle,no,not assessed,not assessed,
Kabalevsky T08,12,15,4.5,C#5,73,u,Godin band midpoint,0.455,above,G3,18,not assessed,not assessed,not assessed,none,not assessed,short,step,1,no,2,middle,yes,not assessed,not assessed,
Kabalevsky T08,12,16,1,C5,72,i,Godin band midpoint,1.364,above,G3,17,not assessed,not assessed,not assessed,none,not assessed,short,step,-1,no,2,middle,no,not assessed,not assessed,
Kabalevsky T08,12,16,2.5,G4,67,ɨ,not assessed,0.455,not assessed,not assessed,not assessed,not assessed,not assessed,not assessed,not assessed,not assessed,short,leap-down,-5,no,2,middle,no,not assessed,not assessed,
Kabalevsky T08,12,16,3,A#4,70,ɑ,Godin band midpoint,0.455,close,F4,5.5,not assessed,not assessed,not assessed,none,not assessed,short,leap-up,3,no,2,middle,no,not assessed,not assessed,
Kabalevsky T08,12,16,3.5,A#4,70,ɑ,Godin band midpoint,0.455,close,F4,5.5,not assessed,not assessed,not assessed,none,not assessed,short,repeated,0,no,2,middle,no,not assessed,not assessed,
Kabalevsky T08,12,16,4,C5,72,u,Godin band midpoint,0.455,above,G3,17,not assessed,not assessed,not assessed,none,not assessed,short,step,2,no,2,middle,no,not assessed,not assessed,
Kabalevsky T08,12,16,4.5,C#5,73,ɑ,Godin band midpoint,0.455,close,F4,8.5,not assessed,not assessed,not assessed,none,not assessed,short,step,1,no,2,middle,yes,not assessed,not assessed,
Kabalevsky T08,12,17,1,C5,72,e,Godin band midpoint,3.636,above,A#3,14.5,not assessed,not assessed,not assessed,none,not assessed,held,step,-1,no,2,middle,no,not assessed,not assessed,
Kabalevsky T08,12,18,1,C5,72,e,Godin band midpoint,0.455,above,A#3,14.5,not assessed,not assessed,not assessed,none,not assessed,held,tie,0,no,2,last,no,not assessed,not assessed,
Kabalevsky T08,12,18,3.5,D#4,63,ɑ,Godin band midpoint,0.455,open,F4,-1.5,not assessed,not assessed,not assessed,none,not assessed,short,leap-down,-9,yes,3,first,no,not assessed,not assessed,
Kabalevsky T08,12,18,4,D4,62,ɪ,Godin band midpoint,0.455,close,A#3,4.5,not assessed,not assessed,not assessed,none,not assessed,short,step,-1,no,3,middle,no,not assessed,not assessed,
Kabalevsky T08,12,18,4.5,F4,65,ɑ,Godin band midpoint,0.455,close,F4,0.5,not assessed,not assessed,not assessed,none,not assessed,short,leap-up,3,no,3,middle,no,not assessed,not assessed,
Kabalevsky T08,12,19,1,D#4,63,u,Godin band midpoint,1.364,close,G3,8,not assessed,not assessed,not assessed,none,not assessed,short,step,-2,no,3,middle,no,not assessed,not assessed,
Kabalevsky T08,12,19,2.5,C4,60,o,Godin band midpoint,0.455,close,A#3,2.5,not assessed,not assessed,not assessed,none,not assessed,short,leap-down,-3,no,3,middle,no,not assessed,not assessed,
Kabalevsky T08,12,19,3,G#4,68,ɛ,Godin band midpoint,0.455,close,F4,3.5,not assessed,not assessed,not assessed,none,not assessed,short,leap-up,8,no,3,middle,no,not assessed,not assessed,
Kabalevsky T08,12,19,3.5,G4,67,ʌ,Godin band midpoint,0.455,close,F4,2.5,not assessed,not assessed,not assessed,none,not assessed,short,step,-1,no,3,middle,no,not assessed,not assessed,
Kabalevsky T08,12,19,4,G4,67,e,Godin band midpoint,0.455,close,A#3,9.5,not assessed,not assessed,not assessed,none,not assessed,short,repeated,0,no,3,middle,no,not assessed,not assessed,
Kabalevsky T08,12,19,4.5,G#4,68,i,Godin band midpoint,0.455,above,G3,13,not assessed,not assessed,not assessed,none,not assessed,short,step,1,no,3,middle,no,not assessed,not assessed,
Kabalevsky T08,12,20,1,F4,65,o,Godin band midpoint,1.818,close,A#3,7.5,not assessed,not assessed,not assessed,none,not assessed,held,leap-down,-3,no,3,middle,no,not assessed,not assessed,
Kabalevsky T08,12,20,3,F4,65,o,Godin band midpoint,1.364,close,A#3,7.5,not assessed,not assessed,not assessed,none,not assessed,held,tie,0,no,3,middle,no,not assessed,not assessed,
Kabalevsky T08,12,20,4.5,F4,65,i,Godin band midpoint,0.455,close,G3,10,not assessed,not assessed,not assessed,none,not assessed,short,repeated,0,no,3,middle,no,not assessed,not assessed,
Kabalevsky T08,12,21,1,G4,67,ɑ,Godin band midpoint,0.455,close,F4,2.5,not assessed,not assessed,not assessed,none,not assessed,short,step,2,no,3,middle,no,not assessed,not assessed,
Kabalevsky T08,12,21,1.5,G#4,68,ʌ,Godin band midpoint,0.455,close,F4,3.5,not assessed,not assessed,not assessed,none,not assessed,short,step,1,no,3,middle,no,not assessed,not assessed,
Kabalevsky T08,12,21,2,G4,67,ʌ,Godin band midpoint,0.455,close,F4,2.5,not assessed,not assessed,not assessed,none,not assessed,short,step,-1,no,3,middle,no,not assessed,not assessed,
Kabalevsky T08,12,21,2.5,F4,65,i,Godin band midpoint,0.455,close,G3,10,not assessed,not assessed,not assessed,none,not assessed,short,step,-2,no,3,middle,no,not assessed,not assessed,
Kabalevsky T08,12,21,3,A#4,70,ɑ,Godin band midpoint,0.455,close,F4,5.5,not assessed,not assessed,not assessed,none,not assessed,short,leap-up,5,no,3,middle,yes,not assessed,not assessed,
Kabalevsky T08,12,21,3.5,G#4,68,ʌ,Godin band midpoint,0.455,close,F4,3.5,not assessed,not assessed,not assessed,none,not assessed,short,step,-2,no,3,middle,no,not assessed,not assessed,
Kabalevsky T08,12,21,4,G4,67,o,Godin band midpoint,0.455,close,A#3,9.5,not assessed,not assessed,not assessed,none,not assessed,short,step,-1,no,3,middle,no,not assessed,not assessed,
Kabalevsky T08,12,21,4.5,F4,65,i,Godin band midpoint,0.455,close,G3,10,not assessed,not assessed,not assessed,none,not assessed,short,step,-2,no,3,middle,no,not assessed,not assessed,
Kabalevsky T08,12,22,1,G4,67,o,Godin band midpoint,1.818,close,A#3,9.5,not assessed,not assessed,not assessed,none,not assessed,short,step,2,no,3,middle,no,not assessed,not assessed,
Kabalevsky T08,12,22,3,G4,67,o,Godin band midpoint,0.455,close,A#3,9.5,not assessed,not assessed,not assessed,none,not assessed,short,tie,0,no,3,middle,no,not assessed,not assessed,
Kabalevsky T08,12,22,3.5,D#4,63,u,Godin band midpoint,0.455,close,G3,8,not assessed,not assessed,not assessed,none,not assessed,short,leap-down,-4,no,3,middle,no,not assessed,not assessed,
Kabalevsky T08,12,22,4,G4,67,ɑ,Godin band midpoint,0.455,close,F4,2.5,not assessed,not assessed,not assessed,none,not assessed,short,leap-up,4,no,3,middle,no,not assessed,not assessed,
Kabalevsky T08,12,22,4.5,A#4,70,ɑ,Godin band midpoint,0.455,close,F4,5.5,not assessed,not assessed,not assessed,none,not assessed,short,leap-up,3,no,3,middle,yes,not assessed,not assessed,
Kabalevsky T08,12,23,1,G#4,68,u,Godin band midpoint,1.364,above,G3,13,not assessed,not assessed,not assessed,none,not assessed,short,step,-2,no,3,middle,no,not assessed,not assessed,
Kabalevsky T08,12,23,2.5,F4,65,ɑ,Godin band midpoint,0.455,close,F4,0.5,not assessed,not assessed,not assessed,none,not assessed,short,leap-down,-3,no,3,middle,no,not assessed,not assessed,
Kabalevsky T08,12,23,3,D#4,63,i,Godin band midpoint,0.455,close,G3,8,not assessed,not assessed,not assessed,none,not assessed,short,step,-2,no,3,middle,no,not assessed,not assessed,
Kabalevsky T08,12,23,3.5,C#4,61,i,Godin band midpoint,0.455,close,G3,6,not assessed,not assessed,not assessed,none,not assessed,short,step,-2,no,3,middle,no,not assessed,not assessed,
Kabalevsky T08,12,23,4,F4,65,o,Godin band midpoint,0.455,close,A#3,7.5,not assessed,not assessed,not assessed,none,not assessed,short,leap-up,4,no,3,middle,no,not assessed,not assessed,
Kabalevsky T08,12,23,4.5,C4,60,ɨ,not assessed,0.455,not assessed,not assessed,not assessed,not assessed,not assessed,not assessed,not assessed,not assessed,short,leap-down,-5,no,3,middle,no,not assessed,not assessed,
Kabalevsky T08,12,24,1,F4,65,o,Godin band midpoint,1.818,close,A#3,7.5,not assessed,not assessed,not assessed,none,not assessed,short,leap-up,5,no,3,middle,no,not assessed,not assessed,
Kabalevsky T08,12,24,3,F4,65,o,Godin band midpoint,0.455,close,A#3,7.5,not assessed,not assessed,not assessed,none,not assessed,short,tie,0,no,3,middle,no,not assessed,not assessed,
Kabalevsky T08,12,24,3.5,A#3,58,ɑ,Godin band midpoint,0.455,open,F4,-6.5,not assessed,not assessed,not assessed,none,not assessed,short,leap-down,-7,no,3,middle,no,not assessed,not assessed,
Kabalevsky T08,12,24,4,C#4,61,o,Godin band midpoint,0.455,close,A#3,3.5,not assessed,not assessed,not assessed,none,not assessed,short,leap-up,3,no,3,middle,no,not assessed,not assessed,
Kabalevsky T08,12,24,4.5,F4,65,ɨ,not assessed,0.455,not assessed,not assessed,not assessed,not assessed,not assessed,not assessed,not assessed,not assessed,short,leap-up,4,no,3,middle,no,not assessed,not assessed,
Kabalevsky T08,12,25,1,G4,67,ɑ,Godin band midpoint,0.455,close,F4,2.5,not assessed,not assessed,not assessed,none,not assessed,short,step,2,no,3,middle,no,not assessed,not assessed,
Kabalevsky T08,12,25,1.5,F4,65,ɪ,Godin band midpoint,0.455,close,A#3,7.5,not assessed,not assessed,not assessed,none,not assessed,short,step,-2,no,3,middle,no,not assessed,not assessed,
Kabalevsky T08,12,25,2,D#4,63,i,Godin band midpoint,0.455,close,G3,8,not assessed,not assessed,not assessed,none,not assessed,short,step,-2,no,3,middle,no,not assessed,not assessed,
Kabalevsky T08,12,25,2.5,F4,65,ɑ,Godin band midpoint,0.455,close,F4,0.5,not assessed,not assessed,not assessed,none,not assessed,short,step,2,no,3,middle,no,not assessed,not assessed,
Kabalevsky T08,12,25,3,G4,67,ɑ,Godin band midpoint,1.364,close,F4,2.5,not assessed,not assessed,not assessed,none,not assessed,short,step,2,no,3,middle,no,not assessed,not assessed,
Kabalevsky T08,12,25,4.5,A#4,70,u,Godin band midpoint,0.455,above,G3,15,not assessed,not assessed,not assessed,none,not assessed,short,leap-up,3,no,3,middle,yes,not assessed,not assessed,
Kabalevsky T08,12,26,1,D#4,63,o,Godin band midpoint,1.818,close,A#3,5.5,not assessed,not assessed,not assessed,none,not assessed,short,leap-down,-7,no,3,middle,no,not assessed,not assessed,
Kabalevsky T08,12,26,3,D#4,63,o,Godin band midpoint,0.455,close,A#3,5.5,not assessed,not assessed,not assessed,none,not assessed,short,tie,0,no,3,last,no,not assessed,not assessed,
Kabalevsky T08,12,26,3.5,D#4,63,ɑ,Godin band midpoint,0.455,open,F4,-1.5,not assessed,not assessed,not assessed,none,not assessed,short,repeated,0,no,4,first,no,not assessed,not assessed,
Kabalevsky T08,12,26,4,D#4,63,ɪ,Godin band midpoint,0.455,close,A#3,5.5,not assessed,not assessed,not assessed,none,not assessed,short,repeated,0,no,4,middle,no,not assessed,not assessed,
Kabalevsky T08,12,26,4.5,D#4,63,ɑ,Godin band midpoint,0.455,open,F4,-1.5,not assessed,not assessed,not assessed,none,not assessed,short,repeated,0,no,4,middle,no,not assessed,not assessed,
Kabalevsky T08,12,27,1,D#4,63,u,Godin band midpoint,1.818,close,G3,8,not assessed,not assessed,not assessed,none,not assessed,short,repeated,0,no,4,middle,no,not assessed,not assessed,
Kabalevsky T08,12,27,3,D#4,63,u,Godin band midpoint,0.455,close,G3,8,not assessed,not assessed,not assessed,none,not assessed,short,tie,0,no,4,middle,no,not assessed,not assessed,
Kabalevsky T08,12,27,3.5,D#4,63,o,Godin band midpoint,0.455,close,A#3,5.5,not assessed,not assessed,not assessed,none,not assessed,short,repeated,0,no,4,middle,no,not assessed,not assessed,
Kabalevsky T08,12,27,4,D#4,63,ɨ,not assessed,0.455,not assessed,not assessed,not assessed,not assessed,not assessed,not assessed,not assessed,not assessed,short,repeated,0,no,4,middle,no,not assessed,not assessed,
Kabalevsky T08,12,27,4.5,D#4,63,ɑ,Godin band midpoint,0.455,open,F4,-1.5,not assessed,not assessed,not assessed,none,not assessed,short,repeated,0,no,4,middle,no,not assessed,not assessed,
Kabalevsky T08,12,28,1,D#4,63,e,Godin band midpoint,1.364,close,A#3,5.5,not assessed,not assessed,not assessed,none,not assessed,short,repeated,0,no,4,middle,no,not assessed,not assessed,
Kabalevsky T08,12,28,2.5,D4,62,ɑ,Godin band midpoint,0.455,open,F4,-2.5,not assessed,not assessed,not assessed,none,not assessed,short,step,-1,no,4,middle,no,not assessed,not assessed,
Kabalevsky T08,12,28,3,D#4,63,o,Godin band midpoint,1.818,close,A#3,5.5,not assessed,not assessed,not assessed,none,not assessed,short,step,1,no,4,middle,no,not assessed,not assessed,
Kabalevsky T08,12,29,1,F#4,66,ɨ,not assessed,0.909,not assessed,not assessed,not assessed,not assessed,not assessed,not assessed,not assessed,not assessed,short,leap-up,3,no,4,middle,no,not assessed,not assessed,
Kabalevsky T08,12,29,2,F4,65,ɪ,Godin band midpoint,0.455,close,A#3,7.5,not assessed,not assessed,not assessed,none,not assessed,short,step,-1,no,4,middle,no,not assessed,not assessed,
Kabalevsky T08,12,29,2.5,D#4,63,ɑ,Godin band midpoint,0.455,open,F4,-1.5,not assessed,not assessed,not assessed,none,not assessed,short,step,-2,no,4,middle,no,not assessed,not assessed,
Kabalevsky T08,12,29,3,F4,65,ɑ,Godin band midpoint,0.455,close,F4,0.5,not assessed,not assessed,not assessed,none,not assessed,short,step,2,no,4,middle,no,not assessed,not assessed,
Kabalevsky T08,12,29,3.5,A#4,70,i,Godin band midpoint,0.455,above,G3,15,not assessed,not assessed,not assessed,none,not assessed,short,leap-up,5,no,4,middle,no,not assessed,not assessed,
Kabalevsky T08,12,29,4,C5,72,ɑ,Godin band midpoint,0.455,close,F4,7.5,not assessed,not assessed,not assessed,none,not assessed,short,step,2,no,4,middle,no,not assessed,not assessed,
Kabalevsky T08,12,29,4.5,C#5,73,ɑ,Godin band midpoint,0.455,close,F4,8.5,not assessed,not assessed,not assessed,none,not assessed,short,step,1,no,4,middle,yes,not assessed,not assessed,
Kabalevsky T08,12,30,1,C5,72,ɛ,Godin band midpoint,1.364,close,F4,7.5,not assessed,not assessed,not assessed,none,not assessed,short,step,-1,no,4,middle,no,not assessed,not assessed,
Kabalevsky T08,12,30,2.5,G4,67,u,Godin band midpoint,0.455,crossing,G3,12,not assessed,not assessed,not assessed,none,not assessed,short,leap-down,-5,no,4,middle,no,not assessed,not assessed,
Kabalevsky T08,12,30,3,G#4,68,o,Godin band midpoint,1.818,close,A#3,10.5,not assessed,not assessed,not assessed,none,not assessed,short,step,1,no,4,middle,no,not assessed,not assessed,
Kabalevsky T08,12,31,1,G#4,68,o,Godin band midpoint,0.455,close,A#3,10.5,not assessed,not assessed,not assessed,none,not assessed,short,tie,0,no,4,last,no,not assessed,not assessed,
Kabalevsky T09,12,4,4.5,A#4,70,u,Godin band midpoint,0.357,above,G3,15,not assessed,not assessed,not assessed,none,not assessed,short,first note,,,0,first,no,not assessed,not assessed,
Kabalevsky T09,12,5,1,B4,71,ɛ,Godin band midpoint,0.357,close,F4,6.5,not assessed,not assessed,not assessed,none,not assessed,short,step,1,no,0,middle,no,not assessed,not assessed,
Kabalevsky T09,12,5,1.5,A#4,70,i,Godin band midpoint,0.357,above,G3,15,not assessed,not assessed,not assessed,none,not assessed,short,step,-1,no,0,middle,no,not assessed,not assessed,
Kabalevsky T09,12,5,2,A#4,70,ɨ,not assessed,0.357,not assessed,not assessed,not assessed,not assessed,not assessed,not assessed,not assessed,not assessed,short,repeated,0,no,0,middle,no,not assessed,not assessed,
Kabalevsky T09,12,5,2.5,B4,71,ɑ,Godin band midpoint,0.357,close,F4,6.5,not assessed,not assessed,not assessed,none,not assessed,short,step,1,no,0,middle,no,not assessed,not assessed,
Kabalevsky T09,12,5,3,B4,71,u,Godin band midpoint,0.357,above,G3,16,not assessed,not assessed,not assessed,none,not assessed,short,repeated,0,no,0,middle,no,not assessed,not assessed,
Kabalevsky T09,12,5,3.5,G#4,68,i,Godin band midpoint,0.357,above,G3,13,not assessed,not assessed,not assessed,none,not assessed,short,leap-down,-3,no,0,middle,no,not assessed,not assessed,
Kabalevsky T09,12,5,4,A4,69,ɑ,Godin band midpoint,0.357,close,F4,4.5,not assessed,not assessed,not assessed,none,not assessed,short,step,1,no,0,middle,no,not assessed,not assessed,
Kabalevsky T09,12,5,4.5,A#4,70,i,Godin band midpoint,0.357,above,G3,15,not assessed,not assessed,not assessed,none,not assessed,short,step,1,no,0,middle,no,not assessed,not assessed,
Kabalevsky T09,12,6,1,C#5,73,e,Godin band midpoint,2.143,above,A#3,15.5,not assessed,not assessed,not assessed,none,not assessed,short,leap-up,3,no,0,last,yes,not assessed,not assessed,
Kabalevsky T09,12,6,4.5,A#4,70,i,Godin band midpoint,0.357,above,G3,15,not assessed,not assessed,not assessed,none,not assessed,short,leap-down,-3,yes,1,first,no,not assessed,not assessed,
Kabalevsky T09,12,7,1,C#5,73,e,Godin band midpoint,0.357,above,A#3,15.5,not assessed,not assessed,not assessed,none,not assessed,short,leap-up,3,no,1,middle,yes,not assessed,not assessed,
Kabalevsky T09,12,7,1.5,B4,71,ɑ,Godin band midpoint,0.357,close,F4,6.5,not assessed,not assessed,not assessed,none,not assessed,short,step,-2,no,1,middle,no,not assessed,not assessed,
Kabalevsky T09,12,7,2,A#4,70,ɑ,Godin band midpoint,0.357,close,F4,5.5,not assessed,not assessed,not assessed,none,not assessed,short,step,-1,no,1,middle,no,not assessed,not assessed,
Kabalevsky T09,12,7,2.5,B4,71,e,Godin band midpoint,0.357,above,A#3,13.5,not assessed,not assessed,not assessed,none,not assessed,short,step,1,no,1,middle,no,not assessed,not assessed,
Kabalevsky T09,12,7,3,A#4,70,i,Godin band midpoint,0.357,above,G3,15,not assessed,not assessed,not assessed,none,not assessed,short,step,-1,no,1,middle,no,not assessed,not assessed,
Kabalevsky T09,12,7,3.5,F#4,66,ɑ,Godin band midpoint,0.357,close,F4,1.5,not assessed,not assessed,not assessed,none,not assessed,short,leap-down,-4,no,1,middle,no,not assessed,not assessed,
Kabalevsky T09,12,7,4,F#4,66,o,Godin band midpoint,0.357,close,A#3,8.5,not assessed,not assessed,not assessed,none,not assessed,short,repeated,0,no,1,middle,no,not assessed,not assessed,
Kabalevsky T09,12,7,4.5,G#4,68,ɑ,Godin band midpoint,0.357,close,F4,3.5,not assessed,not assessed,not assessed,none,not assessed,short,step,2,no,1,middle,no,not assessed,not assessed,
Kabalevsky T09,12,8,1,E4,64,o,Godin band midpoint,1.071,close,A#3,6.5,not assessed,not assessed,not assessed,none,not assessed,short,leap-down,-4,no,1,middle,no,not assessed,not assessed,
Kabalevsky T09,12,8,2.5,D#4,63,ɪ,Godin band midpoint,0.357,close,A#3,5.5,not assessed,not assessed,not assessed,none,not assessed,short,step,-1,no,1,last,no,not assessed,not assessed,
Kabalevsky T09,12,9,1,B4,71,u,Godin band midpoint,0.714,above,G3,16,not assessed,not assessed,not assessed,none,not assessed,short,leap-up,8,yes,2,first,no,not assessed,not assessed,
Kabalevsky T09,12,9,2,A#4,70,ɑ,Godin band midpoint,0.357,close,F4,5.5,not assessed,not assessed,not assessed,none,not assessed,short,step,-1,no,2,middle,no,not assessed,not assessed,
Kabalevsky T09,12,9,2.5,B4,71,o,Godin band midpoint,0.357,above,A#3,13.5,not assessed,not assessed,not assessed,none,not assessed,short,step,1,no,2,middle,no,not assessed,not assessed,
Kabalevsky T09,12,9,3,B4,71,o,Godin band midpoint,0.357,above,A#3,13.5,not assessed,not assessed,not assessed,none,not assessed,short,repeated,0,no,2,middle,no,not assessed,not assessed,
Kabalevsky T09,12,9,3.5,G#4,68,ʌ,Godin band midpoint,0.357,close,F4,3.5,not assessed,not assessed,not assessed,none,not assessed,short,leap-down,-3,no,2,middle,no,not assessed,not assessed,
Kabalevsky T09,12,9,4,A4,69,i,Godin band midpoint,0.357,above,G3,14,not assessed,not assessed,not assessed,none,not assessed,short,step,1,no,2,middle,no,not assessed,not assessed,
Kabalevsky T09,12,9,4.5,A#4,70,ɑ,Godin band midpoint,0.357,close,F4,5.5,not assessed,not assessed,not assessed,none,not assessed,short,step,1,no,2,middle,no,not assessed,not assessed,
Kabalevsky T09,12,10,1,C#5,73,i,Godin band midpoint,1.071,above,G3,18,not assessed,not assessed,not assessed,none,not assessed,short,leap-up,3,no,2,middle,yes,not assessed,not assessed,
Kabalevsky T09,12,10,2.5,B4,71,ɑ,Godin band midpoint,0.357,close,F4,6.5,not assessed,not assessed,not assessed,none,not assessed,short,step,-2,no,2,middle,no,not assessed,not assessed,
Kabalevsky T09,12,10,3,A#4,70,e,Godin band midpoint,0.714,above,A#3,12.5,not assessed,not assessed,not assessed,none,not assessed,short,step,-1,no,2,last,no,not assessed,not assessed,
Kabalevsky T09,12,10,4.5,G#4,68,o,Godin band midpoint,0.357,close,A#3,10.5,not assessed,not assessed,not assessed,none,not assessed,short,step,-2,yes,3,first,no,not assessed,not assessed,
Kabalevsky T09,12,11,1,F#4,66,o,Godin band midpoint,0.357,close,A#3,8.5,not assessed,not assessed,not assessed,none,not assessed,short,step,-2,no,3,middle,no,not assessed,not assessed,
Kabalevsky T09,12,11,1.5,E4,64,ʌ,Godin band midpoint,0.357,open,F4,-0.5,not assessed,not assessed,not assessed,none,not assessed,short,step,-2,no,3,middle,no,not assessed,not assessed,
Kabalevsky T09,12,11,2,D#4,63,ɪ,Godin band midpoint,0.357,close,A#3,5.5,not assessed,not assessed,not assessed,none,not assessed,short,step,-1,no,3,middle,no,not assessed,not assessed,
Kabalevsky T09,12,11,2.5,D4,62,ɑ,Godin band midpoint,0.357,open,F4,-2.5,not assessed,not assessed,not assessed,none,not assessed,short,step,-1,no,3,middle,no,not assessed,not assessed,
Kabalevsky T09,12,11,3,D#4,63,e,Godin band midpoint,0.357,close,A#3,5.5,not assessed,not assessed,not assessed,none,not assessed,short,step,1,no,3,middle,no,not assessed,not assessed,
Kabalevsky T09,12,11,3.5,G4,67,i,Godin band midpoint,0.357,crossing,G3,12,not assessed,not assessed,not assessed,none,not assessed,short,leap-up,4,no,3,middle,no,not assessed,not assessed,
Kabalevsky T09,12,11,4,A#4,70,ɑ,Godin band midpoint,0.357,close,F4,5.5,not assessed,not assessed,not assessed,none,not assessed,short,leap-up,3,no,3,middle,yes,not assessed,not assessed,
Kabalevsky T09,12,11,4.5,C#4,61,i,Godin band midpoint,0.357,close,G3,6,not assessed,not assessed,not assessed,none,not assessed,short,leap-down,-9,no,3,middle,no,not assessed,not assessed,
Kabalevsky T09,12,12,1,B3,59,o,Godin band midpoint,1.071,close,A#3,1.5,not assessed,not assessed,not assessed,none,not assessed,short,step,-2,no,3,middle,no,not assessed,not assessed,
Kabalevsky T09,12,12,2.5,B3,59,ɑ,Godin band midpoint,0.357,open,F4,-5.5,not assessed,not assessed,not assessed,none,not assessed,short,repeated,0,no,3,last,no,not assessed,not assessed,
Kabalevsky T09,12,13,3.5,B3,59,i,Godin band midpoint,0.357,close,G3,4,not assessed,not assessed,not assessed,none,not assessed,short,repeated,0,yes,4,first,no,not assessed,not assessed,
Kabalevsky T09,12,13,4,B3,59,ɛ,Godin band midpoint,0.357,open,F4,-5.5,not assessed,not assessed,not assessed,none,not assessed,short,repeated,0,no,4,middle,no,not assessed,not assessed,
Kabalevsky T09,12,13,4.5,B3,59,i,Godin band midpoint,0.357,close,G3,4,not assessed,not assessed,not assessed,none,not assessed,short,repeated,0,no,4,middle,no,not assessed,not assessed,
Kabalevsky T09,12,14,1,G#4,68,o,Godin band midpoint,1.071,close,A#3,10.5,not assessed,not assessed,not assessed,none,not assessed,short,leap-up,9,no,4,middle,no,not assessed,not assessed,
Kabalevsky T09,12,14,2.5,G#4,68,ɑ,Godin band midpoint,0.357,close,F4,3.5,not assessed,not assessed,not assessed,none,not assessed,short,repeated,0,no,4,middle,no,not assessed,not assessed,
Kabalevsky T09,12,14,3,G#4,68,o,Godin band midpoint,0.357,close,A#3,10.5,not assessed,not assessed,not assessed,none,not assessed,short,repeated,0,no,4,middle,no,not assessed,not assessed,
Kabalevsky T09,12,14,3.5,F#4,66,ɛ,Godin band midpoint,0.357,close,F4,1.5,not assessed,not assessed,not assessed,none,not assessed,short,step,-2,no,4,middle,no,not assessed,not assessed,
Kabalevsky T09,12,14,4,E4,64,ɪ,Godin band midpoint,0.357,close,A#3,6.5,not assessed,not assessed,not assessed,none,not assessed,short,step,-2,no,4,middle,no,not assessed,not assessed,
Kabalevsky T09,12,14,4.5,D#4,63,ɑ,Godin band midpoint,0.357,open,F4,-1.5,not assessed,not assessed,not assessed,none,not assessed,short,step,-1,no,4,middle,no,not assessed,not assessed,
Kabalevsky T09,12,15,1,E4,64,o,Godin band midpoint,1.429,close,A#3,6.5,not assessed,not assessed,not assessed,none,not assessed,short,step,1,no,4,middle,no,not assessed,not assessed,
Kabalevsky T09,12,15,3,E4,64,o,Godin band midpoint,0.357,close,A#3,6.5,not assessed,not assessed,not assessed,none,not assessed,short,tie,0,no,4,middle,no,not assessed,not assessed,
Kabalevsky T09,12,15,3.5,C#4,61,ɪ,Godin band midpoint,0.357,close,A#3,3.5,not assessed,not assessed,not assessed,none,not assessed,short,leap-down,-3,no,4,middle,no,not assessed,not assessed,
Kabalevsky T09,12,15,4,C#4,61,ʌ,Godin band midpoint,0.357,open,F4,-3.5,not assessed,not assessed,not assessed,none,not assessed,short,repeated,0,no,4,middle,no,not assessed,not assessed,
Kabalevsky T09,12,15,4.5,C#4,61,ɑ,Godin band midpoint,0.357,open,F4,-3.5,not assessed,not assessed,not assessed,none,not assessed,short,repeated,0,no,4,middle,no,not assessed,not assessed,
Kabalevsky T09,12,16,1,C#5,73,i,Godin band midpoint,1.071,above,G3,18,not assessed,not assessed,not assessed,none,not assessed,short,leap-up,12,no,4,middle,no,not assessed,not assessed,
Kabalevsky T09,12,16,2.5,D5,74,u,Godin band midpoint,0.357,above,G3,19,not assessed,not assessed,not assessed,none,not assessed,short,step,1,no,4,middle,yes,not assessed,not assessed,
Kabalevsky T09,12,16,3,C#5,73,ɑ,Godin band midpoint,0.357,close,F4,8.5,not assessed,not assessed,not assessed,none,not assessed,short,step,-1,no,4,middle,no,not assessed,not assessed,
Kabalevsky T09,12,16,3.5,G#4,68,ɑ,Godin band midpoint,0.357,close,F4,3.5,not assessed,not assessed,not assessed,none,not assessed,short,leap-down,-5,no,4,middle,no,not assessed,not assessed,
Kabalevsky T09,12,16,4,A4,69,i,Godin band midpoint,0.357,above,G3,14,not assessed,not assessed,not assessed,none,not assessed,short,step,1,no,4,middle,no,not assessed,not assessed,
Kabalevsky T09,12,16,4.5,G#4,68,ɑ,Godin band midpoint,0.357,close,F4,3.5,not assessed,not assessed,not assessed,none,not assessed,short,step,-1,no,4,middle,no,not assessed,not assessed,
Kabalevsky T09,12,17,1,A4,69,ɑ,Godin band midpoint,1.071,close,F4,4.5,not assessed,not assessed,not assessed,none,not assessed,short,step,1,no,4,middle,no,not assessed,not assessed,
Kabalevsky T09,12,17,2.5,F#4,66,ɨ,not assessed,0.357,not assessed,not assessed,not assessed,not assessed,not assessed,not assessed,not assessed,not assessed,short,leap-down,-3,no,4,last,no,not assessed,not assessed,
Kabalevsky T09,12,17,4.5,D#4,63,u,Godin band midpoint,0.357,close,G3,8,not assessed,not assessed,not assessed,none,not assessed,short,leap-down,-3,yes,5,first,no,not assessed,not assessed,
Kabalevsky T09,12,18,1,E4,64,u,Godin band midpoint,0.536,close,G3,9,not assessed,not assessed,not assessed,none,not assessed,short,step,1,no,5,middle,no,not assessed,not assessed,
Kabalevsky T09,12,18,1.75,D#4,63,ɑ,Godin band midpoint,0.179,open,F4,-1.5,not assessed,not assessed,not assessed,none,not assessed,short,step,-1,no,5,middle,no,not assessed,not assessed,
Kabalevsky T09,12,18,2,D#4,63,ɑ,Godin band midpoint,0.714,open,F4,-1.5,not assessed,not assessed,not assessed,none,not assessed,short,repeated,0,no,5,middle,no,not assessed,not assessed,
Kabalevsky T09,12,18,3,D#4,63,ɑ,Godin band midpoint,0.357,open,F4,-1.5,not assessed,not assessed,not assessed,none,not assessed,short,tie,0,no,5,middle,no,not assessed,not assessed,
Kabalevsky T09,12,18,3.5,D4,62,ɪ,Godin band midpoint,0.357,close,A#3,4.5,not assessed,not assessed,not assessed,none,not assessed,short,step,-1,no,5,middle,no,not assessed,not assessed,
Kabalevsky T09,12,18,4,D4,62,ʌ,Godin band midpoint,0.357,open,F4,-2.5,not assessed,not assessed,not assessed,none,not assessed,short,repeated,0,no,5,middle,no,not assessed,not assessed,
Kabalevsky T09,12,18,4.5,D#4,63,ɪ,Godin band midpoint,0.357,close,A#3,5.5,not assessed,not assessed,not assessed,none,not assessed,short,step,1,no,5,middle,no,not assessed,not assessed,
Kabalevsky T09,12,19,1,A4,69,ɨ,not assessed,1.071,not assessed,not assessed,not assessed,not assessed,not assessed,not assessed,not assessed,not assessed,short,leap-up,6,no,5,middle,no,not assessed,not assessed,
Kabalevsky T09,12,19,2.5,D#4,63,none resolved,not assessed,0.357,not assessed,not assessed,not assessed,not assessed,not assessed,not assessed,not assessed,not assessed,short,leap-down,-6,no,5,middle,no,not assessed,not assessed,
Kabalevsky T09,12,19,3,G#4,68,o,Godin band midpoint,1.071,close,A#3,10.5,not assessed,not assessed,not assessed,none,not assessed,short,leap-up,5,no,5,middle,no,not assessed,not assessed,
Kabalevsky T09,12,19,4.5,G#4,68,ɑ,Godin band midpoint,0.357,close,F4,3.5,not assessed,not assessed,not assessed,none,not assessed,short,repeated,0,no,5,middle,no,not assessed,not assessed,
Kabalevsky T09,12,20,1,C#5,73,i,Godin band midpoint,1.071,above,G3,18,not assessed,not assessed,not assessed,none,not assessed,short,leap-up,5,no,5,middle,yes,not assessed,not assessed,
Kabalevsky T09,12,20,2.5,A4,69,ɨ,not assessed,0.357,not assessed,not assessed,not assessed,not assessed,not assessed,not assessed,not assessed,not assessed,short,leap-down,-4,no,5,middle,no,not assessed,not assessed,
Kabalevsky T09,12,20,3,G#4,68,u,Godin band midpoint,0.714,above,G3,13,not assessed,not assessed,not assessed,none,not assessed,short,step,-1,no,5,middle,no,not assessed,not assessed,
Kabalevsky T09,12,20,4,E4,64,ʌ,Godin band midpoint,0.714,open,F4,-0.5,not assessed,not assessed,not assessed,none,not assessed,short,leap-down,-4,no,5,middle,no,not assessed,not assessed,
Kabalevsky T09,12,21,1,C#5,73,u,Godin band midpoint,0.357,above,G3,18,not assessed,not assessed,not assessed,none,not assessed,short,leap-up,9,no,5,middle,yes,not assessed,not assessed,
Kabalevsky T09,12,21,1.5,A4,69,ʌ,Godin band midpoint,0.357,close,F4,4.5,not assessed,not assessed,not assessed,none,not assessed,short,leap-down,-4,no,5,middle,no,not assessed,not assessed,
Kabalevsky T09,12,21,2,G#4,68,ɪ,Godin band midpoint,0.357,close,A#3,10.5,not assessed,not assessed,not assessed,none,not assessed,short,step,-1,no,5,middle,no,not assessed,not assessed,
Kabalevsky T09,12,21,2.5,A4,69,ɑ,Godin band midpoint,0.357,close,F4,4.5,not assessed,not assessed,not assessed,none,not assessed,short,step,1,no,5,middle,no,not assessed,not assessed,
Kabalevsky T09,12,21,3,G#4,68,ɑ,Godin band midpoint,1.071,close,F4,3.5,not assessed,not assessed,not assessed,none,not assessed,short,step,-1,no,5,middle,no,not assessed,not assessed,
Kabalevsky T09,12,21,4.5,G#4,68,ɨ,not assessed,0.357,not assessed,not assessed,not assessed,not assessed,not assessed,not assessed,not assessed,not assessed,short,repeated,0,no,5,last,no,not assessed,not assessed,
Kabalevsky T09,12,24,4.5,A#4,70,ɑ,Godin band midpoint,0.357,close,F4,5.5,not assessed,not assessed,not assessed,none,not assessed,short,step,2,yes,6,first,no,not assessed,not assessed,
Kabalevsky T09,12,25,1,B4,71,ɑ,Godin band midpoint,1.071,close,F4,6.5,not assessed,not assessed,not assessed,none,not assessed,short,step,1,no,6,middle,no,not assessed,not assessed,
Kabalevsky T09,12,25,2.5,B4,71,i,Godin band midpoint,0.357,above,G3,16,not assessed,not assessed,not assessed,none,not assessed,short,repeated,0,no,6,middle,no,not assessed,not assessed,
Kabalevsky T09,12,25,3,B4,71,ɑ,Godin band midpoint,0.357,close,F4,6.5,not assessed,not assessed,not assessed,none,not assessed,short,repeated,0,no,6,middle,no,not assessed,not assessed,
Kabalevsky T09,12,25,3.5,G#4,68,o,Godin band midpoint,0.357,close,A#3,10.5,not assessed,not assessed,not assessed,none,not assessed,short,leap-down,-3,no,6,middle,no,not assessed,not assessed,
Kabalevsky T09,12,25,4,A4,69,ɪ,Godin band midpoint,0.357,close,A#3,11.5,not assessed,not assessed,not assessed,none,not assessed,short,step,1,no,6,middle,no,not assessed,not assessed,
Kabalevsky T09,12,25,4.5,A#4,70,ɑ,Godin band midpoint,0.357,close,F4,5.5,not assessed,not assessed,not assessed,none,not assessed,short,step,1,no,6,middle,no,not assessed,not assessed,
Kabalevsky T09,12,26,1,C#5,73,e,Godin band midpoint,1.071,above,A#3,15.5,not assessed,not assessed,not assessed,none,not assessed,short,leap-up,3,no,6,middle,yes,not assessed,not assessed,
Kabalevsky T09,12,26,2.5,B4,71,i,Godin band midpoint,0.357,above,G3,16,not assessed,not assessed,not assessed,none,not assessed,short,step,-2,no,6,middle,no,not assessed,not assessed,
Kabalevsky T09,12,26,3,A#4,70,i,Godin band midpoint,0.714,above,G3,15,not assessed,not assessed,not assessed,none,not assessed,short,step,-1,no,6,last,no,not assessed,not assessed,
Kabalevsky T09,12,26,4.5,A#4,70,ɑ,Godin band midpoint,0.357,close,F4,5.5,not assessed,not assessed,not assessed,none,not assessed,short,repeated,0,yes,7,first,no,not assessed,not assessed,
Kabalevsky T09,12,27,1,C#5,73,ɑ,Godin band midpoint,0.357,close,F4,8.5,not assessed,not assessed,not assessed,none,not assessed,short,leap-up,3,no,7,middle,yes,not assessed,not assessed,
Kabalevsky T09,12,27,1.5,B4,71,ɑ,Godin band midpoint,0.357,close,F4,6.5,not assessed,not assessed,not assessed,none,not assessed,short,step,-2,no,7,middle,no,not assessed,not assessed,
Kabalevsky T09,12,27,2,A#4,70,ɛ,Godin band midpoint,0.357,close,F4,5.5,not assessed,not assessed,not assessed,none,not assessed,short,step,-1,no,7,middle,no,not assessed,not assessed,
Kabalevsky T09,12,27,2.5,B4,71,i,Godin band midpoint,0.357,above,G3,16,not assessed,not assessed,not assessed,none,not assessed,short,step,1,no,7,middle,no,not assessed,not assessed,
Kabalevsky T09,12,27,3,A#4,70,ɛ,Godin band midpoint,0.357,close,F4,5.5,not assessed,not assessed,not assessed,none,not assessed,short,step,-1,no,7,middle,no,not assessed,not assessed,
Kabalevsky T09,12,27,3.5,F#4,66,ɑ,Godin band midpoint,0.357,close,F4,1.5,not assessed,not assessed,not assessed,none,not assessed,short,leap-down,-4,no,7,middle,no,not assessed,not assessed,
Kabalevsky T09,12,27,4,F#4,66,ʌ,Godin band midpoint,0.357,close,F4,1.5,not assessed,not assessed,not assessed,none,not assessed,short,repeated,0,no,7,middle,no,not assessed,not assessed,
Kabalevsky T09,12,27,4.5,G#4,68,ɑ,Godin band midpoint,0.357,close,F4,3.5,not assessed,not assessed,not assessed,none,not assessed,short,step,2,no,7,middle,no,not assessed,not assessed,
Kabalevsky T09,12,28,1,E4,64,e,Godin band midpoint,1.071,close,A#3,6.5,not assessed,not assessed,not assessed,none,not assessed,short,leap-down,-4,no,7,middle,no,not assessed,not assessed,
Kabalevsky T09,12,28,2.5,D#4,63,u,Godin band midpoint,0.357,close,G3,8,not assessed,not assessed,not assessed,none,not assessed,short,step,-1,no,7,last,no,not assessed,not assessed,
Kabalevsky T09,12,28,4.5,D#4,63,ɑ,Godin band midpoint,0.357,open,F4,-1.5,not assessed,not assessed,not assessed,none,not assessed,short,repeated,0,yes,8,first,no,not assessed,not assessed,
Kabalevsky T09,12,29,1,E4,64,ɑ,Godin band midpoint,1.071,open,F4,-0.5,not assessed,not assessed,not assessed,none,not assessed,short,step,1,no,8,middle,no,not assessed,not assessed,
Kabalevsky T09,12,29,2.5,C#4,61,i,Godin band midpoint,0.357,close,G3,6,not assessed,not assessed,not assessed,none,not assessed,short,leap-down,-3,no,8,middle,no,not assessed,not assessed,
Kabalevsky T09,12,29,3,G#4,68,ɑ,Godin band midpoint,1.071,close,F4,3.5,not assessed,not assessed,not assessed,none,not assessed,short,leap-up,7,no,8,last,yes,not assessed,not assessed,
Kabalevsky T09,12,29,4.5,D#4,63,o,Godin band midpoint,0.357,close,A#3,5.5,not assessed,not assessed,not assessed,none,not assessed,short,leap-down,-5,no,9,first,no,not assessed,not assessed,
Kabalevsky T09,12,30,1,E4,64,ɑ,Godin band midpoint,0.357,open,F4,-0.5,not assessed,not assessed,not assessed,none,not assessed,short,step,1,no,9,middle,no,not assessed,not assessed,
Kabalevsky T09,12,30,1.25,C#4,61,u,Godin band midpoint,0.357,close,G3,6,not assessed,not assessed,not assessed,none,not assessed,short,leap-down,-3,no,9,middle,no,not assessed,not assessed,
Kabalevsky T09,12,30,1.5,E4,64,ɑ,Godin band midpoint,0.357,open,F4,-0.5,not assessed,not assessed,not assessed,none,not assessed,short,leap-up,3,no,9,middle,no,not assessed,not assessed,
Kabalevsky T09,12,30,1.75,G#4,68,ɑ,Godin band midpoint,0.357,close,F4,3.5,not assessed,not assessed,not assessed,none,not assessed,short,leap-up,4,no,9,middle,no,not assessed,not assessed,
Kabalevsky T09,12,30,2,A#4,70,i,Godin band midpoint,1.429,above,G3,15,not assessed,not assessed,not assessed,none,not assessed,short,step,2,no,9,middle,no,not assessed,not assessed,
Kabalevsky T09,12,30,3,A#4,70,i,Godin band midpoint,0.357,above,G3,15,not assessed,not assessed,not assessed,none,not assessed,short,tie,0,no,9,middle,no,not assessed,not assessed,
Kabalevsky T09,12,30,3.25,A#4,70,o,Godin band midpoint,0.357,above,A#3,12.5,not assessed,not assessed,not assessed,none,not assessed,short,repeated,0,no,9,middle,no,not assessed,not assessed,
Kabalevsky T09,12,30,3.5,A4,69,ɛ,Godin band midpoint,0.357,close,F4,4.5,not assessed,not assessed,not assessed,none,not assessed,short,step,-1,no,9,middle,no,not assessed,not assessed,
Kabalevsky T09,12,30,3.75,A#4,70,ʌ,Godin band midpoint,0.357,close,F4,5.5,not assessed,not assessed,not assessed,none,not assessed,short,step,1,no,9,middle,no,not assessed,not assessed,
Kabalevsky T09,12,31,1,C#5,73,ɑ,Godin band midpoint,1.071,close,F4,8.5,not assessed,not assessed,not assessed,none,not assessed,short,leap-up,3,no,9,middle,yes,not assessed,not assessed,
Kabalevsky T09,12,31,2.5,B4,71,ɛ,Godin band midpoint,0.357,close,F4,6.5,not assessed,not assessed,not assessed,none,not assessed,short,step,-2,no,9,middle,no,not assessed,not assessed,
Kabalevsky T09,12,31,3,A#4,70,ɛ,Godin band midpoint,0.357,close,F4,5.5,not assessed,not assessed,not assessed,none,not assessed,short,step,-1,no,9,middle,no,not assessed,not assessed,
Kabalevsky T09,12,31,3.5,B4,71,ɪ,Godin band midpoint,0.357,above,A#3,13.5,not assessed,not assessed,not assessed,none,not assessed,short,step,1,no,9,middle,no,not assessed,not assessed,
Kabalevsky T09,12,31,4,A#4,70,o,Godin band midpoint,0.357,above,A#3,12.5,not assessed,not assessed,not assessed,none,not assessed,short,step,-1,no,9,middle,no,not assessed,not assessed,
Kabalevsky T09,12,31,4.5,G#4,68,o,Godin band midpoint,0.357,close,A#3,10.5,not assessed,not assessed,not assessed,none,not assessed,short,step,-2,no,9,middle,no,not assessed,not assessed,
Kabalevsky T09,12,32,1,G4,67,e,Godin band midpoint,1.071,close,A#3,9.5,not assessed,not assessed,not assessed,none,not assessed,short,step,-1,no,9,middle,no,not assessed,not assessed,
Kabalevsky T09,12,32,2.5,D#4,63,ɛ,Godin band midpoint,0.357,open,F4,-1.5,not assessed,not assessed,not assessed,none,not assessed,short,leap-down,-4,no,9,last,no,not assessed,not assessed,
Kabalevsky T09,12,32,4.5,D#4,63,o,Godin band midpoint,0.357,close,A#3,5.5,not assessed,not assessed,not assessed,none,not assessed,short,repeated,0,yes,10,first,no,not assessed,not assessed,
Kabalevsky T09,12,33,1,E4,64,ɛ,Godin band midpoint,1.071,open,F4,-0.5,not assessed,not assessed,not assessed,none,not assessed,short,step,1,no,10,middle,no,not assessed,not assessed,
Kabalevsky T09,12,33,2.5,G#4,68,ɪ,Godin band midpoint,0.357,close,A#3,10.5,not assessed,not assessed,not assessed,none,not assessed,short,leap-up,4,no,10,middle,no,not assessed,not assessed,
Kabalevsky T09,12,33,3,G4,67,o,Godin band midpoint,1.071,close,A#3,9.5,not assessed,not assessed,not assessed,none,not assessed,short,step,-1,no,10,middle,no,not assessed,not assessed,
Kabalevsky T09,12,33,4.5,D#4,63,ɑ,Godin band midpoint,0.357,open,F4,-1.5,not assessed,not assessed,not assessed,none,not assessed,short,leap-down,-4,no,10,middle,no,not assessed,not assessed,
Kabalevsky T09,12,34,1,E4,64,e,Godin band midpoint,0.357,close,A#3,6.5,not assessed,not assessed,not assessed,none,not assessed,short,step,1,no,10,middle,no,not assessed,not assessed,
Kabalevsky T09,12,34,1.5,C#4,61,ɑ,Godin band midpoint,0.357,open,F4,-3.5,not assessed,not assessed,not assessed,none,not assessed,short,leap-down,-3,no,10,middle,no,not assessed,not assessed,
Kabalevsky T09,12,34,2,G#4,68,ɑ,Godin band midpoint,0.357,close,F4,3.5,not assessed,not assessed,not assessed,none,not assessed,short,leap-up,7,no,10,middle,no,not assessed,not assessed,
Kabalevsky T09,12,34,2.5,B4,71,ɪ,Godin band midpoint,0.357,above,A#3,13.5,not assessed,not assessed,not assessed,none,not assessed,short,leap-up,3,no,10,middle,no,not assessed,not assessed,
Kabalevsky T09,12,34,3,A#4,70,ɑ,Godin band midpoint,1.071,close,F4,5.5,not assessed,not assessed,not assessed,none,not assessed,short,step,-1,no,10,middle,no,not assessed,not assessed,
Kabalevsky T09,12,34,4.5,D#4,63,ɑ,Godin band midpoint,0.357,open,F4,-1.5,not assessed,not assessed,not assessed,none,not assessed,short,leap-down,-7,no,10,middle,no,not assessed,not assessed,
Kabalevsky T09,12,35,1,D#5,75,e,Godin band midpoint,1.071,above,A#3,17.5,not assessed,not assessed,not assessed,none,not assessed,short,leap-up,12,no,10,middle,yes,not assessed,not assessed,
Kabalevsky T09,12,35,2.5,D5,74,u,Godin band midpoint,0.357,above,G3,19,not assessed,not assessed,not assessed,none,not assessed,short,step,-1,no,10,middle,no,not assessed,not assessed,
Kabalevsky T09,12,35,3,C#5,73,i,Godin band midpoint,1.071,above,G3,18,not assessed,not assessed,not assessed,none,not assessed,short,step,-1,no,10,middle,no,not assessed,not assessed,
Kabalevsky T09,12,35,4.5,C5,72,i,Godin band midpoint,0.357,above,G3,17,not assessed,not assessed,not assessed,none,not assessed,short,step,-1,no,10,middle,no,not assessed,not assessed,
Kabalevsky T09,12,36,1,B4,71,ɨ,not assessed,0.357,not assessed,not assessed,not assessed,not assessed,not assessed,not assessed,not assessed,not assessed,short,step,-1,no,10,middle,no,not assessed,not assessed,
Kabalevsky T09,12,36,1.5,B4,71,none resolved,not assessed,0.357,not assessed,not assessed,not assessed,not assessed,not assessed,not assessed,not assessed,not assessed,short,repeated,0,no,10,middle,no,not assessed,not assessed,
Kabalevsky T09,12,36,2,B4,71,ʌ,Godin band midpoint,0.357,close,F4,6.5,not assessed,not assessed,not assessed,none,not assessed,short,repeated,0,no,10,middle,no,not assessed,not assessed,
Kabalevsky T09,12,36,2.5,A#4,70,ɪ,Godin band midpoint,0.357,above,A#3,12.5,not assessed,not assessed,not assessed,none,not assessed,short,step,-1,no,10,middle,no,not assessed,not assessed,
Kabalevsky T09,12,36,3,G#4,68,ɑ,Godin band midpoint,1.429,close,F4,3.5,not assessed,not assessed,not assessed,none,not assessed,short,step,-2,no,10,last,no,not assessed,not assessed,
Kabalevsky T10,12,3,3,C4,60,u,Godin band midpoint,0.357,close,G3,5,not assessed,not assessed,not assessed,none,not assessed,short,first note,,,0,first,no,not assessed,not assessed,
Kabalevsky T10,12,4,1,F4,65,ɨ,not assessed,0.714,not assessed,not assessed,not assessed,not assessed,not assessed,not assessed,not assessed,not assessed,short,leap-up,5,no,0,middle,no,not assessed,not assessed,
Kabalevsky T10,12,4,3,G4,67,o,Godin band midpoint,0.357,close,A#3,9.5,not assessed,not assessed,not assessed,none,not assessed,short,step,2,no,0,middle,no,not assessed,not assessed,
Kabalevsky T10,12,5,1,A4,69,i,Godin band midpoint,1.071,above,G3,14,not assessed,not assessed,not assessed,none,not assessed,short,step,2,no,0,middle,no,not assessed,not assessed,
Kabalevsky T10,12,6,1,A4,69,i,Godin band midpoint,0.714,above,G3,14,not assessed,not assessed,not assessed,none,not assessed,short,tie,0,no,0,middle,no,not assessed,not assessed,
Kabalevsky T10,12,6,3,A#4,70,ɪ,Godin band midpoint,0.357,above,A#3,12.5,not assessed,not assessed,not assessed,none,not assessed,short,step,1,no,0,middle,yes,not assessed,not assessed,
Kabalevsky T10,12,7,1,A4,69,e,Godin band midpoint,0.714,close,A#3,11.5,not assessed,not assessed,not assessed,none,not assessed,short,step,-1,no,0,middle,no,not assessed,not assessed,
Kabalevsky T10,12,7,3,G4,67,ɪ,Godin band midpoint,0.357,close,A#3,9.5,not assessed,not assessed,not assessed,none,not assessed,short,step,-2,no,0,middle,no,not assessed,not assessed,
Kabalevsky T10,12,8,1,F4,65,ʌ,Godin band midpoint,0.714,close,F4,0.5,not assessed,not assessed,not assessed,none,not assessed,short,step,-2,no,0,middle,no,not assessed,not assessed,
Kabalevsky T10,12,8,3,E4,64,i,Godin band midpoint,0.357,close,G3,9,not assessed,not assessed,not assessed,none,not assessed,short,step,-1,no,0,middle,no,not assessed,not assessed,
Kabalevsky T10,12,9,1,D4,62,o,Godin band midpoint,1.071,close,A#3,4.5,not assessed,not assessed,not assessed,none,not assessed,short,step,-2,no,0,middle,no,not assessed,not assessed,
Kabalevsky T10,12,10,1,D4,62,o,Godin band midpoint,0.357,close,A#3,4.5,not assessed,not assessed,not assessed,none,not assessed,short,tie,0,no,0,last,no,not assessed,not assessed,
Kabalevsky T10,12,10,2.5,D4,62,ʌ,Godin band midpoint,0.179,open,F4,-2.5,not assessed,not assessed,not assessed,none,not assessed,short,repeated,0,yes,1,first,no,not assessed,not assessed,
Kabalevsky T10,12,10,3,D4,62,ʌ,Godin band midpoint,0.179,open,F4,-2.5,not assessed,not assessed,not assessed,none,not assessed,short,repeated,0,no,1,middle,no,not assessed,not assessed,
Kabalevsky T10,12,10,3.5,D4,62,ɑ,Godin band midpoint,0.179,open,F4,-2.5,not assessed,not assessed,not assessed,none,not assessed,short,repeated,0,no,1,middle,no,not assessed,not assessed,
Kabalevsky T10,12,11,1,A#4,70,ɑ,Godin band midpoint,0.536,close,F4,5.5,not assessed,not assessed,not assessed,none,not assessed,short,leap-up,8,no,1,middle,yes,not assessed,not assessed,
Kabalevsky T10,12,11,2.5,A4,69,ɪ,Godin band midpoint,0.179,close,A#3,11.5,not assessed,not assessed,not assessed,none,not assessed,short,step,-1,no,1,middle,no,not assessed,not assessed,
Kabalevsky T10,12,11,3,G4,67,i,Godin band midpoint,0.179,crossing,G3,12,not assessed,not assessed,not assessed,none,not assessed,short,step,-2,no,1,middle,no,not assessed,not assessed,
Kabalevsky T10,12,11,3.5,F4,65,i,Godin band midpoint,0.179,close,G3,10,not assessed,not assessed,not assessed,none,not assessed,short,step,-2,no,1,middle,no,not assessed,not assessed,
Kabalevsky T10,12,12,1,E4,64,ɛ,Godin band midpoint,0.714,open,F4,-0.5,not assessed,not assessed,not assessed,none,not assessed,short,step,-1,no,1,middle,no,not assessed,not assessed,
Kabalevsky T10,12,12,3,D4,62,ɪ,Godin band midpoint,0.357,close,A#3,4.5,not assessed,not assessed,not assessed,none,not assessed,short,step,-2,no,1,middle,no,not assessed,not assessed,
Kabalevsky T10,12,13,1,E4,64,ɑ,Godin band midpoint,0.714,open,F4,-0.5,not assessed,not assessed,not assessed,none,not assessed,short,step,2,no,1,middle,no,not assessed,not assessed,
Kabalevsky T10,12,13,3,E4,64,ɨ,not assessed,0.357,not assessed,not assessed,not assessed,not assessed,not assessed,not assessed,not assessed,not assessed,short,repeated,0,no,1,last,no,not assessed,not assessed,
Kabalevsky T10,12,14,2.5,E4,64,ɪ,Godin band midpoint,0.179,close,A#3,6.5,not assessed,not assessed,not assessed,none,not assessed,short,repeated,0,yes,2,first,no,not assessed,not assessed,
Kabalevsky T10,12,14,3,E4,64,ʌ,Godin band midpoint,0.179,open,F4,-0.5,not assessed,not assessed,not assessed,none,not assessed,short,repeated,0,no,2,middle,no,not assessed,not assessed,
Kabalevsky T10,12,14,3.5,E4,64,i,Godin band midpoint,0.179,close,G3,9,not assessed,not assessed,not assessed,none,not assessed,short,repeated,0,no,2,middle,no,not assessed,not assessed,
Kabalevsky T10,12,15,1,A4,69,ɑ,Godin band midpoint,0.714,close,F4,4.5,not assessed,not assessed,not assessed,none,not assessed,short,leap-up,5,no,2,middle,no,not assessed,not assessed,
Kabalevsky T10,12,15,3,A4,69,i,Godin band midpoint,0.357,above,G3,14,not assessed,not assessed,not assessed,none,not assessed,short,repeated,0,no,2,middle,no,not assessed,not assessed,
Kabalevsky T10,12,16,1,D#4,63,ɛ,Godin band midpoint,0.714,open,F4,-1.5,not assessed,not assessed,not assessed,none,not assessed,short,leap-down,-6,no,2,middle,no,not assessed,not assessed,
Kabalevsky T10,12,16,3,D#4,63,o,Godin band midpoint,0.357,close,A#3,5.5,not assessed,not assessed,not assessed,none,not assessed,short,repeated,0,no,2,middle,no,not assessed,not assessed,
Kabalevsky T10,12,17,1,A4,69,ɨ,not assessed,0.714,not assessed,not assessed,not assessed,not assessed,not assessed,not assessed,not assessed,not assessed,short,leap-up,6,no,2,middle,no,not assessed,not assessed,
Kabalevsky T10,12,17,3,A4,69,i,Godin band midpoint,0.357,above,G3,14,not assessed,not assessed,not assessed,none,not assessed,short,repeated,0,no,2,middle,no,not assessed,not assessed,
Kabalevsky T10,12,18,1,D#4,63,o,Godin band midpoint,0.714,close,A#3,5.5,not assessed,not assessed,not assessed,none,not assessed,short,leap-down,-6,no,2,middle,no,not assessed,not assessed,
Kabalevsky T10,12,18,3,E4,64,i,Godin band midpoint,0.357,close,G3,9,not assessed,not assessed,not assessed,none,not assessed,short,step,1,no,2,middle,no,not assessed,not assessed,
Kabalevsky T10,12,19,1,B4,71,o,Godin band midpoint,0.714,above,A#3,13.5,not assessed,not assessed,not assessed,none,not assessed,short,leap-up,7,no,2,middle,yes,not assessed,not assessed,
Kabalevsky T10,12,19,3,A4,69,ʌ,Godin band midpoint,0.357,close,F4,4.5,not assessed,not assessed,not assessed,none,not assessed,short,step,-2,no,2,middle,no,not assessed,not assessed,
Kabalevsky T10,12,20,1,E4,64,o,Godin band midpoint,0.536,close,A#3,6.5,not assessed,not assessed,not assessed,none,not assessed,short,leap-down,-5,no,2,middle,no,not assessed,not assessed,
Kabalevsky T10,12,20,2.5,E4,64,ɨ,not assessed,0.179,not assessed,not assessed,not assessed,not assessed,not assessed,not assessed,not assessed,not assessed,short,repeated,0,no,2,middle,no,not assessed,not assessed,
Kabalevsky T10,12,20,3,E4,64,ʌ,Godin band midpoint,0.179,open,F4,-0.5,not assessed,not assessed,not assessed,none,not assessed,short,repeated,0,no,2,middle,no,not assessed,not assessed,
Kabalevsky T10,12,20,3.5,E4,64,ɪ,Godin band midpoint,0.179,close,A#3,6.5,not assessed,not assessed,not assessed,none,not assessed,short,repeated,0,no,2,middle,no,not assessed,not assessed,
Kabalevsky T10,12,21,1,B4,71,ɑ,Godin band midpoint,0.714,close,F4,6.5,not assessed,not assessed,not assessed,none,not assessed,short,leap-up,7,no,2,middle,yes,not assessed,not assessed,
Kabalevsky T10,12,21,3,A4,69,i,Godin band midpoint,0.357,above,G3,14,not assessed,not assessed,not assessed,none,not assessed,short,step,-2,no,2,middle,no,not assessed,not assessed,
Kabalevsky T10,12,22,1,E4,64,ɑ,Godin band midpoint,0.714,open,F4,-0.5,not assessed,not assessed,not assessed,none,not assessed,short,leap-down,-5,no,2,middle,no,not assessed,not assessed,
Kabalevsky T10,12,22,3,E4,64,ɨ,not assessed,0.357,not assessed,not assessed,not assessed,not assessed,not assessed,not assessed,not assessed,not assessed,short,repeated,0,no,2,last,no,not assessed,not assessed,
Kabalevsky T10,12,28,1,E4,64,ɑ,Godin band midpoint,0.357,open,F4,-0.5,not assessed,not assessed,not assessed,none,not assessed,short,repeated,0,yes,3,first,no,not assessed,not assessed,
Kabalevsky T10,12,28,2,A4,69,ʌ,Godin band midpoint,0.357,close,F4,4.5,not assessed,not assessed,not assessed,none,not assessed,short,leap-up,5,no,3,middle,no,not assessed,not assessed,
Kabalevsky T10,12,28,3,B4,71,ɑ,Godin band midpoint,0.357,close,F4,6.5,not assessed,not assessed,not assessed,none,not assessed,short,step,2,no,3,middle,no,not assessed,not assessed,
Kabalevsky T10,12,29,1,C#5,73,a,Godin band midpoint,1.071,close,G#4,5.5,not assessed,not assessed,not assessed,none,not assessed,short,step,2,no,3,middle,no,not assessed,not assessed,
Kabalevsky T10,12,30,1,C#5,73,a,Godin band midpoint,0.714,close,G#4,5.5,not assessed,not assessed,not assessed,none,not assessed,short,tie,0,no,3,middle,no,not assessed,not assessed,
Kabalevsky T10,12,30,3,D5,74,u,Godin band midpoint,0.357,above,G3,19,not assessed,not assessed,not assessed,none,not assessed,short,step,1,no,3,middle,yes,not assessed,not assessed,
Kabalevsky T10,12,31,1,C#5,73,ɛ,Godin band midpoint,0.714,close,F4,8.5,not assessed,not assessed,not assessed,none,not assessed,short,step,-1,no,3,middle,no,not assessed,not assessed,
Kabalevsky T10,12,31,3,B4,71,i,Godin band midpoint,0.357,above,G3,16,not assessed,not assessed,not assessed,none,not assessed,short,step,-2,no,3,middle,no,not assessed,not assessed,
Kabalevsky T10,12,32,1,A4,69,ɪ,Godin band midpoint,0.714,close,A#3,11.5,not assessed,not assessed,not assessed,none,not assessed,short,step,-2,no,3,middle,no,not assessed,not assessed,
Kabalevsky T10,12,32,3,G#4,68,ɑ,Godin band midpoint,0.357,close,F4,3.5,not assessed,not assessed,not assessed,none,not assessed,short,step,-1,no,3,middle,no,not assessed,not assessed,
Kabalevsky T10,12,33,1,F#4,66,a,Godin band midpoint,1.071,open,G#4,-1.5,not assessed,not assessed,not assessed,none,not assessed,short,step,-2,no,3,middle,no,not assessed,not assessed,
Kabalevsky T10,12,34,1,F#4,66,a,Godin band midpoint,0.536,open,G#4,-1.5,not assessed,not assessed,not assessed,none,not assessed,short,tie,0,no,3,middle,no,not assessed,not assessed,
Kabalevsky T10,12,34,2.5,F#4,66,ɑ,Godin band midpoint,0.179,close,F4,1.5,not assessed,not assessed,not assessed,none,not assessed,short,repeated,0,no,3,middle,no,not assessed,not assessed,
Kabalevsky T10,12,34,3,F#4,66,ɛ,Godin band midpoint,0.179,close,F4,1.5,not assessed,not assessed,not assessed,none,not assessed,short,repeated,0,no,3,middle,no,not assessed,not assessed,
Kabalevsky T10,12,34,3.5,F#4,66,ɪ,Godin band midpoint,0.179,close,A#3,8.5,not assessed,not assessed,not assessed,none,not assessed,short,repeated,0,no,3,middle,no,not assessed,not assessed,
Kabalevsky T10,12,35,1,D5,74,ɑ,Godin band midpoint,0.536,close,F4,9.5,not assessed,not assessed,not assessed,none,not assessed,short,leap-up,8,no,3,middle,yes,not assessed,not assessed,
Kabalevsky T10,12,35,2.5,C#5,73,ʌ,Godin band midpoint,0.179,close,F4,8.5,not assessed,not assessed,not assessed,none,not assessed,short,step,-1,no,3,middle,no,not assessed,not assessed,
Kabalevsky T10,12,35,3,B4,71,ʌ,Godin band midpoint,0.179,close,F4,6.5,not assessed,not assessed,not assessed,none,not assessed,short,step,-2,no,3,middle,no,not assessed,not assessed,
Kabalevsky T10,12,35,3.5,A4,69,ɪ,Godin band midpoint,0.179,close,A#3,11.5,not assessed,not assessed,not assessed,none,not assessed,short,step,-2,no,3,middle,no,not assessed,not assessed,
Kabalevsky T10,12,36,1,G#4,68,a,Godin band midpoint,0.714,close,G#4,0.5,not assessed,not assessed,not assessed,none,not assessed,short,step,-1,no,3,middle,no,not assessed,not assessed,
Kabalevsky T10,12,36,3,F#4,66,u,Godin band midpoint,0.357,close,G3,11,not assessed,not assessed,not assessed,none,not assessed,short,step,-2,no,3,middle,no,not assessed,not assessed,
Kabalevsky T10,12,37,1,G#4,68,o,Godin band midpoint,0.714,close,A#3,10.5,not assessed,not assessed,not assessed,none,not assessed,short,step,2,no,3,middle,no,not assessed,not assessed,
Kabalevsky T10,12,37,3,G#4,68,ɑ,Godin band midpoint,0.357,close,F4,3.5,not assessed,not assessed,not assessed,none,not assessed,short,repeated,0,no,3,last,no,not assessed,not assessed,
Kabalevsky T10,12,38,3,G#4,68,i,Godin band midpoint,0.357,above,G3,13,not assessed,not assessed,not assessed,none,not assessed,short,repeated,0,yes,4,first,no,not assessed,not assessed,
Kabalevsky T10,12,39,1,C#5,73,ɑ,Godin band midpoint,0.536,close,F4,8.5,not assessed,not assessed,not assessed,none,not assessed,short,leap-up,5,no,4,middle,yes,not assessed,not assessed,
Kabalevsky T10,12,39,2.5,C#5,73,ɨ,not assessed,0.179,not assessed,not assessed,not assessed,not assessed,not assessed,not assessed,not assessed,not assessed,short,repeated,0,no,4,middle,yes,not assessed,not assessed,
Kabalevsky T10,12,39,3,C#5,73,none resolved,not assessed,0.179,not assessed,not assessed,not assessed,not assessed,not assessed,not assessed,not assessed,not assessed,short,repeated,0,no,4,middle,yes,not assessed,not assessed,
Kabalevsky T10,12,39,3.5,C#5,73,ɑ,Godin band midpoint,0.179,close,F4,8.5,not assessed,not assessed,not assessed,none,not assessed,short,repeated,0,no,4,middle,yes,not assessed,not assessed,
Kabalevsky T10,12,40,1,G4,67,i,Godin band midpoint,0.536,crossing,G3,12,not assessed,not assessed,not assessed,none,not assessed,short,leap-down,-6,no,4,middle,no,not assessed,not assessed,
Kabalevsky T10,12,40,2.5,G4,67,i,Godin band midpoint,0.179,crossing,G3,12,not assessed,not assessed,not assessed,none,not assessed,short,repeated,0,no,4,middle,no,not assessed,not assessed,
Kabalevsky T10,12,40,3,G4,67,i,Godin band midpoint,0.179,crossing,G3,12,not assessed,not assessed,not assessed,none,not assessed,short,repeated,0,no,4,middle,no,not assessed,not assessed,
Kabalevsky T10,12,40,3.5,G4,67,ɑ,Godin band midpoint,0.179,close,F4,2.5,not assessed,not assessed,not assessed,none,not assessed,short,repeated,0,no,4,middle,no,not assessed,not assessed,
Kabalevsky T10,12,41,1,G#4,68,ɑ,Godin band midpoint,1.071,close,F4,3.5,not assessed,not assessed,not assessed,none,not assessed,short,step,1,no,4,middle,no,not assessed,not assessed,
Kabalevsky T10,12,42,1,G#4,68,ɑ,Godin band midpoint,0.536,close,F4,3.5,not assessed,not assessed,not assessed,none,not assessed,short,tie,0,no,4,middle,no,not assessed,not assessed,
Kabalevsky T10,12,42,2.5,G#4,68,i,Godin band midpoint,0.179,above,G3,13,not assessed,not assessed,not assessed,none,not assessed,short,repeated,0,no,4,middle,no,not assessed,not assessed,
Kabalevsky T10,12,42,3,G#4,68,ɑ,Godin band midpoint,0.179,close,F4,3.5,not assessed,not assessed,not assessed,none,not assessed,short,repeated,0,no,4,middle,no,not assessed,not assessed,
Kabalevsky T10,12,42,3.5,G#4,68,i,Godin band midpoint,0.179,above,G3,13,not assessed,not assessed,not assessed,none,not assessed,short,repeated,0,no,4,middle,no,not assessed,not assessed,
Kabalevsky T10,12,43,1,G4,67,ɑ,Godin band midpoint,0.714,close,F4,2.5,not assessed,not assessed,not assessed,none,not assessed,short,step,-1,no,4,middle,no,not assessed,not assessed,
Kabalevsky T10,12,43,3,G4,67,u,Godin band midpoint,0.357,crossing,G3,12,not assessed,not assessed,not assessed,none,not assessed,short,repeated,0,no,4,middle,no,not assessed,not assessed,
Kabalevsky T10,12,44,1,F#4,66,o,Godin band midpoint,0.536,close,A#3,8.5,not assessed,not assessed,not assessed,none,not assessed,short,step,-1,no,4,middle,no,not assessed,not assessed,
Kabalevsky T10,12,44,2.5,F#4,66,ɪ,Godin band midpoint,0.179,close,A#3,8.5,not assessed,not assessed,not assessed,none,not assessed,short,repeated,0,no,4,middle,no,not assessed,not assessed,
Kabalevsky T10,12,44,3,F#4,66,o,Godin band midpoint,0.179,close,A#3,8.5,not assessed,not assessed,not assessed,none,not assessed,short,repeated,0,no,4,middle,no,not assessed,not assessed,
Kabalevsky T10,12,44,3.5,F#4,66,ɨ,not assessed,0.179,not assessed,not assessed,not assessed,not assessed,not assessed,not assessed,not assessed,not assessed,short,repeated,0,no,4,middle,no,not assessed,not assessed,
Kabalevsky T10,12,45,1,F4,65,o,Godin band midpoint,0.714,close,A#3,7.5,not assessed,not assessed,not assessed,none,not assessed,short,step,-1,no,4,middle,no,not assessed,not assessed,
Kabalevsky T10,12,45,3,F4,65,ʌ,Godin band midpoint,0.357,close,F4,0.5,not assessed,not assessed,not assessed,none,not assessed,short,repeated,0,no,4,last,no,not assessed,not assessed,
Kabalevsky T10,12,46,3,F4,65,o,Godin band midpoint,0.357,close,A#3,7.5,not assessed,not assessed,not assessed,none,not assessed,short,repeated,0,yes,5,first,no,not assessed,not assessed,
Kabalevsky T10,12,47,1,G4,67,ɛ,Godin band midpoint,0.536,close,F4,2.5,not assessed,not assessed,not assessed,none,not assessed,short,step,2,no,5,middle,no,not assessed,not assessed,
Kabalevsky T10,12,47,2.5,G4,67,ʌ,Godin band midpoint,0.179,close,F4,2.5,not assessed,not assessed,not assessed,none,not assessed,short,repeated,0,no,5,middle,no,not assessed,not assessed,
Kabalevsky T10,12,47,3,F4,65,ʌ,Godin band midpoint,0.179,close,F4,0.5,not assessed,not assessed,not assessed,none,not assessed,short,step,-2,no,5,middle,no,not assessed,not assessed,
Kabalevsky T10,12,47,3.5,G4,67,ɑ,Godin band midpoint,0.179,close,F4,2.5,not assessed,not assessed,not assessed,none,not assessed,short,step,2,no,5,middle,no,not assessed,not assessed,
Kabalevsky T10,12,48,1,G#4,68,o,Godin band midpoint,0.714,close,A#3,10.5,not assessed,not assessed,not assessed,none,not assessed,short,step,1,no,5,middle,no,not assessed,not assessed,
Kabalevsky T10,12,48,3,F4,65,o,Godin band midpoint,0.357,close,A#3,7.5,not assessed,not assessed,not assessed,none,not assessed,short,leap-down,-3,no,5,middle,no,not assessed,not assessed,
Kabalevsky T10,12,49,1,G4,67,o,Godin band midpoint,0.714,close,A#3,9.5,not assessed,not assessed,not assessed,none,not assessed,short,step,2,no,5,middle,no,not assessed,not assessed,
Kabalevsky T10,12,49,3,A#4,70,i,Godin band midpoint,0.357,above,G3,15,not assessed,not assessed,not assessed,none,not assessed,short,leap-up,3,no,5,middle,no,not assessed,not assessed,
Kabalevsky T10,12,50,1,G#4,68,o,Godin band midpoint,0.536,close,A#3,10.5,not assessed,not assessed,not assessed,none,not assessed,short,step,-2,no,5,middle,no,not assessed,not assessed,
Kabalevsky T10,12,50,2.5,G#4,68,ɪ,Godin band midpoint,0.179,close,A#3,10.5,not assessed,not assessed,not assessed,none,not assessed,short,repeated,0,no,5,middle,no,not assessed,not assessed,
Kabalevsky T10,12,50,3,G#4,68,ɑ,Godin band midpoint,0.179,close,F4,3.5,not assessed,not assessed,not assessed,none,not assessed,short,repeated,0,no,5,middle,no,not assessed,not assessed,
Kabalevsky T10,12,50,3.5,G#4,68,u,Godin band midpoint,0.179,above,G3,13,not assessed,not assessed,not assessed,none,not assessed,short,repeated,0,no,5,middle,no,not assessed,not assessed,
Kabalevsky T10,12,51,1,A4,69,ɑ,Godin band midpoint,0.714,close,F4,4.5,not assessed,not assessed,not assessed,none,not assessed,short,step,1,no,5,middle,no,not assessed,not assessed,
Kabalevsky T10,12,51,3,F4,65,ɑ,Godin band midpoint,0.357,close,F4,0.5,not assessed,not assessed,not assessed,none,not assessed,short,leap-down,-4,no,5,middle,no,not assessed,not assessed,
Kabalevsky T10,12,52,1,C5,72,u,Godin band midpoint,0.536,above,G3,17,not assessed,not assessed,not assessed,none,not assessed,short,leap-up,7,no,5,middle,no,not assessed,not assessed,
Kabalevsky T10,12,52,2.5,C5,72,ɑ,Godin band midpoint,0.179,close,F4,7.5,not assessed,not assessed,not assessed,none,not assessed,short,repeated,0,no,5,middle,no,not assessed,not assessed,
Kabalevsky T10,12,52,3,C5,72,u,Godin band midpoint,0.179,above,G3,17,not assessed,not assessed,not assessed,none,not assessed,short,repeated,0,no,5,middle,no,not assessed,not assessed,
Kabalevsky T10,12,52,3.5,C#5,73,ɑ,Godin band midpoint,0.179,close,F4,8.5,not assessed,not assessed,not assessed,none,not assessed,short,step,1,no,5,middle,yes,not assessed,not assessed,
Kabalevsky T10,12,53,1,A#4,70,ɑ,Godin band midpoint,0.714,close,F4,5.5,not assessed,not assessed,not assessed,none,not assessed,short,leap-down,-3,no,5,middle,no,not assessed,not assessed,
Kabalevsky T10,12,53,3,A#4,70,u,Godin band midpoint,0.357,above,G3,15,not assessed,not assessed,not assessed,none,not assessed,short,repeated,0,no,5,last,no,not assessed,not assessed,
Kabalevsky T10,12,54,2.5,C5,72,ɑ,Godin band midpoint,0.179,close,F4,7.5,not assessed,not assessed,not assessed,none,not assessed,short,step,2,yes,6,first,no,not assessed,not assessed,
Kabalevsky T10,12,54,3,C5,72,ʌ,Godin band midpoint,0.179,close,F4,7.5,not assessed,not assessed,not assessed,none,not assessed,short,repeated,0,no,6,middle,no,not assessed,not assessed,
Kabalevsky T10,12,54,3.5,C5,72,i,Godin band midpoint,0.179,above,G3,17,not assessed,not assessed,not assessed,none,not assessed,short,repeated,0,no,6,middle,no,not assessed,not assessed,
Kabalevsky T10,12,55,1,E5,76,ɛ,Godin band midpoint,0.714,close,F4,11.5,not assessed,not assessed,not assessed,none,not assessed,short,leap-up,4,no,6,middle,yes,not assessed,not assessed,
Kabalevsky T10,12,55,3,C#5,73,ɑ,Godin band midpoint,0.357,close,F4,8.5,not assessed,not assessed,not assessed,none,not assessed,short,leap-down,-3,no,6,middle,no,not assessed,not assessed,
Kabalevsky T10,12,56,1,A#4,70,u,Godin band midpoint,0.714,above,G3,15,not assessed,not assessed,not assessed,none,not assessed,short,leap-down,-3,no,6,middle,no,not assessed,not assessed,
Kabalevsky T10,12,56,3,C5,72,ɑ,Godin band midpoint,0.357,close,F4,7.5,not assessed,not assessed,not assessed,none,not assessed,short,step,2,no,6,middle,no,not assessed,not assessed,
Kabalevsky T10,12,57,1,G#4,68,ɑ,Godin band midpoint,0.714,close,F4,3.5,not assessed,not assessed,not assessed,none,not assessed,short,leap-down,-4,no,6,middle,no,not assessed,not assessed,
Kabalevsky T10,12,57,3,G4,67,u,Godin band midpoint,0.357,crossing,G3,12,not assessed,not assessed,not assessed,none,not assessed,short,step,-1,no,6,middle,no,not assessed,not assessed,
Kabalevsky T10,12,58,1,A#4,70,o,Godin band midpoint,0.714,above,A#3,12.5,not assessed,not assessed,not assessed,none,not assessed,short,leap-up,3,no,6,last,no,not assessed,not assessed,
Kabalevsky T10,12,58,3,A#4,70,i,Godin band midpoint,0.357,above,G3,15,not assessed,not assessed,not assessed,none,not assessed,short,repeated,0,no,7,first,no,not assessed,not assessed,
Kabalevsky T10,12,59,1,G4,67,ʌ,Godin band midpoint,0.714,close,F4,2.5,not assessed,not assessed,not assessed,none,not assessed,short,leap-down,-3,no,7,middle,no,not assessed,not assessed,
Kabalevsky T10,12,59,3,F4,65,ɨ,not assessed,0.357,not assessed,not assessed,not assessed,not assessed,not assessed,not assessed,not assessed,not assessed,short,step,-2,no,7,middle,no,not assessed,not assessed,
Kabalevsky T10,12,60,1,C5,72,ɛ,Godin band midpoint,0.714,close,F4,7.5,not assessed,not assessed,not assessed,none,not assessed,short,leap-up,7,no,7,middle,yes,not assessed,not assessed,
Kabalevsky T10,12,60,3,C5,72,ɨ,not assessed,0.357,not assessed,not assessed,not assessed,not assessed,not assessed,not assessed,not assessed,not assessed,short,repeated,0,no,7,middle,yes,not assessed,not assessed,
Kabalevsky T10,12,61,1,G4,67,ɛ,Godin band midpoint,0.536,close,F4,2.5,not assessed,not assessed,not assessed,none,not assessed,short,leap-down,-5,no,7,middle,no,not assessed,not assessed,
Kabalevsky T10,12,61,2.5,G4,67,ɨ,not assessed,0.179,not assessed,not assessed,not assessed,not assessed,not assessed,not assessed,not assessed,not assessed,short,repeated,0,no,7,middle,no,not assessed,not assessed,
Kabalevsky T10,12,61,3,G#4,68,i,Godin band midpoint,0.179,above,G3,13,not assessed,not assessed,not assessed,none,not assessed,short,step,1,no,7,middle,no,not assessed,not assessed,
Kabalevsky T10,12,61,3.5,G4,67,ɨ,not assessed,0.179,not assessed,not assessed,not assessed,not assessed,not assessed,not assessed,not assessed,not assessed,short,step,-1,no,7,middle,no,not assessed,not assessed,
Kabalevsky T10,12,62,1,C5,72,ɑ,Godin band midpoint,0.714,close,F4,7.5,not assessed,not assessed,not assessed,none,not assessed,short,leap-up,5,no,7,middle,yes,not assessed,not assessed,
Kabalevsky T10,12,62,3,C5,72,u,Godin band midpoint,0.357,above,G3,17,not assessed,not assessed,not assessed,none,not assessed,short,repeated,0,no,7,last,yes,not assessed,not assessed,
Kabalevsky T10,12,65,3,C4,60,o,Godin band midpoint,0.357,close,A#3,2.5,not assessed,not assessed,not assessed,none,not assessed,short,leap-down,-12,yes,8,first,no,not assessed,not assessed,
Kabalevsky T10,12,66,1,F4,65,ʌ,Godin band midpoint,0.714,close,F4,0.5,not assessed,not assessed,not assessed,none,not assessed,short,leap-up,5,no,8,middle,no,not assessed,not assessed,
Kabalevsky T10,12,66,3,G4,67,ɨ,not assessed,0.357,not assessed,not assessed,not assessed,not assessed,not assessed,not assessed,not assessed,not assessed,short,step,2,no,8,middle,no,not assessed,not assessed,
Kabalevsky T10,12,67,1,A4,69,o,Godin band midpoint,1.071,close,A#3,11.5,not assessed,not assessed,not assessed,none,not assessed,short,step,2,no,8,middle,no,not assessed,not assessed,
Kabalevsky T10,12,68,1,A4,69,o,Godin band midpoint,0.714,close,A#3,11.5,not assessed,not assessed,not assessed,none,not assessed,short,tie,0,no,8,middle,no,not assessed,not assessed,
Kabalevsky T10,12,68,3,A#4,70,ɨ,not assessed,0.357,not assessed,not assessed,not assessed,not assessed,not assessed,not assessed,not assessed,not assessed,short,step,1,no,8,middle,no,not assessed,not assessed,
Kabalevsky T10,12,69,1,A4,69,o,Godin band midpoint,0.714,close,A#3,11.5,not assessed,not assessed,not assessed,none,not assessed,short,step,-1,no,8,middle,no,not assessed,not assessed,
Kabalevsky T10,12,69,3,G4,67,i,Godin band midpoint,0.357,crossing,G3,12,not assessed,not assessed,not assessed,none,not assessed,short,step,-2,no,8,middle,no,not assessed,not assessed,
Kabalevsky T10,12,70,1,F4,65,ɑ,Godin band midpoint,0.714,close,F4,0.5,not assessed,not assessed,not assessed,none,not assessed,short,step,-2,no,8,middle,no,not assessed,not assessed,
Kabalevsky T10,12,70,3,E4,64,ɑ,Godin band midpoint,0.357,open,F4,-0.5,not assessed,not assessed,not assessed,none,not assessed,short,step,-1,no,8,middle,no,not assessed,not assessed,
Kabalevsky T10,12,71,1,D4,62,o,Godin band midpoint,1.071,close,A#3,4.5,not assessed,not assessed,not assessed,none,not assessed,short,step,-2,no,8,middle,no,not assessed,not assessed,
Kabalevsky T10,12,72,1,D4,62,o,Godin band midpoint,0.536,close,A#3,4.5,not assessed,not assessed,not assessed,none,not assessed,short,tie,0,no,8,middle,no,not assessed,not assessed,
Kabalevsky T10,12,72,2.5,D4,62,o,Godin band midpoint,0.179,close,A#3,4.5,not assessed,not assessed,not assessed,none,not assessed,short,repeated,0,no,8,middle,no,not assessed,not assessed,
Kabalevsky T10,12,72,3,D4,62,i,Godin band midpoint,0.179,close,G3,7,not assessed,not assessed,not assessed,none,not assessed,short,repeated,0,no,8,middle,no,not assessed,not assessed,
Kabalevsky T10,12,72,3.5,D4,62,ɑ,Godin band midpoint,0.179,open,F4,-2.5,not assessed,not assessed,not assessed,none,not assessed,short,repeated,0,no,8,middle,no,not assessed,not assessed,
Kabalevsky T10,12,73,1,D5,74,o,Godin band midpoint,1.071,above,A#3,16.5,not assessed,not assessed,not assessed,none,not assessed,short,leap-up,12,no,8,middle,yes,not assessed,not assessed,
Kabalevsky T10,12,74,1,D5,74,o,Godin band midpoint,0.714,above,A#3,16.5,not assessed,not assessed,not assessed,none,not assessed,short,tie,0,no,8,middle,yes,not assessed,not assessed,
Kabalevsky T10,12,74,3,A4,69,ɪ,Godin band midpoint,0.357,close,A#3,11.5,not assessed,not assessed,not assessed,none,not assessed,short,leap-down,-5,no,8,middle,no,not assessed,not assessed,
Kabalevsky T10,12,75,1,A#4,70,e,Godin band midpoint,0.714,above,A#3,12.5,not assessed,not assessed,not assessed,none,not assessed,short,step,1,no,8,middle,no,not assessed,not assessed,
Kabalevsky T10,12,75,3,A4,69,ɪ,Godin band midpoint,0.357,close,A#3,11.5,not assessed,not assessed,not assessed,none,not assessed,short,step,-1,no,8,middle,no,not assessed,not assessed,
Kabalevsky T10,12,76,1,G4,67,ʌ,Godin band midpoint,0.714,close,F4,2.5,not assessed,not assessed,not assessed,none,not assessed,short,step,-2,no,8,middle,no,not assessed,not assessed,
Kabalevsky T10,12,76,3,D4,62,i,Godin band midpoint,0.357,close,G3,7,not assessed,not assessed,not assessed,none,not assessed,short,leap-down,-5,no,8,middle,no,not assessed,not assessed,
Kabalevsky T10,12,77,1,F4,65,o,Godin band midpoint,1.071,close,A#3,7.5,not assessed,not assessed,not assessed,none,not assessed,short,leap-up,3,no,8,middle,no,not assessed,not assessed,
Kabalevsky T10,12,78,1,F4,65,o,Godin band midpoint,1.071,close,A#3,7.5,not assessed,not assessed,not assessed,none,not assessed,short,tie,0,no,8,middle,no,not assessed,not assessed,
Kabalevsky T10,12,79,1,F4,65,o,Godin band midpoint,0.179,close,A#3,7.5,not assessed,not assessed,not assessed,none,not assessed,short,tie,0,no,8,last,no,not assessed,not assessed,
