song,shift,bar,beat,pitch,midi,vowel,fR1_source,seconds,fR1_band,turning_pitch,semitones_from_turning,passaggio,semitones_to_primo,semitones_to_secondo,fR1_rung,fR2_rung,held,approach,approach_semitones,after_rest,phrase_index,phrase_position,highest_of_phrase,p1a_near,p1a_fires,p1a_clauses
Sunless 01,5,2,1,D4,62,o,Bozeman tenor-mezzo midpoint,0.732,close,C#4,1.5,inside,0,-5,none,not assessed,short,first note,,,0,first,no,no,no,turning pitch 0 to 2 st below
Sunless 01,5,2,2,D4,62,ɑ,Bozeman tenor-mezzo midpoint,0.732,open,E4,-2.5,inside,0,-5,none,not assessed,short,repeated,0,no,0,middle,no,no,no,
Sunless 01,5,2,3,D4,62,ʌ,derived from Bozeman tenor-mezzo,0.732,open,E4,-2.5,inside,0,-5,none,not assessed,short,repeated,0,no,0,middle,no,no,no,
Sunless 01,5,2,4,D#4,63,ɛ,Bozeman tenor-mezzo midpoint,0.732,close,D#4,0.5,inside,1,-4,none,not assessed,short,step,1,no,0,middle,yes,no,no,highest of phrase; turning pitch 0 to 2 st below
Sunless 01,5,2,5,A#3,58,ɑ,Bozeman tenor-mezzo midpoint,0.732,open,E4,-6.5,below primo,-4,-9,none,not assessed,short,leap-down,-5,no,0,middle,no,no,no,
Sunless 01,5,2,6,A#3,58,ɑ,Bozeman tenor-mezzo midpoint,0.366,open,E4,-6.5,below primo,-4,-9,none,not assessed,short,repeated,0,no,0,last,no,no,no,
Sunless 01,5,3,1,E4,64,i,Bozeman tenor-mezzo midpoint,0.732,crossing,E3,11.5,inside,2,-3,none,not assessed,short,leap-up,6,yes,1,first,yes,no,no,highest of phrase; crossing
Sunless 01,5,3,2,C4,60,ɑ,Bozeman tenor-mezzo midpoint,0.732,open,E4,-4.5,below primo,-2,-7,none,not assessed,short,leap-down,-4,no,1,middle,no,no,no,
Sunless 01,5,3,3,C4,60,ɑ,Bozeman tenor-mezzo midpoint,0.366,open,E4,-4.5,below primo,-2,-7,none,not assessed,short,repeated,0,no,1,last,no,no,no,
Sunless 01,5,3,4,F#4,66,i,Bozeman tenor-mezzo midpoint,1.098,above,E3,13.5,inside,4,-1,none,not assessed,short,leap-up,6,yes,2,first,yes,yes,yes,highest of phrase
Sunless 01,5,3,5.5,D4,62,ɑ,Bozeman tenor-mezzo midpoint,0.366,open,E4,-2.5,inside,0,-5,none,not assessed,short,leap-down,-4,no,2,middle,no,no,no,
Sunless 01,5,3,6,D4,62,ɑ,Bozeman tenor-mezzo midpoint,0.366,open,E4,-2.5,inside,0,-5,none,not assessed,short,repeated,0,no,2,last,no,no,no,
Sunless 01,5,4,1,D#4,63,e,Bozeman tenor-mezzo midpoint,0.732,close,D4,1.5,inside,1,-4,none,not assessed,short,step,1,yes,3,first,yes,no,no,highest of phrase; turning pitch 0 to 2 st below
Sunless 01,5,4,2,A3,57,ɪ,derived from Bozeman tenor-mezzo,0.732,open,D4,-5.04,below primo,-5,-10,none,not assessed,short,leap-down,-6,no,3,middle,no,no,no,
Sunless 01,5,4,3,G3,55,o,Bozeman tenor-mezzo midpoint,0.732,open,C#4,-5.5,below primo,-7,-12,none,not assessed,short,step,-2,no,3,middle,no,no,no,
Sunless 01,5,4,4,D4,62,ɑ,Bozeman tenor-mezzo midpoint,1.098,open,E4,-2.5,inside,0,-5,none,not assessed,short,leap-up,7,no,3,middle,no,no,no,
Sunless 01,5,4,5.5,A3,57,ɑ,Bozeman tenor-mezzo midpoint,0.366,open,E4,-7.5,below primo,-5,-10,3,not assessed,short,leap-down,-5,no,3,middle,no,no,no,
Sunless 01,5,4,6,A3,57,ɑ,Bozeman tenor-mezzo midpoint,0.732,open,E4,-7.5,below primo,-5,-10,3,not assessed,short,repeated,0,no,3,middle,no,no,no,
Sunless 01,5,5,1,C4,60,e,Bozeman tenor-mezzo midpoint,0.732,open,D4,-1.5,below primo,-2,-7,none,not assessed,short,leap-up,3,no,3,middle,no,no,no,
Sunless 01,5,5,2,G3,55,ɪ,derived from Bozeman tenor-mezzo,0.732,open,D4,-7.04,below primo,-7,-12,3,not assessed,short,leap-down,-5,no,3,middle,no,no,no,
Sunless 01,5,5,3,F#3,54,ɑ,Bozeman tenor-mezzo midpoint,0.732,open,E4,-10.5,below primo,-8,-13,none,not assessed,short,step,-1,no,3,middle,no,no,no,
Sunless 01,5,5,4,A#3,58,ɛ,Bozeman tenor-mezzo midpoint,1.098,open,D#4,-4.5,below primo,-4,-9,none,not assessed,short,leap-up,4,no,3,middle,no,no,no,
Sunless 01,5,5,5.5,G3,55,ɑ,Bozeman tenor-mezzo midpoint,0.366,open,E4,-9.5,below primo,-7,-12,none,not assessed,short,leap-down,-3,no,3,middle,no,no,no,
Sunless 01,5,5,6,G3,55,ɑ,Bozeman tenor-mezzo midpoint,0.366,open,E4,-9.5,below primo,-7,-12,none,not assessed,short,repeated,0,no,3,last,no,no,no,
Sunless 01,5,6,1,D4,62,u,Bozeman tenor-mezzo midpoint,0.732,close,G3,7.5,inside,0,-5,none,not assessed,short,leap-up,7,yes,4,first,yes,no,no,highest of phrase
Sunless 01,5,6,2,B3,59,ɑ,Bozeman tenor-mezzo midpoint,0.366,open,E4,-5.5,below primo,-3,-8,none,not assessed,short,leap-down,-3,no,4,last,no,no,no,
Sunless 01,5,6,3,D4,62,u,Bozeman tenor-mezzo midpoint,0.732,close,G3,7.5,inside,0,-5,none,not assessed,short,leap-up,3,yes,5,first,no,no,no,
Sunless 01,5,6,4,G4,67,o,Bozeman tenor-mezzo midpoint,1.098,close,C#4,6.5,inside,5,0,none,not assessed,short,leap-up,5,no,5,middle,yes,yes,yes,highest of phrase
Sunless 01,5,6,5.5,C#4,61,ɑ,Bozeman tenor-mezzo midpoint,0.366,open,E4,-3.5,below primo,-1,-6,none,not assessed,short,leap-down,-6,no,5,middle,no,no,no,
Sunless 01,5,6,6,C#4,61,ɑ,Bozeman tenor-mezzo midpoint,0.366,open,E4,-3.5,below primo,-1,-6,none,not assessed,short,repeated,0,no,5,last,no,no,no,
Sunless 01,5,7,1,C4,60,e,Bozeman tenor-mezzo midpoint,0.732,open,D4,-1.5,below primo,-2,-7,none,not assessed,short,step,-1,yes,6,first,no,no,no,
Sunless 01,5,7,2,C4,60,ɑ,Bozeman tenor-mezzo midpoint,0.732,open,E4,-4.5,below primo,-2,-7,none,not assessed,short,repeated,0,no,6,middle,no,no,no,
Sunless 01,5,7,3,C4,60,u,Bozeman tenor-mezzo midpoint,0.732,close,G3,5.5,below primo,-2,-7,none,not assessed,short,repeated,0,no,6,middle,no,no,no,
Sunless 01,5,7,4,D#4,63,ɨ,derived from Bozeman tenor-mezzo,1.098,close,A#3,5.11,inside,1,-4,none,not assessed,short,leap-up,3,no,6,middle,yes,no,no,highest of phrase
Sunless 01,5,7,5.5,G3,55,ɑ,Bozeman tenor-mezzo midpoint,0.366,open,E4,-9.5,below primo,-7,-12,none,not assessed,short,leap-down,-8,no,6,middle,no,no,no,
Sunless 01,5,7,6,G3,55,ɑ,Bozeman tenor-mezzo midpoint,0.366,open,E4,-9.5,below primo,-7,-12,none,not assessed,short,repeated,0,no,6,last,no,no,no,
Sunless 01,5,8,1,A3,57,u,Bozeman tenor-mezzo midpoint,0.732,close,G3,2.5,below primo,-5,-10,none,not assessed,short,step,2,yes,7,first,no,no,no,
Sunless 01,5,8,2,F#3,54,ɪ,derived from Bozeman tenor-mezzo,0.732,open,D4,-8.04,below primo,-8,-13,none,not assessed,short,leap-down,-3,no,7,middle,no,no,no,
Sunless 01,5,8,3,G3,55,ɪ,derived from Bozeman tenor-mezzo,0.732,open,D4,-7.04,below primo,-7,-12,3,not assessed,short,step,1,no,7,middle,no,no,no,
Sunless 01,5,8,4,B3,59,ɛ,Bozeman tenor-mezzo midpoint,0.732,open,D#4,-3.5,below primo,-3,-8,none,not assessed,short,leap-up,4,no,7,middle,yes,no,no,highest of phrase
Sunless 01,5,8,5,G3,55,ɨ,derived from Bozeman tenor-mezzo,0.366,open,A#3,-2.89,below primo,-7,-12,none,not assessed,short,leap-down,-4,no,7,last,no,no,no,
Sunless 01,5,8,6.5,F#3,54,ɑ,Bozeman tenor-mezzo midpoint,0.366,open,E4,-10.5,below primo,-8,-13,none,not assessed,short,step,-1,yes,8,first,no,no,no,
Sunless 01,5,9,1,A3,57,ɛ,Bozeman tenor-mezzo midpoint,0.732,open,D#4,-5.5,below primo,-5,-10,none,not assessed,short,leap-up,3,no,8,middle,no,no,no,
Sunless 01,5,9,2,F#3,54,ɑ,Bozeman tenor-mezzo midpoint,0.732,open,E4,-10.5,below primo,-8,-13,none,not assessed,short,leap-down,-3,no,8,middle,no,no,no,
Sunless 01,5,9,3,G3,55,ɑ,Bozeman tenor-mezzo midpoint,0.732,open,E4,-9.5,below primo,-7,-12,none,not assessed,short,step,1,no,8,middle,no,no,no,
Sunless 01,5,9,4,D4,62,ɛ,Bozeman tenor-mezzo midpoint,1.098,open,D#4,-0.5,inside,0,-5,none,not assessed,short,leap-up,7,no,8,middle,yes,no,no,highest of phrase
Sunless 01,5,9,5.5,B3,59,ɑ,Bozeman tenor-mezzo midpoint,0.366,open,E4,-5.5,below primo,-3,-8,none,not assessed,short,leap-down,-3,no,8,middle,no,no,no,
Sunless 01,5,9,6,B3,59,ɑ,Bozeman tenor-mezzo midpoint,0.366,open,E4,-5.5,below primo,-3,-8,none,not assessed,short,repeated,0,no,8,last,no,no,no,
Sunless 01,5,10,1,D#4,63,ɨ,derived from Bozeman tenor-mezzo,0.732,close,A#3,5.11,inside,1,-4,none,not assessed,short,leap-up,4,yes,9,first,no,no,no,
Sunless 01,5,10,2,A3,57,ɨ,derived from Bozeman tenor-mezzo,0.732,open,A#3,-0.89,below primo,-5,-10,none,not assessed,short,leap-down,-6,no,9,middle,no,no,no,
Sunless 01,5,10,3,A#3,58,ɑ,Bozeman tenor-mezzo midpoint,0.732,open,E4,-6.5,below primo,-4,-9,none,not assessed,short,step,1,no,9,middle,no,no,no,
Sunless 01,5,10,4,C4,60,o,Bozeman tenor-mezzo midpoint,0.732,open,C#4,-0.5,below primo,-2,-7,none,not assessed,short,step,2,no,9,middle,no,no,no,
Sunless 01,5,10,5,D4,62,ʌ,derived from Bozeman tenor-mezzo,0.732,open,E4,-2.5,inside,0,-5,none,not assessed,short,step,2,no,9,middle,no,no,no,
Sunless 01,5,10,6,D#4,63,ɑ,Bozeman tenor-mezzo midpoint,0.732,open,E4,-1.5,inside,1,-4,none,not assessed,short,step,1,no,9,middle,no,no,no,
Sunless 01,5,11,1,F4,65,e,Bozeman tenor-mezzo midpoint,0.732,close,D4,3.5,inside,3,-2,none,not assessed,short,step,2,no,9,middle,yes,no,no,highest of phrase
Sunless 01,5,11,2,D#4,63,ɪ,derived from Bozeman tenor-mezzo,0.732,close,D4,0.96,inside,1,-4,none,not assessed,short,step,-2,no,9,middle,no,no,no,turning pitch 0 to 2 st below
Sunless 01,5,11,3,F4,65,ɑ,Bozeman tenor-mezzo midpoint,0.732,close,E4,0.5,inside,3,-2,none,not assessed,short,step,2,no,9,middle,yes,no,no,highest of phrase; turning pitch 0 to 2 st below
Sunless 01,5,11,4,C#4,61,e,Bozeman tenor-mezzo midpoint,1.098,open,D4,-0.5,below primo,-1,-6,none,not assessed,short,leap-down,-4,no,9,middle,no,no,no,
Sunless 01,5,11,5.5,C#4,61,i,Bozeman tenor-mezzo midpoint,0.366,close,E3,8.5,below primo,-1,-6,none,not assessed,short,repeated,0,no,9,middle,no,no,no,
Sunless 01,5,11,6,C#4,61,ɪ,derived from Bozeman tenor-mezzo,0.366,open,D4,-1.04,below primo,-1,-6,none,not assessed,short,repeated,0,no,9,last,no,no,no,
Sunless 01,5,12,1,C4,60,o,Bozeman tenor-mezzo midpoint,0.732,open,C#4,-0.5,below primo,-2,-7,none,not assessed,short,step,-1,yes,10,first,no,no,no,
Sunless 01,5,12,2,A3,57,ɪ,derived from Bozeman tenor-mezzo,0.732,open,D4,-5.04,below primo,-5,-10,none,not assessed,short,leap-down,-3,no,10,middle,no,no,no,
Sunless 01,5,12,3,C4,60,ɑ,Bozeman tenor-mezzo midpoint,0.732,open,E4,-4.5,below primo,-2,-7,none,not assessed,short,leap-up,3,no,10,middle,no,no,no,
Sunless 01,5,12,4,D#4,63,i,Bozeman tenor-mezzo midpoint,0.732,close,E3,10.5,inside,1,-4,none,not assessed,short,leap-up,3,no,10,middle,yes,no,no,highest of phrase
Sunless 01,5,12,5,C4,60,ɨ,derived from Bozeman tenor-mezzo,0.366,close,A#3,2.11,below primo,-2,-7,none,not assessed,short,leap-down,-3,no,10,last,no,no,no,
Sunless 01,5,12,6,C4,60,ɑ,Bozeman tenor-mezzo midpoint,0.732,open,E4,-4.5,below primo,-2,-7,none,not assessed,short,repeated,0,yes,11,first,no,no,no,
Sunless 01,5,13,1,A3,57,ɑ,Bozeman tenor-mezzo midpoint,0.732,open,E4,-7.5,below primo,-5,-10,3,not assessed,short,leap-down,-3,no,11,middle,no,no,no,
Sunless 01,5,13,2,G3,55,ɪ,derived from Bozeman tenor-mezzo,0.732,open,D4,-7.04,below primo,-7,-12,3,not assessed,short,step,-2,no,11,middle,no,no,no,
Sunless 01,5,13,3,A3,57,ɑ,Bozeman tenor-mezzo midpoint,0.732,open,E4,-7.5,below primo,-5,-10,3,not assessed,short,step,2,no,11,middle,no,no,no,
Sunless 01,5,13,4,D#4,63,o,Bozeman tenor-mezzo midpoint,1.098,close,C#4,2.5,inside,1,-4,none,not assessed,short,leap-up,6,no,11,middle,yes,no,no,highest of phrase
Sunless 01,5,13,5.5,C4,60,ʌ,derived from Bozeman tenor-mezzo,0.366,open,E4,-4.5,below primo,-2,-7,none,not assessed,short,leap-down,-3,no,11,middle,no,no,no,
Sunless 01,5,13,6,C4,60,ɪ,derived from Bozeman tenor-mezzo,0.366,open,D4,-2.04,below primo,-2,-7,none,not assessed,short,repeated,0,no,11,last,no,no,no,
Sunless 01,5,14,1,D#4,63,o,Bozeman tenor-mezzo midpoint,0.732,close,C#4,2.5,inside,1,-4,none,not assessed,short,leap-up,3,yes,12,first,no,no,no,
Sunless 01,5,14,2,D4,62,ʌ,derived from Bozeman tenor-mezzo,0.732,open,E4,-2.5,inside,0,-5,none,not assessed,short,step,-1,no,12,middle,no,no,no,
Sunless 01,5,14,3,C4,60,ɑ,Bozeman tenor-mezzo midpoint,0.732,open,E4,-4.5,below primo,-2,-7,none,not assessed,short,step,-2,no,12,middle,no,no,no,
Sunless 01,5,14,4,D#4,63,e,Bozeman tenor-mezzo midpoint,1.098,close,D4,1.5,inside,1,-4,none,not assessed,short,leap-up,3,no,12,middle,no,no,no,turning pitch 0 to 2 st below
Sunless 01,5,14,5.5,D4,62,i,Bozeman tenor-mezzo midpoint,0.366,close,E3,9.5,inside,0,-5,none,not assessed,short,step,-1,no,12,middle,no,no,no,
Sunless 01,5,14,6,D4,62,ɪ,derived from Bozeman tenor-mezzo,0.732,open,D4,-0.04,inside,0,-5,none,not assessed,short,repeated,0,no,12,middle,no,no,no,
Sunless 01,5,15,1,D#4,63,o,Bozeman tenor-mezzo midpoint,0.732,close,C#4,2.5,inside,1,-4,none,not assessed,short,step,1,no,12,middle,no,no,no,
Sunless 01,5,15,2,D4,62,ʌ,derived from Bozeman tenor-mezzo,0.732,open,E4,-2.5,inside,0,-5,none,not assessed,short,step,-1,no,12,middle,no,no,no,
Sunless 01,5,15,3,C4,60,ɪ,derived from Bozeman tenor-mezzo,0.732,open,D4,-2.04,below primo,-2,-7,none,not assessed,short,step,-2,no,12,middle,no,no,no,
Sunless 01,5,15,4,F#4,66,e,Bozeman tenor-mezzo midpoint,1.098,close,D4,4.5,inside,4,-1,none,not assessed,short,leap-up,6,no,12,middle,yes,yes,yes,highest of phrase
Sunless 01,5,15,5.5,D4,62,i,Bozeman tenor-mezzo midpoint,0.366,close,E3,9.5,inside,0,-5,none,not assessed,short,leap-down,-4,no,12,middle,no,no,no,
Sunless 01,5,15,6,D4,62,ɪ,derived from Bozeman tenor-mezzo,0.366,open,D4,-0.04,inside,0,-5,none,not assessed,short,repeated,0,no,12,last,no,no,no,
Sunless 01,5,16,1,D4,62,o,Bozeman tenor-mezzo midpoint,1.098,close,C#4,1.5,inside,0,-5,none,not assessed,short,repeated,0,yes,13,first,yes,no,no,highest of phrase; turning pitch 0 to 2 st below
Sunless 01,5,16,2.5,A#3,58,ɑ,Bozeman tenor-mezzo midpoint,0.366,open,E4,-6.5,below primo,-4,-9,none,not assessed,short,leap-down,-4,no,13,middle,no,no,no,
Sunless 01,5,16,3,A#3,58,ɑ,Bozeman tenor-mezzo midpoint,0.366,open,E4,-6.5,below primo,-4,-9,none,not assessed,short,repeated,0,no,13,last,no,no,no,
Sunless 01,5,16,4,C4,60,o,Bozeman tenor-mezzo midpoint,0.732,open,C#4,-0.5,below primo,-2,-7,none,not assessed,short,step,2,yes,14,first,yes,no,no,highest of phrase
Sunless 01,5,16,5,G3,55,ɑ,Bozeman tenor-mezzo midpoint,0.732,open,E4,-9.5,below primo,-7,-12,none,not assessed,short,leap-down,-5,no,14,middle,no,no,no,
Sunless 01,5,16,6,G3,55,ɑ,Bozeman tenor-mezzo midpoint,0.366,open,E4,-9.5,below primo,-7,-12,none,not assessed,short,repeated,0,no,14,last,no,no,no,
Sunless 01,5,17,1,A3,57,o,Bozeman tenor-mezzo midpoint,1.463,open,C#4,-3.5,below primo,-5,-10,none,not assessed,short,step,2,yes,15,only,yes,no,no,highest of phrase
Sunless 01,5,17,4,A3,57,ʌ,derived from Bozeman tenor-mezzo,1.098,open,E4,-7.5,below primo,-5,-10,3,not assessed,short,repeated,0,yes,16,first,no,no,no,
Sunless 01,5,17,5.5,A3,57,i,Bozeman tenor-mezzo midpoint,1.098,close,E3,4.5,below primo,-5,-10,none,not assessed,short,repeated,0,no,16,middle,no,no,no,
Sunless 01,5,18,1,B3,59,o,Bozeman tenor-mezzo midpoint,1.098,open,C#4,-1.5,below primo,-3,-8,none,not assessed,short,step,2,no,16,middle,yes,no,no,highest of phrase
Sunless 01,5,18,2.5,G3,55,ɑ,Bozeman tenor-mezzo midpoint,0.366,open,E4,-9.5,below primo,-7,-12,none,not assessed,short,leap-down,-4,no,16,middle,no,no,no,
Sunless 01,5,18,3,G3,55,ɑ,Bozeman tenor-mezzo midpoint,0.732,open,E4,-9.5,below primo,-7,-12,none,not assessed,short,repeated,0,no,16,last,no,no,no,
Sunless 02,6,1,2.5,E4,64,i,Bozeman tenor-mezzo midpoint,0.25,crossing,E3,11.5,inside,2,-3,none,not assessed,short,first note,,,0,first,yes,no,no,highest of phrase; crossing
Sunless 02,6,2,1,D#4,63,ɑ,Bozeman tenor-mezzo midpoint,0.25,open,E4,-1.5,inside,1,-4,none,not assessed,short,step,-1,no,0,last,no,no,no,
Sunless 02,6,2,2,C4,60,ɨ,derived from Bozeman tenor-mezzo,0.375,close,A#3,2.11,below primo,-2,-7,none,not assessed,short,leap-down,-3,yes,1,first,yes,no,no,highest of phrase
Sunless 02,6,2,2.75,G#3,56,ɑ,Bozeman tenor-mezzo midpoint,0.125,open,E4,-8.5,below primo,-6,-11,none,not assessed,short,leap-down,-4,no,1,middle,no,no,no,
Sunless 02,6,2,3,G3,55,ɛ,Bozeman tenor-mezzo midpoint,0.5,open,D#4,-7.5,below primo,-7,-12,3,not assessed,short,step,-1,no,1,middle,no,no,no,
Sunless 02,6,2,4,G#3,56,ɪ,derived from Bozeman tenor-mezzo,0.25,open,D4,-6.04,below primo,-6,-11,none,not assessed,short,step,1,no,1,middle,no,no,no,
Sunless 02,6,2,4.5,G#3,56,u,Bozeman tenor-mezzo midpoint,0.25,close,G3,1.5,below primo,-6,-11,none,not assessed,short,repeated,0,no,1,middle,no,no,no,turning pitch 0 to 2 st below
Sunless 02,6,3,1,C4,60,ɑ,Bozeman tenor-mezzo midpoint,0.5,open,E4,-4.5,below primo,-2,-7,none,not assessed,short,leap-up,4,no,1,middle,yes,no,no,highest of phrase
Sunless 02,6,3,2,G#3,56,ɑ,Bozeman tenor-mezzo midpoint,0.25,open,E4,-8.5,below primo,-6,-11,none,not assessed,short,leap-down,-4,no,1,last,no,no,no,
Sunless 02,6,3,2.75,G#3,56,o,Bozeman tenor-mezzo midpoint,0.125,open,C#4,-4.5,below primo,-6,-11,none,not assessed,short,repeated,0,yes,2,first,no,no,no,
Sunless 02,6,3,3,B3,59,ɑ,Bozeman tenor-mezzo midpoint,0.167,open,E4,-5.5,below primo,-3,-8,none,not assessed,short,leap-up,3,no,2,middle,yes,no,no,highest of phrase
Sunless 02,6,3,3.333,G#3,56,ɪ,derived from Bozeman tenor-mezzo,0.167,open,D4,-6.04,below primo,-6,-11,none,not assessed,short,leap-down,-3,no,2,middle,no,no,no,
Sunless 02,6,3,3.667,B3,59,ɑ,Bozeman tenor-mezzo midpoint,0.167,open,E4,-5.5,below primo,-3,-8,none,not assessed,short,leap-up,3,no,2,middle,yes,no,no,highest of phrase
Sunless 02,6,3,4,A#3,58,ɑ,Bozeman tenor-mezzo midpoint,0.167,open,E4,-6.5,below primo,-4,-9,none,not assessed,short,step,-1,no,2,middle,no,no,no,
Sunless 02,6,3,4.333,A#3,58,i,Bozeman tenor-mezzo midpoint,0.167,close,E3,5.5,below primo,-4,-9,none,not assessed,short,repeated,0,no,2,middle,no,no,no,
Sunless 02,6,3,4.667,B3,59,ɪ,derived from Bozeman tenor-mezzo,0.167,open,D4,-3.04,below primo,-3,-8,none,not assessed,short,step,1,no,2,middle,yes,no,no,highest of phrase
Sunless 02,6,4,1,G#3,56,o,Bozeman tenor-mezzo midpoint,0.25,open,C#4,-4.5,below primo,-6,-11,none,not assessed,short,leap-down,-3,no,2,last,no,no,no,
Sunless 02,6,4,2,G#3,56,o,Bozeman tenor-mezzo midpoint,0.5,open,C#4,-4.5,below primo,-6,-11,none,not assessed,short,repeated,0,yes,3,first,no,no,no,
Sunless 02,6,4,3,G3,55,u,Bozeman tenor-mezzo midpoint,0.5,close,G3,0.5,below primo,-7,-12,none,not assessed,short,step,-1,no,3,middle,no,no,no,turning pitch 0 to 2 st below
Sunless 02,6,4,4,G3,55,ʌ,derived from Bozeman tenor-mezzo,0.375,open,E4,-9.5,below primo,-7,-12,none,not assessed,short,repeated,0,no,3,middle,no,no,no,
Sunless 02,6,4,4.75,G3,55,i,Bozeman tenor-mezzo midpoint,0.125,close,E3,2.5,below primo,-7,-12,none,not assessed,short,repeated,0,no,3,middle,no,no,no,
Sunless 02,6,5,1,C#4,61,ɑ,Bozeman tenor-mezzo midpoint,0.5,open,E4,-3.5,below primo,-1,-6,none,not assessed,short,leap-up,6,no,3,middle,yes,no,no,highest of phrase
Sunless 02,6,5,2,F#3,54,ʌ,derived from Bozeman tenor-mezzo,0.375,open,E4,-10.5,below primo,-8,-13,none,not assessed,short,leap-down,-7,no,3,middle,no,no,no,
Sunless 02,6,5,2.75,F#3,54,ɛ,Bozeman tenor-mezzo midpoint,0.125,open,D#4,-8.5,below primo,-8,-13,none,not assessed,short,repeated,0,no,3,middle,no,no,no,
Sunless 02,6,5,3,F3,53,ɑ,Bozeman tenor-mezzo midpoint,0.5,open,E4,-11.5,below primo,-9,-14,none,not assessed,short,step,-1,no,3,middle,no,no,no,
Sunless 02,6,5,4,D#3,51,ʌ,derived from Bozeman tenor-mezzo,0.25,open,E4,-13.5,below primo,-11,-16,none,not assessed,short,step,-2,no,3,last,no,no,no,
Sunless 02,6,5,4.75,D#3,51,ɑ,Bozeman tenor-mezzo midpoint,0.125,open,E4,-13.5,below primo,-11,-16,none,not assessed,short,repeated,0,yes,4,first,no,no,no,
Sunless 02,6,6,1,G#3,56,ɑ,Bozeman tenor-mezzo midpoint,0.167,open,E4,-8.5,below primo,-6,-11,none,not assessed,short,leap-up,5,no,4,middle,no,no,no,
Sunless 02,6,6,1.333,A#3,58,u,Bozeman tenor-mezzo midpoint,0.167,close,G3,3.5,below primo,-4,-9,none,not assessed,short,step,2,no,4,middle,no,no,no,
Sunless 02,6,6,1.667,G#3,56,ɑ,Bozeman tenor-mezzo midpoint,0.167,open,E4,-8.5,below primo,-6,-11,none,not assessed,short,step,-2,no,4,middle,no,no,no,
Sunless 02,6,6,2,E4,64,i,Bozeman tenor-mezzo midpoint,0.167,crossing,E3,11.5,inside,2,-3,none,not assessed,short,leap-up,8,no,4,middle,yes,no,no,highest of phrase; crossing
Sunless 02,6,6,2.333,G#3,56,ɑ,Bozeman tenor-mezzo midpoint,0.167,open,E4,-8.5,below primo,-6,-11,none,not assessed,short,leap-down,-8,no,4,middle,no,no,no,
Sunless 02,6,6,2.667,A#3,58,ɪ,derived from Bozeman tenor-mezzo,0.167,open,D4,-4.04,below primo,-4,-9,none,not assessed,short,step,2,no,4,middle,no,no,no,
Sunless 02,6,6,3,B3,59,o,Bozeman tenor-mezzo midpoint,0.5,open,C#4,-1.5,below primo,-3,-8,none,not assessed,short,step,1,no,4,last,no,no,no,
Sunless 02,6,6,4.5,B3,59,o,Bozeman tenor-mezzo midpoint,0.25,open,C#4,-1.5,below primo,-3,-8,none,not assessed,short,repeated,0,yes,5,first,no,no,no,
Sunless 02,6,7,1,C#4,61,ɨ,derived from Bozeman tenor-mezzo,0.167,close,A#3,3.11,below primo,-1,-6,none,not assessed,short,step,2,no,5,middle,no,no,no,
Sunless 02,6,7,1.333,G#3,56,ʌ,derived from Bozeman tenor-mezzo,0.167,open,E4,-8.5,below primo,-6,-11,none,not assessed,short,leap-down,-5,no,5,middle,no,no,no,
Sunless 02,6,7,1.667,A#3,58,ɑ,Bozeman tenor-mezzo midpoint,0.167,open,E4,-6.5,below primo,-4,-9,none,not assessed,short,step,2,no,5,middle,no,no,no,
Sunless 02,6,7,2,C#4,61,o,Bozeman tenor-mezzo midpoint,0.167,close,C#4,0.5,below primo,-1,-6,none,not assessed,short,leap-up,3,no,5,middle,no,no,no,turning pitch 0 to 2 st below
Sunless 02,6,7,2.333,A#3,58,i,Bozeman tenor-mezzo midpoint,0.167,close,E3,5.5,below primo,-4,-9,none,not assessed,short,leap-down,-3,no,5,middle,no,no,no,
Sunless 02,6,7,2.667,C#4,61,ɑ,Bozeman tenor-mezzo midpoint,0.167,open,E4,-3.5,below primo,-1,-6,none,not assessed,short,leap-up,3,no,5,middle,no,no,no,
Sunless 02,6,7,3,D#4,63,e,Bozeman tenor-mezzo midpoint,0.25,close,D4,1.5,inside,1,-4,none,not assessed,short,step,2,no,5,middle,yes,no,no,highest of phrase; turning pitch 0 to 2 st below
Sunless 02,6,7,3.5,A#3,58,ɪ,derived from Bozeman tenor-mezzo,0.25,open,D4,-4.04,below primo,-4,-9,none,not assessed,short,leap-down,-5,no,5,last,no,no,no,
Sunless 02,6,7,4.75,D#4,63,o,Bozeman tenor-mezzo midpoint,0.125,close,C#4,2.5,inside,1,-4,none,not assessed,short,leap-up,5,yes,6,first,no,no,no,
Sunless 02,6,8,1,E4,64,e,Bozeman tenor-mezzo midpoint,0.5,close,D4,2.5,inside,2,-3,none,not assessed,short,step,1,no,6,middle,yes,no,no,highest of phrase
Sunless 02,6,8,2,B3,59,ɛ,Bozeman tenor-mezzo midpoint,0.25,open,D#4,-3.5,below primo,-3,-8,none,not assessed,short,leap-down,-5,no,6,last,no,no,no,
Sunless 02,6,8,2.75,B3,59,ɑ,Bozeman tenor-mezzo midpoint,0.125,open,E4,-5.5,below primo,-3,-8,none,not assessed,short,repeated,0,yes,7,first,no,no,no,
Sunless 02,6,8,3,C#4,61,o,Bozeman tenor-mezzo midpoint,0.167,close,C#4,0.5,below primo,-1,-6,none,not assessed,short,step,2,no,7,middle,no,no,no,turning pitch 0 to 2 st below
Sunless 02,6,8,3.333,G#3,56,i,Bozeman tenor-mezzo midpoint,0.167,close,E3,3.5,below primo,-6,-11,none,not assessed,short,leap-down,-5,no,7,middle,no,no,no,
Sunless 02,6,8,3.667,A#3,58,i,Bozeman tenor-mezzo midpoint,0.167,close,E3,5.5,below primo,-4,-9,none,not assessed,short,step,2,no,7,middle,no,no,no,
Sunless 02,6,8,4,E4,64,o,Bozeman tenor-mezzo midpoint,0.5,close,C#4,3.5,inside,2,-3,none,not assessed,short,leap-up,6,no,7,middle,no,no,no,
Sunless 02,6,9,1,A4,69,e,Bozeman tenor-mezzo midpoint,0.5,close,D4,7.5,above secondo,7,2,none,not assessed,short,leap-up,5,no,7,middle,yes,no,no,highest of phrase
Sunless 02,6,9,2,G#4,68,o,Bozeman tenor-mezzo midpoint,0.167,close,C#4,7.5,above secondo,6,1,none,not assessed,short,step,-1,no,7,middle,no,yes,no,
Sunless 02,6,9,2.333,G4,67,ʌ,derived from Bozeman tenor-mezzo,0.167,close,E4,2.5,inside,5,0,none,not assessed,short,step,-1,no,7,middle,no,yes,no,
Sunless 02,6,9,2.667,G#4,68,u,Bozeman tenor-mezzo midpoint,0.167,above,G3,13.5,above secondo,6,1,none,not assessed,short,step,1,no,7,middle,no,yes,no,
Sunless 02,6,9,3,F#4,66,i,Bozeman tenor-mezzo midpoint,0.333,above,E3,13.5,inside,4,-1,none,not assessed,short,step,-2,no,7,middle,no,yes,no,
Sunless 02,6,9,3.667,F4,65,ʌ,derived from Bozeman tenor-mezzo,0.333,close,E4,0.5,inside,3,-2,none,not assessed,short,step,-1,no,7,middle,no,no,no,turning pitch 0 to 2 st below
Sunless 02,6,9,4.333,C#4,61,ɑ,Bozeman tenor-mezzo midpoint,0.333,open,E4,-3.5,below primo,-1,-6,none,not assessed,short,leap-down,-4,no,7,middle,no,no,no,
Sunless 02,6,10,1,E4,64,e,Bozeman tenor-mezzo midpoint,0.5,close,D4,2.5,inside,2,-3,none,not assessed,short,leap-up,3,no,7,middle,no,no,no,
Sunless 02,6,10,2,D4,62,ɪ,derived from Bozeman tenor-mezzo,0.25,open,D4,-0.04,inside,0,-5,none,not assessed,short,step,-2,no,7,last,no,no,no,
Sunless 02,6,10,3,E4,64,u,Bozeman tenor-mezzo midpoint,1,close,G3,9.5,inside,2,-3,none,not assessed,short,step,2,yes,8,first,yes,no,no,highest of phrase
Sunless 02,6,11,1,D#4,63,o,Bozeman tenor-mezzo midpoint,0.5,close,C#4,2.5,inside,1,-4,none,not assessed,short,step,-1,no,8,middle,no,no,no,
Sunless 02,6,11,2,B3,59,i,Bozeman tenor-mezzo midpoint,0.25,close,E3,6.5,below primo,-3,-8,none,not assessed,short,leap-down,-4,no,8,last,no,no,no,
Sunless 02,6,11,2.75,G#3,56,ɑ,Bozeman tenor-mezzo midpoint,0.125,open,E4,-8.5,below primo,-6,-11,none,not assessed,short,leap-down,-3,yes,9,first,no,no,no,
Sunless 02,6,11,3,G3,55,e,Bozeman tenor-mezzo midpoint,0.5,open,D4,-6.5,below primo,-7,-12,none,not assessed,short,step,-1,no,9,middle,no,no,no,
Sunless 02,6,11,4,G#3,56,ɑ,Bozeman tenor-mezzo midpoint,0.25,open,E4,-8.5,below primo,-6,-11,none,not assessed,short,step,1,no,9,middle,no,no,no,
Sunless 02,6,11,4.5,G#3,56,i,Bozeman tenor-mezzo midpoint,0.25,close,E3,3.5,below primo,-6,-11,none,not assessed,short,repeated,0,no,9,middle,no,no,no,
Sunless 02,6,12,1,E4,64,o,Bozeman tenor-mezzo midpoint,0.5,close,C#4,3.5,inside,2,-3,none,not assessed,short,leap-up,8,no,9,last,yes,no,no,highest of phrase
Sunless 03,5,1,2,F4,65,ɑ,Bozeman tenor-mezzo midpoint,0.612,close,E4,0.5,inside,3,-2,none,not assessed,short,first note,,,0,first,yes,no,no,highest of phrase; turning pitch 0 to 2 st below
Sunless 03,5,2,1,F4,65,o,Bozeman tenor-mezzo midpoint,0.918,close,C#4,4.5,inside,3,-2,none,not assessed,short,repeated,0,no,0,middle,yes,no,no,highest of phrase
Sunless 03,5,2,2.5,G3,55,ɪ,derived from Bozeman tenor-mezzo,0.306,open,D4,-7.04,below primo,-7,-12,3,not assessed,short,leap-down,-10,no,0,middle,no,no,no,
Sunless 03,5,2,3,A3,57,ɑ,Bozeman tenor-mezzo midpoint,0.612,open,E4,-7.5,below primo,-5,-10,3,not assessed,short,step,2,no,0,middle,no,no,no,
Sunless 03,5,2,4,F3,53,ɨ,derived from Bozeman tenor-mezzo,0.306,open,A#3,-4.89,below primo,-9,-14,none,not assessed,short,leap-down,-4,no,0,last,no,no,no,
Sunless 03,5,3,1,C#4,61,u,Bozeman tenor-mezzo midpoint,0.918,close,G3,6.5,below primo,-1,-6,none,not assessed,short,leap-up,8,yes,1,first,yes,no,no,highest of phrase
Sunless 03,5,3,2.5,C#4,61,ɨ,derived from Bozeman tenor-mezzo,0.306,close,A#3,3.11,below primo,-1,-6,none,not assessed,short,repeated,0,no,1,middle,yes,no,no,highest of phrase
Sunless 03,5,3,3,C4,60,e,Bozeman tenor-mezzo midpoint,0.612,open,D4,-1.5,below primo,-2,-7,none,not assessed,short,step,-1,no,1,last,no,no,no,
Sunless 03,5,4,1.5,C4,60,u,Bozeman tenor-mezzo midpoint,0.306,close,G3,5.5,below primo,-2,-7,none,not assessed,short,repeated,0,yes,2,first,yes,no,no,highest of phrase
Sunless 03,5,4,2,C4,60,ɑ,Bozeman tenor-mezzo midpoint,0.306,open,E4,-4.5,below primo,-2,-7,none,not assessed,short,repeated,0,no,2,middle,yes,no,no,highest of phrase
Sunless 03,5,4,2.5,C4,60,ɑ,Bozeman tenor-mezzo midpoint,0.306,open,E4,-4.5,below primo,-2,-7,none,not assessed,short,repeated,0,no,2,middle,yes,no,no,highest of phrase
Sunless 03,5,4,3,F3,53,ɨ,derived from Bozeman tenor-mezzo,0.918,open,A#3,-4.89,below primo,-9,-14,none,not assessed,short,leap-down,-7,no,2,middle,no,no,no,
Sunless 03,5,4,4.5,F3,53,u,Bozeman tenor-mezzo midpoint,0.306,open,G3,-1.5,below primo,-9,-14,none,not assessed,short,repeated,0,no,2,middle,no,no,no,
Sunless 03,5,5,1,G3,55,o,Bozeman tenor-mezzo midpoint,0.612,open,C#4,-5.5,below primo,-7,-12,none,not assessed,short,step,2,no,2,middle,no,no,no,
Sunless 03,5,5,2,G3,55,u,Bozeman tenor-mezzo midpoint,0.306,close,G3,0.5,below primo,-7,-12,none,not assessed,short,repeated,0,no,2,last,no,no,no,turning pitch 0 to 2 st below
Sunless 03,5,5,3,A3,57,ɛ,Bozeman tenor-mezzo midpoint,0.612,open,D#4,-5.5,below primo,-5,-10,none,not assessed,short,step,2,yes,3,first,yes,no,no,highest of phrase
Sunless 03,5,5,4,F3,53,ɪ,derived from Bozeman tenor-mezzo,0.306,open,D4,-9.04,below primo,-9,-14,none,not assessed,short,leap-down,-4,no,3,last,no,no,no,
Sunless 03,5,6,1,D4,62,o,Bozeman tenor-mezzo midpoint,1.224,close,C#4,1.5,inside,0,-5,none,not assessed,short,leap-up,9,yes,4,first,yes,no,no,highest of phrase; turning pitch 0 to 2 st below
Sunless 03,5,6,3,A#3,58,i,Bozeman tenor-mezzo midpoint,0.612,close,E3,5.5,below primo,-4,-9,none,not assessed,short,leap-down,-4,no,4,middle,no,no,no,
Sunless 03,5,6,4,A#3,58,ʌ,derived from Bozeman tenor-mezzo,0.306,open,E4,-6.5,below primo,-4,-9,none,not assessed,short,repeated,0,no,4,last,no,no,no,
Sunless 03,5,7,1,A#3,58,ɑ,Bozeman tenor-mezzo midpoint,0.459,open,E4,-6.5,below primo,-4,-9,none,not assessed,short,repeated,0,yes,5,first,no,no,no,
Sunless 03,5,7,1.75,B3,59,ʌ,derived from Bozeman tenor-mezzo,0.153,open,E4,-5.5,below primo,-3,-8,none,not assessed,short,step,1,no,5,middle,no,no,no,
Sunless 03,5,7,2,C#4,61,o,Bozeman tenor-mezzo midpoint,0.306,close,C#4,0.5,below primo,-1,-6,none,not assessed,short,step,2,no,5,middle,no,no,no,turning pitch 0 to 2 st below
Sunless 03,5,7,2.5,F#4,66,i,Bozeman tenor-mezzo midpoint,0.306,above,E3,13.5,inside,4,-1,none,not assessed,short,leap-up,5,no,5,middle,yes,yes,yes,highest of phrase
Sunless 03,5,7,3,D#4,63,e,Bozeman tenor-mezzo midpoint,0.459,close,D4,1.5,inside,1,-4,none,not assessed,short,leap-down,-3,no,5,middle,no,no,no,turning pitch 0 to 2 st below
Sunless 03,5,7,3.75,D#4,63,ɑ,Bozeman tenor-mezzo midpoint,0.153,open,E4,-1.5,inside,1,-4,none,not assessed,short,repeated,0,no,5,middle,no,no,no,
Sunless 03,5,7,4,D#4,63,i,Bozeman tenor-mezzo midpoint,0.306,close,E3,10.5,inside,1,-4,none,not assessed,short,repeated,0,no,5,middle,no,no,no,
Sunless 03,5,7,4.5,D#4,63,u,Bozeman tenor-mezzo midpoint,0.306,close,G3,8.5,inside,1,-4,none,not assessed,short,repeated,0,no,5,middle,no,no,no,
Sunless 03,5,8,1,E4,64,a,derived from Bozeman tenor-mezzo,0.918,open,G4,-2.92,inside,2,-3,none,not assessed,short,step,1,no,5,middle,no,no,no,
Sunless 03,5,8,2.5,C4,60,u,Bozeman tenor-mezzo midpoint,0.306,close,G3,5.5,below primo,-2,-7,none,not assessed,short,leap-down,-4,no,5,middle,no,no,no,
Sunless 03,5,8,3,C4,60,u,Bozeman tenor-mezzo midpoint,0.612,close,G3,5.5,below primo,-2,-7,none,not assessed,short,repeated,0,no,5,middle,no,no,no,
Sunless 03,5,8,4,C4,60,ɑ,Bozeman tenor-mezzo midpoint,0.612,open,E4,-4.5,below primo,-2,-7,none,not assessed,short,repeated,0,no,5,middle,no,no,no,
Sunless 03,5,9,1,C4,60,ɛ,Bozeman tenor-mezzo midpoint,0.612,open,D#4,-2.5,below primo,-2,-7,none,not assessed,short,repeated,0,no,5,middle,no,no,no,
Sunless 03,5,9,2,F3,53,ɪ,derived from Bozeman tenor-mezzo,0.612,open,D4,-9.04,below primo,-9,-14,none,not assessed,short,leap-down,-7,no,5,last,no,no,no,
Sunless 03,5,9,4.5,F4,65,o,Bozeman tenor-mezzo midpoint,0.306,close,C#4,4.5,inside,3,-2,none,not assessed,short,leap-up,12,yes,6,first,yes,no,no,highest of phrase
Sunless 03,5,10,1,C#4,61,o,Bozeman tenor-mezzo midpoint,0.918,close,C#4,0.5,below primo,-1,-6,none,not assessed,short,leap-down,-4,no,6,middle,no,no,no,turning pitch 0 to 2 st below
Sunless 03,5,10,2.5,E3,52,ɑ,Bozeman tenor-mezzo midpoint,0.306,open,E4,-12.5,below primo,-10,-15,4,not assessed,short,leap-down,-9,no,6,middle,no,no,no,
Sunless 03,5,10,3,G3,55,ɑ,Bozeman tenor-mezzo midpoint,0.306,open,E4,-9.5,below primo,-7,-12,none,not assessed,short,leap-up,3,no,6,middle,no,no,no,
Sunless 03,5,10,3.5,C#4,61,ɑ,Bozeman tenor-mezzo midpoint,0.306,open,E4,-3.5,below primo,-1,-6,none,not assessed,short,leap-up,6,no,6,middle,no,no,no,
Sunless 03,5,10,4,C4,60,i,Bozeman tenor-mezzo midpoint,0.306,close,E3,7.5,below primo,-2,-7,none,not assessed,short,step,-1,no,6,middle,no,no,no,
Sunless 03,5,10,4.5,A#3,58,ɪ,derived from Bozeman tenor-mezzo,0.306,open,D4,-4.04,below primo,-4,-9,none,not assessed,short,step,-2,no,6,middle,no,no,no,
Sunless 03,5,11,1,A3,57,ɨ,derived from Bozeman tenor-mezzo,0.306,open,A#3,-0.89,below primo,-5,-10,none,not assessed,short,step,-1,no,6,last,no,no,no,
Sunless 03,5,11,3.5,A3,57,i,Bozeman tenor-mezzo midpoint,0.306,close,E3,4.5,below primo,-5,-10,none,not assessed,short,repeated,0,yes,7,first,no,no,no,
Sunless 03,5,11,4,A3,57,i,Bozeman tenor-mezzo midpoint,0.306,close,E3,4.5,below primo,-5,-10,none,not assessed,short,repeated,0,no,7,middle,no,no,no,
Sunless 03,5,11,4.5,C4,60,u,Bozeman tenor-mezzo midpoint,0.306,close,G3,5.5,below primo,-2,-7,none,not assessed,short,leap-up,3,no,7,middle,no,no,no,
Sunless 03,5,12,1,B3,59,ɑ,Bozeman tenor-mezzo midpoint,0.918,open,E4,-5.5,below primo,-3,-8,none,not assessed,short,step,-1,no,7,middle,no,no,no,
Sunless 03,5,12,2.5,B3,59,i,Bozeman tenor-mezzo midpoint,0.306,close,E3,6.5,below primo,-3,-8,none,not assessed,short,repeated,0,no,7,middle,no,no,no,
Sunless 03,5,12,3,E4,64,o,Bozeman tenor-mezzo midpoint,0.918,close,C#4,3.5,inside,2,-3,none,not assessed,short,leap-up,5,no,7,middle,yes,no,no,highest of phrase
Sunless 03,5,12,4.5,D4,62,i,Bozeman tenor-mezzo midpoint,0.306,close,E3,9.5,inside,0,-5,none,not assessed,short,step,-2,no,7,middle,no,no,no,
Sunless 03,5,13,1,C4,60,i,Bozeman tenor-mezzo midpoint,0.612,close,E3,7.5,below primo,-2,-7,none,not assessed,short,step,-2,no,7,middle,no,no,no,
Sunless 03,5,13,2,B3,59,ɨ,derived from Bozeman tenor-mezzo,0.306,close,A#3,1.11,below primo,-3,-8,none,not assessed,short,step,-1,no,7,last,no,no,no,turning pitch 0 to 2 st below
Sunless 03,5,13,3.5,A#3,58,ʌ,derived from Bozeman tenor-mezzo,0.306,open,E4,-6.5,below primo,-4,-9,none,not assessed,short,step,-1,yes,8,first,no,no,no,
Sunless 03,5,13,4,A3,57,ʌ,derived from Bozeman tenor-mezzo,0.306,open,E4,-7.5,below primo,-5,-10,3,not assessed,short,step,-1,no,8,middle,no,no,no,
Sunless 03,5,13,4.5,A3,57,ɑ,Bozeman tenor-mezzo midpoint,0.306,open,E4,-7.5,below primo,-5,-10,3,not assessed,short,repeated,0,no,8,middle,no,no,no,
Sunless 03,5,14,1,G#3,56,e,Bozeman tenor-mezzo midpoint,0.306,open,D4,-5.5,below primo,-6,-11,none,not assessed,short,step,-1,no,8,middle,no,no,no,
Sunless 03,5,14,1.5,G#3,56,i,Bozeman tenor-mezzo midpoint,0.306,close,E3,3.5,below primo,-6,-11,none,not assessed,short,repeated,0,no,8,middle,no,no,no,
Sunless 03,5,14,2,B3,59,ɪ,derived from Bozeman tenor-mezzo,0.306,open,D4,-3.04,below primo,-3,-8,none,not assessed,short,leap-up,3,no,8,middle,no,no,no,
Sunless 03,5,14,2.5,B3,59,e,Bozeman tenor-mezzo midpoint,0.306,open,D4,-2.5,below primo,-3,-8,none,not assessed,short,repeated,0,no,8,middle,no,no,no,
Sunless 03,5,14,3,C#4,61,i,Bozeman tenor-mezzo midpoint,0.306,close,E3,8.5,below primo,-1,-6,none,not assessed,short,step,2,no,8,last,yes,no,no,highest of phrase
Sunless 03,5,14,4,C#4,61,ɑ,Bozeman tenor-mezzo midpoint,0.612,open,E4,-3.5,below primo,-1,-6,none,not assessed,short,repeated,0,yes,9,first,no,no,no,
Sunless 03,5,15,1,D#4,63,o,Bozeman tenor-mezzo midpoint,0.918,close,C#4,2.5,inside,1,-4,none,not assessed,short,step,2,no,9,middle,no,no,no,
Sunless 03,5,15,2.5,D#4,63,u,Bozeman tenor-mezzo midpoint,0.306,close,G3,8.5,inside,1,-4,none,not assessed,short,repeated,0,no,9,middle,no,no,no,
Sunless 03,5,15,3,E4,64,ɑ,Bozeman tenor-mezzo midpoint,0.459,open,E4,-0.5,inside,2,-3,none,not assessed,short,step,1,no,9,middle,yes,no,no,highest of phrase
Sunless 03,5,15,3.75,C4,60,ɪ,derived from Bozeman tenor-mezzo,0.153,open,D4,-2.04,below primo,-2,-7,none,not assessed,short,leap-down,-4,no,9,middle,no,no,no,
Sunless 03,5,15,4,G3,55,ɨ,derived from Bozeman tenor-mezzo,0.306,open,A#3,-2.89,below primo,-7,-12,none,not assessed,short,leap-down,-5,no,9,middle,no,no,no,
Sunless 03,5,15,4.5,G3,55,ɑ,Bozeman tenor-mezzo midpoint,0.306,open,E4,-9.5,below primo,-7,-12,none,not assessed,short,repeated,0,no,9,middle,no,no,no,
Sunless 03,5,16,1,A3,57,i,Bozeman tenor-mezzo midpoint,0.612,close,E3,4.5,below primo,-5,-10,none,not assessed,short,step,2,no,9,middle,no,no,no,
Sunless 03,5,16,2,F3,53,ɨ,derived from Bozeman tenor-mezzo,0.306,open,A#3,-4.89,below primo,-9,-14,none,not assessed,short,leap-down,-4,no,9,last,no,no,no,
Sunless 03,5,16,3.5,C4,60,ɑ,Bozeman tenor-mezzo midpoint,0.306,open,E4,-4.5,below primo,-2,-7,none,not assessed,short,leap-up,7,yes,10,first,no,no,no,
Sunless 03,5,16,4,F4,65,u,Bozeman tenor-mezzo midpoint,0.306,close,G3,10.5,inside,3,-2,none,not assessed,short,leap-up,5,no,10,middle,yes,no,no,highest of phrase
Sunless 03,5,16,4.5,C4,60,ʌ,derived from Bozeman tenor-mezzo,0.306,open,E4,-4.5,below primo,-2,-7,none,not assessed,short,leap-down,-5,no,10,middle,no,no,no,
Sunless 03,5,17,1,D#4,63,o,Bozeman tenor-mezzo midpoint,0.816,close,C#4,2.5,inside,1,-4,none,not assessed,short,leap-up,3,no,10,middle,no,no,no,
Sunless 03,5,17,2.333,D#4,63,ɨ,derived from Bozeman tenor-mezzo,0.408,close,A#3,5.11,inside,1,-4,none,not assessed,short,repeated,0,no,10,middle,no,no,no,
Sunless 03,5,17,3,C#4,61,ɑ,Bozeman tenor-mezzo midpoint,0.816,open,E4,-3.5,below primo,-1,-6,none,not assessed,short,step,-2,no,10,middle,no,no,no,
Sunless 03,5,17,4.333,E4,64,ɑ,Bozeman tenor-mezzo midpoint,0.408,open,E4,-0.5,inside,2,-3,none,not assessed,short,leap-up,3,no,10,middle,no,no,no,
Sunless 03,5,18,1,C#4,61,ɑ,Bozeman tenor-mezzo midpoint,0.816,open,E4,-3.5,below primo,-1,-6,none,not assessed,short,leap-down,-3,no,10,middle,no,no,no,
Sunless 03,5,18,2.333,C#4,61,ɑ,Bozeman tenor-mezzo midpoint,0.408,open,E4,-3.5,below primo,-1,-6,none,not assessed,short,tie,0,no,10,last,no,no,no,
Sunless 03,5,18,4.333,C4,60,i,Bozeman tenor-mezzo midpoint,0.408,close,E3,7.5,below primo,-2,-7,none,not assessed,short,step,-1,yes,11,first,no,no,no,
Sunless 03,5,19,1,D#4,63,e,Bozeman tenor-mezzo midpoint,0.816,close,D4,1.5,inside,1,-4,none,not assessed,short,leap-up,3,no,11,middle,no,no,no,turning pitch 0 to 2 st below
Sunless 03,5,19,2.333,D#4,63,i,Bozeman tenor-mezzo midpoint,0.408,close,E3,10.5,inside,1,-4,none,not assessed,short,repeated,0,no,11,middle,no,no,no,
Sunless 03,5,19,3,C#4,61,ɑ,Bozeman tenor-mezzo midpoint,0.816,open,E4,-3.5,below primo,-1,-6,none,not assessed,short,step,-2,no,11,middle,no,no,no,
Sunless 03,5,19,4.333,E4,64,ɨ,derived from Bozeman tenor-mezzo,0.408,close,A#3,6.11,inside,2,-3,none,not assessed,short,leap-up,3,no,11,middle,yes,no,no,highest of phrase
Sunless 03,5,20,1,C#4,61,o,Bozeman tenor-mezzo midpoint,0.816,close,C#4,0.5,below primo,-1,-6,none,not assessed,short,leap-down,-3,no,11,middle,no,no,no,turning pitch 0 to 2 st below
Sunless 03,5,20,2.333,C#4,61,i,Bozeman tenor-mezzo midpoint,0.408,close,E3,8.5,below primo,-1,-6,none,not assessed,short,repeated,0,no,11,middle,no,no,no,
Sunless 03,5,20,3,A#3,58,e,Bozeman tenor-mezzo midpoint,0.408,open,D4,-3.5,below primo,-4,-9,none,not assessed,short,leap-down,-3,no,11,middle,no,no,no,
Sunless 03,5,20,3.667,C4,60,i,Bozeman tenor-mezzo midpoint,0.204,close,E3,7.5,below primo,-2,-7,none,not assessed,short,step,2,no,11,last,no,no,no,
Sunless 03,5,20,4.333,C4,60,u,Bozeman tenor-mezzo midpoint,0.408,close,G3,5.5,below primo,-2,-7,none,not assessed,short,repeated,0,yes,12,first,no,no,no,
Sunless 03,5,21,1,C#4,61,ɨ,derived from Bozeman tenor-mezzo,0.816,close,A#3,3.11,below primo,-1,-6,none,not assessed,short,step,1,no,12,middle,no,no,no,
Sunless 03,5,21,2.333,C#4,61,ɑ,Bozeman tenor-mezzo midpoint,0.408,open,E4,-3.5,below primo,-1,-6,none,not assessed,short,repeated,0,no,12,middle,no,no,no,
Sunless 03,5,21,3,A#3,58,ʌ,derived from Bozeman tenor-mezzo,0.816,open,E4,-6.5,below primo,-4,-9,none,not assessed,short,leap-down,-3,no,12,middle,no,no,no,
Sunless 03,5,21,4.333,C4,60,ɪ,derived from Bozeman tenor-mezzo,0.408,open,D4,-2.04,below primo,-2,-7,none,not assessed,short,step,2,no,12,middle,no,no,no,
Sunless 03,5,22,1,C#4,61,ɑ,Bozeman tenor-mezzo midpoint,0.816,open,E4,-3.5,below primo,-1,-6,none,not assessed,short,step,1,no,12,middle,no,no,no,
Sunless 03,5,22,2.333,C#4,61,u,Bozeman tenor-mezzo midpoint,0.408,close,G3,6.5,below primo,-1,-6,none,not assessed,short,repeated,0,no,12,middle,no,no,no,
Sunless 03,5,22,3,A#3,58,ɑ,Bozeman tenor-mezzo midpoint,0.816,open,E4,-6.5,below primo,-4,-9,none,not assessed,short,leap-down,-3,no,12,middle,no,no,no,
Sunless 03,5,22,4.333,C4,60,ɑ,Bozeman tenor-mezzo midpoint,0.408,open,E4,-4.5,below primo,-2,-7,none,not assessed,short,step,2,no,12,middle,no,no,no,
Sunless 03,5,23,1,F4,65,ɛ,Bozeman tenor-mezzo midpoint,0.408,close,D#4,2.5,inside,3,-2,none,not assessed,short,leap-up,5,no,12,middle,yes,no,no,highest of phrase
Sunless 03,5,23,1.667,F4,65,ɛ,Bozeman tenor-mezzo midpoint,0.204,close,D#4,2.5,inside,3,-2,none,not assessed,short,tie,0,no,12,last,yes,no,no,highest of phrase
Sunless 03,5,23,2.333,C#4,61,ɑ,Bozeman tenor-mezzo midpoint,0.408,open,E4,-3.5,below primo,-1,-6,none,not assessed,short,leap-down,-4,yes,13,first,no,no,no,
Sunless 03,5,23,3,E4,64,ɨ,derived from Bozeman tenor-mezzo,0.408,close,A#3,6.11,inside,2,-3,none,not assessed,short,leap-up,3,no,13,middle,yes,no,no,highest of phrase
Sunless 03,5,23,3.667,C4,60,ʌ,derived from Bozeman tenor-mezzo,0.408,open,E4,-4.5,below primo,-2,-7,none,not assessed,short,leap-down,-4,no,13,last,no,no,no,
Sunless 03,5,24,1.667,A#3,58,ɑ,Bozeman tenor-mezzo midpoint,0.408,open,E4,-6.5,below primo,-4,-9,none,not assessed,short,step,-2,yes,14,first,no,no,no,
Sunless 03,5,24,2.333,A#3,58,u,Bozeman tenor-mezzo midpoint,0.408,close,G3,3.5,below primo,-4,-9,none,not assessed,short,repeated,0,no,14,middle,no,no,no,
Sunless 03,5,24,3,C#4,61,e,Bozeman tenor-mezzo midpoint,0.816,open,D4,-0.5,below primo,-1,-6,none,not assessed,short,leap-up,3,no,14,middle,yes,no,no,highest of phrase
Sunless 03,5,24,4.333,C4,60,i,Bozeman tenor-mezzo midpoint,0.204,close,E3,7.5,below primo,-2,-7,none,not assessed,short,step,-1,no,14,last,no,no,no,
Sunless 03,5,24,4.833,G3,55,u,Bozeman tenor-mezzo midpoint,0.102,close,G3,0.5,below primo,-7,-12,none,not assessed,short,leap-down,-5,yes,15,first,yes,no,no,highest of phrase; turning pitch 0 to 2 st below
Sunless 03,5,25,1,F3,53,ɨ,derived from Bozeman tenor-mezzo,0.306,open,A#3,-4.89,below primo,-9,-14,none,not assessed,short,step,-2,no,15,last,no,no,no,
Sunless 03,5,25,2.5,F3,53,o,Bozeman tenor-mezzo midpoint,0.306,open,C#4,-7.5,below primo,-9,-14,3,not assessed,short,repeated,0,yes,16,first,no,no,no,
Sunless 03,5,25,3,B3,59,i,Bozeman tenor-mezzo midpoint,0.306,close,E3,6.5,below primo,-3,-8,none,not assessed,short,leap-up,6,no,16,middle,yes,no,no,highest of phrase
Sunless 03,5,25,3.5,G#3,56,ɑ,Bozeman tenor-mezzo midpoint,0.306,open,E4,-8.5,below primo,-6,-11,none,not assessed,short,leap-down,-3,no,16,middle,no,no,no,
Sunless 03,5,25,4,G3,55,i,Bozeman tenor-mezzo midpoint,0.306,close,E3,2.5,below primo,-7,-12,none,not assessed,short,step,-1,no,16,middle,no,no,no,
Sunless 03,5,25,4.5,G#3,56,ɑ,Bozeman tenor-mezzo midpoint,0.306,open,E4,-8.5,below primo,-6,-11,none,not assessed,short,step,1,no,16,middle,no,no,no,
Sunless 03,5,26,1,F3,53,i,Bozeman tenor-mezzo midpoint,0.612,close,E3,0.5,below primo,-9,-14,none,not assessed,short,leap-down,-3,no,16,last,no,no,no,turning pitch 0 to 2 st below
Sunless 03,5,26,2.5,F3,53,ɛ,Bozeman tenor-mezzo midpoint,0.306,open,D#4,-9.5,below primo,-9,-14,none,not assessed,short,repeated,0,yes,17,first,no,no,no,
Sunless 03,5,26,3,F4,65,u,Bozeman tenor-mezzo midpoint,0.918,close,G3,10.5,inside,3,-2,none,not assessed,short,leap-up,12,no,17,middle,yes,no,no,highest of phrase
Sunless 03,5,26,4.5,G3,55,ʌ,derived from Bozeman tenor-mezzo,0.306,open,E4,-9.5,below primo,-7,-12,none,not assessed,short,leap-down,-10,no,17,middle,no,no,no,
Sunless 03,5,27,1,A3,57,o,Bozeman tenor-mezzo midpoint,0.306,open,C#4,-3.5,below primo,-5,-10,none,not assessed,short,step,2,no,17,middle,no,no,no,
Sunless 03,5,27,1.5,A3,57,ʌ,derived from Bozeman tenor-mezzo,0.306,open,E4,-7.5,below primo,-5,-10,3,not assessed,short,repeated,0,no,17,middle,no,no,no,
Sunless 03,5,27,2,G3,55,i,Bozeman tenor-mezzo midpoint,0.306,close,E3,2.5,below primo,-7,-12,none,not assessed,short,step,-2,no,17,middle,no,no,no,
Sunless 03,5,27,2.5,F3,53,ɑ,Bozeman tenor-mezzo midpoint,0.306,open,E4,-11.5,below primo,-9,-14,none,not assessed,short,step,-2,no,17,middle,no,no,no,
Sunless 03,5,27,3,C#4,61,o,Bozeman tenor-mezzo midpoint,0.612,close,C#4,0.5,below primo,-1,-6,none,not assessed,short,leap-up,8,no,17,middle,no,no,no,turning pitch 0 to 2 st below
Sunless 03,5,27,4,A#3,58,u,Bozeman tenor-mezzo midpoint,0.306,close,G3,3.5,below primo,-4,-9,none,not assessed,short,leap-down,-3,no,17,last,no,no,no,
Sunless 03,5,27,4.75,A#3,58,i,Bozeman tenor-mezzo midpoint,0.153,close,E3,5.5,below primo,-4,-9,none,not assessed,short,repeated,0,yes,18,first,no,no,no,
Sunless 03,5,28,1,F4,65,u,Bozeman tenor-mezzo midpoint,0.816,close,G3,10.5,inside,3,-2,none,not assessed,short,leap-up,7,no,18,middle,yes,no,no,highest of phrase
Sunless 03,5,28,2.333,E4,64,i,Bozeman tenor-mezzo midpoint,0.408,crossing,E3,11.5,inside,2,-3,none,not assessed,short,step,-1,no,18,middle,no,no,no,crossing
Sunless 03,5,28,3,C#4,61,ɑ,Bozeman tenor-mezzo midpoint,0.816,open,E4,-3.5,below primo,-1,-6,none,not assessed,short,leap-down,-3,no,18,middle,no,no,no,
Sunless 03,5,28,4.333,C4,60,ʌ,derived from Bozeman tenor-mezzo,0.408,open,E4,-4.5,below primo,-2,-7,none,not assessed,short,step,-1,no,18,middle,no,no,no,
Sunless 03,5,29,1,F4,65,ʌ,derived from Bozeman tenor-mezzo,0.816,close,E4,0.5,inside,3,-2,none,not assessed,short,leap-up,5,no,18,middle,yes,no,no,highest of phrase; turning pitch 0 to 2 st below
Sunless 03,5,29,2.333,E4,64,ɑ,Bozeman tenor-mezzo midpoint,0.408,open,E4,-0.5,inside,2,-3,none,not assessed,short,step,-1,no,18,middle,no,no,no,
Sunless 03,5,29,3,C#4,61,i,Bozeman tenor-mezzo midpoint,0.816,close,E3,8.5,below primo,-1,-6,none,not assessed,short,leap-down,-3,no,18,middle,no,no,no,
Sunless 03,5,29,4.333,C4,60,u,Bozeman tenor-mezzo midpoint,0.408,close,G3,5.5,below primo,-2,-7,none,not assessed,short,step,-1,no,18,middle,no,no,no,
Sunless 03,5,30,1,F3,53,ɛ,Bozeman tenor-mezzo midpoint,0.918,open,D#4,-9.5,below primo,-9,-14,none,not assessed,short,leap-down,-7,no,18,middle,no,no,no,
Sunless 03,5,30,2.5,F3,53,ɪ,derived from Bozeman tenor-mezzo,0.306,open,D4,-9.04,below primo,-9,-14,none,not assessed,short,repeated,0,no,18,middle,no,no,no,
Sunless 03,5,30,3,G3,55,ɑ,Bozeman tenor-mezzo midpoint,0.306,open,E4,-9.5,below primo,-7,-12,none,not assessed,short,step,2,no,18,middle,no,no,no,
Sunless 03,5,30,3.5,G3,55,ɪ,derived from Bozeman tenor-mezzo,0.306,open,D4,-7.04,below primo,-7,-12,3,not assessed,short,repeated,0,no,18,middle,no,no,no,
Sunless 03,5,30,4,F3,53,ɑ,Bozeman tenor-mezzo midpoint,0.306,open,E4,-11.5,below primo,-9,-14,none,not assessed,short,step,-2,no,18,middle,no,no,no,
Sunless 03,5,30,4.5,G3,55,ɑ,Bozeman tenor-mezzo midpoint,0.306,open,E4,-9.5,below primo,-7,-12,none,not assessed,short,step,2,no,18,middle,no,no,no,
Sunless 03,5,31,1,A3,57,o,Bozeman tenor-mezzo midpoint,0.612,open,C#4,-3.5,below primo,-5,-10,none,not assessed,short,step,2,no,18,middle,no,no,no,
Sunless 03,5,31,2,C4,60,u,Bozeman tenor-mezzo midpoint,0.306,close,G3,5.5,below primo,-2,-7,none,not assessed,short,leap-up,3,no,18,last,no,no,no,
Sunless 03,5,31,4,C4,60,i,Bozeman tenor-mezzo midpoint,0.612,close,E3,7.5,below primo,-2,-7,none,not assessed,short,repeated,0,yes,19,first,no,no,no,
Sunless 03,5,32,1,D#4,63,e,Bozeman tenor-mezzo midpoint,0.204,close,D4,1.5,inside,1,-4,none,not assessed,short,leap-up,3,no,19,middle,no,no,no,turning pitch 0 to 2 st below
Sunless 03,5,32,1.333,F4,65,e,Bozeman tenor-mezzo midpoint,0.204,close,D4,3.5,inside,3,-2,none,not assessed,short,step,2,no,19,middle,no,no,no,
Sunless 03,5,32,1.667,G4,67,ɑ,Bozeman tenor-mezzo midpoint,0.204,close,E4,2.5,inside,5,0,none,not assessed,short,step,2,no,19,middle,no,yes,no,
Sunless 03,5,32,2,F4,65,ɑ,Bozeman tenor-mezzo midpoint,0.204,close,E4,0.5,inside,3,-2,none,not assessed,short,step,-2,no,19,middle,no,no,no,turning pitch 0 to 2 st below
Sunless 03,5,32,2.333,G4,67,ɑ,Bozeman tenor-mezzo midpoint,0.204,close,E4,2.5,inside,5,0,none,not assessed,short,step,2,no,19,middle,no,yes,no,
Sunless 03,5,32,2.667,C4,60,i,Bozeman tenor-mezzo midpoint,0.204,close,E3,7.5,below primo,-2,-7,none,not assessed,short,leap-down,-7,no,19,middle,no,no,no,
Sunless 03,5,32,3,D#4,63,ɛ,Bozeman tenor-mezzo midpoint,0.204,close,D#4,0.5,inside,1,-4,none,not assessed,short,leap-up,3,no,19,middle,no,no,no,turning pitch 0 to 2 st below
Sunless 03,5,32,3.333,C#4,61,ɛ,Bozeman tenor-mezzo midpoint,0.204,open,D#4,-1.5,below primo,-1,-6,none,not assessed,short,step,-2,no,19,middle,no,no,no,
Sunless 03,5,32,3.667,C4,60,i,Bozeman tenor-mezzo midpoint,0.204,close,E3,7.5,below primo,-2,-7,none,not assessed,short,step,-1,no,19,middle,no,no,no,
Sunless 03,5,32,4,D#4,63,e,Bozeman tenor-mezzo midpoint,0.408,close,D4,1.5,inside,1,-4,none,not assessed,short,leap-up,3,no,19,middle,no,no,no,turning pitch 0 to 2 st below
Sunless 03,5,32,4.667,D#4,63,i,Bozeman tenor-mezzo midpoint,0.204,close,E3,10.5,inside,1,-4,none,not assessed,short,repeated,0,no,19,middle,no,no,no,
Sunless 03,5,33,1,D#4,63,i,Bozeman tenor-mezzo midpoint,0.204,close,E3,10.5,inside,1,-4,none,not assessed,short,repeated,0,no,19,middle,no,no,no,
Sunless 03,5,33,1.333,F4,65,i,Bozeman tenor-mezzo midpoint,0.204,above,E3,12.5,inside,3,-2,none,not assessed,short,step,2,no,19,middle,no,no,no,
Sunless 03,5,33,1.667,G4,67,ɑ,Bozeman tenor-mezzo midpoint,0.204,close,E4,2.5,inside,5,0,none,not assessed,short,step,2,no,19,middle,no,yes,no,
Sunless 03,5,33,2,F4,65,ɛ,Bozeman tenor-mezzo midpoint,0.204,close,D#4,2.5,inside,3,-2,none,not assessed,short,step,-2,no,19,middle,no,no,no,
Sunless 03,5,33,2.333,G4,67,ɛ,Bozeman tenor-mezzo midpoint,0.204,close,D#4,4.5,inside,5,0,none,not assessed,short,step,2,no,19,middle,no,yes,no,
Sunless 03,5,33,2.667,C4,60,ɨ,derived from Bozeman tenor-mezzo,0.204,close,A#3,2.11,below primo,-2,-7,none,not assessed,short,leap-down,-7,no,19,middle,no,no,no,
Sunless 03,5,33,3,D#4,63,ɑ,Bozeman tenor-mezzo midpoint,0.204,open,E4,-1.5,inside,1,-4,none,not assessed,short,leap-up,3,no,19,middle,no,no,no,
Sunless 03,5,33,3.333,C#4,61,ɑ,Bozeman tenor-mezzo midpoint,0.204,open,E4,-3.5,below primo,-1,-6,none,not assessed,short,step,-2,no,19,middle,no,no,no,
Sunless 03,5,33,3.667,C4,60,u,Bozeman tenor-mezzo midpoint,0.204,close,G3,5.5,below primo,-2,-7,none,not assessed,short,step,-1,no,19,middle,no,no,no,
Sunless 03,5,33,4,D#4,63,o,Bozeman tenor-mezzo midpoint,0.204,close,C#4,2.5,inside,1,-4,none,not assessed,short,leap-up,3,no,19,middle,no,no,no,
Sunless 03,5,33,4.333,D#4,63,u,Bozeman tenor-mezzo midpoint,0.204,close,G3,8.5,inside,1,-4,none,not assessed,short,repeated,0,no,19,middle,no,no,no,
Sunless 03,5,33,4.667,C#4,61,i,Bozeman tenor-mezzo midpoint,0.204,close,E3,8.5,below primo,-1,-6,none,not assessed,short,step,-2,no,19,middle,no,no,no,
Sunless 03,5,34,1,E4,64,e,Bozeman tenor-mezzo midpoint,0.204,close,D4,2.5,inside,2,-3,none,not assessed,short,leap-up,3,no,19,middle,no,no,no,
Sunless 03,5,34,1.333,G#3,56,e,Bozeman tenor-mezzo midpoint,0.204,open,D4,-5.5,below primo,-6,-11,none,not assessed,short,leap-down,-8,no,19,middle,no,no,no,
Sunless 03,5,34,1.667,B3,59,ɨ,derived from Bozeman tenor-mezzo,0.204,close,A#3,1.11,below primo,-3,-8,none,not assessed,short,leap-up,3,no,19,middle,no,no,no,turning pitch 0 to 2 st below
Sunless 03,5,34,2,D#4,63,u,Bozeman tenor-mezzo midpoint,0.408,close,G3,8.5,inside,1,-4,none,not assessed,short,leap-up,4,no,19,middle,no,no,no,
Sunless 03,5,34,2.667,C#4,61,i,Bozeman tenor-mezzo midpoint,0.204,close,E3,8.5,below primo,-1,-6,none,not assessed,short,step,-2,no,19,middle,no,no,no,
Sunless 03,5,34,3,E4,64,u,Bozeman tenor-mezzo midpoint,0.204,close,G3,9.5,inside,2,-3,none,not assessed,short,leap-up,3,no,19,middle,no,no,no,
Sunless 03,5,34,3.333,G#3,56,u,Bozeman tenor-mezzo midpoint,0.204,close,G3,1.5,below primo,-6,-11,none,not assessed,short,leap-down,-8,no,19,middle,no,no,no,turning pitch 0 to 2 st below
Sunless 03,5,34,3.667,B3,59,ɨ,derived from Bozeman tenor-mezzo,0.204,close,A#3,1.11,below primo,-3,-8,none,not assessed,short,leap-up,3,no,19,middle,no,no,no,turning pitch 0 to 2 st below
Sunless 03,5,34,4,D#4,63,e,Bozeman tenor-mezzo midpoint,0.408,close,D4,1.5,inside,1,-4,none,not assessed,short,leap-up,4,no,19,middle,no,no,no,turning pitch 0 to 2 st below
Sunless 03,5,34,4.667,C#4,61,ɑ,Bozeman tenor-mezzo midpoint,0.204,open,E4,-3.5,below primo,-1,-6,none,not assessed,short,step,-2,no,19,middle,no,no,no,
Sunless 03,5,35,1,D#4,63,i,Bozeman tenor-mezzo midpoint,0.204,close,E3,10.5,inside,1,-4,none,not assessed,short,step,2,no,19,middle,no,no,no,
Sunless 03,5,35,1.333,F4,65,i,Bozeman tenor-mezzo midpoint,0.204,above,E3,12.5,inside,3,-2,none,not assessed,short,step,2,no,19,middle,no,no,no,
Sunless 03,5,35,1.667,G4,67,ɑ,Bozeman tenor-mezzo midpoint,0.204,close,E4,2.5,inside,5,0,none,not assessed,short,step,2,no,19,middle,no,yes,no,
Sunless 03,5,35,2,G#4,68,i,Bozeman tenor-mezzo midpoint,0.204,above,E3,15.5,above secondo,6,1,none,not assessed,short,step,1,no,19,middle,yes,yes,yes,highest of phrase
Sunless 03,5,35,2.333,G4,67,i,Bozeman tenor-mezzo midpoint,0.204,above,E3,14.5,inside,5,0,none,not assessed,short,step,-1,no,19,middle,no,yes,no,
Sunless 03,5,35,2.667,C4,60,ʌ,derived from Bozeman tenor-mezzo,0.204,open,E4,-4.5,below primo,-2,-7,none,not assessed,short,leap-down,-7,no,19,middle,no,no,no,
Sunless 03,5,35,3,D#4,63,i,Bozeman tenor-mezzo midpoint,0.204,close,E3,10.5,inside,1,-4,none,not assessed,short,leap-up,3,no,19,middle,no,no,no,
Sunless 03,5,35,3.333,C#4,61,i,Bozeman tenor-mezzo midpoint,0.204,close,E3,8.5,below primo,-1,-6,none,not assessed,short,step,-2,no,19,middle,no,no,no,
Sunless 03,5,35,3.667,C4,60,ɑ,Bozeman tenor-mezzo midpoint,0.204,open,E4,-4.5,below primo,-2,-7,none,not assessed,short,step,-1,no,19,middle,no,no,no,
Sunless 03,5,35,4,D#4,63,o,Bozeman tenor-mezzo midpoint,0.204,close,C#4,2.5,inside,1,-4,none,not assessed,short,leap-up,3,no,19,middle,no,no,no,
Sunless 03,5,35,4.333,A#3,58,u,Bozeman tenor-mezzo midpoint,0.204,close,G3,3.5,below primo,-4,-9,none,not assessed,short,leap-down,-5,no,19,middle,no,no,no,
Sunless 03,5,35,4.667,C4,60,i,Bozeman tenor-mezzo midpoint,0.204,close,E3,7.5,below primo,-2,-7,none,not assessed,short,step,2,no,19,middle,no,no,no,
Sunless 03,5,36,1,F4,65,ɛ,Bozeman tenor-mezzo midpoint,0.204,close,D#4,2.5,inside,3,-2,none,not assessed,short,leap-up,5,no,19,middle,no,no,no,
Sunless 03,5,36,1.167,E4,64,ɛ,Bozeman tenor-mezzo midpoint,0.204,close,D#4,1.5,inside,2,-3,none,not assessed,short,step,-1,no,19,middle,no,no,no,turning pitch 0 to 2 st below
Sunless 03,5,36,1.333,F4,65,ʌ,derived from Bozeman tenor-mezzo,0.204,close,E4,0.5,inside,3,-2,none,not assessed,short,step,1,no,19,middle,no,no,no,turning pitch 0 to 2 st below
Sunless 03,5,36,1.5,D4,62,ɑ,Bozeman tenor-mezzo midpoint,0.204,open,E4,-2.5,inside,0,-5,none,not assessed,short,leap-down,-3,no,19,middle,no,no,no,
Sunless 03,5,36,1.667,E4,64,ɑ,Bozeman tenor-mezzo midpoint,0.204,open,E4,-0.5,inside,2,-3,none,not assessed,short,step,2,no,19,middle,no,no,no,
Sunless 03,5,36,1.833,C4,60,ɑ,Bozeman tenor-mezzo midpoint,0.204,open,E4,-4.5,below primo,-2,-7,none,not assessed,short,leap-down,-4,no,19,middle,no,no,no,
Sunless 03,5,36,2,D#4,63,e,Bozeman tenor-mezzo midpoint,0.408,close,D4,1.5,inside,1,-4,none,not assessed,short,leap-up,3,no,19,middle,no,no,no,turning pitch 0 to 2 st below
Sunless 03,5,36,2.333,C#4,61,ɑ,Bozeman tenor-mezzo midpoint,0.204,open,E4,-3.5,below primo,-1,-6,none,not assessed,short,step,-2,no,19,middle,no,no,no,
Sunless 03,5,36,2.5,B3,59,o,Bozeman tenor-mezzo midpoint,0.204,open,C#4,-1.5,below primo,-3,-8,none,not assessed,short,step,-2,no,19,last,no,no,no,
Sunless 03,5,36,2.833,F4,65,u,Bozeman tenor-mezzo midpoint,0.204,close,G3,10.5,inside,3,-2,none,not assessed,short,leap-up,6,yes,20,first,no,no,no,
Sunless 03,5,36,3,A4,69,u,Bozeman tenor-mezzo midpoint,0.204,above,G3,14.5,above secondo,7,2,none,not assessed,short,leap-up,4,no,20,middle,yes,no,no,highest of phrase
Sunless 03,5,36,3.167,G4,67,u,Bozeman tenor-mezzo midpoint,0.204,crossing,G3,12.5,inside,5,0,none,not assessed,short,step,-2,no,20,middle,no,yes,yes,crossing
Sunless 03,5,36,3.333,F4,65,u,Bozeman tenor-mezzo midpoint,0.204,close,G3,10.5,inside,3,-2,none,not assessed,short,step,-2,no,20,middle,no,no,no,
Sunless 03,5,36,3.5,E4,64,ɑ,Bozeman tenor-mezzo midpoint,0.204,open,E4,-0.5,inside,2,-3,none,not assessed,short,step,-1,no,20,middle,no,no,no,
Sunless 03,5,36,3.667,F4,65,ɑ,Bozeman tenor-mezzo midpoint,0.204,close,E4,0.5,inside,3,-2,none,not assessed,short,step,1,no,20,middle,no,no,no,turning pitch 0 to 2 st below
Sunless 03,5,36,3.833,C4,60,i,Bozeman tenor-mezzo midpoint,0.204,close,E3,7.5,below primo,-2,-7,none,not assessed,short,leap-down,-5,no,20,middle,no,no,no,
Sunless 03,5,37,1,D#4,63,ɛ,Bozeman tenor-mezzo midpoint,0.204,close,D#4,0.5,inside,1,-4,none,not assessed,short,leap-up,3,no,20,last,no,no,no,turning pitch 0 to 2 st below
Sunless 03,5,37,1.667,A#3,58,ɪ,derived from Bozeman tenor-mezzo,0.204,open,D4,-4.04,below primo,-4,-9,none,not assessed,short,leap-down,-5,yes,21,first,no,no,no,
Sunless 03,5,37,2,C#4,61,o,Bozeman tenor-mezzo midpoint,0.204,close,C#4,0.5,below primo,-1,-6,none,not assessed,short,leap-up,3,no,21,middle,yes,no,no,highest of phrase; turning pitch 0 to 2 st below
Sunless 03,5,37,2.333,C4,60,ʌ,derived from Bozeman tenor-mezzo,0.204,open,E4,-4.5,below primo,-2,-7,none,not assessed,short,step,-1,no,21,last,no,no,no,
Sunless 03,5,37,3.5,F3,53,i,Bozeman tenor-mezzo midpoint,0.306,close,E3,0.5,below primo,-9,-14,none,not assessed,short,leap-down,-7,yes,22,first,no,no,no,turning pitch 0 to 2 st below
Sunless 03,5,37,4,F3,53,ɛ,Bozeman tenor-mezzo midpoint,0.306,open,D#4,-9.5,below primo,-9,-14,none,not assessed,short,repeated,0,no,22,middle,no,no,no,
Sunless 03,5,37,4.5,F3,53,ɪ,derived from Bozeman tenor-mezzo,0.306,open,D4,-9.04,below primo,-9,-14,none,not assessed,short,repeated,0,no,22,middle,no,no,no,
Sunless 03,5,38,1,G#3,56,i,Bozeman tenor-mezzo midpoint,0.612,close,E3,3.5,below primo,-6,-11,none,not assessed,short,leap-up,3,no,22,middle,yes,no,no,highest of phrase
Sunless 03,5,38,2,F3,53,ʌ,derived from Bozeman tenor-mezzo,0.306,open,E4,-11.5,below primo,-9,-14,none,not assessed,short,leap-down,-3,no,22,last,no,no,no,
Sunless 03,5,38,3,F4,65,ɑ,Bozeman tenor-mezzo midpoint,0.918,close,E4,0.5,inside,3,-2,none,not assessed,short,leap-up,12,yes,23,first,yes,no,no,highest of phrase; turning pitch 0 to 2 st below
Sunless 03,5,38,4.5,D4,62,ɑ,Bozeman tenor-mezzo midpoint,0.306,open,E4,-2.5,inside,0,-5,none,not assessed,short,leap-down,-3,no,23,middle,no,no,no,
Sunless 03,5,39,1,C4,60,o,Bozeman tenor-mezzo midpoint,0.612,open,C#4,-0.5,below primo,-2,-7,none,not assessed,short,step,-2,no,23,middle,no,no,no,
Sunless 03,5,39,2,A#3,58,ʌ,derived from Bozeman tenor-mezzo,0.306,open,E4,-6.5,below primo,-4,-9,none,not assessed,short,step,-2,no,23,last,no,no,no,
Sunless 03,5,39,4.5,F3,53,i,Bozeman tenor-mezzo midpoint,0.306,close,E3,0.5,below primo,-9,-14,none,not assessed,short,leap-down,-5,yes,24,first,no,no,no,turning pitch 0 to 2 st below
Sunless 03,5,40,1,C4,60,ɛ,Bozeman tenor-mezzo midpoint,0.918,open,D#4,-2.5,below primo,-2,-7,none,not assessed,short,leap-up,7,no,24,middle,no,no,no,
Sunless 03,5,40,2.5,F4,65,ɑ,Bozeman tenor-mezzo midpoint,0.306,close,E4,0.5,inside,3,-2,none,not assessed,short,leap-up,5,no,24,middle,yes,no,no,highest of phrase; turning pitch 0 to 2 st below
Sunless 03,5,40,3,C#4,61,o,Bozeman tenor-mezzo midpoint,0.459,close,C#4,0.5,below primo,-1,-6,none,not assessed,short,leap-down,-4,no,24,middle,no,no,no,turning pitch 0 to 2 st below
Sunless 03,5,40,3.75,C#4,61,ɑ,Bozeman tenor-mezzo midpoint,0.153,open,E4,-3.5,below primo,-1,-6,none,not assessed,short,repeated,0,no,24,middle,no,no,no,
Sunless 03,5,40,4,C4,60,i,Bozeman tenor-mezzo midpoint,0.306,close,E3,7.5,below primo,-2,-7,none,not assessed,short,step,-1,no,24,middle,no,no,no,
Sunless 03,5,40,4.5,E4,64,ʌ,derived from Bozeman tenor-mezzo,0.306,open,E4,-0.5,inside,2,-3,none,not assessed,short,leap-up,4,no,24,middle,no,no,no,
Sunless 03,5,41,1,A3,57,o,Bozeman tenor-mezzo midpoint,0.612,open,C#4,-3.5,below primo,-5,-10,none,not assessed,short,leap-down,-7,no,24,middle,no,no,no,
Sunless 03,5,41,2,A3,57,o,Bozeman tenor-mezzo midpoint,0.306,open,C#4,-3.5,below primo,-5,-10,none,not assessed,short,tie,0,no,24,last,no,no,no,
Sunless 04,4,2,2.5,A#3,58,u,Bozeman tenor-mezzo midpoint,0.395,close,G3,3.5,below primo,-4,-9,none,not assessed,short,first note,,,0,first,yes,no,no,highest of phrase
Sunless 04,4,2,3,G#3,56,a,derived from Bozeman tenor-mezzo,0.789,open,G4,-10.92,below primo,-6,-11,none,not assessed,short,step,-2,no,0,middle,no,no,no,
Sunless 04,4,2,4,G#3,56,a,derived from Bozeman tenor-mezzo,0.395,open,G4,-10.92,below primo,-6,-11,none,not assessed,short,tie,0,no,0,last,no,no,no,
Sunless 04,4,3,1.5,A#3,58,ɨ,derived from Bozeman tenor-mezzo,0.395,close,A#3,0.11,below primo,-4,-9,none,not assessed,short,step,2,yes,1,first,no,no,no,turning pitch 0 to 2 st below
Sunless 04,4,3,2,A#3,58,ʌ,derived from Bozeman tenor-mezzo,0.395,open,E4,-6.5,below primo,-4,-9,none,not assessed,short,repeated,0,no,1,middle,no,no,no,
Sunless 04,4,3,2.5,A#3,58,ɑ,Bozeman tenor-mezzo midpoint,0.395,open,E4,-6.5,below primo,-4,-9,none,not assessed,short,repeated,0,no,1,middle,no,no,no,
Sunless 04,4,3,3,B3,59,ɑ,Bozeman tenor-mezzo midpoint,1.184,open,E4,-5.5,below primo,-3,-8,none,not assessed,short,step,1,no,1,middle,yes,no,no,highest of phrase
Sunless 04,4,3,4.5,B3,59,ɪ,derived from Bozeman tenor-mezzo,0.395,open,D4,-3.04,below primo,-3,-8,none,not assessed,short,repeated,0,no,1,middle,yes,no,no,highest of phrase
Sunless 04,4,4,1,A#3,58,u,Bozeman tenor-mezzo midpoint,0.789,close,G3,3.5,below primo,-4,-9,none,not assessed,short,step,-1,no,1,middle,no,no,no,
Sunless 04,4,4,2,A#3,58,i,Bozeman tenor-mezzo midpoint,0.395,close,E3,5.5,below primo,-4,-9,none,not assessed,short,repeated,0,no,1,last,no,no,no,
Sunless 04,4,4,4,A#3,58,ɪ,derived from Bozeman tenor-mezzo,0.789,open,D4,-4.04,below primo,-4,-9,none,not assessed,short,repeated,0,yes,2,first,no,no,no,
Sunless 04,4,5,1,C4,60,u,Bozeman tenor-mezzo midpoint,1.184,close,G3,5.5,below primo,-2,-7,none,not assessed,short,step,2,no,2,middle,no,no,no,
Sunless 04,4,5,2.5,G4,67,i,Bozeman tenor-mezzo midpoint,0.395,above,E3,14.5,inside,5,0,none,not assessed,short,leap-up,7,no,2,middle,yes,yes,yes,highest of phrase
Sunless 04,4,5,3,F4,65,u,Bozeman tenor-mezzo midpoint,0.395,close,G3,10.5,inside,3,-2,none,not assessed,short,step,-2,no,2,middle,no,no,no,
Sunless 04,4,5,3.5,C4,60,ɑ,Bozeman tenor-mezzo midpoint,0.395,open,E4,-4.5,below primo,-2,-7,none,not assessed,short,leap-down,-5,no,2,middle,no,no,no,
Sunless 04,4,5,4,F4,65,ɑ,Bozeman tenor-mezzo midpoint,0.395,close,E4,0.5,inside,3,-2,none,not assessed,short,leap-up,5,no,2,middle,no,no,no,turning pitch 0 to 2 st below
Sunless 04,4,5,4.5,D#4,63,ɨ,derived from Bozeman tenor-mezzo,0.395,close,A#3,5.11,inside,1,-4,none,not assessed,short,step,-2,no,2,middle,no,no,no,
Sunless 04,4,6,1,D4,62,ɛ,Bozeman tenor-mezzo midpoint,0.395,open,D#4,-0.5,inside,0,-5,none,not assessed,short,step,-1,no,2,last,no,no,no,
Sunless 04,4,6,2,D4,62,ɑ,Bozeman tenor-mezzo midpoint,0.789,open,E4,-2.5,inside,0,-5,none,not assessed,short,repeated,0,yes,3,first,no,no,no,
Sunless 04,4,6,3,F#4,66,ɛ,Bozeman tenor-mezzo midpoint,1.184,close,D#4,3.5,inside,4,-1,none,not assessed,short,leap-up,4,no,3,middle,yes,yes,yes,highest of phrase
Sunless 04,4,6,4.5,F#4,66,ɑ,Bozeman tenor-mezzo midpoint,0.395,close,E4,1.5,inside,4,-1,none,not assessed,short,repeated,0,no,3,middle,yes,yes,yes,highest of phrase; turning pitch 0 to 2 st below
Sunless 04,4,7,1,D#4,63,ɑ,Bozeman tenor-mezzo midpoint,0.395,open,E4,-1.5,inside,1,-4,none,not assessed,short,leap-down,-3,no,3,middle,no,no,no,
Sunless 04,4,7,1.5,A#3,58,ɑ,Bozeman tenor-mezzo midpoint,0.395,open,E4,-6.5,below primo,-4,-9,none,not assessed,short,leap-down,-5,no,3,middle,no,no,no,
Sunless 04,4,7,2,D#4,63,ɪ,derived from Bozeman tenor-mezzo,0.395,close,D4,0.96,inside,1,-4,none,not assessed,short,leap-up,5,no,3,middle,no,no,no,turning pitch 0 to 2 st below
Sunless 04,4,7,2.5,F4,65,ɑ,Bozeman tenor-mezzo midpoint,0.395,close,E4,0.5,inside,3,-2,none,not assessed,short,step,2,no,3,middle,no,no,no,turning pitch 0 to 2 st below
Sunless 04,4,7,3,C#4,61,u,Bozeman tenor-mezzo midpoint,0.789,close,G3,6.5,below primo,-1,-6,none,not assessed,short,leap-down,-4,no,3,middle,no,no,no,
Sunless 04,4,7,4,A#3,58,i,Bozeman tenor-mezzo midpoint,0.789,close,E3,5.5,below primo,-4,-9,none,not assessed,short,leap-down,-3,no,3,last,no,no,no,
Sunless 04,4,8,1.5,A#3,58,ɑ,Bozeman tenor-mezzo midpoint,0.395,open,E4,-6.5,below primo,-4,-9,none,not assessed,short,repeated,0,yes,4,first,no,no,no,
Sunless 04,4,8,2,C#4,61,ɪ,derived from Bozeman tenor-mezzo,0.395,open,D4,-1.04,below primo,-1,-6,none,not assessed,short,leap-up,3,no,4,middle,no,no,no,
Sunless 04,4,8,2.5,A#3,58,ɑ,Bozeman tenor-mezzo midpoint,0.395,open,E4,-6.5,below primo,-4,-9,none,not assessed,short,leap-down,-3,no,4,middle,no,no,no,
Sunless 04,4,8,3,D#4,63,e,Bozeman tenor-mezzo midpoint,0.789,close,D4,1.5,inside,1,-4,none,not assessed,short,leap-up,5,no,4,middle,no,no,no,turning pitch 0 to 2 st below
Sunless 04,4,8,4,B3,59,ɑ,Bozeman tenor-mezzo midpoint,0.789,open,E4,-5.5,below primo,-3,-8,none,not assessed,short,leap-down,-4,no,4,middle,no,no,no,
Sunless 04,4,9,1,F4,65,ɛ,Bozeman tenor-mezzo midpoint,1.184,close,D#4,2.5,inside,3,-2,none,not assessed,short,leap-up,6,no,4,middle,yes,no,no,highest of phrase
Sunless 04,4,9,2.5,F4,65,ɑ,Bozeman tenor-mezzo midpoint,0.395,close,E4,0.5,inside,3,-2,none,not assessed,short,repeated,0,no,4,middle,yes,no,no,highest of phrase; turning pitch 0 to 2 st below
Sunless 04,4,9,3,D4,62,ɛ,Bozeman tenor-mezzo midpoint,0.789,open,D#4,-0.5,inside,0,-5,none,not assessed,short,leap-down,-3,no,4,last,no,no,no,
Sunless 04,4,11,2.5,A#3,58,u,Bozeman tenor-mezzo midpoint,0.395,close,G3,3.5,below primo,-4,-9,none,not assessed,short,leap-down,-4,yes,5,first,yes,no,no,highest of phrase
Sunless 04,4,11,3,G#3,56,a,derived from Bozeman tenor-mezzo,0.789,open,G4,-10.92,below primo,-6,-11,none,not assessed,short,step,-2,no,5,last,no,no,no,
Sunless 04,4,11,4.5,A#3,58,u,Bozeman tenor-mezzo midpoint,0.395,close,G3,3.5,below primo,-4,-9,none,not assessed,short,step,2,yes,6,first,no,no,no,
Sunless 04,4,12,1,A#3,58,a,derived from Bozeman tenor-mezzo,1.184,open,G4,-8.92,below primo,-4,-9,none,not assessed,short,repeated,0,no,6,middle,no,no,no,
Sunless 04,4,12,2.5,A#3,58,ɑ,Bozeman tenor-mezzo midpoint,0.395,open,E4,-6.5,below primo,-4,-9,none,not assessed,short,repeated,0,no,6,middle,no,no,no,
Sunless 04,4,12,3,C4,60,ɑ,Bozeman tenor-mezzo midpoint,0.789,open,E4,-4.5,below primo,-2,-7,none,not assessed,short,step,2,no,6,middle,no,no,no,
Sunless 04,4,12,4,A#3,58,u,Bozeman tenor-mezzo midpoint,0.395,close,G3,3.5,below primo,-4,-9,none,not assessed,short,step,-2,no,6,middle,no,no,no,
Sunless 04,4,12,4.5,C4,60,u,Bozeman tenor-mezzo midpoint,0.395,close,G3,5.5,below primo,-2,-7,none,not assessed,short,step,2,no,6,middle,no,no,no,
Sunless 04,4,13,1,A#3,58,i,Bozeman tenor-mezzo midpoint,0.789,close,E3,5.5,below primo,-4,-9,none,not assessed,short,step,-2,no,6,middle,no,no,no,
Sunless 04,4,13,2,C4,60,i,Bozeman tenor-mezzo midpoint,0.395,close,E3,7.5,below primo,-2,-7,none,not assessed,short,step,2,no,6,middle,no,no,no,
Sunless 04,4,13,2.5,A#3,58,i,Bozeman tenor-mezzo midpoint,0.395,close,E3,5.5,below primo,-4,-9,none,not assessed,short,step,-2,no,6,middle,no,no,no,
Sunless 04,4,13,3,F3,53,ɑ,Bozeman tenor-mezzo midpoint,0.789,open,E4,-11.5,below primo,-9,-14,none,not assessed,short,leap-down,-5,no,6,middle,no,no,no,
Sunless 04,4,13,4,F3,53,ɑ,Bozeman tenor-mezzo midpoint,0.395,open,E4,-11.5,below primo,-9,-14,none,not assessed,short,repeated,0,no,6,middle,no,no,no,
Sunless 04,4,13,4.5,B3,59,i,Bozeman tenor-mezzo midpoint,0.395,close,E3,6.5,below primo,-3,-8,none,not assessed,short,leap-up,6,no,6,middle,no,no,no,
Sunless 04,4,14,1,A#3,58,ɨ,derived from Bozeman tenor-mezzo,0.789,close,A#3,0.11,below primo,-4,-9,none,not assessed,short,step,-1,no,6,middle,no,no,no,turning pitch 0 to 2 st below
Sunless 04,4,14,2,A#3,58,ɪ,derived from Bozeman tenor-mezzo,0.789,open,D4,-4.04,below primo,-4,-9,none,not assessed,short,repeated,0,no,6,middle,no,no,no,
Sunless 04,4,14,3,C4,60,e,Bozeman tenor-mezzo midpoint,0.789,open,D4,-1.5,below primo,-2,-7,none,not assessed,short,step,2,no,6,middle,no,no,no,
Sunless 04,4,14,4,A#3,58,ʌ,derived from Bozeman tenor-mezzo,0.395,open,E4,-6.5,below primo,-4,-9,none,not assessed,short,step,-2,no,6,middle,no,no,no,
Sunless 04,4,14,4.5,C4,60,ʌ,derived from Bozeman tenor-mezzo,0.395,open,E4,-4.5,below primo,-2,-7,none,not assessed,short,step,2,no,6,middle,no,no,no,
Sunless 04,4,15,1,A#3,58,u,Bozeman tenor-mezzo midpoint,1.184,close,G3,3.5,below primo,-4,-9,none,not assessed,short,step,-2,no,6,middle,no,no,no,
Sunless 04,4,15,2.5,G3,55,o,Bozeman tenor-mezzo midpoint,0.395,open,C#4,-5.5,below primo,-7,-12,none,not assessed,short,leap-down,-3,no,6,middle,no,no,no,
Sunless 04,4,15,3,D4,62,ɨ,derived from Bozeman tenor-mezzo,0.395,close,A#3,4.11,inside,0,-5,none,not assessed,short,leap-up,7,no,6,last,yes,no,no,highest of phrase
Sunless 04,4,15,4.5,A#3,58,i,Bozeman tenor-mezzo midpoint,0.395,close,E3,5.5,below primo,-4,-9,none,not assessed,short,leap-down,-4,yes,7,first,no,no,no,
Sunless 04,4,16,1,E4,64,ɛ,Bozeman tenor-mezzo midpoint,0.789,close,D#4,1.5,inside,2,-3,none,not assessed,short,leap-up,6,no,7,middle,no,no,no,turning pitch 0 to 2 st below
Sunless 04,4,16,2,D#4,63,ʌ,derived from Bozeman tenor-mezzo,0.395,open,E4,-1.5,inside,1,-4,none,not assessed,short,step,-1,no,7,middle,no,no,no,
Sunless 04,4,16,2.5,E4,64,ʌ,derived from Bozeman tenor-mezzo,0.395,open,E4,-0.5,inside,2,-3,none,not assessed,short,step,1,no,7,middle,no,no,no,
Sunless 04,4,16,3,G#3,56,ɨ,derived from Bozeman tenor-mezzo,0.789,open,A#3,-1.89,below primo,-6,-11,none,not assessed,short,leap-down,-8,no,7,middle,no,no,no,
Sunless 04,4,16,4,A#3,58,ɨ,derived from Bozeman tenor-mezzo,0.395,close,A#3,0.11,below primo,-4,-9,none,not assessed,short,step,2,no,7,middle,no,no,no,turning pitch 0 to 2 st below
Sunless 04,4,16,4.5,B3,59,ɨ,derived from Bozeman tenor-mezzo,0.395,close,A#3,1.11,below primo,-3,-8,none,not assessed,short,step,1,no,7,middle,no,no,no,turning pitch 0 to 2 st below
Sunless 04,4,17,1,E4,64,ʌ,derived from Bozeman tenor-mezzo,0.789,open,E4,-0.5,inside,2,-3,none,not assessed,short,leap-up,5,no,7,middle,no,no,no,
Sunless 04,4,17,2,D#4,63,i,Bozeman tenor-mezzo midpoint,0.395,close,E3,10.5,inside,1,-4,none,not assessed,short,step,-1,no,7,middle,no,no,no,
Sunless 04,4,17,2.5,E4,64,i,Bozeman tenor-mezzo midpoint,0.395,crossing,E3,11.5,inside,2,-3,none,not assessed,short,step,1,no,7,middle,no,no,no,crossing
Sunless 04,4,17,3,G#3,56,ɑ,Bozeman tenor-mezzo midpoint,0.789,open,E4,-8.5,below primo,-6,-11,none,not assessed,short,leap-down,-8,no,7,middle,no,no,no,
Sunless 04,4,17,4,A#3,58,ɑ,Bozeman tenor-mezzo midpoint,0.395,open,E4,-6.5,below primo,-4,-9,none,not assessed,short,step,2,no,7,middle,no,no,no,
Sunless 04,4,17,4.5,B3,59,ɑ,Bozeman tenor-mezzo midpoint,0.395,open,E4,-5.5,below primo,-3,-8,none,not assessed,short,step,1,no,7,middle,no,no,no,
Sunless 04,4,18,1,A#3,58,ɑ,Bozeman tenor-mezzo midpoint,1.184,open,E4,-6.5,below primo,-4,-9,none,not assessed,short,step,-1,no,7,middle,no,no,no,
Sunless 04,4,18,2.5,G3,55,u,Bozeman tenor-mezzo midpoint,0.395,close,G3,0.5,below primo,-7,-12,none,not assessed,short,leap-down,-3,no,7,middle,no,no,no,turning pitch 0 to 2 st below
Sunless 04,4,18,3,D4,62,ɛ,Bozeman tenor-mezzo midpoint,0.789,open,D#4,-0.5,inside,0,-5,none,not assessed,short,leap-up,7,no,7,middle,no,no,no,
Sunless 04,4,18,4,D#4,63,ɛ,Bozeman tenor-mezzo midpoint,0.395,close,D#4,0.5,inside,1,-4,none,not assessed,short,step,1,no,7,middle,no,no,no,turning pitch 0 to 2 st below
Sunless 04,4,18,4.5,F4,65,ɪ,derived from Bozeman tenor-mezzo,0.395,close,D4,2.96,inside,3,-2,none,not assessed,short,step,2,no,7,middle,yes,no,no,highest of phrase
Sunless 04,4,19,1,A#3,58,ʌ,derived from Bozeman tenor-mezzo,0.789,open,E4,-6.5,below primo,-4,-9,none,not assessed,short,leap-down,-7,no,7,middle,no,no,no,
Sunless 04,4,19,2,F4,65,i,Bozeman tenor-mezzo midpoint,0.789,above,E3,12.5,inside,3,-2,none,not assessed,short,leap-up,7,no,7,middle,yes,no,no,highest of phrase
Sunless 04,4,19,3,D4,62,ɨ,derived from Bozeman tenor-mezzo,0.395,close,A#3,4.11,inside,0,-5,none,not assessed,short,leap-down,-3,no,7,last,no,no,no,
Sunless 04,4,20,4,B3,59,u,Bozeman tenor-mezzo midpoint,0.789,close,G3,4.5,below primo,-3,-8,none,not assessed,short,leap-down,-3,yes,8,first,yes,no,no,highest of phrase
Sunless 04,4,21,1,A#3,58,a,derived from Bozeman tenor-mezzo,0.789,open,G4,-8.92,below primo,-4,-9,none,not assessed,short,step,-1,no,8,last,no,no,no,
Sunless 04,4,21,2.5,A#3,58,ɑ,Bozeman tenor-mezzo midpoint,0.395,open,E4,-6.5,below primo,-4,-9,none,not assessed,short,repeated,0,yes,9,first,no,no,no,
Sunless 04,4,21,3,B3,59,e,Bozeman tenor-mezzo midpoint,0.395,open,D4,-2.5,below primo,-3,-8,none,not assessed,short,step,1,no,9,middle,no,no,no,
Sunless 04,4,21,3.5,A#3,58,ɑ,Bozeman tenor-mezzo midpoint,0.395,open,E4,-6.5,below primo,-4,-9,none,not assessed,short,step,-1,no,9,middle,no,no,no,
Sunless 04,4,21,4,G#3,56,ʌ,derived from Bozeman tenor-mezzo,0.395,open,E4,-8.5,below primo,-6,-11,none,not assessed,short,step,-2,no,9,middle,no,no,no,
Sunless 04,4,21,4.5,B3,59,ɑ,Bozeman tenor-mezzo midpoint,0.395,open,E4,-5.5,below primo,-3,-8,none,not assessed,short,leap-up,3,no,9,middle,no,no,no,
Sunless 04,4,22,1,C#4,61,i,Bozeman tenor-mezzo midpoint,0.789,close,E3,8.5,below primo,-1,-6,none,not assessed,short,step,2,no,9,middle,no,no,no,
Sunless 04,4,22,2,A#3,58,ɨ,derived from Bozeman tenor-mezzo,0.395,close,A#3,0.11,below primo,-4,-9,none,not assessed,short,leap-down,-3,no,9,middle,no,no,no,turning pitch 0 to 2 st below
Sunless 04,4,22,2.5,C#4,61,ɑ,Bozeman tenor-mezzo midpoint,0.395,open,E4,-3.5,below primo,-1,-6,none,not assessed,short,leap-up,3,no,9,middle,no,no,no,
Sunless 04,4,23,1,E4,64,ɑ,Bozeman tenor-mezzo midpoint,1.184,open,E4,-0.5,inside,2,-3,none,not assessed,short,leap-up,3,no,9,middle,yes,no,no,highest of phrase
Sunless 04,4,23,2.5,C#4,61,ɛ,Bozeman tenor-mezzo midpoint,0.395,open,D#4,-1.5,below primo,-1,-6,none,not assessed,short,leap-down,-3,no,9,middle,no,no,no,
Sunless 04,4,23,3,D#4,63,u,Bozeman tenor-mezzo midpoint,0.395,close,G3,8.5,inside,1,-4,none,not assessed,short,step,2,no,9,middle,no,no,no,
Sunless 04,4,23,3.5,A#3,58,ɑ,Bozeman tenor-mezzo midpoint,0.395,open,E4,-6.5,below primo,-4,-9,none,not assessed,short,leap-down,-5,no,9,middle,no,no,no,
Sunless 04,4,23,4,B3,59,e,Bozeman tenor-mezzo midpoint,0.395,open,D4,-2.5,below primo,-3,-8,none,not assessed,short,step,1,no,9,middle,no,no,no,
Sunless 04,4,23,4.5,C#4,61,ɑ,Bozeman tenor-mezzo midpoint,0.395,open,E4,-3.5,below primo,-1,-6,none,not assessed,short,step,2,no,9,middle,no,no,no,
Sunless 04,4,24,1,D#4,63,o,Bozeman tenor-mezzo midpoint,0.395,close,C#4,2.5,inside,1,-4,none,not assessed,short,step,2,no,9,last,no,no,no,
Sunless 04,4,24,2,G#3,56,ɑ,Bozeman tenor-mezzo midpoint,0.789,open,E4,-8.5,below primo,-6,-11,none,not assessed,short,leap-down,-7,yes,10,first,no,no,no,
Sunless 04,4,24,3,D#4,63,ɑ,Bozeman tenor-mezzo midpoint,1.184,open,E4,-1.5,inside,1,-4,none,not assessed,short,leap-up,7,no,10,middle,yes,no,no,highest of phrase
Sunless 04,4,24,4.5,D4,62,ɪ,derived from Bozeman tenor-mezzo,0.395,open,D4,-0.04,inside,0,-5,none,not assessed,short,step,-1,no,10,middle,no,no,no,
Sunless 04,4,25,1,B3,59,ɨ,derived from Bozeman tenor-mezzo,0.395,close,A#3,1.11,below primo,-3,-8,none,not assessed,short,leap-down,-3,no,10,middle,no,no,no,turning pitch 0 to 2 st below
Sunless 04,4,25,1.5,D4,62,i,Bozeman tenor-mezzo midpoint,0.395,close,E3,9.5,inside,0,-5,none,not assessed,short,leap-up,3,no,10,middle,no,no,no,
Sunless 04,4,25,2,A#3,58,ɑ,Bozeman tenor-mezzo midpoint,0.395,open,E4,-6.5,below primo,-4,-9,none,not assessed,short,leap-down,-4,no,10,middle,no,no,no,
Sunless 04,4,25,2.5,G#3,56,i,Bozeman tenor-mezzo midpoint,0.395,close,E3,3.5,below primo,-6,-11,none,not assessed,short,step,-2,no,10,middle,no,no,no,
Sunless 04,4,25,3,B3,59,i,Bozeman tenor-mezzo midpoint,0.789,close,E3,6.5,below primo,-3,-8,none,not assessed,short,leap-up,3,no,10,middle,no,no,no,
Sunless 04,4,25,4,G#3,56,ɨ,derived from Bozeman tenor-mezzo,0.395,open,A#3,-1.89,below primo,-6,-11,none,not assessed,short,leap-down,-3,no,10,last,no,no,no,
Sunless 04,4,26,1.5,G#3,56,ɑ,Bozeman tenor-mezzo midpoint,0.395,open,E4,-8.5,below primo,-6,-11,none,not assessed,short,repeated,0,yes,11,first,no,no,no,
Sunless 04,4,26,2,C#4,61,o,Bozeman tenor-mezzo midpoint,0.395,close,C#4,0.5,below primo,-1,-6,none,not assessed,short,leap-up,5,no,11,middle,no,no,no,turning pitch 0 to 2 st below
Sunless 04,4,26,2.5,D#4,63,u,Bozeman tenor-mezzo midpoint,0.395,close,G3,8.5,inside,1,-4,none,not assessed,short,step,2,no,11,middle,no,no,no,
Sunless 04,4,26,3,E4,64,o,Bozeman tenor-mezzo midpoint,0.789,close,C#4,3.5,inside,2,-3,none,not assessed,short,step,1,no,11,last,yes,no,no,highest of phrase
Sunless 04,4,27,2,A#3,58,i,Bozeman tenor-mezzo midpoint,0.789,close,E3,5.5,below primo,-4,-9,none,not assessed,short,leap-down,-6,yes,12,first,no,no,no,
Sunless 04,4,27,3,D#4,63,o,Bozeman tenor-mezzo midpoint,0.592,close,C#4,2.5,inside,1,-4,none,not assessed,short,leap-up,5,no,12,middle,yes,no,no,highest of phrase
Sunless 04,4,27,3.75,G3,55,ɑ,Bozeman tenor-mezzo midpoint,0.197,open,E4,-9.5,below primo,-7,-12,none,not assessed,short,leap-down,-8,no,12,middle,no,no,no,
Sunless 04,4,27,4,G3,55,o,Bozeman tenor-mezzo midpoint,0.395,open,C#4,-5.5,below primo,-7,-12,none,not assessed,short,repeated,0,no,12,last,no,no,no,
Sunless 04,4,28,4,A#3,58,i,Bozeman tenor-mezzo midpoint,0.789,close,E3,5.5,below primo,-4,-9,none,not assessed,short,leap-up,3,yes,13,first,yes,no,no,highest of phrase
Sunless 04,4,29,1,A#3,58,o,Bozeman tenor-mezzo midpoint,0.592,open,C#4,-2.5,below primo,-4,-9,none,not assessed,short,repeated,0,no,13,middle,yes,no,no,highest of phrase
Sunless 04,4,29,1.75,D#3,51,ɑ,Bozeman tenor-mezzo midpoint,0.197,open,E4,-13.5,below primo,-11,-16,none,not assessed,short,leap-down,-7,no,13,middle,no,no,no,
Sunless 04,4,29,2,D#3,51,o,Bozeman tenor-mezzo midpoint,0.395,open,C#4,-9.5,below primo,-11,-16,none,not assessed,short,repeated,0,no,13,last,no,no,no,
Sunless 05,4,1,4.333,G3,55,u,Bozeman tenor-mezzo midpoint,0.37,close,G3,0.5,below primo,-7,-12,none,not assessed,short,first note,,,0,first,yes,no,no,highest of phrase; turning pitch 0 to 2 st below
Sunless 05,4,2,1,F#3,54,ɑ,Bozeman tenor-mezzo midpoint,0.556,open,E4,-10.5,below primo,-8,-13,none,not assessed,short,step,-1,no,0,middle,no,no,no,
Sunless 05,4,2,2,F#3,54,ɪ,derived from Bozeman tenor-mezzo,0.278,open,D4,-8.04,below primo,-8,-13,none,not assessed,short,repeated,0,no,0,last,no,no,no,
Sunless 05,4,2,3,F#3,54,ɛ,Bozeman tenor-mezzo midpoint,0.833,open,D#4,-8.5,below primo,-8,-13,none,not assessed,short,repeated,0,yes,1,first,no,no,no,
Sunless 05,4,2,4.5,F#3,54,ɪ,derived from Bozeman tenor-mezzo,0.278,open,D4,-8.04,below primo,-8,-13,none,not assessed,short,repeated,0,no,1,middle,no,no,no,
Sunless 05,4,3,1,G#3,56,o,Bozeman tenor-mezzo midpoint,0.556,open,C#4,-4.5,below primo,-6,-11,none,not assessed,short,step,2,no,1,middle,yes,no,no,highest of phrase
Sunless 05,4,3,2,G#3,56,o,Bozeman tenor-mezzo midpoint,0.278,open,C#4,-4.5,below primo,-6,-11,none,not assessed,short,tie,0,no,1,last,yes,no,no,highest of phrase
Sunless 05,4,3,4.5,G#3,56,ɪ,derived from Bozeman tenor-mezzo,0.278,open,D4,-6.04,below primo,-6,-11,none,not assessed,short,repeated,0,yes,2,first,no,no,no,
Sunless 05,4,4,1,G#3,56,o,Bozeman tenor-mezzo midpoint,0.417,open,C#4,-4.5,below primo,-6,-11,none,not assessed,short,repeated,0,no,2,middle,no,no,no,
Sunless 05,4,4,1.75,C4,60,ɑ,Bozeman tenor-mezzo midpoint,0.139,open,E4,-4.5,below primo,-2,-7,none,not assessed,short,leap-up,4,no,2,middle,no,no,no,
Sunless 05,4,4,2,G3,55,ɑ,Bozeman tenor-mezzo midpoint,0.278,open,E4,-9.5,below primo,-7,-12,none,not assessed,short,leap-down,-5,no,2,middle,no,no,no,
Sunless 05,4,4,2.5,G#3,56,ɪ,derived from Bozeman tenor-mezzo,0.278,open,D4,-6.04,below primo,-6,-11,none,not assessed,short,step,1,no,2,middle,no,no,no,
Sunless 05,4,4,3,A3,57,ɑ,Bozeman tenor-mezzo midpoint,0.833,open,E4,-7.5,below primo,-5,-10,3,not assessed,short,step,1,no,2,middle,no,no,no,
Sunless 05,4,4,4.5,A3,57,o,Bozeman tenor-mezzo midpoint,0.278,open,C#4,-3.5,below primo,-5,-10,none,not assessed,short,repeated,0,no,2,middle,no,no,no,
Sunless 05,4,5,1,A#3,58,ɨ,derived from Bozeman tenor-mezzo,0.278,close,A#3,0.11,below primo,-4,-9,none,not assessed,short,step,1,no,2,middle,no,no,no,turning pitch 0 to 2 st below
Sunless 05,4,5,1.5,A#3,58,u,Bozeman tenor-mezzo midpoint,0.278,close,G3,3.5,below primo,-4,-9,none,not assessed,short,repeated,0,no,2,middle,no,no,no,
Sunless 05,4,5,2,A3,57,ʌ,derived from Bozeman tenor-mezzo,0.278,open,E4,-7.5,below primo,-5,-10,3,not assessed,short,step,-1,no,2,middle,no,no,no,
Sunless 05,4,5,2.5,G3,55,ɑ,Bozeman tenor-mezzo midpoint,0.278,open,E4,-9.5,below primo,-7,-12,none,not assessed,short,step,-2,no,2,middle,no,no,no,
Sunless 05,4,5,3,A#3,58,o,Bozeman tenor-mezzo midpoint,0.833,open,C#4,-2.5,below primo,-4,-9,none,not assessed,short,leap-up,3,no,2,middle,no,no,no,
Sunless 05,4,5,4.5,A#3,58,ɪ,derived from Bozeman tenor-mezzo,0.278,open,D4,-4.04,below primo,-4,-9,none,not assessed,short,repeated,0,no,2,middle,no,no,no,
Sunless 05,4,6,1,C4,60,ɑ,Bozeman tenor-mezzo midpoint,0.833,open,E4,-4.5,below primo,-2,-7,none,not assessed,short,step,2,no,2,middle,no,no,no,
Sunless 05,4,6,2.5,C4,60,ɪ,derived from Bozeman tenor-mezzo,0.278,open,D4,-2.04,below primo,-2,-7,none,not assessed,short,repeated,0,no,2,middle,no,no,no,
Sunless 05,4,6,3,C4,60,ʌ,derived from Bozeman tenor-mezzo,0.556,open,E4,-4.5,below primo,-2,-7,none,not assessed,short,repeated,0,no,2,middle,no,no,no,
Sunless 05,4,6,4,C4,60,i,Bozeman tenor-mezzo midpoint,0.556,close,E3,7.5,below primo,-2,-7,none,not assessed,short,repeated,0,no,2,middle,no,no,no,
Sunless 05,4,7,1,C#4,61,o,Bozeman tenor-mezzo midpoint,1.111,close,C#4,0.5,below primo,-1,-6,none,not assessed,short,step,1,no,2,middle,yes,no,no,highest of phrase; turning pitch 0 to 2 st below
Sunless 05,4,7,3,A#3,58,ʌ,derived from Bozeman tenor-mezzo,0.556,open,E4,-6.5,below primo,-4,-9,none,not assessed,short,leap-down,-3,no,2,last,no,no,no,
Sunless 05,4,7,4.5,F3,53,i,Bozeman tenor-mezzo midpoint,0.278,close,E3,0.5,below primo,-9,-14,none,not assessed,short,leap-down,-5,yes,3,first,no,no,no,turning pitch 0 to 2 st below
Sunless 05,4,8,1,A3,57,ɑ,Bozeman tenor-mezzo midpoint,0.833,open,E4,-7.5,below primo,-5,-10,3,not assessed,short,leap-up,4,no,3,middle,no,no,no,
Sunless 05,4,8,2.5,C4,60,u,Bozeman tenor-mezzo midpoint,0.278,close,G3,5.5,below primo,-2,-7,none,not assessed,short,leap-up,3,no,3,middle,no,no,no,
Sunless 05,4,8,3,B3,59,ɪ,derived from Bozeman tenor-mezzo,0.417,open,D4,-3.04,below primo,-3,-8,none,not assessed,short,step,-1,no,3,middle,no,no,no,
Sunless 05,4,8,3.75,B3,59,ɑ,Bozeman tenor-mezzo midpoint,0.139,open,E4,-5.5,below primo,-3,-8,none,not assessed,short,repeated,0,no,3,middle,no,no,no,
Sunless 05,4,8,4,G#3,56,i,Bozeman tenor-mezzo midpoint,0.278,close,E3,3.5,below primo,-6,-11,none,not assessed,short,leap-down,-3,no,3,middle,no,no,no,
Sunless 05,4,8,4.5,C#4,61,u,Bozeman tenor-mezzo midpoint,0.278,close,G3,6.5,below primo,-1,-6,none,not assessed,short,leap-up,5,no,3,middle,no,no,no,
Sunless 05,4,9,1,D#4,63,ɨ,derived from Bozeman tenor-mezzo,0.417,close,A#3,5.11,inside,1,-4,none,not assessed,short,step,2,no,3,middle,no,no,no,
Sunless 05,4,9,1.75,C4,60,ʌ,derived from Bozeman tenor-mezzo,0.139,open,E4,-4.5,below primo,-2,-7,none,not assessed,short,leap-down,-3,no,3,middle,no,no,no,
Sunless 05,4,9,2,C#4,61,i,Bozeman tenor-mezzo midpoint,0.278,close,E3,8.5,below primo,-1,-6,none,not assessed,short,step,1,no,3,middle,no,no,no,
Sunless 05,4,9,2.5,D#4,63,ɑ,Bozeman tenor-mezzo midpoint,0.278,open,E4,-1.5,inside,1,-4,none,not assessed,short,step,2,no,3,middle,no,no,no,
Sunless 05,4,9,3,F4,65,o,Bozeman tenor-mezzo midpoint,0.556,close,C#4,4.5,inside,3,-2,none,not assessed,short,step,2,no,3,middle,yes,no,no,highest of phrase
Sunless 05,4,9,4,C#4,61,ʌ,derived from Bozeman tenor-mezzo,0.185,open,E4,-3.5,below primo,-1,-6,none,not assessed,short,leap-down,-4,no,3,last,no,no,no,
Sunless 05,4,9,4.667,C#4,61,ɑ,Bozeman tenor-mezzo midpoint,0.185,open,E4,-3.5,below primo,-1,-6,none,not assessed,short,repeated,0,yes,4,first,no,no,no,
Sunless 05,4,10,1,C4,60,e,Bozeman tenor-mezzo midpoint,0.556,open,D4,-1.5,below primo,-2,-7,none,not assessed,short,step,-1,no,4,middle,no,no,no,
Sunless 05,4,10,2,D#4,63,ɑ,Bozeman tenor-mezzo midpoint,0.556,open,E4,-1.5,inside,1,-4,none,not assessed,short,leap-up,3,no,4,middle,yes,no,no,highest of phrase
Sunless 05,4,10,3,C#4,61,u,Bozeman tenor-mezzo midpoint,0.417,close,G3,6.5,below primo,-1,-6,none,not assessed,short,step,-2,no,4,middle,no,no,no,
Sunless 05,4,10,3.75,C#4,61,i,Bozeman tenor-mezzo midpoint,0.139,close,E3,8.5,below primo,-1,-6,none,not assessed,short,repeated,0,no,4,middle,no,no,no,
Sunless 05,4,10,4,G#3,56,ɪ,derived from Bozeman tenor-mezzo,0.278,open,D4,-6.04,below primo,-6,-11,none,not assessed,short,leap-down,-5,no,4,middle,no,no,no,
Sunless 05,4,10,4.5,F3,53,ɑ,Bozeman tenor-mezzo midpoint,0.278,open,E4,-11.5,below primo,-9,-14,none,not assessed,short,leap-down,-3,no,4,middle,no,no,no,
Sunless 05,4,11,1,C4,60,ɑ,Bozeman tenor-mezzo midpoint,0.556,open,E4,-4.5,below primo,-2,-7,none,not assessed,short,leap-up,7,no,4,middle,no,no,no,
Sunless 05,4,11,2,C4,60,ɑ,Bozeman tenor-mezzo midpoint,0.278,open,E4,-4.5,below primo,-2,-7,none,not assessed,short,tie,0,no,4,last,no,no,no,
Sunless 05,4,11,4.5,F4,65,ɑ,Bozeman tenor-mezzo midpoint,0.278,close,E4,0.5,inside,3,-2,none,not assessed,short,leap-up,5,yes,5,first,no,no,no,turning pitch 0 to 2 st below
Sunless 05,4,12,1,F#4,66,o,Bozeman tenor-mezzo midpoint,0.278,close,C#4,5.5,inside,4,-1,none,not assessed,short,step,1,no,5,middle,yes,yes,yes,highest of phrase
Sunless 05,4,12,1.5,A#3,58,i,Bozeman tenor-mezzo midpoint,0.278,close,E3,5.5,below primo,-4,-9,none,not assessed,short,leap-down,-8,no,5,middle,no,no,no,
Sunless 05,4,12,2,A3,57,ʌ,derived from Bozeman tenor-mezzo,0.278,open,E4,-7.5,below primo,-5,-10,3,not assessed,short,step,-1,no,5,middle,no,no,no,
Sunless 05,4,12,2.5,A#3,58,ɑ,Bozeman tenor-mezzo midpoint,0.278,open,E4,-6.5,below primo,-4,-9,none,not assessed,short,step,1,no,5,middle,no,no,no,
Sunless 05,4,12,3,D#4,63,ɑ,Bozeman tenor-mezzo midpoint,0.556,open,E4,-1.5,inside,1,-4,none,not assessed,short,leap-up,5,no,5,last,no,no,no,
Sunless 05,4,12,4.5,F4,65,i,Bozeman tenor-mezzo midpoint,0.278,above,E3,12.5,inside,3,-2,none,not assessed,short,step,2,yes,6,first,no,no,no,
Sunless 05,4,13,1,F#3,54,ɛ,Bozeman tenor-mezzo midpoint,0.278,open,D#4,-8.5,below primo,-8,-13,none,not assessed,short,leap-down,-11,no,6,middle,no,no,no,
Sunless 05,4,13,1.5,F3,53,i,Bozeman tenor-mezzo midpoint,0.278,close,E3,0.5,below primo,-9,-14,none,not assessed,short,step,-1,no,6,middle,no,no,no,turning pitch 0 to 2 st below
Sunless 05,4,13,2,G#3,56,ɨ,derived from Bozeman tenor-mezzo,0.278,open,A#3,-1.89,below primo,-6,-11,none,not assessed,short,leap-up,3,no,6,middle,no,no,no,
Sunless 05,4,13,2.5,F#3,54,ɪ,derived from Bozeman tenor-mezzo,0.278,open,D4,-8.04,below primo,-8,-13,none,not assessed,short,step,-2,no,6,middle,no,no,no,
Sunless 05,4,13,3,D#4,63,u,Bozeman tenor-mezzo midpoint,0.556,close,G3,8.5,inside,1,-4,none,not assessed,short,leap-up,9,no,6,middle,no,no,no,
Sunless 05,4,13,4,A#3,58,ɨ,derived from Bozeman tenor-mezzo,0.278,close,A#3,0.11,below primo,-4,-9,none,not assessed,short,leap-down,-5,no,6,middle,no,no,no,turning pitch 0 to 2 st below
Sunless 05,4,13,4.5,A#3,58,ɪ,derived from Bozeman tenor-mezzo,0.278,open,D4,-4.04,below primo,-4,-9,none,not assessed,short,repeated,0,no,6,middle,no,no,no,
Sunless 05,4,14,1,B3,59,u,Bozeman tenor-mezzo midpoint,0.278,close,G3,4.5,below primo,-3,-8,none,not assessed,short,step,1,no,6,middle,no,no,no,
Sunless 05,4,14,1.5,A#3,58,none resolved,not assessed,0.278,not assessed,not assessed,not assessed,below primo,-4,-9,not assessed,not assessed,short,step,-1,no,6,middle,no,no,no,
Sunless 05,4,14,2,A3,57,ɑ,Bozeman tenor-mezzo midpoint,0.278,open,E4,-7.5,below primo,-5,-10,3,not assessed,short,step,-1,no,6,middle,no,no,no,
Sunless 05,4,14,2.5,A#3,58,ɑ,Bozeman tenor-mezzo midpoint,0.278,open,E4,-6.5,below primo,-4,-9,none,not assessed,short,step,1,no,6,middle,no,no,no,
Sunless 05,4,14,3,D#4,63,o,Bozeman tenor-mezzo midpoint,0.833,close,C#4,2.5,inside,1,-4,none,not assessed,short,leap-up,5,no,6,middle,no,no,no,
Sunless 05,4,14,4.5,F4,65,ɪ,derived from Bozeman tenor-mezzo,0.278,close,D4,2.96,inside,3,-2,none,not assessed,short,step,2,no,6,middle,no,no,no,
Sunless 05,4,15,1,F#4,66,o,Bozeman tenor-mezzo midpoint,0.278,close,C#4,5.5,inside,4,-1,none,not assessed,short,step,1,no,6,middle,yes,yes,yes,highest of phrase
Sunless 05,4,15,1.5,C4,60,ɨ,derived from Bozeman tenor-mezzo,0.278,close,A#3,2.11,below primo,-2,-7,none,not assessed,short,leap-down,-6,no,6,middle,no,no,no,
Sunless 05,4,15,2,B3,59,i,Bozeman tenor-mezzo midpoint,0.278,close,E3,6.5,below primo,-3,-8,none,not assessed,short,step,-1,no,6,middle,no,no,no,
Sunless 05,4,15,2.5,D#4,63,u,Bozeman tenor-mezzo midpoint,0.278,close,G3,8.5,inside,1,-4,none,not assessed,short,leap-up,4,no,6,middle,no,no,no,
Sunless 05,4,15,3,F4,65,u,Bozeman tenor-mezzo midpoint,0.556,close,G3,10.5,inside,3,-2,none,not assessed,short,step,2,no,6,middle,no,no,no,
Sunless 05,4,15,4,D4,62,ɨ,derived from Bozeman tenor-mezzo,0.278,close,A#3,4.11,inside,0,-5,none,not assessed,short,leap-down,-3,no,6,middle,no,no,no,
Sunless 05,4,15,4.5,A#3,58,i,Bozeman tenor-mezzo midpoint,0.278,close,E3,5.5,below primo,-4,-9,none,not assessed,short,leap-down,-4,no,6,middle,no,no,no,
Sunless 05,4,16,1,B3,59,o,Bozeman tenor-mezzo midpoint,0.833,open,C#4,-1.5,below primo,-3,-8,none,not assessed,short,step,1,no,6,middle,no,no,no,
Sunless 05,4,16,2.5,B3,59,ɪ,derived from Bozeman tenor-mezzo,0.278,open,D4,-3.04,below primo,-3,-8,none,not assessed,short,repeated,0,no,6,middle,no,no,no,
Sunless 05,4,16,3,D4,62,i,Bozeman tenor-mezzo midpoint,0.556,close,E3,9.5,inside,0,-5,none,not assessed,short,leap-up,3,no,6,middle,no,no,no,
Sunless 05,4,16,4,F4,65,ɑ,Bozeman tenor-mezzo midpoint,0.556,close,E4,0.5,inside,3,-2,none,not assessed,short,leap-up,3,no,6,middle,no,no,no,turning pitch 0 to 2 st below
Sunless 05,4,17,1,C#4,61,ɛ,Bozeman tenor-mezzo midpoint,0.556,open,D#4,-1.5,below primo,-1,-6,none,not assessed,short,leap-down,-4,no,6,last,no,no,no,
Sunless 05,4,17,4,C#4,61,o,Bozeman tenor-mezzo midpoint,0.556,close,C#4,0.5,below primo,-1,-6,none,not assessed,short,repeated,0,yes,7,first,no,no,no,turning pitch 0 to 2 st below
Sunless 05,4,18,1,D#4,63,ɑ,Bozeman tenor-mezzo midpoint,0.833,open,E4,-1.5,inside,1,-4,none,not assessed,short,step,2,no,7,middle,yes,no,no,highest of phrase
Sunless 05,4,18,2.5,A#3,58,o,Bozeman tenor-mezzo midpoint,0.278,open,C#4,-2.5,below primo,-4,-9,none,not assessed,short,leap-down,-5,no,7,middle,no,no,no,
Sunless 05,4,18,3,A#3,58,ʌ,derived from Bozeman tenor-mezzo,0.556,open,E4,-6.5,below primo,-4,-9,none,not assessed,short,repeated,0,no,7,middle,no,no,no,
Sunless 05,4,18,4,B3,59,ɑ,Bozeman tenor-mezzo midpoint,0.556,open,E4,-5.5,below primo,-3,-8,none,not assessed,short,step,1,no,7,middle,no,no,no,
Sunless 05,4,19,1,D#4,63,i,Bozeman tenor-mezzo midpoint,0.556,close,E3,10.5,inside,1,-4,none,not assessed,short,leap-up,4,no,7,last,yes,no,no,highest of phrase
Sunless 05,4,19,4,C#4,61,ɑ,Bozeman tenor-mezzo midpoint,0.556,open,E4,-3.5,below primo,-1,-6,none,not assessed,short,step,-2,yes,8,first,no,no,no,
Sunless 05,4,20,1,D4,62,o,Bozeman tenor-mezzo midpoint,0.278,close,C#4,1.5,inside,0,-5,none,not assessed,short,step,1,no,8,middle,no,no,no,turning pitch 0 to 2 st below
Sunless 05,4,20,1.5,C#4,61,o,Bozeman tenor-mezzo midpoint,0.556,close,C#4,0.5,below primo,-1,-6,none,not assessed,short,step,-1,no,8,middle,no,no,no,turning pitch 0 to 2 st below
Sunless 05,4,20,2.5,F#3,54,ɑ,Bozeman tenor-mezzo midpoint,0.278,open,E4,-10.5,below primo,-8,-13,none,not assessed,short,leap-down,-7,no,8,middle,no,no,no,
Sunless 05,4,20,3,F#3,54,e,Bozeman tenor-mezzo midpoint,0.417,open,D4,-7.5,below primo,-8,-13,3,not assessed,short,repeated,0,no,8,middle,no,no,no,
Sunless 05,4,20,3.75,F3,53,ɑ,Bozeman tenor-mezzo midpoint,0.139,open,E4,-11.5,below primo,-9,-14,none,not assessed,short,step,-1,no,8,middle,no,no,no,
Sunless 05,4,20,4,F3,53,ɨ,derived from Bozeman tenor-mezzo,0.278,open,A#3,-4.89,below primo,-9,-14,none,not assessed,short,repeated,0,no,8,middle,no,no,no,
Sunless 05,4,20,4.5,F4,65,ɑ,Bozeman tenor-mezzo midpoint,0.278,close,E4,0.5,inside,3,-2,none,not assessed,short,leap-up,12,no,8,middle,no,no,no,turning pitch 0 to 2 st below
Sunless 05,4,21,1,F#4,66,o,Bozeman tenor-mezzo midpoint,0.278,close,C#4,5.5,inside,4,-1,none,not assessed,short,step,1,no,8,middle,yes,yes,yes,highest of phrase
Sunless 05,4,21,1.5,C#4,61,u,Bozeman tenor-mezzo midpoint,0.278,close,G3,6.5,below primo,-1,-6,none,not assessed,short,leap-down,-5,no,8,middle,no,no,no,
Sunless 05,4,21,2,C#4,61,ɪ,derived from Bozeman tenor-mezzo,0.278,open,D4,-1.04,below primo,-1,-6,none,not assessed,short,repeated,0,no,8,middle,no,no,no,
Sunless 05,4,21,2.5,C#4,61,ɨ,derived from Bozeman tenor-mezzo,0.278,close,A#3,3.11,below primo,-1,-6,none,not assessed,short,repeated,0,no,8,middle,no,no,no,
Sunless 05,4,21,3,B3,59,ɨ,derived from Bozeman tenor-mezzo,0.556,close,A#3,1.11,below primo,-3,-8,none,not assessed,short,step,-2,no,8,last,no,no,no,turning pitch 0 to 2 st below
Sunless 05,4,22,1,C#4,61,i,Bozeman tenor-mezzo midpoint,0.556,close,E3,8.5,below primo,-1,-6,none,not assessed,short,step,2,yes,9,first,yes,no,no,highest of phrase
Sunless 05,4,22,2,A#3,58,o,Bozeman tenor-mezzo midpoint,0.278,open,C#4,-2.5,below primo,-4,-9,none,not assessed,short,leap-down,-3,no,9,middle,no,no,no,
Sunless 05,4,22,2.5,F#3,54,ɑ,Bozeman tenor-mezzo midpoint,0.278,open,E4,-10.5,below primo,-8,-13,none,not assessed,short,leap-down,-4,no,9,middle,no,no,no,
Sunless 05,4,22,3,C4,60,e,Bozeman tenor-mezzo midpoint,0.417,open,D4,-1.5,below primo,-2,-7,none,not assessed,short,leap-up,6,no,9,middle,no,no,no,
Sunless 05,4,22,3.75,A3,57,i,Bozeman tenor-mezzo midpoint,0.139,close,E3,4.5,below primo,-5,-10,none,not assessed,short,leap-down,-3,no,9,middle,no,no,no,
Sunless 05,4,22,4,A3,57,ɑ,Bozeman tenor-mezzo midpoint,0.278,open,E4,-7.5,below primo,-5,-10,3,not assessed,short,repeated,0,no,9,last,no,no,no,
Sunless 05,4,23,2,C#4,61,i,Bozeman tenor-mezzo midpoint,0.556,close,E3,8.5,below primo,-1,-6,none,not assessed,short,leap-up,4,yes,10,first,no,no,no,
Sunless 05,4,23,3,F#4,66,o,Bozeman tenor-mezzo midpoint,0.556,close,C#4,5.5,inside,4,-1,none,not assessed,short,leap-up,5,no,10,middle,yes,yes,yes,highest of phrase
Sunless 05,4,23,4,E4,64,o,Bozeman tenor-mezzo midpoint,0.278,close,C#4,3.5,inside,2,-3,none,not assessed,short,step,-2,no,10,middle,no,no,no,
Sunless 05,4,23,4.5,D4,62,ɨ,derived from Bozeman tenor-mezzo,0.278,close,A#3,4.11,inside,0,-5,none,not assessed,short,step,-2,no,10,last,no,no,no,
Sunless 05,4,24,4.5,F#3,54,ɪ,derived from Bozeman tenor-mezzo,0.278,open,D4,-8.04,below primo,-8,-13,none,not assessed,short,leap-down,-8,yes,11,first,no,no,no,
Sunless 05,4,25,1,C#4,61,u,Bozeman tenor-mezzo midpoint,0.833,close,G3,6.5,below primo,-1,-6,none,not assessed,short,leap-up,7,no,11,middle,no,no,no,
Sunless 05,4,25,2.5,A3,57,none resolved,not assessed,0.278,not assessed,not assessed,not assessed,below primo,-5,-10,not assessed,not assessed,short,leap-down,-4,no,11,middle,no,no,no,
Sunless 05,4,25,3,B3,59,u,Bozeman tenor-mezzo midpoint,0.417,close,G3,4.5,below primo,-3,-8,none,not assessed,short,step,2,no,11,middle,no,no,no,
Sunless 05,4,25,3.75,G#3,56,ɨ,derived from Bozeman tenor-mezzo,0.139,open,A#3,-1.89,below primo,-6,-11,none,not assessed,short,leap-down,-3,no,11,middle,no,no,no,
Sunless 05,4,25,4,G#3,56,ɛ,Bozeman tenor-mezzo midpoint,0.278,open,D#4,-6.5,below primo,-6,-11,none,not assessed,short,repeated,0,no,11,middle,no,no,no,
Sunless 05,4,25,4.5,B3,59,ɪ,derived from Bozeman tenor-mezzo,0.278,open,D4,-3.04,below primo,-3,-8,none,not assessed,short,leap-up,3,no,11,middle,no,no,no,
Sunless 05,4,26,1,C#4,61,e,Bozeman tenor-mezzo midpoint,0.278,open,D4,-0.5,below primo,-1,-6,none,not assessed,short,step,2,no,11,middle,no,no,no,
Sunless 05,4,26,1.5,A3,57,i,Bozeman tenor-mezzo midpoint,0.278,close,E3,4.5,below primo,-5,-10,none,not assessed,short,leap-down,-4,no,11,middle,no,no,no,
Sunless 05,4,26,2,B3,59,i,Bozeman tenor-mezzo midpoint,0.278,close,E3,6.5,below primo,-3,-8,none,not assessed,short,step,2,no,11,middle,no,no,no,
Sunless 05,4,26,2.5,C#4,61,ɑ,Bozeman tenor-mezzo midpoint,0.278,open,E4,-3.5,below primo,-1,-6,none,not assessed,short,step,2,no,11,middle,no,no,no,
Sunless 05,4,26,3,D#4,63,ɑ,Bozeman tenor-mezzo midpoint,0.556,open,E4,-1.5,inside,1,-4,none,not assessed,short,step,2,no,11,middle,yes,no,no,highest of phrase
Sunless 05,4,26,4,D#4,63,ɑ,Bozeman tenor-mezzo midpoint,0.278,open,E4,-1.5,inside,1,-4,none,not assessed,short,tie,0,no,11,last,yes,no,no,highest of phrase
Sunless 05,4,27,1,A#3,58,o,Bozeman tenor-mezzo midpoint,0.556,open,C#4,-2.5,below primo,-4,-9,none,not assessed,short,leap-down,-5,yes,12,first,no,no,no,
Sunless 05,4,27,2,A3,57,ɛ,Bozeman tenor-mezzo midpoint,0.278,open,D#4,-5.5,below primo,-5,-10,none,not assessed,short,step,-1,no,12,middle,no,no,no,
Sunless 05,4,27,2.5,A#3,58,ɑ,Bozeman tenor-mezzo midpoint,0.278,open,E4,-6.5,below primo,-4,-9,none,not assessed,short,step,1,no,12,middle,no,no,no,
Sunless 05,4,27,3,F#3,54,a,derived from Bozeman tenor-mezzo,0.278,open,G4,-12.92,below primo,-8,-13,none,not assessed,short,leap-down,-4,no,12,middle,no,no,no,
Sunless 05,4,27,3.5,G3,55,ɪ,derived from Bozeman tenor-mezzo,0.278,open,D4,-7.04,below primo,-7,-12,3,not assessed,short,step,1,no,12,middle,no,no,no,
Sunless 05,4,27,4,C4,60,ɨ,derived from Bozeman tenor-mezzo,0.278,close,A#3,2.11,below primo,-2,-7,none,not assessed,short,leap-up,5,no,12,middle,yes,no,no,highest of phrase
Sunless 05,4,27,4.5,C4,60,u,Bozeman tenor-mezzo midpoint,0.278,close,G3,5.5,below primo,-2,-7,none,not assessed,short,repeated,0,no,12,middle,yes,no,no,highest of phrase
Sunless 05,4,28,1,C4,60,i,Bozeman tenor-mezzo midpoint,0.278,close,E3,7.5,below primo,-2,-7,none,not assessed,short,repeated,0,no,12,middle,yes,no,no,highest of phrase
Sunless 05,4,28,1.5,G#3,56,ʌ,derived from Bozeman tenor-mezzo,0.278,open,E4,-8.5,below primo,-6,-11,none,not assessed,short,leap-down,-4,no,12,middle,no,no,no,
Sunless 05,4,28,2,G3,55,ʌ,derived from Bozeman tenor-mezzo,0.278,open,E4,-9.5,below primo,-7,-12,none,not assessed,short,step,-1,no,12,middle,no,no,no,
Sunless 05,4,28,2.5,F3,53,i,Bozeman tenor-mezzo midpoint,0.278,close,E3,0.5,below primo,-9,-14,none,not assessed,short,step,-2,no,12,middle,no,no,no,turning pitch 0 to 2 st below
Sunless 05,4,28,3,A#3,58,ɑ,Bozeman tenor-mezzo midpoint,0.556,open,E4,-6.5,below primo,-4,-9,none,not assessed,short,leap-up,5,no,12,last,no,no,no,
Sunless 05,4,28,4.5,A#3,58,ɑ,Bozeman tenor-mezzo midpoint,0.278,open,E4,-6.5,below primo,-4,-9,none,not assessed,short,repeated,0,yes,13,first,no,no,no,
Sunless 05,4,29,1,C#4,61,u,Bozeman tenor-mezzo midpoint,0.417,close,G3,6.5,below primo,-1,-6,none,not assessed,short,leap-up,3,no,13,middle,no,no,no,
Sunless 05,4,29,1.75,C#4,61,ɑ,Bozeman tenor-mezzo midpoint,0.139,open,E4,-3.5,below primo,-1,-6,none,not assessed,short,repeated,0,no,13,middle,no,no,no,
Sunless 05,4,29,2,C4,60,ɑ,Bozeman tenor-mezzo midpoint,0.278,open,E4,-4.5,below primo,-2,-7,none,not assessed,short,step,-1,no,13,middle,no,no,no,
Sunless 05,4,29,2.5,C#4,61,ɑ,Bozeman tenor-mezzo midpoint,0.278,open,E4,-3.5,below primo,-1,-6,none,not assessed,short,step,1,no,13,middle,no,no,no,
Sunless 05,4,29,3,D#4,63,o,Bozeman tenor-mezzo midpoint,0.278,close,C#4,2.5,inside,1,-4,none,not assessed,short,step,2,no,13,middle,no,no,no,
Sunless 05,4,29,3.5,C4,60,u,Bozeman tenor-mezzo midpoint,0.278,close,G3,5.5,below primo,-2,-7,none,not assessed,short,leap-down,-3,no,13,middle,no,no,no,
Sunless 05,4,29,4,F4,65,ɨ,derived from Bozeman tenor-mezzo,0.556,close,A#3,7.11,inside,3,-2,none,not assessed,short,leap-up,5,no,13,last,yes,no,no,highest of phrase
Sunless 05,4,30,1.5,F4,65,ɨ,derived from Bozeman tenor-mezzo,0.278,close,A#3,7.11,inside,3,-2,none,not assessed,short,repeated,0,yes,14,first,no,no,no,
Sunless 05,4,30,2,E4,64,ɨ,derived from Bozeman tenor-mezzo,0.278,close,A#3,6.11,inside,2,-3,none,not assessed,short,step,-1,no,14,middle,no,no,no,
Sunless 05,4,30,2.5,C#4,61,ɪ,derived from Bozeman tenor-mezzo,0.278,open,D4,-1.04,below primo,-1,-6,none,not assessed,short,leap-down,-3,no,14,middle,no,no,no,
Sunless 05,4,30,3,D4,62,o,Bozeman tenor-mezzo midpoint,0.556,close,C#4,1.5,inside,0,-5,none,not assessed,short,step,1,no,14,middle,no,no,no,turning pitch 0 to 2 st below
Sunless 05,4,30,4,A#3,58,ɨ,derived from Bozeman tenor-mezzo,0.278,close,A#3,0.11,below primo,-4,-9,none,not assessed,short,leap-down,-4,no,14,middle,no,no,no,turning pitch 0 to 2 st below
Sunless 05,4,30,4.5,F4,65,o,Bozeman tenor-mezzo midpoint,0.278,close,C#4,4.5,inside,3,-2,none,not assessed,short,leap-up,7,no,14,middle,no,no,no,
Sunless 05,4,31,1,F#4,66,i,Bozeman tenor-mezzo midpoint,0.278,above,E3,13.5,inside,4,-1,none,not assessed,short,step,1,no,14,middle,yes,yes,yes,highest of phrase
Sunless 05,4,31,1.5,A#3,58,ɨ,derived from Bozeman tenor-mezzo,0.278,close,A#3,0.11,below primo,-4,-9,none,not assessed,short,leap-down,-8,no,14,middle,no,no,no,turning pitch 0 to 2 st below
Sunless 05,4,31,2,A3,57,o,Bozeman tenor-mezzo midpoint,0.278,open,C#4,-3.5,below primo,-5,-10,none,not assessed,short,step,-1,no,14,middle,no,no,no,
Sunless 05,4,31,2.5,A#3,58,ɨ,derived from Bozeman tenor-mezzo,0.278,close,A#3,0.11,below primo,-4,-9,none,not assessed,short,step,1,no,14,middle,no,no,no,turning pitch 0 to 2 st below
Sunless 05,4,31,3,D#4,63,ɑ,Bozeman tenor-mezzo midpoint,0.556,open,E4,-1.5,inside,1,-4,none,not assessed,short,leap-up,5,no,14,last,no,no,no,
Sunless 05,4,31,4.5,F4,65,ɑ,Bozeman tenor-mezzo midpoint,0.278,close,E4,0.5,inside,3,-2,none,not assessed,short,step,2,yes,15,first,no,no,no,turning pitch 0 to 2 st below
Sunless 05,4,32,1,F#3,54,ɨ,derived from Bozeman tenor-mezzo,0.278,open,A#3,-3.89,below primo,-8,-13,none,not assessed,short,leap-down,-11,no,15,middle,no,no,no,
Sunless 05,4,32,1.5,F3,53,ɪ,derived from Bozeman tenor-mezzo,0.278,open,D4,-9.04,below primo,-9,-14,none,not assessed,short,step,-1,no,15,middle,no,no,no,
Sunless 05,4,32,2,G#3,56,o,Bozeman tenor-mezzo midpoint,0.278,open,C#4,-4.5,below primo,-6,-11,none,not assessed,short,leap-up,3,no,15,middle,no,no,no,
Sunless 05,4,32,2.5,F#3,54,u,Bozeman tenor-mezzo midpoint,0.278,open,G3,-0.5,below primo,-8,-13,none,not assessed,short,step,-2,no,15,middle,no,no,no,
Sunless 05,4,32,3,D#4,63,o,Bozeman tenor-mezzo midpoint,0.556,close,C#4,2.5,inside,1,-4,none,not assessed,short,leap-up,9,no,15,middle,no,no,no,
Sunless 05,4,32,4,A#3,58,ɨ,derived from Bozeman tenor-mezzo,0.278,close,A#3,0.11,below primo,-4,-9,none,not assessed,short,leap-down,-5,no,15,middle,no,no,no,turning pitch 0 to 2 st below
Sunless 05,4,32,4.5,A#3,58,ɪ,derived from Bozeman tenor-mezzo,0.278,open,D4,-4.04,below primo,-4,-9,none,not assessed,short,repeated,0,no,15,middle,no,no,no,
Sunless 05,4,33,1,B3,59,u,Bozeman tenor-mezzo midpoint,0.278,close,G3,4.5,below primo,-3,-8,none,not assessed,short,step,1,no,15,middle,no,no,no,
Sunless 05,4,33,1.5,A#3,58,ɪ,derived from Bozeman tenor-mezzo,0.278,open,D4,-4.04,below primo,-4,-9,none,not assessed,short,step,-1,no,15,middle,no,no,no,
Sunless 05,4,33,2,A3,57,ʌ,derived from Bozeman tenor-mezzo,0.278,open,E4,-7.5,below primo,-5,-10,3,not assessed,short,step,-1,no,15,middle,no,no,no,
Sunless 05,4,33,2.5,A#3,58,ɑ,Bozeman tenor-mezzo midpoint,0.278,open,E4,-6.5,below primo,-4,-9,none,not assessed,short,step,1,no,15,middle,no,no,no,
Sunless 05,4,33,3,D#4,63,o,Bozeman tenor-mezzo midpoint,0.833,close,C#4,2.5,inside,1,-4,none,not assessed,short,leap-up,5,no,15,middle,no,no,no,
Sunless 05,4,33,4.5,F4,65,u,Bozeman tenor-mezzo midpoint,0.278,close,G3,10.5,inside,3,-2,none,not assessed,short,step,2,no,15,middle,no,no,no,
Sunless 05,4,34,1,F#4,66,ɑ,Bozeman tenor-mezzo midpoint,0.278,close,E4,1.5,inside,4,-1,none,not assessed,short,step,1,no,15,middle,yes,yes,yes,highest of phrase; turning pitch 0 to 2 st below
Sunless 05,4,34,1.5,C4,60,u,Bozeman tenor-mezzo midpoint,0.278,close,G3,5.5,below primo,-2,-7,none,not assessed,short,leap-down,-6,no,15,middle,no,no,no,
Sunless 05,4,34,2,B3,59,o,Bozeman tenor-mezzo midpoint,0.278,open,C#4,-1.5,below primo,-3,-8,none,not assessed,short,step,-1,no,15,middle,no,no,no,
Sunless 05,4,34,2.5,D#4,63,ɨ,derived from Bozeman tenor-mezzo,0.278,close,A#3,5.11,inside,1,-4,none,not assessed,short,leap-up,4,no,15,middle,no,no,no,
Sunless 05,4,34,3,F4,65,u,Bozeman tenor-mezzo midpoint,0.278,close,G3,10.5,inside,3,-2,none,not assessed,short,step,2,no,15,last,no,no,no,
Sunless 05,4,34,4,F4,65,i,Bozeman tenor-mezzo midpoint,0.556,above,E3,12.5,inside,3,-2,none,not assessed,short,repeated,0,yes,16,first,no,no,no,
Sunless 05,4,35,1,F#4,66,ɨ,derived from Bozeman tenor-mezzo,0.556,close,A#3,8.11,inside,4,-1,none,not assessed,short,step,1,no,16,middle,yes,yes,yes,highest of phrase
Sunless 05,4,35,2,C#4,61,ɨ,derived from Bozeman tenor-mezzo,0.556,close,A#3,3.11,below primo,-1,-6,none,not assessed,short,leap-down,-5,no,16,middle,no,no,no,
Sunless 05,4,35,3,D4,62,none resolved,not assessed,0.833,not assessed,not assessed,not assessed,inside,0,-5,not assessed,not assessed,short,step,1,no,16,middle,no,no,no,
Sunless 05,4,35,4.5,E4,64,ɑ,Bozeman tenor-mezzo midpoint,0.278,open,E4,-0.5,inside,2,-3,none,not assessed,short,step,2,no,16,middle,no,no,no,
Sunless 05,4,36,1,F#4,66,i,Bozeman tenor-mezzo midpoint,0.556,above,E3,13.5,inside,4,-1,none,not assessed,short,step,2,no,16,last,yes,yes,yes,highest of phrase
Sunless 05,4,36,3.5,F#4,66,ɛ,Bozeman tenor-mezzo midpoint,0.278,close,D#4,3.5,inside,4,-1,none,not assessed,short,repeated,0,yes,17,first,yes,yes,yes,highest of phrase
Sunless 05,4,36,4,E4,64,o,Bozeman tenor-mezzo midpoint,0.278,close,C#4,3.5,inside,2,-3,none,not assessed,short,step,-2,no,17,middle,no,no,no,
Sunless 05,4,36,4.5,D#4,63,o,Bozeman tenor-mezzo midpoint,0.278,close,C#4,2.5,inside,1,-4,none,not assessed,short,step,-1,no,17,middle,no,no,no,
Sunless 05,4,37,1,E4,64,ɨ,derived from Bozeman tenor-mezzo,0.833,close,A#3,6.11,inside,2,-3,none,not assessed,short,step,1,no,17,middle,no,no,no,
Sunless 05,4,37,2.5,D#4,63,i,Bozeman tenor-mezzo midpoint,0.278,close,E3,10.5,inside,1,-4,none,not assessed,short,step,-1,no,17,middle,no,no,no,
Sunless 05,4,37,3,C#4,61,u,Bozeman tenor-mezzo midpoint,0.556,close,G3,6.5,below primo,-1,-6,none,not assessed,short,step,-2,no,17,last,no,no,no,
Sunless 05,4,37,4.5,A#3,58,o,Bozeman tenor-mezzo midpoint,0.278,open,C#4,-2.5,below primo,-4,-9,none,not assessed,short,leap-down,-3,yes,18,first,no,no,no,
Sunless 05,4,38,1,B3,59,ɨ,derived from Bozeman tenor-mezzo,0.556,close,A#3,1.11,below primo,-3,-8,none,not assessed,short,step,1,no,18,middle,no,no,no,turning pitch 0 to 2 st below
Sunless 05,4,38,2,B3,59,ɪ,derived from Bozeman tenor-mezzo,0.556,open,D4,-3.04,below primo,-3,-8,none,not assessed,short,repeated,0,no,18,middle,no,no,no,
Sunless 05,4,38,3,E4,64,u,Bozeman tenor-mezzo midpoint,0.833,close,G3,9.5,inside,2,-3,none,not assessed,short,leap-up,5,no,18,middle,no,no,no,
Sunless 05,4,38,4.5,D#4,63,ʌ,derived from Bozeman tenor-mezzo,0.278,open,E4,-1.5,inside,1,-4,none,not assessed,short,step,-1,no,18,middle,no,no,no,
Sunless 05,4,39,1,G#4,68,ɛ,Bozeman tenor-mezzo midpoint,0.556,close,D#4,5.5,above secondo,6,1,none,not assessed,short,leap-up,5,no,18,last,yes,yes,yes,highest of phrase
Sunless 05,4,39,3,E4,64,ɑ,Bozeman tenor-mezzo midpoint,1.111,open,E4,-0.5,inside,2,-3,none,not assessed,short,leap-down,-4,yes,19,first,yes,no,no,highest of phrase
Sunless 05,4,40,1,G#3,56,ɨ,derived from Bozeman tenor-mezzo,0.278,open,A#3,-1.89,below primo,-6,-11,none,not assessed,short,leap-down,-8,no,19,middle,no,no,no,
Sunless 05,4,40,1.5,G3,55,ɑ,Bozeman tenor-mezzo midpoint,0.278,open,E4,-9.5,below primo,-7,-12,none,not assessed,short,step,-1,no,19,middle,no,no,no,
Sunless 05,4,40,2,B3,59,ɑ,Bozeman tenor-mezzo midpoint,0.278,open,E4,-5.5,below primo,-3,-8,none,not assessed,short,leap-up,4,no,19,middle,no,no,no,
Sunless 05,4,40,2.5,A#3,58,ɨ,derived from Bozeman tenor-mezzo,0.278,close,A#3,0.11,below primo,-4,-9,none,not assessed,short,step,-1,no,19,middle,no,no,no,turning pitch 0 to 2 st below
Sunless 05,4,40,3,D4,62,o,Bozeman tenor-mezzo midpoint,0.278,close,C#4,1.5,inside,0,-5,none,not assessed,short,leap-up,4,no,19,middle,no,no,no,turning pitch 0 to 2 st below
Sunless 05,4,40,3.5,D4,62,ʌ,derived from Bozeman tenor-mezzo,0.278,open,E4,-2.5,inside,0,-5,none,not assessed,short,repeated,0,no,19,last,no,no,no,
Sunless 05,4,40,4.5,D4,62,ɨ,derived from Bozeman tenor-mezzo,0.278,close,A#3,4.11,inside,0,-5,none,not assessed,short,repeated,0,yes,20,first,no,no,no,
Sunless 05,4,41,1,D#4,63,e,Bozeman tenor-mezzo midpoint,0.556,close,D4,1.5,inside,1,-4,none,not assessed,short,step,1,no,20,middle,no,no,no,turning pitch 0 to 2 st below
Sunless 05,4,41,2,E4,64,ʌ,derived from Bozeman tenor-mezzo,0.556,open,E4,-0.5,inside,2,-3,none,not assessed,short,step,1,no,20,middle,no,no,no,
Sunless 05,4,41,3,G#4,68,ɛ,Bozeman tenor-mezzo midpoint,0.278,close,D#4,5.5,above secondo,6,1,none,not assessed,short,leap-up,4,no,20,middle,yes,yes,yes,highest of phrase
Sunless 05,4,41,3.5,F#4,66,ʌ,derived from Bozeman tenor-mezzo,0.278,close,E4,1.5,inside,4,-1,none,not assessed,short,step,-2,no,20,middle,no,yes,yes,turning pitch 0 to 2 st below
Sunless 05,4,41,4,F#4,66,i,Bozeman tenor-mezzo midpoint,0.278,above,E3,13.5,inside,4,-1,none,not assessed,short,repeated,0,no,20,last,no,yes,no,
Sunless 05,4,42,1.5,B3,59,ɛ,Bozeman tenor-mezzo midpoint,0.278,open,D#4,-3.5,below primo,-3,-8,none,not assessed,short,leap-down,-7,yes,21,first,no,no,no,
Sunless 05,4,42,2,E4,64,ɑ,Bozeman tenor-mezzo midpoint,0.278,open,E4,-0.5,inside,2,-3,none,not assessed,short,leap-up,5,no,21,middle,yes,no,no,highest of phrase
Sunless 05,4,42,2.5,E4,64,u,Bozeman tenor-mezzo midpoint,0.278,close,G3,9.5,inside,2,-3,none,not assessed,short,repeated,0,no,21,middle,yes,no,no,highest of phrase
Sunless 05,4,42,3,G#3,56,ɨ,derived from Bozeman tenor-mezzo,0.556,open,A#3,-1.89,below primo,-6,-11,none,not assessed,short,leap-down,-8,no,21,middle,no,no,no,
Sunless 05,4,42,4,B3,59,ɨ,derived from Bozeman tenor-mezzo,0.556,close,A#3,1.11,below primo,-3,-8,none,not assessed,short,leap-up,3,no,21,middle,no,no,no,turning pitch 0 to 2 st below
Sunless 05,4,43,1,D4,62,o,Bozeman tenor-mezzo midpoint,0.556,close,C#4,1.5,inside,0,-5,none,not assessed,short,leap-up,3,no,21,middle,no,no,no,turning pitch 0 to 2 st below
Sunless 05,4,43,2,D4,62,o,Bozeman tenor-mezzo midpoint,0.278,close,C#4,1.5,inside,0,-5,none,not assessed,short,repeated,0,no,21,last,no,no,no,turning pitch 0 to 2 st below
Sunless 05,4,43,4.5,D4,62,u,Bozeman tenor-mezzo midpoint,0.278,close,G3,7.5,inside,0,-5,none,not assessed,short,repeated,0,yes,22,first,yes,no,no,highest of phrase
Sunless 05,4,44,1,D4,62,ɨ,derived from Bozeman tenor-mezzo,1.111,close,A#3,4.11,inside,0,-5,none,not assessed,short,repeated,0,no,22,middle,yes,no,no,highest of phrase
Sunless 05,4,44,3,C#4,61,ɨ,derived from Bozeman tenor-mezzo,0.556,close,A#3,3.11,below primo,-1,-6,none,not assessed,short,step,-1,no,22,middle,no,no,no,
Sunless 05,4,44,4,C#4,61,ɨ,derived from Bozeman tenor-mezzo,0.278,close,A#3,3.11,below primo,-1,-6,none,not assessed,short,tie,0,no,22,last,no,no,no,
Sunless 05,4,45,1,A#3,58,e,Bozeman tenor-mezzo midpoint,1.667,open,D4,-3.5,below primo,-4,-9,none,not assessed,short,leap-down,-3,yes,23,first,yes,no,no,highest of phrase
Sunless 05,4,45,4,A#3,58,i,Bozeman tenor-mezzo midpoint,0.556,close,E3,5.5,below primo,-4,-9,none,not assessed,short,repeated,0,no,23,middle,yes,no,no,highest of phrase
Sunless 05,4,46,1,A#3,58,o,Bozeman tenor-mezzo midpoint,1.111,open,C#4,-2.5,below primo,-4,-9,none,not assessed,short,repeated,0,no,23,last,yes,no,no,highest of phrase
Sunless 05,4,48,4,A#3,58,ɪ,derived from Bozeman tenor-mezzo,0.556,open,D4,-4.04,below primo,-4,-9,none,not assessed,short,repeated,0,yes,24,first,no,no,no,
Sunless 05,4,49,1,A#3,58,e,Bozeman tenor-mezzo midpoint,0.833,open,D4,-3.5,below primo,-4,-9,none,not assessed,short,repeated,0,no,24,middle,no,no,no,
Sunless 05,4,49,2.5,A#3,58,i,Bozeman tenor-mezzo midpoint,0.278,close,E3,5.5,below primo,-4,-9,none,not assessed,short,repeated,0,no,24,middle,no,no,no,
Sunless 05,4,49,3,C4,60,ʌ,derived from Bozeman tenor-mezzo,0.556,open,E4,-4.5,below primo,-2,-7,none,not assessed,short,step,2,no,24,middle,no,no,no,
Sunless 05,4,49,4,A#3,58,ɪ,derived from Bozeman tenor-mezzo,0.556,open,D4,-4.04,below primo,-4,-9,none,not assessed,short,step,-2,no,24,middle,no,no,no,
Sunless 05,4,50,1,D4,62,ɑ,Bozeman tenor-mezzo midpoint,0.278,open,E4,-2.5,inside,0,-5,none,not assessed,short,leap-up,4,no,24,last,yes,no,no,highest of phrase
Sunless 05,4,50,2,D4,62,ɑ,Bozeman tenor-mezzo midpoint,0.556,open,E4,-2.5,inside,0,-5,none,not assessed,short,repeated,0,yes,25,first,no,no,no,
Sunless 05,4,50,3,D#4,63,u,Bozeman tenor-mezzo midpoint,0.556,close,G3,8.5,inside,1,-4,none,not assessed,short,step,1,no,25,middle,yes,no,no,highest of phrase
Sunless 05,4,50,4,F#3,54,ʌ,derived from Bozeman tenor-mezzo,0.556,open,E4,-10.5,below primo,-8,-13,none,not assessed,short,leap-down,-9,no,25,middle,no,no,no,
Sunless 05,4,51,1,G#3,56,o,Bozeman tenor-mezzo midpoint,0.278,open,C#4,-4.5,below primo,-6,-11,none,not assessed,short,step,2,no,25,middle,no,no,no,
Sunless 05,4,51,1.5,F#3,54,ɑ,Bozeman tenor-mezzo midpoint,0.278,open,E4,-10.5,below primo,-8,-13,none,not assessed,short,step,-2,no,25,middle,no,no,no,
Sunless 05,4,51,2,A#3,58,ɑ,Bozeman tenor-mezzo midpoint,0.278,open,E4,-6.5,below primo,-4,-9,none,not assessed,short,leap-up,4,no,25,middle,no,no,no,
Sunless 05,4,51,2.5,C#4,61,ɨ,derived from Bozeman tenor-mezzo,0.278,close,A#3,3.11,below primo,-1,-6,none,not assessed,short,leap-up,3,no,25,middle,no,no,no,
Sunless 05,4,51,3,D#4,63,ɑ,Bozeman tenor-mezzo midpoint,0.556,open,E4,-1.5,inside,1,-4,none,not assessed,short,step,2,no,25,last,yes,no,no,highest of phrase
Sunless 05,4,51,4.5,D#4,63,ɨ,derived from Bozeman tenor-mezzo,0.278,close,A#3,5.11,inside,1,-4,none,not assessed,short,repeated,0,yes,26,first,yes,no,no,highest of phrase
Sunless 05,4,52,1,A#3,58,ɑ,Bozeman tenor-mezzo midpoint,0.278,open,E4,-6.5,below primo,-4,-9,none,not assessed,short,leap-down,-5,no,26,middle,no,no,no,
Sunless 05,4,52,1.5,A#3,58,ɪ,derived from Bozeman tenor-mezzo,0.278,open,D4,-4.04,below primo,-4,-9,none,not assessed,short,repeated,0,no,26,middle,no,no,no,
Sunless 05,4,52,2,G#3,56,ɛ,Bozeman tenor-mezzo midpoint,0.278,open,D#4,-6.5,below primo,-6,-11,none,not assessed,short,step,-2,no,26,middle,no,no,no,
Sunless 05,4,52,2.5,G3,55,ɨ,derived from Bozeman tenor-mezzo,0.278,open,A#3,-2.89,below primo,-7,-12,none,not assessed,short,step,-1,no,26,middle,no,no,no,
Sunless 05,4,52,3,A#3,58,i,Bozeman tenor-mezzo midpoint,0.833,close,E3,5.5,below primo,-4,-9,none,not assessed,short,leap-up,3,no,26,middle,no,no,no,
Sunless 05,4,52,4.5,A#3,58,u,Bozeman tenor-mezzo midpoint,0.278,close,G3,3.5,below primo,-4,-9,none,not assessed,short,repeated,0,no,26,middle,no,no,no,
Sunless 05,4,53,1,C4,60,ɑ,Bozeman tenor-mezzo midpoint,0.833,open,E4,-4.5,below primo,-2,-7,none,not assessed,short,step,2,no,26,middle,no,no,no,
Sunless 05,4,53,2.5,C4,60,ɪ,derived from Bozeman tenor-mezzo,0.278,open,D4,-2.04,below primo,-2,-7,none,not assessed,short,repeated,0,no,26,middle,no,no,no,
Sunless 05,4,53,3,C4,60,ɪ,derived from Bozeman tenor-mezzo,0.556,open,D4,-2.04,below primo,-2,-7,none,not assessed,short,repeated,0,no,26,middle,no,no,no,
Sunless 05,4,53,4,C4,60,ɑ,Bozeman tenor-mezzo midpoint,0.556,open,E4,-4.5,below primo,-2,-7,none,not assessed,short,repeated,0,no,26,middle,no,no,no,
Sunless 05,4,54,1,C#4,61,ɑ,Bozeman tenor-mezzo midpoint,1.111,open,E4,-3.5,below primo,-1,-6,none,not assessed,short,step,1,no,26,middle,no,no,no,
Sunless 05,4,54,3,A#3,58,ʌ,derived from Bozeman tenor-mezzo,0.278,open,E4,-6.5,below primo,-4,-9,none,not assessed,short,leap-down,-3,no,26,last,no,no,no,
Sunless 05,4,54,4,A#3,58,ɑ,Bozeman tenor-mezzo midpoint,0.556,open,E4,-6.5,below primo,-4,-9,none,not assessed,short,repeated,0,yes,27,first,no,no,no,
Sunless 05,4,55,1,A#3,58,u,Bozeman tenor-mezzo midpoint,0.833,close,G3,3.5,below primo,-4,-9,none,not assessed,short,repeated,0,no,27,middle,no,no,no,
Sunless 05,4,55,2.5,A#3,58,u,Bozeman tenor-mezzo midpoint,0.278,close,G3,3.5,below primo,-4,-9,none,not assessed,short,repeated,0,no,27,middle,no,no,no,
Sunless 05,4,55,3,D4,62,ʌ,derived from Bozeman tenor-mezzo,0.556,open,E4,-2.5,inside,0,-5,none,not assessed,short,leap-up,4,no,27,middle,no,no,no,
Sunless 05,4,55,4,F4,65,ɑ,Bozeman tenor-mezzo midpoint,0.556,close,E4,0.5,inside,3,-2,none,not assessed,short,leap-up,3,no,27,middle,no,no,no,turning pitch 0 to 2 st below
Sunless 05,4,56,1,F#4,66,ɑ,Bozeman tenor-mezzo midpoint,0.556,close,E4,1.5,inside,4,-1,none,not assessed,short,step,1,no,27,middle,yes,yes,yes,highest of phrase; turning pitch 0 to 2 st below
Sunless 05,4,56,2,F#4,66,ɑ,Bozeman tenor-mezzo midpoint,0.278,close,E4,1.5,inside,4,-1,none,not assessed,short,tie,0,no,27,last,yes,yes,yes,highest of phrase; turning pitch 0 to 2 st below
Sunless 05,4,56,4,F#3,54,ɪ,derived from Bozeman tenor-mezzo,0.556,open,D4,-8.04,below primo,-8,-13,none,not assessed,short,leap-down,-12,yes,28,first,no,no,no,
Sunless 05,4,57,1,A#3,58,o,Bozeman tenor-mezzo midpoint,1.667,open,C#4,-2.5,below primo,-4,-9,none,not assessed,short,leap-up,4,no,28,middle,no,no,no,
Sunless 05,4,57,4,A#3,58,i,Bozeman tenor-mezzo midpoint,0.556,close,E3,5.5,below primo,-4,-9,none,not assessed,short,repeated,0,no,28,middle,no,no,no,
Sunless 05,4,58,1,A#3,58,ɪ,derived from Bozeman tenor-mezzo,1.111,open,D4,-4.04,below primo,-4,-9,none,not assessed,short,repeated,0,no,28,middle,no,no,no,
Sunless 05,4,58,3,D#4,63,ɑ,Bozeman tenor-mezzo midpoint,1.111,open,E4,-1.5,inside,1,-4,none,not assessed,short,leap-up,5,no,28,middle,yes,no,no,highest of phrase
Sunless 05,4,59,1,A#3,58,ɑ,Bozeman tenor-mezzo midpoint,1.111,open,E4,-6.5,below primo,-4,-9,none,not assessed,short,leap-down,-5,no,28,middle,no,no,no,
Sunless 05,4,59,3,A#3,58,ʌ,derived from Bozeman tenor-mezzo,0.556,open,E4,-6.5,below primo,-4,-9,none,not assessed,short,repeated,0,no,28,last,no,no,no,
Sunless 06,4,2,1,F3,53,e,Bozeman tenor-mezzo midpoint,1,open,D4,-8.5,below primo,-9,-14,none,not assessed,short,first note,,,0,first,no,no,no,
Sunless 06,4,2,3,G3,55,ɑ,Bozeman tenor-mezzo midpoint,0.5,open,E4,-9.5,below primo,-7,-12,none,not assessed,short,step,2,no,0,middle,no,no,no,
Sunless 06,4,2,4,A3,57,ɑ,Bozeman tenor-mezzo midpoint,0.5,open,E4,-7.5,below primo,-5,-10,3,not assessed,short,step,2,no,0,middle,no,no,no,
Sunless 06,4,3,1,A#3,58,u,Bozeman tenor-mezzo midpoint,1,close,G3,3.5,below primo,-4,-9,none,not assessed,short,step,1,no,0,middle,no,no,no,
Sunless 06,4,3,3,G3,55,i,Bozeman tenor-mezzo midpoint,0.5,close,E3,2.5,below primo,-7,-12,none,not assessed,short,leap-down,-3,no,0,middle,no,no,no,
Sunless 06,4,3,4,A#3,58,ɨ,derived from Bozeman tenor-mezzo,0.5,close,A#3,0.11,below primo,-4,-9,none,not assessed,short,leap-up,3,no,0,middle,no,no,no,turning pitch 0 to 2 st below
Sunless 06,4,4,1,C4,60,o,Bozeman tenor-mezzo midpoint,1,open,C#4,-0.5,below primo,-2,-7,none,not assessed,short,step,2,no,0,middle,no,no,no,
Sunless 06,4,4,3,C#4,61,ɨ,derived from Bozeman tenor-mezzo,0.5,close,A#3,3.11,below primo,-1,-6,none,not assessed,short,step,1,no,0,middle,no,no,no,
Sunless 06,4,4,4,C4,60,ɑ,Bozeman tenor-mezzo midpoint,0.5,open,E4,-4.5,below primo,-2,-7,none,not assessed,short,step,-1,no,0,middle,no,no,no,
Sunless 06,4,5,1,F4,65,o,Bozeman tenor-mezzo midpoint,0.75,close,C#4,4.5,inside,3,-2,none,not assessed,short,leap-up,5,no,0,middle,yes,no,no,highest of phrase
Sunless 06,4,5,2.5,A#3,58,i,Bozeman tenor-mezzo midpoint,0.25,close,E3,5.5,below primo,-4,-9,none,not assessed,short,leap-down,-7,no,0,middle,no,no,no,
Sunless 06,4,5,3,A#3,58,ɪ,derived from Bozeman tenor-mezzo,0.5,open,D4,-4.04,below primo,-4,-9,none,not assessed,short,repeated,0,no,0,last,no,no,no,
Sunless 06,4,6,1,C#4,61,i,Bozeman tenor-mezzo midpoint,1,close,E3,8.5,below primo,-1,-6,none,not assessed,short,leap-up,3,yes,1,first,yes,no,no,highest of phrase
Sunless 06,4,6,3,G#3,56,ɪ,derived from Bozeman tenor-mezzo,0.5,open,D4,-6.04,below primo,-6,-11,none,not assessed,short,leap-down,-5,no,1,middle,no,no,no,
Sunless 06,4,6,4,A#3,58,ʌ,derived from Bozeman tenor-mezzo,0.5,open,E4,-6.5,below primo,-4,-9,none,not assessed,short,step,2,no,1,middle,no,no,no,
Sunless 06,4,7,1,C#4,61,ɛ,Bozeman tenor-mezzo midpoint,1,open,D#4,-1.5,below primo,-1,-6,none,not assessed,short,leap-up,3,no,1,middle,yes,no,no,highest of phrase
Sunless 06,4,7,3,G#3,56,ɑ,Bozeman tenor-mezzo midpoint,0.25,open,E4,-8.5,below primo,-6,-11,none,not assessed,short,leap-down,-5,no,1,last,no,no,no,
Sunless 06,4,7,4,A#3,58,o,Bozeman tenor-mezzo midpoint,0.5,open,C#4,-2.5,below primo,-4,-9,none,not assessed,short,step,2,yes,2,first,no,no,no,
Sunless 06,4,8,1,C4,60,ɑ,Bozeman tenor-mezzo midpoint,1,open,E4,-4.5,below primo,-2,-7,none,not assessed,short,step,2,no,2,middle,yes,no,no,highest of phrase
Sunless 06,4,8,3,G3,55,i,Bozeman tenor-mezzo midpoint,0.5,close,E3,2.5,below primo,-7,-12,none,not assessed,short,leap-down,-5,no,2,middle,no,no,no,
Sunless 06,4,8,4,A3,57,u,Bozeman tenor-mezzo midpoint,0.5,close,G3,2.5,below primo,-5,-10,none,not assessed,short,step,2,no,2,middle,no,no,no,
Sunless 06,4,9,1,C4,60,u,Bozeman tenor-mezzo midpoint,0.75,close,G3,5.5,below primo,-2,-7,none,not assessed,short,leap-up,3,no,2,middle,yes,no,no,highest of phrase
Sunless 06,4,9,2.5,A3,57,u,Bozeman tenor-mezzo midpoint,0.25,close,G3,2.5,below primo,-5,-10,none,not assessed,short,leap-down,-3,no,2,middle,no,no,no,
Sunless 06,4,9,3,A3,57,none resolved,not assessed,0.5,not assessed,not assessed,not assessed,below primo,-5,-10,not assessed,not assessed,short,repeated,0,no,2,last,no,no,no,
Sunless 06,4,10,1,C#4,61,o,Bozeman tenor-mezzo midpoint,1,close,C#4,0.5,below primo,-1,-6,none,not assessed,short,leap-up,4,yes,3,first,no,no,no,turning pitch 0 to 2 st below
Sunless 06,4,10,3,G#3,56,ɑ,Bozeman tenor-mezzo midpoint,0.25,open,E4,-8.5,below primo,-6,-11,none,not assessed,short,leap-down,-5,no,3,middle,no,no,no,
Sunless 06,4,10,3.5,A#3,58,ɑ,Bozeman tenor-mezzo midpoint,0.25,open,E4,-6.5,below primo,-4,-9,none,not assessed,short,step,2,no,3,middle,no,no,no,
Sunless 06,4,10,4,G#3,56,ɑ,Bozeman tenor-mezzo midpoint,0.25,open,E4,-8.5,below primo,-6,-11,none,not assessed,short,step,-2,no,3,middle,no,no,no,
Sunless 06,4,10,4.5,F3,53,ɑ,Bozeman tenor-mezzo midpoint,0.25,open,E4,-11.5,below primo,-9,-14,none,not assessed,short,leap-down,-3,no,3,middle,no,no,no,
Sunless 06,4,11,1,C4,60,u,Bozeman tenor-mezzo midpoint,0.5,close,G3,5.5,below primo,-2,-7,none,not assessed,short,leap-up,7,no,3,middle,no,no,no,
Sunless 06,4,11,2,D4,62,u,Bozeman tenor-mezzo midpoint,0.5,close,G3,7.5,inside,0,-5,none,not assessed,short,step,2,no,3,middle,yes,no,no,highest of phrase
Sunless 06,4,11,3,A3,57,ɑ,Bozeman tenor-mezzo midpoint,0.25,open,E4,-7.5,below primo,-5,-10,3,not assessed,short,leap-down,-5,no,3,last,no,no,no,
Sunless 06,4,11,4,C4,60,ɑ,Bozeman tenor-mezzo midpoint,0.5,open,E4,-4.5,below primo,-2,-7,none,not assessed,short,leap-up,3,yes,4,first,no,no,no,
Sunless 06,4,12,1,C#4,61,o,Bozeman tenor-mezzo midpoint,1,close,C#4,0.5,below primo,-1,-6,none,not assessed,short,step,1,no,4,middle,no,no,no,turning pitch 0 to 2 st below
Sunless 06,4,12,3,G#3,56,ɨ,derived from Bozeman tenor-mezzo,0.25,open,A#3,-1.89,below primo,-6,-11,none,not assessed,short,leap-down,-5,no,4,middle,no,no,no,
Sunless 06,4,12,3.5,A#3,58,ɨ,derived from Bozeman tenor-mezzo,0.25,close,A#3,0.11,below primo,-4,-9,none,not assessed,short,step,2,no,4,middle,no,no,no,turning pitch 0 to 2 st below
Sunless 06,4,12,4,G#3,56,u,Bozeman tenor-mezzo midpoint,0.25,close,G3,1.5,below primo,-6,-11,none,not assessed,short,step,-2,no,4,middle,no,no,no,turning pitch 0 to 2 st below
Sunless 06,4,12,4.5,F3,53,u,Bozeman tenor-mezzo midpoint,0.25,open,G3,-1.5,below primo,-9,-14,none,not assessed,short,leap-down,-3,no,4,middle,no,no,no,
Sunless 06,4,13,1,C4,60,o,Bozeman tenor-mezzo midpoint,0.5,open,C#4,-0.5,below primo,-2,-7,none,not assessed,short,leap-up,7,no,4,middle,no,no,no,
Sunless 06,4,13,2,D4,62,o,Bozeman tenor-mezzo midpoint,0.25,close,C#4,1.5,inside,0,-5,none,not assessed,short,step,2,no,4,middle,yes,no,no,highest of phrase; turning pitch 0 to 2 st below
Sunless 06,4,13,2.5,A3,57,i,Bozeman tenor-mezzo midpoint,0.25,close,E3,4.5,below primo,-5,-10,none,not assessed,short,leap-down,-5,no,4,middle,no,no,no,
Sunless 06,4,13,3,A3,57,ɪ,derived from Bozeman tenor-mezzo,0.5,open,D4,-5.04,below primo,-5,-10,none,not assessed,short,repeated,0,no,4,last,no,no,no,
Sunless 06,4,14,1,A#3,58,ɑ,Bozeman tenor-mezzo midpoint,1,open,E4,-6.5,below primo,-4,-9,none,not assessed,short,step,1,yes,5,first,no,no,no,
Sunless 06,4,14,3,G#3,56,ɨ,derived from Bozeman tenor-mezzo,0.5,open,A#3,-1.89,below primo,-6,-11,none,not assessed,short,step,-2,no,5,middle,no,no,no,
Sunless 06,4,14,4,F#3,54,ɑ,Bozeman tenor-mezzo midpoint,0.5,open,E4,-10.5,below primo,-8,-13,none,not assessed,short,step,-2,no,5,middle,no,no,no,
Sunless 06,4,15,1,A#3,58,ɛ,Bozeman tenor-mezzo midpoint,1,open,D#4,-4.5,below primo,-4,-9,none,not assessed,short,leap-up,4,no,5,middle,no,no,no,
Sunless 06,4,15,3,G#3,56,ɨ,derived from Bozeman tenor-mezzo,0.5,open,A#3,-1.89,below primo,-6,-11,none,not assessed,short,step,-2,no,5,middle,no,no,no,
Sunless 06,4,15,4,F#3,54,ɪ,derived from Bozeman tenor-mezzo,0.5,open,D4,-8.04,below primo,-8,-13,none,not assessed,short,step,-2,no,5,middle,no,no,no,
Sunless 06,4,16,1,F3,53,ɛ,Bozeman tenor-mezzo midpoint,0.5,open,D#4,-9.5,below primo,-9,-14,none,not assessed,short,step,-1,no,5,middle,no,no,no,
Sunless 06,4,16,2,F4,65,ɛ,Bozeman tenor-mezzo midpoint,0.5,close,D#4,2.5,inside,3,-2,none,not assessed,short,leap-up,12,no,5,middle,yes,no,no,highest of phrase
Sunless 06,4,16,3,C#4,61,ɨ,derived from Bozeman tenor-mezzo,0.5,close,A#3,3.11,below primo,-1,-6,none,not assessed,short,leap-down,-4,no,5,middle,no,no,no,
Sunless 06,4,16,4,A3,57,i,Bozeman tenor-mezzo midpoint,0.5,close,E3,4.5,below primo,-5,-10,none,not assessed,short,leap-down,-4,no,5,middle,no,no,no,
Sunless 06,4,17,1,F3,53,u,Bozeman tenor-mezzo midpoint,0.75,open,G3,-1.5,below primo,-9,-14,none,not assessed,short,leap-down,-4,no,5,middle,no,no,no,
Sunless 06,4,17,2.5,G3,55,u,Bozeman tenor-mezzo midpoint,0.25,close,G3,0.5,below primo,-7,-12,none,not assessed,short,step,2,no,5,middle,no,no,no,turning pitch 0 to 2 st below
Sunless 06,4,17,3,A3,57,none resolved,not assessed,0.5,not assessed,not assessed,not assessed,below primo,-5,-10,not assessed,not assessed,short,step,2,no,5,last,no,no,no,
Sunless 06,4,18,1,F4,65,ɛ,Bozeman tenor-mezzo midpoint,1,close,D#4,2.5,inside,3,-2,none,not assessed,short,leap-up,8,yes,6,first,yes,no,no,highest of phrase
Sunless 06,4,18,3,E4,64,u,Bozeman tenor-mezzo midpoint,0.25,close,G3,9.5,inside,2,-3,none,not assessed,short,step,-1,no,6,last,no,no,no,
Sunless 06,4,18,4,A3,57,ɑ,Bozeman tenor-mezzo midpoint,0.5,open,E4,-7.5,below primo,-5,-10,3,not assessed,short,leap-down,-7,yes,7,first,no,no,no,
Sunless 06,4,19,1,C4,60,ɑ,Bozeman tenor-mezzo midpoint,1,open,E4,-4.5,below primo,-2,-7,none,not assessed,short,leap-up,3,no,7,middle,yes,no,no,highest of phrase
Sunless 06,4,19,3,F3,53,none resolved,not assessed,0.25,not assessed,not assessed,not assessed,below primo,-9,-14,not assessed,not assessed,short,leap-down,-7,no,7,last,no,no,no,
Sunless 06,4,19,4,A3,57,ɑ,Bozeman tenor-mezzo midpoint,0.25,open,E4,-7.5,below primo,-5,-10,3,not assessed,short,leap-up,4,yes,8,first,no,no,no,
Sunless 06,4,19,4.5,C4,60,ɑ,Bozeman tenor-mezzo midpoint,0.25,open,E4,-4.5,below primo,-2,-7,none,not assessed,short,leap-up,3,no,8,middle,no,no,no,
Sunless 06,4,20,1,F4,65,ɑ,Bozeman tenor-mezzo midpoint,1,close,E4,0.5,inside,3,-2,none,not assessed,short,leap-up,5,no,8,middle,yes,no,no,highest of phrase; turning pitch 0 to 2 st below
Sunless 06,4,20,3,E4,64,e,Bozeman tenor-mezzo midpoint,0.25,close,D4,2.5,inside,2,-3,none,not assessed,short,step,-1,no,8,middle,no,no,no,
Sunless 06,4,20,3.5,F4,65,e,Bozeman tenor-mezzo midpoint,0.25,close,D4,3.5,inside,3,-2,none,not assessed,short,step,1,no,8,middle,yes,no,no,highest of phrase
Sunless 06,4,20,4,E4,64,o,Bozeman tenor-mezzo midpoint,0.25,close,C#4,3.5,inside,2,-3,none,not assessed,short,step,-1,no,8,middle,no,no,no,
Sunless 06,4,20,4.5,A3,57,o,Bozeman tenor-mezzo midpoint,0.25,open,C#4,-3.5,below primo,-5,-10,none,not assessed,short,leap-down,-7,no,8,middle,no,no,no,
Sunless 06,4,21,1,D4,62,ɛ,Bozeman tenor-mezzo midpoint,0.5,open,D#4,-0.5,inside,0,-5,none,not assessed,short,leap-up,5,no,8,middle,no,no,no,
Sunless 06,4,21,2,C4,60,ɨ,derived from Bozeman tenor-mezzo,0.25,close,A#3,2.11,below primo,-2,-7,none,not assessed,short,step,-2,no,8,middle,no,no,no,
Sunless 06,4,21,2.5,B3,59,ɨ,derived from Bozeman tenor-mezzo,0.25,close,A#3,1.11,below primo,-3,-8,none,not assessed,short,step,-1,no,8,middle,no,no,no,turning pitch 0 to 2 st below
Sunless 06,4,21,3,A3,57,ɪ,derived from Bozeman tenor-mezzo,0.5,open,D4,-5.04,below primo,-5,-10,none,not assessed,short,step,-2,no,8,last,no,no,no,
Sunless 06,4,22,1,A#3,58,o,Bozeman tenor-mezzo midpoint,1,open,C#4,-2.5,below primo,-4,-9,none,not assessed,short,step,1,yes,9,first,no,no,no,
Sunless 06,4,22,3,C#4,61,ʌ,derived from Bozeman tenor-mezzo,0.5,open,E4,-3.5,below primo,-1,-6,none,not assessed,short,leap-up,3,no,9,middle,no,no,no,
Sunless 06,4,22,4,D4,62,i,Bozeman tenor-mezzo midpoint,0.5,close,E3,9.5,inside,0,-5,none,not assessed,short,step,1,no,9,middle,no,no,no,
Sunless 06,4,23,1,D4,62,o,Bozeman tenor-mezzo midpoint,1,close,C#4,1.5,inside,0,-5,none,not assessed,short,repeated,0,no,9,middle,no,no,no,turning pitch 0 to 2 st below
Sunless 06,4,23,3,C#4,61,ʌ,derived from Bozeman tenor-mezzo,0.5,open,E4,-3.5,below primo,-1,-6,none,not assessed,short,step,-1,no,9,middle,no,no,no,
Sunless 06,4,23,4,C4,60,ɪ,derived from Bozeman tenor-mezzo,0.5,open,D4,-2.04,below primo,-2,-7,none,not assessed,short,step,-1,no,9,middle,no,no,no,
Sunless 06,4,24,1,D#4,63,i,Bozeman tenor-mezzo midpoint,0.5,close,E3,10.5,inside,1,-4,none,not assessed,short,leap-up,3,no,9,middle,no,no,no,
Sunless 06,4,24,2,F4,65,i,Bozeman tenor-mezzo midpoint,0.5,above,E3,12.5,inside,3,-2,none,not assessed,short,step,2,no,9,middle,yes,no,no,highest of phrase
Sunless 06,4,24,3,C#4,61,ɨ,derived from Bozeman tenor-mezzo,0.5,close,A#3,3.11,below primo,-1,-6,none,not assessed,short,leap-down,-4,no,9,middle,no,no,no,
Sunless 06,4,24,4,A3,57,ɑ,Bozeman tenor-mezzo midpoint,0.5,open,E4,-7.5,below primo,-5,-10,3,not assessed,short,leap-down,-4,no,9,middle,no,no,no,
Sunless 06,4,25,1,C4,60,u,Bozeman tenor-mezzo midpoint,0.75,close,G3,5.5,below primo,-2,-7,none,not assessed,short,leap-up,3,no,9,middle,no,no,no,
Sunless 06,4,25,2.5,A3,57,u,Bozeman tenor-mezzo midpoint,0.25,close,G3,2.5,below primo,-5,-10,none,not assessed,short,leap-down,-3,no,9,middle,no,no,no,
Sunless 06,4,25,3,A3,57,e,Bozeman tenor-mezzo midpoint,0.5,open,D4,-4.5,below primo,-5,-10,none,not assessed,short,repeated,0,no,9,last,no,no,no,
Sunless 06,4,26,1,D#4,63,ɨ,derived from Bozeman tenor-mezzo,1,close,A#3,5.11,inside,1,-4,none,not assessed,short,leap-up,6,yes,10,first,yes,no,no,highest of phrase
Sunless 06,4,26,3,C#4,61,ɑ,Bozeman tenor-mezzo midpoint,0.5,open,E4,-3.5,below primo,-1,-6,none,not assessed,short,step,-2,no,10,middle,no,no,no,
Sunless 06,4,26,4,A#3,58,none resolved,not assessed,0.5,not assessed,not assessed,not assessed,below primo,-4,-9,not assessed,not assessed,short,leap-down,-3,no,10,middle,no,no,no,
Sunless 06,4,27,1,C#4,61,u,Bozeman tenor-mezzo midpoint,1,close,G3,6.5,below primo,-1,-6,none,not assessed,short,leap-up,3,no,10,middle,no,no,no,
Sunless 06,4,27,3,C4,60,ɨ,derived from Bozeman tenor-mezzo,0.25,close,A#3,2.11,below primo,-2,-7,none,not assessed,short,step,-1,no,10,last,no,no,no,
Sunless 06,4,27,4,F4,65,i,Bozeman tenor-mezzo midpoint,0.5,above,E3,12.5,inside,3,-2,none,not assessed,short,leap-up,5,yes,11,first,no,no,no,
Sunless 06,4,28,1,F#4,66,ɑ,Bozeman tenor-mezzo midpoint,1,close,E4,1.5,inside,4,-1,none,not assessed,short,step,1,no,11,middle,yes,yes,yes,highest of phrase; turning pitch 0 to 2 st below
Sunless 06,4,28,3,E4,64,i,Bozeman tenor-mezzo midpoint,0.5,crossing,E3,11.5,inside,2,-3,none,not assessed,short,step,-2,no,11,middle,no,no,no,crossing
Sunless 06,4,28,4,C#4,61,ɛ,Bozeman tenor-mezzo midpoint,0.5,open,D#4,-1.5,below primo,-1,-6,none,not assessed,short,leap-down,-3,no,11,middle,no,no,no,
Sunless 06,4,29,1,E4,64,ɛ,Bozeman tenor-mezzo midpoint,0.75,close,D#4,1.5,inside,2,-3,none,not assessed,short,leap-up,3,no,11,middle,no,no,no,turning pitch 0 to 2 st below
Sunless 06,4,29,2.5,C#4,61,ɨ,derived from Bozeman tenor-mezzo,0.25,close,A#3,3.11,below primo,-1,-6,none,not assessed,short,leap-down,-3,no,11,middle,no,no,no,
Sunless 06,4,29,3,C4,60,ɛ,Bozeman tenor-mezzo midpoint,0.5,open,D#4,-2.5,below primo,-2,-7,none,not assessed,short,step,-1,no,11,last,no,no,no,
Sunless 06,4,30,1,G3,55,o,Bozeman tenor-mezzo midpoint,0.5,open,C#4,-5.5,below primo,-7,-12,none,not assessed,short,leap-down,-5,yes,12,first,no,no,no,
Sunless 06,4,30,2,A#3,58,o,Bozeman tenor-mezzo midpoint,0.5,open,C#4,-2.5,below primo,-4,-9,none,not assessed,short,leap-up,3,no,12,middle,no,no,no,
Sunless 06,4,30,3,C#4,61,ʌ,derived from Bozeman tenor-mezzo,0.5,open,E4,-3.5,below primo,-1,-6,none,not assessed,short,leap-up,3,no,12,middle,no,no,no,
Sunless 06,4,30,4,A3,57,i,Bozeman tenor-mezzo midpoint,0.25,close,E3,4.5,below primo,-5,-10,none,not assessed,short,leap-down,-4,no,12,middle,no,no,no,
Sunless 06,4,30,4.5,C4,60,i,Bozeman tenor-mezzo midpoint,0.25,close,E3,7.5,below primo,-2,-7,none,not assessed,short,leap-up,3,no,12,middle,no,no,no,
Sunless 06,4,31,1,D#4,63,ɛ,Bozeman tenor-mezzo midpoint,0.75,close,D#4,0.5,inside,1,-4,none,not assessed,short,leap-up,3,no,12,middle,yes,no,no,highest of phrase; turning pitch 0 to 2 st below
Sunless 06,4,31,2.5,A3,57,ʌ,derived from Bozeman tenor-mezzo,0.25,open,E4,-7.5,below primo,-5,-10,3,not assessed,short,leap-down,-6,no,12,middle,no,no,no,
Sunless 06,4,31,3,A3,57,ɨ,derived from Bozeman tenor-mezzo,0.5,open,A#3,-0.89,below primo,-5,-10,none,not assessed,short,repeated,0,no,12,last,no,no,no,
Sunless 06,4,32,1,F4,65,u,Bozeman tenor-mezzo midpoint,1,close,G3,10.5,inside,3,-2,none,not assessed,short,leap-up,8,yes,13,first,yes,no,no,highest of phrase
Sunless 06,4,32,3,C#4,61,u,Bozeman tenor-mezzo midpoint,0.5,close,G3,6.5,below primo,-1,-6,none,not assessed,short,leap-down,-4,no,13,middle,no,no,no,
Sunless 06,4,32,4,A3,57,ɑ,Bozeman tenor-mezzo midpoint,0.5,open,E4,-7.5,below primo,-5,-10,3,not assessed,short,leap-down,-4,no,13,middle,no,no,no,
Sunless 06,4,33,1,C4,60,u,Bozeman tenor-mezzo midpoint,0.75,close,G3,5.5,below primo,-2,-7,none,not assessed,short,leap-up,3,no,13,middle,no,no,no,
Sunless 06,4,33,2.5,F3,53,u,Bozeman tenor-mezzo midpoint,0.25,open,G3,-1.5,below primo,-9,-14,none,not assessed,short,leap-down,-7,no,13,middle,no,no,no,
Sunless 06,4,33,3,F3,53,i,Bozeman tenor-mezzo midpoint,0.5,close,E3,0.5,below primo,-9,-14,none,not assessed,short,repeated,0,no,13,last,no,no,no,turning pitch 0 to 2 st below
Sunless 06,4,34,1,A#3,58,ɛ,Bozeman tenor-mezzo midpoint,1,open,D#4,-4.5,below primo,-4,-9,none,not assessed,short,leap-up,5,yes,14,first,yes,no,no,highest of phrase
Sunless 06,4,34,3,G3,55,ɨ,derived from Bozeman tenor-mezzo,0.5,open,A#3,-2.89,below primo,-7,-12,none,not assessed,short,leap-down,-3,no,14,last,no,no,no,
Sunless 06,4,34,4.5,A#3,58,u,Bozeman tenor-mezzo midpoint,0.25,close,G3,3.5,below primo,-4,-9,none,not assessed,short,leap-up,3,yes,15,first,no,no,no,
Sunless 06,4,35,1,C#4,61,ɑ,Bozeman tenor-mezzo midpoint,1,open,E4,-3.5,below primo,-1,-6,none,not assessed,short,leap-up,3,no,15,middle,yes,no,no,highest of phrase
Sunless 06,4,35,3,A#3,58,ɪ,derived from Bozeman tenor-mezzo,0.25,open,D4,-4.04,below primo,-4,-9,none,not assessed,short,leap-down,-3,no,15,last,no,no,no,
Sunless 06,4,35,4.5,A#3,58,ʌ,derived from Bozeman tenor-mezzo,0.25,open,E4,-6.5,below primo,-4,-9,none,not assessed,short,repeated,0,yes,16,first,no,no,no,
Sunless 06,4,36,1,D#4,63,ɑ,Bozeman tenor-mezzo midpoint,1,open,E4,-1.5,inside,1,-4,none,not assessed,short,leap-up,5,no,16,middle,yes,no,no,highest of phrase
Sunless 06,4,36,3,C4,60,i,Bozeman tenor-mezzo midpoint,0.5,close,E3,7.5,below primo,-2,-7,none,not assessed,short,leap-down,-3,no,16,middle,no,no,no,
Sunless 06,4,36,4,D#4,63,ɑ,Bozeman tenor-mezzo midpoint,0.5,open,E4,-1.5,inside,1,-4,none,not assessed,short,leap-up,3,no,16,middle,yes,no,no,highest of phrase
Sunless 06,4,37,1,D4,62,e,Bozeman tenor-mezzo midpoint,0.75,close,D4,0.5,inside,0,-5,none,not assessed,short,step,-1,no,16,middle,no,no,no,turning pitch 0 to 2 st below
Sunless 06,4,37,2.5,G3,55,i,Bozeman tenor-mezzo midpoint,0.25,close,E3,2.5,below primo,-7,-12,none,not assessed,short,leap-down,-7,no,16,middle,no,no,no,
Sunless 06,4,37,3,G3,55,ɪ,derived from Bozeman tenor-mezzo,0.5,open,D4,-7.04,below primo,-7,-12,3,not assessed,short,repeated,0,no,16,last,no,no,no,
Sunless 06,4,38,3,C#4,61,u,Bozeman tenor-mezzo midpoint,0.5,close,G3,6.5,below primo,-1,-6,none,not assessed,short,leap-up,6,yes,17,first,no,no,no,
Sunless 06,4,38,4,A3,57,ɑ,Bozeman tenor-mezzo midpoint,0.25,open,E4,-7.5,below primo,-5,-10,3,not assessed,short,leap-down,-4,no,17,middle,no,no,no,
Sunless 06,4,38,4.5,C4,60,e,Bozeman tenor-mezzo midpoint,0.25,open,D4,-1.5,below primo,-2,-7,none,not assessed,short,leap-up,3,no,17,middle,no,no,no,
Sunless 06,4,39,1,D#4,63,i,Bozeman tenor-mezzo midpoint,0.75,close,E3,10.5,inside,1,-4,none,not assessed,short,leap-up,3,no,17,middle,yes,no,no,highest of phrase
Sunless 06,4,39,2.5,C4,60,i,Bozeman tenor-mezzo midpoint,0.25,close,E3,7.5,below primo,-2,-7,none,not assessed,short,leap-down,-3,no,17,middle,no,no,no,
Sunless 06,4,39,3,C4,60,o,Bozeman tenor-mezzo midpoint,0.5,open,C#4,-0.5,below primo,-2,-7,none,not assessed,short,repeated,0,no,17,last,no,no,no,
Sunless 06,4,40,1,F4,65,none resolved,not assessed,1,not assessed,not assessed,not assessed,inside,3,-2,not assessed,not assessed,short,leap-up,5,yes,18,first,yes,no,no,highest of phrase
Sunless 06,4,40,3,C#4,61,none resolved,not assessed,0.5,not assessed,not assessed,not assessed,below primo,-1,-6,not assessed,not assessed,short,leap-down,-4,no,18,middle,no,no,no,
Sunless 06,4,40,4,A3,57,none resolved,not assessed,0.5,not assessed,not assessed,not assessed,below primo,-5,-10,not assessed,not assessed,short,leap-down,-4,no,18,middle,no,no,no,
Sunless 06,4,41,1,C4,60,none resolved,not assessed,0.75,not assessed,not assessed,not assessed,below primo,-2,-7,not assessed,not assessed,short,leap-up,3,no,18,middle,no,no,no,
Sunless 06,4,41,2.5,A3,57,none resolved,not assessed,0.25,not assessed,not assessed,not assessed,below primo,-5,-10,not assessed,not assessed,short,leap-down,-3,no,18,middle,no,no,no,
Sunless 06,4,41,3,A3,57,none resolved,not assessed,0.5,not assessed,not assessed,not assessed,below primo,-5,-10,not assessed,not assessed,short,repeated,0,no,18,last,no,no,no,
Sunless 06,4,42,3,C#4,61,none resolved,not assessed,0.5,not assessed,not assessed,not assessed,below primo,-1,-6,not assessed,not assessed,short,leap-up,4,yes,19,first,no,no,no,
Sunless 06,4,42,4,A3,57,none resolved,not assessed,0.25,not assessed,not assessed,not assessed,below primo,-5,-10,not assessed,not assessed,short,leap-down,-4,no,19,middle,no,no,no,
Sunless 06,4,42,4.5,C4,60,none resolved,not assessed,0.25,not assessed,not assessed,not assessed,below primo,-2,-7,not assessed,not assessed,short,leap-up,3,no,19,middle,no,no,no,
Sunless 06,4,43,1,D#4,63,none resolved,not assessed,0.5,not assessed,not assessed,not assessed,inside,1,-4,not assessed,not assessed,short,leap-up,3,no,19,last,yes,no,no,highest of phrase
Sunless 06,4,43,3,E4,64,none resolved,not assessed,0.75,not assessed,not assessed,not assessed,inside,2,-3,not assessed,not assessed,short,step,1,yes,20,first,no,no,no,
Sunless 06,4,43,4.5,F4,65,none resolved,not assessed,0.25,not assessed,not assessed,not assessed,inside,3,-2,not assessed,not assessed,short,step,1,no,20,middle,yes,no,no,highest of phrase
Sunless 06,4,44,1,F4,65,none resolved,not assessed,1,not assessed,not assessed,not assessed,inside,3,-2,not assessed,not assessed,short,repeated,0,no,20,middle,yes,no,no,highest of phrase
Sunless 06,4,44,3,C#4,61,none resolved,not assessed,0.5,not assessed,not assessed,not assessed,below primo,-1,-6,not assessed,not assessed,short,leap-down,-4,no,20,middle,no,no,no,
Sunless 06,4,44,4,A3,57,none resolved,not assessed,0.5,not assessed,not assessed,not assessed,below primo,-5,-10,not assessed,not assessed,short,leap-down,-4,no,20,middle,no,no,no,
Sunless 06,4,45,1,F3,53,none resolved,not assessed,0.75,not assessed,not assessed,not assessed,below primo,-9,-14,not assessed,not assessed,short,leap-down,-4,no,20,middle,no,no,no,
Sunless 06,4,45,2.5,G3,55,none resolved,not assessed,0.25,not assessed,not assessed,not assessed,below primo,-7,-12,not assessed,not assessed,short,step,2,no,20,middle,no,no,no,
Sunless 06,4,45,3,A3,57,none resolved,not assessed,0.5,not assessed,not assessed,not assessed,below primo,-5,-10,not assessed,not assessed,short,step,2,no,20,last,no,no,no,
Sunless 06,4,46,1,G3,55,none resolved,not assessed,0.5,not assessed,not assessed,not assessed,below primo,-7,-12,not assessed,not assessed,short,step,-2,yes,21,first,no,no,no,
Sunless 06,4,46,2,A#3,58,none resolved,not assessed,0.5,not assessed,not assessed,not assessed,below primo,-4,-9,not assessed,not assessed,short,leap-up,3,no,21,middle,no,no,no,
Sunless 06,4,46,3,C#4,61,none resolved,not assessed,0.5,not assessed,not assessed,not assessed,below primo,-1,-6,not assessed,not assessed,short,leap-up,3,no,21,middle,no,no,no,
Sunless 06,4,46,4,A3,57,none resolved,not assessed,0.25,not assessed,not assessed,not assessed,below primo,-5,-10,not assessed,not assessed,short,leap-down,-4,no,21,middle,no,no,no,
Sunless 06,4,46,4.5,C4,60,none resolved,not assessed,0.25,not assessed,not assessed,not assessed,below primo,-2,-7,not assessed,not assessed,short,leap-up,3,no,21,middle,no,no,no,
Sunless 06,4,47,1,D#4,63,none resolved,not assessed,0.5,not assessed,not assessed,not assessed,inside,1,-4,not assessed,not assessed,short,leap-up,3,no,21,middle,yes,no,no,highest of phrase
Sunless 06,4,47,2,D#4,63,none resolved,not assessed,0.25,not assessed,not assessed,not assessed,inside,1,-4,not assessed,not assessed,short,tie,0,no,21,last,yes,no,no,highest of phrase
Sunless 06,4,47,3,E4,64,none resolved,not assessed,0.5,not assessed,not assessed,not assessed,inside,2,-3,not assessed,not assessed,short,step,1,yes,22,first,no,no,no,
Sunless 06,4,47,4,F4,65,none resolved,not assessed,0.5,not assessed,not assessed,not assessed,inside,3,-2,not assessed,not assessed,short,step,1,no,22,middle,yes,no,no,highest of phrase
Sunless 06,4,48,1,C#4,61,none resolved,not assessed,1,not assessed,not assessed,not assessed,below primo,-1,-6,not assessed,not assessed,short,leap-down,-4,no,22,middle,no,no,no,
Sunless 06,4,48,3,A3,57,none resolved,not assessed,0.5,not assessed,not assessed,not assessed,below primo,-5,-10,not assessed,not assessed,short,leap-down,-4,no,22,middle,no,no,no,
Sunless 06,4,48,4,F#3,54,none resolved,not assessed,0.5,not assessed,not assessed,not assessed,below primo,-8,-13,not assessed,not assessed,short,leap-down,-3,no,22,middle,no,no,no,
Sunless 06,4,49,1,F3,53,none resolved,not assessed,0.75,not assessed,not assessed,not assessed,below primo,-9,-14,not assessed,not assessed,short,step,-1,no,22,middle,no,no,no,
Sunless 06,4,49,2.5,F3,53,none resolved,not assessed,0.25,not assessed,not assessed,not assessed,below primo,-9,-14,not assessed,not assessed,short,repeated,0,no,22,middle,no,no,no,
Sunless 06,4,49,3,F3,53,none resolved,not assessed,0.5,not assessed,not assessed,not assessed,below primo,-9,-14,not assessed,not assessed,short,repeated,0,no,22,last,no,no,no,
Kabalevsky T01,5,4,3,F3,53,i,Bozeman tenor-mezzo midpoint,0.952,close,E3,0.5,below primo,-9,-14,none,not assessed,short,first note,,,0,first,no,no,no,turning pitch 0 to 2 st below
Kabalevsky T01,5,5,1,F3,53,ɛ,Bozeman tenor-mezzo midpoint,1.905,open,D#4,-9.5,below primo,-9,-14,none,not assessed,short,repeated,0,no,0,middle,no,no,no,
Kabalevsky T01,5,5,3,G3,55,i,Bozeman tenor-mezzo midpoint,0.952,close,E3,2.5,below primo,-7,-12,none,not assessed,short,step,2,no,0,middle,no,no,no,
Kabalevsky T01,5,6,1,G3,55,ɑ,Bozeman tenor-mezzo midpoint,1.905,open,E4,-9.5,below primo,-7,-12,none,not assessed,short,repeated,0,no,0,middle,no,no,no,
Kabalevsky T01,5,6,3,A3,57,i,Bozeman tenor-mezzo midpoint,0.952,close,E3,4.5,below primo,-5,-10,none,not assessed,short,step,2,no,0,middle,no,no,no,
Kabalevsky T01,5,7,1,A3,57,o,Bozeman tenor-mezzo midpoint,1.429,open,C#4,-3.5,below primo,-5,-10,none,not assessed,short,repeated,0,no,0,middle,no,no,no,
Kabalevsky T01,5,7,2.5,A#3,58,none resolved,not assessed,0.476,not assessed,not assessed,not assessed,below primo,-4,-9,not assessed,not assessed,short,step,1,no,0,middle,no,no,no,
Kabalevsky T01,5,7,3,C4,60,ʌ,derived from Bozeman tenor-mezzo,0.476,open,E4,-4.5,below primo,-2,-7,none,not assessed,short,step,2,no,0,middle,no,no,no,
Kabalevsky T01,5,7,3.5,A#3,58,ɑ,Bozeman tenor-mezzo midpoint,0.476,open,E4,-6.5,below primo,-4,-9,none,not assessed,short,step,-2,no,0,middle,no,no,no,
Kabalevsky T01,5,8,1,D4,62,i,Bozeman tenor-mezzo midpoint,1.905,close,E3,9.5,inside,0,-5,none,not assessed,short,leap-up,4,no,0,middle,no,no,no,
Kabalevsky T01,5,8,3,G3,55,i,Bozeman tenor-mezzo midpoint,0.952,close,E3,2.5,below primo,-7,-12,none,not assessed,short,leap-down,-7,no,0,middle,no,no,no,
Kabalevsky T01,5,9,1,D#4,63,ɛ,Bozeman tenor-mezzo midpoint,1.905,close,D#4,0.5,inside,1,-4,none,not assessed,short,leap-up,8,no,0,middle,yes,no,no,highest of phrase; turning pitch 0 to 2 st below
Kabalevsky T01,5,9,3,A#3,58,i,Bozeman tenor-mezzo midpoint,0.952,close,E3,5.5,below primo,-4,-9,none,not assessed,short,leap-down,-5,no,0,middle,no,no,no,
Kabalevsky T01,5,10,1,A3,57,ɑ,Bozeman tenor-mezzo midpoint,1.905,open,E4,-7.5,below primo,-5,-10,3,not assessed,short,step,-1,no,0,last,no,no,no,
Kabalevsky T01,5,10,3,F3,53,ɪ,derived from Bozeman tenor-mezzo,0.952,open,D4,-9.04,below primo,-9,-14,none,not assessed,short,leap-down,-4,no,1,first,no,no,no,
Kabalevsky T01,5,11,1,F4,65,ɑ,Bozeman tenor-mezzo midpoint,1.429,close,E4,0.5,inside,3,-2,none,not assessed,short,leap-up,12,no,1,middle,yes,no,no,highest of phrase; turning pitch 0 to 2 st below
Kabalevsky T01,5,11,2.5,D4,62,u,Bozeman tenor-mezzo midpoint,0.476,close,G3,7.5,inside,0,-5,none,not assessed,short,leap-down,-3,no,1,middle,no,no,no,
Kabalevsky T01,5,11,3,D4,62,u,Bozeman tenor-mezzo midpoint,0.476,close,G3,7.5,inside,0,-5,none,not assessed,short,repeated,0,no,1,middle,no,no,no,
Kabalevsky T01,5,11,3.5,C4,60,o,Bozeman tenor-mezzo midpoint,0.476,open,C#4,-0.5,below primo,-2,-7,none,not assessed,short,step,-2,no,1,middle,no,no,no,
Kabalevsky T01,5,12,1,D4,62,i,Bozeman tenor-mezzo midpoint,1.905,close,E3,9.5,inside,0,-5,none,not assessed,short,step,2,no,1,middle,no,no,no,
Kabalevsky T01,5,12,3,D4,62,ɨ,derived from Bozeman tenor-mezzo,0.952,close,A#3,4.11,inside,0,-5,none,not assessed,short,repeated,0,no,1,last,no,no,no,
Kabalevsky T01,5,13,3,G3,55,o,Bozeman tenor-mezzo midpoint,0.952,open,C#4,-5.5,below primo,-7,-12,none,not assessed,short,leap-down,-7,yes,2,first,no,no,no,
Kabalevsky T01,5,14,1,D#4,63,u,Bozeman tenor-mezzo midpoint,1.905,close,G3,8.5,inside,1,-4,none,not assessed,short,leap-up,8,no,2,middle,no,no,no,
Kabalevsky T01,5,14,3,D4,62,u,Bozeman tenor-mezzo midpoint,0.952,close,G3,7.5,inside,0,-5,none,not assessed,short,step,-1,no,2,middle,no,no,no,
Kabalevsky T01,5,15,1,C4,60,ɨ,derived from Bozeman tenor-mezzo,0.476,close,A#3,2.11,below primo,-2,-7,none,not assessed,short,step,-2,no,2,middle,no,no,no,
Kabalevsky T01,5,15,1.5,A#3,58,ɑ,Bozeman tenor-mezzo midpoint,0.476,open,E4,-6.5,below primo,-4,-9,none,not assessed,short,step,-2,no,2,middle,no,no,no,
Kabalevsky T01,5,15,2,A3,57,e,Bozeman tenor-mezzo midpoint,0.952,open,D4,-4.5,below primo,-5,-10,none,not assessed,short,step,-1,no,2,middle,no,no,no,
Kabalevsky T01,5,15,3,D3,50,ɪ,derived from Bozeman tenor-mezzo,0.952,open,D4,-12.04,below primo,-12,-17,4,not assessed,short,leap-down,-7,no,2,middle,no,no,no,
Kabalevsky T01,5,16,1,A#3,58,o,Bozeman tenor-mezzo midpoint,1.905,open,C#4,-2.5,below primo,-4,-9,none,not assessed,short,leap-up,8,no,2,middle,no,no,no,
Kabalevsky T01,5,16,3,A3,57,none resolved,not assessed,0.952,not assessed,not assessed,not assessed,below primo,-5,-10,not assessed,not assessed,short,step,-1,no,2,middle,no,no,no,
Kabalevsky T01,5,17,1,G3,55,i,Bozeman tenor-mezzo midpoint,1.905,close,E3,2.5,below primo,-7,-12,none,not assessed,short,step,-2,no,2,middle,no,no,no,
Kabalevsky T01,5,17,3,G3,55,o,Bozeman tenor-mezzo midpoint,0.952,open,C#4,-5.5,below primo,-7,-12,none,not assessed,short,repeated,0,no,2,middle,no,no,no,
Kabalevsky T01,5,18,1,G4,67,o,Bozeman tenor-mezzo midpoint,1.429,close,C#4,6.5,inside,5,0,none,not assessed,short,leap-up,12,no,2,middle,yes,yes,yes,highest of phrase
Kabalevsky T01,5,18,2.5,F4,65,ɑ,Bozeman tenor-mezzo midpoint,0.476,close,E4,0.5,inside,3,-2,none,not assessed,short,step,-2,no,2,middle,no,no,no,turning pitch 0 to 2 st below
Kabalevsky T01,5,18,3,D#4,63,ɪ,derived from Bozeman tenor-mezzo,0.476,close,D4,0.96,inside,1,-4,none,not assessed,short,step,-2,no,2,middle,no,no,no,turning pitch 0 to 2 st below
Kabalevsky T01,5,18,3.5,D4,62,i,Bozeman tenor-mezzo midpoint,0.476,close,E3,9.5,inside,0,-5,none,not assessed,short,step,-1,no,2,middle,no,no,no,
Kabalevsky T01,5,19,1,D#4,63,e,Bozeman tenor-mezzo midpoint,1.429,close,D4,1.5,inside,1,-4,none,not assessed,short,step,1,no,2,middle,no,no,no,turning pitch 0 to 2 st below
Kabalevsky T01,5,19,2.5,D4,62,ɪ,derived from Bozeman tenor-mezzo,0.476,open,D4,-0.04,inside,0,-5,none,not assessed,short,step,-1,no,2,middle,no,no,no,
Kabalevsky T01,5,19,3,C4,60,ʌ,derived from Bozeman tenor-mezzo,0.476,open,E4,-4.5,below primo,-2,-7,none,not assessed,short,step,-2,no,2,middle,no,no,no,
Kabalevsky T01,5,19,3.5,A#3,58,ɑ,Bozeman tenor-mezzo midpoint,0.476,open,E4,-6.5,below primo,-4,-9,none,not assessed,short,step,-2,no,2,middle,no,no,no,
Kabalevsky T01,5,20,1,C4,60,i,Bozeman tenor-mezzo midpoint,1.905,close,E3,7.5,below primo,-2,-7,none,not assessed,short,step,2,no,2,middle,no,no,no,
Kabalevsky T01,5,20,3,C4,60,ʌ,derived from Bozeman tenor-mezzo,0.952,open,E4,-4.5,below primo,-2,-7,none,not assessed,short,repeated,0,no,2,last,no,no,no,
Kabalevsky T01,5,22,1,G#3,56,ɨ,derived from Bozeman tenor-mezzo,0.952,open,A#3,-1.89,below primo,-6,-11,none,not assessed,short,leap-down,-4,yes,3,first,no,no,no,
Kabalevsky T01,5,22,2,G#3,56,ʌ,derived from Bozeman tenor-mezzo,0.952,open,E4,-8.5,below primo,-6,-11,none,not assessed,short,repeated,0,no,3,middle,no,no,no,
Kabalevsky T01,5,22,3,G#3,56,ɑ,Bozeman tenor-mezzo midpoint,0.952,open,E4,-8.5,below primo,-6,-11,none,not assessed,short,repeated,0,no,3,middle,no,no,no,
Kabalevsky T01,5,23,1,A#3,58,i,Bozeman tenor-mezzo midpoint,1.905,close,E3,5.5,below primo,-4,-9,none,not assessed,short,step,2,no,3,middle,no,no,no,
Kabalevsky T01,5,23,3,C#4,61,i,Bozeman tenor-mezzo midpoint,0.952,close,E3,8.5,below primo,-1,-6,none,not assessed,short,leap-up,3,no,3,middle,no,no,no,
Kabalevsky T01,5,24,1,C4,60,ɨ,derived from Bozeman tenor-mezzo,1.429,close,A#3,2.11,below primo,-2,-7,none,not assessed,short,step,-1,no,3,middle,no,no,no,
Kabalevsky T01,5,24,2.5,A#3,58,i,Bozeman tenor-mezzo midpoint,0.476,close,E3,5.5,below primo,-4,-9,none,not assessed,short,step,-2,no,3,middle,no,no,no,
Kabalevsky T01,5,24,3,C4,60,ʌ,derived from Bozeman tenor-mezzo,0.476,open,E4,-4.5,below primo,-2,-7,none,not assessed,short,step,2,no,3,middle,no,no,no,
Kabalevsky T01,5,24,3.5,D#4,63,ɑ,Bozeman tenor-mezzo midpoint,0.476,open,E4,-1.5,inside,1,-4,none,not assessed,short,leap-up,3,no,3,middle,yes,no,no,highest of phrase
Kabalevsky T01,5,25,1,G#3,56,u,Bozeman tenor-mezzo midpoint,1.429,close,G3,1.5,below primo,-6,-11,none,not assessed,short,leap-down,-7,no,3,middle,no,no,no,turning pitch 0 to 2 st below
Kabalevsky T01,5,25,2.5,G#3,56,ɑ,Bozeman tenor-mezzo midpoint,0.476,open,E4,-8.5,below primo,-6,-11,none,not assessed,short,repeated,0,no,3,middle,no,no,no,
Kabalevsky T01,5,25,3,G#3,56,ʌ,derived from Bozeman tenor-mezzo,0.476,open,E4,-8.5,below primo,-6,-11,none,not assessed,short,repeated,0,no,3,middle,no,no,no,
Kabalevsky T01,5,25,3.5,G#3,56,i,Bozeman tenor-mezzo midpoint,0.476,close,E3,3.5,below primo,-6,-11,none,not assessed,short,repeated,0,no,3,middle,no,no,no,
Kabalevsky T01,5,26,1,A3,57,ɑ,Bozeman tenor-mezzo midpoint,1.905,open,E4,-7.5,below primo,-5,-10,3,not assessed,short,step,1,no,3,middle,no,no,no,
Kabalevsky T01,5,26,3,F#3,54,i,Bozeman tenor-mezzo midpoint,0.952,close,E3,1.5,below primo,-8,-13,none,not assessed,short,leap-down,-3,no,3,middle,no,no,no,turning pitch 0 to 2 st below
Kabalevsky T01,5,27,1,C#4,61,o,Bozeman tenor-mezzo midpoint,1.429,close,C#4,0.5,below primo,-1,-6,none,not assessed,short,leap-up,7,no,3,middle,no,no,no,turning pitch 0 to 2 st below
Kabalevsky T01,5,27,2.5,A3,57,ɪ,derived from Bozeman tenor-mezzo,0.476,open,D4,-5.04,below primo,-5,-10,none,not assessed,short,leap-down,-4,no,3,middle,no,no,no,
Kabalevsky T01,5,27,3,F#3,54,ʌ,derived from Bozeman tenor-mezzo,0.476,open,E4,-10.5,below primo,-8,-13,none,not assessed,short,leap-down,-3,no,3,middle,no,no,no,
Kabalevsky T01,5,27,3.5,D#3,51,ɑ,Bozeman tenor-mezzo midpoint,0.476,open,E4,-13.5,below primo,-11,-16,none,not assessed,short,leap-down,-3,no,3,middle,no,no,no,
Kabalevsky T01,5,28,1,G#3,56,i,Bozeman tenor-mezzo midpoint,1.905,close,E3,3.5,below primo,-6,-11,none,not assessed,short,leap-up,5,no,3,middle,no,no,no,
Kabalevsky T01,5,28,3,G#3,56,none resolved,not assessed,0.952,not assessed,not assessed,not assessed,below primo,-6,-11,not assessed,not assessed,short,repeated,0,no,3,last,no,no,no,
Kabalevsky T01,5,29,3,G#3,56,ɑ,Bozeman tenor-mezzo midpoint,0.952,open,E4,-8.5,below primo,-6,-11,none,not assessed,short,repeated,0,yes,4,first,no,no,no,
Kabalevsky T01,5,30,1,C#4,61,ɑ,Bozeman tenor-mezzo midpoint,1.429,open,E4,-3.5,below primo,-1,-6,none,not assessed,short,leap-up,5,no,4,middle,no,no,no,
Kabalevsky T01,5,30,2.5,C#4,61,i,Bozeman tenor-mezzo midpoint,0.476,close,E3,8.5,below primo,-1,-6,none,not assessed,short,repeated,0,no,4,middle,no,no,no,
Kabalevsky T01,5,30,3,C#4,61,ɪ,derived from Bozeman tenor-mezzo,0.476,open,D4,-1.04,below primo,-1,-6,none,not assessed,short,repeated,0,no,4,middle,no,no,no,
Kabalevsky T01,5,30,3.5,C#4,61,ɑ,Bozeman tenor-mezzo midpoint,0.476,open,E4,-3.5,below primo,-1,-6,none,not assessed,short,repeated,0,no,4,middle,no,no,no,
Kabalevsky T01,5,31,1,C4,60,o,Bozeman tenor-mezzo midpoint,1.429,open,C#4,-0.5,below primo,-2,-7,none,not assessed,short,step,-1,no,4,middle,no,no,no,
Kabalevsky T01,5,31,2.5,G#3,56,ɑ,Bozeman tenor-mezzo midpoint,0.476,open,E4,-8.5,below primo,-6,-11,none,not assessed,short,leap-down,-4,no,4,middle,no,no,no,
Kabalevsky T01,5,31,3,G#3,56,ʌ,derived from Bozeman tenor-mezzo,0.476,open,E4,-8.5,below primo,-6,-11,none,not assessed,short,repeated,0,no,4,middle,no,no,no,
Kabalevsky T01,5,31,3.5,G#3,56,ɪ,derived from Bozeman tenor-mezzo,0.476,open,D4,-6.04,below primo,-6,-11,none,not assessed,short,repeated,0,no,4,middle,no,no,no,
Kabalevsky T01,5,32,1,E4,64,u,Bozeman tenor-mezzo midpoint,2.857,close,G3,9.5,inside,2,-3,none,not assessed,held,leap-up,8,no,4,middle,no,no,no,held
Kabalevsky T01,5,33,1,E4,64,u,Bozeman tenor-mezzo midpoint,1.905,close,G3,9.5,inside,2,-3,none,not assessed,held,tie,0,no,4,middle,no,no,no,held
Kabalevsky T01,5,33,3,E4,64,ɑ,Bozeman tenor-mezzo midpoint,0.952,open,E4,-0.5,inside,2,-3,none,not assessed,short,repeated,0,no,4,middle,no,no,no,
Kabalevsky T01,5,34,1,E4,64,o,Bozeman tenor-mezzo midpoint,1.905,close,C#4,3.5,inside,2,-3,none,not assessed,short,repeated,0,no,4,middle,no,no,no,
Kabalevsky T01,5,34,3,C#4,61,i,Bozeman tenor-mezzo midpoint,0.952,close,E3,8.5,below primo,-1,-6,none,not assessed,short,leap-down,-3,no,4,middle,no,no,no,
Kabalevsky T01,5,35,1,C#4,61,u,Bozeman tenor-mezzo midpoint,1.905,close,G3,6.5,below primo,-1,-6,none,not assessed,short,repeated,0,no,4,middle,no,no,no,
Kabalevsky T01,5,35,3,E4,64,ɑ,Bozeman tenor-mezzo midpoint,0.952,open,E4,-0.5,inside,2,-3,none,not assessed,short,leap-up,3,no,4,middle,no,no,no,
Kabalevsky T01,5,36,1,E4,64,ɨ,derived from Bozeman tenor-mezzo,1.429,close,A#3,6.11,inside,2,-3,none,not assessed,short,repeated,0,no,4,middle,no,no,no,
Kabalevsky T01,5,36,2.5,C4,60,ɑ,Bozeman tenor-mezzo midpoint,0.476,open,E4,-4.5,below primo,-2,-7,none,not assessed,short,leap-down,-4,no,4,middle,no,no,no,
Kabalevsky T01,5,36,3,D4,62,ɑ,Bozeman tenor-mezzo midpoint,0.476,open,E4,-2.5,inside,0,-5,none,not assessed,short,step,2,no,4,middle,no,no,no,
Kabalevsky T01,5,36,3.5,C4,60,ɑ,Bozeman tenor-mezzo midpoint,0.476,open,E4,-4.5,below primo,-2,-7,none,not assessed,short,step,-2,no,4,middle,no,no,no,
Kabalevsky T01,5,37,1,A4,69,i,Bozeman tenor-mezzo midpoint,2.857,above,E3,16.5,above secondo,7,2,none,not assessed,held,leap-up,9,no,4,middle,yes,no,no,held; highest of phrase
Kabalevsky T01,5,38,1,A4,69,i,Bozeman tenor-mezzo midpoint,1.429,above,E3,16.5,above secondo,7,2,none,not assessed,held,tie,0,no,4,middle,yes,no,no,held; highest of phrase
Kabalevsky T01,5,38,2.5,F4,65,ɑ,Bozeman tenor-mezzo midpoint,0.476,close,E4,0.5,inside,3,-2,none,not assessed,short,leap-down,-4,no,4,last,no,no,no,turning pitch 0 to 2 st below
Kabalevsky T01,5,40,3,F3,53,o,Bozeman tenor-mezzo midpoint,0.952,open,C#4,-7.5,below primo,-9,-14,3,not assessed,short,leap-down,-12,yes,5,first,yes,no,no,highest of phrase
Kabalevsky T01,5,41,1,F3,53,ɑ,Bozeman tenor-mezzo midpoint,1.429,open,E4,-11.5,below primo,-9,-14,none,not assessed,short,repeated,0,no,5,middle,yes,no,no,highest of phrase
Kabalevsky T01,5,41,2.5,F3,53,ɑ,Bozeman tenor-mezzo midpoint,0.476,open,E4,-11.5,below primo,-9,-14,none,not assessed,short,repeated,0,no,5,middle,yes,no,no,highest of phrase
Kabalevsky T01,5,41,3,F3,53,i,Bozeman tenor-mezzo midpoint,0.476,close,E3,0.5,below primo,-9,-14,none,not assessed,short,repeated,0,no,5,last,yes,no,no,highest of phrase; turning pitch 0 to 2 st below
Kabalevsky T01,5,41,3.5,G3,55,ɑ,Bozeman tenor-mezzo midpoint,0.476,open,E4,-9.5,below primo,-7,-12,none,not assessed,short,step,2,no,6,first,no,no,no,
Kabalevsky T01,5,42,1,G3,55,o,Bozeman tenor-mezzo midpoint,1.429,open,C#4,-5.5,below primo,-7,-12,none,not assessed,short,repeated,0,no,6,middle,no,no,no,
Kabalevsky T01,5,42,2.5,A3,57,ɨ,derived from Bozeman tenor-mezzo,0.476,open,A#3,-0.89,below primo,-5,-10,none,not assessed,short,step,2,no,6,middle,no,no,no,
Kabalevsky T01,5,42,3,A#3,58,ɨ,derived from Bozeman tenor-mezzo,0.476,close,A#3,0.11,below primo,-4,-9,none,not assessed,short,step,1,no,6,middle,no,no,no,turning pitch 0 to 2 st below
Kabalevsky T01,5,42,3.5,G3,55,o,Bozeman tenor-mezzo midpoint,0.476,open,C#4,-5.5,below primo,-7,-12,none,not assessed,short,leap-down,-3,no,6,middle,no,no,no,
Kabalevsky T01,5,43,1,D4,62,i,Bozeman tenor-mezzo midpoint,2.857,close,E3,9.5,inside,0,-5,none,not assessed,held,leap-up,7,no,6,middle,no,no,no,held
Kabalevsky T01,5,44,1,D4,62,i,Bozeman tenor-mezzo midpoint,1.429,close,E3,9.5,inside,0,-5,none,not assessed,held,tie,0,no,6,middle,no,no,no,held
Kabalevsky T01,5,44,2.5,G3,55,o,Bozeman tenor-mezzo midpoint,0.476,open,C#4,-5.5,below primo,-7,-12,none,not assessed,short,leap-down,-7,no,6,middle,no,no,no,
Kabalevsky T01,5,44,3,G3,55,ɪ,derived from Bozeman tenor-mezzo,0.476,open,D4,-7.04,below primo,-7,-12,3,not assessed,short,repeated,0,no,6,middle,no,no,no,
Kabalevsky T01,5,44,3.5,G3,55,ɑ,Bozeman tenor-mezzo midpoint,0.476,open,E4,-9.5,below primo,-7,-12,none,not assessed,short,repeated,0,no,6,middle,no,no,no,
Kabalevsky T01,5,45,1,D#4,63,o,Bozeman tenor-mezzo midpoint,1.905,close,C#4,2.5,inside,1,-4,none,not assessed,short,leap-up,8,no,6,middle,no,no,no,
Kabalevsky T01,5,45,3,A#3,58,i,Bozeman tenor-mezzo midpoint,0.952,close,E3,5.5,below primo,-4,-9,none,not assessed,short,leap-down,-5,no,6,middle,no,no,no,
Kabalevsky T01,5,46,1,A3,57,o,Bozeman tenor-mezzo midpoint,1.429,open,C#4,-3.5,below primo,-5,-10,none,not assessed,short,step,-1,no,6,middle,no,no,no,
Kabalevsky T01,5,46,2.5,F3,53,ɪ,derived from Bozeman tenor-mezzo,0.476,open,D4,-9.04,below primo,-9,-14,none,not assessed,short,leap-down,-4,no,6,middle,no,no,no,
Kabalevsky T01,5,46,3,G3,55,o,Bozeman tenor-mezzo midpoint,0.476,open,C#4,-5.5,below primo,-7,-12,none,not assessed,short,step,2,no,6,middle,no,no,no,
Kabalevsky T01,5,46,3.5,F3,53,u,Bozeman tenor-mezzo midpoint,0.476,open,G3,-1.5,below primo,-9,-14,none,not assessed,short,step,-2,no,6,middle,no,no,no,
Kabalevsky T01,5,47,1,F4,65,ɨ,derived from Bozeman tenor-mezzo,2.857,close,A#3,7.11,inside,3,-2,none,not assessed,held,leap-up,12,no,6,middle,yes,no,no,held; highest of phrase
Kabalevsky T01,5,48,1,F4,65,ɨ,derived from Bozeman tenor-mezzo,0.952,close,A#3,7.11,inside,3,-2,none,not assessed,held,tie,0,no,6,middle,yes,no,no,held; highest of phrase
Kabalevsky T01,5,48,2,D4,62,ɨ,derived from Bozeman tenor-mezzo,0.952,close,A#3,4.11,inside,0,-5,none,not assessed,short,leap-down,-3,no,6,last,no,no,no,
Kabalevsky T01,5,48,3,G3,55,i,Bozeman tenor-mezzo midpoint,0.952,close,E3,2.5,below primo,-7,-12,none,not assessed,short,leap-down,-7,no,7,first,no,no,no,
Kabalevsky T01,5,49,1,D#4,63,i,Bozeman tenor-mezzo midpoint,1.905,close,E3,10.5,inside,1,-4,none,not assessed,short,leap-up,8,no,7,middle,no,no,no,
Kabalevsky T01,5,49,3,D4,62,ʌ,derived from Bozeman tenor-mezzo,0.952,open,E4,-2.5,inside,0,-5,none,not assessed,short,step,-1,no,7,middle,no,no,no,
Kabalevsky T01,5,50,1,C4,60,ɑ,Bozeman tenor-mezzo midpoint,0.476,open,E4,-4.5,below primo,-2,-7,none,not assessed,short,step,-2,no,7,middle,no,no,no,
Kabalevsky T01,5,50,1.5,A#3,58,i,Bozeman tenor-mezzo midpoint,0.476,close,E3,5.5,below primo,-4,-9,none,not assessed,short,step,-2,no,7,middle,no,no,no,
Kabalevsky T01,5,50,2,A3,57,o,Bozeman tenor-mezzo midpoint,0.952,open,C#4,-3.5,below primo,-5,-10,none,not assessed,short,step,-1,no,7,middle,no,no,no,
Kabalevsky T01,5,50,3,D3,50,i,Bozeman tenor-mezzo midpoint,0.952,open,E3,-2.5,below primo,-12,-17,none,not assessed,short,leap-down,-7,no,7,middle,no,no,no,
Kabalevsky T01,5,51,1,A#3,58,e,Bozeman tenor-mezzo midpoint,1.905,open,D4,-3.5,below primo,-4,-9,none,not assessed,short,leap-up,8,no,7,middle,no,no,no,
Kabalevsky T01,5,51,3,A3,57,ɑ,Bozeman tenor-mezzo midpoint,0.952,open,E4,-7.5,below primo,-5,-10,3,not assessed,short,step,-1,no,7,middle,no,no,no,
Kabalevsky T01,5,52,1,G3,55,i,Bozeman tenor-mezzo midpoint,1.429,close,E3,2.5,below primo,-7,-12,none,not assessed,short,step,-2,no,7,middle,no,no,no,
Kabalevsky T01,5,52,2.5,G3,55,ɑ,Bozeman tenor-mezzo midpoint,0.476,open,E4,-9.5,below primo,-7,-12,none,not assessed,short,repeated,0,no,7,middle,no,no,no,
Kabalevsky T01,5,52,3,G3,55,ɑ,Bozeman tenor-mezzo midpoint,0.476,open,E4,-9.5,below primo,-7,-12,none,not assessed,short,repeated,0,no,7,middle,no,no,no,
Kabalevsky T01,5,52,3.5,G3,55,u,Bozeman tenor-mezzo midpoint,0.476,close,G3,0.5,below primo,-7,-12,none,not assessed,short,repeated,0,no,7,middle,no,no,no,turning pitch 0 to 2 st below
Kabalevsky T01,5,53,1,G4,67,u,Bozeman tenor-mezzo midpoint,1.905,crossing,G3,12.5,inside,5,0,none,not assessed,short,leap-up,12,no,7,middle,yes,yes,yes,highest of phrase; crossing
Kabalevsky T01,5,53,3,D4,62,ɛ,Bozeman tenor-mezzo midpoint,0.952,open,D#4,-0.5,inside,0,-5,none,not assessed,short,leap-down,-5,no,7,middle,no,no,no,
Kabalevsky T01,5,54,1,D#4,63,ɛ,Bozeman tenor-mezzo midpoint,1.429,close,D#4,0.5,inside,1,-4,none,not assessed,short,step,1,no,7,middle,no,no,no,turning pitch 0 to 2 st below
Kabalevsky T01,5,54,2.5,D4,62,o,Bozeman tenor-mezzo midpoint,0.476,close,C#4,1.5,inside,0,-5,none,not assessed,short,step,-1,no,7,middle,no,no,no,turning pitch 0 to 2 st below
Kabalevsky T01,5,54,3,C4,60,ɨ,derived from Bozeman tenor-mezzo,0.476,close,A#3,2.11,below primo,-2,-7,none,not assessed,short,step,-2,no,7,middle,no,no,no,
Kabalevsky T01,5,54,3.5,G3,55,ɪ,derived from Bozeman tenor-mezzo,0.476,open,D4,-7.04,below primo,-7,-12,3,not assessed,short,leap-down,-5,no,7,middle,no,no,no,
Kabalevsky T01,5,55,1,A#3,58,ɨ,derived from Bozeman tenor-mezzo,1.905,close,A#3,0.11,below primo,-4,-9,none,not assessed,short,leap-up,3,no,7,middle,no,no,no,turning pitch 0 to 2 st below
Kabalevsky T01,5,55,3,A3,57,ɨ,derived from Bozeman tenor-mezzo,0.952,open,A#3,-0.89,below primo,-5,-10,none,not assessed,short,step,-1,no,7,last,no,no,no,
Kabalevsky T01,5,57,1,F3,53,ɨ,derived from Bozeman tenor-mezzo,0.952,open,A#3,-4.89,below primo,-9,-14,none,not assessed,short,leap-down,-4,yes,8,first,no,no,no,
Kabalevsky T01,5,57,2,G3,55,u,Bozeman tenor-mezzo midpoint,0.952,close,G3,0.5,below primo,-7,-12,none,not assessed,short,step,2,no,8,middle,no,no,no,turning pitch 0 to 2 st below
Kabalevsky T01,5,57,3,F3,53,ɪ,derived from Bozeman tenor-mezzo,0.952,open,D4,-9.04,below primo,-9,-14,none,not assessed,short,step,-2,no,8,middle,no,no,no,
Kabalevsky T01,5,58,1,A#3,58,ɨ,derived from Bozeman tenor-mezzo,1.905,close,A#3,0.11,below primo,-4,-9,none,not assessed,short,leap-up,5,no,8,middle,no,no,no,turning pitch 0 to 2 st below
Kabalevsky T01,5,58,3,F3,53,ɪ,derived from Bozeman tenor-mezzo,0.952,open,D4,-9.04,below primo,-9,-14,none,not assessed,short,leap-down,-5,no,8,middle,no,no,no,
Kabalevsky T01,5,59,1,F3,53,o,Bozeman tenor-mezzo midpoint,1.429,open,C#4,-7.5,below primo,-9,-14,3,not assessed,short,repeated,0,no,8,middle,no,no,no,
Kabalevsky T01,5,59,2.5,F3,53,ɑ,Bozeman tenor-mezzo midpoint,0.476,open,E4,-11.5,below primo,-9,-14,none,not assessed,short,repeated,0,no,8,middle,no,no,no,
Kabalevsky T01,5,59,3,G3,55,i,Bozeman tenor-mezzo midpoint,0.476,close,E3,2.5,below primo,-7,-12,none,not assessed,short,step,2,no,8,middle,no,no,no,
Kabalevsky T01,5,59,3.5,F3,53,u,Bozeman tenor-mezzo midpoint,0.476,open,G3,-1.5,below primo,-9,-14,none,not assessed,short,step,-2,no,8,middle,no,no,no,
Kabalevsky T01,5,60,1,D4,62,ɑ,Bozeman tenor-mezzo midpoint,2.857,open,E4,-2.5,inside,0,-5,none,not assessed,held,leap-up,9,no,8,middle,no,no,no,held
Kabalevsky T01,5,61,1,G4,67,ɑ,Bozeman tenor-mezzo midpoint,2.857,close,E4,2.5,inside,5,0,none,not assessed,held,leap-up,5,no,8,middle,yes,yes,yes,held; highest of phrase
Kabalevsky T01,5,62,1,G4,67,ɑ,Bozeman tenor-mezzo midpoint,0.952,close,E4,2.5,inside,5,0,none,not assessed,held,tie,0,no,8,middle,yes,yes,yes,held; highest of phrase
Kabalevsky T01,5,62,2,C4,60,ɛ,Bozeman tenor-mezzo midpoint,0.952,open,D#4,-2.5,below primo,-2,-7,none,not assessed,short,leap-down,-7,no,8,middle,no,no,no,
Kabalevsky T01,5,62,3,D4,62,ɨ,derived from Bozeman tenor-mezzo,0.952,close,A#3,4.11,inside,0,-5,none,not assessed,short,step,2,no,8,middle,no,no,no,
Kabalevsky T01,5,63,1,D#4,63,o,Bozeman tenor-mezzo midpoint,1.905,close,C#4,2.5,inside,1,-4,none,not assessed,short,step,1,no,8,middle,no,no,no,
Kabalevsky T01,5,63,3,A#3,58,ɨ,derived from Bozeman tenor-mezzo,0.952,close,A#3,0.11,below primo,-4,-9,none,not assessed,short,leap-down,-5,no,8,middle,no,no,no,turning pitch 0 to 2 st below
Kabalevsky T01,5,64,1,D4,62,ɑ,Bozeman tenor-mezzo midpoint,1.905,open,E4,-2.5,inside,0,-5,none,not assessed,short,leap-up,4,no,8,middle,no,no,no,
Kabalevsky T01,5,64,3,F4,65,ɪ,derived from Bozeman tenor-mezzo,0.952,close,D4,2.96,inside,3,-2,none,not assessed,short,leap-up,3,no,8,last,no,no,no,
Kabalevsky T01,5,65,2,G3,55,ʌ,derived from Bozeman tenor-mezzo,0.952,open,E4,-9.5,below primo,-7,-12,none,not assessed,short,leap-down,-10,yes,9,first,no,no,no,
Kabalevsky T01,5,65,3,A3,57,u,Bozeman tenor-mezzo midpoint,0.952,close,G3,2.5,below primo,-5,-10,none,not assessed,short,step,2,no,9,middle,no,no,no,
Kabalevsky T01,5,66,1,D4,62,ɑ,Bozeman tenor-mezzo midpoint,2.857,open,E4,-2.5,inside,0,-5,none,not assessed,held,leap-up,5,no,9,middle,yes,no,no,held; highest of phrase
Kabalevsky T01,5,67,1,D4,62,ɑ,Bozeman tenor-mezzo midpoint,2.857,open,E4,-2.5,inside,0,-5,none,not assessed,held,tie,0,no,9,last,yes,no,no,held; highest of phrase
Kabalevsky T02,5,2,2.5,F4,65,u,Bozeman tenor-mezzo midpoint,0.417,close,G3,10.5,inside,3,-2,none,not assessed,short,first note,,,0,first,yes,no,no,highest of phrase
Kabalevsky T02,5,3,1,D#4,63,ɑ,Bozeman tenor-mezzo midpoint,0.417,open,E4,-1.5,inside,1,-4,none,not assessed,short,step,-2,no,0,middle,no,no,no,
Kabalevsky T02,5,3,1.5,C#4,61,i,Bozeman tenor-mezzo midpoint,0.417,close,E3,8.5,below primo,-1,-6,none,not assessed,short,step,-2,no,0,middle,no,no,no,
Kabalevsky T02,5,3,2,C4,60,i,Bozeman tenor-mezzo midpoint,0.417,close,E3,7.5,below primo,-2,-7,none,not assessed,short,step,-1,no,0,middle,no,no,no,
Kabalevsky T02,5,3,2.5,A#3,58,u,Bozeman tenor-mezzo midpoint,0.417,close,G3,3.5,below primo,-4,-9,none,not assessed,short,step,-2,no,0,middle,no,no,no,
Kabalevsky T02,5,4,1,A3,57,o,Bozeman tenor-mezzo midpoint,1.25,open,C#4,-3.5,below primo,-5,-10,none,not assessed,short,step,-1,no,0,middle,no,no,no,
Kabalevsky T02,5,4,2.5,A#3,58,ɑ,Bozeman tenor-mezzo midpoint,0.417,open,E4,-6.5,below primo,-4,-9,none,not assessed,short,step,1,no,0,middle,no,no,no,
Kabalevsky T02,5,5,1,C4,60,u,Bozeman tenor-mezzo midpoint,0.833,close,G3,5.5,below primo,-2,-7,none,not assessed,short,step,2,no,0,middle,no,no,no,
Kabalevsky T02,5,5,2,F#3,54,u,Bozeman tenor-mezzo midpoint,0.833,open,G3,-0.5,below primo,-8,-13,none,not assessed,short,leap-down,-6,no,0,middle,no,no,no,
Kabalevsky T02,5,6,1,F3,53,u,Bozeman tenor-mezzo midpoint,1.667,open,G3,-1.5,below primo,-9,-14,none,not assessed,short,step,-1,no,0,last,no,no,no,
Kabalevsky T02,5,7,1.5,F4,65,ɑ,Bozeman tenor-mezzo midpoint,0.417,close,E4,0.5,inside,3,-2,none,not assessed,short,leap-up,12,yes,1,first,yes,no,no,highest of phrase; turning pitch 0 to 2 st below
Kabalevsky T02,5,7,2,D#4,63,ɛ,Bozeman tenor-mezzo midpoint,0.417,close,D#4,0.5,inside,1,-4,none,not assessed,short,step,-2,no,1,middle,no,no,no,turning pitch 0 to 2 st below
Kabalevsky T02,5,7,2.5,C#4,61,ɨ,derived from Bozeman tenor-mezzo,0.417,close,A#3,3.11,below primo,-1,-6,none,not assessed,short,step,-2,no,1,middle,no,no,no,
Kabalevsky T02,5,8,1,C4,60,o,Bozeman tenor-mezzo midpoint,0.417,open,C#4,-0.5,below primo,-2,-7,none,not assessed,short,step,-1,no,1,middle,no,no,no,
Kabalevsky T02,5,8,1.5,A#3,58,ɨ,derived from Bozeman tenor-mezzo,0.417,close,A#3,0.11,below primo,-4,-9,none,not assessed,short,step,-2,no,1,middle,no,no,no,turning pitch 0 to 2 st below
Kabalevsky T02,5,8,2,A3,57,ʌ,derived from Bozeman tenor-mezzo,0.417,open,E4,-7.5,below primo,-5,-10,3,not assessed,short,step,-1,no,1,middle,no,no,no,
Kabalevsky T02,5,8,2.5,A#3,58,i,Bozeman tenor-mezzo midpoint,0.417,close,E3,5.5,below primo,-4,-9,none,not assessed,short,step,1,no,1,middle,no,no,no,
Kabalevsky T02,5,9,1,C4,60,i,Bozeman tenor-mezzo midpoint,1.25,close,E3,7.5,below primo,-2,-7,none,not assessed,short,step,2,no,1,middle,no,no,no,
Kabalevsky T02,5,9,2.5,F#3,54,ɑ,Bozeman tenor-mezzo midpoint,0.417,open,E4,-10.5,below primo,-8,-13,none,not assessed,short,leap-down,-6,no,1,middle,no,no,no,
Kabalevsky T02,5,10,1,F3,53,e,Bozeman tenor-mezzo midpoint,1.25,open,D4,-8.5,below primo,-9,-14,none,not assessed,short,step,-1,no,1,middle,no,no,no,
Kabalevsky T02,5,10,2.5,F3,53,i,Bozeman tenor-mezzo midpoint,0.417,close,E3,0.5,below primo,-9,-14,none,not assessed,short,repeated,0,no,1,last,no,no,no,turning pitch 0 to 2 st below
Kabalevsky T02,5,11,1.5,F3,53,o,Bozeman tenor-mezzo midpoint,0.417,open,C#4,-7.5,below primo,-9,-14,3,not assessed,short,repeated,0,yes,2,first,no,no,no,
Kabalevsky T02,5,11,2,F3,53,o,Bozeman tenor-mezzo midpoint,0.417,open,C#4,-7.5,below primo,-9,-14,3,not assessed,short,repeated,0,no,2,middle,no,no,no,
Kabalevsky T02,5,11,2.5,F3,53,ʌ,derived from Bozeman tenor-mezzo,0.417,open,E4,-11.5,below primo,-9,-14,none,not assessed,short,repeated,0,no,2,middle,no,no,no,
Kabalevsky T02,5,12,1,G#3,56,ɑ,Bozeman tenor-mezzo midpoint,1.25,open,E4,-8.5,below primo,-6,-11,none,not assessed,short,leap-up,3,no,2,middle,no,no,no,
Kabalevsky T02,5,12,2.5,F3,53,u,Bozeman tenor-mezzo midpoint,0.417,open,G3,-1.5,below primo,-9,-14,none,not assessed,short,leap-down,-3,no,2,middle,no,no,no,
Kabalevsky T02,5,13,1,F#3,54,o,Bozeman tenor-mezzo midpoint,0.417,open,C#4,-6.5,below primo,-8,-13,none,not assessed,short,step,1,no,2,middle,no,no,no,
Kabalevsky T02,5,13,1.5,F3,53,u,Bozeman tenor-mezzo midpoint,0.417,open,G3,-1.5,below primo,-9,-14,none,not assessed,short,step,-1,no,2,middle,no,no,no,
Kabalevsky T02,5,13,2,D#3,51,ɑ,Bozeman tenor-mezzo midpoint,0.417,open,E4,-13.5,below primo,-11,-16,none,not assessed,short,step,-2,no,2,middle,no,no,no,
Kabalevsky T02,5,13,2.5,F#3,54,u,Bozeman tenor-mezzo midpoint,0.417,open,G3,-0.5,below primo,-8,-13,none,not assessed,short,leap-up,3,no,2,middle,no,no,no,
Kabalevsky T02,5,14,1,A#3,58,u,Bozeman tenor-mezzo midpoint,1.667,close,G3,3.5,below primo,-4,-9,none,not assessed,short,leap-up,4,no,2,middle,no,no,no,
Kabalevsky T02,5,15,1,A#3,58,u,Bozeman tenor-mezzo midpoint,0.417,close,G3,3.5,below primo,-4,-9,none,not assessed,short,tie,0,no,2,middle,no,no,no,
Kabalevsky T02,5,15,1.5,A#3,58,ɑ,Bozeman tenor-mezzo midpoint,0.417,open,E4,-6.5,below primo,-4,-9,none,not assessed,short,repeated,0,no,2,middle,no,no,no,
Kabalevsky T02,5,15,2,A#3,58,i,Bozeman tenor-mezzo midpoint,0.417,close,E3,5.5,below primo,-4,-9,none,not assessed,short,repeated,0,no,2,middle,no,no,no,
Kabalevsky T02,5,15,2.5,A#3,58,i,Bozeman tenor-mezzo midpoint,0.417,close,E3,5.5,below primo,-4,-9,none,not assessed,short,repeated,0,no,2,middle,no,no,no,
Kabalevsky T02,5,16,1,C4,60,ɑ,Bozeman tenor-mezzo midpoint,1.25,open,E4,-4.5,below primo,-2,-7,none,not assessed,short,step,2,no,2,middle,no,no,no,
Kabalevsky T02,5,16,2.5,C4,60,ɑ,Bozeman tenor-mezzo midpoint,0.417,open,E4,-4.5,below primo,-2,-7,none,not assessed,short,repeated,0,no,2,middle,no,no,no,
Kabalevsky T02,5,17,1,C#4,61,o,Bozeman tenor-mezzo midpoint,0.417,close,C#4,0.5,below primo,-1,-6,none,not assessed,short,step,1,no,2,middle,no,no,no,turning pitch 0 to 2 st below
Kabalevsky T02,5,17,1.5,C4,60,i,Bozeman tenor-mezzo midpoint,0.417,close,E3,7.5,below primo,-2,-7,none,not assessed,short,step,-1,no,2,middle,no,no,no,
Kabalevsky T02,5,17,2,C#4,61,o,Bozeman tenor-mezzo midpoint,0.417,close,C#4,0.5,below primo,-1,-6,none,not assessed,short,step,1,no,2,middle,no,no,no,turning pitch 0 to 2 st below
Kabalevsky T02,5,17,2.5,D#4,63,ɨ,derived from Bozeman tenor-mezzo,0.417,close,A#3,5.11,inside,1,-4,none,not assessed,short,step,2,no,2,middle,no,no,no,
Kabalevsky T02,5,18,1,F4,65,e,Bozeman tenor-mezzo midpoint,1.25,close,D4,3.5,inside,3,-2,none,not assessed,short,step,2,no,2,middle,yes,no,no,highest of phrase
Kabalevsky T02,5,18,2.5,C4,60,i,Bozeman tenor-mezzo midpoint,0.417,close,E3,7.5,below primo,-2,-7,none,not assessed,short,leap-down,-5,no,2,last,no,no,no,
Kabalevsky T02,5,22,1.5,F4,65,ɑ,Bozeman tenor-mezzo midpoint,0.417,close,E4,0.5,inside,3,-2,none,not assessed,short,leap-up,5,yes,3,first,yes,no,no,highest of phrase; turning pitch 0 to 2 st below
Kabalevsky T02,5,22,2,F4,65,i,Bozeman tenor-mezzo midpoint,0.417,above,E3,12.5,inside,3,-2,none,not assessed,short,repeated,0,no,3,middle,yes,no,no,highest of phrase
Kabalevsky T02,5,22,2.5,F4,65,i,Bozeman tenor-mezzo midpoint,0.417,above,E3,12.5,inside,3,-2,none,not assessed,short,repeated,0,no,3,middle,yes,no,no,highest of phrase
Kabalevsky T02,5,23,1,F4,65,ɨ,derived from Bozeman tenor-mezzo,1.25,close,A#3,7.11,inside,3,-2,none,not assessed,short,repeated,0,no,3,middle,yes,no,no,highest of phrase
Kabalevsky T02,5,23,2.5,F4,65,i,Bozeman tenor-mezzo midpoint,0.417,above,E3,12.5,inside,3,-2,none,not assessed,short,repeated,0,no,3,middle,yes,no,no,highest of phrase
Kabalevsky T02,5,24,1,F4,65,u,Bozeman tenor-mezzo midpoint,0.417,close,G3,10.5,inside,3,-2,none,not assessed,short,repeated,0,no,3,middle,yes,no,no,highest of phrase
Kabalevsky T02,5,24,1.5,D#4,63,ɑ,Bozeman tenor-mezzo midpoint,0.417,open,E4,-1.5,inside,1,-4,none,not assessed,short,step,-2,no,3,middle,no,no,no,
Kabalevsky T02,5,24,2,C#4,61,o,Bozeman tenor-mezzo midpoint,0.417,close,C#4,0.5,below primo,-1,-6,none,not assessed,short,step,-2,no,3,middle,no,no,no,turning pitch 0 to 2 st below
Kabalevsky T02,5,24,2.5,D#4,63,ɨ,derived from Bozeman tenor-mezzo,0.417,close,A#3,5.11,inside,1,-4,none,not assessed,short,step,2,no,3,middle,no,no,no,
Kabalevsky T02,5,25,1,C#4,61,ɑ,Bozeman tenor-mezzo midpoint,1.667,open,E4,-3.5,below primo,-1,-6,none,not assessed,short,step,-2,no,3,middle,no,no,no,
Kabalevsky T02,5,26,1,C#4,61,ɑ,Bozeman tenor-mezzo midpoint,0.417,open,E4,-3.5,below primo,-1,-6,none,not assessed,short,tie,0,no,3,middle,no,no,no,
Kabalevsky T02,5,26,1.5,C#4,61,i,Bozeman tenor-mezzo midpoint,0.417,close,E3,8.5,below primo,-1,-6,none,not assessed,short,repeated,0,no,3,middle,no,no,no,
Kabalevsky T02,5,26,2,C#4,61,u,Bozeman tenor-mezzo midpoint,0.417,close,G3,6.5,below primo,-1,-6,none,not assessed,short,repeated,0,no,3,middle,no,no,no,
Kabalevsky T02,5,26,2.5,C#4,61,i,Bozeman tenor-mezzo midpoint,0.417,close,E3,8.5,below primo,-1,-6,none,not assessed,short,repeated,0,no,3,middle,no,no,no,
Kabalevsky T02,5,27,1,C#4,61,ɛ,Bozeman tenor-mezzo midpoint,1.25,open,D#4,-1.5,below primo,-1,-6,none,not assessed,short,repeated,0,no,3,middle,no,no,no,
Kabalevsky T02,5,27,2.5,D#4,63,ɑ,Bozeman tenor-mezzo midpoint,0.417,open,E4,-1.5,inside,1,-4,none,not assessed,short,step,2,no,3,middle,no,no,no,
Kabalevsky T02,5,28,1,C#4,61,o,Bozeman tenor-mezzo midpoint,0.417,close,C#4,0.5,below primo,-1,-6,none,not assessed,short,step,-2,no,3,middle,no,no,no,turning pitch 0 to 2 st below
Kabalevsky T02,5,28,1.5,G#3,56,ʌ,derived from Bozeman tenor-mezzo,0.417,open,E4,-8.5,below primo,-6,-11,none,not assessed,short,leap-down,-5,no,3,middle,no,no,no,
Kabalevsky T02,5,28,2,A#3,58,i,Bozeman tenor-mezzo midpoint,0.417,close,E3,5.5,below primo,-4,-9,none,not assessed,short,step,2,no,3,middle,no,no,no,
Kabalevsky T02,5,28,2.5,B3,59,i,Bozeman tenor-mezzo midpoint,0.417,close,E3,6.5,below primo,-3,-8,none,not assessed,short,step,1,no,3,middle,no,no,no,
Kabalevsky T02,5,29,1,C#4,61,i,Bozeman tenor-mezzo midpoint,1.25,close,E3,8.5,below primo,-1,-6,none,not assessed,short,step,2,no,3,middle,no,no,no,
Kabalevsky T02,5,29,2.5,C#4,61,ɑ,Bozeman tenor-mezzo midpoint,0.417,open,E4,-3.5,below primo,-1,-6,none,not assessed,short,repeated,0,no,3,last,no,no,no,
Kabalevsky T02,5,30,1.5,C#4,61,i,Bozeman tenor-mezzo midpoint,0.417,close,E3,8.5,below primo,-1,-6,none,not assessed,short,repeated,0,yes,4,first,no,no,no,
Kabalevsky T02,5,30,2,C#4,61,ɪ,derived from Bozeman tenor-mezzo,0.417,open,D4,-1.04,below primo,-1,-6,none,not assessed,short,repeated,0,no,4,middle,no,no,no,
Kabalevsky T02,5,30,2.5,C#4,61,ɨ,derived from Bozeman tenor-mezzo,0.417,close,A#3,3.11,below primo,-1,-6,none,not assessed,short,repeated,0,no,4,middle,no,no,no,
Kabalevsky T02,5,31,1,C#4,61,ɑ,Bozeman tenor-mezzo midpoint,0.417,open,E4,-3.5,below primo,-1,-6,none,not assessed,short,repeated,0,no,4,middle,no,no,no,
Kabalevsky T02,5,31,1.5,B3,59,ɑ,Bozeman tenor-mezzo midpoint,0.417,open,E4,-5.5,below primo,-3,-8,none,not assessed,short,step,-2,no,4,middle,no,no,no,
Kabalevsky T02,5,31,2,A#3,58,u,Bozeman tenor-mezzo midpoint,0.417,close,G3,3.5,below primo,-4,-9,none,not assessed,short,step,-1,no,4,middle,no,no,no,
Kabalevsky T02,5,31,2.5,B3,59,ɑ,Bozeman tenor-mezzo midpoint,0.417,open,E4,-5.5,below primo,-3,-8,none,not assessed,short,step,1,no,4,middle,no,no,no,
Kabalevsky T02,5,32,1,D#4,63,o,Bozeman tenor-mezzo midpoint,1.25,close,C#4,2.5,inside,1,-4,none,not assessed,short,leap-up,4,no,4,middle,yes,no,no,highest of phrase
Kabalevsky T02,5,32,2.5,A#3,58,ɨ,derived from Bozeman tenor-mezzo,0.417,close,A#3,0.11,below primo,-4,-9,none,not assessed,short,leap-down,-5,no,4,middle,no,no,no,turning pitch 0 to 2 st below
Kabalevsky T02,5,33,1,D#4,63,ɑ,Bozeman tenor-mezzo midpoint,1.667,open,E4,-1.5,inside,1,-4,none,not assessed,short,leap-up,5,no,4,middle,yes,no,no,highest of phrase
Kabalevsky T02,5,34,1,D#4,63,ɑ,Bozeman tenor-mezzo midpoint,0.417,open,E4,-1.5,inside,1,-4,none,not assessed,short,tie,0,no,4,middle,yes,no,no,highest of phrase
Kabalevsky T02,5,34,1.5,D#4,63,ɑ,Bozeman tenor-mezzo midpoint,0.417,open,E4,-1.5,inside,1,-4,none,not assessed,short,repeated,0,no,4,middle,yes,no,no,highest of phrase
Kabalevsky T02,5,34,2,B3,59,i,Bozeman tenor-mezzo midpoint,0.417,close,E3,6.5,below primo,-3,-8,none,not assessed,short,leap-down,-4,no,4,middle,no,no,no,
Kabalevsky T02,5,34,2.5,G#3,56,u,Bozeman tenor-mezzo midpoint,0.417,close,G3,1.5,below primo,-6,-11,none,not assessed,short,leap-down,-3,no,4,middle,no,no,no,turning pitch 0 to 2 st below
Kabalevsky T02,5,35,1,B3,59,u,Bozeman tenor-mezzo midpoint,1.667,close,G3,4.5,below primo,-3,-8,none,not assessed,short,leap-up,3,no,4,middle,no,no,no,
Kabalevsky T02,5,36,1,B3,59,u,Bozeman tenor-mezzo midpoint,0.417,close,G3,4.5,below primo,-3,-8,none,not assessed,short,tie,0,no,4,middle,no,no,no,
Kabalevsky T02,5,36,1.5,G#3,56,o,Bozeman tenor-mezzo midpoint,0.417,open,C#4,-4.5,below primo,-6,-11,none,not assessed,short,leap-down,-3,no,4,middle,no,no,no,
Kabalevsky T02,5,36,2,F#3,54,i,Bozeman tenor-mezzo midpoint,0.417,close,E3,1.5,below primo,-8,-13,none,not assessed,short,step,-2,no,4,middle,no,no,no,turning pitch 0 to 2 st below
Kabalevsky T02,5,36,2.5,F3,53,ɪ,derived from Bozeman tenor-mezzo,0.417,open,D4,-9.04,below primo,-9,-14,none,not assessed,short,step,-1,no,4,middle,no,no,no,
Kabalevsky T02,5,37,1,A#3,58,o,Bozeman tenor-mezzo midpoint,1.25,open,C#4,-2.5,below primo,-4,-9,none,not assessed,short,leap-up,5,no,4,middle,no,no,no,
Kabalevsky T02,5,37,2.5,A#3,58,u,Bozeman tenor-mezzo midpoint,0.417,close,G3,3.5,below primo,-4,-9,none,not assessed,short,repeated,0,no,4,middle,no,no,no,
Kabalevsky T02,5,38,1,A#3,58,i,Bozeman tenor-mezzo midpoint,0.833,close,E3,5.5,below primo,-4,-9,none,not assessed,short,repeated,0,no,4,middle,no,no,no,
Kabalevsky T02,5,38,2,A#3,58,ɑ,Bozeman tenor-mezzo midpoint,0.833,open,E4,-6.5,below primo,-4,-9,none,not assessed,short,repeated,0,no,4,last,no,no,no,
Kabalevsky T02,5,40,1.5,D#4,63,u,Bozeman tenor-mezzo midpoint,0.417,close,G3,8.5,inside,1,-4,none,not assessed,short,leap-up,5,yes,5,first,no,no,no,
Kabalevsky T02,5,40,2,D#4,63,e,Bozeman tenor-mezzo midpoint,0.417,close,D4,1.5,inside,1,-4,none,not assessed,short,repeated,0,no,5,middle,no,no,no,turning pitch 0 to 2 st below
Kabalevsky T02,5,40,2.5,D#4,63,ɨ,derived from Bozeman tenor-mezzo,0.417,close,A#3,5.11,inside,1,-4,none,not assessed,short,repeated,0,no,5,middle,no,no,no,
Kabalevsky T02,5,41,1,D#4,63,o,Bozeman tenor-mezzo midpoint,1.25,close,C#4,2.5,inside,1,-4,none,not assessed,short,repeated,0,no,5,middle,no,no,no,
Kabalevsky T02,5,41,2.5,D#4,63,ʌ,derived from Bozeman tenor-mezzo,0.417,open,E4,-1.5,inside,1,-4,none,not assessed,short,repeated,0,no,5,middle,no,no,no,
Kabalevsky T02,5,42,1,D#4,63,ɪ,derived from Bozeman tenor-mezzo,0.625,close,D4,0.96,inside,1,-4,none,not assessed,short,repeated,0,no,5,middle,no,no,no,turning pitch 0 to 2 st below
Kabalevsky T02,5,42,1.75,B3,59,ɑ,Bozeman tenor-mezzo midpoint,0.208,open,E4,-5.5,below primo,-3,-8,none,not assessed,short,leap-down,-4,no,5,middle,no,no,no,
Kabalevsky T02,5,42,2,B3,59,i,Bozeman tenor-mezzo midpoint,0.417,close,E3,6.5,below primo,-3,-8,none,not assessed,short,repeated,0,no,5,middle,no,no,no,
Kabalevsky T02,5,42,2.5,C#4,61,u,Bozeman tenor-mezzo midpoint,0.417,close,G3,6.5,below primo,-1,-6,none,not assessed,short,step,2,no,5,middle,no,no,no,
Kabalevsky T02,5,43,1,D#4,63,ɑ,Bozeman tenor-mezzo midpoint,1.667,open,E4,-1.5,inside,1,-4,none,not assessed,short,step,2,no,5,middle,no,no,no,
Kabalevsky T02,5,44,1,D#4,63,ɑ,Bozeman tenor-mezzo midpoint,0.417,open,E4,-1.5,inside,1,-4,none,not assessed,short,tie,0,no,5,middle,no,no,no,
Kabalevsky T02,5,44,1.5,D#4,63,ɑ,Bozeman tenor-mezzo midpoint,0.417,open,E4,-1.5,inside,1,-4,none,not assessed,short,repeated,0,no,5,middle,no,no,no,
Kabalevsky T02,5,44,2,D#4,63,ɛ,Bozeman tenor-mezzo midpoint,0.417,close,D#4,0.5,inside,1,-4,none,not assessed,short,repeated,0,no,5,middle,no,no,no,turning pitch 0 to 2 st below
Kabalevsky T02,5,44,2.5,D#4,63,i,Bozeman tenor-mezzo midpoint,0.417,close,E3,10.5,inside,1,-4,none,not assessed,short,repeated,0,no,5,middle,no,no,no,
Kabalevsky T02,5,45,1,F#4,66,ɑ,Bozeman tenor-mezzo midpoint,0.625,close,E4,1.5,inside,4,-1,none,not assessed,short,leap-up,3,no,5,middle,yes,yes,yes,highest of phrase; turning pitch 0 to 2 st below
Kabalevsky T02,5,45,1.75,D#4,63,i,Bozeman tenor-mezzo midpoint,0.208,close,E3,10.5,inside,1,-4,none,not assessed,short,leap-down,-3,no,5,middle,no,no,no,
Kabalevsky T02,5,45,2,D#4,63,u,Bozeman tenor-mezzo midpoint,0.833,close,G3,8.5,inside,1,-4,none,not assessed,short,repeated,0,no,5,middle,no,no,no,
Kabalevsky T02,5,46,1,D#4,63,u,Bozeman tenor-mezzo midpoint,0.417,close,G3,8.5,inside,1,-4,none,not assessed,short,tie,0,no,5,middle,no,no,no,
Kabalevsky T02,5,46,1.5,D#4,63,i,Bozeman tenor-mezzo midpoint,0.417,close,E3,10.5,inside,1,-4,none,not assessed,short,repeated,0,no,5,middle,no,no,no,
Kabalevsky T02,5,46,2,D#4,63,o,Bozeman tenor-mezzo midpoint,0.417,close,C#4,2.5,inside,1,-4,none,not assessed,short,repeated,0,no,5,middle,no,no,no,
Kabalevsky T02,5,46,2.5,D#4,63,ɨ,derived from Bozeman tenor-mezzo,0.417,close,A#3,5.11,inside,1,-4,none,not assessed,short,repeated,0,no,5,middle,no,no,no,
Kabalevsky T02,5,47,1,C4,60,e,Bozeman tenor-mezzo midpoint,0.833,open,D4,-1.5,below primo,-2,-7,none,not assessed,short,leap-down,-3,no,5,middle,no,no,no,
Kabalevsky T02,5,47,2,C4,60,ɑ,Bozeman tenor-mezzo midpoint,0.417,open,E4,-4.5,below primo,-2,-7,none,not assessed,short,repeated,0,no,5,last,no,no,no,
Kabalevsky T02,5,47,2.5,C4,60,i,Bozeman tenor-mezzo midpoint,0.417,close,E3,7.5,below primo,-2,-7,none,not assessed,short,repeated,0,no,6,first,no,no,no,
Kabalevsky T02,5,48,1,C4,60,ɑ,Bozeman tenor-mezzo midpoint,1.25,open,E4,-4.5,below primo,-2,-7,none,not assessed,short,repeated,0,no,6,middle,no,no,no,
Kabalevsky T02,5,48,2.5,G#3,56,ɨ,derived from Bozeman tenor-mezzo,0.417,open,A#3,-1.89,below primo,-6,-11,none,not assessed,short,leap-down,-4,no,6,middle,no,no,no,
Kabalevsky T02,5,49,1,A#3,58,none resolved,not assessed,0.417,not assessed,not assessed,not assessed,below primo,-4,-9,not assessed,not assessed,short,step,2,no,6,middle,no,no,no,
Kabalevsky T02,5,49,1.5,G#3,56,i,Bozeman tenor-mezzo midpoint,0.417,close,E3,3.5,below primo,-6,-11,none,not assessed,short,step,-2,no,6,middle,no,no,no,
Kabalevsky T02,5,49,2,A#3,58,i,Bozeman tenor-mezzo midpoint,0.417,close,E3,5.5,below primo,-4,-9,none,not assessed,short,step,2,no,6,middle,no,no,no,
Kabalevsky T02,5,49,2.5,C4,60,ɑ,Bozeman tenor-mezzo midpoint,0.417,open,E4,-4.5,below primo,-2,-7,none,not assessed,short,step,2,no,6,middle,no,no,no,
Kabalevsky T02,5,50,1,G#4,68,ɛ,Bozeman tenor-mezzo midpoint,1.667,close,D#4,5.5,above secondo,6,1,none,not assessed,held,leap-up,8,no,6,middle,yes,yes,yes,held; highest of phrase
Kabalevsky T02,5,51,1,G#4,68,ɛ,Bozeman tenor-mezzo midpoint,1.25,close,D#4,5.5,above secondo,6,1,none,not assessed,held,tie,0,no,6,middle,yes,yes,yes,held; highest of phrase
Kabalevsky T02,5,51,2.5,C#4,61,ʌ,derived from Bozeman tenor-mezzo,0.417,open,E4,-3.5,below primo,-1,-6,none,not assessed,short,leap-down,-7,no,6,middle,no,no,no,
Kabalevsky T02,5,52,1,E4,64,ɑ,Bozeman tenor-mezzo midpoint,1.667,open,E4,-0.5,inside,2,-3,none,not assessed,short,leap-up,3,no,6,middle,no,no,no,
Kabalevsky T02,5,53,1,E4,64,ɑ,Bozeman tenor-mezzo midpoint,0.417,open,E4,-0.5,inside,2,-3,none,not assessed,short,tie,0,no,6,last,no,no,no,
Kabalevsky T02,5,53,1.5,C#4,61,ɑ,Bozeman tenor-mezzo midpoint,0.417,open,E4,-3.5,below primo,-1,-6,none,not assessed,short,leap-down,-3,no,7,first,no,no,no,
Kabalevsky T02,5,53,2,D#4,63,ɑ,Bozeman tenor-mezzo midpoint,0.417,open,E4,-1.5,inside,1,-4,none,not assessed,short,step,2,no,7,middle,no,no,no,
Kabalevsky T02,5,53,2.5,E4,64,i,Bozeman tenor-mezzo midpoint,0.417,crossing,E3,11.5,inside,2,-3,none,not assessed,short,step,1,no,7,middle,no,no,no,crossing
Kabalevsky T02,5,54,1,C#4,61,o,Bozeman tenor-mezzo midpoint,1.25,close,C#4,0.5,below primo,-1,-6,none,not assessed,short,leap-down,-3,no,7,middle,no,no,no,turning pitch 0 to 2 st below
Kabalevsky T02,5,54,2.5,C#4,61,ɨ,derived from Bozeman tenor-mezzo,0.417,close,A#3,3.11,below primo,-1,-6,none,not assessed,short,repeated,0,no,7,middle,no,no,no,
Kabalevsky T02,5,55,1,C#4,61,o,Bozeman tenor-mezzo midpoint,0.417,close,C#4,0.5,below primo,-1,-6,none,not assessed,short,repeated,0,no,7,middle,no,no,no,turning pitch 0 to 2 st below
Kabalevsky T02,5,55,1.5,C4,60,i,Bozeman tenor-mezzo midpoint,0.417,close,E3,7.5,below primo,-2,-7,none,not assessed,short,step,-1,no,7,middle,no,no,no,
Kabalevsky T02,5,55,2,C#4,61,ɛ,Bozeman tenor-mezzo midpoint,0.417,open,D#4,-1.5,below primo,-1,-6,none,not assessed,short,step,1,no,7,middle,no,no,no,
Kabalevsky T02,5,55,2.5,D#4,63,ʌ,derived from Bozeman tenor-mezzo,0.417,open,E4,-1.5,inside,1,-4,none,not assessed,short,step,2,no,7,middle,no,no,no,
Kabalevsky T02,5,56,1,F4,65,e,Bozeman tenor-mezzo midpoint,0.833,close,D4,3.5,inside,3,-2,none,not assessed,short,step,2,no,7,middle,yes,no,no,highest of phrase
Kabalevsky T02,5,56,2,F4,65,u,Bozeman tenor-mezzo midpoint,0.833,close,G3,10.5,inside,3,-2,none,not assessed,short,repeated,0,no,7,last,yes,no,no,highest of phrase
Kabalevsky T02,5,61,1,F4,65,ɛ,Bozeman tenor-mezzo midpoint,0.833,close,D#4,2.5,inside,3,-2,none,not assessed,short,repeated,0,yes,8,first,yes,no,no,highest of phrase
Kabalevsky T02,5,61,2,D#4,63,ʌ,derived from Bozeman tenor-mezzo,0.417,open,E4,-1.5,inside,1,-4,none,not assessed,short,step,-2,no,8,middle,no,no,no,
Kabalevsky T02,5,61,2.5,C#4,61,u,Bozeman tenor-mezzo midpoint,0.417,close,G3,6.5,below primo,-1,-6,none,not assessed,short,step,-2,no,8,middle,no,no,no,
Kabalevsky T02,5,62,1,C4,60,i,Bozeman tenor-mezzo midpoint,1.25,close,E3,7.5,below primo,-2,-7,none,not assessed,short,step,-1,no,8,middle,no,no,no,
Kabalevsky T02,5,62,2.5,A#3,58,ɑ,Bozeman tenor-mezzo midpoint,0.417,open,E4,-6.5,below primo,-4,-9,none,not assessed,short,step,-2,no,8,middle,no,no,no,
Kabalevsky T02,5,63,1,A3,57,o,Bozeman tenor-mezzo midpoint,0.417,open,C#4,-3.5,below primo,-5,-10,none,not assessed,short,step,-1,no,8,middle,no,no,no,
Kabalevsky T02,5,63,1.5,A#3,58,ɑ,Bozeman tenor-mezzo midpoint,0.417,open,E4,-6.5,below primo,-4,-9,none,not assessed,short,step,1,no,8,middle,no,no,no,
Kabalevsky T02,5,63,2,C4,60,ɪ,derived from Bozeman tenor-mezzo,0.417,open,D4,-2.04,below primo,-2,-7,none,not assessed,short,step,2,no,8,middle,no,no,no,
Kabalevsky T02,5,63,2.5,F#3,54,ɑ,Bozeman tenor-mezzo midpoint,0.417,open,E4,-10.5,below primo,-8,-13,none,not assessed,short,leap-down,-6,no,8,middle,no,no,no,
Kabalevsky T02,5,64,1,F3,53,i,Bozeman tenor-mezzo midpoint,1.667,close,E3,0.5,below primo,-9,-14,none,not assessed,short,step,-1,no,8,middle,no,no,no,turning pitch 0 to 2 st below
Kabalevsky T02,5,65,1,F3,53,i,Bozeman tenor-mezzo midpoint,0.417,close,E3,0.5,below primo,-9,-14,none,not assessed,short,tie,0,no,8,last,no,no,no,turning pitch 0 to 2 st below
Kabalevsky T02,5,66,1.5,F4,65,i,Bozeman tenor-mezzo midpoint,0.417,above,E3,12.5,inside,3,-2,none,not assessed,short,leap-up,12,yes,9,first,no,no,no,
Kabalevsky T02,5,66,2,D#4,63,o,Bozeman tenor-mezzo midpoint,0.417,close,C#4,2.5,inside,1,-4,none,not assessed,short,step,-2,no,9,middle,no,no,no,
Kabalevsky T02,5,66,2.5,C#4,61,i,Bozeman tenor-mezzo midpoint,0.417,close,E3,8.5,below primo,-1,-6,none,not assessed,short,step,-2,no,9,middle,no,no,no,
Kabalevsky T02,5,67,1,C4,60,o,Bozeman tenor-mezzo midpoint,1.25,open,C#4,-0.5,below primo,-2,-7,none,not assessed,short,step,-1,no,9,middle,no,no,no,
Kabalevsky T02,5,67,2.5,A#3,58,u,Bozeman tenor-mezzo midpoint,0.417,close,G3,3.5,below primo,-4,-9,none,not assessed,short,step,-2,no,9,middle,no,no,no,
Kabalevsky T02,5,68,1,A3,57,ɑ,Bozeman tenor-mezzo midpoint,0.417,open,E4,-7.5,below primo,-5,-10,3,not assessed,short,step,-1,no,9,middle,no,no,no,
Kabalevsky T02,5,68,1.5,A#3,58,ɪ,derived from Bozeman tenor-mezzo,0.417,open,D4,-4.04,below primo,-4,-9,none,not assessed,short,step,1,no,9,middle,no,no,no,
Kabalevsky T02,5,68,2,C4,60,ɑ,Bozeman tenor-mezzo midpoint,0.278,open,E4,-4.5,below primo,-2,-7,none,not assessed,short,step,2,no,9,middle,no,no,no,
Kabalevsky T02,5,68,2.333,D#4,63,ɑ,Bozeman tenor-mezzo midpoint,0.278,open,E4,-1.5,inside,1,-4,none,not assessed,short,leap-up,3,no,9,middle,no,no,no,
Kabalevsky T02,5,68,2.667,F#4,66,u,Bozeman tenor-mezzo midpoint,0.278,close,G3,11.5,inside,4,-1,none,not assessed,short,leap-up,3,no,9,middle,yes,yes,yes,highest of phrase
Kabalevsky T02,5,69,1,F4,65,i,Bozeman tenor-mezzo midpoint,1.667,above,E3,12.5,inside,3,-2,none,not assessed,held,step,-1,no,9,middle,no,no,no,held
Kabalevsky T02,5,70,1,F4,65,i,Bozeman tenor-mezzo midpoint,0.833,above,E3,12.5,inside,3,-2,none,not assessed,held,tie,0,no,9,last,no,no,no,held
Kabalevsky T03,5,2,2.5,G#3,56,u,Bozeman tenor-mezzo midpoint,0.577,close,G3,1.5,below primo,-6,-11,none,not assessed,short,first note,,,0,first,no,no,no,turning pitch 0 to 2 st below
Kabalevsky T03,5,3,1,G3,55,u,Bozeman tenor-mezzo midpoint,1.731,close,G3,0.5,below primo,-7,-12,none,not assessed,short,step,-1,no,0,middle,no,no,no,turning pitch 0 to 2 st below
Kabalevsky T03,5,3,2.5,G#3,56,o,Bozeman tenor-mezzo midpoint,0.577,open,C#4,-4.5,below primo,-6,-11,none,not assessed,short,step,1,no,0,middle,no,no,no,
Kabalevsky T03,5,4,1,G3,55,ɛ,Bozeman tenor-mezzo midpoint,0.577,open,D#4,-7.5,below primo,-7,-12,3,not assessed,short,step,-1,no,0,middle,no,no,no,
Kabalevsky T03,5,4,1.5,A3,57,ɨ,derived from Bozeman tenor-mezzo,0.577,open,A#3,-0.89,below primo,-5,-10,none,not assessed,short,step,2,no,0,middle,no,no,no,
Kabalevsky T03,5,4,2,B3,59,ʌ,derived from Bozeman tenor-mezzo,0.577,open,E4,-5.5,below primo,-3,-8,none,not assessed,short,step,2,no,0,middle,no,no,no,
Kabalevsky T03,5,4,2.5,C4,60,ɑ,Bozeman tenor-mezzo midpoint,0.577,open,E4,-4.5,below primo,-2,-7,none,not assessed,short,step,1,no,0,middle,no,no,no,
Kabalevsky T03,5,5,1,D#4,63,u,Bozeman tenor-mezzo midpoint,0.865,close,G3,8.5,inside,1,-4,none,not assessed,short,leap-up,3,no,0,middle,yes,no,no,highest of phrase
Kabalevsky T03,5,5,1.75,D4,62,ɑ,Bozeman tenor-mezzo midpoint,0.288,open,E4,-2.5,inside,0,-5,none,not assessed,short,step,-1,no,0,middle,no,no,no,
Kabalevsky T03,5,5,2,C4,60,ɛ,Bozeman tenor-mezzo midpoint,0.577,open,D#4,-2.5,below primo,-2,-7,none,not assessed,short,step,-2,no,0,middle,no,no,no,
Kabalevsky T03,5,5,2.5,G3,55,ʌ,derived from Bozeman tenor-mezzo,0.577,open,E4,-9.5,below primo,-7,-12,none,not assessed,short,leap-down,-5,no,0,last,no,no,no,
Kabalevsky T03,5,6,1.5,G#3,56,u,Bozeman tenor-mezzo midpoint,0.577,close,G3,1.5,below primo,-6,-11,none,not assessed,short,step,1,yes,1,first,no,no,no,turning pitch 0 to 2 st below
Kabalevsky T03,5,6,2,G3,55,u,Bozeman tenor-mezzo midpoint,0.577,close,G3,0.5,below primo,-7,-12,none,not assessed,short,step,-1,no,1,middle,no,no,no,turning pitch 0 to 2 st below
Kabalevsky T03,5,6,2.5,G#3,56,ɛ,Bozeman tenor-mezzo midpoint,0.577,open,D#4,-6.5,below primo,-6,-11,none,not assessed,short,step,1,no,1,middle,no,no,no,
Kabalevsky T03,5,7,1,G3,55,e,Bozeman tenor-mezzo midpoint,1.731,open,D4,-6.5,below primo,-7,-12,none,not assessed,short,step,-1,no,1,middle,no,no,no,
Kabalevsky T03,5,7,2.5,A3,57,o,Bozeman tenor-mezzo midpoint,0.577,open,C#4,-3.5,below primo,-5,-10,none,not assessed,short,step,2,no,1,middle,no,no,no,
Kabalevsky T03,5,8,1,B3,59,ɪ,derived from Bozeman tenor-mezzo,0.577,open,D4,-3.04,below primo,-3,-8,none,not assessed,short,step,2,no,1,middle,no,no,no,
Kabalevsky T03,5,8,1.5,C4,60,ɪ,derived from Bozeman tenor-mezzo,0.577,open,D4,-2.04,below primo,-2,-7,none,not assessed,short,step,1,no,1,middle,no,no,no,
Kabalevsky T03,5,8,2,D#4,63,o,Bozeman tenor-mezzo midpoint,0.865,close,C#4,2.5,inside,1,-4,none,not assessed,short,leap-up,3,no,1,middle,yes,no,no,highest of phrase
Kabalevsky T03,5,8,2.75,D4,62,i,Bozeman tenor-mezzo midpoint,0.288,close,E3,9.5,inside,0,-5,none,not assessed,short,step,-1,no,1,middle,no,no,no,
Kabalevsky T03,5,9,1,C4,60,ɑ,Bozeman tenor-mezzo midpoint,2.308,open,E4,-4.5,below primo,-2,-7,none,not assessed,held,step,-2,no,1,middle,no,no,no,held
Kabalevsky T03,5,10,1,C4,60,ɑ,Bozeman tenor-mezzo midpoint,0.577,open,E4,-4.5,below primo,-2,-7,none,not assessed,held,tie,0,no,1,last,no,no,no,held
Kabalevsky T03,5,10,2.5,C4,60,ɑ,Bozeman tenor-mezzo midpoint,0.577,open,E4,-4.5,below primo,-2,-7,none,not assessed,short,repeated,0,yes,2,first,no,no,no,
Kabalevsky T03,5,11,1,C4,60,u,Bozeman tenor-mezzo midpoint,0.577,close,G3,5.5,below primo,-2,-7,none,not assessed,short,repeated,0,no,2,middle,no,no,no,
Kabalevsky T03,5,11,1.5,A#3,58,ɪ,derived from Bozeman tenor-mezzo,0.577,open,D4,-4.04,below primo,-4,-9,none,not assessed,short,step,-2,no,2,middle,no,no,no,
Kabalevsky T03,5,11,2,C4,60,u,Bozeman tenor-mezzo midpoint,0.577,close,G3,5.5,below primo,-2,-7,none,not assessed,short,step,2,no,2,middle,no,no,no,
Kabalevsky T03,5,11,2.5,G#3,56,ʌ,derived from Bozeman tenor-mezzo,0.577,open,E4,-8.5,below primo,-6,-11,none,not assessed,short,leap-down,-4,no,2,middle,no,no,no,
Kabalevsky T03,5,12,1,F3,53,o,Bozeman tenor-mezzo midpoint,0.577,open,C#4,-7.5,below primo,-9,-14,3,not assessed,short,leap-down,-3,no,2,middle,no,no,no,
Kabalevsky T03,5,12,1.5,C4,60,o,Bozeman tenor-mezzo midpoint,0.577,open,C#4,-0.5,below primo,-2,-7,none,not assessed,short,leap-up,7,no,2,middle,no,no,no,
Kabalevsky T03,5,12,2,D4,62,i,Bozeman tenor-mezzo midpoint,0.577,close,E3,9.5,inside,0,-5,none,not assessed,short,step,2,no,2,middle,no,no,no,
Kabalevsky T03,5,12,2.5,D#4,63,ɪ,derived from Bozeman tenor-mezzo,0.577,close,D4,0.96,inside,1,-4,none,not assessed,short,step,1,no,2,middle,no,no,no,turning pitch 0 to 2 st below
Kabalevsky T03,5,13,1,D#4,63,ɛ,Bozeman tenor-mezzo midpoint,1.154,close,D#4,0.5,inside,1,-4,none,not assessed,short,repeated,0,no,2,middle,no,no,no,turning pitch 0 to 2 st below
Kabalevsky T03,5,13,2,C4,60,ʌ,derived from Bozeman tenor-mezzo,0.577,open,E4,-4.5,below primo,-2,-7,none,not assessed,short,leap-down,-3,no,2,middle,no,no,no,
Kabalevsky T03,5,13,2.5,G#3,56,u,Bozeman tenor-mezzo midpoint,0.577,close,G3,1.5,below primo,-6,-11,none,not assessed,short,leap-down,-4,no,2,middle,no,no,no,turning pitch 0 to 2 st below
Kabalevsky T03,5,14,1,G3,55,u,Bozeman tenor-mezzo midpoint,0.577,close,G3,0.5,below primo,-7,-12,none,not assessed,short,step,-1,no,2,middle,no,no,no,turning pitch 0 to 2 st below
Kabalevsky T03,5,14,1.5,C4,60,u,Bozeman tenor-mezzo midpoint,0.577,close,G3,5.5,below primo,-2,-7,none,not assessed,short,leap-up,5,no,2,middle,no,no,no,
Kabalevsky T03,5,14,2,D4,62,ɨ,derived from Bozeman tenor-mezzo,0.577,close,A#3,4.11,inside,0,-5,none,not assessed,short,step,2,no,2,middle,no,no,no,
Kabalevsky T03,5,14,2.5,D#4,63,ɑ,Bozeman tenor-mezzo midpoint,0.577,open,E4,-1.5,inside,1,-4,none,not assessed,short,step,1,no,2,middle,no,no,no,
Kabalevsky T03,5,15,1,G4,67,a,derived from Bozeman tenor-mezzo,0.577,close,G4,0.08,inside,5,0,none,not assessed,short,leap-up,4,no,2,middle,yes,yes,yes,highest of phrase; turning pitch 0 to 2 st below
Kabalevsky T03,5,15,1.5,F4,65,ɪ,derived from Bozeman tenor-mezzo,0.577,close,D4,2.96,inside,3,-2,none,not assessed,short,step,-2,no,2,middle,no,no,no,
Kabalevsky T03,5,15,2,D#4,63,ʌ,derived from Bozeman tenor-mezzo,0.577,open,E4,-1.5,inside,1,-4,none,not assessed,short,step,-2,no,2,middle,no,no,no,
Kabalevsky T03,5,15,2.5,D4,62,ɑ,Bozeman tenor-mezzo midpoint,0.577,open,E4,-2.5,inside,0,-5,none,not assessed,short,step,-1,no,2,middle,no,no,no,
Kabalevsky T03,5,16,1,C4,60,ɑ,Bozeman tenor-mezzo midpoint,2.308,open,E4,-4.5,below primo,-2,-7,none,not assessed,held,step,-2,no,2,middle,no,no,no,held
Kabalevsky T03,5,17,1,C4,60,ɑ,Bozeman tenor-mezzo midpoint,0.577,open,E4,-4.5,below primo,-2,-7,none,not assessed,held,tie,0,no,2,last,no,no,no,held
Kabalevsky T03,5,18,1.25,A#3,58,i,Bozeman tenor-mezzo midpoint,0.288,close,E3,5.5,below primo,-4,-9,none,not assessed,short,step,-2,yes,3,first,no,no,no,
Kabalevsky T03,5,18,1.5,D#4,63,ɑ,Bozeman tenor-mezzo midpoint,0.288,open,E4,-1.5,inside,1,-4,none,not assessed,short,leap-up,5,no,3,middle,no,no,no,
Kabalevsky T03,5,18,1.75,G4,67,i,Bozeman tenor-mezzo midpoint,0.288,above,E3,14.5,inside,5,0,none,not assessed,short,leap-up,4,no,3,middle,yes,yes,yes,highest of phrase
Kabalevsky T03,5,18,2,F4,65,ɑ,Bozeman tenor-mezzo midpoint,0.577,close,E4,0.5,inside,3,-2,none,not assessed,short,step,-2,no,3,middle,no,no,no,turning pitch 0 to 2 st below
Kabalevsky T03,5,18,2.5,C4,60,ɑ,Bozeman tenor-mezzo midpoint,0.577,open,E4,-4.5,below primo,-2,-7,none,not assessed,short,leap-down,-5,no,3,middle,no,no,no,
Kabalevsky T03,5,19,1,D#4,63,e,Bozeman tenor-mezzo midpoint,0.577,close,D4,1.5,inside,1,-4,none,not assessed,short,leap-up,3,no,3,middle,no,no,no,turning pitch 0 to 2 st below
Kabalevsky T03,5,19,1.5,A#3,58,i,Bozeman tenor-mezzo midpoint,0.577,close,E3,5.5,below primo,-4,-9,none,not assessed,short,leap-down,-5,no,3,middle,no,no,no,
Kabalevsky T03,5,19,2,B3,59,ɑ,Bozeman tenor-mezzo midpoint,0.288,open,E4,-5.5,below primo,-3,-8,none,not assessed,short,step,1,no,3,middle,no,no,no,
Kabalevsky T03,5,19,2.25,A#3,58,ɑ,Bozeman tenor-mezzo midpoint,0.288,open,E4,-6.5,below primo,-4,-9,none,not assessed,short,step,-1,no,3,middle,no,no,no,
Kabalevsky T03,5,19,2.5,B3,59,i,Bozeman tenor-mezzo midpoint,0.288,close,E3,6.5,below primo,-3,-8,none,not assessed,short,step,1,no,3,middle,no,no,no,
Kabalevsky T03,5,19,2.75,C#4,61,i,Bozeman tenor-mezzo midpoint,0.288,close,E3,8.5,below primo,-1,-6,none,not assessed,short,step,2,no,3,middle,no,no,no,
Kabalevsky T03,5,20,1,D#4,63,ɛ,Bozeman tenor-mezzo midpoint,0.577,close,D#4,0.5,inside,1,-4,none,not assessed,short,step,2,no,3,middle,no,no,no,turning pitch 0 to 2 st below
Kabalevsky T03,5,20,1.5,A#3,58,ʌ,derived from Bozeman tenor-mezzo,0.577,open,E4,-6.5,below primo,-4,-9,none,not assessed,short,leap-down,-5,no,3,last,no,no,no,
Kabalevsky T03,5,20,2.25,A#3,58,ɑ,Bozeman tenor-mezzo midpoint,0.288,open,E4,-6.5,below primo,-4,-9,none,not assessed,short,repeated,0,yes,4,first,no,no,no,
Kabalevsky T03,5,20,2.5,D#4,63,ɑ,Bozeman tenor-mezzo midpoint,0.288,open,E4,-1.5,inside,1,-4,none,not assessed,short,leap-up,5,no,4,middle,no,no,no,
Kabalevsky T03,5,20,2.75,G4,67,u,Bozeman tenor-mezzo midpoint,0.288,crossing,G3,12.5,inside,5,0,none,not assessed,short,leap-up,4,no,4,middle,yes,yes,yes,highest of phrase; crossing
Kabalevsky T03,5,21,1,F4,65,o,Bozeman tenor-mezzo midpoint,0.865,close,C#4,4.5,inside,3,-2,none,not assessed,short,step,-2,no,4,middle,no,no,no,
Kabalevsky T03,5,21,1.75,C4,60,ɑ,Bozeman tenor-mezzo midpoint,0.288,open,E4,-4.5,below primo,-2,-7,none,not assessed,short,leap-down,-5,no,4,middle,no,no,no,
Kabalevsky T03,5,21,2,D#4,63,ɑ,Bozeman tenor-mezzo midpoint,0.577,open,E4,-1.5,inside,1,-4,none,not assessed,short,leap-up,3,no,4,middle,no,no,no,
Kabalevsky T03,5,21,2.5,A#3,58,ɨ,derived from Bozeman tenor-mezzo,0.577,close,A#3,0.11,below primo,-4,-9,none,not assessed,short,leap-down,-5,no,4,middle,no,no,no,turning pitch 0 to 2 st below
Kabalevsky T03,5,22,1,B3,59,ɑ,Bozeman tenor-mezzo midpoint,0.288,open,E4,-5.5,below primo,-3,-8,none,not assessed,short,step,1,no,4,middle,no,no,no,
Kabalevsky T03,5,22,1.25,A#3,58,ɑ,Bozeman tenor-mezzo midpoint,0.288,open,E4,-6.5,below primo,-4,-9,none,not assessed,short,step,-1,no,4,middle,no,no,no,
Kabalevsky T03,5,22,1.5,B3,59,ɪ,derived from Bozeman tenor-mezzo,0.577,open,D4,-3.04,below primo,-3,-8,none,not assessed,short,step,1,no,4,middle,no,no,no,
Kabalevsky T03,5,22,2,A#3,58,ɑ,Bozeman tenor-mezzo midpoint,1.154,open,E4,-6.5,below primo,-4,-9,none,not assessed,short,step,-1,no,4,middle,no,no,no,
Kabalevsky T03,5,23,1,A#3,58,ɑ,Bozeman tenor-mezzo midpoint,0.288,open,E4,-6.5,below primo,-4,-9,none,not assessed,short,tie,0,no,4,middle,no,no,no,
Kabalevsky T03,5,23,1.25,A3,57,ɑ,Bozeman tenor-mezzo midpoint,0.288,open,E4,-7.5,below primo,-5,-10,3,not assessed,short,step,-1,no,4,middle,no,no,no,
Kabalevsky T03,5,23,1.5,A#3,58,ʌ,derived from Bozeman tenor-mezzo,0.288,open,E4,-6.5,below primo,-4,-9,none,not assessed,short,step,1,no,4,middle,no,no,no,
Kabalevsky T03,5,23,1.75,C4,60,ɑ,Bozeman tenor-mezzo midpoint,0.288,open,E4,-4.5,below primo,-2,-7,none,not assessed,short,step,2,no,4,middle,no,no,no,
Kabalevsky T03,5,23,2,D4,62,e,Bozeman tenor-mezzo midpoint,0.865,close,D4,0.5,inside,0,-5,none,not assessed,short,step,2,no,4,middle,no,no,no,turning pitch 0 to 2 st below
Kabalevsky T03,5,23,2.75,D#4,63,i,Bozeman tenor-mezzo midpoint,0.288,close,E3,10.5,inside,1,-4,none,not assessed,short,step,1,no,4,middle,no,no,no,
Kabalevsky T03,5,24,1,D4,62,i,Bozeman tenor-mezzo midpoint,0.865,close,E3,9.5,inside,0,-5,none,not assessed,short,step,-1,no,4,middle,no,no,no,
Kabalevsky T03,5,24,1.75,D#4,63,ɑ,Bozeman tenor-mezzo midpoint,0.288,open,E4,-1.5,inside,1,-4,none,not assessed,short,step,1,no,4,middle,no,no,no,
Kabalevsky T03,5,24,2,D4,62,o,Bozeman tenor-mezzo midpoint,0.288,close,C#4,1.5,inside,0,-5,none,not assessed,short,step,-1,no,4,middle,no,no,no,turning pitch 0 to 2 st below
Kabalevsky T03,5,24,2.25,E4,64,ɨ,derived from Bozeman tenor-mezzo,0.288,close,A#3,6.11,inside,2,-3,none,not assessed,short,step,2,no,4,middle,no,no,no,
Kabalevsky T03,5,24,2.5,F#4,66,ɑ,Bozeman tenor-mezzo midpoint,0.288,close,E4,1.5,inside,4,-1,none,not assessed,short,step,2,no,4,middle,no,yes,yes,turning pitch 0 to 2 st below
Kabalevsky T03,5,24,2.75,D4,62,ɪ,derived from Bozeman tenor-mezzo,0.288,open,D4,-0.04,inside,0,-5,none,not assessed,short,leap-down,-4,no,4,middle,no,no,no,
Kabalevsky T03,5,25,1,G4,67,o,Bozeman tenor-mezzo midpoint,1.731,close,C#4,6.5,inside,5,0,none,not assessed,short,leap-up,5,no,4,middle,yes,yes,yes,highest of phrase
Kabalevsky T03,5,25,2.5,F4,65,o,Bozeman tenor-mezzo midpoint,0.577,close,C#4,4.5,inside,3,-2,none,not assessed,short,step,-2,no,4,middle,no,no,no,
Kabalevsky T03,5,26,1,D#4,63,e,Bozeman tenor-mezzo midpoint,0.288,close,D4,1.5,inside,1,-4,none,not assessed,short,step,-2,no,4,middle,no,no,no,turning pitch 0 to 2 st below
Kabalevsky T03,5,26,1.25,D4,62,u,Bozeman tenor-mezzo midpoint,0.288,close,G3,7.5,inside,0,-5,none,not assessed,short,step,-1,no,4,middle,no,no,no,
Kabalevsky T03,5,26,1.5,D#4,63,ʌ,derived from Bozeman tenor-mezzo,0.288,open,E4,-1.5,inside,1,-4,none,not assessed,short,step,1,no,4,middle,no,no,no,
Kabalevsky T03,5,26,1.75,C4,60,ɨ,derived from Bozeman tenor-mezzo,0.288,close,A#3,2.11,below primo,-2,-7,none,not assessed,short,leap-down,-3,no,4,middle,no,no,no,
Kabalevsky T03,5,26,2,D4,62,ɑ,Bozeman tenor-mezzo midpoint,0.865,open,E4,-2.5,inside,0,-5,none,not assessed,short,step,2,no,4,middle,no,no,no,
Kabalevsky T03,5,26,2.75,D#4,63,ɪ,derived from Bozeman tenor-mezzo,0.288,close,D4,0.96,inside,1,-4,none,not assessed,short,step,1,no,4,middle,no,no,no,turning pitch 0 to 2 st below
Kabalevsky T03,5,27,1,D4,62,ɛ,Bozeman tenor-mezzo midpoint,0.577,open,D#4,-0.5,inside,0,-5,none,not assessed,short,step,-1,no,4,middle,no,no,no,
Kabalevsky T03,5,27,1.5,A3,57,ʌ,derived from Bozeman tenor-mezzo,0.577,open,E4,-7.5,below primo,-5,-10,3,not assessed,short,leap-down,-5,no,4,last,no,no,no,
Kabalevsky T03,5,30,1,D4,62,o,Bozeman tenor-mezzo midpoint,0.577,close,C#4,1.5,inside,0,-5,none,not assessed,short,leap-up,5,yes,5,first,no,no,no,turning pitch 0 to 2 st below
Kabalevsky T03,5,30,1.5,D4,62,ɪ,derived from Bozeman tenor-mezzo,0.288,open,D4,-0.04,inside,0,-5,none,not assessed,short,repeated,0,no,5,middle,no,no,no,
Kabalevsky T03,5,30,1.75,D#4,63,i,Bozeman tenor-mezzo midpoint,0.288,close,E3,10.5,inside,1,-4,none,not assessed,short,step,1,no,5,middle,yes,no,no,highest of phrase
Kabalevsky T03,5,30,2,D4,62,ɨ,derived from Bozeman tenor-mezzo,0.865,close,A#3,4.11,inside,0,-5,none,not assessed,short,step,-1,no,5,middle,no,no,no,
Kabalevsky T03,5,30,2.75,D#4,63,none resolved,not assessed,0.288,not assessed,not assessed,not assessed,inside,1,-4,not assessed,not assessed,short,step,1,no,5,middle,yes,no,no,highest of phrase
Kabalevsky T03,5,31,1,D4,62,e,Bozeman tenor-mezzo midpoint,0.288,close,D4,0.5,inside,0,-5,none,not assessed,short,step,-1,no,5,middle,no,no,no,turning pitch 0 to 2 st below
Kabalevsky T03,5,31,1.25,A3,57,i,Bozeman tenor-mezzo midpoint,0.288,close,E3,4.5,below primo,-5,-10,none,not assessed,short,leap-down,-5,no,5,middle,no,no,no,
Kabalevsky T03,5,31,1.5,A#3,58,i,Bozeman tenor-mezzo midpoint,0.288,close,E3,5.5,below primo,-4,-9,none,not assessed,short,step,1,no,5,middle,no,no,no,
Kabalevsky T03,5,31,1.75,C4,60,ɑ,Bozeman tenor-mezzo midpoint,0.288,open,E4,-4.5,below primo,-2,-7,none,not assessed,short,step,2,no,5,middle,no,no,no,
Kabalevsky T03,5,31,2,D4,62,e,Bozeman tenor-mezzo midpoint,1.154,close,D4,0.5,inside,0,-5,none,not assessed,short,step,2,no,5,middle,no,no,no,turning pitch 0 to 2 st below
Kabalevsky T03,5,32,1,D4,62,e,Bozeman tenor-mezzo midpoint,0.288,close,D4,0.5,inside,0,-5,none,not assessed,short,tie,0,no,5,middle,no,no,no,turning pitch 0 to 2 st below
Kabalevsky T03,5,32,1.25,D4,62,ɑ,Bozeman tenor-mezzo midpoint,0.288,open,E4,-2.5,inside,0,-5,none,not assessed,short,repeated,0,no,5,middle,no,no,no,
Kabalevsky T03,5,32,1.5,D4,62,ɑ,Bozeman tenor-mezzo midpoint,0.288,open,E4,-2.5,inside,0,-5,none,not assessed,short,repeated,0,no,5,middle,no,no,no,
Kabalevsky T03,5,32,1.75,D#4,63,ɪ,derived from Bozeman tenor-mezzo,0.288,close,D4,0.96,inside,1,-4,none,not assessed,short,step,1,no,5,middle,yes,no,no,highest of phrase; turning pitch 0 to 2 st below
Kabalevsky T03,5,32,2,D4,62,o,Bozeman tenor-mezzo midpoint,0.865,close,C#4,1.5,inside,0,-5,none,not assessed,short,step,-1,no,5,middle,no,no,no,turning pitch 0 to 2 st below
Kabalevsky T03,5,32,2.75,D#4,63,u,Bozeman tenor-mezzo midpoint,0.288,close,G3,8.5,inside,1,-4,none,not assessed,short,step,1,no,5,middle,yes,no,no,highest of phrase
Kabalevsky T03,5,33,1,D4,62,o,Bozeman tenor-mezzo midpoint,0.288,close,C#4,1.5,inside,0,-5,none,not assessed,short,step,-1,no,5,middle,no,no,no,turning pitch 0 to 2 st below
Kabalevsky T03,5,33,1.25,G3,55,u,Bozeman tenor-mezzo midpoint,0.288,close,G3,0.5,below primo,-7,-12,none,not assessed,short,leap-down,-7,no,5,middle,no,no,no,turning pitch 0 to 2 st below
Kabalevsky T03,5,33,1.5,A3,57,i,Bozeman tenor-mezzo midpoint,0.288,close,E3,4.5,below primo,-5,-10,none,not assessed,short,step,2,no,5,middle,no,no,no,
Kabalevsky T03,5,33,1.75,B3,59,i,Bozeman tenor-mezzo midpoint,0.288,close,E3,6.5,below primo,-3,-8,none,not assessed,short,step,2,no,5,middle,no,no,no,
Kabalevsky T03,5,33,2,C4,60,a,derived from Bozeman tenor-mezzo,0.865,open,G4,-6.92,below primo,-2,-7,3,not assessed,short,step,1,no,5,middle,no,no,no,
Kabalevsky T03,5,33,2.75,C4,60,ɑ,Bozeman tenor-mezzo midpoint,0.288,open,E4,-4.5,below primo,-2,-7,none,not assessed,short,repeated,0,no,5,last,no,no,no,
Kabalevsky T03,5,34,2.75,C4,60,o,Bozeman tenor-mezzo midpoint,0.288,open,C#4,-0.5,below primo,-2,-7,none,not assessed,short,repeated,0,yes,6,first,no,no,no,
Kabalevsky T03,5,35,1,F4,65,u,Bozeman tenor-mezzo midpoint,0.288,close,G3,10.5,inside,3,-2,none,not assessed,short,leap-up,5,no,6,middle,yes,no,no,highest of phrase
Kabalevsky T03,5,35,1.25,F4,65,ɨ,derived from Bozeman tenor-mezzo,0.288,close,A#3,7.11,inside,3,-2,none,not assessed,short,repeated,0,no,6,middle,yes,no,no,highest of phrase
Kabalevsky T03,5,35,1.5,F4,65,ʌ,derived from Bozeman tenor-mezzo,0.288,close,E4,0.5,inside,3,-2,none,not assessed,short,repeated,0,no,6,middle,yes,no,no,highest of phrase; turning pitch 0 to 2 st below
Kabalevsky T03,5,35,1.75,C4,60,u,Bozeman tenor-mezzo midpoint,0.288,close,G3,5.5,below primo,-2,-7,none,not assessed,short,leap-down,-5,no,6,middle,no,no,no,
Kabalevsky T03,5,35,2,F4,65,ɑ,Bozeman tenor-mezzo midpoint,0.288,close,E4,0.5,inside,3,-2,none,not assessed,short,leap-up,5,no,6,middle,yes,no,no,highest of phrase; turning pitch 0 to 2 st below
Kabalevsky T03,5,35,2.25,D#4,63,ɑ,Bozeman tenor-mezzo midpoint,0.288,open,E4,-1.5,inside,1,-4,none,not assessed,short,step,-2,no,6,middle,no,no,no,
Kabalevsky T03,5,35,2.5,D4,62,ɛ,Bozeman tenor-mezzo midpoint,0.288,open,D#4,-0.5,inside,0,-5,none,not assessed,short,step,-1,no,6,middle,no,no,no,
Kabalevsky T03,5,35,2.75,C4,60,ɪ,derived from Bozeman tenor-mezzo,0.288,open,D4,-2.04,below primo,-2,-7,none,not assessed,short,step,-2,no,6,middle,no,no,no,
Kabalevsky T03,5,36,1,G3,55,e,Bozeman tenor-mezzo midpoint,1.154,open,D4,-6.5,below primo,-7,-12,none,not assessed,short,leap-down,-5,no,6,middle,no,no,no,
Kabalevsky T03,5,36,2,G3,55,e,Bozeman tenor-mezzo midpoint,0.288,open,D4,-6.5,below primo,-7,-12,none,not assessed,short,tie,0,no,6,middle,no,no,no,
Kabalevsky T03,5,36,2.25,G#3,56,ɑ,Bozeman tenor-mezzo midpoint,0.288,open,E4,-8.5,below primo,-6,-11,none,not assessed,short,step,1,no,6,middle,no,no,no,
Kabalevsky T03,5,36,2.5,G3,55,ɨ,derived from Bozeman tenor-mezzo,0.288,open,A#3,-2.89,below primo,-7,-12,none,not assessed,short,step,-1,no,6,middle,no,no,no,
Kabalevsky T03,5,36,2.75,G#3,56,ʌ,derived from Bozeman tenor-mezzo,0.288,open,E4,-8.5,below primo,-6,-11,none,not assessed,short,step,1,no,6,middle,no,no,no,
Kabalevsky T03,5,37,1,G3,55,ɑ,Bozeman tenor-mezzo midpoint,0.865,open,E4,-9.5,below primo,-7,-12,none,not assessed,short,step,-1,no,6,middle,no,no,no,
Kabalevsky T03,5,37,1.75,A3,57,i,Bozeman tenor-mezzo midpoint,0.288,close,E3,4.5,below primo,-5,-10,none,not assessed,short,step,2,no,6,middle,no,no,no,
Kabalevsky T03,5,37,2,B3,59,a,derived from Bozeman tenor-mezzo,0.288,open,G4,-7.92,below primo,-3,-8,none,not assessed,short,step,2,no,6,middle,no,no,no,
Kabalevsky T03,5,37,2.25,C4,60,ɪ,derived from Bozeman tenor-mezzo,0.288,open,D4,-2.04,below primo,-2,-7,none,not assessed,short,step,1,no,6,middle,no,no,no,
Kabalevsky T03,5,37,2.5,D#4,63,ʌ,derived from Bozeman tenor-mezzo,0.288,open,E4,-1.5,inside,1,-4,none,not assessed,short,leap-up,3,no,6,middle,no,no,no,
Kabalevsky T03,5,37,2.75,D4,62,ɑ,Bozeman tenor-mezzo midpoint,0.288,open,E4,-2.5,inside,0,-5,none,not assessed,short,step,-1,no,6,middle,no,no,no,
Kabalevsky T03,5,38,1,C4,60,a,derived from Bozeman tenor-mezzo,0.865,open,G4,-6.92,below primo,-2,-7,3,not assessed,short,step,-2,no,6,middle,no,no,no,
Kabalevsky T03,5,38,1.75,C4,60,ɪ,derived from Bozeman tenor-mezzo,0.288,open,D4,-2.04,below primo,-2,-7,none,not assessed,short,repeated,0,no,6,last,no,no,no,
Kabalevsky T03,5,44,2.5,C4,60,i,Bozeman tenor-mezzo midpoint,0.577,close,E3,7.5,below primo,-2,-7,none,not assessed,short,repeated,0,yes,7,first,no,no,no,
Kabalevsky T03,5,45,1,C4,60,ɑ,Bozeman tenor-mezzo midpoint,1.731,open,E4,-4.5,below primo,-2,-7,none,not assessed,short,repeated,0,no,7,middle,no,no,no,
Kabalevsky T03,5,45,2.5,A#3,58,u,Bozeman tenor-mezzo midpoint,0.577,close,G3,3.5,below primo,-4,-9,none,not assessed,short,step,-2,no,7,middle,no,no,no,
Kabalevsky T03,5,46,1,C4,60,o,Bozeman tenor-mezzo midpoint,1.731,open,C#4,-0.5,below primo,-2,-7,none,not assessed,short,step,2,no,7,middle,no,no,no,
Kabalevsky T03,5,46,2.5,G#3,56,ɑ,Bozeman tenor-mezzo midpoint,0.577,open,E4,-8.5,below primo,-6,-11,none,not assessed,short,leap-down,-4,no,7,middle,no,no,no,
Kabalevsky T03,5,47,1,F3,53,o,Bozeman tenor-mezzo midpoint,0.577,open,C#4,-7.5,below primo,-9,-14,3,not assessed,short,leap-down,-3,no,7,middle,no,no,no,
Kabalevsky T03,5,47,1.5,G#3,56,ʌ,derived from Bozeman tenor-mezzo,0.577,open,E4,-8.5,below primo,-6,-11,none,not assessed,short,leap-up,3,no,7,middle,no,no,no,
Kabalevsky T03,5,47,2,C4,60,ʌ,derived from Bozeman tenor-mezzo,0.577,open,E4,-4.5,below primo,-2,-7,none,not assessed,short,leap-up,4,no,7,middle,no,no,no,
Kabalevsky T03,5,47,2.5,D4,62,ɑ,Bozeman tenor-mezzo midpoint,0.577,open,E4,-2.5,inside,0,-5,none,not assessed,short,step,2,no,7,middle,no,no,no,
Kabalevsky T03,5,48,1,D#4,63,u,Bozeman tenor-mezzo midpoint,1.154,close,G3,8.5,inside,1,-4,none,not assessed,short,step,1,no,7,middle,yes,no,no,highest of phrase
Kabalevsky T03,5,48,2,D#4,63,u,Bozeman tenor-mezzo midpoint,0.288,close,G3,8.5,inside,1,-4,none,not assessed,short,tie,0,no,7,last,yes,no,no,highest of phrase
Kabalevsky T03,5,48,2.25,C4,60,ɑ,Bozeman tenor-mezzo midpoint,0.288,open,E4,-4.5,below primo,-2,-7,none,not assessed,short,leap-down,-3,no,8,first,no,no,no,
Kabalevsky T03,5,48,2.5,G#3,56,o,Bozeman tenor-mezzo midpoint,0.288,open,C#4,-4.5,below primo,-6,-11,none,not assessed,short,leap-down,-4,no,8,middle,no,no,no,
Kabalevsky T03,5,48,2.75,C4,60,ɑ,Bozeman tenor-mezzo midpoint,0.288,open,E4,-4.5,below primo,-2,-7,none,not assessed,short,leap-up,4,no,8,middle,no,no,no,
Kabalevsky T03,5,49,1,G3,55,ɛ,Bozeman tenor-mezzo midpoint,0.577,open,D#4,-7.5,below primo,-7,-12,3,not assessed,short,leap-down,-5,no,8,middle,no,no,no,
Kabalevsky T03,5,49,1.5,D#4,63,ɛ,Bozeman tenor-mezzo midpoint,1.154,close,D#4,0.5,inside,1,-4,none,not assessed,short,leap-up,8,no,8,last,yes,no,no,highest of phrase; turning pitch 0 to 2 st below
Kabalevsky T03,5,49,2.5,D#4,63,i,Bozeman tenor-mezzo midpoint,0.577,close,E3,10.5,inside,1,-4,none,not assessed,short,repeated,0,no,9,first,no,no,no,
Kabalevsky T03,5,50,1,G4,67,o,Bozeman tenor-mezzo midpoint,0.577,close,C#4,6.5,inside,5,0,none,not assessed,short,leap-up,4,no,9,middle,yes,yes,yes,highest of phrase
Kabalevsky T03,5,50,1.5,F4,65,ɨ,derived from Bozeman tenor-mezzo,0.577,close,A#3,7.11,inside,3,-2,none,not assessed,short,step,-2,no,9,middle,no,no,no,
Kabalevsky T03,5,50,2,D#4,63,ɪ,derived from Bozeman tenor-mezzo,0.577,close,D4,0.96,inside,1,-4,none,not assessed,short,step,-2,no,9,middle,no,no,no,turning pitch 0 to 2 st below
Kabalevsky T03,5,50,2.5,D4,62,ɑ,Bozeman tenor-mezzo midpoint,0.577,open,E4,-2.5,inside,0,-5,none,not assessed,short,step,-1,no,9,middle,no,no,no,
Kabalevsky T03,5,51,1,C4,60,u,Bozeman tenor-mezzo midpoint,2.308,close,G3,5.5,below primo,-2,-7,none,not assessed,held,step,-2,no,9,middle,no,no,no,held
Kabalevsky T03,5,52,1,C4,60,u,Bozeman tenor-mezzo midpoint,0.577,close,G3,5.5,below primo,-2,-7,none,not assessed,held,tie,0,no,9,last,no,no,no,held
Kabalevsky T04,5,4,3.5,F3,53,ɑ,Bozeman tenor-mezzo midpoint,0.6,open,E4,-11.5,below primo,-9,-14,none,not assessed,short,first note,,,0,first,no,no,no,
Kabalevsky T04,5,4,4,G3,55,ɑ,Bozeman tenor-mezzo midpoint,0.6,open,E4,-9.5,below primo,-7,-12,none,not assessed,short,step,2,no,0,middle,no,no,no,
Kabalevsky T04,5,4,4.5,C4,60,ɑ,Bozeman tenor-mezzo midpoint,0.6,open,E4,-4.5,below primo,-2,-7,none,not assessed,short,leap-up,5,no,0,middle,no,no,no,
Kabalevsky T04,5,5,1,G#3,56,u,Bozeman tenor-mezzo midpoint,1.8,close,G3,1.5,below primo,-6,-11,none,not assessed,short,leap-down,-4,no,0,middle,no,no,no,turning pitch 0 to 2 st below
Kabalevsky T04,5,5,2.5,G3,55,ɪ,derived from Bozeman tenor-mezzo,0.6,open,D4,-7.04,below primo,-7,-12,3,not assessed,short,step,-1,no,0,middle,no,no,no,
Kabalevsky T04,5,5,3,G#3,56,o,Bozeman tenor-mezzo midpoint,0.6,open,C#4,-4.5,below primo,-6,-11,none,not assessed,short,step,1,no,0,middle,no,no,no,
Kabalevsky T04,5,5,3.5,F3,53,ɨ,derived from Bozeman tenor-mezzo,0.6,open,A#3,-4.89,below primo,-9,-14,none,not assessed,short,leap-down,-3,no,0,middle,no,no,no,
Kabalevsky T04,5,5,4,A#3,58,ɑ,Bozeman tenor-mezzo midpoint,0.6,open,E4,-6.5,below primo,-4,-9,none,not assessed,short,leap-up,5,no,0,middle,no,no,no,
Kabalevsky T04,5,5,4.5,G3,55,ɨ,derived from Bozeman tenor-mezzo,0.6,open,A#3,-2.89,below primo,-7,-12,none,not assessed,short,leap-down,-3,no,0,middle,no,no,no,
Kabalevsky T04,5,6,1,C4,60,u,Bozeman tenor-mezzo midpoint,2.4,close,G3,5.5,below primo,-2,-7,none,not assessed,held,leap-up,5,no,0,middle,no,no,no,held
Kabalevsky T04,5,6,3,C4,60,u,Bozeman tenor-mezzo midpoint,0.6,close,G3,5.5,below primo,-2,-7,none,not assessed,held,tie,0,no,0,middle,no,no,no,held
Kabalevsky T04,5,6,3.5,A#3,58,ɑ,Bozeman tenor-mezzo midpoint,0.6,open,E4,-6.5,below primo,-4,-9,none,not assessed,short,step,-2,no,0,middle,no,no,no,
Kabalevsky T04,5,6,4,C4,60,ɨ,derived from Bozeman tenor-mezzo,0.6,close,A#3,2.11,below primo,-2,-7,none,not assessed,short,step,2,no,0,middle,no,no,no,
Kabalevsky T04,5,6,4.5,C#4,61,ɨ,derived from Bozeman tenor-mezzo,0.6,close,A#3,3.11,below primo,-1,-6,none,not assessed,short,step,1,no,0,middle,no,no,no,
Kabalevsky T04,5,7,1,D#4,63,ɑ,Bozeman tenor-mezzo midpoint,0.6,open,E4,-1.5,inside,1,-4,none,not assessed,short,step,2,no,0,middle,yes,no,no,highest of phrase
Kabalevsky T04,5,7,1.5,C4,60,u,Bozeman tenor-mezzo midpoint,0.6,close,G3,5.5,below primo,-2,-7,none,not assessed,short,leap-down,-3,no,0,middle,no,no,no,
Kabalevsky T04,5,7,2,A#3,58,ʌ,derived from Bozeman tenor-mezzo,0.6,open,E4,-6.5,below primo,-4,-9,none,not assessed,short,step,-2,no,0,middle,no,no,no,
Kabalevsky T04,5,7,2.5,G#3,56,ɑ,Bozeman tenor-mezzo midpoint,0.6,open,E4,-8.5,below primo,-6,-11,none,not assessed,short,step,-2,no,0,middle,no,no,no,
Kabalevsky T04,5,7,3,A#3,58,ɑ,Bozeman tenor-mezzo midpoint,1.8,open,E4,-6.5,below primo,-4,-9,none,not assessed,short,step,2,no,0,middle,no,no,no,
Kabalevsky T04,5,7,4.5,G3,55,ɨ,derived from Bozeman tenor-mezzo,0.6,open,A#3,-2.89,below primo,-7,-12,none,not assessed,short,leap-down,-3,no,0,middle,no,no,no,
Kabalevsky T04,5,8,1,C4,60,o,Bozeman tenor-mezzo midpoint,1.8,open,C#4,-0.5,below primo,-2,-7,none,not assessed,short,leap-up,5,no,0,middle,no,no,no,
Kabalevsky T04,5,8,2.5,C4,60,ʌ,derived from Bozeman tenor-mezzo,0.6,open,E4,-4.5,below primo,-2,-7,none,not assessed,short,repeated,0,no,0,last,no,no,no,
Kabalevsky T04,5,8,3.5,C4,60,u,Bozeman tenor-mezzo midpoint,0.6,close,G3,5.5,below primo,-2,-7,none,not assessed,short,repeated,0,yes,1,first,no,no,no,
Kabalevsky T04,5,8,4,A#3,58,ɑ,Bozeman tenor-mezzo midpoint,0.6,open,E4,-6.5,below primo,-4,-9,none,not assessed,short,step,-2,no,1,middle,no,no,no,
Kabalevsky T04,5,8,4.5,G#3,56,ɨ,derived from Bozeman tenor-mezzo,0.6,open,A#3,-1.89,below primo,-6,-11,none,not assessed,short,step,-2,no,1,middle,no,no,no,
Kabalevsky T04,5,9,1,A#3,58,ɛ,Bozeman tenor-mezzo midpoint,1.8,open,D#4,-4.5,below primo,-4,-9,none,not assessed,short,step,2,no,1,middle,no,no,no,
Kabalevsky T04,5,9,2.5,G3,55,i,Bozeman tenor-mezzo midpoint,0.6,close,E3,2.5,below primo,-7,-12,none,not assessed,short,leap-down,-3,no,1,middle,no,no,no,
Kabalevsky T04,5,9,3,G#3,56,o,Bozeman tenor-mezzo midpoint,0.6,open,C#4,-4.5,below primo,-6,-11,none,not assessed,short,step,1,no,1,middle,no,no,no,
Kabalevsky T04,5,9,3.5,G3,55,ɑ,Bozeman tenor-mezzo midpoint,0.6,open,E4,-9.5,below primo,-7,-12,none,not assessed,short,step,-1,no,1,middle,no,no,no,
Kabalevsky T04,5,9,4,G#3,56,ɛ,Bozeman tenor-mezzo midpoint,0.6,open,D#4,-6.5,below primo,-6,-11,none,not assessed,short,step,1,no,1,middle,no,no,no,
Kabalevsky T04,5,9,4.5,A#3,58,ɑ,Bozeman tenor-mezzo midpoint,0.6,open,E4,-6.5,below primo,-4,-9,none,not assessed,short,step,2,no,1,middle,no,no,no,
Kabalevsky T04,5,10,1,B3,59,u,Bozeman tenor-mezzo midpoint,0.6,close,G3,4.5,below primo,-3,-8,none,not assessed,short,step,1,no,1,middle,no,no,no,
Kabalevsky T04,5,10,1.5,C4,60,i,Bozeman tenor-mezzo midpoint,0.6,close,E3,7.5,below primo,-2,-7,none,not assessed,short,step,1,no,1,middle,no,no,no,
Kabalevsky T04,5,10,2,F4,65,ɑ,Bozeman tenor-mezzo midpoint,0.6,close,E4,0.5,inside,3,-2,none,not assessed,short,leap-up,5,no,1,middle,no,no,no,turning pitch 0 to 2 st below
Kabalevsky T04,5,10,2.5,G4,67,ʌ,derived from Bozeman tenor-mezzo,0.6,close,E4,2.5,inside,5,0,none,not assessed,short,step,2,no,1,middle,no,yes,no,
Kabalevsky T04,5,10,3,G#4,68,o,Bozeman tenor-mezzo midpoint,2.4,close,C#4,7.5,above secondo,6,1,none,not assessed,held,step,1,no,1,middle,yes,yes,yes,held; highest of phrase
Kabalevsky T04,5,11,1,G#4,68,o,Bozeman tenor-mezzo midpoint,0.6,close,C#4,7.5,above secondo,6,1,none,not assessed,held,tie,0,no,1,middle,yes,yes,yes,held; highest of phrase
Kabalevsky T04,5,11,1.5,G4,67,u,Bozeman tenor-mezzo midpoint,0.6,crossing,G3,12.5,inside,5,0,none,not assessed,short,step,-1,no,1,middle,no,yes,yes,crossing
Kabalevsky T04,5,11,2,F4,65,ɑ,Bozeman tenor-mezzo midpoint,0.6,close,E4,0.5,inside,3,-2,none,not assessed,short,step,-2,no,1,middle,no,no,no,turning pitch 0 to 2 st below
Kabalevsky T04,5,11,2.5,E4,64,ɑ,Bozeman tenor-mezzo midpoint,0.6,open,E4,-0.5,inside,2,-3,none,not assessed,short,step,-1,no,1,middle,no,no,no,
Kabalevsky T04,5,11,3,F4,65,e,Bozeman tenor-mezzo midpoint,1.8,close,D4,3.5,inside,3,-2,none,not assessed,short,step,1,no,1,middle,no,no,no,
Kabalevsky T04,5,11,4.5,C#4,61,u,Bozeman tenor-mezzo midpoint,0.6,close,G3,6.5,below primo,-1,-6,none,not assessed,short,leap-down,-4,no,1,middle,no,no,no,
Kabalevsky T04,5,12,1,G#3,56,o,Bozeman tenor-mezzo midpoint,1.8,open,C#4,-4.5,below primo,-6,-11,none,not assessed,short,leap-down,-5,no,1,middle,no,no,no,
Kabalevsky T04,5,12,2.5,C4,60,ɑ,Bozeman tenor-mezzo midpoint,0.6,open,E4,-4.5,below primo,-2,-7,none,not assessed,short,leap-up,4,no,1,last,no,no,no,
Kabalevsky T04,5,13,3.5,F3,53,i,Bozeman tenor-mezzo midpoint,0.6,close,E3,0.5,below primo,-9,-14,none,not assessed,short,leap-down,-7,yes,2,first,no,no,no,turning pitch 0 to 2 st below
Kabalevsky T04,5,13,4,G3,55,ɑ,Bozeman tenor-mezzo midpoint,0.6,open,E4,-9.5,below primo,-7,-12,none,not assessed,short,step,2,no,2,middle,no,no,no,
Kabalevsky T04,5,13,4.5,C4,60,ɪ,derived from Bozeman tenor-mezzo,0.6,open,D4,-2.04,below primo,-2,-7,none,not assessed,short,leap-up,5,no,2,middle,no,no,no,
Kabalevsky T04,5,14,1,G#3,56,ɑ,Bozeman tenor-mezzo midpoint,0.6,open,E4,-8.5,below primo,-6,-11,none,not assessed,short,leap-down,-4,no,2,middle,no,no,no,
Kabalevsky T04,5,14,1.5,G3,55,ɨ,derived from Bozeman tenor-mezzo,0.6,open,A#3,-2.89,below primo,-7,-12,none,not assessed,short,step,-1,no,2,middle,no,no,no,
Kabalevsky T04,5,14,2,G#3,56,o,Bozeman tenor-mezzo midpoint,1.8,open,C#4,-4.5,below primo,-6,-11,none,not assessed,short,step,1,no,2,middle,no,no,no,
Kabalevsky T04,5,14,3.5,C4,60,ɑ,Bozeman tenor-mezzo midpoint,0.6,open,E4,-4.5,below primo,-2,-7,none,not assessed,short,leap-up,4,no,2,middle,no,no,no,
Kabalevsky T04,5,15,1,C4,60,o,Bozeman tenor-mezzo midpoint,0.6,open,C#4,-0.5,below primo,-2,-7,none,not assessed,short,repeated,0,no,2,middle,no,no,no,
Kabalevsky T04,5,15,1.5,B3,59,ɨ,derived from Bozeman tenor-mezzo,0.6,close,A#3,1.11,below primo,-3,-8,none,not assessed,short,step,-1,no,2,middle,no,no,no,turning pitch 0 to 2 st below
Kabalevsky T04,5,15,2,B3,59,u,Bozeman tenor-mezzo midpoint,1.8,close,G3,4.5,below primo,-3,-8,none,not assessed,short,repeated,0,no,2,middle,no,no,no,
Kabalevsky T04,5,15,3.5,D4,62,ɑ,Bozeman tenor-mezzo midpoint,0.6,open,E4,-2.5,inside,0,-5,none,not assessed,short,leap-up,3,no,2,middle,no,no,no,
Kabalevsky T04,5,16,1,D#4,63,ɛ,Bozeman tenor-mezzo midpoint,0.6,close,D#4,0.5,inside,1,-4,none,not assessed,short,step,1,no,2,middle,no,no,no,turning pitch 0 to 2 st below
Kabalevsky T04,5,16,1.5,C4,60,ɑ,Bozeman tenor-mezzo midpoint,0.6,open,E4,-4.5,below primo,-2,-7,none,not assessed,short,leap-down,-3,no,2,middle,no,no,no,
Kabalevsky T04,5,16,2,C#4,61,o,Bozeman tenor-mezzo midpoint,0.6,close,C#4,0.5,below primo,-1,-6,none,not assessed,short,step,1,no,2,middle,no,no,no,turning pitch 0 to 2 st below
Kabalevsky T04,5,16,2.5,D#4,63,ɑ,Bozeman tenor-mezzo midpoint,0.6,open,E4,-1.5,inside,1,-4,none,not assessed,short,step,2,no,2,middle,no,no,no,
Kabalevsky T04,5,16,3,F4,65,ɛ,Bozeman tenor-mezzo midpoint,0.6,close,D#4,2.5,inside,3,-2,none,not assessed,short,step,2,no,2,middle,yes,no,no,highest of phrase
Kabalevsky T04,5,16,3.5,C4,60,ɑ,Bozeman tenor-mezzo midpoint,0.6,open,E4,-4.5,below primo,-2,-7,none,not assessed,short,leap-down,-5,no,2,middle,no,no,no,
Kabalevsky T04,5,16,4,C#4,61,i,Bozeman tenor-mezzo midpoint,0.6,close,E3,8.5,below primo,-1,-6,none,not assessed,short,step,1,no,2,middle,no,no,no,
Kabalevsky T04,5,16,4.5,C4,60,ɑ,Bozeman tenor-mezzo midpoint,0.6,open,E4,-4.5,below primo,-2,-7,none,not assessed,short,step,-1,no,2,middle,no,no,no,
Kabalevsky T04,5,17,1,C#4,61,i,Bozeman tenor-mezzo midpoint,0.6,close,E3,8.5,below primo,-1,-6,none,not assessed,short,step,1,no,2,middle,no,no,no,
Kabalevsky T04,5,17,1.5,A#3,58,ɑ,Bozeman tenor-mezzo midpoint,0.6,open,E4,-6.5,below primo,-4,-9,none,not assessed,short,leap-down,-3,no,2,last,no,no,no,
Kabalevsky T04,5,17,2.5,C4,60,i,Bozeman tenor-mezzo midpoint,0.6,close,E3,7.5,below primo,-2,-7,none,not assessed,short,step,2,yes,3,first,no,no,no,
Kabalevsky T04,5,17,3,C#4,61,u,Bozeman tenor-mezzo midpoint,1.8,close,G3,6.5,below primo,-1,-6,none,not assessed,short,step,1,no,3,middle,no,no,no,
Kabalevsky T04,5,17,4.5,A#3,58,u,Bozeman tenor-mezzo midpoint,0.6,close,G3,3.5,below primo,-4,-9,none,not assessed,short,leap-down,-3,no,3,middle,no,no,no,
Kabalevsky T04,5,18,1,C4,60,o,Bozeman tenor-mezzo midpoint,1.8,open,C#4,-0.5,below primo,-2,-7,none,not assessed,short,step,2,no,3,middle,no,no,no,
Kabalevsky T04,5,18,2.5,C4,60,ɑ,Bozeman tenor-mezzo midpoint,0.6,open,E4,-4.5,below primo,-2,-7,none,not assessed,short,repeated,0,no,3,middle,no,no,no,
Kabalevsky T04,5,18,3,C#4,61,i,Bozeman tenor-mezzo midpoint,0.6,close,E3,8.5,below primo,-1,-6,none,not assessed,short,step,1,no,3,middle,no,no,no,
Kabalevsky T04,5,18,3.5,A#3,58,u,Bozeman tenor-mezzo midpoint,0.6,close,G3,3.5,below primo,-4,-9,none,not assessed,short,leap-down,-3,no,3,middle,no,no,no,
Kabalevsky T04,5,18,4,A#3,58,u,Bozeman tenor-mezzo midpoint,0.6,close,G3,3.5,below primo,-4,-9,none,not assessed,short,repeated,0,no,3,middle,no,no,no,
Kabalevsky T04,5,18,4.5,C#4,61,ɑ,Bozeman tenor-mezzo midpoint,0.6,open,E4,-3.5,below primo,-1,-6,none,not assessed,short,leap-up,3,no,3,middle,no,no,no,
Kabalevsky T04,5,19,1,C4,60,u,Bozeman tenor-mezzo midpoint,0.6,close,G3,5.5,below primo,-2,-7,none,not assessed,short,step,-1,no,3,middle,no,no,no,
Kabalevsky T04,5,19,1.5,B3,59,i,Bozeman tenor-mezzo midpoint,0.6,close,E3,6.5,below primo,-3,-8,none,not assessed,short,step,-1,no,3,middle,no,no,no,
Kabalevsky T04,5,19,2,C4,60,o,Bozeman tenor-mezzo midpoint,0.6,open,C#4,-0.5,below primo,-2,-7,none,not assessed,short,step,1,no,3,middle,no,no,no,
Kabalevsky T04,5,19,2.5,D4,62,o,Bozeman tenor-mezzo midpoint,0.6,close,C#4,1.5,inside,0,-5,none,not assessed,short,step,2,no,3,middle,no,no,no,turning pitch 0 to 2 st below
Kabalevsky T04,5,19,3,D#4,63,ɨ,derived from Bozeman tenor-mezzo,0.6,close,A#3,5.11,inside,1,-4,none,not assessed,short,step,1,no,3,middle,yes,no,no,highest of phrase
Kabalevsky T04,5,19,3.5,C4,60,i,Bozeman tenor-mezzo midpoint,0.6,close,E3,7.5,below primo,-2,-7,none,not assessed,short,leap-down,-3,no,3,middle,no,no,no,
Kabalevsky T04,5,19,4,F#3,54,ɛ,Bozeman tenor-mezzo midpoint,0.6,open,D#4,-8.5,below primo,-8,-13,none,not assessed,short,leap-down,-6,no,3,middle,no,no,no,
Kabalevsky T04,5,19,4.5,G3,55,ɑ,Bozeman tenor-mezzo midpoint,0.6,open,E4,-9.5,below primo,-7,-12,none,not assessed,short,step,1,no,3,middle,no,no,no,
Kabalevsky T04,5,20,1,G#3,56,ɑ,Bozeman tenor-mezzo midpoint,1.8,open,E4,-8.5,below primo,-6,-11,none,not assessed,short,step,1,no,3,middle,no,no,no,
Kabalevsky T04,5,20,2.5,C4,60,ʌ,derived from Bozeman tenor-mezzo,0.6,open,E4,-4.5,below primo,-2,-7,none,not assessed,short,leap-up,4,no,3,middle,no,no,no,
Kabalevsky T04,5,20,3,B3,59,i,Bozeman tenor-mezzo midpoint,0.6,close,E3,6.5,below primo,-3,-8,none,not assessed,short,step,-1,no,3,middle,no,no,no,
Kabalevsky T04,5,20,3.5,G3,55,ʌ,derived from Bozeman tenor-mezzo,0.6,open,E4,-9.5,below primo,-7,-12,none,not assessed,short,leap-down,-4,no,3,last,no,no,no,
Kabalevsky T04,5,21,1.5,G3,55,ɪ,derived from Bozeman tenor-mezzo,0.6,open,D4,-7.04,below primo,-7,-12,3,not assessed,short,repeated,0,yes,4,first,no,no,no,
Kabalevsky T04,5,21,2,G3,55,u,Bozeman tenor-mezzo midpoint,0.6,close,G3,0.5,below primo,-7,-12,none,not assessed,short,repeated,0,no,4,middle,no,no,no,turning pitch 0 to 2 st below
Kabalevsky T04,5,21,2.5,G3,55,ɑ,Bozeman tenor-mezzo midpoint,0.6,open,E4,-9.5,below primo,-7,-12,none,not assessed,short,repeated,0,no,4,middle,no,no,no,
Kabalevsky T04,5,21,3,G3,55,o,Bozeman tenor-mezzo midpoint,1.8,open,C#4,-5.5,below primo,-7,-12,none,not assessed,short,repeated,0,no,4,middle,no,no,no,
Kabalevsky T04,5,21,4.5,G3,55,ɑ,Bozeman tenor-mezzo midpoint,0.6,open,E4,-9.5,below primo,-7,-12,none,not assessed,short,repeated,0,no,4,middle,no,no,no,
Kabalevsky T04,5,22,1,G3,55,e,Bozeman tenor-mezzo midpoint,0.6,open,D4,-6.5,below primo,-7,-12,none,not assessed,short,repeated,0,no,4,middle,no,no,no,
Kabalevsky T04,5,22,1.5,G3,55,ɑ,Bozeman tenor-mezzo midpoint,0.6,open,E4,-9.5,below primo,-7,-12,none,not assessed,short,repeated,0,no,4,middle,no,no,no,
Kabalevsky T04,5,22,2,G3,55,ʌ,derived from Bozeman tenor-mezzo,0.6,open,E4,-9.5,below primo,-7,-12,none,not assessed,short,repeated,0,no,4,middle,no,no,no,
Kabalevsky T04,5,22,2.5,A#3,58,u,Bozeman tenor-mezzo midpoint,0.6,close,G3,3.5,below primo,-4,-9,none,not assessed,short,leap-up,3,no,4,middle,yes,no,no,highest of phrase
Kabalevsky T04,5,22,3,G3,55,o,Bozeman tenor-mezzo midpoint,2.4,open,C#4,-5.5,below primo,-7,-12,none,not assessed,short,leap-down,-3,no,4,last,no,no,no,
Kabalevsky T04,5,23,1.5,G3,55,i,Bozeman tenor-mezzo midpoint,0.6,close,E3,2.5,below primo,-7,-12,none,not assessed,short,repeated,0,yes,5,first,no,no,no,
Kabalevsky T04,5,23,2,G3,55,u,Bozeman tenor-mezzo midpoint,0.6,close,G3,0.5,below primo,-7,-12,none,not assessed,short,repeated,0,no,5,middle,no,no,no,turning pitch 0 to 2 st below
Kabalevsky T04,5,23,2.5,G3,55,ɑ,Bozeman tenor-mezzo midpoint,0.6,open,E4,-9.5,below primo,-7,-12,none,not assessed,short,repeated,0,no,5,middle,no,no,no,
Kabalevsky T04,5,23,3,G#3,56,ɑ,Bozeman tenor-mezzo midpoint,1.2,open,E4,-8.5,below primo,-6,-11,none,not assessed,short,step,1,no,5,middle,no,no,no,
Kabalevsky T04,5,23,4,G3,55,u,Bozeman tenor-mezzo midpoint,1.2,close,G3,0.5,below primo,-7,-12,none,not assessed,short,step,-1,no,5,middle,no,no,no,turning pitch 0 to 2 st below
Kabalevsky T04,5,24,1,B3,59,o,Bozeman tenor-mezzo midpoint,0.6,open,C#4,-1.5,below primo,-3,-8,none,not assessed,short,leap-up,4,no,5,middle,no,no,no,
Kabalevsky T04,5,24,1.5,G3,55,ɑ,Bozeman tenor-mezzo midpoint,0.6,open,E4,-9.5,below primo,-7,-12,none,not assessed,short,leap-down,-4,no,5,middle,no,no,no,
Kabalevsky T04,5,24,2,G3,55,e,Bozeman tenor-mezzo midpoint,0.6,open,D4,-6.5,below primo,-7,-12,none,not assessed,short,repeated,0,no,5,middle,no,no,no,
Kabalevsky T04,5,24,2.5,G3,55,ɪ,derived from Bozeman tenor-mezzo,0.6,open,D4,-7.04,below primo,-7,-12,3,not assessed,short,repeated,0,no,5,middle,no,no,no,
Kabalevsky T04,5,24,3,D#4,63,ɑ,Bozeman tenor-mezzo midpoint,1.2,open,E4,-1.5,inside,1,-4,none,not assessed,short,leap-up,8,no,5,middle,yes,no,no,highest of phrase
Kabalevsky T04,5,24,4,C4,60,ʌ,derived from Bozeman tenor-mezzo,0.6,open,E4,-4.5,below primo,-2,-7,none,not assessed,short,leap-down,-3,no,5,last,no,no,no,
Kabalevsky T04,5,24,4.5,C4,60,i,Bozeman tenor-mezzo midpoint,0.6,close,E3,7.5,below primo,-2,-7,none,not assessed,short,repeated,0,no,6,first,no,no,no,
Kabalevsky T04,5,25,1,C4,60,o,Bozeman tenor-mezzo midpoint,1.8,open,C#4,-0.5,below primo,-2,-7,none,not assessed,short,repeated,0,no,6,middle,no,no,no,
Kabalevsky T04,5,25,2.5,D4,62,ɑ,Bozeman tenor-mezzo midpoint,0.6,open,E4,-2.5,inside,0,-5,none,not assessed,short,step,2,no,6,middle,no,no,no,
Kabalevsky T04,5,25,3,D#4,63,u,Bozeman tenor-mezzo midpoint,0.6,close,G3,8.5,inside,1,-4,none,not assessed,short,step,1,no,6,middle,no,no,no,
Kabalevsky T04,5,25,3.5,C4,60,ɑ,Bozeman tenor-mezzo midpoint,0.6,open,E4,-4.5,below primo,-2,-7,none,not assessed,short,leap-down,-3,no,6,middle,no,no,no,
Kabalevsky T04,5,25,4,C4,60,ɑ,Bozeman tenor-mezzo midpoint,0.6,open,E4,-4.5,below primo,-2,-7,none,not assessed,short,repeated,0,no,6,middle,no,no,no,
Kabalevsky T04,5,25,4.5,C4,60,o,Bozeman tenor-mezzo midpoint,0.6,open,C#4,-0.5,below primo,-2,-7,none,not assessed,short,repeated,0,no,6,middle,no,no,no,
Kabalevsky T04,5,26,1,F4,65,ʌ,derived from Bozeman tenor-mezzo,1.8,close,E4,0.5,inside,3,-2,none,not assessed,short,leap-up,5,no,6,middle,no,no,no,turning pitch 0 to 2 st below
Kabalevsky T04,5,26,2.5,D4,62,ɨ,derived from Bozeman tenor-mezzo,0.6,close,A#3,4.11,inside,0,-5,none,not assessed,short,leap-down,-3,no,6,middle,no,no,no,
Kabalevsky T04,5,26,3,D#4,63,o,Bozeman tenor-mezzo midpoint,1.8,close,C#4,2.5,inside,1,-4,none,not assessed,short,step,1,no,6,middle,no,no,no,
Kabalevsky T04,5,26,4.5,C4,60,ɑ,Bozeman tenor-mezzo midpoint,0.6,open,E4,-4.5,below primo,-2,-7,none,not assessed,short,leap-down,-3,no,6,middle,no,no,no,
Kabalevsky T04,5,27,1,B3,59,ʌ,derived from Bozeman tenor-mezzo,0.6,open,E4,-5.5,below primo,-3,-8,none,not assessed,short,step,-1,no,6,middle,no,no,no,
Kabalevsky T04,5,27,1.5,G3,55,ɑ,Bozeman tenor-mezzo midpoint,0.6,open,E4,-9.5,below primo,-7,-12,none,not assessed,short,leap-down,-4,no,6,middle,no,no,no,
Kabalevsky T04,5,27,2,B3,59,o,Bozeman tenor-mezzo midpoint,0.6,open,C#4,-1.5,below primo,-3,-8,none,not assessed,short,leap-up,4,no,6,middle,no,no,no,
Kabalevsky T04,5,27,2.5,D4,62,ɑ,Bozeman tenor-mezzo midpoint,0.6,open,E4,-2.5,inside,0,-5,none,not assessed,short,leap-up,3,no,6,middle,no,no,no,
Kabalevsky T04,5,27,3,C4,60,i,Bozeman tenor-mezzo midpoint,0.6,close,E3,7.5,below primo,-2,-7,none,not assessed,short,step,-2,no,6,middle,no,no,no,
Kabalevsky T04,5,27,3.5,D4,62,u,Bozeman tenor-mezzo midpoint,0.6,close,G3,7.5,inside,0,-5,none,not assessed,short,step,2,no,6,middle,no,no,no,
Kabalevsky T04,5,27,4,D#4,63,ɛ,Bozeman tenor-mezzo midpoint,0.6,close,D#4,0.5,inside,1,-4,none,not assessed,short,step,1,no,6,middle,no,no,no,turning pitch 0 to 2 st below
Kabalevsky T04,5,27,4.5,F4,65,ɑ,Bozeman tenor-mezzo midpoint,0.6,close,E4,0.5,inside,3,-2,none,not assessed,short,step,2,no,6,middle,no,no,no,turning pitch 0 to 2 st below
Kabalevsky T04,5,28,1,G4,67,ɑ,Bozeman tenor-mezzo midpoint,3.6,close,E4,2.5,inside,5,0,none,not assessed,held,step,2,no,6,middle,yes,yes,yes,held; highest of phrase
Kabalevsky T04,5,28,4,E4,64,ɨ,derived from Bozeman tenor-mezzo,1.2,close,A#3,6.11,inside,2,-3,none,not assessed,short,leap-down,-3,no,6,last,no,no,no,
Kabalevsky T04,5,33,4.5,C4,60,o,Bozeman tenor-mezzo midpoint,0.6,open,C#4,-0.5,below primo,-2,-7,none,not assessed,short,leap-down,-4,yes,7,first,no,no,no,
Kabalevsky T04,5,34,1,F4,65,o,Bozeman tenor-mezzo midpoint,0.9,close,C#4,4.5,inside,3,-2,none,not assessed,short,leap-up,5,no,7,middle,no,no,no,
Kabalevsky T04,5,34,1.75,C4,60,ʌ,derived from Bozeman tenor-mezzo,0.3,open,E4,-4.5,below primo,-2,-7,none,not assessed,short,leap-down,-5,no,7,middle,no,no,no,
Kabalevsky T04,5,34,2,C4,60,ɪ,derived from Bozeman tenor-mezzo,0.6,open,D4,-2.04,below primo,-2,-7,none,not assessed,short,repeated,0,no,7,middle,no,no,no,
Kabalevsky T04,5,34,2.5,F4,65,ɑ,Bozeman tenor-mezzo midpoint,0.6,close,E4,0.5,inside,3,-2,none,not assessed,short,leap-up,5,no,7,middle,no,no,no,turning pitch 0 to 2 st below
Kabalevsky T04,5,34,3,E4,64,ʌ,derived from Bozeman tenor-mezzo,0.6,open,E4,-0.5,inside,2,-3,none,not assessed,short,step,-1,no,7,middle,no,no,no,
Kabalevsky T04,5,34,3.5,F4,65,ɑ,Bozeman tenor-mezzo midpoint,0.6,close,E4,0.5,inside,3,-2,none,not assessed,short,step,1,no,7,middle,no,no,no,turning pitch 0 to 2 st below
Kabalevsky T04,5,34,4,G4,67,u,Bozeman tenor-mezzo midpoint,0.6,crossing,G3,12.5,inside,5,0,none,not assessed,short,step,2,no,7,middle,no,yes,yes,crossing
Kabalevsky T04,5,34,4.5,E4,64,i,Bozeman tenor-mezzo midpoint,0.6,crossing,E3,11.5,inside,2,-3,none,not assessed,short,leap-down,-3,no,7,middle,no,no,no,crossing
Kabalevsky T04,5,35,1,D4,62,ɛ,Bozeman tenor-mezzo midpoint,1.8,open,D#4,-0.5,inside,0,-5,none,not assessed,short,step,-2,no,7,middle,no,no,no,
Kabalevsky T04,5,35,2.5,D4,62,i,Bozeman tenor-mezzo midpoint,0.6,close,E3,9.5,inside,0,-5,none,not assessed,short,repeated,0,no,7,middle,no,no,no,
Kabalevsky T04,5,36,1,A4,69,o,Bozeman tenor-mezzo midpoint,2.4,close,C#4,8.5,above secondo,7,2,none,not assessed,short,leap-up,7,no,7,middle,yes,no,no,highest of phrase
Kabalevsky T04,5,36,3,G4,67,o,Bozeman tenor-mezzo midpoint,0.6,close,C#4,6.5,inside,5,0,none,not assessed,short,step,-2,no,7,middle,no,yes,no,
Kabalevsky T04,5,36,3.5,F4,65,ɑ,Bozeman tenor-mezzo midpoint,0.6,close,E4,0.5,inside,3,-2,none,not assessed,short,step,-2,no,7,middle,no,no,no,turning pitch 0 to 2 st below
Kabalevsky T04,5,36,4,E4,64,o,Bozeman tenor-mezzo midpoint,0.6,close,C#4,3.5,inside,2,-3,none,not assessed,short,step,-1,no,7,middle,no,no,no,
Kabalevsky T04,5,36,4.5,D4,62,ɑ,Bozeman tenor-mezzo midpoint,0.6,open,E4,-2.5,inside,0,-5,none,not assessed,short,step,-2,no,7,middle,no,no,no,
Kabalevsky T04,5,37,1,C4,60,i,Bozeman tenor-mezzo midpoint,1.8,close,E3,7.5,below primo,-2,-7,none,not assessed,short,step,-2,no,7,middle,no,no,no,
Kabalevsky T04,5,37,2.5,D4,62,ɑ,Bozeman tenor-mezzo midpoint,0.6,open,E4,-2.5,inside,0,-5,none,not assessed,short,step,2,no,7,middle,no,no,no,
Kabalevsky T04,5,37,3,C4,60,e,Bozeman tenor-mezzo midpoint,1.2,open,D4,-1.5,below primo,-2,-7,none,not assessed,short,step,-2,no,7,middle,no,no,no,
Kabalevsky T04,5,37,4,G4,67,u,Bozeman tenor-mezzo midpoint,1.2,crossing,G3,12.5,inside,5,0,none,not assessed,short,leap-up,7,no,7,middle,no,yes,yes,crossing
Kabalevsky T04,5,38,1,F4,65,ɛ,Bozeman tenor-mezzo midpoint,4.8,close,D#4,2.5,inside,3,-2,none,not assessed,held,step,-2,no,7,middle,no,no,no,held
Kabalevsky T04,5,39,1,F4,65,ɛ,Bozeman tenor-mezzo midpoint,2.4,close,D#4,2.5,inside,3,-2,none,not assessed,held,tie,0,no,7,middle,no,no,no,held
Kabalevsky T04,5,39,3,F4,65,ɛ,Bozeman tenor-mezzo midpoint,1.2,close,D#4,2.5,inside,3,-2,none,not assessed,held,tie,0,no,7,last,no,no,no,held
Kabalevsky T05,4,9,1,D#4,63,o,Bozeman tenor-mezzo midpoint,0.625,close,C#4,2.5,inside,1,-4,none,not assessed,short,first note,,,0,first,yes,no,no,highest of phrase
Kabalevsky T05,4,9,2,C#4,61,u,Bozeman tenor-mezzo midpoint,0.313,close,G3,6.5,below primo,-1,-6,none,not assessed,short,step,-2,no,0,middle,no,no,no,
Kabalevsky T05,4,9,2.5,B3,59,i,Bozeman tenor-mezzo midpoint,0.313,close,E3,6.5,below primo,-3,-8,none,not assessed,short,step,-2,no,0,middle,no,no,no,
Kabalevsky T05,4,10,1,A#3,58,o,Bozeman tenor-mezzo midpoint,0.938,open,C#4,-2.5,below primo,-4,-9,none,not assessed,short,step,-1,no,0,middle,no,no,no,
Kabalevsky T05,4,10,2.5,G#3,56,ɪ,derived from Bozeman tenor-mezzo,0.313,open,D4,-6.04,below primo,-6,-11,none,not assessed,short,step,-2,no,0,middle,no,no,no,
Kabalevsky T05,4,11,1,G3,55,ɑ,Bozeman tenor-mezzo midpoint,0.313,open,E4,-9.5,below primo,-7,-12,none,not assessed,short,step,-1,no,0,middle,no,no,no,
Kabalevsky T05,4,11,1.5,D#3,51,i,Bozeman tenor-mezzo midpoint,0.313,open,E3,-1.5,below primo,-11,-16,none,not assessed,short,leap-down,-4,no,0,middle,no,no,no,
Kabalevsky T05,4,11,2,B3,59,ɨ,derived from Bozeman tenor-mezzo,0.313,close,A#3,1.11,below primo,-3,-8,none,not assessed,short,leap-up,8,no,0,middle,no,no,no,turning pitch 0 to 2 st below
Kabalevsky T05,4,11,2.5,A#3,58,ɪ,derived from Bozeman tenor-mezzo,0.313,open,D4,-4.04,below primo,-4,-9,none,not assessed,short,step,-1,no,0,middle,no,no,no,
Kabalevsky T05,4,12,1,G#3,56,o,Bozeman tenor-mezzo midpoint,1.25,open,C#4,-4.5,below primo,-6,-11,none,not assessed,short,step,-2,no,0,middle,no,no,no,
Kabalevsky T05,4,13,1,G#3,56,o,Bozeman tenor-mezzo midpoint,0.313,open,C#4,-4.5,below primo,-6,-11,none,not assessed,short,tie,0,no,0,middle,no,no,no,
Kabalevsky T05,4,13,1.5,G#3,56,ɑ,Bozeman tenor-mezzo midpoint,0.313,open,E4,-8.5,below primo,-6,-11,none,not assessed,short,repeated,0,no,0,middle,no,no,no,
Kabalevsky T05,4,13,2,A#3,58,i,Bozeman tenor-mezzo midpoint,0.313,close,E3,5.5,below primo,-4,-9,none,not assessed,short,step,2,no,0,middle,no,no,no,
Kabalevsky T05,4,13,2.5,B3,59,ɑ,Bozeman tenor-mezzo midpoint,0.313,open,E4,-5.5,below primo,-3,-8,none,not assessed,short,step,1,no,0,middle,no,no,no,
Kabalevsky T05,4,14,1,C#4,61,u,Bozeman tenor-mezzo midpoint,0.313,close,G3,6.5,below primo,-1,-6,none,not assessed,short,step,2,no,0,middle,no,no,no,
Kabalevsky T05,4,14,1.5,C#4,61,ɑ,Bozeman tenor-mezzo midpoint,0.313,open,E4,-3.5,below primo,-1,-6,none,not assessed,short,repeated,0,no,0,middle,no,no,no,
Kabalevsky T05,4,14,2,C#4,61,ɑ,Bozeman tenor-mezzo midpoint,0.625,open,E4,-3.5,below primo,-1,-6,none,not assessed,short,repeated,0,no,0,middle,no,no,no,
Kabalevsky T05,4,15,1,C#4,61,ɑ,Bozeman tenor-mezzo midpoint,0.313,open,E4,-3.5,below primo,-1,-6,none,not assessed,short,tie,0,no,0,middle,no,no,no,
Kabalevsky T05,4,15,1.5,A#3,58,u,Bozeman tenor-mezzo midpoint,0.313,close,G3,3.5,below primo,-4,-9,none,not assessed,short,leap-down,-3,no,0,middle,no,no,no,
Kabalevsky T05,4,15,2,B3,59,u,Bozeman tenor-mezzo midpoint,0.313,close,G3,4.5,below primo,-3,-8,none,not assessed,short,step,1,no,0,middle,no,no,no,
Kabalevsky T05,4,15,2.5,C#4,61,i,Bozeman tenor-mezzo midpoint,0.313,close,E3,8.5,below primo,-1,-6,none,not assessed,short,step,2,no,0,middle,no,no,no,
Kabalevsky T05,4,16,1,D#4,63,o,Bozeman tenor-mezzo midpoint,0.625,close,C#4,2.5,inside,1,-4,none,not assessed,short,step,2,no,0,middle,yes,no,no,highest of phrase
Kabalevsky T05,4,16,2,D#4,63,ɑ,Bozeman tenor-mezzo midpoint,0.313,open,E4,-1.5,inside,1,-4,none,not assessed,short,repeated,0,no,0,last,yes,no,no,highest of phrase
Kabalevsky T05,4,16,2.5,D#4,63,ɪ,derived from Bozeman tenor-mezzo,0.313,close,D4,0.96,inside,1,-4,none,not assessed,short,repeated,0,no,1,first,no,no,no,turning pitch 0 to 2 st below
Kabalevsky T05,4,17,1,C#4,61,ɑ,Bozeman tenor-mezzo midpoint,0.313,open,E4,-3.5,below primo,-1,-6,none,not assessed,short,step,-2,no,1,middle,no,no,no,
Kabalevsky T05,4,17,1.5,D#4,63,ɑ,Bozeman tenor-mezzo midpoint,0.313,open,E4,-1.5,inside,1,-4,none,not assessed,short,step,2,no,1,middle,no,no,no,
Kabalevsky T05,4,17,2,E4,64,a,derived from Bozeman tenor-mezzo,0.313,open,G4,-2.92,inside,2,-3,none,not assessed,short,step,1,no,1,middle,yes,no,no,highest of phrase
Kabalevsky T05,4,17,2.5,C#4,61,i,Bozeman tenor-mezzo midpoint,0.313,close,E3,8.5,below primo,-1,-6,none,not assessed,short,leap-down,-3,no,1,middle,no,no,no,
Kabalevsky T05,4,18,1,D#4,63,ɑ,Bozeman tenor-mezzo midpoint,0.313,open,E4,-1.5,inside,1,-4,none,not assessed,short,step,2,no,1,middle,no,no,no,
Kabalevsky T05,4,18,1.5,G#3,56,ɪ,derived from Bozeman tenor-mezzo,0.313,open,D4,-6.04,below primo,-6,-11,none,not assessed,short,leap-down,-7,no,1,middle,no,no,no,
Kabalevsky T05,4,18,2,A#3,58,ʌ,derived from Bozeman tenor-mezzo,0.313,open,E4,-6.5,below primo,-4,-9,none,not assessed,short,step,2,no,1,middle,no,no,no,
Kabalevsky T05,4,18,2.5,B3,59,ɪ,derived from Bozeman tenor-mezzo,0.313,open,D4,-3.04,below primo,-3,-8,none,not assessed,short,step,1,no,1,middle,no,no,no,
Kabalevsky T05,4,19,1,C#4,61,o,Bozeman tenor-mezzo midpoint,1.25,close,C#4,0.5,below primo,-1,-6,none,not assessed,short,step,2,no,1,middle,no,no,no,turning pitch 0 to 2 st below
Kabalevsky T05,4,20,1,C#4,61,o,Bozeman tenor-mezzo midpoint,0.313,close,C#4,0.5,below primo,-1,-6,none,not assessed,short,tie,0,no,1,middle,no,no,no,turning pitch 0 to 2 st below
Kabalevsky T05,4,20,1.5,A#3,58,i,Bozeman tenor-mezzo midpoint,0.313,close,E3,5.5,below primo,-4,-9,none,not assessed,short,leap-down,-3,no,1,middle,no,no,no,
Kabalevsky T05,4,20,2,B3,59,ʌ,derived from Bozeman tenor-mezzo,0.313,open,E4,-5.5,below primo,-3,-8,none,not assessed,short,step,1,no,1,middle,no,no,no,
Kabalevsky T05,4,20,2.5,C#4,61,u,Bozeman tenor-mezzo midpoint,0.313,close,G3,6.5,below primo,-1,-6,none,not assessed,short,step,2,no,1,middle,no,no,no,
Kabalevsky T05,4,21,1,B3,59,i,Bozeman tenor-mezzo midpoint,0.313,close,E3,6.5,below primo,-3,-8,none,not assessed,short,step,-2,no,1,middle,no,no,no,
Kabalevsky T05,4,21,1.5,A#3,58,ɑ,Bozeman tenor-mezzo midpoint,0.313,open,E4,-6.5,below primo,-4,-9,none,not assessed,short,step,-1,no,1,middle,no,no,no,
Kabalevsky T05,4,21,2,B3,59,u,Bozeman tenor-mezzo midpoint,0.313,close,G3,4.5,below primo,-3,-8,none,not assessed,short,step,1,no,1,middle,no,no,no,
Kabalevsky T05,4,21,2.5,G#3,56,i,Bozeman tenor-mezzo midpoint,0.313,close,E3,3.5,below primo,-6,-11,none,not assessed,short,leap-down,-3,no,1,middle,no,no,no,
Kabalevsky T05,4,22,1,G3,55,o,Bozeman tenor-mezzo midpoint,0.313,open,C#4,-5.5,below primo,-7,-12,none,not assessed,short,step,-1,no,1,middle,no,no,no,
Kabalevsky T05,4,22,1.5,D#3,51,o,Bozeman tenor-mezzo midpoint,0.313,open,C#4,-9.5,below primo,-11,-16,none,not assessed,short,leap-down,-4,no,1,middle,no,no,no,
Kabalevsky T05,4,22,2,B3,59,o,Bozeman tenor-mezzo midpoint,0.313,open,C#4,-1.5,below primo,-3,-8,none,not assessed,short,leap-up,8,no,1,middle,no,no,no,
Kabalevsky T05,4,22,2.5,A#3,58,u,Bozeman tenor-mezzo midpoint,0.313,close,G3,3.5,below primo,-4,-9,none,not assessed,short,step,-1,no,1,middle,no,no,no,
Kabalevsky T05,4,23,1,G#3,56,o,Bozeman tenor-mezzo midpoint,0.938,open,C#4,-4.5,below primo,-6,-11,none,not assessed,short,step,-2,no,1,middle,no,no,no,
Kabalevsky T05,4,23,2.5,G#3,56,ɨ,derived from Bozeman tenor-mezzo,0.313,open,A#3,-1.89,below primo,-6,-11,none,not assessed,short,repeated,0,no,1,last,no,no,no,
Kabalevsky T05,4,28,2.5,G#3,56,ɑ,Bozeman tenor-mezzo midpoint,0.313,open,E4,-8.5,below primo,-6,-11,none,not assessed,short,repeated,0,yes,2,first,no,no,no,
Kabalevsky T05,4,29,1,A#3,58,o,Bozeman tenor-mezzo midpoint,0.938,open,C#4,-2.5,below primo,-4,-9,none,not assessed,short,step,2,no,2,middle,no,no,no,
Kabalevsky T05,4,29,2.5,G#3,56,ɑ,Bozeman tenor-mezzo midpoint,0.313,open,E4,-8.5,below primo,-6,-11,none,not assessed,short,step,-2,no,2,middle,no,no,no,
Kabalevsky T05,4,30,1,B3,59,ɑ,Bozeman tenor-mezzo midpoint,1.25,open,E4,-5.5,below primo,-3,-8,none,not assessed,short,leap-up,3,no,2,middle,no,no,no,
Kabalevsky T05,4,31,1,B3,59,ɑ,Bozeman tenor-mezzo midpoint,0.313,open,E4,-5.5,below primo,-3,-8,none,not assessed,short,tie,0,no,2,middle,no,no,no,
Kabalevsky T05,4,31,1.5,G#3,56,ɑ,Bozeman tenor-mezzo midpoint,0.313,open,E4,-8.5,below primo,-6,-11,none,not assessed,short,leap-down,-3,no,2,middle,no,no,no,
Kabalevsky T05,4,31,2,A#3,58,u,Bozeman tenor-mezzo midpoint,0.313,close,G3,3.5,below primo,-4,-9,none,not assessed,short,step,2,no,2,middle,no,no,no,
Kabalevsky T05,4,31,2.5,B3,59,i,Bozeman tenor-mezzo midpoint,0.313,close,E3,6.5,below primo,-3,-8,none,not assessed,short,step,1,no,2,middle,no,no,no,
Kabalevsky T05,4,32,1,C4,60,ɛ,Bozeman tenor-mezzo midpoint,0.938,open,D#4,-2.5,below primo,-2,-7,none,not assessed,short,step,1,no,2,middle,no,no,no,
Kabalevsky T05,4,32,2.5,D#4,63,ɑ,Bozeman tenor-mezzo midpoint,0.313,open,E4,-1.5,inside,1,-4,none,not assessed,short,leap-up,3,no,2,middle,no,no,no,
Kabalevsky T05,4,33,1,D#4,63,ɑ,Bozeman tenor-mezzo midpoint,0.938,open,E4,-1.5,inside,1,-4,none,not assessed,short,repeated,0,no,2,middle,no,no,no,
Kabalevsky T05,4,33,2.5,G#3,56,ɑ,Bozeman tenor-mezzo midpoint,0.313,open,E4,-8.5,below primo,-6,-11,none,not assessed,short,leap-down,-7,no,2,middle,no,no,no,
Kabalevsky T05,4,34,1,E4,64,ɛ,Bozeman tenor-mezzo midpoint,0.625,close,D#4,1.5,inside,2,-3,none,not assessed,short,leap-up,8,no,2,middle,yes,no,no,highest of phrase; turning pitch 0 to 2 st below
Kabalevsky T05,4,34,2,C#4,61,ɑ,Bozeman tenor-mezzo midpoint,0.625,open,E4,-3.5,below primo,-1,-6,none,not assessed,short,leap-down,-3,no,2,last,no,no,no,
Kabalevsky T05,4,35,2,D#4,63,ɑ,Bozeman tenor-mezzo midpoint,0.313,open,E4,-1.5,inside,1,-4,none,not assessed,short,step,2,yes,3,first,no,no,no,
Kabalevsky T05,4,35,2.5,C#4,61,u,Bozeman tenor-mezzo midpoint,0.313,close,G3,6.5,below primo,-1,-6,none,not assessed,short,step,-2,no,3,middle,no,no,no,
Kabalevsky T05,4,36,1,E4,64,i,Bozeman tenor-mezzo midpoint,0.938,crossing,E3,11.5,inside,2,-3,none,not assessed,short,leap-up,3,no,3,middle,yes,no,no,highest of phrase; crossing
Kabalevsky T05,4,36,2.5,C#4,61,ɑ,Bozeman tenor-mezzo midpoint,0.313,open,E4,-3.5,below primo,-1,-6,none,not assessed,short,leap-down,-3,no,3,last,no,no,no,
Kabalevsky T05,4,37,2,D#4,63,ʌ,derived from Bozeman tenor-mezzo,0.313,open,E4,-1.5,inside,1,-4,none,not assessed,short,step,2,yes,4,first,no,no,no,
Kabalevsky T05,4,37,2.5,C#4,61,i,Bozeman tenor-mezzo midpoint,0.313,close,E3,8.5,below primo,-1,-6,none,not assessed,short,step,-2,no,4,middle,no,no,no,
Kabalevsky T05,4,38,1,F4,65,ɛ,Bozeman tenor-mezzo midpoint,1.25,close,D#4,2.5,inside,3,-2,none,not assessed,short,leap-up,4,no,4,middle,yes,no,no,highest of phrase
Kabalevsky T05,4,39,1,C#4,61,ɑ,Bozeman tenor-mezzo midpoint,0.938,open,E4,-3.5,below primo,-1,-6,none,not assessed,short,leap-down,-4,no,4,last,no,no,no,
Kabalevsky T05,4,39,2.5,C#4,61,i,Bozeman tenor-mezzo midpoint,0.313,close,E3,8.5,below primo,-1,-6,none,not assessed,short,repeated,0,no,5,first,no,no,no,
Kabalevsky T05,4,40,1,F#4,66,o,Bozeman tenor-mezzo midpoint,1.25,close,C#4,5.5,inside,4,-1,none,not assessed,short,leap-up,5,no,5,middle,yes,yes,yes,highest of phrase
Kabalevsky T05,4,41,1,F#4,66,o,Bozeman tenor-mezzo midpoint,0.625,close,C#4,5.5,inside,4,-1,none,not assessed,short,tie,0,no,5,middle,yes,yes,yes,highest of phrase
Kabalevsky T05,4,41,2,C#4,61,ɑ,Bozeman tenor-mezzo midpoint,0.625,open,E4,-3.5,below primo,-1,-6,none,not assessed,short,leap-down,-5,no,5,middle,no,no,no,
Kabalevsky T05,4,42,1,E4,64,ɨ,derived from Bozeman tenor-mezzo,0.938,close,A#3,6.11,inside,2,-3,none,not assessed,short,leap-up,3,no,5,middle,no,no,no,
Kabalevsky T05,4,42,2.5,D#4,63,ɪ,derived from Bozeman tenor-mezzo,0.313,close,D4,0.96,inside,1,-4,none,not assessed,short,step,-1,no,5,middle,no,no,no,turning pitch 0 to 2 st below
Kabalevsky T05,4,43,1,C#4,61,o,Bozeman tenor-mezzo midpoint,0.313,close,C#4,0.5,below primo,-1,-6,none,not assessed,short,step,-2,no,5,middle,no,no,no,turning pitch 0 to 2 st below
Kabalevsky T05,4,43,1.5,C4,60,ɑ,Bozeman tenor-mezzo midpoint,0.313,open,E4,-4.5,below primo,-2,-7,none,not assessed,short,step,-1,no,5,middle,no,no,no,
Kabalevsky T05,4,43,2,C#4,61,none resolved,not assessed,0.313,not assessed,not assessed,not assessed,below primo,-1,-6,not assessed,not assessed,short,step,1,no,5,middle,no,no,no,
Kabalevsky T05,4,43,2.5,D#4,63,u,Bozeman tenor-mezzo midpoint,0.313,close,G3,8.5,inside,1,-4,none,not assessed,short,step,2,no,5,middle,no,no,no,
Kabalevsky T05,4,44,1,C4,60,ɑ,Bozeman tenor-mezzo midpoint,1.25,open,E4,-4.5,below primo,-2,-7,none,not assessed,short,leap-down,-3,no,5,middle,no,no,no,
Kabalevsky T05,4,45,1,C4,60,ɑ,Bozeman tenor-mezzo midpoint,0.313,open,E4,-4.5,below primo,-2,-7,none,not assessed,short,tie,0,no,5,middle,no,no,no,
Kabalevsky T05,4,45,1.5,G#3,56,i,Bozeman tenor-mezzo midpoint,0.313,close,E3,3.5,below primo,-6,-11,none,not assessed,short,leap-down,-4,no,5,middle,no,no,no,
Kabalevsky T05,4,45,2,C4,60,i,Bozeman tenor-mezzo midpoint,0.313,close,E3,7.5,below primo,-2,-7,none,not assessed,short,leap-up,4,no,5,middle,no,no,no,
Kabalevsky T05,4,45,2.5,D#4,63,ɑ,Bozeman tenor-mezzo midpoint,0.313,open,E4,-1.5,inside,1,-4,none,not assessed,short,leap-up,3,no,5,middle,no,no,no,
Kabalevsky T05,4,46,1,E4,64,o,Bozeman tenor-mezzo midpoint,0.938,close,C#4,3.5,inside,2,-3,none,not assessed,short,step,1,no,5,middle,no,no,no,
Kabalevsky T05,4,46,2.5,D#4,63,u,Bozeman tenor-mezzo midpoint,0.313,close,G3,8.5,inside,1,-4,none,not assessed,short,step,-1,no,5,middle,no,no,no,
Kabalevsky T05,4,47,1,C#4,61,ɛ,Bozeman tenor-mezzo midpoint,0.313,open,D#4,-1.5,below primo,-1,-6,none,not assessed,short,step,-2,no,5,middle,no,no,no,
Kabalevsky T05,4,47,1.5,D#4,63,ʌ,derived from Bozeman tenor-mezzo,0.313,open,E4,-1.5,inside,1,-4,none,not assessed,short,step,2,no,5,middle,no,no,no,
Kabalevsky T05,4,47,2,E4,64,ʌ,derived from Bozeman tenor-mezzo,0.313,open,E4,-0.5,inside,2,-3,none,not assessed,short,step,1,no,5,middle,no,no,no,
Kabalevsky T05,4,47,2.5,C#4,61,ɪ,derived from Bozeman tenor-mezzo,0.313,open,D4,-1.04,below primo,-1,-6,none,not assessed,short,leap-down,-3,no,5,middle,no,no,no,
Kabalevsky T05,4,48,1,D#4,63,ɛ,Bozeman tenor-mezzo midpoint,1.25,close,D#4,0.5,inside,1,-4,none,not assessed,short,step,2,no,5,middle,no,no,no,turning pitch 0 to 2 st below
Kabalevsky T05,4,49,1,D#4,63,ʌ,derived from Bozeman tenor-mezzo,0.625,open,E4,-1.5,inside,1,-4,none,not assessed,short,repeated,0,no,5,last,no,no,no,
Kabalevsky T05,4,57,1.5,D#4,63,ɑ,Bozeman tenor-mezzo midpoint,0.313,open,E4,-1.5,inside,1,-4,none,not assessed,short,repeated,0,yes,6,first,yes,no,no,highest of phrase
Kabalevsky T05,4,57,2,C#4,61,ɛ,Bozeman tenor-mezzo midpoint,0.313,open,D#4,-1.5,below primo,-1,-6,none,not assessed,short,step,-2,no,6,middle,no,no,no,
Kabalevsky T05,4,57,2.5,B3,59,u,Bozeman tenor-mezzo midpoint,0.313,close,G3,4.5,below primo,-3,-8,none,not assessed,short,step,-2,no,6,middle,no,no,no,
Kabalevsky T05,4,58,1,A#3,58,ɛ,Bozeman tenor-mezzo midpoint,0.938,open,D#4,-4.5,below primo,-4,-9,none,not assessed,short,step,-1,no,6,middle,no,no,no,
Kabalevsky T05,4,58,2.5,G#3,56,u,Bozeman tenor-mezzo midpoint,0.313,close,G3,1.5,below primo,-6,-11,none,not assessed,short,step,-2,no,6,middle,no,no,no,turning pitch 0 to 2 st below
Kabalevsky T05,4,59,1,G3,55,i,Bozeman tenor-mezzo midpoint,0.313,close,E3,2.5,below primo,-7,-12,none,not assessed,short,step,-1,no,6,middle,no,no,no,
Kabalevsky T05,4,59,1.5,D#3,51,u,Bozeman tenor-mezzo midpoint,0.313,open,G3,-3.5,below primo,-11,-16,none,not assessed,short,leap-down,-4,no,6,middle,no,no,no,
Kabalevsky T05,4,59,2,B3,59,ɑ,Bozeman tenor-mezzo midpoint,0.313,open,E4,-5.5,below primo,-3,-8,none,not assessed,short,leap-up,8,no,6,middle,no,no,no,
Kabalevsky T05,4,59,2.5,A#3,58,ɨ,derived from Bozeman tenor-mezzo,0.313,close,A#3,0.11,below primo,-4,-9,none,not assessed,short,step,-1,no,6,middle,no,no,no,turning pitch 0 to 2 st below
Kabalevsky T05,4,60,1,G#3,56,o,Bozeman tenor-mezzo midpoint,1.25,open,C#4,-4.5,below primo,-6,-11,none,not assessed,short,step,-2,no,6,middle,no,no,no,
Kabalevsky T05,4,61,1,G#3,56,o,Bozeman tenor-mezzo midpoint,0.313,open,C#4,-4.5,below primo,-6,-11,none,not assessed,short,tie,0,no,6,middle,no,no,no,
Kabalevsky T05,4,61,1.5,G#3,56,ɑ,Bozeman tenor-mezzo midpoint,0.313,open,E4,-8.5,below primo,-6,-11,none,not assessed,short,repeated,0,no,6,middle,no,no,no,
Kabalevsky T05,4,61,2,A#3,58,ɨ,derived from Bozeman tenor-mezzo,0.313,close,A#3,0.11,below primo,-4,-9,none,not assessed,short,step,2,no,6,middle,no,no,no,turning pitch 0 to 2 st below
Kabalevsky T05,4,61,2.5,B3,59,ɑ,Bozeman tenor-mezzo midpoint,0.313,open,E4,-5.5,below primo,-3,-8,none,not assessed,short,step,1,no,6,middle,no,no,no,
Kabalevsky T05,4,62,1,C#4,61,o,Bozeman tenor-mezzo midpoint,0.938,close,C#4,0.5,below primo,-1,-6,none,not assessed,short,step,2,no,6,middle,no,no,no,turning pitch 0 to 2 st below
Kabalevsky T05,4,62,2.5,C#4,61,i,Bozeman tenor-mezzo midpoint,0.313,close,E3,8.5,below primo,-1,-6,none,not assessed,short,repeated,0,no,6,middle,no,no,no,
Kabalevsky T05,4,63,1,C#4,61,ɑ,Bozeman tenor-mezzo midpoint,0.313,open,E4,-3.5,below primo,-1,-6,none,not assessed,short,repeated,0,no,6,middle,no,no,no,
Kabalevsky T05,4,63,1.5,A#3,58,ɑ,Bozeman tenor-mezzo midpoint,0.313,open,E4,-6.5,below primo,-4,-9,none,not assessed,short,leap-down,-3,no,6,middle,no,no,no,
Kabalevsky T05,4,63,2,B3,59,e,Bozeman tenor-mezzo midpoint,0.313,open,D4,-2.5,below primo,-3,-8,none,not assessed,short,step,1,no,6,middle,no,no,no,
Kabalevsky T05,4,63,2.5,C#4,61,ɑ,Bozeman tenor-mezzo midpoint,0.313,open,E4,-3.5,below primo,-1,-6,none,not assessed,short,step,2,no,6,middle,no,no,no,
Kabalevsky T05,4,64,1,D#4,63,u,Bozeman tenor-mezzo midpoint,0.625,close,G3,8.5,inside,1,-4,none,not assessed,short,step,2,no,6,middle,yes,no,no,highest of phrase
Kabalevsky T05,4,64,2,D#4,63,i,Bozeman tenor-mezzo midpoint,0.313,close,E3,10.5,inside,1,-4,none,not assessed,short,repeated,0,no,6,last,yes,no,no,highest of phrase
Kabalevsky T05,4,64,2.5,D#4,63,i,Bozeman tenor-mezzo midpoint,0.313,close,E3,10.5,inside,1,-4,none,not assessed,short,repeated,0,no,7,first,no,no,no,
Kabalevsky T05,4,65,1,C#4,61,ɛ,Bozeman tenor-mezzo midpoint,0.313,open,D#4,-1.5,below primo,-1,-6,none,not assessed,short,step,-2,no,7,middle,no,no,no,
Kabalevsky T05,4,65,1.5,D#4,63,ɨ,derived from Bozeman tenor-mezzo,0.313,close,A#3,5.11,inside,1,-4,none,not assessed,short,step,2,no,7,middle,no,no,no,
Kabalevsky T05,4,65,2,E4,64,ɛ,Bozeman tenor-mezzo midpoint,0.313,close,D#4,1.5,inside,2,-3,none,not assessed,short,step,1,no,7,middle,no,no,no,turning pitch 0 to 2 st below
Kabalevsky T05,4,65,2.5,C#4,61,ɪ,derived from Bozeman tenor-mezzo,0.313,open,D4,-1.04,below primo,-1,-6,none,not assessed,short,leap-down,-3,no,7,middle,no,no,no,
Kabalevsky T05,4,66,1,D#4,63,o,Bozeman tenor-mezzo midpoint,0.313,close,C#4,2.5,inside,1,-4,none,not assessed,short,step,2,no,7,middle,no,no,no,
Kabalevsky T05,4,66,1.5,G#3,56,ɨ,derived from Bozeman tenor-mezzo,0.313,open,A#3,-1.89,below primo,-6,-11,none,not assessed,short,leap-down,-7,no,7,middle,no,no,no,
Kabalevsky T05,4,66,2,A#3,58,ʌ,derived from Bozeman tenor-mezzo,0.313,open,E4,-6.5,below primo,-4,-9,none,not assessed,short,step,2,no,7,middle,no,no,no,
Kabalevsky T05,4,66,2.5,B3,59,ɑ,Bozeman tenor-mezzo midpoint,0.313,open,E4,-5.5,below primo,-3,-8,none,not assessed,short,step,1,no,7,middle,no,no,no,
Kabalevsky T05,4,67,1,C#4,61,o,Bozeman tenor-mezzo midpoint,1.25,close,C#4,0.5,below primo,-1,-6,none,not assessed,held,step,2,no,7,middle,no,no,no,held; turning pitch 0 to 2 st below
Kabalevsky T05,4,68,1,C#4,61,o,Bozeman tenor-mezzo midpoint,1.25,close,C#4,0.5,below primo,-1,-6,none,not assessed,held,tie,0,no,7,middle,no,no,no,held; turning pitch 0 to 2 st below
Kabalevsky T05,4,69,1,G#4,68,o,Bozeman tenor-mezzo midpoint,1.25,close,C#4,7.5,above secondo,6,1,none,not assessed,short,leap-up,7,no,7,middle,yes,yes,yes,highest of phrase
Kabalevsky T05,4,70,1,G#4,68,o,Bozeman tenor-mezzo midpoint,0.625,close,C#4,7.5,above secondo,6,1,none,not assessed,short,tie,0,no,7,last,yes,yes,yes,highest of phrase
Kabalevsky T05,4,70,2,E4,64,ɑ,Bozeman tenor-mezzo midpoint,0.313,open,E4,-0.5,inside,2,-3,none,not assessed,short,leap-down,-4,no,8,first,yes,no,no,highest of phrase
Kabalevsky T05,4,70,2.5,C#4,61,ɛ,Bozeman tenor-mezzo midpoint,0.313,open,D#4,-1.5,below primo,-1,-6,none,not assessed,short,leap-down,-3,no,8,middle,no,no,no,
Kabalevsky T05,4,71,1,A#3,58,o,Bozeman tenor-mezzo midpoint,0.313,open,C#4,-2.5,below primo,-4,-9,none,not assessed,short,leap-down,-3,no,8,middle,no,no,no,
Kabalevsky T05,4,71,1.5,A#3,58,i,Bozeman tenor-mezzo midpoint,0.313,close,E3,5.5,below primo,-4,-9,none,not assessed,short,repeated,0,no,8,middle,no,no,no,
Kabalevsky T05,4,71,2,B3,59,ɑ,Bozeman tenor-mezzo midpoint,0.313,open,E4,-5.5,below primo,-3,-8,none,not assessed,short,step,1,no,8,middle,no,no,no,
Kabalevsky T05,4,71,2.5,C#4,61,ɑ,Bozeman tenor-mezzo midpoint,0.313,open,E4,-3.5,below primo,-1,-6,none,not assessed,short,step,2,no,8,middle,no,no,no,
Kabalevsky T05,4,72,1,D#4,63,ɑ,Bozeman tenor-mezzo midpoint,0.938,open,E4,-1.5,inside,1,-4,none,not assessed,short,step,2,no,8,middle,no,no,no,
Kabalevsky T05,4,72,2.5,E4,64,ɪ,derived from Bozeman tenor-mezzo,0.313,close,D4,1.96,inside,2,-3,none,not assessed,short,step,1,no,8,middle,yes,no,no,highest of phrase; turning pitch 0 to 2 st below
Kabalevsky T05,4,73,1,D#4,63,u,Bozeman tenor-mezzo midpoint,0.938,close,G3,8.5,inside,1,-4,none,not assessed,short,step,-1,no,8,middle,no,no,no,
Kabalevsky T05,4,73,2.5,D#4,63,i,Bozeman tenor-mezzo midpoint,0.313,close,E3,10.5,inside,1,-4,none,not assessed,short,repeated,0,no,8,last,no,no,no,
Kabalevsky T05,4,81,1.5,G#3,56,o,Bozeman tenor-mezzo midpoint,0.313,open,C#4,-4.5,below primo,-6,-11,none,not assessed,short,leap-down,-7,yes,9,first,no,no,no,
Kabalevsky T05,4,81,2,G#3,56,i,Bozeman tenor-mezzo midpoint,0.313,close,E3,3.5,below primo,-6,-11,none,not assessed,short,repeated,0,no,9,middle,no,no,no,
Kabalevsky T05,4,81,2.5,G#3,56,ɨ,derived from Bozeman tenor-mezzo,0.313,open,A#3,-1.89,below primo,-6,-11,none,not assessed,short,repeated,0,no,9,middle,no,no,no,
Kabalevsky T05,4,82,1,A#3,58,i,Bozeman tenor-mezzo midpoint,0.938,close,E3,5.5,below primo,-4,-9,none,not assessed,short,step,2,no,9,middle,no,no,no,
Kabalevsky T05,4,82,2.5,G#3,56,i,Bozeman tenor-mezzo midpoint,0.313,close,E3,3.5,below primo,-6,-11,none,not assessed,short,step,-2,no,9,middle,no,no,no,
Kabalevsky T05,4,83,1,B3,59,o,Bozeman tenor-mezzo midpoint,0.313,open,C#4,-1.5,below primo,-3,-8,none,not assessed,short,leap-up,3,no,9,middle,no,no,no,
Kabalevsky T05,4,83,1.5,G#3,56,ɨ,derived from Bozeman tenor-mezzo,0.313,open,A#3,-1.89,below primo,-6,-11,none,not assessed,short,leap-down,-3,no,9,middle,no,no,no,
Kabalevsky T05,4,83,2,B3,59,ɪ,derived from Bozeman tenor-mezzo,0.313,open,D4,-3.04,below primo,-3,-8,none,not assessed,short,leap-up,3,no,9,middle,no,no,no,
Kabalevsky T05,4,83,2.5,E4,64,u,Bozeman tenor-mezzo midpoint,0.313,close,G3,9.5,inside,2,-3,none,not assessed,short,leap-up,5,no,9,middle,yes,no,no,highest of phrase
Kabalevsky T05,4,84,1,D4,62,e,Bozeman tenor-mezzo midpoint,1.25,close,D4,0.5,inside,0,-5,none,not assessed,short,step,-2,no,9,middle,no,no,no,turning pitch 0 to 2 st below
Kabalevsky T05,4,85,1,D4,62,e,Bozeman tenor-mezzo midpoint,0.625,close,D4,0.5,inside,0,-5,none,not assessed,short,tie,0,no,9,middle,no,no,no,turning pitch 0 to 2 st below
Kabalevsky T05,4,85,2,D4,62,ɑ,Bozeman tenor-mezzo midpoint,0.625,open,E4,-2.5,inside,0,-5,none,not assessed,short,repeated,0,no,9,middle,no,no,no,
Kabalevsky T05,4,86,1,D#4,63,o,Bozeman tenor-mezzo midpoint,0.625,close,C#4,2.5,inside,1,-4,none,not assessed,short,step,1,no,9,middle,no,no,no,
Kabalevsky T05,4,86,2,G#3,56,ɨ,derived from Bozeman tenor-mezzo,0.625,open,A#3,-1.89,below primo,-6,-11,none,not assessed,short,leap-down,-7,no,9,middle,no,no,no,
Kabalevsky T05,4,87,1,D#4,63,ɑ,Bozeman tenor-mezzo midpoint,1.25,open,E4,-1.5,inside,1,-4,none,not assessed,short,leap-up,7,no,9,middle,no,no,no,
Kabalevsky T05,4,88,1,C#4,61,ɑ,Bozeman tenor-mezzo midpoint,0.313,open,E4,-3.5,below primo,-1,-6,none,not assessed,short,step,-2,no,9,last,no,no,no,
Kabalevsky T05,4,88,2.5,C#4,61,ɑ,Bozeman tenor-mezzo midpoint,0.313,open,E4,-3.5,below primo,-1,-6,none,not assessed,short,repeated,0,yes,10,first,yes,no,no,highest of phrase
Kabalevsky T05,4,89,1,B3,59,o,Bozeman tenor-mezzo midpoint,0.313,open,C#4,-1.5,below primo,-3,-8,none,not assessed,short,step,-2,no,10,middle,no,no,no,
Kabalevsky T05,4,89,1.5,D#3,51,i,Bozeman tenor-mezzo midpoint,0.313,open,E3,-1.5,below primo,-11,-16,none,not assessed,short,leap-down,-8,no,10,middle,no,no,no,
Kabalevsky T05,4,89,2,B3,59,o,Bozeman tenor-mezzo midpoint,0.313,open,C#4,-1.5,below primo,-3,-8,none,not assessed,short,leap-up,8,no,10,middle,no,no,no,
Kabalevsky T05,4,89,2.5,A#3,58,ɑ,Bozeman tenor-mezzo midpoint,0.313,open,E4,-6.5,below primo,-4,-9,none,not assessed,short,step,-1,no,10,middle,no,no,no,
Kabalevsky T05,4,90,1,G#3,56,e,Bozeman tenor-mezzo midpoint,0.625,open,D4,-5.5,below primo,-6,-11,none,not assessed,short,step,-2,no,10,middle,no,no,no,
Kabalevsky T05,4,90,2,G#3,56,e,Bozeman tenor-mezzo midpoint,0.313,open,D4,-5.5,below primo,-6,-11,none,not assessed,short,tie,0,no,10,last,no,no,no,
Kabalevsky T06,4,4,3.5,F3,53,ɪ,derived from Bozeman tenor-mezzo,0.375,open,D4,-9.04,below primo,-9,-14,none,not assessed,short,first note,,,0,first,no,no,no,
Kabalevsky T06,4,4,4,A#3,58,i,Bozeman tenor-mezzo midpoint,0.375,close,E3,5.5,below primo,-4,-9,none,not assessed,short,leap-up,5,no,0,middle,no,no,no,
Kabalevsky T06,4,4,4.5,C4,60,i,Bozeman tenor-mezzo midpoint,0.375,close,E3,7.5,below primo,-2,-7,none,not assessed,short,step,2,no,0,middle,no,no,no,
Kabalevsky T06,4,5,1,D4,62,a,derived from Bozeman tenor-mezzo,1.125,open,G4,-4.92,inside,0,-5,none,not assessed,short,step,2,no,0,middle,no,no,no,
Kabalevsky T06,4,5,2.5,D4,62,ɑ,Bozeman tenor-mezzo midpoint,0.375,open,E4,-2.5,inside,0,-5,none,not assessed,short,repeated,0,no,0,middle,no,no,no,
Kabalevsky T06,4,5,3,C4,60,u,Bozeman tenor-mezzo midpoint,0.375,close,G3,5.5,below primo,-2,-7,none,not assessed,short,step,-2,no,0,middle,no,no,no,
Kabalevsky T06,4,5,3.5,D4,62,ɑ,Bozeman tenor-mezzo midpoint,0.375,open,E4,-2.5,inside,0,-5,none,not assessed,short,step,2,no,0,middle,no,no,no,
Kabalevsky T06,4,5,4,D#4,63,i,Bozeman tenor-mezzo midpoint,0.375,close,E3,10.5,inside,1,-4,none,not assessed,short,step,1,no,0,middle,yes,no,no,highest of phrase
Kabalevsky T06,4,5,4.5,C4,60,ɑ,Bozeman tenor-mezzo midpoint,0.375,open,E4,-4.5,below primo,-2,-7,none,not assessed,short,leap-down,-3,no,0,middle,no,no,no,
Kabalevsky T06,4,6,1,D4,62,o,Bozeman tenor-mezzo midpoint,1.5,close,C#4,1.5,inside,0,-5,none,not assessed,short,step,2,no,0,middle,no,no,no,turning pitch 0 to 2 st below
Kabalevsky T06,4,6,3,D4,62,o,Bozeman tenor-mezzo midpoint,0.375,close,C#4,1.5,inside,0,-5,none,not assessed,short,tie,0,no,0,middle,no,no,no,turning pitch 0 to 2 st below
Kabalevsky T06,4,6,3.5,D4,62,ɨ,derived from Bozeman tenor-mezzo,0.375,close,A#3,4.11,inside,0,-5,none,not assessed,short,repeated,0,no,0,middle,no,no,no,
Kabalevsky T06,4,6,4,C4,60,o,Bozeman tenor-mezzo midpoint,0.375,open,C#4,-0.5,below primo,-2,-7,none,not assessed,short,step,-2,no,0,middle,no,no,no,
Kabalevsky T06,4,6,4.5,A#3,58,ɨ,derived from Bozeman tenor-mezzo,0.375,close,A#3,0.11,below primo,-4,-9,none,not assessed,short,step,-2,no,0,middle,no,no,no,turning pitch 0 to 2 st below
Kabalevsky T06,4,7,1,C4,60,ɨ,derived from Bozeman tenor-mezzo,0.375,close,A#3,2.11,below primo,-2,-7,none,not assessed,short,step,2,no,0,middle,no,no,no,
Kabalevsky T06,4,7,1.5,C4,60,ɑ,Bozeman tenor-mezzo midpoint,0.375,open,E4,-4.5,below primo,-2,-7,none,not assessed,short,repeated,0,no,0,middle,no,no,no,
Kabalevsky T06,4,7,2,C4,60,o,Bozeman tenor-mezzo midpoint,0.75,open,C#4,-0.5,below primo,-2,-7,none,not assessed,short,repeated,0,no,0,middle,no,no,no,
Kabalevsky T06,4,7,3,C4,60,o,Bozeman tenor-mezzo midpoint,0.375,open,C#4,-0.5,below primo,-2,-7,none,not assessed,short,tie,0,no,0,middle,no,no,no,
Kabalevsky T06,4,7,3.5,C4,60,ɑ,Bozeman tenor-mezzo midpoint,0.375,open,E4,-4.5,below primo,-2,-7,none,not assessed,short,repeated,0,no,0,middle,no,no,no,
Kabalevsky T06,4,7,4,A#3,58,ɑ,Bozeman tenor-mezzo midpoint,0.375,open,E4,-6.5,below primo,-4,-9,none,not assessed,short,step,-2,no,0,middle,no,no,no,
Kabalevsky T06,4,7,4.5,A3,57,ɨ,derived from Bozeman tenor-mezzo,0.375,open,A#3,-0.89,below primo,-5,-10,none,not assessed,short,step,-1,no,0,middle,no,no,no,
Kabalevsky T06,4,8,1,A#3,58,o,Bozeman tenor-mezzo midpoint,1.5,open,C#4,-2.5,below primo,-4,-9,none,not assessed,short,step,1,no,0,last,no,no,no,
Kabalevsky T06,4,8,3.5,D3,50,ɑ,Bozeman tenor-mezzo midpoint,0.375,open,E4,-14.5,below primo,-12,-17,none,not assessed,short,leap-down,-8,yes,1,first,no,no,no,
Kabalevsky T06,4,8,4,G3,55,ɑ,Bozeman tenor-mezzo midpoint,0.375,open,E4,-9.5,below primo,-7,-12,none,not assessed,short,leap-up,5,no,1,middle,no,no,no,
Kabalevsky T06,4,8,4.5,A3,57,ɨ,derived from Bozeman tenor-mezzo,0.375,open,A#3,-0.89,below primo,-5,-10,none,not assessed,short,step,2,no,1,middle,no,no,no,
Kabalevsky T06,4,9,1,A#3,58,e,Bozeman tenor-mezzo midpoint,1.125,open,D4,-3.5,below primo,-4,-9,none,not assessed,short,step,1,no,1,middle,no,no,no,
Kabalevsky T06,4,9,2.5,A#3,58,ɑ,Bozeman tenor-mezzo midpoint,0.375,open,E4,-6.5,below primo,-4,-9,none,not assessed,short,repeated,0,no,1,middle,no,no,no,
Kabalevsky T06,4,9,3,A3,57,u,Bozeman tenor-mezzo midpoint,0.375,close,G3,2.5,below primo,-5,-10,none,not assessed,short,step,-1,no,1,middle,no,no,no,
Kabalevsky T06,4,9,3.5,A#3,58,ɨ,derived from Bozeman tenor-mezzo,0.375,close,A#3,0.11,below primo,-4,-9,none,not assessed,short,step,1,no,1,middle,no,no,no,turning pitch 0 to 2 st below
Kabalevsky T06,4,9,4,C4,60,o,Bozeman tenor-mezzo midpoint,0.375,open,C#4,-0.5,below primo,-2,-7,none,not assessed,short,step,2,no,1,middle,no,no,no,
Kabalevsky T06,4,9,4.5,A3,57,ɑ,Bozeman tenor-mezzo midpoint,0.375,open,E4,-7.5,below primo,-5,-10,3,not assessed,short,leap-down,-3,no,1,middle,no,no,no,
Kabalevsky T06,4,10,1,D4,62,o,Bozeman tenor-mezzo midpoint,1.5,close,C#4,1.5,inside,0,-5,none,not assessed,short,leap-up,5,no,1,middle,no,no,no,turning pitch 0 to 2 st below
Kabalevsky T06,4,10,3,D4,62,o,Bozeman tenor-mezzo midpoint,0.375,close,C#4,1.5,inside,0,-5,none,not assessed,short,tie,0,no,1,middle,no,no,no,turning pitch 0 to 2 st below
Kabalevsky T06,4,10,3.5,C#4,61,u,Bozeman tenor-mezzo midpoint,0.375,close,G3,6.5,below primo,-1,-6,none,not assessed,short,step,-1,no,1,middle,no,no,no,
Kabalevsky T06,4,10,4,D4,62,u,Bozeman tenor-mezzo midpoint,0.375,close,G3,7.5,inside,0,-5,none,not assessed,short,step,1,no,1,middle,no,no,no,
Kabalevsky T06,4,10,4.5,E4,64,ɪ,derived from Bozeman tenor-mezzo,0.375,close,D4,1.96,inside,2,-3,none,not assessed,short,step,2,no,1,middle,no,no,no,turning pitch 0 to 2 st below
Kabalevsky T06,4,11,1,F4,65,o,Bozeman tenor-mezzo midpoint,0.375,close,C#4,4.5,inside,3,-2,none,not assessed,short,step,1,no,1,middle,yes,no,no,highest of phrase
Kabalevsky T06,4,11,1.5,D4,62,o,Bozeman tenor-mezzo midpoint,0.375,close,C#4,1.5,inside,0,-5,none,not assessed,short,leap-down,-3,no,1,middle,no,no,no,turning pitch 0 to 2 st below
Kabalevsky T06,4,11,2,A3,57,ʌ,derived from Bozeman tenor-mezzo,0.375,open,E4,-7.5,below primo,-5,-10,3,not assessed,short,leap-down,-5,no,1,middle,no,no,no,
Kabalevsky T06,4,11,2.5,A#3,58,i,Bozeman tenor-mezzo midpoint,0.375,close,E3,5.5,below primo,-4,-9,none,not assessed,short,step,1,no,1,middle,no,no,no,
Kabalevsky T06,4,11,3,A3,57,ɑ,Bozeman tenor-mezzo midpoint,1.125,open,E4,-7.5,below primo,-5,-10,3,not assessed,short,step,-1,no,1,middle,no,no,no,
Kabalevsky T06,4,11,4.5,G3,55,ɑ,Bozeman tenor-mezzo midpoint,0.375,open,E4,-9.5,below primo,-7,-12,none,not assessed,short,step,-2,no,1,middle,no,no,no,
Kabalevsky T06,4,12,1,A3,57,o,Bozeman tenor-mezzo midpoint,3,open,C#4,-3.5,below primo,-5,-10,none,not assessed,held,step,2,no,1,middle,no,no,no,held
Kabalevsky T06,4,13,1,A3,57,o,Bozeman tenor-mezzo midpoint,0.375,open,C#4,-3.5,below primo,-5,-10,none,not assessed,held,tie,0,no,1,last,no,no,no,held
Kabalevsky T06,4,13,3.5,D4,62,i,Bozeman tenor-mezzo midpoint,0.375,close,E3,9.5,inside,0,-5,none,not assessed,short,leap-up,5,yes,2,first,no,no,no,
Kabalevsky T06,4,13,4,D4,62,ɛ,Bozeman tenor-mezzo midpoint,0.375,open,D#4,-0.5,inside,0,-5,none,not assessed,short,repeated,0,no,2,middle,no,no,no,
Kabalevsky T06,4,13,4.5,D4,62,i,Bozeman tenor-mezzo midpoint,0.375,close,E3,9.5,inside,0,-5,none,not assessed,short,repeated,0,no,2,middle,no,no,no,
Kabalevsky T06,4,14,1,D4,62,o,Bozeman tenor-mezzo midpoint,0.375,close,C#4,1.5,inside,0,-5,none,not assessed,short,repeated,0,no,2,middle,no,no,no,turning pitch 0 to 2 st below
Kabalevsky T06,4,14,1.5,D#4,63,ʌ,derived from Bozeman tenor-mezzo,0.375,open,E4,-1.5,inside,1,-4,none,not assessed,short,step,1,no,2,middle,no,no,no,
Kabalevsky T06,4,14,2,D#4,63,ʌ,derived from Bozeman tenor-mezzo,0.375,open,E4,-1.5,inside,1,-4,none,not assessed,short,repeated,0,no,2,middle,no,no,no,
Kabalevsky T06,4,14,2.5,D#4,63,ɑ,Bozeman tenor-mezzo midpoint,0.375,open,E4,-1.5,inside,1,-4,none,not assessed,short,repeated,0,no,2,middle,no,no,no,
Kabalevsky T06,4,14,3,D#4,63,ɑ,Bozeman tenor-mezzo midpoint,0.375,open,E4,-1.5,inside,1,-4,none,not assessed,short,repeated,0,no,2,middle,no,no,no,
Kabalevsky T06,4,14,3.5,D4,62,ɑ,Bozeman tenor-mezzo midpoint,0.375,open,E4,-2.5,inside,0,-5,none,not assessed,short,step,-1,no,2,middle,no,no,no,
Kabalevsky T06,4,14,4,D4,62,ɑ,Bozeman tenor-mezzo midpoint,0.375,open,E4,-2.5,inside,0,-5,none,not assessed,short,repeated,0,no,2,middle,no,no,no,
Kabalevsky T06,4,14,4.5,D4,62,ɑ,Bozeman tenor-mezzo midpoint,0.375,open,E4,-2.5,inside,0,-5,none,not assessed,short,repeated,0,no,2,middle,no,no,no,
Kabalevsky T06,4,15,1,G4,67,o,Bozeman tenor-mezzo midpoint,0.375,close,C#4,6.5,inside,5,0,none,not assessed,short,leap-up,5,no,2,middle,yes,yes,yes,highest of phrase
Kabalevsky T06,4,15,1.5,D#4,63,i,Bozeman tenor-mezzo midpoint,0.375,close,E3,10.5,inside,1,-4,none,not assessed,short,leap-down,-4,no,2,middle,no,no,no,
Kabalevsky T06,4,15,2,D#4,63,ɑ,Bozeman tenor-mezzo midpoint,0.375,open,E4,-1.5,inside,1,-4,none,not assessed,short,repeated,0,no,2,middle,no,no,no,
Kabalevsky T06,4,15,2.5,D4,62,ɨ,derived from Bozeman tenor-mezzo,0.375,close,A#3,4.11,inside,0,-5,none,not assessed,short,step,-1,no,2,middle,no,no,no,
Kabalevsky T06,4,15,3,C4,60,o,Bozeman tenor-mezzo midpoint,1.5,open,C#4,-0.5,below primo,-2,-7,none,not assessed,short,step,-2,no,2,middle,no,no,no,
Kabalevsky T06,4,16,1,C4,60,o,Bozeman tenor-mezzo midpoint,0.375,open,C#4,-0.5,below primo,-2,-7,none,not assessed,short,tie,0,no,2,middle,no,no,no,
Kabalevsky T06,4,16,1.5,C4,60,i,Bozeman tenor-mezzo midpoint,0.375,close,E3,7.5,below primo,-2,-7,none,not assessed,short,repeated,0,no,2,middle,no,no,no,
Kabalevsky T06,4,16,2,D4,62,ʌ,derived from Bozeman tenor-mezzo,0.375,open,E4,-2.5,inside,0,-5,none,not assessed,short,step,2,no,2,middle,no,no,no,
Kabalevsky T06,4,16,2.5,D#4,63,ɑ,Bozeman tenor-mezzo midpoint,0.375,open,E4,-1.5,inside,1,-4,none,not assessed,short,step,1,no,2,middle,no,no,no,
Kabalevsky T06,4,16,3,D4,62,u,Bozeman tenor-mezzo midpoint,0.375,close,G3,7.5,inside,0,-5,none,not assessed,short,step,-1,no,2,middle,no,no,no,
Kabalevsky T06,4,16,3.5,C4,60,u,Bozeman tenor-mezzo midpoint,0.375,close,G3,5.5,below primo,-2,-7,none,not assessed,short,step,-2,no,2,middle,no,no,no,
Kabalevsky T06,4,16,4,C4,60,ɑ,Bozeman tenor-mezzo midpoint,0.375,open,E4,-4.5,below primo,-2,-7,none,not assessed,short,repeated,0,no,2,middle,no,no,no,
Kabalevsky T06,4,16,4.5,C4,60,ɑ,Bozeman tenor-mezzo midpoint,0.375,open,E4,-4.5,below primo,-2,-7,none,not assessed,short,repeated,0,no,2,middle,no,no,no,
Kabalevsky T06,4,17,1,F4,65,ɑ,Bozeman tenor-mezzo midpoint,0.375,close,E4,0.5,inside,3,-2,none,not assessed,short,leap-up,5,no,2,middle,no,no,no,turning pitch 0 to 2 st below
Kabalevsky T06,4,17,1.5,A#3,58,u,Bozeman tenor-mezzo midpoint,0.375,close,G3,3.5,below primo,-4,-9,none,not assessed,short,leap-down,-7,no,2,middle,no,no,no,
Kabalevsky T06,4,17,2,A#3,58,i,Bozeman tenor-mezzo midpoint,0.375,close,E3,5.5,below primo,-4,-9,none,not assessed,short,repeated,0,no,2,middle,no,no,no,
Kabalevsky T06,4,17,2.5,A#3,58,i,Bozeman tenor-mezzo midpoint,0.375,close,E3,5.5,below primo,-4,-9,none,not assessed,short,repeated,0,no,2,middle,no,no,no,
Kabalevsky T06,4,17,3,A#3,58,o,Bozeman tenor-mezzo midpoint,0.375,open,C#4,-2.5,below primo,-4,-9,none,not assessed,short,repeated,0,no,2,middle,no,no,no,
Kabalevsky T06,4,17,3.5,A3,57,ɑ,Bozeman tenor-mezzo midpoint,0.375,open,E4,-7.5,below primo,-5,-10,3,not assessed,short,step,-1,no,2,middle,no,no,no,
Kabalevsky T06,4,17,4,A3,57,ɑ,Bozeman tenor-mezzo midpoint,0.75,open,E4,-7.5,below primo,-5,-10,3,not assessed,short,repeated,0,no,2,middle,no,no,no,
Kabalevsky T06,4,18,1,A3,57,ɑ,Bozeman tenor-mezzo midpoint,0.75,open,E4,-7.5,below primo,-5,-10,3,not assessed,short,tie,0,no,2,middle,no,no,no,
Kabalevsky T06,4,18,2,A3,57,ɑ,Bozeman tenor-mezzo midpoint,0.75,open,E4,-7.5,below primo,-5,-10,3,not assessed,short,repeated,0,no,2,middle,no,no,no,
Kabalevsky T06,4,18,3,F4,65,e,Bozeman tenor-mezzo midpoint,0.375,close,D4,3.5,inside,3,-2,none,not assessed,short,leap-up,8,no,2,middle,no,no,no,
Kabalevsky T06,4,18,3.5,G3,55,i,Bozeman tenor-mezzo midpoint,0.375,close,E3,2.5,below primo,-7,-12,none,not assessed,short,leap-down,-10,no,2,middle,no,no,no,
Kabalevsky T06,4,18,4,G3,55,u,Bozeman tenor-mezzo midpoint,0.375,close,G3,0.5,below primo,-7,-12,none,not assessed,short,repeated,0,no,2,middle,no,no,no,turning pitch 0 to 2 st below
Kabalevsky T06,4,18,4.5,G3,55,ɪ,derived from Bozeman tenor-mezzo,0.375,open,D4,-7.04,below primo,-7,-12,3,not assessed,short,repeated,0,no,2,middle,no,no,no,
Kabalevsky T06,4,19,1,A3,57,o,Bozeman tenor-mezzo midpoint,0.375,open,C#4,-3.5,below primo,-5,-10,none,not assessed,short,step,2,no,2,middle,no,no,no,
Kabalevsky T06,4,19,1.5,G3,55,u,Bozeman tenor-mezzo midpoint,0.375,close,G3,0.5,below primo,-7,-12,none,not assessed,short,step,-2,no,2,middle,no,no,no,turning pitch 0 to 2 st below
Kabalevsky T06,4,19,2,A#3,58,ʌ,derived from Bozeman tenor-mezzo,0.375,open,E4,-6.5,below primo,-4,-9,none,not assessed,short,leap-up,3,no,2,middle,no,no,no,
Kabalevsky T06,4,19,2.5,D#4,63,ɪ,derived from Bozeman tenor-mezzo,0.375,close,D4,0.96,inside,1,-4,none,not assessed,short,leap-up,5,no,2,middle,no,no,no,turning pitch 0 to 2 st below
Kabalevsky T06,4,19,3,D4,62,u,Bozeman tenor-mezzo midpoint,1.5,close,G3,7.5,inside,0,-5,none,not assessed,short,step,-1,no,2,middle,no,no,no,
Kabalevsky T06,4,20,1,D4,62,u,Bozeman tenor-mezzo midpoint,0.375,close,G3,7.5,inside,0,-5,none,not assessed,short,tie,0,no,2,last,no,no,no,
Kabalevsky T06,4,20,2.5,C4,60,ɑ,Bozeman tenor-mezzo midpoint,0.375,open,E4,-4.5,below primo,-2,-7,none,not assessed,short,step,-2,yes,3,first,no,no,no,
Kabalevsky T06,4,21,1,D4,62,o,Bozeman tenor-mezzo midpoint,0.375,close,C#4,1.5,inside,0,-5,none,not assessed,short,step,2,no,3,middle,no,no,no,turning pitch 0 to 2 st below
Kabalevsky T06,4,21,1.5,D4,62,i,Bozeman tenor-mezzo midpoint,0.375,close,E3,9.5,inside,0,-5,none,not assessed,short,repeated,0,no,3,middle,no,no,no,
Kabalevsky T06,4,21,2,D4,62,ɨ,derived from Bozeman tenor-mezzo,0.375,close,A#3,4.11,inside,0,-5,none,not assessed,short,repeated,0,no,3,middle,no,no,no,
Kabalevsky T06,4,21,2.5,D4,62,u,Bozeman tenor-mezzo midpoint,0.375,close,G3,7.5,inside,0,-5,none,not assessed,short,repeated,0,no,3,middle,no,no,no,
Kabalevsky T06,4,21,3,C4,60,ɑ,Bozeman tenor-mezzo midpoint,0.375,open,E4,-4.5,below primo,-2,-7,none,not assessed,short,step,-2,no,3,middle,no,no,no,
Kabalevsky T06,4,21,3.5,D4,62,ɪ,derived from Bozeman tenor-mezzo,0.375,open,D4,-0.04,inside,0,-5,none,not assessed,short,step,2,no,3,middle,no,no,no,
Kabalevsky T06,4,21,4,D#4,63,ɑ,Bozeman tenor-mezzo midpoint,0.375,open,E4,-1.5,inside,1,-4,none,not assessed,short,step,1,no,3,middle,yes,no,no,highest of phrase
Kabalevsky T06,4,21,4.5,C4,60,ɨ,derived from Bozeman tenor-mezzo,0.375,close,A#3,2.11,below primo,-2,-7,none,not assessed,short,leap-down,-3,no,3,middle,no,no,no,
Kabalevsky T06,4,22,1,D4,62,o,Bozeman tenor-mezzo midpoint,1.125,close,C#4,1.5,inside,0,-5,none,not assessed,short,step,2,no,3,middle,no,no,no,turning pitch 0 to 2 st below
Kabalevsky T06,4,22,2.5,D4,62,ɪ,derived from Bozeman tenor-mezzo,0.375,open,D4,-0.04,inside,0,-5,none,not assessed,short,repeated,0,no,3,middle,no,no,no,
Kabalevsky T06,4,23,1,C4,60,o,Bozeman tenor-mezzo midpoint,0.375,open,C#4,-0.5,below primo,-2,-7,none,not assessed,short,step,-2,no,3,middle,no,no,no,
Kabalevsky T06,4,23,1.5,C4,60,ɪ,derived from Bozeman tenor-mezzo,0.375,open,D4,-2.04,below primo,-2,-7,none,not assessed,short,repeated,0,no,3,middle,no,no,no,
Kabalevsky T06,4,23,2,C4,60,i,Bozeman tenor-mezzo midpoint,0.375,close,E3,7.5,below primo,-2,-7,none,not assessed,short,repeated,0,no,3,middle,no,no,no,
Kabalevsky T06,4,23,2.5,C4,60,ɪ,derived from Bozeman tenor-mezzo,0.375,open,D4,-2.04,below primo,-2,-7,none,not assessed,short,repeated,0,no,3,middle,no,no,no,
Kabalevsky T06,4,23,3,C4,60,ɑ,Bozeman tenor-mezzo midpoint,0.375,open,E4,-4.5,below primo,-2,-7,none,not assessed,short,repeated,0,no,3,middle,no,no,no,
Kabalevsky T06,4,23,3.5,C4,60,i,Bozeman tenor-mezzo midpoint,0.375,close,E3,7.5,below primo,-2,-7,none,not assessed,short,repeated,0,no,3,middle,no,no,no,
Kabalevsky T06,4,23,4,A#3,58,ʌ,derived from Bozeman tenor-mezzo,0.375,open,E4,-6.5,below primo,-4,-9,none,not assessed,short,step,-2,no,3,middle,no,no,no,
Kabalevsky T06,4,23,4.5,A3,57,i,Bozeman tenor-mezzo midpoint,0.375,close,E3,4.5,below primo,-5,-10,none,not assessed,short,step,-1,no,3,middle,no,no,no,
Kabalevsky T06,4,24,1,A#3,58,ɨ,derived from Bozeman tenor-mezzo,1.5,close,A#3,0.11,below primo,-4,-9,none,not assessed,short,step,1,no,3,last,no,no,no,turning pitch 0 to 2 st below
Kabalevsky T06,4,24,3.5,D3,50,i,Bozeman tenor-mezzo midpoint,0.375,open,E3,-2.5,below primo,-12,-17,none,not assessed,short,leap-down,-8,yes,4,first,no,no,no,
Kabalevsky T06,4,24,4,G3,55,i,Bozeman tenor-mezzo midpoint,0.375,close,E3,2.5,below primo,-7,-12,none,not assessed,short,leap-up,5,no,4,middle,no,no,no,
Kabalevsky T06,4,24,4.5,A3,57,ɑ,Bozeman tenor-mezzo midpoint,0.375,open,E4,-7.5,below primo,-5,-10,3,not assessed,short,step,2,no,4,middle,no,no,no,
Kabalevsky T06,4,25,1,A#3,58,ɑ,Bozeman tenor-mezzo midpoint,1.125,open,E4,-6.5,below primo,-4,-9,none,not assessed,short,step,1,no,4,middle,no,no,no,
Kabalevsky T06,4,25,2.5,A#3,58,ɪ,derived from Bozeman tenor-mezzo,0.375,open,D4,-4.04,below primo,-4,-9,none,not assessed,short,repeated,0,no,4,middle,no,no,no,
Kabalevsky T06,4,25,3,A3,57,ʌ,derived from Bozeman tenor-mezzo,0.375,open,E4,-7.5,below primo,-5,-10,3,not assessed,short,step,-1,no,4,middle,no,no,no,
Kabalevsky T06,4,25,3.5,A#3,58,ɑ,Bozeman tenor-mezzo midpoint,0.375,open,E4,-6.5,below primo,-4,-9,none,not assessed,short,step,1,no,4,middle,no,no,no,
Kabalevsky T06,4,25,4,C4,60,i,Bozeman tenor-mezzo midpoint,0.375,close,E3,7.5,below primo,-2,-7,none,not assessed,short,step,2,no,4,middle,no,no,no,
Kabalevsky T06,4,25,4.5,A3,57,none resolved,not assessed,0.375,not assessed,not assessed,not assessed,below primo,-5,-10,not assessed,not assessed,short,leap-down,-3,no,4,middle,no,no,no,
Kabalevsky T06,4,26,1,D4,62,o,Bozeman tenor-mezzo midpoint,1.5,close,C#4,1.5,inside,0,-5,none,not assessed,short,leap-up,5,no,4,middle,no,no,no,turning pitch 0 to 2 st below
Kabalevsky T06,4,26,3,D4,62,o,Bozeman tenor-mezzo midpoint,0.375,close,C#4,1.5,inside,0,-5,none,not assessed,short,tie,0,no,4,middle,no,no,no,turning pitch 0 to 2 st below
Kabalevsky T06,4,26,3.5,C#4,61,ɨ,derived from Bozeman tenor-mezzo,0.375,close,A#3,3.11,below primo,-1,-6,none,not assessed,short,step,-1,no,4,middle,no,no,no,
Kabalevsky T06,4,26,4,D4,62,ɑ,Bozeman tenor-mezzo midpoint,0.375,open,E4,-2.5,inside,0,-5,none,not assessed,short,step,1,no,4,middle,no,no,no,
Kabalevsky T06,4,26,4.5,E4,64,ɪ,derived from Bozeman tenor-mezzo,0.375,close,D4,1.96,inside,2,-3,none,not assessed,short,step,2,no,4,middle,no,no,no,turning pitch 0 to 2 st below
Kabalevsky T06,4,27,1,F4,65,e,Bozeman tenor-mezzo midpoint,1.125,close,D4,3.5,inside,3,-2,none,not assessed,short,step,1,no,4,middle,yes,no,no,highest of phrase
Kabalevsky T06,4,27,2.5,D4,62,i,Bozeman tenor-mezzo midpoint,0.375,close,E3,9.5,inside,0,-5,none,not assessed,short,leap-down,-3,no,4,middle,no,no,no,
Kabalevsky T06,4,27,3,A3,57,ʌ,derived from Bozeman tenor-mezzo,0.375,open,E4,-7.5,below primo,-5,-10,3,not assessed,short,leap-down,-5,no,4,middle,no,no,no,
Kabalevsky T06,4,27,3.5,A3,57,ɑ,Bozeman tenor-mezzo midpoint,0.375,open,E4,-7.5,below primo,-5,-10,3,not assessed,short,repeated,0,no,4,middle,no,no,no,
Kabalevsky T06,4,27,4,A3,57,ɑ,Bozeman tenor-mezzo midpoint,0.375,open,E4,-7.5,below primo,-5,-10,3,not assessed,short,repeated,0,no,4,middle,no,no,no,
Kabalevsky T06,4,27,4.5,A#3,58,i,Bozeman tenor-mezzo midpoint,0.375,close,E3,5.5,below primo,-4,-9,none,not assessed,short,step,1,no,4,middle,no,no,no,
Kabalevsky T06,4,28,1,A3,57,ɨ,derived from Bozeman tenor-mezzo,3,open,A#3,-0.89,below primo,-5,-10,none,not assessed,held,step,-1,no,4,middle,no,no,no,held
Kabalevsky T06,4,29,1,A3,57,ɨ,derived from Bozeman tenor-mezzo,0.375,open,A#3,-0.89,below primo,-5,-10,none,not assessed,held,tie,0,no,4,last,no,no,no,held
Kabalevsky T06,4,30,2,F3,53,o,Bozeman tenor-mezzo midpoint,0.75,open,C#4,-7.5,below primo,-9,-14,3,not assessed,short,leap-down,-4,yes,5,first,no,no,no,
Kabalevsky T06,4,30,3,F4,65,u,Bozeman tenor-mezzo midpoint,1.5,close,G3,10.5,inside,3,-2,none,not assessed,short,leap-up,12,no,5,middle,yes,no,no,highest of phrase
Kabalevsky T06,4,31,1,F4,65,u,Bozeman tenor-mezzo midpoint,0.375,close,G3,10.5,inside,3,-2,none,not assessed,short,tie,0,no,5,middle,yes,no,no,highest of phrase
Kabalevsky T06,4,31,1.5,D4,62,ɑ,Bozeman tenor-mezzo midpoint,0.375,open,E4,-2.5,inside,0,-5,none,not assessed,short,leap-down,-3,no,5,middle,no,no,no,
Kabalevsky T06,4,31,2,C4,60,ɑ,Bozeman tenor-mezzo midpoint,0.375,open,E4,-4.5,below primo,-2,-7,none,not assessed,short,step,-2,no,5,middle,no,no,no,
Kabalevsky T06,4,31,2.5,A#3,58,ɑ,Bozeman tenor-mezzo midpoint,0.375,open,E4,-6.5,below primo,-4,-9,none,not assessed,short,step,-2,no,5,middle,no,no,no,
Kabalevsky T06,4,31,3,A3,57,ɑ,Bozeman tenor-mezzo midpoint,0.375,open,E4,-7.5,below primo,-5,-10,3,not assessed,short,step,-1,no,5,middle,no,no,no,
Kabalevsky T06,4,31,3.5,G3,55,ɪ,derived from Bozeman tenor-mezzo,0.375,open,D4,-7.04,below primo,-7,-12,3,not assessed,short,step,-2,no,5,middle,no,no,no,
Kabalevsky T06,4,31,4,C4,60,o,Bozeman tenor-mezzo midpoint,0.375,open,C#4,-0.5,below primo,-2,-7,none,not assessed,short,leap-up,5,no,5,middle,no,no,no,
Kabalevsky T06,4,31,4.5,D4,62,ɑ,Bozeman tenor-mezzo midpoint,0.375,open,E4,-2.5,inside,0,-5,none,not assessed,short,step,2,no,5,middle,no,no,no,
Kabalevsky T06,4,32,1,D#4,63,ɛ,Bozeman tenor-mezzo midpoint,1.5,close,D#4,0.5,inside,1,-4,none,not assessed,short,step,1,no,5,middle,no,no,no,turning pitch 0 to 2 st below
Kabalevsky T06,4,32,3,D#4,63,ɛ,Bozeman tenor-mezzo midpoint,0.375,close,D#4,0.5,inside,1,-4,none,not assessed,short,tie,0,no,5,middle,no,no,no,turning pitch 0 to 2 st below
Kabalevsky T06,4,32,3.5,D#4,63,u,Bozeman tenor-mezzo midpoint,0.375,close,G3,8.5,inside,1,-4,none,not assessed,short,repeated,0,no,5,middle,no,no,no,
Kabalevsky T06,4,32,4,D4,62,ɑ,Bozeman tenor-mezzo midpoint,0.375,open,E4,-2.5,inside,0,-5,none,not assessed,short,step,-1,no,5,middle,no,no,no,
Kabalevsky T06,4,32,4.5,D#4,63,ɑ,Bozeman tenor-mezzo midpoint,0.375,open,E4,-1.5,inside,1,-4,none,not assessed,short,step,1,no,5,middle,no,no,no,
Kabalevsky T06,4,33,1,C4,60,ɑ,Bozeman tenor-mezzo midpoint,3,open,E4,-4.5,below primo,-2,-7,none,not assessed,held,leap-down,-3,no,5,middle,no,no,no,held
Kabalevsky T06,4,34,1,F4,65,ɨ,derived from Bozeman tenor-mezzo,0.75,close,A#3,7.11,inside,3,-2,none,not assessed,short,leap-up,5,no,5,middle,yes,no,no,highest of phrase
Kabalevsky T06,4,34,2,C4,60,u,Bozeman tenor-mezzo midpoint,0.375,close,G3,5.5,below primo,-2,-7,none,not assessed,short,leap-down,-5,no,5,middle,no,no,no,
Kabalevsky T06,4,34,2.5,C4,60,i,Bozeman tenor-mezzo midpoint,0.375,close,E3,7.5,below primo,-2,-7,none,not assessed,short,repeated,0,no,5,middle,no,no,no,
Kabalevsky T06,4,34,3,D#4,63,ɑ,Bozeman tenor-mezzo midpoint,1.125,open,E4,-1.5,inside,1,-4,none,not assessed,short,leap-up,3,no,5,middle,no,no,no,
Kabalevsky T06,4,34,4.5,A#3,58,ɑ,Bozeman tenor-mezzo midpoint,0.375,open,E4,-6.5,below primo,-4,-9,none,not assessed,short,leap-down,-5,no,5,middle,no,no,no,
Kabalevsky T06,4,35,1,D4,62,ɛ,Bozeman tenor-mezzo midpoint,3,open,D#4,-0.5,inside,0,-5,none,not assessed,held,leap-up,4,no,5,middle,no,no,no,held
Kabalevsky T06,4,36,1,D4,62,ɛ,Bozeman tenor-mezzo midpoint,3,open,D#4,-0.5,inside,0,-5,none,not assessed,held,tie,0,no,5,middle,no,no,no,held
Kabalevsky T06,4,37,1,D4,62,ɛ,Bozeman tenor-mezzo midpoint,0.375,open,D#4,-0.5,inside,0,-5,none,not assessed,held,tie,0,no,5,last,no,no,no,held
Kabalevsky T07,5,2,6,C4,60,ɨ,derived from Bozeman tenor-mezzo,0.357,close,A#3,2.11,below primo,-2,-7,none,not assessed,short,first note,,,0,first,no,no,no,
Kabalevsky T07,5,3,1,C4,60,u,Bozeman tenor-mezzo midpoint,0.714,close,G3,5.5,below primo,-2,-7,none,not assessed,short,repeated,0,no,0,middle,no,no,no,
Kabalevsky T07,5,3,3,A3,57,ɨ,derived from Bozeman tenor-mezzo,0.357,open,A#3,-0.89,below primo,-5,-10,none,not assessed,short,leap-down,-3,no,0,middle,no,no,no,
Kabalevsky T07,5,3,4,A3,57,ʌ,derived from Bozeman tenor-mezzo,0.714,open,E4,-7.5,below primo,-5,-10,3,not assessed,short,repeated,0,no,0,middle,no,no,no,
Kabalevsky T07,5,3,6,C4,60,o,Bozeman tenor-mezzo midpoint,0.357,open,C#4,-0.5,below primo,-2,-7,none,not assessed,short,leap-up,3,no,0,middle,no,no,no,
Kabalevsky T07,5,4,1,F4,65,u,Bozeman tenor-mezzo midpoint,0.714,close,G3,10.5,inside,3,-2,none,not assessed,short,leap-up,5,no,0,middle,yes,no,no,highest of phrase
Kabalevsky T07,5,4,3,E4,64,ɑ,Bozeman tenor-mezzo midpoint,0.357,open,E4,-0.5,inside,2,-3,none,not assessed,short,step,-1,no,0,middle,no,no,no,
Kabalevsky T07,5,4,4,D4,62,u,Bozeman tenor-mezzo midpoint,0.714,close,G3,7.5,inside,0,-5,none,not assessed,short,step,-2,no,0,middle,no,no,no,
Kabalevsky T07,5,4,6,A3,57,ɨ,derived from Bozeman tenor-mezzo,0.357,open,A#3,-0.89,below primo,-5,-10,none,not assessed,short,leap-down,-5,no,0,middle,no,no,no,
Kabalevsky T07,5,5,1,A#3,58,ɑ,Bozeman tenor-mezzo midpoint,0.714,open,E4,-6.5,below primo,-4,-9,none,not assessed,short,step,1,no,0,middle,no,no,no,
Kabalevsky T07,5,5,3,A3,57,ɑ,Bozeman tenor-mezzo midpoint,0.357,open,E4,-7.5,below primo,-5,-10,3,not assessed,short,step,-1,no,0,middle,no,no,no,
Kabalevsky T07,5,5,4,G3,55,ɨ,derived from Bozeman tenor-mezzo,0.714,open,A#3,-2.89,below primo,-7,-12,none,not assessed,short,step,-2,no,0,middle,no,no,no,
Kabalevsky T07,5,5,6,A#3,58,ɨ,derived from Bozeman tenor-mezzo,0.357,close,A#3,0.11,below primo,-4,-9,none,not assessed,short,leap-up,3,no,0,middle,no,no,no,turning pitch 0 to 2 st below
Kabalevsky T07,5,6,1,A3,57,ɛ,Bozeman tenor-mezzo midpoint,0.536,open,D#4,-5.5,below primo,-5,-10,none,not assessed,short,step,-1,no,0,middle,no,no,no,
Kabalevsky T07,5,6,2.5,A3,57,ɪ,derived from Bozeman tenor-mezzo,0.179,open,D4,-5.04,below primo,-5,-10,none,not assessed,short,repeated,0,no,0,middle,no,no,no,
Kabalevsky T07,5,6,3,A3,57,ɪ,derived from Bozeman tenor-mezzo,0.179,open,D4,-5.04,below primo,-5,-10,none,not assessed,short,repeated,0,no,0,middle,no,no,no,
Kabalevsky T07,5,6,3.5,A3,57,ɑ,Bozeman tenor-mezzo midpoint,0.179,open,E4,-7.5,below primo,-5,-10,3,not assessed,short,repeated,0,no,0,middle,no,no,no,
Kabalevsky T07,5,6,4,E4,64,ɑ,Bozeman tenor-mezzo midpoint,0.536,open,E4,-0.5,inside,2,-3,none,not assessed,short,leap-up,7,no,0,middle,no,no,no,
Kabalevsky T07,5,6,5.5,A3,57,ʌ,derived from Bozeman tenor-mezzo,0.179,open,E4,-7.5,below primo,-5,-10,3,not assessed,short,leap-down,-7,no,0,middle,no,no,no,
Kabalevsky T07,5,6,6,A3,57,u,Bozeman tenor-mezzo midpoint,0.179,close,G3,2.5,below primo,-5,-10,none,not assessed,short,repeated,0,no,0,middle,no,no,no,
Kabalevsky T07,5,6,6.5,A3,57,ɑ,Bozeman tenor-mezzo midpoint,0.179,open,E4,-7.5,below primo,-5,-10,3,not assessed,short,repeated,0,no,0,middle,no,no,no,
Kabalevsky T07,5,7,1,D4,62,o,Bozeman tenor-mezzo midpoint,1.071,close,C#4,1.5,inside,0,-5,none,not assessed,short,leap-up,5,no,0,middle,no,no,no,turning pitch 0 to 2 st below
Kabalevsky T07,5,7,4,D4,62,o,Bozeman tenor-mezzo midpoint,0.357,close,C#4,1.5,inside,0,-5,none,not assessed,short,tie,0,no,0,last,no,no,no,turning pitch 0 to 2 st below
Kabalevsky T07,5,7,6,D4,62,ɑ,Bozeman tenor-mezzo midpoint,0.357,open,E4,-2.5,inside,0,-5,none,not assessed,short,repeated,0,yes,1,first,no,no,no,
Kabalevsky T07,5,8,1,F4,65,ɛ,Bozeman tenor-mezzo midpoint,0.714,close,D#4,2.5,inside,3,-2,none,not assessed,short,leap-up,3,no,1,middle,no,no,no,
Kabalevsky T07,5,8,3,E4,64,ɨ,derived from Bozeman tenor-mezzo,0.357,close,A#3,6.11,inside,2,-3,none,not assessed,short,step,-1,no,1,middle,no,no,no,
Kabalevsky T07,5,8,4,D4,62,u,Bozeman tenor-mezzo midpoint,0.357,close,G3,7.5,inside,0,-5,none,not assessed,short,step,-2,no,1,middle,no,no,no,
Kabalevsky T07,5,8,5,C4,60,u,Bozeman tenor-mezzo midpoint,0.357,close,G3,5.5,below primo,-2,-7,none,not assessed,short,step,-2,no,1,middle,no,no,no,
Kabalevsky T07,5,8,6,A#3,58,i,Bozeman tenor-mezzo midpoint,0.357,close,E3,5.5,below primo,-4,-9,none,not assessed,short,step,-2,no,1,middle,no,no,no,
Kabalevsky T07,5,9,1,A3,57,ʌ,derived from Bozeman tenor-mezzo,0.714,open,E4,-7.5,below primo,-5,-10,3,not assessed,short,step,-1,no,1,middle,no,no,no,
Kabalevsky T07,5,9,3,C#4,61,o,Bozeman tenor-mezzo midpoint,0.357,close,C#4,0.5,below primo,-1,-6,none,not assessed,short,leap-up,4,no,1,middle,no,no,no,turning pitch 0 to 2 st below
Kabalevsky T07,5,9,4,E4,64,ɑ,Bozeman tenor-mezzo midpoint,0.714,open,E4,-0.5,inside,2,-3,none,not assessed,short,leap-up,3,no,1,middle,no,no,no,
Kabalevsky T07,5,9,6,G4,67,i,Bozeman tenor-mezzo midpoint,0.357,above,E3,14.5,inside,5,0,none,not assessed,short,leap-up,3,no,1,middle,yes,yes,yes,highest of phrase
Kabalevsky T07,5,10,1,F4,65,a,derived from Bozeman tenor-mezzo,0.714,open,G4,-1.92,inside,3,-2,none,not assessed,short,step,-2,no,1,middle,no,no,no,
Kabalevsky T07,5,10,3,E4,64,a,derived from Bozeman tenor-mezzo,0.357,open,G4,-2.92,inside,2,-3,none,not assessed,short,step,-1,no,1,middle,no,no,no,
Kabalevsky T07,5,10,4,D4,62,ʌ,derived from Bozeman tenor-mezzo,0.536,open,E4,-2.5,inside,0,-5,none,not assessed,short,step,-2,no,1,middle,no,no,no,
Kabalevsky T07,5,10,5.5,A#3,58,i,Bozeman tenor-mezzo midpoint,0.179,close,E3,5.5,below primo,-4,-9,none,not assessed,short,leap-down,-4,no,1,middle,no,no,no,
Kabalevsky T07,5,10,6,A#3,58,a,derived from Bozeman tenor-mezzo,0.179,open,G4,-8.92,below primo,-4,-9,none,not assessed,short,repeated,0,no,1,middle,no,no,no,
Kabalevsky T07,5,10,6.5,A#3,58,ɪ,derived from Bozeman tenor-mezzo,0.179,open,D4,-4.04,below primo,-4,-9,none,not assessed,short,repeated,0,no,1,middle,no,no,no,
Kabalevsky T07,5,11,1,A3,57,u,Bozeman tenor-mezzo midpoint,0.714,close,G3,2.5,below primo,-5,-10,none,not assessed,short,step,-1,no,1,middle,no,no,no,
Kabalevsky T07,5,11,3,A3,57,u,Bozeman tenor-mezzo midpoint,0.357,close,G3,2.5,below primo,-5,-10,none,not assessed,short,repeated,0,no,1,middle,no,no,no,
Kabalevsky T07,5,11,4,A3,57,ɑ,Bozeman tenor-mezzo midpoint,0.536,open,E4,-7.5,below primo,-5,-10,3,not assessed,short,repeated,0,no,1,middle,no,no,no,
Kabalevsky T07,5,11,5.5,A3,57,ʌ,derived from Bozeman tenor-mezzo,0.179,open,E4,-7.5,below primo,-5,-10,3,not assessed,short,repeated,0,no,1,middle,no,no,no,
Kabalevsky T07,5,11,6,A3,57,u,Bozeman tenor-mezzo midpoint,0.179,close,G3,2.5,below primo,-5,-10,none,not assessed,short,repeated,0,no,1,middle,no,no,no,
Kabalevsky T07,5,11,6.5,A3,57,ɑ,Bozeman tenor-mezzo midpoint,0.179,open,E4,-7.5,below primo,-5,-10,3,not assessed,short,repeated,0,no,1,middle,no,no,no,
Kabalevsky T07,5,12,1,A3,57,o,Bozeman tenor-mezzo midpoint,1.071,open,C#4,-3.5,below primo,-5,-10,none,not assessed,short,repeated,0,no,1,middle,no,no,no,
Kabalevsky T07,5,12,4,A3,57,o,Bozeman tenor-mezzo midpoint,0.357,open,C#4,-3.5,below primo,-5,-10,none,not assessed,short,tie,0,no,1,last,no,no,no,
Kabalevsky T07,5,13,4,D4,62,ɛ,Bozeman tenor-mezzo midpoint,1.071,open,D#4,-0.5,inside,0,-5,none,not assessed,short,leap-up,5,yes,2,first,no,no,no,
Kabalevsky T07,5,14,1,D#4,63,ɑ,Bozeman tenor-mezzo midpoint,0.714,open,E4,-1.5,inside,1,-4,none,not assessed,short,step,1,no,2,middle,yes,no,no,highest of phrase
Kabalevsky T07,5,14,3,D4,62,ɑ,Bozeman tenor-mezzo midpoint,0.357,open,E4,-2.5,inside,0,-5,none,not assessed,short,step,-1,no,2,middle,no,no,no,
Kabalevsky T07,5,14,4,C4,60,ɑ,Bozeman tenor-mezzo midpoint,0.714,open,E4,-4.5,below primo,-2,-7,none,not assessed,short,step,-2,no,2,middle,no,no,no,
Kabalevsky T07,5,14,6,A#3,58,i,Bozeman tenor-mezzo midpoint,0.357,close,E3,5.5,below primo,-4,-9,none,not assessed,short,step,-2,no,2,middle,no,no,no,
Kabalevsky T07,5,15,1,A3,57,i,Bozeman tenor-mezzo midpoint,0.714,close,E3,4.5,below primo,-5,-10,none,not assessed,short,step,-1,no,2,middle,no,no,no,
Kabalevsky T07,5,15,3,D4,62,ɑ,Bozeman tenor-mezzo midpoint,0.357,open,E4,-2.5,inside,0,-5,none,not assessed,short,leap-up,5,no,2,middle,no,no,no,
Kabalevsky T07,5,15,4,D4,62,ɛ,Bozeman tenor-mezzo midpoint,0.714,open,D#4,-0.5,inside,0,-5,none,not assessed,short,repeated,0,no,2,middle,no,no,no,
Kabalevsky T07,5,15,6,C4,60,ʌ,derived from Bozeman tenor-mezzo,0.357,open,E4,-4.5,below primo,-2,-7,none,not assessed,short,step,-2,no,2,middle,no,no,no,
Kabalevsky T07,5,16,1,A#3,58,u,Bozeman tenor-mezzo midpoint,1.071,close,G3,3.5,below primo,-4,-9,none,not assessed,short,step,-2,no,2,middle,no,no,no,
Kabalevsky T07,5,16,4,F3,53,i,Bozeman tenor-mezzo midpoint,0.357,close,E3,0.5,below primo,-9,-14,none,not assessed,short,leap-down,-5,no,2,last,no,no,no,turning pitch 0 to 2 st below
Kabalevsky T07,5,16,5.5,F3,53,ɪ,derived from Bozeman tenor-mezzo,0.179,open,D4,-9.04,below primo,-9,-14,none,not assessed,short,repeated,0,yes,3,first,no,no,no,
Kabalevsky T07,5,16,6,F3,53,ʌ,derived from Bozeman tenor-mezzo,0.179,open,E4,-11.5,below primo,-9,-14,none,not assessed,short,repeated,0,no,3,middle,no,no,no,
Kabalevsky T07,5,16,6.5,F3,53,ɑ,Bozeman tenor-mezzo midpoint,0.179,open,E4,-11.5,below primo,-9,-14,none,not assessed,short,repeated,0,no,3,middle,no,no,no,
Kabalevsky T07,5,17,1,F#3,54,u,Bozeman tenor-mezzo midpoint,0.714,open,G3,-0.5,below primo,-8,-13,none,not assessed,short,step,1,no,3,middle,no,no,no,
Kabalevsky T07,5,17,3,F#3,54,i,Bozeman tenor-mezzo midpoint,0.357,close,E3,1.5,below primo,-8,-13,none,not assessed,short,repeated,0,no,3,middle,no,no,no,turning pitch 0 to 2 st below
Kabalevsky T07,5,17,4,G3,55,u,Bozeman tenor-mezzo midpoint,0.536,close,G3,0.5,below primo,-7,-12,none,not assessed,short,step,1,no,3,middle,no,no,no,turning pitch 0 to 2 st below
Kabalevsky T07,5,17,5.5,A3,57,u,Bozeman tenor-mezzo midpoint,0.179,close,G3,2.5,below primo,-5,-10,none,not assessed,short,step,2,no,3,middle,no,no,no,
Kabalevsky T07,5,17,6,A#3,58,ɨ,derived from Bozeman tenor-mezzo,0.179,close,A#3,0.11,below primo,-4,-9,none,not assessed,short,step,1,no,3,middle,no,no,no,turning pitch 0 to 2 st below
Kabalevsky T07,5,17,6.5,D4,62,ɑ,Bozeman tenor-mezzo midpoint,0.179,open,E4,-2.5,inside,0,-5,none,not assessed,short,leap-up,4,no,3,middle,no,no,no,
Kabalevsky T07,5,18,1,E4,64,ɑ,Bozeman tenor-mezzo midpoint,1.071,open,E4,-0.5,inside,2,-3,none,not assessed,short,step,2,no,3,middle,no,no,no,
Kabalevsky T07,5,18,4,E4,64,ɑ,Bozeman tenor-mezzo midpoint,0.714,open,E4,-0.5,inside,2,-3,none,not assessed,short,tie,0,no,3,middle,no,no,no,
Kabalevsky T07,5,18,6,E4,64,o,Bozeman tenor-mezzo midpoint,0.357,close,C#4,3.5,inside,2,-3,none,not assessed,short,repeated,0,no,3,middle,no,no,no,
Kabalevsky T07,5,19,1,F4,65,o,Bozeman tenor-mezzo midpoint,0.536,close,C#4,4.5,inside,3,-2,none,not assessed,short,step,1,no,3,middle,yes,no,no,highest of phrase
Kabalevsky T07,5,19,2.5,E4,64,ʌ,derived from Bozeman tenor-mezzo,0.179,open,E4,-0.5,inside,2,-3,none,not assessed,short,step,-1,no,3,middle,no,no,no,
Kabalevsky T07,5,19,3,D4,62,ʌ,derived from Bozeman tenor-mezzo,0.179,open,E4,-2.5,inside,0,-5,none,not assessed,short,step,-2,no,3,middle,no,no,no,
Kabalevsky T07,5,19,3.5,C4,60,ɑ,Bozeman tenor-mezzo midpoint,0.179,open,E4,-4.5,below primo,-2,-7,none,not assessed,short,step,-2,no,3,middle,no,no,no,
Kabalevsky T07,5,19,4,D4,62,o,Bozeman tenor-mezzo midpoint,0.536,close,C#4,1.5,inside,0,-5,none,not assessed,short,step,2,no,3,middle,no,no,no,turning pitch 0 to 2 st below
Kabalevsky T07,5,19,5.5,C4,60,ɑ,Bozeman tenor-mezzo midpoint,0.179,open,E4,-4.5,below primo,-2,-7,none,not assessed,short,step,-2,no,3,middle,no,no,no,
Kabalevsky T07,5,19,6,A#3,58,ɨ,derived from Bozeman tenor-mezzo,0.179,close,A#3,0.11,below primo,-4,-9,none,not assessed,short,step,-2,no,3,middle,no,no,no,turning pitch 0 to 2 st below
Kabalevsky T07,5,19,6.5,A3,57,ɪ,derived from Bozeman tenor-mezzo,0.179,open,D4,-5.04,below primo,-5,-10,none,not assessed,short,step,-1,no,3,middle,no,no,no,
Kabalevsky T07,5,20,1,A#3,58,u,Bozeman tenor-mezzo midpoint,0.714,close,G3,3.5,below primo,-4,-9,none,not assessed,short,step,1,no,3,middle,no,no,no,
Kabalevsky T07,5,20,3,A#3,58,i,Bozeman tenor-mezzo midpoint,0.357,close,E3,5.5,below primo,-4,-9,none,not assessed,short,repeated,0,no,3,last,no,no,no,
Kabalevsky T07,5,20,6,A#3,58,u,Bozeman tenor-mezzo midpoint,0.357,close,G3,3.5,below primo,-4,-9,none,not assessed,short,repeated,0,yes,4,first,no,no,no,
Kabalevsky T07,5,21,1,A3,57,o,Bozeman tenor-mezzo midpoint,0.536,open,C#4,-3.5,below primo,-5,-10,none,not assessed,short,step,-1,no,4,middle,no,no,no,
Kabalevsky T07,5,21,2.5,A3,57,ʌ,derived from Bozeman tenor-mezzo,0.179,open,E4,-7.5,below primo,-5,-10,3,not assessed,short,repeated,0,no,4,middle,no,no,no,
Kabalevsky T07,5,21,3,A3,57,ʌ,derived from Bozeman tenor-mezzo,0.179,open,E4,-7.5,below primo,-5,-10,3,not assessed,short,repeated,0,no,4,middle,no,no,no,
Kabalevsky T07,5,21,3.5,A3,57,i,Bozeman tenor-mezzo midpoint,0.179,close,E3,4.5,below primo,-5,-10,none,not assessed,short,repeated,0,no,4,middle,no,no,no,
Kabalevsky T07,5,21,4,D4,62,o,Bozeman tenor-mezzo midpoint,0.536,close,C#4,1.5,inside,0,-5,none,not assessed,short,leap-up,5,no,4,middle,yes,no,no,highest of phrase; turning pitch 0 to 2 st below
Kabalevsky T07,5,21,5.5,A#3,58,ɪ,derived from Bozeman tenor-mezzo,0.179,open,D4,-4.04,below primo,-4,-9,none,not assessed,short,leap-down,-4,no,4,middle,no,no,no,
Kabalevsky T07,5,21,6,A#3,58,u,Bozeman tenor-mezzo midpoint,0.179,close,G3,3.5,below primo,-4,-9,none,not assessed,short,repeated,0,no,4,middle,no,no,no,
Kabalevsky T07,5,21,6.5,A#3,58,u,Bozeman tenor-mezzo midpoint,0.179,close,G3,3.5,below primo,-4,-9,none,not assessed,short,repeated,0,no,4,middle,no,no,no,
Kabalevsky T07,5,22,1,A3,57,ɑ,Bozeman tenor-mezzo midpoint,1.071,open,E4,-7.5,below primo,-5,-10,3,not assessed,short,step,-1,no,4,middle,no,no,no,
Kabalevsky T07,5,22,4,A3,57,ɑ,Bozeman tenor-mezzo midpoint,0.357,open,E4,-7.5,below primo,-5,-10,3,not assessed,short,tie,0,no,4,last,no,no,no,
Kabalevsky T07,5,29,6,C4,60,i,Bozeman tenor-mezzo midpoint,0.357,close,E3,7.5,below primo,-2,-7,none,not assessed,short,leap-up,3,yes,5,first,no,no,no,
Kabalevsky T07,5,30,1,C4,60,u,Bozeman tenor-mezzo midpoint,0.714,close,G3,5.5,below primo,-2,-7,none,not assessed,short,repeated,0,no,5,middle,no,no,no,
Kabalevsky T07,5,30,3,A3,57,ɑ,Bozeman tenor-mezzo midpoint,0.357,open,E4,-7.5,below primo,-5,-10,3,not assessed,short,leap-down,-3,no,5,middle,no,no,no,
Kabalevsky T07,5,30,4,A3,57,ɪ,derived from Bozeman tenor-mezzo,0.714,open,D4,-5.04,below primo,-5,-10,none,not assessed,short,repeated,0,no,5,middle,no,no,no,
Kabalevsky T07,5,30,6,C4,60,ɑ,Bozeman tenor-mezzo midpoint,0.357,open,E4,-4.5,below primo,-2,-7,none,not assessed,short,leap-up,3,no,5,middle,no,no,no,
Kabalevsky T07,5,31,1,F4,65,u,Bozeman tenor-mezzo midpoint,0.714,close,G3,10.5,inside,3,-2,none,not assessed,short,leap-up,5,no,5,middle,no,no,no,
Kabalevsky T07,5,31,3,E4,64,ɨ,derived from Bozeman tenor-mezzo,0.357,close,A#3,6.11,inside,2,-3,none,not assessed,short,step,-1,no,5,middle,no,no,no,
Kabalevsky T07,5,31,4,D4,62,ɪ,derived from Bozeman tenor-mezzo,0.714,open,D4,-0.04,inside,0,-5,none,not assessed,short,step,-2,no,5,middle,no,no,no,
Kabalevsky T07,5,31,6,A3,57,ʌ,derived from Bozeman tenor-mezzo,0.357,open,E4,-7.5,below primo,-5,-10,3,not assessed,short,leap-down,-5,no,5,middle,no,no,no,
Kabalevsky T07,5,32,1,A#3,58,u,Bozeman tenor-mezzo midpoint,0.714,close,G3,3.5,below primo,-4,-9,none,not assessed,short,step,1,no,5,middle,no,no,no,
Kabalevsky T07,5,32,3,A3,57,u,Bozeman tenor-mezzo midpoint,0.357,close,G3,2.5,below primo,-5,-10,none,not assessed,short,step,-1,no,5,middle,no,no,no,
Kabalevsky T07,5,32,4,G3,55,ɨ,derived from Bozeman tenor-mezzo,0.536,open,A#3,-2.89,below primo,-7,-12,none,not assessed,short,step,-2,no,5,middle,no,no,no,
Kabalevsky T07,5,32,5.5,A#3,58,u,Bozeman tenor-mezzo midpoint,0.179,close,G3,3.5,below primo,-4,-9,none,not assessed,short,leap-up,3,no,5,middle,no,no,no,
Kabalevsky T07,5,32,6,A#3,58,ɑ,Bozeman tenor-mezzo midpoint,0.179,open,E4,-6.5,below primo,-4,-9,none,not assessed,short,repeated,0,no,5,middle,no,no,no,
Kabalevsky T07,5,32,6.5,A#3,58,u,Bozeman tenor-mezzo midpoint,0.179,close,G3,3.5,below primo,-4,-9,none,not assessed,short,repeated,0,no,5,middle,no,no,no,
Kabalevsky T07,5,33,1,A3,57,o,Bozeman tenor-mezzo midpoint,0.714,open,C#4,-3.5,below primo,-5,-10,none,not assessed,short,step,-1,no,5,middle,no,no,no,
Kabalevsky T07,5,33,3,A3,57,i,Bozeman tenor-mezzo midpoint,0.357,close,E3,4.5,below primo,-5,-10,none,not assessed,short,repeated,0,no,5,middle,no,no,no,
Kabalevsky T07,5,33,4,E4,64,o,Bozeman tenor-mezzo midpoint,0.536,close,C#4,3.5,inside,2,-3,none,not assessed,short,leap-up,7,no,5,middle,no,no,no,
Kabalevsky T07,5,33,5.5,A3,57,ʌ,derived from Bozeman tenor-mezzo,0.179,open,E4,-7.5,below primo,-5,-10,3,not assessed,short,leap-down,-7,no,5,middle,no,no,no,
Kabalevsky T07,5,33,6,A3,57,ʌ,derived from Bozeman tenor-mezzo,0.179,open,E4,-7.5,below primo,-5,-10,3,not assessed,short,repeated,0,no,5,middle,no,no,no,
Kabalevsky T07,5,33,6.5,A3,57,ɑ,Bozeman tenor-mezzo midpoint,0.179,open,E4,-7.5,below primo,-5,-10,3,not assessed,short,repeated,0,no,5,middle,no,no,no,
Kabalevsky T07,5,34,1,D4,62,u,Bozeman tenor-mezzo midpoint,1.071,close,G3,7.5,inside,0,-5,none,not assessed,short,leap-up,5,no,5,middle,no,no,no,
Kabalevsky T07,5,34,4,D4,62,u,Bozeman tenor-mezzo midpoint,0.714,close,G3,7.5,inside,0,-5,none,not assessed,short,tie,0,no,5,middle,no,no,no,
Kabalevsky T07,5,34,6,D4,62,ɑ,Bozeman tenor-mezzo midpoint,0.357,open,E4,-2.5,inside,0,-5,none,not assessed,short,repeated,0,no,5,middle,no,no,no,
Kabalevsky T07,5,35,1,F4,65,u,Bozeman tenor-mezzo midpoint,0.714,close,G3,10.5,inside,3,-2,none,not assessed,short,leap-up,3,no,5,middle,no,no,no,
Kabalevsky T07,5,35,3,E4,64,ʌ,derived from Bozeman tenor-mezzo,0.357,open,E4,-0.5,inside,2,-3,none,not assessed,short,step,-1,no,5,middle,no,no,no,
Kabalevsky T07,5,35,4,D4,62,ɑ,Bozeman tenor-mezzo midpoint,0.357,open,E4,-2.5,inside,0,-5,none,not assessed,short,step,-2,no,5,middle,no,no,no,
Kabalevsky T07,5,35,5,C4,60,ɑ,Bozeman tenor-mezzo midpoint,0.357,open,E4,-4.5,below primo,-2,-7,none,not assessed,short,step,-2,no,5,middle,no,no,no,
Kabalevsky T07,5,35,6,A#3,58,ɑ,Bozeman tenor-mezzo midpoint,0.357,open,E4,-6.5,below primo,-4,-9,none,not assessed,short,step,-2,no,5,middle,no,no,no,
Kabalevsky T07,5,36,1,A3,57,ɛ,Bozeman tenor-mezzo midpoint,0.714,open,D#4,-5.5,below primo,-5,-10,none,not assessed,short,step,-1,no,5,middle,no,no,no,
Kabalevsky T07,5,36,3,C#4,61,i,Bozeman tenor-mezzo midpoint,0.357,close,E3,8.5,below primo,-1,-6,none,not assessed,short,leap-up,4,no,5,middle,no,no,no,
Kabalevsky T07,5,36,4,E4,64,o,Bozeman tenor-mezzo midpoint,0.714,close,C#4,3.5,inside,2,-3,none,not assessed,short,leap-up,3,no,5,middle,no,no,no,
Kabalevsky T07,5,36,6,G4,67,ʌ,derived from Bozeman tenor-mezzo,0.357,close,E4,2.5,inside,5,0,none,not assessed,short,leap-up,3,no,5,middle,yes,yes,yes,highest of phrase
Kabalevsky T07,5,37,1,F4,65,u,Bozeman tenor-mezzo midpoint,0.714,close,G3,10.5,inside,3,-2,none,not assessed,short,step,-2,no,5,middle,no,no,no,
Kabalevsky T07,5,37,3,E4,64,u,Bozeman tenor-mezzo midpoint,0.357,close,G3,9.5,inside,2,-3,none,not assessed,short,step,-1,no,5,middle,no,no,no,
Kabalevsky T07,5,37,4,D4,62,ɨ,derived from Bozeman tenor-mezzo,0.714,close,A#3,4.11,inside,0,-5,none,not assessed,short,step,-2,no,5,middle,no,no,no,
Kabalevsky T07,5,37,6,F4,65,ɑ,Bozeman tenor-mezzo midpoint,0.357,close,E4,0.5,inside,3,-2,none,not assessed,short,leap-up,3,no,5,middle,no,no,no,turning pitch 0 to 2 st below
Kabalevsky T07,5,38,1,E4,64,i,Bozeman tenor-mezzo midpoint,0.536,crossing,E3,11.5,inside,2,-3,none,not assessed,short,step,-1,no,5,middle,no,no,no,crossing
Kabalevsky T07,5,38,2.5,A3,57,ʌ,derived from Bozeman tenor-mezzo,0.179,open,E4,-7.5,below primo,-5,-10,3,not assessed,short,leap-down,-7,no,5,middle,no,no,no,
Kabalevsky T07,5,38,3,A3,57,i,Bozeman tenor-mezzo midpoint,0.179,close,E3,4.5,below primo,-5,-10,none,not assessed,short,repeated,0,no,5,middle,no,no,no,
Kabalevsky T07,5,38,3.5,A3,57,i,Bozeman tenor-mezzo midpoint,0.179,close,E3,4.5,below primo,-5,-10,none,not assessed,short,repeated,0,no,5,middle,no,no,no,
Kabalevsky T07,5,38,4,E4,64,e,Bozeman tenor-mezzo midpoint,0.536,close,D4,2.5,inside,2,-3,none,not assessed,short,leap-up,7,no,5,middle,no,no,no,
Kabalevsky T07,5,38,5.5,C4,60,i,Bozeman tenor-mezzo midpoint,0.179,close,E3,7.5,below primo,-2,-7,none,not assessed,short,leap-down,-4,no,5,middle,no,no,no,
Kabalevsky T07,5,38,6,C4,60,i,Bozeman tenor-mezzo midpoint,0.179,close,E3,7.5,below primo,-2,-7,none,not assessed,short,repeated,0,no,5,middle,no,no,no,
Kabalevsky T07,5,38,6.5,C4,60,ɑ,Bozeman tenor-mezzo midpoint,0.179,open,E4,-4.5,below primo,-2,-7,none,not assessed,short,repeated,0,no,5,middle,no,no,no,
Kabalevsky T07,5,39,1,F4,65,u,Bozeman tenor-mezzo midpoint,0.714,close,G3,10.5,inside,3,-2,none,not assessed,short,leap-up,5,no,5,middle,no,no,no,
Kabalevsky T07,5,39,3,F4,65,u,Bozeman tenor-mezzo midpoint,0.357,close,G3,10.5,inside,3,-2,none,not assessed,short,tie,0,no,5,last,no,no,no,
Kabalevsky T07,5,44,4,F4,65,ɑ,Bozeman tenor-mezzo midpoint,0.357,close,E4,0.5,inside,3,-2,none,not assessed,short,repeated,0,yes,6,first,no,no,no,turning pitch 0 to 2 st below
Kabalevsky T07,5,44,5,C#4,61,ʌ,derived from Bozeman tenor-mezzo,0.357,open,E4,-3.5,below primo,-1,-6,none,not assessed,short,leap-down,-4,no,6,middle,no,no,no,
Kabalevsky T07,5,44,6,C4,60,ɑ,Bozeman tenor-mezzo midpoint,0.357,open,E4,-4.5,below primo,-2,-7,none,not assessed,short,step,-1,no,6,middle,no,no,no,
Kabalevsky T07,5,45,1,A#3,58,i,Bozeman tenor-mezzo midpoint,0.714,close,E3,5.5,below primo,-4,-9,none,not assessed,short,step,-2,no,6,middle,no,no,no,
Kabalevsky T07,5,45,3,C4,60,ɑ,Bozeman tenor-mezzo midpoint,0.357,open,E4,-4.5,below primo,-2,-7,none,not assessed,short,step,2,no,6,middle,no,no,no,
Kabalevsky T07,5,45,4,C#4,61,ɑ,Bozeman tenor-mezzo midpoint,0.714,open,E4,-3.5,below primo,-1,-6,none,not assessed,short,step,1,no,6,middle,no,no,no,
Kabalevsky T07,5,45,6,F4,65,ɪ,derived from Bozeman tenor-mezzo,0.357,close,D4,2.96,inside,3,-2,none,not assessed,short,leap-up,4,no,6,middle,no,no,no,
Kabalevsky T07,5,46,1,F#4,66,u,Bozeman tenor-mezzo midpoint,0.714,close,G3,11.5,inside,4,-1,none,not assessed,short,step,1,no,6,middle,yes,yes,yes,highest of phrase
Kabalevsky T07,5,46,3,C#4,61,ɑ,Bozeman tenor-mezzo midpoint,0.357,open,E4,-3.5,below primo,-1,-6,none,not assessed,short,leap-down,-5,no,6,middle,no,no,no,
Kabalevsky T07,5,46,4,C#4,61,e,Bozeman tenor-mezzo midpoint,0.714,open,D4,-0.5,below primo,-1,-6,none,not assessed,short,repeated,0,no,6,middle,no,no,no,
Kabalevsky T07,5,46,6,C#4,61,ɪ,derived from Bozeman tenor-mezzo,0.357,open,D4,-1.04,below primo,-1,-6,none,not assessed,short,repeated,0,no,6,last,no,no,no,
Kabalevsky T07,5,47,4,C#4,61,o,Bozeman tenor-mezzo midpoint,0.357,close,C#4,0.5,below primo,-1,-6,none,not assessed,short,repeated,0,yes,7,first,no,no,no,turning pitch 0 to 2 st below
Kabalevsky T07,5,47,5,C4,60,ʌ,derived from Bozeman tenor-mezzo,0.357,open,E4,-4.5,below primo,-2,-7,none,not assessed,short,step,-1,no,7,middle,no,no,no,
Kabalevsky T07,5,47,6,C#4,61,i,Bozeman tenor-mezzo midpoint,0.357,close,E3,8.5,below primo,-1,-6,none,not assessed,short,step,1,no,7,middle,no,no,no,
Kabalevsky T07,5,47,7,D#4,63,o,Bozeman tenor-mezzo midpoint,0.714,close,C#4,2.5,inside,1,-4,none,not assessed,short,step,2,no,7,middle,yes,no,no,highest of phrase
Kabalevsky T07,5,47,9,C#4,61,ɨ,derived from Bozeman tenor-mezzo,0.357,close,A#3,3.11,below primo,-1,-6,none,not assessed,short,step,-2,no,7,middle,no,no,no,
Kabalevsky T07,5,48,1,C4,60,u,Bozeman tenor-mezzo midpoint,1.071,close,G3,5.5,below primo,-2,-7,none,not assessed,short,step,-1,no,7,middle,no,no,no,
Kabalevsky T07,5,48,4,C4,60,u,Bozeman tenor-mezzo midpoint,0.357,close,G3,5.5,below primo,-2,-7,none,not assessed,short,tie,0,no,7,last,no,no,no,
Kabalevsky T07,5,48,6,A3,57,ɑ,Bozeman tenor-mezzo midpoint,0.357,open,E4,-7.5,below primo,-5,-10,3,not assessed,short,leap-down,-3,yes,8,first,yes,no,no,highest of phrase
Kabalevsky T07,5,49,1,A3,57,o,Bozeman tenor-mezzo midpoint,1.071,open,C#4,-3.5,below primo,-5,-10,none,not assessed,short,repeated,0,no,8,middle,yes,no,no,highest of phrase
Kabalevsky T07,5,49,4,A3,57,o,Bozeman tenor-mezzo midpoint,0.714,open,C#4,-3.5,below primo,-5,-10,none,not assessed,short,tie,0,no,8,middle,yes,no,no,highest of phrase
Kabalevsky T07,5,49,6,E3,52,ɪ,derived from Bozeman tenor-mezzo,0.357,open,D4,-10.04,below primo,-10,-15,none,not assessed,short,leap-down,-5,no,8,middle,no,no,no,
Kabalevsky T07,5,50,1,F3,53,e,Bozeman tenor-mezzo midpoint,1.071,open,D4,-8.5,below primo,-9,-14,none,not assessed,short,step,1,no,8,middle,no,no,no,
Kabalevsky T07,5,50,4,F3,53,e,Bozeman tenor-mezzo midpoint,0.714,open,D4,-8.5,below primo,-9,-14,none,not assessed,short,tie,0,no,8,middle,no,no,no,
Kabalevsky T07,5,50,6,F3,53,i,Bozeman tenor-mezzo midpoint,0.357,close,E3,0.5,below primo,-9,-14,none,not assessed,short,repeated,0,no,8,last,no,no,no,turning pitch 0 to 2 st below
Kabalevsky T08,6,1,3.5,A3,57,ɨ,derived from Bozeman tenor-mezzo,0.455,open,A#3,-0.89,below primo,-5,-10,none,not assessed,short,first note,,,0,first,no,no,no,
Kabalevsky T08,6,1,4,G#3,56,o,Bozeman tenor-mezzo midpoint,0.455,open,C#4,-4.5,below primo,-6,-11,none,not assessed,short,step,-1,no,0,middle,no,no,no,
Kabalevsky T08,6,1,4.5,B3,59,u,Bozeman tenor-mezzo midpoint,0.455,close,G3,4.5,below primo,-3,-8,none,not assessed,short,leap-up,3,no,0,middle,no,no,no,
Kabalevsky T08,6,2,1,A3,57,i,Bozeman tenor-mezzo midpoint,0.455,close,E3,4.5,below primo,-5,-10,none,not assessed,short,step,-2,no,0,middle,no,no,no,
Kabalevsky T08,6,2,1.5,F#3,54,ɑ,Bozeman tenor-mezzo midpoint,0.455,open,E4,-10.5,below primo,-8,-13,none,not assessed,short,leap-down,-3,no,0,middle,no,no,no,
Kabalevsky T08,6,2,2,F#3,54,ɑ,Bozeman tenor-mezzo midpoint,0.455,open,E4,-10.5,below primo,-8,-13,none,not assessed,short,repeated,0,no,0,middle,no,no,no,
Kabalevsky T08,6,2,2.5,A3,57,u,Bozeman tenor-mezzo midpoint,0.455,close,G3,2.5,below primo,-5,-10,none,not assessed,short,leap-up,3,no,0,middle,no,no,no,
Kabalevsky T08,6,2,3,D4,62,o,Bozeman tenor-mezzo midpoint,1.364,close,C#4,1.5,inside,0,-5,none,not assessed,short,leap-up,5,no,0,middle,no,no,no,turning pitch 0 to 2 st below
Kabalevsky T08,6,2,4.5,C#4,61,ɑ,Bozeman tenor-mezzo midpoint,0.455,open,E4,-3.5,below primo,-1,-6,none,not assessed,short,step,-1,no,0,middle,no,no,no,
Kabalevsky T08,6,3,1,B3,59,ɛ,Bozeman tenor-mezzo midpoint,1.818,open,D#4,-3.5,below primo,-3,-8,none,not assessed,short,step,-2,no,0,middle,no,no,no,
Kabalevsky T08,6,3,3,B3,59,ɛ,Bozeman tenor-mezzo midpoint,0.455,open,D#4,-3.5,below primo,-3,-8,none,not assessed,short,tie,0,no,0,middle,no,no,no,
Kabalevsky T08,6,3,3.5,B3,59,ɑ,Bozeman tenor-mezzo midpoint,0.455,open,E4,-5.5,below primo,-3,-8,none,not assessed,short,repeated,0,no,0,middle,no,no,no,
Kabalevsky T08,6,3,4,C#4,61,u,Bozeman tenor-mezzo midpoint,0.455,close,G3,6.5,below primo,-1,-6,none,not assessed,short,step,2,no,0,middle,no,no,no,
Kabalevsky T08,6,3,4.5,D4,62,ɑ,Bozeman tenor-mezzo midpoint,0.455,open,E4,-2.5,inside,0,-5,none,not assessed,short,step,1,no,0,middle,no,no,no,
Kabalevsky T08,6,4,1,E4,64,o,Bozeman tenor-mezzo midpoint,1.364,close,C#4,3.5,inside,2,-3,none,not assessed,short,step,2,no,0,middle,yes,no,no,highest of phrase
Kabalevsky T08,6,4,2.5,B3,59,i,Bozeman tenor-mezzo midpoint,0.455,close,E3,6.5,below primo,-3,-8,none,not assessed,short,leap-down,-5,no,0,middle,no,no,no,
Kabalevsky T08,6,4,3,E4,64,ɑ,Bozeman tenor-mezzo midpoint,0.455,open,E4,-0.5,inside,2,-3,none,not assessed,short,leap-up,5,no,0,middle,yes,no,no,highest of phrase
Kabalevsky T08,6,4,3.5,D4,62,ɨ,derived from Bozeman tenor-mezzo,0.455,close,A#3,4.11,inside,0,-5,none,not assessed,short,step,-2,no,0,middle,no,no,no,
Kabalevsky T08,6,4,4,C#4,61,i,Bozeman tenor-mezzo midpoint,0.455,close,E3,8.5,below primo,-1,-6,none,not assessed,short,step,-1,no,0,middle,no,no,no,
Kabalevsky T08,6,4,4.5,B3,59,ɨ,derived from Bozeman tenor-mezzo,0.455,close,A#3,1.11,below primo,-3,-8,none,not assessed,short,step,-2,no,0,middle,no,no,no,turning pitch 0 to 2 st below
Kabalevsky T08,6,5,1,C#4,61,e,Bozeman tenor-mezzo midpoint,1.818,open,D4,-0.5,below primo,-1,-6,none,not assessed,short,step,2,no,0,middle,no,no,no,
Kabalevsky T08,6,5,3,C#4,61,e,Bozeman tenor-mezzo midpoint,0.455,open,D4,-0.5,below primo,-1,-6,none,not assessed,short,tie,0,no,0,middle,no,no,no,
Kabalevsky T08,6,5,3.5,A3,57,ɪ,derived from Bozeman tenor-mezzo,0.455,open,D4,-5.04,below primo,-5,-10,none,not assessed,short,leap-down,-4,no,0,middle,no,no,no,
Kabalevsky T08,6,5,4,C#4,61,ʌ,derived from Bozeman tenor-mezzo,0.455,open,E4,-3.5,below primo,-1,-6,none,not assessed,short,leap-up,4,no,0,middle,no,no,no,
Kabalevsky T08,6,5,4.5,E4,64,i,Bozeman tenor-mezzo midpoint,0.455,crossing,E3,11.5,inside,2,-3,none,not assessed,short,leap-up,3,no,0,middle,yes,no,no,highest of phrase; crossing
Kabalevsky T08,6,6,1,D4,62,i,Bozeman tenor-mezzo midpoint,0.455,close,E3,9.5,inside,0,-5,none,not assessed,short,step,-2,no,0,middle,no,no,no,
Kabalevsky T08,6,6,1.5,B3,59,o,Bozeman tenor-mezzo midpoint,0.455,open,C#4,-1.5,below primo,-3,-8,none,not assessed,short,leap-down,-3,no,0,middle,no,no,no,
Kabalevsky T08,6,6,2,A3,57,ɛ,Bozeman tenor-mezzo midpoint,0.455,open,D#4,-5.5,below primo,-5,-10,none,not assessed,short,step,-2,no,0,middle,no,no,no,
Kabalevsky T08,6,6,2.5,G3,55,ʌ,derived from Bozeman tenor-mezzo,0.455,open,E4,-9.5,below primo,-7,-12,none,not assessed,short,step,-2,no,0,middle,no,no,no,
Kabalevsky T08,6,6,3,B3,59,i,Bozeman tenor-mezzo midpoint,1.364,close,E3,6.5,below primo,-3,-8,none,not assessed,short,leap-up,4,no,0,middle,no,no,no,
Kabalevsky T08,6,6,4.5,F#3,54,ɨ,derived from Bozeman tenor-mezzo,0.455,open,A#3,-3.89,below primo,-8,-13,none,not assessed,short,leap-down,-5,no,0,middle,no,no,no,
Kabalevsky T08,6,7,1,B3,59,ɛ,Bozeman tenor-mezzo midpoint,1.818,open,D#4,-3.5,below primo,-3,-8,none,not assessed,short,leap-up,5,no,0,middle,no,no,no,
Kabalevsky T08,6,7,3,B3,59,ɛ,Bozeman tenor-mezzo midpoint,0.455,open,D#4,-3.5,below primo,-3,-8,none,not assessed,short,tie,0,no,0,middle,no,no,no,
Kabalevsky T08,6,7,3.5,E3,52,ɑ,Bozeman tenor-mezzo midpoint,0.455,open,E4,-12.5,below primo,-10,-15,4,not assessed,short,leap-down,-7,no,0,middle,no,no,no,
Kabalevsky T08,6,7,4,G3,55,ʌ,derived from Bozeman tenor-mezzo,0.455,open,E4,-9.5,below primo,-7,-12,none,not assessed,short,leap-up,3,no,0,middle,no,no,no,
Kabalevsky T08,6,7,4.5,B3,59,i,Bozeman tenor-mezzo midpoint,0.455,close,E3,6.5,below primo,-3,-8,none,not assessed,short,leap-up,4,no,0,middle,no,no,no,
Kabalevsky T08,6,8,1,C#4,61,ɑ,Bozeman tenor-mezzo midpoint,1.364,open,E4,-3.5,below primo,-1,-6,none,not assessed,short,step,2,no,0,middle,no,no,no,
Kabalevsky T08,6,8,2.5,B3,59,ɑ,Bozeman tenor-mezzo midpoint,0.455,open,E4,-5.5,below primo,-3,-8,none,not assessed,short,step,-2,no,0,middle,no,no,no,
Kabalevsky T08,6,8,3,A3,57,i,Bozeman tenor-mezzo midpoint,0.455,close,E3,4.5,below primo,-5,-10,none,not assessed,short,step,-2,no,0,middle,no,no,no,
Kabalevsky T08,6,8,3.5,B3,59,ɨ,derived from Bozeman tenor-mezzo,0.455,close,A#3,1.11,below primo,-3,-8,none,not assessed,short,step,2,no,0,middle,no,no,no,turning pitch 0 to 2 st below
Kabalevsky T08,6,8,4,C#4,61,i,Bozeman tenor-mezzo midpoint,0.455,close,E3,8.5,below primo,-1,-6,none,not assessed,short,step,2,no,0,middle,no,no,no,
Kabalevsky T08,6,8,4.5,E4,64,ɪ,derived from Bozeman tenor-mezzo,0.455,close,D4,1.96,inside,2,-3,none,not assessed,short,leap-up,3,no,0,middle,yes,no,no,highest of phrase; turning pitch 0 to 2 st below
Kabalevsky T08,6,9,1,D4,62,e,Bozeman tenor-mezzo midpoint,1.818,close,D4,0.5,inside,0,-5,none,not assessed,short,step,-2,no,0,middle,no,no,no,turning pitch 0 to 2 st below
Kabalevsky T08,6,9,3,D4,62,e,Bozeman tenor-mezzo midpoint,0.455,close,D4,0.5,inside,0,-5,none,not assessed,short,tie,0,no,0,last,no,no,no,turning pitch 0 to 2 st below
Kabalevsky T08,6,9,4.5,D4,62,i,Bozeman tenor-mezzo midpoint,0.455,close,E3,9.5,inside,0,-5,none,not assessed,short,repeated,0,yes,1,first,no,no,no,
Kabalevsky T08,6,10,1,D4,62,ɛ,Bozeman tenor-mezzo midpoint,0.455,open,D#4,-0.5,inside,0,-5,none,not assessed,short,repeated,0,no,1,middle,no,no,no,
Kabalevsky T08,6,10,1.5,B3,59,i,Bozeman tenor-mezzo midpoint,0.455,close,E3,6.5,below primo,-3,-8,none,not assessed,short,leap-down,-3,no,1,middle,no,no,no,
Kabalevsky T08,6,10,2,B3,59,i,Bozeman tenor-mezzo midpoint,0.455,close,E3,6.5,below primo,-3,-8,none,not assessed,short,repeated,0,no,1,middle,no,no,no,
Kabalevsky T08,6,10,2.5,D4,62,i,Bozeman tenor-mezzo midpoint,0.455,close,E3,9.5,inside,0,-5,none,not assessed,short,leap-up,3,no,1,middle,no,no,no,
Kabalevsky T08,6,10,3,G4,67,o,Bozeman tenor-mezzo midpoint,0.455,close,C#4,6.5,inside,5,0,none,not assessed,short,leap-up,5,no,1,middle,yes,yes,yes,highest of phrase
Kabalevsky T08,6,10,3.5,F#4,66,ɨ,derived from Bozeman tenor-mezzo,0.455,close,A#3,8.11,inside,4,-1,none,not assessed,short,step,-1,no,1,middle,no,yes,no,
Kabalevsky T08,6,10,4,F#4,66,o,Bozeman tenor-mezzo midpoint,0.455,close,C#4,5.5,inside,4,-1,none,not assessed,short,repeated,0,no,1,middle,no,yes,no,
Kabalevsky T08,6,10,4.5,G4,67,ɑ,Bozeman tenor-mezzo midpoint,0.455,close,E4,2.5,inside,5,0,none,not assessed,short,step,1,no,1,middle,yes,yes,yes,highest of phrase
Kabalevsky T08,6,11,1,E4,64,ɛ,Bozeman tenor-mezzo midpoint,1.818,close,D#4,1.5,inside,2,-3,none,not assessed,short,leap-down,-3,no,1,middle,no,no,no,turning pitch 0 to 2 st below
Kabalevsky T08,6,11,3,E4,64,ɛ,Bozeman tenor-mezzo midpoint,0.455,close,D#4,1.5,inside,2,-3,none,not assessed,short,tie,0,no,1,middle,no,no,no,turning pitch 0 to 2 st below
Kabalevsky T08,6,11,3.5,B3,59,ɨ,derived from Bozeman tenor-mezzo,0.455,close,A#3,1.11,below primo,-3,-8,none,not assessed,short,leap-down,-5,no,1,middle,no,no,no,turning pitch 0 to 2 st below
Kabalevsky T08,6,11,4,B3,59,ʌ,derived from Bozeman tenor-mezzo,0.455,open,E4,-5.5,below primo,-3,-8,none,not assessed,short,repeated,0,no,1,middle,no,no,no,
Kabalevsky T08,6,11,4.5,B3,59,u,Bozeman tenor-mezzo midpoint,0.455,close,G3,4.5,below primo,-3,-8,none,not assessed,short,repeated,0,no,1,middle,no,no,no,
Kabalevsky T08,6,12,1,C4,60,ɛ,Bozeman tenor-mezzo midpoint,1.364,open,D#4,-2.5,below primo,-2,-7,none,not assessed,short,step,1,no,1,middle,no,no,no,
Kabalevsky T08,6,12,2.5,B3,59,ɑ,Bozeman tenor-mezzo midpoint,0.455,open,E4,-5.5,below primo,-3,-8,none,not assessed,short,step,-1,no,1,middle,no,no,no,
Kabalevsky T08,6,12,3,E4,64,ɨ,derived from Bozeman tenor-mezzo,0.455,close,A#3,6.11,inside,2,-3,none,not assessed,short,leap-up,5,no,1,middle,no,no,no,
Kabalevsky T08,6,12,3.5,C4,60,ɨ,derived from Bozeman tenor-mezzo,0.455,close,A#3,2.11,below primo,-2,-7,none,not assessed,short,leap-down,-4,no,1,middle,no,no,no,
Kabalevsky T08,6,12,4,C4,60,ɪ,derived from Bozeman tenor-mezzo,0.455,open,D4,-2.04,below primo,-2,-7,none,not assessed,short,repeated,0,no,1,middle,no,no,no,
Kabalevsky T08,6,12,4.5,A3,57,ɑ,Bozeman tenor-mezzo midpoint,0.455,open,E4,-7.5,below primo,-5,-10,3,not assessed,short,leap-down,-3,no,1,middle,no,no,no,
Kabalevsky T08,6,13,1,B3,59,e,Bozeman tenor-mezzo midpoint,1.818,open,D4,-2.5,below primo,-3,-8,none,not assessed,short,step,2,no,1,middle,no,no,no,
Kabalevsky T08,6,13,3,B3,59,e,Bozeman tenor-mezzo midpoint,0.455,open,D4,-2.5,below primo,-3,-8,none,not assessed,short,tie,0,no,1,last,no,no,no,
Kabalevsky T08,6,13,3.5,B3,59,ɑ,Bozeman tenor-mezzo midpoint,0.455,open,E4,-5.5,below primo,-3,-8,none,not assessed,short,repeated,0,no,2,first,no,no,no,
Kabalevsky T08,6,13,4,D#4,63,ɪ,derived from Bozeman tenor-mezzo,0.455,close,D4,0.96,inside,1,-4,none,not assessed,short,leap-up,4,no,2,middle,no,no,no,turning pitch 0 to 2 st below
Kabalevsky T08,6,13,4.5,F#4,66,ɑ,Bozeman tenor-mezzo midpoint,0.455,close,E4,1.5,inside,4,-1,none,not assessed,short,leap-up,3,no,2,middle,no,yes,yes,turning pitch 0 to 2 st below
Kabalevsky T08,6,14,1,E4,64,u,Bozeman tenor-mezzo midpoint,1.364,close,G3,9.5,inside,2,-3,none,not assessed,short,step,-2,no,2,middle,no,no,no,
Kabalevsky T08,6,14,2.5,C4,60,u,Bozeman tenor-mezzo midpoint,0.455,close,G3,5.5,below primo,-2,-7,none,not assessed,short,leap-down,-4,no,2,middle,no,no,no,
Kabalevsky T08,6,14,3,B3,59,ɑ,Bozeman tenor-mezzo midpoint,0.455,open,E4,-5.5,below primo,-3,-8,none,not assessed,short,step,-1,no,2,middle,no,no,no,
Kabalevsky T08,6,14,3.5,B3,59,i,Bozeman tenor-mezzo midpoint,0.455,close,E3,6.5,below primo,-3,-8,none,not assessed,short,repeated,0,no,2,middle,no,no,no,
Kabalevsky T08,6,14,4,D#4,63,ɛ,Bozeman tenor-mezzo midpoint,0.455,close,D#4,0.5,inside,1,-4,none,not assessed,short,leap-up,4,no,2,middle,no,no,no,turning pitch 0 to 2 st below
Kabalevsky T08,6,14,4.5,F#4,66,ɨ,derived from Bozeman tenor-mezzo,0.455,close,A#3,8.11,inside,4,-1,none,not assessed,short,leap-up,3,no,2,middle,no,yes,no,
Kabalevsky T08,6,15,1,E4,64,ɛ,Bozeman tenor-mezzo midpoint,1.818,close,D#4,1.5,inside,2,-3,none,not assessed,short,step,-2,no,2,middle,no,no,no,turning pitch 0 to 2 st below
Kabalevsky T08,6,15,3,E4,64,ɛ,Bozeman tenor-mezzo midpoint,0.455,close,D#4,1.5,inside,2,-3,none,not assessed,short,tie,0,no,2,middle,no,no,no,turning pitch 0 to 2 st below
Kabalevsky T08,6,15,3.5,E4,64,ɑ,Bozeman tenor-mezzo midpoint,0.455,open,E4,-0.5,inside,2,-3,none,not assessed,short,repeated,0,no,2,middle,no,no,no,
Kabalevsky T08,6,15,4,F#4,66,e,Bozeman tenor-mezzo midpoint,0.455,close,D4,4.5,inside,4,-1,none,not assessed,short,step,2,no,2,middle,no,yes,no,
Kabalevsky T08,6,15,4.5,G4,67,u,Bozeman tenor-mezzo midpoint,0.455,crossing,G3,12.5,inside,5,0,none,not assessed,short,step,1,no,2,middle,yes,yes,yes,highest of phrase; crossing
Kabalevsky T08,6,16,1,F#4,66,i,Bozeman tenor-mezzo midpoint,1.364,above,E3,13.5,inside,4,-1,none,not assessed,short,step,-1,no,2,middle,no,yes,no,
Kabalevsky T08,6,16,2.5,C#4,61,ɨ,derived from Bozeman tenor-mezzo,0.455,close,A#3,3.11,below primo,-1,-6,none,not assessed,short,leap-down,-5,no,2,middle,no,no,no,
Kabalevsky T08,6,16,3,E4,64,ɑ,Bozeman tenor-mezzo midpoint,0.455,open,E4,-0.5,inside,2,-3,none,not assessed,short,leap-up,3,no,2,middle,no,no,no,
Kabalevsky T08,6,16,3.5,E4,64,ɑ,Bozeman tenor-mezzo midpoint,0.455,open,E4,-0.5,inside,2,-3,none,not assessed,short,repeated,0,no,2,middle,no,no,no,
Kabalevsky T08,6,16,4,F#4,66,u,Bozeman tenor-mezzo midpoint,0.455,close,G3,11.5,inside,4,-1,none,not assessed,short,step,2,no,2,middle,no,yes,no,
Kabalevsky T08,6,16,4.5,G4,67,ɑ,Bozeman tenor-mezzo midpoint,0.455,close,E4,2.5,inside,5,0,none,not assessed,short,step,1,no,2,middle,yes,yes,yes,highest of phrase
Kabalevsky T08,6,17,1,F#4,66,e,Bozeman tenor-mezzo midpoint,3.636,close,D4,4.5,inside,4,-1,none,not assessed,held,step,-1,no,2,middle,no,yes,yes,held
Kabalevsky T08,6,18,1,F#4,66,e,Bozeman tenor-mezzo midpoint,0.455,close,D4,4.5,inside,4,-1,none,not assessed,held,tie,0,no,2,last,no,yes,yes,held
Kabalevsky T08,6,18,3.5,A3,57,ɑ,Bozeman tenor-mezzo midpoint,0.455,open,E4,-7.5,below primo,-5,-10,3,not assessed,short,leap-down,-9,yes,3,first,no,no,no,
Kabalevsky T08,6,18,4,G#3,56,ɪ,derived from Bozeman tenor-mezzo,0.455,open,D4,-6.04,below primo,-6,-11,none,not assessed,short,step,-1,no,3,middle,no,no,no,
Kabalevsky T08,6,18,4.5,B3,59,ɑ,Bozeman tenor-mezzo midpoint,0.455,open,E4,-5.5,below primo,-3,-8,none,not assessed,short,leap-up,3,no,3,middle,no,no,no,
Kabalevsky T08,6,19,1,A3,57,u,Bozeman tenor-mezzo midpoint,1.364,close,G3,2.5,below primo,-5,-10,none,not assessed,short,step,-2,no,3,middle,no,no,no,
Kabalevsky T08,6,19,2.5,F#3,54,o,Bozeman tenor-mezzo midpoint,0.455,open,C#4,-6.5,below primo,-8,-13,none,not assessed,short,leap-down,-3,no,3,middle,no,no,no,
Kabalevsky T08,6,19,3,D4,62,ɛ,Bozeman tenor-mezzo midpoint,0.455,open,D#4,-0.5,inside,0,-5,none,not assessed,short,leap-up,8,no,3,middle,no,no,no,
Kabalevsky T08,6,19,3.5,C#4,61,ʌ,derived from Bozeman tenor-mezzo,0.455,open,E4,-3.5,below primo,-1,-6,none,not assessed,short,step,-1,no,3,middle,no,no,no,
Kabalevsky T08,6,19,4,C#4,61,e,Bozeman tenor-mezzo midpoint,0.455,open,D4,-0.5,below primo,-1,-6,none,not assessed,short,repeated,0,no,3,middle,no,no,no,
Kabalevsky T08,6,19,4.5,D4,62,i,Bozeman tenor-mezzo midpoint,0.455,close,E3,9.5,inside,0,-5,none,not assessed,short,step,1,no,3,middle,no,no,no,
Kabalevsky T08,6,20,1,B3,59,o,Bozeman tenor-mezzo midpoint,1.818,open,C#4,-1.5,below primo,-3,-8,none,not assessed,held,leap-down,-3,no,3,middle,no,no,no,held
Kabalevsky T08,6,20,3,B3,59,o,Bozeman tenor-mezzo midpoint,1.364,open,C#4,-1.5,below primo,-3,-8,none,not assessed,held,tie,0,no,3,middle,no,no,no,held
Kabalevsky T08,6,20,4.5,B3,59,i,Bozeman tenor-mezzo midpoint,0.455,close,E3,6.5,below primo,-3,-8,none,not assessed,short,repeated,0,no,3,middle,no,no,no,
Kabalevsky T08,6,21,1,C#4,61,ɑ,Bozeman tenor-mezzo midpoint,0.455,open,E4,-3.5,below primo,-1,-6,none,not assessed,short,step,2,no,3,middle,no,no,no,
Kabalevsky T08,6,21,1.5,D4,62,ʌ,derived from Bozeman tenor-mezzo,0.455,open,E4,-2.5,inside,0,-5,none,not assessed,short,step,1,no,3,middle,no,no,no,
Kabalevsky T08,6,21,2,C#4,61,ʌ,derived from Bozeman tenor-mezzo,0.455,open,E4,-3.5,below primo,-1,-6,none,not assessed,short,step,-1,no,3,middle,no,no,no,
Kabalevsky T08,6,21,2.5,B3,59,i,Bozeman tenor-mezzo midpoint,0.455,close,E3,6.5,below primo,-3,-8,none,not assessed,short,step,-2,no,3,middle,no,no,no,
Kabalevsky T08,6,21,3,E4,64,ɑ,Bozeman tenor-mezzo midpoint,0.455,open,E4,-0.5,inside,2,-3,none,not assessed,short,leap-up,5,no,3,middle,yes,no,no,highest of phrase
Kabalevsky T08,6,21,3.5,D4,62,ʌ,derived from Bozeman tenor-mezzo,0.455,open,E4,-2.5,inside,0,-5,none,not assessed,short,step,-2,no,3,middle,no,no,no,
Kabalevsky T08,6,21,4,C#4,61,o,Bozeman tenor-mezzo midpoint,0.455,close,C#4,0.5,below primo,-1,-6,none,not assessed,short,step,-1,no,3,middle,no,no,no,turning pitch 0 to 2 st below
Kabalevsky T08,6,21,4.5,B3,59,i,Bozeman tenor-mezzo midpoint,0.455,close,E3,6.5,below primo,-3,-8,none,not assessed,short,step,-2,no,3,middle,no,no,no,
Kabalevsky T08,6,22,1,C#4,61,o,Bozeman tenor-mezzo midpoint,1.818,close,C#4,0.5,below primo,-1,-6,none,not assessed,short,step,2,no,3,middle,no,no,no,turning pitch 0 to 2 st below
Kabalevsky T08,6,22,3,C#4,61,o,Bozeman tenor-mezzo midpoint,0.455,close,C#4,0.5,below primo,-1,-6,none,not assessed,short,tie,0,no,3,middle,no,no,no,turning pitch 0 to 2 st below
Kabalevsky T08,6,22,3.5,A3,57,u,Bozeman tenor-mezzo midpoint,0.455,close,G3,2.5,below primo,-5,-10,none,not assessed,short,leap-down,-4,no,3,middle,no,no,no,
Kabalevsky T08,6,22,4,C#4,61,ɑ,Bozeman tenor-mezzo midpoint,0.455,open,E4,-3.5,below primo,-1,-6,none,not assessed,short,leap-up,4,no,3,middle,no,no,no,
Kabalevsky T08,6,22,4.5,E4,64,ɑ,Bozeman tenor-mezzo midpoint,0.455,open,E4,-0.5,inside,2,-3,none,not assessed,short,leap-up,3,no,3,middle,yes,no,no,highest of phrase
Kabalevsky T08,6,23,1,D4,62,u,Bozeman tenor-mezzo midpoint,1.364,close,G3,7.5,inside,0,-5,none,not assessed,short,step,-2,no,3,middle,no,no,no,
Kabalevsky T08,6,23,2.5,B3,59,ɑ,Bozeman tenor-mezzo midpoint,0.455,open,E4,-5.5,below primo,-3,-8,none,not assessed,short,leap-down,-3,no,3,middle,no,no,no,
Kabalevsky T08,6,23,3,A3,57,i,Bozeman tenor-mezzo midpoint,0.455,close,E3,4.5,below primo,-5,-10,none,not assessed,short,step,-2,no,3,middle,no,no,no,
Kabalevsky T08,6,23,3.5,G3,55,i,Bozeman tenor-mezzo midpoint,0.455,close,E3,2.5,below primo,-7,-12,none,not assessed,short,step,-2,no,3,middle,no,no,no,
Kabalevsky T08,6,23,4,B3,59,o,Bozeman tenor-mezzo midpoint,0.455,open,C#4,-1.5,below primo,-3,-8,none,not assessed,short,leap-up,4,no,3,middle,no,no,no,
Kabalevsky T08,6,23,4.5,F#3,54,ɨ,derived from Bozeman tenor-mezzo,0.455,open,A#3,-3.89,below primo,-8,-13,none,not assessed,short,leap-down,-5,no,3,middle,no,no,no,
Kabalevsky T08,6,24,1,B3,59,o,Bozeman tenor-mezzo midpoint,1.818,open,C#4,-1.5,below primo,-3,-8,none,not assessed,short,leap-up,5,no,3,middle,no,no,no,
Kabalevsky T08,6,24,3,B3,59,o,Bozeman tenor-mezzo midpoint,0.455,open,C#4,-1.5,below primo,-3,-8,none,not assessed,short,tie,0,no,3,middle,no,no,no,
Kabalevsky T08,6,24,3.5,E3,52,ɑ,Bozeman tenor-mezzo midpoint,0.455,open,E4,-12.5,below primo,-10,-15,4,not assessed,short,leap-down,-7,no,3,middle,no,no,no,
Kabalevsky T08,6,24,4,G3,55,o,Bozeman tenor-mezzo midpoint,0.455,open,C#4,-5.5,below primo,-7,-12,none,not assessed,short,leap-up,3,no,3,middle,no,no,no,
Kabalevsky T08,6,24,4.5,B3,59,ɨ,derived from Bozeman tenor-mezzo,0.455,close,A#3,1.11,below primo,-3,-8,none,not assessed,short,leap-up,4,no,3,middle,no,no,no,turning pitch 0 to 2 st below
Kabalevsky T08,6,25,1,C#4,61,ɑ,Bozeman tenor-mezzo midpoint,0.455,open,E4,-3.5,below primo,-1,-6,none,not assessed,short,step,2,no,3,middle,no,no,no,
Kabalevsky T08,6,25,1.5,B3,59,ɪ,derived from Bozeman tenor-mezzo,0.455,open,D4,-3.04,below primo,-3,-8,none,not assessed,short,step,-2,no,3,middle,no,no,no,
Kabalevsky T08,6,25,2,A3,57,i,Bozeman tenor-mezzo midpoint,0.455,close,E3,4.5,below primo,-5,-10,none,not assessed,short,step,-2,no,3,middle,no,no,no,
Kabalevsky T08,6,25,2.5,B3,59,ɑ,Bozeman tenor-mezzo midpoint,0.455,open,E4,-5.5,below primo,-3,-8,none,not assessed,short,step,2,no,3,middle,no,no,no,
Kabalevsky T08,6,25,3,C#4,61,ɑ,Bozeman tenor-mezzo midpoint,1.364,open,E4,-3.5,below primo,-1,-6,none,not assessed,short,step,2,no,3,middle,no,no,no,
Kabalevsky T08,6,25,4.5,E4,64,u,Bozeman tenor-mezzo midpoint,0.455,close,G3,9.5,inside,2,-3,none,not assessed,short,leap-up,3,no,3,middle,yes,no,no,highest of phrase
Kabalevsky T08,6,26,1,A3,57,o,Bozeman tenor-mezzo midpoint,1.818,open,C#4,-3.5,below primo,-5,-10,none,not assessed,short,leap-down,-7,no,3,middle,no,no,no,
Kabalevsky T08,6,26,3,A3,57,o,Bozeman tenor-mezzo midpoint,0.455,open,C#4,-3.5,below primo,-5,-10,none,not assessed,short,tie,0,no,3,last,no,no,no,
Kabalevsky T08,6,26,3.5,A3,57,ɑ,Bozeman tenor-mezzo midpoint,0.455,open,E4,-7.5,below primo,-5,-10,3,not assessed,short,repeated,0,no,4,first,no,no,no,
Kabalevsky T08,6,26,4,A3,57,ɪ,derived from Bozeman tenor-mezzo,0.455,open,D4,-5.04,below primo,-5,-10,none,not assessed,short,repeated,0,no,4,middle,no,no,no,
Kabalevsky T08,6,26,4.5,A3,57,ɑ,Bozeman tenor-mezzo midpoint,0.455,open,E4,-7.5,below primo,-5,-10,3,not assessed,short,repeated,0,no,4,middle,no,no,no,
Kabalevsky T08,6,27,1,A3,57,u,Bozeman tenor-mezzo midpoint,1.818,close,G3,2.5,below primo,-5,-10,none,not assessed,short,repeated,0,no,4,middle,no,no,no,
Kabalevsky T08,6,27,3,A3,57,u,Bozeman tenor-mezzo midpoint,0.455,close,G3,2.5,below primo,-5,-10,none,not assessed,short,tie,0,no,4,middle,no,no,no,
Kabalevsky T08,6,27,3.5,A3,57,o,Bozeman tenor-mezzo midpoint,0.455,open,C#4,-3.5,below primo,-5,-10,none,not assessed,short,repeated,0,no,4,middle,no,no,no,
Kabalevsky T08,6,27,4,A3,57,ɨ,derived from Bozeman tenor-mezzo,0.455,open,A#3,-0.89,below primo,-5,-10,none,not assessed,short,repeated,0,no,4,middle,no,no,no,
Kabalevsky T08,6,27,4.5,A3,57,ɑ,Bozeman tenor-mezzo midpoint,0.455,open,E4,-7.5,below primo,-5,-10,3,not assessed,short,repeated,0,no,4,middle,no,no,no,
Kabalevsky T08,6,28,1,A3,57,e,Bozeman tenor-mezzo midpoint,1.364,open,D4,-4.5,below primo,-5,-10,none,not assessed,short,repeated,0,no,4,middle,no,no,no,
Kabalevsky T08,6,28,2.5,G#3,56,ɑ,Bozeman tenor-mezzo midpoint,0.455,open,E4,-8.5,below primo,-6,-11,none,not assessed,short,step,-1,no,4,middle,no,no,no,
Kabalevsky T08,6,28,3,A3,57,o,Bozeman tenor-mezzo midpoint,1.818,open,C#4,-3.5,below primo,-5,-10,none,not assessed,short,step,1,no,4,middle,no,no,no,
Kabalevsky T08,6,29,1,C4,60,ɨ,derived from Bozeman tenor-mezzo,0.909,close,A#3,2.11,below primo,-2,-7,none,not assessed,short,leap-up,3,no,4,middle,no,no,no,
Kabalevsky T08,6,29,2,B3,59,ɪ,derived from Bozeman tenor-mezzo,0.455,open,D4,-3.04,below primo,-3,-8,none,not assessed,short,step,-1,no,4,middle,no,no,no,
Kabalevsky T08,6,29,2.5,A3,57,ɑ,Bozeman tenor-mezzo midpoint,0.455,open,E4,-7.5,below primo,-5,-10,3,not assessed,short,step,-2,no,4,middle,no,no,no,
Kabalevsky T08,6,29,3,B3,59,ɑ,Bozeman tenor-mezzo midpoint,0.455,open,E4,-5.5,below primo,-3,-8,none,not assessed,short,step,2,no,4,middle,no,no,no,
Kabalevsky T08,6,29,3.5,E4,64,i,Bozeman tenor-mezzo midpoint,0.455,crossing,E3,11.5,inside,2,-3,none,not assessed,short,leap-up,5,no,4,middle,no,no,no,crossing
Kabalevsky T08,6,29,4,F#4,66,ɑ,Bozeman tenor-mezzo midpoint,0.455,close,E4,1.5,inside,4,-1,none,not assessed,short,step,2,no,4,middle,no,yes,yes,turning pitch 0 to 2 st below
Kabalevsky T08,6,29,4.5,G4,67,ɑ,Bozeman tenor-mezzo midpoint,0.455,close,E4,2.5,inside,5,0,none,not assessed,short,step,1,no,4,middle,yes,yes,yes,highest of phrase
Kabalevsky T08,6,30,1,F#4,66,ɛ,Bozeman tenor-mezzo midpoint,1.364,close,D#4,3.5,inside,4,-1,none,not assessed,short,step,-1,no,4,middle,no,yes,no,
Kabalevsky T08,6,30,2.5,C#4,61,u,Bozeman tenor-mezzo midpoint,0.455,close,G3,6.5,below primo,-1,-6,none,not assessed,short,leap-down,-5,no,4,middle,no,no,no,
Kabalevsky T08,6,30,3,D4,62,o,Bozeman tenor-mezzo midpoint,1.818,close,C#4,1.5,inside,0,-5,none,not assessed,short,step,1,no,4,middle,no,no,no,turning pitch 0 to 2 st below
Kabalevsky T08,6,31,1,D4,62,o,Bozeman tenor-mezzo midpoint,0.455,close,C#4,1.5,inside,0,-5,none,not assessed,short,tie,0,no,4,last,no,no,no,turning pitch 0 to 2 st below
Kabalevsky T09,4,4,4.5,D4,62,u,Bozeman tenor-mezzo midpoint,0.357,close,G3,7.5,inside,0,-5,none,not assessed,short,first note,,,0,first,no,no,no,
Kabalevsky T09,4,5,1,D#4,63,ɛ,Bozeman tenor-mezzo midpoint,0.357,close,D#4,0.5,inside,1,-4,none,not assessed,short,step,1,no,0,middle,no,no,no,turning pitch 0 to 2 st below
Kabalevsky T09,4,5,1.5,D4,62,i,Bozeman tenor-mezzo midpoint,0.357,close,E3,9.5,inside,0,-5,none,not assessed,short,step,-1,no,0,middle,no,no,no,
Kabalevsky T09,4,5,2,D4,62,ɨ,derived from Bozeman tenor-mezzo,0.357,close,A#3,4.11,inside,0,-5,none,not assessed,short,repeated,0,no,0,middle,no,no,no,
Kabalevsky T09,4,5,2.5,D#4,63,ɑ,Bozeman tenor-mezzo midpoint,0.357,open,E4,-1.5,inside,1,-4,none,not assessed,short,step,1,no,0,middle,no,no,no,
Kabalevsky T09,4,5,3,D#4,63,u,Bozeman tenor-mezzo midpoint,0.357,close,G3,8.5,inside,1,-4,none,not assessed,short,repeated,0,no,0,middle,no,no,no,
Kabalevsky T09,4,5,3.5,C4,60,i,Bozeman tenor-mezzo midpoint,0.357,close,E3,7.5,below primo,-2,-7,none,not assessed,short,leap-down,-3,no,0,middle,no,no,no,
Kabalevsky T09,4,5,4,C#4,61,ɑ,Bozeman tenor-mezzo midpoint,0.357,open,E4,-3.5,below primo,-1,-6,none,not assessed,short,step,1,no,0,middle,no,no,no,
Kabalevsky T09,4,5,4.5,D4,62,i,Bozeman tenor-mezzo midpoint,0.357,close,E3,9.5,inside,0,-5,none,not assessed,short,step,1,no,0,middle,no,no,no,
Kabalevsky T09,4,6,1,F4,65,e,Bozeman tenor-mezzo midpoint,2.143,close,D4,3.5,inside,3,-2,none,not assessed,short,leap-up,3,no,0,last,yes,no,no,highest of phrase
Kabalevsky T09,4,6,4.5,D4,62,i,Bozeman tenor-mezzo midpoint,0.357,close,E3,9.5,inside,0,-5,none,not assessed,short,leap-down,-3,yes,1,first,no,no,no,
Kabalevsky T09,4,7,1,F4,65,e,Bozeman tenor-mezzo midpoint,0.357,close,D4,3.5,inside,3,-2,none,not assessed,short,leap-up,3,no,1,middle,yes,no,no,highest of phrase
Kabalevsky T09,4,7,1.5,D#4,63,ɑ,Bozeman tenor-mezzo midpoint,0.357,open,E4,-1.5,inside,1,-4,none,not assessed,short,step,-2,no,1,middle,no,no,no,
Kabalevsky T09,4,7,2,D4,62,ɑ,Bozeman tenor-mezzo midpoint,0.357,open,E4,-2.5,inside,0,-5,none,not assessed,short,step,-1,no,1,middle,no,no,no,
Kabalevsky T09,4,7,2.5,D#4,63,e,Bozeman tenor-mezzo midpoint,0.357,close,D4,1.5,inside,1,-4,none,not assessed,short,step,1,no,1,middle,no,no,no,turning pitch 0 to 2 st below
Kabalevsky T09,4,7,3,D4,62,i,Bozeman tenor-mezzo midpoint,0.357,close,E3,9.5,inside,0,-5,none,not assessed,short,step,-1,no,1,middle,no,no,no,
Kabalevsky T09,4,7,3.5,A#3,58,ɑ,Bozeman tenor-mezzo midpoint,0.357,open,E4,-6.5,below primo,-4,-9,none,not assessed,short,leap-down,-4,no,1,middle,no,no,no,
Kabalevsky T09,4,7,4,A#3,58,o,Bozeman tenor-mezzo midpoint,0.357,open,C#4,-2.5,below primo,-4,-9,none,not assessed,short,repeated,0,no,1,middle,no,no,no,
Kabalevsky T09,4,7,4.5,C4,60,ɑ,Bozeman tenor-mezzo midpoint,0.357,open,E4,-4.5,below primo,-2,-7,none,not assessed,short,step,2,no,1,middle,no,no,no,
Kabalevsky T09,4,8,1,G#3,56,o,Bozeman tenor-mezzo midpoint,1.071,open,C#4,-4.5,below primo,-6,-11,none,not assessed,short,leap-down,-4,no,1,middle,no,no,no,
Kabalevsky T09,4,8,2.5,G3,55,ɪ,derived from Bozeman tenor-mezzo,0.357,open,D4,-7.04,below primo,-7,-12,3,not assessed,short,step,-1,no,1,last,no,no,no,
Kabalevsky T09,4,9,1,D#4,63,u,Bozeman tenor-mezzo midpoint,0.714,close,G3,8.5,inside,1,-4,none,not assessed,short,leap-up,8,yes,2,first,no,no,no,
Kabalevsky T09,4,9,2,D4,62,ɑ,Bozeman tenor-mezzo midpoint,0.357,open,E4,-2.5,inside,0,-5,none,not assessed,short,step,-1,no,2,middle,no,no,no,
Kabalevsky T09,4,9,2.5,D#4,63,o,Bozeman tenor-mezzo midpoint,0.357,close,C#4,2.5,inside,1,-4,none,not assessed,short,step,1,no,2,middle,no,no,no,
Kabalevsky T09,4,9,3,D#4,63,o,Bozeman tenor-mezzo midpoint,0.357,close,C#4,2.5,inside,1,-4,none,not assessed,short,repeated,0,no,2,middle,no,no,no,
Kabalevsky T09,4,9,3.5,C4,60,ʌ,derived from Bozeman tenor-mezzo,0.357,open,E4,-4.5,below primo,-2,-7,none,not assessed,short,leap-down,-3,no,2,middle,no,no,no,
Kabalevsky T09,4,9,4,C#4,61,i,Bozeman tenor-mezzo midpoint,0.357,close,E3,8.5,below primo,-1,-6,none,not assessed,short,step,1,no,2,middle,no,no,no,
Kabalevsky T09,4,9,4.5,D4,62,ɑ,Bozeman tenor-mezzo midpoint,0.357,open,E4,-2.5,inside,0,-5,none,not assessed,short,step,1,no,2,middle,no,no,no,
Kabalevsky T09,4,10,1,F4,65,i,Bozeman tenor-mezzo midpoint,1.071,above,E3,12.5,inside,3,-2,none,not assessed,short,leap-up,3,no,2,middle,yes,no,no,highest of phrase
Kabalevsky T09,4,10,2.5,D#4,63,ɑ,Bozeman tenor-mezzo midpoint,0.357,open,E4,-1.5,inside,1,-4,none,not assessed,short,step,-2,no,2,middle,no,no,no,
Kabalevsky T09,4,10,3,D4,62,e,Bozeman tenor-mezzo midpoint,0.714,close,D4,0.5,inside,0,-5,none,not assessed,short,step,-1,no,2,last,no,no,no,turning pitch 0 to 2 st below
Kabalevsky T09,4,10,4.5,C4,60,o,Bozeman tenor-mezzo midpoint,0.357,open,C#4,-0.5,below primo,-2,-7,none,not assessed,short,step,-2,yes,3,first,no,no,no,
Kabalevsky T09,4,11,1,A#3,58,o,Bozeman tenor-mezzo midpoint,0.357,open,C#4,-2.5,below primo,-4,-9,none,not assessed,short,step,-2,no,3,middle,no,no,no,
Kabalevsky T09,4,11,1.5,G#3,56,ʌ,derived from Bozeman tenor-mezzo,0.357,open,E4,-8.5,below primo,-6,-11,none,not assessed,short,step,-2,no,3,middle,no,no,no,
Kabalevsky T09,4,11,2,G3,55,ɪ,derived from Bozeman tenor-mezzo,0.357,open,D4,-7.04,below primo,-7,-12,3,not assessed,short,step,-1,no,3,middle,no,no,no,
Kabalevsky T09,4,11,2.5,F#3,54,ɑ,Bozeman tenor-mezzo midpoint,0.357,open,E4,-10.5,below primo,-8,-13,none,not assessed,short,step,-1,no,3,middle,no,no,no,
Kabalevsky T09,4,11,3,G3,55,e,Bozeman tenor-mezzo midpoint,0.357,open,D4,-6.5,below primo,-7,-12,none,not assessed,short,step,1,no,3,middle,no,no,no,
Kabalevsky T09,4,11,3.5,B3,59,i,Bozeman tenor-mezzo midpoint,0.357,close,E3,6.5,below primo,-3,-8,none,not assessed,short,leap-up,4,no,3,middle,no,no,no,
Kabalevsky T09,4,11,4,D4,62,ɑ,Bozeman tenor-mezzo midpoint,0.357,open,E4,-2.5,inside,0,-5,none,not assessed,short,leap-up,3,no,3,middle,yes,no,no,highest of phrase
Kabalevsky T09,4,11,4.5,F3,53,i,Bozeman tenor-mezzo midpoint,0.357,close,E3,0.5,below primo,-9,-14,none,not assessed,short,leap-down,-9,no,3,middle,no,no,no,turning pitch 0 to 2 st below
Kabalevsky T09,4,12,1,D#3,51,o,Bozeman tenor-mezzo midpoint,1.071,open,C#4,-9.5,below primo,-11,-16,none,not assessed,short,step,-2,no,3,middle,no,no,no,
Kabalevsky T09,4,12,2.5,D#3,51,ɑ,Bozeman tenor-mezzo midpoint,0.357,open,E4,-13.5,below primo,-11,-16,none,not assessed,short,repeated,0,no,3,last,no,no,no,
Kabalevsky T09,4,13,3.5,D#3,51,i,Bozeman tenor-mezzo midpoint,0.357,open,E3,-1.5,below primo,-11,-16,none,not assessed,short,repeated,0,yes,4,first,no,no,no,
Kabalevsky T09,4,13,4,D#3,51,ɛ,Bozeman tenor-mezzo midpoint,0.357,open,D#4,-11.5,below primo,-11,-16,4,not assessed,short,repeated,0,no,4,middle,no,no,no,
Kabalevsky T09,4,13,4.5,D#3,51,i,Bozeman tenor-mezzo midpoint,0.357,open,E3,-1.5,below primo,-11,-16,none,not assessed,short,repeated,0,no,4,middle,no,no,no,
Kabalevsky T09,4,14,1,C4,60,o,Bozeman tenor-mezzo midpoint,1.071,open,C#4,-0.5,below primo,-2,-7,none,not assessed,short,leap-up,9,no,4,middle,no,no,no,
Kabalevsky T09,4,14,2.5,C4,60,ɑ,Bozeman tenor-mezzo midpoint,0.357,open,E4,-4.5,below primo,-2,-7,none,not assessed,short,repeated,0,no,4,middle,no,no,no,
Kabalevsky T09,4,14,3,C4,60,o,Bozeman tenor-mezzo midpoint,0.357,open,C#4,-0.5,below primo,-2,-7,none,not assessed,short,repeated,0,no,4,middle,no,no,no,
Kabalevsky T09,4,14,3.5,A#3,58,ɛ,Bozeman tenor-mezzo midpoint,0.357,open,D#4,-4.5,below primo,-4,-9,none,not assessed,short,step,-2,no,4,middle,no,no,no,
Kabalevsky T09,4,14,4,G#3,56,ɪ,derived from Bozeman tenor-mezzo,0.357,open,D4,-6.04,below primo,-6,-11,none,not assessed,short,step,-2,no,4,middle,no,no,no,
Kabalevsky T09,4,14,4.5,G3,55,ɑ,Bozeman tenor-mezzo midpoint,0.357,open,E4,-9.5,below primo,-7,-12,none,not assessed,short,step,-1,no,4,middle,no,no,no,
Kabalevsky T09,4,15,1,G#3,56,o,Bozeman tenor-mezzo midpoint,1.429,open,C#4,-4.5,below primo,-6,-11,none,not assessed,short,step,1,no,4,middle,no,no,no,
Kabalevsky T09,4,15,3,G#3,56,o,Bozeman tenor-mezzo midpoint,0.357,open,C#4,-4.5,below primo,-6,-11,none,not assessed,short,tie,0,no,4,middle,no,no,no,
Kabalevsky T09,4,15,3.5,F3,53,ɪ,derived from Bozeman tenor-mezzo,0.357,open,D4,-9.04,below primo,-9,-14,none,not assessed,short,leap-down,-3,no,4,middle,no,no,no,
Kabalevsky T09,4,15,4,F3,53,ʌ,derived from Bozeman tenor-mezzo,0.357,open,E4,-11.5,below primo,-9,-14,none,not assessed,short,repeated,0,no,4,middle,no,no,no,
Kabalevsky T09,4,15,4.5,F3,53,ɑ,Bozeman tenor-mezzo midpoint,0.357,open,E4,-11.5,below primo,-9,-14,none,not assessed,short,repeated,0,no,4,middle,no,no,no,
Kabalevsky T09,4,16,1,F4,65,i,Bozeman tenor-mezzo midpoint,1.071,above,E3,12.5,inside,3,-2,none,not assessed,short,leap-up,12,no,4,middle,no,no,no,
Kabalevsky T09,4,16,2.5,F#4,66,u,Bozeman tenor-mezzo midpoint,0.357,close,G3,11.5,inside,4,-1,none,not assessed,short,step,1,no,4,middle,yes,yes,yes,highest of phrase
Kabalevsky T09,4,16,3,F4,65,ɑ,Bozeman tenor-mezzo midpoint,0.357,close,E4,0.5,inside,3,-2,none,not assessed,short,step,-1,no,4,middle,no,no,no,turning pitch 0 to 2 st below
Kabalevsky T09,4,16,3.5,C4,60,ɑ,Bozeman tenor-mezzo midpoint,0.357,open,E4,-4.5,below primo,-2,-7,none,not assessed,short,leap-down,-5,no,4,middle,no,no,no,
Kabalevsky T09,4,16,4,C#4,61,i,Bozeman tenor-mezzo midpoint,0.357,close,E3,8.5,below primo,-1,-6,none,not assessed,short,step,1,no,4,middle,no,no,no,
Kabalevsky T09,4,16,4.5,C4,60,ɑ,Bozeman tenor-mezzo midpoint,0.357,open,E4,-4.5,below primo,-2,-7,none,not assessed,short,step,-1,no,4,middle,no,no,no,
Kabalevsky T09,4,17,1,C#4,61,ɑ,Bozeman tenor-mezzo midpoint,1.071,open,E4,-3.5,below primo,-1,-6,none,not assessed,short,step,1,no,4,middle,no,no,no,
Kabalevsky T09,4,17,2.5,A#3,58,ɨ,derived from Bozeman tenor-mezzo,0.357,close,A#3,0.11,below primo,-4,-9,none,not assessed,short,leap-down,-3,no,4,last,no,no,no,turning pitch 0 to 2 st below
Kabalevsky T09,4,17,4.5,G3,55,u,Bozeman tenor-mezzo midpoint,0.357,close,G3,0.5,below primo,-7,-12,none,not assessed,short,leap-down,-3,yes,5,first,no,no,no,turning pitch 0 to 2 st below
Kabalevsky T09,4,18,1,G#3,56,u,Bozeman tenor-mezzo midpoint,0.536,close,G3,1.5,below primo,-6,-11,none,not assessed,short,step,1,no,5,middle,no,no,no,turning pitch 0 to 2 st below
Kabalevsky T09,4,18,1.75,G3,55,ɑ,Bozeman tenor-mezzo midpoint,0.179,open,E4,-9.5,below primo,-7,-12,none,not assessed,short,step,-1,no,5,middle,no,no,no,
Kabalevsky T09,4,18,2,G3,55,ɑ,Bozeman tenor-mezzo midpoint,0.714,open,E4,-9.5,below primo,-7,-12,none,not assessed,short,repeated,0,no,5,middle,no,no,no,
Kabalevsky T09,4,18,3,G3,55,ɑ,Bozeman tenor-mezzo midpoint,0.357,open,E4,-9.5,below primo,-7,-12,none,not assessed,short,tie,0,no,5,middle,no,no,no,
Kabalevsky T09,4,18,3.5,F#3,54,ɪ,derived from Bozeman tenor-mezzo,0.357,open,D4,-8.04,below primo,-8,-13,none,not assessed,short,step,-1,no,5,middle,no,no,no,
Kabalevsky T09,4,18,4,F#3,54,ʌ,derived from Bozeman tenor-mezzo,0.357,open,E4,-10.5,below primo,-8,-13,none,not assessed,short,repeated,0,no,5,middle,no,no,no,
Kabalevsky T09,4,18,4.5,G3,55,ɪ,derived from Bozeman tenor-mezzo,0.357,open,D4,-7.04,below primo,-7,-12,3,not assessed,short,step,1,no,5,middle,no,no,no,
Kabalevsky T09,4,19,1,C#4,61,ɨ,derived from Bozeman tenor-mezzo,1.071,close,A#3,3.11,below primo,-1,-6,none,not assessed,short,leap-up,6,no,5,middle,no,no,no,
Kabalevsky T09,4,19,2.5,G3,55,none resolved,not assessed,0.357,not assessed,not assessed,not assessed,below primo,-7,-12,not assessed,not assessed,short,leap-down,-6,no,5,middle,no,no,no,
Kabalevsky T09,4,19,3,C4,60,o,Bozeman tenor-mezzo midpoint,1.071,open,C#4,-0.5,below primo,-2,-7,none,not assessed,short,leap-up,5,no,5,middle,no,no,no,
Kabalevsky T09,4,19,4.5,C4,60,ɑ,Bozeman tenor-mezzo midpoint,0.357,open,E4,-4.5,below primo,-2,-7,none,not assessed,short,repeated,0,no,5,middle,no,no,no,
Kabalevsky T09,4,20,1,F4,65,i,Bozeman tenor-mezzo midpoint,1.071,above,E3,12.5,inside,3,-2,none,not assessed,short,leap-up,5,no,5,middle,yes,no,no,highest of phrase
Kabalevsky T09,4,20,2.5,C#4,61,ɨ,derived from Bozeman tenor-mezzo,0.357,close,A#3,3.11,below primo,-1,-6,none,not assessed,short,leap-down,-4,no,5,middle,no,no,no,
Kabalevsky T09,4,20,3,C4,60,u,Bozeman tenor-mezzo midpoint,0.714,close,G3,5.5,below primo,-2,-7,none,not assessed,short,step,-1,no,5,middle,no,no,no,
Kabalevsky T09,4,20,4,G#3,56,ʌ,derived from Bozeman tenor-mezzo,0.714,open,E4,-8.5,below primo,-6,-11,none,not assessed,short,leap-down,-4,no,5,middle,no,no,no,
Kabalevsky T09,4,21,1,F4,65,u,Bozeman tenor-mezzo midpoint,0.357,close,G3,10.5,inside,3,-2,none,not assessed,short,leap-up,9,no,5,middle,yes,no,no,highest of phrase
Kabalevsky T09,4,21,1.5,C#4,61,ʌ,derived from Bozeman tenor-mezzo,0.357,open,E4,-3.5,below primo,-1,-6,none,not assessed,short,leap-down,-4,no,5,middle,no,no,no,
Kabalevsky T09,4,21,2,C4,60,ɪ,derived from Bozeman tenor-mezzo,0.357,open,D4,-2.04,below primo,-2,-7,none,not assessed,short,step,-1,no,5,middle,no,no,no,
Kabalevsky T09,4,21,2.5,C#4,61,ɑ,Bozeman tenor-mezzo midpoint,0.357,open,E4,-3.5,below primo,-1,-6,none,not assessed,short,step,1,no,5,middle,no,no,no,
Kabalevsky T09,4,21,3,C4,60,ɑ,Bozeman tenor-mezzo midpoint,1.071,open,E4,-4.5,below primo,-2,-7,none,not assessed,short,step,-1,no,5,middle,no,no,no,
Kabalevsky T09,4,21,4.5,C4,60,ɨ,derived from Bozeman tenor-mezzo,0.357,close,A#3,2.11,below primo,-2,-7,none,not assessed,short,repeated,0,no,5,last,no,no,no,
Kabalevsky T09,4,24,4.5,D4,62,ɑ,Bozeman tenor-mezzo midpoint,0.357,open,E4,-2.5,inside,0,-5,none,not assessed,short,step,2,yes,6,first,no,no,no,
Kabalevsky T09,4,25,1,D#4,63,ɑ,Bozeman tenor-mezzo midpoint,1.071,open,E4,-1.5,inside,1,-4,none,not assessed,short,step,1,no,6,middle,no,no,no,
Kabalevsky T09,4,25,2.5,D#4,63,i,Bozeman tenor-mezzo midpoint,0.357,close,E3,10.5,inside,1,-4,none,not assessed,short,repeated,0,no,6,middle,no,no,no,
Kabalevsky T09,4,25,3,D#4,63,ɑ,Bozeman tenor-mezzo midpoint,0.357,open,E4,-1.5,inside,1,-4,none,not assessed,short,repeated,0,no,6,middle,no,no,no,
Kabalevsky T09,4,25,3.5,C4,60,o,Bozeman tenor-mezzo midpoint,0.357,open,C#4,-0.5,below primo,-2,-7,none,not assessed,short,leap-down,-3,no,6,middle,no,no,no,
Kabalevsky T09,4,25,4,C#4,61,ɪ,derived from Bozeman tenor-mezzo,0.357,open,D4,-1.04,below primo,-1,-6,none,not assessed,short,step,1,no,6,middle,no,no,no,
Kabalevsky T09,4,25,4.5,D4,62,ɑ,Bozeman tenor-mezzo midpoint,0.357,open,E4,-2.5,inside,0,-5,none,not assessed,short,step,1,no,6,middle,no,no,no,
Kabalevsky T09,4,26,1,F4,65,e,Bozeman tenor-mezzo midpoint,1.071,close,D4,3.5,inside,3,-2,none,not assessed,short,leap-up,3,no,6,middle,yes,no,no,highest of phrase
Kabalevsky T09,4,26,2.5,D#4,63,i,Bozeman tenor-mezzo midpoint,0.357,close,E3,10.5,inside,1,-4,none,not assessed,short,step,-2,no,6,middle,no,no,no,
Kabalevsky T09,4,26,3,D4,62,i,Bozeman tenor-mezzo midpoint,0.714,close,E3,9.5,inside,0,-5,none,not assessed,short,step,-1,no,6,last,no,no,no,
Kabalevsky T09,4,26,4.5,D4,62,ɑ,Bozeman tenor-mezzo midpoint,0.357,open,E4,-2.5,inside,0,-5,none,not assessed,short,repeated,0,yes,7,first,no,no,no,
Kabalevsky T09,4,27,1,F4,65,ɑ,Bozeman tenor-mezzo midpoint,0.357,close,E4,0.5,inside,3,-2,none,not assessed,short,leap-up,3,no,7,middle,yes,no,no,highest of phrase; turning pitch 0 to 2 st below
Kabalevsky T09,4,27,1.5,D#4,63,ɑ,Bozeman tenor-mezzo midpoint,0.357,open,E4,-1.5,inside,1,-4,none,not assessed,short,step,-2,no,7,middle,no,no,no,
Kabalevsky T09,4,27,2,D4,62,ɛ,Bozeman tenor-mezzo midpoint,0.357,open,D#4,-0.5,inside,0,-5,none,not assessed,short,step,-1,no,7,middle,no,no,no,
Kabalevsky T09,4,27,2.5,D#4,63,i,Bozeman tenor-mezzo midpoint,0.357,close,E3,10.5,inside,1,-4,none,not assessed,short,step,1,no,7,middle,no,no,no,
Kabalevsky T09,4,27,3,D4,62,ɛ,Bozeman tenor-mezzo midpoint,0.357,open,D#4,-0.5,inside,0,-5,none,not assessed,short,step,-1,no,7,middle,no,no,no,
Kabalevsky T09,4,27,3.5,A#3,58,ɑ,Bozeman tenor-mezzo midpoint,0.357,open,E4,-6.5,below primo,-4,-9,none,not assessed,short,leap-down,-4,no,7,middle,no,no,no,
Kabalevsky T09,4,27,4,A#3,58,ʌ,derived from Bozeman tenor-mezzo,0.357,open,E4,-6.5,below primo,-4,-9,none,not assessed,short,repeated,0,no,7,middle,no,no,no,
Kabalevsky T09,4,27,4.5,C4,60,ɑ,Bozeman tenor-mezzo midpoint,0.357,open,E4,-4.5,below primo,-2,-7,none,not assessed,short,step,2,no,7,middle,no,no,no,
Kabalevsky T09,4,28,1,G#3,56,e,Bozeman tenor-mezzo midpoint,1.071,open,D4,-5.5,below primo,-6,-11,none,not assessed,short,leap-down,-4,no,7,middle,no,no,no,
Kabalevsky T09,4,28,2.5,G3,55,u,Bozeman tenor-mezzo midpoint,0.357,close,G3,0.5,below primo,-7,-12,none,not assessed,short,step,-1,no,7,last,no,no,no,turning pitch 0 to 2 st below
Kabalevsky T09,4,28,4.5,G3,55,ɑ,Bozeman tenor-mezzo midpoint,0.357,open,E4,-9.5,below primo,-7,-12,none,not assessed,short,repeated,0,yes,8,first,no,no,no,
Kabalevsky T09,4,29,1,G#3,56,ɑ,Bozeman tenor-mezzo midpoint,1.071,open,E4,-8.5,below primo,-6,-11,none,not assessed,short,step,1,no,8,middle,no,no,no,
Kabalevsky T09,4,29,2.5,F3,53,i,Bozeman tenor-mezzo midpoint,0.357,close,E3,0.5,below primo,-9,-14,none,not assessed,short,leap-down,-3,no,8,middle,no,no,no,turning pitch 0 to 2 st below
Kabalevsky T09,4,29,3,C4,60,ɑ,Bozeman tenor-mezzo midpoint,1.071,open,E4,-4.5,below primo,-2,-7,none,not assessed,short,leap-up,7,no,8,last,yes,no,no,highest of phrase
Kabalevsky T09,4,29,4.5,G3,55,o,Bozeman tenor-mezzo midpoint,0.357,open,C#4,-5.5,below primo,-7,-12,none,not assessed,short,leap-down,-5,no,9,first,no,no,no,
Kabalevsky T09,4,30,1,G#3,56,ɑ,Bozeman tenor-mezzo midpoint,0.357,open,E4,-8.5,below primo,-6,-11,none,not assessed,short,step,1,no,9,middle,no,no,no,
Kabalevsky T09,4,30,1.25,F3,53,u,Bozeman tenor-mezzo midpoint,0.357,open,G3,-1.5,below primo,-9,-14,none,not assessed,short,leap-down,-3,no,9,middle,no,no,no,
Kabalevsky T09,4,30,1.5,G#3,56,ɑ,Bozeman tenor-mezzo midpoint,0.357,open,E4,-8.5,below primo,-6,-11,none,not assessed,short,leap-up,3,no,9,middle,no,no,no,
Kabalevsky T09,4,30,1.75,C4,60,ɑ,Bozeman tenor-mezzo midpoint,0.357,open,E4,-4.5,below primo,-2,-7,none,not assessed,short,leap-up,4,no,9,middle,no,no,no,
Kabalevsky T09,4,30,2,D4,62,i,Bozeman tenor-mezzo midpoint,1.429,close,E3,9.5,inside,0,-5,none,not assessed,short,step,2,no,9,middle,no,no,no,
Kabalevsky T09,4,30,3,D4,62,i,Bozeman tenor-mezzo midpoint,0.357,close,E3,9.5,inside,0,-5,none,not assessed,short,tie,0,no,9,middle,no,no,no,
Kabalevsky T09,4,30,3.25,D4,62,o,Bozeman tenor-mezzo midpoint,0.357,close,C#4,1.5,inside,0,-5,none,not assessed,short,repeated,0,no,9,middle,no,no,no,turning pitch 0 to 2 st below
Kabalevsky T09,4,30,3.5,C#4,61,ɛ,Bozeman tenor-mezzo midpoint,0.357,open,D#4,-1.5,below primo,-1,-6,none,not assessed,short,step,-1,no,9,middle,no,no,no,
Kabalevsky T09,4,30,3.75,D4,62,ʌ,derived from Bozeman tenor-mezzo,0.357,open,E4,-2.5,inside,0,-5,none,not assessed,short,step,1,no,9,middle,no,no,no,
Kabalevsky T09,4,31,1,F4,65,ɑ,Bozeman tenor-mezzo midpoint,1.071,close,E4,0.5,inside,3,-2,none,not assessed,short,leap-up,3,no,9,middle,yes,no,no,highest of phrase; turning pitch 0 to 2 st below
Kabalevsky T09,4,31,2.5,D#4,63,ɛ,Bozeman tenor-mezzo midpoint,0.357,close,D#4,0.5,inside,1,-4,none,not assessed,short,step,-2,no,9,middle,no,no,no,turning pitch 0 to 2 st below
Kabalevsky T09,4,31,3,D4,62,ɛ,Bozeman tenor-mezzo midpoint,0.357,open,D#4,-0.5,inside,0,-5,none,not assessed,short,step,-1,no,9,middle,no,no,no,
Kabalevsky T09,4,31,3.5,D#4,63,ɪ,derived from Bozeman tenor-mezzo,0.357,close,D4,0.96,inside,1,-4,none,not assessed,short,step,1,no,9,middle,no,no,no,turning pitch 0 to 2 st below
Kabalevsky T09,4,31,4,D4,62,o,Bozeman tenor-mezzo midpoint,0.357,close,C#4,1.5,inside,0,-5,none,not assessed,short,step,-1,no,9,middle,no,no,no,turning pitch 0 to 2 st below
Kabalevsky T09,4,31,4.5,C4,60,o,Bozeman tenor-mezzo midpoint,0.357,open,C#4,-0.5,below primo,-2,-7,none,not assessed,short,step,-2,no,9,middle,no,no,no,
Kabalevsky T09,4,32,1,B3,59,e,Bozeman tenor-mezzo midpoint,1.071,open,D4,-2.5,below primo,-3,-8,none,not assessed,short,step,-1,no,9,middle,no,no,no,
Kabalevsky T09,4,32,2.5,G3,55,ɛ,Bozeman tenor-mezzo midpoint,0.357,open,D#4,-7.5,below primo,-7,-12,3,not assessed,short,leap-down,-4,no,9,last,no,no,no,
Kabalevsky T09,4,32,4.5,G3,55,o,Bozeman tenor-mezzo midpoint,0.357,open,C#4,-5.5,below primo,-7,-12,none,not assessed,short,repeated,0,yes,10,first,no,no,no,
Kabalevsky T09,4,33,1,G#3,56,ɛ,Bozeman tenor-mezzo midpoint,1.071,open,D#4,-6.5,below primo,-6,-11,none,not assessed,short,step,1,no,10,middle,no,no,no,
Kabalevsky T09,4,33,2.5,C4,60,ɪ,derived from Bozeman tenor-mezzo,0.357,open,D4,-2.04,below primo,-2,-7,none,not assessed,short,leap-up,4,no,10,middle,no,no,no,
Kabalevsky T09,4,33,3,B3,59,o,Bozeman tenor-mezzo midpoint,1.071,open,C#4,-1.5,below primo,-3,-8,none,not assessed,short,step,-1,no,10,middle,no,no,no,
Kabalevsky T09,4,33,4.5,G3,55,ɑ,Bozeman tenor-mezzo midpoint,0.357,open,E4,-9.5,below primo,-7,-12,none,not assessed,short,leap-down,-4,no,10,middle,no,no,no,
Kabalevsky T09,4,34,1,G#3,56,e,Bozeman tenor-mezzo midpoint,0.357,open,D4,-5.5,below primo,-6,-11,none,not assessed,short,step,1,no,10,middle,no,no,no,
Kabalevsky T09,4,34,1.5,F3,53,ɑ,Bozeman tenor-mezzo midpoint,0.357,open,E4,-11.5,below primo,-9,-14,none,not assessed,short,leap-down,-3,no,10,middle,no,no,no,
Kabalevsky T09,4,34,2,C4,60,ɑ,Bozeman tenor-mezzo midpoint,0.357,open,E4,-4.5,below primo,-2,-7,none,not assessed,short,leap-up,7,no,10,middle,no,no,no,
Kabalevsky T09,4,34,2.5,D#4,63,ɪ,derived from Bozeman tenor-mezzo,0.357,close,D4,0.96,inside,1,-4,none,not assessed,short,leap-up,3,no,10,middle,no,no,no,turning pitch 0 to 2 st below
Kabalevsky T09,4,34,3,D4,62,ɑ,Bozeman tenor-mezzo midpoint,1.071,open,E4,-2.5,inside,0,-5,none,not assessed,short,step,-1,no,10,middle,no,no,no,
Kabalevsky T09,4,34,4.5,G3,55,ɑ,Bozeman tenor-mezzo midpoint,0.357,open,E4,-9.5,below primo,-7,-12,none,not assessed,short,leap-down,-7,no,10,middle,no,no,no,
Kabalevsky T09,4,35,1,G4,67,e,Bozeman tenor-mezzo midpoint,1.071,close,D4,5.5,inside,5,0,none,not assessed,short,leap-up,12,no,10,middle,yes,yes,yes,highest of phrase
Kabalevsky T09,4,35,2.5,F#4,66,u,Bozeman tenor-mezzo midpoint,0.357,close,G3,11.5,inside,4,-1,none,not assessed,short,step,-1,no,10,middle,no,yes,no,
Kabalevsky T09,4,35,3,F4,65,i,Bozeman tenor-mezzo midpoint,1.071,above,E3,12.5,inside,3,-2,none,not assessed,short,step,-1,no,10,middle,no,no,no,
Kabalevsky T09,4,35,4.5,E4,64,i,Bozeman tenor-mezzo midpoint,0.357,crossing,E3,11.5,inside,2,-3,none,not assessed,short,step,-1,no,10,middle,no,no,no,crossing
Kabalevsky T09,4,36,1,D#4,63,ɨ,derived from Bozeman tenor-mezzo,0.357,close,A#3,5.11,inside,1,-4,none,not assessed,short,step,-1,no,10,middle,no,no,no,
Kabalevsky T09,4,36,1.5,D#4,63,none resolved,not assessed,0.357,not assessed,not assessed,not assessed,inside,1,-4,not assessed,not assessed,short,repeated,0,no,10,middle,no,no,no,
Kabalevsky T09,4,36,2,D#4,63,ʌ,derived from Bozeman tenor-mezzo,0.357,open,E4,-1.5,inside,1,-4,none,not assessed,short,repeated,0,no,10,middle,no,no,no,
Kabalevsky T09,4,36,2.5,D4,62,ɪ,derived from Bozeman tenor-mezzo,0.357,open,D4,-0.04,inside,0,-5,none,not assessed,short,step,-1,no,10,middle,no,no,no,
Kabalevsky T09,4,36,3,C4,60,ɑ,Bozeman tenor-mezzo midpoint,1.429,open,E4,-4.5,below primo,-2,-7,none,not assessed,short,step,-2,no,10,last,no,no,no,
Kabalevsky T10,4,3,3,E3,52,u,Bozeman tenor-mezzo midpoint,0.357,open,G3,-2.5,below primo,-10,-15,none,not assessed,short,first note,,,0,first,no,no,no,
Kabalevsky T10,4,4,1,A3,57,ɨ,derived from Bozeman tenor-mezzo,0.714,open,A#3,-0.89,below primo,-5,-10,none,not assessed,short,leap-up,5,no,0,middle,no,no,no,
Kabalevsky T10,4,4,3,B3,59,o,Bozeman tenor-mezzo midpoint,0.357,open,C#4,-1.5,below primo,-3,-8,none,not assessed,short,step,2,no,0,middle,no,no,no,
Kabalevsky T10,4,5,1,C#4,61,i,Bozeman tenor-mezzo midpoint,1.071,close,E3,8.5,below primo,-1,-6,none,not assessed,short,step,2,no,0,middle,no,no,no,
Kabalevsky T10,4,6,1,C#4,61,i,Bozeman tenor-mezzo midpoint,0.714,close,E3,8.5,below primo,-1,-6,none,not assessed,short,tie,0,no,0,middle,no,no,no,
Kabalevsky T10,4,6,3,D4,62,ɪ,derived from Bozeman tenor-mezzo,0.357,open,D4,-0.04,inside,0,-5,none,not assessed,short,step,1,no,0,middle,yes,no,no,highest of phrase
Kabalevsky T10,4,7,1,C#4,61,e,Bozeman tenor-mezzo midpoint,0.714,open,D4,-0.5,below primo,-1,-6,none,not assessed,short,step,-1,no,0,middle,no,no,no,
Kabalevsky T10,4,7,3,B3,59,ɪ,derived from Bozeman tenor-mezzo,0.357,open,D4,-3.04,below primo,-3,-8,none,not assessed,short,step,-2,no,0,middle,no,no,no,
Kabalevsky T10,4,8,1,A3,57,ʌ,derived from Bozeman tenor-mezzo,0.714,open,E4,-7.5,below primo,-5,-10,3,not assessed,short,step,-2,no,0,middle,no,no,no,
Kabalevsky T10,4,8,3,G#3,56,i,Bozeman tenor-mezzo midpoint,0.357,close,E3,3.5,below primo,-6,-11,none,not assessed,short,step,-1,no,0,middle,no,no,no,
Kabalevsky T10,4,9,1,F#3,54,o,Bozeman tenor-mezzo midpoint,1.071,open,C#4,-6.5,below primo,-8,-13,none,not assessed,short,step,-2,no,0,middle,no,no,no,
Kabalevsky T10,4,10,1,F#3,54,o,Bozeman tenor-mezzo midpoint,0.357,open,C#4,-6.5,below primo,-8,-13,none,not assessed,short,tie,0,no,0,last,no,no,no,
Kabalevsky T10,4,10,2.5,F#3,54,ʌ,derived from Bozeman tenor-mezzo,0.179,open,E4,-10.5,below primo,-8,-13,none,not assessed,short,repeated,0,yes,1,first,no,no,no,
Kabalevsky T10,4,10,3,F#3,54,ʌ,derived from Bozeman tenor-mezzo,0.179,open,E4,-10.5,below primo,-8,-13,none,not assessed,short,repeated,0,no,1,middle,no,no,no,
Kabalevsky T10,4,10,3.5,F#3,54,ɑ,Bozeman tenor-mezzo midpoint,0.179,open,E4,-10.5,below primo,-8,-13,none,not assessed,short,repeated,0,no,1,middle,no,no,no,
Kabalevsky T10,4,11,1,D4,62,ɑ,Bozeman tenor-mezzo midpoint,0.536,open,E4,-2.5,inside,0,-5,none,not assessed,short,leap-up,8,no,1,middle,yes,no,no,highest of phrase
Kabalevsky T10,4,11,2.5,C#4,61,ɪ,derived from Bozeman tenor-mezzo,0.179,open,D4,-1.04,below primo,-1,-6,none,not assessed,short,step,-1,no,1,middle,no,no,no,
Kabalevsky T10,4,11,3,B3,59,i,Bozeman tenor-mezzo midpoint,0.179,close,E3,6.5,below primo,-3,-8,none,not assessed,short,step,-2,no,1,middle,no,no,no,
Kabalevsky T10,4,11,3.5,A3,57,i,Bozeman tenor-mezzo midpoint,0.179,close,E3,4.5,below primo,-5,-10,none,not assessed,short,step,-2,no,1,middle,no,no,no,
Kabalevsky T10,4,12,1,G#3,56,ɛ,Bozeman tenor-mezzo midpoint,0.714,open,D#4,-6.5,below primo,-6,-11,none,not assessed,short,step,-1,no,1,middle,no,no,no,
Kabalevsky T10,4,12,3,F#3,54,ɪ,derived from Bozeman tenor-mezzo,0.357,open,D4,-8.04,below primo,-8,-13,none,not assessed,short,step,-2,no,1,middle,no,no,no,
Kabalevsky T10,4,13,1,G#3,56,ɑ,Bozeman tenor-mezzo midpoint,0.714,open,E4,-8.5,below primo,-6,-11,none,not assessed,short,step,2,no,1,middle,no,no,no,
Kabalevsky T10,4,13,3,G#3,56,ɨ,derived from Bozeman tenor-mezzo,0.357,open,A#3,-1.89,below primo,-6,-11,none,not assessed,short,repeated,0,no,1,last,no,no,no,
Kabalevsky T10,4,14,2.5,G#3,56,ɪ,derived from Bozeman tenor-mezzo,0.179,open,D4,-6.04,below primo,-6,-11,none,not assessed,short,repeated,0,yes,2,first,no,no,no,
Kabalevsky T10,4,14,3,G#3,56,ʌ,derived from Bozeman tenor-mezzo,0.179,open,E4,-8.5,below primo,-6,-11,none,not assessed,short,repeated,0,no,2,middle,no,no,no,
Kabalevsky T10,4,14,3.5,G#3,56,i,Bozeman tenor-mezzo midpoint,0.179,close,E3,3.5,below primo,-6,-11,none,not assessed,short,repeated,0,no,2,middle,no,no,no,
Kabalevsky T10,4,15,1,C#4,61,ɑ,Bozeman tenor-mezzo midpoint,0.714,open,E4,-3.5,below primo,-1,-6,none,not assessed,short,leap-up,5,no,2,middle,no,no,no,
Kabalevsky T10,4,15,3,C#4,61,i,Bozeman tenor-mezzo midpoint,0.357,close,E3,8.5,below primo,-1,-6,none,not assessed,short,repeated,0,no,2,middle,no,no,no,
Kabalevsky T10,4,16,1,G3,55,ɛ,Bozeman tenor-mezzo midpoint,0.714,open,D#4,-7.5,below primo,-7,-12,3,not assessed,short,leap-down,-6,no,2,middle,no,no,no,
Kabalevsky T10,4,16,3,G3,55,o,Bozeman tenor-mezzo midpoint,0.357,open,C#4,-5.5,below primo,-7,-12,none,not assessed,short,repeated,0,no,2,middle,no,no,no,
Kabalevsky T10,4,17,1,C#4,61,ɨ,derived from Bozeman tenor-mezzo,0.714,close,A#3,3.11,below primo,-1,-6,none,not assessed,short,leap-up,6,no,2,middle,no,no,no,
Kabalevsky T10,4,17,3,C#4,61,i,Bozeman tenor-mezzo midpoint,0.357,close,E3,8.5,below primo,-1,-6,none,not assessed,short,repeated,0,no,2,middle,no,no,no,
Kabalevsky T10,4,18,1,G3,55,o,Bozeman tenor-mezzo midpoint,0.714,open,C#4,-5.5,below primo,-7,-12,none,not assessed,short,leap-down,-6,no,2,middle,no,no,no,
Kabalevsky T10,4,18,3,G#3,56,i,Bozeman tenor-mezzo midpoint,0.357,close,E3,3.5,below primo,-6,-11,none,not assessed,short,step,1,no,2,middle,no,no,no,
Kabalevsky T10,4,19,1,D#4,63,o,Bozeman tenor-mezzo midpoint,0.714,close,C#4,2.5,inside,1,-4,none,not assessed,short,leap-up,7,no,2,middle,yes,no,no,highest of phrase
Kabalevsky T10,4,19,3,C#4,61,ʌ,derived from Bozeman tenor-mezzo,0.357,open,E4,-3.5,below primo,-1,-6,none,not assessed,short,step,-2,no,2,middle,no,no,no,
Kabalevsky T10,4,20,1,G#3,56,o,Bozeman tenor-mezzo midpoint,0.536,open,C#4,-4.5,below primo,-6,-11,none,not assessed,short,leap-down,-5,no,2,middle,no,no,no,
Kabalevsky T10,4,20,2.5,G#3,56,ɨ,derived from Bozeman tenor-mezzo,0.179,open,A#3,-1.89,below primo,-6,-11,none,not assessed,short,repeated,0,no,2,middle,no,no,no,
Kabalevsky T10,4,20,3,G#3,56,ʌ,derived from Bozeman tenor-mezzo,0.179,open,E4,-8.5,below primo,-6,-11,none,not assessed,short,repeated,0,no,2,middle,no,no,no,
Kabalevsky T10,4,20,3.5,G#3,56,ɪ,derived from Bozeman tenor-mezzo,0.179,open,D4,-6.04,below primo,-6,-11,none,not assessed,short,repeated,0,no,2,middle,no,no,no,
Kabalevsky T10,4,21,1,D#4,63,ɑ,Bozeman tenor-mezzo midpoint,0.714,open,E4,-1.5,inside,1,-4,none,not assessed,short,leap-up,7,no,2,middle,yes,no,no,highest of phrase
Kabalevsky T10,4,21,3,C#4,61,i,Bozeman tenor-mezzo midpoint,0.357,close,E3,8.5,below primo,-1,-6,none,not assessed,short,step,-2,no,2,middle,no,no,no,
Kabalevsky T10,4,22,1,G#3,56,ɑ,Bozeman tenor-mezzo midpoint,0.714,open,E4,-8.5,below primo,-6,-11,none,not assessed,short,leap-down,-5,no,2,middle,no,no,no,
Kabalevsky T10,4,22,3,G#3,56,ɨ,derived from Bozeman tenor-mezzo,0.357,open,A#3,-1.89,below primo,-6,-11,none,not assessed,short,repeated,0,no,2,last,no,no,no,
Kabalevsky T10,4,28,1,G#3,56,ɑ,Bozeman tenor-mezzo midpoint,0.357,open,E4,-8.5,below primo,-6,-11,none,not assessed,short,repeated,0,yes,3,first,no,no,no,
Kabalevsky T10,4,28,2,C#4,61,ʌ,derived from Bozeman tenor-mezzo,0.357,open,E4,-3.5,below primo,-1,-6,none,not assessed,short,leap-up,5,no,3,middle,no,no,no,
Kabalevsky T10,4,28,3,D#4,63,ɑ,Bozeman tenor-mezzo midpoint,0.357,open,E4,-1.5,inside,1,-4,none,not assessed,short,step,2,no,3,middle,no,no,no,
Kabalevsky T10,4,29,1,F4,65,a,derived from Bozeman tenor-mezzo,1.071,open,G4,-1.92,inside,3,-2,none,not assessed,short,step,2,no,3,middle,no,no,no,
Kabalevsky T10,4,30,1,F4,65,a,derived from Bozeman tenor-mezzo,0.714,open,G4,-1.92,inside,3,-2,none,not assessed,short,tie,0,no,3,middle,no,no,no,
Kabalevsky T10,4,30,3,F#4,66,u,Bozeman tenor-mezzo midpoint,0.357,close,G3,11.5,inside,4,-1,none,not assessed,short,step,1,no,3,middle,yes,yes,yes,highest of phrase
Kabalevsky T10,4,31,1,F4,65,ɛ,Bozeman tenor-mezzo midpoint,0.714,close,D#4,2.5,inside,3,-2,none,not assessed,short,step,-1,no,3,middle,no,no,no,
Kabalevsky T10,4,31,3,D#4,63,i,Bozeman tenor-mezzo midpoint,0.357,close,E3,10.5,inside,1,-4,none,not assessed,short,step,-2,no,3,middle,no,no,no,
Kabalevsky T10,4,32,1,C#4,61,ɪ,derived from Bozeman tenor-mezzo,0.714,open,D4,-1.04,below primo,-1,-6,none,not assessed,short,step,-2,no,3,middle,no,no,no,
Kabalevsky T10,4,32,3,C4,60,ɑ,Bozeman tenor-mezzo midpoint,0.357,open,E4,-4.5,below primo,-2,-7,none,not assessed,short,step,-1,no,3,middle,no,no,no,
Kabalevsky T10,4,33,1,A#3,58,a,derived from Bozeman tenor-mezzo,1.071,open,G4,-8.92,below primo,-4,-9,none,not assessed,short,step,-2,no,3,middle,no,no,no,
Kabalevsky T10,4,34,1,A#3,58,a,derived from Bozeman tenor-mezzo,0.536,open,G4,-8.92,below primo,-4,-9,none,not assessed,short,tie,0,no,3,middle,no,no,no,
Kabalevsky T10,4,34,2.5,A#3,58,ɑ,Bozeman tenor-mezzo midpoint,0.179,open,E4,-6.5,below primo,-4,-9,none,not assessed,short,repeated,0,no,3,middle,no,no,no,
Kabalevsky T10,4,34,3,A#3,58,ɛ,Bozeman tenor-mezzo midpoint,0.179,open,D#4,-4.5,below primo,-4,-9,none,not assessed,short,repeated,0,no,3,middle,no,no,no,
Kabalevsky T10,4,34,3.5,A#3,58,ɪ,derived from Bozeman tenor-mezzo,0.179,open,D4,-4.04,below primo,-4,-9,none,not assessed,short,repeated,0,no,3,middle,no,no,no,
Kabalevsky T10,4,35,1,F#4,66,ɑ,Bozeman tenor-mezzo midpoint,0.536,close,E4,1.5,inside,4,-1,none,not assessed,short,leap-up,8,no,3,middle,yes,yes,yes,highest of phrase; turning pitch 0 to 2 st below
Kabalevsky T10,4,35,2.5,F4,65,ʌ,derived from Bozeman tenor-mezzo,0.179,close,E4,0.5,inside,3,-2,none,not assessed,short,step,-1,no,3,middle,no,no,no,turning pitch 0 to 2 st below
Kabalevsky T10,4,35,3,D#4,63,ʌ,derived from Bozeman tenor-mezzo,0.179,open,E4,-1.5,inside,1,-4,none,not assessed,short,step,-2,no,3,middle,no,no,no,
Kabalevsky T10,4,35,3.5,C#4,61,ɪ,derived from Bozeman tenor-mezzo,0.179,open,D4,-1.04,below primo,-1,-6,none,not assessed,short,step,-2,no,3,middle,no,no,no,
Kabalevsky T10,4,36,1,C4,60,a,derived from Bozeman tenor-mezzo,0.714,open,G4,-6.92,below primo,-2,-7,3,not assessed,short,step,-1,no,3,middle,no,no,no,
Kabalevsky T10,4,36,3,A#3,58,u,Bozeman tenor-mezzo midpoint,0.357,close,G3,3.5,below primo,-4,-9,none,not assessed,short,step,-2,no,3,middle,no,no,no,
Kabalevsky T10,4,37,1,C4,60,o,Bozeman tenor-mezzo midpoint,0.714,open,C#4,-0.5,below primo,-2,-7,none,not assessed,short,step,2,no,3,middle,no,no,no,
Kabalevsky T10,4,37,3,C4,60,ɑ,Bozeman tenor-mezzo midpoint,0.357,open,E4,-4.5,below primo,-2,-7,none,not assessed,short,repeated,0,no,3,last,no,no,no,
Kabalevsky T10,4,38,3,C4,60,i,Bozeman tenor-mezzo midpoint,0.357,close,E3,7.5,below primo,-2,-7,none,not assessed,short,repeated,0,yes,4,first,no,no,no,
Kabalevsky T10,4,39,1,F4,65,ɑ,Bozeman tenor-mezzo midpoint,0.536,close,E4,0.5,inside,3,-2,none,not assessed,short,leap-up,5,no,4,middle,yes,no,no,highest of phrase; turning pitch 0 to 2 st below
Kabalevsky T10,4,39,2.5,F4,65,ɨ,derived from Bozeman tenor-mezzo,0.179,close,A#3,7.11,inside,3,-2,none,not assessed,short,repeated,0,no,4,middle,yes,no,no,highest of phrase
Kabalevsky T10,4,39,3,F4,65,none resolved,not assessed,0.179,not assessed,not assessed,not assessed,inside,3,-2,not assessed,not assessed,short,repeated,0,no,4,middle,yes,no,no,highest of phrase
Kabalevsky T10,4,39,3.5,F4,65,ɑ,Bozeman tenor-mezzo midpoint,0.179,close,E4,0.5,inside,3,-2,none,not assessed,short,repeated,0,no,4,middle,yes,no,no,highest of phrase; turning pitch 0 to 2 st below
Kabalevsky T10,4,40,1,B3,59,i,Bozeman tenor-mezzo midpoint,0.536,close,E3,6.5,below primo,-3,-8,none,not assessed,short,leap-down,-6,no,4,middle,no,no,no,
Kabalevsky T10,4,40,2.5,B3,59,i,Bozeman tenor-mezzo midpoint,0.179,close,E3,6.5,below primo,-3,-8,none,not assessed,short,repeated,0,no,4,middle,no,no,no,
Kabalevsky T10,4,40,3,B3,59,i,Bozeman tenor-mezzo midpoint,0.179,close,E3,6.5,below primo,-3,-8,none,not assessed,short,repeated,0,no,4,middle,no,no,no,
Kabalevsky T10,4,40,3.5,B3,59,ɑ,Bozeman tenor-mezzo midpoint,0.179,open,E4,-5.5,below primo,-3,-8,none,not assessed,short,repeated,0,no,4,middle,no,no,no,
Kabalevsky T10,4,41,1,C4,60,ɑ,Bozeman tenor-mezzo midpoint,1.071,open,E4,-4.5,below primo,-2,-7,none,not assessed,short,step,1,no,4,middle,no,no,no,
Kabalevsky T10,4,42,1,C4,60,ɑ,Bozeman tenor-mezzo midpoint,0.536,open,E4,-4.5,below primo,-2,-7,none,not assessed,short,tie,0,no,4,middle,no,no,no,
Kabalevsky T10,4,42,2.5,C4,60,i,Bozeman tenor-mezzo midpoint,0.179,close,E3,7.5,below primo,-2,-7,none,not assessed,short,repeated,0,no,4,middle,no,no,no,
Kabalevsky T10,4,42,3,C4,60,ɑ,Bozeman tenor-mezzo midpoint,0.179,open,E4,-4.5,below primo,-2,-7,none,not assessed,short,repeated,0,no,4,middle,no,no,no,
Kabalevsky T10,4,42,3.5,C4,60,i,Bozeman tenor-mezzo midpoint,0.179,close,E3,7.5,below primo,-2,-7,none,not assessed,short,repeated,0,no,4,middle,no,no,no,
Kabalevsky T10,4,43,1,B3,59,ɑ,Bozeman tenor-mezzo midpoint,0.714,open,E4,-5.5,below primo,-3,-8,none,not assessed,short,step,-1,no,4,middle,no,no,no,
Kabalevsky T10,4,43,3,B3,59,u,Bozeman tenor-mezzo midpoint,0.357,close,G3,4.5,below primo,-3,-8,none,not assessed,short,repeated,0,no,4,middle,no,no,no,
Kabalevsky T10,4,44,1,A#3,58,o,Bozeman tenor-mezzo midpoint,0.536,open,C#4,-2.5,below primo,-4,-9,none,not assessed,short,step,-1,no,4,middle,no,no,no,
Kabalevsky T10,4,44,2.5,A#3,58,ɪ,derived from Bozeman tenor-mezzo,0.179,open,D4,-4.04,below primo,-4,-9,none,not assessed,short,repeated,0,no,4,middle,no,no,no,
Kabalevsky T10,4,44,3,A#3,58,o,Bozeman tenor-mezzo midpoint,0.179,open,C#4,-2.5,below primo,-4,-9,none,not assessed,short,repeated,0,no,4,middle,no,no,no,
Kabalevsky T10,4,44,3.5,A#3,58,ɨ,derived from Bozeman tenor-mezzo,0.179,close,A#3,0.11,below primo,-4,-9,none,not assessed,short,repeated,0,no,4,middle,no,no,no,turning pitch 0 to 2 st below
Kabalevsky T10,4,45,1,A3,57,o,Bozeman tenor-mezzo midpoint,0.714,open,C#4,-3.5,below primo,-5,-10,none,not assessed,short,step,-1,no,4,middle,no,no,no,
Kabalevsky T10,4,45,3,A3,57,ʌ,derived from Bozeman tenor-mezzo,0.357,open,E4,-7.5,below primo,-5,-10,3,not assessed,short,repeated,0,no,4,last,no,no,no,
Kabalevsky T10,4,46,3,A3,57,o,Bozeman tenor-mezzo midpoint,0.357,open,C#4,-3.5,below primo,-5,-10,none,not assessed,short,repeated,0,yes,5,first,no,no,no,
Kabalevsky T10,4,47,1,B3,59,ɛ,Bozeman tenor-mezzo midpoint,0.536,open,D#4,-3.5,below primo,-3,-8,none,not assessed,short,step,2,no,5,middle,no,no,no,
Kabalevsky T10,4,47,2.5,B3,59,ʌ,derived from Bozeman tenor-mezzo,0.179,open,E4,-5.5,below primo,-3,-8,none,not assessed,short,repeated,0,no,5,middle,no,no,no,
Kabalevsky T10,4,47,3,A3,57,ʌ,derived from Bozeman tenor-mezzo,0.179,open,E4,-7.5,below primo,-5,-10,3,not assessed,short,step,-2,no,5,middle,no,no,no,
Kabalevsky T10,4,47,3.5,B3,59,ɑ,Bozeman tenor-mezzo midpoint,0.179,open,E4,-5.5,below primo,-3,-8,none,not assessed,short,step,2,no,5,middle,no,no,no,
Kabalevsky T10,4,48,1,C4,60,o,Bozeman tenor-mezzo midpoint,0.714,open,C#4,-0.5,below primo,-2,-7,none,not assessed,short,step,1,no,5,middle,no,no,no,
Kabalevsky T10,4,48,3,A3,57,o,Bozeman tenor-mezzo midpoint,0.357,open,C#4,-3.5,below primo,-5,-10,none,not assessed,short,leap-down,-3,no,5,middle,no,no,no,
Kabalevsky T10,4,49,1,B3,59,o,Bozeman tenor-mezzo midpoint,0.714,open,C#4,-1.5,below primo,-3,-8,none,not assessed,short,step,2,no,5,middle,no,no,no,
Kabalevsky T10,4,49,3,D4,62,i,Bozeman tenor-mezzo midpoint,0.357,close,E3,9.5,inside,0,-5,none,not assessed,short,leap-up,3,no,5,middle,no,no,no,
Kabalevsky T10,4,50,1,C4,60,o,Bozeman tenor-mezzo midpoint,0.536,open,C#4,-0.5,below primo,-2,-7,none,not assessed,short,step,-2,no,5,middle,no,no,no,
Kabalevsky T10,4,50,2.5,C4,60,ɪ,derived from Bozeman tenor-mezzo,0.179,open,D4,-2.04,below primo,-2,-7,none,not assessed,short,repeated,0,no,5,middle,no,no,no,
Kabalevsky T10,4,50,3,C4,60,ɑ,Bozeman tenor-mezzo midpoint,0.179,open,E4,-4.5,below primo,-2,-7,none,not assessed,short,repeated,0,no,5,middle,no,no,no,
Kabalevsky T10,4,50,3.5,C4,60,u,Bozeman tenor-mezzo midpoint,0.179,close,G3,5.5,below primo,-2,-7,none,not assessed,short,repeated,0,no,5,middle,no,no,no,
Kabalevsky T10,4,51,1,C#4,61,ɑ,Bozeman tenor-mezzo midpoint,0.714,open,E4,-3.5,below primo,-1,-6,none,not assessed,short,step,1,no,5,middle,no,no,no,
Kabalevsky T10,4,51,3,A3,57,ɑ,Bozeman tenor-mezzo midpoint,0.357,open,E4,-7.5,below primo,-5,-10,3,not assessed,short,leap-down,-4,no,5,middle,no,no,no,
Kabalevsky T10,4,52,1,E4,64,u,Bozeman tenor-mezzo midpoint,0.536,close,G3,9.5,inside,2,-3,none,not assessed,short,leap-up,7,no,5,middle,no,no,no,
Kabalevsky T10,4,52,2.5,E4,64,ɑ,Bozeman tenor-mezzo midpoint,0.179,open,E4,-0.5,inside,2,-3,none,not assessed,short,repeated,0,no,5,middle,no,no,no,
Kabalevsky T10,4,52,3,E4,64,u,Bozeman tenor-mezzo midpoint,0.179,close,G3,9.5,inside,2,-3,none,not assessed,short,repeated,0,no,5,middle,no,no,no,
Kabalevsky T10,4,52,3.5,F4,65,ɑ,Bozeman tenor-mezzo midpoint,0.179,close,E4,0.5,inside,3,-2,none,not assessed,short,step,1,no,5,middle,yes,no,no,highest of phrase; turning pitch 0 to 2 st below
Kabalevsky T10,4,53,1,D4,62,ɑ,Bozeman tenor-mezzo midpoint,0.714,open,E4,-2.5,inside,0,-5,none,not assessed,short,leap-down,-3,no,5,middle,no,no,no,
Kabalevsky T10,4,53,3,D4,62,u,Bozeman tenor-mezzo midpoint,0.357,close,G3,7.5,inside,0,-5,none,not assessed,short,repeated,0,no,5,last,no,no,no,
Kabalevsky T10,4,54,2.5,E4,64,ɑ,Bozeman tenor-mezzo midpoint,0.179,open,E4,-0.5,inside,2,-3,none,not assessed,short,step,2,yes,6,first,no,no,no,
Kabalevsky T10,4,54,3,E4,64,ʌ,derived from Bozeman tenor-mezzo,0.179,open,E4,-0.5,inside,2,-3,none,not assessed,short,repeated,0,no,6,middle,no,no,no,
Kabalevsky T10,4,54,3.5,E4,64,i,Bozeman tenor-mezzo midpoint,0.179,crossing,E3,11.5,inside,2,-3,none,not assessed,short,repeated,0,no,6,middle,no,no,no,crossing
Kabalevsky T10,4,55,1,G#4,68,ɛ,Bozeman tenor-mezzo midpoint,0.714,close,D#4,5.5,above secondo,6,1,none,not assessed,short,leap-up,4,no,6,middle,yes,yes,yes,highest of phrase
Kabalevsky T10,4,55,3,F4,65,ɑ,Bozeman tenor-mezzo midpoint,0.357,close,E4,0.5,inside,3,-2,none,not assessed,short,leap-down,-3,no,6,middle,no,no,no,turning pitch 0 to 2 st below
Kabalevsky T10,4,56,1,D4,62,u,Bozeman tenor-mezzo midpoint,0.714,close,G3,7.5,inside,0,-5,none,not assessed,short,leap-down,-3,no,6,middle,no,no,no,
Kabalevsky T10,4,56,3,E4,64,ɑ,Bozeman tenor-mezzo midpoint,0.357,open,E4,-0.5,inside,2,-3,none,not assessed,short,step,2,no,6,middle,no,no,no,
Kabalevsky T10,4,57,1,C4,60,ɑ,Bozeman tenor-mezzo midpoint,0.714,open,E4,-4.5,below primo,-2,-7,none,not assessed,short,leap-down,-4,no,6,middle,no,no,no,
Kabalevsky T10,4,57,3,B3,59,u,Bozeman tenor-mezzo midpoint,0.357,close,G3,4.5,below primo,-3,-8,none,not assessed,short,step,-1,no,6,middle,no,no,no,
Kabalevsky T10,4,58,1,D4,62,o,Bozeman tenor-mezzo midpoint,0.714,close,C#4,1.5,inside,0,-5,none,not assessed,short,leap-up,3,no,6,last,no,no,no,turning pitch 0 to 2 st below
Kabalevsky T10,4,58,3,D4,62,i,Bozeman tenor-mezzo midpoint,0.357,close,E3,9.5,inside,0,-5,none,not assessed,short,repeated,0,no,7,first,no,no,no,
Kabalevsky T10,4,59,1,B3,59,ʌ,derived from Bozeman tenor-mezzo,0.714,open,E4,-5.5,below primo,-3,-8,none,not assessed,short,leap-down,-3,no,7,middle,no,no,no,
Kabalevsky T10,4,59,3,A3,57,ɨ,derived from Bozeman tenor-mezzo,0.357,open,A#3,-0.89,below primo,-5,-10,none,not assessed,short,step,-2,no,7,middle,no,no,no,
Kabalevsky T10,4,60,1,E4,64,ɛ,Bozeman tenor-mezzo midpoint,0.714,close,D#4,1.5,inside,2,-3,none,not assessed,short,leap-up,7,no,7,middle,yes,no,no,highest of phrase; turning pitch 0 to 2 st below
Kabalevsky T10,4,60,3,E4,64,ɨ,derived from Bozeman tenor-mezzo,0.357,close,A#3,6.11,inside,2,-3,none,not assessed,short,repeated,0,no,7,middle,yes,no,no,highest of phrase
Kabalevsky T10,4,61,1,B3,59,ɛ,Bozeman tenor-mezzo midpoint,0.536,open,D#4,-3.5,below primo,-3,-8,none,not assessed,short,leap-down,-5,no,7,middle,no,no,no,
Kabalevsky T10,4,61,2.5,B3,59,ɨ,derived from Bozeman tenor-mezzo,0.179,close,A#3,1.11,below primo,-3,-8,none,not assessed,short,repeated,0,no,7,middle,no,no,no,turning pitch 0 to 2 st below
Kabalevsky T10,4,61,3,C4,60,i,Bozeman tenor-mezzo midpoint,0.179,close,E3,7.5,below primo,-2,-7,none,not assessed,short,step,1,no,7,middle,no,no,no,
Kabalevsky T10,4,61,3.5,B3,59,ɨ,derived from Bozeman tenor-mezzo,0.179,close,A#3,1.11,below primo,-3,-8,none,not assessed,short,step,-1,no,7,middle,no,no,no,turning pitch 0 to 2 st below
Kabalevsky T10,4,62,1,E4,64,ɑ,Bozeman tenor-mezzo midpoint,0.714,open,E4,-0.5,inside,2,-3,none,not assessed,short,leap-up,5,no,7,middle,yes,no,no,highest of phrase
Kabalevsky T10,4,62,3,E4,64,u,Bozeman tenor-mezzo midpoint,0.357,close,G3,9.5,inside,2,-3,none,not assessed,short,repeated,0,no,7,last,yes,no,no,highest of phrase
Kabalevsky T10,4,65,3,E3,52,o,Bozeman tenor-mezzo midpoint,0.357,open,C#4,-8.5,below primo,-10,-15,none,not assessed,short,leap-down,-12,yes,8,first,no,no,no,
Kabalevsky T10,4,66,1,A3,57,ʌ,derived from Bozeman tenor-mezzo,0.714,open,E4,-7.5,below primo,-5,-10,3,not assessed,short,leap-up,5,no,8,middle,no,no,no,
Kabalevsky T10,4,66,3,B3,59,ɨ,derived from Bozeman tenor-mezzo,0.357,close,A#3,1.11,below primo,-3,-8,none,not assessed,short,step,2,no,8,middle,no,no,no,turning pitch 0 to 2 st below
Kabalevsky T10,4,67,1,C#4,61,o,Bozeman tenor-mezzo midpoint,1.071,close,C#4,0.5,below primo,-1,-6,none,not assessed,short,step,2,no,8,middle,no,no,no,turning pitch 0 to 2 st below
Kabalevsky T10,4,68,1,C#4,61,o,Bozeman tenor-mezzo midpoint,0.714,close,C#4,0.5,below primo,-1,-6,none,not assessed,short,tie,0,no,8,middle,no,no,no,turning pitch 0 to 2 st below
Kabalevsky T10,4,68,3,D4,62,ɨ,derived from Bozeman tenor-mezzo,0.357,close,A#3,4.11,inside,0,-5,none,not assessed,short,step,1,no,8,middle,no,no,no,
Kabalevsky T10,4,69,1,C#4,61,o,Bozeman tenor-mezzo midpoint,0.714,close,C#4,0.5,below primo,-1,-6,none,not assessed,short,step,-1,no,8,middle,no,no,no,turning pitch 0 to 2 st below
Kabalevsky T10,4,69,3,B3,59,i,Bozeman tenor-mezzo midpoint,0.357,close,E3,6.5,below primo,-3,-8,none,not assessed,short,step,-2,no,8,middle,no,no,no,
Kabalevsky T10,4,70,1,A3,57,ɑ,Bozeman tenor-mezzo midpoint,0.714,open,E4,-7.5,below primo,-5,-10,3,not assessed,short,step,-2,no,8,middle,no,no,no,
Kabalevsky T10,4,70,3,G#3,56,ɑ,Bozeman tenor-mezzo midpoint,0.357,open,E4,-8.5,below primo,-6,-11,none,not assessed,short,step,-1,no,8,middle,no,no,no,
Kabalevsky T10,4,71,1,F#3,54,o,Bozeman tenor-mezzo midpoint,1.071,open,C#4,-6.5,below primo,-8,-13,none,not assessed,short,step,-2,no,8,middle,no,no,no,
Kabalevsky T10,4,72,1,F#3,54,o,Bozeman tenor-mezzo midpoint,0.536,open,C#4,-6.5,below primo,-8,-13,none,not assessed,short,tie,0,no,8,middle,no,no,no,
Kabalevsky T10,4,72,2.5,F#3,54,o,Bozeman tenor-mezzo midpoint,0.179,open,C#4,-6.5,below primo,-8,-13,none,not assessed,short,repeated,0,no,8,middle,no,no,no,
Kabalevsky T10,4,72,3,F#3,54,i,Bozeman tenor-mezzo midpoint,0.179,close,E3,1.5,below primo,-8,-13,none,not assessed,short,repeated,0,no,8,middle,no,no,no,turning pitch 0 to 2 st below
Kabalevsky T10,4,72,3.5,F#3,54,ɑ,Bozeman tenor-mezzo midpoint,0.179,open,E4,-10.5,below primo,-8,-13,none,not assessed,short,repeated,0,no,8,middle,no,no,no,
Kabalevsky T10,4,73,1,F#4,66,o,Bozeman tenor-mezzo midpoint,1.071,close,C#4,5.5,inside,4,-1,none,not assessed,short,leap-up,12,no,8,middle,yes,yes,yes,highest of phrase
Kabalevsky T10,4,74,1,F#4,66,o,Bozeman tenor-mezzo midpoint,0.714,close,C#4,5.5,inside,4,-1,none,not assessed,short,tie,0,no,8,middle,yes,yes,yes,highest of phrase
Kabalevsky T10,4,74,3,C#4,61,ɪ,derived from Bozeman tenor-mezzo,0.357,open,D4,-1.04,below primo,-1,-6,none,not assessed,short,leap-down,-5,no,8,middle,no,no,no,
Kabalevsky T10,4,75,1,D4,62,e,Bozeman tenor-mezzo midpoint,0.714,close,D4,0.5,inside,0,-5,none,not assessed,short,step,1,no,8,middle,no,no,no,turning pitch 0 to 2 st below
Kabalevsky T10,4,75,3,C#4,61,ɪ,derived from Bozeman tenor-mezzo,0.357,open,D4,-1.04,below primo,-1,-6,none,not assessed,short,step,-1,no,8,middle,no,no,no,
Kabalevsky T10,4,76,1,B3,59,ʌ,derived from Bozeman tenor-mezzo,0.714,open,E4,-5.5,below primo,-3,-8,none,not assessed,short,step,-2,no,8,middle,no,no,no,
Kabalevsky T10,4,76,3,F#3,54,i,Bozeman tenor-mezzo midpoint,0.357,close,E3,1.5,below primo,-8,-13,none,not assessed,short,leap-down,-5,no,8,middle,no,no,no,turning pitch 0 to 2 st below
Kabalevsky T10,4,77,1,A3,57,o,Bozeman tenor-mezzo midpoint,1.071,open,C#4,-3.5,below primo,-5,-10,none,not assessed,short,leap-up,3,no,8,middle,no,no,no,
Kabalevsky T10,4,78,1,A3,57,o,Bozeman tenor-mezzo midpoint,1.071,open,C#4,-3.5,below primo,-5,-10,none,not assessed,short,tie,0,no,8,middle,no,no,no,
Kabalevsky T10,4,79,1,A3,57,o,Bozeman tenor-mezzo midpoint,0.179,open,C#4,-3.5,below primo,-5,-10,none,not assessed,short,tie,0,no,8,last,no,no,no,
