song,shift,bar,beat,pitch,midi,vowel,fR1_source,seconds,fR1_band,turning_pitch,semitones_from_turning,passaggio,semitones_to_primo,semitones_to_secondo,fR1_rung,fR2_rung,held,approach,approach_semitones,after_rest,phrase_index,phrase_position,highest_of_phrase,p1a_near,p1a_fires,p1a_clauses
Sunless 01,-2,2,1,G3,55,o,Bozeman bass midpoint,0.732,open,A3,-2,below primo,-2,-7,none,not assessed,short,first note,,,0,first,no,no,no,
Sunless 01,-2,2,2,G3,55,ɑ,Bozeman bass midpoint,0.732,open,D#4,-7.5,below primo,-2,-7,3,not assessed,short,repeated,0,no,0,middle,no,no,no,
Sunless 01,-2,2,3,G3,55,ʌ,derived from Bozeman bass,0.732,open,D#4,-7.5,below primo,-2,-7,3,not assessed,short,repeated,0,no,0,middle,no,no,no,
Sunless 01,-2,2,4,G#3,56,ɛ,Bozeman bass midpoint,0.732,open,C4,-4.5,below primo,-1,-6,none,not assessed,short,step,1,no,0,middle,yes,no,no,highest of phrase
Sunless 01,-2,2,5,D#3,51,ɑ,Bozeman bass midpoint,0.732,open,D#4,-11.5,below primo,-6,-11,4,not assessed,short,leap-down,-5,no,0,middle,no,no,no,
Sunless 01,-2,2,6,D#3,51,ɑ,Bozeman bass midpoint,0.366,open,D#4,-11.5,below primo,-6,-11,4,not assessed,short,repeated,0,no,0,last,no,no,no,
Sunless 01,-2,3,1,A3,57,i,Bozeman bass midpoint,0.732,close,D#3,6,inside,0,-5,none,not assessed,short,leap-up,6,yes,1,first,yes,no,no,highest of phrase
Sunless 01,-2,3,2,F3,53,ɑ,Bozeman bass midpoint,0.732,open,D#4,-9.5,below primo,-4,-9,none,not assessed,short,leap-down,-4,no,1,middle,no,no,no,
Sunless 01,-2,3,3,F3,53,ɑ,Bozeman bass midpoint,0.366,open,D#4,-9.5,below primo,-4,-9,none,not assessed,short,repeated,0,no,1,last,no,no,no,
Sunless 01,-2,3,4,B3,59,i,Bozeman bass midpoint,1.098,close,D#3,8,inside,2,-3,none,not assessed,short,leap-up,6,yes,2,first,yes,no,no,highest of phrase
Sunless 01,-2,3,5.5,G3,55,ɑ,Bozeman bass midpoint,0.366,open,D#4,-7.5,below primo,-2,-7,3,not assessed,short,leap-down,-4,no,2,middle,no,no,no,
Sunless 01,-2,3,6,G3,55,ɑ,Bozeman bass midpoint,0.366,open,D#4,-7.5,below primo,-2,-7,3,not assessed,short,repeated,0,no,2,last,no,no,no,
Sunless 01,-2,4,1,G#3,56,e,Bozeman bass midpoint,0.732,open,A3,-1,below primo,-1,-6,none,not assessed,short,step,1,yes,3,first,yes,no,no,highest of phrase
Sunless 01,-2,4,2,D3,50,ɪ,derived from Bozeman bass,0.732,open,A#3,-7.54,below primo,-7,-12,none,not assessed,short,leap-down,-6,no,3,middle,no,no,no,
Sunless 01,-2,4,3,C3,48,o,Bozeman bass midpoint,0.732,open,A3,-9,below primo,-9,-14,none,not assessed,short,step,-2,no,3,middle,no,no,no,
Sunless 01,-2,4,4,G3,55,ɑ,Bozeman bass midpoint,1.098,open,D#4,-7.5,below primo,-2,-7,3,not assessed,short,leap-up,7,no,3,middle,no,no,no,
Sunless 01,-2,4,5.5,D3,50,ɑ,Bozeman bass midpoint,0.366,open,D#4,-12.5,below primo,-7,-12,none,not assessed,short,leap-down,-5,no,3,middle,no,no,no,
Sunless 01,-2,4,6,D3,50,ɑ,Bozeman bass midpoint,0.732,open,D#4,-12.5,below primo,-7,-12,none,not assessed,short,repeated,0,no,3,middle,no,no,no,
Sunless 01,-2,5,1,F3,53,e,Bozeman bass midpoint,0.732,open,A3,-4,below primo,-4,-9,none,not assessed,short,leap-up,3,no,3,middle,no,no,no,
Sunless 01,-2,5,2,C3,48,ɪ,derived from Bozeman bass,0.732,open,A#3,-9.54,below primo,-9,-14,none,not assessed,short,leap-down,-5,no,3,middle,no,no,no,
Sunless 01,-2,5,3,B2,47,ɑ,Bozeman bass midpoint,0.732,open,D#4,-15.5,below primo,-10,-15,5,not assessed,short,step,-1,no,3,middle,no,no,no,
Sunless 01,-2,5,4,D#3,51,ɛ,Bozeman bass midpoint,1.098,open,C4,-9.5,below primo,-6,-11,none,not assessed,short,leap-up,4,no,3,middle,no,no,no,
Sunless 01,-2,5,5.5,C3,48,ɑ,Bozeman bass midpoint,0.366,open,D#4,-14.5,below primo,-9,-14,none,not assessed,short,leap-down,-3,no,3,middle,no,no,no,
Sunless 01,-2,5,6,C3,48,ɑ,Bozeman bass midpoint,0.366,open,D#4,-14.5,below primo,-9,-14,none,not assessed,short,repeated,0,no,3,last,no,no,no,
Sunless 01,-2,6,1,G3,55,u,Bozeman bass midpoint,0.732,close,D#3,3.5,below primo,-2,-7,none,not assessed,short,leap-up,7,yes,4,first,yes,no,no,highest of phrase
Sunless 01,-2,6,2,E3,52,ɑ,Bozeman bass midpoint,0.366,open,D#4,-10.5,below primo,-5,-10,none,not assessed,short,leap-down,-3,no,4,last,no,no,no,
Sunless 01,-2,6,3,G3,55,u,Bozeman bass midpoint,0.732,close,D#3,3.5,below primo,-2,-7,none,not assessed,short,leap-up,3,yes,5,first,no,no,no,
Sunless 01,-2,6,4,C4,60,o,Bozeman bass midpoint,1.098,close,A3,3,inside,3,-2,none,not assessed,short,leap-up,5,no,5,middle,yes,no,no,highest of phrase
Sunless 01,-2,6,5.5,F#3,54,ɑ,Bozeman bass midpoint,0.366,open,D#4,-8.5,below primo,-3,-8,none,not assessed,short,leap-down,-6,no,5,middle,no,no,no,
Sunless 01,-2,6,6,F#3,54,ɑ,Bozeman bass midpoint,0.366,open,D#4,-8.5,below primo,-3,-8,none,not assessed,short,repeated,0,no,5,last,no,no,no,
Sunless 01,-2,7,1,F3,53,e,Bozeman bass midpoint,0.732,open,A3,-4,below primo,-4,-9,none,not assessed,short,step,-1,yes,6,first,no,no,no,
Sunless 01,-2,7,2,F3,53,ɑ,Bozeman bass midpoint,0.732,open,D#4,-9.5,below primo,-4,-9,none,not assessed,short,repeated,0,no,6,middle,no,no,no,
Sunless 01,-2,7,3,F3,53,u,Bozeman bass midpoint,0.732,close,D#3,1.5,below primo,-4,-9,none,not assessed,short,repeated,0,no,6,middle,no,no,no,turning pitch 0 to 2 st below
Sunless 01,-2,7,4,G#3,56,ɨ,derived from Bozeman bass,1.098,open,G#3,-0.39,below primo,-1,-6,none,not assessed,short,leap-up,3,no,6,middle,yes,no,no,highest of phrase
Sunless 01,-2,7,5.5,C3,48,ɑ,Bozeman bass midpoint,0.366,open,D#4,-14.5,below primo,-9,-14,none,not assessed,short,leap-down,-8,no,6,middle,no,no,no,
Sunless 01,-2,7,6,C3,48,ɑ,Bozeman bass midpoint,0.366,open,D#4,-14.5,below primo,-9,-14,none,not assessed,short,repeated,0,no,6,last,no,no,no,
Sunless 01,-2,8,1,D3,50,u,Bozeman bass midpoint,0.732,open,D#3,-1.5,below primo,-7,-12,none,not assessed,short,step,2,yes,7,first,no,no,no,
Sunless 01,-2,8,2,B2,47,ɪ,derived from Bozeman bass,0.732,open,A#3,-10.54,below primo,-10,-15,none,not assessed,short,leap-down,-3,no,7,middle,no,no,no,
Sunless 01,-2,8,3,C3,48,ɪ,derived from Bozeman bass,0.732,open,A#3,-9.54,below primo,-9,-14,none,not assessed,short,step,1,no,7,middle,no,no,no,
Sunless 01,-2,8,4,E3,52,ɛ,Bozeman bass midpoint,0.732,open,C4,-8.5,below primo,-5,-10,none,not assessed,short,leap-up,4,no,7,middle,yes,no,no,highest of phrase
Sunless 01,-2,8,5,C3,48,ɨ,derived from Bozeman bass,0.366,open,G#3,-8.39,below primo,-9,-14,none,not assessed,short,leap-down,-4,no,7,last,no,no,no,
Sunless 01,-2,8,6.5,B2,47,ɑ,Bozeman bass midpoint,0.366,open,D#4,-15.5,below primo,-10,-15,5,not assessed,short,step,-1,yes,8,first,no,no,no,
Sunless 01,-2,9,1,D3,50,ɛ,Bozeman bass midpoint,0.732,open,C4,-10.5,below primo,-7,-12,none,not assessed,short,leap-up,3,no,8,middle,no,no,no,
Sunless 01,-2,9,2,B2,47,ɑ,Bozeman bass midpoint,0.732,open,D#4,-15.5,below primo,-10,-15,5,not assessed,short,leap-down,-3,no,8,middle,no,no,no,
Sunless 01,-2,9,3,C3,48,ɑ,Bozeman bass midpoint,0.732,open,D#4,-14.5,below primo,-9,-14,none,not assessed,short,step,1,no,8,middle,no,no,no,
Sunless 01,-2,9,4,G3,55,ɛ,Bozeman bass midpoint,1.098,open,C4,-5.5,below primo,-2,-7,none,not assessed,short,leap-up,7,no,8,middle,yes,no,no,highest of phrase
Sunless 01,-2,9,5.5,E3,52,ɑ,Bozeman bass midpoint,0.366,open,D#4,-10.5,below primo,-5,-10,none,not assessed,short,leap-down,-3,no,8,middle,no,no,no,
Sunless 01,-2,9,6,E3,52,ɑ,Bozeman bass midpoint,0.366,open,D#4,-10.5,below primo,-5,-10,none,not assessed,short,repeated,0,no,8,last,no,no,no,
Sunless 01,-2,10,1,G#3,56,ɨ,derived from Bozeman bass,0.732,open,G#3,-0.39,below primo,-1,-6,none,not assessed,short,leap-up,4,yes,9,first,no,no,no,
Sunless 01,-2,10,2,D3,50,ɨ,derived from Bozeman bass,0.732,open,G#3,-6.39,below primo,-7,-12,none,not assessed,short,leap-down,-6,no,9,middle,no,no,no,
Sunless 01,-2,10,3,D#3,51,ɑ,Bozeman bass midpoint,0.732,open,D#4,-11.5,below primo,-6,-11,4,not assessed,short,step,1,no,9,middle,no,no,no,
Sunless 01,-2,10,4,F3,53,o,Bozeman bass midpoint,0.732,open,A3,-4,below primo,-4,-9,none,not assessed,short,step,2,no,9,middle,no,no,no,
Sunless 01,-2,10,5,G3,55,ʌ,derived from Bozeman bass,0.732,open,D#4,-7.5,below primo,-2,-7,3,not assessed,short,step,2,no,9,middle,no,no,no,
Sunless 01,-2,10,6,G#3,56,ɑ,Bozeman bass midpoint,0.732,open,D#4,-6.5,below primo,-1,-6,none,not assessed,short,step,1,no,9,middle,no,no,no,
Sunless 01,-2,11,1,A#3,58,e,Bozeman bass midpoint,0.732,close,A3,1,inside,1,-4,none,not assessed,short,step,2,no,9,middle,yes,no,no,highest of phrase; turning pitch 0 to 2 st below
Sunless 01,-2,11,2,G#3,56,ɪ,derived from Bozeman bass,0.732,open,A#3,-1.54,below primo,-1,-6,none,not assessed,short,step,-2,no,9,middle,no,no,no,
Sunless 01,-2,11,3,A#3,58,ɑ,Bozeman bass midpoint,0.732,open,D#4,-4.5,inside,1,-4,none,not assessed,short,step,2,no,9,middle,yes,no,no,highest of phrase
Sunless 01,-2,11,4,F#3,54,e,Bozeman bass midpoint,1.098,open,A3,-3,below primo,-3,-8,none,not assessed,short,leap-down,-4,no,9,middle,no,no,no,
Sunless 01,-2,11,5.5,F#3,54,i,Bozeman bass midpoint,0.366,close,D#3,3,below primo,-3,-8,none,not assessed,short,repeated,0,no,9,middle,no,no,no,
Sunless 01,-2,11,6,F#3,54,ɪ,derived from Bozeman bass,0.366,open,A#3,-3.54,below primo,-3,-8,none,not assessed,short,repeated,0,no,9,last,no,no,no,
Sunless 01,-2,12,1,F3,53,o,Bozeman bass midpoint,0.732,open,A3,-4,below primo,-4,-9,none,not assessed,short,step,-1,yes,10,first,no,no,no,
Sunless 01,-2,12,2,D3,50,ɪ,derived from Bozeman bass,0.732,open,A#3,-7.54,below primo,-7,-12,none,not assessed,short,leap-down,-3,no,10,middle,no,no,no,
Sunless 01,-2,12,3,F3,53,ɑ,Bozeman bass midpoint,0.732,open,D#4,-9.5,below primo,-4,-9,none,not assessed,short,leap-up,3,no,10,middle,no,no,no,
Sunless 01,-2,12,4,G#3,56,i,Bozeman bass midpoint,0.732,close,D#3,5,below primo,-1,-6,none,not assessed,short,leap-up,3,no,10,middle,yes,no,no,highest of phrase
Sunless 01,-2,12,5,F3,53,ɨ,derived from Bozeman bass,0.366,open,G#3,-3.39,below primo,-4,-9,none,not assessed,short,leap-down,-3,no,10,last,no,no,no,
Sunless 01,-2,12,6,F3,53,ɑ,Bozeman bass midpoint,0.732,open,D#4,-9.5,below primo,-4,-9,none,not assessed,short,repeated,0,yes,11,first,no,no,no,
Sunless 01,-2,13,1,D3,50,ɑ,Bozeman bass midpoint,0.732,open,D#4,-12.5,below primo,-7,-12,none,not assessed,short,leap-down,-3,no,11,middle,no,no,no,
Sunless 01,-2,13,2,C3,48,ɪ,derived from Bozeman bass,0.732,open,A#3,-9.54,below primo,-9,-14,none,not assessed,short,step,-2,no,11,middle,no,no,no,
Sunless 01,-2,13,3,D3,50,ɑ,Bozeman bass midpoint,0.732,open,D#4,-12.5,below primo,-7,-12,none,not assessed,short,step,2,no,11,middle,no,no,no,
Sunless 01,-2,13,4,G#3,56,o,Bozeman bass midpoint,1.098,open,A3,-1,below primo,-1,-6,none,not assessed,short,leap-up,6,no,11,middle,yes,no,no,highest of phrase
Sunless 01,-2,13,5.5,F3,53,ʌ,derived from Bozeman bass,0.366,open,D#4,-9.5,below primo,-4,-9,none,not assessed,short,leap-down,-3,no,11,middle,no,no,no,
Sunless 01,-2,13,6,F3,53,ɪ,derived from Bozeman bass,0.366,open,A#3,-4.54,below primo,-4,-9,none,not assessed,short,repeated,0,no,11,last,no,no,no,
Sunless 01,-2,14,1,G#3,56,o,Bozeman bass midpoint,0.732,open,A3,-1,below primo,-1,-6,none,not assessed,short,leap-up,3,yes,12,first,no,no,no,
Sunless 01,-2,14,2,G3,55,ʌ,derived from Bozeman bass,0.732,open,D#4,-7.5,below primo,-2,-7,3,not assessed,short,step,-1,no,12,middle,no,no,no,
Sunless 01,-2,14,3,F3,53,ɑ,Bozeman bass midpoint,0.732,open,D#4,-9.5,below primo,-4,-9,none,not assessed,short,step,-2,no,12,middle,no,no,no,
Sunless 01,-2,14,4,G#3,56,e,Bozeman bass midpoint,1.098,open,A3,-1,below primo,-1,-6,none,not assessed,short,leap-up,3,no,12,middle,no,no,no,
Sunless 01,-2,14,5.5,G3,55,i,Bozeman bass midpoint,0.366,close,D#3,4,below primo,-2,-7,none,not assessed,short,step,-1,no,12,middle,no,no,no,
Sunless 01,-2,14,6,G3,55,ɪ,derived from Bozeman bass,0.732,open,A#3,-2.54,below primo,-2,-7,none,not assessed,short,repeated,0,no,12,middle,no,no,no,
Sunless 01,-2,15,1,G#3,56,o,Bozeman bass midpoint,0.732,open,A3,-1,below primo,-1,-6,none,not assessed,short,step,1,no,12,middle,no,no,no,
Sunless 01,-2,15,2,G3,55,ʌ,derived from Bozeman bass,0.732,open,D#4,-7.5,below primo,-2,-7,3,not assessed,short,step,-1,no,12,middle,no,no,no,
Sunless 01,-2,15,3,F3,53,ɪ,derived from Bozeman bass,0.732,open,A#3,-4.54,below primo,-4,-9,none,not assessed,short,step,-2,no,12,middle,no,no,no,
Sunless 01,-2,15,4,B3,59,e,Bozeman bass midpoint,1.098,close,A3,2,inside,2,-3,none,not assessed,short,leap-up,6,no,12,middle,yes,no,no,highest of phrase; turning pitch 0 to 2 st below
Sunless 01,-2,15,5.5,G3,55,i,Bozeman bass midpoint,0.366,close,D#3,4,below primo,-2,-7,none,not assessed,short,leap-down,-4,no,12,middle,no,no,no,
Sunless 01,-2,15,6,G3,55,ɪ,derived from Bozeman bass,0.366,open,A#3,-2.54,below primo,-2,-7,none,not assessed,short,repeated,0,no,12,last,no,no,no,
Sunless 01,-2,16,1,G3,55,o,Bozeman bass midpoint,1.098,open,A3,-2,below primo,-2,-7,none,not assessed,short,repeated,0,yes,13,first,yes,no,no,highest of phrase
Sunless 01,-2,16,2.5,D#3,51,ɑ,Bozeman bass midpoint,0.366,open,D#4,-11.5,below primo,-6,-11,4,not assessed,short,leap-down,-4,no,13,middle,no,no,no,
Sunless 01,-2,16,3,D#3,51,ɑ,Bozeman bass midpoint,0.366,open,D#4,-11.5,below primo,-6,-11,4,not assessed,short,repeated,0,no,13,last,no,no,no,
Sunless 01,-2,16,4,F3,53,o,Bozeman bass midpoint,0.732,open,A3,-4,below primo,-4,-9,none,not assessed,short,step,2,yes,14,first,yes,no,no,highest of phrase
Sunless 01,-2,16,5,C3,48,ɑ,Bozeman bass midpoint,0.732,open,D#4,-14.5,below primo,-9,-14,none,not assessed,short,leap-down,-5,no,14,middle,no,no,no,
Sunless 01,-2,16,6,C3,48,ɑ,Bozeman bass midpoint,0.366,open,D#4,-14.5,below primo,-9,-14,none,not assessed,short,repeated,0,no,14,last,no,no,no,
Sunless 01,-2,17,1,D3,50,o,Bozeman bass midpoint,1.463,open,A3,-7,below primo,-7,-12,3,not assessed,short,step,2,yes,15,only,yes,no,no,highest of phrase
Sunless 01,-2,17,4,D3,50,ʌ,derived from Bozeman bass,1.098,open,D#4,-12.5,below primo,-7,-12,none,not assessed,short,repeated,0,yes,16,first,no,no,no,
Sunless 01,-2,17,5.5,D3,50,i,Bozeman bass midpoint,1.098,open,D#3,-1,below primo,-7,-12,none,not assessed,short,repeated,0,no,16,middle,no,no,no,
Sunless 01,-2,18,1,E3,52,o,Bozeman bass midpoint,1.098,open,A3,-5,below primo,-5,-10,none,not assessed,short,step,2,no,16,middle,yes,no,no,highest of phrase
Sunless 01,-2,18,2.5,C3,48,ɑ,Bozeman bass midpoint,0.366,open,D#4,-14.5,below primo,-9,-14,none,not assessed,short,leap-down,-4,no,16,middle,no,no,no,
Sunless 01,-2,18,3,C3,48,ɑ,Bozeman bass midpoint,0.732,open,D#4,-14.5,below primo,-9,-14,none,not assessed,short,repeated,0,no,16,last,no,no,no,
Sunless 02,-1,1,2.5,A3,57,i,Bozeman bass midpoint,0.25,close,D#3,6,inside,0,-5,none,not assessed,short,first note,,,0,first,yes,no,no,highest of phrase
Sunless 02,-1,2,1,G#3,56,ɑ,Bozeman bass midpoint,0.25,open,D#4,-6.5,below primo,-1,-6,none,not assessed,short,step,-1,no,0,last,no,no,no,
Sunless 02,-1,2,2,F3,53,ɨ,derived from Bozeman bass,0.375,open,G#3,-3.39,below primo,-4,-9,none,not assessed,short,leap-down,-3,yes,1,first,yes,no,no,highest of phrase
Sunless 02,-1,2,2.75,C#3,49,ɑ,Bozeman bass midpoint,0.125,open,D#4,-13.5,below primo,-8,-13,none,not assessed,short,leap-down,-4,no,1,middle,no,no,no,
Sunless 02,-1,2,3,C3,48,ɛ,Bozeman bass midpoint,0.5,open,C4,-12.5,below primo,-9,-14,4,not assessed,short,step,-1,no,1,middle,no,no,no,
Sunless 02,-1,2,4,C#3,49,ɪ,derived from Bozeman bass,0.25,open,A#3,-8.54,below primo,-8,-13,none,not assessed,short,step,1,no,1,middle,no,no,no,
Sunless 02,-1,2,4.5,C#3,49,u,Bozeman bass midpoint,0.25,open,D#3,-2.5,below primo,-8,-13,none,not assessed,short,repeated,0,no,1,middle,no,no,no,
Sunless 02,-1,3,1,F3,53,ɑ,Bozeman bass midpoint,0.5,open,D#4,-9.5,below primo,-4,-9,none,not assessed,short,leap-up,4,no,1,middle,yes,no,no,highest of phrase
Sunless 02,-1,3,2,C#3,49,ɑ,Bozeman bass midpoint,0.25,open,D#4,-13.5,below primo,-8,-13,none,not assessed,short,leap-down,-4,no,1,last,no,no,no,
Sunless 02,-1,3,2.75,C#3,49,o,Bozeman bass midpoint,0.125,open,A3,-8,below primo,-8,-13,none,not assessed,short,repeated,0,yes,2,first,no,no,no,
Sunless 02,-1,3,3,E3,52,ɑ,Bozeman bass midpoint,0.167,open,D#4,-10.5,below primo,-5,-10,none,not assessed,short,leap-up,3,no,2,middle,yes,no,no,highest of phrase
Sunless 02,-1,3,3.333,C#3,49,ɪ,derived from Bozeman bass,0.167,open,A#3,-8.54,below primo,-8,-13,none,not assessed,short,leap-down,-3,no,2,middle,no,no,no,
Sunless 02,-1,3,3.667,E3,52,ɑ,Bozeman bass midpoint,0.167,open,D#4,-10.5,below primo,-5,-10,none,not assessed,short,leap-up,3,no,2,middle,yes,no,no,highest of phrase
Sunless 02,-1,3,4,D#3,51,ɑ,Bozeman bass midpoint,0.167,open,D#4,-11.5,below primo,-6,-11,4,not assessed,short,step,-1,no,2,middle,no,no,no,
Sunless 02,-1,3,4.333,D#3,51,i,Bozeman bass midpoint,0.167,close,D#3,0,below primo,-6,-11,none,not assessed,short,repeated,0,no,2,middle,no,no,no,turning pitch 0 to 2 st below
Sunless 02,-1,3,4.667,E3,52,ɪ,derived from Bozeman bass,0.167,open,A#3,-5.54,below primo,-5,-10,none,not assessed,short,step,1,no,2,middle,yes,no,no,highest of phrase
Sunless 02,-1,4,1,C#3,49,o,Bozeman bass midpoint,0.25,open,A3,-8,below primo,-8,-13,none,not assessed,short,leap-down,-3,no,2,last,no,no,no,
Sunless 02,-1,4,2,C#3,49,o,Bozeman bass midpoint,0.5,open,A3,-8,below primo,-8,-13,none,not assessed,short,repeated,0,yes,3,first,no,no,no,
Sunless 02,-1,4,3,C3,48,u,Bozeman bass midpoint,0.5,open,D#3,-3.5,below primo,-9,-14,none,not assessed,short,step,-1,no,3,middle,no,no,no,
Sunless 02,-1,4,4,C3,48,ʌ,derived from Bozeman bass,0.375,open,D#4,-14.5,below primo,-9,-14,none,not assessed,short,repeated,0,no,3,middle,no,no,no,
Sunless 02,-1,4,4.75,C3,48,i,Bozeman bass midpoint,0.125,open,D#3,-3,below primo,-9,-14,none,not assessed,short,repeated,0,no,3,middle,no,no,no,
Sunless 02,-1,5,1,F#3,54,ɑ,Bozeman bass midpoint,0.5,open,D#4,-8.5,below primo,-3,-8,none,not assessed,short,leap-up,6,no,3,middle,yes,no,no,highest of phrase
Sunless 02,-1,5,2,B2,47,ʌ,derived from Bozeman bass,0.375,open,D#4,-15.5,below primo,-10,-15,5,not assessed,short,leap-down,-7,no,3,middle,no,no,no,
Sunless 02,-1,5,2.75,B2,47,ɛ,Bozeman bass midpoint,0.125,open,C4,-13.5,below primo,-10,-15,none,not assessed,short,repeated,0,no,3,middle,no,no,no,
Sunless 02,-1,5,3,A#2,46,ɑ,Bozeman bass midpoint,0.5,open,D#4,-16.5,below primo,-11,-16,none,not assessed,short,step,-1,no,3,middle,no,no,no,
Sunless 02,-1,5,4,G#2,44,ʌ,derived from Bozeman bass,0.25,open,D#4,-18.5,below primo,-13,-18,none,not assessed,short,step,-2,no,3,last,no,no,no,
Sunless 02,-1,5,4.75,G#2,44,ɑ,Bozeman bass midpoint,0.125,open,D#4,-18.5,below primo,-13,-18,none,not assessed,short,repeated,0,yes,4,first,no,no,no,
Sunless 02,-1,6,1,C#3,49,ɑ,Bozeman bass midpoint,0.167,open,D#4,-13.5,below primo,-8,-13,none,not assessed,short,leap-up,5,no,4,middle,no,no,no,
Sunless 02,-1,6,1.333,D#3,51,u,Bozeman bass midpoint,0.167,open,D#3,-0.5,below primo,-6,-11,none,not assessed,short,step,2,no,4,middle,no,no,no,
Sunless 02,-1,6,1.667,C#3,49,ɑ,Bozeman bass midpoint,0.167,open,D#4,-13.5,below primo,-8,-13,none,not assessed,short,step,-2,no,4,middle,no,no,no,
Sunless 02,-1,6,2,A3,57,i,Bozeman bass midpoint,0.167,close,D#3,6,inside,0,-5,none,not assessed,short,leap-up,8,no,4,middle,yes,no,no,highest of phrase
Sunless 02,-1,6,2.333,C#3,49,ɑ,Bozeman bass midpoint,0.167,open,D#4,-13.5,below primo,-8,-13,none,not assessed,short,leap-down,-8,no,4,middle,no,no,no,
Sunless 02,-1,6,2.667,D#3,51,ɪ,derived from Bozeman bass,0.167,open,A#3,-6.54,below primo,-6,-11,3,not assessed,short,step,2,no,4,middle,no,no,no,
Sunless 02,-1,6,3,E3,52,o,Bozeman bass midpoint,0.5,open,A3,-5,below primo,-5,-10,none,not assessed,short,step,1,no,4,last,no,no,no,
Sunless 02,-1,6,4.5,E3,52,o,Bozeman bass midpoint,0.25,open,A3,-5,below primo,-5,-10,none,not assessed,short,repeated,0,yes,5,first,no,no,no,
Sunless 02,-1,7,1,F#3,54,ɨ,derived from Bozeman bass,0.167,open,G#3,-2.39,below primo,-3,-8,none,not assessed,short,step,2,no,5,middle,no,no,no,
Sunless 02,-1,7,1.333,C#3,49,ʌ,derived from Bozeman bass,0.167,open,D#4,-13.5,below primo,-8,-13,none,not assessed,short,leap-down,-5,no,5,middle,no,no,no,
Sunless 02,-1,7,1.667,D#3,51,ɑ,Bozeman bass midpoint,0.167,open,D#4,-11.5,below primo,-6,-11,4,not assessed,short,step,2,no,5,middle,no,no,no,
Sunless 02,-1,7,2,F#3,54,o,Bozeman bass midpoint,0.167,open,A3,-3,below primo,-3,-8,none,not assessed,short,leap-up,3,no,5,middle,no,no,no,
Sunless 02,-1,7,2.333,D#3,51,i,Bozeman bass midpoint,0.167,close,D#3,0,below primo,-6,-11,none,not assessed,short,leap-down,-3,no,5,middle,no,no,no,turning pitch 0 to 2 st below
Sunless 02,-1,7,2.667,F#3,54,ɑ,Bozeman bass midpoint,0.167,open,D#4,-8.5,below primo,-3,-8,none,not assessed,short,leap-up,3,no,5,middle,no,no,no,
Sunless 02,-1,7,3,G#3,56,e,Bozeman bass midpoint,0.25,open,A3,-1,below primo,-1,-6,none,not assessed,short,step,2,no,5,middle,yes,no,no,highest of phrase
Sunless 02,-1,7,3.5,D#3,51,ɪ,derived from Bozeman bass,0.25,open,A#3,-6.54,below primo,-6,-11,3,not assessed,short,leap-down,-5,no,5,last,no,no,no,
Sunless 02,-1,7,4.75,G#3,56,o,Bozeman bass midpoint,0.125,open,A3,-1,below primo,-1,-6,none,not assessed,short,leap-up,5,yes,6,first,no,no,no,
Sunless 02,-1,8,1,A3,57,e,Bozeman bass midpoint,0.5,open,A3,0,inside,0,-5,none,not assessed,short,step,1,no,6,middle,yes,no,no,highest of phrase
Sunless 02,-1,8,2,E3,52,ɛ,Bozeman bass midpoint,0.25,open,C4,-8.5,below primo,-5,-10,none,not assessed,short,leap-down,-5,no,6,last,no,no,no,
Sunless 02,-1,8,2.75,E3,52,ɑ,Bozeman bass midpoint,0.125,open,D#4,-10.5,below primo,-5,-10,none,not assessed,short,repeated,0,yes,7,first,no,no,no,
Sunless 02,-1,8,3,F#3,54,o,Bozeman bass midpoint,0.167,open,A3,-3,below primo,-3,-8,none,not assessed,short,step,2,no,7,middle,no,no,no,
Sunless 02,-1,8,3.333,C#3,49,i,Bozeman bass midpoint,0.167,open,D#3,-2,below primo,-8,-13,none,not assessed,short,leap-down,-5,no,7,middle,no,no,no,
Sunless 02,-1,8,3.667,D#3,51,i,Bozeman bass midpoint,0.167,close,D#3,0,below primo,-6,-11,none,not assessed,short,step,2,no,7,middle,no,no,no,turning pitch 0 to 2 st below
Sunless 02,-1,8,4,A3,57,o,Bozeman bass midpoint,0.5,open,A3,0,inside,0,-5,none,not assessed,short,leap-up,6,no,7,middle,no,no,no,
Sunless 02,-1,9,1,D4,62,e,Bozeman bass midpoint,0.5,close,A3,5,inside,5,0,none,not assessed,short,leap-up,5,no,7,middle,yes,yes,yes,highest of phrase
Sunless 02,-1,9,2,C#4,61,o,Bozeman bass midpoint,0.167,close,A3,4,inside,4,-1,none,not assessed,short,step,-1,no,7,middle,no,yes,no,
Sunless 02,-1,9,2.333,C4,60,ʌ,derived from Bozeman bass,0.167,open,D#4,-2.5,inside,3,-2,none,not assessed,short,step,-1,no,7,middle,no,no,no,
Sunless 02,-1,9,2.667,C#4,61,u,Bozeman bass midpoint,0.167,close,D#3,9.5,inside,4,-1,none,not assessed,short,step,1,no,7,middle,no,yes,no,
Sunless 02,-1,9,3,B3,59,i,Bozeman bass midpoint,0.333,close,D#3,8,inside,2,-3,none,not assessed,short,step,-2,no,7,middle,no,no,no,
Sunless 02,-1,9,3.667,A#3,58,ʌ,derived from Bozeman bass,0.333,open,D#4,-4.5,inside,1,-4,none,not assessed,short,step,-1,no,7,middle,no,no,no,
Sunless 02,-1,9,4.333,F#3,54,ɑ,Bozeman bass midpoint,0.333,open,D#4,-8.5,below primo,-3,-8,none,not assessed,short,leap-down,-4,no,7,middle,no,no,no,
Sunless 02,-1,10,1,A3,57,e,Bozeman bass midpoint,0.5,open,A3,0,inside,0,-5,none,not assessed,short,leap-up,3,no,7,middle,no,no,no,
Sunless 02,-1,10,2,G3,55,ɪ,derived from Bozeman bass,0.25,open,A#3,-2.54,below primo,-2,-7,none,not assessed,short,step,-2,no,7,last,no,no,no,
Sunless 02,-1,10,3,A3,57,u,Bozeman bass midpoint,1,close,D#3,5.5,inside,0,-5,none,not assessed,short,step,2,yes,8,first,yes,no,no,highest of phrase
Sunless 02,-1,11,1,G#3,56,o,Bozeman bass midpoint,0.5,open,A3,-1,below primo,-1,-6,none,not assessed,short,step,-1,no,8,middle,no,no,no,
Sunless 02,-1,11,2,E3,52,i,Bozeman bass midpoint,0.25,close,D#3,1,below primo,-5,-10,none,not assessed,short,leap-down,-4,no,8,last,no,no,no,turning pitch 0 to 2 st below
Sunless 02,-1,11,2.75,C#3,49,ɑ,Bozeman bass midpoint,0.125,open,D#4,-13.5,below primo,-8,-13,none,not assessed,short,leap-down,-3,yes,9,first,no,no,no,
Sunless 02,-1,11,3,C3,48,e,Bozeman bass midpoint,0.5,open,A3,-9,below primo,-9,-14,none,not assessed,short,step,-1,no,9,middle,no,no,no,
Sunless 02,-1,11,4,C#3,49,ɑ,Bozeman bass midpoint,0.25,open,D#4,-13.5,below primo,-8,-13,none,not assessed,short,step,1,no,9,middle,no,no,no,
Sunless 02,-1,11,4.5,C#3,49,i,Bozeman bass midpoint,0.25,open,D#3,-2,below primo,-8,-13,none,not assessed,short,repeated,0,no,9,middle,no,no,no,
Sunless 02,-1,12,1,A3,57,o,Bozeman bass midpoint,0.5,open,A3,0,inside,0,-5,none,not assessed,short,leap-up,8,no,9,last,yes,no,no,highest of phrase
Sunless 03,-2,1,2,A#3,58,ɑ,Bozeman bass midpoint,0.612,open,D#4,-4.5,inside,1,-4,none,not assessed,short,first note,,,0,first,yes,no,no,highest of phrase
Sunless 03,-2,2,1,A#3,58,o,Bozeman bass midpoint,0.918,close,A3,1,inside,1,-4,none,not assessed,short,repeated,0,no,0,middle,yes,no,no,highest of phrase; turning pitch 0 to 2 st below
Sunless 03,-2,2,2.5,C3,48,ɪ,derived from Bozeman bass,0.306,open,A#3,-9.54,below primo,-9,-14,none,not assessed,short,leap-down,-10,no,0,middle,no,no,no,
Sunless 03,-2,2,3,D3,50,ɑ,Bozeman bass midpoint,0.612,open,D#4,-12.5,below primo,-7,-12,none,not assessed,short,step,2,no,0,middle,no,no,no,
Sunless 03,-2,2,4,A#2,46,ɨ,derived from Bozeman bass,0.306,open,G#3,-10.39,below primo,-11,-16,none,not assessed,short,leap-down,-4,no,0,last,no,no,no,
Sunless 03,-2,3,1,F#3,54,u,Bozeman bass midpoint,0.918,close,D#3,2.5,below primo,-3,-8,none,not assessed,short,leap-up,8,yes,1,first,yes,no,no,highest of phrase
Sunless 03,-2,3,2.5,F#3,54,ɨ,derived from Bozeman bass,0.306,open,G#3,-2.39,below primo,-3,-8,none,not assessed,short,repeated,0,no,1,middle,yes,no,no,highest of phrase
Sunless 03,-2,3,3,F3,53,e,Bozeman bass midpoint,0.612,open,A3,-4,below primo,-4,-9,none,not assessed,short,step,-1,no,1,last,no,no,no,
Sunless 03,-2,4,1.5,F3,53,u,Bozeman bass midpoint,0.306,close,D#3,1.5,below primo,-4,-9,none,not assessed,short,repeated,0,yes,2,first,yes,no,no,highest of phrase; turning pitch 0 to 2 st below
Sunless 03,-2,4,2,F3,53,ɑ,Bozeman bass midpoint,0.306,open,D#4,-9.5,below primo,-4,-9,none,not assessed,short,repeated,0,no,2,middle,yes,no,no,highest of phrase
Sunless 03,-2,4,2.5,F3,53,ɑ,Bozeman bass midpoint,0.306,open,D#4,-9.5,below primo,-4,-9,none,not assessed,short,repeated,0,no,2,middle,yes,no,no,highest of phrase
Sunless 03,-2,4,3,A#2,46,ɨ,derived from Bozeman bass,0.918,open,G#3,-10.39,below primo,-11,-16,none,not assessed,short,leap-down,-7,no,2,middle,no,no,no,
Sunless 03,-2,4,4.5,A#2,46,u,Bozeman bass midpoint,0.306,open,D#3,-5.5,below primo,-11,-16,none,not assessed,short,repeated,0,no,2,middle,no,no,no,
Sunless 03,-2,5,1,C3,48,o,Bozeman bass midpoint,0.612,open,A3,-9,below primo,-9,-14,none,not assessed,short,step,2,no,2,middle,no,no,no,
Sunless 03,-2,5,2,C3,48,u,Bozeman bass midpoint,0.306,open,D#3,-3.5,below primo,-9,-14,none,not assessed,short,repeated,0,no,2,last,no,no,no,
Sunless 03,-2,5,3,D3,50,ɛ,Bozeman bass midpoint,0.612,open,C4,-10.5,below primo,-7,-12,none,not assessed,short,step,2,yes,3,first,yes,no,no,highest of phrase
Sunless 03,-2,5,4,A#2,46,ɪ,derived from Bozeman bass,0.306,open,A#3,-11.54,below primo,-11,-16,4,not assessed,short,leap-down,-4,no,3,last,no,no,no,
Sunless 03,-2,6,1,G3,55,o,Bozeman bass midpoint,1.224,open,A3,-2,below primo,-2,-7,none,not assessed,short,leap-up,9,yes,4,first,yes,no,no,highest of phrase
Sunless 03,-2,6,3,D#3,51,i,Bozeman bass midpoint,0.612,close,D#3,0,below primo,-6,-11,none,not assessed,short,leap-down,-4,no,4,middle,no,no,no,turning pitch 0 to 2 st below
Sunless 03,-2,6,4,D#3,51,ʌ,derived from Bozeman bass,0.306,open,D#4,-11.5,below primo,-6,-11,4,not assessed,short,repeated,0,no,4,last,no,no,no,
Sunless 03,-2,7,1,D#3,51,ɑ,Bozeman bass midpoint,0.459,open,D#4,-11.5,below primo,-6,-11,4,not assessed,short,repeated,0,yes,5,first,no,no,no,
Sunless 03,-2,7,1.75,E3,52,ʌ,derived from Bozeman bass,0.153,open,D#4,-10.5,below primo,-5,-10,none,not assessed,short,step,1,no,5,middle,no,no,no,
Sunless 03,-2,7,2,F#3,54,o,Bozeman bass midpoint,0.306,open,A3,-3,below primo,-3,-8,none,not assessed,short,step,2,no,5,middle,no,no,no,
Sunless 03,-2,7,2.5,B3,59,i,Bozeman bass midpoint,0.306,close,D#3,8,inside,2,-3,none,not assessed,short,leap-up,5,no,5,middle,yes,no,no,highest of phrase
Sunless 03,-2,7,3,G#3,56,e,Bozeman bass midpoint,0.459,open,A3,-1,below primo,-1,-6,none,not assessed,short,leap-down,-3,no,5,middle,no,no,no,
Sunless 03,-2,7,3.75,G#3,56,ɑ,Bozeman bass midpoint,0.153,open,D#4,-6.5,below primo,-1,-6,none,not assessed,short,repeated,0,no,5,middle,no,no,no,
Sunless 03,-2,7,4,G#3,56,i,Bozeman bass midpoint,0.306,close,D#3,5,below primo,-1,-6,none,not assessed,short,repeated,0,no,5,middle,no,no,no,
Sunless 03,-2,7,4.5,G#3,56,u,Bozeman bass midpoint,0.306,close,D#3,4.5,below primo,-1,-6,none,not assessed,short,repeated,0,no,5,middle,no,no,no,
Sunless 03,-2,8,1,A3,57,a,derived from Bozeman bass,0.918,open,F4,-7.92,inside,0,-5,none,not assessed,short,step,1,no,5,middle,no,no,no,
Sunless 03,-2,8,2.5,F3,53,u,Bozeman bass midpoint,0.306,close,D#3,1.5,below primo,-4,-9,none,not assessed,short,leap-down,-4,no,5,middle,no,no,no,turning pitch 0 to 2 st below
Sunless 03,-2,8,3,F3,53,u,Bozeman bass midpoint,0.612,close,D#3,1.5,below primo,-4,-9,none,not assessed,short,repeated,0,no,5,middle,no,no,no,turning pitch 0 to 2 st below
Sunless 03,-2,8,4,F3,53,ɑ,Bozeman bass midpoint,0.612,open,D#4,-9.5,below primo,-4,-9,none,not assessed,short,repeated,0,no,5,middle,no,no,no,
Sunless 03,-2,9,1,F3,53,ɛ,Bozeman bass midpoint,0.612,open,C4,-7.5,below primo,-4,-9,3,not assessed,short,repeated,0,no,5,middle,no,no,no,
Sunless 03,-2,9,2,A#2,46,ɪ,derived from Bozeman bass,0.612,open,A#3,-11.54,below primo,-11,-16,4,not assessed,short,leap-down,-7,no,5,last,no,no,no,
Sunless 03,-2,9,4.5,A#3,58,o,Bozeman bass midpoint,0.306,close,A3,1,inside,1,-4,none,not assessed,short,leap-up,12,yes,6,first,yes,no,no,highest of phrase; turning pitch 0 to 2 st below
Sunless 03,-2,10,1,F#3,54,o,Bozeman bass midpoint,0.918,open,A3,-3,below primo,-3,-8,none,not assessed,short,leap-down,-4,no,6,middle,no,no,no,
Sunless 03,-2,10,2.5,A2,45,ɑ,Bozeman bass midpoint,0.306,open,D#4,-17.5,below primo,-12,-17,none,not assessed,short,leap-down,-9,no,6,middle,no,no,no,
Sunless 03,-2,10,3,C3,48,ɑ,Bozeman bass midpoint,0.306,open,D#4,-14.5,below primo,-9,-14,none,not assessed,short,leap-up,3,no,6,middle,no,no,no,
Sunless 03,-2,10,3.5,F#3,54,ɑ,Bozeman bass midpoint,0.306,open,D#4,-8.5,below primo,-3,-8,none,not assessed,short,leap-up,6,no,6,middle,no,no,no,
Sunless 03,-2,10,4,F3,53,i,Bozeman bass midpoint,0.306,close,D#3,2,below primo,-4,-9,none,not assessed,short,step,-1,no,6,middle,no,no,no,
Sunless 03,-2,10,4.5,D#3,51,ɪ,derived from Bozeman bass,0.306,open,A#3,-6.54,below primo,-6,-11,3,not assessed,short,step,-2,no,6,middle,no,no,no,
Sunless 03,-2,11,1,D3,50,ɨ,derived from Bozeman bass,0.306,open,G#3,-6.39,below primo,-7,-12,none,not assessed,short,step,-1,no,6,last,no,no,no,
Sunless 03,-2,11,3.5,D3,50,i,Bozeman bass midpoint,0.306,open,D#3,-1,below primo,-7,-12,none,not assessed,short,repeated,0,yes,7,first,no,no,no,
Sunless 03,-2,11,4,D3,50,i,Bozeman bass midpoint,0.306,open,D#3,-1,below primo,-7,-12,none,not assessed,short,repeated,0,no,7,middle,no,no,no,
Sunless 03,-2,11,4.5,F3,53,u,Bozeman bass midpoint,0.306,close,D#3,1.5,below primo,-4,-9,none,not assessed,short,leap-up,3,no,7,middle,no,no,no,turning pitch 0 to 2 st below
Sunless 03,-2,12,1,E3,52,ɑ,Bozeman bass midpoint,0.918,open,D#4,-10.5,below primo,-5,-10,none,not assessed,short,step,-1,no,7,middle,no,no,no,
Sunless 03,-2,12,2.5,E3,52,i,Bozeman bass midpoint,0.306,close,D#3,1,below primo,-5,-10,none,not assessed,short,repeated,0,no,7,middle,no,no,no,turning pitch 0 to 2 st below
Sunless 03,-2,12,3,A3,57,o,Bozeman bass midpoint,0.918,open,A3,0,inside,0,-5,none,not assessed,short,leap-up,5,no,7,middle,yes,no,no,highest of phrase
Sunless 03,-2,12,4.5,G3,55,i,Bozeman bass midpoint,0.306,close,D#3,4,below primo,-2,-7,none,not assessed,short,step,-2,no,7,middle,no,no,no,
Sunless 03,-2,13,1,F3,53,i,Bozeman bass midpoint,0.612,close,D#3,2,below primo,-4,-9,none,not assessed,short,step,-2,no,7,middle,no,no,no,
Sunless 03,-2,13,2,E3,52,ɨ,derived from Bozeman bass,0.306,open,G#3,-4.39,below primo,-5,-10,none,not assessed,short,step,-1,no,7,last,no,no,no,
Sunless 03,-2,13,3.5,D#3,51,ʌ,derived from Bozeman bass,0.306,open,D#4,-11.5,below primo,-6,-11,4,not assessed,short,step,-1,yes,8,first,no,no,no,
Sunless 03,-2,13,4,D3,50,ʌ,derived from Bozeman bass,0.306,open,D#4,-12.5,below primo,-7,-12,none,not assessed,short,step,-1,no,8,middle,no,no,no,
Sunless 03,-2,13,4.5,D3,50,ɑ,Bozeman bass midpoint,0.306,open,D#4,-12.5,below primo,-7,-12,none,not assessed,short,repeated,0,no,8,middle,no,no,no,
Sunless 03,-2,14,1,C#3,49,e,Bozeman bass midpoint,0.306,open,A3,-8,below primo,-8,-13,none,not assessed,short,step,-1,no,8,middle,no,no,no,
Sunless 03,-2,14,1.5,C#3,49,i,Bozeman bass midpoint,0.306,open,D#3,-2,below primo,-8,-13,none,not assessed,short,repeated,0,no,8,middle,no,no,no,
Sunless 03,-2,14,2,E3,52,ɪ,derived from Bozeman bass,0.306,open,A#3,-5.54,below primo,-5,-10,none,not assessed,short,leap-up,3,no,8,middle,no,no,no,
Sunless 03,-2,14,2.5,E3,52,e,Bozeman bass midpoint,0.306,open,A3,-5,below primo,-5,-10,none,not assessed,short,repeated,0,no,8,middle,no,no,no,
Sunless 03,-2,14,3,F#3,54,i,Bozeman bass midpoint,0.306,close,D#3,3,below primo,-3,-8,none,not assessed,short,step,2,no,8,last,yes,no,no,highest of phrase
Sunless 03,-2,14,4,F#3,54,ɑ,Bozeman bass midpoint,0.612,open,D#4,-8.5,below primo,-3,-8,none,not assessed,short,repeated,0,yes,9,first,no,no,no,
Sunless 03,-2,15,1,G#3,56,o,Bozeman bass midpoint,0.918,open,A3,-1,below primo,-1,-6,none,not assessed,short,step,2,no,9,middle,no,no,no,
Sunless 03,-2,15,2.5,G#3,56,u,Bozeman bass midpoint,0.306,close,D#3,4.5,below primo,-1,-6,none,not assessed,short,repeated,0,no,9,middle,no,no,no,
Sunless 03,-2,15,3,A3,57,ɑ,Bozeman bass midpoint,0.459,open,D#4,-5.5,inside,0,-5,none,not assessed,short,step,1,no,9,middle,yes,no,no,highest of phrase
Sunless 03,-2,15,3.75,F3,53,ɪ,derived from Bozeman bass,0.153,open,A#3,-4.54,below primo,-4,-9,none,not assessed,short,leap-down,-4,no,9,middle,no,no,no,
Sunless 03,-2,15,4,C3,48,ɨ,derived from Bozeman bass,0.306,open,G#3,-8.39,below primo,-9,-14,none,not assessed,short,leap-down,-5,no,9,middle,no,no,no,
Sunless 03,-2,15,4.5,C3,48,ɑ,Bozeman bass midpoint,0.306,open,D#4,-14.5,below primo,-9,-14,none,not assessed,short,repeated,0,no,9,middle,no,no,no,
Sunless 03,-2,16,1,D3,50,i,Bozeman bass midpoint,0.612,open,D#3,-1,below primo,-7,-12,none,not assessed,short,step,2,no,9,middle,no,no,no,
Sunless 03,-2,16,2,A#2,46,ɨ,derived from Bozeman bass,0.306,open,G#3,-10.39,below primo,-11,-16,none,not assessed,short,leap-down,-4,no,9,last,no,no,no,
Sunless 03,-2,16,3.5,F3,53,ɑ,Bozeman bass midpoint,0.306,open,D#4,-9.5,below primo,-4,-9,none,not assessed,short,leap-up,7,yes,10,first,no,no,no,
Sunless 03,-2,16,4,A#3,58,u,Bozeman bass midpoint,0.306,close,D#3,6.5,inside,1,-4,none,not assessed,short,leap-up,5,no,10,middle,yes,no,no,highest of phrase
Sunless 03,-2,16,4.5,F3,53,ʌ,derived from Bozeman bass,0.306,open,D#4,-9.5,below primo,-4,-9,none,not assessed,short,leap-down,-5,no,10,middle,no,no,no,
Sunless 03,-2,17,1,G#3,56,o,Bozeman bass midpoint,0.816,open,A3,-1,below primo,-1,-6,none,not assessed,short,leap-up,3,no,10,middle,no,no,no,
Sunless 03,-2,17,2.333,G#3,56,ɨ,derived from Bozeman bass,0.408,open,G#3,-0.39,below primo,-1,-6,none,not assessed,short,repeated,0,no,10,middle,no,no,no,
Sunless 03,-2,17,3,F#3,54,ɑ,Bozeman bass midpoint,0.816,open,D#4,-8.5,below primo,-3,-8,none,not assessed,short,step,-2,no,10,middle,no,no,no,
Sunless 03,-2,17,4.333,A3,57,ɑ,Bozeman bass midpoint,0.408,open,D#4,-5.5,inside,0,-5,none,not assessed,short,leap-up,3,no,10,middle,no,no,no,
Sunless 03,-2,18,1,F#3,54,ɑ,Bozeman bass midpoint,0.816,open,D#4,-8.5,below primo,-3,-8,none,not assessed,short,leap-down,-3,no,10,middle,no,no,no,
Sunless 03,-2,18,2.333,F#3,54,ɑ,Bozeman bass midpoint,0.408,open,D#4,-8.5,below primo,-3,-8,none,not assessed,short,tie,0,no,10,last,no,no,no,
Sunless 03,-2,18,4.333,F3,53,i,Bozeman bass midpoint,0.408,close,D#3,2,below primo,-4,-9,none,not assessed,short,step,-1,yes,11,first,no,no,no,
Sunless 03,-2,19,1,G#3,56,e,Bozeman bass midpoint,0.816,open,A3,-1,below primo,-1,-6,none,not assessed,short,leap-up,3,no,11,middle,no,no,no,
Sunless 03,-2,19,2.333,G#3,56,i,Bozeman bass midpoint,0.408,close,D#3,5,below primo,-1,-6,none,not assessed,short,repeated,0,no,11,middle,no,no,no,
Sunless 03,-2,19,3,F#3,54,ɑ,Bozeman bass midpoint,0.816,open,D#4,-8.5,below primo,-3,-8,none,not assessed,short,step,-2,no,11,middle,no,no,no,
Sunless 03,-2,19,4.333,A3,57,ɨ,derived from Bozeman bass,0.408,close,G#3,0.61,inside,0,-5,none,not assessed,short,leap-up,3,no,11,middle,yes,no,no,highest of phrase; turning pitch 0 to 2 st below
Sunless 03,-2,20,1,F#3,54,o,Bozeman bass midpoint,0.816,open,A3,-3,below primo,-3,-8,none,not assessed,short,leap-down,-3,no,11,middle,no,no,no,
Sunless 03,-2,20,2.333,F#3,54,i,Bozeman bass midpoint,0.408,close,D#3,3,below primo,-3,-8,none,not assessed,short,repeated,0,no,11,middle,no,no,no,
Sunless 03,-2,20,3,D#3,51,e,Bozeman bass midpoint,0.408,open,A3,-6,below primo,-6,-11,none,not assessed,short,leap-down,-3,no,11,middle,no,no,no,
Sunless 03,-2,20,3.667,F3,53,i,Bozeman bass midpoint,0.204,close,D#3,2,below primo,-4,-9,none,not assessed,short,step,2,no,11,last,no,no,no,
Sunless 03,-2,20,4.333,F3,53,u,Bozeman bass midpoint,0.408,close,D#3,1.5,below primo,-4,-9,none,not assessed,short,repeated,0,yes,12,first,no,no,no,turning pitch 0 to 2 st below
Sunless 03,-2,21,1,F#3,54,ɨ,derived from Bozeman bass,0.816,open,G#3,-2.39,below primo,-3,-8,none,not assessed,short,step,1,no,12,middle,no,no,no,
Sunless 03,-2,21,2.333,F#3,54,ɑ,Bozeman bass midpoint,0.408,open,D#4,-8.5,below primo,-3,-8,none,not assessed,short,repeated,0,no,12,middle,no,no,no,
Sunless 03,-2,21,3,D#3,51,ʌ,derived from Bozeman bass,0.816,open,D#4,-11.5,below primo,-6,-11,4,not assessed,short,leap-down,-3,no,12,middle,no,no,no,
Sunless 03,-2,21,4.333,F3,53,ɪ,derived from Bozeman bass,0.408,open,A#3,-4.54,below primo,-4,-9,none,not assessed,short,step,2,no,12,middle,no,no,no,
Sunless 03,-2,22,1,F#3,54,ɑ,Bozeman bass midpoint,0.816,open,D#4,-8.5,below primo,-3,-8,none,not assessed,short,step,1,no,12,middle,no,no,no,
Sunless 03,-2,22,2.333,F#3,54,u,Bozeman bass midpoint,0.408,close,D#3,2.5,below primo,-3,-8,none,not assessed,short,repeated,0,no,12,middle,no,no,no,
Sunless 03,-2,22,3,D#3,51,ɑ,Bozeman bass midpoint,0.816,open,D#4,-11.5,below primo,-6,-11,4,not assessed,short,leap-down,-3,no,12,middle,no,no,no,
Sunless 03,-2,22,4.333,F3,53,ɑ,Bozeman bass midpoint,0.408,open,D#4,-9.5,below primo,-4,-9,none,not assessed,short,step,2,no,12,middle,no,no,no,
Sunless 03,-2,23,1,A#3,58,ɛ,Bozeman bass midpoint,0.408,open,C4,-2.5,inside,1,-4,none,not assessed,short,leap-up,5,no,12,middle,yes,no,no,highest of phrase
Sunless 03,-2,23,1.667,A#3,58,ɛ,Bozeman bass midpoint,0.204,open,C4,-2.5,inside,1,-4,none,not assessed,short,tie,0,no,12,last,yes,no,no,highest of phrase
Sunless 03,-2,23,2.333,F#3,54,ɑ,Bozeman bass midpoint,0.408,open,D#4,-8.5,below primo,-3,-8,none,not assessed,short,leap-down,-4,yes,13,first,no,no,no,
Sunless 03,-2,23,3,A3,57,ɨ,derived from Bozeman bass,0.408,close,G#3,0.61,inside,0,-5,none,not assessed,short,leap-up,3,no,13,middle,yes,no,no,highest of phrase; turning pitch 0 to 2 st below
Sunless 03,-2,23,3.667,F3,53,ʌ,derived from Bozeman bass,0.408,open,D#4,-9.5,below primo,-4,-9,none,not assessed,short,leap-down,-4,no,13,last,no,no,no,
Sunless 03,-2,24,1.667,D#3,51,ɑ,Bozeman bass midpoint,0.408,open,D#4,-11.5,below primo,-6,-11,4,not assessed,short,step,-2,yes,14,first,no,no,no,
Sunless 03,-2,24,2.333,D#3,51,u,Bozeman bass midpoint,0.408,open,D#3,-0.5,below primo,-6,-11,none,not assessed,short,repeated,0,no,14,middle,no,no,no,
Sunless 03,-2,24,3,F#3,54,e,Bozeman bass midpoint,0.816,open,A3,-3,below primo,-3,-8,none,not assessed,short,leap-up,3,no,14,middle,yes,no,no,highest of phrase
Sunless 03,-2,24,4.333,F3,53,i,Bozeman bass midpoint,0.204,close,D#3,2,below primo,-4,-9,none,not assessed,short,step,-1,no,14,last,no,no,no,
Sunless 03,-2,24,4.833,C3,48,u,Bozeman bass midpoint,0.102,open,D#3,-3.5,below primo,-9,-14,none,not assessed,short,leap-down,-5,yes,15,first,yes,no,no,highest of phrase
Sunless 03,-2,25,1,A#2,46,ɨ,derived from Bozeman bass,0.306,open,G#3,-10.39,below primo,-11,-16,none,not assessed,short,step,-2,no,15,last,no,no,no,
Sunless 03,-2,25,2.5,A#2,46,o,Bozeman bass midpoint,0.306,open,A3,-11,below primo,-11,-16,none,not assessed,short,repeated,0,yes,16,first,no,no,no,
Sunless 03,-2,25,3,E3,52,i,Bozeman bass midpoint,0.306,close,D#3,1,below primo,-5,-10,none,not assessed,short,leap-up,6,no,16,middle,yes,no,no,highest of phrase; turning pitch 0 to 2 st below
Sunless 03,-2,25,3.5,C#3,49,ɑ,Bozeman bass midpoint,0.306,open,D#4,-13.5,below primo,-8,-13,none,not assessed,short,leap-down,-3,no,16,middle,no,no,no,
Sunless 03,-2,25,4,C3,48,i,Bozeman bass midpoint,0.306,open,D#3,-3,below primo,-9,-14,none,not assessed,short,step,-1,no,16,middle,no,no,no,
Sunless 03,-2,25,4.5,C#3,49,ɑ,Bozeman bass midpoint,0.306,open,D#4,-13.5,below primo,-8,-13,none,not assessed,short,step,1,no,16,middle,no,no,no,
Sunless 03,-2,26,1,A#2,46,i,Bozeman bass midpoint,0.612,open,D#3,-5,below primo,-11,-16,none,not assessed,short,leap-down,-3,no,16,last,no,no,no,
Sunless 03,-2,26,2.5,A#2,46,ɛ,Bozeman bass midpoint,0.306,open,C4,-14.5,below primo,-11,-16,none,not assessed,short,repeated,0,yes,17,first,no,no,no,
Sunless 03,-2,26,3,A#3,58,u,Bozeman bass midpoint,0.918,close,D#3,6.5,inside,1,-4,none,not assessed,short,leap-up,12,no,17,middle,yes,no,no,highest of phrase
Sunless 03,-2,26,4.5,C3,48,ʌ,derived from Bozeman bass,0.306,open,D#4,-14.5,below primo,-9,-14,none,not assessed,short,leap-down,-10,no,17,middle,no,no,no,
Sunless 03,-2,27,1,D3,50,o,Bozeman bass midpoint,0.306,open,A3,-7,below primo,-7,-12,3,not assessed,short,step,2,no,17,middle,no,no,no,
Sunless 03,-2,27,1.5,D3,50,ʌ,derived from Bozeman bass,0.306,open,D#4,-12.5,below primo,-7,-12,none,not assessed,short,repeated,0,no,17,middle,no,no,no,
Sunless 03,-2,27,2,C3,48,i,Bozeman bass midpoint,0.306,open,D#3,-3,below primo,-9,-14,none,not assessed,short,step,-2,no,17,middle,no,no,no,
Sunless 03,-2,27,2.5,A#2,46,ɑ,Bozeman bass midpoint,0.306,open,D#4,-16.5,below primo,-11,-16,none,not assessed,short,step,-2,no,17,middle,no,no,no,
Sunless 03,-2,27,3,F#3,54,o,Bozeman bass midpoint,0.612,open,A3,-3,below primo,-3,-8,none,not assessed,short,leap-up,8,no,17,middle,no,no,no,
Sunless 03,-2,27,4,D#3,51,u,Bozeman bass midpoint,0.306,open,D#3,-0.5,below primo,-6,-11,none,not assessed,short,leap-down,-3,no,17,last,no,no,no,
Sunless 03,-2,27,4.75,D#3,51,i,Bozeman bass midpoint,0.153,close,D#3,0,below primo,-6,-11,none,not assessed,short,repeated,0,yes,18,first,no,no,no,turning pitch 0 to 2 st below
Sunless 03,-2,28,1,A#3,58,u,Bozeman bass midpoint,0.816,close,D#3,6.5,inside,1,-4,none,not assessed,short,leap-up,7,no,18,middle,yes,no,no,highest of phrase
Sunless 03,-2,28,2.333,A3,57,i,Bozeman bass midpoint,0.408,close,D#3,6,inside,0,-5,none,not assessed,short,step,-1,no,18,middle,no,no,no,
Sunless 03,-2,28,3,F#3,54,ɑ,Bozeman bass midpoint,0.816,open,D#4,-8.5,below primo,-3,-8,none,not assessed,short,leap-down,-3,no,18,middle,no,no,no,
Sunless 03,-2,28,4.333,F3,53,ʌ,derived from Bozeman bass,0.408,open,D#4,-9.5,below primo,-4,-9,none,not assessed,short,step,-1,no,18,middle,no,no,no,
Sunless 03,-2,29,1,A#3,58,ʌ,derived from Bozeman bass,0.816,open,D#4,-4.5,inside,1,-4,none,not assessed,short,leap-up,5,no,18,middle,yes,no,no,highest of phrase
Sunless 03,-2,29,2.333,A3,57,ɑ,Bozeman bass midpoint,0.408,open,D#4,-5.5,inside,0,-5,none,not assessed,short,step,-1,no,18,middle,no,no,no,
Sunless 03,-2,29,3,F#3,54,i,Bozeman bass midpoint,0.816,close,D#3,3,below primo,-3,-8,none,not assessed,short,leap-down,-3,no,18,middle,no,no,no,
Sunless 03,-2,29,4.333,F3,53,u,Bozeman bass midpoint,0.408,close,D#3,1.5,below primo,-4,-9,none,not assessed,short,step,-1,no,18,middle,no,no,no,turning pitch 0 to 2 st below
Sunless 03,-2,30,1,A#2,46,ɛ,Bozeman bass midpoint,0.918,open,C4,-14.5,below primo,-11,-16,none,not assessed,short,leap-down,-7,no,18,middle,no,no,no,
Sunless 03,-2,30,2.5,A#2,46,ɪ,derived from Bozeman bass,0.306,open,A#3,-11.54,below primo,-11,-16,4,not assessed,short,repeated,0,no,18,middle,no,no,no,
Sunless 03,-2,30,3,C3,48,ɑ,Bozeman bass midpoint,0.306,open,D#4,-14.5,below primo,-9,-14,none,not assessed,short,step,2,no,18,middle,no,no,no,
Sunless 03,-2,30,3.5,C3,48,ɪ,derived from Bozeman bass,0.306,open,A#3,-9.54,below primo,-9,-14,none,not assessed,short,repeated,0,no,18,middle,no,no,no,
Sunless 03,-2,30,4,A#2,46,ɑ,Bozeman bass midpoint,0.306,open,D#4,-16.5,below primo,-11,-16,none,not assessed,short,step,-2,no,18,middle,no,no,no,
Sunless 03,-2,30,4.5,C3,48,ɑ,Bozeman bass midpoint,0.306,open,D#4,-14.5,below primo,-9,-14,none,not assessed,short,step,2,no,18,middle,no,no,no,
Sunless 03,-2,31,1,D3,50,o,Bozeman bass midpoint,0.612,open,A3,-7,below primo,-7,-12,3,not assessed,short,step,2,no,18,middle,no,no,no,
Sunless 03,-2,31,2,F3,53,u,Bozeman bass midpoint,0.306,close,D#3,1.5,below primo,-4,-9,none,not assessed,short,leap-up,3,no,18,last,no,no,no,turning pitch 0 to 2 st below
Sunless 03,-2,31,4,F3,53,i,Bozeman bass midpoint,0.612,close,D#3,2,below primo,-4,-9,none,not assessed,short,repeated,0,yes,19,first,no,no,no,
Sunless 03,-2,32,1,G#3,56,e,Bozeman bass midpoint,0.204,open,A3,-1,below primo,-1,-6,none,not assessed,short,leap-up,3,no,19,middle,no,no,no,
Sunless 03,-2,32,1.333,A#3,58,e,Bozeman bass midpoint,0.204,close,A3,1,inside,1,-4,none,not assessed,short,step,2,no,19,middle,no,no,no,turning pitch 0 to 2 st below
Sunless 03,-2,32,1.667,C4,60,ɑ,Bozeman bass midpoint,0.204,open,D#4,-2.5,inside,3,-2,none,not assessed,short,step,2,no,19,middle,no,no,no,
Sunless 03,-2,32,2,A#3,58,ɑ,Bozeman bass midpoint,0.204,open,D#4,-4.5,inside,1,-4,none,not assessed,short,step,-2,no,19,middle,no,no,no,
Sunless 03,-2,32,2.333,C4,60,ɑ,Bozeman bass midpoint,0.204,open,D#4,-2.5,inside,3,-2,none,not assessed,short,step,2,no,19,middle,no,no,no,
Sunless 03,-2,32,2.667,F3,53,i,Bozeman bass midpoint,0.204,close,D#3,2,below primo,-4,-9,none,not assessed,short,leap-down,-7,no,19,middle,no,no,no,
Sunless 03,-2,32,3,G#3,56,ɛ,Bozeman bass midpoint,0.204,open,C4,-4.5,below primo,-1,-6,none,not assessed,short,leap-up,3,no,19,middle,no,no,no,
Sunless 03,-2,32,3.333,F#3,54,ɛ,Bozeman bass midpoint,0.204,open,C4,-6.5,below primo,-3,-8,none,not assessed,short,step,-2,no,19,middle,no,no,no,
Sunless 03,-2,32,3.667,F3,53,i,Bozeman bass midpoint,0.204,close,D#3,2,below primo,-4,-9,none,not assessed,short,step,-1,no,19,middle,no,no,no,
Sunless 03,-2,32,4,G#3,56,e,Bozeman bass midpoint,0.408,open,A3,-1,below primo,-1,-6,none,not assessed,short,leap-up,3,no,19,middle,no,no,no,
Sunless 03,-2,32,4.667,G#3,56,i,Bozeman bass midpoint,0.204,close,D#3,5,below primo,-1,-6,none,not assessed,short,repeated,0,no,19,middle,no,no,no,
Sunless 03,-2,33,1,G#3,56,i,Bozeman bass midpoint,0.204,close,D#3,5,below primo,-1,-6,none,not assessed,short,repeated,0,no,19,middle,no,no,no,
Sunless 03,-2,33,1.333,A#3,58,i,Bozeman bass midpoint,0.204,close,D#3,7,inside,1,-4,none,not assessed,short,step,2,no,19,middle,no,no,no,
Sunless 03,-2,33,1.667,C4,60,ɑ,Bozeman bass midpoint,0.204,open,D#4,-2.5,inside,3,-2,none,not assessed,short,step,2,no,19,middle,no,no,no,
Sunless 03,-2,33,2,A#3,58,ɛ,Bozeman bass midpoint,0.204,open,C4,-2.5,inside,1,-4,none,not assessed,short,step,-2,no,19,middle,no,no,no,
Sunless 03,-2,33,2.333,C4,60,ɛ,Bozeman bass midpoint,0.204,open,C4,-0.5,inside,3,-2,none,not assessed,short,step,2,no,19,middle,no,no,no,
Sunless 03,-2,33,2.667,F3,53,ɨ,derived from Bozeman bass,0.204,open,G#3,-3.39,below primo,-4,-9,none,not assessed,short,leap-down,-7,no,19,middle,no,no,no,
Sunless 03,-2,33,3,G#3,56,ɑ,Bozeman bass midpoint,0.204,open,D#4,-6.5,below primo,-1,-6,none,not assessed,short,leap-up,3,no,19,middle,no,no,no,
Sunless 03,-2,33,3.333,F#3,54,ɑ,Bozeman bass midpoint,0.204,open,D#4,-8.5,below primo,-3,-8,none,not assessed,short,step,-2,no,19,middle,no,no,no,
Sunless 03,-2,33,3.667,F3,53,u,Bozeman bass midpoint,0.204,close,D#3,1.5,below primo,-4,-9,none,not assessed,short,step,-1,no,19,middle,no,no,no,turning pitch 0 to 2 st below
Sunless 03,-2,33,4,G#3,56,o,Bozeman bass midpoint,0.204,open,A3,-1,below primo,-1,-6,none,not assessed,short,leap-up,3,no,19,middle,no,no,no,
Sunless 03,-2,33,4.333,G#3,56,u,Bozeman bass midpoint,0.204,close,D#3,4.5,below primo,-1,-6,none,not assessed,short,repeated,0,no,19,middle,no,no,no,
Sunless 03,-2,33,4.667,F#3,54,i,Bozeman bass midpoint,0.204,close,D#3,3,below primo,-3,-8,none,not assessed,short,step,-2,no,19,middle,no,no,no,
Sunless 03,-2,34,1,A3,57,e,Bozeman bass midpoint,0.204,open,A3,0,inside,0,-5,none,not assessed,short,leap-up,3,no,19,middle,no,no,no,
Sunless 03,-2,34,1.333,C#3,49,e,Bozeman bass midpoint,0.204,open,A3,-8,below primo,-8,-13,none,not assessed,short,leap-down,-8,no,19,middle,no,no,no,
Sunless 03,-2,34,1.667,E3,52,ɨ,derived from Bozeman bass,0.204,open,G#3,-4.39,below primo,-5,-10,none,not assessed,short,leap-up,3,no,19,middle,no,no,no,
Sunless 03,-2,34,2,G#3,56,u,Bozeman bass midpoint,0.408,close,D#3,4.5,below primo,-1,-6,none,not assessed,short,leap-up,4,no,19,middle,no,no,no,
Sunless 03,-2,34,2.667,F#3,54,i,Bozeman bass midpoint,0.204,close,D#3,3,below primo,-3,-8,none,not assessed,short,step,-2,no,19,middle,no,no,no,
Sunless 03,-2,34,3,A3,57,u,Bozeman bass midpoint,0.204,close,D#3,5.5,inside,0,-5,none,not assessed,short,leap-up,3,no,19,middle,no,no,no,
Sunless 03,-2,34,3.333,C#3,49,u,Bozeman bass midpoint,0.204,open,D#3,-2.5,below primo,-8,-13,none,not assessed,short,leap-down,-8,no,19,middle,no,no,no,
Sunless 03,-2,34,3.667,E3,52,ɨ,derived from Bozeman bass,0.204,open,G#3,-4.39,below primo,-5,-10,none,not assessed,short,leap-up,3,no,19,middle,no,no,no,
Sunless 03,-2,34,4,G#3,56,e,Bozeman bass midpoint,0.408,open,A3,-1,below primo,-1,-6,none,not assessed,short,leap-up,4,no,19,middle,no,no,no,
Sunless 03,-2,34,4.667,F#3,54,ɑ,Bozeman bass midpoint,0.204,open,D#4,-8.5,below primo,-3,-8,none,not assessed,short,step,-2,no,19,middle,no,no,no,
Sunless 03,-2,35,1,G#3,56,i,Bozeman bass midpoint,0.204,close,D#3,5,below primo,-1,-6,none,not assessed,short,step,2,no,19,middle,no,no,no,
Sunless 03,-2,35,1.333,A#3,58,i,Bozeman bass midpoint,0.204,close,D#3,7,inside,1,-4,none,not assessed,short,step,2,no,19,middle,no,no,no,
Sunless 03,-2,35,1.667,C4,60,ɑ,Bozeman bass midpoint,0.204,open,D#4,-2.5,inside,3,-2,none,not assessed,short,step,2,no,19,middle,no,no,no,
Sunless 03,-2,35,2,C#4,61,i,Bozeman bass midpoint,0.204,close,D#3,10,inside,4,-1,none,not assessed,short,step,1,no,19,middle,yes,yes,yes,highest of phrase
Sunless 03,-2,35,2.333,C4,60,i,Bozeman bass midpoint,0.204,close,D#3,9,inside,3,-2,none,not assessed,short,step,-1,no,19,middle,no,no,no,
Sunless 03,-2,35,2.667,F3,53,ʌ,derived from Bozeman bass,0.204,open,D#4,-9.5,below primo,-4,-9,none,not assessed,short,leap-down,-7,no,19,middle,no,no,no,
Sunless 03,-2,35,3,G#3,56,i,Bozeman bass midpoint,0.204,close,D#3,5,below primo,-1,-6,none,not assessed,short,leap-up,3,no,19,middle,no,no,no,
Sunless 03,-2,35,3.333,F#3,54,i,Bozeman bass midpoint,0.204,close,D#3,3,below primo,-3,-8,none,not assessed,short,step,-2,no,19,middle,no,no,no,
Sunless 03,-2,35,3.667,F3,53,ɑ,Bozeman bass midpoint,0.204,open,D#4,-9.5,below primo,-4,-9,none,not assessed,short,step,-1,no,19,middle,no,no,no,
Sunless 03,-2,35,4,G#3,56,o,Bozeman bass midpoint,0.204,open,A3,-1,below primo,-1,-6,none,not assessed,short,leap-up,3,no,19,middle,no,no,no,
Sunless 03,-2,35,4.333,D#3,51,u,Bozeman bass midpoint,0.204,open,D#3,-0.5,below primo,-6,-11,none,not assessed,short,leap-down,-5,no,19,middle,no,no,no,
Sunless 03,-2,35,4.667,F3,53,i,Bozeman bass midpoint,0.204,close,D#3,2,below primo,-4,-9,none,not assessed,short,step,2,no,19,middle,no,no,no,
Sunless 03,-2,36,1,A#3,58,ɛ,Bozeman bass midpoint,0.204,open,C4,-2.5,inside,1,-4,none,not assessed,short,leap-up,5,no,19,middle,no,no,no,
Sunless 03,-2,36,1.167,A3,57,ɛ,Bozeman bass midpoint,0.204,open,C4,-3.5,inside,0,-5,none,not assessed,short,step,-1,no,19,middle,no,no,no,
Sunless 03,-2,36,1.333,A#3,58,ʌ,derived from Bozeman bass,0.204,open,D#4,-4.5,inside,1,-4,none,not assessed,short,step,1,no,19,middle,no,no,no,
Sunless 03,-2,36,1.5,G3,55,ɑ,Bozeman bass midpoint,0.204,open,D#4,-7.5,below primo,-2,-7,3,not assessed,short,leap-down,-3,no,19,middle,no,no,no,
Sunless 03,-2,36,1.667,A3,57,ɑ,Bozeman bass midpoint,0.204,open,D#4,-5.5,inside,0,-5,none,not assessed,short,step,2,no,19,middle,no,no,no,
Sunless 03,-2,36,1.833,F3,53,ɑ,Bozeman bass midpoint,0.204,open,D#4,-9.5,below primo,-4,-9,none,not assessed,short,leap-down,-4,no,19,middle,no,no,no,
Sunless 03,-2,36,2,G#3,56,e,Bozeman bass midpoint,0.408,open,A3,-1,below primo,-1,-6,none,not assessed,short,leap-up,3,no,19,middle,no,no,no,
Sunless 03,-2,36,2.333,F#3,54,ɑ,Bozeman bass midpoint,0.204,open,D#4,-8.5,below primo,-3,-8,none,not assessed,short,step,-2,no,19,middle,no,no,no,
Sunless 03,-2,36,2.5,E3,52,o,Bozeman bass midpoint,0.204,open,A3,-5,below primo,-5,-10,none,not assessed,short,step,-2,no,19,last,no,no,no,
Sunless 03,-2,36,2.833,A#3,58,u,Bozeman bass midpoint,0.204,close,D#3,6.5,inside,1,-4,none,not assessed,short,leap-up,6,yes,20,first,no,no,no,
Sunless 03,-2,36,3,D4,62,u,Bozeman bass midpoint,0.204,close,D#3,10.5,inside,5,0,none,not assessed,short,leap-up,4,no,20,middle,yes,yes,yes,highest of phrase
Sunless 03,-2,36,3.167,C4,60,u,Bozeman bass midpoint,0.204,close,D#3,8.5,inside,3,-2,none,not assessed,short,step,-2,no,20,middle,no,no,no,
Sunless 03,-2,36,3.333,A#3,58,u,Bozeman bass midpoint,0.204,close,D#3,6.5,inside,1,-4,none,not assessed,short,step,-2,no,20,middle,no,no,no,
Sunless 03,-2,36,3.5,A3,57,ɑ,Bozeman bass midpoint,0.204,open,D#4,-5.5,inside,0,-5,none,not assessed,short,step,-1,no,20,middle,no,no,no,
Sunless 03,-2,36,3.667,A#3,58,ɑ,Bozeman bass midpoint,0.204,open,D#4,-4.5,inside,1,-4,none,not assessed,short,step,1,no,20,middle,no,no,no,
Sunless 03,-2,36,3.833,F3,53,i,Bozeman bass midpoint,0.204,close,D#3,2,below primo,-4,-9,none,not assessed,short,leap-down,-5,no,20,middle,no,no,no,
Sunless 03,-2,37,1,G#3,56,ɛ,Bozeman bass midpoint,0.204,open,C4,-4.5,below primo,-1,-6,none,not assessed,short,leap-up,3,no,20,last,no,no,no,
Sunless 03,-2,37,1.667,D#3,51,ɪ,derived from Bozeman bass,0.204,open,A#3,-6.54,below primo,-6,-11,3,not assessed,short,leap-down,-5,yes,21,first,no,no,no,
Sunless 03,-2,37,2,F#3,54,o,Bozeman bass midpoint,0.204,open,A3,-3,below primo,-3,-8,none,not assessed,short,leap-up,3,no,21,middle,yes,no,no,highest of phrase
Sunless 03,-2,37,2.333,F3,53,ʌ,derived from Bozeman bass,0.204,open,D#4,-9.5,below primo,-4,-9,none,not assessed,short,step,-1,no,21,last,no,no,no,
Sunless 03,-2,37,3.5,A#2,46,i,Bozeman bass midpoint,0.306,open,D#3,-5,below primo,-11,-16,none,not assessed,short,leap-down,-7,yes,22,first,no,no,no,
Sunless 03,-2,37,4,A#2,46,ɛ,Bozeman bass midpoint,0.306,open,C4,-14.5,below primo,-11,-16,none,not assessed,short,repeated,0,no,22,middle,no,no,no,
Sunless 03,-2,37,4.5,A#2,46,ɪ,derived from Bozeman bass,0.306,open,A#3,-11.54,below primo,-11,-16,4,not assessed,short,repeated,0,no,22,middle,no,no,no,
Sunless 03,-2,38,1,C#3,49,i,Bozeman bass midpoint,0.612,open,D#3,-2,below primo,-8,-13,none,not assessed,short,leap-up,3,no,22,middle,yes,no,no,highest of phrase
Sunless 03,-2,38,2,A#2,46,ʌ,derived from Bozeman bass,0.306,open,D#4,-16.5,below primo,-11,-16,none,not assessed,short,leap-down,-3,no,22,last,no,no,no,
Sunless 03,-2,38,3,A#3,58,ɑ,Bozeman bass midpoint,0.918,open,D#4,-4.5,inside,1,-4,none,not assessed,short,leap-up,12,yes,23,first,yes,no,no,highest of phrase
Sunless 03,-2,38,4.5,G3,55,ɑ,Bozeman bass midpoint,0.306,open,D#4,-7.5,below primo,-2,-7,3,not assessed,short,leap-down,-3,no,23,middle,no,no,no,
Sunless 03,-2,39,1,F3,53,o,Bozeman bass midpoint,0.612,open,A3,-4,below primo,-4,-9,none,not assessed,short,step,-2,no,23,middle,no,no,no,
Sunless 03,-2,39,2,D#3,51,ʌ,derived from Bozeman bass,0.306,open,D#4,-11.5,below primo,-6,-11,4,not assessed,short,step,-2,no,23,last,no,no,no,
Sunless 03,-2,39,4.5,A#2,46,i,Bozeman bass midpoint,0.306,open,D#3,-5,below primo,-11,-16,none,not assessed,short,leap-down,-5,yes,24,first,no,no,no,
Sunless 03,-2,40,1,F3,53,ɛ,Bozeman bass midpoint,0.918,open,C4,-7.5,below primo,-4,-9,3,not assessed,short,leap-up,7,no,24,middle,no,no,no,
Sunless 03,-2,40,2.5,A#3,58,ɑ,Bozeman bass midpoint,0.306,open,D#4,-4.5,inside,1,-4,none,not assessed,short,leap-up,5,no,24,middle,yes,no,no,highest of phrase
Sunless 03,-2,40,3,F#3,54,o,Bozeman bass midpoint,0.459,open,A3,-3,below primo,-3,-8,none,not assessed,short,leap-down,-4,no,24,middle,no,no,no,
Sunless 03,-2,40,3.75,F#3,54,ɑ,Bozeman bass midpoint,0.153,open,D#4,-8.5,below primo,-3,-8,none,not assessed,short,repeated,0,no,24,middle,no,no,no,
Sunless 03,-2,40,4,F3,53,i,Bozeman bass midpoint,0.306,close,D#3,2,below primo,-4,-9,none,not assessed,short,step,-1,no,24,middle,no,no,no,
Sunless 03,-2,40,4.5,A3,57,ʌ,derived from Bozeman bass,0.306,open,D#4,-5.5,inside,0,-5,none,not assessed,short,leap-up,4,no,24,middle,no,no,no,
Sunless 03,-2,41,1,D3,50,o,Bozeman bass midpoint,0.612,open,A3,-7,below primo,-7,-12,3,not assessed,short,leap-down,-7,no,24,middle,no,no,no,
Sunless 03,-2,41,2,D3,50,o,Bozeman bass midpoint,0.306,open,A3,-7,below primo,-7,-12,3,not assessed,short,tie,0,no,24,last,no,no,no,
Sunless 04,-3,2,2.5,D#3,51,u,Bozeman bass midpoint,0.395,open,D#3,-0.5,below primo,-6,-11,none,not assessed,short,first note,,,0,first,yes,no,no,highest of phrase
Sunless 04,-3,2,3,C#3,49,a,derived from Bozeman bass,0.789,open,F4,-15.92,below primo,-8,-13,5,not assessed,short,step,-2,no,0,middle,no,no,no,
Sunless 04,-3,2,4,C#3,49,a,derived from Bozeman bass,0.395,open,F4,-15.92,below primo,-8,-13,5,not assessed,short,tie,0,no,0,last,no,no,no,
Sunless 04,-3,3,1.5,D#3,51,ɨ,derived from Bozeman bass,0.395,open,G#3,-5.39,below primo,-6,-11,none,not assessed,short,step,2,yes,1,first,no,no,no,
Sunless 04,-3,3,2,D#3,51,ʌ,derived from Bozeman bass,0.395,open,D#4,-11.5,below primo,-6,-11,4,not assessed,short,repeated,0,no,1,middle,no,no,no,
Sunless 04,-3,3,2.5,D#3,51,ɑ,Bozeman bass midpoint,0.395,open,D#4,-11.5,below primo,-6,-11,4,not assessed,short,repeated,0,no,1,middle,no,no,no,
Sunless 04,-3,3,3,E3,52,ɑ,Bozeman bass midpoint,1.184,open,D#4,-10.5,below primo,-5,-10,none,not assessed,short,step,1,no,1,middle,yes,no,no,highest of phrase
Sunless 04,-3,3,4.5,E3,52,ɪ,derived from Bozeman bass,0.395,open,A#3,-5.54,below primo,-5,-10,none,not assessed,short,repeated,0,no,1,middle,yes,no,no,highest of phrase
Sunless 04,-3,4,1,D#3,51,u,Bozeman bass midpoint,0.789,open,D#3,-0.5,below primo,-6,-11,none,not assessed,short,step,-1,no,1,middle,no,no,no,
Sunless 04,-3,4,2,D#3,51,i,Bozeman bass midpoint,0.395,close,D#3,0,below primo,-6,-11,none,not assessed,short,repeated,0,no,1,last,no,no,no,turning pitch 0 to 2 st below
Sunless 04,-3,4,4,D#3,51,ɪ,derived from Bozeman bass,0.789,open,A#3,-6.54,below primo,-6,-11,3,not assessed,short,repeated,0,yes,2,first,no,no,no,
Sunless 04,-3,5,1,F3,53,u,Bozeman bass midpoint,1.184,close,D#3,1.5,below primo,-4,-9,none,not assessed,short,step,2,no,2,middle,no,no,no,turning pitch 0 to 2 st below
Sunless 04,-3,5,2.5,C4,60,i,Bozeman bass midpoint,0.395,close,D#3,9,inside,3,-2,none,not assessed,short,leap-up,7,no,2,middle,yes,no,no,highest of phrase
Sunless 04,-3,5,3,A#3,58,u,Bozeman bass midpoint,0.395,close,D#3,6.5,inside,1,-4,none,not assessed,short,step,-2,no,2,middle,no,no,no,
Sunless 04,-3,5,3.5,F3,53,ɑ,Bozeman bass midpoint,0.395,open,D#4,-9.5,below primo,-4,-9,none,not assessed,short,leap-down,-5,no,2,middle,no,no,no,
Sunless 04,-3,5,4,A#3,58,ɑ,Bozeman bass midpoint,0.395,open,D#4,-4.5,inside,1,-4,none,not assessed,short,leap-up,5,no,2,middle,no,no,no,
Sunless 04,-3,5,4.5,G#3,56,ɨ,derived from Bozeman bass,0.395,open,G#3,-0.39,below primo,-1,-6,none,not assessed,short,step,-2,no,2,middle,no,no,no,
Sunless 04,-3,6,1,G3,55,ɛ,Bozeman bass midpoint,0.395,open,C4,-5.5,below primo,-2,-7,none,not assessed,short,step,-1,no,2,last,no,no,no,
Sunless 04,-3,6,2,G3,55,ɑ,Bozeman bass midpoint,0.789,open,D#4,-7.5,below primo,-2,-7,3,not assessed,short,repeated,0,yes,3,first,no,no,no,
Sunless 04,-3,6,3,B3,59,ɛ,Bozeman bass midpoint,1.184,open,C4,-1.5,inside,2,-3,none,not assessed,short,leap-up,4,no,3,middle,yes,no,no,highest of phrase
Sunless 04,-3,6,4.5,B3,59,ɑ,Bozeman bass midpoint,0.395,open,D#4,-3.5,inside,2,-3,none,not assessed,short,repeated,0,no,3,middle,yes,no,no,highest of phrase
Sunless 04,-3,7,1,G#3,56,ɑ,Bozeman bass midpoint,0.395,open,D#4,-6.5,below primo,-1,-6,none,not assessed,short,leap-down,-3,no,3,middle,no,no,no,
Sunless 04,-3,7,1.5,D#3,51,ɑ,Bozeman bass midpoint,0.395,open,D#4,-11.5,below primo,-6,-11,4,not assessed,short,leap-down,-5,no,3,middle,no,no,no,
Sunless 04,-3,7,2,G#3,56,ɪ,derived from Bozeman bass,0.395,open,A#3,-1.54,below primo,-1,-6,none,not assessed,short,leap-up,5,no,3,middle,no,no,no,
Sunless 04,-3,7,2.5,A#3,58,ɑ,Bozeman bass midpoint,0.395,open,D#4,-4.5,inside,1,-4,none,not assessed,short,step,2,no,3,middle,no,no,no,
Sunless 04,-3,7,3,F#3,54,u,Bozeman bass midpoint,0.789,close,D#3,2.5,below primo,-3,-8,none,not assessed,short,leap-down,-4,no,3,middle,no,no,no,
Sunless 04,-3,7,4,D#3,51,i,Bozeman bass midpoint,0.789,close,D#3,0,below primo,-6,-11,none,not assessed,short,leap-down,-3,no,3,last,no,no,no,turning pitch 0 to 2 st below
Sunless 04,-3,8,1.5,D#3,51,ɑ,Bozeman bass midpoint,0.395,open,D#4,-11.5,below primo,-6,-11,4,not assessed,short,repeated,0,yes,4,first,no,no,no,
Sunless 04,-3,8,2,F#3,54,ɪ,derived from Bozeman bass,0.395,open,A#3,-3.54,below primo,-3,-8,none,not assessed,short,leap-up,3,no,4,middle,no,no,no,
Sunless 04,-3,8,2.5,D#3,51,ɑ,Bozeman bass midpoint,0.395,open,D#4,-11.5,below primo,-6,-11,4,not assessed,short,leap-down,-3,no,4,middle,no,no,no,
Sunless 04,-3,8,3,G#3,56,e,Bozeman bass midpoint,0.789,open,A3,-1,below primo,-1,-6,none,not assessed,short,leap-up,5,no,4,middle,no,no,no,
Sunless 04,-3,8,4,E3,52,ɑ,Bozeman bass midpoint,0.789,open,D#4,-10.5,below primo,-5,-10,none,not assessed,short,leap-down,-4,no,4,middle,no,no,no,
Sunless 04,-3,9,1,A#3,58,ɛ,Bozeman bass midpoint,1.184,open,C4,-2.5,inside,1,-4,none,not assessed,short,leap-up,6,no,4,middle,yes,no,no,highest of phrase
Sunless 04,-3,9,2.5,A#3,58,ɑ,Bozeman bass midpoint,0.395,open,D#4,-4.5,inside,1,-4,none,not assessed,short,repeated,0,no,4,middle,yes,no,no,highest of phrase
Sunless 04,-3,9,3,G3,55,ɛ,Bozeman bass midpoint,0.789,open,C4,-5.5,below primo,-2,-7,none,not assessed,short,leap-down,-3,no,4,last,no,no,no,
Sunless 04,-3,11,2.5,D#3,51,u,Bozeman bass midpoint,0.395,open,D#3,-0.5,below primo,-6,-11,none,not assessed,short,leap-down,-4,yes,5,first,yes,no,no,highest of phrase
Sunless 04,-3,11,3,C#3,49,a,derived from Bozeman bass,0.789,open,F4,-15.92,below primo,-8,-13,5,not assessed,short,step,-2,no,5,last,no,no,no,
Sunless 04,-3,11,4.5,D#3,51,u,Bozeman bass midpoint,0.395,open,D#3,-0.5,below primo,-6,-11,none,not assessed,short,step,2,yes,6,first,no,no,no,
Sunless 04,-3,12,1,D#3,51,a,derived from Bozeman bass,1.184,open,F4,-13.92,below primo,-6,-11,none,not assessed,short,repeated,0,no,6,middle,no,no,no,
Sunless 04,-3,12,2.5,D#3,51,ɑ,Bozeman bass midpoint,0.395,open,D#4,-11.5,below primo,-6,-11,4,not assessed,short,repeated,0,no,6,middle,no,no,no,
Sunless 04,-3,12,3,F3,53,ɑ,Bozeman bass midpoint,0.789,open,D#4,-9.5,below primo,-4,-9,none,not assessed,short,step,2,no,6,middle,no,no,no,
Sunless 04,-3,12,4,D#3,51,u,Bozeman bass midpoint,0.395,open,D#3,-0.5,below primo,-6,-11,none,not assessed,short,step,-2,no,6,middle,no,no,no,
Sunless 04,-3,12,4.5,F3,53,u,Bozeman bass midpoint,0.395,close,D#3,1.5,below primo,-4,-9,none,not assessed,short,step,2,no,6,middle,no,no,no,turning pitch 0 to 2 st below
Sunless 04,-3,13,1,D#3,51,i,Bozeman bass midpoint,0.789,close,D#3,0,below primo,-6,-11,none,not assessed,short,step,-2,no,6,middle,no,no,no,turning pitch 0 to 2 st below
Sunless 04,-3,13,2,F3,53,i,Bozeman bass midpoint,0.395,close,D#3,2,below primo,-4,-9,none,not assessed,short,step,2,no,6,middle,no,no,no,
Sunless 04,-3,13,2.5,D#3,51,i,Bozeman bass midpoint,0.395,close,D#3,0,below primo,-6,-11,none,not assessed,short,step,-2,no,6,middle,no,no,no,turning pitch 0 to 2 st below
Sunless 04,-3,13,3,A#2,46,ɑ,Bozeman bass midpoint,0.789,open,D#4,-16.5,below primo,-11,-16,none,not assessed,short,leap-down,-5,no,6,middle,no,no,no,
Sunless 04,-3,13,4,A#2,46,ɑ,Bozeman bass midpoint,0.395,open,D#4,-16.5,below primo,-11,-16,none,not assessed,short,repeated,0,no,6,middle,no,no,no,
Sunless 04,-3,13,4.5,E3,52,i,Bozeman bass midpoint,0.395,close,D#3,1,below primo,-5,-10,none,not assessed,short,leap-up,6,no,6,middle,no,no,no,turning pitch 0 to 2 st below
Sunless 04,-3,14,1,D#3,51,ɨ,derived from Bozeman bass,0.789,open,G#3,-5.39,below primo,-6,-11,none,not assessed,short,step,-1,no,6,middle,no,no,no,
Sunless 04,-3,14,2,D#3,51,ɪ,derived from Bozeman bass,0.789,open,A#3,-6.54,below primo,-6,-11,3,not assessed,short,repeated,0,no,6,middle,no,no,no,
Sunless 04,-3,14,3,F3,53,e,Bozeman bass midpoint,0.789,open,A3,-4,below primo,-4,-9,none,not assessed,short,step,2,no,6,middle,no,no,no,
Sunless 04,-3,14,4,D#3,51,ʌ,derived from Bozeman bass,0.395,open,D#4,-11.5,below primo,-6,-11,4,not assessed,short,step,-2,no,6,middle,no,no,no,
Sunless 04,-3,14,4.5,F3,53,ʌ,derived from Bozeman bass,0.395,open,D#4,-9.5,below primo,-4,-9,none,not assessed,short,step,2,no,6,middle,no,no,no,
Sunless 04,-3,15,1,D#3,51,u,Bozeman bass midpoint,1.184,open,D#3,-0.5,below primo,-6,-11,none,not assessed,short,step,-2,no,6,middle,no,no,no,
Sunless 04,-3,15,2.5,C3,48,o,Bozeman bass midpoint,0.395,open,A3,-9,below primo,-9,-14,none,not assessed,short,leap-down,-3,no,6,middle,no,no,no,
Sunless 04,-3,15,3,G3,55,ɨ,derived from Bozeman bass,0.395,open,G#3,-1.39,below primo,-2,-7,none,not assessed,short,leap-up,7,no,6,last,yes,no,no,highest of phrase
Sunless 04,-3,15,4.5,D#3,51,i,Bozeman bass midpoint,0.395,close,D#3,0,below primo,-6,-11,none,not assessed,short,leap-down,-4,yes,7,first,no,no,no,turning pitch 0 to 2 st below
Sunless 04,-3,16,1,A3,57,ɛ,Bozeman bass midpoint,0.789,open,C4,-3.5,inside,0,-5,none,not assessed,short,leap-up,6,no,7,middle,no,no,no,
Sunless 04,-3,16,2,G#3,56,ʌ,derived from Bozeman bass,0.395,open,D#4,-6.5,below primo,-1,-6,none,not assessed,short,step,-1,no,7,middle,no,no,no,
Sunless 04,-3,16,2.5,A3,57,ʌ,derived from Bozeman bass,0.395,open,D#4,-5.5,inside,0,-5,none,not assessed,short,step,1,no,7,middle,no,no,no,
Sunless 04,-3,16,3,C#3,49,ɨ,derived from Bozeman bass,0.789,open,G#3,-7.39,below primo,-8,-13,3,not assessed,short,leap-down,-8,no,7,middle,no,no,no,
Sunless 04,-3,16,4,D#3,51,ɨ,derived from Bozeman bass,0.395,open,G#3,-5.39,below primo,-6,-11,none,not assessed,short,step,2,no,7,middle,no,no,no,
Sunless 04,-3,16,4.5,E3,52,ɨ,derived from Bozeman bass,0.395,open,G#3,-4.39,below primo,-5,-10,none,not assessed,short,step,1,no,7,middle,no,no,no,
Sunless 04,-3,17,1,A3,57,ʌ,derived from Bozeman bass,0.789,open,D#4,-5.5,inside,0,-5,none,not assessed,short,leap-up,5,no,7,middle,no,no,no,
Sunless 04,-3,17,2,G#3,56,i,Bozeman bass midpoint,0.395,close,D#3,5,below primo,-1,-6,none,not assessed,short,step,-1,no,7,middle,no,no,no,
Sunless 04,-3,17,2.5,A3,57,i,Bozeman bass midpoint,0.395,close,D#3,6,inside,0,-5,none,not assessed,short,step,1,no,7,middle,no,no,no,
Sunless 04,-3,17,3,C#3,49,ɑ,Bozeman bass midpoint,0.789,open,D#4,-13.5,below primo,-8,-13,none,not assessed,short,leap-down,-8,no,7,middle,no,no,no,
Sunless 04,-3,17,4,D#3,51,ɑ,Bozeman bass midpoint,0.395,open,D#4,-11.5,below primo,-6,-11,4,not assessed,short,step,2,no,7,middle,no,no,no,
Sunless 04,-3,17,4.5,E3,52,ɑ,Bozeman bass midpoint,0.395,open,D#4,-10.5,below primo,-5,-10,none,not assessed,short,step,1,no,7,middle,no,no,no,
Sunless 04,-3,18,1,D#3,51,ɑ,Bozeman bass midpoint,1.184,open,D#4,-11.5,below primo,-6,-11,4,not assessed,short,step,-1,no,7,middle,no,no,no,
Sunless 04,-3,18,2.5,C3,48,u,Bozeman bass midpoint,0.395,open,D#3,-3.5,below primo,-9,-14,none,not assessed,short,leap-down,-3,no,7,middle,no,no,no,
Sunless 04,-3,18,3,G3,55,ɛ,Bozeman bass midpoint,0.789,open,C4,-5.5,below primo,-2,-7,none,not assessed,short,leap-up,7,no,7,middle,no,no,no,
Sunless 04,-3,18,4,G#3,56,ɛ,Bozeman bass midpoint,0.395,open,C4,-4.5,below primo,-1,-6,none,not assessed,short,step,1,no,7,middle,no,no,no,
Sunless 04,-3,18,4.5,A#3,58,ɪ,derived from Bozeman bass,0.395,close,A#3,0.46,inside,1,-4,none,not assessed,short,step,2,no,7,middle,yes,no,no,highest of phrase; turning pitch 0 to 2 st below
Sunless 04,-3,19,1,D#3,51,ʌ,derived from Bozeman bass,0.789,open,D#4,-11.5,below primo,-6,-11,4,not assessed,short,leap-down,-7,no,7,middle,no,no,no,
Sunless 04,-3,19,2,A#3,58,i,Bozeman bass midpoint,0.789,close,D#3,7,inside,1,-4,none,not assessed,short,leap-up,7,no,7,middle,yes,no,no,highest of phrase
Sunless 04,-3,19,3,G3,55,ɨ,derived from Bozeman bass,0.395,open,G#3,-1.39,below primo,-2,-7,none,not assessed,short,leap-down,-3,no,7,last,no,no,no,
Sunless 04,-3,20,4,E3,52,u,Bozeman bass midpoint,0.789,close,D#3,0.5,below primo,-5,-10,none,not assessed,short,leap-down,-3,yes,8,first,yes,no,no,highest of phrase; turning pitch 0 to 2 st below
Sunless 04,-3,21,1,D#3,51,a,derived from Bozeman bass,0.789,open,F4,-13.92,below primo,-6,-11,none,not assessed,short,step,-1,no,8,last,no,no,no,
Sunless 04,-3,21,2.5,D#3,51,ɑ,Bozeman bass midpoint,0.395,open,D#4,-11.5,below primo,-6,-11,4,not assessed,short,repeated,0,yes,9,first,no,no,no,
Sunless 04,-3,21,3,E3,52,e,Bozeman bass midpoint,0.395,open,A3,-5,below primo,-5,-10,none,not assessed,short,step,1,no,9,middle,no,no,no,
Sunless 04,-3,21,3.5,D#3,51,ɑ,Bozeman bass midpoint,0.395,open,D#4,-11.5,below primo,-6,-11,4,not assessed,short,step,-1,no,9,middle,no,no,no,
Sunless 04,-3,21,4,C#3,49,ʌ,derived from Bozeman bass,0.395,open,D#4,-13.5,below primo,-8,-13,none,not assessed,short,step,-2,no,9,middle,no,no,no,
Sunless 04,-3,21,4.5,E3,52,ɑ,Bozeman bass midpoint,0.395,open,D#4,-10.5,below primo,-5,-10,none,not assessed,short,leap-up,3,no,9,middle,no,no,no,
Sunless 04,-3,22,1,F#3,54,i,Bozeman bass midpoint,0.789,close,D#3,3,below primo,-3,-8,none,not assessed,short,step,2,no,9,middle,no,no,no,
Sunless 04,-3,22,2,D#3,51,ɨ,derived from Bozeman bass,0.395,open,G#3,-5.39,below primo,-6,-11,none,not assessed,short,leap-down,-3,no,9,middle,no,no,no,
Sunless 04,-3,22,2.5,F#3,54,ɑ,Bozeman bass midpoint,0.395,open,D#4,-8.5,below primo,-3,-8,none,not assessed,short,leap-up,3,no,9,middle,no,no,no,
Sunless 04,-3,23,1,A3,57,ɑ,Bozeman bass midpoint,1.184,open,D#4,-5.5,inside,0,-5,none,not assessed,short,leap-up,3,no,9,middle,yes,no,no,highest of phrase
Sunless 04,-3,23,2.5,F#3,54,ɛ,Bozeman bass midpoint,0.395,open,C4,-6.5,below primo,-3,-8,none,not assessed,short,leap-down,-3,no,9,middle,no,no,no,
Sunless 04,-3,23,3,G#3,56,u,Bozeman bass midpoint,0.395,close,D#3,4.5,below primo,-1,-6,none,not assessed,short,step,2,no,9,middle,no,no,no,
Sunless 04,-3,23,3.5,D#3,51,ɑ,Bozeman bass midpoint,0.395,open,D#4,-11.5,below primo,-6,-11,4,not assessed,short,leap-down,-5,no,9,middle,no,no,no,
Sunless 04,-3,23,4,E3,52,e,Bozeman bass midpoint,0.395,open,A3,-5,below primo,-5,-10,none,not assessed,short,step,1,no,9,middle,no,no,no,
Sunless 04,-3,23,4.5,F#3,54,ɑ,Bozeman bass midpoint,0.395,open,D#4,-8.5,below primo,-3,-8,none,not assessed,short,step,2,no,9,middle,no,no,no,
Sunless 04,-3,24,1,G#3,56,o,Bozeman bass midpoint,0.395,open,A3,-1,below primo,-1,-6,none,not assessed,short,step,2,no,9,last,no,no,no,
Sunless 04,-3,24,2,C#3,49,ɑ,Bozeman bass midpoint,0.789,open,D#4,-13.5,below primo,-8,-13,none,not assessed,short,leap-down,-7,yes,10,first,no,no,no,
Sunless 04,-3,24,3,G#3,56,ɑ,Bozeman bass midpoint,1.184,open,D#4,-6.5,below primo,-1,-6,none,not assessed,short,leap-up,7,no,10,middle,yes,no,no,highest of phrase
Sunless 04,-3,24,4.5,G3,55,ɪ,derived from Bozeman bass,0.395,open,A#3,-2.54,below primo,-2,-7,none,not assessed,short,step,-1,no,10,middle,no,no,no,
Sunless 04,-3,25,1,E3,52,ɨ,derived from Bozeman bass,0.395,open,G#3,-4.39,below primo,-5,-10,none,not assessed,short,leap-down,-3,no,10,middle,no,no,no,
Sunless 04,-3,25,1.5,G3,55,i,Bozeman bass midpoint,0.395,close,D#3,4,below primo,-2,-7,none,not assessed,short,leap-up,3,no,10,middle,no,no,no,
Sunless 04,-3,25,2,D#3,51,ɑ,Bozeman bass midpoint,0.395,open,D#4,-11.5,below primo,-6,-11,4,not assessed,short,leap-down,-4,no,10,middle,no,no,no,
Sunless 04,-3,25,2.5,C#3,49,i,Bozeman bass midpoint,0.395,open,D#3,-2,below primo,-8,-13,none,not assessed,short,step,-2,no,10,middle,no,no,no,
Sunless 04,-3,25,3,E3,52,i,Bozeman bass midpoint,0.789,close,D#3,1,below primo,-5,-10,none,not assessed,short,leap-up,3,no,10,middle,no,no,no,turning pitch 0 to 2 st below
Sunless 04,-3,25,4,C#3,49,ɨ,derived from Bozeman bass,0.395,open,G#3,-7.39,below primo,-8,-13,3,not assessed,short,leap-down,-3,no,10,last,no,no,no,
Sunless 04,-3,26,1.5,C#3,49,ɑ,Bozeman bass midpoint,0.395,open,D#4,-13.5,below primo,-8,-13,none,not assessed,short,repeated,0,yes,11,first,no,no,no,
Sunless 04,-3,26,2,F#3,54,o,Bozeman bass midpoint,0.395,open,A3,-3,below primo,-3,-8,none,not assessed,short,leap-up,5,no,11,middle,no,no,no,
Sunless 04,-3,26,2.5,G#3,56,u,Bozeman bass midpoint,0.395,close,D#3,4.5,below primo,-1,-6,none,not assessed,short,step,2,no,11,middle,no,no,no,
Sunless 04,-3,26,3,A3,57,o,Bozeman bass midpoint,0.789,open,A3,0,inside,0,-5,none,not assessed,short,step,1,no,11,last,yes,no,no,highest of phrase
Sunless 04,-3,27,2,D#3,51,i,Bozeman bass midpoint,0.789,close,D#3,0,below primo,-6,-11,none,not assessed,short,leap-down,-6,yes,12,first,no,no,no,turning pitch 0 to 2 st below
Sunless 04,-3,27,3,G#3,56,o,Bozeman bass midpoint,0.592,open,A3,-1,below primo,-1,-6,none,not assessed,short,leap-up,5,no,12,middle,yes,no,no,highest of phrase
Sunless 04,-3,27,3.75,C3,48,ɑ,Bozeman bass midpoint,0.197,open,D#4,-14.5,below primo,-9,-14,none,not assessed,short,leap-down,-8,no,12,middle,no,no,no,
Sunless 04,-3,27,4,C3,48,o,Bozeman bass midpoint,0.395,open,A3,-9,below primo,-9,-14,none,not assessed,short,repeated,0,no,12,last,no,no,no,
Sunless 04,-3,28,4,D#3,51,i,Bozeman bass midpoint,0.789,close,D#3,0,below primo,-6,-11,none,not assessed,short,leap-up,3,yes,13,first,yes,no,no,highest of phrase; turning pitch 0 to 2 st below
Sunless 04,-3,29,1,D#3,51,o,Bozeman bass midpoint,0.592,open,A3,-6,below primo,-6,-11,none,not assessed,short,repeated,0,no,13,middle,yes,no,no,highest of phrase
Sunless 04,-3,29,1.75,G#2,44,ɑ,Bozeman bass midpoint,0.197,open,D#4,-18.5,below primo,-13,-18,none,not assessed,short,leap-down,-7,no,13,middle,no,no,no,
Sunless 04,-3,29,2,G#2,44,o,Bozeman bass midpoint,0.395,open,A3,-13,below primo,-13,-18,none,not assessed,short,repeated,0,no,13,last,no,no,no,
Sunless 05,-3,1,4.333,C3,48,u,Bozeman bass midpoint,0.37,open,D#3,-3.5,below primo,-9,-14,none,not assessed,short,first note,,,0,first,yes,no,no,highest of phrase
Sunless 05,-3,2,1,B2,47,ɑ,Bozeman bass midpoint,0.556,open,D#4,-15.5,below primo,-10,-15,5,not assessed,short,step,-1,no,0,middle,no,no,no,
Sunless 05,-3,2,2,B2,47,ɪ,derived from Bozeman bass,0.278,open,A#3,-10.54,below primo,-10,-15,none,not assessed,short,repeated,0,no,0,last,no,no,no,
Sunless 05,-3,2,3,B2,47,ɛ,Bozeman bass midpoint,0.833,open,C4,-13.5,below primo,-10,-15,none,not assessed,short,repeated,0,yes,1,first,no,no,no,
Sunless 05,-3,2,4.5,B2,47,ɪ,derived from Bozeman bass,0.278,open,A#3,-10.54,below primo,-10,-15,none,not assessed,short,repeated,0,no,1,middle,no,no,no,
Sunless 05,-3,3,1,C#3,49,o,Bozeman bass midpoint,0.556,open,A3,-8,below primo,-8,-13,none,not assessed,short,step,2,no,1,middle,yes,no,no,highest of phrase
Sunless 05,-3,3,2,C#3,49,o,Bozeman bass midpoint,0.278,open,A3,-8,below primo,-8,-13,none,not assessed,short,tie,0,no,1,last,yes,no,no,highest of phrase
Sunless 05,-3,3,4.5,C#3,49,ɪ,derived from Bozeman bass,0.278,open,A#3,-8.54,below primo,-8,-13,none,not assessed,short,repeated,0,yes,2,first,no,no,no,
Sunless 05,-3,4,1,C#3,49,o,Bozeman bass midpoint,0.417,open,A3,-8,below primo,-8,-13,none,not assessed,short,repeated,0,no,2,middle,no,no,no,
Sunless 05,-3,4,1.75,F3,53,ɑ,Bozeman bass midpoint,0.139,open,D#4,-9.5,below primo,-4,-9,none,not assessed,short,leap-up,4,no,2,middle,no,no,no,
Sunless 05,-3,4,2,C3,48,ɑ,Bozeman bass midpoint,0.278,open,D#4,-14.5,below primo,-9,-14,none,not assessed,short,leap-down,-5,no,2,middle,no,no,no,
Sunless 05,-3,4,2.5,C#3,49,ɪ,derived from Bozeman bass,0.278,open,A#3,-8.54,below primo,-8,-13,none,not assessed,short,step,1,no,2,middle,no,no,no,
Sunless 05,-3,4,3,D3,50,ɑ,Bozeman bass midpoint,0.833,open,D#4,-12.5,below primo,-7,-12,none,not assessed,short,step,1,no,2,middle,no,no,no,
Sunless 05,-3,4,4.5,D3,50,o,Bozeman bass midpoint,0.278,open,A3,-7,below primo,-7,-12,3,not assessed,short,repeated,0,no,2,middle,no,no,no,
Sunless 05,-3,5,1,D#3,51,ɨ,derived from Bozeman bass,0.278,open,G#3,-5.39,below primo,-6,-11,none,not assessed,short,step,1,no,2,middle,no,no,no,
Sunless 05,-3,5,1.5,D#3,51,u,Bozeman bass midpoint,0.278,open,D#3,-0.5,below primo,-6,-11,none,not assessed,short,repeated,0,no,2,middle,no,no,no,
Sunless 05,-3,5,2,D3,50,ʌ,derived from Bozeman bass,0.278,open,D#4,-12.5,below primo,-7,-12,none,not assessed,short,step,-1,no,2,middle,no,no,no,
Sunless 05,-3,5,2.5,C3,48,ɑ,Bozeman bass midpoint,0.278,open,D#4,-14.5,below primo,-9,-14,none,not assessed,short,step,-2,no,2,middle,no,no,no,
Sunless 05,-3,5,3,D#3,51,o,Bozeman bass midpoint,0.833,open,A3,-6,below primo,-6,-11,none,not assessed,short,leap-up,3,no,2,middle,no,no,no,
Sunless 05,-3,5,4.5,D#3,51,ɪ,derived from Bozeman bass,0.278,open,A#3,-6.54,below primo,-6,-11,3,not assessed,short,repeated,0,no,2,middle,no,no,no,
Sunless 05,-3,6,1,F3,53,ɑ,Bozeman bass midpoint,0.833,open,D#4,-9.5,below primo,-4,-9,none,not assessed,short,step,2,no,2,middle,no,no,no,
Sunless 05,-3,6,2.5,F3,53,ɪ,derived from Bozeman bass,0.278,open,A#3,-4.54,below primo,-4,-9,none,not assessed,short,repeated,0,no,2,middle,no,no,no,
Sunless 05,-3,6,3,F3,53,ʌ,derived from Bozeman bass,0.556,open,D#4,-9.5,below primo,-4,-9,none,not assessed,short,repeated,0,no,2,middle,no,no,no,
Sunless 05,-3,6,4,F3,53,i,Bozeman bass midpoint,0.556,close,D#3,2,below primo,-4,-9,none,not assessed,short,repeated,0,no,2,middle,no,no,no,
Sunless 05,-3,7,1,F#3,54,o,Bozeman bass midpoint,1.111,open,A3,-3,below primo,-3,-8,none,not assessed,short,step,1,no,2,middle,yes,no,no,highest of phrase
Sunless 05,-3,7,3,D#3,51,ʌ,derived from Bozeman bass,0.556,open,D#4,-11.5,below primo,-6,-11,4,not assessed,short,leap-down,-3,no,2,last,no,no,no,
Sunless 05,-3,7,4.5,A#2,46,i,Bozeman bass midpoint,0.278,open,D#3,-5,below primo,-11,-16,none,not assessed,short,leap-down,-5,yes,3,first,no,no,no,
Sunless 05,-3,8,1,D3,50,ɑ,Bozeman bass midpoint,0.833,open,D#4,-12.5,below primo,-7,-12,none,not assessed,short,leap-up,4,no,3,middle,no,no,no,
Sunless 05,-3,8,2.5,F3,53,u,Bozeman bass midpoint,0.278,close,D#3,1.5,below primo,-4,-9,none,not assessed,short,leap-up,3,no,3,middle,no,no,no,turning pitch 0 to 2 st below
Sunless 05,-3,8,3,E3,52,ɪ,derived from Bozeman bass,0.417,open,A#3,-5.54,below primo,-5,-10,none,not assessed,short,step,-1,no,3,middle,no,no,no,
Sunless 05,-3,8,3.75,E3,52,ɑ,Bozeman bass midpoint,0.139,open,D#4,-10.5,below primo,-5,-10,none,not assessed,short,repeated,0,no,3,middle,no,no,no,
Sunless 05,-3,8,4,C#3,49,i,Bozeman bass midpoint,0.278,open,D#3,-2,below primo,-8,-13,none,not assessed,short,leap-down,-3,no,3,middle,no,no,no,
Sunless 05,-3,8,4.5,F#3,54,u,Bozeman bass midpoint,0.278,close,D#3,2.5,below primo,-3,-8,none,not assessed,short,leap-up,5,no,3,middle,no,no,no,
Sunless 05,-3,9,1,G#3,56,ɨ,derived from Bozeman bass,0.417,open,G#3,-0.39,below primo,-1,-6,none,not assessed,short,step,2,no,3,middle,no,no,no,
Sunless 05,-3,9,1.75,F3,53,ʌ,derived from Bozeman bass,0.139,open,D#4,-9.5,below primo,-4,-9,none,not assessed,short,leap-down,-3,no,3,middle,no,no,no,
Sunless 05,-3,9,2,F#3,54,i,Bozeman bass midpoint,0.278,close,D#3,3,below primo,-3,-8,none,not assessed,short,step,1,no,3,middle,no,no,no,
Sunless 05,-3,9,2.5,G#3,56,ɑ,Bozeman bass midpoint,0.278,open,D#4,-6.5,below primo,-1,-6,none,not assessed,short,step,2,no,3,middle,no,no,no,
Sunless 05,-3,9,3,A#3,58,o,Bozeman bass midpoint,0.556,close,A3,1,inside,1,-4,none,not assessed,short,step,2,no,3,middle,yes,no,no,highest of phrase; turning pitch 0 to 2 st below
Sunless 05,-3,9,4,F#3,54,ʌ,derived from Bozeman bass,0.185,open,D#4,-8.5,below primo,-3,-8,none,not assessed,short,leap-down,-4,no,3,last,no,no,no,
Sunless 05,-3,9,4.667,F#3,54,ɑ,Bozeman bass midpoint,0.185,open,D#4,-8.5,below primo,-3,-8,none,not assessed,short,repeated,0,yes,4,first,no,no,no,
Sunless 05,-3,10,1,F3,53,e,Bozeman bass midpoint,0.556,open,A3,-4,below primo,-4,-9,none,not assessed,short,step,-1,no,4,middle,no,no,no,
Sunless 05,-3,10,2,G#3,56,ɑ,Bozeman bass midpoint,0.556,open,D#4,-6.5,below primo,-1,-6,none,not assessed,short,leap-up,3,no,4,middle,yes,no,no,highest of phrase
Sunless 05,-3,10,3,F#3,54,u,Bozeman bass midpoint,0.417,close,D#3,2.5,below primo,-3,-8,none,not assessed,short,step,-2,no,4,middle,no,no,no,
Sunless 05,-3,10,3.75,F#3,54,i,Bozeman bass midpoint,0.139,close,D#3,3,below primo,-3,-8,none,not assessed,short,repeated,0,no,4,middle,no,no,no,
Sunless 05,-3,10,4,C#3,49,ɪ,derived from Bozeman bass,0.278,open,A#3,-8.54,below primo,-8,-13,none,not assessed,short,leap-down,-5,no,4,middle,no,no,no,
Sunless 05,-3,10,4.5,A#2,46,ɑ,Bozeman bass midpoint,0.278,open,D#4,-16.5,below primo,-11,-16,none,not assessed,short,leap-down,-3,no,4,middle,no,no,no,
Sunless 05,-3,11,1,F3,53,ɑ,Bozeman bass midpoint,0.556,open,D#4,-9.5,below primo,-4,-9,none,not assessed,short,leap-up,7,no,4,middle,no,no,no,
Sunless 05,-3,11,2,F3,53,ɑ,Bozeman bass midpoint,0.278,open,D#4,-9.5,below primo,-4,-9,none,not assessed,short,tie,0,no,4,last,no,no,no,
Sunless 05,-3,11,4.5,A#3,58,ɑ,Bozeman bass midpoint,0.278,open,D#4,-4.5,inside,1,-4,none,not assessed,short,leap-up,5,yes,5,first,no,no,no,
Sunless 05,-3,12,1,B3,59,o,Bozeman bass midpoint,0.278,close,A3,2,inside,2,-3,none,not assessed,short,step,1,no,5,middle,yes,no,no,highest of phrase; turning pitch 0 to 2 st below
Sunless 05,-3,12,1.5,D#3,51,i,Bozeman bass midpoint,0.278,close,D#3,0,below primo,-6,-11,none,not assessed,short,leap-down,-8,no,5,middle,no,no,no,turning pitch 0 to 2 st below
Sunless 05,-3,12,2,D3,50,ʌ,derived from Bozeman bass,0.278,open,D#4,-12.5,below primo,-7,-12,none,not assessed,short,step,-1,no,5,middle,no,no,no,
Sunless 05,-3,12,2.5,D#3,51,ɑ,Bozeman bass midpoint,0.278,open,D#4,-11.5,below primo,-6,-11,4,not assessed,short,step,1,no,5,middle,no,no,no,
Sunless 05,-3,12,3,G#3,56,ɑ,Bozeman bass midpoint,0.556,open,D#4,-6.5,below primo,-1,-6,none,not assessed,short,leap-up,5,no,5,last,no,no,no,
Sunless 05,-3,12,4.5,A#3,58,i,Bozeman bass midpoint,0.278,close,D#3,7,inside,1,-4,none,not assessed,short,step,2,yes,6,first,no,no,no,
Sunless 05,-3,13,1,B2,47,ɛ,Bozeman bass midpoint,0.278,open,C4,-13.5,below primo,-10,-15,none,not assessed,short,leap-down,-11,no,6,middle,no,no,no,
Sunless 05,-3,13,1.5,A#2,46,i,Bozeman bass midpoint,0.278,open,D#3,-5,below primo,-11,-16,none,not assessed,short,step,-1,no,6,middle,no,no,no,
Sunless 05,-3,13,2,C#3,49,ɨ,derived from Bozeman bass,0.278,open,G#3,-7.39,below primo,-8,-13,3,not assessed,short,leap-up,3,no,6,middle,no,no,no,
Sunless 05,-3,13,2.5,B2,47,ɪ,derived from Bozeman bass,0.278,open,A#3,-10.54,below primo,-10,-15,none,not assessed,short,step,-2,no,6,middle,no,no,no,
Sunless 05,-3,13,3,G#3,56,u,Bozeman bass midpoint,0.556,close,D#3,4.5,below primo,-1,-6,none,not assessed,short,leap-up,9,no,6,middle,no,no,no,
Sunless 05,-3,13,4,D#3,51,ɨ,derived from Bozeman bass,0.278,open,G#3,-5.39,below primo,-6,-11,none,not assessed,short,leap-down,-5,no,6,middle,no,no,no,
Sunless 05,-3,13,4.5,D#3,51,ɪ,derived from Bozeman bass,0.278,open,A#3,-6.54,below primo,-6,-11,3,not assessed,short,repeated,0,no,6,middle,no,no,no,
Sunless 05,-3,14,1,E3,52,u,Bozeman bass midpoint,0.278,close,D#3,0.5,below primo,-5,-10,none,not assessed,short,step,1,no,6,middle,no,no,no,turning pitch 0 to 2 st below
Sunless 05,-3,14,1.5,D#3,51,none resolved,not assessed,0.278,not assessed,not assessed,not assessed,below primo,-6,-11,not assessed,not assessed,short,step,-1,no,6,middle,no,no,no,
Sunless 05,-3,14,2,D3,50,ɑ,Bozeman bass midpoint,0.278,open,D#4,-12.5,below primo,-7,-12,none,not assessed,short,step,-1,no,6,middle,no,no,no,
Sunless 05,-3,14,2.5,D#3,51,ɑ,Bozeman bass midpoint,0.278,open,D#4,-11.5,below primo,-6,-11,4,not assessed,short,step,1,no,6,middle,no,no,no,
Sunless 05,-3,14,3,G#3,56,o,Bozeman bass midpoint,0.833,open,A3,-1,below primo,-1,-6,none,not assessed,short,leap-up,5,no,6,middle,no,no,no,
Sunless 05,-3,14,4.5,A#3,58,ɪ,derived from Bozeman bass,0.278,close,A#3,0.46,inside,1,-4,none,not assessed,short,step,2,no,6,middle,no,no,no,turning pitch 0 to 2 st below
Sunless 05,-3,15,1,B3,59,o,Bozeman bass midpoint,0.278,close,A3,2,inside,2,-3,none,not assessed,short,step,1,no,6,middle,yes,no,no,highest of phrase; turning pitch 0 to 2 st below
Sunless 05,-3,15,1.5,F3,53,ɨ,derived from Bozeman bass,0.278,open,G#3,-3.39,below primo,-4,-9,none,not assessed,short,leap-down,-6,no,6,middle,no,no,no,
Sunless 05,-3,15,2,E3,52,i,Bozeman bass midpoint,0.278,close,D#3,1,below primo,-5,-10,none,not assessed,short,step,-1,no,6,middle,no,no,no,turning pitch 0 to 2 st below
Sunless 05,-3,15,2.5,G#3,56,u,Bozeman bass midpoint,0.278,close,D#3,4.5,below primo,-1,-6,none,not assessed,short,leap-up,4,no,6,middle,no,no,no,
Sunless 05,-3,15,3,A#3,58,u,Bozeman bass midpoint,0.556,close,D#3,6.5,inside,1,-4,none,not assessed,short,step,2,no,6,middle,no,no,no,
Sunless 05,-3,15,4,G3,55,ɨ,derived from Bozeman bass,0.278,open,G#3,-1.39,below primo,-2,-7,none,not assessed,short,leap-down,-3,no,6,middle,no,no,no,
Sunless 05,-3,15,4.5,D#3,51,i,Bozeman bass midpoint,0.278,close,D#3,0,below primo,-6,-11,none,not assessed,short,leap-down,-4,no,6,middle,no,no,no,turning pitch 0 to 2 st below
Sunless 05,-3,16,1,E3,52,o,Bozeman bass midpoint,0.833,open,A3,-5,below primo,-5,-10,none,not assessed,short,step,1,no,6,middle,no,no,no,
Sunless 05,-3,16,2.5,E3,52,ɪ,derived from Bozeman bass,0.278,open,A#3,-5.54,below primo,-5,-10,none,not assessed,short,repeated,0,no,6,middle,no,no,no,
Sunless 05,-3,16,3,G3,55,i,Bozeman bass midpoint,0.556,close,D#3,4,below primo,-2,-7,none,not assessed,short,leap-up,3,no,6,middle,no,no,no,
Sunless 05,-3,16,4,A#3,58,ɑ,Bozeman bass midpoint,0.556,open,D#4,-4.5,inside,1,-4,none,not assessed,short,leap-up,3,no,6,middle,no,no,no,
Sunless 05,-3,17,1,F#3,54,ɛ,Bozeman bass midpoint,0.556,open,C4,-6.5,below primo,-3,-8,none,not assessed,short,leap-down,-4,no,6,last,no,no,no,
Sunless 05,-3,17,4,F#3,54,o,Bozeman bass midpoint,0.556,open,A3,-3,below primo,-3,-8,none,not assessed,short,repeated,0,yes,7,first,no,no,no,
Sunless 05,-3,18,1,G#3,56,ɑ,Bozeman bass midpoint,0.833,open,D#4,-6.5,below primo,-1,-6,none,not assessed,short,step,2,no,7,middle,yes,no,no,highest of phrase
Sunless 05,-3,18,2.5,D#3,51,o,Bozeman bass midpoint,0.278,open,A3,-6,below primo,-6,-11,none,not assessed,short,leap-down,-5,no,7,middle,no,no,no,
Sunless 05,-3,18,3,D#3,51,ʌ,derived from Bozeman bass,0.556,open,D#4,-11.5,below primo,-6,-11,4,not assessed,short,repeated,0,no,7,middle,no,no,no,
Sunless 05,-3,18,4,E3,52,ɑ,Bozeman bass midpoint,0.556,open,D#4,-10.5,below primo,-5,-10,none,not assessed,short,step,1,no,7,middle,no,no,no,
Sunless 05,-3,19,1,G#3,56,i,Bozeman bass midpoint,0.556,close,D#3,5,below primo,-1,-6,none,not assessed,short,leap-up,4,no,7,last,yes,no,no,highest of phrase
Sunless 05,-3,19,4,F#3,54,ɑ,Bozeman bass midpoint,0.556,open,D#4,-8.5,below primo,-3,-8,none,not assessed,short,step,-2,yes,8,first,no,no,no,
Sunless 05,-3,20,1,G3,55,o,Bozeman bass midpoint,0.278,open,A3,-2,below primo,-2,-7,none,not assessed,short,step,1,no,8,middle,no,no,no,
Sunless 05,-3,20,1.5,F#3,54,o,Bozeman bass midpoint,0.556,open,A3,-3,below primo,-3,-8,none,not assessed,short,step,-1,no,8,middle,no,no,no,
Sunless 05,-3,20,2.5,B2,47,ɑ,Bozeman bass midpoint,0.278,open,D#4,-15.5,below primo,-10,-15,5,not assessed,short,leap-down,-7,no,8,middle,no,no,no,
Sunless 05,-3,20,3,B2,47,e,Bozeman bass midpoint,0.417,open,A3,-10,below primo,-10,-15,none,not assessed,short,repeated,0,no,8,middle,no,no,no,
Sunless 05,-3,20,3.75,A#2,46,ɑ,Bozeman bass midpoint,0.139,open,D#4,-16.5,below primo,-11,-16,none,not assessed,short,step,-1,no,8,middle,no,no,no,
Sunless 05,-3,20,4,A#2,46,ɨ,derived from Bozeman bass,0.278,open,G#3,-10.39,below primo,-11,-16,none,not assessed,short,repeated,0,no,8,middle,no,no,no,
Sunless 05,-3,20,4.5,A#3,58,ɑ,Bozeman bass midpoint,0.278,open,D#4,-4.5,inside,1,-4,none,not assessed,short,leap-up,12,no,8,middle,no,no,no,
Sunless 05,-3,21,1,B3,59,o,Bozeman bass midpoint,0.278,close,A3,2,inside,2,-3,none,not assessed,short,step,1,no,8,middle,yes,no,no,highest of phrase; turning pitch 0 to 2 st below
Sunless 05,-3,21,1.5,F#3,54,u,Bozeman bass midpoint,0.278,close,D#3,2.5,below primo,-3,-8,none,not assessed,short,leap-down,-5,no,8,middle,no,no,no,
Sunless 05,-3,21,2,F#3,54,ɪ,derived from Bozeman bass,0.278,open,A#3,-3.54,below primo,-3,-8,none,not assessed,short,repeated,0,no,8,middle,no,no,no,
Sunless 05,-3,21,2.5,F#3,54,ɨ,derived from Bozeman bass,0.278,open,G#3,-2.39,below primo,-3,-8,none,not assessed,short,repeated,0,no,8,middle,no,no,no,
Sunless 05,-3,21,3,E3,52,ɨ,derived from Bozeman bass,0.556,open,G#3,-4.39,below primo,-5,-10,none,not assessed,short,step,-2,no,8,last,no,no,no,
Sunless 05,-3,22,1,F#3,54,i,Bozeman bass midpoint,0.556,close,D#3,3,below primo,-3,-8,none,not assessed,short,step,2,yes,9,first,yes,no,no,highest of phrase
Sunless 05,-3,22,2,D#3,51,o,Bozeman bass midpoint,0.278,open,A3,-6,below primo,-6,-11,none,not assessed,short,leap-down,-3,no,9,middle,no,no,no,
Sunless 05,-3,22,2.5,B2,47,ɑ,Bozeman bass midpoint,0.278,open,D#4,-15.5,below primo,-10,-15,5,not assessed,short,leap-down,-4,no,9,middle,no,no,no,
Sunless 05,-3,22,3,F3,53,e,Bozeman bass midpoint,0.417,open,A3,-4,below primo,-4,-9,none,not assessed,short,leap-up,6,no,9,middle,no,no,no,
Sunless 05,-3,22,3.75,D3,50,i,Bozeman bass midpoint,0.139,open,D#3,-1,below primo,-7,-12,none,not assessed,short,leap-down,-3,no,9,middle,no,no,no,
Sunless 05,-3,22,4,D3,50,ɑ,Bozeman bass midpoint,0.278,open,D#4,-12.5,below primo,-7,-12,none,not assessed,short,repeated,0,no,9,last,no,no,no,
Sunless 05,-3,23,2,F#3,54,i,Bozeman bass midpoint,0.556,close,D#3,3,below primo,-3,-8,none,not assessed,short,leap-up,4,yes,10,first,no,no,no,
Sunless 05,-3,23,3,B3,59,o,Bozeman bass midpoint,0.556,close,A3,2,inside,2,-3,none,not assessed,short,leap-up,5,no,10,middle,yes,no,no,highest of phrase; turning pitch 0 to 2 st below
Sunless 05,-3,23,4,A3,57,o,Bozeman bass midpoint,0.278,open,A3,0,inside,0,-5,none,not assessed,short,step,-2,no,10,middle,no,no,no,
Sunless 05,-3,23,4.5,G3,55,ɨ,derived from Bozeman bass,0.278,open,G#3,-1.39,below primo,-2,-7,none,not assessed,short,step,-2,no,10,last,no,no,no,
Sunless 05,-3,24,4.5,B2,47,ɪ,derived from Bozeman bass,0.278,open,A#3,-10.54,below primo,-10,-15,none,not assessed,short,leap-down,-8,yes,11,first,no,no,no,
Sunless 05,-3,25,1,F#3,54,u,Bozeman bass midpoint,0.833,close,D#3,2.5,below primo,-3,-8,none,not assessed,short,leap-up,7,no,11,middle,no,no,no,
Sunless 05,-3,25,2.5,D3,50,none resolved,not assessed,0.278,not assessed,not assessed,not assessed,below primo,-7,-12,not assessed,not assessed,short,leap-down,-4,no,11,middle,no,no,no,
Sunless 05,-3,25,3,E3,52,u,Bozeman bass midpoint,0.417,close,D#3,0.5,below primo,-5,-10,none,not assessed,short,step,2,no,11,middle,no,no,no,turning pitch 0 to 2 st below
Sunless 05,-3,25,3.75,C#3,49,ɨ,derived from Bozeman bass,0.139,open,G#3,-7.39,below primo,-8,-13,3,not assessed,short,leap-down,-3,no,11,middle,no,no,no,
Sunless 05,-3,25,4,C#3,49,ɛ,Bozeman bass midpoint,0.278,open,C4,-11.5,below primo,-8,-13,none,not assessed,short,repeated,0,no,11,middle,no,no,no,
Sunless 05,-3,25,4.5,E3,52,ɪ,derived from Bozeman bass,0.278,open,A#3,-5.54,below primo,-5,-10,none,not assessed,short,leap-up,3,no,11,middle,no,no,no,
Sunless 05,-3,26,1,F#3,54,e,Bozeman bass midpoint,0.278,open,A3,-3,below primo,-3,-8,none,not assessed,short,step,2,no,11,middle,no,no,no,
Sunless 05,-3,26,1.5,D3,50,i,Bozeman bass midpoint,0.278,open,D#3,-1,below primo,-7,-12,none,not assessed,short,leap-down,-4,no,11,middle,no,no,no,
Sunless 05,-3,26,2,E3,52,i,Bozeman bass midpoint,0.278,close,D#3,1,below primo,-5,-10,none,not assessed,short,step,2,no,11,middle,no,no,no,turning pitch 0 to 2 st below
Sunless 05,-3,26,2.5,F#3,54,ɑ,Bozeman bass midpoint,0.278,open,D#4,-8.5,below primo,-3,-8,none,not assessed,short,step,2,no,11,middle,no,no,no,
Sunless 05,-3,26,3,G#3,56,ɑ,Bozeman bass midpoint,0.556,open,D#4,-6.5,below primo,-1,-6,none,not assessed,short,step,2,no,11,middle,yes,no,no,highest of phrase
Sunless 05,-3,26,4,G#3,56,ɑ,Bozeman bass midpoint,0.278,open,D#4,-6.5,below primo,-1,-6,none,not assessed,short,tie,0,no,11,last,yes,no,no,highest of phrase
Sunless 05,-3,27,1,D#3,51,o,Bozeman bass midpoint,0.556,open,A3,-6,below primo,-6,-11,none,not assessed,short,leap-down,-5,yes,12,first,no,no,no,
Sunless 05,-3,27,2,D3,50,ɛ,Bozeman bass midpoint,0.278,open,C4,-10.5,below primo,-7,-12,none,not assessed,short,step,-1,no,12,middle,no,no,no,
Sunless 05,-3,27,2.5,D#3,51,ɑ,Bozeman bass midpoint,0.278,open,D#4,-11.5,below primo,-6,-11,4,not assessed,short,step,1,no,12,middle,no,no,no,
Sunless 05,-3,27,3,B2,47,a,derived from Bozeman bass,0.278,open,F4,-17.92,below primo,-10,-15,none,not assessed,short,leap-down,-4,no,12,middle,no,no,no,
Sunless 05,-3,27,3.5,C3,48,ɪ,derived from Bozeman bass,0.278,open,A#3,-9.54,below primo,-9,-14,none,not assessed,short,step,1,no,12,middle,no,no,no,
Sunless 05,-3,27,4,F3,53,ɨ,derived from Bozeman bass,0.278,open,G#3,-3.39,below primo,-4,-9,none,not assessed,short,leap-up,5,no,12,middle,yes,no,no,highest of phrase
Sunless 05,-3,27,4.5,F3,53,u,Bozeman bass midpoint,0.278,close,D#3,1.5,below primo,-4,-9,none,not assessed,short,repeated,0,no,12,middle,yes,no,no,highest of phrase; turning pitch 0 to 2 st below
Sunless 05,-3,28,1,F3,53,i,Bozeman bass midpoint,0.278,close,D#3,2,below primo,-4,-9,none,not assessed,short,repeated,0,no,12,middle,yes,no,no,highest of phrase
Sunless 05,-3,28,1.5,C#3,49,ʌ,derived from Bozeman bass,0.278,open,D#4,-13.5,below primo,-8,-13,none,not assessed,short,leap-down,-4,no,12,middle,no,no,no,
Sunless 05,-3,28,2,C3,48,ʌ,derived from Bozeman bass,0.278,open,D#4,-14.5,below primo,-9,-14,none,not assessed,short,step,-1,no,12,middle,no,no,no,
Sunless 05,-3,28,2.5,A#2,46,i,Bozeman bass midpoint,0.278,open,D#3,-5,below primo,-11,-16,none,not assessed,short,step,-2,no,12,middle,no,no,no,
Sunless 05,-3,28,3,D#3,51,ɑ,Bozeman bass midpoint,0.556,open,D#4,-11.5,below primo,-6,-11,4,not assessed,short,leap-up,5,no,12,last,no,no,no,
Sunless 05,-3,28,4.5,D#3,51,ɑ,Bozeman bass midpoint,0.278,open,D#4,-11.5,below primo,-6,-11,4,not assessed,short,repeated,0,yes,13,first,no,no,no,
Sunless 05,-3,29,1,F#3,54,u,Bozeman bass midpoint,0.417,close,D#3,2.5,below primo,-3,-8,none,not assessed,short,leap-up,3,no,13,middle,no,no,no,
Sunless 05,-3,29,1.75,F#3,54,ɑ,Bozeman bass midpoint,0.139,open,D#4,-8.5,below primo,-3,-8,none,not assessed,short,repeated,0,no,13,middle,no,no,no,
Sunless 05,-3,29,2,F3,53,ɑ,Bozeman bass midpoint,0.278,open,D#4,-9.5,below primo,-4,-9,none,not assessed,short,step,-1,no,13,middle,no,no,no,
Sunless 05,-3,29,2.5,F#3,54,ɑ,Bozeman bass midpoint,0.278,open,D#4,-8.5,below primo,-3,-8,none,not assessed,short,step,1,no,13,middle,no,no,no,
Sunless 05,-3,29,3,G#3,56,o,Bozeman bass midpoint,0.278,open,A3,-1,below primo,-1,-6,none,not assessed,short,step,2,no,13,middle,no,no,no,
Sunless 05,-3,29,3.5,F3,53,u,Bozeman bass midpoint,0.278,close,D#3,1.5,below primo,-4,-9,none,not assessed,short,leap-down,-3,no,13,middle,no,no,no,turning pitch 0 to 2 st below
Sunless 05,-3,29,4,A#3,58,ɨ,derived from Bozeman bass,0.556,close,G#3,1.61,inside,1,-4,none,not assessed,short,leap-up,5,no,13,last,yes,no,no,highest of phrase; turning pitch 0 to 2 st below
Sunless 05,-3,30,1.5,A#3,58,ɨ,derived from Bozeman bass,0.278,close,G#3,1.61,inside,1,-4,none,not assessed,short,repeated,0,yes,14,first,no,no,no,turning pitch 0 to 2 st below
Sunless 05,-3,30,2,A3,57,ɨ,derived from Bozeman bass,0.278,close,G#3,0.61,inside,0,-5,none,not assessed,short,step,-1,no,14,middle,no,no,no,turning pitch 0 to 2 st below
Sunless 05,-3,30,2.5,F#3,54,ɪ,derived from Bozeman bass,0.278,open,A#3,-3.54,below primo,-3,-8,none,not assessed,short,leap-down,-3,no,14,middle,no,no,no,
Sunless 05,-3,30,3,G3,55,o,Bozeman bass midpoint,0.556,open,A3,-2,below primo,-2,-7,none,not assessed,short,step,1,no,14,middle,no,no,no,
Sunless 05,-3,30,4,D#3,51,ɨ,derived from Bozeman bass,0.278,open,G#3,-5.39,below primo,-6,-11,none,not assessed,short,leap-down,-4,no,14,middle,no,no,no,
Sunless 05,-3,30,4.5,A#3,58,o,Bozeman bass midpoint,0.278,close,A3,1,inside,1,-4,none,not assessed,short,leap-up,7,no,14,middle,no,no,no,turning pitch 0 to 2 st below
Sunless 05,-3,31,1,B3,59,i,Bozeman bass midpoint,0.278,close,D#3,8,inside,2,-3,none,not assessed,short,step,1,no,14,middle,yes,no,no,highest of phrase
Sunless 05,-3,31,1.5,D#3,51,ɨ,derived from Bozeman bass,0.278,open,G#3,-5.39,below primo,-6,-11,none,not assessed,short,leap-down,-8,no,14,middle,no,no,no,
Sunless 05,-3,31,2,D3,50,o,Bozeman bass midpoint,0.278,open,A3,-7,below primo,-7,-12,3,not assessed,short,step,-1,no,14,middle,no,no,no,
Sunless 05,-3,31,2.5,D#3,51,ɨ,derived from Bozeman bass,0.278,open,G#3,-5.39,below primo,-6,-11,none,not assessed,short,step,1,no,14,middle,no,no,no,
Sunless 05,-3,31,3,G#3,56,ɑ,Bozeman bass midpoint,0.556,open,D#4,-6.5,below primo,-1,-6,none,not assessed,short,leap-up,5,no,14,last,no,no,no,
Sunless 05,-3,31,4.5,A#3,58,ɑ,Bozeman bass midpoint,0.278,open,D#4,-4.5,inside,1,-4,none,not assessed,short,step,2,yes,15,first,no,no,no,
Sunless 05,-3,32,1,B2,47,ɨ,derived from Bozeman bass,0.278,open,G#3,-9.39,below primo,-10,-15,none,not assessed,short,leap-down,-11,no,15,middle,no,no,no,
Sunless 05,-3,32,1.5,A#2,46,ɪ,derived from Bozeman bass,0.278,open,A#3,-11.54,below primo,-11,-16,4,not assessed,short,step,-1,no,15,middle,no,no,no,
Sunless 05,-3,32,2,C#3,49,o,Bozeman bass midpoint,0.278,open,A3,-8,below primo,-8,-13,none,not assessed,short,leap-up,3,no,15,middle,no,no,no,
Sunless 05,-3,32,2.5,B2,47,u,Bozeman bass midpoint,0.278,open,D#3,-4.5,below primo,-10,-15,none,not assessed,short,step,-2,no,15,middle,no,no,no,
Sunless 05,-3,32,3,G#3,56,o,Bozeman bass midpoint,0.556,open,A3,-1,below primo,-1,-6,none,not assessed,short,leap-up,9,no,15,middle,no,no,no,
Sunless 05,-3,32,4,D#3,51,ɨ,derived from Bozeman bass,0.278,open,G#3,-5.39,below primo,-6,-11,none,not assessed,short,leap-down,-5,no,15,middle,no,no,no,
Sunless 05,-3,32,4.5,D#3,51,ɪ,derived from Bozeman bass,0.278,open,A#3,-6.54,below primo,-6,-11,3,not assessed,short,repeated,0,no,15,middle,no,no,no,
Sunless 05,-3,33,1,E3,52,u,Bozeman bass midpoint,0.278,close,D#3,0.5,below primo,-5,-10,none,not assessed,short,step,1,no,15,middle,no,no,no,turning pitch 0 to 2 st below
Sunless 05,-3,33,1.5,D#3,51,ɪ,derived from Bozeman bass,0.278,open,A#3,-6.54,below primo,-6,-11,3,not assessed,short,step,-1,no,15,middle,no,no,no,
Sunless 05,-3,33,2,D3,50,ʌ,derived from Bozeman bass,0.278,open,D#4,-12.5,below primo,-7,-12,none,not assessed,short,step,-1,no,15,middle,no,no,no,
Sunless 05,-3,33,2.5,D#3,51,ɑ,Bozeman bass midpoint,0.278,open,D#4,-11.5,below primo,-6,-11,4,not assessed,short,step,1,no,15,middle,no,no,no,
Sunless 05,-3,33,3,G#3,56,o,Bozeman bass midpoint,0.833,open,A3,-1,below primo,-1,-6,none,not assessed,short,leap-up,5,no,15,middle,no,no,no,
Sunless 05,-3,33,4.5,A#3,58,u,Bozeman bass midpoint,0.278,close,D#3,6.5,inside,1,-4,none,not assessed,short,step,2,no,15,middle,no,no,no,
Sunless 05,-3,34,1,B3,59,ɑ,Bozeman bass midpoint,0.278,open,D#4,-3.5,inside,2,-3,none,not assessed,short,step,1,no,15,middle,yes,no,no,highest of phrase
Sunless 05,-3,34,1.5,F3,53,u,Bozeman bass midpoint,0.278,close,D#3,1.5,below primo,-4,-9,none,not assessed,short,leap-down,-6,no,15,middle,no,no,no,turning pitch 0 to 2 st below
Sunless 05,-3,34,2,E3,52,o,Bozeman bass midpoint,0.278,open,A3,-5,below primo,-5,-10,none,not assessed,short,step,-1,no,15,middle,no,no,no,
Sunless 05,-3,34,2.5,G#3,56,ɨ,derived from Bozeman bass,0.278,open,G#3,-0.39,below primo,-1,-6,none,not assessed,short,leap-up,4,no,15,middle,no,no,no,
Sunless 05,-3,34,3,A#3,58,u,Bozeman bass midpoint,0.278,close,D#3,6.5,inside,1,-4,none,not assessed,short,step,2,no,15,last,no,no,no,
Sunless 05,-3,34,4,A#3,58,i,Bozeman bass midpoint,0.556,close,D#3,7,inside,1,-4,none,not assessed,short,repeated,0,yes,16,first,no,no,no,
Sunless 05,-3,35,1,B3,59,ɨ,derived from Bozeman bass,0.556,close,G#3,2.61,inside,2,-3,none,not assessed,short,step,1,no,16,middle,yes,no,no,highest of phrase
Sunless 05,-3,35,2,F#3,54,ɨ,derived from Bozeman bass,0.556,open,G#3,-2.39,below primo,-3,-8,none,not assessed,short,leap-down,-5,no,16,middle,no,no,no,
Sunless 05,-3,35,3,G3,55,none resolved,not assessed,0.833,not assessed,not assessed,not assessed,below primo,-2,-7,not assessed,not assessed,short,step,1,no,16,middle,no,no,no,
Sunless 05,-3,35,4.5,A3,57,ɑ,Bozeman bass midpoint,0.278,open,D#4,-5.5,inside,0,-5,none,not assessed,short,step,2,no,16,middle,no,no,no,
Sunless 05,-3,36,1,B3,59,i,Bozeman bass midpoint,0.556,close,D#3,8,inside,2,-3,none,not assessed,short,step,2,no,16,last,yes,no,no,highest of phrase
Sunless 05,-3,36,3.5,B3,59,ɛ,Bozeman bass midpoint,0.278,open,C4,-1.5,inside,2,-3,none,not assessed,short,repeated,0,yes,17,first,yes,no,no,highest of phrase
Sunless 05,-3,36,4,A3,57,o,Bozeman bass midpoint,0.278,open,A3,0,inside,0,-5,none,not assessed,short,step,-2,no,17,middle,no,no,no,
Sunless 05,-3,36,4.5,G#3,56,o,Bozeman bass midpoint,0.278,open,A3,-1,below primo,-1,-6,none,not assessed,short,step,-1,no,17,middle,no,no,no,
Sunless 05,-3,37,1,A3,57,ɨ,derived from Bozeman bass,0.833,close,G#3,0.61,inside,0,-5,none,not assessed,short,step,1,no,17,middle,no,no,no,turning pitch 0 to 2 st below
Sunless 05,-3,37,2.5,G#3,56,i,Bozeman bass midpoint,0.278,close,D#3,5,below primo,-1,-6,none,not assessed,short,step,-1,no,17,middle,no,no,no,
Sunless 05,-3,37,3,F#3,54,u,Bozeman bass midpoint,0.556,close,D#3,2.5,below primo,-3,-8,none,not assessed,short,step,-2,no,17,last,no,no,no,
Sunless 05,-3,37,4.5,D#3,51,o,Bozeman bass midpoint,0.278,open,A3,-6,below primo,-6,-11,none,not assessed,short,leap-down,-3,yes,18,first,no,no,no,
Sunless 05,-3,38,1,E3,52,ɨ,derived from Bozeman bass,0.556,open,G#3,-4.39,below primo,-5,-10,none,not assessed,short,step,1,no,18,middle,no,no,no,
Sunless 05,-3,38,2,E3,52,ɪ,derived from Bozeman bass,0.556,open,A#3,-5.54,below primo,-5,-10,none,not assessed,short,repeated,0,no,18,middle,no,no,no,
Sunless 05,-3,38,3,A3,57,u,Bozeman bass midpoint,0.833,close,D#3,5.5,inside,0,-5,none,not assessed,short,leap-up,5,no,18,middle,no,no,no,
Sunless 05,-3,38,4.5,G#3,56,ʌ,derived from Bozeman bass,0.278,open,D#4,-6.5,below primo,-1,-6,none,not assessed,short,step,-1,no,18,middle,no,no,no,
Sunless 05,-3,39,1,C#4,61,ɛ,Bozeman bass midpoint,0.556,close,C4,0.5,inside,4,-1,none,not assessed,short,leap-up,5,no,18,last,yes,yes,yes,highest of phrase; turning pitch 0 to 2 st below
Sunless 05,-3,39,3,A3,57,ɑ,Bozeman bass midpoint,1.111,open,D#4,-5.5,inside,0,-5,none,not assessed,short,leap-down,-4,yes,19,first,yes,no,no,highest of phrase
Sunless 05,-3,40,1,C#3,49,ɨ,derived from Bozeman bass,0.278,open,G#3,-7.39,below primo,-8,-13,3,not assessed,short,leap-down,-8,no,19,middle,no,no,no,
Sunless 05,-3,40,1.5,C3,48,ɑ,Bozeman bass midpoint,0.278,open,D#4,-14.5,below primo,-9,-14,none,not assessed,short,step,-1,no,19,middle,no,no,no,
Sunless 05,-3,40,2,E3,52,ɑ,Bozeman bass midpoint,0.278,open,D#4,-10.5,below primo,-5,-10,none,not assessed,short,leap-up,4,no,19,middle,no,no,no,
Sunless 05,-3,40,2.5,D#3,51,ɨ,derived from Bozeman bass,0.278,open,G#3,-5.39,below primo,-6,-11,none,not assessed,short,step,-1,no,19,middle,no,no,no,
Sunless 05,-3,40,3,G3,55,o,Bozeman bass midpoint,0.278,open,A3,-2,below primo,-2,-7,none,not assessed,short,leap-up,4,no,19,middle,no,no,no,
Sunless 05,-3,40,3.5,G3,55,ʌ,derived from Bozeman bass,0.278,open,D#4,-7.5,below primo,-2,-7,3,not assessed,short,repeated,0,no,19,last,no,no,no,
Sunless 05,-3,40,4.5,G3,55,ɨ,derived from Bozeman bass,0.278,open,G#3,-1.39,below primo,-2,-7,none,not assessed,short,repeated,0,yes,20,first,no,no,no,
Sunless 05,-3,41,1,G#3,56,e,Bozeman bass midpoint,0.556,open,A3,-1,below primo,-1,-6,none,not assessed,short,step,1,no,20,middle,no,no,no,
Sunless 05,-3,41,2,A3,57,ʌ,derived from Bozeman bass,0.556,open,D#4,-5.5,inside,0,-5,none,not assessed,short,step,1,no,20,middle,no,no,no,
Sunless 05,-3,41,3,C#4,61,ɛ,Bozeman bass midpoint,0.278,close,C4,0.5,inside,4,-1,none,not assessed,short,leap-up,4,no,20,middle,yes,yes,yes,highest of phrase; turning pitch 0 to 2 st below
Sunless 05,-3,41,3.5,B3,59,ʌ,derived from Bozeman bass,0.278,open,D#4,-3.5,inside,2,-3,none,not assessed,short,step,-2,no,20,middle,no,no,no,
Sunless 05,-3,41,4,B3,59,i,Bozeman bass midpoint,0.278,close,D#3,8,inside,2,-3,none,not assessed,short,repeated,0,no,20,last,no,no,no,
Sunless 05,-3,42,1.5,E3,52,ɛ,Bozeman bass midpoint,0.278,open,C4,-8.5,below primo,-5,-10,none,not assessed,short,leap-down,-7,yes,21,first,no,no,no,
Sunless 05,-3,42,2,A3,57,ɑ,Bozeman bass midpoint,0.278,open,D#4,-5.5,inside,0,-5,none,not assessed,short,leap-up,5,no,21,middle,yes,no,no,highest of phrase
Sunless 05,-3,42,2.5,A3,57,u,Bozeman bass midpoint,0.278,close,D#3,5.5,inside,0,-5,none,not assessed,short,repeated,0,no,21,middle,yes,no,no,highest of phrase
Sunless 05,-3,42,3,C#3,49,ɨ,derived from Bozeman bass,0.556,open,G#3,-7.39,below primo,-8,-13,3,not assessed,short,leap-down,-8,no,21,middle,no,no,no,
Sunless 05,-3,42,4,E3,52,ɨ,derived from Bozeman bass,0.556,open,G#3,-4.39,below primo,-5,-10,none,not assessed,short,leap-up,3,no,21,middle,no,no,no,
Sunless 05,-3,43,1,G3,55,o,Bozeman bass midpoint,0.556,open,A3,-2,below primo,-2,-7,none,not assessed,short,leap-up,3,no,21,middle,no,no,no,
Sunless 05,-3,43,2,G3,55,o,Bozeman bass midpoint,0.278,open,A3,-2,below primo,-2,-7,none,not assessed,short,repeated,0,no,21,last,no,no,no,
Sunless 05,-3,43,4.5,G3,55,u,Bozeman bass midpoint,0.278,close,D#3,3.5,below primo,-2,-7,none,not assessed,short,repeated,0,yes,22,first,yes,no,no,highest of phrase
Sunless 05,-3,44,1,G3,55,ɨ,derived from Bozeman bass,1.111,open,G#3,-1.39,below primo,-2,-7,none,not assessed,short,repeated,0,no,22,middle,yes,no,no,highest of phrase
Sunless 05,-3,44,3,F#3,54,ɨ,derived from Bozeman bass,0.556,open,G#3,-2.39,below primo,-3,-8,none,not assessed,short,step,-1,no,22,middle,no,no,no,
Sunless 05,-3,44,4,F#3,54,ɨ,derived from Bozeman bass,0.278,open,G#3,-2.39,below primo,-3,-8,none,not assessed,short,tie,0,no,22,last,no,no,no,
Sunless 05,-3,45,1,D#3,51,e,Bozeman bass midpoint,1.667,open,A3,-6,below primo,-6,-11,none,not assessed,short,leap-down,-3,yes,23,first,yes,no,no,highest of phrase
Sunless 05,-3,45,4,D#3,51,i,Bozeman bass midpoint,0.556,close,D#3,0,below primo,-6,-11,none,not assessed,short,repeated,0,no,23,middle,yes,no,no,highest of phrase; turning pitch 0 to 2 st below
Sunless 05,-3,46,1,D#3,51,o,Bozeman bass midpoint,1.111,open,A3,-6,below primo,-6,-11,none,not assessed,short,repeated,0,no,23,last,yes,no,no,highest of phrase
Sunless 05,-3,48,4,D#3,51,ɪ,derived from Bozeman bass,0.556,open,A#3,-6.54,below primo,-6,-11,3,not assessed,short,repeated,0,yes,24,first,no,no,no,
Sunless 05,-3,49,1,D#3,51,e,Bozeman bass midpoint,0.833,open,A3,-6,below primo,-6,-11,none,not assessed,short,repeated,0,no,24,middle,no,no,no,
Sunless 05,-3,49,2.5,D#3,51,i,Bozeman bass midpoint,0.278,close,D#3,0,below primo,-6,-11,none,not assessed,short,repeated,0,no,24,middle,no,no,no,turning pitch 0 to 2 st below
Sunless 05,-3,49,3,F3,53,ʌ,derived from Bozeman bass,0.556,open,D#4,-9.5,below primo,-4,-9,none,not assessed,short,step,2,no,24,middle,no,no,no,
Sunless 05,-3,49,4,D#3,51,ɪ,derived from Bozeman bass,0.556,open,A#3,-6.54,below primo,-6,-11,3,not assessed,short,step,-2,no,24,middle,no,no,no,
Sunless 05,-3,50,1,G3,55,ɑ,Bozeman bass midpoint,0.278,open,D#4,-7.5,below primo,-2,-7,3,not assessed,short,leap-up,4,no,24,last,yes,no,no,highest of phrase
Sunless 05,-3,50,2,G3,55,ɑ,Bozeman bass midpoint,0.556,open,D#4,-7.5,below primo,-2,-7,3,not assessed,short,repeated,0,yes,25,first,no,no,no,
Sunless 05,-3,50,3,G#3,56,u,Bozeman bass midpoint,0.556,close,D#3,4.5,below primo,-1,-6,none,not assessed,short,step,1,no,25,middle,yes,no,no,highest of phrase
Sunless 05,-3,50,4,B2,47,ʌ,derived from Bozeman bass,0.556,open,D#4,-15.5,below primo,-10,-15,5,not assessed,short,leap-down,-9,no,25,middle,no,no,no,
Sunless 05,-3,51,1,C#3,49,o,Bozeman bass midpoint,0.278,open,A3,-8,below primo,-8,-13,none,not assessed,short,step,2,no,25,middle,no,no,no,
Sunless 05,-3,51,1.5,B2,47,ɑ,Bozeman bass midpoint,0.278,open,D#4,-15.5,below primo,-10,-15,5,not assessed,short,step,-2,no,25,middle,no,no,no,
Sunless 05,-3,51,2,D#3,51,ɑ,Bozeman bass midpoint,0.278,open,D#4,-11.5,below primo,-6,-11,4,not assessed,short,leap-up,4,no,25,middle,no,no,no,
Sunless 05,-3,51,2.5,F#3,54,ɨ,derived from Bozeman bass,0.278,open,G#3,-2.39,below primo,-3,-8,none,not assessed,short,leap-up,3,no,25,middle,no,no,no,
Sunless 05,-3,51,3,G#3,56,ɑ,Bozeman bass midpoint,0.556,open,D#4,-6.5,below primo,-1,-6,none,not assessed,short,step,2,no,25,last,yes,no,no,highest of phrase
Sunless 05,-3,51,4.5,G#3,56,ɨ,derived from Bozeman bass,0.278,open,G#3,-0.39,below primo,-1,-6,none,not assessed,short,repeated,0,yes,26,first,yes,no,no,highest of phrase
Sunless 05,-3,52,1,D#3,51,ɑ,Bozeman bass midpoint,0.278,open,D#4,-11.5,below primo,-6,-11,4,not assessed,short,leap-down,-5,no,26,middle,no,no,no,
Sunless 05,-3,52,1.5,D#3,51,ɪ,derived from Bozeman bass,0.278,open,A#3,-6.54,below primo,-6,-11,3,not assessed,short,repeated,0,no,26,middle,no,no,no,
Sunless 05,-3,52,2,C#3,49,ɛ,Bozeman bass midpoint,0.278,open,C4,-11.5,below primo,-8,-13,none,not assessed,short,step,-2,no,26,middle,no,no,no,
Sunless 05,-3,52,2.5,C3,48,ɨ,derived from Bozeman bass,0.278,open,G#3,-8.39,below primo,-9,-14,none,not assessed,short,step,-1,no,26,middle,no,no,no,
Sunless 05,-3,52,3,D#3,51,i,Bozeman bass midpoint,0.833,close,D#3,0,below primo,-6,-11,none,not assessed,short,leap-up,3,no,26,middle,no,no,no,turning pitch 0 to 2 st below
Sunless 05,-3,52,4.5,D#3,51,u,Bozeman bass midpoint,0.278,open,D#3,-0.5,below primo,-6,-11,none,not assessed,short,repeated,0,no,26,middle,no,no,no,
Sunless 05,-3,53,1,F3,53,ɑ,Bozeman bass midpoint,0.833,open,D#4,-9.5,below primo,-4,-9,none,not assessed,short,step,2,no,26,middle,no,no,no,
Sunless 05,-3,53,2.5,F3,53,ɪ,derived from Bozeman bass,0.278,open,A#3,-4.54,below primo,-4,-9,none,not assessed,short,repeated,0,no,26,middle,no,no,no,
Sunless 05,-3,53,3,F3,53,ɪ,derived from Bozeman bass,0.556,open,A#3,-4.54,below primo,-4,-9,none,not assessed,short,repeated,0,no,26,middle,no,no,no,
Sunless 05,-3,53,4,F3,53,ɑ,Bozeman bass midpoint,0.556,open,D#4,-9.5,below primo,-4,-9,none,not assessed,short,repeated,0,no,26,middle,no,no,no,
Sunless 05,-3,54,1,F#3,54,ɑ,Bozeman bass midpoint,1.111,open,D#4,-8.5,below primo,-3,-8,none,not assessed,short,step,1,no,26,middle,no,no,no,
Sunless 05,-3,54,3,D#3,51,ʌ,derived from Bozeman bass,0.278,open,D#4,-11.5,below primo,-6,-11,4,not assessed,short,leap-down,-3,no,26,last,no,no,no,
Sunless 05,-3,54,4,D#3,51,ɑ,Bozeman bass midpoint,0.556,open,D#4,-11.5,below primo,-6,-11,4,not assessed,short,repeated,0,yes,27,first,no,no,no,
Sunless 05,-3,55,1,D#3,51,u,Bozeman bass midpoint,0.833,open,D#3,-0.5,below primo,-6,-11,none,not assessed,short,repeated,0,no,27,middle,no,no,no,
Sunless 05,-3,55,2.5,D#3,51,u,Bozeman bass midpoint,0.278,open,D#3,-0.5,below primo,-6,-11,none,not assessed,short,repeated,0,no,27,middle,no,no,no,
Sunless 05,-3,55,3,G3,55,ʌ,derived from Bozeman bass,0.556,open,D#4,-7.5,below primo,-2,-7,3,not assessed,short,leap-up,4,no,27,middle,no,no,no,
Sunless 05,-3,55,4,A#3,58,ɑ,Bozeman bass midpoint,0.556,open,D#4,-4.5,inside,1,-4,none,not assessed,short,leap-up,3,no,27,middle,no,no,no,
Sunless 05,-3,56,1,B3,59,ɑ,Bozeman bass midpoint,0.556,open,D#4,-3.5,inside,2,-3,none,not assessed,short,step,1,no,27,middle,yes,no,no,highest of phrase
Sunless 05,-3,56,2,B3,59,ɑ,Bozeman bass midpoint,0.278,open,D#4,-3.5,inside,2,-3,none,not assessed,short,tie,0,no,27,last,yes,no,no,highest of phrase
Sunless 05,-3,56,4,B2,47,ɪ,derived from Bozeman bass,0.556,open,A#3,-10.54,below primo,-10,-15,none,not assessed,short,leap-down,-12,yes,28,first,no,no,no,
Sunless 05,-3,57,1,D#3,51,o,Bozeman bass midpoint,1.667,open,A3,-6,below primo,-6,-11,none,not assessed,short,leap-up,4,no,28,middle,no,no,no,
Sunless 05,-3,57,4,D#3,51,i,Bozeman bass midpoint,0.556,close,D#3,0,below primo,-6,-11,none,not assessed,short,repeated,0,no,28,middle,no,no,no,turning pitch 0 to 2 st below
Sunless 05,-3,58,1,D#3,51,ɪ,derived from Bozeman bass,1.111,open,A#3,-6.54,below primo,-6,-11,3,not assessed,short,repeated,0,no,28,middle,no,no,no,
Sunless 05,-3,58,3,G#3,56,ɑ,Bozeman bass midpoint,1.111,open,D#4,-6.5,below primo,-1,-6,none,not assessed,short,leap-up,5,no,28,middle,yes,no,no,highest of phrase
Sunless 05,-3,59,1,D#3,51,ɑ,Bozeman bass midpoint,1.111,open,D#4,-11.5,below primo,-6,-11,4,not assessed,short,leap-down,-5,no,28,middle,no,no,no,
Sunless 05,-3,59,3,D#3,51,ʌ,derived from Bozeman bass,0.556,open,D#4,-11.5,below primo,-6,-11,4,not assessed,short,repeated,0,no,28,last,no,no,no,
Sunless 06,-3,2,1,A#2,46,e,Bozeman bass midpoint,1,open,A3,-11,below primo,-11,-16,none,not assessed,short,first note,,,0,first,no,no,no,
Sunless 06,-3,2,3,C3,48,ɑ,Bozeman bass midpoint,0.5,open,D#4,-14.5,below primo,-9,-14,none,not assessed,short,step,2,no,0,middle,no,no,no,
Sunless 06,-3,2,4,D3,50,ɑ,Bozeman bass midpoint,0.5,open,D#4,-12.5,below primo,-7,-12,none,not assessed,short,step,2,no,0,middle,no,no,no,
Sunless 06,-3,3,1,D#3,51,u,Bozeman bass midpoint,1,open,D#3,-0.5,below primo,-6,-11,none,not assessed,short,step,1,no,0,middle,no,no,no,
Sunless 06,-3,3,3,C3,48,i,Bozeman bass midpoint,0.5,open,D#3,-3,below primo,-9,-14,none,not assessed,short,leap-down,-3,no,0,middle,no,no,no,
Sunless 06,-3,3,4,D#3,51,ɨ,derived from Bozeman bass,0.5,open,G#3,-5.39,below primo,-6,-11,none,not assessed,short,leap-up,3,no,0,middle,no,no,no,
Sunless 06,-3,4,1,F3,53,o,Bozeman bass midpoint,1,open,A3,-4,below primo,-4,-9,none,not assessed,short,step,2,no,0,middle,no,no,no,
Sunless 06,-3,4,3,F#3,54,ɨ,derived from Bozeman bass,0.5,open,G#3,-2.39,below primo,-3,-8,none,not assessed,short,step,1,no,0,middle,no,no,no,
Sunless 06,-3,4,4,F3,53,ɑ,Bozeman bass midpoint,0.5,open,D#4,-9.5,below primo,-4,-9,none,not assessed,short,step,-1,no,0,middle,no,no,no,
Sunless 06,-3,5,1,A#3,58,o,Bozeman bass midpoint,0.75,close,A3,1,inside,1,-4,none,not assessed,short,leap-up,5,no,0,middle,yes,no,no,highest of phrase; turning pitch 0 to 2 st below
Sunless 06,-3,5,2.5,D#3,51,i,Bozeman bass midpoint,0.25,close,D#3,0,below primo,-6,-11,none,not assessed,short,leap-down,-7,no,0,middle,no,no,no,turning pitch 0 to 2 st below
Sunless 06,-3,5,3,D#3,51,ɪ,derived from Bozeman bass,0.5,open,A#3,-6.54,below primo,-6,-11,3,not assessed,short,repeated,0,no,0,last,no,no,no,
Sunless 06,-3,6,1,F#3,54,i,Bozeman bass midpoint,1,close,D#3,3,below primo,-3,-8,none,not assessed,short,leap-up,3,yes,1,first,yes,no,no,highest of phrase
Sunless 06,-3,6,3,C#3,49,ɪ,derived from Bozeman bass,0.5,open,A#3,-8.54,below primo,-8,-13,none,not assessed,short,leap-down,-5,no,1,middle,no,no,no,
Sunless 06,-3,6,4,D#3,51,ʌ,derived from Bozeman bass,0.5,open,D#4,-11.5,below primo,-6,-11,4,not assessed,short,step,2,no,1,middle,no,no,no,
Sunless 06,-3,7,1,F#3,54,ɛ,Bozeman bass midpoint,1,open,C4,-6.5,below primo,-3,-8,none,not assessed,short,leap-up,3,no,1,middle,yes,no,no,highest of phrase
Sunless 06,-3,7,3,C#3,49,ɑ,Bozeman bass midpoint,0.25,open,D#4,-13.5,below primo,-8,-13,none,not assessed,short,leap-down,-5,no,1,last,no,no,no,
Sunless 06,-3,7,4,D#3,51,o,Bozeman bass midpoint,0.5,open,A3,-6,below primo,-6,-11,none,not assessed,short,step,2,yes,2,first,no,no,no,
Sunless 06,-3,8,1,F3,53,ɑ,Bozeman bass midpoint,1,open,D#4,-9.5,below primo,-4,-9,none,not assessed,short,step,2,no,2,middle,yes,no,no,highest of phrase
Sunless 06,-3,8,3,C3,48,i,Bozeman bass midpoint,0.5,open,D#3,-3,below primo,-9,-14,none,not assessed,short,leap-down,-5,no,2,middle,no,no,no,
Sunless 06,-3,8,4,D3,50,u,Bozeman bass midpoint,0.5,open,D#3,-1.5,below primo,-7,-12,none,not assessed,short,step,2,no,2,middle,no,no,no,
Sunless 06,-3,9,1,F3,53,u,Bozeman bass midpoint,0.75,close,D#3,1.5,below primo,-4,-9,none,not assessed,short,leap-up,3,no,2,middle,yes,no,no,highest of phrase; turning pitch 0 to 2 st below
Sunless 06,-3,9,2.5,D3,50,u,Bozeman bass midpoint,0.25,open,D#3,-1.5,below primo,-7,-12,none,not assessed,short,leap-down,-3,no,2,middle,no,no,no,
Sunless 06,-3,9,3,D3,50,none resolved,not assessed,0.5,not assessed,not assessed,not assessed,below primo,-7,-12,not assessed,not assessed,short,repeated,0,no,2,last,no,no,no,
Sunless 06,-3,10,1,F#3,54,o,Bozeman bass midpoint,1,open,A3,-3,below primo,-3,-8,none,not assessed,short,leap-up,4,yes,3,first,no,no,no,
Sunless 06,-3,10,3,C#3,49,ɑ,Bozeman bass midpoint,0.25,open,D#4,-13.5,below primo,-8,-13,none,not assessed,short,leap-down,-5,no,3,middle,no,no,no,
Sunless 06,-3,10,3.5,D#3,51,ɑ,Bozeman bass midpoint,0.25,open,D#4,-11.5,below primo,-6,-11,4,not assessed,short,step,2,no,3,middle,no,no,no,
Sunless 06,-3,10,4,C#3,49,ɑ,Bozeman bass midpoint,0.25,open,D#4,-13.5,below primo,-8,-13,none,not assessed,short,step,-2,no,3,middle,no,no,no,
Sunless 06,-3,10,4.5,A#2,46,ɑ,Bozeman bass midpoint,0.25,open,D#4,-16.5,below primo,-11,-16,none,not assessed,short,leap-down,-3,no,3,middle,no,no,no,
Sunless 06,-3,11,1,F3,53,u,Bozeman bass midpoint,0.5,close,D#3,1.5,below primo,-4,-9,none,not assessed,short,leap-up,7,no,3,middle,no,no,no,turning pitch 0 to 2 st below
Sunless 06,-3,11,2,G3,55,u,Bozeman bass midpoint,0.5,close,D#3,3.5,below primo,-2,-7,none,not assessed,short,step,2,no,3,middle,yes,no,no,highest of phrase
Sunless 06,-3,11,3,D3,50,ɑ,Bozeman bass midpoint,0.25,open,D#4,-12.5,below primo,-7,-12,none,not assessed,short,leap-down,-5,no,3,last,no,no,no,
Sunless 06,-3,11,4,F3,53,ɑ,Bozeman bass midpoint,0.5,open,D#4,-9.5,below primo,-4,-9,none,not assessed,short,leap-up,3,yes,4,first,no,no,no,
Sunless 06,-3,12,1,F#3,54,o,Bozeman bass midpoint,1,open,A3,-3,below primo,-3,-8,none,not assessed,short,step,1,no,4,middle,no,no,no,
Sunless 06,-3,12,3,C#3,49,ɨ,derived from Bozeman bass,0.25,open,G#3,-7.39,below primo,-8,-13,3,not assessed,short,leap-down,-5,no,4,middle,no,no,no,
Sunless 06,-3,12,3.5,D#3,51,ɨ,derived from Bozeman bass,0.25,open,G#3,-5.39,below primo,-6,-11,none,not assessed,short,step,2,no,4,middle,no,no,no,
Sunless 06,-3,12,4,C#3,49,u,Bozeman bass midpoint,0.25,open,D#3,-2.5,below primo,-8,-13,none,not assessed,short,step,-2,no,4,middle,no,no,no,
Sunless 06,-3,12,4.5,A#2,46,u,Bozeman bass midpoint,0.25,open,D#3,-5.5,below primo,-11,-16,none,not assessed,short,leap-down,-3,no,4,middle,no,no,no,
Sunless 06,-3,13,1,F3,53,o,Bozeman bass midpoint,0.5,open,A3,-4,below primo,-4,-9,none,not assessed,short,leap-up,7,no,4,middle,no,no,no,
Sunless 06,-3,13,2,G3,55,o,Bozeman bass midpoint,0.25,open,A3,-2,below primo,-2,-7,none,not assessed,short,step,2,no,4,middle,yes,no,no,highest of phrase
Sunless 06,-3,13,2.5,D3,50,i,Bozeman bass midpoint,0.25,open,D#3,-1,below primo,-7,-12,none,not assessed,short,leap-down,-5,no,4,middle,no,no,no,
Sunless 06,-3,13,3,D3,50,ɪ,derived from Bozeman bass,0.5,open,A#3,-7.54,below primo,-7,-12,none,not assessed,short,repeated,0,no,4,last,no,no,no,
Sunless 06,-3,14,1,D#3,51,ɑ,Bozeman bass midpoint,1,open,D#4,-11.5,below primo,-6,-11,4,not assessed,short,step,1,yes,5,first,no,no,no,
Sunless 06,-3,14,3,C#3,49,ɨ,derived from Bozeman bass,0.5,open,G#3,-7.39,below primo,-8,-13,3,not assessed,short,step,-2,no,5,middle,no,no,no,
Sunless 06,-3,14,4,B2,47,ɑ,Bozeman bass midpoint,0.5,open,D#4,-15.5,below primo,-10,-15,5,not assessed,short,step,-2,no,5,middle,no,no,no,
Sunless 06,-3,15,1,D#3,51,ɛ,Bozeman bass midpoint,1,open,C4,-9.5,below primo,-6,-11,none,not assessed,short,leap-up,4,no,5,middle,no,no,no,
Sunless 06,-3,15,3,C#3,49,ɨ,derived from Bozeman bass,0.5,open,G#3,-7.39,below primo,-8,-13,3,not assessed,short,step,-2,no,5,middle,no,no,no,
Sunless 06,-3,15,4,B2,47,ɪ,derived from Bozeman bass,0.5,open,A#3,-10.54,below primo,-10,-15,none,not assessed,short,step,-2,no,5,middle,no,no,no,
Sunless 06,-3,16,1,A#2,46,ɛ,Bozeman bass midpoint,0.5,open,C4,-14.5,below primo,-11,-16,none,not assessed,short,step,-1,no,5,middle,no,no,no,
Sunless 06,-3,16,2,A#3,58,ɛ,Bozeman bass midpoint,0.5,open,C4,-2.5,inside,1,-4,none,not assessed,short,leap-up,12,no,5,middle,yes,no,no,highest of phrase
Sunless 06,-3,16,3,F#3,54,ɨ,derived from Bozeman bass,0.5,open,G#3,-2.39,below primo,-3,-8,none,not assessed,short,leap-down,-4,no,5,middle,no,no,no,
Sunless 06,-3,16,4,D3,50,i,Bozeman bass midpoint,0.5,open,D#3,-1,below primo,-7,-12,none,not assessed,short,leap-down,-4,no,5,middle,no,no,no,
Sunless 06,-3,17,1,A#2,46,u,Bozeman bass midpoint,0.75,open,D#3,-5.5,below primo,-11,-16,none,not assessed,short,leap-down,-4,no,5,middle,no,no,no,
Sunless 06,-3,17,2.5,C3,48,u,Bozeman bass midpoint,0.25,open,D#3,-3.5,below primo,-9,-14,none,not assessed,short,step,2,no,5,middle,no,no,no,
Sunless 06,-3,17,3,D3,50,none resolved,not assessed,0.5,not assessed,not assessed,not assessed,below primo,-7,-12,not assessed,not assessed,short,step,2,no,5,last,no,no,no,
Sunless 06,-3,18,1,A#3,58,ɛ,Bozeman bass midpoint,1,open,C4,-2.5,inside,1,-4,none,not assessed,short,leap-up,8,yes,6,first,yes,no,no,highest of phrase
Sunless 06,-3,18,3,A3,57,u,Bozeman bass midpoint,0.25,close,D#3,5.5,inside,0,-5,none,not assessed,short,step,-1,no,6,last,no,no,no,
Sunless 06,-3,18,4,D3,50,ɑ,Bozeman bass midpoint,0.5,open,D#4,-12.5,below primo,-7,-12,none,not assessed,short,leap-down,-7,yes,7,first,no,no,no,
Sunless 06,-3,19,1,F3,53,ɑ,Bozeman bass midpoint,1,open,D#4,-9.5,below primo,-4,-9,none,not assessed,short,leap-up,3,no,7,middle,yes,no,no,highest of phrase
Sunless 06,-3,19,3,A#2,46,none resolved,not assessed,0.25,not assessed,not assessed,not assessed,below primo,-11,-16,not assessed,not assessed,short,leap-down,-7,no,7,last,no,no,no,
Sunless 06,-3,19,4,D3,50,ɑ,Bozeman bass midpoint,0.25,open,D#4,-12.5,below primo,-7,-12,none,not assessed,short,leap-up,4,yes,8,first,no,no,no,
Sunless 06,-3,19,4.5,F3,53,ɑ,Bozeman bass midpoint,0.25,open,D#4,-9.5,below primo,-4,-9,none,not assessed,short,leap-up,3,no,8,middle,no,no,no,
Sunless 06,-3,20,1,A#3,58,ɑ,Bozeman bass midpoint,1,open,D#4,-4.5,inside,1,-4,none,not assessed,short,leap-up,5,no,8,middle,yes,no,no,highest of phrase
Sunless 06,-3,20,3,A3,57,e,Bozeman bass midpoint,0.25,open,A3,0,inside,0,-5,none,not assessed,short,step,-1,no,8,middle,no,no,no,
Sunless 06,-3,20,3.5,A#3,58,e,Bozeman bass midpoint,0.25,close,A3,1,inside,1,-4,none,not assessed,short,step,1,no,8,middle,yes,no,no,highest of phrase; turning pitch 0 to 2 st below
Sunless 06,-3,20,4,A3,57,o,Bozeman bass midpoint,0.25,open,A3,0,inside,0,-5,none,not assessed,short,step,-1,no,8,middle,no,no,no,
Sunless 06,-3,20,4.5,D3,50,o,Bozeman bass midpoint,0.25,open,A3,-7,below primo,-7,-12,3,not assessed,short,leap-down,-7,no,8,middle,no,no,no,
Sunless 06,-3,21,1,G3,55,ɛ,Bozeman bass midpoint,0.5,open,C4,-5.5,below primo,-2,-7,none,not assessed,short,leap-up,5,no,8,middle,no,no,no,
Sunless 06,-3,21,2,F3,53,ɨ,derived from Bozeman bass,0.25,open,G#3,-3.39,below primo,-4,-9,none,not assessed,short,step,-2,no,8,middle,no,no,no,
Sunless 06,-3,21,2.5,E3,52,ɨ,derived from Bozeman bass,0.25,open,G#3,-4.39,below primo,-5,-10,none,not assessed,short,step,-1,no,8,middle,no,no,no,
Sunless 06,-3,21,3,D3,50,ɪ,derived from Bozeman bass,0.5,open,A#3,-7.54,below primo,-7,-12,none,not assessed,short,step,-2,no,8,last,no,no,no,
Sunless 06,-3,22,1,D#3,51,o,Bozeman bass midpoint,1,open,A3,-6,below primo,-6,-11,none,not assessed,short,step,1,yes,9,first,no,no,no,
Sunless 06,-3,22,3,F#3,54,ʌ,derived from Bozeman bass,0.5,open,D#4,-8.5,below primo,-3,-8,none,not assessed,short,leap-up,3,no,9,middle,no,no,no,
Sunless 06,-3,22,4,G3,55,i,Bozeman bass midpoint,0.5,close,D#3,4,below primo,-2,-7,none,not assessed,short,step,1,no,9,middle,no,no,no,
Sunless 06,-3,23,1,G3,55,o,Bozeman bass midpoint,1,open,A3,-2,below primo,-2,-7,none,not assessed,short,repeated,0,no,9,middle,no,no,no,
Sunless 06,-3,23,3,F#3,54,ʌ,derived from Bozeman bass,0.5,open,D#4,-8.5,below primo,-3,-8,none,not assessed,short,step,-1,no,9,middle,no,no,no,
Sunless 06,-3,23,4,F3,53,ɪ,derived from Bozeman bass,0.5,open,A#3,-4.54,below primo,-4,-9,none,not assessed,short,step,-1,no,9,middle,no,no,no,
Sunless 06,-3,24,1,G#3,56,i,Bozeman bass midpoint,0.5,close,D#3,5,below primo,-1,-6,none,not assessed,short,leap-up,3,no,9,middle,no,no,no,
Sunless 06,-3,24,2,A#3,58,i,Bozeman bass midpoint,0.5,close,D#3,7,inside,1,-4,none,not assessed,short,step,2,no,9,middle,yes,no,no,highest of phrase
Sunless 06,-3,24,3,F#3,54,ɨ,derived from Bozeman bass,0.5,open,G#3,-2.39,below primo,-3,-8,none,not assessed,short,leap-down,-4,no,9,middle,no,no,no,
Sunless 06,-3,24,4,D3,50,ɑ,Bozeman bass midpoint,0.5,open,D#4,-12.5,below primo,-7,-12,none,not assessed,short,leap-down,-4,no,9,middle,no,no,no,
Sunless 06,-3,25,1,F3,53,u,Bozeman bass midpoint,0.75,close,D#3,1.5,below primo,-4,-9,none,not assessed,short,leap-up,3,no,9,middle,no,no,no,turning pitch 0 to 2 st below
Sunless 06,-3,25,2.5,D3,50,u,Bozeman bass midpoint,0.25,open,D#3,-1.5,below primo,-7,-12,none,not assessed,short,leap-down,-3,no,9,middle,no,no,no,
Sunless 06,-3,25,3,D3,50,e,Bozeman bass midpoint,0.5,open,A3,-7,below primo,-7,-12,3,not assessed,short,repeated,0,no,9,last,no,no,no,
Sunless 06,-3,26,1,G#3,56,ɨ,derived from Bozeman bass,1,open,G#3,-0.39,below primo,-1,-6,none,not assessed,short,leap-up,6,yes,10,first,yes,no,no,highest of phrase
Sunless 06,-3,26,3,F#3,54,ɑ,Bozeman bass midpoint,0.5,open,D#4,-8.5,below primo,-3,-8,none,not assessed,short,step,-2,no,10,middle,no,no,no,
Sunless 06,-3,26,4,D#3,51,none resolved,not assessed,0.5,not assessed,not assessed,not assessed,below primo,-6,-11,not assessed,not assessed,short,leap-down,-3,no,10,middle,no,no,no,
Sunless 06,-3,27,1,F#3,54,u,Bozeman bass midpoint,1,close,D#3,2.5,below primo,-3,-8,none,not assessed,short,leap-up,3,no,10,middle,no,no,no,
Sunless 06,-3,27,3,F3,53,ɨ,derived from Bozeman bass,0.25,open,G#3,-3.39,below primo,-4,-9,none,not assessed,short,step,-1,no,10,last,no,no,no,
Sunless 06,-3,27,4,A#3,58,i,Bozeman bass midpoint,0.5,close,D#3,7,inside,1,-4,none,not assessed,short,leap-up,5,yes,11,first,no,no,no,
Sunless 06,-3,28,1,B3,59,ɑ,Bozeman bass midpoint,1,open,D#4,-3.5,inside,2,-3,none,not assessed,short,step,1,no,11,middle,yes,no,no,highest of phrase
Sunless 06,-3,28,3,A3,57,i,Bozeman bass midpoint,0.5,close,D#3,6,inside,0,-5,none,not assessed,short,step,-2,no,11,middle,no,no,no,
Sunless 06,-3,28,4,F#3,54,ɛ,Bozeman bass midpoint,0.5,open,C4,-6.5,below primo,-3,-8,none,not assessed,short,leap-down,-3,no,11,middle,no,no,no,
Sunless 06,-3,29,1,A3,57,ɛ,Bozeman bass midpoint,0.75,open,C4,-3.5,inside,0,-5,none,not assessed,short,leap-up,3,no,11,middle,no,no,no,
Sunless 06,-3,29,2.5,F#3,54,ɨ,derived from Bozeman bass,0.25,open,G#3,-2.39,below primo,-3,-8,none,not assessed,short,leap-down,-3,no,11,middle,no,no,no,
Sunless 06,-3,29,3,F3,53,ɛ,Bozeman bass midpoint,0.5,open,C4,-7.5,below primo,-4,-9,3,not assessed,short,step,-1,no,11,last,no,no,no,
Sunless 06,-3,30,1,C3,48,o,Bozeman bass midpoint,0.5,open,A3,-9,below primo,-9,-14,none,not assessed,short,leap-down,-5,yes,12,first,no,no,no,
Sunless 06,-3,30,2,D#3,51,o,Bozeman bass midpoint,0.5,open,A3,-6,below primo,-6,-11,none,not assessed,short,leap-up,3,no,12,middle,no,no,no,
Sunless 06,-3,30,3,F#3,54,ʌ,derived from Bozeman bass,0.5,open,D#4,-8.5,below primo,-3,-8,none,not assessed,short,leap-up,3,no,12,middle,no,no,no,
Sunless 06,-3,30,4,D3,50,i,Bozeman bass midpoint,0.25,open,D#3,-1,below primo,-7,-12,none,not assessed,short,leap-down,-4,no,12,middle,no,no,no,
Sunless 06,-3,30,4.5,F3,53,i,Bozeman bass midpoint,0.25,close,D#3,2,below primo,-4,-9,none,not assessed,short,leap-up,3,no,12,middle,no,no,no,
Sunless 06,-3,31,1,G#3,56,ɛ,Bozeman bass midpoint,0.75,open,C4,-4.5,below primo,-1,-6,none,not assessed,short,leap-up,3,no,12,middle,yes,no,no,highest of phrase
Sunless 06,-3,31,2.5,D3,50,ʌ,derived from Bozeman bass,0.25,open,D#4,-12.5,below primo,-7,-12,none,not assessed,short,leap-down,-6,no,12,middle,no,no,no,
Sunless 06,-3,31,3,D3,50,ɨ,derived from Bozeman bass,0.5,open,G#3,-6.39,below primo,-7,-12,none,not assessed,short,repeated,0,no,12,last,no,no,no,
Sunless 06,-3,32,1,A#3,58,u,Bozeman bass midpoint,1,close,D#3,6.5,inside,1,-4,none,not assessed,short,leap-up,8,yes,13,first,yes,no,no,highest of phrase
Sunless 06,-3,32,3,F#3,54,u,Bozeman bass midpoint,0.5,close,D#3,2.5,below primo,-3,-8,none,not assessed,short,leap-down,-4,no,13,middle,no,no,no,
Sunless 06,-3,32,4,D3,50,ɑ,Bozeman bass midpoint,0.5,open,D#4,-12.5,below primo,-7,-12,none,not assessed,short,leap-down,-4,no,13,middle,no,no,no,
Sunless 06,-3,33,1,F3,53,u,Bozeman bass midpoint,0.75,close,D#3,1.5,below primo,-4,-9,none,not assessed,short,leap-up,3,no,13,middle,no,no,no,turning pitch 0 to 2 st below
Sunless 06,-3,33,2.5,A#2,46,u,Bozeman bass midpoint,0.25,open,D#3,-5.5,below primo,-11,-16,none,not assessed,short,leap-down,-7,no,13,middle,no,no,no,
Sunless 06,-3,33,3,A#2,46,i,Bozeman bass midpoint,0.5,open,D#3,-5,below primo,-11,-16,none,not assessed,short,repeated,0,no,13,last,no,no,no,
Sunless 06,-3,34,1,D#3,51,ɛ,Bozeman bass midpoint,1,open,C4,-9.5,below primo,-6,-11,none,not assessed,short,leap-up,5,yes,14,first,yes,no,no,highest of phrase
Sunless 06,-3,34,3,C3,48,ɨ,derived from Bozeman bass,0.5,open,G#3,-8.39,below primo,-9,-14,none,not assessed,short,leap-down,-3,no,14,last,no,no,no,
Sunless 06,-3,34,4.5,D#3,51,u,Bozeman bass midpoint,0.25,open,D#3,-0.5,below primo,-6,-11,none,not assessed,short,leap-up,3,yes,15,first,no,no,no,
Sunless 06,-3,35,1,F#3,54,ɑ,Bozeman bass midpoint,1,open,D#4,-8.5,below primo,-3,-8,none,not assessed,short,leap-up,3,no,15,middle,yes,no,no,highest of phrase
Sunless 06,-3,35,3,D#3,51,ɪ,derived from Bozeman bass,0.25,open,A#3,-6.54,below primo,-6,-11,3,not assessed,short,leap-down,-3,no,15,last,no,no,no,
Sunless 06,-3,35,4.5,D#3,51,ʌ,derived from Bozeman bass,0.25,open,D#4,-11.5,below primo,-6,-11,4,not assessed,short,repeated,0,yes,16,first,no,no,no,
Sunless 06,-3,36,1,G#3,56,ɑ,Bozeman bass midpoint,1,open,D#4,-6.5,below primo,-1,-6,none,not assessed,short,leap-up,5,no,16,middle,yes,no,no,highest of phrase
Sunless 06,-3,36,3,F3,53,i,Bozeman bass midpoint,0.5,close,D#3,2,below primo,-4,-9,none,not assessed,short,leap-down,-3,no,16,middle,no,no,no,
Sunless 06,-3,36,4,G#3,56,ɑ,Bozeman bass midpoint,0.5,open,D#4,-6.5,below primo,-1,-6,none,not assessed,short,leap-up,3,no,16,middle,yes,no,no,highest of phrase
Sunless 06,-3,37,1,G3,55,e,Bozeman bass midpoint,0.75,open,A3,-2,below primo,-2,-7,none,not assessed,short,step,-1,no,16,middle,no,no,no,
Sunless 06,-3,37,2.5,C3,48,i,Bozeman bass midpoint,0.25,open,D#3,-3,below primo,-9,-14,none,not assessed,short,leap-down,-7,no,16,middle,no,no,no,
Sunless 06,-3,37,3,C3,48,ɪ,derived from Bozeman bass,0.5,open,A#3,-9.54,below primo,-9,-14,none,not assessed,short,repeated,0,no,16,last,no,no,no,
Sunless 06,-3,38,3,F#3,54,u,Bozeman bass midpoint,0.5,close,D#3,2.5,below primo,-3,-8,none,not assessed,short,leap-up,6,yes,17,first,no,no,no,
Sunless 06,-3,38,4,D3,50,ɑ,Bozeman bass midpoint,0.25,open,D#4,-12.5,below primo,-7,-12,none,not assessed,short,leap-down,-4,no,17,middle,no,no,no,
Sunless 06,-3,38,4.5,F3,53,e,Bozeman bass midpoint,0.25,open,A3,-4,below primo,-4,-9,none,not assessed,short,leap-up,3,no,17,middle,no,no,no,
Sunless 06,-3,39,1,G#3,56,i,Bozeman bass midpoint,0.75,close,D#3,5,below primo,-1,-6,none,not assessed,short,leap-up,3,no,17,middle,yes,no,no,highest of phrase
Sunless 06,-3,39,2.5,F3,53,i,Bozeman bass midpoint,0.25,close,D#3,2,below primo,-4,-9,none,not assessed,short,leap-down,-3,no,17,middle,no,no,no,
Sunless 06,-3,39,3,F3,53,o,Bozeman bass midpoint,0.5,open,A3,-4,below primo,-4,-9,none,not assessed,short,repeated,0,no,17,last,no,no,no,
Sunless 06,-3,40,1,A#3,58,none resolved,not assessed,1,not assessed,not assessed,not assessed,inside,1,-4,not assessed,not assessed,short,leap-up,5,yes,18,first,yes,no,no,highest of phrase
Sunless 06,-3,40,3,F#3,54,none resolved,not assessed,0.5,not assessed,not assessed,not assessed,below primo,-3,-8,not assessed,not assessed,short,leap-down,-4,no,18,middle,no,no,no,
Sunless 06,-3,40,4,D3,50,none resolved,not assessed,0.5,not assessed,not assessed,not assessed,below primo,-7,-12,not assessed,not assessed,short,leap-down,-4,no,18,middle,no,no,no,
Sunless 06,-3,41,1,F3,53,none resolved,not assessed,0.75,not assessed,not assessed,not assessed,below primo,-4,-9,not assessed,not assessed,short,leap-up,3,no,18,middle,no,no,no,
Sunless 06,-3,41,2.5,D3,50,none resolved,not assessed,0.25,not assessed,not assessed,not assessed,below primo,-7,-12,not assessed,not assessed,short,leap-down,-3,no,18,middle,no,no,no,
Sunless 06,-3,41,3,D3,50,none resolved,not assessed,0.5,not assessed,not assessed,not assessed,below primo,-7,-12,not assessed,not assessed,short,repeated,0,no,18,last,no,no,no,
Sunless 06,-3,42,3,F#3,54,none resolved,not assessed,0.5,not assessed,not assessed,not assessed,below primo,-3,-8,not assessed,not assessed,short,leap-up,4,yes,19,first,no,no,no,
Sunless 06,-3,42,4,D3,50,none resolved,not assessed,0.25,not assessed,not assessed,not assessed,below primo,-7,-12,not assessed,not assessed,short,leap-down,-4,no,19,middle,no,no,no,
Sunless 06,-3,42,4.5,F3,53,none resolved,not assessed,0.25,not assessed,not assessed,not assessed,below primo,-4,-9,not assessed,not assessed,short,leap-up,3,no,19,middle,no,no,no,
Sunless 06,-3,43,1,G#3,56,none resolved,not assessed,0.5,not assessed,not assessed,not assessed,below primo,-1,-6,not assessed,not assessed,short,leap-up,3,no,19,last,yes,no,no,highest of phrase
Sunless 06,-3,43,3,A3,57,none resolved,not assessed,0.75,not assessed,not assessed,not assessed,inside,0,-5,not assessed,not assessed,short,step,1,yes,20,first,no,no,no,
Sunless 06,-3,43,4.5,A#3,58,none resolved,not assessed,0.25,not assessed,not assessed,not assessed,inside,1,-4,not assessed,not assessed,short,step,1,no,20,middle,yes,no,no,highest of phrase
Sunless 06,-3,44,1,A#3,58,none resolved,not assessed,1,not assessed,not assessed,not assessed,inside,1,-4,not assessed,not assessed,short,repeated,0,no,20,middle,yes,no,no,highest of phrase
Sunless 06,-3,44,3,F#3,54,none resolved,not assessed,0.5,not assessed,not assessed,not assessed,below primo,-3,-8,not assessed,not assessed,short,leap-down,-4,no,20,middle,no,no,no,
Sunless 06,-3,44,4,D3,50,none resolved,not assessed,0.5,not assessed,not assessed,not assessed,below primo,-7,-12,not assessed,not assessed,short,leap-down,-4,no,20,middle,no,no,no,
Sunless 06,-3,45,1,A#2,46,none resolved,not assessed,0.75,not assessed,not assessed,not assessed,below primo,-11,-16,not assessed,not assessed,short,leap-down,-4,no,20,middle,no,no,no,
Sunless 06,-3,45,2.5,C3,48,none resolved,not assessed,0.25,not assessed,not assessed,not assessed,below primo,-9,-14,not assessed,not assessed,short,step,2,no,20,middle,no,no,no,
Sunless 06,-3,45,3,D3,50,none resolved,not assessed,0.5,not assessed,not assessed,not assessed,below primo,-7,-12,not assessed,not assessed,short,step,2,no,20,last,no,no,no,
Sunless 06,-3,46,1,C3,48,none resolved,not assessed,0.5,not assessed,not assessed,not assessed,below primo,-9,-14,not assessed,not assessed,short,step,-2,yes,21,first,no,no,no,
Sunless 06,-3,46,2,D#3,51,none resolved,not assessed,0.5,not assessed,not assessed,not assessed,below primo,-6,-11,not assessed,not assessed,short,leap-up,3,no,21,middle,no,no,no,
Sunless 06,-3,46,3,F#3,54,none resolved,not assessed,0.5,not assessed,not assessed,not assessed,below primo,-3,-8,not assessed,not assessed,short,leap-up,3,no,21,middle,no,no,no,
Sunless 06,-3,46,4,D3,50,none resolved,not assessed,0.25,not assessed,not assessed,not assessed,below primo,-7,-12,not assessed,not assessed,short,leap-down,-4,no,21,middle,no,no,no,
Sunless 06,-3,46,4.5,F3,53,none resolved,not assessed,0.25,not assessed,not assessed,not assessed,below primo,-4,-9,not assessed,not assessed,short,leap-up,3,no,21,middle,no,no,no,
Sunless 06,-3,47,1,G#3,56,none resolved,not assessed,0.5,not assessed,not assessed,not assessed,below primo,-1,-6,not assessed,not assessed,short,leap-up,3,no,21,middle,yes,no,no,highest of phrase
Sunless 06,-3,47,2,G#3,56,none resolved,not assessed,0.25,not assessed,not assessed,not assessed,below primo,-1,-6,not assessed,not assessed,short,tie,0,no,21,last,yes,no,no,highest of phrase
Sunless 06,-3,47,3,A3,57,none resolved,not assessed,0.5,not assessed,not assessed,not assessed,inside,0,-5,not assessed,not assessed,short,step,1,yes,22,first,no,no,no,
Sunless 06,-3,47,4,A#3,58,none resolved,not assessed,0.5,not assessed,not assessed,not assessed,inside,1,-4,not assessed,not assessed,short,step,1,no,22,middle,yes,no,no,highest of phrase
Sunless 06,-3,48,1,F#3,54,none resolved,not assessed,1,not assessed,not assessed,not assessed,below primo,-3,-8,not assessed,not assessed,short,leap-down,-4,no,22,middle,no,no,no,
Sunless 06,-3,48,3,D3,50,none resolved,not assessed,0.5,not assessed,not assessed,not assessed,below primo,-7,-12,not assessed,not assessed,short,leap-down,-4,no,22,middle,no,no,no,
Sunless 06,-3,48,4,B2,47,none resolved,not assessed,0.5,not assessed,not assessed,not assessed,below primo,-10,-15,not assessed,not assessed,short,leap-down,-3,no,22,middle,no,no,no,
Sunless 06,-3,49,1,A#2,46,none resolved,not assessed,0.75,not assessed,not assessed,not assessed,below primo,-11,-16,not assessed,not assessed,short,step,-1,no,22,middle,no,no,no,
Sunless 06,-3,49,2.5,A#2,46,none resolved,not assessed,0.25,not assessed,not assessed,not assessed,below primo,-11,-16,not assessed,not assessed,short,repeated,0,no,22,middle,no,no,no,
Sunless 06,-3,49,3,A#2,46,none resolved,not assessed,0.5,not assessed,not assessed,not assessed,below primo,-11,-16,not assessed,not assessed,short,repeated,0,no,22,last,no,no,no,
Kabalevsky T01,-2,4,3,A#2,46,i,Bozeman bass midpoint,0.952,open,D#3,-5,below primo,-11,-16,none,not assessed,short,first note,,,0,first,no,no,no,
Kabalevsky T01,-2,5,1,A#2,46,ɛ,Bozeman bass midpoint,1.905,open,C4,-14.5,below primo,-11,-16,none,not assessed,short,repeated,0,no,0,middle,no,no,no,
Kabalevsky T01,-2,5,3,C3,48,i,Bozeman bass midpoint,0.952,open,D#3,-3,below primo,-9,-14,none,not assessed,short,step,2,no,0,middle,no,no,no,
Kabalevsky T01,-2,6,1,C3,48,ɑ,Bozeman bass midpoint,1.905,open,D#4,-14.5,below primo,-9,-14,none,not assessed,short,repeated,0,no,0,middle,no,no,no,
Kabalevsky T01,-2,6,3,D3,50,i,Bozeman bass midpoint,0.952,open,D#3,-1,below primo,-7,-12,none,not assessed,short,step,2,no,0,middle,no,no,no,
Kabalevsky T01,-2,7,1,D3,50,o,Bozeman bass midpoint,1.429,open,A3,-7,below primo,-7,-12,3,not assessed,short,repeated,0,no,0,middle,no,no,no,
Kabalevsky T01,-2,7,2.5,D#3,51,none resolved,not assessed,0.476,not assessed,not assessed,not assessed,below primo,-6,-11,not assessed,not assessed,short,step,1,no,0,middle,no,no,no,
Kabalevsky T01,-2,7,3,F3,53,ʌ,derived from Bozeman bass,0.476,open,D#4,-9.5,below primo,-4,-9,none,not assessed,short,step,2,no,0,middle,no,no,no,
Kabalevsky T01,-2,7,3.5,D#3,51,ɑ,Bozeman bass midpoint,0.476,open,D#4,-11.5,below primo,-6,-11,4,not assessed,short,step,-2,no,0,middle,no,no,no,
Kabalevsky T01,-2,8,1,G3,55,i,Bozeman bass midpoint,1.905,close,D#3,4,below primo,-2,-7,none,not assessed,short,leap-up,4,no,0,middle,no,no,no,
Kabalevsky T01,-2,8,3,C3,48,i,Bozeman bass midpoint,0.952,open,D#3,-3,below primo,-9,-14,none,not assessed,short,leap-down,-7,no,0,middle,no,no,no,
Kabalevsky T01,-2,9,1,G#3,56,ɛ,Bozeman bass midpoint,1.905,open,C4,-4.5,below primo,-1,-6,none,not assessed,short,leap-up,8,no,0,middle,yes,no,no,highest of phrase
Kabalevsky T01,-2,9,3,D#3,51,i,Bozeman bass midpoint,0.952,close,D#3,0,below primo,-6,-11,none,not assessed,short,leap-down,-5,no,0,middle,no,no,no,turning pitch 0 to 2 st below
Kabalevsky T01,-2,10,1,D3,50,ɑ,Bozeman bass midpoint,1.905,open,D#4,-12.5,below primo,-7,-12,none,not assessed,short,step,-1,no,0,last,no,no,no,
Kabalevsky T01,-2,10,3,A#2,46,ɪ,derived from Bozeman bass,0.952,open,A#3,-11.54,below primo,-11,-16,4,not assessed,short,leap-down,-4,no,1,first,no,no,no,
Kabalevsky T01,-2,11,1,A#3,58,ɑ,Bozeman bass midpoint,1.429,open,D#4,-4.5,inside,1,-4,none,not assessed,short,leap-up,12,no,1,middle,yes,no,no,highest of phrase
Kabalevsky T01,-2,11,2.5,G3,55,u,Bozeman bass midpoint,0.476,close,D#3,3.5,below primo,-2,-7,none,not assessed,short,leap-down,-3,no,1,middle,no,no,no,
Kabalevsky T01,-2,11,3,G3,55,u,Bozeman bass midpoint,0.476,close,D#3,3.5,below primo,-2,-7,none,not assessed,short,repeated,0,no,1,middle,no,no,no,
Kabalevsky T01,-2,11,3.5,F3,53,o,Bozeman bass midpoint,0.476,open,A3,-4,below primo,-4,-9,none,not assessed,short,step,-2,no,1,middle,no,no,no,
Kabalevsky T01,-2,12,1,G3,55,i,Bozeman bass midpoint,1.905,close,D#3,4,below primo,-2,-7,none,not assessed,short,step,2,no,1,middle,no,no,no,
Kabalevsky T01,-2,12,3,G3,55,ɨ,derived from Bozeman bass,0.952,open,G#3,-1.39,below primo,-2,-7,none,not assessed,short,repeated,0,no,1,last,no,no,no,
Kabalevsky T01,-2,13,3,C3,48,o,Bozeman bass midpoint,0.952,open,A3,-9,below primo,-9,-14,none,not assessed,short,leap-down,-7,yes,2,first,no,no,no,
Kabalevsky T01,-2,14,1,G#3,56,u,Bozeman bass midpoint,1.905,close,D#3,4.5,below primo,-1,-6,none,not assessed,short,leap-up,8,no,2,middle,no,no,no,
Kabalevsky T01,-2,14,3,G3,55,u,Bozeman bass midpoint,0.952,close,D#3,3.5,below primo,-2,-7,none,not assessed,short,step,-1,no,2,middle,no,no,no,
Kabalevsky T01,-2,15,1,F3,53,ɨ,derived from Bozeman bass,0.476,open,G#3,-3.39,below primo,-4,-9,none,not assessed,short,step,-2,no,2,middle,no,no,no,
Kabalevsky T01,-2,15,1.5,D#3,51,ɑ,Bozeman bass midpoint,0.476,open,D#4,-11.5,below primo,-6,-11,4,not assessed,short,step,-2,no,2,middle,no,no,no,
Kabalevsky T01,-2,15,2,D3,50,e,Bozeman bass midpoint,0.952,open,A3,-7,below primo,-7,-12,3,not assessed,short,step,-1,no,2,middle,no,no,no,
Kabalevsky T01,-2,15,3,G2,43,ɪ,derived from Bozeman bass,0.952,open,A#3,-14.54,below primo,-14,-19,none,not assessed,short,leap-down,-7,no,2,middle,no,no,no,
Kabalevsky T01,-2,16,1,D#3,51,o,Bozeman bass midpoint,1.905,open,A3,-6,below primo,-6,-11,none,not assessed,short,leap-up,8,no,2,middle,no,no,no,
Kabalevsky T01,-2,16,3,D3,50,none resolved,not assessed,0.952,not assessed,not assessed,not assessed,below primo,-7,-12,not assessed,not assessed,short,step,-1,no,2,middle,no,no,no,
Kabalevsky T01,-2,17,1,C3,48,i,Bozeman bass midpoint,1.905,open,D#3,-3,below primo,-9,-14,none,not assessed,short,step,-2,no,2,middle,no,no,no,
Kabalevsky T01,-2,17,3,C3,48,o,Bozeman bass midpoint,0.952,open,A3,-9,below primo,-9,-14,none,not assessed,short,repeated,0,no,2,middle,no,no,no,
Kabalevsky T01,-2,18,1,C4,60,o,Bozeman bass midpoint,1.429,close,A3,3,inside,3,-2,none,not assessed,short,leap-up,12,no,2,middle,yes,no,no,highest of phrase
Kabalevsky T01,-2,18,2.5,A#3,58,ɑ,Bozeman bass midpoint,0.476,open,D#4,-4.5,inside,1,-4,none,not assessed,short,step,-2,no,2,middle,no,no,no,
Kabalevsky T01,-2,18,3,G#3,56,ɪ,derived from Bozeman bass,0.476,open,A#3,-1.54,below primo,-1,-6,none,not assessed,short,step,-2,no,2,middle,no,no,no,
Kabalevsky T01,-2,18,3.5,G3,55,i,Bozeman bass midpoint,0.476,close,D#3,4,below primo,-2,-7,none,not assessed,short,step,-1,no,2,middle,no,no,no,
Kabalevsky T01,-2,19,1,G#3,56,e,Bozeman bass midpoint,1.429,open,A3,-1,below primo,-1,-6,none,not assessed,short,step,1,no,2,middle,no,no,no,
Kabalevsky T01,-2,19,2.5,G3,55,ɪ,derived from Bozeman bass,0.476,open,A#3,-2.54,below primo,-2,-7,none,not assessed,short,step,-1,no,2,middle,no,no,no,
Kabalevsky T01,-2,19,3,F3,53,ʌ,derived from Bozeman bass,0.476,open,D#4,-9.5,below primo,-4,-9,none,not assessed,short,step,-2,no,2,middle,no,no,no,
Kabalevsky T01,-2,19,3.5,D#3,51,ɑ,Bozeman bass midpoint,0.476,open,D#4,-11.5,below primo,-6,-11,4,not assessed,short,step,-2,no,2,middle,no,no,no,
Kabalevsky T01,-2,20,1,F3,53,i,Bozeman bass midpoint,1.905,close,D#3,2,below primo,-4,-9,none,not assessed,short,step,2,no,2,middle,no,no,no,
Kabalevsky T01,-2,20,3,F3,53,ʌ,derived from Bozeman bass,0.952,open,D#4,-9.5,below primo,-4,-9,none,not assessed,short,repeated,0,no,2,last,no,no,no,
Kabalevsky T01,-2,22,1,C#3,49,ɨ,derived from Bozeman bass,0.952,open,G#3,-7.39,below primo,-8,-13,3,not assessed,short,leap-down,-4,yes,3,first,no,no,no,
Kabalevsky T01,-2,22,2,C#3,49,ʌ,derived from Bozeman bass,0.952,open,D#4,-13.5,below primo,-8,-13,none,not assessed,short,repeated,0,no,3,middle,no,no,no,
Kabalevsky T01,-2,22,3,C#3,49,ɑ,Bozeman bass midpoint,0.952,open,D#4,-13.5,below primo,-8,-13,none,not assessed,short,repeated,0,no,3,middle,no,no,no,
Kabalevsky T01,-2,23,1,D#3,51,i,Bozeman bass midpoint,1.905,close,D#3,0,below primo,-6,-11,none,not assessed,short,step,2,no,3,middle,no,no,no,turning pitch 0 to 2 st below
Kabalevsky T01,-2,23,3,F#3,54,i,Bozeman bass midpoint,0.952,close,D#3,3,below primo,-3,-8,none,not assessed,short,leap-up,3,no,3,middle,no,no,no,
Kabalevsky T01,-2,24,1,F3,53,ɨ,derived from Bozeman bass,1.429,open,G#3,-3.39,below primo,-4,-9,none,not assessed,short,step,-1,no,3,middle,no,no,no,
Kabalevsky T01,-2,24,2.5,D#3,51,i,Bozeman bass midpoint,0.476,close,D#3,0,below primo,-6,-11,none,not assessed,short,step,-2,no,3,middle,no,no,no,turning pitch 0 to 2 st below
Kabalevsky T01,-2,24,3,F3,53,ʌ,derived from Bozeman bass,0.476,open,D#4,-9.5,below primo,-4,-9,none,not assessed,short,step,2,no,3,middle,no,no,no,
Kabalevsky T01,-2,24,3.5,G#3,56,ɑ,Bozeman bass midpoint,0.476,open,D#4,-6.5,below primo,-1,-6,none,not assessed,short,leap-up,3,no,3,middle,yes,no,no,highest of phrase
Kabalevsky T01,-2,25,1,C#3,49,u,Bozeman bass midpoint,1.429,open,D#3,-2.5,below primo,-8,-13,none,not assessed,short,leap-down,-7,no,3,middle,no,no,no,
Kabalevsky T01,-2,25,2.5,C#3,49,ɑ,Bozeman bass midpoint,0.476,open,D#4,-13.5,below primo,-8,-13,none,not assessed,short,repeated,0,no,3,middle,no,no,no,
Kabalevsky T01,-2,25,3,C#3,49,ʌ,derived from Bozeman bass,0.476,open,D#4,-13.5,below primo,-8,-13,none,not assessed,short,repeated,0,no,3,middle,no,no,no,
Kabalevsky T01,-2,25,3.5,C#3,49,i,Bozeman bass midpoint,0.476,open,D#3,-2,below primo,-8,-13,none,not assessed,short,repeated,0,no,3,middle,no,no,no,
Kabalevsky T01,-2,26,1,D3,50,ɑ,Bozeman bass midpoint,1.905,open,D#4,-12.5,below primo,-7,-12,none,not assessed,short,step,1,no,3,middle,no,no,no,
Kabalevsky T01,-2,26,3,B2,47,i,Bozeman bass midpoint,0.952,open,D#3,-4,below primo,-10,-15,none,not assessed,short,leap-down,-3,no,3,middle,no,no,no,
Kabalevsky T01,-2,27,1,F#3,54,o,Bozeman bass midpoint,1.429,open,A3,-3,below primo,-3,-8,none,not assessed,short,leap-up,7,no,3,middle,no,no,no,
Kabalevsky T01,-2,27,2.5,D3,50,ɪ,derived from Bozeman bass,0.476,open,A#3,-7.54,below primo,-7,-12,none,not assessed,short,leap-down,-4,no,3,middle,no,no,no,
Kabalevsky T01,-2,27,3,B2,47,ʌ,derived from Bozeman bass,0.476,open,D#4,-15.5,below primo,-10,-15,5,not assessed,short,leap-down,-3,no,3,middle,no,no,no,
Kabalevsky T01,-2,27,3.5,G#2,44,ɑ,Bozeman bass midpoint,0.476,open,D#4,-18.5,below primo,-13,-18,none,not assessed,short,leap-down,-3,no,3,middle,no,no,no,
Kabalevsky T01,-2,28,1,C#3,49,i,Bozeman bass midpoint,1.905,open,D#3,-2,below primo,-8,-13,none,not assessed,short,leap-up,5,no,3,middle,no,no,no,
Kabalevsky T01,-2,28,3,C#3,49,none resolved,not assessed,0.952,not assessed,not assessed,not assessed,below primo,-8,-13,not assessed,not assessed,short,repeated,0,no,3,last,no,no,no,
Kabalevsky T01,-2,29,3,C#3,49,ɑ,Bozeman bass midpoint,0.952,open,D#4,-13.5,below primo,-8,-13,none,not assessed,short,repeated,0,yes,4,first,no,no,no,
Kabalevsky T01,-2,30,1,F#3,54,ɑ,Bozeman bass midpoint,1.429,open,D#4,-8.5,below primo,-3,-8,none,not assessed,short,leap-up,5,no,4,middle,no,no,no,
Kabalevsky T01,-2,30,2.5,F#3,54,i,Bozeman bass midpoint,0.476,close,D#3,3,below primo,-3,-8,none,not assessed,short,repeated,0,no,4,middle,no,no,no,
Kabalevsky T01,-2,30,3,F#3,54,ɪ,derived from Bozeman bass,0.476,open,A#3,-3.54,below primo,-3,-8,none,not assessed,short,repeated,0,no,4,middle,no,no,no,
Kabalevsky T01,-2,30,3.5,F#3,54,ɑ,Bozeman bass midpoint,0.476,open,D#4,-8.5,below primo,-3,-8,none,not assessed,short,repeated,0,no,4,middle,no,no,no,
Kabalevsky T01,-2,31,1,F3,53,o,Bozeman bass midpoint,1.429,open,A3,-4,below primo,-4,-9,none,not assessed,short,step,-1,no,4,middle,no,no,no,
Kabalevsky T01,-2,31,2.5,C#3,49,ɑ,Bozeman bass midpoint,0.476,open,D#4,-13.5,below primo,-8,-13,none,not assessed,short,leap-down,-4,no,4,middle,no,no,no,
Kabalevsky T01,-2,31,3,C#3,49,ʌ,derived from Bozeman bass,0.476,open,D#4,-13.5,below primo,-8,-13,none,not assessed,short,repeated,0,no,4,middle,no,no,no,
Kabalevsky T01,-2,31,3.5,C#3,49,ɪ,derived from Bozeman bass,0.476,open,A#3,-8.54,below primo,-8,-13,none,not assessed,short,repeated,0,no,4,middle,no,no,no,
Kabalevsky T01,-2,32,1,A3,57,u,Bozeman bass midpoint,2.857,close,D#3,5.5,inside,0,-5,none,not assessed,held,leap-up,8,no,4,middle,no,no,no,held
Kabalevsky T01,-2,33,1,A3,57,u,Bozeman bass midpoint,1.905,close,D#3,5.5,inside,0,-5,none,not assessed,held,tie,0,no,4,middle,no,no,no,held
Kabalevsky T01,-2,33,3,A3,57,ɑ,Bozeman bass midpoint,0.952,open,D#4,-5.5,inside,0,-5,none,not assessed,short,repeated,0,no,4,middle,no,no,no,
Kabalevsky T01,-2,34,1,A3,57,o,Bozeman bass midpoint,1.905,open,A3,0,inside,0,-5,none,not assessed,short,repeated,0,no,4,middle,no,no,no,
Kabalevsky T01,-2,34,3,F#3,54,i,Bozeman bass midpoint,0.952,close,D#3,3,below primo,-3,-8,none,not assessed,short,leap-down,-3,no,4,middle,no,no,no,
Kabalevsky T01,-2,35,1,F#3,54,u,Bozeman bass midpoint,1.905,close,D#3,2.5,below primo,-3,-8,none,not assessed,short,repeated,0,no,4,middle,no,no,no,
Kabalevsky T01,-2,35,3,A3,57,ɑ,Bozeman bass midpoint,0.952,open,D#4,-5.5,inside,0,-5,none,not assessed,short,leap-up,3,no,4,middle,no,no,no,
Kabalevsky T01,-2,36,1,A3,57,ɨ,derived from Bozeman bass,1.429,close,G#3,0.61,inside,0,-5,none,not assessed,short,repeated,0,no,4,middle,no,no,no,turning pitch 0 to 2 st below
Kabalevsky T01,-2,36,2.5,F3,53,ɑ,Bozeman bass midpoint,0.476,open,D#4,-9.5,below primo,-4,-9,none,not assessed,short,leap-down,-4,no,4,middle,no,no,no,
Kabalevsky T01,-2,36,3,G3,55,ɑ,Bozeman bass midpoint,0.476,open,D#4,-7.5,below primo,-2,-7,3,not assessed,short,step,2,no,4,middle,no,no,no,
Kabalevsky T01,-2,36,3.5,F3,53,ɑ,Bozeman bass midpoint,0.476,open,D#4,-9.5,below primo,-4,-9,none,not assessed,short,step,-2,no,4,middle,no,no,no,
Kabalevsky T01,-2,37,1,D4,62,i,Bozeman bass midpoint,2.857,close,D#3,11,inside,5,0,none,not assessed,held,leap-up,9,no,4,middle,yes,yes,yes,held; highest of phrase
Kabalevsky T01,-2,38,1,D4,62,i,Bozeman bass midpoint,1.429,close,D#3,11,inside,5,0,none,not assessed,held,tie,0,no,4,middle,yes,yes,yes,held; highest of phrase
Kabalevsky T01,-2,38,2.5,A#3,58,ɑ,Bozeman bass midpoint,0.476,open,D#4,-4.5,inside,1,-4,none,not assessed,short,leap-down,-4,no,4,last,no,no,no,
Kabalevsky T01,-2,40,3,A#2,46,o,Bozeman bass midpoint,0.952,open,A3,-11,below primo,-11,-16,none,not assessed,short,leap-down,-12,yes,5,first,yes,no,no,highest of phrase
Kabalevsky T01,-2,41,1,A#2,46,ɑ,Bozeman bass midpoint,1.429,open,D#4,-16.5,below primo,-11,-16,none,not assessed,short,repeated,0,no,5,middle,yes,no,no,highest of phrase
Kabalevsky T01,-2,41,2.5,A#2,46,ɑ,Bozeman bass midpoint,0.476,open,D#4,-16.5,below primo,-11,-16,none,not assessed,short,repeated,0,no,5,middle,yes,no,no,highest of phrase
Kabalevsky T01,-2,41,3,A#2,46,i,Bozeman bass midpoint,0.476,open,D#3,-5,below primo,-11,-16,none,not assessed,short,repeated,0,no,5,last,yes,no,no,highest of phrase
Kabalevsky T01,-2,41,3.5,C3,48,ɑ,Bozeman bass midpoint,0.476,open,D#4,-14.5,below primo,-9,-14,none,not assessed,short,step,2,no,6,first,no,no,no,
Kabalevsky T01,-2,42,1,C3,48,o,Bozeman bass midpoint,1.429,open,A3,-9,below primo,-9,-14,none,not assessed,short,repeated,0,no,6,middle,no,no,no,
Kabalevsky T01,-2,42,2.5,D3,50,ɨ,derived from Bozeman bass,0.476,open,G#3,-6.39,below primo,-7,-12,none,not assessed,short,step,2,no,6,middle,no,no,no,
Kabalevsky T01,-2,42,3,D#3,51,ɨ,derived from Bozeman bass,0.476,open,G#3,-5.39,below primo,-6,-11,none,not assessed,short,step,1,no,6,middle,no,no,no,
Kabalevsky T01,-2,42,3.5,C3,48,o,Bozeman bass midpoint,0.476,open,A3,-9,below primo,-9,-14,none,not assessed,short,leap-down,-3,no,6,middle,no,no,no,
Kabalevsky T01,-2,43,1,G3,55,i,Bozeman bass midpoint,2.857,close,D#3,4,below primo,-2,-7,none,not assessed,held,leap-up,7,no,6,middle,no,no,no,held
Kabalevsky T01,-2,44,1,G3,55,i,Bozeman bass midpoint,1.429,close,D#3,4,below primo,-2,-7,none,not assessed,held,tie,0,no,6,middle,no,no,no,held
Kabalevsky T01,-2,44,2.5,C3,48,o,Bozeman bass midpoint,0.476,open,A3,-9,below primo,-9,-14,none,not assessed,short,leap-down,-7,no,6,middle,no,no,no,
Kabalevsky T01,-2,44,3,C3,48,ɪ,derived from Bozeman bass,0.476,open,A#3,-9.54,below primo,-9,-14,none,not assessed,short,repeated,0,no,6,middle,no,no,no,
Kabalevsky T01,-2,44,3.5,C3,48,ɑ,Bozeman bass midpoint,0.476,open,D#4,-14.5,below primo,-9,-14,none,not assessed,short,repeated,0,no,6,middle,no,no,no,
Kabalevsky T01,-2,45,1,G#3,56,o,Bozeman bass midpoint,1.905,open,A3,-1,below primo,-1,-6,none,not assessed,short,leap-up,8,no,6,middle,no,no,no,
Kabalevsky T01,-2,45,3,D#3,51,i,Bozeman bass midpoint,0.952,close,D#3,0,below primo,-6,-11,none,not assessed,short,leap-down,-5,no,6,middle,no,no,no,turning pitch 0 to 2 st below
Kabalevsky T01,-2,46,1,D3,50,o,Bozeman bass midpoint,1.429,open,A3,-7,below primo,-7,-12,3,not assessed,short,step,-1,no,6,middle,no,no,no,
Kabalevsky T01,-2,46,2.5,A#2,46,ɪ,derived from Bozeman bass,0.476,open,A#3,-11.54,below primo,-11,-16,4,not assessed,short,leap-down,-4,no,6,middle,no,no,no,
Kabalevsky T01,-2,46,3,C3,48,o,Bozeman bass midpoint,0.476,open,A3,-9,below primo,-9,-14,none,not assessed,short,step,2,no,6,middle,no,no,no,
Kabalevsky T01,-2,46,3.5,A#2,46,u,Bozeman bass midpoint,0.476,open,D#3,-5.5,below primo,-11,-16,none,not assessed,short,step,-2,no,6,middle,no,no,no,
Kabalevsky T01,-2,47,1,A#3,58,ɨ,derived from Bozeman bass,2.857,close,G#3,1.61,inside,1,-4,none,not assessed,held,leap-up,12,no,6,middle,yes,no,no,held; highest of phrase; turning pitch 0 to 2 st below
Kabalevsky T01,-2,48,1,A#3,58,ɨ,derived from Bozeman bass,0.952,close,G#3,1.61,inside,1,-4,none,not assessed,held,tie,0,no,6,middle,yes,no,no,held; highest of phrase; turning pitch 0 to 2 st below
Kabalevsky T01,-2,48,2,G3,55,ɨ,derived from Bozeman bass,0.952,open,G#3,-1.39,below primo,-2,-7,none,not assessed,short,leap-down,-3,no,6,last,no,no,no,
Kabalevsky T01,-2,48,3,C3,48,i,Bozeman bass midpoint,0.952,open,D#3,-3,below primo,-9,-14,none,not assessed,short,leap-down,-7,no,7,first,no,no,no,
Kabalevsky T01,-2,49,1,G#3,56,i,Bozeman bass midpoint,1.905,close,D#3,5,below primo,-1,-6,none,not assessed,short,leap-up,8,no,7,middle,no,no,no,
Kabalevsky T01,-2,49,3,G3,55,ʌ,derived from Bozeman bass,0.952,open,D#4,-7.5,below primo,-2,-7,3,not assessed,short,step,-1,no,7,middle,no,no,no,
Kabalevsky T01,-2,50,1,F3,53,ɑ,Bozeman bass midpoint,0.476,open,D#4,-9.5,below primo,-4,-9,none,not assessed,short,step,-2,no,7,middle,no,no,no,
Kabalevsky T01,-2,50,1.5,D#3,51,i,Bozeman bass midpoint,0.476,close,D#3,0,below primo,-6,-11,none,not assessed,short,step,-2,no,7,middle,no,no,no,turning pitch 0 to 2 st below
Kabalevsky T01,-2,50,2,D3,50,o,Bozeman bass midpoint,0.952,open,A3,-7,below primo,-7,-12,3,not assessed,short,step,-1,no,7,middle,no,no,no,
Kabalevsky T01,-2,50,3,G2,43,i,Bozeman bass midpoint,0.952,open,D#3,-8,below primo,-14,-19,none,not assessed,short,leap-down,-7,no,7,middle,no,no,no,
Kabalevsky T01,-2,51,1,D#3,51,e,Bozeman bass midpoint,1.905,open,A3,-6,below primo,-6,-11,none,not assessed,short,leap-up,8,no,7,middle,no,no,no,
Kabalevsky T01,-2,51,3,D3,50,ɑ,Bozeman bass midpoint,0.952,open,D#4,-12.5,below primo,-7,-12,none,not assessed,short,step,-1,no,7,middle,no,no,no,
Kabalevsky T01,-2,52,1,C3,48,i,Bozeman bass midpoint,1.429,open,D#3,-3,below primo,-9,-14,none,not assessed,short,step,-2,no,7,middle,no,no,no,
Kabalevsky T01,-2,52,2.5,C3,48,ɑ,Bozeman bass midpoint,0.476,open,D#4,-14.5,below primo,-9,-14,none,not assessed,short,repeated,0,no,7,middle,no,no,no,
Kabalevsky T01,-2,52,3,C3,48,ɑ,Bozeman bass midpoint,0.476,open,D#4,-14.5,below primo,-9,-14,none,not assessed,short,repeated,0,no,7,middle,no,no,no,
Kabalevsky T01,-2,52,3.5,C3,48,u,Bozeman bass midpoint,0.476,open,D#3,-3.5,below primo,-9,-14,none,not assessed,short,repeated,0,no,7,middle,no,no,no,
Kabalevsky T01,-2,53,1,C4,60,u,Bozeman bass midpoint,1.905,close,D#3,8.5,inside,3,-2,none,not assessed,short,leap-up,12,no,7,middle,yes,no,no,highest of phrase
Kabalevsky T01,-2,53,3,G3,55,ɛ,Bozeman bass midpoint,0.952,open,C4,-5.5,below primo,-2,-7,none,not assessed,short,leap-down,-5,no,7,middle,no,no,no,
Kabalevsky T01,-2,54,1,G#3,56,ɛ,Bozeman bass midpoint,1.429,open,C4,-4.5,below primo,-1,-6,none,not assessed,short,step,1,no,7,middle,no,no,no,
Kabalevsky T01,-2,54,2.5,G3,55,o,Bozeman bass midpoint,0.476,open,A3,-2,below primo,-2,-7,none,not assessed,short,step,-1,no,7,middle,no,no,no,
Kabalevsky T01,-2,54,3,F3,53,ɨ,derived from Bozeman bass,0.476,open,G#3,-3.39,below primo,-4,-9,none,not assessed,short,step,-2,no,7,middle,no,no,no,
Kabalevsky T01,-2,54,3.5,C3,48,ɪ,derived from Bozeman bass,0.476,open,A#3,-9.54,below primo,-9,-14,none,not assessed,short,leap-down,-5,no,7,middle,no,no,no,
Kabalevsky T01,-2,55,1,D#3,51,ɨ,derived from Bozeman bass,1.905,open,G#3,-5.39,below primo,-6,-11,none,not assessed,short,leap-up,3,no,7,middle,no,no,no,
Kabalevsky T01,-2,55,3,D3,50,ɨ,derived from Bozeman bass,0.952,open,G#3,-6.39,below primo,-7,-12,none,not assessed,short,step,-1,no,7,last,no,no,no,
Kabalevsky T01,-2,57,1,A#2,46,ɨ,derived from Bozeman bass,0.952,open,G#3,-10.39,below primo,-11,-16,none,not assessed,short,leap-down,-4,yes,8,first,no,no,no,
Kabalevsky T01,-2,57,2,C3,48,u,Bozeman bass midpoint,0.952,open,D#3,-3.5,below primo,-9,-14,none,not assessed,short,step,2,no,8,middle,no,no,no,
Kabalevsky T01,-2,57,3,A#2,46,ɪ,derived from Bozeman bass,0.952,open,A#3,-11.54,below primo,-11,-16,4,not assessed,short,step,-2,no,8,middle,no,no,no,
Kabalevsky T01,-2,58,1,D#3,51,ɨ,derived from Bozeman bass,1.905,open,G#3,-5.39,below primo,-6,-11,none,not assessed,short,leap-up,5,no,8,middle,no,no,no,
Kabalevsky T01,-2,58,3,A#2,46,ɪ,derived from Bozeman bass,0.952,open,A#3,-11.54,below primo,-11,-16,4,not assessed,short,leap-down,-5,no,8,middle,no,no,no,
Kabalevsky T01,-2,59,1,A#2,46,o,Bozeman bass midpoint,1.429,open,A3,-11,below primo,-11,-16,none,not assessed,short,repeated,0,no,8,middle,no,no,no,
Kabalevsky T01,-2,59,2.5,A#2,46,ɑ,Bozeman bass midpoint,0.476,open,D#4,-16.5,below primo,-11,-16,none,not assessed,short,repeated,0,no,8,middle,no,no,no,
Kabalevsky T01,-2,59,3,C3,48,i,Bozeman bass midpoint,0.476,open,D#3,-3,below primo,-9,-14,none,not assessed,short,step,2,no,8,middle,no,no,no,
Kabalevsky T01,-2,59,3.5,A#2,46,u,Bozeman bass midpoint,0.476,open,D#3,-5.5,below primo,-11,-16,none,not assessed,short,step,-2,no,8,middle,no,no,no,
Kabalevsky T01,-2,60,1,G3,55,ɑ,Bozeman bass midpoint,2.857,open,D#4,-7.5,below primo,-2,-7,3,not assessed,held,leap-up,9,no,8,middle,no,no,no,held
Kabalevsky T01,-2,61,1,C4,60,ɑ,Bozeman bass midpoint,2.857,open,D#4,-2.5,inside,3,-2,none,not assessed,held,leap-up,5,no,8,middle,yes,no,no,held; highest of phrase
Kabalevsky T01,-2,62,1,C4,60,ɑ,Bozeman bass midpoint,0.952,open,D#4,-2.5,inside,3,-2,none,not assessed,held,tie,0,no,8,middle,yes,no,no,held; highest of phrase
Kabalevsky T01,-2,62,2,F3,53,ɛ,Bozeman bass midpoint,0.952,open,C4,-7.5,below primo,-4,-9,3,not assessed,short,leap-down,-7,no,8,middle,no,no,no,
Kabalevsky T01,-2,62,3,G3,55,ɨ,derived from Bozeman bass,0.952,open,G#3,-1.39,below primo,-2,-7,none,not assessed,short,step,2,no,8,middle,no,no,no,
Kabalevsky T01,-2,63,1,G#3,56,o,Bozeman bass midpoint,1.905,open,A3,-1,below primo,-1,-6,none,not assessed,short,step,1,no,8,middle,no,no,no,
Kabalevsky T01,-2,63,3,D#3,51,ɨ,derived from Bozeman bass,0.952,open,G#3,-5.39,below primo,-6,-11,none,not assessed,short,leap-down,-5,no,8,middle,no,no,no,
Kabalevsky T01,-2,64,1,G3,55,ɑ,Bozeman bass midpoint,1.905,open,D#4,-7.5,below primo,-2,-7,3,not assessed,short,leap-up,4,no,8,middle,no,no,no,
Kabalevsky T01,-2,64,3,A#3,58,ɪ,derived from Bozeman bass,0.952,close,A#3,0.46,inside,1,-4,none,not assessed,short,leap-up,3,no,8,last,no,no,no,turning pitch 0 to 2 st below
Kabalevsky T01,-2,65,2,C3,48,ʌ,derived from Bozeman bass,0.952,open,D#4,-14.5,below primo,-9,-14,none,not assessed,short,leap-down,-10,yes,9,first,no,no,no,
Kabalevsky T01,-2,65,3,D3,50,u,Bozeman bass midpoint,0.952,open,D#3,-1.5,below primo,-7,-12,none,not assessed,short,step,2,no,9,middle,no,no,no,
Kabalevsky T01,-2,66,1,G3,55,ɑ,Bozeman bass midpoint,2.857,open,D#4,-7.5,below primo,-2,-7,3,not assessed,held,leap-up,5,no,9,middle,yes,no,no,held; highest of phrase
Kabalevsky T01,-2,67,1,G3,55,ɑ,Bozeman bass midpoint,2.857,open,D#4,-7.5,below primo,-2,-7,3,not assessed,held,tie,0,no,9,last,yes,no,no,held; highest of phrase
Kabalevsky T02,-2,2,2.5,A#3,58,u,Bozeman bass midpoint,0.417,close,D#3,6.5,inside,1,-4,none,not assessed,short,first note,,,0,first,yes,no,no,highest of phrase
Kabalevsky T02,-2,3,1,G#3,56,ɑ,Bozeman bass midpoint,0.417,open,D#4,-6.5,below primo,-1,-6,none,not assessed,short,step,-2,no,0,middle,no,no,no,
Kabalevsky T02,-2,3,1.5,F#3,54,i,Bozeman bass midpoint,0.417,close,D#3,3,below primo,-3,-8,none,not assessed,short,step,-2,no,0,middle,no,no,no,
Kabalevsky T02,-2,3,2,F3,53,i,Bozeman bass midpoint,0.417,close,D#3,2,below primo,-4,-9,none,not assessed,short,step,-1,no,0,middle,no,no,no,
Kabalevsky T02,-2,3,2.5,D#3,51,u,Bozeman bass midpoint,0.417,open,D#3,-0.5,below primo,-6,-11,none,not assessed,short,step,-2,no,0,middle,no,no,no,
Kabalevsky T02,-2,4,1,D3,50,o,Bozeman bass midpoint,1.25,open,A3,-7,below primo,-7,-12,3,not assessed,short,step,-1,no,0,middle,no,no,no,
Kabalevsky T02,-2,4,2.5,D#3,51,ɑ,Bozeman bass midpoint,0.417,open,D#4,-11.5,below primo,-6,-11,4,not assessed,short,step,1,no,0,middle,no,no,no,
Kabalevsky T02,-2,5,1,F3,53,u,Bozeman bass midpoint,0.833,close,D#3,1.5,below primo,-4,-9,none,not assessed,short,step,2,no,0,middle,no,no,no,turning pitch 0 to 2 st below
Kabalevsky T02,-2,5,2,B2,47,u,Bozeman bass midpoint,0.833,open,D#3,-4.5,below primo,-10,-15,none,not assessed,short,leap-down,-6,no,0,middle,no,no,no,
Kabalevsky T02,-2,6,1,A#2,46,u,Bozeman bass midpoint,1.667,open,D#3,-5.5,below primo,-11,-16,none,not assessed,short,step,-1,no,0,last,no,no,no,
Kabalevsky T02,-2,7,1.5,A#3,58,ɑ,Bozeman bass midpoint,0.417,open,D#4,-4.5,inside,1,-4,none,not assessed,short,leap-up,12,yes,1,first,yes,no,no,highest of phrase
Kabalevsky T02,-2,7,2,G#3,56,ɛ,Bozeman bass midpoint,0.417,open,C4,-4.5,below primo,-1,-6,none,not assessed,short,step,-2,no,1,middle,no,no,no,
Kabalevsky T02,-2,7,2.5,F#3,54,ɨ,derived from Bozeman bass,0.417,open,G#3,-2.39,below primo,-3,-8,none,not assessed,short,step,-2,no,1,middle,no,no,no,
Kabalevsky T02,-2,8,1,F3,53,o,Bozeman bass midpoint,0.417,open,A3,-4,below primo,-4,-9,none,not assessed,short,step,-1,no,1,middle,no,no,no,
Kabalevsky T02,-2,8,1.5,D#3,51,ɨ,derived from Bozeman bass,0.417,open,G#3,-5.39,below primo,-6,-11,none,not assessed,short,step,-2,no,1,middle,no,no,no,
Kabalevsky T02,-2,8,2,D3,50,ʌ,derived from Bozeman bass,0.417,open,D#4,-12.5,below primo,-7,-12,none,not assessed,short,step,-1,no,1,middle,no,no,no,
Kabalevsky T02,-2,8,2.5,D#3,51,i,Bozeman bass midpoint,0.417,close,D#3,0,below primo,-6,-11,none,not assessed,short,step,1,no,1,middle,no,no,no,turning pitch 0 to 2 st below
Kabalevsky T02,-2,9,1,F3,53,i,Bozeman bass midpoint,1.25,close,D#3,2,below primo,-4,-9,none,not assessed,short,step,2,no,1,middle,no,no,no,
Kabalevsky T02,-2,9,2.5,B2,47,ɑ,Bozeman bass midpoint,0.417,open,D#4,-15.5,below primo,-10,-15,5,not assessed,short,leap-down,-6,no,1,middle,no,no,no,
Kabalevsky T02,-2,10,1,A#2,46,e,Bozeman bass midpoint,1.25,open,A3,-11,below primo,-11,-16,none,not assessed,short,step,-1,no,1,middle,no,no,no,
Kabalevsky T02,-2,10,2.5,A#2,46,i,Bozeman bass midpoint,0.417,open,D#3,-5,below primo,-11,-16,none,not assessed,short,repeated,0,no,1,last,no,no,no,
Kabalevsky T02,-2,11,1.5,A#2,46,o,Bozeman bass midpoint,0.417,open,A3,-11,below primo,-11,-16,none,not assessed,short,repeated,0,yes,2,first,no,no,no,
Kabalevsky T02,-2,11,2,A#2,46,o,Bozeman bass midpoint,0.417,open,A3,-11,below primo,-11,-16,none,not assessed,short,repeated,0,no,2,middle,no,no,no,
Kabalevsky T02,-2,11,2.5,A#2,46,ʌ,derived from Bozeman bass,0.417,open,D#4,-16.5,below primo,-11,-16,none,not assessed,short,repeated,0,no,2,middle,no,no,no,
Kabalevsky T02,-2,12,1,C#3,49,ɑ,Bozeman bass midpoint,1.25,open,D#4,-13.5,below primo,-8,-13,none,not assessed,short,leap-up,3,no,2,middle,no,no,no,
Kabalevsky T02,-2,12,2.5,A#2,46,u,Bozeman bass midpoint,0.417,open,D#3,-5.5,below primo,-11,-16,none,not assessed,short,leap-down,-3,no,2,middle,no,no,no,
Kabalevsky T02,-2,13,1,B2,47,o,Bozeman bass midpoint,0.417,open,A3,-10,below primo,-10,-15,none,not assessed,short,step,1,no,2,middle,no,no,no,
Kabalevsky T02,-2,13,1.5,A#2,46,u,Bozeman bass midpoint,0.417,open,D#3,-5.5,below primo,-11,-16,none,not assessed,short,step,-1,no,2,middle,no,no,no,
Kabalevsky T02,-2,13,2,G#2,44,ɑ,Bozeman bass midpoint,0.417,open,D#4,-18.5,below primo,-13,-18,none,not assessed,short,step,-2,no,2,middle,no,no,no,
Kabalevsky T02,-2,13,2.5,B2,47,u,Bozeman bass midpoint,0.417,open,D#3,-4.5,below primo,-10,-15,none,not assessed,short,leap-up,3,no,2,middle,no,no,no,
Kabalevsky T02,-2,14,1,D#3,51,u,Bozeman bass midpoint,1.667,open,D#3,-0.5,below primo,-6,-11,none,not assessed,short,leap-up,4,no,2,middle,no,no,no,
Kabalevsky T02,-2,15,1,D#3,51,u,Bozeman bass midpoint,0.417,open,D#3,-0.5,below primo,-6,-11,none,not assessed,short,tie,0,no,2,middle,no,no,no,
Kabalevsky T02,-2,15,1.5,D#3,51,ɑ,Bozeman bass midpoint,0.417,open,D#4,-11.5,below primo,-6,-11,4,not assessed,short,repeated,0,no,2,middle,no,no,no,
Kabalevsky T02,-2,15,2,D#3,51,i,Bozeman bass midpoint,0.417,close,D#3,0,below primo,-6,-11,none,not assessed,short,repeated,0,no,2,middle,no,no,no,turning pitch 0 to 2 st below
Kabalevsky T02,-2,15,2.5,D#3,51,i,Bozeman bass midpoint,0.417,close,D#3,0,below primo,-6,-11,none,not assessed,short,repeated,0,no,2,middle,no,no,no,turning pitch 0 to 2 st below
Kabalevsky T02,-2,16,1,F3,53,ɑ,Bozeman bass midpoint,1.25,open,D#4,-9.5,below primo,-4,-9,none,not assessed,short,step,2,no,2,middle,no,no,no,
Kabalevsky T02,-2,16,2.5,F3,53,ɑ,Bozeman bass midpoint,0.417,open,D#4,-9.5,below primo,-4,-9,none,not assessed,short,repeated,0,no,2,middle,no,no,no,
Kabalevsky T02,-2,17,1,F#3,54,o,Bozeman bass midpoint,0.417,open,A3,-3,below primo,-3,-8,none,not assessed,short,step,1,no,2,middle,no,no,no,
Kabalevsky T02,-2,17,1.5,F3,53,i,Bozeman bass midpoint,0.417,close,D#3,2,below primo,-4,-9,none,not assessed,short,step,-1,no,2,middle,no,no,no,
Kabalevsky T02,-2,17,2,F#3,54,o,Bozeman bass midpoint,0.417,open,A3,-3,below primo,-3,-8,none,not assessed,short,step,1,no,2,middle,no,no,no,
Kabalevsky T02,-2,17,2.5,G#3,56,ɨ,derived from Bozeman bass,0.417,open,G#3,-0.39,below primo,-1,-6,none,not assessed,short,step,2,no,2,middle,no,no,no,
Kabalevsky T02,-2,18,1,A#3,58,e,Bozeman bass midpoint,1.25,close,A3,1,inside,1,-4,none,not assessed,short,step,2,no,2,middle,yes,no,no,highest of phrase; turning pitch 0 to 2 st below
Kabalevsky T02,-2,18,2.5,F3,53,i,Bozeman bass midpoint,0.417,close,D#3,2,below primo,-4,-9,none,not assessed,short,leap-down,-5,no,2,last,no,no,no,
Kabalevsky T02,-2,22,1.5,A#3,58,ɑ,Bozeman bass midpoint,0.417,open,D#4,-4.5,inside,1,-4,none,not assessed,short,leap-up,5,yes,3,first,yes,no,no,highest of phrase
Kabalevsky T02,-2,22,2,A#3,58,i,Bozeman bass midpoint,0.417,close,D#3,7,inside,1,-4,none,not assessed,short,repeated,0,no,3,middle,yes,no,no,highest of phrase
Kabalevsky T02,-2,22,2.5,A#3,58,i,Bozeman bass midpoint,0.417,close,D#3,7,inside,1,-4,none,not assessed,short,repeated,0,no,3,middle,yes,no,no,highest of phrase
Kabalevsky T02,-2,23,1,A#3,58,ɨ,derived from Bozeman bass,1.25,close,G#3,1.61,inside,1,-4,none,not assessed,short,repeated,0,no,3,middle,yes,no,no,highest of phrase; turning pitch 0 to 2 st below
Kabalevsky T02,-2,23,2.5,A#3,58,i,Bozeman bass midpoint,0.417,close,D#3,7,inside,1,-4,none,not assessed,short,repeated,0,no,3,middle,yes,no,no,highest of phrase
Kabalevsky T02,-2,24,1,A#3,58,u,Bozeman bass midpoint,0.417,close,D#3,6.5,inside,1,-4,none,not assessed,short,repeated,0,no,3,middle,yes,no,no,highest of phrase
Kabalevsky T02,-2,24,1.5,G#3,56,ɑ,Bozeman bass midpoint,0.417,open,D#4,-6.5,below primo,-1,-6,none,not assessed,short,step,-2,no,3,middle,no,no,no,
Kabalevsky T02,-2,24,2,F#3,54,o,Bozeman bass midpoint,0.417,open,A3,-3,below primo,-3,-8,none,not assessed,short,step,-2,no,3,middle,no,no,no,
Kabalevsky T02,-2,24,2.5,G#3,56,ɨ,derived from Bozeman bass,0.417,open,G#3,-0.39,below primo,-1,-6,none,not assessed,short,step,2,no,3,middle,no,no,no,
Kabalevsky T02,-2,25,1,F#3,54,ɑ,Bozeman bass midpoint,1.667,open,D#4,-8.5,below primo,-3,-8,none,not assessed,short,step,-2,no,3,middle,no,no,no,
Kabalevsky T02,-2,26,1,F#3,54,ɑ,Bozeman bass midpoint,0.417,open,D#4,-8.5,below primo,-3,-8,none,not assessed,short,tie,0,no,3,middle,no,no,no,
Kabalevsky T02,-2,26,1.5,F#3,54,i,Bozeman bass midpoint,0.417,close,D#3,3,below primo,-3,-8,none,not assessed,short,repeated,0,no,3,middle,no,no,no,
Kabalevsky T02,-2,26,2,F#3,54,u,Bozeman bass midpoint,0.417,close,D#3,2.5,below primo,-3,-8,none,not assessed,short,repeated,0,no,3,middle,no,no,no,
Kabalevsky T02,-2,26,2.5,F#3,54,i,Bozeman bass midpoint,0.417,close,D#3,3,below primo,-3,-8,none,not assessed,short,repeated,0,no,3,middle,no,no,no,
Kabalevsky T02,-2,27,1,F#3,54,ɛ,Bozeman bass midpoint,1.25,open,C4,-6.5,below primo,-3,-8,none,not assessed,short,repeated,0,no,3,middle,no,no,no,
Kabalevsky T02,-2,27,2.5,G#3,56,ɑ,Bozeman bass midpoint,0.417,open,D#4,-6.5,below primo,-1,-6,none,not assessed,short,step,2,no,3,middle,no,no,no,
Kabalevsky T02,-2,28,1,F#3,54,o,Bozeman bass midpoint,0.417,open,A3,-3,below primo,-3,-8,none,not assessed,short,step,-2,no,3,middle,no,no,no,
Kabalevsky T02,-2,28,1.5,C#3,49,ʌ,derived from Bozeman bass,0.417,open,D#4,-13.5,below primo,-8,-13,none,not assessed,short,leap-down,-5,no,3,middle,no,no,no,
Kabalevsky T02,-2,28,2,D#3,51,i,Bozeman bass midpoint,0.417,close,D#3,0,below primo,-6,-11,none,not assessed,short,step,2,no,3,middle,no,no,no,turning pitch 0 to 2 st below
Kabalevsky T02,-2,28,2.5,E3,52,i,Bozeman bass midpoint,0.417,close,D#3,1,below primo,-5,-10,none,not assessed,short,step,1,no,3,middle,no,no,no,turning pitch 0 to 2 st below
Kabalevsky T02,-2,29,1,F#3,54,i,Bozeman bass midpoint,1.25,close,D#3,3,below primo,-3,-8,none,not assessed,short,step,2,no,3,middle,no,no,no,
Kabalevsky T02,-2,29,2.5,F#3,54,ɑ,Bozeman bass midpoint,0.417,open,D#4,-8.5,below primo,-3,-8,none,not assessed,short,repeated,0,no,3,last,no,no,no,
Kabalevsky T02,-2,30,1.5,F#3,54,i,Bozeman bass midpoint,0.417,close,D#3,3,below primo,-3,-8,none,not assessed,short,repeated,0,yes,4,first,no,no,no,
Kabalevsky T02,-2,30,2,F#3,54,ɪ,derived from Bozeman bass,0.417,open,A#3,-3.54,below primo,-3,-8,none,not assessed,short,repeated,0,no,4,middle,no,no,no,
Kabalevsky T02,-2,30,2.5,F#3,54,ɨ,derived from Bozeman bass,0.417,open,G#3,-2.39,below primo,-3,-8,none,not assessed,short,repeated,0,no,4,middle,no,no,no,
Kabalevsky T02,-2,31,1,F#3,54,ɑ,Bozeman bass midpoint,0.417,open,D#4,-8.5,below primo,-3,-8,none,not assessed,short,repeated,0,no,4,middle,no,no,no,
Kabalevsky T02,-2,31,1.5,E3,52,ɑ,Bozeman bass midpoint,0.417,open,D#4,-10.5,below primo,-5,-10,none,not assessed,short,step,-2,no,4,middle,no,no,no,
Kabalevsky T02,-2,31,2,D#3,51,u,Bozeman bass midpoint,0.417,open,D#3,-0.5,below primo,-6,-11,none,not assessed,short,step,-1,no,4,middle,no,no,no,
Kabalevsky T02,-2,31,2.5,E3,52,ɑ,Bozeman bass midpoint,0.417,open,D#4,-10.5,below primo,-5,-10,none,not assessed,short,step,1,no,4,middle,no,no,no,
Kabalevsky T02,-2,32,1,G#3,56,o,Bozeman bass midpoint,1.25,open,A3,-1,below primo,-1,-6,none,not assessed,short,leap-up,4,no,4,middle,yes,no,no,highest of phrase
Kabalevsky T02,-2,32,2.5,D#3,51,ɨ,derived from Bozeman bass,0.417,open,G#3,-5.39,below primo,-6,-11,none,not assessed,short,leap-down,-5,no,4,middle,no,no,no,
Kabalevsky T02,-2,33,1,G#3,56,ɑ,Bozeman bass midpoint,1.667,open,D#4,-6.5,below primo,-1,-6,none,not assessed,short,leap-up,5,no,4,middle,yes,no,no,highest of phrase
Kabalevsky T02,-2,34,1,G#3,56,ɑ,Bozeman bass midpoint,0.417,open,D#4,-6.5,below primo,-1,-6,none,not assessed,short,tie,0,no,4,middle,yes,no,no,highest of phrase
Kabalevsky T02,-2,34,1.5,G#3,56,ɑ,Bozeman bass midpoint,0.417,open,D#4,-6.5,below primo,-1,-6,none,not assessed,short,repeated,0,no,4,middle,yes,no,no,highest of phrase
Kabalevsky T02,-2,34,2,E3,52,i,Bozeman bass midpoint,0.417,close,D#3,1,below primo,-5,-10,none,not assessed,short,leap-down,-4,no,4,middle,no,no,no,turning pitch 0 to 2 st below
Kabalevsky T02,-2,34,2.5,C#3,49,u,Bozeman bass midpoint,0.417,open,D#3,-2.5,below primo,-8,-13,none,not assessed,short,leap-down,-3,no,4,middle,no,no,no,
Kabalevsky T02,-2,35,1,E3,52,u,Bozeman bass midpoint,1.667,close,D#3,0.5,below primo,-5,-10,none,not assessed,short,leap-up,3,no,4,middle,no,no,no,turning pitch 0 to 2 st below
Kabalevsky T02,-2,36,1,E3,52,u,Bozeman bass midpoint,0.417,close,D#3,0.5,below primo,-5,-10,none,not assessed,short,tie,0,no,4,middle,no,no,no,turning pitch 0 to 2 st below
Kabalevsky T02,-2,36,1.5,C#3,49,o,Bozeman bass midpoint,0.417,open,A3,-8,below primo,-8,-13,none,not assessed,short,leap-down,-3,no,4,middle,no,no,no,
Kabalevsky T02,-2,36,2,B2,47,i,Bozeman bass midpoint,0.417,open,D#3,-4,below primo,-10,-15,none,not assessed,short,step,-2,no,4,middle,no,no,no,
Kabalevsky T02,-2,36,2.5,A#2,46,ɪ,derived from Bozeman bass,0.417,open,A#3,-11.54,below primo,-11,-16,4,not assessed,short,step,-1,no,4,middle,no,no,no,
Kabalevsky T02,-2,37,1,D#3,51,o,Bozeman bass midpoint,1.25,open,A3,-6,below primo,-6,-11,none,not assessed,short,leap-up,5,no,4,middle,no,no,no,
Kabalevsky T02,-2,37,2.5,D#3,51,u,Bozeman bass midpoint,0.417,open,D#3,-0.5,below primo,-6,-11,none,not assessed,short,repeated,0,no,4,middle,no,no,no,
Kabalevsky T02,-2,38,1,D#3,51,i,Bozeman bass midpoint,0.833,close,D#3,0,below primo,-6,-11,none,not assessed,short,repeated,0,no,4,middle,no,no,no,turning pitch 0 to 2 st below
Kabalevsky T02,-2,38,2,D#3,51,ɑ,Bozeman bass midpoint,0.833,open,D#4,-11.5,below primo,-6,-11,4,not assessed,short,repeated,0,no,4,last,no,no,no,
Kabalevsky T02,-2,40,1.5,G#3,56,u,Bozeman bass midpoint,0.417,close,D#3,4.5,below primo,-1,-6,none,not assessed,short,leap-up,5,yes,5,first,no,no,no,
Kabalevsky T02,-2,40,2,G#3,56,e,Bozeman bass midpoint,0.417,open,A3,-1,below primo,-1,-6,none,not assessed,short,repeated,0,no,5,middle,no,no,no,
Kabalevsky T02,-2,40,2.5,G#3,56,ɨ,derived from Bozeman bass,0.417,open,G#3,-0.39,below primo,-1,-6,none,not assessed,short,repeated,0,no,5,middle,no,no,no,
Kabalevsky T02,-2,41,1,G#3,56,o,Bozeman bass midpoint,1.25,open,A3,-1,below primo,-1,-6,none,not assessed,short,repeated,0,no,5,middle,no,no,no,
Kabalevsky T02,-2,41,2.5,G#3,56,ʌ,derived from Bozeman bass,0.417,open,D#4,-6.5,below primo,-1,-6,none,not assessed,short,repeated,0,no,5,middle,no,no,no,
Kabalevsky T02,-2,42,1,G#3,56,ɪ,derived from Bozeman bass,0.625,open,A#3,-1.54,below primo,-1,-6,none,not assessed,short,repeated,0,no,5,middle,no,no,no,
Kabalevsky T02,-2,42,1.75,E3,52,ɑ,Bozeman bass midpoint,0.208,open,D#4,-10.5,below primo,-5,-10,none,not assessed,short,leap-down,-4,no,5,middle,no,no,no,
Kabalevsky T02,-2,42,2,E3,52,i,Bozeman bass midpoint,0.417,close,D#3,1,below primo,-5,-10,none,not assessed,short,repeated,0,no,5,middle,no,no,no,turning pitch 0 to 2 st below
Kabalevsky T02,-2,42,2.5,F#3,54,u,Bozeman bass midpoint,0.417,close,D#3,2.5,below primo,-3,-8,none,not assessed,short,step,2,no,5,middle,no,no,no,
Kabalevsky T02,-2,43,1,G#3,56,ɑ,Bozeman bass midpoint,1.667,open,D#4,-6.5,below primo,-1,-6,none,not assessed,short,step,2,no,5,middle,no,no,no,
Kabalevsky T02,-2,44,1,G#3,56,ɑ,Bozeman bass midpoint,0.417,open,D#4,-6.5,below primo,-1,-6,none,not assessed,short,tie,0,no,5,middle,no,no,no,
Kabalevsky T02,-2,44,1.5,G#3,56,ɑ,Bozeman bass midpoint,0.417,open,D#4,-6.5,below primo,-1,-6,none,not assessed,short,repeated,0,no,5,middle,no,no,no,
Kabalevsky T02,-2,44,2,G#3,56,ɛ,Bozeman bass midpoint,0.417,open,C4,-4.5,below primo,-1,-6,none,not assessed,short,repeated,0,no,5,middle,no,no,no,
Kabalevsky T02,-2,44,2.5,G#3,56,i,Bozeman bass midpoint,0.417,close,D#3,5,below primo,-1,-6,none,not assessed,short,repeated,0,no,5,middle,no,no,no,
Kabalevsky T02,-2,45,1,B3,59,ɑ,Bozeman bass midpoint,0.625,open,D#4,-3.5,inside,2,-3,none,not assessed,short,leap-up,3,no,5,middle,yes,no,no,highest of phrase
Kabalevsky T02,-2,45,1.75,G#3,56,i,Bozeman bass midpoint,0.208,close,D#3,5,below primo,-1,-6,none,not assessed,short,leap-down,-3,no,5,middle,no,no,no,
Kabalevsky T02,-2,45,2,G#3,56,u,Bozeman bass midpoint,0.833,close,D#3,4.5,below primo,-1,-6,none,not assessed,short,repeated,0,no,5,middle,no,no,no,
Kabalevsky T02,-2,46,1,G#3,56,u,Bozeman bass midpoint,0.417,close,D#3,4.5,below primo,-1,-6,none,not assessed,short,tie,0,no,5,middle,no,no,no,
Kabalevsky T02,-2,46,1.5,G#3,56,i,Bozeman bass midpoint,0.417,close,D#3,5,below primo,-1,-6,none,not assessed,short,repeated,0,no,5,middle,no,no,no,
Kabalevsky T02,-2,46,2,G#3,56,o,Bozeman bass midpoint,0.417,open,A3,-1,below primo,-1,-6,none,not assessed,short,repeated,0,no,5,middle,no,no,no,
Kabalevsky T02,-2,46,2.5,G#3,56,ɨ,derived from Bozeman bass,0.417,open,G#3,-0.39,below primo,-1,-6,none,not assessed,short,repeated,0,no,5,middle,no,no,no,
Kabalevsky T02,-2,47,1,F3,53,e,Bozeman bass midpoint,0.833,open,A3,-4,below primo,-4,-9,none,not assessed,short,leap-down,-3,no,5,middle,no,no,no,
Kabalevsky T02,-2,47,2,F3,53,ɑ,Bozeman bass midpoint,0.417,open,D#4,-9.5,below primo,-4,-9,none,not assessed,short,repeated,0,no,5,last,no,no,no,
Kabalevsky T02,-2,47,2.5,F3,53,i,Bozeman bass midpoint,0.417,close,D#3,2,below primo,-4,-9,none,not assessed,short,repeated,0,no,6,first,no,no,no,
Kabalevsky T02,-2,48,1,F3,53,ɑ,Bozeman bass midpoint,1.25,open,D#4,-9.5,below primo,-4,-9,none,not assessed,short,repeated,0,no,6,middle,no,no,no,
Kabalevsky T02,-2,48,2.5,C#3,49,ɨ,derived from Bozeman bass,0.417,open,G#3,-7.39,below primo,-8,-13,3,not assessed,short,leap-down,-4,no,6,middle,no,no,no,
Kabalevsky T02,-2,49,1,D#3,51,none resolved,not assessed,0.417,not assessed,not assessed,not assessed,below primo,-6,-11,not assessed,not assessed,short,step,2,no,6,middle,no,no,no,
Kabalevsky T02,-2,49,1.5,C#3,49,i,Bozeman bass midpoint,0.417,open,D#3,-2,below primo,-8,-13,none,not assessed,short,step,-2,no,6,middle,no,no,no,
Kabalevsky T02,-2,49,2,D#3,51,i,Bozeman bass midpoint,0.417,close,D#3,0,below primo,-6,-11,none,not assessed,short,step,2,no,6,middle,no,no,no,turning pitch 0 to 2 st below
Kabalevsky T02,-2,49,2.5,F3,53,ɑ,Bozeman bass midpoint,0.417,open,D#4,-9.5,below primo,-4,-9,none,not assessed,short,step,2,no,6,middle,no,no,no,
Kabalevsky T02,-2,50,1,C#4,61,ɛ,Bozeman bass midpoint,1.667,close,C4,0.5,inside,4,-1,none,not assessed,held,leap-up,8,no,6,middle,yes,yes,yes,held; highest of phrase; turning pitch 0 to 2 st below
Kabalevsky T02,-2,51,1,C#4,61,ɛ,Bozeman bass midpoint,1.25,close,C4,0.5,inside,4,-1,none,not assessed,held,tie,0,no,6,middle,yes,yes,yes,held; highest of phrase; turning pitch 0 to 2 st below
Kabalevsky T02,-2,51,2.5,F#3,54,ʌ,derived from Bozeman bass,0.417,open,D#4,-8.5,below primo,-3,-8,none,not assessed,short,leap-down,-7,no,6,middle,no,no,no,
Kabalevsky T02,-2,52,1,A3,57,ɑ,Bozeman bass midpoint,1.667,open,D#4,-5.5,inside,0,-5,none,not assessed,short,leap-up,3,no,6,middle,no,no,no,
Kabalevsky T02,-2,53,1,A3,57,ɑ,Bozeman bass midpoint,0.417,open,D#4,-5.5,inside,0,-5,none,not assessed,short,tie,0,no,6,last,no,no,no,
Kabalevsky T02,-2,53,1.5,F#3,54,ɑ,Bozeman bass midpoint,0.417,open,D#4,-8.5,below primo,-3,-8,none,not assessed,short,leap-down,-3,no,7,first,no,no,no,
Kabalevsky T02,-2,53,2,G#3,56,ɑ,Bozeman bass midpoint,0.417,open,D#4,-6.5,below primo,-1,-6,none,not assessed,short,step,2,no,7,middle,no,no,no,
Kabalevsky T02,-2,53,2.5,A3,57,i,Bozeman bass midpoint,0.417,close,D#3,6,inside,0,-5,none,not assessed,short,step,1,no,7,middle,no,no,no,
Kabalevsky T02,-2,54,1,F#3,54,o,Bozeman bass midpoint,1.25,open,A3,-3,below primo,-3,-8,none,not assessed,short,leap-down,-3,no,7,middle,no,no,no,
Kabalevsky T02,-2,54,2.5,F#3,54,ɨ,derived from Bozeman bass,0.417,open,G#3,-2.39,below primo,-3,-8,none,not assessed,short,repeated,0,no,7,middle,no,no,no,
Kabalevsky T02,-2,55,1,F#3,54,o,Bozeman bass midpoint,0.417,open,A3,-3,below primo,-3,-8,none,not assessed,short,repeated,0,no,7,middle,no,no,no,
Kabalevsky T02,-2,55,1.5,F3,53,i,Bozeman bass midpoint,0.417,close,D#3,2,below primo,-4,-9,none,not assessed,short,step,-1,no,7,middle,no,no,no,
Kabalevsky T02,-2,55,2,F#3,54,ɛ,Bozeman bass midpoint,0.417,open,C4,-6.5,below primo,-3,-8,none,not assessed,short,step,1,no,7,middle,no,no,no,
Kabalevsky T02,-2,55,2.5,G#3,56,ʌ,derived from Bozeman bass,0.417,open,D#4,-6.5,below primo,-1,-6,none,not assessed,short,step,2,no,7,middle,no,no,no,
Kabalevsky T02,-2,56,1,A#3,58,e,Bozeman bass midpoint,0.833,close,A3,1,inside,1,-4,none,not assessed,short,step,2,no,7,middle,yes,no,no,highest of phrase; turning pitch 0 to 2 st below
Kabalevsky T02,-2,56,2,A#3,58,u,Bozeman bass midpoint,0.833,close,D#3,6.5,inside,1,-4,none,not assessed,short,repeated,0,no,7,last,yes,no,no,highest of phrase
Kabalevsky T02,-2,61,1,A#3,58,ɛ,Bozeman bass midpoint,0.833,open,C4,-2.5,inside,1,-4,none,not assessed,short,repeated,0,yes,8,first,yes,no,no,highest of phrase
Kabalevsky T02,-2,61,2,G#3,56,ʌ,derived from Bozeman bass,0.417,open,D#4,-6.5,below primo,-1,-6,none,not assessed,short,step,-2,no,8,middle,no,no,no,
Kabalevsky T02,-2,61,2.5,F#3,54,u,Bozeman bass midpoint,0.417,close,D#3,2.5,below primo,-3,-8,none,not assessed,short,step,-2,no,8,middle,no,no,no,
Kabalevsky T02,-2,62,1,F3,53,i,Bozeman bass midpoint,1.25,close,D#3,2,below primo,-4,-9,none,not assessed,short,step,-1,no,8,middle,no,no,no,
Kabalevsky T02,-2,62,2.5,D#3,51,ɑ,Bozeman bass midpoint,0.417,open,D#4,-11.5,below primo,-6,-11,4,not assessed,short,step,-2,no,8,middle,no,no,no,
Kabalevsky T02,-2,63,1,D3,50,o,Bozeman bass midpoint,0.417,open,A3,-7,below primo,-7,-12,3,not assessed,short,step,-1,no,8,middle,no,no,no,
Kabalevsky T02,-2,63,1.5,D#3,51,ɑ,Bozeman bass midpoint,0.417,open,D#4,-11.5,below primo,-6,-11,4,not assessed,short,step,1,no,8,middle,no,no,no,
Kabalevsky T02,-2,63,2,F3,53,ɪ,derived from Bozeman bass,0.417,open,A#3,-4.54,below primo,-4,-9,none,not assessed,short,step,2,no,8,middle,no,no,no,
Kabalevsky T02,-2,63,2.5,B2,47,ɑ,Bozeman bass midpoint,0.417,open,D#4,-15.5,below primo,-10,-15,5,not assessed,short,leap-down,-6,no,8,middle,no,no,no,
Kabalevsky T02,-2,64,1,A#2,46,i,Bozeman bass midpoint,1.667,open,D#3,-5,below primo,-11,-16,none,not assessed,short,step,-1,no,8,middle,no,no,no,
Kabalevsky T02,-2,65,1,A#2,46,i,Bozeman bass midpoint,0.417,open,D#3,-5,below primo,-11,-16,none,not assessed,short,tie,0,no,8,last,no,no,no,
Kabalevsky T02,-2,66,1.5,A#3,58,i,Bozeman bass midpoint,0.417,close,D#3,7,inside,1,-4,none,not assessed,short,leap-up,12,yes,9,first,no,no,no,
Kabalevsky T02,-2,66,2,G#3,56,o,Bozeman bass midpoint,0.417,open,A3,-1,below primo,-1,-6,none,not assessed,short,step,-2,no,9,middle,no,no,no,
Kabalevsky T02,-2,66,2.5,F#3,54,i,Bozeman bass midpoint,0.417,close,D#3,3,below primo,-3,-8,none,not assessed,short,step,-2,no,9,middle,no,no,no,
Kabalevsky T02,-2,67,1,F3,53,o,Bozeman bass midpoint,1.25,open,A3,-4,below primo,-4,-9,none,not assessed,short,step,-1,no,9,middle,no,no,no,
Kabalevsky T02,-2,67,2.5,D#3,51,u,Bozeman bass midpoint,0.417,open,D#3,-0.5,below primo,-6,-11,none,not assessed,short,step,-2,no,9,middle,no,no,no,
Kabalevsky T02,-2,68,1,D3,50,ɑ,Bozeman bass midpoint,0.417,open,D#4,-12.5,below primo,-7,-12,none,not assessed,short,step,-1,no,9,middle,no,no,no,
Kabalevsky T02,-2,68,1.5,D#3,51,ɪ,derived from Bozeman bass,0.417,open,A#3,-6.54,below primo,-6,-11,3,not assessed,short,step,1,no,9,middle,no,no,no,
Kabalevsky T02,-2,68,2,F3,53,ɑ,Bozeman bass midpoint,0.278,open,D#4,-9.5,below primo,-4,-9,none,not assessed,short,step,2,no,9,middle,no,no,no,
Kabalevsky T02,-2,68,2.333,G#3,56,ɑ,Bozeman bass midpoint,0.278,open,D#4,-6.5,below primo,-1,-6,none,not assessed,short,leap-up,3,no,9,middle,no,no,no,
Kabalevsky T02,-2,68,2.667,B3,59,u,Bozeman bass midpoint,0.278,close,D#3,7.5,inside,2,-3,none,not assessed,short,leap-up,3,no,9,middle,yes,no,no,highest of phrase
Kabalevsky T02,-2,69,1,A#3,58,i,Bozeman bass midpoint,1.667,close,D#3,7,inside,1,-4,none,not assessed,held,step,-1,no,9,middle,no,no,no,held
Kabalevsky T02,-2,70,1,A#3,58,i,Bozeman bass midpoint,0.833,close,D#3,7,inside,1,-4,none,not assessed,held,tie,0,no,9,last,no,no,no,held
Kabalevsky T03,-2,2,2.5,C#3,49,u,Bozeman bass midpoint,0.577,open,D#3,-2.5,below primo,-8,-13,none,not assessed,short,first note,,,0,first,no,no,no,
Kabalevsky T03,-2,3,1,C3,48,u,Bozeman bass midpoint,1.731,open,D#3,-3.5,below primo,-9,-14,none,not assessed,short,step,-1,no,0,middle,no,no,no,
Kabalevsky T03,-2,3,2.5,C#3,49,o,Bozeman bass midpoint,0.577,open,A3,-8,below primo,-8,-13,none,not assessed,short,step,1,no,0,middle,no,no,no,
Kabalevsky T03,-2,4,1,C3,48,ɛ,Bozeman bass midpoint,0.577,open,C4,-12.5,below primo,-9,-14,4,not assessed,short,step,-1,no,0,middle,no,no,no,
Kabalevsky T03,-2,4,1.5,D3,50,ɨ,derived from Bozeman bass,0.577,open,G#3,-6.39,below primo,-7,-12,none,not assessed,short,step,2,no,0,middle,no,no,no,
Kabalevsky T03,-2,4,2,E3,52,ʌ,derived from Bozeman bass,0.577,open,D#4,-10.5,below primo,-5,-10,none,not assessed,short,step,2,no,0,middle,no,no,no,
Kabalevsky T03,-2,4,2.5,F3,53,ɑ,Bozeman bass midpoint,0.577,open,D#4,-9.5,below primo,-4,-9,none,not assessed,short,step,1,no,0,middle,no,no,no,
Kabalevsky T03,-2,5,1,G#3,56,u,Bozeman bass midpoint,0.865,close,D#3,4.5,below primo,-1,-6,none,not assessed,short,leap-up,3,no,0,middle,yes,no,no,highest of phrase
Kabalevsky T03,-2,5,1.75,G3,55,ɑ,Bozeman bass midpoint,0.288,open,D#4,-7.5,below primo,-2,-7,3,not assessed,short,step,-1,no,0,middle,no,no,no,
Kabalevsky T03,-2,5,2,F3,53,ɛ,Bozeman bass midpoint,0.577,open,C4,-7.5,below primo,-4,-9,3,not assessed,short,step,-2,no,0,middle,no,no,no,
Kabalevsky T03,-2,5,2.5,C3,48,ʌ,derived from Bozeman bass,0.577,open,D#4,-14.5,below primo,-9,-14,none,not assessed,short,leap-down,-5,no,0,last,no,no,no,
Kabalevsky T03,-2,6,1.5,C#3,49,u,Bozeman bass midpoint,0.577,open,D#3,-2.5,below primo,-8,-13,none,not assessed,short,step,1,yes,1,first,no,no,no,
Kabalevsky T03,-2,6,2,C3,48,u,Bozeman bass midpoint,0.577,open,D#3,-3.5,below primo,-9,-14,none,not assessed,short,step,-1,no,1,middle,no,no,no,
Kabalevsky T03,-2,6,2.5,C#3,49,ɛ,Bozeman bass midpoint,0.577,open,C4,-11.5,below primo,-8,-13,none,not assessed,short,step,1,no,1,middle,no,no,no,
Kabalevsky T03,-2,7,1,C3,48,e,Bozeman bass midpoint,1.731,open,A3,-9,below primo,-9,-14,none,not assessed,short,step,-1,no,1,middle,no,no,no,
Kabalevsky T03,-2,7,2.5,D3,50,o,Bozeman bass midpoint,0.577,open,A3,-7,below primo,-7,-12,3,not assessed,short,step,2,no,1,middle,no,no,no,
Kabalevsky T03,-2,8,1,E3,52,ɪ,derived from Bozeman bass,0.577,open,A#3,-5.54,below primo,-5,-10,none,not assessed,short,step,2,no,1,middle,no,no,no,
Kabalevsky T03,-2,8,1.5,F3,53,ɪ,derived from Bozeman bass,0.577,open,A#3,-4.54,below primo,-4,-9,none,not assessed,short,step,1,no,1,middle,no,no,no,
Kabalevsky T03,-2,8,2,G#3,56,o,Bozeman bass midpoint,0.865,open,A3,-1,below primo,-1,-6,none,not assessed,short,leap-up,3,no,1,middle,yes,no,no,highest of phrase
Kabalevsky T03,-2,8,2.75,G3,55,i,Bozeman bass midpoint,0.288,close,D#3,4,below primo,-2,-7,none,not assessed,short,step,-1,no,1,middle,no,no,no,
Kabalevsky T03,-2,9,1,F3,53,ɑ,Bozeman bass midpoint,2.308,open,D#4,-9.5,below primo,-4,-9,none,not assessed,held,step,-2,no,1,middle,no,no,no,held
Kabalevsky T03,-2,10,1,F3,53,ɑ,Bozeman bass midpoint,0.577,open,D#4,-9.5,below primo,-4,-9,none,not assessed,held,tie,0,no,1,last,no,no,no,held
Kabalevsky T03,-2,10,2.5,F3,53,ɑ,Bozeman bass midpoint,0.577,open,D#4,-9.5,below primo,-4,-9,none,not assessed,short,repeated,0,yes,2,first,no,no,no,
Kabalevsky T03,-2,11,1,F3,53,u,Bozeman bass midpoint,0.577,close,D#3,1.5,below primo,-4,-9,none,not assessed,short,repeated,0,no,2,middle,no,no,no,turning pitch 0 to 2 st below
Kabalevsky T03,-2,11,1.5,D#3,51,ɪ,derived from Bozeman bass,0.577,open,A#3,-6.54,below primo,-6,-11,3,not assessed,short,step,-2,no,2,middle,no,no,no,
Kabalevsky T03,-2,11,2,F3,53,u,Bozeman bass midpoint,0.577,close,D#3,1.5,below primo,-4,-9,none,not assessed,short,step,2,no,2,middle,no,no,no,turning pitch 0 to 2 st below
Kabalevsky T03,-2,11,2.5,C#3,49,ʌ,derived from Bozeman bass,0.577,open,D#4,-13.5,below primo,-8,-13,none,not assessed,short,leap-down,-4,no,2,middle,no,no,no,
Kabalevsky T03,-2,12,1,A#2,46,o,Bozeman bass midpoint,0.577,open,A3,-11,below primo,-11,-16,none,not assessed,short,leap-down,-3,no,2,middle,no,no,no,
Kabalevsky T03,-2,12,1.5,F3,53,o,Bozeman bass midpoint,0.577,open,A3,-4,below primo,-4,-9,none,not assessed,short,leap-up,7,no,2,middle,no,no,no,
Kabalevsky T03,-2,12,2,G3,55,i,Bozeman bass midpoint,0.577,close,D#3,4,below primo,-2,-7,none,not assessed,short,step,2,no,2,middle,no,no,no,
Kabalevsky T03,-2,12,2.5,G#3,56,ɪ,derived from Bozeman bass,0.577,open,A#3,-1.54,below primo,-1,-6,none,not assessed,short,step,1,no,2,middle,no,no,no,
Kabalevsky T03,-2,13,1,G#3,56,ɛ,Bozeman bass midpoint,1.154,open,C4,-4.5,below primo,-1,-6,none,not assessed,short,repeated,0,no,2,middle,no,no,no,
Kabalevsky T03,-2,13,2,F3,53,ʌ,derived from Bozeman bass,0.577,open,D#4,-9.5,below primo,-4,-9,none,not assessed,short,leap-down,-3,no,2,middle,no,no,no,
Kabalevsky T03,-2,13,2.5,C#3,49,u,Bozeman bass midpoint,0.577,open,D#3,-2.5,below primo,-8,-13,none,not assessed,short,leap-down,-4,no,2,middle,no,no,no,
Kabalevsky T03,-2,14,1,C3,48,u,Bozeman bass midpoint,0.577,open,D#3,-3.5,below primo,-9,-14,none,not assessed,short,step,-1,no,2,middle,no,no,no,
Kabalevsky T03,-2,14,1.5,F3,53,u,Bozeman bass midpoint,0.577,close,D#3,1.5,below primo,-4,-9,none,not assessed,short,leap-up,5,no,2,middle,no,no,no,turning pitch 0 to 2 st below
Kabalevsky T03,-2,14,2,G3,55,ɨ,derived from Bozeman bass,0.577,open,G#3,-1.39,below primo,-2,-7,none,not assessed,short,step,2,no,2,middle,no,no,no,
Kabalevsky T03,-2,14,2.5,G#3,56,ɑ,Bozeman bass midpoint,0.577,open,D#4,-6.5,below primo,-1,-6,none,not assessed,short,step,1,no,2,middle,no,no,no,
Kabalevsky T03,-2,15,1,C4,60,a,derived from Bozeman bass,0.577,open,F4,-4.92,inside,3,-2,none,not assessed,short,leap-up,4,no,2,middle,yes,no,no,highest of phrase
Kabalevsky T03,-2,15,1.5,A#3,58,ɪ,derived from Bozeman bass,0.577,close,A#3,0.46,inside,1,-4,none,not assessed,short,step,-2,no,2,middle,no,no,no,turning pitch 0 to 2 st below
Kabalevsky T03,-2,15,2,G#3,56,ʌ,derived from Bozeman bass,0.577,open,D#4,-6.5,below primo,-1,-6,none,not assessed,short,step,-2,no,2,middle,no,no,no,
Kabalevsky T03,-2,15,2.5,G3,55,ɑ,Bozeman bass midpoint,0.577,open,D#4,-7.5,below primo,-2,-7,3,not assessed,short,step,-1,no,2,middle,no,no,no,
Kabalevsky T03,-2,16,1,F3,53,ɑ,Bozeman bass midpoint,2.308,open,D#4,-9.5,below primo,-4,-9,none,not assessed,held,step,-2,no,2,middle,no,no,no,held
Kabalevsky T03,-2,17,1,F3,53,ɑ,Bozeman bass midpoint,0.577,open,D#4,-9.5,below primo,-4,-9,none,not assessed,held,tie,0,no,2,last,no,no,no,held
Kabalevsky T03,-2,18,1.25,D#3,51,i,Bozeman bass midpoint,0.288,close,D#3,0,below primo,-6,-11,none,not assessed,short,step,-2,yes,3,first,no,no,no,turning pitch 0 to 2 st below
Kabalevsky T03,-2,18,1.5,G#3,56,ɑ,Bozeman bass midpoint,0.288,open,D#4,-6.5,below primo,-1,-6,none,not assessed,short,leap-up,5,no,3,middle,no,no,no,
Kabalevsky T03,-2,18,1.75,C4,60,i,Bozeman bass midpoint,0.288,close,D#3,9,inside,3,-2,none,not assessed,short,leap-up,4,no,3,middle,yes,no,no,highest of phrase
Kabalevsky T03,-2,18,2,A#3,58,ɑ,Bozeman bass midpoint,0.577,open,D#4,-4.5,inside,1,-4,none,not assessed,short,step,-2,no,3,middle,no,no,no,
Kabalevsky T03,-2,18,2.5,F3,53,ɑ,Bozeman bass midpoint,0.577,open,D#4,-9.5,below primo,-4,-9,none,not assessed,short,leap-down,-5,no,3,middle,no,no,no,
Kabalevsky T03,-2,19,1,G#3,56,e,Bozeman bass midpoint,0.577,open,A3,-1,below primo,-1,-6,none,not assessed,short,leap-up,3,no,3,middle,no,no,no,
Kabalevsky T03,-2,19,1.5,D#3,51,i,Bozeman bass midpoint,0.577,close,D#3,0,below primo,-6,-11,none,not assessed,short,leap-down,-5,no,3,middle,no,no,no,turning pitch 0 to 2 st below
Kabalevsky T03,-2,19,2,E3,52,ɑ,Bozeman bass midpoint,0.288,open,D#4,-10.5,below primo,-5,-10,none,not assessed,short,step,1,no,3,middle,no,no,no,
Kabalevsky T03,-2,19,2.25,D#3,51,ɑ,Bozeman bass midpoint,0.288,open,D#4,-11.5,below primo,-6,-11,4,not assessed,short,step,-1,no,3,middle,no,no,no,
Kabalevsky T03,-2,19,2.5,E3,52,i,Bozeman bass midpoint,0.288,close,D#3,1,below primo,-5,-10,none,not assessed,short,step,1,no,3,middle,no,no,no,turning pitch 0 to 2 st below
Kabalevsky T03,-2,19,2.75,F#3,54,i,Bozeman bass midpoint,0.288,close,D#3,3,below primo,-3,-8,none,not assessed,short,step,2,no,3,middle,no,no,no,
Kabalevsky T03,-2,20,1,G#3,56,ɛ,Bozeman bass midpoint,0.577,open,C4,-4.5,below primo,-1,-6,none,not assessed,short,step,2,no,3,middle,no,no,no,
Kabalevsky T03,-2,20,1.5,D#3,51,ʌ,derived from Bozeman bass,0.577,open,D#4,-11.5,below primo,-6,-11,4,not assessed,short,leap-down,-5,no,3,last,no,no,no,
Kabalevsky T03,-2,20,2.25,D#3,51,ɑ,Bozeman bass midpoint,0.288,open,D#4,-11.5,below primo,-6,-11,4,not assessed,short,repeated,0,yes,4,first,no,no,no,
Kabalevsky T03,-2,20,2.5,G#3,56,ɑ,Bozeman bass midpoint,0.288,open,D#4,-6.5,below primo,-1,-6,none,not assessed,short,leap-up,5,no,4,middle,no,no,no,
Kabalevsky T03,-2,20,2.75,C4,60,u,Bozeman bass midpoint,0.288,close,D#3,8.5,inside,3,-2,none,not assessed,short,leap-up,4,no,4,middle,yes,no,no,highest of phrase
Kabalevsky T03,-2,21,1,A#3,58,o,Bozeman bass midpoint,0.865,close,A3,1,inside,1,-4,none,not assessed,short,step,-2,no,4,middle,no,no,no,turning pitch 0 to 2 st below
Kabalevsky T03,-2,21,1.75,F3,53,ɑ,Bozeman bass midpoint,0.288,open,D#4,-9.5,below primo,-4,-9,none,not assessed,short,leap-down,-5,no,4,middle,no,no,no,
Kabalevsky T03,-2,21,2,G#3,56,ɑ,Bozeman bass midpoint,0.577,open,D#4,-6.5,below primo,-1,-6,none,not assessed,short,leap-up,3,no,4,middle,no,no,no,
Kabalevsky T03,-2,21,2.5,D#3,51,ɨ,derived from Bozeman bass,0.577,open,G#3,-5.39,below primo,-6,-11,none,not assessed,short,leap-down,-5,no,4,middle,no,no,no,
Kabalevsky T03,-2,22,1,E3,52,ɑ,Bozeman bass midpoint,0.288,open,D#4,-10.5,below primo,-5,-10,none,not assessed,short,step,1,no,4,middle,no,no,no,
Kabalevsky T03,-2,22,1.25,D#3,51,ɑ,Bozeman bass midpoint,0.288,open,D#4,-11.5,below primo,-6,-11,4,not assessed,short,step,-1,no,4,middle,no,no,no,
Kabalevsky T03,-2,22,1.5,E3,52,ɪ,derived from Bozeman bass,0.577,open,A#3,-5.54,below primo,-5,-10,none,not assessed,short,step,1,no,4,middle,no,no,no,
Kabalevsky T03,-2,22,2,D#3,51,ɑ,Bozeman bass midpoint,1.154,open,D#4,-11.5,below primo,-6,-11,4,not assessed,short,step,-1,no,4,middle,no,no,no,
Kabalevsky T03,-2,23,1,D#3,51,ɑ,Bozeman bass midpoint,0.288,open,D#4,-11.5,below primo,-6,-11,4,not assessed,short,tie,0,no,4,middle,no,no,no,
Kabalevsky T03,-2,23,1.25,D3,50,ɑ,Bozeman bass midpoint,0.288,open,D#4,-12.5,below primo,-7,-12,none,not assessed,short,step,-1,no,4,middle,no,no,no,
Kabalevsky T03,-2,23,1.5,D#3,51,ʌ,derived from Bozeman bass,0.288,open,D#4,-11.5,below primo,-6,-11,4,not assessed,short,step,1,no,4,middle,no,no,no,
Kabalevsky T03,-2,23,1.75,F3,53,ɑ,Bozeman bass midpoint,0.288,open,D#4,-9.5,below primo,-4,-9,none,not assessed,short,step,2,no,4,middle,no,no,no,
Kabalevsky T03,-2,23,2,G3,55,e,Bozeman bass midpoint,0.865,open,A3,-2,below primo,-2,-7,none,not assessed,short,step,2,no,4,middle,no,no,no,
Kabalevsky T03,-2,23,2.75,G#3,56,i,Bozeman bass midpoint,0.288,close,D#3,5,below primo,-1,-6,none,not assessed,short,step,1,no,4,middle,no,no,no,
Kabalevsky T03,-2,24,1,G3,55,i,Bozeman bass midpoint,0.865,close,D#3,4,below primo,-2,-7,none,not assessed,short,step,-1,no,4,middle,no,no,no,
Kabalevsky T03,-2,24,1.75,G#3,56,ɑ,Bozeman bass midpoint,0.288,open,D#4,-6.5,below primo,-1,-6,none,not assessed,short,step,1,no,4,middle,no,no,no,
Kabalevsky T03,-2,24,2,G3,55,o,Bozeman bass midpoint,0.288,open,A3,-2,below primo,-2,-7,none,not assessed,short,step,-1,no,4,middle,no,no,no,
Kabalevsky T03,-2,24,2.25,A3,57,ɨ,derived from Bozeman bass,0.288,close,G#3,0.61,inside,0,-5,none,not assessed,short,step,2,no,4,middle,no,no,no,turning pitch 0 to 2 st below
Kabalevsky T03,-2,24,2.5,B3,59,ɑ,Bozeman bass midpoint,0.288,open,D#4,-3.5,inside,2,-3,none,not assessed,short,step,2,no,4,middle,no,no,no,
Kabalevsky T03,-2,24,2.75,G3,55,ɪ,derived from Bozeman bass,0.288,open,A#3,-2.54,below primo,-2,-7,none,not assessed,short,leap-down,-4,no,4,middle,no,no,no,
Kabalevsky T03,-2,25,1,C4,60,o,Bozeman bass midpoint,1.731,close,A3,3,inside,3,-2,none,not assessed,short,leap-up,5,no,4,middle,yes,no,no,highest of phrase
Kabalevsky T03,-2,25,2.5,A#3,58,o,Bozeman bass midpoint,0.577,close,A3,1,inside,1,-4,none,not assessed,short,step,-2,no,4,middle,no,no,no,turning pitch 0 to 2 st below
Kabalevsky T03,-2,26,1,G#3,56,e,Bozeman bass midpoint,0.288,open,A3,-1,below primo,-1,-6,none,not assessed,short,step,-2,no,4,middle,no,no,no,
Kabalevsky T03,-2,26,1.25,G3,55,u,Bozeman bass midpoint,0.288,close,D#3,3.5,below primo,-2,-7,none,not assessed,short,step,-1,no,4,middle,no,no,no,
Kabalevsky T03,-2,26,1.5,G#3,56,ʌ,derived from Bozeman bass,0.288,open,D#4,-6.5,below primo,-1,-6,none,not assessed,short,step,1,no,4,middle,no,no,no,
Kabalevsky T03,-2,26,1.75,F3,53,ɨ,derived from Bozeman bass,0.288,open,G#3,-3.39,below primo,-4,-9,none,not assessed,short,leap-down,-3,no,4,middle,no,no,no,
Kabalevsky T03,-2,26,2,G3,55,ɑ,Bozeman bass midpoint,0.865,open,D#4,-7.5,below primo,-2,-7,3,not assessed,short,step,2,no,4,middle,no,no,no,
Kabalevsky T03,-2,26,2.75,G#3,56,ɪ,derived from Bozeman bass,0.288,open,A#3,-1.54,below primo,-1,-6,none,not assessed,short,step,1,no,4,middle,no,no,no,
Kabalevsky T03,-2,27,1,G3,55,ɛ,Bozeman bass midpoint,0.577,open,C4,-5.5,below primo,-2,-7,none,not assessed,short,step,-1,no,4,middle,no,no,no,
Kabalevsky T03,-2,27,1.5,D3,50,ʌ,derived from Bozeman bass,0.577,open,D#4,-12.5,below primo,-7,-12,none,not assessed,short,leap-down,-5,no,4,last,no,no,no,
Kabalevsky T03,-2,30,1,G3,55,o,Bozeman bass midpoint,0.577,open,A3,-2,below primo,-2,-7,none,not assessed,short,leap-up,5,yes,5,first,no,no,no,
Kabalevsky T03,-2,30,1.5,G3,55,ɪ,derived from Bozeman bass,0.288,open,A#3,-2.54,below primo,-2,-7,none,not assessed,short,repeated,0,no,5,middle,no,no,no,
Kabalevsky T03,-2,30,1.75,G#3,56,i,Bozeman bass midpoint,0.288,close,D#3,5,below primo,-1,-6,none,not assessed,short,step,1,no,5,middle,yes,no,no,highest of phrase
Kabalevsky T03,-2,30,2,G3,55,ɨ,derived from Bozeman bass,0.865,open,G#3,-1.39,below primo,-2,-7,none,not assessed,short,step,-1,no,5,middle,no,no,no,
Kabalevsky T03,-2,30,2.75,G#3,56,none resolved,not assessed,0.288,not assessed,not assessed,not assessed,below primo,-1,-6,not assessed,not assessed,short,step,1,no,5,middle,yes,no,no,highest of phrase
Kabalevsky T03,-2,31,1,G3,55,e,Bozeman bass midpoint,0.288,open,A3,-2,below primo,-2,-7,none,not assessed,short,step,-1,no,5,middle,no,no,no,
Kabalevsky T03,-2,31,1.25,D3,50,i,Bozeman bass midpoint,0.288,open,D#3,-1,below primo,-7,-12,none,not assessed,short,leap-down,-5,no,5,middle,no,no,no,
Kabalevsky T03,-2,31,1.5,D#3,51,i,Bozeman bass midpoint,0.288,close,D#3,0,below primo,-6,-11,none,not assessed,short,step,1,no,5,middle,no,no,no,turning pitch 0 to 2 st below
Kabalevsky T03,-2,31,1.75,F3,53,ɑ,Bozeman bass midpoint,0.288,open,D#4,-9.5,below primo,-4,-9,none,not assessed,short,step,2,no,5,middle,no,no,no,
Kabalevsky T03,-2,31,2,G3,55,e,Bozeman bass midpoint,1.154,open,A3,-2,below primo,-2,-7,none,not assessed,short,step,2,no,5,middle,no,no,no,
Kabalevsky T03,-2,32,1,G3,55,e,Bozeman bass midpoint,0.288,open,A3,-2,below primo,-2,-7,none,not assessed,short,tie,0,no,5,middle,no,no,no,
Kabalevsky T03,-2,32,1.25,G3,55,ɑ,Bozeman bass midpoint,0.288,open,D#4,-7.5,below primo,-2,-7,3,not assessed,short,repeated,0,no,5,middle,no,no,no,
Kabalevsky T03,-2,32,1.5,G3,55,ɑ,Bozeman bass midpoint,0.288,open,D#4,-7.5,below primo,-2,-7,3,not assessed,short,repeated,0,no,5,middle,no,no,no,
Kabalevsky T03,-2,32,1.75,G#3,56,ɪ,derived from Bozeman bass,0.288,open,A#3,-1.54,below primo,-1,-6,none,not assessed,short,step,1,no,5,middle,yes,no,no,highest of phrase
Kabalevsky T03,-2,32,2,G3,55,o,Bozeman bass midpoint,0.865,open,A3,-2,below primo,-2,-7,none,not assessed,short,step,-1,no,5,middle,no,no,no,
Kabalevsky T03,-2,32,2.75,G#3,56,u,Bozeman bass midpoint,0.288,close,D#3,4.5,below primo,-1,-6,none,not assessed,short,step,1,no,5,middle,yes,no,no,highest of phrase
Kabalevsky T03,-2,33,1,G3,55,o,Bozeman bass midpoint,0.288,open,A3,-2,below primo,-2,-7,none,not assessed,short,step,-1,no,5,middle,no,no,no,
Kabalevsky T03,-2,33,1.25,C3,48,u,Bozeman bass midpoint,0.288,open,D#3,-3.5,below primo,-9,-14,none,not assessed,short,leap-down,-7,no,5,middle,no,no,no,
Kabalevsky T03,-2,33,1.5,D3,50,i,Bozeman bass midpoint,0.288,open,D#3,-1,below primo,-7,-12,none,not assessed,short,step,2,no,5,middle,no,no,no,
Kabalevsky T03,-2,33,1.75,E3,52,i,Bozeman bass midpoint,0.288,close,D#3,1,below primo,-5,-10,none,not assessed,short,step,2,no,5,middle,no,no,no,turning pitch 0 to 2 st below
Kabalevsky T03,-2,33,2,F3,53,a,derived from Bozeman bass,0.865,open,F4,-11.92,below primo,-4,-9,4,not assessed,short,step,1,no,5,middle,no,no,no,
Kabalevsky T03,-2,33,2.75,F3,53,ɑ,Bozeman bass midpoint,0.288,open,D#4,-9.5,below primo,-4,-9,none,not assessed,short,repeated,0,no,5,last,no,no,no,
Kabalevsky T03,-2,34,2.75,F3,53,o,Bozeman bass midpoint,0.288,open,A3,-4,below primo,-4,-9,none,not assessed,short,repeated,0,yes,6,first,no,no,no,
Kabalevsky T03,-2,35,1,A#3,58,u,Bozeman bass midpoint,0.288,close,D#3,6.5,inside,1,-4,none,not assessed,short,leap-up,5,no,6,middle,yes,no,no,highest of phrase
Kabalevsky T03,-2,35,1.25,A#3,58,ɨ,derived from Bozeman bass,0.288,close,G#3,1.61,inside,1,-4,none,not assessed,short,repeated,0,no,6,middle,yes,no,no,highest of phrase; turning pitch 0 to 2 st below
Kabalevsky T03,-2,35,1.5,A#3,58,ʌ,derived from Bozeman bass,0.288,open,D#4,-4.5,inside,1,-4,none,not assessed,short,repeated,0,no,6,middle,yes,no,no,highest of phrase
Kabalevsky T03,-2,35,1.75,F3,53,u,Bozeman bass midpoint,0.288,close,D#3,1.5,below primo,-4,-9,none,not assessed,short,leap-down,-5,no,6,middle,no,no,no,turning pitch 0 to 2 st below
Kabalevsky T03,-2,35,2,A#3,58,ɑ,Bozeman bass midpoint,0.288,open,D#4,-4.5,inside,1,-4,none,not assessed,short,leap-up,5,no,6,middle,yes,no,no,highest of phrase
Kabalevsky T03,-2,35,2.25,G#3,56,ɑ,Bozeman bass midpoint,0.288,open,D#4,-6.5,below primo,-1,-6,none,not assessed,short,step,-2,no,6,middle,no,no,no,
Kabalevsky T03,-2,35,2.5,G3,55,ɛ,Bozeman bass midpoint,0.288,open,C4,-5.5,below primo,-2,-7,none,not assessed,short,step,-1,no,6,middle,no,no,no,
Kabalevsky T03,-2,35,2.75,F3,53,ɪ,derived from Bozeman bass,0.288,open,A#3,-4.54,below primo,-4,-9,none,not assessed,short,step,-2,no,6,middle,no,no,no,
Kabalevsky T03,-2,36,1,C3,48,e,Bozeman bass midpoint,1.154,open,A3,-9,below primo,-9,-14,none,not assessed,short,leap-down,-5,no,6,middle,no,no,no,
Kabalevsky T03,-2,36,2,C3,48,e,Bozeman bass midpoint,0.288,open,A3,-9,below primo,-9,-14,none,not assessed,short,tie,0,no,6,middle,no,no,no,
Kabalevsky T03,-2,36,2.25,C#3,49,ɑ,Bozeman bass midpoint,0.288,open,D#4,-13.5,below primo,-8,-13,none,not assessed,short,step,1,no,6,middle,no,no,no,
Kabalevsky T03,-2,36,2.5,C3,48,ɨ,derived from Bozeman bass,0.288,open,G#3,-8.39,below primo,-9,-14,none,not assessed,short,step,-1,no,6,middle,no,no,no,
Kabalevsky T03,-2,36,2.75,C#3,49,ʌ,derived from Bozeman bass,0.288,open,D#4,-13.5,below primo,-8,-13,none,not assessed,short,step,1,no,6,middle,no,no,no,
Kabalevsky T03,-2,37,1,C3,48,ɑ,Bozeman bass midpoint,0.865,open,D#4,-14.5,below primo,-9,-14,none,not assessed,short,step,-1,no,6,middle,no,no,no,
Kabalevsky T03,-2,37,1.75,D3,50,i,Bozeman bass midpoint,0.288,open,D#3,-1,below primo,-7,-12,none,not assessed,short,step,2,no,6,middle,no,no,no,
Kabalevsky T03,-2,37,2,E3,52,a,derived from Bozeman bass,0.288,open,F4,-12.92,below primo,-5,-10,none,not assessed,short,step,2,no,6,middle,no,no,no,
Kabalevsky T03,-2,37,2.25,F3,53,ɪ,derived from Bozeman bass,0.288,open,A#3,-4.54,below primo,-4,-9,none,not assessed,short,step,1,no,6,middle,no,no,no,
Kabalevsky T03,-2,37,2.5,G#3,56,ʌ,derived from Bozeman bass,0.288,open,D#4,-6.5,below primo,-1,-6,none,not assessed,short,leap-up,3,no,6,middle,no,no,no,
Kabalevsky T03,-2,37,2.75,G3,55,ɑ,Bozeman bass midpoint,0.288,open,D#4,-7.5,below primo,-2,-7,3,not assessed,short,step,-1,no,6,middle,no,no,no,
Kabalevsky T03,-2,38,1,F3,53,a,derived from Bozeman bass,0.865,open,F4,-11.92,below primo,-4,-9,4,not assessed,short,step,-2,no,6,middle,no,no,no,
Kabalevsky T03,-2,38,1.75,F3,53,ɪ,derived from Bozeman bass,0.288,open,A#3,-4.54,below primo,-4,-9,none,not assessed,short,repeated,0,no,6,last,no,no,no,
Kabalevsky T03,-2,44,2.5,F3,53,i,Bozeman bass midpoint,0.577,close,D#3,2,below primo,-4,-9,none,not assessed,short,repeated,0,yes,7,first,no,no,no,
Kabalevsky T03,-2,45,1,F3,53,ɑ,Bozeman bass midpoint,1.731,open,D#4,-9.5,below primo,-4,-9,none,not assessed,short,repeated,0,no,7,middle,no,no,no,
Kabalevsky T03,-2,45,2.5,D#3,51,u,Bozeman bass midpoint,0.577,open,D#3,-0.5,below primo,-6,-11,none,not assessed,short,step,-2,no,7,middle,no,no,no,
Kabalevsky T03,-2,46,1,F3,53,o,Bozeman bass midpoint,1.731,open,A3,-4,below primo,-4,-9,none,not assessed,short,step,2,no,7,middle,no,no,no,
Kabalevsky T03,-2,46,2.5,C#3,49,ɑ,Bozeman bass midpoint,0.577,open,D#4,-13.5,below primo,-8,-13,none,not assessed,short,leap-down,-4,no,7,middle,no,no,no,
Kabalevsky T03,-2,47,1,A#2,46,o,Bozeman bass midpoint,0.577,open,A3,-11,below primo,-11,-16,none,not assessed,short,leap-down,-3,no,7,middle,no,no,no,
Kabalevsky T03,-2,47,1.5,C#3,49,ʌ,derived from Bozeman bass,0.577,open,D#4,-13.5,below primo,-8,-13,none,not assessed,short,leap-up,3,no,7,middle,no,no,no,
Kabalevsky T03,-2,47,2,F3,53,ʌ,derived from Bozeman bass,0.577,open,D#4,-9.5,below primo,-4,-9,none,not assessed,short,leap-up,4,no,7,middle,no,no,no,
Kabalevsky T03,-2,47,2.5,G3,55,ɑ,Bozeman bass midpoint,0.577,open,D#4,-7.5,below primo,-2,-7,3,not assessed,short,step,2,no,7,middle,no,no,no,
Kabalevsky T03,-2,48,1,G#3,56,u,Bozeman bass midpoint,1.154,close,D#3,4.5,below primo,-1,-6,none,not assessed,short,step,1,no,7,middle,yes,no,no,highest of phrase
Kabalevsky T03,-2,48,2,G#3,56,u,Bozeman bass midpoint,0.288,close,D#3,4.5,below primo,-1,-6,none,not assessed,short,tie,0,no,7,last,yes,no,no,highest of phrase
Kabalevsky T03,-2,48,2.25,F3,53,ɑ,Bozeman bass midpoint,0.288,open,D#4,-9.5,below primo,-4,-9,none,not assessed,short,leap-down,-3,no,8,first,no,no,no,
Kabalevsky T03,-2,48,2.5,C#3,49,o,Bozeman bass midpoint,0.288,open,A3,-8,below primo,-8,-13,none,not assessed,short,leap-down,-4,no,8,middle,no,no,no,
Kabalevsky T03,-2,48,2.75,F3,53,ɑ,Bozeman bass midpoint,0.288,open,D#4,-9.5,below primo,-4,-9,none,not assessed,short,leap-up,4,no,8,middle,no,no,no,
Kabalevsky T03,-2,49,1,C3,48,ɛ,Bozeman bass midpoint,0.577,open,C4,-12.5,below primo,-9,-14,4,not assessed,short,leap-down,-5,no,8,middle,no,no,no,
Kabalevsky T03,-2,49,1.5,G#3,56,ɛ,Bozeman bass midpoint,1.154,open,C4,-4.5,below primo,-1,-6,none,not assessed,short,leap-up,8,no,8,last,yes,no,no,highest of phrase
Kabalevsky T03,-2,49,2.5,G#3,56,i,Bozeman bass midpoint,0.577,close,D#3,5,below primo,-1,-6,none,not assessed,short,repeated,0,no,9,first,no,no,no,
Kabalevsky T03,-2,50,1,C4,60,o,Bozeman bass midpoint,0.577,close,A3,3,inside,3,-2,none,not assessed,short,leap-up,4,no,9,middle,yes,no,no,highest of phrase
Kabalevsky T03,-2,50,1.5,A#3,58,ɨ,derived from Bozeman bass,0.577,close,G#3,1.61,inside,1,-4,none,not assessed,short,step,-2,no,9,middle,no,no,no,turning pitch 0 to 2 st below
Kabalevsky T03,-2,50,2,G#3,56,ɪ,derived from Bozeman bass,0.577,open,A#3,-1.54,below primo,-1,-6,none,not assessed,short,step,-2,no,9,middle,no,no,no,
Kabalevsky T03,-2,50,2.5,G3,55,ɑ,Bozeman bass midpoint,0.577,open,D#4,-7.5,below primo,-2,-7,3,not assessed,short,step,-1,no,9,middle,no,no,no,
Kabalevsky T03,-2,51,1,F3,53,u,Bozeman bass midpoint,2.308,close,D#3,1.5,below primo,-4,-9,none,not assessed,held,step,-2,no,9,middle,no,no,no,held; turning pitch 0 to 2 st below
Kabalevsky T03,-2,52,1,F3,53,u,Bozeman bass midpoint,0.577,close,D#3,1.5,below primo,-4,-9,none,not assessed,held,tie,0,no,9,last,no,no,no,held; turning pitch 0 to 2 st below
Kabalevsky T04,-2,4,3.5,A#2,46,ɑ,Bozeman bass midpoint,0.6,open,D#4,-16.5,below primo,-11,-16,none,not assessed,short,first note,,,0,first,no,no,no,
Kabalevsky T04,-2,4,4,C3,48,ɑ,Bozeman bass midpoint,0.6,open,D#4,-14.5,below primo,-9,-14,none,not assessed,short,step,2,no,0,middle,no,no,no,
Kabalevsky T04,-2,4,4.5,F3,53,ɑ,Bozeman bass midpoint,0.6,open,D#4,-9.5,below primo,-4,-9,none,not assessed,short,leap-up,5,no,0,middle,no,no,no,
Kabalevsky T04,-2,5,1,C#3,49,u,Bozeman bass midpoint,1.8,open,D#3,-2.5,below primo,-8,-13,none,not assessed,short,leap-down,-4,no,0,middle,no,no,no,
Kabalevsky T04,-2,5,2.5,C3,48,ɪ,derived from Bozeman bass,0.6,open,A#3,-9.54,below primo,-9,-14,none,not assessed,short,step,-1,no,0,middle,no,no,no,
Kabalevsky T04,-2,5,3,C#3,49,o,Bozeman bass midpoint,0.6,open,A3,-8,below primo,-8,-13,none,not assessed,short,step,1,no,0,middle,no,no,no,
Kabalevsky T04,-2,5,3.5,A#2,46,ɨ,derived from Bozeman bass,0.6,open,G#3,-10.39,below primo,-11,-16,none,not assessed,short,leap-down,-3,no,0,middle,no,no,no,
Kabalevsky T04,-2,5,4,D#3,51,ɑ,Bozeman bass midpoint,0.6,open,D#4,-11.5,below primo,-6,-11,4,not assessed,short,leap-up,5,no,0,middle,no,no,no,
Kabalevsky T04,-2,5,4.5,C3,48,ɨ,derived from Bozeman bass,0.6,open,G#3,-8.39,below primo,-9,-14,none,not assessed,short,leap-down,-3,no,0,middle,no,no,no,
Kabalevsky T04,-2,6,1,F3,53,u,Bozeman bass midpoint,2.4,close,D#3,1.5,below primo,-4,-9,none,not assessed,held,leap-up,5,no,0,middle,no,no,no,held; turning pitch 0 to 2 st below
Kabalevsky T04,-2,6,3,F3,53,u,Bozeman bass midpoint,0.6,close,D#3,1.5,below primo,-4,-9,none,not assessed,held,tie,0,no,0,middle,no,no,no,held; turning pitch 0 to 2 st below
Kabalevsky T04,-2,6,3.5,D#3,51,ɑ,Bozeman bass midpoint,0.6,open,D#4,-11.5,below primo,-6,-11,4,not assessed,short,step,-2,no,0,middle,no,no,no,
Kabalevsky T04,-2,6,4,F3,53,ɨ,derived from Bozeman bass,0.6,open,G#3,-3.39,below primo,-4,-9,none,not assessed,short,step,2,no,0,middle,no,no,no,
Kabalevsky T04,-2,6,4.5,F#3,54,ɨ,derived from Bozeman bass,0.6,open,G#3,-2.39,below primo,-3,-8,none,not assessed,short,step,1,no,0,middle,no,no,no,
Kabalevsky T04,-2,7,1,G#3,56,ɑ,Bozeman bass midpoint,0.6,open,D#4,-6.5,below primo,-1,-6,none,not assessed,short,step,2,no,0,middle,yes,no,no,highest of phrase
Kabalevsky T04,-2,7,1.5,F3,53,u,Bozeman bass midpoint,0.6,close,D#3,1.5,below primo,-4,-9,none,not assessed,short,leap-down,-3,no,0,middle,no,no,no,turning pitch 0 to 2 st below
Kabalevsky T04,-2,7,2,D#3,51,ʌ,derived from Bozeman bass,0.6,open,D#4,-11.5,below primo,-6,-11,4,not assessed,short,step,-2,no,0,middle,no,no,no,
Kabalevsky T04,-2,7,2.5,C#3,49,ɑ,Bozeman bass midpoint,0.6,open,D#4,-13.5,below primo,-8,-13,none,not assessed,short,step,-2,no,0,middle,no,no,no,
Kabalevsky T04,-2,7,3,D#3,51,ɑ,Bozeman bass midpoint,1.8,open,D#4,-11.5,below primo,-6,-11,4,not assessed,short,step,2,no,0,middle,no,no,no,
Kabalevsky T04,-2,7,4.5,C3,48,ɨ,derived from Bozeman bass,0.6,open,G#3,-8.39,below primo,-9,-14,none,not assessed,short,leap-down,-3,no,0,middle,no,no,no,
Kabalevsky T04,-2,8,1,F3,53,o,Bozeman bass midpoint,1.8,open,A3,-4,below primo,-4,-9,none,not assessed,short,leap-up,5,no,0,middle,no,no,no,
Kabalevsky T04,-2,8,2.5,F3,53,ʌ,derived from Bozeman bass,0.6,open,D#4,-9.5,below primo,-4,-9,none,not assessed,short,repeated,0,no,0,last,no,no,no,
Kabalevsky T04,-2,8,3.5,F3,53,u,Bozeman bass midpoint,0.6,close,D#3,1.5,below primo,-4,-9,none,not assessed,short,repeated,0,yes,1,first,no,no,no,turning pitch 0 to 2 st below
Kabalevsky T04,-2,8,4,D#3,51,ɑ,Bozeman bass midpoint,0.6,open,D#4,-11.5,below primo,-6,-11,4,not assessed,short,step,-2,no,1,middle,no,no,no,
Kabalevsky T04,-2,8,4.5,C#3,49,ɨ,derived from Bozeman bass,0.6,open,G#3,-7.39,below primo,-8,-13,3,not assessed,short,step,-2,no,1,middle,no,no,no,
Kabalevsky T04,-2,9,1,D#3,51,ɛ,Bozeman bass midpoint,1.8,open,C4,-9.5,below primo,-6,-11,none,not assessed,short,step,2,no,1,middle,no,no,no,
Kabalevsky T04,-2,9,2.5,C3,48,i,Bozeman bass midpoint,0.6,open,D#3,-3,below primo,-9,-14,none,not assessed,short,leap-down,-3,no,1,middle,no,no,no,
Kabalevsky T04,-2,9,3,C#3,49,o,Bozeman bass midpoint,0.6,open,A3,-8,below primo,-8,-13,none,not assessed,short,step,1,no,1,middle,no,no,no,
Kabalevsky T04,-2,9,3.5,C3,48,ɑ,Bozeman bass midpoint,0.6,open,D#4,-14.5,below primo,-9,-14,none,not assessed,short,step,-1,no,1,middle,no,no,no,
Kabalevsky T04,-2,9,4,C#3,49,ɛ,Bozeman bass midpoint,0.6,open,C4,-11.5,below primo,-8,-13,none,not assessed,short,step,1,no,1,middle,no,no,no,
Kabalevsky T04,-2,9,4.5,D#3,51,ɑ,Bozeman bass midpoint,0.6,open,D#4,-11.5,below primo,-6,-11,4,not assessed,short,step,2,no,1,middle,no,no,no,
Kabalevsky T04,-2,10,1,E3,52,u,Bozeman bass midpoint,0.6,close,D#3,0.5,below primo,-5,-10,none,not assessed,short,step,1,no,1,middle,no,no,no,turning pitch 0 to 2 st below
Kabalevsky T04,-2,10,1.5,F3,53,i,Bozeman bass midpoint,0.6,close,D#3,2,below primo,-4,-9,none,not assessed,short,step,1,no,1,middle,no,no,no,
Kabalevsky T04,-2,10,2,A#3,58,ɑ,Bozeman bass midpoint,0.6,open,D#4,-4.5,inside,1,-4,none,not assessed,short,leap-up,5,no,1,middle,no,no,no,
Kabalevsky T04,-2,10,2.5,C4,60,ʌ,derived from Bozeman bass,0.6,open,D#4,-2.5,inside,3,-2,none,not assessed,short,step,2,no,1,middle,no,no,no,
Kabalevsky T04,-2,10,3,C#4,61,o,Bozeman bass midpoint,2.4,close,A3,4,inside,4,-1,none,not assessed,held,step,1,no,1,middle,yes,yes,yes,held; highest of phrase
Kabalevsky T04,-2,11,1,C#4,61,o,Bozeman bass midpoint,0.6,close,A3,4,inside,4,-1,none,not assessed,held,tie,0,no,1,middle,yes,yes,yes,held; highest of phrase
Kabalevsky T04,-2,11,1.5,C4,60,u,Bozeman bass midpoint,0.6,close,D#3,8.5,inside,3,-2,none,not assessed,short,step,-1,no,1,middle,no,no,no,
Kabalevsky T04,-2,11,2,A#3,58,ɑ,Bozeman bass midpoint,0.6,open,D#4,-4.5,inside,1,-4,none,not assessed,short,step,-2,no,1,middle,no,no,no,
Kabalevsky T04,-2,11,2.5,A3,57,ɑ,Bozeman bass midpoint,0.6,open,D#4,-5.5,inside,0,-5,none,not assessed,short,step,-1,no,1,middle,no,no,no,
Kabalevsky T04,-2,11,3,A#3,58,e,Bozeman bass midpoint,1.8,close,A3,1,inside,1,-4,none,not assessed,short,step,1,no,1,middle,no,no,no,turning pitch 0 to 2 st below
Kabalevsky T04,-2,11,4.5,F#3,54,u,Bozeman bass midpoint,0.6,close,D#3,2.5,below primo,-3,-8,none,not assessed,short,leap-down,-4,no,1,middle,no,no,no,
Kabalevsky T04,-2,12,1,C#3,49,o,Bozeman bass midpoint,1.8,open,A3,-8,below primo,-8,-13,none,not assessed,short,leap-down,-5,no,1,middle,no,no,no,
Kabalevsky T04,-2,12,2.5,F3,53,ɑ,Bozeman bass midpoint,0.6,open,D#4,-9.5,below primo,-4,-9,none,not assessed,short,leap-up,4,no,1,last,no,no,no,
Kabalevsky T04,-2,13,3.5,A#2,46,i,Bozeman bass midpoint,0.6,open,D#3,-5,below primo,-11,-16,none,not assessed,short,leap-down,-7,yes,2,first,no,no,no,
Kabalevsky T04,-2,13,4,C3,48,ɑ,Bozeman bass midpoint,0.6,open,D#4,-14.5,below primo,-9,-14,none,not assessed,short,step,2,no,2,middle,no,no,no,
Kabalevsky T04,-2,13,4.5,F3,53,ɪ,derived from Bozeman bass,0.6,open,A#3,-4.54,below primo,-4,-9,none,not assessed,short,leap-up,5,no,2,middle,no,no,no,
Kabalevsky T04,-2,14,1,C#3,49,ɑ,Bozeman bass midpoint,0.6,open,D#4,-13.5,below primo,-8,-13,none,not assessed,short,leap-down,-4,no,2,middle,no,no,no,
Kabalevsky T04,-2,14,1.5,C3,48,ɨ,derived from Bozeman bass,0.6,open,G#3,-8.39,below primo,-9,-14,none,not assessed,short,step,-1,no,2,middle,no,no,no,
Kabalevsky T04,-2,14,2,C#3,49,o,Bozeman bass midpoint,1.8,open,A3,-8,below primo,-8,-13,none,not assessed,short,step,1,no,2,middle,no,no,no,
Kabalevsky T04,-2,14,3.5,F3,53,ɑ,Bozeman bass midpoint,0.6,open,D#4,-9.5,below primo,-4,-9,none,not assessed,short,leap-up,4,no,2,middle,no,no,no,
Kabalevsky T04,-2,15,1,F3,53,o,Bozeman bass midpoint,0.6,open,A3,-4,below primo,-4,-9,none,not assessed,short,repeated,0,no,2,middle,no,no,no,
Kabalevsky T04,-2,15,1.5,E3,52,ɨ,derived from Bozeman bass,0.6,open,G#3,-4.39,below primo,-5,-10,none,not assessed,short,step,-1,no,2,middle,no,no,no,
Kabalevsky T04,-2,15,2,E3,52,u,Bozeman bass midpoint,1.8,close,D#3,0.5,below primo,-5,-10,none,not assessed,short,repeated,0,no,2,middle,no,no,no,turning pitch 0 to 2 st below
Kabalevsky T04,-2,15,3.5,G3,55,ɑ,Bozeman bass midpoint,0.6,open,D#4,-7.5,below primo,-2,-7,3,not assessed,short,leap-up,3,no,2,middle,no,no,no,
Kabalevsky T04,-2,16,1,G#3,56,ɛ,Bozeman bass midpoint,0.6,open,C4,-4.5,below primo,-1,-6,none,not assessed,short,step,1,no,2,middle,no,no,no,
Kabalevsky T04,-2,16,1.5,F3,53,ɑ,Bozeman bass midpoint,0.6,open,D#4,-9.5,below primo,-4,-9,none,not assessed,short,leap-down,-3,no,2,middle,no,no,no,
Kabalevsky T04,-2,16,2,F#3,54,o,Bozeman bass midpoint,0.6,open,A3,-3,below primo,-3,-8,none,not assessed,short,step,1,no,2,middle,no,no,no,
Kabalevsky T04,-2,16,2.5,G#3,56,ɑ,Bozeman bass midpoint,0.6,open,D#4,-6.5,below primo,-1,-6,none,not assessed,short,step,2,no,2,middle,no,no,no,
Kabalevsky T04,-2,16,3,A#3,58,ɛ,Bozeman bass midpoint,0.6,open,C4,-2.5,inside,1,-4,none,not assessed,short,step,2,no,2,middle,yes,no,no,highest of phrase
Kabalevsky T04,-2,16,3.5,F3,53,ɑ,Bozeman bass midpoint,0.6,open,D#4,-9.5,below primo,-4,-9,none,not assessed,short,leap-down,-5,no,2,middle,no,no,no,
Kabalevsky T04,-2,16,4,F#3,54,i,Bozeman bass midpoint,0.6,close,D#3,3,below primo,-3,-8,none,not assessed,short,step,1,no,2,middle,no,no,no,
Kabalevsky T04,-2,16,4.5,F3,53,ɑ,Bozeman bass midpoint,0.6,open,D#4,-9.5,below primo,-4,-9,none,not assessed,short,step,-1,no,2,middle,no,no,no,
Kabalevsky T04,-2,17,1,F#3,54,i,Bozeman bass midpoint,0.6,close,D#3,3,below primo,-3,-8,none,not assessed,short,step,1,no,2,middle,no,no,no,
Kabalevsky T04,-2,17,1.5,D#3,51,ɑ,Bozeman bass midpoint,0.6,open,D#4,-11.5,below primo,-6,-11,4,not assessed,short,leap-down,-3,no,2,last,no,no,no,
Kabalevsky T04,-2,17,2.5,F3,53,i,Bozeman bass midpoint,0.6,close,D#3,2,below primo,-4,-9,none,not assessed,short,step,2,yes,3,first,no,no,no,
Kabalevsky T04,-2,17,3,F#3,54,u,Bozeman bass midpoint,1.8,close,D#3,2.5,below primo,-3,-8,none,not assessed,short,step,1,no,3,middle,no,no,no,
Kabalevsky T04,-2,17,4.5,D#3,51,u,Bozeman bass midpoint,0.6,open,D#3,-0.5,below primo,-6,-11,none,not assessed,short,leap-down,-3,no,3,middle,no,no,no,
Kabalevsky T04,-2,18,1,F3,53,o,Bozeman bass midpoint,1.8,open,A3,-4,below primo,-4,-9,none,not assessed,short,step,2,no,3,middle,no,no,no,
Kabalevsky T04,-2,18,2.5,F3,53,ɑ,Bozeman bass midpoint,0.6,open,D#4,-9.5,below primo,-4,-9,none,not assessed,short,repeated,0,no,3,middle,no,no,no,
Kabalevsky T04,-2,18,3,F#3,54,i,Bozeman bass midpoint,0.6,close,D#3,3,below primo,-3,-8,none,not assessed,short,step,1,no,3,middle,no,no,no,
Kabalevsky T04,-2,18,3.5,D#3,51,u,Bozeman bass midpoint,0.6,open,D#3,-0.5,below primo,-6,-11,none,not assessed,short,leap-down,-3,no,3,middle,no,no,no,
Kabalevsky T04,-2,18,4,D#3,51,u,Bozeman bass midpoint,0.6,open,D#3,-0.5,below primo,-6,-11,none,not assessed,short,repeated,0,no,3,middle,no,no,no,
Kabalevsky T04,-2,18,4.5,F#3,54,ɑ,Bozeman bass midpoint,0.6,open,D#4,-8.5,below primo,-3,-8,none,not assessed,short,leap-up,3,no,3,middle,no,no,no,
Kabalevsky T04,-2,19,1,F3,53,u,Bozeman bass midpoint,0.6,close,D#3,1.5,below primo,-4,-9,none,not assessed,short,step,-1,no,3,middle,no,no,no,turning pitch 0 to 2 st below
Kabalevsky T04,-2,19,1.5,E3,52,i,Bozeman bass midpoint,0.6,close,D#3,1,below primo,-5,-10,none,not assessed,short,step,-1,no,3,middle,no,no,no,turning pitch 0 to 2 st below
Kabalevsky T04,-2,19,2,F3,53,o,Bozeman bass midpoint,0.6,open,A3,-4,below primo,-4,-9,none,not assessed,short,step,1,no,3,middle,no,no,no,
Kabalevsky T04,-2,19,2.5,G3,55,o,Bozeman bass midpoint,0.6,open,A3,-2,below primo,-2,-7,none,not assessed,short,step,2,no,3,middle,no,no,no,
Kabalevsky T04,-2,19,3,G#3,56,ɨ,derived from Bozeman bass,0.6,open,G#3,-0.39,below primo,-1,-6,none,not assessed,short,step,1,no,3,middle,yes,no,no,highest of phrase
Kabalevsky T04,-2,19,3.5,F3,53,i,Bozeman bass midpoint,0.6,close,D#3,2,below primo,-4,-9,none,not assessed,short,leap-down,-3,no,3,middle,no,no,no,
Kabalevsky T04,-2,19,4,B2,47,ɛ,Bozeman bass midpoint,0.6,open,C4,-13.5,below primo,-10,-15,none,not assessed,short,leap-down,-6,no,3,middle,no,no,no,
Kabalevsky T04,-2,19,4.5,C3,48,ɑ,Bozeman bass midpoint,0.6,open,D#4,-14.5,below primo,-9,-14,none,not assessed,short,step,1,no,3,middle,no,no,no,
Kabalevsky T04,-2,20,1,C#3,49,ɑ,Bozeman bass midpoint,1.8,open,D#4,-13.5,below primo,-8,-13,none,not assessed,short,step,1,no,3,middle,no,no,no,
Kabalevsky T04,-2,20,2.5,F3,53,ʌ,derived from Bozeman bass,0.6,open,D#4,-9.5,below primo,-4,-9,none,not assessed,short,leap-up,4,no,3,middle,no,no,no,
Kabalevsky T04,-2,20,3,E3,52,i,Bozeman bass midpoint,0.6,close,D#3,1,below primo,-5,-10,none,not assessed,short,step,-1,no,3,middle,no,no,no,turning pitch 0 to 2 st below
Kabalevsky T04,-2,20,3.5,C3,48,ʌ,derived from Bozeman bass,0.6,open,D#4,-14.5,below primo,-9,-14,none,not assessed,short,leap-down,-4,no,3,last,no,no,no,
Kabalevsky T04,-2,21,1.5,C3,48,ɪ,derived from Bozeman bass,0.6,open,A#3,-9.54,below primo,-9,-14,none,not assessed,short,repeated,0,yes,4,first,no,no,no,
Kabalevsky T04,-2,21,2,C3,48,u,Bozeman bass midpoint,0.6,open,D#3,-3.5,below primo,-9,-14,none,not assessed,short,repeated,0,no,4,middle,no,no,no,
Kabalevsky T04,-2,21,2.5,C3,48,ɑ,Bozeman bass midpoint,0.6,open,D#4,-14.5,below primo,-9,-14,none,not assessed,short,repeated,0,no,4,middle,no,no,no,
Kabalevsky T04,-2,21,3,C3,48,o,Bozeman bass midpoint,1.8,open,A3,-9,below primo,-9,-14,none,not assessed,short,repeated,0,no,4,middle,no,no,no,
Kabalevsky T04,-2,21,4.5,C3,48,ɑ,Bozeman bass midpoint,0.6,open,D#4,-14.5,below primo,-9,-14,none,not assessed,short,repeated,0,no,4,middle,no,no,no,
Kabalevsky T04,-2,22,1,C3,48,e,Bozeman bass midpoint,0.6,open,A3,-9,below primo,-9,-14,none,not assessed,short,repeated,0,no,4,middle,no,no,no,
Kabalevsky T04,-2,22,1.5,C3,48,ɑ,Bozeman bass midpoint,0.6,open,D#4,-14.5,below primo,-9,-14,none,not assessed,short,repeated,0,no,4,middle,no,no,no,
Kabalevsky T04,-2,22,2,C3,48,ʌ,derived from Bozeman bass,0.6,open,D#4,-14.5,below primo,-9,-14,none,not assessed,short,repeated,0,no,4,middle,no,no,no,
Kabalevsky T04,-2,22,2.5,D#3,51,u,Bozeman bass midpoint,0.6,open,D#3,-0.5,below primo,-6,-11,none,not assessed,short,leap-up,3,no,4,middle,yes,no,no,highest of phrase
Kabalevsky T04,-2,22,3,C3,48,o,Bozeman bass midpoint,2.4,open,A3,-9,below primo,-9,-14,none,not assessed,short,leap-down,-3,no,4,last,no,no,no,
Kabalevsky T04,-2,23,1.5,C3,48,i,Bozeman bass midpoint,0.6,open,D#3,-3,below primo,-9,-14,none,not assessed,short,repeated,0,yes,5,first,no,no,no,
Kabalevsky T04,-2,23,2,C3,48,u,Bozeman bass midpoint,0.6,open,D#3,-3.5,below primo,-9,-14,none,not assessed,short,repeated,0,no,5,middle,no,no,no,
Kabalevsky T04,-2,23,2.5,C3,48,ɑ,Bozeman bass midpoint,0.6,open,D#4,-14.5,below primo,-9,-14,none,not assessed,short,repeated,0,no,5,middle,no,no,no,
Kabalevsky T04,-2,23,3,C#3,49,ɑ,Bozeman bass midpoint,1.2,open,D#4,-13.5,below primo,-8,-13,none,not assessed,short,step,1,no,5,middle,no,no,no,
Kabalevsky T04,-2,23,4,C3,48,u,Bozeman bass midpoint,1.2,open,D#3,-3.5,below primo,-9,-14,none,not assessed,short,step,-1,no,5,middle,no,no,no,
Kabalevsky T04,-2,24,1,E3,52,o,Bozeman bass midpoint,0.6,open,A3,-5,below primo,-5,-10,none,not assessed,short,leap-up,4,no,5,middle,no,no,no,
Kabalevsky T04,-2,24,1.5,C3,48,ɑ,Bozeman bass midpoint,0.6,open,D#4,-14.5,below primo,-9,-14,none,not assessed,short,leap-down,-4,no,5,middle,no,no,no,
Kabalevsky T04,-2,24,2,C3,48,e,Bozeman bass midpoint,0.6,open,A3,-9,below primo,-9,-14,none,not assessed,short,repeated,0,no,5,middle,no,no,no,
Kabalevsky T04,-2,24,2.5,C3,48,ɪ,derived from Bozeman bass,0.6,open,A#3,-9.54,below primo,-9,-14,none,not assessed,short,repeated,0,no,5,middle,no,no,no,
Kabalevsky T04,-2,24,3,G#3,56,ɑ,Bozeman bass midpoint,1.2,open,D#4,-6.5,below primo,-1,-6,none,not assessed,short,leap-up,8,no,5,middle,yes,no,no,highest of phrase
Kabalevsky T04,-2,24,4,F3,53,ʌ,derived from Bozeman bass,0.6,open,D#4,-9.5,below primo,-4,-9,none,not assessed,short,leap-down,-3,no,5,last,no,no,no,
Kabalevsky T04,-2,24,4.5,F3,53,i,Bozeman bass midpoint,0.6,close,D#3,2,below primo,-4,-9,none,not assessed,short,repeated,0,no,6,first,no,no,no,
Kabalevsky T04,-2,25,1,F3,53,o,Bozeman bass midpoint,1.8,open,A3,-4,below primo,-4,-9,none,not assessed,short,repeated,0,no,6,middle,no,no,no,
Kabalevsky T04,-2,25,2.5,G3,55,ɑ,Bozeman bass midpoint,0.6,open,D#4,-7.5,below primo,-2,-7,3,not assessed,short,step,2,no,6,middle,no,no,no,
Kabalevsky T04,-2,25,3,G#3,56,u,Bozeman bass midpoint,0.6,close,D#3,4.5,below primo,-1,-6,none,not assessed,short,step,1,no,6,middle,no,no,no,
Kabalevsky T04,-2,25,3.5,F3,53,ɑ,Bozeman bass midpoint,0.6,open,D#4,-9.5,below primo,-4,-9,none,not assessed,short,leap-down,-3,no,6,middle,no,no,no,
Kabalevsky T04,-2,25,4,F3,53,ɑ,Bozeman bass midpoint,0.6,open,D#4,-9.5,below primo,-4,-9,none,not assessed,short,repeated,0,no,6,middle,no,no,no,
Kabalevsky T04,-2,25,4.5,F3,53,o,Bozeman bass midpoint,0.6,open,A3,-4,below primo,-4,-9,none,not assessed,short,repeated,0,no,6,middle,no,no,no,
Kabalevsky T04,-2,26,1,A#3,58,ʌ,derived from Bozeman bass,1.8,open,D#4,-4.5,inside,1,-4,none,not assessed,short,leap-up,5,no,6,middle,no,no,no,
Kabalevsky T04,-2,26,2.5,G3,55,ɨ,derived from Bozeman bass,0.6,open,G#3,-1.39,below primo,-2,-7,none,not assessed,short,leap-down,-3,no,6,middle,no,no,no,
Kabalevsky T04,-2,26,3,G#3,56,o,Bozeman bass midpoint,1.8,open,A3,-1,below primo,-1,-6,none,not assessed,short,step,1,no,6,middle,no,no,no,
Kabalevsky T04,-2,26,4.5,F3,53,ɑ,Bozeman bass midpoint,0.6,open,D#4,-9.5,below primo,-4,-9,none,not assessed,short,leap-down,-3,no,6,middle,no,no,no,
Kabalevsky T04,-2,27,1,E3,52,ʌ,derived from Bozeman bass,0.6,open,D#4,-10.5,below primo,-5,-10,none,not assessed,short,step,-1,no,6,middle,no,no,no,
Kabalevsky T04,-2,27,1.5,C3,48,ɑ,Bozeman bass midpoint,0.6,open,D#4,-14.5,below primo,-9,-14,none,not assessed,short,leap-down,-4,no,6,middle,no,no,no,
Kabalevsky T04,-2,27,2,E3,52,o,Bozeman bass midpoint,0.6,open,A3,-5,below primo,-5,-10,none,not assessed,short,leap-up,4,no,6,middle,no,no,no,
Kabalevsky T04,-2,27,2.5,G3,55,ɑ,Bozeman bass midpoint,0.6,open,D#4,-7.5,below primo,-2,-7,3,not assessed,short,leap-up,3,no,6,middle,no,no,no,
Kabalevsky T04,-2,27,3,F3,53,i,Bozeman bass midpoint,0.6,close,D#3,2,below primo,-4,-9,none,not assessed,short,step,-2,no,6,middle,no,no,no,
Kabalevsky T04,-2,27,3.5,G3,55,u,Bozeman bass midpoint,0.6,close,D#3,3.5,below primo,-2,-7,none,not assessed,short,step,2,no,6,middle,no,no,no,
Kabalevsky T04,-2,27,4,G#3,56,ɛ,Bozeman bass midpoint,0.6,open,C4,-4.5,below primo,-1,-6,none,not assessed,short,step,1,no,6,middle,no,no,no,
Kabalevsky T04,-2,27,4.5,A#3,58,ɑ,Bozeman bass midpoint,0.6,open,D#4,-4.5,inside,1,-4,none,not assessed,short,step,2,no,6,middle,no,no,no,
Kabalevsky T04,-2,28,1,C4,60,ɑ,Bozeman bass midpoint,3.6,open,D#4,-2.5,inside,3,-2,none,not assessed,held,step,2,no,6,middle,yes,no,no,held; highest of phrase
Kabalevsky T04,-2,28,4,A3,57,ɨ,derived from Bozeman bass,1.2,close,G#3,0.61,inside,0,-5,none,not assessed,short,leap-down,-3,no,6,last,no,no,no,turning pitch 0 to 2 st below
Kabalevsky T04,-2,33,4.5,F3,53,o,Bozeman bass midpoint,0.6,open,A3,-4,below primo,-4,-9,none,not assessed,short,leap-down,-4,yes,7,first,no,no,no,
Kabalevsky T04,-2,34,1,A#3,58,o,Bozeman bass midpoint,0.9,close,A3,1,inside,1,-4,none,not assessed,short,leap-up,5,no,7,middle,no,no,no,turning pitch 0 to 2 st below
Kabalevsky T04,-2,34,1.75,F3,53,ʌ,derived from Bozeman bass,0.3,open,D#4,-9.5,below primo,-4,-9,none,not assessed,short,leap-down,-5,no,7,middle,no,no,no,
Kabalevsky T04,-2,34,2,F3,53,ɪ,derived from Bozeman bass,0.6,open,A#3,-4.54,below primo,-4,-9,none,not assessed,short,repeated,0,no,7,middle,no,no,no,
Kabalevsky T04,-2,34,2.5,A#3,58,ɑ,Bozeman bass midpoint,0.6,open,D#4,-4.5,inside,1,-4,none,not assessed,short,leap-up,5,no,7,middle,no,no,no,
Kabalevsky T04,-2,34,3,A3,57,ʌ,derived from Bozeman bass,0.6,open,D#4,-5.5,inside,0,-5,none,not assessed,short,step,-1,no,7,middle,no,no,no,
Kabalevsky T04,-2,34,3.5,A#3,58,ɑ,Bozeman bass midpoint,0.6,open,D#4,-4.5,inside,1,-4,none,not assessed,short,step,1,no,7,middle,no,no,no,
Kabalevsky T04,-2,34,4,C4,60,u,Bozeman bass midpoint,0.6,close,D#3,8.5,inside,3,-2,none,not assessed,short,step,2,no,7,middle,no,no,no,
Kabalevsky T04,-2,34,4.5,A3,57,i,Bozeman bass midpoint,0.6,close,D#3,6,inside,0,-5,none,not assessed,short,leap-down,-3,no,7,middle,no,no,no,
Kabalevsky T04,-2,35,1,G3,55,ɛ,Bozeman bass midpoint,1.8,open,C4,-5.5,below primo,-2,-7,none,not assessed,short,step,-2,no,7,middle,no,no,no,
Kabalevsky T04,-2,35,2.5,G3,55,i,Bozeman bass midpoint,0.6,close,D#3,4,below primo,-2,-7,none,not assessed,short,repeated,0,no,7,middle,no,no,no,
Kabalevsky T04,-2,36,1,D4,62,o,Bozeman bass midpoint,2.4,close,A3,5,inside,5,0,none,not assessed,short,leap-up,7,no,7,middle,yes,yes,yes,highest of phrase
Kabalevsky T04,-2,36,3,C4,60,o,Bozeman bass midpoint,0.6,close,A3,3,inside,3,-2,none,not assessed,short,step,-2,no,7,middle,no,no,no,
Kabalevsky T04,-2,36,3.5,A#3,58,ɑ,Bozeman bass midpoint,0.6,open,D#4,-4.5,inside,1,-4,none,not assessed,short,step,-2,no,7,middle,no,no,no,
Kabalevsky T04,-2,36,4,A3,57,o,Bozeman bass midpoint,0.6,open,A3,0,inside,0,-5,none,not assessed,short,step,-1,no,7,middle,no,no,no,
Kabalevsky T04,-2,36,4.5,G3,55,ɑ,Bozeman bass midpoint,0.6,open,D#4,-7.5,below primo,-2,-7,3,not assessed,short,step,-2,no,7,middle,no,no,no,
Kabalevsky T04,-2,37,1,F3,53,i,Bozeman bass midpoint,1.8,close,D#3,2,below primo,-4,-9,none,not assessed,short,step,-2,no,7,middle,no,no,no,
Kabalevsky T04,-2,37,2.5,G3,55,ɑ,Bozeman bass midpoint,0.6,open,D#4,-7.5,below primo,-2,-7,3,not assessed,short,step,2,no,7,middle,no,no,no,
Kabalevsky T04,-2,37,3,F3,53,e,Bozeman bass midpoint,1.2,open,A3,-4,below primo,-4,-9,none,not assessed,short,step,-2,no,7,middle,no,no,no,
Kabalevsky T04,-2,37,4,C4,60,u,Bozeman bass midpoint,1.2,close,D#3,8.5,inside,3,-2,none,not assessed,short,leap-up,7,no,7,middle,no,no,no,
Kabalevsky T04,-2,38,1,A#3,58,ɛ,Bozeman bass midpoint,4.8,open,C4,-2.5,inside,1,-4,none,not assessed,held,step,-2,no,7,middle,no,no,no,held
Kabalevsky T04,-2,39,1,A#3,58,ɛ,Bozeman bass midpoint,2.4,open,C4,-2.5,inside,1,-4,none,not assessed,held,tie,0,no,7,middle,no,no,no,held
Kabalevsky T04,-2,39,3,A#3,58,ɛ,Bozeman bass midpoint,1.2,open,C4,-2.5,inside,1,-4,none,not assessed,held,tie,0,no,7,last,no,no,no,held
Kabalevsky T05,-3,9,1,G#3,56,o,Bozeman bass midpoint,0.625,open,A3,-1,below primo,-1,-6,none,not assessed,short,first note,,,0,first,yes,no,no,highest of phrase
Kabalevsky T05,-3,9,2,F#3,54,u,Bozeman bass midpoint,0.313,close,D#3,2.5,below primo,-3,-8,none,not assessed,short,step,-2,no,0,middle,no,no,no,
Kabalevsky T05,-3,9,2.5,E3,52,i,Bozeman bass midpoint,0.313,close,D#3,1,below primo,-5,-10,none,not assessed,short,step,-2,no,0,middle,no,no,no,turning pitch 0 to 2 st below
Kabalevsky T05,-3,10,1,D#3,51,o,Bozeman bass midpoint,0.938,open,A3,-6,below primo,-6,-11,none,not assessed,short,step,-1,no,0,middle,no,no,no,
Kabalevsky T05,-3,10,2.5,C#3,49,ɪ,derived from Bozeman bass,0.313,open,A#3,-8.54,below primo,-8,-13,none,not assessed,short,step,-2,no,0,middle,no,no,no,
Kabalevsky T05,-3,11,1,C3,48,ɑ,Bozeman bass midpoint,0.313,open,D#4,-14.5,below primo,-9,-14,none,not assessed,short,step,-1,no,0,middle,no,no,no,
Kabalevsky T05,-3,11,1.5,G#2,44,i,Bozeman bass midpoint,0.313,open,D#3,-7,below primo,-13,-18,3,not assessed,short,leap-down,-4,no,0,middle,no,no,no,
Kabalevsky T05,-3,11,2,E3,52,ɨ,derived from Bozeman bass,0.313,open,G#3,-4.39,below primo,-5,-10,none,not assessed,short,leap-up,8,no,0,middle,no,no,no,
Kabalevsky T05,-3,11,2.5,D#3,51,ɪ,derived from Bozeman bass,0.313,open,A#3,-6.54,below primo,-6,-11,3,not assessed,short,step,-1,no,0,middle,no,no,no,
Kabalevsky T05,-3,12,1,C#3,49,o,Bozeman bass midpoint,1.25,open,A3,-8,below primo,-8,-13,none,not assessed,short,step,-2,no,0,middle,no,no,no,
Kabalevsky T05,-3,13,1,C#3,49,o,Bozeman bass midpoint,0.313,open,A3,-8,below primo,-8,-13,none,not assessed,short,tie,0,no,0,middle,no,no,no,
Kabalevsky T05,-3,13,1.5,C#3,49,ɑ,Bozeman bass midpoint,0.313,open,D#4,-13.5,below primo,-8,-13,none,not assessed,short,repeated,0,no,0,middle,no,no,no,
Kabalevsky T05,-3,13,2,D#3,51,i,Bozeman bass midpoint,0.313,close,D#3,0,below primo,-6,-11,none,not assessed,short,step,2,no,0,middle,no,no,no,turning pitch 0 to 2 st below
Kabalevsky T05,-3,13,2.5,E3,52,ɑ,Bozeman bass midpoint,0.313,open,D#4,-10.5,below primo,-5,-10,none,not assessed,short,step,1,no,0,middle,no,no,no,
Kabalevsky T05,-3,14,1,F#3,54,u,Bozeman bass midpoint,0.313,close,D#3,2.5,below primo,-3,-8,none,not assessed,short,step,2,no,0,middle,no,no,no,
Kabalevsky T05,-3,14,1.5,F#3,54,ɑ,Bozeman bass midpoint,0.313,open,D#4,-8.5,below primo,-3,-8,none,not assessed,short,repeated,0,no,0,middle,no,no,no,
Kabalevsky T05,-3,14,2,F#3,54,ɑ,Bozeman bass midpoint,0.625,open,D#4,-8.5,below primo,-3,-8,none,not assessed,short,repeated,0,no,0,middle,no,no,no,
Kabalevsky T05,-3,15,1,F#3,54,ɑ,Bozeman bass midpoint,0.313,open,D#4,-8.5,below primo,-3,-8,none,not assessed,short,tie,0,no,0,middle,no,no,no,
Kabalevsky T05,-3,15,1.5,D#3,51,u,Bozeman bass midpoint,0.313,open,D#3,-0.5,below primo,-6,-11,none,not assessed,short,leap-down,-3,no,0,middle,no,no,no,
Kabalevsky T05,-3,15,2,E3,52,u,Bozeman bass midpoint,0.313,close,D#3,0.5,below primo,-5,-10,none,not assessed,short,step,1,no,0,middle,no,no,no,turning pitch 0 to 2 st below
Kabalevsky T05,-3,15,2.5,F#3,54,i,Bozeman bass midpoint,0.313,close,D#3,3,below primo,-3,-8,none,not assessed,short,step,2,no,0,middle,no,no,no,
Kabalevsky T05,-3,16,1,G#3,56,o,Bozeman bass midpoint,0.625,open,A3,-1,below primo,-1,-6,none,not assessed,short,step,2,no,0,middle,yes,no,no,highest of phrase
Kabalevsky T05,-3,16,2,G#3,56,ɑ,Bozeman bass midpoint,0.313,open,D#4,-6.5,below primo,-1,-6,none,not assessed,short,repeated,0,no,0,last,yes,no,no,highest of phrase
Kabalevsky T05,-3,16,2.5,G#3,56,ɪ,derived from Bozeman bass,0.313,open,A#3,-1.54,below primo,-1,-6,none,not assessed,short,repeated,0,no,1,first,no,no,no,
Kabalevsky T05,-3,17,1,F#3,54,ɑ,Bozeman bass midpoint,0.313,open,D#4,-8.5,below primo,-3,-8,none,not assessed,short,step,-2,no,1,middle,no,no,no,
Kabalevsky T05,-3,17,1.5,G#3,56,ɑ,Bozeman bass midpoint,0.313,open,D#4,-6.5,below primo,-1,-6,none,not assessed,short,step,2,no,1,middle,no,no,no,
Kabalevsky T05,-3,17,2,A3,57,a,derived from Bozeman bass,0.313,open,F4,-7.92,inside,0,-5,none,not assessed,short,step,1,no,1,middle,yes,no,no,highest of phrase
Kabalevsky T05,-3,17,2.5,F#3,54,i,Bozeman bass midpoint,0.313,close,D#3,3,below primo,-3,-8,none,not assessed,short,leap-down,-3,no,1,middle,no,no,no,
Kabalevsky T05,-3,18,1,G#3,56,ɑ,Bozeman bass midpoint,0.313,open,D#4,-6.5,below primo,-1,-6,none,not assessed,short,step,2,no,1,middle,no,no,no,
Kabalevsky T05,-3,18,1.5,C#3,49,ɪ,derived from Bozeman bass,0.313,open,A#3,-8.54,below primo,-8,-13,none,not assessed,short,leap-down,-7,no,1,middle,no,no,no,
Kabalevsky T05,-3,18,2,D#3,51,ʌ,derived from Bozeman bass,0.313,open,D#4,-11.5,below primo,-6,-11,4,not assessed,short,step,2,no,1,middle,no,no,no,
Kabalevsky T05,-3,18,2.5,E3,52,ɪ,derived from Bozeman bass,0.313,open,A#3,-5.54,below primo,-5,-10,none,not assessed,short,step,1,no,1,middle,no,no,no,
Kabalevsky T05,-3,19,1,F#3,54,o,Bozeman bass midpoint,1.25,open,A3,-3,below primo,-3,-8,none,not assessed,short,step,2,no,1,middle,no,no,no,
Kabalevsky T05,-3,20,1,F#3,54,o,Bozeman bass midpoint,0.313,open,A3,-3,below primo,-3,-8,none,not assessed,short,tie,0,no,1,middle,no,no,no,
Kabalevsky T05,-3,20,1.5,D#3,51,i,Bozeman bass midpoint,0.313,close,D#3,0,below primo,-6,-11,none,not assessed,short,leap-down,-3,no,1,middle,no,no,no,turning pitch 0 to 2 st below
Kabalevsky T05,-3,20,2,E3,52,ʌ,derived from Bozeman bass,0.313,open,D#4,-10.5,below primo,-5,-10,none,not assessed,short,step,1,no,1,middle,no,no,no,
Kabalevsky T05,-3,20,2.5,F#3,54,u,Bozeman bass midpoint,0.313,close,D#3,2.5,below primo,-3,-8,none,not assessed,short,step,2,no,1,middle,no,no,no,
Kabalevsky T05,-3,21,1,E3,52,i,Bozeman bass midpoint,0.313,close,D#3,1,below primo,-5,-10,none,not assessed,short,step,-2,no,1,middle,no,no,no,turning pitch 0 to 2 st below
Kabalevsky T05,-3,21,1.5,D#3,51,ɑ,Bozeman bass midpoint,0.313,open,D#4,-11.5,below primo,-6,-11,4,not assessed,short,step,-1,no,1,middle,no,no,no,
Kabalevsky T05,-3,21,2,E3,52,u,Bozeman bass midpoint,0.313,close,D#3,0.5,below primo,-5,-10,none,not assessed,short,step,1,no,1,middle,no,no,no,turning pitch 0 to 2 st below
Kabalevsky T05,-3,21,2.5,C#3,49,i,Bozeman bass midpoint,0.313,open,D#3,-2,below primo,-8,-13,none,not assessed,short,leap-down,-3,no,1,middle,no,no,no,
Kabalevsky T05,-3,22,1,C3,48,o,Bozeman bass midpoint,0.313,open,A3,-9,below primo,-9,-14,none,not assessed,short,step,-1,no,1,middle,no,no,no,
Kabalevsky T05,-3,22,1.5,G#2,44,o,Bozeman bass midpoint,0.313,open,A3,-13,below primo,-13,-18,none,not assessed,short,leap-down,-4,no,1,middle,no,no,no,
Kabalevsky T05,-3,22,2,E3,52,o,Bozeman bass midpoint,0.313,open,A3,-5,below primo,-5,-10,none,not assessed,short,leap-up,8,no,1,middle,no,no,no,
Kabalevsky T05,-3,22,2.5,D#3,51,u,Bozeman bass midpoint,0.313,open,D#3,-0.5,below primo,-6,-11,none,not assessed,short,step,-1,no,1,middle,no,no,no,
Kabalevsky T05,-3,23,1,C#3,49,o,Bozeman bass midpoint,0.938,open,A3,-8,below primo,-8,-13,none,not assessed,short,step,-2,no,1,middle,no,no,no,
Kabalevsky T05,-3,23,2.5,C#3,49,ɨ,derived from Bozeman bass,0.313,open,G#3,-7.39,below primo,-8,-13,3,not assessed,short,repeated,0,no,1,last,no,no,no,
Kabalevsky T05,-3,28,2.5,C#3,49,ɑ,Bozeman bass midpoint,0.313,open,D#4,-13.5,below primo,-8,-13,none,not assessed,short,repeated,0,yes,2,first,no,no,no,
Kabalevsky T05,-3,29,1,D#3,51,o,Bozeman bass midpoint,0.938,open,A3,-6,below primo,-6,-11,none,not assessed,short,step,2,no,2,middle,no,no,no,
Kabalevsky T05,-3,29,2.5,C#3,49,ɑ,Bozeman bass midpoint,0.313,open,D#4,-13.5,below primo,-8,-13,none,not assessed,short,step,-2,no,2,middle,no,no,no,
Kabalevsky T05,-3,30,1,E3,52,ɑ,Bozeman bass midpoint,1.25,open,D#4,-10.5,below primo,-5,-10,none,not assessed,short,leap-up,3,no,2,middle,no,no,no,
Kabalevsky T05,-3,31,1,E3,52,ɑ,Bozeman bass midpoint,0.313,open,D#4,-10.5,below primo,-5,-10,none,not assessed,short,tie,0,no,2,middle,no,no,no,
Kabalevsky T05,-3,31,1.5,C#3,49,ɑ,Bozeman bass midpoint,0.313,open,D#4,-13.5,below primo,-8,-13,none,not assessed,short,leap-down,-3,no,2,middle,no,no,no,
Kabalevsky T05,-3,31,2,D#3,51,u,Bozeman bass midpoint,0.313,open,D#3,-0.5,below primo,-6,-11,none,not assessed,short,step,2,no,2,middle,no,no,no,
Kabalevsky T05,-3,31,2.5,E3,52,i,Bozeman bass midpoint,0.313,close,D#3,1,below primo,-5,-10,none,not assessed,short,step,1,no,2,middle,no,no,no,turning pitch 0 to 2 st below
Kabalevsky T05,-3,32,1,F3,53,ɛ,Bozeman bass midpoint,0.938,open,C4,-7.5,below primo,-4,-9,3,not assessed,short,step,1,no,2,middle,no,no,no,
Kabalevsky T05,-3,32,2.5,G#3,56,ɑ,Bozeman bass midpoint,0.313,open,D#4,-6.5,below primo,-1,-6,none,not assessed,short,leap-up,3,no,2,middle,no,no,no,
Kabalevsky T05,-3,33,1,G#3,56,ɑ,Bozeman bass midpoint,0.938,open,D#4,-6.5,below primo,-1,-6,none,not assessed,short,repeated,0,no,2,middle,no,no,no,
Kabalevsky T05,-3,33,2.5,C#3,49,ɑ,Bozeman bass midpoint,0.313,open,D#4,-13.5,below primo,-8,-13,none,not assessed,short,leap-down,-7,no,2,middle,no,no,no,
Kabalevsky T05,-3,34,1,A3,57,ɛ,Bozeman bass midpoint,0.625,open,C4,-3.5,inside,0,-5,none,not assessed,short,leap-up,8,no,2,middle,yes,no,no,highest of phrase
Kabalevsky T05,-3,34,2,F#3,54,ɑ,Bozeman bass midpoint,0.625,open,D#4,-8.5,below primo,-3,-8,none,not assessed,short,leap-down,-3,no,2,last,no,no,no,
Kabalevsky T05,-3,35,2,G#3,56,ɑ,Bozeman bass midpoint,0.313,open,D#4,-6.5,below primo,-1,-6,none,not assessed,short,step,2,yes,3,first,no,no,no,
Kabalevsky T05,-3,35,2.5,F#3,54,u,Bozeman bass midpoint,0.313,close,D#3,2.5,below primo,-3,-8,none,not assessed,short,step,-2,no,3,middle,no,no,no,
Kabalevsky T05,-3,36,1,A3,57,i,Bozeman bass midpoint,0.938,close,D#3,6,inside,0,-5,none,not assessed,short,leap-up,3,no,3,middle,yes,no,no,highest of phrase
Kabalevsky T05,-3,36,2.5,F#3,54,ɑ,Bozeman bass midpoint,0.313,open,D#4,-8.5,below primo,-3,-8,none,not assessed,short,leap-down,-3,no,3,last,no,no,no,
Kabalevsky T05,-3,37,2,G#3,56,ʌ,derived from Bozeman bass,0.313,open,D#4,-6.5,below primo,-1,-6,none,not assessed,short,step,2,yes,4,first,no,no,no,
Kabalevsky T05,-3,37,2.5,F#3,54,i,Bozeman bass midpoint,0.313,close,D#3,3,below primo,-3,-8,none,not assessed,short,step,-2,no,4,middle,no,no,no,
Kabalevsky T05,-3,38,1,A#3,58,ɛ,Bozeman bass midpoint,1.25,open,C4,-2.5,inside,1,-4,none,not assessed,short,leap-up,4,no,4,middle,yes,no,no,highest of phrase
Kabalevsky T05,-3,39,1,F#3,54,ɑ,Bozeman bass midpoint,0.938,open,D#4,-8.5,below primo,-3,-8,none,not assessed,short,leap-down,-4,no,4,last,no,no,no,
Kabalevsky T05,-3,39,2.5,F#3,54,i,Bozeman bass midpoint,0.313,close,D#3,3,below primo,-3,-8,none,not assessed,short,repeated,0,no,5,first,no,no,no,
Kabalevsky T05,-3,40,1,B3,59,o,Bozeman bass midpoint,1.25,close,A3,2,inside,2,-3,none,not assessed,short,leap-up,5,no,5,middle,yes,no,no,highest of phrase; turning pitch 0 to 2 st below
Kabalevsky T05,-3,41,1,B3,59,o,Bozeman bass midpoint,0.625,close,A3,2,inside,2,-3,none,not assessed,short,tie,0,no,5,middle,yes,no,no,highest of phrase; turning pitch 0 to 2 st below
Kabalevsky T05,-3,41,2,F#3,54,ɑ,Bozeman bass midpoint,0.625,open,D#4,-8.5,below primo,-3,-8,none,not assessed,short,leap-down,-5,no,5,middle,no,no,no,
Kabalevsky T05,-3,42,1,A3,57,ɨ,derived from Bozeman bass,0.938,close,G#3,0.61,inside,0,-5,none,not assessed,short,leap-up,3,no,5,middle,no,no,no,turning pitch 0 to 2 st below
Kabalevsky T05,-3,42,2.5,G#3,56,ɪ,derived from Bozeman bass,0.313,open,A#3,-1.54,below primo,-1,-6,none,not assessed,short,step,-1,no,5,middle,no,no,no,
Kabalevsky T05,-3,43,1,F#3,54,o,Bozeman bass midpoint,0.313,open,A3,-3,below primo,-3,-8,none,not assessed,short,step,-2,no,5,middle,no,no,no,
Kabalevsky T05,-3,43,1.5,F3,53,ɑ,Bozeman bass midpoint,0.313,open,D#4,-9.5,below primo,-4,-9,none,not assessed,short,step,-1,no,5,middle,no,no,no,
Kabalevsky T05,-3,43,2,F#3,54,none resolved,not assessed,0.313,not assessed,not assessed,not assessed,below primo,-3,-8,not assessed,not assessed,short,step,1,no,5,middle,no,no,no,
Kabalevsky T05,-3,43,2.5,G#3,56,u,Bozeman bass midpoint,0.313,close,D#3,4.5,below primo,-1,-6,none,not assessed,short,step,2,no,5,middle,no,no,no,
Kabalevsky T05,-3,44,1,F3,53,ɑ,Bozeman bass midpoint,1.25,open,D#4,-9.5,below primo,-4,-9,none,not assessed,short,leap-down,-3,no,5,middle,no,no,no,
Kabalevsky T05,-3,45,1,F3,53,ɑ,Bozeman bass midpoint,0.313,open,D#4,-9.5,below primo,-4,-9,none,not assessed,short,tie,0,no,5,middle,no,no,no,
Kabalevsky T05,-3,45,1.5,C#3,49,i,Bozeman bass midpoint,0.313,open,D#3,-2,below primo,-8,-13,none,not assessed,short,leap-down,-4,no,5,middle,no,no,no,
Kabalevsky T05,-3,45,2,F3,53,i,Bozeman bass midpoint,0.313,close,D#3,2,below primo,-4,-9,none,not assessed,short,leap-up,4,no,5,middle,no,no,no,
Kabalevsky T05,-3,45,2.5,G#3,56,ɑ,Bozeman bass midpoint,0.313,open,D#4,-6.5,below primo,-1,-6,none,not assessed,short,leap-up,3,no,5,middle,no,no,no,
Kabalevsky T05,-3,46,1,A3,57,o,Bozeman bass midpoint,0.938,open,A3,0,inside,0,-5,none,not assessed,short,step,1,no,5,middle,no,no,no,
Kabalevsky T05,-3,46,2.5,G#3,56,u,Bozeman bass midpoint,0.313,close,D#3,4.5,below primo,-1,-6,none,not assessed,short,step,-1,no,5,middle,no,no,no,
Kabalevsky T05,-3,47,1,F#3,54,ɛ,Bozeman bass midpoint,0.313,open,C4,-6.5,below primo,-3,-8,none,not assessed,short,step,-2,no,5,middle,no,no,no,
Kabalevsky T05,-3,47,1.5,G#3,56,ʌ,derived from Bozeman bass,0.313,open,D#4,-6.5,below primo,-1,-6,none,not assessed,short,step,2,no,5,middle,no,no,no,
Kabalevsky T05,-3,47,2,A3,57,ʌ,derived from Bozeman bass,0.313,open,D#4,-5.5,inside,0,-5,none,not assessed,short,step,1,no,5,middle,no,no,no,
Kabalevsky T05,-3,47,2.5,F#3,54,ɪ,derived from Bozeman bass,0.313,open,A#3,-3.54,below primo,-3,-8,none,not assessed,short,leap-down,-3,no,5,middle,no,no,no,
Kabalevsky T05,-3,48,1,G#3,56,ɛ,Bozeman bass midpoint,1.25,open,C4,-4.5,below primo,-1,-6,none,not assessed,short,step,2,no,5,middle,no,no,no,
Kabalevsky T05,-3,49,1,G#3,56,ʌ,derived from Bozeman bass,0.625,open,D#4,-6.5,below primo,-1,-6,none,not assessed,short,repeated,0,no,5,last,no,no,no,
Kabalevsky T05,-3,57,1.5,G#3,56,ɑ,Bozeman bass midpoint,0.313,open,D#4,-6.5,below primo,-1,-6,none,not assessed,short,repeated,0,yes,6,first,yes,no,no,highest of phrase
Kabalevsky T05,-3,57,2,F#3,54,ɛ,Bozeman bass midpoint,0.313,open,C4,-6.5,below primo,-3,-8,none,not assessed,short,step,-2,no,6,middle,no,no,no,
Kabalevsky T05,-3,57,2.5,E3,52,u,Bozeman bass midpoint,0.313,close,D#3,0.5,below primo,-5,-10,none,not assessed,short,step,-2,no,6,middle,no,no,no,turning pitch 0 to 2 st below
Kabalevsky T05,-3,58,1,D#3,51,ɛ,Bozeman bass midpoint,0.938,open,C4,-9.5,below primo,-6,-11,none,not assessed,short,step,-1,no,6,middle,no,no,no,
Kabalevsky T05,-3,58,2.5,C#3,49,u,Bozeman bass midpoint,0.313,open,D#3,-2.5,below primo,-8,-13,none,not assessed,short,step,-2,no,6,middle,no,no,no,
Kabalevsky T05,-3,59,1,C3,48,i,Bozeman bass midpoint,0.313,open,D#3,-3,below primo,-9,-14,none,not assessed,short,step,-1,no,6,middle,no,no,no,
Kabalevsky T05,-3,59,1.5,G#2,44,u,Bozeman bass midpoint,0.313,open,D#3,-7.5,below primo,-13,-18,3,not assessed,short,leap-down,-4,no,6,middle,no,no,no,
Kabalevsky T05,-3,59,2,E3,52,ɑ,Bozeman bass midpoint,0.313,open,D#4,-10.5,below primo,-5,-10,none,not assessed,short,leap-up,8,no,6,middle,no,no,no,
Kabalevsky T05,-3,59,2.5,D#3,51,ɨ,derived from Bozeman bass,0.313,open,G#3,-5.39,below primo,-6,-11,none,not assessed,short,step,-1,no,6,middle,no,no,no,
Kabalevsky T05,-3,60,1,C#3,49,o,Bozeman bass midpoint,1.25,open,A3,-8,below primo,-8,-13,none,not assessed,short,step,-2,no,6,middle,no,no,no,
Kabalevsky T05,-3,61,1,C#3,49,o,Bozeman bass midpoint,0.313,open,A3,-8,below primo,-8,-13,none,not assessed,short,tie,0,no,6,middle,no,no,no,
Kabalevsky T05,-3,61,1.5,C#3,49,ɑ,Bozeman bass midpoint,0.313,open,D#4,-13.5,below primo,-8,-13,none,not assessed,short,repeated,0,no,6,middle,no,no,no,
Kabalevsky T05,-3,61,2,D#3,51,ɨ,derived from Bozeman bass,0.313,open,G#3,-5.39,below primo,-6,-11,none,not assessed,short,step,2,no,6,middle,no,no,no,
Kabalevsky T05,-3,61,2.5,E3,52,ɑ,Bozeman bass midpoint,0.313,open,D#4,-10.5,below primo,-5,-10,none,not assessed,short,step,1,no,6,middle,no,no,no,
Kabalevsky T05,-3,62,1,F#3,54,o,Bozeman bass midpoint,0.938,open,A3,-3,below primo,-3,-8,none,not assessed,short,step,2,no,6,middle,no,no,no,
Kabalevsky T05,-3,62,2.5,F#3,54,i,Bozeman bass midpoint,0.313,close,D#3,3,below primo,-3,-8,none,not assessed,short,repeated,0,no,6,middle,no,no,no,
Kabalevsky T05,-3,63,1,F#3,54,ɑ,Bozeman bass midpoint,0.313,open,D#4,-8.5,below primo,-3,-8,none,not assessed,short,repeated,0,no,6,middle,no,no,no,
Kabalevsky T05,-3,63,1.5,D#3,51,ɑ,Bozeman bass midpoint,0.313,open,D#4,-11.5,below primo,-6,-11,4,not assessed,short,leap-down,-3,no,6,middle,no,no,no,
Kabalevsky T05,-3,63,2,E3,52,e,Bozeman bass midpoint,0.313,open,A3,-5,below primo,-5,-10,none,not assessed,short,step,1,no,6,middle,no,no,no,
Kabalevsky T05,-3,63,2.5,F#3,54,ɑ,Bozeman bass midpoint,0.313,open,D#4,-8.5,below primo,-3,-8,none,not assessed,short,step,2,no,6,middle,no,no,no,
Kabalevsky T05,-3,64,1,G#3,56,u,Bozeman bass midpoint,0.625,close,D#3,4.5,below primo,-1,-6,none,not assessed,short,step,2,no,6,middle,yes,no,no,highest of phrase
Kabalevsky T05,-3,64,2,G#3,56,i,Bozeman bass midpoint,0.313,close,D#3,5,below primo,-1,-6,none,not assessed,short,repeated,0,no,6,last,yes,no,no,highest of phrase
Kabalevsky T05,-3,64,2.5,G#3,56,i,Bozeman bass midpoint,0.313,close,D#3,5,below primo,-1,-6,none,not assessed,short,repeated,0,no,7,first,no,no,no,
Kabalevsky T05,-3,65,1,F#3,54,ɛ,Bozeman bass midpoint,0.313,open,C4,-6.5,below primo,-3,-8,none,not assessed,short,step,-2,no,7,middle,no,no,no,
Kabalevsky T05,-3,65,1.5,G#3,56,ɨ,derived from Bozeman bass,0.313,open,G#3,-0.39,below primo,-1,-6,none,not assessed,short,step,2,no,7,middle,no,no,no,
Kabalevsky T05,-3,65,2,A3,57,ɛ,Bozeman bass midpoint,0.313,open,C4,-3.5,inside,0,-5,none,not assessed,short,step,1,no,7,middle,no,no,no,
Kabalevsky T05,-3,65,2.5,F#3,54,ɪ,derived from Bozeman bass,0.313,open,A#3,-3.54,below primo,-3,-8,none,not assessed,short,leap-down,-3,no,7,middle,no,no,no,
Kabalevsky T05,-3,66,1,G#3,56,o,Bozeman bass midpoint,0.313,open,A3,-1,below primo,-1,-6,none,not assessed,short,step,2,no,7,middle,no,no,no,
Kabalevsky T05,-3,66,1.5,C#3,49,ɨ,derived from Bozeman bass,0.313,open,G#3,-7.39,below primo,-8,-13,3,not assessed,short,leap-down,-7,no,7,middle,no,no,no,
Kabalevsky T05,-3,66,2,D#3,51,ʌ,derived from Bozeman bass,0.313,open,D#4,-11.5,below primo,-6,-11,4,not assessed,short,step,2,no,7,middle,no,no,no,
Kabalevsky T05,-3,66,2.5,E3,52,ɑ,Bozeman bass midpoint,0.313,open,D#4,-10.5,below primo,-5,-10,none,not assessed,short,step,1,no,7,middle,no,no,no,
Kabalevsky T05,-3,67,1,F#3,54,o,Bozeman bass midpoint,1.25,open,A3,-3,below primo,-3,-8,none,not assessed,held,step,2,no,7,middle,no,no,no,held
Kabalevsky T05,-3,68,1,F#3,54,o,Bozeman bass midpoint,1.25,open,A3,-3,below primo,-3,-8,none,not assessed,held,tie,0,no,7,middle,no,no,no,held
Kabalevsky T05,-3,69,1,C#4,61,o,Bozeman bass midpoint,1.25,close,A3,4,inside,4,-1,none,not assessed,short,leap-up,7,no,7,middle,yes,yes,yes,highest of phrase
Kabalevsky T05,-3,70,1,C#4,61,o,Bozeman bass midpoint,0.625,close,A3,4,inside,4,-1,none,not assessed,short,tie,0,no,7,last,yes,yes,yes,highest of phrase
Kabalevsky T05,-3,70,2,A3,57,ɑ,Bozeman bass midpoint,0.313,open,D#4,-5.5,inside,0,-5,none,not assessed,short,leap-down,-4,no,8,first,yes,no,no,highest of phrase
Kabalevsky T05,-3,70,2.5,F#3,54,ɛ,Bozeman bass midpoint,0.313,open,C4,-6.5,below primo,-3,-8,none,not assessed,short,leap-down,-3,no,8,middle,no,no,no,
Kabalevsky T05,-3,71,1,D#3,51,o,Bozeman bass midpoint,0.313,open,A3,-6,below primo,-6,-11,none,not assessed,short,leap-down,-3,no,8,middle,no,no,no,
Kabalevsky T05,-3,71,1.5,D#3,51,i,Bozeman bass midpoint,0.313,close,D#3,0,below primo,-6,-11,none,not assessed,short,repeated,0,no,8,middle,no,no,no,turning pitch 0 to 2 st below
Kabalevsky T05,-3,71,2,E3,52,ɑ,Bozeman bass midpoint,0.313,open,D#4,-10.5,below primo,-5,-10,none,not assessed,short,step,1,no,8,middle,no,no,no,
Kabalevsky T05,-3,71,2.5,F#3,54,ɑ,Bozeman bass midpoint,0.313,open,D#4,-8.5,below primo,-3,-8,none,not assessed,short,step,2,no,8,middle,no,no,no,
Kabalevsky T05,-3,72,1,G#3,56,ɑ,Bozeman bass midpoint,0.938,open,D#4,-6.5,below primo,-1,-6,none,not assessed,short,step,2,no,8,middle,no,no,no,
Kabalevsky T05,-3,72,2.5,A3,57,ɪ,derived from Bozeman bass,0.313,open,A#3,-0.54,inside,0,-5,none,not assessed,short,step,1,no,8,middle,yes,no,no,highest of phrase
Kabalevsky T05,-3,73,1,G#3,56,u,Bozeman bass midpoint,0.938,close,D#3,4.5,below primo,-1,-6,none,not assessed,short,step,-1,no,8,middle,no,no,no,
Kabalevsky T05,-3,73,2.5,G#3,56,i,Bozeman bass midpoint,0.313,close,D#3,5,below primo,-1,-6,none,not assessed,short,repeated,0,no,8,last,no,no,no,
Kabalevsky T05,-3,81,1.5,C#3,49,o,Bozeman bass midpoint,0.313,open,A3,-8,below primo,-8,-13,none,not assessed,short,leap-down,-7,yes,9,first,no,no,no,
Kabalevsky T05,-3,81,2,C#3,49,i,Bozeman bass midpoint,0.313,open,D#3,-2,below primo,-8,-13,none,not assessed,short,repeated,0,no,9,middle,no,no,no,
Kabalevsky T05,-3,81,2.5,C#3,49,ɨ,derived from Bozeman bass,0.313,open,G#3,-7.39,below primo,-8,-13,3,not assessed,short,repeated,0,no,9,middle,no,no,no,
Kabalevsky T05,-3,82,1,D#3,51,i,Bozeman bass midpoint,0.938,close,D#3,0,below primo,-6,-11,none,not assessed,short,step,2,no,9,middle,no,no,no,turning pitch 0 to 2 st below
Kabalevsky T05,-3,82,2.5,C#3,49,i,Bozeman bass midpoint,0.313,open,D#3,-2,below primo,-8,-13,none,not assessed,short,step,-2,no,9,middle,no,no,no,
Kabalevsky T05,-3,83,1,E3,52,o,Bozeman bass midpoint,0.313,open,A3,-5,below primo,-5,-10,none,not assessed,short,leap-up,3,no,9,middle,no,no,no,
Kabalevsky T05,-3,83,1.5,C#3,49,ɨ,derived from Bozeman bass,0.313,open,G#3,-7.39,below primo,-8,-13,3,not assessed,short,leap-down,-3,no,9,middle,no,no,no,
Kabalevsky T05,-3,83,2,E3,52,ɪ,derived from Bozeman bass,0.313,open,A#3,-5.54,below primo,-5,-10,none,not assessed,short,leap-up,3,no,9,middle,no,no,no,
Kabalevsky T05,-3,83,2.5,A3,57,u,Bozeman bass midpoint,0.313,close,D#3,5.5,inside,0,-5,none,not assessed,short,leap-up,5,no,9,middle,yes,no,no,highest of phrase
Kabalevsky T05,-3,84,1,G3,55,e,Bozeman bass midpoint,1.25,open,A3,-2,below primo,-2,-7,none,not assessed,short,step,-2,no,9,middle,no,no,no,
Kabalevsky T05,-3,85,1,G3,55,e,Bozeman bass midpoint,0.625,open,A3,-2,below primo,-2,-7,none,not assessed,short,tie,0,no,9,middle,no,no,no,
Kabalevsky T05,-3,85,2,G3,55,ɑ,Bozeman bass midpoint,0.625,open,D#4,-7.5,below primo,-2,-7,3,not assessed,short,repeated,0,no,9,middle,no,no,no,
Kabalevsky T05,-3,86,1,G#3,56,o,Bozeman bass midpoint,0.625,open,A3,-1,below primo,-1,-6,none,not assessed,short,step,1,no,9,middle,no,no,no,
Kabalevsky T05,-3,86,2,C#3,49,ɨ,derived from Bozeman bass,0.625,open,G#3,-7.39,below primo,-8,-13,3,not assessed,short,leap-down,-7,no,9,middle,no,no,no,
Kabalevsky T05,-3,87,1,G#3,56,ɑ,Bozeman bass midpoint,1.25,open,D#4,-6.5,below primo,-1,-6,none,not assessed,short,leap-up,7,no,9,middle,no,no,no,
Kabalevsky T05,-3,88,1,F#3,54,ɑ,Bozeman bass midpoint,0.313,open,D#4,-8.5,below primo,-3,-8,none,not assessed,short,step,-2,no,9,last,no,no,no,
Kabalevsky T05,-3,88,2.5,F#3,54,ɑ,Bozeman bass midpoint,0.313,open,D#4,-8.5,below primo,-3,-8,none,not assessed,short,repeated,0,yes,10,first,yes,no,no,highest of phrase
Kabalevsky T05,-3,89,1,E3,52,o,Bozeman bass midpoint,0.313,open,A3,-5,below primo,-5,-10,none,not assessed,short,step,-2,no,10,middle,no,no,no,
Kabalevsky T05,-3,89,1.5,G#2,44,i,Bozeman bass midpoint,0.313,open,D#3,-7,below primo,-13,-18,3,not assessed,short,leap-down,-8,no,10,middle,no,no,no,
Kabalevsky T05,-3,89,2,E3,52,o,Bozeman bass midpoint,0.313,open,A3,-5,below primo,-5,-10,none,not assessed,short,leap-up,8,no,10,middle,no,no,no,
Kabalevsky T05,-3,89,2.5,D#3,51,ɑ,Bozeman bass midpoint,0.313,open,D#4,-11.5,below primo,-6,-11,4,not assessed,short,step,-1,no,10,middle,no,no,no,
Kabalevsky T05,-3,90,1,C#3,49,e,Bozeman bass midpoint,0.625,open,A3,-8,below primo,-8,-13,none,not assessed,short,step,-2,no,10,middle,no,no,no,
Kabalevsky T05,-3,90,2,C#3,49,e,Bozeman bass midpoint,0.313,open,A3,-8,below primo,-8,-13,none,not assessed,short,tie,0,no,10,last,no,no,no,
Kabalevsky T06,-3,4,3.5,A#2,46,ɪ,derived from Bozeman bass,0.375,open,A#3,-11.54,below primo,-11,-16,4,not assessed,short,first note,,,0,first,no,no,no,
Kabalevsky T06,-3,4,4,D#3,51,i,Bozeman bass midpoint,0.375,close,D#3,0,below primo,-6,-11,none,not assessed,short,leap-up,5,no,0,middle,no,no,no,turning pitch 0 to 2 st below
Kabalevsky T06,-3,4,4.5,F3,53,i,Bozeman bass midpoint,0.375,close,D#3,2,below primo,-4,-9,none,not assessed,short,step,2,no,0,middle,no,no,no,
Kabalevsky T06,-3,5,1,G3,55,a,derived from Bozeman bass,1.125,open,F4,-9.92,below primo,-2,-7,none,not assessed,short,step,2,no,0,middle,no,no,no,
Kabalevsky T06,-3,5,2.5,G3,55,ɑ,Bozeman bass midpoint,0.375,open,D#4,-7.5,below primo,-2,-7,3,not assessed,short,repeated,0,no,0,middle,no,no,no,
Kabalevsky T06,-3,5,3,F3,53,u,Bozeman bass midpoint,0.375,close,D#3,1.5,below primo,-4,-9,none,not assessed,short,step,-2,no,0,middle,no,no,no,turning pitch 0 to 2 st below
Kabalevsky T06,-3,5,3.5,G3,55,ɑ,Bozeman bass midpoint,0.375,open,D#4,-7.5,below primo,-2,-7,3,not assessed,short,step,2,no,0,middle,no,no,no,
Kabalevsky T06,-3,5,4,G#3,56,i,Bozeman bass midpoint,0.375,close,D#3,5,below primo,-1,-6,none,not assessed,short,step,1,no,0,middle,yes,no,no,highest of phrase
Kabalevsky T06,-3,5,4.5,F3,53,ɑ,Bozeman bass midpoint,0.375,open,D#4,-9.5,below primo,-4,-9,none,not assessed,short,leap-down,-3,no,0,middle,no,no,no,
Kabalevsky T06,-3,6,1,G3,55,o,Bozeman bass midpoint,1.5,open,A3,-2,below primo,-2,-7,none,not assessed,short,step,2,no,0,middle,no,no,no,
Kabalevsky T06,-3,6,3,G3,55,o,Bozeman bass midpoint,0.375,open,A3,-2,below primo,-2,-7,none,not assessed,short,tie,0,no,0,middle,no,no,no,
Kabalevsky T06,-3,6,3.5,G3,55,ɨ,derived from Bozeman bass,0.375,open,G#3,-1.39,below primo,-2,-7,none,not assessed,short,repeated,0,no,0,middle,no,no,no,
Kabalevsky T06,-3,6,4,F3,53,o,Bozeman bass midpoint,0.375,open,A3,-4,below primo,-4,-9,none,not assessed,short,step,-2,no,0,middle,no,no,no,
Kabalevsky T06,-3,6,4.5,D#3,51,ɨ,derived from Bozeman bass,0.375,open,G#3,-5.39,below primo,-6,-11,none,not assessed,short,step,-2,no,0,middle,no,no,no,
Kabalevsky T06,-3,7,1,F3,53,ɨ,derived from Bozeman bass,0.375,open,G#3,-3.39,below primo,-4,-9,none,not assessed,short,step,2,no,0,middle,no,no,no,
Kabalevsky T06,-3,7,1.5,F3,53,ɑ,Bozeman bass midpoint,0.375,open,D#4,-9.5,below primo,-4,-9,none,not assessed,short,repeated,0,no,0,middle,no,no,no,
Kabalevsky T06,-3,7,2,F3,53,o,Bozeman bass midpoint,0.75,open,A3,-4,below primo,-4,-9,none,not assessed,short,repeated,0,no,0,middle,no,no,no,
Kabalevsky T06,-3,7,3,F3,53,o,Bozeman bass midpoint,0.375,open,A3,-4,below primo,-4,-9,none,not assessed,short,tie,0,no,0,middle,no,no,no,
Kabalevsky T06,-3,7,3.5,F3,53,ɑ,Bozeman bass midpoint,0.375,open,D#4,-9.5,below primo,-4,-9,none,not assessed,short,repeated,0,no,0,middle,no,no,no,
Kabalevsky T06,-3,7,4,D#3,51,ɑ,Bozeman bass midpoint,0.375,open,D#4,-11.5,below primo,-6,-11,4,not assessed,short,step,-2,no,0,middle,no,no,no,
Kabalevsky T06,-3,7,4.5,D3,50,ɨ,derived from Bozeman bass,0.375,open,G#3,-6.39,below primo,-7,-12,none,not assessed,short,step,-1,no,0,middle,no,no,no,
Kabalevsky T06,-3,8,1,D#3,51,o,Bozeman bass midpoint,1.5,open,A3,-6,below primo,-6,-11,none,not assessed,short,step,1,no,0,last,no,no,no,
Kabalevsky T06,-3,8,3.5,G2,43,ɑ,Bozeman bass midpoint,0.375,open,D#4,-19.5,below primo,-14,-19,none,not assessed,short,leap-down,-8,yes,1,first,no,no,no,
Kabalevsky T06,-3,8,4,C3,48,ɑ,Bozeman bass midpoint,0.375,open,D#4,-14.5,below primo,-9,-14,none,not assessed,short,leap-up,5,no,1,middle,no,no,no,
Kabalevsky T06,-3,8,4.5,D3,50,ɨ,derived from Bozeman bass,0.375,open,G#3,-6.39,below primo,-7,-12,none,not assessed,short,step,2,no,1,middle,no,no,no,
Kabalevsky T06,-3,9,1,D#3,51,e,Bozeman bass midpoint,1.125,open,A3,-6,below primo,-6,-11,none,not assessed,short,step,1,no,1,middle,no,no,no,
Kabalevsky T06,-3,9,2.5,D#3,51,ɑ,Bozeman bass midpoint,0.375,open,D#4,-11.5,below primo,-6,-11,4,not assessed,short,repeated,0,no,1,middle,no,no,no,
Kabalevsky T06,-3,9,3,D3,50,u,Bozeman bass midpoint,0.375,open,D#3,-1.5,below primo,-7,-12,none,not assessed,short,step,-1,no,1,middle,no,no,no,
Kabalevsky T06,-3,9,3.5,D#3,51,ɨ,derived from Bozeman bass,0.375,open,G#3,-5.39,below primo,-6,-11,none,not assessed,short,step,1,no,1,middle,no,no,no,
Kabalevsky T06,-3,9,4,F3,53,o,Bozeman bass midpoint,0.375,open,A3,-4,below primo,-4,-9,none,not assessed,short,step,2,no,1,middle,no,no,no,
Kabalevsky T06,-3,9,4.5,D3,50,ɑ,Bozeman bass midpoint,0.375,open,D#4,-12.5,below primo,-7,-12,none,not assessed,short,leap-down,-3,no,1,middle,no,no,no,
Kabalevsky T06,-3,10,1,G3,55,o,Bozeman bass midpoint,1.5,open,A3,-2,below primo,-2,-7,none,not assessed,short,leap-up,5,no,1,middle,no,no,no,
Kabalevsky T06,-3,10,3,G3,55,o,Bozeman bass midpoint,0.375,open,A3,-2,below primo,-2,-7,none,not assessed,short,tie,0,no,1,middle,no,no,no,
Kabalevsky T06,-3,10,3.5,F#3,54,u,Bozeman bass midpoint,0.375,close,D#3,2.5,below primo,-3,-8,none,not assessed,short,step,-1,no,1,middle,no,no,no,
Kabalevsky T06,-3,10,4,G3,55,u,Bozeman bass midpoint,0.375,close,D#3,3.5,below primo,-2,-7,none,not assessed,short,step,1,no,1,middle,no,no,no,
Kabalevsky T06,-3,10,4.5,A3,57,ɪ,derived from Bozeman bass,0.375,open,A#3,-0.54,inside,0,-5,none,not assessed,short,step,2,no,1,middle,no,no,no,
Kabalevsky T06,-3,11,1,A#3,58,o,Bozeman bass midpoint,0.375,close,A3,1,inside,1,-4,none,not assessed,short,step,1,no,1,middle,yes,no,no,highest of phrase; turning pitch 0 to 2 st below
Kabalevsky T06,-3,11,1.5,G3,55,o,Bozeman bass midpoint,0.375,open,A3,-2,below primo,-2,-7,none,not assessed,short,leap-down,-3,no,1,middle,no,no,no,
Kabalevsky T06,-3,11,2,D3,50,ʌ,derived from Bozeman bass,0.375,open,D#4,-12.5,below primo,-7,-12,none,not assessed,short,leap-down,-5,no,1,middle,no,no,no,
Kabalevsky T06,-3,11,2.5,D#3,51,i,Bozeman bass midpoint,0.375,close,D#3,0,below primo,-6,-11,none,not assessed,short,step,1,no,1,middle,no,no,no,turning pitch 0 to 2 st below
Kabalevsky T06,-3,11,3,D3,50,ɑ,Bozeman bass midpoint,1.125,open,D#4,-12.5,below primo,-7,-12,none,not assessed,short,step,-1,no,1,middle,no,no,no,
Kabalevsky T06,-3,11,4.5,C3,48,ɑ,Bozeman bass midpoint,0.375,open,D#4,-14.5,below primo,-9,-14,none,not assessed,short,step,-2,no,1,middle,no,no,no,
Kabalevsky T06,-3,12,1,D3,50,o,Bozeman bass midpoint,3,open,A3,-7,below primo,-7,-12,3,not assessed,held,step,2,no,1,middle,no,no,no,held
Kabalevsky T06,-3,13,1,D3,50,o,Bozeman bass midpoint,0.375,open,A3,-7,below primo,-7,-12,3,not assessed,held,tie,0,no,1,last,no,no,no,held
Kabalevsky T06,-3,13,3.5,G3,55,i,Bozeman bass midpoint,0.375,close,D#3,4,below primo,-2,-7,none,not assessed,short,leap-up,5,yes,2,first,no,no,no,
Kabalevsky T06,-3,13,4,G3,55,ɛ,Bozeman bass midpoint,0.375,open,C4,-5.5,below primo,-2,-7,none,not assessed,short,repeated,0,no,2,middle,no,no,no,
Kabalevsky T06,-3,13,4.5,G3,55,i,Bozeman bass midpoint,0.375,close,D#3,4,below primo,-2,-7,none,not assessed,short,repeated,0,no,2,middle,no,no,no,
Kabalevsky T06,-3,14,1,G3,55,o,Bozeman bass midpoint,0.375,open,A3,-2,below primo,-2,-7,none,not assessed,short,repeated,0,no,2,middle,no,no,no,
Kabalevsky T06,-3,14,1.5,G#3,56,ʌ,derived from Bozeman bass,0.375,open,D#4,-6.5,below primo,-1,-6,none,not assessed,short,step,1,no,2,middle,no,no,no,
Kabalevsky T06,-3,14,2,G#3,56,ʌ,derived from Bozeman bass,0.375,open,D#4,-6.5,below primo,-1,-6,none,not assessed,short,repeated,0,no,2,middle,no,no,no,
Kabalevsky T06,-3,14,2.5,G#3,56,ɑ,Bozeman bass midpoint,0.375,open,D#4,-6.5,below primo,-1,-6,none,not assessed,short,repeated,0,no,2,middle,no,no,no,
Kabalevsky T06,-3,14,3,G#3,56,ɑ,Bozeman bass midpoint,0.375,open,D#4,-6.5,below primo,-1,-6,none,not assessed,short,repeated,0,no,2,middle,no,no,no,
Kabalevsky T06,-3,14,3.5,G3,55,ɑ,Bozeman bass midpoint,0.375,open,D#4,-7.5,below primo,-2,-7,3,not assessed,short,step,-1,no,2,middle,no,no,no,
Kabalevsky T06,-3,14,4,G3,55,ɑ,Bozeman bass midpoint,0.375,open,D#4,-7.5,below primo,-2,-7,3,not assessed,short,repeated,0,no,2,middle,no,no,no,
Kabalevsky T06,-3,14,4.5,G3,55,ɑ,Bozeman bass midpoint,0.375,open,D#4,-7.5,below primo,-2,-7,3,not assessed,short,repeated,0,no,2,middle,no,no,no,
Kabalevsky T06,-3,15,1,C4,60,o,Bozeman bass midpoint,0.375,close,A3,3,inside,3,-2,none,not assessed,short,leap-up,5,no,2,middle,yes,no,no,highest of phrase
Kabalevsky T06,-3,15,1.5,G#3,56,i,Bozeman bass midpoint,0.375,close,D#3,5,below primo,-1,-6,none,not assessed,short,leap-down,-4,no,2,middle,no,no,no,
Kabalevsky T06,-3,15,2,G#3,56,ɑ,Bozeman bass midpoint,0.375,open,D#4,-6.5,below primo,-1,-6,none,not assessed,short,repeated,0,no,2,middle,no,no,no,
Kabalevsky T06,-3,15,2.5,G3,55,ɨ,derived from Bozeman bass,0.375,open,G#3,-1.39,below primo,-2,-7,none,not assessed,short,step,-1,no,2,middle,no,no,no,
Kabalevsky T06,-3,15,3,F3,53,o,Bozeman bass midpoint,1.5,open,A3,-4,below primo,-4,-9,none,not assessed,short,step,-2,no,2,middle,no,no,no,
Kabalevsky T06,-3,16,1,F3,53,o,Bozeman bass midpoint,0.375,open,A3,-4,below primo,-4,-9,none,not assessed,short,tie,0,no,2,middle,no,no,no,
Kabalevsky T06,-3,16,1.5,F3,53,i,Bozeman bass midpoint,0.375,close,D#3,2,below primo,-4,-9,none,not assessed,short,repeated,0,no,2,middle,no,no,no,
Kabalevsky T06,-3,16,2,G3,55,ʌ,derived from Bozeman bass,0.375,open,D#4,-7.5,below primo,-2,-7,3,not assessed,short,step,2,no,2,middle,no,no,no,
Kabalevsky T06,-3,16,2.5,G#3,56,ɑ,Bozeman bass midpoint,0.375,open,D#4,-6.5,below primo,-1,-6,none,not assessed,short,step,1,no,2,middle,no,no,no,
Kabalevsky T06,-3,16,3,G3,55,u,Bozeman bass midpoint,0.375,close,D#3,3.5,below primo,-2,-7,none,not assessed,short,step,-1,no,2,middle,no,no,no,
Kabalevsky T06,-3,16,3.5,F3,53,u,Bozeman bass midpoint,0.375,close,D#3,1.5,below primo,-4,-9,none,not assessed,short,step,-2,no,2,middle,no,no,no,turning pitch 0 to 2 st below
Kabalevsky T06,-3,16,4,F3,53,ɑ,Bozeman bass midpoint,0.375,open,D#4,-9.5,below primo,-4,-9,none,not assessed,short,repeated,0,no,2,middle,no,no,no,
Kabalevsky T06,-3,16,4.5,F3,53,ɑ,Bozeman bass midpoint,0.375,open,D#4,-9.5,below primo,-4,-9,none,not assessed,short,repeated,0,no,2,middle,no,no,no,
Kabalevsky T06,-3,17,1,A#3,58,ɑ,Bozeman bass midpoint,0.375,open,D#4,-4.5,inside,1,-4,none,not assessed,short,leap-up,5,no,2,middle,no,no,no,
Kabalevsky T06,-3,17,1.5,D#3,51,u,Bozeman bass midpoint,0.375,open,D#3,-0.5,below primo,-6,-11,none,not assessed,short,leap-down,-7,no,2,middle,no,no,no,
Kabalevsky T06,-3,17,2,D#3,51,i,Bozeman bass midpoint,0.375,close,D#3,0,below primo,-6,-11,none,not assessed,short,repeated,0,no,2,middle,no,no,no,turning pitch 0 to 2 st below
Kabalevsky T06,-3,17,2.5,D#3,51,i,Bozeman bass midpoint,0.375,close,D#3,0,below primo,-6,-11,none,not assessed,short,repeated,0,no,2,middle,no,no,no,turning pitch 0 to 2 st below
Kabalevsky T06,-3,17,3,D#3,51,o,Bozeman bass midpoint,0.375,open,A3,-6,below primo,-6,-11,none,not assessed,short,repeated,0,no,2,middle,no,no,no,
Kabalevsky T06,-3,17,3.5,D3,50,ɑ,Bozeman bass midpoint,0.375,open,D#4,-12.5,below primo,-7,-12,none,not assessed,short,step,-1,no,2,middle,no,no,no,
Kabalevsky T06,-3,17,4,D3,50,ɑ,Bozeman bass midpoint,0.75,open,D#4,-12.5,below primo,-7,-12,none,not assessed,short,repeated,0,no,2,middle,no,no,no,
Kabalevsky T06,-3,18,1,D3,50,ɑ,Bozeman bass midpoint,0.75,open,D#4,-12.5,below primo,-7,-12,none,not assessed,short,tie,0,no,2,middle,no,no,no,
Kabalevsky T06,-3,18,2,D3,50,ɑ,Bozeman bass midpoint,0.75,open,D#4,-12.5,below primo,-7,-12,none,not assessed,short,repeated,0,no,2,middle,no,no,no,
Kabalevsky T06,-3,18,3,A#3,58,e,Bozeman bass midpoint,0.375,close,A3,1,inside,1,-4,none,not assessed,short,leap-up,8,no,2,middle,no,no,no,turning pitch 0 to 2 st below
Kabalevsky T06,-3,18,3.5,C3,48,i,Bozeman bass midpoint,0.375,open,D#3,-3,below primo,-9,-14,none,not assessed,short,leap-down,-10,no,2,middle,no,no,no,
Kabalevsky T06,-3,18,4,C3,48,u,Bozeman bass midpoint,0.375,open,D#3,-3.5,below primo,-9,-14,none,not assessed,short,repeated,0,no,2,middle,no,no,no,
Kabalevsky T06,-3,18,4.5,C3,48,ɪ,derived from Bozeman bass,0.375,open,A#3,-9.54,below primo,-9,-14,none,not assessed,short,repeated,0,no,2,middle,no,no,no,
Kabalevsky T06,-3,19,1,D3,50,o,Bozeman bass midpoint,0.375,open,A3,-7,below primo,-7,-12,3,not assessed,short,step,2,no,2,middle,no,no,no,
Kabalevsky T06,-3,19,1.5,C3,48,u,Bozeman bass midpoint,0.375,open,D#3,-3.5,below primo,-9,-14,none,not assessed,short,step,-2,no,2,middle,no,no,no,
Kabalevsky T06,-3,19,2,D#3,51,ʌ,derived from Bozeman bass,0.375,open,D#4,-11.5,below primo,-6,-11,4,not assessed,short,leap-up,3,no,2,middle,no,no,no,
Kabalevsky T06,-3,19,2.5,G#3,56,ɪ,derived from Bozeman bass,0.375,open,A#3,-1.54,below primo,-1,-6,none,not assessed,short,leap-up,5,no,2,middle,no,no,no,
Kabalevsky T06,-3,19,3,G3,55,u,Bozeman bass midpoint,1.5,close,D#3,3.5,below primo,-2,-7,none,not assessed,short,step,-1,no,2,middle,no,no,no,
Kabalevsky T06,-3,20,1,G3,55,u,Bozeman bass midpoint,0.375,close,D#3,3.5,below primo,-2,-7,none,not assessed,short,tie,0,no,2,last,no,no,no,
Kabalevsky T06,-3,20,2.5,F3,53,ɑ,Bozeman bass midpoint,0.375,open,D#4,-9.5,below primo,-4,-9,none,not assessed,short,step,-2,yes,3,first,no,no,no,
Kabalevsky T06,-3,21,1,G3,55,o,Bozeman bass midpoint,0.375,open,A3,-2,below primo,-2,-7,none,not assessed,short,step,2,no,3,middle,no,no,no,
Kabalevsky T06,-3,21,1.5,G3,55,i,Bozeman bass midpoint,0.375,close,D#3,4,below primo,-2,-7,none,not assessed,short,repeated,0,no,3,middle,no,no,no,
Kabalevsky T06,-3,21,2,G3,55,ɨ,derived from Bozeman bass,0.375,open,G#3,-1.39,below primo,-2,-7,none,not assessed,short,repeated,0,no,3,middle,no,no,no,
Kabalevsky T06,-3,21,2.5,G3,55,u,Bozeman bass midpoint,0.375,close,D#3,3.5,below primo,-2,-7,none,not assessed,short,repeated,0,no,3,middle,no,no,no,
Kabalevsky T06,-3,21,3,F3,53,ɑ,Bozeman bass midpoint,0.375,open,D#4,-9.5,below primo,-4,-9,none,not assessed,short,step,-2,no,3,middle,no,no,no,
Kabalevsky T06,-3,21,3.5,G3,55,ɪ,derived from Bozeman bass,0.375,open,A#3,-2.54,below primo,-2,-7,none,not assessed,short,step,2,no,3,middle,no,no,no,
Kabalevsky T06,-3,21,4,G#3,56,ɑ,Bozeman bass midpoint,0.375,open,D#4,-6.5,below primo,-1,-6,none,not assessed,short,step,1,no,3,middle,yes,no,no,highest of phrase
Kabalevsky T06,-3,21,4.5,F3,53,ɨ,derived from Bozeman bass,0.375,open,G#3,-3.39,below primo,-4,-9,none,not assessed,short,leap-down,-3,no,3,middle,no,no,no,
Kabalevsky T06,-3,22,1,G3,55,o,Bozeman bass midpoint,1.125,open,A3,-2,below primo,-2,-7,none,not assessed,short,step,2,no,3,middle,no,no,no,
Kabalevsky T06,-3,22,2.5,G3,55,ɪ,derived from Bozeman bass,0.375,open,A#3,-2.54,below primo,-2,-7,none,not assessed,short,repeated,0,no,3,middle,no,no,no,
Kabalevsky T06,-3,23,1,F3,53,o,Bozeman bass midpoint,0.375,open,A3,-4,below primo,-4,-9,none,not assessed,short,step,-2,no,3,middle,no,no,no,
Kabalevsky T06,-3,23,1.5,F3,53,ɪ,derived from Bozeman bass,0.375,open,A#3,-4.54,below primo,-4,-9,none,not assessed,short,repeated,0,no,3,middle,no,no,no,
Kabalevsky T06,-3,23,2,F3,53,i,Bozeman bass midpoint,0.375,close,D#3,2,below primo,-4,-9,none,not assessed,short,repeated,0,no,3,middle,no,no,no,
Kabalevsky T06,-3,23,2.5,F3,53,ɪ,derived from Bozeman bass,0.375,open,A#3,-4.54,below primo,-4,-9,none,not assessed,short,repeated,0,no,3,middle,no,no,no,
Kabalevsky T06,-3,23,3,F3,53,ɑ,Bozeman bass midpoint,0.375,open,D#4,-9.5,below primo,-4,-9,none,not assessed,short,repeated,0,no,3,middle,no,no,no,
Kabalevsky T06,-3,23,3.5,F3,53,i,Bozeman bass midpoint,0.375,close,D#3,2,below primo,-4,-9,none,not assessed,short,repeated,0,no,3,middle,no,no,no,
Kabalevsky T06,-3,23,4,D#3,51,ʌ,derived from Bozeman bass,0.375,open,D#4,-11.5,below primo,-6,-11,4,not assessed,short,step,-2,no,3,middle,no,no,no,
Kabalevsky T06,-3,23,4.5,D3,50,i,Bozeman bass midpoint,0.375,open,D#3,-1,below primo,-7,-12,none,not assessed,short,step,-1,no,3,middle,no,no,no,
Kabalevsky T06,-3,24,1,D#3,51,ɨ,derived from Bozeman bass,1.5,open,G#3,-5.39,below primo,-6,-11,none,not assessed,short,step,1,no,3,last,no,no,no,
Kabalevsky T06,-3,24,3.5,G2,43,i,Bozeman bass midpoint,0.375,open,D#3,-8,below primo,-14,-19,none,not assessed,short,leap-down,-8,yes,4,first,no,no,no,
Kabalevsky T06,-3,24,4,C3,48,i,Bozeman bass midpoint,0.375,open,D#3,-3,below primo,-9,-14,none,not assessed,short,leap-up,5,no,4,middle,no,no,no,
Kabalevsky T06,-3,24,4.5,D3,50,ɑ,Bozeman bass midpoint,0.375,open,D#4,-12.5,below primo,-7,-12,none,not assessed,short,step,2,no,4,middle,no,no,no,
Kabalevsky T06,-3,25,1,D#3,51,ɑ,Bozeman bass midpoint,1.125,open,D#4,-11.5,below primo,-6,-11,4,not assessed,short,step,1,no,4,middle,no,no,no,
Kabalevsky T06,-3,25,2.5,D#3,51,ɪ,derived from Bozeman bass,0.375,open,A#3,-6.54,below primo,-6,-11,3,not assessed,short,repeated,0,no,4,middle,no,no,no,
Kabalevsky T06,-3,25,3,D3,50,ʌ,derived from Bozeman bass,0.375,open,D#4,-12.5,below primo,-7,-12,none,not assessed,short,step,-1,no,4,middle,no,no,no,
Kabalevsky T06,-3,25,3.5,D#3,51,ɑ,Bozeman bass midpoint,0.375,open,D#4,-11.5,below primo,-6,-11,4,not assessed,short,step,1,no,4,middle,no,no,no,
Kabalevsky T06,-3,25,4,F3,53,i,Bozeman bass midpoint,0.375,close,D#3,2,below primo,-4,-9,none,not assessed,short,step,2,no,4,middle,no,no,no,
Kabalevsky T06,-3,25,4.5,D3,50,none resolved,not assessed,0.375,not assessed,not assessed,not assessed,below primo,-7,-12,not assessed,not assessed,short,leap-down,-3,no,4,middle,no,no,no,
Kabalevsky T06,-3,26,1,G3,55,o,Bozeman bass midpoint,1.5,open,A3,-2,below primo,-2,-7,none,not assessed,short,leap-up,5,no,4,middle,no,no,no,
Kabalevsky T06,-3,26,3,G3,55,o,Bozeman bass midpoint,0.375,open,A3,-2,below primo,-2,-7,none,not assessed,short,tie,0,no,4,middle,no,no,no,
Kabalevsky T06,-3,26,3.5,F#3,54,ɨ,derived from Bozeman bass,0.375,open,G#3,-2.39,below primo,-3,-8,none,not assessed,short,step,-1,no,4,middle,no,no,no,
Kabalevsky T06,-3,26,4,G3,55,ɑ,Bozeman bass midpoint,0.375,open,D#4,-7.5,below primo,-2,-7,3,not assessed,short,step,1,no,4,middle,no,no,no,
Kabalevsky T06,-3,26,4.5,A3,57,ɪ,derived from Bozeman bass,0.375,open,A#3,-0.54,inside,0,-5,none,not assessed,short,step,2,no,4,middle,no,no,no,
Kabalevsky T06,-3,27,1,A#3,58,e,Bozeman bass midpoint,1.125,close,A3,1,inside,1,-4,none,not assessed,short,step,1,no,4,middle,yes,no,no,highest of phrase; turning pitch 0 to 2 st below
Kabalevsky T06,-3,27,2.5,G3,55,i,Bozeman bass midpoint,0.375,close,D#3,4,below primo,-2,-7,none,not assessed,short,leap-down,-3,no,4,middle,no,no,no,
Kabalevsky T06,-3,27,3,D3,50,ʌ,derived from Bozeman bass,0.375,open,D#4,-12.5,below primo,-7,-12,none,not assessed,short,leap-down,-5,no,4,middle,no,no,no,
Kabalevsky T06,-3,27,3.5,D3,50,ɑ,Bozeman bass midpoint,0.375,open,D#4,-12.5,below primo,-7,-12,none,not assessed,short,repeated,0,no,4,middle,no,no,no,
Kabalevsky T06,-3,27,4,D3,50,ɑ,Bozeman bass midpoint,0.375,open,D#4,-12.5,below primo,-7,-12,none,not assessed,short,repeated,0,no,4,middle,no,no,no,
Kabalevsky T06,-3,27,4.5,D#3,51,i,Bozeman bass midpoint,0.375,close,D#3,0,below primo,-6,-11,none,not assessed,short,step,1,no,4,middle,no,no,no,turning pitch 0 to 2 st below
Kabalevsky T06,-3,28,1,D3,50,ɨ,derived from Bozeman bass,3,open,G#3,-6.39,below primo,-7,-12,none,not assessed,held,step,-1,no,4,middle,no,no,no,held
Kabalevsky T06,-3,29,1,D3,50,ɨ,derived from Bozeman bass,0.375,open,G#3,-6.39,below primo,-7,-12,none,not assessed,held,tie,0,no,4,last,no,no,no,held
Kabalevsky T06,-3,30,2,A#2,46,o,Bozeman bass midpoint,0.75,open,A3,-11,below primo,-11,-16,none,not assessed,short,leap-down,-4,yes,5,first,no,no,no,
Kabalevsky T06,-3,30,3,A#3,58,u,Bozeman bass midpoint,1.5,close,D#3,6.5,inside,1,-4,none,not assessed,short,leap-up,12,no,5,middle,yes,no,no,highest of phrase
Kabalevsky T06,-3,31,1,A#3,58,u,Bozeman bass midpoint,0.375,close,D#3,6.5,inside,1,-4,none,not assessed,short,tie,0,no,5,middle,yes,no,no,highest of phrase
Kabalevsky T06,-3,31,1.5,G3,55,ɑ,Bozeman bass midpoint,0.375,open,D#4,-7.5,below primo,-2,-7,3,not assessed,short,leap-down,-3,no,5,middle,no,no,no,
Kabalevsky T06,-3,31,2,F3,53,ɑ,Bozeman bass midpoint,0.375,open,D#4,-9.5,below primo,-4,-9,none,not assessed,short,step,-2,no,5,middle,no,no,no,
Kabalevsky T06,-3,31,2.5,D#3,51,ɑ,Bozeman bass midpoint,0.375,open,D#4,-11.5,below primo,-6,-11,4,not assessed,short,step,-2,no,5,middle,no,no,no,
Kabalevsky T06,-3,31,3,D3,50,ɑ,Bozeman bass midpoint,0.375,open,D#4,-12.5,below primo,-7,-12,none,not assessed,short,step,-1,no,5,middle,no,no,no,
Kabalevsky T06,-3,31,3.5,C3,48,ɪ,derived from Bozeman bass,0.375,open,A#3,-9.54,below primo,-9,-14,none,not assessed,short,step,-2,no,5,middle,no,no,no,
Kabalevsky T06,-3,31,4,F3,53,o,Bozeman bass midpoint,0.375,open,A3,-4,below primo,-4,-9,none,not assessed,short,leap-up,5,no,5,middle,no,no,no,
Kabalevsky T06,-3,31,4.5,G3,55,ɑ,Bozeman bass midpoint,0.375,open,D#4,-7.5,below primo,-2,-7,3,not assessed,short,step,2,no,5,middle,no,no,no,
Kabalevsky T06,-3,32,1,G#3,56,ɛ,Bozeman bass midpoint,1.5,open,C4,-4.5,below primo,-1,-6,none,not assessed,short,step,1,no,5,middle,no,no,no,
Kabalevsky T06,-3,32,3,G#3,56,ɛ,Bozeman bass midpoint,0.375,open,C4,-4.5,below primo,-1,-6,none,not assessed,short,tie,0,no,5,middle,no,no,no,
Kabalevsky T06,-3,32,3.5,G#3,56,u,Bozeman bass midpoint,0.375,close,D#3,4.5,below primo,-1,-6,none,not assessed,short,repeated,0,no,5,middle,no,no,no,
Kabalevsky T06,-3,32,4,G3,55,ɑ,Bozeman bass midpoint,0.375,open,D#4,-7.5,below primo,-2,-7,3,not assessed,short,step,-1,no,5,middle,no,no,no,
Kabalevsky T06,-3,32,4.5,G#3,56,ɑ,Bozeman bass midpoint,0.375,open,D#4,-6.5,below primo,-1,-6,none,not assessed,short,step,1,no,5,middle,no,no,no,
Kabalevsky T06,-3,33,1,F3,53,ɑ,Bozeman bass midpoint,3,open,D#4,-9.5,below primo,-4,-9,none,not assessed,held,leap-down,-3,no,5,middle,no,no,no,held
Kabalevsky T06,-3,34,1,A#3,58,ɨ,derived from Bozeman bass,0.75,close,G#3,1.61,inside,1,-4,none,not assessed,short,leap-up,5,no,5,middle,yes,no,no,highest of phrase; turning pitch 0 to 2 st below
Kabalevsky T06,-3,34,2,F3,53,u,Bozeman bass midpoint,0.375,close,D#3,1.5,below primo,-4,-9,none,not assessed,short,leap-down,-5,no,5,middle,no,no,no,turning pitch 0 to 2 st below
Kabalevsky T06,-3,34,2.5,F3,53,i,Bozeman bass midpoint,0.375,close,D#3,2,below primo,-4,-9,none,not assessed,short,repeated,0,no,5,middle,no,no,no,
Kabalevsky T06,-3,34,3,G#3,56,ɑ,Bozeman bass midpoint,1.125,open,D#4,-6.5,below primo,-1,-6,none,not assessed,short,leap-up,3,no,5,middle,no,no,no,
Kabalevsky T06,-3,34,4.5,D#3,51,ɑ,Bozeman bass midpoint,0.375,open,D#4,-11.5,below primo,-6,-11,4,not assessed,short,leap-down,-5,no,5,middle,no,no,no,
Kabalevsky T06,-3,35,1,G3,55,ɛ,Bozeman bass midpoint,3,open,C4,-5.5,below primo,-2,-7,none,not assessed,held,leap-up,4,no,5,middle,no,no,no,held
Kabalevsky T06,-3,36,1,G3,55,ɛ,Bozeman bass midpoint,3,open,C4,-5.5,below primo,-2,-7,none,not assessed,held,tie,0,no,5,middle,no,no,no,held
Kabalevsky T06,-3,37,1,G3,55,ɛ,Bozeman bass midpoint,0.375,open,C4,-5.5,below primo,-2,-7,none,not assessed,held,tie,0,no,5,last,no,no,no,held
Kabalevsky T07,-2,2,6,F3,53,ɨ,derived from Bozeman bass,0.357,open,G#3,-3.39,below primo,-4,-9,none,not assessed,short,first note,,,0,first,no,no,no,
Kabalevsky T07,-2,3,1,F3,53,u,Bozeman bass midpoint,0.714,close,D#3,1.5,below primo,-4,-9,none,not assessed,short,repeated,0,no,0,middle,no,no,no,turning pitch 0 to 2 st below
Kabalevsky T07,-2,3,3,D3,50,ɨ,derived from Bozeman bass,0.357,open,G#3,-6.39,below primo,-7,-12,none,not assessed,short,leap-down,-3,no,0,middle,no,no,no,
Kabalevsky T07,-2,3,4,D3,50,ʌ,derived from Bozeman bass,0.714,open,D#4,-12.5,below primo,-7,-12,none,not assessed,short,repeated,0,no,0,middle,no,no,no,
Kabalevsky T07,-2,3,6,F3,53,o,Bozeman bass midpoint,0.357,open,A3,-4,below primo,-4,-9,none,not assessed,short,leap-up,3,no,0,middle,no,no,no,
Kabalevsky T07,-2,4,1,A#3,58,u,Bozeman bass midpoint,0.714,close,D#3,6.5,inside,1,-4,none,not assessed,short,leap-up,5,no,0,middle,yes,no,no,highest of phrase
Kabalevsky T07,-2,4,3,A3,57,ɑ,Bozeman bass midpoint,0.357,open,D#4,-5.5,inside,0,-5,none,not assessed,short,step,-1,no,0,middle,no,no,no,
Kabalevsky T07,-2,4,4,G3,55,u,Bozeman bass midpoint,0.714,close,D#3,3.5,below primo,-2,-7,none,not assessed,short,step,-2,no,0,middle,no,no,no,
Kabalevsky T07,-2,4,6,D3,50,ɨ,derived from Bozeman bass,0.357,open,G#3,-6.39,below primo,-7,-12,none,not assessed,short,leap-down,-5,no,0,middle,no,no,no,
Kabalevsky T07,-2,5,1,D#3,51,ɑ,Bozeman bass midpoint,0.714,open,D#4,-11.5,below primo,-6,-11,4,not assessed,short,step,1,no,0,middle,no,no,no,
Kabalevsky T07,-2,5,3,D3,50,ɑ,Bozeman bass midpoint,0.357,open,D#4,-12.5,below primo,-7,-12,none,not assessed,short,step,-1,no,0,middle,no,no,no,
Kabalevsky T07,-2,5,4,C3,48,ɨ,derived from Bozeman bass,0.714,open,G#3,-8.39,below primo,-9,-14,none,not assessed,short,step,-2,no,0,middle,no,no,no,
Kabalevsky T07,-2,5,6,D#3,51,ɨ,derived from Bozeman bass,0.357,open,G#3,-5.39,below primo,-6,-11,none,not assessed,short,leap-up,3,no,0,middle,no,no,no,
Kabalevsky T07,-2,6,1,D3,50,ɛ,Bozeman bass midpoint,0.536,open,C4,-10.5,below primo,-7,-12,none,not assessed,short,step,-1,no,0,middle,no,no,no,
Kabalevsky T07,-2,6,2.5,D3,50,ɪ,derived from Bozeman bass,0.179,open,A#3,-7.54,below primo,-7,-12,none,not assessed,short,repeated,0,no,0,middle,no,no,no,
Kabalevsky T07,-2,6,3,D3,50,ɪ,derived from Bozeman bass,0.179,open,A#3,-7.54,below primo,-7,-12,none,not assessed,short,repeated,0,no,0,middle,no,no,no,
Kabalevsky T07,-2,6,3.5,D3,50,ɑ,Bozeman bass midpoint,0.179,open,D#4,-12.5,below primo,-7,-12,none,not assessed,short,repeated,0,no,0,middle,no,no,no,
Kabalevsky T07,-2,6,4,A3,57,ɑ,Bozeman bass midpoint,0.536,open,D#4,-5.5,inside,0,-5,none,not assessed,short,leap-up,7,no,0,middle,no,no,no,
Kabalevsky T07,-2,6,5.5,D3,50,ʌ,derived from Bozeman bass,0.179,open,D#4,-12.5,below primo,-7,-12,none,not assessed,short,leap-down,-7,no,0,middle,no,no,no,
Kabalevsky T07,-2,6,6,D3,50,u,Bozeman bass midpoint,0.179,open,D#3,-1.5,below primo,-7,-12,none,not assessed,short,repeated,0,no,0,middle,no,no,no,
Kabalevsky T07,-2,6,6.5,D3,50,ɑ,Bozeman bass midpoint,0.179,open,D#4,-12.5,below primo,-7,-12,none,not assessed,short,repeated,0,no,0,middle,no,no,no,
Kabalevsky T07,-2,7,1,G3,55,o,Bozeman bass midpoint,1.071,open,A3,-2,below primo,-2,-7,none,not assessed,short,leap-up,5,no,0,middle,no,no,no,
Kabalevsky T07,-2,7,4,G3,55,o,Bozeman bass midpoint,0.357,open,A3,-2,below primo,-2,-7,none,not assessed,short,tie,0,no,0,last,no,no,no,
Kabalevsky T07,-2,7,6,G3,55,ɑ,Bozeman bass midpoint,0.357,open,D#4,-7.5,below primo,-2,-7,3,not assessed,short,repeated,0,yes,1,first,no,no,no,
Kabalevsky T07,-2,8,1,A#3,58,ɛ,Bozeman bass midpoint,0.714,open,C4,-2.5,inside,1,-4,none,not assessed,short,leap-up,3,no,1,middle,no,no,no,
Kabalevsky T07,-2,8,3,A3,57,ɨ,derived from Bozeman bass,0.357,close,G#3,0.61,inside,0,-5,none,not assessed,short,step,-1,no,1,middle,no,no,no,turning pitch 0 to 2 st below
Kabalevsky T07,-2,8,4,G3,55,u,Bozeman bass midpoint,0.357,close,D#3,3.5,below primo,-2,-7,none,not assessed,short,step,-2,no,1,middle,no,no,no,
Kabalevsky T07,-2,8,5,F3,53,u,Bozeman bass midpoint,0.357,close,D#3,1.5,below primo,-4,-9,none,not assessed,short,step,-2,no,1,middle,no,no,no,turning pitch 0 to 2 st below
Kabalevsky T07,-2,8,6,D#3,51,i,Bozeman bass midpoint,0.357,close,D#3,0,below primo,-6,-11,none,not assessed,short,step,-2,no,1,middle,no,no,no,turning pitch 0 to 2 st below
Kabalevsky T07,-2,9,1,D3,50,ʌ,derived from Bozeman bass,0.714,open,D#4,-12.5,below primo,-7,-12,none,not assessed,short,step,-1,no,1,middle,no,no,no,
Kabalevsky T07,-2,9,3,F#3,54,o,Bozeman bass midpoint,0.357,open,A3,-3,below primo,-3,-8,none,not assessed,short,leap-up,4,no,1,middle,no,no,no,
Kabalevsky T07,-2,9,4,A3,57,ɑ,Bozeman bass midpoint,0.714,open,D#4,-5.5,inside,0,-5,none,not assessed,short,leap-up,3,no,1,middle,no,no,no,
Kabalevsky T07,-2,9,6,C4,60,i,Bozeman bass midpoint,0.357,close,D#3,9,inside,3,-2,none,not assessed,short,leap-up,3,no,1,middle,yes,no,no,highest of phrase
Kabalevsky T07,-2,10,1,A#3,58,a,derived from Bozeman bass,0.714,open,F4,-6.92,inside,1,-4,3,not assessed,short,step,-2,no,1,middle,no,no,no,
Kabalevsky T07,-2,10,3,A3,57,a,derived from Bozeman bass,0.357,open,F4,-7.92,inside,0,-5,none,not assessed,short,step,-1,no,1,middle,no,no,no,
Kabalevsky T07,-2,10,4,G3,55,ʌ,derived from Bozeman bass,0.536,open,D#4,-7.5,below primo,-2,-7,3,not assessed,short,step,-2,no,1,middle,no,no,no,
Kabalevsky T07,-2,10,5.5,D#3,51,i,Bozeman bass midpoint,0.179,close,D#3,0,below primo,-6,-11,none,not assessed,short,leap-down,-4,no,1,middle,no,no,no,turning pitch 0 to 2 st below
Kabalevsky T07,-2,10,6,D#3,51,a,derived from Bozeman bass,0.179,open,F4,-13.92,below primo,-6,-11,none,not assessed,short,repeated,0,no,1,middle,no,no,no,
Kabalevsky T07,-2,10,6.5,D#3,51,ɪ,derived from Bozeman bass,0.179,open,A#3,-6.54,below primo,-6,-11,3,not assessed,short,repeated,0,no,1,middle,no,no,no,
Kabalevsky T07,-2,11,1,D3,50,u,Bozeman bass midpoint,0.714,open,D#3,-1.5,below primo,-7,-12,none,not assessed,short,step,-1,no,1,middle,no,no,no,
Kabalevsky T07,-2,11,3,D3,50,u,Bozeman bass midpoint,0.357,open,D#3,-1.5,below primo,-7,-12,none,not assessed,short,repeated,0,no,1,middle,no,no,no,
Kabalevsky T07,-2,11,4,D3,50,ɑ,Bozeman bass midpoint,0.536,open,D#4,-12.5,below primo,-7,-12,none,not assessed,short,repeated,0,no,1,middle,no,no,no,
Kabalevsky T07,-2,11,5.5,D3,50,ʌ,derived from Bozeman bass,0.179,open,D#4,-12.5,below primo,-7,-12,none,not assessed,short,repeated,0,no,1,middle,no,no,no,
Kabalevsky T07,-2,11,6,D3,50,u,Bozeman bass midpoint,0.179,open,D#3,-1.5,below primo,-7,-12,none,not assessed,short,repeated,0,no,1,middle,no,no,no,
Kabalevsky T07,-2,11,6.5,D3,50,ɑ,Bozeman bass midpoint,0.179,open,D#4,-12.5,below primo,-7,-12,none,not assessed,short,repeated,0,no,1,middle,no,no,no,
Kabalevsky T07,-2,12,1,D3,50,o,Bozeman bass midpoint,1.071,open,A3,-7,below primo,-7,-12,3,not assessed,short,repeated,0,no,1,middle,no,no,no,
Kabalevsky T07,-2,12,4,D3,50,o,Bozeman bass midpoint,0.357,open,A3,-7,below primo,-7,-12,3,not assessed,short,tie,0,no,1,last,no,no,no,
Kabalevsky T07,-2,13,4,G3,55,ɛ,Bozeman bass midpoint,1.071,open,C4,-5.5,below primo,-2,-7,none,not assessed,short,leap-up,5,yes,2,first,no,no,no,
Kabalevsky T07,-2,14,1,G#3,56,ɑ,Bozeman bass midpoint,0.714,open,D#4,-6.5,below primo,-1,-6,none,not assessed,short,step,1,no,2,middle,yes,no,no,highest of phrase
Kabalevsky T07,-2,14,3,G3,55,ɑ,Bozeman bass midpoint,0.357,open,D#4,-7.5,below primo,-2,-7,3,not assessed,short,step,-1,no,2,middle,no,no,no,
Kabalevsky T07,-2,14,4,F3,53,ɑ,Bozeman bass midpoint,0.714,open,D#4,-9.5,below primo,-4,-9,none,not assessed,short,step,-2,no,2,middle,no,no,no,
Kabalevsky T07,-2,14,6,D#3,51,i,Bozeman bass midpoint,0.357,close,D#3,0,below primo,-6,-11,none,not assessed,short,step,-2,no,2,middle,no,no,no,turning pitch 0 to 2 st below
Kabalevsky T07,-2,15,1,D3,50,i,Bozeman bass midpoint,0.714,open,D#3,-1,below primo,-7,-12,none,not assessed,short,step,-1,no,2,middle,no,no,no,
Kabalevsky T07,-2,15,3,G3,55,ɑ,Bozeman bass midpoint,0.357,open,D#4,-7.5,below primo,-2,-7,3,not assessed,short,leap-up,5,no,2,middle,no,no,no,
Kabalevsky T07,-2,15,4,G3,55,ɛ,Bozeman bass midpoint,0.714,open,C4,-5.5,below primo,-2,-7,none,not assessed,short,repeated,0,no,2,middle,no,no,no,
Kabalevsky T07,-2,15,6,F3,53,ʌ,derived from Bozeman bass,0.357,open,D#4,-9.5,below primo,-4,-9,none,not assessed,short,step,-2,no,2,middle,no,no,no,
Kabalevsky T07,-2,16,1,D#3,51,u,Bozeman bass midpoint,1.071,open,D#3,-0.5,below primo,-6,-11,none,not assessed,short,step,-2,no,2,middle,no,no,no,
Kabalevsky T07,-2,16,4,A#2,46,i,Bozeman bass midpoint,0.357,open,D#3,-5,below primo,-11,-16,none,not assessed,short,leap-down,-5,no,2,last,no,no,no,
Kabalevsky T07,-2,16,5.5,A#2,46,ɪ,derived from Bozeman bass,0.179,open,A#3,-11.54,below primo,-11,-16,4,not assessed,short,repeated,0,yes,3,first,no,no,no,
Kabalevsky T07,-2,16,6,A#2,46,ʌ,derived from Bozeman bass,0.179,open,D#4,-16.5,below primo,-11,-16,none,not assessed,short,repeated,0,no,3,middle,no,no,no,
Kabalevsky T07,-2,16,6.5,A#2,46,ɑ,Bozeman bass midpoint,0.179,open,D#4,-16.5,below primo,-11,-16,none,not assessed,short,repeated,0,no,3,middle,no,no,no,
Kabalevsky T07,-2,17,1,B2,47,u,Bozeman bass midpoint,0.714,open,D#3,-4.5,below primo,-10,-15,none,not assessed,short,step,1,no,3,middle,no,no,no,
Kabalevsky T07,-2,17,3,B2,47,i,Bozeman bass midpoint,0.357,open,D#3,-4,below primo,-10,-15,none,not assessed,short,repeated,0,no,3,middle,no,no,no,
Kabalevsky T07,-2,17,4,C3,48,u,Bozeman bass midpoint,0.536,open,D#3,-3.5,below primo,-9,-14,none,not assessed,short,step,1,no,3,middle,no,no,no,
Kabalevsky T07,-2,17,5.5,D3,50,u,Bozeman bass midpoint,0.179,open,D#3,-1.5,below primo,-7,-12,none,not assessed,short,step,2,no,3,middle,no,no,no,
Kabalevsky T07,-2,17,6,D#3,51,ɨ,derived from Bozeman bass,0.179,open,G#3,-5.39,below primo,-6,-11,none,not assessed,short,step,1,no,3,middle,no,no,no,
Kabalevsky T07,-2,17,6.5,G3,55,ɑ,Bozeman bass midpoint,0.179,open,D#4,-7.5,below primo,-2,-7,3,not assessed,short,leap-up,4,no,3,middle,no,no,no,
Kabalevsky T07,-2,18,1,A3,57,ɑ,Bozeman bass midpoint,1.071,open,D#4,-5.5,inside,0,-5,none,not assessed,short,step,2,no,3,middle,no,no,no,
Kabalevsky T07,-2,18,4,A3,57,ɑ,Bozeman bass midpoint,0.714,open,D#4,-5.5,inside,0,-5,none,not assessed,short,tie,0,no,3,middle,no,no,no,
Kabalevsky T07,-2,18,6,A3,57,o,Bozeman bass midpoint,0.357,open,A3,0,inside,0,-5,none,not assessed,short,repeated,0,no,3,middle,no,no,no,
Kabalevsky T07,-2,19,1,A#3,58,o,Bozeman bass midpoint,0.536,close,A3,1,inside,1,-4,none,not assessed,short,step,1,no,3,middle,yes,no,no,highest of phrase; turning pitch 0 to 2 st below
Kabalevsky T07,-2,19,2.5,A3,57,ʌ,derived from Bozeman bass,0.179,open,D#4,-5.5,inside,0,-5,none,not assessed,short,step,-1,no,3,middle,no,no,no,
Kabalevsky T07,-2,19,3,G3,55,ʌ,derived from Bozeman bass,0.179,open,D#4,-7.5,below primo,-2,-7,3,not assessed,short,step,-2,no,3,middle,no,no,no,
Kabalevsky T07,-2,19,3.5,F3,53,ɑ,Bozeman bass midpoint,0.179,open,D#4,-9.5,below primo,-4,-9,none,not assessed,short,step,-2,no,3,middle,no,no,no,
Kabalevsky T07,-2,19,4,G3,55,o,Bozeman bass midpoint,0.536,open,A3,-2,below primo,-2,-7,none,not assessed,short,step,2,no,3,middle,no,no,no,
Kabalevsky T07,-2,19,5.5,F3,53,ɑ,Bozeman bass midpoint,0.179,open,D#4,-9.5,below primo,-4,-9,none,not assessed,short,step,-2,no,3,middle,no,no,no,
Kabalevsky T07,-2,19,6,D#3,51,ɨ,derived from Bozeman bass,0.179,open,G#3,-5.39,below primo,-6,-11,none,not assessed,short,step,-2,no,3,middle,no,no,no,
Kabalevsky T07,-2,19,6.5,D3,50,ɪ,derived from Bozeman bass,0.179,open,A#3,-7.54,below primo,-7,-12,none,not assessed,short,step,-1,no,3,middle,no,no,no,
Kabalevsky T07,-2,20,1,D#3,51,u,Bozeman bass midpoint,0.714,open,D#3,-0.5,below primo,-6,-11,none,not assessed,short,step,1,no,3,middle,no,no,no,
Kabalevsky T07,-2,20,3,D#3,51,i,Bozeman bass midpoint,0.357,close,D#3,0,below primo,-6,-11,none,not assessed,short,repeated,0,no,3,last,no,no,no,turning pitch 0 to 2 st below
Kabalevsky T07,-2,20,6,D#3,51,u,Bozeman bass midpoint,0.357,open,D#3,-0.5,below primo,-6,-11,none,not assessed,short,repeated,0,yes,4,first,no,no,no,
Kabalevsky T07,-2,21,1,D3,50,o,Bozeman bass midpoint,0.536,open,A3,-7,below primo,-7,-12,3,not assessed,short,step,-1,no,4,middle,no,no,no,
Kabalevsky T07,-2,21,2.5,D3,50,ʌ,derived from Bozeman bass,0.179,open,D#4,-12.5,below primo,-7,-12,none,not assessed,short,repeated,0,no,4,middle,no,no,no,
Kabalevsky T07,-2,21,3,D3,50,ʌ,derived from Bozeman bass,0.179,open,D#4,-12.5,below primo,-7,-12,none,not assessed,short,repeated,0,no,4,middle,no,no,no,
Kabalevsky T07,-2,21,3.5,D3,50,i,Bozeman bass midpoint,0.179,open,D#3,-1,below primo,-7,-12,none,not assessed,short,repeated,0,no,4,middle,no,no,no,
Kabalevsky T07,-2,21,4,G3,55,o,Bozeman bass midpoint,0.536,open,A3,-2,below primo,-2,-7,none,not assessed,short,leap-up,5,no,4,middle,yes,no,no,highest of phrase
Kabalevsky T07,-2,21,5.5,D#3,51,ɪ,derived from Bozeman bass,0.179,open,A#3,-6.54,below primo,-6,-11,3,not assessed,short,leap-down,-4,no,4,middle,no,no,no,
Kabalevsky T07,-2,21,6,D#3,51,u,Bozeman bass midpoint,0.179,open,D#3,-0.5,below primo,-6,-11,none,not assessed,short,repeated,0,no,4,middle,no,no,no,
Kabalevsky T07,-2,21,6.5,D#3,51,u,Bozeman bass midpoint,0.179,open,D#3,-0.5,below primo,-6,-11,none,not assessed,short,repeated,0,no,4,middle,no,no,no,
Kabalevsky T07,-2,22,1,D3,50,ɑ,Bozeman bass midpoint,1.071,open,D#4,-12.5,below primo,-7,-12,none,not assessed,short,step,-1,no,4,middle,no,no,no,
Kabalevsky T07,-2,22,4,D3,50,ɑ,Bozeman bass midpoint,0.357,open,D#4,-12.5,below primo,-7,-12,none,not assessed,short,tie,0,no,4,last,no,no,no,
Kabalevsky T07,-2,29,6,F3,53,i,Bozeman bass midpoint,0.357,close,D#3,2,below primo,-4,-9,none,not assessed,short,leap-up,3,yes,5,first,no,no,no,
Kabalevsky T07,-2,30,1,F3,53,u,Bozeman bass midpoint,0.714,close,D#3,1.5,below primo,-4,-9,none,not assessed,short,repeated,0,no,5,middle,no,no,no,turning pitch 0 to 2 st below
Kabalevsky T07,-2,30,3,D3,50,ɑ,Bozeman bass midpoint,0.357,open,D#4,-12.5,below primo,-7,-12,none,not assessed,short,leap-down,-3,no,5,middle,no,no,no,
Kabalevsky T07,-2,30,4,D3,50,ɪ,derived from Bozeman bass,0.714,open,A#3,-7.54,below primo,-7,-12,none,not assessed,short,repeated,0,no,5,middle,no,no,no,
Kabalevsky T07,-2,30,6,F3,53,ɑ,Bozeman bass midpoint,0.357,open,D#4,-9.5,below primo,-4,-9,none,not assessed,short,leap-up,3,no,5,middle,no,no,no,
Kabalevsky T07,-2,31,1,A#3,58,u,Bozeman bass midpoint,0.714,close,D#3,6.5,inside,1,-4,none,not assessed,short,leap-up,5,no,5,middle,no,no,no,
Kabalevsky T07,-2,31,3,A3,57,ɨ,derived from Bozeman bass,0.357,close,G#3,0.61,inside,0,-5,none,not assessed,short,step,-1,no,5,middle,no,no,no,turning pitch 0 to 2 st below
Kabalevsky T07,-2,31,4,G3,55,ɪ,derived from Bozeman bass,0.714,open,A#3,-2.54,below primo,-2,-7,none,not assessed,short,step,-2,no,5,middle,no,no,no,
Kabalevsky T07,-2,31,6,D3,50,ʌ,derived from Bozeman bass,0.357,open,D#4,-12.5,below primo,-7,-12,none,not assessed,short,leap-down,-5,no,5,middle,no,no,no,
Kabalevsky T07,-2,32,1,D#3,51,u,Bozeman bass midpoint,0.714,open,D#3,-0.5,below primo,-6,-11,none,not assessed,short,step,1,no,5,middle,no,no,no,
Kabalevsky T07,-2,32,3,D3,50,u,Bozeman bass midpoint,0.357,open,D#3,-1.5,below primo,-7,-12,none,not assessed,short,step,-1,no,5,middle,no,no,no,
Kabalevsky T07,-2,32,4,C3,48,ɨ,derived from Bozeman bass,0.536,open,G#3,-8.39,below primo,-9,-14,none,not assessed,short,step,-2,no,5,middle,no,no,no,
Kabalevsky T07,-2,32,5.5,D#3,51,u,Bozeman bass midpoint,0.179,open,D#3,-0.5,below primo,-6,-11,none,not assessed,short,leap-up,3,no,5,middle,no,no,no,
Kabalevsky T07,-2,32,6,D#3,51,ɑ,Bozeman bass midpoint,0.179,open,D#4,-11.5,below primo,-6,-11,4,not assessed,short,repeated,0,no,5,middle,no,no,no,
Kabalevsky T07,-2,32,6.5,D#3,51,u,Bozeman bass midpoint,0.179,open,D#3,-0.5,below primo,-6,-11,none,not assessed,short,repeated,0,no,5,middle,no,no,no,
Kabalevsky T07,-2,33,1,D3,50,o,Bozeman bass midpoint,0.714,open,A3,-7,below primo,-7,-12,3,not assessed,short,step,-1,no,5,middle,no,no,no,
Kabalevsky T07,-2,33,3,D3,50,i,Bozeman bass midpoint,0.357,open,D#3,-1,below primo,-7,-12,none,not assessed,short,repeated,0,no,5,middle,no,no,no,
Kabalevsky T07,-2,33,4,A3,57,o,Bozeman bass midpoint,0.536,open,A3,0,inside,0,-5,none,not assessed,short,leap-up,7,no,5,middle,no,no,no,
Kabalevsky T07,-2,33,5.5,D3,50,ʌ,derived from Bozeman bass,0.179,open,D#4,-12.5,below primo,-7,-12,none,not assessed,short,leap-down,-7,no,5,middle,no,no,no,
Kabalevsky T07,-2,33,6,D3,50,ʌ,derived from Bozeman bass,0.179,open,D#4,-12.5,below primo,-7,-12,none,not assessed,short,repeated,0,no,5,middle,no,no,no,
Kabalevsky T07,-2,33,6.5,D3,50,ɑ,Bozeman bass midpoint,0.179,open,D#4,-12.5,below primo,-7,-12,none,not assessed,short,repeated,0,no,5,middle,no,no,no,
Kabalevsky T07,-2,34,1,G3,55,u,Bozeman bass midpoint,1.071,close,D#3,3.5,below primo,-2,-7,none,not assessed,short,leap-up,5,no,5,middle,no,no,no,
Kabalevsky T07,-2,34,4,G3,55,u,Bozeman bass midpoint,0.714,close,D#3,3.5,below primo,-2,-7,none,not assessed,short,tie,0,no,5,middle,no,no,no,
Kabalevsky T07,-2,34,6,G3,55,ɑ,Bozeman bass midpoint,0.357,open,D#4,-7.5,below primo,-2,-7,3,not assessed,short,repeated,0,no,5,middle,no,no,no,
Kabalevsky T07,-2,35,1,A#3,58,u,Bozeman bass midpoint,0.714,close,D#3,6.5,inside,1,-4,none,not assessed,short,leap-up,3,no,5,middle,no,no,no,
Kabalevsky T07,-2,35,3,A3,57,ʌ,derived from Bozeman bass,0.357,open,D#4,-5.5,inside,0,-5,none,not assessed,short,step,-1,no,5,middle,no,no,no,
Kabalevsky T07,-2,35,4,G3,55,ɑ,Bozeman bass midpoint,0.357,open,D#4,-7.5,below primo,-2,-7,3,not assessed,short,step,-2,no,5,middle,no,no,no,
Kabalevsky T07,-2,35,5,F3,53,ɑ,Bozeman bass midpoint,0.357,open,D#4,-9.5,below primo,-4,-9,none,not assessed,short,step,-2,no,5,middle,no,no,no,
Kabalevsky T07,-2,35,6,D#3,51,ɑ,Bozeman bass midpoint,0.357,open,D#4,-11.5,below primo,-6,-11,4,not assessed,short,step,-2,no,5,middle,no,no,no,
Kabalevsky T07,-2,36,1,D3,50,ɛ,Bozeman bass midpoint,0.714,open,C4,-10.5,below primo,-7,-12,none,not assessed,short,step,-1,no,5,middle,no,no,no,
Kabalevsky T07,-2,36,3,F#3,54,i,Bozeman bass midpoint,0.357,close,D#3,3,below primo,-3,-8,none,not assessed,short,leap-up,4,no,5,middle,no,no,no,
Kabalevsky T07,-2,36,4,A3,57,o,Bozeman bass midpoint,0.714,open,A3,0,inside,0,-5,none,not assessed,short,leap-up,3,no,5,middle,no,no,no,
Kabalevsky T07,-2,36,6,C4,60,ʌ,derived from Bozeman bass,0.357,open,D#4,-2.5,inside,3,-2,none,not assessed,short,leap-up,3,no,5,middle,yes,no,no,highest of phrase
Kabalevsky T07,-2,37,1,A#3,58,u,Bozeman bass midpoint,0.714,close,D#3,6.5,inside,1,-4,none,not assessed,short,step,-2,no,5,middle,no,no,no,
Kabalevsky T07,-2,37,3,A3,57,u,Bozeman bass midpoint,0.357,close,D#3,5.5,inside,0,-5,none,not assessed,short,step,-1,no,5,middle,no,no,no,
Kabalevsky T07,-2,37,4,G3,55,ɨ,derived from Bozeman bass,0.714,open,G#3,-1.39,below primo,-2,-7,none,not assessed,short,step,-2,no,5,middle,no,no,no,
Kabalevsky T07,-2,37,6,A#3,58,ɑ,Bozeman bass midpoint,0.357,open,D#4,-4.5,inside,1,-4,none,not assessed,short,leap-up,3,no,5,middle,no,no,no,
Kabalevsky T07,-2,38,1,A3,57,i,Bozeman bass midpoint,0.536,close,D#3,6,inside,0,-5,none,not assessed,short,step,-1,no,5,middle,no,no,no,
Kabalevsky T07,-2,38,2.5,D3,50,ʌ,derived from Bozeman bass,0.179,open,D#4,-12.5,below primo,-7,-12,none,not assessed,short,leap-down,-7,no,5,middle,no,no,no,
Kabalevsky T07,-2,38,3,D3,50,i,Bozeman bass midpoint,0.179,open,D#3,-1,below primo,-7,-12,none,not assessed,short,repeated,0,no,5,middle,no,no,no,
Kabalevsky T07,-2,38,3.5,D3,50,i,Bozeman bass midpoint,0.179,open,D#3,-1,below primo,-7,-12,none,not assessed,short,repeated,0,no,5,middle,no,no,no,
Kabalevsky T07,-2,38,4,A3,57,e,Bozeman bass midpoint,0.536,open,A3,0,inside,0,-5,none,not assessed,short,leap-up,7,no,5,middle,no,no,no,
Kabalevsky T07,-2,38,5.5,F3,53,i,Bozeman bass midpoint,0.179,close,D#3,2,below primo,-4,-9,none,not assessed,short,leap-down,-4,no,5,middle,no,no,no,
Kabalevsky T07,-2,38,6,F3,53,i,Bozeman bass midpoint,0.179,close,D#3,2,below primo,-4,-9,none,not assessed,short,repeated,0,no,5,middle,no,no,no,
Kabalevsky T07,-2,38,6.5,F3,53,ɑ,Bozeman bass midpoint,0.179,open,D#4,-9.5,below primo,-4,-9,none,not assessed,short,repeated,0,no,5,middle,no,no,no,
Kabalevsky T07,-2,39,1,A#3,58,u,Bozeman bass midpoint,0.714,close,D#3,6.5,inside,1,-4,none,not assessed,short,leap-up,5,no,5,middle,no,no,no,
Kabalevsky T07,-2,39,3,A#3,58,u,Bozeman bass midpoint,0.357,close,D#3,6.5,inside,1,-4,none,not assessed,short,tie,0,no,5,last,no,no,no,
Kabalevsky T07,-2,44,4,A#3,58,ɑ,Bozeman bass midpoint,0.357,open,D#4,-4.5,inside,1,-4,none,not assessed,short,repeated,0,yes,6,first,no,no,no,
Kabalevsky T07,-2,44,5,F#3,54,ʌ,derived from Bozeman bass,0.357,open,D#4,-8.5,below primo,-3,-8,none,not assessed,short,leap-down,-4,no,6,middle,no,no,no,
Kabalevsky T07,-2,44,6,F3,53,ɑ,Bozeman bass midpoint,0.357,open,D#4,-9.5,below primo,-4,-9,none,not assessed,short,step,-1,no,6,middle,no,no,no,
Kabalevsky T07,-2,45,1,D#3,51,i,Bozeman bass midpoint,0.714,close,D#3,0,below primo,-6,-11,none,not assessed,short,step,-2,no,6,middle,no,no,no,turning pitch 0 to 2 st below
Kabalevsky T07,-2,45,3,F3,53,ɑ,Bozeman bass midpoint,0.357,open,D#4,-9.5,below primo,-4,-9,none,not assessed,short,step,2,no,6,middle,no,no,no,
Kabalevsky T07,-2,45,4,F#3,54,ɑ,Bozeman bass midpoint,0.714,open,D#4,-8.5,below primo,-3,-8,none,not assessed,short,step,1,no,6,middle,no,no,no,
Kabalevsky T07,-2,45,6,A#3,58,ɪ,derived from Bozeman bass,0.357,close,A#3,0.46,inside,1,-4,none,not assessed,short,leap-up,4,no,6,middle,no,no,no,turning pitch 0 to 2 st below
Kabalevsky T07,-2,46,1,B3,59,u,Bozeman bass midpoint,0.714,close,D#3,7.5,inside,2,-3,none,not assessed,short,step,1,no,6,middle,yes,no,no,highest of phrase
Kabalevsky T07,-2,46,3,F#3,54,ɑ,Bozeman bass midpoint,0.357,open,D#4,-8.5,below primo,-3,-8,none,not assessed,short,leap-down,-5,no,6,middle,no,no,no,
Kabalevsky T07,-2,46,4,F#3,54,e,Bozeman bass midpoint,0.714,open,A3,-3,below primo,-3,-8,none,not assessed,short,repeated,0,no,6,middle,no,no,no,
Kabalevsky T07,-2,46,6,F#3,54,ɪ,derived from Bozeman bass,0.357,open,A#3,-3.54,below primo,-3,-8,none,not assessed,short,repeated,0,no,6,last,no,no,no,
Kabalevsky T07,-2,47,4,F#3,54,o,Bozeman bass midpoint,0.357,open,A3,-3,below primo,-3,-8,none,not assessed,short,repeated,0,yes,7,first,no,no,no,
Kabalevsky T07,-2,47,5,F3,53,ʌ,derived from Bozeman bass,0.357,open,D#4,-9.5,below primo,-4,-9,none,not assessed,short,step,-1,no,7,middle,no,no,no,
Kabalevsky T07,-2,47,6,F#3,54,i,Bozeman bass midpoint,0.357,close,D#3,3,below primo,-3,-8,none,not assessed,short,step,1,no,7,middle,no,no,no,
Kabalevsky T07,-2,47,7,G#3,56,o,Bozeman bass midpoint,0.714,open,A3,-1,below primo,-1,-6,none,not assessed,short,step,2,no,7,middle,yes,no,no,highest of phrase
Kabalevsky T07,-2,47,9,F#3,54,ɨ,derived from Bozeman bass,0.357,open,G#3,-2.39,below primo,-3,-8,none,not assessed,short,step,-2,no,7,middle,no,no,no,
Kabalevsky T07,-2,48,1,F3,53,u,Bozeman bass midpoint,1.071,close,D#3,1.5,below primo,-4,-9,none,not assessed,short,step,-1,no,7,middle,no,no,no,turning pitch 0 to 2 st below
Kabalevsky T07,-2,48,4,F3,53,u,Bozeman bass midpoint,0.357,close,D#3,1.5,below primo,-4,-9,none,not assessed,short,tie,0,no,7,last,no,no,no,turning pitch 0 to 2 st below
Kabalevsky T07,-2,48,6,D3,50,ɑ,Bozeman bass midpoint,0.357,open,D#4,-12.5,below primo,-7,-12,none,not assessed,short,leap-down,-3,yes,8,first,yes,no,no,highest of phrase
Kabalevsky T07,-2,49,1,D3,50,o,Bozeman bass midpoint,1.071,open,A3,-7,below primo,-7,-12,3,not assessed,short,repeated,0,no,8,middle,yes,no,no,highest of phrase
Kabalevsky T07,-2,49,4,D3,50,o,Bozeman bass midpoint,0.714,open,A3,-7,below primo,-7,-12,3,not assessed,short,tie,0,no,8,middle,yes,no,no,highest of phrase
Kabalevsky T07,-2,49,6,A2,45,ɪ,derived from Bozeman bass,0.357,open,A#3,-12.54,below primo,-12,-17,none,not assessed,short,leap-down,-5,no,8,middle,no,no,no,
Kabalevsky T07,-2,50,1,A#2,46,e,Bozeman bass midpoint,1.071,open,A3,-11,below primo,-11,-16,none,not assessed,short,step,1,no,8,middle,no,no,no,
Kabalevsky T07,-2,50,4,A#2,46,e,Bozeman bass midpoint,0.714,open,A3,-11,below primo,-11,-16,none,not assessed,short,tie,0,no,8,middle,no,no,no,
Kabalevsky T07,-2,50,6,A#2,46,i,Bozeman bass midpoint,0.357,open,D#3,-5,below primo,-11,-16,none,not assessed,short,repeated,0,no,8,last,no,no,no,
Kabalevsky T08,-1,1,3.5,D3,50,ɨ,derived from Bozeman bass,0.455,open,G#3,-6.39,below primo,-7,-12,none,not assessed,short,first note,,,0,first,no,no,no,
Kabalevsky T08,-1,1,4,C#3,49,o,Bozeman bass midpoint,0.455,open,A3,-8,below primo,-8,-13,none,not assessed,short,step,-1,no,0,middle,no,no,no,
Kabalevsky T08,-1,1,4.5,E3,52,u,Bozeman bass midpoint,0.455,close,D#3,0.5,below primo,-5,-10,none,not assessed,short,leap-up,3,no,0,middle,no,no,no,turning pitch 0 to 2 st below
Kabalevsky T08,-1,2,1,D3,50,i,Bozeman bass midpoint,0.455,open,D#3,-1,below primo,-7,-12,none,not assessed,short,step,-2,no,0,middle,no,no,no,
Kabalevsky T08,-1,2,1.5,B2,47,ɑ,Bozeman bass midpoint,0.455,open,D#4,-15.5,below primo,-10,-15,5,not assessed,short,leap-down,-3,no,0,middle,no,no,no,
Kabalevsky T08,-1,2,2,B2,47,ɑ,Bozeman bass midpoint,0.455,open,D#4,-15.5,below primo,-10,-15,5,not assessed,short,repeated,0,no,0,middle,no,no,no,
Kabalevsky T08,-1,2,2.5,D3,50,u,Bozeman bass midpoint,0.455,open,D#3,-1.5,below primo,-7,-12,none,not assessed,short,leap-up,3,no,0,middle,no,no,no,
Kabalevsky T08,-1,2,3,G3,55,o,Bozeman bass midpoint,1.364,open,A3,-2,below primo,-2,-7,none,not assessed,short,leap-up,5,no,0,middle,no,no,no,
Kabalevsky T08,-1,2,4.5,F#3,54,ɑ,Bozeman bass midpoint,0.455,open,D#4,-8.5,below primo,-3,-8,none,not assessed,short,step,-1,no,0,middle,no,no,no,
Kabalevsky T08,-1,3,1,E3,52,ɛ,Bozeman bass midpoint,1.818,open,C4,-8.5,below primo,-5,-10,none,not assessed,short,step,-2,no,0,middle,no,no,no,
Kabalevsky T08,-1,3,3,E3,52,ɛ,Bozeman bass midpoint,0.455,open,C4,-8.5,below primo,-5,-10,none,not assessed,short,tie,0,no,0,middle,no,no,no,
Kabalevsky T08,-1,3,3.5,E3,52,ɑ,Bozeman bass midpoint,0.455,open,D#4,-10.5,below primo,-5,-10,none,not assessed,short,repeated,0,no,0,middle,no,no,no,
Kabalevsky T08,-1,3,4,F#3,54,u,Bozeman bass midpoint,0.455,close,D#3,2.5,below primo,-3,-8,none,not assessed,short,step,2,no,0,middle,no,no,no,
Kabalevsky T08,-1,3,4.5,G3,55,ɑ,Bozeman bass midpoint,0.455,open,D#4,-7.5,below primo,-2,-7,3,not assessed,short,step,1,no,0,middle,no,no,no,
Kabalevsky T08,-1,4,1,A3,57,o,Bozeman bass midpoint,1.364,open,A3,0,inside,0,-5,none,not assessed,short,step,2,no,0,middle,yes,no,no,highest of phrase
Kabalevsky T08,-1,4,2.5,E3,52,i,Bozeman bass midpoint,0.455,close,D#3,1,below primo,-5,-10,none,not assessed,short,leap-down,-5,no,0,middle,no,no,no,turning pitch 0 to 2 st below
Kabalevsky T08,-1,4,3,A3,57,ɑ,Bozeman bass midpoint,0.455,open,D#4,-5.5,inside,0,-5,none,not assessed,short,leap-up,5,no,0,middle,yes,no,no,highest of phrase
Kabalevsky T08,-1,4,3.5,G3,55,ɨ,derived from Bozeman bass,0.455,open,G#3,-1.39,below primo,-2,-7,none,not assessed,short,step,-2,no,0,middle,no,no,no,
Kabalevsky T08,-1,4,4,F#3,54,i,Bozeman bass midpoint,0.455,close,D#3,3,below primo,-3,-8,none,not assessed,short,step,-1,no,0,middle,no,no,no,
Kabalevsky T08,-1,4,4.5,E3,52,ɨ,derived from Bozeman bass,0.455,open,G#3,-4.39,below primo,-5,-10,none,not assessed,short,step,-2,no,0,middle,no,no,no,
Kabalevsky T08,-1,5,1,F#3,54,e,Bozeman bass midpoint,1.818,open,A3,-3,below primo,-3,-8,none,not assessed,short,step,2,no,0,middle,no,no,no,
Kabalevsky T08,-1,5,3,F#3,54,e,Bozeman bass midpoint,0.455,open,A3,-3,below primo,-3,-8,none,not assessed,short,tie,0,no,0,middle,no,no,no,
Kabalevsky T08,-1,5,3.5,D3,50,ɪ,derived from Bozeman bass,0.455,open,A#3,-7.54,below primo,-7,-12,none,not assessed,short,leap-down,-4,no,0,middle,no,no,no,
Kabalevsky T08,-1,5,4,F#3,54,ʌ,derived from Bozeman bass,0.455,open,D#4,-8.5,below primo,-3,-8,none,not assessed,short,leap-up,4,no,0,middle,no,no,no,
Kabalevsky T08,-1,5,4.5,A3,57,i,Bozeman bass midpoint,0.455,close,D#3,6,inside,0,-5,none,not assessed,short,leap-up,3,no,0,middle,yes,no,no,highest of phrase
Kabalevsky T08,-1,6,1,G3,55,i,Bozeman bass midpoint,0.455,close,D#3,4,below primo,-2,-7,none,not assessed,short,step,-2,no,0,middle,no,no,no,
Kabalevsky T08,-1,6,1.5,E3,52,o,Bozeman bass midpoint,0.455,open,A3,-5,below primo,-5,-10,none,not assessed,short,leap-down,-3,no,0,middle,no,no,no,
Kabalevsky T08,-1,6,2,D3,50,ɛ,Bozeman bass midpoint,0.455,open,C4,-10.5,below primo,-7,-12,none,not assessed,short,step,-2,no,0,middle,no,no,no,
Kabalevsky T08,-1,6,2.5,C3,48,ʌ,derived from Bozeman bass,0.455,open,D#4,-14.5,below primo,-9,-14,none,not assessed,short,step,-2,no,0,middle,no,no,no,
Kabalevsky T08,-1,6,3,E3,52,i,Bozeman bass midpoint,1.364,close,D#3,1,below primo,-5,-10,none,not assessed,short,leap-up,4,no,0,middle,no,no,no,turning pitch 0 to 2 st below
Kabalevsky T08,-1,6,4.5,B2,47,ɨ,derived from Bozeman bass,0.455,open,G#3,-9.39,below primo,-10,-15,none,not assessed,short,leap-down,-5,no,0,middle,no,no,no,
Kabalevsky T08,-1,7,1,E3,52,ɛ,Bozeman bass midpoint,1.818,open,C4,-8.5,below primo,-5,-10,none,not assessed,short,leap-up,5,no,0,middle,no,no,no,
Kabalevsky T08,-1,7,3,E3,52,ɛ,Bozeman bass midpoint,0.455,open,C4,-8.5,below primo,-5,-10,none,not assessed,short,tie,0,no,0,middle,no,no,no,
Kabalevsky T08,-1,7,3.5,A2,45,ɑ,Bozeman bass midpoint,0.455,open,D#4,-17.5,below primo,-12,-17,none,not assessed,short,leap-down,-7,no,0,middle,no,no,no,
Kabalevsky T08,-1,7,4,C3,48,ʌ,derived from Bozeman bass,0.455,open,D#4,-14.5,below primo,-9,-14,none,not assessed,short,leap-up,3,no,0,middle,no,no,no,
Kabalevsky T08,-1,7,4.5,E3,52,i,Bozeman bass midpoint,0.455,close,D#3,1,below primo,-5,-10,none,not assessed,short,leap-up,4,no,0,middle,no,no,no,turning pitch 0 to 2 st below
Kabalevsky T08,-1,8,1,F#3,54,ɑ,Bozeman bass midpoint,1.364,open,D#4,-8.5,below primo,-3,-8,none,not assessed,short,step,2,no,0,middle,no,no,no,
Kabalevsky T08,-1,8,2.5,E3,52,ɑ,Bozeman bass midpoint,0.455,open,D#4,-10.5,below primo,-5,-10,none,not assessed,short,step,-2,no,0,middle,no,no,no,
Kabalevsky T08,-1,8,3,D3,50,i,Bozeman bass midpoint,0.455,open,D#3,-1,below primo,-7,-12,none,not assessed,short,step,-2,no,0,middle,no,no,no,
Kabalevsky T08,-1,8,3.5,E3,52,ɨ,derived from Bozeman bass,0.455,open,G#3,-4.39,below primo,-5,-10,none,not assessed,short,step,2,no,0,middle,no,no,no,
Kabalevsky T08,-1,8,4,F#3,54,i,Bozeman bass midpoint,0.455,close,D#3,3,below primo,-3,-8,none,not assessed,short,step,2,no,0,middle,no,no,no,
Kabalevsky T08,-1,8,4.5,A3,57,ɪ,derived from Bozeman bass,0.455,open,A#3,-0.54,inside,0,-5,none,not assessed,short,leap-up,3,no,0,middle,yes,no,no,highest of phrase
Kabalevsky T08,-1,9,1,G3,55,e,Bozeman bass midpoint,1.818,open,A3,-2,below primo,-2,-7,none,not assessed,short,step,-2,no,0,middle,no,no,no,
Kabalevsky T08,-1,9,3,G3,55,e,Bozeman bass midpoint,0.455,open,A3,-2,below primo,-2,-7,none,not assessed,short,tie,0,no,0,last,no,no,no,
Kabalevsky T08,-1,9,4.5,G3,55,i,Bozeman bass midpoint,0.455,close,D#3,4,below primo,-2,-7,none,not assessed,short,repeated,0,yes,1,first,no,no,no,
Kabalevsky T08,-1,10,1,G3,55,ɛ,Bozeman bass midpoint,0.455,open,C4,-5.5,below primo,-2,-7,none,not assessed,short,repeated,0,no,1,middle,no,no,no,
Kabalevsky T08,-1,10,1.5,E3,52,i,Bozeman bass midpoint,0.455,close,D#3,1,below primo,-5,-10,none,not assessed,short,leap-down,-3,no,1,middle,no,no,no,turning pitch 0 to 2 st below
Kabalevsky T08,-1,10,2,E3,52,i,Bozeman bass midpoint,0.455,close,D#3,1,below primo,-5,-10,none,not assessed,short,repeated,0,no,1,middle,no,no,no,turning pitch 0 to 2 st below
Kabalevsky T08,-1,10,2.5,G3,55,i,Bozeman bass midpoint,0.455,close,D#3,4,below primo,-2,-7,none,not assessed,short,leap-up,3,no,1,middle,no,no,no,
Kabalevsky T08,-1,10,3,C4,60,o,Bozeman bass midpoint,0.455,close,A3,3,inside,3,-2,none,not assessed,short,leap-up,5,no,1,middle,yes,no,no,highest of phrase
Kabalevsky T08,-1,10,3.5,B3,59,ɨ,derived from Bozeman bass,0.455,close,G#3,2.61,inside,2,-3,none,not assessed,short,step,-1,no,1,middle,no,no,no,
Kabalevsky T08,-1,10,4,B3,59,o,Bozeman bass midpoint,0.455,close,A3,2,inside,2,-3,none,not assessed,short,repeated,0,no,1,middle,no,no,no,turning pitch 0 to 2 st below
Kabalevsky T08,-1,10,4.5,C4,60,ɑ,Bozeman bass midpoint,0.455,open,D#4,-2.5,inside,3,-2,none,not assessed,short,step,1,no,1,middle,yes,no,no,highest of phrase
Kabalevsky T08,-1,11,1,A3,57,ɛ,Bozeman bass midpoint,1.818,open,C4,-3.5,inside,0,-5,none,not assessed,short,leap-down,-3,no,1,middle,no,no,no,
Kabalevsky T08,-1,11,3,A3,57,ɛ,Bozeman bass midpoint,0.455,open,C4,-3.5,inside,0,-5,none,not assessed,short,tie,0,no,1,middle,no,no,no,
Kabalevsky T08,-1,11,3.5,E3,52,ɨ,derived from Bozeman bass,0.455,open,G#3,-4.39,below primo,-5,-10,none,not assessed,short,leap-down,-5,no,1,middle,no,no,no,
Kabalevsky T08,-1,11,4,E3,52,ʌ,derived from Bozeman bass,0.455,open,D#4,-10.5,below primo,-5,-10,none,not assessed,short,repeated,0,no,1,middle,no,no,no,
Kabalevsky T08,-1,11,4.5,E3,52,u,Bozeman bass midpoint,0.455,close,D#3,0.5,below primo,-5,-10,none,not assessed,short,repeated,0,no,1,middle,no,no,no,turning pitch 0 to 2 st below
Kabalevsky T08,-1,12,1,F3,53,ɛ,Bozeman bass midpoint,1.364,open,C4,-7.5,below primo,-4,-9,3,not assessed,short,step,1,no,1,middle,no,no,no,
Kabalevsky T08,-1,12,2.5,E3,52,ɑ,Bozeman bass midpoint,0.455,open,D#4,-10.5,below primo,-5,-10,none,not assessed,short,step,-1,no,1,middle,no,no,no,
Kabalevsky T08,-1,12,3,A3,57,ɨ,derived from Bozeman bass,0.455,close,G#3,0.61,inside,0,-5,none,not assessed,short,leap-up,5,no,1,middle,no,no,no,turning pitch 0 to 2 st below
Kabalevsky T08,-1,12,3.5,F3,53,ɨ,derived from Bozeman bass,0.455,open,G#3,-3.39,below primo,-4,-9,none,not assessed,short,leap-down,-4,no,1,middle,no,no,no,
Kabalevsky T08,-1,12,4,F3,53,ɪ,derived from Bozeman bass,0.455,open,A#3,-4.54,below primo,-4,-9,none,not assessed,short,repeated,0,no,1,middle,no,no,no,
Kabalevsky T08,-1,12,4.5,D3,50,ɑ,Bozeman bass midpoint,0.455,open,D#4,-12.5,below primo,-7,-12,none,not assessed,short,leap-down,-3,no,1,middle,no,no,no,
Kabalevsky T08,-1,13,1,E3,52,e,Bozeman bass midpoint,1.818,open,A3,-5,below primo,-5,-10,none,not assessed,short,step,2,no,1,middle,no,no,no,
Kabalevsky T08,-1,13,3,E3,52,e,Bozeman bass midpoint,0.455,open,A3,-5,below primo,-5,-10,none,not assessed,short,tie,0,no,1,last,no,no,no,
Kabalevsky T08,-1,13,3.5,E3,52,ɑ,Bozeman bass midpoint,0.455,open,D#4,-10.5,below primo,-5,-10,none,not assessed,short,repeated,0,no,2,first,no,no,no,
Kabalevsky T08,-1,13,4,G#3,56,ɪ,derived from Bozeman bass,0.455,open,A#3,-1.54,below primo,-1,-6,none,not assessed,short,leap-up,4,no,2,middle,no,no,no,
Kabalevsky T08,-1,13,4.5,B3,59,ɑ,Bozeman bass midpoint,0.455,open,D#4,-3.5,inside,2,-3,none,not assessed,short,leap-up,3,no,2,middle,no,no,no,
Kabalevsky T08,-1,14,1,A3,57,u,Bozeman bass midpoint,1.364,close,D#3,5.5,inside,0,-5,none,not assessed,short,step,-2,no,2,middle,no,no,no,
Kabalevsky T08,-1,14,2.5,F3,53,u,Bozeman bass midpoint,0.455,close,D#3,1.5,below primo,-4,-9,none,not assessed,short,leap-down,-4,no,2,middle,no,no,no,turning pitch 0 to 2 st below
Kabalevsky T08,-1,14,3,E3,52,ɑ,Bozeman bass midpoint,0.455,open,D#4,-10.5,below primo,-5,-10,none,not assessed,short,step,-1,no,2,middle,no,no,no,
Kabalevsky T08,-1,14,3.5,E3,52,i,Bozeman bass midpoint,0.455,close,D#3,1,below primo,-5,-10,none,not assessed,short,repeated,0,no,2,middle,no,no,no,turning pitch 0 to 2 st below
Kabalevsky T08,-1,14,4,G#3,56,ɛ,Bozeman bass midpoint,0.455,open,C4,-4.5,below primo,-1,-6,none,not assessed,short,leap-up,4,no,2,middle,no,no,no,
Kabalevsky T08,-1,14,4.5,B3,59,ɨ,derived from Bozeman bass,0.455,close,G#3,2.61,inside,2,-3,none,not assessed,short,leap-up,3,no,2,middle,no,no,no,
Kabalevsky T08,-1,15,1,A3,57,ɛ,Bozeman bass midpoint,1.818,open,C4,-3.5,inside,0,-5,none,not assessed,short,step,-2,no,2,middle,no,no,no,
Kabalevsky T08,-1,15,3,A3,57,ɛ,Bozeman bass midpoint,0.455,open,C4,-3.5,inside,0,-5,none,not assessed,short,tie,0,no,2,middle,no,no,no,
Kabalevsky T08,-1,15,3.5,A3,57,ɑ,Bozeman bass midpoint,0.455,open,D#4,-5.5,inside,0,-5,none,not assessed,short,repeated,0,no,2,middle,no,no,no,
Kabalevsky T08,-1,15,4,B3,59,e,Bozeman bass midpoint,0.455,close,A3,2,inside,2,-3,none,not assessed,short,step,2,no,2,middle,no,no,no,turning pitch 0 to 2 st below
Kabalevsky T08,-1,15,4.5,C4,60,u,Bozeman bass midpoint,0.455,close,D#3,8.5,inside,3,-2,none,not assessed,short,step,1,no,2,middle,yes,no,no,highest of phrase
Kabalevsky T08,-1,16,1,B3,59,i,Bozeman bass midpoint,1.364,close,D#3,8,inside,2,-3,none,not assessed,short,step,-1,no,2,middle,no,no,no,
Kabalevsky T08,-1,16,2.5,F#3,54,ɨ,derived from Bozeman bass,0.455,open,G#3,-2.39,below primo,-3,-8,none,not assessed,short,leap-down,-5,no,2,middle,no,no,no,
Kabalevsky T08,-1,16,3,A3,57,ɑ,Bozeman bass midpoint,0.455,open,D#4,-5.5,inside,0,-5,none,not assessed,short,leap-up,3,no,2,middle,no,no,no,
Kabalevsky T08,-1,16,3.5,A3,57,ɑ,Bozeman bass midpoint,0.455,open,D#4,-5.5,inside,0,-5,none,not assessed,short,repeated,0,no,2,middle,no,no,no,
Kabalevsky T08,-1,16,4,B3,59,u,Bozeman bass midpoint,0.455,close,D#3,7.5,inside,2,-3,none,not assessed,short,step,2,no,2,middle,no,no,no,
Kabalevsky T08,-1,16,4.5,C4,60,ɑ,Bozeman bass midpoint,0.455,open,D#4,-2.5,inside,3,-2,none,not assessed,short,step,1,no,2,middle,yes,no,no,highest of phrase
Kabalevsky T08,-1,17,1,B3,59,e,Bozeman bass midpoint,3.636,close,A3,2,inside,2,-3,none,not assessed,held,step,-1,no,2,middle,no,no,no,held; turning pitch 0 to 2 st below
Kabalevsky T08,-1,18,1,B3,59,e,Bozeman bass midpoint,0.455,close,A3,2,inside,2,-3,none,not assessed,held,tie,0,no,2,last,no,no,no,held; turning pitch 0 to 2 st below
Kabalevsky T08,-1,18,3.5,D3,50,ɑ,Bozeman bass midpoint,0.455,open,D#4,-12.5,below primo,-7,-12,none,not assessed,short,leap-down,-9,yes,3,first,no,no,no,
Kabalevsky T08,-1,18,4,C#3,49,ɪ,derived from Bozeman bass,0.455,open,A#3,-8.54,below primo,-8,-13,none,not assessed,short,step,-1,no,3,middle,no,no,no,
Kabalevsky T08,-1,18,4.5,E3,52,ɑ,Bozeman bass midpoint,0.455,open,D#4,-10.5,below primo,-5,-10,none,not assessed,short,leap-up,3,no,3,middle,no,no,no,
Kabalevsky T08,-1,19,1,D3,50,u,Bozeman bass midpoint,1.364,open,D#3,-1.5,below primo,-7,-12,none,not assessed,short,step,-2,no,3,middle,no,no,no,
Kabalevsky T08,-1,19,2.5,B2,47,o,Bozeman bass midpoint,0.455,open,A3,-10,below primo,-10,-15,none,not assessed,short,leap-down,-3,no,3,middle,no,no,no,
Kabalevsky T08,-1,19,3,G3,55,ɛ,Bozeman bass midpoint,0.455,open,C4,-5.5,below primo,-2,-7,none,not assessed,short,leap-up,8,no,3,middle,no,no,no,
Kabalevsky T08,-1,19,3.5,F#3,54,ʌ,derived from Bozeman bass,0.455,open,D#4,-8.5,below primo,-3,-8,none,not assessed,short,step,-1,no,3,middle,no,no,no,
Kabalevsky T08,-1,19,4,F#3,54,e,Bozeman bass midpoint,0.455,open,A3,-3,below primo,-3,-8,none,not assessed,short,repeated,0,no,3,middle,no,no,no,
Kabalevsky T08,-1,19,4.5,G3,55,i,Bozeman bass midpoint,0.455,close,D#3,4,below primo,-2,-7,none,not assessed,short,step,1,no,3,middle,no,no,no,
Kabalevsky T08,-1,20,1,E3,52,o,Bozeman bass midpoint,1.818,open,A3,-5,below primo,-5,-10,none,not assessed,held,leap-down,-3,no,3,middle,no,no,no,held
Kabalevsky T08,-1,20,3,E3,52,o,Bozeman bass midpoint,1.364,open,A3,-5,below primo,-5,-10,none,not assessed,held,tie,0,no,3,middle,no,no,no,held
Kabalevsky T08,-1,20,4.5,E3,52,i,Bozeman bass midpoint,0.455,close,D#3,1,below primo,-5,-10,none,not assessed,short,repeated,0,no,3,middle,no,no,no,turning pitch 0 to 2 st below
Kabalevsky T08,-1,21,1,F#3,54,ɑ,Bozeman bass midpoint,0.455,open,D#4,-8.5,below primo,-3,-8,none,not assessed,short,step,2,no,3,middle,no,no,no,
Kabalevsky T08,-1,21,1.5,G3,55,ʌ,derived from Bozeman bass,0.455,open,D#4,-7.5,below primo,-2,-7,3,not assessed,short,step,1,no,3,middle,no,no,no,
Kabalevsky T08,-1,21,2,F#3,54,ʌ,derived from Bozeman bass,0.455,open,D#4,-8.5,below primo,-3,-8,none,not assessed,short,step,-1,no,3,middle,no,no,no,
Kabalevsky T08,-1,21,2.5,E3,52,i,Bozeman bass midpoint,0.455,close,D#3,1,below primo,-5,-10,none,not assessed,short,step,-2,no,3,middle,no,no,no,turning pitch 0 to 2 st below
Kabalevsky T08,-1,21,3,A3,57,ɑ,Bozeman bass midpoint,0.455,open,D#4,-5.5,inside,0,-5,none,not assessed,short,leap-up,5,no,3,middle,yes,no,no,highest of phrase
Kabalevsky T08,-1,21,3.5,G3,55,ʌ,derived from Bozeman bass,0.455,open,D#4,-7.5,below primo,-2,-7,3,not assessed,short,step,-2,no,3,middle,no,no,no,
Kabalevsky T08,-1,21,4,F#3,54,o,Bozeman bass midpoint,0.455,open,A3,-3,below primo,-3,-8,none,not assessed,short,step,-1,no,3,middle,no,no,no,
Kabalevsky T08,-1,21,4.5,E3,52,i,Bozeman bass midpoint,0.455,close,D#3,1,below primo,-5,-10,none,not assessed,short,step,-2,no,3,middle,no,no,no,turning pitch 0 to 2 st below
Kabalevsky T08,-1,22,1,F#3,54,o,Bozeman bass midpoint,1.818,open,A3,-3,below primo,-3,-8,none,not assessed,short,step,2,no,3,middle,no,no,no,
Kabalevsky T08,-1,22,3,F#3,54,o,Bozeman bass midpoint,0.455,open,A3,-3,below primo,-3,-8,none,not assessed,short,tie,0,no,3,middle,no,no,no,
Kabalevsky T08,-1,22,3.5,D3,50,u,Bozeman bass midpoint,0.455,open,D#3,-1.5,below primo,-7,-12,none,not assessed,short,leap-down,-4,no,3,middle,no,no,no,
Kabalevsky T08,-1,22,4,F#3,54,ɑ,Bozeman bass midpoint,0.455,open,D#4,-8.5,below primo,-3,-8,none,not assessed,short,leap-up,4,no,3,middle,no,no,no,
Kabalevsky T08,-1,22,4.5,A3,57,ɑ,Bozeman bass midpoint,0.455,open,D#4,-5.5,inside,0,-5,none,not assessed,short,leap-up,3,no,3,middle,yes,no,no,highest of phrase
Kabalevsky T08,-1,23,1,G3,55,u,Bozeman bass midpoint,1.364,close,D#3,3.5,below primo,-2,-7,none,not assessed,short,step,-2,no,3,middle,no,no,no,
Kabalevsky T08,-1,23,2.5,E3,52,ɑ,Bozeman bass midpoint,0.455,open,D#4,-10.5,below primo,-5,-10,none,not assessed,short,leap-down,-3,no,3,middle,no,no,no,
Kabalevsky T08,-1,23,3,D3,50,i,Bozeman bass midpoint,0.455,open,D#3,-1,below primo,-7,-12,none,not assessed,short,step,-2,no,3,middle,no,no,no,
Kabalevsky T08,-1,23,3.5,C3,48,i,Bozeman bass midpoint,0.455,open,D#3,-3,below primo,-9,-14,none,not assessed,short,step,-2,no,3,middle,no,no,no,
Kabalevsky T08,-1,23,4,E3,52,o,Bozeman bass midpoint,0.455,open,A3,-5,below primo,-5,-10,none,not assessed,short,leap-up,4,no,3,middle,no,no,no,
Kabalevsky T08,-1,23,4.5,B2,47,ɨ,derived from Bozeman bass,0.455,open,G#3,-9.39,below primo,-10,-15,none,not assessed,short,leap-down,-5,no,3,middle,no,no,no,
Kabalevsky T08,-1,24,1,E3,52,o,Bozeman bass midpoint,1.818,open,A3,-5,below primo,-5,-10,none,not assessed,short,leap-up,5,no,3,middle,no,no,no,
Kabalevsky T08,-1,24,3,E3,52,o,Bozeman bass midpoint,0.455,open,A3,-5,below primo,-5,-10,none,not assessed,short,tie,0,no,3,middle,no,no,no,
Kabalevsky T08,-1,24,3.5,A2,45,ɑ,Bozeman bass midpoint,0.455,open,D#4,-17.5,below primo,-12,-17,none,not assessed,short,leap-down,-7,no,3,middle,no,no,no,
Kabalevsky T08,-1,24,4,C3,48,o,Bozeman bass midpoint,0.455,open,A3,-9,below primo,-9,-14,none,not assessed,short,leap-up,3,no,3,middle,no,no,no,
Kabalevsky T08,-1,24,4.5,E3,52,ɨ,derived from Bozeman bass,0.455,open,G#3,-4.39,below primo,-5,-10,none,not assessed,short,leap-up,4,no,3,middle,no,no,no,
Kabalevsky T08,-1,25,1,F#3,54,ɑ,Bozeman bass midpoint,0.455,open,D#4,-8.5,below primo,-3,-8,none,not assessed,short,step,2,no,3,middle,no,no,no,
Kabalevsky T08,-1,25,1.5,E3,52,ɪ,derived from Bozeman bass,0.455,open,A#3,-5.54,below primo,-5,-10,none,not assessed,short,step,-2,no,3,middle,no,no,no,
Kabalevsky T08,-1,25,2,D3,50,i,Bozeman bass midpoint,0.455,open,D#3,-1,below primo,-7,-12,none,not assessed,short,step,-2,no,3,middle,no,no,no,
Kabalevsky T08,-1,25,2.5,E3,52,ɑ,Bozeman bass midpoint,0.455,open,D#4,-10.5,below primo,-5,-10,none,not assessed,short,step,2,no,3,middle,no,no,no,
Kabalevsky T08,-1,25,3,F#3,54,ɑ,Bozeman bass midpoint,1.364,open,D#4,-8.5,below primo,-3,-8,none,not assessed,short,step,2,no,3,middle,no,no,no,
Kabalevsky T08,-1,25,4.5,A3,57,u,Bozeman bass midpoint,0.455,close,D#3,5.5,inside,0,-5,none,not assessed,short,leap-up,3,no,3,middle,yes,no,no,highest of phrase
Kabalevsky T08,-1,26,1,D3,50,o,Bozeman bass midpoint,1.818,open,A3,-7,below primo,-7,-12,3,not assessed,short,leap-down,-7,no,3,middle,no,no,no,
Kabalevsky T08,-1,26,3,D3,50,o,Bozeman bass midpoint,0.455,open,A3,-7,below primo,-7,-12,3,not assessed,short,tie,0,no,3,last,no,no,no,
Kabalevsky T08,-1,26,3.5,D3,50,ɑ,Bozeman bass midpoint,0.455,open,D#4,-12.5,below primo,-7,-12,none,not assessed,short,repeated,0,no,4,first,no,no,no,
Kabalevsky T08,-1,26,4,D3,50,ɪ,derived from Bozeman bass,0.455,open,A#3,-7.54,below primo,-7,-12,none,not assessed,short,repeated,0,no,4,middle,no,no,no,
Kabalevsky T08,-1,26,4.5,D3,50,ɑ,Bozeman bass midpoint,0.455,open,D#4,-12.5,below primo,-7,-12,none,not assessed,short,repeated,0,no,4,middle,no,no,no,
Kabalevsky T08,-1,27,1,D3,50,u,Bozeman bass midpoint,1.818,open,D#3,-1.5,below primo,-7,-12,none,not assessed,short,repeated,0,no,4,middle,no,no,no,
Kabalevsky T08,-1,27,3,D3,50,u,Bozeman bass midpoint,0.455,open,D#3,-1.5,below primo,-7,-12,none,not assessed,short,tie,0,no,4,middle,no,no,no,
Kabalevsky T08,-1,27,3.5,D3,50,o,Bozeman bass midpoint,0.455,open,A3,-7,below primo,-7,-12,3,not assessed,short,repeated,0,no,4,middle,no,no,no,
Kabalevsky T08,-1,27,4,D3,50,ɨ,derived from Bozeman bass,0.455,open,G#3,-6.39,below primo,-7,-12,none,not assessed,short,repeated,0,no,4,middle,no,no,no,
Kabalevsky T08,-1,27,4.5,D3,50,ɑ,Bozeman bass midpoint,0.455,open,D#4,-12.5,below primo,-7,-12,none,not assessed,short,repeated,0,no,4,middle,no,no,no,
Kabalevsky T08,-1,28,1,D3,50,e,Bozeman bass midpoint,1.364,open,A3,-7,below primo,-7,-12,3,not assessed,short,repeated,0,no,4,middle,no,no,no,
Kabalevsky T08,-1,28,2.5,C#3,49,ɑ,Bozeman bass midpoint,0.455,open,D#4,-13.5,below primo,-8,-13,none,not assessed,short,step,-1,no,4,middle,no,no,no,
Kabalevsky T08,-1,28,3,D3,50,o,Bozeman bass midpoint,1.818,open,A3,-7,below primo,-7,-12,3,not assessed,short,step,1,no,4,middle,no,no,no,
Kabalevsky T08,-1,29,1,F3,53,ɨ,derived from Bozeman bass,0.909,open,G#3,-3.39,below primo,-4,-9,none,not assessed,short,leap-up,3,no,4,middle,no,no,no,
Kabalevsky T08,-1,29,2,E3,52,ɪ,derived from Bozeman bass,0.455,open,A#3,-5.54,below primo,-5,-10,none,not assessed,short,step,-1,no,4,middle,no,no,no,
Kabalevsky T08,-1,29,2.5,D3,50,ɑ,Bozeman bass midpoint,0.455,open,D#4,-12.5,below primo,-7,-12,none,not assessed,short,step,-2,no,4,middle,no,no,no,
Kabalevsky T08,-1,29,3,E3,52,ɑ,Bozeman bass midpoint,0.455,open,D#4,-10.5,below primo,-5,-10,none,not assessed,short,step,2,no,4,middle,no,no,no,
Kabalevsky T08,-1,29,3.5,A3,57,i,Bozeman bass midpoint,0.455,close,D#3,6,inside,0,-5,none,not assessed,short,leap-up,5,no,4,middle,no,no,no,
Kabalevsky T08,-1,29,4,B3,59,ɑ,Bozeman bass midpoint,0.455,open,D#4,-3.5,inside,2,-3,none,not assessed,short,step,2,no,4,middle,no,no,no,
Kabalevsky T08,-1,29,4.5,C4,60,ɑ,Bozeman bass midpoint,0.455,open,D#4,-2.5,inside,3,-2,none,not assessed,short,step,1,no,4,middle,yes,no,no,highest of phrase
Kabalevsky T08,-1,30,1,B3,59,ɛ,Bozeman bass midpoint,1.364,open,C4,-1.5,inside,2,-3,none,not assessed,short,step,-1,no,4,middle,no,no,no,
Kabalevsky T08,-1,30,2.5,F#3,54,u,Bozeman bass midpoint,0.455,close,D#3,2.5,below primo,-3,-8,none,not assessed,short,leap-down,-5,no,4,middle,no,no,no,
Kabalevsky T08,-1,30,3,G3,55,o,Bozeman bass midpoint,1.818,open,A3,-2,below primo,-2,-7,none,not assessed,short,step,1,no,4,middle,no,no,no,
Kabalevsky T08,-1,31,1,G3,55,o,Bozeman bass midpoint,0.455,open,A3,-2,below primo,-2,-7,none,not assessed,short,tie,0,no,4,last,no,no,no,
Kabalevsky T09,-3,4,4.5,G3,55,u,Bozeman bass midpoint,0.357,close,D#3,3.5,below primo,-2,-7,none,not assessed,short,first note,,,0,first,no,no,no,
Kabalevsky T09,-3,5,1,G#3,56,ɛ,Bozeman bass midpoint,0.357,open,C4,-4.5,below primo,-1,-6,none,not assessed,short,step,1,no,0,middle,no,no,no,
Kabalevsky T09,-3,5,1.5,G3,55,i,Bozeman bass midpoint,0.357,close,D#3,4,below primo,-2,-7,none,not assessed,short,step,-1,no,0,middle,no,no,no,
Kabalevsky T09,-3,5,2,G3,55,ɨ,derived from Bozeman bass,0.357,open,G#3,-1.39,below primo,-2,-7,none,not assessed,short,repeated,0,no,0,middle,no,no,no,
Kabalevsky T09,-3,5,2.5,G#3,56,ɑ,Bozeman bass midpoint,0.357,open,D#4,-6.5,below primo,-1,-6,none,not assessed,short,step,1,no,0,middle,no,no,no,
Kabalevsky T09,-3,5,3,G#3,56,u,Bozeman bass midpoint,0.357,close,D#3,4.5,below primo,-1,-6,none,not assessed,short,repeated,0,no,0,middle,no,no,no,
Kabalevsky T09,-3,5,3.5,F3,53,i,Bozeman bass midpoint,0.357,close,D#3,2,below primo,-4,-9,none,not assessed,short,leap-down,-3,no,0,middle,no,no,no,
Kabalevsky T09,-3,5,4,F#3,54,ɑ,Bozeman bass midpoint,0.357,open,D#4,-8.5,below primo,-3,-8,none,not assessed,short,step,1,no,0,middle,no,no,no,
Kabalevsky T09,-3,5,4.5,G3,55,i,Bozeman bass midpoint,0.357,close,D#3,4,below primo,-2,-7,none,not assessed,short,step,1,no,0,middle,no,no,no,
Kabalevsky T09,-3,6,1,A#3,58,e,Bozeman bass midpoint,2.143,close,A3,1,inside,1,-4,none,not assessed,short,leap-up,3,no,0,last,yes,no,no,highest of phrase; turning pitch 0 to 2 st below
Kabalevsky T09,-3,6,4.5,G3,55,i,Bozeman bass midpoint,0.357,close,D#3,4,below primo,-2,-7,none,not assessed,short,leap-down,-3,yes,1,first,no,no,no,
Kabalevsky T09,-3,7,1,A#3,58,e,Bozeman bass midpoint,0.357,close,A3,1,inside,1,-4,none,not assessed,short,leap-up,3,no,1,middle,yes,no,no,highest of phrase; turning pitch 0 to 2 st below
Kabalevsky T09,-3,7,1.5,G#3,56,ɑ,Bozeman bass midpoint,0.357,open,D#4,-6.5,below primo,-1,-6,none,not assessed,short,step,-2,no,1,middle,no,no,no,
Kabalevsky T09,-3,7,2,G3,55,ɑ,Bozeman bass midpoint,0.357,open,D#4,-7.5,below primo,-2,-7,3,not assessed,short,step,-1,no,1,middle,no,no,no,
Kabalevsky T09,-3,7,2.5,G#3,56,e,Bozeman bass midpoint,0.357,open,A3,-1,below primo,-1,-6,none,not assessed,short,step,1,no,1,middle,no,no,no,
Kabalevsky T09,-3,7,3,G3,55,i,Bozeman bass midpoint,0.357,close,D#3,4,below primo,-2,-7,none,not assessed,short,step,-1,no,1,middle,no,no,no,
Kabalevsky T09,-3,7,3.5,D#3,51,ɑ,Bozeman bass midpoint,0.357,open,D#4,-11.5,below primo,-6,-11,4,not assessed,short,leap-down,-4,no,1,middle,no,no,no,
Kabalevsky T09,-3,7,4,D#3,51,o,Bozeman bass midpoint,0.357,open,A3,-6,below primo,-6,-11,none,not assessed,short,repeated,0,no,1,middle,no,no,no,
Kabalevsky T09,-3,7,4.5,F3,53,ɑ,Bozeman bass midpoint,0.357,open,D#4,-9.5,below primo,-4,-9,none,not assessed,short,step,2,no,1,middle,no,no,no,
Kabalevsky T09,-3,8,1,C#3,49,o,Bozeman bass midpoint,1.071,open,A3,-8,below primo,-8,-13,none,not assessed,short,leap-down,-4,no,1,middle,no,no,no,
Kabalevsky T09,-3,8,2.5,C3,48,ɪ,derived from Bozeman bass,0.357,open,A#3,-9.54,below primo,-9,-14,none,not assessed,short,step,-1,no,1,last,no,no,no,
Kabalevsky T09,-3,9,1,G#3,56,u,Bozeman bass midpoint,0.714,close,D#3,4.5,below primo,-1,-6,none,not assessed,short,leap-up,8,yes,2,first,no,no,no,
Kabalevsky T09,-3,9,2,G3,55,ɑ,Bozeman bass midpoint,0.357,open,D#4,-7.5,below primo,-2,-7,3,not assessed,short,step,-1,no,2,middle,no,no,no,
Kabalevsky T09,-3,9,2.5,G#3,56,o,Bozeman bass midpoint,0.357,open,A3,-1,below primo,-1,-6,none,not assessed,short,step,1,no,2,middle,no,no,no,
Kabalevsky T09,-3,9,3,G#3,56,o,Bozeman bass midpoint,0.357,open,A3,-1,below primo,-1,-6,none,not assessed,short,repeated,0,no,2,middle,no,no,no,
Kabalevsky T09,-3,9,3.5,F3,53,ʌ,derived from Bozeman bass,0.357,open,D#4,-9.5,below primo,-4,-9,none,not assessed,short,leap-down,-3,no,2,middle,no,no,no,
Kabalevsky T09,-3,9,4,F#3,54,i,Bozeman bass midpoint,0.357,close,D#3,3,below primo,-3,-8,none,not assessed,short,step,1,no,2,middle,no,no,no,
Kabalevsky T09,-3,9,4.5,G3,55,ɑ,Bozeman bass midpoint,0.357,open,D#4,-7.5,below primo,-2,-7,3,not assessed,short,step,1,no,2,middle,no,no,no,
Kabalevsky T09,-3,10,1,A#3,58,i,Bozeman bass midpoint,1.071,close,D#3,7,inside,1,-4,none,not assessed,short,leap-up,3,no,2,middle,yes,no,no,highest of phrase
Kabalevsky T09,-3,10,2.5,G#3,56,ɑ,Bozeman bass midpoint,0.357,open,D#4,-6.5,below primo,-1,-6,none,not assessed,short,step,-2,no,2,middle,no,no,no,
Kabalevsky T09,-3,10,3,G3,55,e,Bozeman bass midpoint,0.714,open,A3,-2,below primo,-2,-7,none,not assessed,short,step,-1,no,2,last,no,no,no,
Kabalevsky T09,-3,10,4.5,F3,53,o,Bozeman bass midpoint,0.357,open,A3,-4,below primo,-4,-9,none,not assessed,short,step,-2,yes,3,first,no,no,no,
Kabalevsky T09,-3,11,1,D#3,51,o,Bozeman bass midpoint,0.357,open,A3,-6,below primo,-6,-11,none,not assessed,short,step,-2,no,3,middle,no,no,no,
Kabalevsky T09,-3,11,1.5,C#3,49,ʌ,derived from Bozeman bass,0.357,open,D#4,-13.5,below primo,-8,-13,none,not assessed,short,step,-2,no,3,middle,no,no,no,
Kabalevsky T09,-3,11,2,C3,48,ɪ,derived from Bozeman bass,0.357,open,A#3,-9.54,below primo,-9,-14,none,not assessed,short,step,-1,no,3,middle,no,no,no,
Kabalevsky T09,-3,11,2.5,B2,47,ɑ,Bozeman bass midpoint,0.357,open,D#4,-15.5,below primo,-10,-15,5,not assessed,short,step,-1,no,3,middle,no,no,no,
Kabalevsky T09,-3,11,3,C3,48,e,Bozeman bass midpoint,0.357,open,A3,-9,below primo,-9,-14,none,not assessed,short,step,1,no,3,middle,no,no,no,
Kabalevsky T09,-3,11,3.5,E3,52,i,Bozeman bass midpoint,0.357,close,D#3,1,below primo,-5,-10,none,not assessed,short,leap-up,4,no,3,middle,no,no,no,turning pitch 0 to 2 st below
Kabalevsky T09,-3,11,4,G3,55,ɑ,Bozeman bass midpoint,0.357,open,D#4,-7.5,below primo,-2,-7,3,not assessed,short,leap-up,3,no,3,middle,yes,no,no,highest of phrase
Kabalevsky T09,-3,11,4.5,A#2,46,i,Bozeman bass midpoint,0.357,open,D#3,-5,below primo,-11,-16,none,not assessed,short,leap-down,-9,no,3,middle,no,no,no,
Kabalevsky T09,-3,12,1,G#2,44,o,Bozeman bass midpoint,1.071,open,A3,-13,below primo,-13,-18,none,not assessed,short,step,-2,no,3,middle,no,no,no,
Kabalevsky T09,-3,12,2.5,G#2,44,ɑ,Bozeman bass midpoint,0.357,open,D#4,-18.5,below primo,-13,-18,none,not assessed,short,repeated,0,no,3,last,no,no,no,
Kabalevsky T09,-3,13,3.5,G#2,44,i,Bozeman bass midpoint,0.357,open,D#3,-7,below primo,-13,-18,3,not assessed,short,repeated,0,yes,4,first,no,no,no,
Kabalevsky T09,-3,13,4,G#2,44,ɛ,Bozeman bass midpoint,0.357,open,C4,-16.5,below primo,-13,-18,none,not assessed,short,repeated,0,no,4,middle,no,no,no,
Kabalevsky T09,-3,13,4.5,G#2,44,i,Bozeman bass midpoint,0.357,open,D#3,-7,below primo,-13,-18,3,not assessed,short,repeated,0,no,4,middle,no,no,no,
Kabalevsky T09,-3,14,1,F3,53,o,Bozeman bass midpoint,1.071,open,A3,-4,below primo,-4,-9,none,not assessed,short,leap-up,9,no,4,middle,no,no,no,
Kabalevsky T09,-3,14,2.5,F3,53,ɑ,Bozeman bass midpoint,0.357,open,D#4,-9.5,below primo,-4,-9,none,not assessed,short,repeated,0,no,4,middle,no,no,no,
Kabalevsky T09,-3,14,3,F3,53,o,Bozeman bass midpoint,0.357,open,A3,-4,below primo,-4,-9,none,not assessed,short,repeated,0,no,4,middle,no,no,no,
Kabalevsky T09,-3,14,3.5,D#3,51,ɛ,Bozeman bass midpoint,0.357,open,C4,-9.5,below primo,-6,-11,none,not assessed,short,step,-2,no,4,middle,no,no,no,
Kabalevsky T09,-3,14,4,C#3,49,ɪ,derived from Bozeman bass,0.357,open,A#3,-8.54,below primo,-8,-13,none,not assessed,short,step,-2,no,4,middle,no,no,no,
Kabalevsky T09,-3,14,4.5,C3,48,ɑ,Bozeman bass midpoint,0.357,open,D#4,-14.5,below primo,-9,-14,none,not assessed,short,step,-1,no,4,middle,no,no,no,
Kabalevsky T09,-3,15,1,C#3,49,o,Bozeman bass midpoint,1.429,open,A3,-8,below primo,-8,-13,none,not assessed,short,step,1,no,4,middle,no,no,no,
Kabalevsky T09,-3,15,3,C#3,49,o,Bozeman bass midpoint,0.357,open,A3,-8,below primo,-8,-13,none,not assessed,short,tie,0,no,4,middle,no,no,no,
Kabalevsky T09,-3,15,3.5,A#2,46,ɪ,derived from Bozeman bass,0.357,open,A#3,-11.54,below primo,-11,-16,4,not assessed,short,leap-down,-3,no,4,middle,no,no,no,
Kabalevsky T09,-3,15,4,A#2,46,ʌ,derived from Bozeman bass,0.357,open,D#4,-16.5,below primo,-11,-16,none,not assessed,short,repeated,0,no,4,middle,no,no,no,
Kabalevsky T09,-3,15,4.5,A#2,46,ɑ,Bozeman bass midpoint,0.357,open,D#4,-16.5,below primo,-11,-16,none,not assessed,short,repeated,0,no,4,middle,no,no,no,
Kabalevsky T09,-3,16,1,A#3,58,i,Bozeman bass midpoint,1.071,close,D#3,7,inside,1,-4,none,not assessed,short,leap-up,12,no,4,middle,no,no,no,
Kabalevsky T09,-3,16,2.5,B3,59,u,Bozeman bass midpoint,0.357,close,D#3,7.5,inside,2,-3,none,not assessed,short,step,1,no,4,middle,yes,no,no,highest of phrase
Kabalevsky T09,-3,16,3,A#3,58,ɑ,Bozeman bass midpoint,0.357,open,D#4,-4.5,inside,1,-4,none,not assessed,short,step,-1,no,4,middle,no,no,no,
Kabalevsky T09,-3,16,3.5,F3,53,ɑ,Bozeman bass midpoint,0.357,open,D#4,-9.5,below primo,-4,-9,none,not assessed,short,leap-down,-5,no,4,middle,no,no,no,
Kabalevsky T09,-3,16,4,F#3,54,i,Bozeman bass midpoint,0.357,close,D#3,3,below primo,-3,-8,none,not assessed,short,step,1,no,4,middle,no,no,no,
Kabalevsky T09,-3,16,4.5,F3,53,ɑ,Bozeman bass midpoint,0.357,open,D#4,-9.5,below primo,-4,-9,none,not assessed,short,step,-1,no,4,middle,no,no,no,
Kabalevsky T09,-3,17,1,F#3,54,ɑ,Bozeman bass midpoint,1.071,open,D#4,-8.5,below primo,-3,-8,none,not assessed,short,step,1,no,4,middle,no,no,no,
Kabalevsky T09,-3,17,2.5,D#3,51,ɨ,derived from Bozeman bass,0.357,open,G#3,-5.39,below primo,-6,-11,none,not assessed,short,leap-down,-3,no,4,last,no,no,no,
Kabalevsky T09,-3,17,4.5,C3,48,u,Bozeman bass midpoint,0.357,open,D#3,-3.5,below primo,-9,-14,none,not assessed,short,leap-down,-3,yes,5,first,no,no,no,
Kabalevsky T09,-3,18,1,C#3,49,u,Bozeman bass midpoint,0.536,open,D#3,-2.5,below primo,-8,-13,none,not assessed,short,step,1,no,5,middle,no,no,no,
Kabalevsky T09,-3,18,1.75,C3,48,ɑ,Bozeman bass midpoint,0.179,open,D#4,-14.5,below primo,-9,-14,none,not assessed,short,step,-1,no,5,middle,no,no,no,
Kabalevsky T09,-3,18,2,C3,48,ɑ,Bozeman bass midpoint,0.714,open,D#4,-14.5,below primo,-9,-14,none,not assessed,short,repeated,0,no,5,middle,no,no,no,
Kabalevsky T09,-3,18,3,C3,48,ɑ,Bozeman bass midpoint,0.357,open,D#4,-14.5,below primo,-9,-14,none,not assessed,short,tie,0,no,5,middle,no,no,no,
Kabalevsky T09,-3,18,3.5,B2,47,ɪ,derived from Bozeman bass,0.357,open,A#3,-10.54,below primo,-10,-15,none,not assessed,short,step,-1,no,5,middle,no,no,no,
Kabalevsky T09,-3,18,4,B2,47,ʌ,derived from Bozeman bass,0.357,open,D#4,-15.5,below primo,-10,-15,5,not assessed,short,repeated,0,no,5,middle,no,no,no,
Kabalevsky T09,-3,18,4.5,C3,48,ɪ,derived from Bozeman bass,0.357,open,A#3,-9.54,below primo,-9,-14,none,not assessed,short,step,1,no,5,middle,no,no,no,
Kabalevsky T09,-3,19,1,F#3,54,ɨ,derived from Bozeman bass,1.071,open,G#3,-2.39,below primo,-3,-8,none,not assessed,short,leap-up,6,no,5,middle,no,no,no,
Kabalevsky T09,-3,19,2.5,C3,48,none resolved,not assessed,0.357,not assessed,not assessed,not assessed,below primo,-9,-14,not assessed,not assessed,short,leap-down,-6,no,5,middle,no,no,no,
Kabalevsky T09,-3,19,3,F3,53,o,Bozeman bass midpoint,1.071,open,A3,-4,below primo,-4,-9,none,not assessed,short,leap-up,5,no,5,middle,no,no,no,
Kabalevsky T09,-3,19,4.5,F3,53,ɑ,Bozeman bass midpoint,0.357,open,D#4,-9.5,below primo,-4,-9,none,not assessed,short,repeated,0,no,5,middle,no,no,no,
Kabalevsky T09,-3,20,1,A#3,58,i,Bozeman bass midpoint,1.071,close,D#3,7,inside,1,-4,none,not assessed,short,leap-up,5,no,5,middle,yes,no,no,highest of phrase
Kabalevsky T09,-3,20,2.5,F#3,54,ɨ,derived from Bozeman bass,0.357,open,G#3,-2.39,below primo,-3,-8,none,not assessed,short,leap-down,-4,no,5,middle,no,no,no,
Kabalevsky T09,-3,20,3,F3,53,u,Bozeman bass midpoint,0.714,close,D#3,1.5,below primo,-4,-9,none,not assessed,short,step,-1,no,5,middle,no,no,no,turning pitch 0 to 2 st below
Kabalevsky T09,-3,20,4,C#3,49,ʌ,derived from Bozeman bass,0.714,open,D#4,-13.5,below primo,-8,-13,none,not assessed,short,leap-down,-4,no,5,middle,no,no,no,
Kabalevsky T09,-3,21,1,A#3,58,u,Bozeman bass midpoint,0.357,close,D#3,6.5,inside,1,-4,none,not assessed,short,leap-up,9,no,5,middle,yes,no,no,highest of phrase
Kabalevsky T09,-3,21,1.5,F#3,54,ʌ,derived from Bozeman bass,0.357,open,D#4,-8.5,below primo,-3,-8,none,not assessed,short,leap-down,-4,no,5,middle,no,no,no,
Kabalevsky T09,-3,21,2,F3,53,ɪ,derived from Bozeman bass,0.357,open,A#3,-4.54,below primo,-4,-9,none,not assessed,short,step,-1,no,5,middle,no,no,no,
Kabalevsky T09,-3,21,2.5,F#3,54,ɑ,Bozeman bass midpoint,0.357,open,D#4,-8.5,below primo,-3,-8,none,not assessed,short,step,1,no,5,middle,no,no,no,
Kabalevsky T09,-3,21,3,F3,53,ɑ,Bozeman bass midpoint,1.071,open,D#4,-9.5,below primo,-4,-9,none,not assessed,short,step,-1,no,5,middle,no,no,no,
Kabalevsky T09,-3,21,4.5,F3,53,ɨ,derived from Bozeman bass,0.357,open,G#3,-3.39,below primo,-4,-9,none,not assessed,short,repeated,0,no,5,last,no,no,no,
Kabalevsky T09,-3,24,4.5,G3,55,ɑ,Bozeman bass midpoint,0.357,open,D#4,-7.5,below primo,-2,-7,3,not assessed,short,step,2,yes,6,first,no,no,no,
Kabalevsky T09,-3,25,1,G#3,56,ɑ,Bozeman bass midpoint,1.071,open,D#4,-6.5,below primo,-1,-6,none,not assessed,short,step,1,no,6,middle,no,no,no,
Kabalevsky T09,-3,25,2.5,G#3,56,i,Bozeman bass midpoint,0.357,close,D#3,5,below primo,-1,-6,none,not assessed,short,repeated,0,no,6,middle,no,no,no,
Kabalevsky T09,-3,25,3,G#3,56,ɑ,Bozeman bass midpoint,0.357,open,D#4,-6.5,below primo,-1,-6,none,not assessed,short,repeated,0,no,6,middle,no,no,no,
Kabalevsky T09,-3,25,3.5,F3,53,o,Bozeman bass midpoint,0.357,open,A3,-4,below primo,-4,-9,none,not assessed,short,leap-down,-3,no,6,middle,no,no,no,
Kabalevsky T09,-3,25,4,F#3,54,ɪ,derived from Bozeman bass,0.357,open,A#3,-3.54,below primo,-3,-8,none,not assessed,short,step,1,no,6,middle,no,no,no,
Kabalevsky T09,-3,25,4.5,G3,55,ɑ,Bozeman bass midpoint,0.357,open,D#4,-7.5,below primo,-2,-7,3,not assessed,short,step,1,no,6,middle,no,no,no,
Kabalevsky T09,-3,26,1,A#3,58,e,Bozeman bass midpoint,1.071,close,A3,1,inside,1,-4,none,not assessed,short,leap-up,3,no,6,middle,yes,no,no,highest of phrase; turning pitch 0 to 2 st below
Kabalevsky T09,-3,26,2.5,G#3,56,i,Bozeman bass midpoint,0.357,close,D#3,5,below primo,-1,-6,none,not assessed,short,step,-2,no,6,middle,no,no,no,
Kabalevsky T09,-3,26,3,G3,55,i,Bozeman bass midpoint,0.714,close,D#3,4,below primo,-2,-7,none,not assessed,short,step,-1,no,6,last,no,no,no,
Kabalevsky T09,-3,26,4.5,G3,55,ɑ,Bozeman bass midpoint,0.357,open,D#4,-7.5,below primo,-2,-7,3,not assessed,short,repeated,0,yes,7,first,no,no,no,
Kabalevsky T09,-3,27,1,A#3,58,ɑ,Bozeman bass midpoint,0.357,open,D#4,-4.5,inside,1,-4,none,not assessed,short,leap-up,3,no,7,middle,yes,no,no,highest of phrase
Kabalevsky T09,-3,27,1.5,G#3,56,ɑ,Bozeman bass midpoint,0.357,open,D#4,-6.5,below primo,-1,-6,none,not assessed,short,step,-2,no,7,middle,no,no,no,
Kabalevsky T09,-3,27,2,G3,55,ɛ,Bozeman bass midpoint,0.357,open,C4,-5.5,below primo,-2,-7,none,not assessed,short,step,-1,no,7,middle,no,no,no,
Kabalevsky T09,-3,27,2.5,G#3,56,i,Bozeman bass midpoint,0.357,close,D#3,5,below primo,-1,-6,none,not assessed,short,step,1,no,7,middle,no,no,no,
Kabalevsky T09,-3,27,3,G3,55,ɛ,Bozeman bass midpoint,0.357,open,C4,-5.5,below primo,-2,-7,none,not assessed,short,step,-1,no,7,middle,no,no,no,
Kabalevsky T09,-3,27,3.5,D#3,51,ɑ,Bozeman bass midpoint,0.357,open,D#4,-11.5,below primo,-6,-11,4,not assessed,short,leap-down,-4,no,7,middle,no,no,no,
Kabalevsky T09,-3,27,4,D#3,51,ʌ,derived from Bozeman bass,0.357,open,D#4,-11.5,below primo,-6,-11,4,not assessed,short,repeated,0,no,7,middle,no,no,no,
Kabalevsky T09,-3,27,4.5,F3,53,ɑ,Bozeman bass midpoint,0.357,open,D#4,-9.5,below primo,-4,-9,none,not assessed,short,step,2,no,7,middle,no,no,no,
Kabalevsky T09,-3,28,1,C#3,49,e,Bozeman bass midpoint,1.071,open,A3,-8,below primo,-8,-13,none,not assessed,short,leap-down,-4,no,7,middle,no,no,no,
Kabalevsky T09,-3,28,2.5,C3,48,u,Bozeman bass midpoint,0.357,open,D#3,-3.5,below primo,-9,-14,none,not assessed,short,step,-1,no,7,last,no,no,no,
Kabalevsky T09,-3,28,4.5,C3,48,ɑ,Bozeman bass midpoint,0.357,open,D#4,-14.5,below primo,-9,-14,none,not assessed,short,repeated,0,yes,8,first,no,no,no,
Kabalevsky T09,-3,29,1,C#3,49,ɑ,Bozeman bass midpoint,1.071,open,D#4,-13.5,below primo,-8,-13,none,not assessed,short,step,1,no,8,middle,no,no,no,
Kabalevsky T09,-3,29,2.5,A#2,46,i,Bozeman bass midpoint,0.357,open,D#3,-5,below primo,-11,-16,none,not assessed,short,leap-down,-3,no,8,middle,no,no,no,
Kabalevsky T09,-3,29,3,F3,53,ɑ,Bozeman bass midpoint,1.071,open,D#4,-9.5,below primo,-4,-9,none,not assessed,short,leap-up,7,no,8,last,yes,no,no,highest of phrase
Kabalevsky T09,-3,29,4.5,C3,48,o,Bozeman bass midpoint,0.357,open,A3,-9,below primo,-9,-14,none,not assessed,short,leap-down,-5,no,9,first,no,no,no,
Kabalevsky T09,-3,30,1,C#3,49,ɑ,Bozeman bass midpoint,0.357,open,D#4,-13.5,below primo,-8,-13,none,not assessed,short,step,1,no,9,middle,no,no,no,
Kabalevsky T09,-3,30,1.25,A#2,46,u,Bozeman bass midpoint,0.357,open,D#3,-5.5,below primo,-11,-16,none,not assessed,short,leap-down,-3,no,9,middle,no,no,no,
Kabalevsky T09,-3,30,1.5,C#3,49,ɑ,Bozeman bass midpoint,0.357,open,D#4,-13.5,below primo,-8,-13,none,not assessed,short,leap-up,3,no,9,middle,no,no,no,
Kabalevsky T09,-3,30,1.75,F3,53,ɑ,Bozeman bass midpoint,0.357,open,D#4,-9.5,below primo,-4,-9,none,not assessed,short,leap-up,4,no,9,middle,no,no,no,
Kabalevsky T09,-3,30,2,G3,55,i,Bozeman bass midpoint,1.429,close,D#3,4,below primo,-2,-7,none,not assessed,short,step,2,no,9,middle,no,no,no,
Kabalevsky T09,-3,30,3,G3,55,i,Bozeman bass midpoint,0.357,close,D#3,4,below primo,-2,-7,none,not assessed,short,tie,0,no,9,middle,no,no,no,
Kabalevsky T09,-3,30,3.25,G3,55,o,Bozeman bass midpoint,0.357,open,A3,-2,below primo,-2,-7,none,not assessed,short,repeated,0,no,9,middle,no,no,no,
Kabalevsky T09,-3,30,3.5,F#3,54,ɛ,Bozeman bass midpoint,0.357,open,C4,-6.5,below primo,-3,-8,none,not assessed,short,step,-1,no,9,middle,no,no,no,
Kabalevsky T09,-3,30,3.75,G3,55,ʌ,derived from Bozeman bass,0.357,open,D#4,-7.5,below primo,-2,-7,3,not assessed,short,step,1,no,9,middle,no,no,no,
Kabalevsky T09,-3,31,1,A#3,58,ɑ,Bozeman bass midpoint,1.071,open,D#4,-4.5,inside,1,-4,none,not assessed,short,leap-up,3,no,9,middle,yes,no,no,highest of phrase
Kabalevsky T09,-3,31,2.5,G#3,56,ɛ,Bozeman bass midpoint,0.357,open,C4,-4.5,below primo,-1,-6,none,not assessed,short,step,-2,no,9,middle,no,no,no,
Kabalevsky T09,-3,31,3,G3,55,ɛ,Bozeman bass midpoint,0.357,open,C4,-5.5,below primo,-2,-7,none,not assessed,short,step,-1,no,9,middle,no,no,no,
Kabalevsky T09,-3,31,3.5,G#3,56,ɪ,derived from Bozeman bass,0.357,open,A#3,-1.54,below primo,-1,-6,none,not assessed,short,step,1,no,9,middle,no,no,no,
Kabalevsky T09,-3,31,4,G3,55,o,Bozeman bass midpoint,0.357,open,A3,-2,below primo,-2,-7,none,not assessed,short,step,-1,no,9,middle,no,no,no,
Kabalevsky T09,-3,31,4.5,F3,53,o,Bozeman bass midpoint,0.357,open,A3,-4,below primo,-4,-9,none,not assessed,short,step,-2,no,9,middle,no,no,no,
Kabalevsky T09,-3,32,1,E3,52,e,Bozeman bass midpoint,1.071,open,A3,-5,below primo,-5,-10,none,not assessed,short,step,-1,no,9,middle,no,no,no,
Kabalevsky T09,-3,32,2.5,C3,48,ɛ,Bozeman bass midpoint,0.357,open,C4,-12.5,below primo,-9,-14,4,not assessed,short,leap-down,-4,no,9,last,no,no,no,
Kabalevsky T09,-3,32,4.5,C3,48,o,Bozeman bass midpoint,0.357,open,A3,-9,below primo,-9,-14,none,not assessed,short,repeated,0,yes,10,first,no,no,no,
Kabalevsky T09,-3,33,1,C#3,49,ɛ,Bozeman bass midpoint,1.071,open,C4,-11.5,below primo,-8,-13,none,not assessed,short,step,1,no,10,middle,no,no,no,
Kabalevsky T09,-3,33,2.5,F3,53,ɪ,derived from Bozeman bass,0.357,open,A#3,-4.54,below primo,-4,-9,none,not assessed,short,leap-up,4,no,10,middle,no,no,no,
Kabalevsky T09,-3,33,3,E3,52,o,Bozeman bass midpoint,1.071,open,A3,-5,below primo,-5,-10,none,not assessed,short,step,-1,no,10,middle,no,no,no,
Kabalevsky T09,-3,33,4.5,C3,48,ɑ,Bozeman bass midpoint,0.357,open,D#4,-14.5,below primo,-9,-14,none,not assessed,short,leap-down,-4,no,10,middle,no,no,no,
Kabalevsky T09,-3,34,1,C#3,49,e,Bozeman bass midpoint,0.357,open,A3,-8,below primo,-8,-13,none,not assessed,short,step,1,no,10,middle,no,no,no,
Kabalevsky T09,-3,34,1.5,A#2,46,ɑ,Bozeman bass midpoint,0.357,open,D#4,-16.5,below primo,-11,-16,none,not assessed,short,leap-down,-3,no,10,middle,no,no,no,
Kabalevsky T09,-3,34,2,F3,53,ɑ,Bozeman bass midpoint,0.357,open,D#4,-9.5,below primo,-4,-9,none,not assessed,short,leap-up,7,no,10,middle,no,no,no,
Kabalevsky T09,-3,34,2.5,G#3,56,ɪ,derived from Bozeman bass,0.357,open,A#3,-1.54,below primo,-1,-6,none,not assessed,short,leap-up,3,no,10,middle,no,no,no,
Kabalevsky T09,-3,34,3,G3,55,ɑ,Bozeman bass midpoint,1.071,open,D#4,-7.5,below primo,-2,-7,3,not assessed,short,step,-1,no,10,middle,no,no,no,
Kabalevsky T09,-3,34,4.5,C3,48,ɑ,Bozeman bass midpoint,0.357,open,D#4,-14.5,below primo,-9,-14,none,not assessed,short,leap-down,-7,no,10,middle,no,no,no,
Kabalevsky T09,-3,35,1,C4,60,e,Bozeman bass midpoint,1.071,close,A3,3,inside,3,-2,none,not assessed,short,leap-up,12,no,10,middle,yes,no,no,highest of phrase
Kabalevsky T09,-3,35,2.5,B3,59,u,Bozeman bass midpoint,0.357,close,D#3,7.5,inside,2,-3,none,not assessed,short,step,-1,no,10,middle,no,no,no,
Kabalevsky T09,-3,35,3,A#3,58,i,Bozeman bass midpoint,1.071,close,D#3,7,inside,1,-4,none,not assessed,short,step,-1,no,10,middle,no,no,no,
Kabalevsky T09,-3,35,4.5,A3,57,i,Bozeman bass midpoint,0.357,close,D#3,6,inside,0,-5,none,not assessed,short,step,-1,no,10,middle,no,no,no,
Kabalevsky T09,-3,36,1,G#3,56,ɨ,derived from Bozeman bass,0.357,open,G#3,-0.39,below primo,-1,-6,none,not assessed,short,step,-1,no,10,middle,no,no,no,
Kabalevsky T09,-3,36,1.5,G#3,56,none resolved,not assessed,0.357,not assessed,not assessed,not assessed,below primo,-1,-6,not assessed,not assessed,short,repeated,0,no,10,middle,no,no,no,
Kabalevsky T09,-3,36,2,G#3,56,ʌ,derived from Bozeman bass,0.357,open,D#4,-6.5,below primo,-1,-6,none,not assessed,short,repeated,0,no,10,middle,no,no,no,
Kabalevsky T09,-3,36,2.5,G3,55,ɪ,derived from Bozeman bass,0.357,open,A#3,-2.54,below primo,-2,-7,none,not assessed,short,step,-1,no,10,middle,no,no,no,
Kabalevsky T09,-3,36,3,F3,53,ɑ,Bozeman bass midpoint,1.429,open,D#4,-9.5,below primo,-4,-9,none,not assessed,short,step,-2,no,10,last,no,no,no,
Kabalevsky T10,-3,3,3,A2,45,u,Bozeman bass midpoint,0.357,open,D#3,-6.5,below primo,-12,-17,none,not assessed,short,first note,,,0,first,no,no,no,
Kabalevsky T10,-3,4,1,D3,50,ɨ,derived from Bozeman bass,0.714,open,G#3,-6.39,below primo,-7,-12,none,not assessed,short,leap-up,5,no,0,middle,no,no,no,
Kabalevsky T10,-3,4,3,E3,52,o,Bozeman bass midpoint,0.357,open,A3,-5,below primo,-5,-10,none,not assessed,short,step,2,no,0,middle,no,no,no,
Kabalevsky T10,-3,5,1,F#3,54,i,Bozeman bass midpoint,1.071,close,D#3,3,below primo,-3,-8,none,not assessed,short,step,2,no,0,middle,no,no,no,
Kabalevsky T10,-3,6,1,F#3,54,i,Bozeman bass midpoint,0.714,close,D#3,3,below primo,-3,-8,none,not assessed,short,tie,0,no,0,middle,no,no,no,
Kabalevsky T10,-3,6,3,G3,55,ɪ,derived from Bozeman bass,0.357,open,A#3,-2.54,below primo,-2,-7,none,not assessed,short,step,1,no,0,middle,yes,no,no,highest of phrase
Kabalevsky T10,-3,7,1,F#3,54,e,Bozeman bass midpoint,0.714,open,A3,-3,below primo,-3,-8,none,not assessed,short,step,-1,no,0,middle,no,no,no,
Kabalevsky T10,-3,7,3,E3,52,ɪ,derived from Bozeman bass,0.357,open,A#3,-5.54,below primo,-5,-10,none,not assessed,short,step,-2,no,0,middle,no,no,no,
Kabalevsky T10,-3,8,1,D3,50,ʌ,derived from Bozeman bass,0.714,open,D#4,-12.5,below primo,-7,-12,none,not assessed,short,step,-2,no,0,middle,no,no,no,
Kabalevsky T10,-3,8,3,C#3,49,i,Bozeman bass midpoint,0.357,open,D#3,-2,below primo,-8,-13,none,not assessed,short,step,-1,no,0,middle,no,no,no,
Kabalevsky T10,-3,9,1,B2,47,o,Bozeman bass midpoint,1.071,open,A3,-10,below primo,-10,-15,none,not assessed,short,step,-2,no,0,middle,no,no,no,
Kabalevsky T10,-3,10,1,B2,47,o,Bozeman bass midpoint,0.357,open,A3,-10,below primo,-10,-15,none,not assessed,short,tie,0,no,0,last,no,no,no,
Kabalevsky T10,-3,10,2.5,B2,47,ʌ,derived from Bozeman bass,0.179,open,D#4,-15.5,below primo,-10,-15,5,not assessed,short,repeated,0,yes,1,first,no,no,no,
Kabalevsky T10,-3,10,3,B2,47,ʌ,derived from Bozeman bass,0.179,open,D#4,-15.5,below primo,-10,-15,5,not assessed,short,repeated,0,no,1,middle,no,no,no,
Kabalevsky T10,-3,10,3.5,B2,47,ɑ,Bozeman bass midpoint,0.179,open,D#4,-15.5,below primo,-10,-15,5,not assessed,short,repeated,0,no,1,middle,no,no,no,
Kabalevsky T10,-3,11,1,G3,55,ɑ,Bozeman bass midpoint,0.536,open,D#4,-7.5,below primo,-2,-7,3,not assessed,short,leap-up,8,no,1,middle,yes,no,no,highest of phrase
Kabalevsky T10,-3,11,2.5,F#3,54,ɪ,derived from Bozeman bass,0.179,open,A#3,-3.54,below primo,-3,-8,none,not assessed,short,step,-1,no,1,middle,no,no,no,
Kabalevsky T10,-3,11,3,E3,52,i,Bozeman bass midpoint,0.179,close,D#3,1,below primo,-5,-10,none,not assessed,short,step,-2,no,1,middle,no,no,no,turning pitch 0 to 2 st below
Kabalevsky T10,-3,11,3.5,D3,50,i,Bozeman bass midpoint,0.179,open,D#3,-1,below primo,-7,-12,none,not assessed,short,step,-2,no,1,middle,no,no,no,
Kabalevsky T10,-3,12,1,C#3,49,ɛ,Bozeman bass midpoint,0.714,open,C4,-11.5,below primo,-8,-13,none,not assessed,short,step,-1,no,1,middle,no,no,no,
Kabalevsky T10,-3,12,3,B2,47,ɪ,derived from Bozeman bass,0.357,open,A#3,-10.54,below primo,-10,-15,none,not assessed,short,step,-2,no,1,middle,no,no,no,
Kabalevsky T10,-3,13,1,C#3,49,ɑ,Bozeman bass midpoint,0.714,open,D#4,-13.5,below primo,-8,-13,none,not assessed,short,step,2,no,1,middle,no,no,no,
Kabalevsky T10,-3,13,3,C#3,49,ɨ,derived from Bozeman bass,0.357,open,G#3,-7.39,below primo,-8,-13,3,not assessed,short,repeated,0,no,1,last,no,no,no,
Kabalevsky T10,-3,14,2.5,C#3,49,ɪ,derived from Bozeman bass,0.179,open,A#3,-8.54,below primo,-8,-13,none,not assessed,short,repeated,0,yes,2,first,no,no,no,
Kabalevsky T10,-3,14,3,C#3,49,ʌ,derived from Bozeman bass,0.179,open,D#4,-13.5,below primo,-8,-13,none,not assessed,short,repeated,0,no,2,middle,no,no,no,
Kabalevsky T10,-3,14,3.5,C#3,49,i,Bozeman bass midpoint,0.179,open,D#3,-2,below primo,-8,-13,none,not assessed,short,repeated,0,no,2,middle,no,no,no,
Kabalevsky T10,-3,15,1,F#3,54,ɑ,Bozeman bass midpoint,0.714,open,D#4,-8.5,below primo,-3,-8,none,not assessed,short,leap-up,5,no,2,middle,no,no,no,
Kabalevsky T10,-3,15,3,F#3,54,i,Bozeman bass midpoint,0.357,close,D#3,3,below primo,-3,-8,none,not assessed,short,repeated,0,no,2,middle,no,no,no,
Kabalevsky T10,-3,16,1,C3,48,ɛ,Bozeman bass midpoint,0.714,open,C4,-12.5,below primo,-9,-14,4,not assessed,short,leap-down,-6,no,2,middle,no,no,no,
Kabalevsky T10,-3,16,3,C3,48,o,Bozeman bass midpoint,0.357,open,A3,-9,below primo,-9,-14,none,not assessed,short,repeated,0,no,2,middle,no,no,no,
Kabalevsky T10,-3,17,1,F#3,54,ɨ,derived from Bozeman bass,0.714,open,G#3,-2.39,below primo,-3,-8,none,not assessed,short,leap-up,6,no,2,middle,no,no,no,
Kabalevsky T10,-3,17,3,F#3,54,i,Bozeman bass midpoint,0.357,close,D#3,3,below primo,-3,-8,none,not assessed,short,repeated,0,no,2,middle,no,no,no,
Kabalevsky T10,-3,18,1,C3,48,o,Bozeman bass midpoint,0.714,open,A3,-9,below primo,-9,-14,none,not assessed,short,leap-down,-6,no,2,middle,no,no,no,
Kabalevsky T10,-3,18,3,C#3,49,i,Bozeman bass midpoint,0.357,open,D#3,-2,below primo,-8,-13,none,not assessed,short,step,1,no,2,middle,no,no,no,
Kabalevsky T10,-3,19,1,G#3,56,o,Bozeman bass midpoint,0.714,open,A3,-1,below primo,-1,-6,none,not assessed,short,leap-up,7,no,2,middle,yes,no,no,highest of phrase
Kabalevsky T10,-3,19,3,F#3,54,ʌ,derived from Bozeman bass,0.357,open,D#4,-8.5,below primo,-3,-8,none,not assessed,short,step,-2,no,2,middle,no,no,no,
Kabalevsky T10,-3,20,1,C#3,49,o,Bozeman bass midpoint,0.536,open,A3,-8,below primo,-8,-13,none,not assessed,short,leap-down,-5,no,2,middle,no,no,no,
Kabalevsky T10,-3,20,2.5,C#3,49,ɨ,derived from Bozeman bass,0.179,open,G#3,-7.39,below primo,-8,-13,3,not assessed,short,repeated,0,no,2,middle,no,no,no,
Kabalevsky T10,-3,20,3,C#3,49,ʌ,derived from Bozeman bass,0.179,open,D#4,-13.5,below primo,-8,-13,none,not assessed,short,repeated,0,no,2,middle,no,no,no,
Kabalevsky T10,-3,20,3.5,C#3,49,ɪ,derived from Bozeman bass,0.179,open,A#3,-8.54,below primo,-8,-13,none,not assessed,short,repeated,0,no,2,middle,no,no,no,
Kabalevsky T10,-3,21,1,G#3,56,ɑ,Bozeman bass midpoint,0.714,open,D#4,-6.5,below primo,-1,-6,none,not assessed,short,leap-up,7,no,2,middle,yes,no,no,highest of phrase
Kabalevsky T10,-3,21,3,F#3,54,i,Bozeman bass midpoint,0.357,close,D#3,3,below primo,-3,-8,none,not assessed,short,step,-2,no,2,middle,no,no,no,
Kabalevsky T10,-3,22,1,C#3,49,ɑ,Bozeman bass midpoint,0.714,open,D#4,-13.5,below primo,-8,-13,none,not assessed,short,leap-down,-5,no,2,middle,no,no,no,
Kabalevsky T10,-3,22,3,C#3,49,ɨ,derived from Bozeman bass,0.357,open,G#3,-7.39,below primo,-8,-13,3,not assessed,short,repeated,0,no,2,last,no,no,no,
Kabalevsky T10,-3,28,1,C#3,49,ɑ,Bozeman bass midpoint,0.357,open,D#4,-13.5,below primo,-8,-13,none,not assessed,short,repeated,0,yes,3,first,no,no,no,
Kabalevsky T10,-3,28,2,F#3,54,ʌ,derived from Bozeman bass,0.357,open,D#4,-8.5,below primo,-3,-8,none,not assessed,short,leap-up,5,no,3,middle,no,no,no,
Kabalevsky T10,-3,28,3,G#3,56,ɑ,Bozeman bass midpoint,0.357,open,D#4,-6.5,below primo,-1,-6,none,not assessed,short,step,2,no,3,middle,no,no,no,
Kabalevsky T10,-3,29,1,A#3,58,a,derived from Bozeman bass,1.071,open,F4,-6.92,inside,1,-4,3,not assessed,short,step,2,no,3,middle,no,no,no,
Kabalevsky T10,-3,30,1,A#3,58,a,derived from Bozeman bass,0.714,open,F4,-6.92,inside,1,-4,3,not assessed,short,tie,0,no,3,middle,no,no,no,
Kabalevsky T10,-3,30,3,B3,59,u,Bozeman bass midpoint,0.357,close,D#3,7.5,inside,2,-3,none,not assessed,short,step,1,no,3,middle,yes,no,no,highest of phrase
Kabalevsky T10,-3,31,1,A#3,58,ɛ,Bozeman bass midpoint,0.714,open,C4,-2.5,inside,1,-4,none,not assessed,short,step,-1,no,3,middle,no,no,no,
Kabalevsky T10,-3,31,3,G#3,56,i,Bozeman bass midpoint,0.357,close,D#3,5,below primo,-1,-6,none,not assessed,short,step,-2,no,3,middle,no,no,no,
Kabalevsky T10,-3,32,1,F#3,54,ɪ,derived from Bozeman bass,0.714,open,A#3,-3.54,below primo,-3,-8,none,not assessed,short,step,-2,no,3,middle,no,no,no,
Kabalevsky T10,-3,32,3,F3,53,ɑ,Bozeman bass midpoint,0.357,open,D#4,-9.5,below primo,-4,-9,none,not assessed,short,step,-1,no,3,middle,no,no,no,
Kabalevsky T10,-3,33,1,D#3,51,a,derived from Bozeman bass,1.071,open,F4,-13.92,below primo,-6,-11,none,not assessed,short,step,-2,no,3,middle,no,no,no,
Kabalevsky T10,-3,34,1,D#3,51,a,derived from Bozeman bass,0.536,open,F4,-13.92,below primo,-6,-11,none,not assessed,short,tie,0,no,3,middle,no,no,no,
Kabalevsky T10,-3,34,2.5,D#3,51,ɑ,Bozeman bass midpoint,0.179,open,D#4,-11.5,below primo,-6,-11,4,not assessed,short,repeated,0,no,3,middle,no,no,no,
Kabalevsky T10,-3,34,3,D#3,51,ɛ,Bozeman bass midpoint,0.179,open,C4,-9.5,below primo,-6,-11,none,not assessed,short,repeated,0,no,3,middle,no,no,no,
Kabalevsky T10,-3,34,3.5,D#3,51,ɪ,derived from Bozeman bass,0.179,open,A#3,-6.54,below primo,-6,-11,3,not assessed,short,repeated,0,no,3,middle,no,no,no,
Kabalevsky T10,-3,35,1,B3,59,ɑ,Bozeman bass midpoint,0.536,open,D#4,-3.5,inside,2,-3,none,not assessed,short,leap-up,8,no,3,middle,yes,no,no,highest of phrase
Kabalevsky T10,-3,35,2.5,A#3,58,ʌ,derived from Bozeman bass,0.179,open,D#4,-4.5,inside,1,-4,none,not assessed,short,step,-1,no,3,middle,no,no,no,
Kabalevsky T10,-3,35,3,G#3,56,ʌ,derived from Bozeman bass,0.179,open,D#4,-6.5,below primo,-1,-6,none,not assessed,short,step,-2,no,3,middle,no,no,no,
Kabalevsky T10,-3,35,3.5,F#3,54,ɪ,derived from Bozeman bass,0.179,open,A#3,-3.54,below primo,-3,-8,none,not assessed,short,step,-2,no,3,middle,no,no,no,
Kabalevsky T10,-3,36,1,F3,53,a,derived from Bozeman bass,0.714,open,F4,-11.92,below primo,-4,-9,4,not assessed,short,step,-1,no,3,middle,no,no,no,
Kabalevsky T10,-3,36,3,D#3,51,u,Bozeman bass midpoint,0.357,open,D#3,-0.5,below primo,-6,-11,none,not assessed,short,step,-2,no,3,middle,no,no,no,
Kabalevsky T10,-3,37,1,F3,53,o,Bozeman bass midpoint,0.714,open,A3,-4,below primo,-4,-9,none,not assessed,short,step,2,no,3,middle,no,no,no,
Kabalevsky T10,-3,37,3,F3,53,ɑ,Bozeman bass midpoint,0.357,open,D#4,-9.5,below primo,-4,-9,none,not assessed,short,repeated,0,no,3,last,no,no,no,
Kabalevsky T10,-3,38,3,F3,53,i,Bozeman bass midpoint,0.357,close,D#3,2,below primo,-4,-9,none,not assessed,short,repeated,0,yes,4,first,no,no,no,
Kabalevsky T10,-3,39,1,A#3,58,ɑ,Bozeman bass midpoint,0.536,open,D#4,-4.5,inside,1,-4,none,not assessed,short,leap-up,5,no,4,middle,yes,no,no,highest of phrase
Kabalevsky T10,-3,39,2.5,A#3,58,ɨ,derived from Bozeman bass,0.179,close,G#3,1.61,inside,1,-4,none,not assessed,short,repeated,0,no,4,middle,yes,no,no,highest of phrase; turning pitch 0 to 2 st below
Kabalevsky T10,-3,39,3,A#3,58,none resolved,not assessed,0.179,not assessed,not assessed,not assessed,inside,1,-4,not assessed,not assessed,short,repeated,0,no,4,middle,yes,no,no,highest of phrase
Kabalevsky T10,-3,39,3.5,A#3,58,ɑ,Bozeman bass midpoint,0.179,open,D#4,-4.5,inside,1,-4,none,not assessed,short,repeated,0,no,4,middle,yes,no,no,highest of phrase
Kabalevsky T10,-3,40,1,E3,52,i,Bozeman bass midpoint,0.536,close,D#3,1,below primo,-5,-10,none,not assessed,short,leap-down,-6,no,4,middle,no,no,no,turning pitch 0 to 2 st below
Kabalevsky T10,-3,40,2.5,E3,52,i,Bozeman bass midpoint,0.179,close,D#3,1,below primo,-5,-10,none,not assessed,short,repeated,0,no,4,middle,no,no,no,turning pitch 0 to 2 st below
Kabalevsky T10,-3,40,3,E3,52,i,Bozeman bass midpoint,0.179,close,D#3,1,below primo,-5,-10,none,not assessed,short,repeated,0,no,4,middle,no,no,no,turning pitch 0 to 2 st below
Kabalevsky T10,-3,40,3.5,E3,52,ɑ,Bozeman bass midpoint,0.179,open,D#4,-10.5,below primo,-5,-10,none,not assessed,short,repeated,0,no,4,middle,no,no,no,
Kabalevsky T10,-3,41,1,F3,53,ɑ,Bozeman bass midpoint,1.071,open,D#4,-9.5,below primo,-4,-9,none,not assessed,short,step,1,no,4,middle,no,no,no,
Kabalevsky T10,-3,42,1,F3,53,ɑ,Bozeman bass midpoint,0.536,open,D#4,-9.5,below primo,-4,-9,none,not assessed,short,tie,0,no,4,middle,no,no,no,
Kabalevsky T10,-3,42,2.5,F3,53,i,Bozeman bass midpoint,0.179,close,D#3,2,below primo,-4,-9,none,not assessed,short,repeated,0,no,4,middle,no,no,no,
Kabalevsky T10,-3,42,3,F3,53,ɑ,Bozeman bass midpoint,0.179,open,D#4,-9.5,below primo,-4,-9,none,not assessed,short,repeated,0,no,4,middle,no,no,no,
Kabalevsky T10,-3,42,3.5,F3,53,i,Bozeman bass midpoint,0.179,close,D#3,2,below primo,-4,-9,none,not assessed,short,repeated,0,no,4,middle,no,no,no,
Kabalevsky T10,-3,43,1,E3,52,ɑ,Bozeman bass midpoint,0.714,open,D#4,-10.5,below primo,-5,-10,none,not assessed,short,step,-1,no,4,middle,no,no,no,
Kabalevsky T10,-3,43,3,E3,52,u,Bozeman bass midpoint,0.357,close,D#3,0.5,below primo,-5,-10,none,not assessed,short,repeated,0,no,4,middle,no,no,no,turning pitch 0 to 2 st below
Kabalevsky T10,-3,44,1,D#3,51,o,Bozeman bass midpoint,0.536,open,A3,-6,below primo,-6,-11,none,not assessed,short,step,-1,no,4,middle,no,no,no,
Kabalevsky T10,-3,44,2.5,D#3,51,ɪ,derived from Bozeman bass,0.179,open,A#3,-6.54,below primo,-6,-11,3,not assessed,short,repeated,0,no,4,middle,no,no,no,
Kabalevsky T10,-3,44,3,D#3,51,o,Bozeman bass midpoint,0.179,open,A3,-6,below primo,-6,-11,none,not assessed,short,repeated,0,no,4,middle,no,no,no,
Kabalevsky T10,-3,44,3.5,D#3,51,ɨ,derived from Bozeman bass,0.179,open,G#3,-5.39,below primo,-6,-11,none,not assessed,short,repeated,0,no,4,middle,no,no,no,
Kabalevsky T10,-3,45,1,D3,50,o,Bozeman bass midpoint,0.714,open,A3,-7,below primo,-7,-12,3,not assessed,short,step,-1,no,4,middle,no,no,no,
Kabalevsky T10,-3,45,3,D3,50,ʌ,derived from Bozeman bass,0.357,open,D#4,-12.5,below primo,-7,-12,none,not assessed,short,repeated,0,no,4,last,no,no,no,
Kabalevsky T10,-3,46,3,D3,50,o,Bozeman bass midpoint,0.357,open,A3,-7,below primo,-7,-12,3,not assessed,short,repeated,0,yes,5,first,no,no,no,
Kabalevsky T10,-3,47,1,E3,52,ɛ,Bozeman bass midpoint,0.536,open,C4,-8.5,below primo,-5,-10,none,not assessed,short,step,2,no,5,middle,no,no,no,
Kabalevsky T10,-3,47,2.5,E3,52,ʌ,derived from Bozeman bass,0.179,open,D#4,-10.5,below primo,-5,-10,none,not assessed,short,repeated,0,no,5,middle,no,no,no,
Kabalevsky T10,-3,47,3,D3,50,ʌ,derived from Bozeman bass,0.179,open,D#4,-12.5,below primo,-7,-12,none,not assessed,short,step,-2,no,5,middle,no,no,no,
Kabalevsky T10,-3,47,3.5,E3,52,ɑ,Bozeman bass midpoint,0.179,open,D#4,-10.5,below primo,-5,-10,none,not assessed,short,step,2,no,5,middle,no,no,no,
Kabalevsky T10,-3,48,1,F3,53,o,Bozeman bass midpoint,0.714,open,A3,-4,below primo,-4,-9,none,not assessed,short,step,1,no,5,middle,no,no,no,
Kabalevsky T10,-3,48,3,D3,50,o,Bozeman bass midpoint,0.357,open,A3,-7,below primo,-7,-12,3,not assessed,short,leap-down,-3,no,5,middle,no,no,no,
Kabalevsky T10,-3,49,1,E3,52,o,Bozeman bass midpoint,0.714,open,A3,-5,below primo,-5,-10,none,not assessed,short,step,2,no,5,middle,no,no,no,
Kabalevsky T10,-3,49,3,G3,55,i,Bozeman bass midpoint,0.357,close,D#3,4,below primo,-2,-7,none,not assessed,short,leap-up,3,no,5,middle,no,no,no,
Kabalevsky T10,-3,50,1,F3,53,o,Bozeman bass midpoint,0.536,open,A3,-4,below primo,-4,-9,none,not assessed,short,step,-2,no,5,middle,no,no,no,
Kabalevsky T10,-3,50,2.5,F3,53,ɪ,derived from Bozeman bass,0.179,open,A#3,-4.54,below primo,-4,-9,none,not assessed,short,repeated,0,no,5,middle,no,no,no,
Kabalevsky T10,-3,50,3,F3,53,ɑ,Bozeman bass midpoint,0.179,open,D#4,-9.5,below primo,-4,-9,none,not assessed,short,repeated,0,no,5,middle,no,no,no,
Kabalevsky T10,-3,50,3.5,F3,53,u,Bozeman bass midpoint,0.179,close,D#3,1.5,below primo,-4,-9,none,not assessed,short,repeated,0,no,5,middle,no,no,no,turning pitch 0 to 2 st below
Kabalevsky T10,-3,51,1,F#3,54,ɑ,Bozeman bass midpoint,0.714,open,D#4,-8.5,below primo,-3,-8,none,not assessed,short,step,1,no,5,middle,no,no,no,
Kabalevsky T10,-3,51,3,D3,50,ɑ,Bozeman bass midpoint,0.357,open,D#4,-12.5,below primo,-7,-12,none,not assessed,short,leap-down,-4,no,5,middle,no,no,no,
Kabalevsky T10,-3,52,1,A3,57,u,Bozeman bass midpoint,0.536,close,D#3,5.5,inside,0,-5,none,not assessed,short,leap-up,7,no,5,middle,no,no,no,
Kabalevsky T10,-3,52,2.5,A3,57,ɑ,Bozeman bass midpoint,0.179,open,D#4,-5.5,inside,0,-5,none,not assessed,short,repeated,0,no,5,middle,no,no,no,
Kabalevsky T10,-3,52,3,A3,57,u,Bozeman bass midpoint,0.179,close,D#3,5.5,inside,0,-5,none,not assessed,short,repeated,0,no,5,middle,no,no,no,
Kabalevsky T10,-3,52,3.5,A#3,58,ɑ,Bozeman bass midpoint,0.179,open,D#4,-4.5,inside,1,-4,none,not assessed,short,step,1,no,5,middle,yes,no,no,highest of phrase
Kabalevsky T10,-3,53,1,G3,55,ɑ,Bozeman bass midpoint,0.714,open,D#4,-7.5,below primo,-2,-7,3,not assessed,short,leap-down,-3,no,5,middle,no,no,no,
Kabalevsky T10,-3,53,3,G3,55,u,Bozeman bass midpoint,0.357,close,D#3,3.5,below primo,-2,-7,none,not assessed,short,repeated,0,no,5,last,no,no,no,
Kabalevsky T10,-3,54,2.5,A3,57,ɑ,Bozeman bass midpoint,0.179,open,D#4,-5.5,inside,0,-5,none,not assessed,short,step,2,yes,6,first,no,no,no,
Kabalevsky T10,-3,54,3,A3,57,ʌ,derived from Bozeman bass,0.179,open,D#4,-5.5,inside,0,-5,none,not assessed,short,repeated,0,no,6,middle,no,no,no,
Kabalevsky T10,-3,54,3.5,A3,57,i,Bozeman bass midpoint,0.179,close,D#3,6,inside,0,-5,none,not assessed,short,repeated,0,no,6,middle,no,no,no,
Kabalevsky T10,-3,55,1,C#4,61,ɛ,Bozeman bass midpoint,0.714,close,C4,0.5,inside,4,-1,none,not assessed,short,leap-up,4,no,6,middle,yes,yes,yes,highest of phrase; turning pitch 0 to 2 st below
Kabalevsky T10,-3,55,3,A#3,58,ɑ,Bozeman bass midpoint,0.357,open,D#4,-4.5,inside,1,-4,none,not assessed,short,leap-down,-3,no,6,middle,no,no,no,
Kabalevsky T10,-3,56,1,G3,55,u,Bozeman bass midpoint,0.714,close,D#3,3.5,below primo,-2,-7,none,not assessed,short,leap-down,-3,no,6,middle,no,no,no,
Kabalevsky T10,-3,56,3,A3,57,ɑ,Bozeman bass midpoint,0.357,open,D#4,-5.5,inside,0,-5,none,not assessed,short,step,2,no,6,middle,no,no,no,
Kabalevsky T10,-3,57,1,F3,53,ɑ,Bozeman bass midpoint,0.714,open,D#4,-9.5,below primo,-4,-9,none,not assessed,short,leap-down,-4,no,6,middle,no,no,no,
Kabalevsky T10,-3,57,3,E3,52,u,Bozeman bass midpoint,0.357,close,D#3,0.5,below primo,-5,-10,none,not assessed,short,step,-1,no,6,middle,no,no,no,turning pitch 0 to 2 st below
Kabalevsky T10,-3,58,1,G3,55,o,Bozeman bass midpoint,0.714,open,A3,-2,below primo,-2,-7,none,not assessed,short,leap-up,3,no,6,last,no,no,no,
Kabalevsky T10,-3,58,3,G3,55,i,Bozeman bass midpoint,0.357,close,D#3,4,below primo,-2,-7,none,not assessed,short,repeated,0,no,7,first,no,no,no,
Kabalevsky T10,-3,59,1,E3,52,ʌ,derived from Bozeman bass,0.714,open,D#4,-10.5,below primo,-5,-10,none,not assessed,short,leap-down,-3,no,7,middle,no,no,no,
Kabalevsky T10,-3,59,3,D3,50,ɨ,derived from Bozeman bass,0.357,open,G#3,-6.39,below primo,-7,-12,none,not assessed,short,step,-2,no,7,middle,no,no,no,
Kabalevsky T10,-3,60,1,A3,57,ɛ,Bozeman bass midpoint,0.714,open,C4,-3.5,inside,0,-5,none,not assessed,short,leap-up,7,no,7,middle,yes,no,no,highest of phrase
Kabalevsky T10,-3,60,3,A3,57,ɨ,derived from Bozeman bass,0.357,close,G#3,0.61,inside,0,-5,none,not assessed,short,repeated,0,no,7,middle,yes,no,no,highest of phrase; turning pitch 0 to 2 st below
Kabalevsky T10,-3,61,1,E3,52,ɛ,Bozeman bass midpoint,0.536,open,C4,-8.5,below primo,-5,-10,none,not assessed,short,leap-down,-5,no,7,middle,no,no,no,
Kabalevsky T10,-3,61,2.5,E3,52,ɨ,derived from Bozeman bass,0.179,open,G#3,-4.39,below primo,-5,-10,none,not assessed,short,repeated,0,no,7,middle,no,no,no,
Kabalevsky T10,-3,61,3,F3,53,i,Bozeman bass midpoint,0.179,close,D#3,2,below primo,-4,-9,none,not assessed,short,step,1,no,7,middle,no,no,no,
Kabalevsky T10,-3,61,3.5,E3,52,ɨ,derived from Bozeman bass,0.179,open,G#3,-4.39,below primo,-5,-10,none,not assessed,short,step,-1,no,7,middle,no,no,no,
Kabalevsky T10,-3,62,1,A3,57,ɑ,Bozeman bass midpoint,0.714,open,D#4,-5.5,inside,0,-5,none,not assessed,short,leap-up,5,no,7,middle,yes,no,no,highest of phrase
Kabalevsky T10,-3,62,3,A3,57,u,Bozeman bass midpoint,0.357,close,D#3,5.5,inside,0,-5,none,not assessed,short,repeated,0,no,7,last,yes,no,no,highest of phrase
Kabalevsky T10,-3,65,3,A2,45,o,Bozeman bass midpoint,0.357,open,A3,-12,below primo,-12,-17,4,not assessed,short,leap-down,-12,yes,8,first,no,no,no,
Kabalevsky T10,-3,66,1,D3,50,ʌ,derived from Bozeman bass,0.714,open,D#4,-12.5,below primo,-7,-12,none,not assessed,short,leap-up,5,no,8,middle,no,no,no,
Kabalevsky T10,-3,66,3,E3,52,ɨ,derived from Bozeman bass,0.357,open,G#3,-4.39,below primo,-5,-10,none,not assessed,short,step,2,no,8,middle,no,no,no,
Kabalevsky T10,-3,67,1,F#3,54,o,Bozeman bass midpoint,1.071,open,A3,-3,below primo,-3,-8,none,not assessed,short,step,2,no,8,middle,no,no,no,
Kabalevsky T10,-3,68,1,F#3,54,o,Bozeman bass midpoint,0.714,open,A3,-3,below primo,-3,-8,none,not assessed,short,tie,0,no,8,middle,no,no,no,
Kabalevsky T10,-3,68,3,G3,55,ɨ,derived from Bozeman bass,0.357,open,G#3,-1.39,below primo,-2,-7,none,not assessed,short,step,1,no,8,middle,no,no,no,
Kabalevsky T10,-3,69,1,F#3,54,o,Bozeman bass midpoint,0.714,open,A3,-3,below primo,-3,-8,none,not assessed,short,step,-1,no,8,middle,no,no,no,
Kabalevsky T10,-3,69,3,E3,52,i,Bozeman bass midpoint,0.357,close,D#3,1,below primo,-5,-10,none,not assessed,short,step,-2,no,8,middle,no,no,no,turning pitch 0 to 2 st below
Kabalevsky T10,-3,70,1,D3,50,ɑ,Bozeman bass midpoint,0.714,open,D#4,-12.5,below primo,-7,-12,none,not assessed,short,step,-2,no,8,middle,no,no,no,
Kabalevsky T10,-3,70,3,C#3,49,ɑ,Bozeman bass midpoint,0.357,open,D#4,-13.5,below primo,-8,-13,none,not assessed,short,step,-1,no,8,middle,no,no,no,
Kabalevsky T10,-3,71,1,B2,47,o,Bozeman bass midpoint,1.071,open,A3,-10,below primo,-10,-15,none,not assessed,short,step,-2,no,8,middle,no,no,no,
Kabalevsky T10,-3,72,1,B2,47,o,Bozeman bass midpoint,0.536,open,A3,-10,below primo,-10,-15,none,not assessed,short,tie,0,no,8,middle,no,no,no,
Kabalevsky T10,-3,72,2.5,B2,47,o,Bozeman bass midpoint,0.179,open,A3,-10,below primo,-10,-15,none,not assessed,short,repeated,0,no,8,middle,no,no,no,
Kabalevsky T10,-3,72,3,B2,47,i,Bozeman bass midpoint,0.179,open,D#3,-4,below primo,-10,-15,none,not assessed,short,repeated,0,no,8,middle,no,no,no,
Kabalevsky T10,-3,72,3.5,B2,47,ɑ,Bozeman bass midpoint,0.179,open,D#4,-15.5,below primo,-10,-15,5,not assessed,short,repeated,0,no,8,middle,no,no,no,
Kabalevsky T10,-3,73,1,B3,59,o,Bozeman bass midpoint,1.071,close,A3,2,inside,2,-3,none,not assessed,short,leap-up,12,no,8,middle,yes,no,no,highest of phrase; turning pitch 0 to 2 st below
Kabalevsky T10,-3,74,1,B3,59,o,Bozeman bass midpoint,0.714,close,A3,2,inside,2,-3,none,not assessed,short,tie,0,no,8,middle,yes,no,no,highest of phrase; turning pitch 0 to 2 st below
Kabalevsky T10,-3,74,3,F#3,54,ɪ,derived from Bozeman bass,0.357,open,A#3,-3.54,below primo,-3,-8,none,not assessed,short,leap-down,-5,no,8,middle,no,no,no,
Kabalevsky T10,-3,75,1,G3,55,e,Bozeman bass midpoint,0.714,open,A3,-2,below primo,-2,-7,none,not assessed,short,step,1,no,8,middle,no,no,no,
Kabalevsky T10,-3,75,3,F#3,54,ɪ,derived from Bozeman bass,0.357,open,A#3,-3.54,below primo,-3,-8,none,not assessed,short,step,-1,no,8,middle,no,no,no,
Kabalevsky T10,-3,76,1,E3,52,ʌ,derived from Bozeman bass,0.714,open,D#4,-10.5,below primo,-5,-10,none,not assessed,short,step,-2,no,8,middle,no,no,no,
Kabalevsky T10,-3,76,3,B2,47,i,Bozeman bass midpoint,0.357,open,D#3,-4,below primo,-10,-15,none,not assessed,short,leap-down,-5,no,8,middle,no,no,no,
Kabalevsky T10,-3,77,1,D3,50,o,Bozeman bass midpoint,1.071,open,A3,-7,below primo,-7,-12,3,not assessed,short,leap-up,3,no,8,middle,no,no,no,
Kabalevsky T10,-3,78,1,D3,50,o,Bozeman bass midpoint,1.071,open,A3,-7,below primo,-7,-12,3,not assessed,short,tie,0,no,8,middle,no,no,no,
Kabalevsky T10,-3,79,1,D3,50,o,Bozeman bass midpoint,0.179,open,A3,-7,below primo,-7,-12,3,not assessed,short,tie,0,no,8,last,no,no,no,
