song,shift,bar,beat,pitch,midi,vowel,fR1_source,seconds,fR1_band,turning_pitch,semitones_from_turning,passaggio,semitones_to_primo,semitones_to_secondo,fR1_rung,fR2_rung,held,approach,approach_semitones,after_rest,phrase_index,phrase_position,highest_of_phrase,p1a_near,p1a_fires,p1a_clauses
Sunless 01,0,2,1,A3,57,o,Mitton measured,0.732,open,B3,-1.83,inside,1,-4,none,none,short,first note,,,0,first,no,no,no,
Sunless 01,0,2,2,A3,57,ɑ,Mitton measured,0.732,open,D#4,-5.85,inside,1,-4,none,none,short,repeated,0,no,0,middle,no,no,no,
Sunless 01,0,2,3,A3,57,ʌ,Mitton measured,0.732,open,D#4,-5.83,inside,1,-4,none,none,short,repeated,0,no,0,middle,no,no,no,
Sunless 01,0,2,4,Bb3,58,ɛ,Mitton measured,0.732,open,D4,-3.69,inside,2,-3,none,none,short,step,1,no,0,middle,yes,no,no,highest of phrase
Sunless 01,0,2,5,F3,53,ɑ,Mitton measured,0.732,open,D#4,-9.85,below primo,-3,-8,none,none,short,leap-down,-5,no,0,middle,no,no,no,
Sunless 01,0,2,6,F3,53,ɑ,Mitton measured,0.366,open,D#4,-9.85,below primo,-3,-8,none,none,short,repeated,0,no,0,last,no,no,no,
Sunless 01,0,3,1,B3,59,i,Mitton measured,0.732,close,D3,8.86,inside,3,-2,none,7,short,leap-up,6,yes,1,first,yes,no,no,highest of phrase; fR2 rung
Sunless 01,0,3,2,G3,55,ɑ,Mitton measured,0.732,open,D#4,-7.85,below primo,-1,-6,none,none,short,leap-down,-4,no,1,middle,no,no,no,
Sunless 01,0,3,3,G3,55,ɑ,Mitton measured,0.366,open,D#4,-7.85,below primo,-1,-6,none,none,short,repeated,0,no,1,last,no,no,no,
Sunless 01,0,3,4,C#4,61,i,Mitton measured,1.098,close,D3,10.86,inside,5,0,none,6,short,leap-up,6,yes,2,first,yes,yes,yes,highest of phrase; fR2 rung
Sunless 01,0,3,5.5,A3,57,ɑ,Mitton measured,0.366,open,D#4,-5.85,inside,1,-4,none,none,short,leap-down,-4,no,2,middle,no,no,no,
Sunless 01,0,3,6,A3,57,ɑ,Mitton measured,0.366,open,D#4,-5.85,inside,1,-4,none,none,short,repeated,0,no,2,last,no,no,no,
Sunless 01,0,4,1,Bb3,58,e,Mitton measured,0.732,close,G3,3.49,inside,2,-3,none,none,short,step,1,yes,3,first,yes,no,no,highest of phrase
Sunless 01,0,4,2,E3,52,ɪ,Mitton measured,0.732,open,G3,-3.04,below primo,-4,-9,none,none,short,leap-down,-6,no,3,middle,no,no,no,
Sunless 01,0,4,3,D3,50,o,Mitton measured,0.732,open,B3,-8.83,below primo,-6,-11,none,none,short,step,-2,no,3,middle,no,no,no,
Sunless 01,0,4,4,A3,57,ɑ,Mitton measured,1.098,open,D#4,-5.85,inside,1,-4,none,none,short,leap-up,7,no,3,middle,no,no,no,
Sunless 01,0,4,5.5,E3,52,ɑ,Mitton measured,0.366,open,D#4,-10.85,below primo,-4,-9,none,6,short,leap-down,-5,no,3,middle,no,no,no,fR2 rung
Sunless 01,0,4,6,E3,52,ɑ,Mitton measured,0.732,open,D#4,-10.85,below primo,-4,-9,none,6,short,repeated,0,no,3,middle,no,no,no,fR2 rung
Sunless 01,0,5,1,G3,55,e,Mitton measured,0.732,close,G3,0.49,below primo,-1,-6,none,8,short,leap-up,3,no,3,middle,no,no,no,turning pitch 0 to 2 st below; fR2 rung
Sunless 01,0,5,2,D3,50,ɪ,Mitton measured,0.732,open,G3,-5.04,below primo,-6,-11,none,none,short,leap-down,-5,no,3,middle,no,no,no,
Sunless 01,0,5,3,C#3,49,ɑ,Mitton measured,0.732,open,D#4,-13.85,below primo,-7,-12,none,none,short,step,-1,no,3,middle,no,no,no,
Sunless 01,0,5,4,F3,53,ɛ,Mitton measured,1.098,open,D4,-8.69,below primo,-3,-8,none,none,short,leap-up,4,no,3,middle,no,no,no,
Sunless 01,0,5,5.5,D3,50,ɑ,Mitton measured,0.366,open,D#4,-12.85,below primo,-6,-11,none,7,short,leap-down,-3,no,3,middle,no,no,no,fR2 rung
Sunless 01,0,5,6,D3,50,ɑ,Mitton measured,0.366,open,D#4,-12.85,below primo,-6,-11,none,7,short,repeated,0,no,3,last,no,no,no,fR2 rung
Sunless 01,0,6,1,A3,57,u,Mitton measured,0.732,close,F3,4.16,inside,1,-4,none,none,short,leap-up,7,yes,4,first,yes,no,no,highest of phrase
Sunless 01,0,6,2,F#3,54,ɑ,Mitton measured,0.366,open,D#4,-8.85,below primo,-2,-7,none,none,short,leap-down,-3,no,4,last,no,no,no,
Sunless 01,0,6,3,A3,57,u,Mitton measured,0.732,close,F3,4.16,inside,1,-4,none,none,short,leap-up,3,yes,5,first,no,no,no,
Sunless 01,0,6,4,D4,62,o,Mitton measured,1.098,close,B3,3.17,above secondo,6,1,none,none,short,leap-up,5,no,5,middle,yes,yes,yes,highest of phrase
Sunless 01,0,6,5.5,Ab3,56,ɑ,Mitton measured,0.366,open,D#4,-6.85,inside,0,-5,3,5,short,leap-down,-6,no,5,middle,no,no,no,fR2 rung
Sunless 01,0,6,6,Ab3,56,ɑ,Mitton measured,0.366,open,D#4,-6.85,inside,0,-5,3,5,short,repeated,0,no,5,last,no,no,no,fR2 rung
Sunless 01,0,7,1,G3,55,e,Mitton measured,0.732,close,G3,0.49,below primo,-1,-6,none,8,short,step,-1,yes,6,first,no,no,no,turning pitch 0 to 2 st below; fR2 rung
Sunless 01,0,7,2,G3,55,ɑ,Mitton measured,0.732,open,D#4,-7.85,below primo,-1,-6,none,none,short,repeated,0,no,6,middle,no,no,no,
Sunless 01,0,7,3,G3,55,u,Mitton measured,0.732,close,F3,2.16,below primo,-1,-6,none,4,short,repeated,0,no,6,middle,no,no,no,fR2 rung
Sunless 01,0,7,4,Bb3,58,ɨ,Mitton measured,1.098,close,G#3,2.48,inside,2,-3,none,none,short,leap-up,3,no,6,middle,yes,no,no,highest of phrase
Sunless 01,0,7,5.5,D3,50,ɑ,Mitton measured,0.366,open,D#4,-12.85,below primo,-6,-11,none,7,short,leap-down,-8,no,6,middle,no,no,no,fR2 rung
Sunless 01,0,7,6,D3,50,ɑ,Mitton measured,0.366,open,D#4,-12.85,below primo,-6,-11,none,7,short,repeated,0,no,6,last,no,no,no,fR2 rung
Sunless 01,0,8,1,E3,52,u,Mitton measured,0.732,open,F3,-0.84,below primo,-4,-9,none,5,short,step,2,yes,7,first,no,no,no,fR2 rung
Sunless 01,0,8,2,C#3,49,ɪ,Mitton measured,0.732,open,G3,-6.04,below primo,-7,-12,none,none,short,leap-down,-3,no,7,middle,no,no,no,
Sunless 01,0,8,3,D3,50,ɪ,Mitton measured,0.732,open,G3,-5.04,below primo,-6,-11,none,none,short,step,1,no,7,middle,no,no,no,
Sunless 01,0,8,4,F#3,54,ɛ,Mitton measured,0.732,open,D4,-7.69,below primo,-2,-7,none,7,short,leap-up,4,no,7,middle,yes,no,no,highest of phrase; fR2 rung
Sunless 01,0,8,5,D3,50,ɨ,Mitton measured,0.366,open,G#3,-5.52,below primo,-6,-11,none,none,short,leap-down,-4,no,7,last,no,no,no,
Sunless 01,0,8,6.5,C#3,49,ɑ,Mitton measured,0.366,open,D#4,-13.85,below primo,-7,-12,none,none,short,step,-1,yes,8,first,no,no,no,
Sunless 01,0,9,1,E3,52,ɛ,Mitton measured,0.732,open,D4,-9.69,below primo,-4,-9,none,8,short,leap-up,3,no,8,middle,no,no,no,fR2 rung
Sunless 01,0,9,2,C#3,49,ɑ,Mitton measured,0.732,open,D#4,-13.85,below primo,-7,-12,none,none,short,leap-down,-3,no,8,middle,no,no,no,
Sunless 01,0,9,3,D3,50,ɑ,Mitton measured,0.732,open,D#4,-12.85,below primo,-6,-11,none,7,short,step,1,no,8,middle,no,no,no,fR2 rung
Sunless 01,0,9,4,A3,57,ɛ,Mitton measured,1.098,open,D4,-4.69,inside,1,-4,none,6,short,leap-up,7,no,8,middle,yes,no,no,highest of phrase; fR2 rung
Sunless 01,0,9,5.5,F#3,54,ɑ,Mitton measured,0.366,open,D#4,-8.85,below primo,-2,-7,none,none,short,leap-down,-3,no,8,middle,no,no,no,
Sunless 01,0,9,6,F#3,54,ɑ,Mitton measured,0.366,open,D#4,-8.85,below primo,-2,-7,none,none,short,repeated,0,no,8,last,no,no,no,
Sunless 01,0,10,1,Bb3,58,ɨ,Mitton measured,0.732,close,G#3,2.48,inside,2,-3,none,none,short,leap-up,4,yes,9,first,no,no,no,
Sunless 01,0,10,2,E3,52,ɨ,Mitton measured,0.732,open,G#3,-3.52,below primo,-4,-9,none,none,short,leap-down,-6,no,9,middle,no,no,no,
Sunless 01,0,10,3,F3,53,ɑ,Mitton measured,0.732,open,D#4,-9.85,below primo,-3,-8,none,none,short,step,1,no,9,middle,no,no,no,
Sunless 01,0,10,4,G3,55,o,Mitton measured,0.732,open,B3,-3.83,below primo,-1,-6,none,none,short,step,2,no,9,middle,no,no,no,
Sunless 01,0,10,5,A3,57,ʌ,Mitton measured,0.732,open,D#4,-5.83,inside,1,-4,none,none,short,step,2,no,9,middle,no,no,no,
Sunless 01,0,10,6,Bb3,58,ɑ,Mitton measured,0.732,open,D#4,-4.85,inside,2,-3,none,none,short,step,1,no,9,middle,no,no,no,
Sunless 01,0,11,1,C4,60,e,Mitton measured,0.732,close,G3,5.49,inside,4,-1,none,6,short,step,2,no,9,middle,yes,yes,yes,highest of phrase; fR2 rung
Sunless 01,0,11,2,Bb3,58,ɪ,Mitton measured,0.732,close,G3,2.96,inside,2,-3,none,7,short,step,-2,no,9,middle,no,no,no,fR2 rung
Sunless 01,0,11,3,C4,60,ɑ,Mitton measured,0.732,open,D#4,-2.85,inside,4,-1,none,none,short,step,2,no,9,middle,yes,yes,yes,highest of phrase
Sunless 01,0,11,4,Ab3,56,e,Mitton measured,1.098,close,G3,1.49,inside,0,-5,none,none,short,leap-down,-4,no,9,middle,no,no,no,turning pitch 0 to 2 st below
Sunless 01,0,11,5.5,Ab3,56,i,Mitton measured,0.366,close,D3,5.86,inside,0,-5,none,8,short,repeated,0,no,9,middle,no,no,no,fR2 rung
Sunless 01,0,11,6,Ab3,56,ɪ,Mitton measured,0.366,close,G3,0.96,inside,0,-5,none,none,short,repeated,0,no,9,last,no,no,no,turning pitch 0 to 2 st below
Sunless 01,0,12,1,G3,55,o,Mitton measured,0.732,open,B3,-3.83,below primo,-1,-6,none,none,short,step,-1,yes,10,first,no,no,no,
Sunless 01,0,12,2,E3,52,ɪ,Mitton measured,0.732,open,G3,-3.04,below primo,-4,-9,none,none,short,leap-down,-3,no,10,middle,no,no,no,
Sunless 01,0,12,3,G3,55,ɑ,Mitton measured,0.732,open,D#4,-7.85,below primo,-1,-6,none,none,short,leap-up,3,no,10,middle,no,no,no,
Sunless 01,0,12,4,Bb3,58,i,Mitton measured,0.732,close,D3,7.86,inside,2,-3,none,none,short,leap-up,3,no,10,middle,yes,no,no,highest of phrase
Sunless 01,0,12,5,G3,55,ɨ,Mitton measured,0.366,open,G#3,-0.52,below primo,-1,-6,none,none,short,leap-down,-3,no,10,last,no,no,no,
Sunless 01,0,12,6,G3,55,ɑ,Mitton measured,0.732,open,D#4,-7.85,below primo,-1,-6,none,none,short,repeated,0,yes,11,first,no,no,no,
Sunless 01,0,13,1,E3,52,ɑ,Mitton measured,0.732,open,D#4,-10.85,below primo,-4,-9,none,6,short,leap-down,-3,no,11,middle,no,no,no,fR2 rung
Sunless 01,0,13,2,D3,50,ɪ,Mitton measured,0.732,open,G3,-5.04,below primo,-6,-11,none,none,short,step,-2,no,11,middle,no,no,no,
Sunless 01,0,13,3,E3,52,ɑ,Mitton measured,0.732,open,D#4,-10.85,below primo,-4,-9,none,6,short,step,2,no,11,middle,no,no,no,fR2 rung
Sunless 01,0,13,4,Bb3,58,o,Mitton measured,1.098,open,B3,-0.83,inside,2,-3,none,none,short,leap-up,6,no,11,middle,yes,no,no,highest of phrase
Sunless 01,0,13,5.5,G3,55,ʌ,Mitton measured,0.366,open,D#4,-7.83,below primo,-1,-6,none,6,short,leap-down,-3,no,11,middle,no,no,no,fR2 rung
Sunless 01,0,13,6,G3,55,ɪ,Mitton measured,0.366,open,G3,-0.04,below primo,-1,-6,none,8,short,repeated,0,no,11,last,no,no,no,fR2 rung
Sunless 01,0,14,1,Bb3,58,o,Mitton measured,0.732,open,B3,-0.83,inside,2,-3,none,none,short,leap-up,3,yes,12,first,no,no,no,
Sunless 01,0,14,2,A3,57,ʌ,Mitton measured,0.732,open,D#4,-5.83,inside,1,-4,none,none,short,step,-1,no,12,middle,no,no,no,
Sunless 01,0,14,3,G3,55,ɑ,Mitton measured,0.732,open,D#4,-7.85,below primo,-1,-6,none,none,short,step,-2,no,12,middle,no,no,no,
Sunless 01,0,14,4,Bb3,58,e,Mitton measured,1.098,close,G3,3.49,inside,2,-3,none,none,short,leap-up,3,no,12,middle,no,no,no,
Sunless 01,0,14,5.5,A3,57,i,Mitton measured,0.366,close,D3,6.86,inside,1,-4,none,none,short,step,-1,no,12,middle,no,no,no,
Sunless 01,0,14,6,A3,57,ɪ,Mitton measured,0.732,close,G3,1.96,inside,1,-4,none,none,short,repeated,0,no,12,middle,no,no,no,turning pitch 0 to 2 st below
Sunless 01,0,15,1,Bb3,58,o,Mitton measured,0.732,open,B3,-0.83,inside,2,-3,none,none,short,step,1,no,12,middle,no,no,no,
Sunless 01,0,15,2,A3,57,ʌ,Mitton measured,0.732,open,D#4,-5.83,inside,1,-4,none,none,short,step,-1,no,12,middle,no,no,no,
Sunless 01,0,15,3,G3,55,ɪ,Mitton measured,0.732,open,G3,-0.04,below primo,-1,-6,none,8,short,step,-2,no,12,middle,no,no,no,fR2 rung
Sunless 01,0,15,4,C#4,61,e,Mitton measured,1.098,close,G3,6.49,inside,5,0,none,none,short,leap-up,6,no,12,middle,yes,yes,yes,highest of phrase
Sunless 01,0,15,5.5,A3,57,i,Mitton measured,0.366,close,D3,6.86,inside,1,-4,none,none,short,leap-down,-4,no,12,middle,no,no,no,
Sunless 01,0,15,6,A3,57,ɪ,Mitton measured,0.366,close,G3,1.96,inside,1,-4,none,none,short,repeated,0,no,12,last,no,no,no,turning pitch 0 to 2 st below
Sunless 01,0,16,1,A3,57,o,Mitton measured,1.098,open,B3,-1.83,inside,1,-4,none,none,short,repeated,0,yes,13,first,yes,no,no,highest of phrase
Sunless 01,0,16,2.5,F3,53,ɑ,Mitton measured,0.366,open,D#4,-9.85,below primo,-3,-8,none,none,short,leap-down,-4,no,13,middle,no,no,no,
Sunless 01,0,16,3,F3,53,ɑ,Mitton measured,0.366,open,D#4,-9.85,below primo,-3,-8,none,none,short,repeated,0,no,13,last,no,no,no,
Sunless 01,0,16,4,G3,55,o,Mitton measured,0.732,open,B3,-3.83,below primo,-1,-6,none,none,short,step,2,yes,14,first,yes,no,no,highest of phrase
Sunless 01,0,16,5,D3,50,ɑ,Mitton measured,0.732,open,D#4,-12.85,below primo,-6,-11,none,7,short,leap-down,-5,no,14,middle,no,no,no,fR2 rung
Sunless 01,0,16,6,D3,50,ɑ,Mitton measured,0.366,open,D#4,-12.85,below primo,-6,-11,none,7,short,repeated,0,no,14,last,no,no,no,fR2 rung
Sunless 01,0,17,1,E3,52,o,Mitton measured,1.463,open,B3,-6.83,below primo,-4,-9,3,5,short,step,2,yes,15,only,yes,no,no,highest of phrase; fR2 rung
Sunless 01,0,17,4,E3,52,ʌ,Mitton measured,1.098,open,D#4,-10.83,below primo,-4,-9,none,7,short,repeated,0,yes,16,first,no,no,no,fR2 rung
Sunless 01,0,17,5.5,E3,52,i,Mitton measured,1.098,close,D3,1.86,below primo,-4,-9,none,none,short,repeated,0,no,16,middle,no,no,no,turning pitch 0 to 2 st below
Sunless 01,0,18,1,F#3,54,o,Mitton measured,1.098,open,B3,-4.83,below primo,-2,-7,none,none,short,step,2,no,16,middle,yes,no,no,highest of phrase
Sunless 01,0,18,2.5,D3,50,ɑ,Mitton measured,0.366,open,D#4,-12.85,below primo,-6,-11,none,7,short,leap-down,-4,no,16,middle,no,no,no,fR2 rung
Sunless 01,0,18,3,D3,50,ɑ,Mitton measured,0.732,open,D#4,-12.85,below primo,-6,-11,none,7,short,repeated,0,no,16,last,no,no,no,fR2 rung
Sunless 02,0,1,2.5,Bb3,58,i,Mitton measured,0.25,close,D3,7.86,inside,2,-3,none,none,short,first note,,,0,first,yes,no,no,highest of phrase
Sunless 02,0,2,1,A3,57,ɑ,Mitton measured,0.25,open,D#4,-5.85,inside,1,-4,none,none,short,step,-1,no,0,last,no,no,no,
Sunless 02,0,2,2,F#3,54,ɨ,Mitton measured,0.375,open,G#3,-1.52,below primo,-2,-7,none,6,short,leap-down,-3,yes,1,first,yes,no,no,highest of phrase; fR2 rung
Sunless 02,0,2,2.75,D3,50,ɑ,Mitton measured,0.125,open,D#4,-12.85,below primo,-6,-11,none,7,short,leap-down,-4,no,1,middle,no,no,no,fR2 rung
Sunless 02,0,2,3,C#3,49,ɛ,Mitton measured,0.5,open,D4,-12.69,below primo,-7,-12,none,none,short,step,-1,no,1,middle,no,no,no,
Sunless 02,0,2,4,D3,50,ɪ,Mitton measured,0.25,open,G3,-5.04,below primo,-6,-11,none,none,short,step,1,no,1,middle,no,no,no,
Sunless 02,0,2,4.5,D3,50,u,Mitton measured,0.25,open,F3,-2.84,below primo,-6,-11,none,none,short,repeated,0,no,1,middle,no,no,no,
Sunless 02,0,3,1,F#3,54,ɑ,Mitton measured,0.5,open,D#4,-8.85,below primo,-2,-7,none,none,short,leap-up,4,no,1,middle,yes,no,no,highest of phrase
Sunless 02,0,3,2,D3,50,ɑ,Mitton measured,0.25,open,D#4,-12.85,below primo,-6,-11,none,7,short,leap-down,-4,no,1,last,no,no,no,fR2 rung
Sunless 02,0,3,2.75,D3,50,o,Mitton measured,0.125,open,B3,-8.83,below primo,-6,-11,none,none,short,repeated,0,yes,2,first,no,no,no,
Sunless 02,0,3,3,F3,53,ɑ,Mitton measured,0.167,open,D#4,-9.85,below primo,-3,-8,none,none,short,leap-up,3,no,2,middle,yes,no,no,highest of phrase
Sunless 02,0,3,3.333,D3,50,ɪ,Mitton measured,0.167,open,G3,-5.04,below primo,-6,-11,none,none,short,leap-down,-3,no,2,middle,no,no,no,
Sunless 02,0,3,3.667,F3,53,ɑ,Mitton measured,0.167,open,D#4,-9.85,below primo,-3,-8,none,none,short,leap-up,3,no,2,middle,yes,no,no,highest of phrase
Sunless 02,0,3,4,E3,52,ɑ,Mitton measured,0.167,open,D#4,-10.85,below primo,-4,-9,none,6,short,step,-1,no,2,middle,no,no,no,fR2 rung
Sunless 02,0,3,4.333,E3,52,i,Mitton measured,0.167,close,D3,1.86,below primo,-4,-9,none,none,short,repeated,0,no,2,middle,no,no,no,turning pitch 0 to 2 st below
Sunless 02,0,3,4.667,F3,53,ɪ,Mitton measured,0.167,open,G3,-2.04,below primo,-3,-8,none,none,short,step,1,no,2,middle,yes,no,no,highest of phrase
Sunless 02,0,4,1,D3,50,o,Mitton measured,0.25,open,B3,-8.83,below primo,-6,-11,none,none,short,leap-down,-3,no,2,last,no,no,no,
Sunless 02,0,4,2,D3,50,o,Mitton measured,0.5,open,B3,-8.83,below primo,-6,-11,none,none,short,repeated,0,yes,3,first,no,no,no,
Sunless 02,0,4,3,C#3,49,u,Mitton measured,0.5,open,F3,-3.84,below primo,-7,-12,none,none,short,step,-1,no,3,middle,no,no,no,
Sunless 02,0,4,4,C#3,49,ʌ,Mitton measured,0.375,open,D#4,-13.83,below primo,-7,-12,none,none,short,repeated,0,no,3,middle,no,no,no,
Sunless 02,0,4,4.75,C#3,49,i,Mitton measured,0.125,open,D3,-1.14,below primo,-7,-12,none,none,short,repeated,0,no,3,middle,no,no,no,
Sunless 02,0,5,1,G3,55,ɑ,Mitton measured,0.5,open,D#4,-7.85,below primo,-1,-6,none,none,short,leap-up,6,no,3,middle,yes,no,no,highest of phrase
Sunless 02,0,5,2,C3,48,ʌ,Mitton measured,0.375,open,D#4,-14.83,below primo,-8,-13,none,none,short,leap-down,-7,no,3,middle,no,no,no,
Sunless 02,0,5,2.75,C3,48,ɛ,Mitton measured,0.125,open,D4,-13.69,below primo,-8,-13,none,none,short,repeated,0,no,3,middle,no,no,no,
Sunless 02,0,5,3,B2,47,ɑ,Mitton measured,0.5,open,D#4,-15.85,below primo,-9,-14,5,8,short,step,-1,no,3,middle,no,no,no,fR2 rung
Sunless 02,0,5,4,A2,45,ʌ,Mitton measured,0.25,open,D#4,-17.83,below primo,-11,-16,none,none,short,step,-2,no,3,last,no,no,no,
Sunless 02,0,5,4.75,A2,45,ɑ,Mitton measured,0.125,open,D#4,-17.85,below primo,-11,-16,none,none,short,repeated,0,yes,4,first,no,no,no,
Sunless 02,0,6,1,D3,50,ɑ,Mitton measured,0.167,open,D#4,-12.85,below primo,-6,-11,none,7,short,leap-up,5,no,4,middle,no,no,no,fR2 rung
Sunless 02,0,6,1.333,E3,52,u,Mitton measured,0.167,open,F3,-0.84,below primo,-4,-9,none,5,short,step,2,no,4,middle,no,no,no,fR2 rung
Sunless 02,0,6,1.667,D3,50,ɑ,Mitton measured,0.167,open,D#4,-12.85,below primo,-6,-11,none,7,short,step,-2,no,4,middle,no,no,no,fR2 rung
Sunless 02,0,6,2,Bb3,58,i,Mitton measured,0.167,close,D3,7.86,inside,2,-3,none,none,short,leap-up,8,no,4,middle,yes,no,no,highest of phrase
Sunless 02,0,6,2.333,D3,50,ɑ,Mitton measured,0.167,open,D#4,-12.85,below primo,-6,-11,none,7,short,leap-down,-8,no,4,middle,no,no,no,fR2 rung
Sunless 02,0,6,2.667,E3,52,ɪ,Mitton measured,0.167,open,G3,-3.04,below primo,-4,-9,none,none,short,step,2,no,4,middle,no,no,no,
Sunless 02,0,6,3,F3,53,o,Mitton measured,0.5,open,B3,-5.83,below primo,-3,-8,none,none,short,step,1,no,4,last,no,no,no,
Sunless 02,0,6,4.5,F3,53,o,Mitton measured,0.25,open,B3,-5.83,below primo,-3,-8,none,none,short,repeated,0,yes,5,first,no,no,no,
Sunless 02,0,7,1,G3,55,ɨ,Mitton measured,0.167,open,G#3,-0.52,below primo,-1,-6,none,none,short,step,2,no,5,middle,no,no,no,
Sunless 02,0,7,1.333,D3,50,ʌ,Mitton measured,0.167,open,D#4,-12.83,below primo,-6,-11,none,8,short,leap-down,-5,no,5,middle,no,no,no,fR2 rung
Sunless 02,0,7,1.667,E3,52,ɑ,Mitton measured,0.167,open,D#4,-10.85,below primo,-4,-9,none,6,short,step,2,no,5,middle,no,no,no,fR2 rung
Sunless 02,0,7,2,G3,55,o,Mitton measured,0.167,open,B3,-3.83,below primo,-1,-6,none,none,short,leap-up,3,no,5,middle,no,no,no,
Sunless 02,0,7,2.333,E3,52,i,Mitton measured,0.167,close,D3,1.86,below primo,-4,-9,none,none,short,leap-down,-3,no,5,middle,no,no,no,turning pitch 0 to 2 st below
Sunless 02,0,7,2.667,G3,55,ɑ,Mitton measured,0.167,open,D#4,-7.85,below primo,-1,-6,none,none,short,leap-up,3,no,5,middle,no,no,no,
Sunless 02,0,7,3,A3,57,e,Mitton measured,0.25,close,G3,2.49,inside,1,-4,none,7,short,step,2,no,5,middle,yes,no,no,highest of phrase; fR2 rung
Sunless 02,0,7,3.5,E3,52,ɪ,Mitton measured,0.25,open,G3,-3.04,below primo,-4,-9,none,none,short,leap-down,-5,no,5,last,no,no,no,
Sunless 02,0,7,4.75,A3,57,o,Mitton measured,0.125,open,B3,-1.83,inside,1,-4,none,none,short,leap-up,5,yes,6,first,no,no,no,
Sunless 02,0,8,1,Bb3,58,e,Mitton measured,0.5,close,G3,3.49,inside,2,-3,none,none,short,step,1,no,6,middle,yes,no,no,highest of phrase
Sunless 02,0,8,2,F3,53,ɛ,Mitton measured,0.25,open,D4,-8.69,below primo,-3,-8,none,none,short,leap-down,-5,no,6,last,no,no,no,
Sunless 02,0,8,2.75,F3,53,ɑ,Mitton measured,0.125,open,D#4,-9.85,below primo,-3,-8,none,none,short,repeated,0,yes,7,first,no,no,no,
Sunless 02,0,8,3,G3,55,o,Mitton measured,0.167,open,B3,-3.83,below primo,-1,-6,none,none,short,step,2,no,7,middle,no,no,no,
Sunless 02,0,8,3.333,D3,50,i,Mitton measured,0.167,open,D3,-0.14,below primo,-6,-11,none,none,short,leap-down,-5,no,7,middle,no,no,no,
Sunless 02,0,8,3.667,E3,52,i,Mitton measured,0.167,close,D3,1.86,below primo,-4,-9,none,none,short,step,2,no,7,middle,no,no,no,turning pitch 0 to 2 st below
Sunless 02,0,8,4,Bb3,58,o,Mitton measured,0.5,open,B3,-0.83,inside,2,-3,none,none,short,leap-up,6,no,7,middle,no,no,no,
Sunless 02,0,9,1,Eb4,63,e,Mitton measured,0.5,close,G3,8.49,above secondo,7,2,none,5,short,leap-up,5,no,7,middle,yes,no,no,highest of phrase; fR2 rung
Sunless 02,0,9,2,D4,62,o,Mitton measured,0.167,close,B3,3.17,above secondo,6,1,none,none,short,step,-1,no,7,middle,no,yes,no,
Sunless 02,0,9,2.333,C#4,61,ʌ,Mitton measured,0.167,open,D#4,-1.83,inside,5,0,none,none,short,step,-1,no,7,middle,no,yes,no,
Sunless 02,0,9,2.667,D4,62,u,Mitton measured,0.167,close,F3,9.16,above secondo,6,1,none,none,short,step,1,no,7,middle,no,yes,no,
Sunless 02,0,9,3,C4,60,i,Mitton measured,0.333,close,D3,9.86,inside,4,-1,none,none,short,step,-2,no,7,middle,no,yes,no,
Sunless 02,0,9,3.667,B3,59,ʌ,Mitton measured,0.333,open,D#4,-3.83,inside,3,-2,none,none,short,step,-1,no,7,middle,no,no,no,
Sunless 02,0,9,4.333,G3,55,ɑ,Mitton measured,0.333,open,D#4,-7.85,below primo,-1,-6,none,none,short,leap-down,-4,no,7,middle,no,no,no,
Sunless 02,0,10,1,Bb3,58,e,Mitton measured,0.5,close,G3,3.49,inside,2,-3,none,none,short,leap-up,3,no,7,middle,no,no,no,
Sunless 02,0,10,2,Ab3,56,ɪ,Mitton measured,0.25,close,G3,0.96,inside,0,-5,none,none,short,step,-2,no,7,last,no,no,no,turning pitch 0 to 2 st below
Sunless 02,0,10,3,Bb3,58,u,Mitton measured,1,close,F3,5.16,inside,2,-3,none,none,short,step,2,yes,8,first,yes,no,no,highest of phrase
Sunless 02,0,11,1,A3,57,o,Mitton measured,0.5,open,B3,-1.83,inside,1,-4,none,none,short,step,-1,no,8,middle,no,no,no,
Sunless 02,0,11,2,F3,53,i,Mitton measured,0.25,close,D3,2.86,below primo,-3,-8,none,none,short,leap-down,-4,no,8,last,no,no,no,
Sunless 02,0,11,2.75,D3,50,ɑ,Mitton measured,0.125,open,D#4,-12.85,below primo,-6,-11,none,7,short,leap-down,-3,yes,9,first,no,no,no,fR2 rung
Sunless 02,0,11,3,C#3,49,e,Mitton measured,0.5,open,G3,-5.51,below primo,-7,-12,none,none,short,step,-1,no,9,middle,no,no,no,
Sunless 02,0,11,4,D3,50,ɑ,Mitton measured,0.25,open,D#4,-12.85,below primo,-6,-11,none,7,short,step,1,no,9,middle,no,no,no,fR2 rung
Sunless 02,0,11,4.5,D3,50,i,Mitton measured,0.25,open,D3,-0.14,below primo,-6,-11,none,none,short,repeated,0,no,9,middle,no,no,no,
Sunless 02,0,12,1,Bb3,58,o,Mitton measured,0.5,open,B3,-0.83,inside,2,-3,none,none,short,leap-up,8,no,9,last,yes,no,no,highest of phrase
Sunless 03,0,1,2,C4,60,ɑ,Mitton measured,0.612,open,D#4,-2.85,inside,4,-1,none,none,short,first note,,,0,first,yes,yes,yes,highest of phrase
Sunless 03,0,2,1,C4,60,o,Mitton measured,0.918,close,B3,1.17,inside,4,-1,none,none,short,repeated,0,no,0,middle,yes,yes,yes,highest of phrase; turning pitch 0 to 2 st below
Sunless 03,0,2,2.5,D3,50,ɪ,Mitton measured,0.306,open,G3,-5.04,below primo,-6,-11,none,none,short,leap-down,-10,no,0,middle,no,no,no,
Sunless 03,0,2,3,E3,52,ɑ,Mitton measured,0.612,open,D#4,-10.85,below primo,-4,-9,none,6,short,step,2,no,0,middle,no,no,no,fR2 rung
Sunless 03,0,2,4,C3,48,ɨ,Mitton measured,0.306,open,G#3,-7.52,below primo,-8,-13,none,none,short,leap-down,-4,no,0,last,no,no,no,
Sunless 03,0,3,1,Ab3,56,u,Mitton measured,0.918,close,F3,3.16,inside,0,-5,none,none,short,leap-up,8,yes,1,first,yes,no,no,highest of phrase
Sunless 03,0,3,2.5,Ab3,56,ɨ,Mitton measured,0.306,close,G#3,0.48,inside,0,-5,none,none,short,repeated,0,no,1,middle,yes,no,no,highest of phrase; turning pitch 0 to 2 st below
Sunless 03,0,3,3,G3,55,e,Mitton measured,0.612,close,G3,0.49,below primo,-1,-6,none,8,short,step,-1,no,1,last,no,no,no,turning pitch 0 to 2 st below; fR2 rung
Sunless 03,0,4,1.5,G3,55,u,Mitton measured,0.306,close,F3,2.16,below primo,-1,-6,none,4,short,repeated,0,yes,2,first,yes,no,no,highest of phrase; fR2 rung
Sunless 03,0,4,2,G3,55,ɑ,Mitton measured,0.306,open,D#4,-7.85,below primo,-1,-6,none,none,short,repeated,0,no,2,middle,yes,no,no,highest of phrase
Sunless 03,0,4,2.5,G3,55,ɑ,Mitton measured,0.306,open,D#4,-7.85,below primo,-1,-6,none,none,short,repeated,0,no,2,middle,yes,no,no,highest of phrase
Sunless 03,0,4,3,C3,48,ɨ,Mitton measured,0.918,open,G#3,-7.52,below primo,-8,-13,none,none,short,leap-down,-7,no,2,middle,no,no,no,
Sunless 03,0,4,4.5,C3,48,u,Mitton measured,0.306,open,F3,-4.84,below primo,-8,-13,none,6,short,repeated,0,no,2,middle,no,no,no,fR2 rung
Sunless 03,0,5,1,D3,50,o,Mitton measured,0.612,open,B3,-8.83,below primo,-6,-11,none,none,short,step,2,no,2,middle,no,no,no,
Sunless 03,0,5,2,D3,50,u,Mitton measured,0.306,open,F3,-2.84,below primo,-6,-11,none,none,short,repeated,0,no,2,last,no,no,no,
Sunless 03,0,5,3,E3,52,ɛ,Mitton measured,0.612,open,D4,-9.69,below primo,-4,-9,none,8,short,step,2,yes,3,first,yes,no,no,highest of phrase; fR2 rung
Sunless 03,0,5,4,C3,48,ɪ,Mitton measured,0.306,open,G3,-7.04,below primo,-8,-13,3,none,short,leap-down,-4,no,3,last,no,no,no,
Sunless 03,0,6,1,A3,57,o,Mitton measured,1.224,open,B3,-1.83,inside,1,-4,none,none,short,leap-up,9,yes,4,first,yes,no,no,highest of phrase
Sunless 03,0,6,3,F3,53,i,Mitton measured,0.612,close,D3,2.86,below primo,-3,-8,none,none,short,leap-down,-4,no,4,middle,no,no,no,
Sunless 03,0,6,4,F3,53,ʌ,Mitton measured,0.306,open,D#4,-9.83,below primo,-3,-8,none,none,short,repeated,0,no,4,last,no,no,no,
Sunless 03,0,7,1,F3,53,ɑ,Mitton measured,0.459,open,D#4,-9.85,below primo,-3,-8,none,none,short,repeated,0,yes,5,first,no,no,no,
Sunless 03,0,7,1.75,Gb3,54,ʌ,Mitton measured,0.153,open,D#4,-8.83,below primo,-2,-7,none,none,short,step,1,no,5,middle,no,no,no,
Sunless 03,0,7,2,Ab3,56,o,Mitton measured,0.306,open,B3,-2.83,inside,0,-5,none,4,short,step,2,no,5,middle,no,no,no,fR2 rung
Sunless 03,0,7,2.5,Db4,61,i,Mitton measured,0.306,close,D3,10.86,inside,5,0,none,6,short,leap-up,5,no,5,middle,yes,yes,yes,highest of phrase; fR2 rung
Sunless 03,0,7,3,Bb3,58,e,Mitton measured,0.459,close,G3,3.49,inside,2,-3,none,none,short,leap-down,-3,no,5,middle,no,no,no,
Sunless 03,0,7,3.75,Bb3,58,ɑ,Mitton measured,0.153,open,D#4,-4.85,inside,2,-3,none,none,short,repeated,0,no,5,middle,no,no,no,
Sunless 03,0,7,4,Bb3,58,i,Mitton measured,0.306,close,D3,7.86,inside,2,-3,none,none,short,repeated,0,no,5,middle,no,no,no,
Sunless 03,0,7,4.5,Bb3,58,u,Mitton measured,0.306,close,F3,5.16,inside,2,-3,none,none,short,repeated,0,no,5,middle,no,no,no,
Sunless 03,0,8,1,B3,59,a,Mitton measured,0.918,open,F4,-6.31,inside,3,-2,none,none,short,step,1,no,5,middle,no,no,no,
Sunless 03,0,8,2.5,G3,55,u,Mitton measured,0.306,close,F3,2.16,below primo,-1,-6,none,4,short,leap-down,-4,no,5,middle,no,no,no,fR2 rung
Sunless 03,0,8,3,G3,55,u,Mitton measured,0.612,close,F3,2.16,below primo,-1,-6,none,4,short,repeated,0,no,5,middle,no,no,no,fR2 rung
Sunless 03,0,8,4,G3,55,ɑ,Mitton measured,0.612,open,D#4,-7.85,below primo,-1,-6,none,none,short,repeated,0,no,5,middle,no,no,no,
Sunless 03,0,9,1,G3,55,ɛ,Mitton measured,0.612,open,D4,-6.69,below primo,-1,-6,3,none,short,repeated,0,no,5,middle,no,no,no,
Sunless 03,0,9,2,C3,48,ɪ,Mitton measured,0.612,open,G3,-7.04,below primo,-8,-13,3,none,short,leap-down,-7,no,5,last,no,no,no,
Sunless 03,0,9,4.5,C4,60,o,Mitton measured,0.306,close,B3,1.17,inside,4,-1,none,none,short,leap-up,12,yes,6,first,yes,yes,yes,highest of phrase; turning pitch 0 to 2 st below
Sunless 03,0,10,1,Ab3,56,o,Mitton measured,0.918,open,B3,-2.83,inside,0,-5,none,4,short,leap-down,-4,no,6,middle,no,no,no,fR2 rung
Sunless 03,0,10,2.5,B2,47,ɑ,Mitton measured,0.306,open,D#4,-15.85,below primo,-9,-14,5,8,short,leap-down,-9,no,6,middle,no,no,no,fR2 rung
Sunless 03,0,10,3,D3,50,ɑ,Mitton measured,0.306,open,D#4,-12.85,below primo,-6,-11,none,7,short,leap-up,3,no,6,middle,no,no,no,fR2 rung
Sunless 03,0,10,3.5,Ab3,56,ɑ,Mitton measured,0.306,open,D#4,-6.85,inside,0,-5,3,5,short,leap-up,6,no,6,middle,no,no,no,fR2 rung
Sunless 03,0,10,4,G3,55,i,Mitton measured,0.306,close,D3,4.86,below primo,-1,-6,none,none,short,step,-1,no,6,middle,no,no,no,
Sunless 03,0,10,4.5,F3,53,ɪ,Mitton measured,0.306,open,G3,-2.04,below primo,-3,-8,none,none,short,step,-2,no,6,middle,no,no,no,
Sunless 03,0,11,1,E3,52,ɨ,Mitton measured,0.306,open,G#3,-3.52,below primo,-4,-9,none,none,short,step,-1,no,6,last,no,no,no,
Sunless 03,0,11,3.5,E3,52,i,Mitton measured,0.306,close,D3,1.86,below primo,-4,-9,none,none,short,repeated,0,yes,7,first,no,no,no,turning pitch 0 to 2 st below
Sunless 03,0,11,4,E3,52,i,Mitton measured,0.306,close,D3,1.86,below primo,-4,-9,none,none,short,repeated,0,no,7,middle,no,no,no,turning pitch 0 to 2 st below
Sunless 03,0,11,4.5,G3,55,u,Mitton measured,0.306,close,F3,2.16,below primo,-1,-6,none,4,short,leap-up,3,no,7,middle,no,no,no,fR2 rung
Sunless 03,0,12,1,F#3,54,ɑ,Mitton measured,0.918,open,D#4,-8.85,below primo,-2,-7,none,none,short,step,-1,no,7,middle,no,no,no,
Sunless 03,0,12,2.5,F#3,54,i,Mitton measured,0.306,close,D3,3.86,below primo,-2,-7,none,none,short,repeated,0,no,7,middle,no,no,no,
Sunless 03,0,12,3,B3,59,o,Mitton measured,0.918,close,B3,0.17,inside,3,-2,none,none,short,leap-up,5,no,7,middle,yes,no,no,highest of phrase; turning pitch 0 to 2 st below
Sunless 03,0,12,4.5,A3,57,i,Mitton measured,0.306,close,D3,6.86,inside,1,-4,none,none,short,step,-2,no,7,middle,no,no,no,
Sunless 03,0,13,1,G3,55,i,Mitton measured,0.612,close,D3,4.86,below primo,-1,-6,none,none,short,step,-2,no,7,middle,no,no,no,
Sunless 03,0,13,2,F#3,54,ɨ,Mitton measured,0.306,open,G#3,-1.52,below primo,-2,-7,none,6,short,step,-1,no,7,last,no,no,no,fR2 rung
Sunless 03,0,13,3.5,F3,53,ʌ,Mitton measured,0.306,open,D#4,-9.83,below primo,-3,-8,none,none,short,step,-1,yes,8,first,no,no,no,
Sunless 03,0,13,4,Fb3,52,ʌ,Mitton measured,0.306,open,D#4,-10.83,below primo,-4,-9,none,7,short,step,-1,no,8,middle,no,no,no,fR2 rung
Sunless 03,0,13,4.5,Fb3,52,ɑ,Mitton measured,0.306,open,D#4,-10.85,below primo,-4,-9,none,6,short,repeated,0,no,8,middle,no,no,no,fR2 rung
Sunless 03,0,14,1,Eb3,51,e,Mitton measured,0.306,open,G3,-3.51,below primo,-5,-10,none,none,short,step,-1,no,8,middle,no,no,no,
Sunless 03,0,14,1.5,Eb3,51,i,Mitton measured,0.306,close,D3,0.86,below primo,-5,-10,none,none,short,repeated,0,no,8,middle,no,no,no,turning pitch 0 to 2 st below
Sunless 03,0,14,2,Gb3,54,ɪ,Mitton measured,0.306,open,G3,-1.04,below primo,-2,-7,none,none,short,leap-up,3,no,8,middle,no,no,no,
Sunless 03,0,14,2.5,Gb3,54,e,Mitton measured,0.306,open,G3,-0.51,below primo,-2,-7,none,none,short,repeated,0,no,8,middle,no,no,no,
Sunless 03,0,14,3,Ab3,56,i,Mitton measured,0.306,close,D3,5.86,inside,0,-5,none,8,short,step,2,no,8,last,yes,no,no,highest of phrase; fR2 rung
Sunless 03,0,14,4,Ab3,56,ɑ,Mitton measured,0.612,open,D#4,-6.85,inside,0,-5,3,5,short,repeated,0,yes,9,first,no,no,no,fR2 rung
Sunless 03,0,15,1,Bb3,58,o,Mitton measured,0.918,open,B3,-0.83,inside,2,-3,none,none,short,step,2,no,9,middle,no,no,no,
Sunless 03,0,15,2.5,Bb3,58,u,Mitton measured,0.306,close,F3,5.16,inside,2,-3,none,none,short,repeated,0,no,9,middle,no,no,no,
Sunless 03,0,15,3,B3,59,ɑ,Mitton measured,0.459,open,D#4,-3.85,inside,3,-2,none,4,short,step,1,no,9,middle,yes,no,no,highest of phrase; fR2 rung
Sunless 03,0,15,3.75,G3,55,ɪ,Mitton measured,0.153,open,G3,-0.04,below primo,-1,-6,none,8,short,leap-down,-4,no,9,middle,no,no,no,fR2 rung
Sunless 03,0,15,4,D3,50,ɨ,Mitton measured,0.306,open,G#3,-5.52,below primo,-6,-11,none,none,short,leap-down,-5,no,9,middle,no,no,no,
Sunless 03,0,15,4.5,D3,50,ɑ,Mitton measured,0.306,open,D#4,-12.85,below primo,-6,-11,none,7,short,repeated,0,no,9,middle,no,no,no,fR2 rung
Sunless 03,0,16,1,E3,52,i,Mitton measured,0.612,close,D3,1.86,below primo,-4,-9,none,none,short,step,2,no,9,middle,no,no,no,turning pitch 0 to 2 st below
Sunless 03,0,16,2,C3,48,ɨ,Mitton measured,0.306,open,G#3,-7.52,below primo,-8,-13,none,none,short,leap-down,-4,no,9,last,no,no,no,
Sunless 03,0,16,3.5,G3,55,ɑ,Mitton measured,0.306,open,D#4,-7.85,below primo,-1,-6,none,none,short,leap-up,7,yes,10,first,no,no,no,
Sunless 03,0,16,4,C4,60,u,Mitton measured,0.306,close,F3,7.16,inside,4,-1,none,3,short,leap-up,5,no,10,middle,yes,yes,yes,highest of phrase; fR2 rung
Sunless 03,0,16,4.5,G3,55,ʌ,Mitton measured,0.306,open,D#4,-7.83,below primo,-1,-6,none,6,short,leap-down,-5,no,10,middle,no,no,no,fR2 rung
Sunless 03,0,17,1,Bb3,58,o,Mitton measured,0.816,open,B3,-0.83,inside,2,-3,none,none,short,leap-up,3,no,10,middle,no,no,no,
Sunless 03,0,17,2.333,Bb3,58,ɨ,Mitton measured,0.408,close,G#3,2.48,inside,2,-3,none,none,short,repeated,0,no,10,middle,no,no,no,
Sunless 03,0,17,3,Ab3,56,ɑ,Mitton measured,0.816,open,D#4,-6.85,inside,0,-5,3,5,short,step,-2,no,10,middle,no,no,no,fR2 rung
Sunless 03,0,17,4.333,B3,59,ɑ,Mitton measured,0.408,open,D#4,-3.85,inside,3,-2,none,4,short,leap-up,3,no,10,middle,no,no,no,fR2 rung
Sunless 03,0,18,1,Ab3,56,ɑ,Mitton measured,0.816,open,D#4,-6.85,inside,0,-5,3,5,short,leap-down,-3,no,10,middle,no,no,no,fR2 rung
Sunless 03,0,18,2.333,Ab3,56,ɑ,Mitton measured,0.408,open,D#4,-6.85,inside,0,-5,3,5,short,tie,0,no,10,last,no,no,no,fR2 rung
Sunless 03,0,18,4.333,G3,55,i,Mitton measured,0.408,close,D3,4.86,below primo,-1,-6,none,none,short,step,-1,yes,11,first,no,no,no,
Sunless 03,0,19,1,Bb3,58,e,Mitton measured,0.816,close,G3,3.49,inside,2,-3,none,none,short,leap-up,3,no,11,middle,no,no,no,
Sunless 03,0,19,2.333,Bb3,58,i,Mitton measured,0.408,close,D3,7.86,inside,2,-3,none,none,short,repeated,0,no,11,middle,no,no,no,
Sunless 03,0,19,3,Ab3,56,ɑ,Mitton measured,0.816,open,D#4,-6.85,inside,0,-5,3,5,short,step,-2,no,11,middle,no,no,no,fR2 rung
Sunless 03,0,19,4.333,B3,59,ɨ,Mitton measured,0.408,close,G#3,3.48,inside,3,-2,none,none,short,leap-up,3,no,11,middle,yes,no,no,highest of phrase
Sunless 03,0,20,1,Ab3,56,o,Mitton measured,0.816,open,B3,-2.83,inside,0,-5,none,4,short,leap-down,-3,no,11,middle,no,no,no,fR2 rung
Sunless 03,0,20,2.333,Ab3,56,i,Mitton measured,0.408,close,D3,5.86,inside,0,-5,none,8,short,repeated,0,no,11,middle,no,no,no,fR2 rung
Sunless 03,0,20,3,F3,53,e,Mitton measured,0.408,open,G3,-1.51,below primo,-3,-8,none,none,short,leap-down,-3,no,11,middle,no,no,no,
Sunless 03,0,20,3.667,G3,55,i,Mitton measured,0.204,close,D3,4.86,below primo,-1,-6,none,none,short,step,2,no,11,last,no,no,no,
Sunless 03,0,20,4.333,G3,55,u,Mitton measured,0.408,close,F3,2.16,below primo,-1,-6,none,4,short,repeated,0,yes,12,first,no,no,no,fR2 rung
Sunless 03,0,21,1,Ab3,56,ɨ,Mitton measured,0.816,close,G#3,0.48,inside,0,-5,none,none,short,step,1,no,12,middle,no,no,no,turning pitch 0 to 2 st below
Sunless 03,0,21,2.333,Ab3,56,ɑ,Mitton measured,0.408,open,D#4,-6.85,inside,0,-5,3,5,short,repeated,0,no,12,middle,no,no,no,fR2 rung
Sunless 03,0,21,3,F3,53,ʌ,Mitton measured,0.816,open,D#4,-9.83,below primo,-3,-8,none,none,short,leap-down,-3,no,12,middle,no,no,no,
Sunless 03,0,21,4.333,G3,55,ɪ,Mitton measured,0.408,open,G3,-0.04,below primo,-1,-6,none,8,short,step,2,no,12,middle,no,no,no,fR2 rung
Sunless 03,0,22,1,Ab3,56,ɑ,Mitton measured,0.816,open,D#4,-6.85,inside,0,-5,3,5,short,step,1,no,12,middle,no,no,no,fR2 rung
Sunless 03,0,22,2.333,Ab3,56,u,Mitton measured,0.408,close,F3,3.16,inside,0,-5,none,none,short,repeated,0,no,12,middle,no,no,no,
Sunless 03,0,22,3,F3,53,ɑ,Mitton measured,0.816,open,D#4,-9.85,below primo,-3,-8,none,none,short,leap-down,-3,no,12,middle,no,no,no,
Sunless 03,0,22,4.333,G3,55,ɑ,Mitton measured,0.408,open,D#4,-7.85,below primo,-1,-6,none,none,short,step,2,no,12,middle,no,no,no,
Sunless 03,0,23,1,C4,60,ɛ,Mitton measured,0.408,open,D4,-1.69,inside,4,-1,none,5,short,leap-up,5,no,12,middle,yes,yes,yes,highest of phrase; fR2 rung
Sunless 03,0,23,1.667,C4,60,ɛ,Mitton measured,0.204,open,D4,-1.69,inside,4,-1,none,5,short,tie,0,no,12,last,yes,yes,yes,highest of phrase; fR2 rung
Sunless 03,0,23,2.333,Ab3,56,ɑ,Mitton measured,0.408,open,D#4,-6.85,inside,0,-5,3,5,short,leap-down,-4,yes,13,first,no,no,no,fR2 rung
Sunless 03,0,23,3,B3,59,ɨ,Mitton measured,0.408,close,G#3,3.48,inside,3,-2,none,none,short,leap-up,3,no,13,middle,yes,no,no,highest of phrase
Sunless 03,0,23,3.667,G3,55,ʌ,Mitton measured,0.408,open,D#4,-7.83,below primo,-1,-6,none,6,short,leap-down,-4,no,13,last,no,no,no,fR2 rung
Sunless 03,0,24,1.667,F3,53,ɑ,Mitton measured,0.408,open,D#4,-9.85,below primo,-3,-8,none,none,short,step,-2,yes,14,first,no,no,no,
Sunless 03,0,24,2.333,F3,53,u,Mitton measured,0.408,close,F3,0.16,below primo,-3,-8,none,none,short,repeated,0,no,14,middle,no,no,no,turning pitch 0 to 2 st below
Sunless 03,0,24,3,Ab3,56,e,Mitton measured,0.816,close,G3,1.49,inside,0,-5,none,none,short,leap-up,3,no,14,middle,yes,no,no,highest of phrase; turning pitch 0 to 2 st below
Sunless 03,0,24,4.333,G3,55,i,Mitton measured,0.204,close,D3,4.86,below primo,-1,-6,none,none,short,step,-1,no,14,last,no,no,no,
Sunless 03,0,24,4.833,D3,50,u,Mitton measured,0.102,open,F3,-2.84,below primo,-6,-11,none,none,short,leap-down,-5,yes,15,first,yes,no,no,highest of phrase
Sunless 03,0,25,1,C3,48,ɨ,Mitton measured,0.306,open,G#3,-7.52,below primo,-8,-13,none,none,short,step,-2,no,15,last,no,no,no,
Sunless 03,0,25,2.5,C3,48,o,Mitton measured,0.306,open,B3,-10.83,below primo,-8,-13,none,none,short,repeated,0,yes,16,first,no,no,no,
Sunless 03,0,25,3,Gb3,54,i,Mitton measured,0.306,close,D3,3.86,below primo,-2,-7,none,none,short,leap-up,6,no,16,middle,yes,no,no,highest of phrase
Sunless 03,0,25,3.5,Eb3,51,ɑ,Mitton measured,0.306,open,D#4,-11.85,below primo,-5,-10,4,none,short,leap-down,-3,no,16,middle,no,no,no,
Sunless 03,0,25,4,D3,50,i,Mitton measured,0.306,open,D3,-0.14,below primo,-6,-11,none,none,short,step,-1,no,16,middle,no,no,no,
Sunless 03,0,25,4.5,Eb3,51,ɑ,Mitton measured,0.306,open,D#4,-11.85,below primo,-5,-10,4,none,short,step,1,no,16,middle,no,no,no,
Sunless 03,0,26,1,C3,48,i,Mitton measured,0.612,open,D3,-2.14,below primo,-8,-13,none,none,short,leap-down,-3,no,16,last,no,no,no,
Sunless 03,0,26,2.5,C3,48,ɛ,Mitton measured,0.306,open,D4,-13.69,below primo,-8,-13,none,none,short,repeated,0,yes,17,first,no,no,no,
Sunless 03,0,26,3,C4,60,u,Mitton measured,0.918,close,F3,7.16,inside,4,-1,none,3,short,leap-up,12,no,17,middle,yes,yes,yes,highest of phrase; fR2 rung
Sunless 03,0,26,4.5,D3,50,ʌ,Mitton measured,0.306,open,D#4,-12.83,below primo,-6,-11,none,8,short,leap-down,-10,no,17,middle,no,no,no,fR2 rung
Sunless 03,0,27,1,E3,52,o,Mitton measured,0.306,open,B3,-6.83,below primo,-4,-9,3,5,short,step,2,no,17,middle,no,no,no,fR2 rung
Sunless 03,0,27,1.5,E3,52,ʌ,Mitton measured,0.306,open,D#4,-10.83,below primo,-4,-9,none,7,short,repeated,0,no,17,middle,no,no,no,fR2 rung
Sunless 03,0,27,2,D3,50,i,Mitton measured,0.306,open,D3,-0.14,below primo,-6,-11,none,none,short,step,-2,no,17,middle,no,no,no,
Sunless 03,0,27,2.5,C3,48,ɑ,Mitton measured,0.306,open,D#4,-14.85,below primo,-8,-13,none,none,short,step,-2,no,17,middle,no,no,no,
Sunless 03,0,27,3,Ab3,56,o,Mitton measured,0.612,open,B3,-2.83,inside,0,-5,none,4,short,leap-up,8,no,17,middle,no,no,no,fR2 rung
Sunless 03,0,27,4,F3,53,u,Mitton measured,0.306,close,F3,0.16,below primo,-3,-8,none,none,short,leap-down,-3,no,17,last,no,no,no,turning pitch 0 to 2 st below
Sunless 03,0,27,4.75,F3,53,i,Mitton measured,0.153,close,D3,2.86,below primo,-3,-8,none,none,short,repeated,0,yes,18,first,no,no,no,
Sunless 03,0,28,1,C4,60,u,Mitton measured,0.816,close,F3,7.16,inside,4,-1,none,3,short,leap-up,7,no,18,middle,yes,yes,yes,highest of phrase; fR2 rung
Sunless 03,0,28,2.333,B3,59,i,Mitton measured,0.408,close,D3,8.86,inside,3,-2,none,7,short,step,-1,no,18,middle,no,no,no,fR2 rung
Sunless 03,0,28,3,Ab3,56,ɑ,Mitton measured,0.816,open,D#4,-6.85,inside,0,-5,3,5,short,leap-down,-3,no,18,middle,no,no,no,fR2 rung
Sunless 03,0,28,4.333,G3,55,ʌ,Mitton measured,0.408,open,D#4,-7.83,below primo,-1,-6,none,6,short,step,-1,no,18,middle,no,no,no,fR2 rung
Sunless 03,0,29,1,C4,60,ʌ,Mitton measured,0.816,open,D#4,-2.83,inside,4,-1,none,none,short,leap-up,5,no,18,middle,yes,yes,yes,highest of phrase
Sunless 03,0,29,2.333,B3,59,ɑ,Mitton measured,0.408,open,D#4,-3.85,inside,3,-2,none,4,short,step,-1,no,18,middle,no,no,no,fR2 rung
Sunless 03,0,29,3,Ab3,56,i,Mitton measured,0.816,close,D3,5.86,inside,0,-5,none,8,short,leap-down,-3,no,18,middle,no,no,no,fR2 rung
Sunless 03,0,29,4.333,G3,55,u,Mitton measured,0.408,close,F3,2.16,below primo,-1,-6,none,4,short,step,-1,no,18,middle,no,no,no,fR2 rung
Sunless 03,0,30,1,C3,48,ɛ,Mitton measured,0.918,open,D4,-13.69,below primo,-8,-13,none,none,short,leap-down,-7,no,18,middle,no,no,no,
Sunless 03,0,30,2.5,C3,48,ɪ,Mitton measured,0.306,open,G3,-7.04,below primo,-8,-13,3,none,short,repeated,0,no,18,middle,no,no,no,
Sunless 03,0,30,3,D3,50,ɑ,Mitton measured,0.306,open,D#4,-12.85,below primo,-6,-11,none,7,short,step,2,no,18,middle,no,no,no,fR2 rung
Sunless 03,0,30,3.5,D3,50,ɪ,Mitton measured,0.306,open,G3,-5.04,below primo,-6,-11,none,none,short,repeated,0,no,18,middle,no,no,no,
Sunless 03,0,30,4,C3,48,ɑ,Mitton measured,0.306,open,D#4,-14.85,below primo,-8,-13,none,none,short,step,-2,no,18,middle,no,no,no,
Sunless 03,0,30,4.5,D3,50,ɑ,Mitton measured,0.306,open,D#4,-12.85,below primo,-6,-11,none,7,short,step,2,no,18,middle,no,no,no,fR2 rung
Sunless 03,0,31,1,E3,52,o,Mitton measured,0.612,open,B3,-6.83,below primo,-4,-9,3,5,short,step,2,no,18,middle,no,no,no,fR2 rung
Sunless 03,0,31,2,G3,55,u,Mitton measured,0.306,close,F3,2.16,below primo,-1,-6,none,4,short,leap-up,3,no,18,last,no,no,no,fR2 rung
Sunless 03,0,31,4,G3,55,i,Mitton measured,0.612,close,D3,4.86,below primo,-1,-6,none,none,short,repeated,0,yes,19,first,no,no,no,
Sunless 03,0,32,1,Bb3,58,e,Mitton measured,0.204,close,G3,3.49,inside,2,-3,none,none,short,leap-up,3,no,19,middle,no,no,no,
Sunless 03,0,32,1.333,C4,60,e,Mitton measured,0.204,close,G3,5.49,inside,4,-1,none,6,short,step,2,no,19,middle,no,yes,yes,fR2 rung
Sunless 03,0,32,1.667,D4,62,ɑ,Mitton measured,0.204,open,D#4,-0.85,above secondo,6,1,none,none,short,step,2,no,19,middle,no,yes,no,
Sunless 03,0,32,2,C4,60,ɑ,Mitton measured,0.204,open,D#4,-2.85,inside,4,-1,none,none,short,step,-2,no,19,middle,no,yes,no,
Sunless 03,0,32,2.333,D4,62,ɑ,Mitton measured,0.204,open,D#4,-0.85,above secondo,6,1,none,none,short,step,2,no,19,middle,no,yes,no,
Sunless 03,0,32,2.667,G3,55,i,Mitton measured,0.204,close,D3,4.86,below primo,-1,-6,none,none,short,leap-down,-7,no,19,middle,no,no,no,
Sunless 03,0,32,3,Bb3,58,ɛ,Mitton measured,0.204,open,D4,-3.69,inside,2,-3,none,none,short,leap-up,3,no,19,middle,no,no,no,
Sunless 03,0,32,3.333,Ab3,56,ɛ,Mitton measured,0.204,open,D4,-5.69,inside,0,-5,none,none,short,step,-2,no,19,middle,no,no,no,
Sunless 03,0,32,3.667,G3,55,i,Mitton measured,0.204,close,D3,4.86,below primo,-1,-6,none,none,short,step,-1,no,19,middle,no,no,no,
Sunless 03,0,32,4,Bb3,58,e,Mitton measured,0.408,close,G3,3.49,inside,2,-3,none,none,short,leap-up,3,no,19,middle,no,no,no,
Sunless 03,0,32,4.667,Bb3,58,i,Mitton measured,0.204,close,D3,7.86,inside,2,-3,none,none,short,repeated,0,no,19,middle,no,no,no,
Sunless 03,0,33,1,Bb3,58,i,Mitton measured,0.204,close,D3,7.86,inside,2,-3,none,none,short,repeated,0,no,19,middle,no,no,no,
Sunless 03,0,33,1.333,C4,60,i,Mitton measured,0.204,close,D3,9.86,inside,4,-1,none,none,short,step,2,no,19,middle,no,yes,no,
Sunless 03,0,33,1.667,D4,62,ɑ,Mitton measured,0.204,open,D#4,-0.85,above secondo,6,1,none,none,short,step,2,no,19,middle,no,yes,no,
Sunless 03,0,33,2,C4,60,ɛ,Mitton measured,0.204,open,D4,-1.69,inside,4,-1,none,5,short,step,-2,no,19,middle,no,yes,yes,fR2 rung
Sunless 03,0,33,2.333,D4,62,ɛ,Mitton measured,0.204,close,D4,0.31,above secondo,6,1,none,none,short,step,2,no,19,middle,no,yes,yes,turning pitch 0 to 2 st below
Sunless 03,0,33,2.667,G3,55,ɨ,Mitton measured,0.204,open,G#3,-0.52,below primo,-1,-6,none,none,short,leap-down,-7,no,19,middle,no,no,no,
Sunless 03,0,33,3,Bb3,58,ɑ,Mitton measured,0.204,open,D#4,-4.85,inside,2,-3,none,none,short,leap-up,3,no,19,middle,no,no,no,
Sunless 03,0,33,3.333,Ab3,56,ɑ,Mitton measured,0.204,open,D#4,-6.85,inside,0,-5,3,5,short,step,-2,no,19,middle,no,no,no,fR2 rung
Sunless 03,0,33,3.667,G3,55,u,Mitton measured,0.204,close,F3,2.16,below primo,-1,-6,none,4,short,step,-1,no,19,middle,no,no,no,fR2 rung
Sunless 03,0,33,4,Bb3,58,o,Mitton measured,0.204,open,B3,-0.83,inside,2,-3,none,none,short,leap-up,3,no,19,middle,no,no,no,
Sunless 03,0,33,4.333,Bb3,58,u,Mitton measured,0.204,close,F3,5.16,inside,2,-3,none,none,short,repeated,0,no,19,middle,no,no,no,
Sunless 03,0,33,4.667,Ab3,56,i,Mitton measured,0.204,close,D3,5.86,inside,0,-5,none,8,short,step,-2,no,19,middle,no,no,no,fR2 rung
Sunless 03,0,34,1,Cb4,59,e,Mitton measured,0.204,close,G3,4.49,inside,3,-2,none,none,short,leap-up,3,no,19,middle,no,no,no,
Sunless 03,0,34,1.333,Eb3,51,e,Mitton measured,0.204,open,G3,-3.51,below primo,-5,-10,none,none,short,leap-down,-8,no,19,middle,no,no,no,
Sunless 03,0,34,1.667,Gb3,54,ɨ,Mitton measured,0.204,open,G#3,-1.52,below primo,-2,-7,none,6,short,leap-up,3,no,19,middle,no,no,no,fR2 rung
Sunless 03,0,34,2,Bb3,58,u,Mitton measured,0.408,close,F3,5.16,inside,2,-3,none,none,short,leap-up,4,no,19,middle,no,no,no,
Sunless 03,0,34,2.667,Ab3,56,i,Mitton measured,0.204,close,D3,5.86,inside,0,-5,none,8,short,step,-2,no,19,middle,no,no,no,fR2 rung
Sunless 03,0,34,3,Cb4,59,u,Mitton measured,0.204,close,F3,6.16,inside,3,-2,none,none,short,leap-up,3,no,19,middle,no,no,no,
Sunless 03,0,34,3.333,Eb3,51,u,Mitton measured,0.204,open,F3,-1.84,below primo,-5,-10,none,none,short,leap-down,-8,no,19,middle,no,no,no,
Sunless 03,0,34,3.667,Gb3,54,ɨ,Mitton measured,0.204,open,G#3,-1.52,below primo,-2,-7,none,6,short,leap-up,3,no,19,middle,no,no,no,fR2 rung
Sunless 03,0,34,4,Bb3,58,e,Mitton measured,0.408,close,G3,3.49,inside,2,-3,none,none,short,leap-up,4,no,19,middle,no,no,no,
Sunless 03,0,34,4.667,Ab3,56,ɑ,Mitton measured,0.204,open,D#4,-6.85,inside,0,-5,3,5,short,step,-2,no,19,middle,no,no,no,fR2 rung
Sunless 03,0,35,1,Bb3,58,i,Mitton measured,0.204,close,D3,7.86,inside,2,-3,none,none,short,step,2,no,19,middle,no,no,no,
Sunless 03,0,35,1.333,C4,60,i,Mitton measured,0.204,close,D3,9.86,inside,4,-1,none,none,short,step,2,no,19,middle,no,yes,no,
Sunless 03,0,35,1.667,D4,62,ɑ,Mitton measured,0.204,open,D#4,-0.85,above secondo,6,1,none,none,short,step,2,no,19,middle,no,yes,no,
Sunless 03,0,35,2,Eb4,63,i,Mitton measured,0.204,above,D3,12.86,above secondo,7,2,none,none,short,step,1,no,19,middle,yes,no,no,highest of phrase
Sunless 03,0,35,2.333,D4,62,i,Mitton measured,0.204,crossing,D3,11.86,above secondo,6,1,none,none,short,step,-1,no,19,middle,no,yes,yes,crossing
Sunless 03,0,35,2.667,G3,55,ʌ,Mitton measured,0.204,open,D#4,-7.83,below primo,-1,-6,none,6,short,leap-down,-7,no,19,middle,no,no,no,fR2 rung
Sunless 03,0,35,3,Bb3,58,i,Mitton measured,0.204,close,D3,7.86,inside,2,-3,none,none,short,leap-up,3,no,19,middle,no,no,no,
Sunless 03,0,35,3.333,Ab3,56,i,Mitton measured,0.204,close,D3,5.86,inside,0,-5,none,8,short,step,-2,no,19,middle,no,no,no,fR2 rung
Sunless 03,0,35,3.667,G3,55,ɑ,Mitton measured,0.204,open,D#4,-7.85,below primo,-1,-6,none,none,short,step,-1,no,19,middle,no,no,no,
Sunless 03,0,35,4,Bb3,58,o,Mitton measured,0.204,open,B3,-0.83,inside,2,-3,none,none,short,leap-up,3,no,19,middle,no,no,no,
Sunless 03,0,35,4.333,F3,53,u,Mitton measured,0.204,close,F3,0.16,below primo,-3,-8,none,none,short,leap-down,-5,no,19,middle,no,no,no,turning pitch 0 to 2 st below
Sunless 03,0,35,4.667,G3,55,i,Mitton measured,0.204,close,D3,4.86,below primo,-1,-6,none,none,short,step,2,no,19,middle,no,no,no,
Sunless 03,0,36,1,C4,60,ɛ,Mitton measured,0.204,open,D4,-1.69,inside,4,-1,none,5,short,leap-up,5,no,19,middle,no,yes,yes,fR2 rung
Sunless 03,0,36,1.167,B3,59,ɛ,Mitton measured,0.204,open,D4,-2.69,inside,3,-2,none,none,short,step,-1,no,19,middle,no,no,no,
Sunless 03,0,36,1.333,C4,60,ʌ,Mitton measured,0.204,open,D#4,-2.83,inside,4,-1,none,none,short,step,1,no,19,middle,no,yes,no,
Sunless 03,0,36,1.5,A3,57,ɑ,Mitton measured,0.204,open,D#4,-5.85,inside,1,-4,none,none,short,leap-down,-3,no,19,middle,no,no,no,
Sunless 03,0,36,1.667,B3,59,ɑ,Mitton measured,0.204,open,D#4,-3.85,inside,3,-2,none,4,short,step,2,no,19,middle,no,no,no,fR2 rung
Sunless 03,0,36,1.833,G3,55,ɑ,Mitton measured,0.204,open,D#4,-7.85,below primo,-1,-6,none,none,short,leap-down,-4,no,19,middle,no,no,no,
Sunless 03,0,36,2,Bb3,58,e,Mitton measured,0.408,close,G3,3.49,inside,2,-3,none,none,short,leap-up,3,no,19,middle,no,no,no,
Sunless 03,0,36,2.333,Ab3,56,ɑ,Mitton measured,0.204,open,D#4,-6.85,inside,0,-5,3,5,short,step,-2,no,19,middle,no,no,no,fR2 rung
Sunless 03,0,36,2.5,Gb3,54,o,Mitton measured,0.204,open,B3,-4.83,below primo,-2,-7,none,none,short,step,-2,no,19,last,no,no,no,
Sunless 03,0,36,2.833,C4,60,u,Mitton measured,0.204,close,F3,7.16,inside,4,-1,none,3,short,leap-up,6,yes,20,first,no,yes,yes,fR2 rung
Sunless 03,0,36,3,E4,64,u,Mitton measured,0.204,close,F3,11.16,above secondo,8,3,none,none,short,leap-up,4,no,20,middle,yes,no,no,highest of phrase
Sunless 03,0,36,3.167,D4,62,u,Mitton measured,0.204,close,F3,9.16,above secondo,6,1,none,none,short,step,-2,no,20,middle,no,yes,no,
Sunless 03,0,36,3.333,C4,60,u,Mitton measured,0.204,close,F3,7.16,inside,4,-1,none,3,short,step,-2,no,20,middle,no,yes,yes,fR2 rung
Sunless 03,0,36,3.5,B3,59,ɑ,Mitton measured,0.204,open,D#4,-3.85,inside,3,-2,none,4,short,step,-1,no,20,middle,no,no,no,fR2 rung
Sunless 03,0,36,3.667,C4,60,ɑ,Mitton measured,0.204,open,D#4,-2.85,inside,4,-1,none,none,short,step,1,no,20,middle,no,yes,no,
Sunless 03,0,36,3.833,G3,55,i,Mitton measured,0.204,close,D3,4.86,below primo,-1,-6,none,none,short,leap-down,-5,no,20,middle,no,no,no,
Sunless 03,0,37,1,Bb3,58,ɛ,Mitton measured,0.204,open,D4,-3.69,inside,2,-3,none,none,short,leap-up,3,no,20,last,no,no,no,
Sunless 03,0,37,1.667,F3,53,ɪ,Mitton measured,0.204,open,G3,-2.04,below primo,-3,-8,none,none,short,leap-down,-5,yes,21,first,no,no,no,
Sunless 03,0,37,2,Ab3,56,o,Mitton measured,0.204,open,B3,-2.83,inside,0,-5,none,4,short,leap-up,3,no,21,middle,yes,no,no,highest of phrase; fR2 rung
Sunless 03,0,37,2.333,G3,55,ʌ,Mitton measured,0.204,open,D#4,-7.83,below primo,-1,-6,none,6,short,step,-1,no,21,last,no,no,no,fR2 rung
Sunless 03,0,37,3.5,C3,48,i,Mitton measured,0.306,open,D3,-2.14,below primo,-8,-13,none,none,short,leap-down,-7,yes,22,first,no,no,no,
Sunless 03,0,37,4,C3,48,ɛ,Mitton measured,0.306,open,D4,-13.69,below primo,-8,-13,none,none,short,repeated,0,no,22,middle,no,no,no,
Sunless 03,0,37,4.5,C3,48,ɪ,Mitton measured,0.306,open,G3,-7.04,below primo,-8,-13,3,none,short,repeated,0,no,22,middle,no,no,no,
Sunless 03,0,38,1,Eb3,51,i,Mitton measured,0.612,close,D3,0.86,below primo,-5,-10,none,none,short,leap-up,3,no,22,middle,yes,no,no,highest of phrase; turning pitch 0 to 2 st below
Sunless 03,0,38,2,C3,48,ʌ,Mitton measured,0.306,open,D#4,-14.83,below primo,-8,-13,none,none,short,leap-down,-3,no,22,last,no,no,no,
Sunless 03,0,38,3,C4,60,ɑ,Mitton measured,0.918,open,D#4,-2.85,inside,4,-1,none,none,short,leap-up,12,yes,23,first,yes,yes,yes,highest of phrase
Sunless 03,0,38,4.5,A3,57,ɑ,Mitton measured,0.306,open,D#4,-5.85,inside,1,-4,none,none,short,leap-down,-3,no,23,middle,no,no,no,
Sunless 03,0,39,1,G3,55,o,Mitton measured,0.612,open,B3,-3.83,below primo,-1,-6,none,none,short,step,-2,no,23,middle,no,no,no,
Sunless 03,0,39,2,F3,53,ʌ,Mitton measured,0.306,open,D#4,-9.83,below primo,-3,-8,none,none,short,step,-2,no,23,last,no,no,no,
Sunless 03,0,39,4.5,C3,48,i,Mitton measured,0.306,open,D3,-2.14,below primo,-8,-13,none,none,short,leap-down,-5,yes,24,first,no,no,no,
Sunless 03,0,40,1,G3,55,ɛ,Mitton measured,0.918,open,D4,-6.69,below primo,-1,-6,3,none,short,leap-up,7,no,24,middle,no,no,no,
Sunless 03,0,40,2.5,C4,60,ɑ,Mitton measured,0.306,open,D#4,-2.85,inside,4,-1,none,none,short,leap-up,5,no,24,middle,yes,yes,yes,highest of phrase
Sunless 03,0,40,3,Ab3,56,o,Mitton measured,0.459,open,B3,-2.83,inside,0,-5,none,4,short,leap-down,-4,no,24,middle,no,no,no,fR2 rung
Sunless 03,0,40,3.75,Ab3,56,ɑ,Mitton measured,0.153,open,D#4,-6.85,inside,0,-5,3,5,short,repeated,0,no,24,middle,no,no,no,fR2 rung
Sunless 03,0,40,4,G3,55,i,Mitton measured,0.306,close,D3,4.86,below primo,-1,-6,none,none,short,step,-1,no,24,middle,no,no,no,
Sunless 03,0,40,4.5,B3,59,ʌ,Mitton measured,0.306,open,D#4,-3.83,inside,3,-2,none,none,short,leap-up,4,no,24,middle,no,no,no,
Sunless 03,0,41,1,E3,52,o,Mitton measured,0.612,open,B3,-6.83,below primo,-4,-9,3,5,short,leap-down,-7,no,24,middle,no,no,no,fR2 rung
Sunless 03,0,41,2,E3,52,o,Mitton measured,0.306,open,B3,-6.83,below primo,-4,-9,3,5,short,tie,0,no,24,last,no,no,no,fR2 rung
Sunless 04,0,2,2.5,F#3,54,u,Mitton measured,0.395,close,F3,1.16,below primo,-2,-7,none,none,short,first note,,,0,first,yes,no,no,highest of phrase; turning pitch 0 to 2 st below
Sunless 04,0,2,3,E3,52,a,Mitton measured,0.789,open,F4,-13.31,below primo,-4,-9,none,none,short,step,-2,no,0,middle,no,no,no,
Sunless 04,0,2,4,E3,52,a,Mitton measured,0.395,open,F4,-13.31,below primo,-4,-9,none,none,short,tie,0,no,0,last,no,no,no,
Sunless 04,0,3,1.5,F#3,54,ɨ,Mitton measured,0.395,open,G#3,-1.52,below primo,-2,-7,none,6,short,step,2,yes,1,first,no,no,no,fR2 rung
Sunless 04,0,3,2,F#3,54,ʌ,Mitton measured,0.395,open,D#4,-8.83,below primo,-2,-7,none,none,short,repeated,0,no,1,middle,no,no,no,
Sunless 04,0,3,2.5,F#3,54,ɑ,Mitton measured,0.395,open,D#4,-8.85,below primo,-2,-7,none,none,short,repeated,0,no,1,middle,no,no,no,
Sunless 04,0,3,3,G3,55,ɑ,Mitton measured,1.184,open,D#4,-7.85,below primo,-1,-6,none,none,short,step,1,no,1,middle,yes,no,no,highest of phrase
Sunless 04,0,3,4.5,G3,55,ɪ,Mitton measured,0.395,open,G3,-0.04,below primo,-1,-6,none,8,short,repeated,0,no,1,middle,yes,no,no,highest of phrase; fR2 rung
Sunless 04,0,4,1,F#3,54,u,Mitton measured,0.789,close,F3,1.16,below primo,-2,-7,none,none,short,step,-1,no,1,middle,no,no,no,turning pitch 0 to 2 st below
Sunless 04,0,4,2,F#3,54,i,Mitton measured,0.395,close,D3,3.86,below primo,-2,-7,none,none,short,repeated,0,no,1,last,no,no,no,
Sunless 04,0,4,4,F#3,54,ɪ,Mitton measured,0.789,open,G3,-1.04,below primo,-2,-7,none,none,short,repeated,0,yes,2,first,no,no,no,
Sunless 04,0,5,1,G#3,56,u,Mitton measured,1.184,close,F3,3.16,inside,0,-5,none,none,short,step,2,no,2,middle,no,no,no,
Sunless 04,0,5,2.5,D#4,63,i,Mitton measured,0.395,above,D3,12.86,above secondo,7,2,none,none,short,leap-up,7,no,2,middle,yes,no,no,highest of phrase
Sunless 04,0,5,3,C#4,61,u,Mitton measured,0.395,close,F3,8.16,inside,5,0,none,none,short,step,-2,no,2,middle,no,yes,no,
Sunless 04,0,5,3.5,G#3,56,ɑ,Mitton measured,0.395,open,D#4,-6.85,inside,0,-5,3,5,short,leap-down,-5,no,2,middle,no,no,no,fR2 rung
Sunless 04,0,5,4,C#4,61,ɑ,Mitton measured,0.395,open,D#4,-1.85,inside,5,0,none,none,short,leap-up,5,no,2,middle,no,yes,no,
Sunless 04,0,5,4.5,B3,59,ɨ,Mitton measured,0.395,close,G#3,3.48,inside,3,-2,none,none,short,step,-2,no,2,middle,no,no,no,
Sunless 04,0,6,1,A#3,58,ɛ,Mitton measured,0.395,open,D4,-3.69,inside,2,-3,none,none,short,step,-1,no,2,last,no,no,no,
Sunless 04,0,6,2,A#3,58,ɑ,Mitton measured,0.789,open,D#4,-4.85,inside,2,-3,none,none,short,repeated,0,yes,3,first,no,no,no,
Sunless 04,0,6,3,D4,62,ɛ,Mitton measured,1.184,close,D4,0.31,above secondo,6,1,none,none,short,leap-up,4,no,3,middle,yes,yes,yes,highest of phrase; turning pitch 0 to 2 st below
Sunless 04,0,6,4.5,D4,62,ɑ,Mitton measured,0.395,open,D#4,-0.85,above secondo,6,1,none,none,short,repeated,0,no,3,middle,yes,yes,yes,highest of phrase
Sunless 04,0,7,1,B3,59,ɑ,Mitton measured,0.395,open,D#4,-3.85,inside,3,-2,none,4,short,leap-down,-3,no,3,middle,no,no,no,fR2 rung
Sunless 04,0,7,1.5,F#3,54,ɑ,Mitton measured,0.395,open,D#4,-8.85,below primo,-2,-7,none,none,short,leap-down,-5,no,3,middle,no,no,no,
Sunless 04,0,7,2,B3,59,ɪ,Mitton measured,0.395,close,G3,3.96,inside,3,-2,none,none,short,leap-up,5,no,3,middle,no,no,no,
Sunless 04,0,7,2.5,C#4,61,ɑ,Mitton measured,0.395,open,D#4,-1.85,inside,5,0,none,none,short,step,2,no,3,middle,no,yes,no,
Sunless 04,0,7,3,A3,57,u,Mitton measured,0.789,close,F3,4.16,inside,1,-4,none,none,short,leap-down,-4,no,3,middle,no,no,no,
Sunless 04,0,7,4,F#3,54,i,Mitton measured,0.789,close,D3,3.86,below primo,-2,-7,none,none,short,leap-down,-3,no,3,last,no,no,no,
Sunless 04,0,8,1.5,F#3,54,ɑ,Mitton measured,0.395,open,D#4,-8.85,below primo,-2,-7,none,none,short,repeated,0,yes,4,first,no,no,no,
Sunless 04,0,8,2,A3,57,ɪ,Mitton measured,0.395,close,G3,1.96,inside,1,-4,none,none,short,leap-up,3,no,4,middle,no,no,no,turning pitch 0 to 2 st below
Sunless 04,0,8,2.5,F#3,54,ɑ,Mitton measured,0.395,open,D#4,-8.85,below primo,-2,-7,none,none,short,leap-down,-3,no,4,middle,no,no,no,
Sunless 04,0,8,3,B3,59,e,Mitton measured,0.789,close,G3,4.49,inside,3,-2,none,none,short,leap-up,5,no,4,middle,no,no,no,
Sunless 04,0,8,4,G3,55,ɑ,Mitton measured,0.789,open,D#4,-7.85,below primo,-1,-6,none,none,short,leap-down,-4,no,4,middle,no,no,no,
Sunless 04,0,9,1,C#4,61,ɛ,Mitton measured,1.184,open,D4,-0.69,inside,5,0,none,none,short,leap-up,6,no,4,middle,yes,yes,yes,highest of phrase
Sunless 04,0,9,2.5,C#4,61,ɑ,Mitton measured,0.395,open,D#4,-1.85,inside,5,0,none,none,short,repeated,0,no,4,middle,yes,yes,yes,highest of phrase
Sunless 04,0,9,3,A#3,58,ɛ,Mitton measured,0.789,open,D4,-3.69,inside,2,-3,none,none,short,leap-down,-3,no,4,last,no,no,no,
Sunless 04,0,11,2.5,F#3,54,u,Mitton measured,0.395,close,F3,1.16,below primo,-2,-7,none,none,short,leap-down,-4,yes,5,first,yes,no,no,highest of phrase; turning pitch 0 to 2 st below
Sunless 04,0,11,3,E3,52,a,Mitton measured,0.789,open,F4,-13.31,below primo,-4,-9,none,none,short,step,-2,no,5,last,no,no,no,
Sunless 04,0,11,4.5,F#3,54,u,Mitton measured,0.395,close,F3,1.16,below primo,-2,-7,none,none,short,step,2,yes,6,first,no,no,no,turning pitch 0 to 2 st below
Sunless 04,0,12,1,F#3,54,a,Mitton measured,1.184,open,F4,-11.31,below primo,-2,-7,none,6,short,repeated,0,no,6,middle,no,no,no,fR2 rung
Sunless 04,0,12,2.5,F#3,54,ɑ,Mitton measured,0.395,open,D#4,-8.85,below primo,-2,-7,none,none,short,repeated,0,no,6,middle,no,no,no,
Sunless 04,0,12,3,G#3,56,ɑ,Mitton measured,0.789,open,D#4,-6.85,inside,0,-5,3,5,short,step,2,no,6,middle,no,no,no,fR2 rung
Sunless 04,0,12,4,F#3,54,u,Mitton measured,0.395,close,F3,1.16,below primo,-2,-7,none,none,short,step,-2,no,6,middle,no,no,no,turning pitch 0 to 2 st below
Sunless 04,0,12,4.5,G#3,56,u,Mitton measured,0.395,close,F3,3.16,inside,0,-5,none,none,short,step,2,no,6,middle,no,no,no,
Sunless 04,0,13,1,F#3,54,i,Mitton measured,0.789,close,D3,3.86,below primo,-2,-7,none,none,short,step,-2,no,6,middle,no,no,no,
Sunless 04,0,13,2,G#3,56,i,Mitton measured,0.395,close,D3,5.86,inside,0,-5,none,8,short,step,2,no,6,middle,no,no,no,fR2 rung
Sunless 04,0,13,2.5,F#3,54,i,Mitton measured,0.395,close,D3,3.86,below primo,-2,-7,none,none,short,step,-2,no,6,middle,no,no,no,
Sunless 04,0,13,3,C#3,49,ɑ,Mitton measured,0.789,open,D#4,-13.85,below primo,-7,-12,none,none,short,leap-down,-5,no,6,middle,no,no,no,
Sunless 04,0,13,4,C#3,49,ɑ,Mitton measured,0.395,open,D#4,-13.85,below primo,-7,-12,none,none,short,repeated,0,no,6,middle,no,no,no,
Sunless 04,0,13,4.5,G3,55,i,Mitton measured,0.395,close,D3,4.86,below primo,-1,-6,none,none,short,leap-up,6,no,6,middle,no,no,no,
Sunless 04,0,14,1,F#3,54,ɨ,Mitton measured,0.789,open,G#3,-1.52,below primo,-2,-7,none,6,short,step,-1,no,6,middle,no,no,no,fR2 rung
Sunless 04,0,14,2,F#3,54,ɪ,Mitton measured,0.789,open,G3,-1.04,below primo,-2,-7,none,none,short,repeated,0,no,6,middle,no,no,no,
Sunless 04,0,14,3,G#3,56,e,Mitton measured,0.789,close,G3,1.49,inside,0,-5,none,none,short,step,2,no,6,middle,no,no,no,turning pitch 0 to 2 st below
Sunless 04,0,14,4,F#3,54,ʌ,Mitton measured,0.395,open,D#4,-8.83,below primo,-2,-7,none,none,short,step,-2,no,6,middle,no,no,no,
Sunless 04,0,14,4.5,G#3,56,ʌ,Mitton measured,0.395,open,D#4,-6.83,inside,0,-5,3,none,short,step,2,no,6,middle,no,no,no,
Sunless 04,0,15,1,F#3,54,u,Mitton measured,1.184,close,F3,1.16,below primo,-2,-7,none,none,short,step,-2,no,6,middle,no,no,no,turning pitch 0 to 2 st below
Sunless 04,0,15,2.5,D#3,51,o,Mitton measured,0.395,open,B3,-7.83,below primo,-5,-10,none,none,short,leap-down,-3,no,6,middle,no,no,no,
Sunless 04,0,15,3,A#3,58,ɨ,Mitton measured,0.395,close,G#3,2.48,inside,2,-3,none,none,short,leap-up,7,no,6,last,yes,no,no,highest of phrase
Sunless 04,0,15,4.5,F#3,54,i,Mitton measured,0.395,close,D3,3.86,below primo,-2,-7,none,none,short,leap-down,-4,yes,7,first,no,no,no,
Sunless 04,0,16,1,C4,60,ɛ,Mitton measured,0.789,open,D4,-1.69,inside,4,-1,none,5,short,leap-up,6,no,7,middle,no,yes,yes,fR2 rung
Sunless 04,0,16,2,B3,59,ʌ,Mitton measured,0.395,open,D#4,-3.83,inside,3,-2,none,none,short,step,-1,no,7,middle,no,no,no,
Sunless 04,0,16,2.5,C4,60,ʌ,Mitton measured,0.395,open,D#4,-2.83,inside,4,-1,none,none,short,step,1,no,7,middle,no,yes,no,
Sunless 04,0,16,3,E3,52,ɨ,Mitton measured,0.789,open,G#3,-3.52,below primo,-4,-9,none,none,short,leap-down,-8,no,7,middle,no,no,no,
Sunless 04,0,16,4,F#3,54,ɨ,Mitton measured,0.395,open,G#3,-1.52,below primo,-2,-7,none,6,short,step,2,no,7,middle,no,no,no,fR2 rung
Sunless 04,0,16,4.5,G3,55,ɨ,Mitton measured,0.395,open,G#3,-0.52,below primo,-1,-6,none,none,short,step,1,no,7,middle,no,no,no,
Sunless 04,0,17,1,C4,60,ʌ,Mitton measured,0.789,open,D#4,-2.83,inside,4,-1,none,none,short,leap-up,5,no,7,middle,no,yes,no,
Sunless 04,0,17,2,B3,59,i,Mitton measured,0.395,close,D3,8.86,inside,3,-2,none,7,short,step,-1,no,7,middle,no,no,no,fR2 rung
Sunless 04,0,17,2.5,C4,60,i,Mitton measured,0.395,close,D3,9.86,inside,4,-1,none,none,short,step,1,no,7,middle,no,yes,no,
Sunless 04,0,17,3,E3,52,ɑ,Mitton measured,0.789,open,D#4,-10.85,below primo,-4,-9,none,6,short,leap-down,-8,no,7,middle,no,no,no,fR2 rung
Sunless 04,0,17,4,F#3,54,ɑ,Mitton measured,0.395,open,D#4,-8.85,below primo,-2,-7,none,none,short,step,2,no,7,middle,no,no,no,
Sunless 04,0,17,4.5,G3,55,ɑ,Mitton measured,0.395,open,D#4,-7.85,below primo,-1,-6,none,none,short,step,1,no,7,middle,no,no,no,
Sunless 04,0,18,1,F#3,54,ɑ,Mitton measured,1.184,open,D#4,-8.85,below primo,-2,-7,none,none,short,step,-1,no,7,middle,no,no,no,
Sunless 04,0,18,2.5,D#3,51,u,Mitton measured,0.395,open,F3,-1.84,below primo,-5,-10,none,none,short,leap-down,-3,no,7,middle,no,no,no,
Sunless 04,0,18,3,A#3,58,ɛ,Mitton measured,0.789,open,D4,-3.69,inside,2,-3,none,none,short,leap-up,7,no,7,middle,no,no,no,
Sunless 04,0,18,4,B3,59,ɛ,Mitton measured,0.395,open,D4,-2.69,inside,3,-2,none,none,short,step,1,no,7,middle,no,no,no,
Sunless 04,0,18,4.5,C#4,61,ɪ,Mitton measured,0.395,close,G3,5.96,inside,5,0,none,none,short,step,2,no,7,middle,yes,yes,yes,highest of phrase
Sunless 04,0,19,1,F#3,54,ʌ,Mitton measured,0.789,open,D#4,-8.83,below primo,-2,-7,none,none,short,leap-down,-7,no,7,middle,no,no,no,
Sunless 04,0,19,2,C#4,61,i,Mitton measured,0.789,close,D3,10.86,inside,5,0,none,6,short,leap-up,7,no,7,middle,yes,yes,yes,highest of phrase; fR2 rung
Sunless 04,0,19,3,A#3,58,ɨ,Mitton measured,0.395,close,G#3,2.48,inside,2,-3,none,none,short,leap-down,-3,no,7,last,no,no,no,
Sunless 04,0,20,4,G3,55,u,Mitton measured,0.789,close,F3,2.16,below primo,-1,-6,none,4,short,leap-down,-3,yes,8,first,yes,no,no,highest of phrase; fR2 rung
Sunless 04,0,21,1,F#3,54,a,Mitton measured,0.789,open,F4,-11.31,below primo,-2,-7,none,6,short,step,-1,no,8,last,no,no,no,fR2 rung
Sunless 04,0,21,2.5,F#3,54,ɑ,Mitton measured,0.395,open,D#4,-8.85,below primo,-2,-7,none,none,short,repeated,0,yes,9,first,no,no,no,
Sunless 04,0,21,3,G3,55,e,Mitton measured,0.395,close,G3,0.49,below primo,-1,-6,none,8,short,step,1,no,9,middle,no,no,no,turning pitch 0 to 2 st below; fR2 rung
Sunless 04,0,21,3.5,F#3,54,ɑ,Mitton measured,0.395,open,D#4,-8.85,below primo,-2,-7,none,none,short,step,-1,no,9,middle,no,no,no,
Sunless 04,0,21,4,E3,52,ʌ,Mitton measured,0.395,open,D#4,-10.83,below primo,-4,-9,none,7,short,step,-2,no,9,middle,no,no,no,fR2 rung
Sunless 04,0,21,4.5,G3,55,ɑ,Mitton measured,0.395,open,D#4,-7.85,below primo,-1,-6,none,none,short,leap-up,3,no,9,middle,no,no,no,
Sunless 04,0,22,1,A3,57,i,Mitton measured,0.789,close,D3,6.86,inside,1,-4,none,none,short,step,2,no,9,middle,no,no,no,
Sunless 04,0,22,2,F#3,54,ɨ,Mitton measured,0.395,open,G#3,-1.52,below primo,-2,-7,none,6,short,leap-down,-3,no,9,middle,no,no,no,fR2 rung
Sunless 04,0,22,2.5,A3,57,ɑ,Mitton measured,0.395,open,D#4,-5.85,inside,1,-4,none,none,short,leap-up,3,no,9,middle,no,no,no,
Sunless 04,0,23,1,C4,60,ɑ,Mitton measured,1.184,open,D#4,-2.85,inside,4,-1,none,none,short,leap-up,3,no,9,middle,yes,yes,yes,highest of phrase
Sunless 04,0,23,2.5,A3,57,ɛ,Mitton measured,0.395,open,D4,-4.69,inside,1,-4,none,6,short,leap-down,-3,no,9,middle,no,no,no,fR2 rung
Sunless 04,0,23,3,B3,59,u,Mitton measured,0.395,close,F3,6.16,inside,3,-2,none,none,short,step,2,no,9,middle,no,no,no,
Sunless 04,0,23,3.5,F#3,54,ɑ,Mitton measured,0.395,open,D#4,-8.85,below primo,-2,-7,none,none,short,leap-down,-5,no,9,middle,no,no,no,
Sunless 04,0,23,4,G3,55,e,Mitton measured,0.395,close,G3,0.49,below primo,-1,-6,none,8,short,step,1,no,9,middle,no,no,no,turning pitch 0 to 2 st below; fR2 rung
Sunless 04,0,23,4.5,A3,57,ɑ,Mitton measured,0.395,open,D#4,-5.85,inside,1,-4,none,none,short,step,2,no,9,middle,no,no,no,
Sunless 04,0,24,1,B3,59,o,Mitton measured,0.395,close,B3,0.17,inside,3,-2,none,none,short,step,2,no,9,last,no,no,no,turning pitch 0 to 2 st below
Sunless 04,0,24,2,E3,52,ɑ,Mitton measured,0.789,open,D#4,-10.85,below primo,-4,-9,none,6,short,leap-down,-7,yes,10,first,no,no,no,fR2 rung
Sunless 04,0,24,3,B3,59,ɑ,Mitton measured,1.184,open,D#4,-3.85,inside,3,-2,none,4,short,leap-up,7,no,10,middle,yes,no,no,highest of phrase; fR2 rung
Sunless 04,0,24,4.5,A#3,58,ɪ,Mitton measured,0.395,close,G3,2.96,inside,2,-3,none,7,short,step,-1,no,10,middle,no,no,no,fR2 rung
Sunless 04,0,25,1,G3,55,ɨ,Mitton measured,0.395,open,G#3,-0.52,below primo,-1,-6,none,none,short,leap-down,-3,no,10,middle,no,no,no,
Sunless 04,0,25,1.5,A#3,58,i,Mitton measured,0.395,close,D3,7.86,inside,2,-3,none,none,short,leap-up,3,no,10,middle,no,no,no,
Sunless 04,0,25,2,F#3,54,ɑ,Mitton measured,0.395,open,D#4,-8.85,below primo,-2,-7,none,none,short,leap-down,-4,no,10,middle,no,no,no,
Sunless 04,0,25,2.5,E3,52,i,Mitton measured,0.395,close,D3,1.86,below primo,-4,-9,none,none,short,step,-2,no,10,middle,no,no,no,turning pitch 0 to 2 st below
Sunless 04,0,25,3,G3,55,i,Mitton measured,0.789,close,D3,4.86,below primo,-1,-6,none,none,short,leap-up,3,no,10,middle,no,no,no,
Sunless 04,0,25,4,E3,52,ɨ,Mitton measured,0.395,open,G#3,-3.52,below primo,-4,-9,none,none,short,leap-down,-3,no,10,last,no,no,no,
Sunless 04,0,26,1.5,E3,52,ɑ,Mitton measured,0.395,open,D#4,-10.85,below primo,-4,-9,none,6,short,repeated,0,yes,11,first,no,no,no,fR2 rung
Sunless 04,0,26,2,A3,57,o,Mitton measured,0.395,open,B3,-1.83,inside,1,-4,none,none,short,leap-up,5,no,11,middle,no,no,no,
Sunless 04,0,26,2.5,B3,59,u,Mitton measured,0.395,close,F3,6.16,inside,3,-2,none,none,short,step,2,no,11,middle,no,no,no,
Sunless 04,0,26,3,C4,60,o,Mitton measured,0.789,close,B3,1.17,inside,4,-1,none,none,short,step,1,no,11,last,yes,yes,yes,highest of phrase; turning pitch 0 to 2 st below
Sunless 04,0,27,2,F#3,54,i,Mitton measured,0.789,close,D3,3.86,below primo,-2,-7,none,none,short,leap-down,-6,yes,12,first,no,no,no,
Sunless 04,0,27,3,B3,59,o,Mitton measured,0.592,close,B3,0.17,inside,3,-2,none,none,short,leap-up,5,no,12,middle,yes,no,no,highest of phrase; turning pitch 0 to 2 st below
Sunless 04,0,27,3.75,D#3,51,ɑ,Mitton measured,0.197,open,D#4,-11.85,below primo,-5,-10,4,none,short,leap-down,-8,no,12,middle,no,no,no,
Sunless 04,0,27,4,D#3,51,o,Mitton measured,0.395,open,B3,-7.83,below primo,-5,-10,none,none,short,repeated,0,no,12,last,no,no,no,
Sunless 04,0,28,4,F#3,54,i,Mitton measured,0.789,close,D3,3.86,below primo,-2,-7,none,none,short,leap-up,3,yes,13,first,yes,no,no,highest of phrase
Sunless 04,0,29,1,F#3,54,o,Mitton measured,0.592,open,B3,-4.83,below primo,-2,-7,none,none,short,repeated,0,no,13,middle,yes,no,no,highest of phrase
Sunless 04,0,29,1.75,B2,47,ɑ,Mitton measured,0.197,open,D#4,-15.85,below primo,-9,-14,5,8,short,leap-down,-7,no,13,middle,no,no,no,fR2 rung
Sunless 04,0,29,2,B2,47,o,Mitton measured,0.395,open,B3,-11.83,below primo,-9,-14,4,none,short,repeated,0,no,13,last,no,no,no,
Sunless 05,0,1,4.333,D#3,51,u,Mitton measured,0.37,open,F3,-1.84,below primo,-5,-10,none,none,short,first note,,,0,first,yes,no,no,highest of phrase
Sunless 05,0,2,1,C##3,50,ɑ,Mitton measured,0.556,open,D#4,-12.85,below primo,-6,-11,none,7,short,step,-1,no,0,middle,no,no,no,fR2 rung
Sunless 05,0,2,2,C##3,50,ɪ,Mitton measured,0.278,open,G3,-5.04,below primo,-6,-11,none,none,short,repeated,0,no,0,last,no,no,no,
Sunless 05,0,2,3,D3,50,ɛ,Mitton measured,0.833,open,D4,-11.69,below primo,-6,-11,4,none,short,repeated,0,yes,1,first,no,no,no,
Sunless 05,0,2,4.5,D3,50,ɪ,Mitton measured,0.278,open,G3,-5.04,below primo,-6,-11,none,none,short,repeated,0,no,1,middle,no,no,no,
Sunless 05,0,3,1,E3,52,o,Mitton measured,0.556,open,B3,-6.83,below primo,-4,-9,3,5,short,step,2,no,1,middle,yes,no,no,highest of phrase; fR2 rung
Sunless 05,0,3,2,E3,52,o,Mitton measured,0.278,open,B3,-6.83,below primo,-4,-9,3,5,short,tie,0,no,1,last,yes,no,no,highest of phrase; fR2 rung
Sunless 05,0,3,4.5,E3,52,ɪ,Mitton measured,0.278,open,G3,-3.04,below primo,-4,-9,none,none,short,repeated,0,yes,2,first,no,no,no,
Sunless 05,0,4,1,E3,52,o,Mitton measured,0.417,open,B3,-6.83,below primo,-4,-9,3,5,short,repeated,0,no,2,middle,no,no,no,fR2 rung
Sunless 05,0,4,1.75,G#3,56,ɑ,Mitton measured,0.139,open,D#4,-6.85,inside,0,-5,3,5,short,leap-up,4,no,2,middle,no,no,no,fR2 rung
Sunless 05,0,4,2,D#3,51,ɑ,Mitton measured,0.278,open,D#4,-11.85,below primo,-5,-10,4,none,short,leap-down,-5,no,2,middle,no,no,no,
Sunless 05,0,4,2.5,E3,52,ɪ,Mitton measured,0.278,open,G3,-3.04,below primo,-4,-9,none,none,short,step,1,no,2,middle,no,no,no,
Sunless 05,0,4,3,E#3,53,ɑ,Mitton measured,0.833,open,D#4,-9.85,below primo,-3,-8,none,none,short,step,1,no,2,middle,no,no,no,
Sunless 05,0,4,4.5,E#3,53,o,Mitton measured,0.278,open,B3,-5.83,below primo,-3,-8,none,none,short,repeated,0,no,2,middle,no,no,no,
Sunless 05,0,5,1,F#3,54,ɨ,Mitton measured,0.278,open,G#3,-1.52,below primo,-2,-7,none,6,short,step,1,no,2,middle,no,no,no,fR2 rung
Sunless 05,0,5,1.5,F#3,54,u,Mitton measured,0.278,close,F3,1.16,below primo,-2,-7,none,none,short,repeated,0,no,2,middle,no,no,no,turning pitch 0 to 2 st below
Sunless 05,0,5,2,E#3,53,ʌ,Mitton measured,0.278,open,D#4,-9.83,below primo,-3,-8,none,none,short,step,-1,no,2,middle,no,no,no,
Sunless 05,0,5,2.5,D#3,51,ɑ,Mitton measured,0.278,open,D#4,-11.85,below primo,-5,-10,4,none,short,step,-2,no,2,middle,no,no,no,
Sunless 05,0,5,3,F#3,54,o,Mitton measured,0.833,open,B3,-4.83,below primo,-2,-7,none,none,short,leap-up,3,no,2,middle,no,no,no,
Sunless 05,0,5,4.5,F#3,54,ɪ,Mitton measured,0.278,open,G3,-1.04,below primo,-2,-7,none,none,short,repeated,0,no,2,middle,no,no,no,
Sunless 05,0,6,1,G#3,56,ɑ,Mitton measured,0.833,open,D#4,-6.85,inside,0,-5,3,5,short,step,2,no,2,middle,no,no,no,fR2 rung
Sunless 05,0,6,2.5,G#3,56,ɪ,Mitton measured,0.278,close,G3,0.96,inside,0,-5,none,none,short,repeated,0,no,2,middle,no,no,no,turning pitch 0 to 2 st below
Sunless 05,0,6,3,G#3,56,ʌ,Mitton measured,0.556,open,D#4,-6.83,inside,0,-5,3,none,short,repeated,0,no,2,middle,no,no,no,
Sunless 05,0,6,4,G#3,56,i,Mitton measured,0.556,close,D3,5.86,inside,0,-5,none,8,short,repeated,0,no,2,middle,no,no,no,fR2 rung
Sunless 05,0,7,1,A3,57,o,Mitton measured,1.111,open,B3,-1.83,inside,1,-4,none,none,short,step,1,no,2,middle,yes,no,no,highest of phrase
Sunless 05,0,7,3,F#3,54,ʌ,Mitton measured,0.556,open,D#4,-8.83,below primo,-2,-7,none,none,short,leap-down,-3,no,2,last,no,no,no,
Sunless 05,0,7,4.5,C#3,49,i,Mitton measured,0.278,open,D3,-1.14,below primo,-7,-12,none,none,short,leap-down,-5,yes,3,first,no,no,no,
Sunless 05,0,8,1,E#3,53,ɑ,Mitton measured,0.833,open,D#4,-9.85,below primo,-3,-8,none,none,short,leap-up,4,no,3,middle,no,no,no,
Sunless 05,0,8,2.5,G#3,56,u,Mitton measured,0.278,close,F3,3.16,inside,0,-5,none,none,short,leap-up,3,no,3,middle,no,no,no,
Sunless 05,0,8,3,G3,55,ɪ,Mitton measured,0.417,open,G3,-0.04,below primo,-1,-6,none,8,short,step,-1,no,3,middle,no,no,no,fR2 rung
Sunless 05,0,8,3.75,G3,55,ɑ,Mitton measured,0.139,open,D#4,-7.85,below primo,-1,-6,none,none,short,repeated,0,no,3,middle,no,no,no,
Sunless 05,0,8,4,E3,52,i,Mitton measured,0.278,close,D3,1.86,below primo,-4,-9,none,none,short,leap-down,-3,no,3,middle,no,no,no,turning pitch 0 to 2 st below
Sunless 05,0,8,4.5,A3,57,u,Mitton measured,0.278,close,F3,4.16,inside,1,-4,none,none,short,leap-up,5,no,3,middle,no,no,no,
Sunless 05,0,9,1,B3,59,ɨ,Mitton measured,0.417,close,G#3,3.48,inside,3,-2,none,none,short,step,2,no,3,middle,no,no,no,
Sunless 05,0,9,1.75,G#3,56,ʌ,Mitton measured,0.139,open,D#4,-6.83,inside,0,-5,3,none,short,leap-down,-3,no,3,middle,no,no,no,
Sunless 05,0,9,2,A3,57,i,Mitton measured,0.278,close,D3,6.86,inside,1,-4,none,none,short,step,1,no,3,middle,no,no,no,
Sunless 05,0,9,2.5,B3,59,ɑ,Mitton measured,0.278,open,D#4,-3.85,inside,3,-2,none,4,short,step,2,no,3,middle,no,no,no,fR2 rung
Sunless 05,0,9,3,C#4,61,o,Mitton measured,0.556,close,B3,2.17,inside,5,0,none,3,short,step,2,no,3,middle,yes,yes,yes,highest of phrase; fR2 rung
Sunless 05,0,9,4,A3,57,ʌ,Mitton measured,0.185,open,D#4,-5.83,inside,1,-4,none,none,short,leap-down,-4,no,3,last,no,no,no,
Sunless 05,0,9,4.667,A3,57,ɑ,Mitton measured,0.185,open,D#4,-5.85,inside,1,-4,none,none,short,repeated,0,yes,4,first,no,no,no,
Sunless 05,0,10,1,G#3,56,e,Mitton measured,0.556,close,G3,1.49,inside,0,-5,none,none,short,step,-1,no,4,middle,no,no,no,turning pitch 0 to 2 st below
Sunless 05,0,10,2,B3,59,ɑ,Mitton measured,0.556,open,D#4,-3.85,inside,3,-2,none,4,short,leap-up,3,no,4,middle,yes,no,no,highest of phrase; fR2 rung
Sunless 05,0,10,3,A3,57,u,Mitton measured,0.417,close,F3,4.16,inside,1,-4,none,none,short,step,-2,no,4,middle,no,no,no,
Sunless 05,0,10,3.75,A3,57,i,Mitton measured,0.139,close,D3,6.86,inside,1,-4,none,none,short,repeated,0,no,4,middle,no,no,no,
Sunless 05,0,10,4,E3,52,ɪ,Mitton measured,0.278,open,G3,-3.04,below primo,-4,-9,none,none,short,leap-down,-5,no,4,middle,no,no,no,
Sunless 05,0,10,4.5,C#3,49,ɑ,Mitton measured,0.278,open,D#4,-13.85,below primo,-7,-12,none,none,short,leap-down,-3,no,4,middle,no,no,no,
Sunless 05,0,11,1,G#3,56,ɑ,Mitton measured,0.556,open,D#4,-6.85,inside,0,-5,3,5,short,leap-up,7,no,4,middle,no,no,no,fR2 rung
Sunless 05,0,11,2,G#3,56,ɑ,Mitton measured,0.278,open,D#4,-6.85,inside,0,-5,3,5,short,tie,0,no,4,last,no,no,no,fR2 rung
Sunless 05,0,11,4.5,C#4,61,ɑ,Mitton measured,0.278,open,D#4,-1.85,inside,5,0,none,none,short,leap-up,5,yes,5,first,no,yes,no,
Sunless 05,0,12,1,D4,62,o,Mitton measured,0.278,close,B3,3.17,above secondo,6,1,none,none,short,step,1,no,5,middle,yes,yes,yes,highest of phrase
Sunless 05,0,12,1.5,F#3,54,i,Mitton measured,0.278,close,D3,3.86,below primo,-2,-7,none,none,short,leap-down,-8,no,5,middle,no,no,no,
Sunless 05,0,12,2,E#3,53,ʌ,Mitton measured,0.278,open,D#4,-9.83,below primo,-3,-8,none,none,short,step,-1,no,5,middle,no,no,no,
Sunless 05,0,12,2.5,F#3,54,ɑ,Mitton measured,0.278,open,D#4,-8.85,below primo,-2,-7,none,none,short,step,1,no,5,middle,no,no,no,
Sunless 05,0,12,3,B3,59,ɑ,Mitton measured,0.556,open,D#4,-3.85,inside,3,-2,none,4,short,leap-up,5,no,5,last,no,no,no,fR2 rung
Sunless 05,0,12,4.5,C#4,61,i,Mitton measured,0.278,close,D3,10.86,inside,5,0,none,6,short,step,2,yes,6,first,no,yes,yes,fR2 rung
Sunless 05,0,13,1,D3,50,ɛ,Mitton measured,0.278,open,D4,-11.69,below primo,-6,-11,4,none,short,leap-down,-11,no,6,middle,no,no,no,
Sunless 05,0,13,1.5,C#3,49,i,Mitton measured,0.278,open,D3,-1.14,below primo,-7,-12,none,none,short,step,-1,no,6,middle,no,no,no,
Sunless 05,0,13,2,E3,52,ɨ,Mitton measured,0.278,open,G#3,-3.52,below primo,-4,-9,none,none,short,leap-up,3,no,6,middle,no,no,no,
Sunless 05,0,13,2.5,D3,50,ɪ,Mitton measured,0.278,open,G3,-5.04,below primo,-6,-11,none,none,short,step,-2,no,6,middle,no,no,no,
Sunless 05,0,13,3,B3,59,u,Mitton measured,0.556,close,F3,6.16,inside,3,-2,none,none,short,leap-up,9,no,6,middle,no,no,no,
Sunless 05,0,13,4,F#3,54,ɨ,Mitton measured,0.278,open,G#3,-1.52,below primo,-2,-7,none,6,short,leap-down,-5,no,6,middle,no,no,no,fR2 rung
Sunless 05,0,13,4.5,F#3,54,ɪ,Mitton measured,0.278,open,G3,-1.04,below primo,-2,-7,none,none,short,repeated,0,no,6,middle,no,no,no,
Sunless 05,0,14,1,G3,55,u,Mitton measured,0.278,close,F3,2.16,below primo,-1,-6,none,4,short,step,1,no,6,middle,no,no,no,fR2 rung
Sunless 05,0,14,1.5,F#3,54,none resolved,not assessed,0.278,not assessed,not assessed,not assessed,below primo,-2,-7,not assessed,not assessed,short,step,-1,no,6,middle,no,no,no,
Sunless 05,0,14,2,E#3,53,ɑ,Mitton measured,0.278,open,D#4,-9.85,below primo,-3,-8,none,none,short,step,-1,no,6,middle,no,no,no,
Sunless 05,0,14,2.5,F#3,54,ɑ,Mitton measured,0.278,open,D#4,-8.85,below primo,-2,-7,none,none,short,step,1,no,6,middle,no,no,no,
Sunless 05,0,14,3,B3,59,o,Mitton measured,0.833,close,B3,0.17,inside,3,-2,none,none,short,leap-up,5,no,6,middle,no,no,no,turning pitch 0 to 2 st below
Sunless 05,0,14,4.5,C#4,61,ɪ,Mitton measured,0.278,close,G3,5.96,inside,5,0,none,none,short,step,2,no,6,middle,no,yes,no,
Sunless 05,0,15,1,D4,62,o,Mitton measured,0.278,close,B3,3.17,above secondo,6,1,none,none,short,step,1,no,6,middle,yes,yes,yes,highest of phrase
Sunless 05,0,15,1.5,G#3,56,ɨ,Mitton measured,0.278,close,G#3,0.48,inside,0,-5,none,none,short,leap-down,-6,no,6,middle,no,no,no,turning pitch 0 to 2 st below
Sunless 05,0,15,2,G3,55,i,Mitton measured,0.278,close,D3,4.86,below primo,-1,-6,none,none,short,step,-1,no,6,middle,no,no,no,
Sunless 05,0,15,2.5,B3,59,u,Mitton measured,0.278,close,F3,6.16,inside,3,-2,none,none,short,leap-up,4,no,6,middle,no,no,no,
Sunless 05,0,15,3,C#4,61,u,Mitton measured,0.556,close,F3,8.16,inside,5,0,none,none,short,step,2,no,6,middle,no,yes,no,
Sunless 05,0,15,4,A#3,58,ɨ,Mitton measured,0.278,close,G#3,2.48,inside,2,-3,none,none,short,leap-down,-3,no,6,middle,no,no,no,
Sunless 05,0,15,4.5,F#3,54,i,Mitton measured,0.278,close,D3,3.86,below primo,-2,-7,none,none,short,leap-down,-4,no,6,middle,no,no,no,
Sunless 05,0,16,1,G3,55,o,Mitton measured,0.833,open,B3,-3.83,below primo,-1,-6,none,none,short,step,1,no,6,middle,no,no,no,
Sunless 05,0,16,2.5,G3,55,ɪ,Mitton measured,0.278,open,G3,-0.04,below primo,-1,-6,none,8,short,repeated,0,no,6,middle,no,no,no,fR2 rung
Sunless 05,0,16,3,Bb3,58,i,Mitton measured,0.556,close,D3,7.86,inside,2,-3,none,none,short,leap-up,3,no,6,middle,no,no,no,
Sunless 05,0,16,4,C#4,61,ɑ,Mitton measured,0.556,open,D#4,-1.85,inside,5,0,none,none,short,leap-up,3,no,6,middle,no,yes,no,
Sunless 05,0,17,1,A3,57,ɛ,Mitton measured,0.556,open,D4,-4.69,inside,1,-4,none,6,short,leap-down,-4,no,6,last,no,no,no,fR2 rung
Sunless 05,0,17,4,A3,57,o,Mitton measured,0.556,open,B3,-1.83,inside,1,-4,none,none,short,repeated,0,yes,7,first,no,no,no,
Sunless 05,0,18,1,B3,59,ɑ,Mitton measured,0.833,open,D#4,-3.85,inside,3,-2,none,4,short,step,2,no,7,middle,yes,no,no,highest of phrase; fR2 rung
Sunless 05,0,18,2.5,F#3,54,o,Mitton measured,0.278,open,B3,-4.83,below primo,-2,-7,none,none,short,leap-down,-5,no,7,middle,no,no,no,
Sunless 05,0,18,3,F#3,54,ʌ,Mitton measured,0.556,open,D#4,-8.83,below primo,-2,-7,none,none,short,repeated,0,no,7,middle,no,no,no,
Sunless 05,0,18,4,G3,55,ɑ,Mitton measured,0.556,open,D#4,-7.85,below primo,-1,-6,none,none,short,step,1,no,7,middle,no,no,no,
Sunless 05,0,19,1,B3,59,i,Mitton measured,0.556,close,D3,8.86,inside,3,-2,none,7,short,leap-up,4,no,7,last,yes,no,no,highest of phrase; fR2 rung
Sunless 05,0,19,4,A3,57,ɑ,Mitton measured,0.556,open,D#4,-5.85,inside,1,-4,none,none,short,step,-2,yes,8,first,no,no,no,
Sunless 05,0,20,1,Bb3,58,o,Mitton measured,0.278,open,B3,-0.83,inside,2,-3,none,none,short,step,1,no,8,middle,no,no,no,
Sunless 05,0,20,1.5,A3,57,o,Mitton measured,0.556,open,B3,-1.83,inside,1,-4,none,none,short,step,-1,no,8,middle,no,no,no,
Sunless 05,0,20,2.5,D3,50,ɑ,Mitton measured,0.278,open,D#4,-12.85,below primo,-6,-11,none,7,short,leap-down,-7,no,8,middle,no,no,no,fR2 rung
Sunless 05,0,20,3,D3,50,e,Mitton measured,0.417,open,G3,-4.51,below primo,-6,-11,none,none,short,repeated,0,no,8,middle,no,no,no,
Sunless 05,0,20,3.75,C#3,49,ɑ,Mitton measured,0.139,open,D#4,-13.85,below primo,-7,-12,none,none,short,step,-1,no,8,middle,no,no,no,
Sunless 05,0,20,4,C#3,49,ɨ,Mitton measured,0.278,open,G#3,-6.52,below primo,-7,-12,3,8,short,repeated,0,no,8,middle,no,no,no,fR2 rung
Sunless 05,0,20,4.5,C#4,61,ɑ,Mitton measured,0.278,open,D#4,-1.85,inside,5,0,none,none,short,leap-up,12,no,8,middle,no,yes,no,
Sunless 05,0,21,1,D4,62,o,Mitton measured,0.278,close,B3,3.17,above secondo,6,1,none,none,short,step,1,no,8,middle,yes,yes,yes,highest of phrase
Sunless 05,0,21,1.5,A3,57,u,Mitton measured,0.278,close,F3,4.16,inside,1,-4,none,none,short,leap-down,-5,no,8,middle,no,no,no,
Sunless 05,0,21,2,A3,57,ɪ,Mitton measured,0.278,close,G3,1.96,inside,1,-4,none,none,short,repeated,0,no,8,middle,no,no,no,turning pitch 0 to 2 st below
Sunless 05,0,21,2.5,A3,57,ɨ,Mitton measured,0.278,close,G#3,1.48,inside,1,-4,none,5,short,repeated,0,no,8,middle,no,no,no,turning pitch 0 to 2 st below; fR2 rung
Sunless 05,0,21,3,G3,55,ɨ,Mitton measured,0.556,open,G#3,-0.52,below primo,-1,-6,none,none,short,step,-2,no,8,last,no,no,no,
Sunless 05,0,22,1,A3,57,i,Mitton measured,0.556,close,D3,6.86,inside,1,-4,none,none,short,step,2,yes,9,first,yes,no,no,highest of phrase
Sunless 05,0,22,2,F#3,54,o,Mitton measured,0.278,open,B3,-4.83,below primo,-2,-7,none,none,short,leap-down,-3,no,9,middle,no,no,no,
Sunless 05,0,22,2.5,D3,50,ɑ,Mitton measured,0.278,open,D#4,-12.85,below primo,-6,-11,none,7,short,leap-down,-4,no,9,middle,no,no,no,fR2 rung
Sunless 05,0,22,3,G#3,56,e,Mitton measured,0.417,close,G3,1.49,inside,0,-5,none,none,short,leap-up,6,no,9,middle,no,no,no,turning pitch 0 to 2 st below
Sunless 05,0,22,3.75,F3,53,i,Mitton measured,0.139,close,D3,2.86,below primo,-3,-8,none,none,short,leap-down,-3,no,9,middle,no,no,no,
Sunless 05,0,22,4,F3,53,ɑ,Mitton measured,0.278,open,D#4,-9.85,below primo,-3,-8,none,none,short,repeated,0,no,9,last,no,no,no,
Sunless 05,0,23,2,A3,57,i,Mitton measured,0.556,close,D3,6.86,inside,1,-4,none,none,short,leap-up,4,yes,10,first,no,no,no,
Sunless 05,0,23,3,D4,62,o,Mitton measured,0.556,close,B3,3.17,above secondo,6,1,none,none,short,leap-up,5,no,10,middle,yes,yes,yes,highest of phrase
Sunless 05,0,23,4,C4,60,o,Mitton measured,0.278,close,B3,1.17,inside,4,-1,none,none,short,step,-2,no,10,middle,no,yes,yes,turning pitch 0 to 2 st below
Sunless 05,0,23,4.5,Bb3,58,ɨ,Mitton measured,0.278,close,G#3,2.48,inside,2,-3,none,none,short,step,-2,no,10,last,no,no,no,
Sunless 05,0,24,4.5,D3,50,ɪ,Mitton measured,0.278,open,G3,-5.04,below primo,-6,-11,none,none,short,leap-down,-8,yes,11,first,no,no,no,
Sunless 05,0,25,1,A3,57,u,Mitton measured,0.833,close,F3,4.16,inside,1,-4,none,none,short,leap-up,7,no,11,middle,no,no,no,
Sunless 05,0,25,2.5,F3,53,none resolved,not assessed,0.278,not assessed,not assessed,not assessed,below primo,-3,-8,not assessed,not assessed,short,leap-down,-4,no,11,middle,no,no,no,
Sunless 05,0,25,3,G3,55,u,Mitton measured,0.417,close,F3,2.16,below primo,-1,-6,none,4,short,step,2,no,11,middle,no,no,no,fR2 rung
Sunless 05,0,25,3.75,E3,52,ɨ,Mitton measured,0.139,open,G#3,-3.52,below primo,-4,-9,none,none,short,leap-down,-3,no,11,middle,no,no,no,
Sunless 05,0,25,4,E3,52,ɛ,Mitton measured,0.278,open,D4,-9.69,below primo,-4,-9,none,8,short,repeated,0,no,11,middle,no,no,no,fR2 rung
Sunless 05,0,25,4.5,G3,55,ɪ,Mitton measured,0.278,open,G3,-0.04,below primo,-1,-6,none,8,short,leap-up,3,no,11,middle,no,no,no,fR2 rung
Sunless 05,0,26,1,A3,57,e,Mitton measured,0.278,close,G3,2.49,inside,1,-4,none,7,short,step,2,no,11,middle,no,no,no,fR2 rung
Sunless 05,0,26,1.5,F3,53,i,Mitton measured,0.278,close,D3,2.86,below primo,-3,-8,none,none,short,leap-down,-4,no,11,middle,no,no,no,
Sunless 05,0,26,2,G3,55,i,Mitton measured,0.278,close,D3,4.86,below primo,-1,-6,none,none,short,step,2,no,11,middle,no,no,no,
Sunless 05,0,26,2.5,A3,57,ɑ,Mitton measured,0.278,open,D#4,-5.85,inside,1,-4,none,none,short,step,2,no,11,middle,no,no,no,
Sunless 05,0,26,3,B3,59,ɑ,Mitton measured,0.556,open,D#4,-3.85,inside,3,-2,none,4,short,step,2,no,11,middle,yes,no,no,highest of phrase; fR2 rung
Sunless 05,0,26,4,B3,59,ɑ,Mitton measured,0.278,open,D#4,-3.85,inside,3,-2,none,4,short,tie,0,no,11,last,yes,no,no,highest of phrase; fR2 rung
Sunless 05,0,27,1,F#3,54,o,Mitton measured,0.556,open,B3,-4.83,below primo,-2,-7,none,none,short,leap-down,-5,yes,12,first,no,no,no,
Sunless 05,0,27,2,E#3,53,ɛ,Mitton measured,0.278,open,D4,-8.69,below primo,-3,-8,none,none,short,step,-1,no,12,middle,no,no,no,
Sunless 05,0,27,2.5,F#3,54,ɑ,Mitton measured,0.278,open,D#4,-8.85,below primo,-2,-7,none,none,short,step,1,no,12,middle,no,no,no,
Sunless 05,0,27,3,C##3,50,a,Mitton measured,0.278,open,F4,-15.31,below primo,-6,-11,none,none,short,leap-down,-4,no,12,middle,no,no,no,
Sunless 05,0,27,3.5,D#3,51,ɪ,Mitton measured,0.278,open,G3,-4.04,below primo,-5,-10,none,none,short,step,1,no,12,middle,no,no,no,
Sunless 05,0,27,4,G#3,56,ɨ,Mitton measured,0.278,close,G#3,0.48,inside,0,-5,none,none,short,leap-up,5,no,12,middle,yes,no,no,highest of phrase; turning pitch 0 to 2 st below
Sunless 05,0,27,4.5,G#3,56,u,Mitton measured,0.278,close,F3,3.16,inside,0,-5,none,none,short,repeated,0,no,12,middle,yes,no,no,highest of phrase
Sunless 05,0,28,1,G#3,56,i,Mitton measured,0.278,close,D3,5.86,inside,0,-5,none,8,short,repeated,0,no,12,middle,yes,no,no,highest of phrase; fR2 rung
Sunless 05,0,28,1.5,E3,52,ʌ,Mitton measured,0.278,open,D#4,-10.83,below primo,-4,-9,none,7,short,leap-down,-4,no,12,middle,no,no,no,fR2 rung
Sunless 05,0,28,2,D#3,51,ʌ,Mitton measured,0.278,open,D#4,-11.83,below primo,-5,-10,4,none,short,step,-1,no,12,middle,no,no,no,
Sunless 05,0,28,2.5,C#3,49,i,Mitton measured,0.278,open,D3,-1.14,below primo,-7,-12,none,none,short,step,-2,no,12,middle,no,no,no,
Sunless 05,0,28,3,F#3,54,ɑ,Mitton measured,0.556,open,D#4,-8.85,below primo,-2,-7,none,none,short,leap-up,5,no,12,last,no,no,no,
Sunless 05,0,28,4.5,F#3,54,ɑ,Mitton measured,0.278,open,D#4,-8.85,below primo,-2,-7,none,none,short,repeated,0,yes,13,first,no,no,no,
Sunless 05,0,29,1,A3,57,u,Mitton measured,0.417,close,F3,4.16,inside,1,-4,none,none,short,leap-up,3,no,13,middle,no,no,no,
Sunless 05,0,29,1.75,A3,57,ɑ,Mitton measured,0.139,open,D#4,-5.85,inside,1,-4,none,none,short,repeated,0,no,13,middle,no,no,no,
Sunless 05,0,29,2,G#3,56,ɑ,Mitton measured,0.278,open,D#4,-6.85,inside,0,-5,3,5,short,step,-1,no,13,middle,no,no,no,fR2 rung
Sunless 05,0,29,2.5,A3,57,ɑ,Mitton measured,0.278,open,D#4,-5.85,inside,1,-4,none,none,short,step,1,no,13,middle,no,no,no,
Sunless 05,0,29,3,B3,59,o,Mitton measured,0.278,close,B3,0.17,inside,3,-2,none,none,short,step,2,no,13,middle,no,no,no,turning pitch 0 to 2 st below
Sunless 05,0,29,3.5,G#3,56,u,Mitton measured,0.278,close,F3,3.16,inside,0,-5,none,none,short,leap-down,-3,no,13,middle,no,no,no,
Sunless 05,0,29,4,C#4,61,ɨ,Mitton measured,0.556,close,G#3,5.48,inside,5,0,none,4,short,leap-up,5,no,13,last,yes,yes,yes,highest of phrase; fR2 rung
Sunless 05,0,30,1.5,C#4,61,ɨ,Mitton measured,0.278,close,G#3,5.48,inside,5,0,none,4,short,repeated,0,yes,14,first,no,yes,yes,fR2 rung
Sunless 05,0,30,2,B#3,60,ɨ,Mitton measured,0.278,close,G#3,4.48,inside,4,-1,none,none,short,step,-1,no,14,middle,no,yes,no,
Sunless 05,0,30,2.5,G##3,57,ɪ,Mitton measured,0.278,close,G3,1.96,inside,1,-4,none,none,short,leap-down,-3,no,14,middle,no,no,no,turning pitch 0 to 2 st below
Sunless 05,0,30,3,A#3,58,o,Mitton measured,0.556,open,B3,-0.83,inside,2,-3,none,none,short,step,1,no,14,middle,no,no,no,
Sunless 05,0,30,4,F#3,54,ɨ,Mitton measured,0.278,open,G#3,-1.52,below primo,-2,-7,none,6,short,leap-down,-4,no,14,middle,no,no,no,fR2 rung
Sunless 05,0,30,4.5,C#4,61,o,Mitton measured,0.278,close,B3,2.17,inside,5,0,none,3,short,leap-up,7,no,14,middle,no,yes,yes,fR2 rung
Sunless 05,0,31,1,D4,62,i,Mitton measured,0.278,crossing,D3,11.86,above secondo,6,1,none,none,short,step,1,no,14,middle,yes,yes,yes,highest of phrase; crossing
Sunless 05,0,31,1.5,F#3,54,ɨ,Mitton measured,0.278,open,G#3,-1.52,below primo,-2,-7,none,6,short,leap-down,-8,no,14,middle,no,no,no,fR2 rung
Sunless 05,0,31,2,E#3,53,o,Mitton measured,0.278,open,B3,-5.83,below primo,-3,-8,none,none,short,step,-1,no,14,middle,no,no,no,
Sunless 05,0,31,2.5,F#3,54,ɨ,Mitton measured,0.278,open,G#3,-1.52,below primo,-2,-7,none,6,short,step,1,no,14,middle,no,no,no,fR2 rung
Sunless 05,0,31,3,B3,59,ɑ,Mitton measured,0.556,open,D#4,-3.85,inside,3,-2,none,4,short,leap-up,5,no,14,last,no,no,no,fR2 rung
Sunless 05,0,31,4.5,C#4,61,ɑ,Mitton measured,0.278,open,D#4,-1.85,inside,5,0,none,none,short,step,2,yes,15,first,no,yes,no,
Sunless 05,0,32,1,D3,50,ɨ,Mitton measured,0.278,open,G#3,-5.52,below primo,-6,-11,none,none,short,leap-down,-11,no,15,middle,no,no,no,
Sunless 05,0,32,1.5,C#3,49,ɪ,Mitton measured,0.278,open,G3,-6.04,below primo,-7,-12,none,none,short,step,-1,no,15,middle,no,no,no,
Sunless 05,0,32,2,E3,52,o,Mitton measured,0.278,open,B3,-6.83,below primo,-4,-9,3,5,short,leap-up,3,no,15,middle,no,no,no,fR2 rung
Sunless 05,0,32,2.5,D3,50,u,Mitton measured,0.278,open,F3,-2.84,below primo,-6,-11,none,none,short,step,-2,no,15,middle,no,no,no,
Sunless 05,0,32,3,B3,59,o,Mitton measured,0.556,close,B3,0.17,inside,3,-2,none,none,short,leap-up,9,no,15,middle,no,no,no,turning pitch 0 to 2 st below
Sunless 05,0,32,4,F#3,54,ɨ,Mitton measured,0.278,open,G#3,-1.52,below primo,-2,-7,none,6,short,leap-down,-5,no,15,middle,no,no,no,fR2 rung
Sunless 05,0,32,4.5,F#3,54,ɪ,Mitton measured,0.278,open,G3,-1.04,below primo,-2,-7,none,none,short,repeated,0,no,15,middle,no,no,no,
Sunless 05,0,33,1,G3,55,u,Mitton measured,0.278,close,F3,2.16,below primo,-1,-6,none,4,short,step,1,no,15,middle,no,no,no,fR2 rung
Sunless 05,0,33,1.5,F#3,54,ɪ,Mitton measured,0.278,open,G3,-1.04,below primo,-2,-7,none,none,short,step,-1,no,15,middle,no,no,no,
Sunless 05,0,33,2,E#3,53,ʌ,Mitton measured,0.278,open,D#4,-9.83,below primo,-3,-8,none,none,short,step,-1,no,15,middle,no,no,no,
Sunless 05,0,33,2.5,F#3,54,ɑ,Mitton measured,0.278,open,D#4,-8.85,below primo,-2,-7,none,none,short,step,1,no,15,middle,no,no,no,
Sunless 05,0,33,3,B3,59,o,Mitton measured,0.833,close,B3,0.17,inside,3,-2,none,none,short,leap-up,5,no,15,middle,no,no,no,turning pitch 0 to 2 st below
Sunless 05,0,33,4.5,C#4,61,u,Mitton measured,0.278,close,F3,8.16,inside,5,0,none,none,short,step,2,no,15,middle,no,yes,no,
Sunless 05,0,34,1,D4,62,ɑ,Mitton measured,0.278,open,D#4,-0.85,above secondo,6,1,none,none,short,step,1,no,15,middle,yes,yes,yes,highest of phrase
Sunless 05,0,34,1.5,G#3,56,u,Mitton measured,0.278,close,F3,3.16,inside,0,-5,none,none,short,leap-down,-6,no,15,middle,no,no,no,
Sunless 05,0,34,2,G3,55,o,Mitton measured,0.278,open,B3,-3.83,below primo,-1,-6,none,none,short,step,-1,no,15,middle,no,no,no,
Sunless 05,0,34,2.5,B3,59,ɨ,Mitton measured,0.278,close,G#3,3.48,inside,3,-2,none,none,short,leap-up,4,no,15,middle,no,no,no,
Sunless 05,0,34,3,C#4,61,u,Mitton measured,0.278,close,F3,8.16,inside,5,0,none,none,short,step,2,no,15,last,no,yes,no,
Sunless 05,0,34,4,C#4,61,i,Mitton measured,0.556,close,D3,10.86,inside,5,0,none,6,short,repeated,0,yes,16,first,no,yes,yes,fR2 rung
Sunless 05,0,35,1,D4,62,ɨ,Mitton measured,0.556,close,G#3,6.48,above secondo,6,1,none,none,short,step,1,no,16,middle,yes,yes,yes,highest of phrase
Sunless 05,0,35,2,A3,57,ɨ,Mitton measured,0.556,close,G#3,1.48,inside,1,-4,none,5,short,leap-down,-5,no,16,middle,no,no,no,turning pitch 0 to 2 st below; fR2 rung
Sunless 05,0,35,3,Bb3,58,none resolved,not assessed,0.833,not assessed,not assessed,not assessed,inside,2,-3,not assessed,not assessed,short,step,1,no,16,middle,no,no,no,
Sunless 05,0,35,4.5,C4,60,ɑ,Mitton measured,0.278,open,D#4,-2.85,inside,4,-1,none,none,short,step,2,no,16,middle,no,yes,no,
Sunless 05,0,36,1,D4,62,i,Mitton measured,0.556,crossing,D3,11.86,above secondo,6,1,none,none,short,step,2,no,16,last,yes,yes,yes,highest of phrase; crossing
Sunless 05,0,36,3.5,D4,62,ɛ,Mitton measured,0.278,close,D4,0.31,above secondo,6,1,none,none,short,repeated,0,yes,17,first,yes,yes,yes,highest of phrase; turning pitch 0 to 2 st below
Sunless 05,0,36,4,C4,60,o,Mitton measured,0.278,close,B3,1.17,inside,4,-1,none,none,short,step,-2,no,17,middle,no,yes,yes,turning pitch 0 to 2 st below
Sunless 05,0,36,4.5,B3,59,o,Mitton measured,0.278,close,B3,0.17,inside,3,-2,none,none,short,step,-1,no,17,middle,no,no,no,turning pitch 0 to 2 st below
Sunless 05,0,37,1,C4,60,ɨ,Mitton measured,0.833,close,G#3,4.48,inside,4,-1,none,none,short,step,1,no,17,middle,no,yes,no,
Sunless 05,0,37,2.5,B3,59,i,Mitton measured,0.278,close,D3,8.86,inside,3,-2,none,7,short,step,-1,no,17,middle,no,no,no,fR2 rung
Sunless 05,0,37,3,A3,57,u,Mitton measured,0.556,close,F3,4.16,inside,1,-4,none,none,short,step,-2,no,17,last,no,no,no,
Sunless 05,0,37,4.5,F#3,54,o,Mitton measured,0.278,open,B3,-4.83,below primo,-2,-7,none,none,short,leap-down,-3,yes,18,first,no,no,no,
Sunless 05,0,38,1,G3,55,ɨ,Mitton measured,0.556,open,G#3,-0.52,below primo,-1,-6,none,none,short,step,1,no,18,middle,no,no,no,
Sunless 05,0,38,2,G3,55,ɪ,Mitton measured,0.556,open,G3,-0.04,below primo,-1,-6,none,8,short,repeated,0,no,18,middle,no,no,no,fR2 rung
Sunless 05,0,38,3,C4,60,u,Mitton measured,0.833,close,F3,7.16,inside,4,-1,none,3,short,leap-up,5,no,18,middle,no,yes,yes,fR2 rung
Sunless 05,0,38,4.5,B3,59,ʌ,Mitton measured,0.278,open,D#4,-3.83,inside,3,-2,none,none,short,step,-1,no,18,middle,no,no,no,
Sunless 05,0,39,1,E4,64,ɛ,Mitton measured,0.556,close,D4,2.31,above secondo,8,3,none,4,short,leap-up,5,no,18,last,yes,no,no,highest of phrase; fR2 rung
Sunless 05,0,39,3,C4,60,ɑ,Mitton measured,1.111,open,D#4,-2.85,inside,4,-1,none,none,short,leap-down,-4,yes,19,first,yes,yes,yes,highest of phrase
Sunless 05,0,40,1,E3,52,ɨ,Mitton measured,0.278,open,G#3,-3.52,below primo,-4,-9,none,none,short,leap-down,-8,no,19,middle,no,no,no,
Sunless 05,0,40,1.5,D#3,51,ɑ,Mitton measured,0.278,open,D#4,-11.85,below primo,-5,-10,4,none,short,step,-1,no,19,middle,no,no,no,
Sunless 05,0,40,2,G3,55,ɑ,Mitton measured,0.278,open,D#4,-7.85,below primo,-1,-6,none,none,short,leap-up,4,no,19,middle,no,no,no,
Sunless 05,0,40,2.5,F#3,54,ɨ,Mitton measured,0.278,open,G#3,-1.52,below primo,-2,-7,none,6,short,step,-1,no,19,middle,no,no,no,fR2 rung
Sunless 05,0,40,3,A#3,58,o,Mitton measured,0.278,open,B3,-0.83,inside,2,-3,none,none,short,leap-up,4,no,19,middle,no,no,no,
Sunless 05,0,40,3.5,A#3,58,ʌ,Mitton measured,0.278,open,D#4,-4.83,inside,2,-3,none,5,short,repeated,0,no,19,last,no,no,no,fR2 rung
Sunless 05,0,40,4.5,A#3,58,ɨ,Mitton measured,0.278,close,G#3,2.48,inside,2,-3,none,none,short,repeated,0,yes,20,first,no,no,no,
Sunless 05,0,41,1,B3,59,e,Mitton measured,0.556,close,G3,4.49,inside,3,-2,none,none,short,step,1,no,20,middle,no,no,no,
Sunless 05,0,41,2,C4,60,ʌ,Mitton measured,0.556,open,D#4,-2.83,inside,4,-1,none,none,short,step,1,no,20,middle,no,yes,no,
Sunless 05,0,41,3,E4,64,ɛ,Mitton measured,0.278,close,D4,2.31,above secondo,8,3,none,4,short,leap-up,4,no,20,middle,yes,no,no,highest of phrase; fR2 rung
Sunless 05,0,41,3.5,D4,62,ʌ,Mitton measured,0.278,open,D#4,-0.83,above secondo,6,1,none,4,short,step,-2,no,20,middle,no,yes,yes,fR2 rung
Sunless 05,0,41,4,D4,62,i,Mitton measured,0.278,crossing,D3,11.86,above secondo,6,1,none,none,short,repeated,0,no,20,last,no,yes,yes,crossing
Sunless 05,0,42,1.5,G3,55,ɛ,Mitton measured,0.278,open,D4,-6.69,below primo,-1,-6,3,none,short,leap-down,-7,yes,21,first,no,no,no,
Sunless 05,0,42,2,C4,60,ɑ,Mitton measured,0.278,open,D#4,-2.85,inside,4,-1,none,none,short,leap-up,5,no,21,middle,yes,yes,yes,highest of phrase
Sunless 05,0,42,2.5,C4,60,u,Mitton measured,0.278,close,F3,7.16,inside,4,-1,none,3,short,repeated,0,no,21,middle,yes,yes,yes,highest of phrase; fR2 rung
Sunless 05,0,42,3,E3,52,ɨ,Mitton measured,0.556,open,G#3,-3.52,below primo,-4,-9,none,none,short,leap-down,-8,no,21,middle,no,no,no,
Sunless 05,0,42,4,G3,55,ɨ,Mitton measured,0.556,open,G#3,-0.52,below primo,-1,-6,none,none,short,leap-up,3,no,21,middle,no,no,no,
Sunless 05,0,43,1,A#3,58,o,Mitton measured,0.556,open,B3,-0.83,inside,2,-3,none,none,short,leap-up,3,no,21,middle,no,no,no,
Sunless 05,0,43,2,A#3,58,o,Mitton measured,0.278,open,B3,-0.83,inside,2,-3,none,none,short,repeated,0,no,21,last,no,no,no,
Sunless 05,0,43,4.5,A#3,58,u,Mitton measured,0.278,close,F3,5.16,inside,2,-3,none,none,short,repeated,0,yes,22,first,yes,no,no,highest of phrase
Sunless 05,0,44,1,A#3,58,ɨ,Mitton measured,1.111,close,G#3,2.48,inside,2,-3,none,none,short,repeated,0,no,22,middle,yes,no,no,highest of phrase
Sunless 05,0,44,3,A3,57,ɨ,Mitton measured,0.556,close,G#3,1.48,inside,1,-4,none,5,short,step,-1,no,22,middle,no,no,no,turning pitch 0 to 2 st below; fR2 rung
Sunless 05,0,44,4,A3,57,ɨ,Mitton measured,0.278,close,G#3,1.48,inside,1,-4,none,5,short,tie,0,no,22,last,no,no,no,turning pitch 0 to 2 st below; fR2 rung
Sunless 05,0,45,1,F#3,54,e,Mitton measured,1.667,open,G3,-0.51,below primo,-2,-7,none,none,short,leap-down,-3,yes,23,first,yes,no,no,highest of phrase
Sunless 05,0,45,4,F#3,54,i,Mitton measured,0.556,close,D3,3.86,below primo,-2,-7,none,none,short,repeated,0,no,23,middle,yes,no,no,highest of phrase
Sunless 05,0,46,1,F#3,54,o,Mitton measured,1.111,open,B3,-4.83,below primo,-2,-7,none,none,short,repeated,0,no,23,last,yes,no,no,highest of phrase
Sunless 05,0,48,4,F#3,54,ɪ,Mitton measured,0.556,open,G3,-1.04,below primo,-2,-7,none,none,short,repeated,0,yes,24,first,no,no,no,
Sunless 05,0,49,1,F#3,54,e,Mitton measured,0.833,open,G3,-0.51,below primo,-2,-7,none,none,short,repeated,0,no,24,middle,no,no,no,
Sunless 05,0,49,2.5,F#3,54,i,Mitton measured,0.278,close,D3,3.86,below primo,-2,-7,none,none,short,repeated,0,no,24,middle,no,no,no,
Sunless 05,0,49,3,G#3,56,ʌ,Mitton measured,0.556,open,D#4,-6.83,inside,0,-5,3,none,short,step,2,no,24,middle,no,no,no,
Sunless 05,0,49,4,F#3,54,ɪ,Mitton measured,0.556,open,G3,-1.04,below primo,-2,-7,none,none,short,step,-2,no,24,middle,no,no,no,
Sunless 05,0,50,1,A#3,58,ɑ,Mitton measured,0.278,open,D#4,-4.85,inside,2,-3,none,none,short,leap-up,4,no,24,last,yes,no,no,highest of phrase
Sunless 05,0,50,2,A#3,58,ɑ,Mitton measured,0.556,open,D#4,-4.85,inside,2,-3,none,none,short,repeated,0,yes,25,first,no,no,no,
Sunless 05,0,50,3,B3,59,u,Mitton measured,0.556,close,F3,6.16,inside,3,-2,none,none,short,step,1,no,25,middle,yes,no,no,highest of phrase
Sunless 05,0,50,4,D3,50,ʌ,Mitton measured,0.556,open,D#4,-12.83,below primo,-6,-11,none,8,short,leap-down,-9,no,25,middle,no,no,no,fR2 rung
Sunless 05,0,51,1,E3,52,o,Mitton measured,0.278,open,B3,-6.83,below primo,-4,-9,3,5,short,step,2,no,25,middle,no,no,no,fR2 rung
Sunless 05,0,51,1.5,D3,50,ɑ,Mitton measured,0.278,open,D#4,-12.85,below primo,-6,-11,none,7,short,step,-2,no,25,middle,no,no,no,fR2 rung
Sunless 05,0,51,2,F#3,54,ɑ,Mitton measured,0.278,open,D#4,-8.85,below primo,-2,-7,none,none,short,leap-up,4,no,25,middle,no,no,no,
Sunless 05,0,51,2.5,A3,57,ɨ,Mitton measured,0.278,close,G#3,1.48,inside,1,-4,none,5,short,leap-up,3,no,25,middle,no,no,no,turning pitch 0 to 2 st below; fR2 rung
Sunless 05,0,51,3,B3,59,ɑ,Mitton measured,0.556,open,D#4,-3.85,inside,3,-2,none,4,short,step,2,no,25,last,yes,no,no,highest of phrase; fR2 rung
Sunless 05,0,51,4.5,B3,59,ɨ,Mitton measured,0.278,close,G#3,3.48,inside,3,-2,none,none,short,repeated,0,yes,26,first,yes,no,no,highest of phrase
Sunless 05,0,52,1,F#3,54,ɑ,Mitton measured,0.278,open,D#4,-8.85,below primo,-2,-7,none,none,short,leap-down,-5,no,26,middle,no,no,no,
Sunless 05,0,52,1.5,F#3,54,ɪ,Mitton measured,0.278,open,G3,-1.04,below primo,-2,-7,none,none,short,repeated,0,no,26,middle,no,no,no,
Sunless 05,0,52,2,E3,52,ɛ,Mitton measured,0.278,open,D4,-9.69,below primo,-4,-9,none,8,short,step,-2,no,26,middle,no,no,no,fR2 rung
Sunless 05,0,52,2.5,D#3,51,ɨ,Mitton measured,0.278,open,G#3,-4.52,below primo,-5,-10,none,7,short,step,-1,no,26,middle,no,no,no,fR2 rung
Sunless 05,0,52,3,F#3,54,i,Mitton measured,0.833,close,D3,3.86,below primo,-2,-7,none,none,short,leap-up,3,no,26,middle,no,no,no,
Sunless 05,0,52,4.5,F#3,54,u,Mitton measured,0.278,close,F3,1.16,below primo,-2,-7,none,none,short,repeated,0,no,26,middle,no,no,no,turning pitch 0 to 2 st below
Sunless 05,0,53,1,G#3,56,ɑ,Mitton measured,0.833,open,D#4,-6.85,inside,0,-5,3,5,short,step,2,no,26,middle,no,no,no,fR2 rung
Sunless 05,0,53,2.5,G#3,56,ɪ,Mitton measured,0.278,close,G3,0.96,inside,0,-5,none,none,short,repeated,0,no,26,middle,no,no,no,turning pitch 0 to 2 st below
Sunless 05,0,53,3,G#3,56,ɪ,Mitton measured,0.556,close,G3,0.96,inside,0,-5,none,none,short,repeated,0,no,26,middle,no,no,no,turning pitch 0 to 2 st below
Sunless 05,0,53,4,G#3,56,ɑ,Mitton measured,0.556,open,D#4,-6.85,inside,0,-5,3,5,short,repeated,0,no,26,middle,no,no,no,fR2 rung
Sunless 05,0,54,1,A3,57,ɑ,Mitton measured,1.111,open,D#4,-5.85,inside,1,-4,none,none,short,step,1,no,26,middle,no,no,no,
Sunless 05,0,54,3,F#3,54,ʌ,Mitton measured,0.278,open,D#4,-8.83,below primo,-2,-7,none,none,short,leap-down,-3,no,26,last,no,no,no,
Sunless 05,0,54,4,F#3,54,ɑ,Mitton measured,0.556,open,D#4,-8.85,below primo,-2,-7,none,none,short,repeated,0,yes,27,first,no,no,no,
Sunless 05,0,55,1,F#3,54,u,Mitton measured,0.833,close,F3,1.16,below primo,-2,-7,none,none,short,repeated,0,no,27,middle,no,no,no,turning pitch 0 to 2 st below
Sunless 05,0,55,2.5,F#3,54,u,Mitton measured,0.278,close,F3,1.16,below primo,-2,-7,none,none,short,repeated,0,no,27,middle,no,no,no,turning pitch 0 to 2 st below
Sunless 05,0,55,3,A#3,58,ʌ,Mitton measured,0.556,open,D#4,-4.83,inside,2,-3,none,5,short,leap-up,4,no,27,middle,no,no,no,fR2 rung
Sunless 05,0,55,4,C#4,61,ɑ,Mitton measured,0.556,open,D#4,-1.85,inside,5,0,none,none,short,leap-up,3,no,27,middle,no,yes,no,
Sunless 05,0,56,1,D4,62,ɑ,Mitton measured,0.556,open,D#4,-0.85,above secondo,6,1,none,none,short,step,1,no,27,middle,yes,yes,yes,highest of phrase
Sunless 05,0,56,2,D4,62,ɑ,Mitton measured,0.278,open,D#4,-0.85,above secondo,6,1,none,none,short,tie,0,no,27,last,yes,yes,yes,highest of phrase
Sunless 05,0,56,4,D3,50,ɪ,Mitton measured,0.556,open,G3,-5.04,below primo,-6,-11,none,none,short,leap-down,-12,yes,28,first,no,no,no,
Sunless 05,0,57,1,F#3,54,o,Mitton measured,1.667,open,B3,-4.83,below primo,-2,-7,none,none,short,leap-up,4,no,28,middle,no,no,no,
Sunless 05,0,57,4,F#3,54,i,Mitton measured,0.556,close,D3,3.86,below primo,-2,-7,none,none,short,repeated,0,no,28,middle,no,no,no,
Sunless 05,0,58,1,F#3,54,ɪ,Mitton measured,1.111,open,G3,-1.04,below primo,-2,-7,none,none,short,repeated,0,no,28,middle,no,no,no,
Sunless 05,0,58,3,B3,59,ɑ,Mitton measured,1.111,open,D#4,-3.85,inside,3,-2,none,4,short,leap-up,5,no,28,middle,yes,no,no,highest of phrase; fR2 rung
Sunless 05,0,59,1,F#3,54,ɑ,Mitton measured,1.111,open,D#4,-8.85,below primo,-2,-7,none,none,short,leap-down,-5,no,28,middle,no,no,no,
Sunless 05,0,59,3,F#3,54,ʌ,Mitton measured,0.556,open,D#4,-8.83,below primo,-2,-7,none,none,short,repeated,0,no,28,last,no,no,no,
Sunless 06,0,2,1,C#3,49,e,Mitton measured,1,open,G3,-5.51,below primo,-7,-12,none,none,short,first note,,,0,first,no,no,no,
Sunless 06,0,2,3,D#3,51,ɑ,Mitton measured,0.5,open,D#4,-11.85,below primo,-5,-10,4,none,short,step,2,no,0,middle,no,no,no,
Sunless 06,0,2,4,E#3,53,ɑ,Mitton measured,0.5,open,D#4,-9.85,below primo,-3,-8,none,none,short,step,2,no,0,middle,no,no,no,
Sunless 06,0,3,1,F#3,54,u,Mitton measured,1,close,F3,1.16,below primo,-2,-7,none,none,short,step,1,no,0,middle,no,no,no,turning pitch 0 to 2 st below
Sunless 06,0,3,3,D#3,51,i,Mitton measured,0.5,close,D3,0.86,below primo,-5,-10,none,none,short,leap-down,-3,no,0,middle,no,no,no,turning pitch 0 to 2 st below
Sunless 06,0,3,4,F#3,54,ɨ,Mitton measured,0.5,open,G#3,-1.52,below primo,-2,-7,none,6,short,leap-up,3,no,0,middle,no,no,no,fR2 rung
Sunless 06,0,4,1,G#3,56,o,Mitton measured,1,open,B3,-2.83,inside,0,-5,none,4,short,step,2,no,0,middle,no,no,no,fR2 rung
Sunless 06,0,4,3,A3,57,ɨ,Mitton measured,0.5,close,G#3,1.48,inside,1,-4,none,5,short,step,1,no,0,middle,no,no,no,turning pitch 0 to 2 st below; fR2 rung
Sunless 06,0,4,4,G#3,56,ɑ,Mitton measured,0.5,open,D#4,-6.85,inside,0,-5,3,5,short,step,-1,no,0,middle,no,no,no,fR2 rung
Sunless 06,0,5,1,C#4,61,o,Mitton measured,0.75,close,B3,2.17,inside,5,0,none,3,short,leap-up,5,no,0,middle,yes,yes,yes,highest of phrase; fR2 rung
Sunless 06,0,5,2.5,F#3,54,i,Mitton measured,0.25,close,D3,3.86,below primo,-2,-7,none,none,short,leap-down,-7,no,0,middle,no,no,no,
Sunless 06,0,5,3,F#3,54,ɪ,Mitton measured,0.5,open,G3,-1.04,below primo,-2,-7,none,none,short,repeated,0,no,0,last,no,no,no,
Sunless 06,0,6,1,A3,57,i,Mitton measured,1,close,D3,6.86,inside,1,-4,none,none,short,leap-up,3,yes,1,first,yes,no,no,highest of phrase
Sunless 06,0,6,3,E3,52,ɪ,Mitton measured,0.5,open,G3,-3.04,below primo,-4,-9,none,none,short,leap-down,-5,no,1,middle,no,no,no,
Sunless 06,0,6,4,F#3,54,ʌ,Mitton measured,0.5,open,D#4,-8.83,below primo,-2,-7,none,none,short,step,2,no,1,middle,no,no,no,
Sunless 06,0,7,1,A3,57,ɛ,Mitton measured,1,open,D4,-4.69,inside,1,-4,none,6,short,leap-up,3,no,1,middle,yes,no,no,highest of phrase; fR2 rung
Sunless 06,0,7,3,E3,52,ɑ,Mitton measured,0.25,open,D#4,-10.85,below primo,-4,-9,none,6,short,leap-down,-5,no,1,last,no,no,no,fR2 rung
Sunless 06,0,7,4,F#3,54,o,Mitton measured,0.5,open,B3,-4.83,below primo,-2,-7,none,none,short,step,2,yes,2,first,no,no,no,
Sunless 06,0,8,1,G#3,56,ɑ,Mitton measured,1,open,D#4,-6.85,inside,0,-5,3,5,short,step,2,no,2,middle,yes,no,no,highest of phrase; fR2 rung
Sunless 06,0,8,3,D#3,51,i,Mitton measured,0.5,close,D3,0.86,below primo,-5,-10,none,none,short,leap-down,-5,no,2,middle,no,no,no,turning pitch 0 to 2 st below
Sunless 06,0,8,4,E#3,53,u,Mitton measured,0.5,close,F3,0.16,below primo,-3,-8,none,none,short,step,2,no,2,middle,no,no,no,turning pitch 0 to 2 st below
Sunless 06,0,9,1,G#3,56,u,Mitton measured,0.75,close,F3,3.16,inside,0,-5,none,none,short,leap-up,3,no,2,middle,yes,no,no,highest of phrase
Sunless 06,0,9,2.5,E#3,53,u,Mitton measured,0.25,close,F3,0.16,below primo,-3,-8,none,none,short,leap-down,-3,no,2,middle,no,no,no,turning pitch 0 to 2 st below
Sunless 06,0,9,3,E#3,53,none resolved,not assessed,0.5,not assessed,not assessed,not assessed,below primo,-3,-8,not assessed,not assessed,short,repeated,0,no,2,last,no,no,no,
Sunless 06,0,10,1,A3,57,o,Mitton measured,1,open,B3,-1.83,inside,1,-4,none,none,short,leap-up,4,yes,3,first,no,no,no,
Sunless 06,0,10,3,E3,52,ɑ,Mitton measured,0.25,open,D#4,-10.85,below primo,-4,-9,none,6,short,leap-down,-5,no,3,middle,no,no,no,fR2 rung
Sunless 06,0,10,3.5,F#3,54,ɑ,Mitton measured,0.25,open,D#4,-8.85,below primo,-2,-7,none,none,short,step,2,no,3,middle,no,no,no,
Sunless 06,0,10,4,E3,52,ɑ,Mitton measured,0.25,open,D#4,-10.85,below primo,-4,-9,none,6,short,step,-2,no,3,middle,no,no,no,fR2 rung
Sunless 06,0,10,4.5,C#3,49,ɑ,Mitton measured,0.25,open,D#4,-13.85,below primo,-7,-12,none,none,short,leap-down,-3,no,3,middle,no,no,no,
Sunless 06,0,11,1,G#3,56,u,Mitton measured,0.5,close,F3,3.16,inside,0,-5,none,none,short,leap-up,7,no,3,middle,no,no,no,
Sunless 06,0,11,2,A#3,58,u,Mitton measured,0.5,close,F3,5.16,inside,2,-3,none,none,short,step,2,no,3,middle,yes,no,no,highest of phrase
Sunless 06,0,11,3,E#3,53,ɑ,Mitton measured,0.25,open,D#4,-9.85,below primo,-3,-8,none,none,short,leap-down,-5,no,3,last,no,no,no,
Sunless 06,0,11,4,G#3,56,ɑ,Mitton measured,0.5,open,D#4,-6.85,inside,0,-5,3,5,short,leap-up,3,yes,4,first,no,no,no,fR2 rung
Sunless 06,0,12,1,A3,57,o,Mitton measured,1,open,B3,-1.83,inside,1,-4,none,none,short,step,1,no,4,middle,no,no,no,
Sunless 06,0,12,3,E3,52,ɨ,Mitton measured,0.25,open,G#3,-3.52,below primo,-4,-9,none,none,short,leap-down,-5,no,4,middle,no,no,no,
Sunless 06,0,12,3.5,F#3,54,ɨ,Mitton measured,0.25,open,G#3,-1.52,below primo,-2,-7,none,6,short,step,2,no,4,middle,no,no,no,fR2 rung
Sunless 06,0,12,4,E3,52,u,Mitton measured,0.25,open,F3,-0.84,below primo,-4,-9,none,5,short,step,-2,no,4,middle,no,no,no,fR2 rung
Sunless 06,0,12,4.5,C#3,49,u,Mitton measured,0.25,open,F3,-3.84,below primo,-7,-12,none,none,short,leap-down,-3,no,4,middle,no,no,no,
Sunless 06,0,13,1,G#3,56,o,Mitton measured,0.5,open,B3,-2.83,inside,0,-5,none,4,short,leap-up,7,no,4,middle,no,no,no,fR2 rung
Sunless 06,0,13,2,A#3,58,o,Mitton measured,0.25,open,B3,-0.83,inside,2,-3,none,none,short,step,2,no,4,middle,yes,no,no,highest of phrase
Sunless 06,0,13,2.5,E#3,53,i,Mitton measured,0.25,close,D3,2.86,below primo,-3,-8,none,none,short,leap-down,-5,no,4,middle,no,no,no,
Sunless 06,0,13,3,E#3,53,ɪ,Mitton measured,0.5,open,G3,-2.04,below primo,-3,-8,none,none,short,repeated,0,no,4,last,no,no,no,
Sunless 06,0,14,1,F#3,54,ɑ,Mitton measured,1,open,D#4,-8.85,below primo,-2,-7,none,none,short,step,1,yes,5,first,no,no,no,
Sunless 06,0,14,3,E3,52,ɨ,Mitton measured,0.5,open,G#3,-3.52,below primo,-4,-9,none,none,short,step,-2,no,5,middle,no,no,no,
Sunless 06,0,14,4,D3,50,ɑ,Mitton measured,0.5,open,D#4,-12.85,below primo,-6,-11,none,7,short,step,-2,no,5,middle,no,no,no,fR2 rung
Sunless 06,0,15,1,F#3,54,ɛ,Mitton measured,1,open,D4,-7.69,below primo,-2,-7,none,7,short,leap-up,4,no,5,middle,no,no,no,fR2 rung
Sunless 06,0,15,3,E3,52,ɨ,Mitton measured,0.5,open,G#3,-3.52,below primo,-4,-9,none,none,short,step,-2,no,5,middle,no,no,no,
Sunless 06,0,15,4,D3,50,ɪ,Mitton measured,0.5,open,G3,-5.04,below primo,-6,-11,none,none,short,step,-2,no,5,middle,no,no,no,
Sunless 06,0,16,1,C#3,49,ɛ,Mitton measured,0.5,open,D4,-12.69,below primo,-7,-12,none,none,short,step,-1,no,5,middle,no,no,no,
Sunless 06,0,16,2,C#4,61,ɛ,Mitton measured,0.5,open,D4,-0.69,inside,5,0,none,none,short,leap-up,12,no,5,middle,yes,yes,yes,highest of phrase
Sunless 06,0,16,3,A3,57,ɨ,Mitton measured,0.5,close,G#3,1.48,inside,1,-4,none,5,short,leap-down,-4,no,5,middle,no,no,no,turning pitch 0 to 2 st below; fR2 rung
Sunless 06,0,16,4,E#3,53,i,Mitton measured,0.5,close,D3,2.86,below primo,-3,-8,none,none,short,leap-down,-4,no,5,middle,no,no,no,
Sunless 06,0,17,1,C#3,49,u,Mitton measured,0.75,open,F3,-3.84,below primo,-7,-12,none,none,short,leap-down,-4,no,5,middle,no,no,no,
Sunless 06,0,17,2.5,D#3,51,u,Mitton measured,0.25,open,F3,-1.84,below primo,-5,-10,none,none,short,step,2,no,5,middle,no,no,no,
Sunless 06,0,17,3,E#3,53,none resolved,not assessed,0.5,not assessed,not assessed,not assessed,below primo,-3,-8,not assessed,not assessed,short,step,2,no,5,last,no,no,no,
Sunless 06,0,18,1,C#4,61,ɛ,Mitton measured,1,open,D4,-0.69,inside,5,0,none,none,short,leap-up,8,yes,6,first,yes,yes,yes,highest of phrase
Sunless 06,0,18,3,B#3,60,u,Mitton measured,0.25,close,F3,7.16,inside,4,-1,none,3,short,step,-1,no,6,last,no,yes,yes,fR2 rung
Sunless 06,0,18,4,E#3,53,ɑ,Mitton measured,0.5,open,D#4,-9.85,below primo,-3,-8,none,none,short,leap-down,-7,yes,7,first,no,no,no,
Sunless 06,0,19,1,G#3,56,ɑ,Mitton measured,1,open,D#4,-6.85,inside,0,-5,3,5,short,leap-up,3,no,7,middle,yes,no,no,highest of phrase; fR2 rung
Sunless 06,0,19,3,C#3,49,none resolved,not assessed,0.25,not assessed,not assessed,not assessed,below primo,-7,-12,not assessed,not assessed,short,leap-down,-7,no,7,last,no,no,no,
Sunless 06,0,19,4,E#3,53,ɑ,Mitton measured,0.25,open,D#4,-9.85,below primo,-3,-8,none,none,short,leap-up,4,yes,8,first,no,no,no,
Sunless 06,0,19,4.5,G#3,56,ɑ,Mitton measured,0.25,open,D#4,-6.85,inside,0,-5,3,5,short,leap-up,3,no,8,middle,no,no,no,fR2 rung
Sunless 06,0,20,1,C#4,61,ɑ,Mitton measured,1,open,D#4,-1.85,inside,5,0,none,none,short,leap-up,5,no,8,middle,yes,yes,yes,highest of phrase
Sunless 06,0,20,3,B#3,60,e,Mitton measured,0.25,close,G3,5.49,inside,4,-1,none,6,short,step,-1,no,8,middle,no,yes,yes,fR2 rung
Sunless 06,0,20,3.5,C#4,61,e,Mitton measured,0.25,close,G3,6.49,inside,5,0,none,none,short,step,1,no,8,middle,yes,yes,yes,highest of phrase
Sunless 06,0,20,4,B#3,60,o,Mitton measured,0.25,close,B3,1.17,inside,4,-1,none,none,short,step,-1,no,8,middle,no,yes,yes,turning pitch 0 to 2 st below
Sunless 06,0,20,4.5,E#3,53,o,Mitton measured,0.25,open,B3,-5.83,below primo,-3,-8,none,none,short,leap-down,-7,no,8,middle,no,no,no,
Sunless 06,0,21,1,A#3,58,ɛ,Mitton measured,0.5,open,D4,-3.69,inside,2,-3,none,none,short,leap-up,5,no,8,middle,no,no,no,
Sunless 06,0,21,2,G#3,56,ɨ,Mitton measured,0.25,close,G#3,0.48,inside,0,-5,none,none,short,step,-2,no,8,middle,no,no,no,turning pitch 0 to 2 st below
Sunless 06,0,21,2.5,F##3,55,ɨ,Mitton measured,0.25,open,G#3,-0.52,below primo,-1,-6,none,none,short,step,-1,no,8,middle,no,no,no,
Sunless 06,0,21,3,E#3,53,ɪ,Mitton measured,0.5,open,G3,-2.04,below primo,-3,-8,none,none,short,step,-2,no,8,last,no,no,no,
Sunless 06,0,22,1,F#3,54,o,Mitton measured,1,open,B3,-4.83,below primo,-2,-7,none,none,short,step,1,yes,9,first,no,no,no,
Sunless 06,0,22,3,G##3,57,ʌ,Mitton measured,0.5,open,D#4,-5.83,inside,1,-4,none,none,short,leap-up,3,no,9,middle,no,no,no,
Sunless 06,0,22,4,A#3,58,i,Mitton measured,0.5,close,D3,7.86,inside,2,-3,none,none,short,step,1,no,9,middle,no,no,no,
Sunless 06,0,23,1,A#3,58,o,Mitton measured,1,open,B3,-0.83,inside,2,-3,none,none,short,repeated,0,no,9,middle,no,no,no,
Sunless 06,0,23,3,G##3,57,ʌ,Mitton measured,0.5,open,D#4,-5.83,inside,1,-4,none,none,short,step,-1,no,9,middle,no,no,no,
Sunless 06,0,23,4,G#3,56,ɪ,Mitton measured,0.5,close,G3,0.96,inside,0,-5,none,none,short,step,-1,no,9,middle,no,no,no,turning pitch 0 to 2 st below
Sunless 06,0,24,1,B3,59,i,Mitton measured,0.5,close,D3,8.86,inside,3,-2,none,7,short,leap-up,3,no,9,middle,no,no,no,fR2 rung
Sunless 06,0,24,2,C#4,61,i,Mitton measured,0.5,close,D3,10.86,inside,5,0,none,6,short,step,2,no,9,middle,yes,yes,yes,highest of phrase; fR2 rung
Sunless 06,0,24,3,A3,57,ɨ,Mitton measured,0.5,close,G#3,1.48,inside,1,-4,none,5,short,leap-down,-4,no,9,middle,no,no,no,turning pitch 0 to 2 st below; fR2 rung
Sunless 06,0,24,4,E#3,53,ɑ,Mitton measured,0.5,open,D#4,-9.85,below primo,-3,-8,none,none,short,leap-down,-4,no,9,middle,no,no,no,
Sunless 06,0,25,1,G#3,56,u,Mitton measured,0.75,close,F3,3.16,inside,0,-5,none,none,short,leap-up,3,no,9,middle,no,no,no,
Sunless 06,0,25,2.5,E#3,53,u,Mitton measured,0.25,close,F3,0.16,below primo,-3,-8,none,none,short,leap-down,-3,no,9,middle,no,no,no,turning pitch 0 to 2 st below
Sunless 06,0,25,3,E#3,53,e,Mitton measured,0.5,open,G3,-1.51,below primo,-3,-8,none,none,short,repeated,0,no,9,last,no,no,no,
Sunless 06,0,26,1,B3,59,ɨ,Mitton measured,1,close,G#3,3.48,inside,3,-2,none,none,short,leap-up,6,yes,10,first,yes,no,no,highest of phrase
Sunless 06,0,26,3,A3,57,ɑ,Mitton measured,0.5,open,D#4,-5.85,inside,1,-4,none,none,short,step,-2,no,10,middle,no,no,no,
Sunless 06,0,26,4,F#3,54,none resolved,not assessed,0.5,not assessed,not assessed,not assessed,below primo,-2,-7,not assessed,not assessed,short,leap-down,-3,no,10,middle,no,no,no,
Sunless 06,0,27,1,A3,57,u,Mitton measured,1,close,F3,4.16,inside,1,-4,none,none,short,leap-up,3,no,10,middle,no,no,no,
Sunless 06,0,27,3,G#3,56,ɨ,Mitton measured,0.25,close,G#3,0.48,inside,0,-5,none,none,short,step,-1,no,10,last,no,no,no,turning pitch 0 to 2 st below
Sunless 06,0,27,4,C#4,61,i,Mitton measured,0.5,close,D3,10.86,inside,5,0,none,6,short,leap-up,5,yes,11,first,no,yes,yes,fR2 rung
Sunless 06,0,28,1,D4,62,ɑ,Mitton measured,1,open,D#4,-0.85,above secondo,6,1,none,none,short,step,1,no,11,middle,yes,yes,yes,highest of phrase
Sunless 06,0,28,3,B#3,60,i,Mitton measured,0.5,close,D3,9.86,inside,4,-1,none,none,short,step,-2,no,11,middle,no,yes,no,
Sunless 06,0,28,4,A3,57,ɛ,Mitton measured,0.5,open,D4,-4.69,inside,1,-4,none,6,short,leap-down,-3,no,11,middle,no,no,no,fR2 rung
Sunless 06,0,29,1,B#3,60,ɛ,Mitton measured,0.75,open,D4,-1.69,inside,4,-1,none,5,short,leap-up,3,no,11,middle,no,yes,yes,fR2 rung
Sunless 06,0,29,2.5,A3,57,ɨ,Mitton measured,0.25,close,G#3,1.48,inside,1,-4,none,5,short,leap-down,-3,no,11,middle,no,no,no,turning pitch 0 to 2 st below; fR2 rung
Sunless 06,0,29,3,G#3,56,ɛ,Mitton measured,0.5,open,D4,-5.69,inside,0,-5,none,none,short,step,-1,no,11,last,no,no,no,
Sunless 06,0,30,1,D#3,51,o,Mitton measured,0.5,open,B3,-7.83,below primo,-5,-10,none,none,short,leap-down,-5,yes,12,first,no,no,no,
Sunless 06,0,30,2,F#3,54,o,Mitton measured,0.5,open,B3,-4.83,below primo,-2,-7,none,none,short,leap-up,3,no,12,middle,no,no,no,
Sunless 06,0,30,3,A3,57,ʌ,Mitton measured,0.5,open,D#4,-5.83,inside,1,-4,none,none,short,leap-up,3,no,12,middle,no,no,no,
Sunless 06,0,30,4,E#3,53,i,Mitton measured,0.25,close,D3,2.86,below primo,-3,-8,none,none,short,leap-down,-4,no,12,middle,no,no,no,
Sunless 06,0,30,4.5,G#3,56,i,Mitton measured,0.25,close,D3,5.86,inside,0,-5,none,8,short,leap-up,3,no,12,middle,no,no,no,fR2 rung
Sunless 06,0,31,1,B3,59,ɛ,Mitton measured,0.75,open,D4,-2.69,inside,3,-2,none,none,short,leap-up,3,no,12,middle,yes,no,no,highest of phrase
Sunless 06,0,31,2.5,E#3,53,ʌ,Mitton measured,0.25,open,D#4,-9.83,below primo,-3,-8,none,none,short,leap-down,-6,no,12,middle,no,no,no,
Sunless 06,0,31,3,E#3,53,ɨ,Mitton measured,0.5,open,G#3,-2.52,below primo,-3,-8,none,none,short,repeated,0,no,12,last,no,no,no,
Sunless 06,0,32,1,C#4,61,u,Mitton measured,1,close,F3,8.16,inside,5,0,none,none,short,leap-up,8,yes,13,first,yes,yes,yes,highest of phrase
Sunless 06,0,32,3,A3,57,u,Mitton measured,0.5,close,F3,4.16,inside,1,-4,none,none,short,leap-down,-4,no,13,middle,no,no,no,
Sunless 06,0,32,4,E#3,53,ɑ,Mitton measured,0.5,open,D#4,-9.85,below primo,-3,-8,none,none,short,leap-down,-4,no,13,middle,no,no,no,
Sunless 06,0,33,1,G#3,56,u,Mitton measured,0.75,close,F3,3.16,inside,0,-5,none,none,short,leap-up,3,no,13,middle,no,no,no,
Sunless 06,0,33,2.5,C#3,49,u,Mitton measured,0.25,open,F3,-3.84,below primo,-7,-12,none,none,short,leap-down,-7,no,13,middle,no,no,no,
Sunless 06,0,33,3,C#3,49,i,Mitton measured,0.5,open,D3,-1.14,below primo,-7,-12,none,none,short,repeated,0,no,13,last,no,no,no,
Sunless 06,0,34,1,F#3,54,ɛ,Mitton measured,1,open,D4,-7.69,below primo,-2,-7,none,7,short,leap-up,5,yes,14,first,yes,no,no,highest of phrase; fR2 rung
Sunless 06,0,34,3,D#3,51,ɨ,Mitton measured,0.5,open,G#3,-4.52,below primo,-5,-10,none,7,short,leap-down,-3,no,14,last,no,no,no,fR2 rung
Sunless 06,0,34,4.5,F#3,54,u,Mitton measured,0.25,close,F3,1.16,below primo,-2,-7,none,none,short,leap-up,3,yes,15,first,no,no,no,turning pitch 0 to 2 st below
Sunless 06,0,35,1,A3,57,ɑ,Mitton measured,1,open,D#4,-5.85,inside,1,-4,none,none,short,leap-up,3,no,15,middle,yes,no,no,highest of phrase
Sunless 06,0,35,3,F#3,54,ɪ,Mitton measured,0.25,open,G3,-1.04,below primo,-2,-7,none,none,short,leap-down,-3,no,15,last,no,no,no,
Sunless 06,0,35,4.5,F#3,54,ʌ,Mitton measured,0.25,open,D#4,-8.83,below primo,-2,-7,none,none,short,repeated,0,yes,16,first,no,no,no,
Sunless 06,0,36,1,B3,59,ɑ,Mitton measured,1,open,D#4,-3.85,inside,3,-2,none,4,short,leap-up,5,no,16,middle,yes,no,no,highest of phrase; fR2 rung
Sunless 06,0,36,3,G#3,56,i,Mitton measured,0.5,close,D3,5.86,inside,0,-5,none,8,short,leap-down,-3,no,16,middle,no,no,no,fR2 rung
Sunless 06,0,36,4,B3,59,ɑ,Mitton measured,0.5,open,D#4,-3.85,inside,3,-2,none,4,short,leap-up,3,no,16,middle,yes,no,no,highest of phrase; fR2 rung
Sunless 06,0,37,1,A#3,58,e,Mitton measured,0.75,close,G3,3.49,inside,2,-3,none,none,short,step,-1,no,16,middle,no,no,no,
Sunless 06,0,37,2.5,D#3,51,i,Mitton measured,0.25,close,D3,0.86,below primo,-5,-10,none,none,short,leap-down,-7,no,16,middle,no,no,no,turning pitch 0 to 2 st below
Sunless 06,0,37,3,D#3,51,ɪ,Mitton measured,0.5,open,G3,-4.04,below primo,-5,-10,none,none,short,repeated,0,no,16,last,no,no,no,
Sunless 06,0,38,3,A3,57,u,Mitton measured,0.5,close,F3,4.16,inside,1,-4,none,none,short,leap-up,6,yes,17,first,no,no,no,
Sunless 06,0,38,4,E#3,53,ɑ,Mitton measured,0.25,open,D#4,-9.85,below primo,-3,-8,none,none,short,leap-down,-4,no,17,middle,no,no,no,
Sunless 06,0,38,4.5,G#3,56,e,Mitton measured,0.25,close,G3,1.49,inside,0,-5,none,none,short,leap-up,3,no,17,middle,no,no,no,turning pitch 0 to 2 st below
Sunless 06,0,39,1,B3,59,i,Mitton measured,0.75,close,D3,8.86,inside,3,-2,none,7,short,leap-up,3,no,17,middle,yes,no,no,highest of phrase; fR2 rung
Sunless 06,0,39,2.5,G#3,56,i,Mitton measured,0.25,close,D3,5.86,inside,0,-5,none,8,short,leap-down,-3,no,17,middle,no,no,no,fR2 rung
Sunless 06,0,39,3,G#3,56,o,Mitton measured,0.5,open,B3,-2.83,inside,0,-5,none,4,short,repeated,0,no,17,last,no,no,no,fR2 rung
Sunless 06,0,40,1,C#4,61,none resolved,not assessed,1,not assessed,not assessed,not assessed,inside,5,0,not assessed,not assessed,short,leap-up,5,yes,18,first,yes,yes,yes,highest of phrase
Sunless 06,0,40,3,A3,57,none resolved,not assessed,0.5,not assessed,not assessed,not assessed,inside,1,-4,not assessed,not assessed,short,leap-down,-4,no,18,middle,no,no,no,
Sunless 06,0,40,4,E#3,53,none resolved,not assessed,0.5,not assessed,not assessed,not assessed,below primo,-3,-8,not assessed,not assessed,short,leap-down,-4,no,18,middle,no,no,no,
Sunless 06,0,41,1,G#3,56,none resolved,not assessed,0.75,not assessed,not assessed,not assessed,inside,0,-5,not assessed,not assessed,short,leap-up,3,no,18,middle,no,no,no,
Sunless 06,0,41,2.5,E#3,53,none resolved,not assessed,0.25,not assessed,not assessed,not assessed,below primo,-3,-8,not assessed,not assessed,short,leap-down,-3,no,18,middle,no,no,no,
Sunless 06,0,41,3,E#3,53,none resolved,not assessed,0.5,not assessed,not assessed,not assessed,below primo,-3,-8,not assessed,not assessed,short,repeated,0,no,18,last,no,no,no,
Sunless 06,0,42,3,A3,57,none resolved,not assessed,0.5,not assessed,not assessed,not assessed,inside,1,-4,not assessed,not assessed,short,leap-up,4,yes,19,first,no,no,no,
Sunless 06,0,42,4,E#3,53,none resolved,not assessed,0.25,not assessed,not assessed,not assessed,below primo,-3,-8,not assessed,not assessed,short,leap-down,-4,no,19,middle,no,no,no,
Sunless 06,0,42,4.5,G#3,56,none resolved,not assessed,0.25,not assessed,not assessed,not assessed,inside,0,-5,not assessed,not assessed,short,leap-up,3,no,19,middle,no,no,no,
Sunless 06,0,43,1,B3,59,none resolved,not assessed,0.5,not assessed,not assessed,not assessed,inside,3,-2,not assessed,not assessed,short,leap-up,3,no,19,last,yes,no,no,highest of phrase
Sunless 06,0,43,3,B#3,60,none resolved,not assessed,0.75,not assessed,not assessed,not assessed,inside,4,-1,not assessed,not assessed,short,step,1,yes,20,first,no,yes,no,
Sunless 06,0,43,4.5,C#4,61,none resolved,not assessed,0.25,not assessed,not assessed,not assessed,inside,5,0,not assessed,not assessed,short,step,1,no,20,middle,yes,yes,yes,highest of phrase
Sunless 06,0,44,1,C#4,61,none resolved,not assessed,1,not assessed,not assessed,not assessed,inside,5,0,not assessed,not assessed,short,repeated,0,no,20,middle,yes,yes,yes,highest of phrase
Sunless 06,0,44,3,G##3,57,none resolved,not assessed,0.5,not assessed,not assessed,not assessed,inside,1,-4,not assessed,not assessed,short,leap-down,-4,no,20,middle,no,no,no,
Sunless 06,0,44,4,E#3,53,none resolved,not assessed,0.5,not assessed,not assessed,not assessed,below primo,-3,-8,not assessed,not assessed,short,leap-down,-4,no,20,middle,no,no,no,
Sunless 06,0,45,1,C#3,49,none resolved,not assessed,0.75,not assessed,not assessed,not assessed,below primo,-7,-12,not assessed,not assessed,short,leap-down,-4,no,20,middle,no,no,no,
Sunless 06,0,45,2.5,D#3,51,none resolved,not assessed,0.25,not assessed,not assessed,not assessed,below primo,-5,-10,not assessed,not assessed,short,step,2,no,20,middle,no,no,no,
Sunless 06,0,45,3,E#3,53,none resolved,not assessed,0.5,not assessed,not assessed,not assessed,below primo,-3,-8,not assessed,not assessed,short,step,2,no,20,last,no,no,no,
Sunless 06,0,46,1,D#3,51,none resolved,not assessed,0.5,not assessed,not assessed,not assessed,below primo,-5,-10,not assessed,not assessed,short,step,-2,yes,21,first,no,no,no,
Sunless 06,0,46,2,F#3,54,none resolved,not assessed,0.5,not assessed,not assessed,not assessed,below primo,-2,-7,not assessed,not assessed,short,leap-up,3,no,21,middle,no,no,no,
Sunless 06,0,46,3,A3,57,none resolved,not assessed,0.5,not assessed,not assessed,not assessed,inside,1,-4,not assessed,not assessed,short,leap-up,3,no,21,middle,no,no,no,
Sunless 06,0,46,4,E#3,53,none resolved,not assessed,0.25,not assessed,not assessed,not assessed,below primo,-3,-8,not assessed,not assessed,short,leap-down,-4,no,21,middle,no,no,no,
Sunless 06,0,46,4.5,G#3,56,none resolved,not assessed,0.25,not assessed,not assessed,not assessed,inside,0,-5,not assessed,not assessed,short,leap-up,3,no,21,middle,no,no,no,
Sunless 06,0,47,1,B3,59,none resolved,not assessed,0.5,not assessed,not assessed,not assessed,inside,3,-2,not assessed,not assessed,short,leap-up,3,no,21,middle,yes,no,no,highest of phrase
Sunless 06,0,47,2,B3,59,none resolved,not assessed,0.25,not assessed,not assessed,not assessed,inside,3,-2,not assessed,not assessed,short,tie,0,no,21,last,yes,no,no,highest of phrase
Sunless 06,0,47,3,B#3,60,none resolved,not assessed,0.5,not assessed,not assessed,not assessed,inside,4,-1,not assessed,not assessed,short,step,1,yes,22,first,no,yes,no,
Sunless 06,0,47,4,C#4,61,none resolved,not assessed,0.5,not assessed,not assessed,not assessed,inside,5,0,not assessed,not assessed,short,step,1,no,22,middle,yes,yes,yes,highest of phrase
Sunless 06,0,48,1,A3,57,none resolved,not assessed,1,not assessed,not assessed,not assessed,inside,1,-4,not assessed,not assessed,short,leap-down,-4,no,22,middle,no,no,no,
Sunless 06,0,48,3,E#3,53,none resolved,not assessed,0.5,not assessed,not assessed,not assessed,below primo,-3,-8,not assessed,not assessed,short,leap-down,-4,no,22,middle,no,no,no,
Sunless 06,0,48,4,D3,50,none resolved,not assessed,0.5,not assessed,not assessed,not assessed,below primo,-6,-11,not assessed,not assessed,short,leap-down,-3,no,22,middle,no,no,no,
Sunless 06,0,49,1,C#3,49,none resolved,not assessed,0.75,not assessed,not assessed,not assessed,below primo,-7,-12,not assessed,not assessed,short,step,-1,no,22,middle,no,no,no,
Sunless 06,0,49,2.5,C#3,49,none resolved,not assessed,0.25,not assessed,not assessed,not assessed,below primo,-7,-12,not assessed,not assessed,short,repeated,0,no,22,middle,no,no,no,
Sunless 06,0,49,3,C#3,49,none resolved,not assessed,0.5,not assessed,not assessed,not assessed,below primo,-7,-12,not assessed,not assessed,short,repeated,0,no,22,last,no,no,no,
Kabalevsky T01,0,4,3,C3,48,i,Mitton measured,0.952,open,D3,-2.14,below primo,-8,-13,none,none,short,first note,,,0,first,no,no,no,
Kabalevsky T01,0,5,1,C3,48,ɛ,Mitton measured,1.905,open,D4,-13.69,below primo,-8,-13,none,none,short,repeated,0,no,0,middle,no,no,no,
Kabalevsky T01,0,5,3,D3,50,i,Mitton measured,0.952,open,D3,-0.14,below primo,-6,-11,none,none,short,step,2,no,0,middle,no,no,no,
Kabalevsky T01,0,6,1,D3,50,ɑ,Mitton measured,1.905,open,D#4,-12.85,below primo,-6,-11,none,7,short,repeated,0,no,0,middle,no,no,no,fR2 rung
Kabalevsky T01,0,6,3,E3,52,i,Mitton measured,0.952,close,D3,1.86,below primo,-4,-9,none,none,short,step,2,no,0,middle,no,no,no,turning pitch 0 to 2 st below
Kabalevsky T01,0,7,1,E3,52,o,Mitton measured,1.429,open,B3,-6.83,below primo,-4,-9,3,5,short,repeated,0,no,0,middle,no,no,no,fR2 rung
Kabalevsky T01,0,7,2.5,F3,53,none resolved,not assessed,0.476,not assessed,not assessed,not assessed,below primo,-3,-8,not assessed,not assessed,short,step,1,no,0,middle,no,no,no,
Kabalevsky T01,0,7,3,G3,55,ʌ,Mitton measured,0.476,open,D#4,-7.83,below primo,-1,-6,none,6,short,step,2,no,0,middle,no,no,no,fR2 rung
Kabalevsky T01,0,7,3.5,F3,53,ɑ,Mitton measured,0.476,open,D#4,-9.85,below primo,-3,-8,none,none,short,step,-2,no,0,middle,no,no,no,
Kabalevsky T01,0,8,1,A3,57,i,Mitton measured,1.905,close,D3,6.86,inside,1,-4,none,none,short,leap-up,4,no,0,middle,no,no,no,
Kabalevsky T01,0,8,3,D3,50,i,Mitton measured,0.952,open,D3,-0.14,below primo,-6,-11,none,none,short,leap-down,-7,no,0,middle,no,no,no,
Kabalevsky T01,0,9,1,Bb3,58,ɛ,Mitton measured,1.905,open,D4,-3.69,inside,2,-3,none,none,short,leap-up,8,no,0,middle,yes,no,no,highest of phrase
Kabalevsky T01,0,9,3,F3,53,i,Mitton measured,0.952,close,D3,2.86,below primo,-3,-8,none,none,short,leap-down,-5,no,0,middle,no,no,no,
Kabalevsky T01,0,10,1,E3,52,ɑ,Mitton measured,1.905,open,D#4,-10.85,below primo,-4,-9,none,6,short,step,-1,no,0,last,no,no,no,fR2 rung
Kabalevsky T01,0,10,3,C3,48,ɪ,Mitton measured,0.952,open,G3,-7.04,below primo,-8,-13,3,none,short,leap-down,-4,no,1,first,no,no,no,
Kabalevsky T01,0,11,1,C4,60,ɑ,Mitton measured,1.429,open,D#4,-2.85,inside,4,-1,none,none,short,leap-up,12,no,1,middle,yes,yes,yes,highest of phrase
Kabalevsky T01,0,11,2.5,A3,57,u,Mitton measured,0.476,close,F3,4.16,inside,1,-4,none,none,short,leap-down,-3,no,1,middle,no,no,no,
Kabalevsky T01,0,11,3,A3,57,u,Mitton measured,0.476,close,F3,4.16,inside,1,-4,none,none,short,repeated,0,no,1,middle,no,no,no,
Kabalevsky T01,0,11,3.5,G3,55,o,Mitton measured,0.476,open,B3,-3.83,below primo,-1,-6,none,none,short,step,-2,no,1,middle,no,no,no,
Kabalevsky T01,0,12,1,A3,57,i,Mitton measured,1.905,close,D3,6.86,inside,1,-4,none,none,short,step,2,no,1,middle,no,no,no,
Kabalevsky T01,0,12,3,A3,57,ɨ,Mitton measured,0.952,close,G#3,1.48,inside,1,-4,none,5,short,repeated,0,no,1,last,no,no,no,turning pitch 0 to 2 st below; fR2 rung
Kabalevsky T01,0,13,3,D3,50,o,Mitton measured,0.952,open,B3,-8.83,below primo,-6,-11,none,none,short,leap-down,-7,yes,2,first,no,no,no,
Kabalevsky T01,0,14,1,Bb3,58,u,Mitton measured,1.905,close,F3,5.16,inside,2,-3,none,none,short,leap-up,8,no,2,middle,no,no,no,
Kabalevsky T01,0,14,3,A3,57,u,Mitton measured,0.952,close,F3,4.16,inside,1,-4,none,none,short,step,-1,no,2,middle,no,no,no,
Kabalevsky T01,0,15,1,G3,55,ɨ,Mitton measured,0.476,open,G#3,-0.52,below primo,-1,-6,none,none,short,step,-2,no,2,middle,no,no,no,
Kabalevsky T01,0,15,1.5,F3,53,ɑ,Mitton measured,0.476,open,D#4,-9.85,below primo,-3,-8,none,none,short,step,-2,no,2,middle,no,no,no,
Kabalevsky T01,0,15,2,E3,52,e,Mitton measured,0.952,open,G3,-2.51,below primo,-4,-9,none,none,short,step,-1,no,2,middle,no,no,no,
Kabalevsky T01,0,15,3,A2,45,ɪ,Mitton measured,0.952,open,G3,-10.04,below primo,-11,-16,none,none,short,leap-down,-7,no,2,middle,no,no,no,
Kabalevsky T01,0,16,1,F3,53,o,Mitton measured,1.905,open,B3,-5.83,below primo,-3,-8,none,none,short,leap-up,8,no,2,middle,no,no,no,
Kabalevsky T01,0,16,3,E3,52,none resolved,not assessed,0.952,not assessed,not assessed,not assessed,below primo,-4,-9,not assessed,not assessed,short,step,-1,no,2,middle,no,no,no,
Kabalevsky T01,0,17,1,D3,50,i,Mitton measured,1.905,open,D3,-0.14,below primo,-6,-11,none,none,short,step,-2,no,2,middle,no,no,no,
Kabalevsky T01,0,17,3,D3,50,o,Mitton measured,0.952,open,B3,-8.83,below primo,-6,-11,none,none,short,repeated,0,no,2,middle,no,no,no,
Kabalevsky T01,0,18,1,D4,62,o,Mitton measured,1.429,close,B3,3.17,above secondo,6,1,none,none,short,leap-up,12,no,2,middle,yes,yes,yes,highest of phrase
Kabalevsky T01,0,18,2.5,C4,60,ɑ,Mitton measured,0.476,open,D#4,-2.85,inside,4,-1,none,none,short,step,-2,no,2,middle,no,yes,no,
Kabalevsky T01,0,18,3,Bb3,58,ɪ,Mitton measured,0.476,close,G3,2.96,inside,2,-3,none,7,short,step,-2,no,2,middle,no,no,no,fR2 rung
Kabalevsky T01,0,18,3.5,A3,57,i,Mitton measured,0.476,close,D3,6.86,inside,1,-4,none,none,short,step,-1,no,2,middle,no,no,no,
Kabalevsky T01,0,19,1,Bb3,58,e,Mitton measured,1.429,close,G3,3.49,inside,2,-3,none,none,short,step,1,no,2,middle,no,no,no,
Kabalevsky T01,0,19,2.5,A3,57,ɪ,Mitton measured,0.476,close,G3,1.96,inside,1,-4,none,none,short,step,-1,no,2,middle,no,no,no,turning pitch 0 to 2 st below
Kabalevsky T01,0,19,3,G3,55,ʌ,Mitton measured,0.476,open,D#4,-7.83,below primo,-1,-6,none,6,short,step,-2,no,2,middle,no,no,no,fR2 rung
Kabalevsky T01,0,19,3.5,F3,53,ɑ,Mitton measured,0.476,open,D#4,-9.85,below primo,-3,-8,none,none,short,step,-2,no,2,middle,no,no,no,
Kabalevsky T01,0,20,1,G3,55,i,Mitton measured,1.905,close,D3,4.86,below primo,-1,-6,none,none,short,step,2,no,2,middle,no,no,no,
Kabalevsky T01,0,20,3,G3,55,ʌ,Mitton measured,0.952,open,D#4,-7.83,below primo,-1,-6,none,6,short,repeated,0,no,2,last,no,no,no,fR2 rung
Kabalevsky T01,0,22,1,Eb3,51,ɨ,Mitton measured,0.952,open,G#3,-4.52,below primo,-5,-10,none,7,short,leap-down,-4,yes,3,first,no,no,no,fR2 rung
Kabalevsky T01,0,22,2,Eb3,51,ʌ,Mitton measured,0.952,open,D#4,-11.83,below primo,-5,-10,4,none,short,repeated,0,no,3,middle,no,no,no,
Kabalevsky T01,0,22,3,Eb3,51,ɑ,Mitton measured,0.952,open,D#4,-11.85,below primo,-5,-10,4,none,short,repeated,0,no,3,middle,no,no,no,
Kabalevsky T01,0,23,1,F3,53,i,Mitton measured,1.905,close,D3,2.86,below primo,-3,-8,none,none,short,step,2,no,3,middle,no,no,no,
Kabalevsky T01,0,23,3,Ab3,56,i,Mitton measured,0.952,close,D3,5.86,inside,0,-5,none,8,short,leap-up,3,no,3,middle,no,no,no,fR2 rung
Kabalevsky T01,0,24,1,G3,55,ɨ,Mitton measured,1.429,open,G#3,-0.52,below primo,-1,-6,none,none,short,step,-1,no,3,middle,no,no,no,
Kabalevsky T01,0,24,2.5,F3,53,i,Mitton measured,0.476,close,D3,2.86,below primo,-3,-8,none,none,short,step,-2,no,3,middle,no,no,no,
Kabalevsky T01,0,24,3,G3,55,ʌ,Mitton measured,0.476,open,D#4,-7.83,below primo,-1,-6,none,6,short,step,2,no,3,middle,no,no,no,fR2 rung
Kabalevsky T01,0,24,3.5,Bb3,58,ɑ,Mitton measured,0.476,open,D#4,-4.85,inside,2,-3,none,none,short,leap-up,3,no,3,middle,yes,no,no,highest of phrase
Kabalevsky T01,0,25,1,Eb3,51,u,Mitton measured,1.429,open,F3,-1.84,below primo,-5,-10,none,none,short,leap-down,-7,no,3,middle,no,no,no,
Kabalevsky T01,0,25,2.5,Eb3,51,ɑ,Mitton measured,0.476,open,D#4,-11.85,below primo,-5,-10,4,none,short,repeated,0,no,3,middle,no,no,no,
Kabalevsky T01,0,25,3,Eb3,51,ʌ,Mitton measured,0.476,open,D#4,-11.83,below primo,-5,-10,4,none,short,repeated,0,no,3,middle,no,no,no,
Kabalevsky T01,0,25,3.5,Eb3,51,i,Mitton measured,0.476,close,D3,0.86,below primo,-5,-10,none,none,short,repeated,0,no,3,middle,no,no,no,turning pitch 0 to 2 st below
Kabalevsky T01,0,26,1,Fb3,52,ɑ,Mitton measured,1.905,open,D#4,-10.85,below primo,-4,-9,none,6,short,step,1,no,3,middle,no,no,no,fR2 rung
Kabalevsky T01,0,26,3,Db3,49,i,Mitton measured,0.952,open,D3,-1.14,below primo,-7,-12,none,none,short,leap-down,-3,no,3,middle,no,no,no,
Kabalevsky T01,0,27,1,Ab3,56,o,Mitton measured,1.429,open,B3,-2.83,inside,0,-5,none,4,short,leap-up,7,no,3,middle,no,no,no,fR2 rung
Kabalevsky T01,0,27,2.5,Fb3,52,ɪ,Mitton measured,0.476,open,G3,-3.04,below primo,-4,-9,none,none,short,leap-down,-4,no,3,middle,no,no,no,
Kabalevsky T01,0,27,3,Db3,49,ʌ,Mitton measured,0.476,open,D#4,-13.83,below primo,-7,-12,none,none,short,leap-down,-3,no,3,middle,no,no,no,
Kabalevsky T01,0,27,3.5,Bb2,46,ɑ,Mitton measured,0.476,open,D#4,-16.85,below primo,-10,-15,none,none,short,leap-down,-3,no,3,middle,no,no,no,
Kabalevsky T01,0,28,1,Eb3,51,i,Mitton measured,1.905,close,D3,0.86,below primo,-5,-10,none,none,short,leap-up,5,no,3,middle,no,no,no,turning pitch 0 to 2 st below
Kabalevsky T01,0,28,3,Eb3,51,none resolved,not assessed,0.952,not assessed,not assessed,not assessed,below primo,-5,-10,not assessed,not assessed,short,repeated,0,no,3,last,no,no,no,
Kabalevsky T01,0,29,3,Eb3,51,ɑ,Mitton measured,0.952,open,D#4,-11.85,below primo,-5,-10,4,none,short,repeated,0,yes,4,first,no,no,no,
Kabalevsky T01,0,30,1,Ab3,56,ɑ,Mitton measured,1.429,open,D#4,-6.85,inside,0,-5,3,5,short,leap-up,5,no,4,middle,no,no,no,fR2 rung
Kabalevsky T01,0,30,2.5,Ab3,56,i,Mitton measured,0.476,close,D3,5.86,inside,0,-5,none,8,short,repeated,0,no,4,middle,no,no,no,fR2 rung
Kabalevsky T01,0,30,3,Ab3,56,ɪ,Mitton measured,0.476,close,G3,0.96,inside,0,-5,none,none,short,repeated,0,no,4,middle,no,no,no,turning pitch 0 to 2 st below
Kabalevsky T01,0,30,3.5,Ab3,56,ɑ,Mitton measured,0.476,open,D#4,-6.85,inside,0,-5,3,5,short,repeated,0,no,4,middle,no,no,no,fR2 rung
Kabalevsky T01,0,31,1,G3,55,o,Mitton measured,1.429,open,B3,-3.83,below primo,-1,-6,none,none,short,step,-1,no,4,middle,no,no,no,
Kabalevsky T01,0,31,2.5,Eb3,51,ɑ,Mitton measured,0.476,open,D#4,-11.85,below primo,-5,-10,4,none,short,leap-down,-4,no,4,middle,no,no,no,
Kabalevsky T01,0,31,3,Eb3,51,ʌ,Mitton measured,0.476,open,D#4,-11.83,below primo,-5,-10,4,none,short,repeated,0,no,4,middle,no,no,no,
Kabalevsky T01,0,31,3.5,Eb3,51,ɪ,Mitton measured,0.476,open,G3,-4.04,below primo,-5,-10,none,none,short,repeated,0,no,4,middle,no,no,no,
Kabalevsky T01,0,32,1,Cb4,59,u,Mitton measured,2.857,close,F3,6.16,inside,3,-2,none,none,held,leap-up,8,no,4,middle,no,no,no,held
Kabalevsky T01,0,33,1,Cb4,59,u,Mitton measured,1.905,close,F3,6.16,inside,3,-2,none,none,held,tie,0,no,4,middle,no,no,no,held
Kabalevsky T01,0,33,3,B3,59,ɑ,Mitton measured,0.952,open,D#4,-3.85,inside,3,-2,none,4,short,repeated,0,no,4,middle,no,no,no,fR2 rung
Kabalevsky T01,0,34,1,B3,59,o,Mitton measured,1.905,close,B3,0.17,inside,3,-2,none,none,short,repeated,0,no,4,middle,no,no,no,turning pitch 0 to 2 st below
Kabalevsky T01,0,34,3,G#3,56,i,Mitton measured,0.952,close,D3,5.86,inside,0,-5,none,8,short,leap-down,-3,no,4,middle,no,no,no,fR2 rung
Kabalevsky T01,0,35,1,G#3,56,u,Mitton measured,1.905,close,F3,3.16,inside,0,-5,none,none,short,repeated,0,no,4,middle,no,no,no,
Kabalevsky T01,0,35,3,B3,59,ɑ,Mitton measured,0.952,open,D#4,-3.85,inside,3,-2,none,4,short,leap-up,3,no,4,middle,no,no,no,fR2 rung
Kabalevsky T01,0,36,1,B3,59,ɨ,Mitton measured,1.429,close,G#3,3.48,inside,3,-2,none,none,short,repeated,0,no,4,middle,no,no,no,
Kabalevsky T01,0,36,2.5,G3,55,ɑ,Mitton measured,0.476,open,D#4,-7.85,below primo,-1,-6,none,none,short,leap-down,-4,no,4,middle,no,no,no,
Kabalevsky T01,0,36,3,A3,57,ɑ,Mitton measured,0.476,open,D#4,-5.85,inside,1,-4,none,none,short,step,2,no,4,middle,no,no,no,
Kabalevsky T01,0,36,3.5,G3,55,ɑ,Mitton measured,0.476,open,D#4,-7.85,below primo,-1,-6,none,none,short,step,-2,no,4,middle,no,no,no,
Kabalevsky T01,0,37,1,E4,64,i,Mitton measured,2.857,above,D3,13.86,above secondo,8,3,none,none,held,leap-up,9,no,4,middle,yes,no,no,held; highest of phrase
Kabalevsky T01,0,38,1,E4,64,i,Mitton measured,1.429,above,D3,13.86,above secondo,8,3,none,none,held,tie,0,no,4,middle,yes,no,no,held; highest of phrase
Kabalevsky T01,0,38,2.5,C4,60,ɑ,Mitton measured,0.476,open,D#4,-2.85,inside,4,-1,none,none,short,leap-down,-4,no,4,last,no,yes,no,
Kabalevsky T01,0,40,3,C3,48,o,Mitton measured,0.952,open,B3,-10.83,below primo,-8,-13,none,none,short,leap-down,-12,yes,5,first,yes,no,no,highest of phrase
Kabalevsky T01,0,41,1,C3,48,ɑ,Mitton measured,1.429,open,D#4,-14.85,below primo,-8,-13,none,none,short,repeated,0,no,5,middle,yes,no,no,highest of phrase
Kabalevsky T01,0,41,2.5,C3,48,ɑ,Mitton measured,0.476,open,D#4,-14.85,below primo,-8,-13,none,none,short,repeated,0,no,5,middle,yes,no,no,highest of phrase
Kabalevsky T01,0,41,3,C3,48,i,Mitton measured,0.476,open,D3,-2.14,below primo,-8,-13,none,none,short,repeated,0,no,5,last,yes,no,no,highest of phrase
Kabalevsky T01,0,41,3.5,D3,50,ɑ,Mitton measured,0.476,open,D#4,-12.85,below primo,-6,-11,none,7,short,step,2,no,6,first,no,no,no,fR2 rung
Kabalevsky T01,0,42,1,D3,50,o,Mitton measured,1.429,open,B3,-8.83,below primo,-6,-11,none,none,short,repeated,0,no,6,middle,no,no,no,
Kabalevsky T01,0,42,2.5,E3,52,ɨ,Mitton measured,0.476,open,G#3,-3.52,below primo,-4,-9,none,none,short,step,2,no,6,middle,no,no,no,
Kabalevsky T01,0,42,3,F3,53,ɨ,Mitton measured,0.476,open,G#3,-2.52,below primo,-3,-8,none,none,short,step,1,no,6,middle,no,no,no,
Kabalevsky T01,0,42,3.5,D3,50,o,Mitton measured,0.476,open,B3,-8.83,below primo,-6,-11,none,none,short,leap-down,-3,no,6,middle,no,no,no,
Kabalevsky T01,0,43,1,A3,57,i,Mitton measured,2.857,close,D3,6.86,inside,1,-4,none,none,held,leap-up,7,no,6,middle,no,no,no,held
Kabalevsky T01,0,44,1,A3,57,i,Mitton measured,1.429,close,D3,6.86,inside,1,-4,none,none,held,tie,0,no,6,middle,no,no,no,held
Kabalevsky T01,0,44,2.5,D3,50,o,Mitton measured,0.476,open,B3,-8.83,below primo,-6,-11,none,none,short,leap-down,-7,no,6,middle,no,no,no,
Kabalevsky T01,0,44,3,D3,50,ɪ,Mitton measured,0.476,open,G3,-5.04,below primo,-6,-11,none,none,short,repeated,0,no,6,middle,no,no,no,
Kabalevsky T01,0,44,3.5,D3,50,ɑ,Mitton measured,0.476,open,D#4,-12.85,below primo,-6,-11,none,7,short,repeated,0,no,6,middle,no,no,no,fR2 rung
Kabalevsky T01,0,45,1,Bb3,58,o,Mitton measured,1.905,open,B3,-0.83,inside,2,-3,none,none,short,leap-up,8,no,6,middle,no,no,no,
Kabalevsky T01,0,45,3,F3,53,i,Mitton measured,0.952,close,D3,2.86,below primo,-3,-8,none,none,short,leap-down,-5,no,6,middle,no,no,no,
Kabalevsky T01,0,46,1,E3,52,o,Mitton measured,1.429,open,B3,-6.83,below primo,-4,-9,3,5,short,step,-1,no,6,middle,no,no,no,fR2 rung
Kabalevsky T01,0,46,2.5,C3,48,ɪ,Mitton measured,0.476,open,G3,-7.04,below primo,-8,-13,3,none,short,leap-down,-4,no,6,middle,no,no,no,
Kabalevsky T01,0,46,3,D3,50,o,Mitton measured,0.476,open,B3,-8.83,below primo,-6,-11,none,none,short,step,2,no,6,middle,no,no,no,
Kabalevsky T01,0,46,3.5,C3,48,u,Mitton measured,0.476,open,F3,-4.84,below primo,-8,-13,none,6,short,step,-2,no,6,middle,no,no,no,fR2 rung
Kabalevsky T01,0,47,1,C4,60,ɨ,Mitton measured,2.857,close,G#3,4.48,inside,4,-1,none,none,held,leap-up,12,no,6,middle,yes,yes,yes,held; highest of phrase
Kabalevsky T01,0,48,1,C4,60,ɨ,Mitton measured,0.952,close,G#3,4.48,inside,4,-1,none,none,held,tie,0,no,6,middle,yes,yes,yes,held; highest of phrase
Kabalevsky T01,0,48,2,A3,57,ɨ,Mitton measured,0.952,close,G#3,1.48,inside,1,-4,none,5,short,leap-down,-3,no,6,last,no,no,no,turning pitch 0 to 2 st below; fR2 rung
Kabalevsky T01,0,48,3,D3,50,i,Mitton measured,0.952,open,D3,-0.14,below primo,-6,-11,none,none,short,leap-down,-7,no,7,first,no,no,no,
Kabalevsky T01,0,49,1,Bb3,58,i,Mitton measured,1.905,close,D3,7.86,inside,2,-3,none,none,short,leap-up,8,no,7,middle,no,no,no,
Kabalevsky T01,0,49,3,A3,57,ʌ,Mitton measured,0.952,open,D#4,-5.83,inside,1,-4,none,none,short,step,-1,no,7,middle,no,no,no,
Kabalevsky T01,0,50,1,G3,55,ɑ,Mitton measured,0.476,open,D#4,-7.85,below primo,-1,-6,none,none,short,step,-2,no,7,middle,no,no,no,
Kabalevsky T01,0,50,1.5,F3,53,i,Mitton measured,0.476,close,D3,2.86,below primo,-3,-8,none,none,short,step,-2,no,7,middle,no,no,no,
Kabalevsky T01,0,50,2,E3,52,o,Mitton measured,0.952,open,B3,-6.83,below primo,-4,-9,3,5,short,step,-1,no,7,middle,no,no,no,fR2 rung
Kabalevsky T01,0,50,3,A2,45,i,Mitton measured,0.952,open,D3,-5.14,below primo,-11,-16,none,none,short,leap-down,-7,no,7,middle,no,no,no,
Kabalevsky T01,0,51,1,F3,53,e,Mitton measured,1.905,open,G3,-1.51,below primo,-3,-8,none,none,short,leap-up,8,no,7,middle,no,no,no,
Kabalevsky T01,0,51,3,E3,52,ɑ,Mitton measured,0.952,open,D#4,-10.85,below primo,-4,-9,none,6,short,step,-1,no,7,middle,no,no,no,fR2 rung
Kabalevsky T01,0,52,1,D3,50,i,Mitton measured,1.429,open,D3,-0.14,below primo,-6,-11,none,none,short,step,-2,no,7,middle,no,no,no,
Kabalevsky T01,0,52,2.5,D3,50,ɑ,Mitton measured,0.476,open,D#4,-12.85,below primo,-6,-11,none,7,short,repeated,0,no,7,middle,no,no,no,fR2 rung
Kabalevsky T01,0,52,3,D3,50,ɑ,Mitton measured,0.476,open,D#4,-12.85,below primo,-6,-11,none,7,short,repeated,0,no,7,middle,no,no,no,fR2 rung
Kabalevsky T01,0,52,3.5,D3,50,u,Mitton measured,0.476,open,F3,-2.84,below primo,-6,-11,none,none,short,repeated,0,no,7,middle,no,no,no,
Kabalevsky T01,0,53,1,D4,62,u,Mitton measured,1.905,close,F3,9.16,above secondo,6,1,none,none,short,leap-up,12,no,7,middle,yes,yes,yes,highest of phrase
Kabalevsky T01,0,53,3,A3,57,ɛ,Mitton measured,0.952,open,D4,-4.69,inside,1,-4,none,6,short,leap-down,-5,no,7,middle,no,no,no,fR2 rung
Kabalevsky T01,0,54,1,Bb3,58,ɛ,Mitton measured,1.429,open,D4,-3.69,inside,2,-3,none,none,short,step,1,no,7,middle,no,no,no,
Kabalevsky T01,0,54,2.5,A3,57,o,Mitton measured,0.476,open,B3,-1.83,inside,1,-4,none,none,short,step,-1,no,7,middle,no,no,no,
Kabalevsky T01,0,54,3,G3,55,ɨ,Mitton measured,0.476,open,G#3,-0.52,below primo,-1,-6,none,none,short,step,-2,no,7,middle,no,no,no,
Kabalevsky T01,0,54,3.5,D3,50,ɪ,Mitton measured,0.476,open,G3,-5.04,below primo,-6,-11,none,none,short,leap-down,-5,no,7,middle,no,no,no,
Kabalevsky T01,0,55,1,F3,53,ɨ,Mitton measured,1.905,open,G#3,-2.52,below primo,-3,-8,none,none,short,leap-up,3,no,7,middle,no,no,no,
Kabalevsky T01,0,55,3,E3,52,ɨ,Mitton measured,0.952,open,G#3,-3.52,below primo,-4,-9,none,none,short,step,-1,no,7,last,no,no,no,
Kabalevsky T01,0,57,1,C3,48,ɨ,Mitton measured,0.952,open,G#3,-7.52,below primo,-8,-13,none,none,short,leap-down,-4,yes,8,first,no,no,no,
Kabalevsky T01,0,57,2,D3,50,u,Mitton measured,0.952,open,F3,-2.84,below primo,-6,-11,none,none,short,step,2,no,8,middle,no,no,no,
Kabalevsky T01,0,57,3,C3,48,ɪ,Mitton measured,0.952,open,G3,-7.04,below primo,-8,-13,3,none,short,step,-2,no,8,middle,no,no,no,
Kabalevsky T01,0,58,1,F3,53,ɨ,Mitton measured,1.905,open,G#3,-2.52,below primo,-3,-8,none,none,short,leap-up,5,no,8,middle,no,no,no,
Kabalevsky T01,0,58,3,C3,48,ɪ,Mitton measured,0.952,open,G3,-7.04,below primo,-8,-13,3,none,short,leap-down,-5,no,8,middle,no,no,no,
Kabalevsky T01,0,59,1,C3,48,o,Mitton measured,1.429,open,B3,-10.83,below primo,-8,-13,none,none,short,repeated,0,no,8,middle,no,no,no,
Kabalevsky T01,0,59,2.5,C3,48,ɑ,Mitton measured,0.476,open,D#4,-14.85,below primo,-8,-13,none,none,short,repeated,0,no,8,middle,no,no,no,
Kabalevsky T01,0,59,3,D3,50,i,Mitton measured,0.476,open,D3,-0.14,below primo,-6,-11,none,none,short,step,2,no,8,middle,no,no,no,
Kabalevsky T01,0,59,3.5,C3,48,u,Mitton measured,0.476,open,F3,-4.84,below primo,-8,-13,none,6,short,step,-2,no,8,middle,no,no,no,fR2 rung
Kabalevsky T01,0,60,1,A3,57,ɑ,Mitton measured,2.857,open,D#4,-5.85,inside,1,-4,none,none,held,leap-up,9,no,8,middle,no,no,no,held
Kabalevsky T01,0,61,1,D4,62,ɑ,Mitton measured,2.857,open,D#4,-0.85,above secondo,6,1,none,none,held,leap-up,5,no,8,middle,yes,yes,yes,held; highest of phrase
Kabalevsky T01,0,62,1,D4,62,ɑ,Mitton measured,0.952,open,D#4,-0.85,above secondo,6,1,none,none,held,tie,0,no,8,middle,yes,yes,yes,held; highest of phrase
Kabalevsky T01,0,62,2,G3,55,ɛ,Mitton measured,0.952,open,D4,-6.69,below primo,-1,-6,3,none,short,leap-down,-7,no,8,middle,no,no,no,
Kabalevsky T01,0,62,3,A3,57,ɨ,Mitton measured,0.952,close,G#3,1.48,inside,1,-4,none,5,short,step,2,no,8,middle,no,no,no,turning pitch 0 to 2 st below; fR2 rung
Kabalevsky T01,0,63,1,Bb3,58,o,Mitton measured,1.905,open,B3,-0.83,inside,2,-3,none,none,short,step,1,no,8,middle,no,no,no,
Kabalevsky T01,0,63,3,F3,53,ɨ,Mitton measured,0.952,open,G#3,-2.52,below primo,-3,-8,none,none,short,leap-down,-5,no,8,middle,no,no,no,
Kabalevsky T01,0,64,1,A3,57,ɑ,Mitton measured,1.905,open,D#4,-5.85,inside,1,-4,none,none,short,leap-up,4,no,8,middle,no,no,no,
Kabalevsky T01,0,64,3,C4,60,ɪ,Mitton measured,0.952,close,G3,4.96,inside,4,-1,none,6,short,leap-up,3,no,8,last,no,yes,yes,fR2 rung
Kabalevsky T01,0,65,2,D3,50,ʌ,Mitton measured,0.952,open,D#4,-12.83,below primo,-6,-11,none,8,short,leap-down,-10,yes,9,first,no,no,no,fR2 rung
Kabalevsky T01,0,65,3,E3,52,u,Mitton measured,0.952,open,F3,-0.84,below primo,-4,-9,none,5,short,step,2,no,9,middle,no,no,no,fR2 rung
Kabalevsky T01,0,66,1,A3,57,ɑ,Mitton measured,2.857,open,D#4,-5.85,inside,1,-4,none,none,held,leap-up,5,no,9,middle,yes,no,no,held; highest of phrase
Kabalevsky T01,0,67,1,A3,57,ɑ,Mitton measured,2.857,open,D#4,-5.85,inside,1,-4,none,none,held,tie,0,no,9,last,yes,no,no,held; highest of phrase
Kabalevsky T02,0,2,2.5,C4,60,u,Mitton measured,0.417,close,F3,7.16,inside,4,-1,none,3,short,first note,,,0,first,yes,yes,yes,highest of phrase; fR2 rung
Kabalevsky T02,0,3,1,Bb3,58,ɑ,Mitton measured,0.417,open,D#4,-4.85,inside,2,-3,none,none,short,step,-2,no,0,middle,no,no,no,
Kabalevsky T02,0,3,1.5,Ab3,56,i,Mitton measured,0.417,close,D3,5.86,inside,0,-5,none,8,short,step,-2,no,0,middle,no,no,no,fR2 rung
Kabalevsky T02,0,3,2,G3,55,i,Mitton measured,0.417,close,D3,4.86,below primo,-1,-6,none,none,short,step,-1,no,0,middle,no,no,no,
Kabalevsky T02,0,3,2.5,F3,53,u,Mitton measured,0.417,close,F3,0.16,below primo,-3,-8,none,none,short,step,-2,no,0,middle,no,no,no,turning pitch 0 to 2 st below
Kabalevsky T02,0,4,1,E3,52,o,Mitton measured,1.25,open,B3,-6.83,below primo,-4,-9,3,5,short,step,-1,no,0,middle,no,no,no,fR2 rung
Kabalevsky T02,0,4,2.5,F3,53,ɑ,Mitton measured,0.417,open,D#4,-9.85,below primo,-3,-8,none,none,short,step,1,no,0,middle,no,no,no,
Kabalevsky T02,0,5,1,G3,55,u,Mitton measured,0.833,close,F3,2.16,below primo,-1,-6,none,4,short,step,2,no,0,middle,no,no,no,fR2 rung
Kabalevsky T02,0,5,2,Db3,49,u,Mitton measured,0.833,open,F3,-3.84,below primo,-7,-12,none,none,short,leap-down,-6,no,0,middle,no,no,no,
Kabalevsky T02,0,6,1,C3,48,u,Mitton measured,1.667,open,F3,-4.84,below primo,-8,-13,none,6,short,step,-1,no,0,last,no,no,no,fR2 rung
Kabalevsky T02,0,7,1.5,C4,60,ɑ,Mitton measured,0.417,open,D#4,-2.85,inside,4,-1,none,none,short,leap-up,12,yes,1,first,yes,yes,yes,highest of phrase
Kabalevsky T02,0,7,2,Bb3,58,ɛ,Mitton measured,0.417,open,D4,-3.69,inside,2,-3,none,none,short,step,-2,no,1,middle,no,no,no,
Kabalevsky T02,0,7,2.5,Ab3,56,ɨ,Mitton measured,0.417,close,G#3,0.48,inside,0,-5,none,none,short,step,-2,no,1,middle,no,no,no,turning pitch 0 to 2 st below
Kabalevsky T02,0,8,1,G3,55,o,Mitton measured,0.417,open,B3,-3.83,below primo,-1,-6,none,none,short,step,-1,no,1,middle,no,no,no,
Kabalevsky T02,0,8,1.5,F3,53,ɨ,Mitton measured,0.417,open,G#3,-2.52,below primo,-3,-8,none,none,short,step,-2,no,1,middle,no,no,no,
Kabalevsky T02,0,8,2,E3,52,ʌ,Mitton measured,0.417,open,D#4,-10.83,below primo,-4,-9,none,7,short,step,-1,no,1,middle,no,no,no,fR2 rung
Kabalevsky T02,0,8,2.5,F3,53,i,Mitton measured,0.417,close,D3,2.86,below primo,-3,-8,none,none,short,step,1,no,1,middle,no,no,no,
Kabalevsky T02,0,9,1,G3,55,i,Mitton measured,1.25,close,D3,4.86,below primo,-1,-6,none,none,short,step,2,no,1,middle,no,no,no,
Kabalevsky T02,0,9,2.5,Db3,49,ɑ,Mitton measured,0.417,open,D#4,-13.85,below primo,-7,-12,none,none,short,leap-down,-6,no,1,middle,no,no,no,
Kabalevsky T02,0,10,1,C3,48,e,Mitton measured,1.25,open,G3,-6.51,below primo,-8,-13,none,none,short,step,-1,no,1,middle,no,no,no,
Kabalevsky T02,0,10,2.5,C3,48,i,Mitton measured,0.417,open,D3,-2.14,below primo,-8,-13,none,none,short,repeated,0,no,1,last,no,no,no,
Kabalevsky T02,0,11,1.5,C3,48,o,Mitton measured,0.417,open,B3,-10.83,below primo,-8,-13,none,none,short,repeated,0,yes,2,first,no,no,no,
Kabalevsky T02,0,11,2,C3,48,o,Mitton measured,0.417,open,B3,-10.83,below primo,-8,-13,none,none,short,repeated,0,no,2,middle,no,no,no,
Kabalevsky T02,0,11,2.5,C3,48,ʌ,Mitton measured,0.417,open,D#4,-14.83,below primo,-8,-13,none,none,short,repeated,0,no,2,middle,no,no,no,
Kabalevsky T02,0,12,1,Eb3,51,ɑ,Mitton measured,1.25,open,D#4,-11.85,below primo,-5,-10,4,none,short,leap-up,3,no,2,middle,no,no,no,
Kabalevsky T02,0,12,2.5,C3,48,u,Mitton measured,0.417,open,F3,-4.84,below primo,-8,-13,none,6,short,leap-down,-3,no,2,middle,no,no,no,fR2 rung
Kabalevsky T02,0,13,1,Db3,49,o,Mitton measured,0.417,open,B3,-9.83,below primo,-7,-12,none,6,short,step,1,no,2,middle,no,no,no,fR2 rung
Kabalevsky T02,0,13,1.5,C3,48,u,Mitton measured,0.417,open,F3,-4.84,below primo,-8,-13,none,6,short,step,-1,no,2,middle,no,no,no,fR2 rung
Kabalevsky T02,0,13,2,Bb2,46,ɑ,Mitton measured,0.417,open,D#4,-16.85,below primo,-10,-15,none,none,short,step,-2,no,2,middle,no,no,no,
Kabalevsky T02,0,13,2.5,Db3,49,u,Mitton measured,0.417,open,F3,-3.84,below primo,-7,-12,none,none,short,leap-up,3,no,2,middle,no,no,no,
Kabalevsky T02,0,14,1,F3,53,u,Mitton measured,1.667,close,F3,0.16,below primo,-3,-8,none,none,short,leap-up,4,no,2,middle,no,no,no,turning pitch 0 to 2 st below
Kabalevsky T02,0,15,1,F3,53,u,Mitton measured,0.417,close,F3,0.16,below primo,-3,-8,none,none,short,tie,0,no,2,middle,no,no,no,turning pitch 0 to 2 st below
Kabalevsky T02,0,15,1.5,F3,53,ɑ,Mitton measured,0.417,open,D#4,-9.85,below primo,-3,-8,none,none,short,repeated,0,no,2,middle,no,no,no,
Kabalevsky T02,0,15,2,F3,53,i,Mitton measured,0.417,close,D3,2.86,below primo,-3,-8,none,none,short,repeated,0,no,2,middle,no,no,no,
Kabalevsky T02,0,15,2.5,F3,53,i,Mitton measured,0.417,close,D3,2.86,below primo,-3,-8,none,none,short,repeated,0,no,2,middle,no,no,no,
Kabalevsky T02,0,16,1,G3,55,ɑ,Mitton measured,1.25,open,D#4,-7.85,below primo,-1,-6,none,none,short,step,2,no,2,middle,no,no,no,
Kabalevsky T02,0,16,2.5,G3,55,ɑ,Mitton measured,0.417,open,D#4,-7.85,below primo,-1,-6,none,none,short,repeated,0,no,2,middle,no,no,no,
Kabalevsky T02,0,17,1,Ab3,56,o,Mitton measured,0.417,open,B3,-2.83,inside,0,-5,none,4,short,step,1,no,2,middle,no,no,no,fR2 rung
Kabalevsky T02,0,17,1.5,G3,55,i,Mitton measured,0.417,close,D3,4.86,below primo,-1,-6,none,none,short,step,-1,no,2,middle,no,no,no,
Kabalevsky T02,0,17,2,Ab3,56,o,Mitton measured,0.417,open,B3,-2.83,inside,0,-5,none,4,short,step,1,no,2,middle,no,no,no,fR2 rung
Kabalevsky T02,0,17,2.5,Bb3,58,ɨ,Mitton measured,0.417,close,G#3,2.48,inside,2,-3,none,none,short,step,2,no,2,middle,no,no,no,
Kabalevsky T02,0,18,1,C4,60,e,Mitton measured,1.25,close,G3,5.49,inside,4,-1,none,6,short,step,2,no,2,middle,yes,yes,yes,highest of phrase; fR2 rung
Kabalevsky T02,0,18,2.5,G3,55,i,Mitton measured,0.417,close,D3,4.86,below primo,-1,-6,none,none,short,leap-down,-5,no,2,last,no,no,no,
Kabalevsky T02,0,22,1.5,C4,60,ɑ,Mitton measured,0.417,open,D#4,-2.85,inside,4,-1,none,none,short,leap-up,5,yes,3,first,yes,yes,yes,highest of phrase
Kabalevsky T02,0,22,2,C4,60,i,Mitton measured,0.417,close,D3,9.86,inside,4,-1,none,none,short,repeated,0,no,3,middle,yes,yes,yes,highest of phrase
Kabalevsky T02,0,22,2.5,C4,60,i,Mitton measured,0.417,close,D3,9.86,inside,4,-1,none,none,short,repeated,0,no,3,middle,yes,yes,yes,highest of phrase
Kabalevsky T02,0,23,1,C4,60,ɨ,Mitton measured,1.25,close,G#3,4.48,inside,4,-1,none,none,short,repeated,0,no,3,middle,yes,yes,yes,highest of phrase
Kabalevsky T02,0,23,2.5,C4,60,i,Mitton measured,0.417,close,D3,9.86,inside,4,-1,none,none,short,repeated,0,no,3,middle,yes,yes,yes,highest of phrase
Kabalevsky T02,0,24,1,C4,60,u,Mitton measured,0.417,close,F3,7.16,inside,4,-1,none,3,short,repeated,0,no,3,middle,yes,yes,yes,highest of phrase; fR2 rung
Kabalevsky T02,0,24,1.5,Bb3,58,ɑ,Mitton measured,0.417,open,D#4,-4.85,inside,2,-3,none,none,short,step,-2,no,3,middle,no,no,no,
Kabalevsky T02,0,24,2,Ab3,56,o,Mitton measured,0.417,open,B3,-2.83,inside,0,-5,none,4,short,step,-2,no,3,middle,no,no,no,fR2 rung
Kabalevsky T02,0,24,2.5,Bb3,58,ɨ,Mitton measured,0.417,close,G#3,2.48,inside,2,-3,none,none,short,step,2,no,3,middle,no,no,no,
Kabalevsky T02,0,25,1,Ab3,56,ɑ,Mitton measured,1.667,open,D#4,-6.85,inside,0,-5,3,5,short,step,-2,no,3,middle,no,no,no,fR2 rung
Kabalevsky T02,0,26,1,Ab3,56,ɑ,Mitton measured,0.417,open,D#4,-6.85,inside,0,-5,3,5,short,tie,0,no,3,middle,no,no,no,fR2 rung
Kabalevsky T02,0,26,1.5,Ab3,56,i,Mitton measured,0.417,close,D3,5.86,inside,0,-5,none,8,short,repeated,0,no,3,middle,no,no,no,fR2 rung
Kabalevsky T02,0,26,2,Ab3,56,u,Mitton measured,0.417,close,F3,3.16,inside,0,-5,none,none,short,repeated,0,no,3,middle,no,no,no,
Kabalevsky T02,0,26,2.5,Ab3,56,i,Mitton measured,0.417,close,D3,5.86,inside,0,-5,none,8,short,repeated,0,no,3,middle,no,no,no,fR2 rung
Kabalevsky T02,0,27,1,Ab3,56,ɛ,Mitton measured,1.25,open,D4,-5.69,inside,0,-5,none,none,short,repeated,0,no,3,middle,no,no,no,
Kabalevsky T02,0,27,2.5,Bb3,58,ɑ,Mitton measured,0.417,open,D#4,-4.85,inside,2,-3,none,none,short,step,2,no,3,middle,no,no,no,
Kabalevsky T02,0,28,1,Ab3,56,o,Mitton measured,0.417,open,B3,-2.83,inside,0,-5,none,4,short,step,-2,no,3,middle,no,no,no,fR2 rung
Kabalevsky T02,0,28,1.5,Eb3,51,ʌ,Mitton measured,0.417,open,D#4,-11.83,below primo,-5,-10,4,none,short,leap-down,-5,no,3,middle,no,no,no,
Kabalevsky T02,0,28,2,F3,53,i,Mitton measured,0.417,close,D3,2.86,below primo,-3,-8,none,none,short,step,2,no,3,middle,no,no,no,
Kabalevsky T02,0,28,2.5,Gb3,54,i,Mitton measured,0.417,close,D3,3.86,below primo,-2,-7,none,none,short,step,1,no,3,middle,no,no,no,
Kabalevsky T02,0,29,1,Ab3,56,i,Mitton measured,1.25,close,D3,5.86,inside,0,-5,none,8,short,step,2,no,3,middle,no,no,no,fR2 rung
Kabalevsky T02,0,29,2.5,Ab3,56,ɑ,Mitton measured,0.417,open,D#4,-6.85,inside,0,-5,3,5,short,repeated,0,no,3,last,no,no,no,fR2 rung
Kabalevsky T02,0,30,1.5,Ab3,56,i,Mitton measured,0.417,close,D3,5.86,inside,0,-5,none,8,short,repeated,0,yes,4,first,no,no,no,fR2 rung
Kabalevsky T02,0,30,2,Ab3,56,ɪ,Mitton measured,0.417,close,G3,0.96,inside,0,-5,none,none,short,repeated,0,no,4,middle,no,no,no,turning pitch 0 to 2 st below
Kabalevsky T02,0,30,2.5,Ab3,56,ɨ,Mitton measured,0.417,close,G#3,0.48,inside,0,-5,none,none,short,repeated,0,no,4,middle,no,no,no,turning pitch 0 to 2 st below
Kabalevsky T02,0,31,1,Ab3,56,ɑ,Mitton measured,0.417,open,D#4,-6.85,inside,0,-5,3,5,short,repeated,0,no,4,middle,no,no,no,fR2 rung
Kabalevsky T02,0,31,1.5,Gb3,54,ɑ,Mitton measured,0.417,open,D#4,-8.85,below primo,-2,-7,none,none,short,step,-2,no,4,middle,no,no,no,
Kabalevsky T02,0,31,2,F3,53,u,Mitton measured,0.417,close,F3,0.16,below primo,-3,-8,none,none,short,step,-1,no,4,middle,no,no,no,turning pitch 0 to 2 st below
Kabalevsky T02,0,31,2.5,Gb3,54,ɑ,Mitton measured,0.417,open,D#4,-8.85,below primo,-2,-7,none,none,short,step,1,no,4,middle,no,no,no,
Kabalevsky T02,0,32,1,Bb3,58,o,Mitton measured,1.25,open,B3,-0.83,inside,2,-3,none,none,short,leap-up,4,no,4,middle,yes,no,no,highest of phrase
Kabalevsky T02,0,32,2.5,F3,53,ɨ,Mitton measured,0.417,open,G#3,-2.52,below primo,-3,-8,none,none,short,leap-down,-5,no,4,middle,no,no,no,
Kabalevsky T02,0,33,1,Bb3,58,ɑ,Mitton measured,1.667,open,D#4,-4.85,inside,2,-3,none,none,short,leap-up,5,no,4,middle,yes,no,no,highest of phrase
Kabalevsky T02,0,34,1,Bb3,58,ɑ,Mitton measured,0.417,open,D#4,-4.85,inside,2,-3,none,none,short,tie,0,no,4,middle,yes,no,no,highest of phrase
Kabalevsky T02,0,34,1.5,Bb3,58,ɑ,Mitton measured,0.417,open,D#4,-4.85,inside,2,-3,none,none,short,repeated,0,no,4,middle,yes,no,no,highest of phrase
Kabalevsky T02,0,34,2,Gb3,54,i,Mitton measured,0.417,close,D3,3.86,below primo,-2,-7,none,none,short,leap-down,-4,no,4,middle,no,no,no,
Kabalevsky T02,0,34,2.5,Eb3,51,u,Mitton measured,0.417,open,F3,-1.84,below primo,-5,-10,none,none,short,leap-down,-3,no,4,middle,no,no,no,
Kabalevsky T02,0,35,1,Gb3,54,u,Mitton measured,1.667,close,F3,1.16,below primo,-2,-7,none,none,short,leap-up,3,no,4,middle,no,no,no,turning pitch 0 to 2 st below
Kabalevsky T02,0,36,1,Gb3,54,u,Mitton measured,0.417,close,F3,1.16,below primo,-2,-7,none,none,short,tie,0,no,4,middle,no,no,no,turning pitch 0 to 2 st below
Kabalevsky T02,0,36,1.5,Eb3,51,o,Mitton measured,0.417,open,B3,-7.83,below primo,-5,-10,none,none,short,leap-down,-3,no,4,middle,no,no,no,
Kabalevsky T02,0,36,2,Db3,49,i,Mitton measured,0.417,open,D3,-1.14,below primo,-7,-12,none,none,short,step,-2,no,4,middle,no,no,no,
Kabalevsky T02,0,36,2.5,C3,48,ɪ,Mitton measured,0.417,open,G3,-7.04,below primo,-8,-13,3,none,short,step,-1,no,4,middle,no,no,no,
Kabalevsky T02,0,37,1,F3,53,o,Mitton measured,1.25,open,B3,-5.83,below primo,-3,-8,none,none,short,leap-up,5,no,4,middle,no,no,no,
Kabalevsky T02,0,37,2.5,F3,53,u,Mitton measured,0.417,close,F3,0.16,below primo,-3,-8,none,none,short,repeated,0,no,4,middle,no,no,no,turning pitch 0 to 2 st below
Kabalevsky T02,0,38,1,F3,53,i,Mitton measured,0.833,close,D3,2.86,below primo,-3,-8,none,none,short,repeated,0,no,4,middle,no,no,no,
Kabalevsky T02,0,38,2,F3,53,ɑ,Mitton measured,0.833,open,D#4,-9.85,below primo,-3,-8,none,none,short,repeated,0,no,4,last,no,no,no,
Kabalevsky T02,0,40,1.5,Bb3,58,u,Mitton measured,0.417,close,F3,5.16,inside,2,-3,none,none,short,leap-up,5,yes,5,first,no,no,no,
Kabalevsky T02,0,40,2,Bb3,58,e,Mitton measured,0.417,close,G3,3.49,inside,2,-3,none,none,short,repeated,0,no,5,middle,no,no,no,
Kabalevsky T02,0,40,2.5,Bb3,58,ɨ,Mitton measured,0.417,close,G#3,2.48,inside,2,-3,none,none,short,repeated,0,no,5,middle,no,no,no,
Kabalevsky T02,0,41,1,Bb3,58,o,Mitton measured,1.25,open,B3,-0.83,inside,2,-3,none,none,short,repeated,0,no,5,middle,no,no,no,
Kabalevsky T02,0,41,2.5,Bb3,58,ʌ,Mitton measured,0.417,open,D#4,-4.83,inside,2,-3,none,5,short,repeated,0,no,5,middle,no,no,no,fR2 rung
Kabalevsky T02,0,42,1,Bb3,58,ɪ,Mitton measured,0.625,close,G3,2.96,inside,2,-3,none,7,short,repeated,0,no,5,middle,no,no,no,fR2 rung
Kabalevsky T02,0,42,1.75,Gb3,54,ɑ,Mitton measured,0.208,open,D#4,-8.85,below primo,-2,-7,none,none,short,leap-down,-4,no,5,middle,no,no,no,
Kabalevsky T02,0,42,2,Gb3,54,i,Mitton measured,0.417,close,D3,3.86,below primo,-2,-7,none,none,short,repeated,0,no,5,middle,no,no,no,
Kabalevsky T02,0,42,2.5,Ab3,56,u,Mitton measured,0.417,close,F3,3.16,inside,0,-5,none,none,short,step,2,no,5,middle,no,no,no,
Kabalevsky T02,0,43,1,Bb3,58,ɑ,Mitton measured,1.667,open,D#4,-4.85,inside,2,-3,none,none,short,step,2,no,5,middle,no,no,no,
Kabalevsky T02,0,44,1,Bb3,58,ɑ,Mitton measured,0.417,open,D#4,-4.85,inside,2,-3,none,none,short,tie,0,no,5,middle,no,no,no,
Kabalevsky T02,0,44,1.5,Bb3,58,ɑ,Mitton measured,0.417,open,D#4,-4.85,inside,2,-3,none,none,short,repeated,0,no,5,middle,no,no,no,
Kabalevsky T02,0,44,2,Bb3,58,ɛ,Mitton measured,0.417,open,D4,-3.69,inside,2,-3,none,none,short,repeated,0,no,5,middle,no,no,no,
Kabalevsky T02,0,44,2.5,Bb3,58,i,Mitton measured,0.417,close,D3,7.86,inside,2,-3,none,none,short,repeated,0,no,5,middle,no,no,no,
Kabalevsky T02,0,45,1,Db4,61,ɑ,Mitton measured,0.625,open,D#4,-1.85,inside,5,0,none,none,short,leap-up,3,no,5,middle,yes,yes,yes,highest of phrase
Kabalevsky T02,0,45,1.75,Bb3,58,i,Mitton measured,0.208,close,D3,7.86,inside,2,-3,none,none,short,leap-down,-3,no,5,middle,no,no,no,
Kabalevsky T02,0,45,2,Bb3,58,u,Mitton measured,0.833,close,F3,5.16,inside,2,-3,none,none,short,repeated,0,no,5,middle,no,no,no,
Kabalevsky T02,0,46,1,Bb3,58,u,Mitton measured,0.417,close,F3,5.16,inside,2,-3,none,none,short,tie,0,no,5,middle,no,no,no,
Kabalevsky T02,0,46,1.5,Bb3,58,i,Mitton measured,0.417,close,D3,7.86,inside,2,-3,none,none,short,repeated,0,no,5,middle,no,no,no,
Kabalevsky T02,0,46,2,Bb3,58,o,Mitton measured,0.417,open,B3,-0.83,inside,2,-3,none,none,short,repeated,0,no,5,middle,no,no,no,
Kabalevsky T02,0,46,2.5,Bb3,58,ɨ,Mitton measured,0.417,close,G#3,2.48,inside,2,-3,none,none,short,repeated,0,no,5,middle,no,no,no,
Kabalevsky T02,0,47,1,G3,55,e,Mitton measured,0.833,close,G3,0.49,below primo,-1,-6,none,8,short,leap-down,-3,no,5,middle,no,no,no,turning pitch 0 to 2 st below; fR2 rung
Kabalevsky T02,0,47,2,G3,55,ɑ,Mitton measured,0.417,open,D#4,-7.85,below primo,-1,-6,none,none,short,repeated,0,no,5,last,no,no,no,
Kabalevsky T02,0,47,2.5,G3,55,i,Mitton measured,0.417,close,D3,4.86,below primo,-1,-6,none,none,short,repeated,0,no,6,first,no,no,no,
Kabalevsky T02,0,48,1,G3,55,ɑ,Mitton measured,1.25,open,D#4,-7.85,below primo,-1,-6,none,none,short,repeated,0,no,6,middle,no,no,no,
Kabalevsky T02,0,48,2.5,Eb3,51,ɨ,Mitton measured,0.417,open,G#3,-4.52,below primo,-5,-10,none,7,short,leap-down,-4,no,6,middle,no,no,no,fR2 rung
Kabalevsky T02,0,49,1,F3,53,none resolved,not assessed,0.417,not assessed,not assessed,not assessed,below primo,-3,-8,not assessed,not assessed,short,step,2,no,6,middle,no,no,no,
Kabalevsky T02,0,49,1.5,Eb3,51,i,Mitton measured,0.417,close,D3,0.86,below primo,-5,-10,none,none,short,step,-2,no,6,middle,no,no,no,turning pitch 0 to 2 st below
Kabalevsky T02,0,49,2,F3,53,i,Mitton measured,0.417,close,D3,2.86,below primo,-3,-8,none,none,short,step,2,no,6,middle,no,no,no,
Kabalevsky T02,0,49,2.5,G3,55,ɑ,Mitton measured,0.417,open,D#4,-7.85,below primo,-1,-6,none,none,short,step,2,no,6,middle,no,no,no,
Kabalevsky T02,0,50,1,Eb4,63,ɛ,Mitton measured,1.667,close,D4,1.31,above secondo,7,2,none,none,held,leap-up,8,no,6,middle,yes,no,no,held; highest of phrase; turning pitch 0 to 2 st below
Kabalevsky T02,0,51,1,Eb4,63,ɛ,Mitton measured,1.25,close,D4,1.31,above secondo,7,2,none,none,held,tie,0,no,6,middle,yes,no,no,held; highest of phrase; turning pitch 0 to 2 st below
Kabalevsky T02,0,51,2.5,Ab3,56,ʌ,Mitton measured,0.417,open,D#4,-6.83,inside,0,-5,3,none,short,leap-down,-7,no,6,middle,no,no,no,
Kabalevsky T02,0,52,1,Cb4,59,ɑ,Mitton measured,1.667,open,D#4,-3.85,inside,3,-2,none,4,short,leap-up,3,no,6,middle,no,no,no,fR2 rung
Kabalevsky T02,0,53,1,Cb4,59,ɑ,Mitton measured,0.417,open,D#4,-3.85,inside,3,-2,none,4,short,tie,0,no,6,last,no,no,no,fR2 rung
Kabalevsky T02,0,53,1.5,Ab3,56,ɑ,Mitton measured,0.417,open,D#4,-6.85,inside,0,-5,3,5,short,leap-down,-3,no,7,first,no,no,no,fR2 rung
Kabalevsky T02,0,53,2,Bb3,58,ɑ,Mitton measured,0.417,open,D#4,-4.85,inside,2,-3,none,none,short,step,2,no,7,middle,no,no,no,
Kabalevsky T02,0,53,2.5,Cb4,59,i,Mitton measured,0.417,close,D3,8.86,inside,3,-2,none,7,short,step,1,no,7,middle,no,no,no,fR2 rung
Kabalevsky T02,0,54,1,Ab3,56,o,Mitton measured,1.25,open,B3,-2.83,inside,0,-5,none,4,short,leap-down,-3,no,7,middle,no,no,no,fR2 rung
Kabalevsky T02,0,54,2.5,Ab3,56,ɨ,Mitton measured,0.417,close,G#3,0.48,inside,0,-5,none,none,short,repeated,0,no,7,middle,no,no,no,turning pitch 0 to 2 st below
Kabalevsky T02,0,55,1,Ab3,56,o,Mitton measured,0.417,open,B3,-2.83,inside,0,-5,none,4,short,repeated,0,no,7,middle,no,no,no,fR2 rung
Kabalevsky T02,0,55,1.5,G3,55,i,Mitton measured,0.417,close,D3,4.86,below primo,-1,-6,none,none,short,step,-1,no,7,middle,no,no,no,
Kabalevsky T02,0,55,2,Ab3,56,ɛ,Mitton measured,0.417,open,D4,-5.69,inside,0,-5,none,none,short,step,1,no,7,middle,no,no,no,
Kabalevsky T02,0,55,2.5,Bb3,58,ʌ,Mitton measured,0.417,open,D#4,-4.83,inside,2,-3,none,5,short,step,2,no,7,middle,no,no,no,fR2 rung
Kabalevsky T02,0,56,1,C4,60,e,Mitton measured,0.833,close,G3,5.49,inside,4,-1,none,6,short,step,2,no,7,middle,yes,yes,yes,highest of phrase; fR2 rung
Kabalevsky T02,0,56,2,C4,60,u,Mitton measured,0.833,close,F3,7.16,inside,4,-1,none,3,short,repeated,0,no,7,last,yes,yes,yes,highest of phrase; fR2 rung
Kabalevsky T02,0,61,1,C4,60,ɛ,Mitton measured,0.833,open,D4,-1.69,inside,4,-1,none,5,short,repeated,0,yes,8,first,yes,yes,yes,highest of phrase; fR2 rung
Kabalevsky T02,0,61,2,Bb3,58,ʌ,Mitton measured,0.417,open,D#4,-4.83,inside,2,-3,none,5,short,step,-2,no,8,middle,no,no,no,fR2 rung
Kabalevsky T02,0,61,2.5,Ab3,56,u,Mitton measured,0.417,close,F3,3.16,inside,0,-5,none,none,short,step,-2,no,8,middle,no,no,no,
Kabalevsky T02,0,62,1,G3,55,i,Mitton measured,1.25,close,D3,4.86,below primo,-1,-6,none,none,short,step,-1,no,8,middle,no,no,no,
Kabalevsky T02,0,62,2.5,F3,53,ɑ,Mitton measured,0.417,open,D#4,-9.85,below primo,-3,-8,none,none,short,step,-2,no,8,middle,no,no,no,
Kabalevsky T02,0,63,1,E3,52,o,Mitton measured,0.417,open,B3,-6.83,below primo,-4,-9,3,5,short,step,-1,no,8,middle,no,no,no,fR2 rung
Kabalevsky T02,0,63,1.5,F3,53,ɑ,Mitton measured,0.417,open,D#4,-9.85,below primo,-3,-8,none,none,short,step,1,no,8,middle,no,no,no,
Kabalevsky T02,0,63,2,G3,55,ɪ,Mitton measured,0.417,open,G3,-0.04,below primo,-1,-6,none,8,short,step,2,no,8,middle,no,no,no,fR2 rung
Kabalevsky T02,0,63,2.5,Db3,49,ɑ,Mitton measured,0.417,open,D#4,-13.85,below primo,-7,-12,none,none,short,leap-down,-6,no,8,middle,no,no,no,
Kabalevsky T02,0,64,1,C3,48,i,Mitton measured,1.667,open,D3,-2.14,below primo,-8,-13,none,none,short,step,-1,no,8,middle,no,no,no,
Kabalevsky T02,0,65,1,C3,48,i,Mitton measured,0.417,open,D3,-2.14,below primo,-8,-13,none,none,short,tie,0,no,8,last,no,no,no,
Kabalevsky T02,0,66,1.5,C4,60,i,Mitton measured,0.417,close,D3,9.86,inside,4,-1,none,none,short,leap-up,12,yes,9,first,no,yes,no,
Kabalevsky T02,0,66,2,Bb3,58,o,Mitton measured,0.417,open,B3,-0.83,inside,2,-3,none,none,short,step,-2,no,9,middle,no,no,no,
Kabalevsky T02,0,66,2.5,Ab3,56,i,Mitton measured,0.417,close,D3,5.86,inside,0,-5,none,8,short,step,-2,no,9,middle,no,no,no,fR2 rung
Kabalevsky T02,0,67,1,G3,55,o,Mitton measured,1.25,open,B3,-3.83,below primo,-1,-6,none,none,short,step,-1,no,9,middle,no,no,no,
Kabalevsky T02,0,67,2.5,F3,53,u,Mitton measured,0.417,close,F3,0.16,below primo,-3,-8,none,none,short,step,-2,no,9,middle,no,no,no,turning pitch 0 to 2 st below
Kabalevsky T02,0,68,1,E3,52,ɑ,Mitton measured,0.417,open,D#4,-10.85,below primo,-4,-9,none,6,short,step,-1,no,9,middle,no,no,no,fR2 rung
Kabalevsky T02,0,68,1.5,F3,53,ɪ,Mitton measured,0.417,open,G3,-2.04,below primo,-3,-8,none,none,short,step,1,no,9,middle,no,no,no,
Kabalevsky T02,0,68,2,G3,55,ɑ,Mitton measured,0.278,open,D#4,-7.85,below primo,-1,-6,none,none,short,step,2,no,9,middle,no,no,no,
Kabalevsky T02,0,68,2.333,Bb3,58,ɑ,Mitton measured,0.278,open,D#4,-4.85,inside,2,-3,none,none,short,leap-up,3,no,9,middle,no,no,no,
Kabalevsky T02,0,68,2.667,Db4,61,u,Mitton measured,0.278,close,F3,8.16,inside,5,0,none,none,short,leap-up,3,no,9,middle,yes,yes,yes,highest of phrase
Kabalevsky T02,0,69,1,C4,60,i,Mitton measured,1.667,close,D3,9.86,inside,4,-1,none,none,held,step,-1,no,9,middle,no,yes,yes,held
Kabalevsky T02,0,70,1,C4,60,i,Mitton measured,0.833,close,D3,9.86,inside,4,-1,none,none,held,tie,0,no,9,last,no,yes,yes,held
Kabalevsky T03,0,2,2.5,Eb3,51,u,Mitton measured,0.577,open,F3,-1.84,below primo,-5,-10,none,none,short,first note,,,0,first,no,no,no,
Kabalevsky T03,0,3,1,D3,50,u,Mitton measured,1.731,open,F3,-2.84,below primo,-6,-11,none,none,short,step,-1,no,0,middle,no,no,no,
Kabalevsky T03,0,3,2.5,Eb3,51,o,Mitton measured,0.577,open,B3,-7.83,below primo,-5,-10,none,none,short,step,1,no,0,middle,no,no,no,
Kabalevsky T03,0,4,1,D3,50,ɛ,Mitton measured,0.577,open,D4,-11.69,below primo,-6,-11,4,none,short,step,-1,no,0,middle,no,no,no,
Kabalevsky T03,0,4,1.5,E3,52,ɨ,Mitton measured,0.577,open,G#3,-3.52,below primo,-4,-9,none,none,short,step,2,no,0,middle,no,no,no,
Kabalevsky T03,0,4,2,F#3,54,ʌ,Mitton measured,0.577,open,D#4,-8.83,below primo,-2,-7,none,none,short,step,2,no,0,middle,no,no,no,
Kabalevsky T03,0,4,2.5,G3,55,ɑ,Mitton measured,0.577,open,D#4,-7.85,below primo,-1,-6,none,none,short,step,1,no,0,middle,no,no,no,
Kabalevsky T03,0,5,1,Bb3,58,u,Mitton measured,0.865,close,F3,5.16,inside,2,-3,none,none,short,leap-up,3,no,0,middle,yes,no,no,highest of phrase
Kabalevsky T03,0,5,1.75,A3,57,ɑ,Mitton measured,0.288,open,D#4,-5.85,inside,1,-4,none,none,short,step,-1,no,0,middle,no,no,no,
Kabalevsky T03,0,5,2,G3,55,ɛ,Mitton measured,0.577,open,D4,-6.69,below primo,-1,-6,3,none,short,step,-2,no,0,middle,no,no,no,
Kabalevsky T03,0,5,2.5,D3,50,ʌ,Mitton measured,0.577,open,D#4,-12.83,below primo,-6,-11,none,8,short,leap-down,-5,no,0,last,no,no,no,fR2 rung
Kabalevsky T03,0,6,1.5,Eb3,51,u,Mitton measured,0.577,open,F3,-1.84,below primo,-5,-10,none,none,short,step,1,yes,1,first,no,no,no,
Kabalevsky T03,0,6,2,D3,50,u,Mitton measured,0.577,open,F3,-2.84,below primo,-6,-11,none,none,short,step,-1,no,1,middle,no,no,no,
Kabalevsky T03,0,6,2.5,Eb3,51,ɛ,Mitton measured,0.577,open,D4,-10.69,below primo,-5,-10,none,none,short,step,1,no,1,middle,no,no,no,
Kabalevsky T03,0,7,1,D3,50,e,Mitton measured,1.731,open,G3,-4.51,below primo,-6,-11,none,none,short,step,-1,no,1,middle,no,no,no,
Kabalevsky T03,0,7,2.5,E3,52,o,Mitton measured,0.577,open,B3,-6.83,below primo,-4,-9,3,5,short,step,2,no,1,middle,no,no,no,fR2 rung
Kabalevsky T03,0,8,1,F#3,54,ɪ,Mitton measured,0.577,open,G3,-1.04,below primo,-2,-7,none,none,short,step,2,no,1,middle,no,no,no,
Kabalevsky T03,0,8,1.5,G3,55,ɪ,Mitton measured,0.577,open,G3,-0.04,below primo,-1,-6,none,8,short,step,1,no,1,middle,no,no,no,fR2 rung
Kabalevsky T03,0,8,2,Bb3,58,o,Mitton measured,0.865,open,B3,-0.83,inside,2,-3,none,none,short,leap-up,3,no,1,middle,yes,no,no,highest of phrase
Kabalevsky T03,0,8,2.75,A3,57,i,Mitton measured,0.288,close,D3,6.86,inside,1,-4,none,none,short,step,-1,no,1,middle,no,no,no,
Kabalevsky T03,0,9,1,G3,55,ɑ,Mitton measured,2.308,open,D#4,-7.85,below primo,-1,-6,none,none,held,step,-2,no,1,middle,no,no,no,held
Kabalevsky T03,0,10,1,G3,55,ɑ,Mitton measured,0.577,open,D#4,-7.85,below primo,-1,-6,none,none,held,tie,0,no,1,last,no,no,no,held
Kabalevsky T03,0,10,2.5,G3,55,ɑ,Mitton measured,0.577,open,D#4,-7.85,below primo,-1,-6,none,none,short,repeated,0,yes,2,first,no,no,no,
Kabalevsky T03,0,11,1,G3,55,u,Mitton measured,0.577,close,F3,2.16,below primo,-1,-6,none,4,short,repeated,0,no,2,middle,no,no,no,fR2 rung
Kabalevsky T03,0,11,1.5,F3,53,ɪ,Mitton measured,0.577,open,G3,-2.04,below primo,-3,-8,none,none,short,step,-2,no,2,middle,no,no,no,
Kabalevsky T03,0,11,2,G3,55,u,Mitton measured,0.577,close,F3,2.16,below primo,-1,-6,none,4,short,step,2,no,2,middle,no,no,no,fR2 rung
Kabalevsky T03,0,11,2.5,Eb3,51,ʌ,Mitton measured,0.577,open,D#4,-11.83,below primo,-5,-10,4,none,short,leap-down,-4,no,2,middle,no,no,no,
Kabalevsky T03,0,12,1,C3,48,o,Mitton measured,0.577,open,B3,-10.83,below primo,-8,-13,none,none,short,leap-down,-3,no,2,middle,no,no,no,
Kabalevsky T03,0,12,1.5,G3,55,o,Mitton measured,0.577,open,B3,-3.83,below primo,-1,-6,none,none,short,leap-up,7,no,2,middle,no,no,no,
Kabalevsky T03,0,12,2,A3,57,i,Mitton measured,0.577,close,D3,6.86,inside,1,-4,none,none,short,step,2,no,2,middle,no,no,no,
Kabalevsky T03,0,12,2.5,Bb3,58,ɪ,Mitton measured,0.577,close,G3,2.96,inside,2,-3,none,7,short,step,1,no,2,middle,no,no,no,fR2 rung
Kabalevsky T03,0,13,1,Bb3,58,ɛ,Mitton measured,1.154,open,D4,-3.69,inside,2,-3,none,none,short,repeated,0,no,2,middle,no,no,no,
Kabalevsky T03,0,13,2,G3,55,ʌ,Mitton measured,0.577,open,D#4,-7.83,below primo,-1,-6,none,6,short,leap-down,-3,no,2,middle,no,no,no,fR2 rung
Kabalevsky T03,0,13,2.5,Eb3,51,u,Mitton measured,0.577,open,F3,-1.84,below primo,-5,-10,none,none,short,leap-down,-4,no,2,middle,no,no,no,
Kabalevsky T03,0,14,1,D3,50,u,Mitton measured,0.577,open,F3,-2.84,below primo,-6,-11,none,none,short,step,-1,no,2,middle,no,no,no,
Kabalevsky T03,0,14,1.5,G3,55,u,Mitton measured,0.577,close,F3,2.16,below primo,-1,-6,none,4,short,leap-up,5,no,2,middle,no,no,no,fR2 rung
Kabalevsky T03,0,14,2,A3,57,ɨ,Mitton measured,0.577,close,G#3,1.48,inside,1,-4,none,5,short,step,2,no,2,middle,no,no,no,turning pitch 0 to 2 st below; fR2 rung
Kabalevsky T03,0,14,2.5,Bb3,58,ɑ,Mitton measured,0.577,open,D#4,-4.85,inside,2,-3,none,none,short,step,1,no,2,middle,no,no,no,
Kabalevsky T03,0,15,1,D4,62,a,Mitton measured,0.577,open,F4,-3.31,above secondo,6,1,none,none,short,leap-up,4,no,2,middle,yes,yes,yes,highest of phrase
Kabalevsky T03,0,15,1.5,C4,60,ɪ,Mitton measured,0.577,close,G3,4.96,inside,4,-1,none,6,short,step,-2,no,2,middle,no,yes,yes,fR2 rung
Kabalevsky T03,0,15,2,Bb3,58,ʌ,Mitton measured,0.577,open,D#4,-4.83,inside,2,-3,none,5,short,step,-2,no,2,middle,no,no,no,fR2 rung
Kabalevsky T03,0,15,2.5,A3,57,ɑ,Mitton measured,0.577,open,D#4,-5.85,inside,1,-4,none,none,short,step,-1,no,2,middle,no,no,no,
Kabalevsky T03,0,16,1,G3,55,ɑ,Mitton measured,2.308,open,D#4,-7.85,below primo,-1,-6,none,none,held,step,-2,no,2,middle,no,no,no,held
Kabalevsky T03,0,17,1,G3,55,ɑ,Mitton measured,0.577,open,D#4,-7.85,below primo,-1,-6,none,none,held,tie,0,no,2,last,no,no,no,held
Kabalevsky T03,0,18,1.25,F3,53,i,Mitton measured,0.288,close,D3,2.86,below primo,-3,-8,none,none,short,step,-2,yes,3,first,no,no,no,
Kabalevsky T03,0,18,1.5,Bb3,58,ɑ,Mitton measured,0.288,open,D#4,-4.85,inside,2,-3,none,none,short,leap-up,5,no,3,middle,no,no,no,
Kabalevsky T03,0,18,1.75,D4,62,i,Mitton measured,0.288,crossing,D3,11.86,above secondo,6,1,none,none,short,leap-up,4,no,3,middle,yes,yes,yes,highest of phrase; crossing
Kabalevsky T03,0,18,2,C4,60,ɑ,Mitton measured,0.577,open,D#4,-2.85,inside,4,-1,none,none,short,step,-2,no,3,middle,no,yes,no,
Kabalevsky T03,0,18,2.5,G3,55,ɑ,Mitton measured,0.577,open,D#4,-7.85,below primo,-1,-6,none,none,short,leap-down,-5,no,3,middle,no,no,no,
Kabalevsky T03,0,19,1,Bb3,58,e,Mitton measured,0.577,close,G3,3.49,inside,2,-3,none,none,short,leap-up,3,no,3,middle,no,no,no,
Kabalevsky T03,0,19,1.5,F3,53,i,Mitton measured,0.577,close,D3,2.86,below primo,-3,-8,none,none,short,leap-down,-5,no,3,middle,no,no,no,
Kabalevsky T03,0,19,2,Gb3,54,ɑ,Mitton measured,0.288,open,D#4,-8.85,below primo,-2,-7,none,none,short,step,1,no,3,middle,no,no,no,
Kabalevsky T03,0,19,2.25,F3,53,ɑ,Mitton measured,0.288,open,D#4,-9.85,below primo,-3,-8,none,none,short,step,-1,no,3,middle,no,no,no,
Kabalevsky T03,0,19,2.5,Gb3,54,i,Mitton measured,0.288,close,D3,3.86,below primo,-2,-7,none,none,short,step,1,no,3,middle,no,no,no,
Kabalevsky T03,0,19,2.75,Ab3,56,i,Mitton measured,0.288,close,D3,5.86,inside,0,-5,none,8,short,step,2,no,3,middle,no,no,no,fR2 rung
Kabalevsky T03,0,20,1,Bb3,58,ɛ,Mitton measured,0.577,open,D4,-3.69,inside,2,-3,none,none,short,step,2,no,3,middle,no,no,no,
Kabalevsky T03,0,20,1.5,F3,53,ʌ,Mitton measured,0.577,open,D#4,-9.83,below primo,-3,-8,none,none,short,leap-down,-5,no,3,last,no,no,no,
Kabalevsky T03,0,20,2.25,F3,53,ɑ,Mitton measured,0.288,open,D#4,-9.85,below primo,-3,-8,none,none,short,repeated,0,yes,4,first,no,no,no,
Kabalevsky T03,0,20,2.5,Bb3,58,ɑ,Mitton measured,0.288,open,D#4,-4.85,inside,2,-3,none,none,short,leap-up,5,no,4,middle,no,no,no,
Kabalevsky T03,0,20,2.75,D4,62,u,Mitton measured,0.288,close,F3,9.16,above secondo,6,1,none,none,short,leap-up,4,no,4,middle,yes,yes,yes,highest of phrase
Kabalevsky T03,0,21,1,C4,60,o,Mitton measured,0.865,close,B3,1.17,inside,4,-1,none,none,short,step,-2,no,4,middle,no,yes,yes,turning pitch 0 to 2 st below
Kabalevsky T03,0,21,1.75,G3,55,ɑ,Mitton measured,0.288,open,D#4,-7.85,below primo,-1,-6,none,none,short,leap-down,-5,no,4,middle,no,no,no,
Kabalevsky T03,0,21,2,Bb3,58,ɑ,Mitton measured,0.577,open,D#4,-4.85,inside,2,-3,none,none,short,leap-up,3,no,4,middle,no,no,no,
Kabalevsky T03,0,21,2.5,F3,53,ɨ,Mitton measured,0.577,open,G#3,-2.52,below primo,-3,-8,none,none,short,leap-down,-5,no,4,middle,no,no,no,
Kabalevsky T03,0,22,1,Gb3,54,ɑ,Mitton measured,0.288,open,D#4,-8.85,below primo,-2,-7,none,none,short,step,1,no,4,middle,no,no,no,
Kabalevsky T03,0,22,1.25,F3,53,ɑ,Mitton measured,0.288,open,D#4,-9.85,below primo,-3,-8,none,none,short,step,-1,no,4,middle,no,no,no,
Kabalevsky T03,0,22,1.5,Gb3,54,ɪ,Mitton measured,0.577,open,G3,-1.04,below primo,-2,-7,none,none,short,step,1,no,4,middle,no,no,no,
Kabalevsky T03,0,22,2,F3,53,ɑ,Mitton measured,1.154,open,D#4,-9.85,below primo,-3,-8,none,none,short,step,-1,no,4,middle,no,no,no,
Kabalevsky T03,0,23,1,F3,53,ɑ,Mitton measured,0.288,open,D#4,-9.85,below primo,-3,-8,none,none,short,tie,0,no,4,middle,no,no,no,
Kabalevsky T03,0,23,1.25,E3,52,ɑ,Mitton measured,0.288,open,D#4,-10.85,below primo,-4,-9,none,6,short,step,-1,no,4,middle,no,no,no,fR2 rung
Kabalevsky T03,0,23,1.5,F3,53,ʌ,Mitton measured,0.288,open,D#4,-9.83,below primo,-3,-8,none,none,short,step,1,no,4,middle,no,no,no,
Kabalevsky T03,0,23,1.75,G3,55,ɑ,Mitton measured,0.288,open,D#4,-7.85,below primo,-1,-6,none,none,short,step,2,no,4,middle,no,no,no,
Kabalevsky T03,0,23,2,A3,57,e,Mitton measured,0.865,close,G3,2.49,inside,1,-4,none,7,short,step,2,no,4,middle,no,no,no,fR2 rung
Kabalevsky T03,0,23,2.75,Bb3,58,i,Mitton measured,0.288,close,D3,7.86,inside,2,-3,none,none,short,step,1,no,4,middle,no,no,no,
Kabalevsky T03,0,24,1,A3,57,i,Mitton measured,0.865,close,D3,6.86,inside,1,-4,none,none,short,step,-1,no,4,middle,no,no,no,
Kabalevsky T03,0,24,1.75,Bb3,58,ɑ,Mitton measured,0.288,open,D#4,-4.85,inside,2,-3,none,none,short,step,1,no,4,middle,no,no,no,
Kabalevsky T03,0,24,2,A3,57,o,Mitton measured,0.288,open,B3,-1.83,inside,1,-4,none,none,short,step,-1,no,4,middle,no,no,no,
Kabalevsky T03,0,24,2.25,B3,59,ɨ,Mitton measured,0.288,close,G#3,3.48,inside,3,-2,none,none,short,step,2,no,4,middle,no,no,no,
Kabalevsky T03,0,24,2.5,C#4,61,ɑ,Mitton measured,0.288,open,D#4,-1.85,inside,5,0,none,none,short,step,2,no,4,middle,no,yes,no,
Kabalevsky T03,0,24,2.75,A3,57,ɪ,Mitton measured,0.288,close,G3,1.96,inside,1,-4,none,none,short,leap-down,-4,no,4,middle,no,no,no,turning pitch 0 to 2 st below
Kabalevsky T03,0,25,1,D4,62,o,Mitton measured,1.731,close,B3,3.17,above secondo,6,1,none,none,short,leap-up,5,no,4,middle,yes,yes,yes,highest of phrase
Kabalevsky T03,0,25,2.5,C4,60,o,Mitton measured,0.577,close,B3,1.17,inside,4,-1,none,none,short,step,-2,no,4,middle,no,yes,yes,turning pitch 0 to 2 st below
Kabalevsky T03,0,26,1,Bb3,58,e,Mitton measured,0.288,close,G3,3.49,inside,2,-3,none,none,short,step,-2,no,4,middle,no,no,no,
Kabalevsky T03,0,26,1.25,A3,57,u,Mitton measured,0.288,close,F3,4.16,inside,1,-4,none,none,short,step,-1,no,4,middle,no,no,no,
Kabalevsky T03,0,26,1.5,Bb3,58,ʌ,Mitton measured,0.288,open,D#4,-4.83,inside,2,-3,none,5,short,step,1,no,4,middle,no,no,no,fR2 rung
Kabalevsky T03,0,26,1.75,G3,55,ɨ,Mitton measured,0.288,open,G#3,-0.52,below primo,-1,-6,none,none,short,leap-down,-3,no,4,middle,no,no,no,
Kabalevsky T03,0,26,2,A3,57,ɑ,Mitton measured,0.865,open,D#4,-5.85,inside,1,-4,none,none,short,step,2,no,4,middle,no,no,no,
Kabalevsky T03,0,26,2.75,Bb3,58,ɪ,Mitton measured,0.288,close,G3,2.96,inside,2,-3,none,7,short,step,1,no,4,middle,no,no,no,fR2 rung
Kabalevsky T03,0,27,1,A3,57,ɛ,Mitton measured,0.577,open,D4,-4.69,inside,1,-4,none,6,short,step,-1,no,4,middle,no,no,no,fR2 rung
Kabalevsky T03,0,27,1.5,E3,52,ʌ,Mitton measured,0.577,open,D#4,-10.83,below primo,-4,-9,none,7,short,leap-down,-5,no,4,last,no,no,no,fR2 rung
Kabalevsky T03,0,30,1,A3,57,o,Mitton measured,0.577,open,B3,-1.83,inside,1,-4,none,none,short,leap-up,5,yes,5,first,no,no,no,
Kabalevsky T03,0,30,1.5,A3,57,ɪ,Mitton measured,0.288,close,G3,1.96,inside,1,-4,none,none,short,repeated,0,no,5,middle,no,no,no,turning pitch 0 to 2 st below
Kabalevsky T03,0,30,1.75,Bb3,58,i,Mitton measured,0.288,close,D3,7.86,inside,2,-3,none,none,short,step,1,no,5,middle,yes,no,no,highest of phrase
Kabalevsky T03,0,30,2,A3,57,ɨ,Mitton measured,0.865,close,G#3,1.48,inside,1,-4,none,5,short,step,-1,no,5,middle,no,no,no,turning pitch 0 to 2 st below; fR2 rung
Kabalevsky T03,0,30,2.75,Bb3,58,none resolved,not assessed,0.288,not assessed,not assessed,not assessed,inside,2,-3,not assessed,not assessed,short,step,1,no,5,middle,yes,no,no,highest of phrase
Kabalevsky T03,0,31,1,A3,57,e,Mitton measured,0.288,close,G3,2.49,inside,1,-4,none,7,short,step,-1,no,5,middle,no,no,no,fR2 rung
Kabalevsky T03,0,31,1.25,E3,52,i,Mitton measured,0.288,close,D3,1.86,below primo,-4,-9,none,none,short,leap-down,-5,no,5,middle,no,no,no,turning pitch 0 to 2 st below
Kabalevsky T03,0,31,1.5,F3,53,i,Mitton measured,0.288,close,D3,2.86,below primo,-3,-8,none,none,short,step,1,no,5,middle,no,no,no,
Kabalevsky T03,0,31,1.75,G3,55,ɑ,Mitton measured,0.288,open,D#4,-7.85,below primo,-1,-6,none,none,short,step,2,no,5,middle,no,no,no,
Kabalevsky T03,0,31,2,A3,57,e,Mitton measured,1.154,close,G3,2.49,inside,1,-4,none,7,short,step,2,no,5,middle,no,no,no,fR2 rung
Kabalevsky T03,0,32,1,A3,57,e,Mitton measured,0.288,close,G3,2.49,inside,1,-4,none,7,short,tie,0,no,5,middle,no,no,no,fR2 rung
Kabalevsky T03,0,32,1.25,A3,57,ɑ,Mitton measured,0.288,open,D#4,-5.85,inside,1,-4,none,none,short,repeated,0,no,5,middle,no,no,no,
Kabalevsky T03,0,32,1.5,A3,57,ɑ,Mitton measured,0.288,open,D#4,-5.85,inside,1,-4,none,none,short,repeated,0,no,5,middle,no,no,no,
Kabalevsky T03,0,32,1.75,Bb3,58,ɪ,Mitton measured,0.288,close,G3,2.96,inside,2,-3,none,7,short,step,1,no,5,middle,yes,no,no,highest of phrase; fR2 rung
Kabalevsky T03,0,32,2,A3,57,o,Mitton measured,0.865,open,B3,-1.83,inside,1,-4,none,none,short,step,-1,no,5,middle,no,no,no,
Kabalevsky T03,0,32,2.75,Bb3,58,u,Mitton measured,0.288,close,F3,5.16,inside,2,-3,none,none,short,step,1,no,5,middle,yes,no,no,highest of phrase
Kabalevsky T03,0,33,1,A3,57,o,Mitton measured,0.288,open,B3,-1.83,inside,1,-4,none,none,short,step,-1,no,5,middle,no,no,no,
Kabalevsky T03,0,33,1.25,D3,50,u,Mitton measured,0.288,open,F3,-2.84,below primo,-6,-11,none,none,short,leap-down,-7,no,5,middle,no,no,no,
Kabalevsky T03,0,33,1.5,E3,52,i,Mitton measured,0.288,close,D3,1.86,below primo,-4,-9,none,none,short,step,2,no,5,middle,no,no,no,turning pitch 0 to 2 st below
Kabalevsky T03,0,33,1.75,F#3,54,i,Mitton measured,0.288,close,D3,3.86,below primo,-2,-7,none,none,short,step,2,no,5,middle,no,no,no,
Kabalevsky T03,0,33,2,G3,55,a,Mitton measured,0.865,open,F4,-10.31,below primo,-1,-6,none,none,short,step,1,no,5,middle,no,no,no,
Kabalevsky T03,0,33,2.75,G3,55,ɑ,Mitton measured,0.288,open,D#4,-7.85,below primo,-1,-6,none,none,short,repeated,0,no,5,last,no,no,no,
Kabalevsky T03,0,34,2.75,G3,55,o,Mitton measured,0.288,open,B3,-3.83,below primo,-1,-6,none,none,short,repeated,0,yes,6,first,no,no,no,
Kabalevsky T03,0,35,1,C4,60,u,Mitton measured,0.288,close,F3,7.16,inside,4,-1,none,3,short,leap-up,5,no,6,middle,yes,yes,yes,highest of phrase; fR2 rung
Kabalevsky T03,0,35,1.25,C4,60,ɨ,Mitton measured,0.288,close,G#3,4.48,inside,4,-1,none,none,short,repeated,0,no,6,middle,yes,yes,yes,highest of phrase
Kabalevsky T03,0,35,1.5,C4,60,ʌ,Mitton measured,0.288,open,D#4,-2.83,inside,4,-1,none,none,short,repeated,0,no,6,middle,yes,yes,yes,highest of phrase
Kabalevsky T03,0,35,1.75,G3,55,u,Mitton measured,0.288,close,F3,2.16,below primo,-1,-6,none,4,short,leap-down,-5,no,6,middle,no,no,no,fR2 rung
Kabalevsky T03,0,35,2,C4,60,ɑ,Mitton measured,0.288,open,D#4,-2.85,inside,4,-1,none,none,short,leap-up,5,no,6,middle,yes,yes,yes,highest of phrase
Kabalevsky T03,0,35,2.25,Bb3,58,ɑ,Mitton measured,0.288,open,D#4,-4.85,inside,2,-3,none,none,short,step,-2,no,6,middle,no,no,no,
Kabalevsky T03,0,35,2.5,A3,57,ɛ,Mitton measured,0.288,open,D4,-4.69,inside,1,-4,none,6,short,step,-1,no,6,middle,no,no,no,fR2 rung
Kabalevsky T03,0,35,2.75,G3,55,ɪ,Mitton measured,0.288,open,G3,-0.04,below primo,-1,-6,none,8,short,step,-2,no,6,middle,no,no,no,fR2 rung
Kabalevsky T03,0,36,1,D3,50,e,Mitton measured,1.154,open,G3,-4.51,below primo,-6,-11,none,none,short,leap-down,-5,no,6,middle,no,no,no,
Kabalevsky T03,0,36,2,D3,50,e,Mitton measured,0.288,open,G3,-4.51,below primo,-6,-11,none,none,short,tie,0,no,6,middle,no,no,no,
Kabalevsky T03,0,36,2.25,Eb3,51,ɑ,Mitton measured,0.288,open,D#4,-11.85,below primo,-5,-10,4,none,short,step,1,no,6,middle,no,no,no,
Kabalevsky T03,0,36,2.5,D3,50,ɨ,Mitton measured,0.288,open,G#3,-5.52,below primo,-6,-11,none,none,short,step,-1,no,6,middle,no,no,no,
Kabalevsky T03,0,36,2.75,Eb3,51,ʌ,Mitton measured,0.288,open,D#4,-11.83,below primo,-5,-10,4,none,short,step,1,no,6,middle,no,no,no,
Kabalevsky T03,0,37,1,D3,50,ɑ,Mitton measured,0.865,open,D#4,-12.85,below primo,-6,-11,none,7,short,step,-1,no,6,middle,no,no,no,fR2 rung
Kabalevsky T03,0,37,1.75,E3,52,i,Mitton measured,0.288,close,D3,1.86,below primo,-4,-9,none,none,short,step,2,no,6,middle,no,no,no,turning pitch 0 to 2 st below
Kabalevsky T03,0,37,2,F#3,54,a,Mitton measured,0.288,open,F4,-11.31,below primo,-2,-7,none,6,short,step,2,no,6,middle,no,no,no,fR2 rung
Kabalevsky T03,0,37,2.25,G3,55,ɪ,Mitton measured,0.288,open,G3,-0.04,below primo,-1,-6,none,8,short,step,1,no,6,middle,no,no,no,fR2 rung
Kabalevsky T03,0,37,2.5,Bb3,58,ʌ,Mitton measured,0.288,open,D#4,-4.83,inside,2,-3,none,5,short,leap-up,3,no,6,middle,no,no,no,fR2 rung
Kabalevsky T03,0,37,2.75,A3,57,ɑ,Mitton measured,0.288,open,D#4,-5.85,inside,1,-4,none,none,short,step,-1,no,6,middle,no,no,no,
Kabalevsky T03,0,38,1,G3,55,a,Mitton measured,0.865,open,F4,-10.31,below primo,-1,-6,none,none,short,step,-2,no,6,middle,no,no,no,
Kabalevsky T03,0,38,1.75,G3,55,ɪ,Mitton measured,0.288,open,G3,-0.04,below primo,-1,-6,none,8,short,repeated,0,no,6,last,no,no,no,fR2 rung
Kabalevsky T03,0,44,2.5,G3,55,i,Mitton measured,0.577,close,D3,4.86,below primo,-1,-6,none,none,short,repeated,0,yes,7,first,no,no,no,
Kabalevsky T03,0,45,1,G3,55,ɑ,Mitton measured,1.731,open,D#4,-7.85,below primo,-1,-6,none,none,short,repeated,0,no,7,middle,no,no,no,
Kabalevsky T03,0,45,2.5,F3,53,u,Mitton measured,0.577,close,F3,0.16,below primo,-3,-8,none,none,short,step,-2,no,7,middle,no,no,no,turning pitch 0 to 2 st below
Kabalevsky T03,0,46,1,G3,55,o,Mitton measured,1.731,open,B3,-3.83,below primo,-1,-6,none,none,short,step,2,no,7,middle,no,no,no,
Kabalevsky T03,0,46,2.5,Eb3,51,ɑ,Mitton measured,0.577,open,D#4,-11.85,below primo,-5,-10,4,none,short,leap-down,-4,no,7,middle,no,no,no,
Kabalevsky T03,0,47,1,C3,48,o,Mitton measured,0.577,open,B3,-10.83,below primo,-8,-13,none,none,short,leap-down,-3,no,7,middle,no,no,no,
Kabalevsky T03,0,47,1.5,Eb3,51,ʌ,Mitton measured,0.577,open,D#4,-11.83,below primo,-5,-10,4,none,short,leap-up,3,no,7,middle,no,no,no,
Kabalevsky T03,0,47,2,G3,55,ʌ,Mitton measured,0.577,open,D#4,-7.83,below primo,-1,-6,none,6,short,leap-up,4,no,7,middle,no,no,no,fR2 rung
Kabalevsky T03,0,47,2.5,A3,57,ɑ,Mitton measured,0.577,open,D#4,-5.85,inside,1,-4,none,none,short,step,2,no,7,middle,no,no,no,
Kabalevsky T03,0,48,1,Bb3,58,u,Mitton measured,1.154,close,F3,5.16,inside,2,-3,none,none,short,step,1,no,7,middle,yes,no,no,highest of phrase
Kabalevsky T03,0,48,2,Bb3,58,u,Mitton measured,0.288,close,F3,5.16,inside,2,-3,none,none,short,tie,0,no,7,last,yes,no,no,highest of phrase
Kabalevsky T03,0,48,2.25,G3,55,ɑ,Mitton measured,0.288,open,D#4,-7.85,below primo,-1,-6,none,none,short,leap-down,-3,no,8,first,no,no,no,
Kabalevsky T03,0,48,2.5,Eb3,51,o,Mitton measured,0.288,open,B3,-7.83,below primo,-5,-10,none,none,short,leap-down,-4,no,8,middle,no,no,no,
Kabalevsky T03,0,48,2.75,G3,55,ɑ,Mitton measured,0.288,open,D#4,-7.85,below primo,-1,-6,none,none,short,leap-up,4,no,8,middle,no,no,no,
Kabalevsky T03,0,49,1,D3,50,ɛ,Mitton measured,0.577,open,D4,-11.69,below primo,-6,-11,4,none,short,leap-down,-5,no,8,middle,no,no,no,
Kabalevsky T03,0,49,1.5,Bb3,58,ɛ,Mitton measured,1.154,open,D4,-3.69,inside,2,-3,none,none,short,leap-up,8,no,8,last,yes,no,no,highest of phrase
Kabalevsky T03,0,49,2.5,Bb3,58,i,Mitton measured,0.577,close,D3,7.86,inside,2,-3,none,none,short,repeated,0,no,9,first,no,no,no,
Kabalevsky T03,0,50,1,D4,62,o,Mitton measured,0.577,close,B3,3.17,above secondo,6,1,none,none,short,leap-up,4,no,9,middle,yes,yes,yes,highest of phrase
Kabalevsky T03,0,50,1.5,C4,60,ɨ,Mitton measured,0.577,close,G#3,4.48,inside,4,-1,none,none,short,step,-2,no,9,middle,no,yes,no,
Kabalevsky T03,0,50,2,Bb3,58,ɪ,Mitton measured,0.577,close,G3,2.96,inside,2,-3,none,7,short,step,-2,no,9,middle,no,no,no,fR2 rung
Kabalevsky T03,0,50,2.5,A3,57,ɑ,Mitton measured,0.577,open,D#4,-5.85,inside,1,-4,none,none,short,step,-1,no,9,middle,no,no,no,
Kabalevsky T03,0,51,1,G3,55,u,Mitton measured,2.308,close,F3,2.16,below primo,-1,-6,none,4,held,step,-2,no,9,middle,no,no,no,held; fR2 rung
Kabalevsky T03,0,52,1,G3,55,u,Mitton measured,0.577,close,F3,2.16,below primo,-1,-6,none,4,held,tie,0,no,9,last,no,no,no,held; fR2 rung
Kabalevsky T04,0,4,3.5,C3,48,ɑ,Mitton measured,0.6,open,D#4,-14.85,below primo,-8,-13,none,none,short,first note,,,0,first,no,no,no,
Kabalevsky T04,0,4,4,D3,50,ɑ,Mitton measured,0.6,open,D#4,-12.85,below primo,-6,-11,none,7,short,step,2,no,0,middle,no,no,no,fR2 rung
Kabalevsky T04,0,4,4.5,G3,55,ɑ,Mitton measured,0.6,open,D#4,-7.85,below primo,-1,-6,none,none,short,leap-up,5,no,0,middle,no,no,no,
Kabalevsky T04,0,5,1,Eb3,51,u,Mitton measured,1.8,open,F3,-1.84,below primo,-5,-10,none,none,short,leap-down,-4,no,0,middle,no,no,no,
Kabalevsky T04,0,5,2.5,D3,50,ɪ,Mitton measured,0.6,open,G3,-5.04,below primo,-6,-11,none,none,short,step,-1,no,0,middle,no,no,no,
Kabalevsky T04,0,5,3,Eb3,51,o,Mitton measured,0.6,open,B3,-7.83,below primo,-5,-10,none,none,short,step,1,no,0,middle,no,no,no,
Kabalevsky T04,0,5,3.5,C3,48,ɨ,Mitton measured,0.6,open,G#3,-7.52,below primo,-8,-13,none,none,short,leap-down,-3,no,0,middle,no,no,no,
Kabalevsky T04,0,5,4,F3,53,ɑ,Mitton measured,0.6,open,D#4,-9.85,below primo,-3,-8,none,none,short,leap-up,5,no,0,middle,no,no,no,
Kabalevsky T04,0,5,4.5,D3,50,ɨ,Mitton measured,0.6,open,G#3,-5.52,below primo,-6,-11,none,none,short,leap-down,-3,no,0,middle,no,no,no,
Kabalevsky T04,0,6,1,G3,55,u,Mitton measured,2.4,close,F3,2.16,below primo,-1,-6,none,4,held,leap-up,5,no,0,middle,no,no,no,held; fR2 rung
Kabalevsky T04,0,6,3,G3,55,u,Mitton measured,0.6,close,F3,2.16,below primo,-1,-6,none,4,held,tie,0,no,0,middle,no,no,no,held; fR2 rung
Kabalevsky T04,0,6,3.5,F3,53,ɑ,Mitton measured,0.6,open,D#4,-9.85,below primo,-3,-8,none,none,short,step,-2,no,0,middle,no,no,no,
Kabalevsky T04,0,6,4,G3,55,ɨ,Mitton measured,0.6,open,G#3,-0.52,below primo,-1,-6,none,none,short,step,2,no,0,middle,no,no,no,
Kabalevsky T04,0,6,4.5,Ab3,56,ɨ,Mitton measured,0.6,close,G#3,0.48,inside,0,-5,none,none,short,step,1,no,0,middle,no,no,no,turning pitch 0 to 2 st below
Kabalevsky T04,0,7,1,Bb3,58,ɑ,Mitton measured,0.6,open,D#4,-4.85,inside,2,-3,none,none,short,step,2,no,0,middle,yes,no,no,highest of phrase
Kabalevsky T04,0,7,1.5,G3,55,u,Mitton measured,0.6,close,F3,2.16,below primo,-1,-6,none,4,short,leap-down,-3,no,0,middle,no,no,no,fR2 rung
Kabalevsky T04,0,7,2,F3,53,ʌ,Mitton measured,0.6,open,D#4,-9.83,below primo,-3,-8,none,none,short,step,-2,no,0,middle,no,no,no,
Kabalevsky T04,0,7,2.5,Eb3,51,ɑ,Mitton measured,0.6,open,D#4,-11.85,below primo,-5,-10,4,none,short,step,-2,no,0,middle,no,no,no,
Kabalevsky T04,0,7,3,F3,53,ɑ,Mitton measured,1.8,open,D#4,-9.85,below primo,-3,-8,none,none,short,step,2,no,0,middle,no,no,no,
Kabalevsky T04,0,7,4.5,D3,50,ɨ,Mitton measured,0.6,open,G#3,-5.52,below primo,-6,-11,none,none,short,leap-down,-3,no,0,middle,no,no,no,
Kabalevsky T04,0,8,1,G3,55,o,Mitton measured,1.8,open,B3,-3.83,below primo,-1,-6,none,none,short,leap-up,5,no,0,middle,no,no,no,
Kabalevsky T04,0,8,2.5,G3,55,ʌ,Mitton measured,0.6,open,D#4,-7.83,below primo,-1,-6,none,6,short,repeated,0,no,0,last,no,no,no,fR2 rung
Kabalevsky T04,0,8,3.5,G3,55,u,Mitton measured,0.6,close,F3,2.16,below primo,-1,-6,none,4,short,repeated,0,yes,1,first,no,no,no,fR2 rung
Kabalevsky T04,0,8,4,F3,53,ɑ,Mitton measured,0.6,open,D#4,-9.85,below primo,-3,-8,none,none,short,step,-2,no,1,middle,no,no,no,
Kabalevsky T04,0,8,4.5,Eb3,51,ɨ,Mitton measured,0.6,open,G#3,-4.52,below primo,-5,-10,none,7,short,step,-2,no,1,middle,no,no,no,fR2 rung
Kabalevsky T04,0,9,1,F3,53,ɛ,Mitton measured,1.8,open,D4,-8.69,below primo,-3,-8,none,none,short,step,2,no,1,middle,no,no,no,
Kabalevsky T04,0,9,2.5,D3,50,i,Mitton measured,0.6,open,D3,-0.14,below primo,-6,-11,none,none,short,leap-down,-3,no,1,middle,no,no,no,
Kabalevsky T04,0,9,3,Eb3,51,o,Mitton measured,0.6,open,B3,-7.83,below primo,-5,-10,none,none,short,step,1,no,1,middle,no,no,no,
Kabalevsky T04,0,9,3.5,D3,50,ɑ,Mitton measured,0.6,open,D#4,-12.85,below primo,-6,-11,none,7,short,step,-1,no,1,middle,no,no,no,fR2 rung
Kabalevsky T04,0,9,4,Eb3,51,ɛ,Mitton measured,0.6,open,D4,-10.69,below primo,-5,-10,none,none,short,step,1,no,1,middle,no,no,no,
Kabalevsky T04,0,9,4.5,F3,53,ɑ,Mitton measured,0.6,open,D#4,-9.85,below primo,-3,-8,none,none,short,step,2,no,1,middle,no,no,no,
Kabalevsky T04,0,10,1,F#3,54,u,Mitton measured,0.6,close,F3,1.16,below primo,-2,-7,none,none,short,step,1,no,1,middle,no,no,no,turning pitch 0 to 2 st below
Kabalevsky T04,0,10,1.5,G3,55,i,Mitton measured,0.6,close,D3,4.86,below primo,-1,-6,none,none,short,step,1,no,1,middle,no,no,no,
Kabalevsky T04,0,10,2,C4,60,ɑ,Mitton measured,0.6,open,D#4,-2.85,inside,4,-1,none,none,short,leap-up,5,no,1,middle,no,yes,no,
Kabalevsky T04,0,10,2.5,D4,62,ʌ,Mitton measured,0.6,open,D#4,-0.83,above secondo,6,1,none,4,short,step,2,no,1,middle,no,yes,yes,fR2 rung
Kabalevsky T04,0,10,3,Eb4,63,o,Mitton measured,2.4,close,B3,4.17,above secondo,7,2,none,none,held,step,1,no,1,middle,yes,no,no,held; highest of phrase
Kabalevsky T04,0,11,1,Eb4,63,o,Mitton measured,0.6,close,B3,4.17,above secondo,7,2,none,none,held,tie,0,no,1,middle,yes,no,no,held; highest of phrase
Kabalevsky T04,0,11,1.5,D4,62,u,Mitton measured,0.6,close,F3,9.16,above secondo,6,1,none,none,short,step,-1,no,1,middle,no,yes,no,
Kabalevsky T04,0,11,2,C4,60,ɑ,Mitton measured,0.6,open,D#4,-2.85,inside,4,-1,none,none,short,step,-2,no,1,middle,no,yes,no,
Kabalevsky T04,0,11,2.5,B3,59,ɑ,Mitton measured,0.6,open,D#4,-3.85,inside,3,-2,none,4,short,step,-1,no,1,middle,no,no,no,fR2 rung
Kabalevsky T04,0,11,3,C4,60,e,Mitton measured,1.8,close,G3,5.49,inside,4,-1,none,6,short,step,1,no,1,middle,no,yes,yes,fR2 rung
Kabalevsky T04,0,11,4.5,Ab3,56,u,Mitton measured,0.6,close,F3,3.16,inside,0,-5,none,none,short,leap-down,-4,no,1,middle,no,no,no,
Kabalevsky T04,0,12,1,Eb3,51,o,Mitton measured,1.8,open,B3,-7.83,below primo,-5,-10,none,none,short,leap-down,-5,no,1,middle,no,no,no,
Kabalevsky T04,0,12,2.5,G3,55,ɑ,Mitton measured,0.6,open,D#4,-7.85,below primo,-1,-6,none,none,short,leap-up,4,no,1,last,no,no,no,
Kabalevsky T04,0,13,3.5,C3,48,i,Mitton measured,0.6,open,D3,-2.14,below primo,-8,-13,none,none,short,leap-down,-7,yes,2,first,no,no,no,
Kabalevsky T04,0,13,4,D3,50,ɑ,Mitton measured,0.6,open,D#4,-12.85,below primo,-6,-11,none,7,short,step,2,no,2,middle,no,no,no,fR2 rung
Kabalevsky T04,0,13,4.5,G3,55,ɪ,Mitton measured,0.6,open,G3,-0.04,below primo,-1,-6,none,8,short,leap-up,5,no,2,middle,no,no,no,fR2 rung
Kabalevsky T04,0,14,1,Eb3,51,ɑ,Mitton measured,0.6,open,D#4,-11.85,below primo,-5,-10,4,none,short,leap-down,-4,no,2,middle,no,no,no,
Kabalevsky T04,0,14,1.5,D3,50,ɨ,Mitton measured,0.6,open,G#3,-5.52,below primo,-6,-11,none,none,short,step,-1,no,2,middle,no,no,no,
Kabalevsky T04,0,14,2,Eb3,51,o,Mitton measured,1.8,open,B3,-7.83,below primo,-5,-10,none,none,short,step,1,no,2,middle,no,no,no,
Kabalevsky T04,0,14,3.5,G3,55,ɑ,Mitton measured,0.6,open,D#4,-7.85,below primo,-1,-6,none,none,short,leap-up,4,no,2,middle,no,no,no,
Kabalevsky T04,0,15,1,G3,55,o,Mitton measured,0.6,open,B3,-3.83,below primo,-1,-6,none,none,short,repeated,0,no,2,middle,no,no,no,
Kabalevsky T04,0,15,1.5,F#3,54,ɨ,Mitton measured,0.6,open,G#3,-1.52,below primo,-2,-7,none,6,short,step,-1,no,2,middle,no,no,no,fR2 rung
Kabalevsky T04,0,15,2,F#3,54,u,Mitton measured,1.8,close,F3,1.16,below primo,-2,-7,none,none,short,repeated,0,no,2,middle,no,no,no,turning pitch 0 to 2 st below
Kabalevsky T04,0,15,3.5,A3,57,ɑ,Mitton measured,0.6,open,D#4,-5.85,inside,1,-4,none,none,short,leap-up,3,no,2,middle,no,no,no,
Kabalevsky T04,0,16,1,Bb3,58,ɛ,Mitton measured,0.6,open,D4,-3.69,inside,2,-3,none,none,short,step,1,no,2,middle,no,no,no,
Kabalevsky T04,0,16,1.5,G3,55,ɑ,Mitton measured,0.6,open,D#4,-7.85,below primo,-1,-6,none,none,short,leap-down,-3,no,2,middle,no,no,no,
Kabalevsky T04,0,16,2,Ab3,56,o,Mitton measured,0.6,open,B3,-2.83,inside,0,-5,none,4,short,step,1,no,2,middle,no,no,no,fR2 rung
Kabalevsky T04,0,16,2.5,Bb3,58,ɑ,Mitton measured,0.6,open,D#4,-4.85,inside,2,-3,none,none,short,step,2,no,2,middle,no,no,no,
Kabalevsky T04,0,16,3,C4,60,ɛ,Mitton measured,0.6,open,D4,-1.69,inside,4,-1,none,5,short,step,2,no,2,middle,yes,yes,yes,highest of phrase; fR2 rung
Kabalevsky T04,0,16,3.5,G3,55,ɑ,Mitton measured,0.6,open,D#4,-7.85,below primo,-1,-6,none,none,short,leap-down,-5,no,2,middle,no,no,no,
Kabalevsky T04,0,16,4,Ab3,56,i,Mitton measured,0.6,close,D3,5.86,inside,0,-5,none,8,short,step,1,no,2,middle,no,no,no,fR2 rung
Kabalevsky T04,0,16,4.5,G3,55,ɑ,Mitton measured,0.6,open,D#4,-7.85,below primo,-1,-6,none,none,short,step,-1,no,2,middle,no,no,no,
Kabalevsky T04,0,17,1,Ab3,56,i,Mitton measured,0.6,close,D3,5.86,inside,0,-5,none,8,short,step,1,no,2,middle,no,no,no,fR2 rung
Kabalevsky T04,0,17,1.5,F3,53,ɑ,Mitton measured,0.6,open,D#4,-9.85,below primo,-3,-8,none,none,short,leap-down,-3,no,2,last,no,no,no,
Kabalevsky T04,0,17,2.5,G3,55,i,Mitton measured,0.6,close,D3,4.86,below primo,-1,-6,none,none,short,step,2,yes,3,first,no,no,no,
Kabalevsky T04,0,17,3,Ab3,56,u,Mitton measured,1.8,close,F3,3.16,inside,0,-5,none,none,short,step,1,no,3,middle,no,no,no,
Kabalevsky T04,0,17,4.5,F3,53,u,Mitton measured,0.6,close,F3,0.16,below primo,-3,-8,none,none,short,leap-down,-3,no,3,middle,no,no,no,turning pitch 0 to 2 st below
Kabalevsky T04,0,18,1,G3,55,o,Mitton measured,1.8,open,B3,-3.83,below primo,-1,-6,none,none,short,step,2,no,3,middle,no,no,no,
Kabalevsky T04,0,18,2.5,G3,55,ɑ,Mitton measured,0.6,open,D#4,-7.85,below primo,-1,-6,none,none,short,repeated,0,no,3,middle,no,no,no,
Kabalevsky T04,0,18,3,Ab3,56,i,Mitton measured,0.6,close,D3,5.86,inside,0,-5,none,8,short,step,1,no,3,middle,no,no,no,fR2 rung
Kabalevsky T04,0,18,3.5,F3,53,u,Mitton measured,0.6,close,F3,0.16,below primo,-3,-8,none,none,short,leap-down,-3,no,3,middle,no,no,no,turning pitch 0 to 2 st below
Kabalevsky T04,0,18,4,F3,53,u,Mitton measured,0.6,close,F3,0.16,below primo,-3,-8,none,none,short,repeated,0,no,3,middle,no,no,no,turning pitch 0 to 2 st below
Kabalevsky T04,0,18,4.5,Ab3,56,ɑ,Mitton measured,0.6,open,D#4,-6.85,inside,0,-5,3,5,short,leap-up,3,no,3,middle,no,no,no,fR2 rung
Kabalevsky T04,0,19,1,G3,55,u,Mitton measured,0.6,close,F3,2.16,below primo,-1,-6,none,4,short,step,-1,no,3,middle,no,no,no,fR2 rung
Kabalevsky T04,0,19,1.5,F#3,54,i,Mitton measured,0.6,close,D3,3.86,below primo,-2,-7,none,none,short,step,-1,no,3,middle,no,no,no,
Kabalevsky T04,0,19,2,G3,55,o,Mitton measured,0.6,open,B3,-3.83,below primo,-1,-6,none,none,short,step,1,no,3,middle,no,no,no,
Kabalevsky T04,0,19,2.5,A3,57,o,Mitton measured,0.6,open,B3,-1.83,inside,1,-4,none,none,short,step,2,no,3,middle,no,no,no,
Kabalevsky T04,0,19,3,Bb3,58,ɨ,Mitton measured,0.6,close,G#3,2.48,inside,2,-3,none,none,short,step,1,no,3,middle,yes,no,no,highest of phrase
Kabalevsky T04,0,19,3.5,G3,55,i,Mitton measured,0.6,close,D3,4.86,below primo,-1,-6,none,none,short,leap-down,-3,no,3,middle,no,no,no,
Kabalevsky T04,0,19,4,C#3,49,ɛ,Mitton measured,0.6,open,D4,-12.69,below primo,-7,-12,none,none,short,leap-down,-6,no,3,middle,no,no,no,
Kabalevsky T04,0,19,4.5,D3,50,ɑ,Mitton measured,0.6,open,D#4,-12.85,below primo,-6,-11,none,7,short,step,1,no,3,middle,no,no,no,fR2 rung
Kabalevsky T04,0,20,1,Eb3,51,ɑ,Mitton measured,1.8,open,D#4,-11.85,below primo,-5,-10,4,none,short,step,1,no,3,middle,no,no,no,
Kabalevsky T04,0,20,2.5,G3,55,ʌ,Mitton measured,0.6,open,D#4,-7.83,below primo,-1,-6,none,6,short,leap-up,4,no,3,middle,no,no,no,fR2 rung
Kabalevsky T04,0,20,3,F#3,54,i,Mitton measured,0.6,close,D3,3.86,below primo,-2,-7,none,none,short,step,-1,no,3,middle,no,no,no,
Kabalevsky T04,0,20,3.5,D3,50,ʌ,Mitton measured,0.6,open,D#4,-12.83,below primo,-6,-11,none,8,short,leap-down,-4,no,3,last,no,no,no,fR2 rung
Kabalevsky T04,0,21,1.5,D3,50,ɪ,Mitton measured,0.6,open,G3,-5.04,below primo,-6,-11,none,none,short,repeated,0,yes,4,first,no,no,no,
Kabalevsky T04,0,21,2,D3,50,u,Mitton measured,0.6,open,F3,-2.84,below primo,-6,-11,none,none,short,repeated,0,no,4,middle,no,no,no,
Kabalevsky T04,0,21,2.5,D3,50,ɑ,Mitton measured,0.6,open,D#4,-12.85,below primo,-6,-11,none,7,short,repeated,0,no,4,middle,no,no,no,fR2 rung
Kabalevsky T04,0,21,3,D3,50,o,Mitton measured,1.8,open,B3,-8.83,below primo,-6,-11,none,none,short,repeated,0,no,4,middle,no,no,no,
Kabalevsky T04,0,21,4.5,D3,50,ɑ,Mitton measured,0.6,open,D#4,-12.85,below primo,-6,-11,none,7,short,repeated,0,no,4,middle,no,no,no,fR2 rung
Kabalevsky T04,0,22,1,D3,50,e,Mitton measured,0.6,open,G3,-4.51,below primo,-6,-11,none,none,short,repeated,0,no,4,middle,no,no,no,
Kabalevsky T04,0,22,1.5,D3,50,ɑ,Mitton measured,0.6,open,D#4,-12.85,below primo,-6,-11,none,7,short,repeated,0,no,4,middle,no,no,no,fR2 rung
Kabalevsky T04,0,22,2,D3,50,ʌ,Mitton measured,0.6,open,D#4,-12.83,below primo,-6,-11,none,8,short,repeated,0,no,4,middle,no,no,no,fR2 rung
Kabalevsky T04,0,22,2.5,F3,53,u,Mitton measured,0.6,close,F3,0.16,below primo,-3,-8,none,none,short,leap-up,3,no,4,middle,yes,no,no,highest of phrase; turning pitch 0 to 2 st below
Kabalevsky T04,0,22,3,D3,50,o,Mitton measured,2.4,open,B3,-8.83,below primo,-6,-11,none,none,short,leap-down,-3,no,4,last,no,no,no,
Kabalevsky T04,0,23,1.5,D3,50,i,Mitton measured,0.6,open,D3,-0.14,below primo,-6,-11,none,none,short,repeated,0,yes,5,first,no,no,no,
Kabalevsky T04,0,23,2,D3,50,u,Mitton measured,0.6,open,F3,-2.84,below primo,-6,-11,none,none,short,repeated,0,no,5,middle,no,no,no,
Kabalevsky T04,0,23,2.5,D3,50,ɑ,Mitton measured,0.6,open,D#4,-12.85,below primo,-6,-11,none,7,short,repeated,0,no,5,middle,no,no,no,fR2 rung
Kabalevsky T04,0,23,3,Eb3,51,ɑ,Mitton measured,1.2,open,D#4,-11.85,below primo,-5,-10,4,none,short,step,1,no,5,middle,no,no,no,
Kabalevsky T04,0,23,4,D3,50,u,Mitton measured,1.2,open,F3,-2.84,below primo,-6,-11,none,none,short,step,-1,no,5,middle,no,no,no,
Kabalevsky T04,0,24,1,F#3,54,o,Mitton measured,0.6,open,B3,-4.83,below primo,-2,-7,none,none,short,leap-up,4,no,5,middle,no,no,no,
Kabalevsky T04,0,24,1.5,D3,50,ɑ,Mitton measured,0.6,open,D#4,-12.85,below primo,-6,-11,none,7,short,leap-down,-4,no,5,middle,no,no,no,fR2 rung
Kabalevsky T04,0,24,2,D3,50,e,Mitton measured,0.6,open,G3,-4.51,below primo,-6,-11,none,none,short,repeated,0,no,5,middle,no,no,no,
Kabalevsky T04,0,24,2.5,D3,50,ɪ,Mitton measured,0.6,open,G3,-5.04,below primo,-6,-11,none,none,short,repeated,0,no,5,middle,no,no,no,
Kabalevsky T04,0,24,3,Bb3,58,ɑ,Mitton measured,1.2,open,D#4,-4.85,inside,2,-3,none,none,short,leap-up,8,no,5,middle,yes,no,no,highest of phrase
Kabalevsky T04,0,24,4,G3,55,ʌ,Mitton measured,0.6,open,D#4,-7.83,below primo,-1,-6,none,6,short,leap-down,-3,no,5,last,no,no,no,fR2 rung
Kabalevsky T04,0,24,4.5,G3,55,i,Mitton measured,0.6,close,D3,4.86,below primo,-1,-6,none,none,short,repeated,0,no,6,first,no,no,no,
Kabalevsky T04,0,25,1,G3,55,o,Mitton measured,1.8,open,B3,-3.83,below primo,-1,-6,none,none,short,repeated,0,no,6,middle,no,no,no,
Kabalevsky T04,0,25,2.5,A3,57,ɑ,Mitton measured,0.6,open,D#4,-5.85,inside,1,-4,none,none,short,step,2,no,6,middle,no,no,no,
Kabalevsky T04,0,25,3,Bb3,58,u,Mitton measured,0.6,close,F3,5.16,inside,2,-3,none,none,short,step,1,no,6,middle,no,no,no,
Kabalevsky T04,0,25,3.5,G3,55,ɑ,Mitton measured,0.6,open,D#4,-7.85,below primo,-1,-6,none,none,short,leap-down,-3,no,6,middle,no,no,no,
Kabalevsky T04,0,25,4,G3,55,ɑ,Mitton measured,0.6,open,D#4,-7.85,below primo,-1,-6,none,none,short,repeated,0,no,6,middle,no,no,no,
Kabalevsky T04,0,25,4.5,G3,55,o,Mitton measured,0.6,open,B3,-3.83,below primo,-1,-6,none,none,short,repeated,0,no,6,middle,no,no,no,
Kabalevsky T04,0,26,1,C4,60,ʌ,Mitton measured,1.8,open,D#4,-2.83,inside,4,-1,none,none,short,leap-up,5,no,6,middle,no,yes,no,
Kabalevsky T04,0,26,2.5,A3,57,ɨ,Mitton measured,0.6,close,G#3,1.48,inside,1,-4,none,5,short,leap-down,-3,no,6,middle,no,no,no,turning pitch 0 to 2 st below; fR2 rung
Kabalevsky T04,0,26,3,Bb3,58,o,Mitton measured,1.8,open,B3,-0.83,inside,2,-3,none,none,short,step,1,no,6,middle,no,no,no,
Kabalevsky T04,0,26,4.5,G3,55,ɑ,Mitton measured,0.6,open,D#4,-7.85,below primo,-1,-6,none,none,short,leap-down,-3,no,6,middle,no,no,no,
Kabalevsky T04,0,27,1,F#3,54,ʌ,Mitton measured,0.6,open,D#4,-8.83,below primo,-2,-7,none,none,short,step,-1,no,6,middle,no,no,no,
Kabalevsky T04,0,27,1.5,D3,50,ɑ,Mitton measured,0.6,open,D#4,-12.85,below primo,-6,-11,none,7,short,leap-down,-4,no,6,middle,no,no,no,fR2 rung
Kabalevsky T04,0,27,2,F#3,54,o,Mitton measured,0.6,open,B3,-4.83,below primo,-2,-7,none,none,short,leap-up,4,no,6,middle,no,no,no,
Kabalevsky T04,0,27,2.5,A3,57,ɑ,Mitton measured,0.6,open,D#4,-5.85,inside,1,-4,none,none,short,leap-up,3,no,6,middle,no,no,no,
Kabalevsky T04,0,27,3,G3,55,i,Mitton measured,0.6,close,D3,4.86,below primo,-1,-6,none,none,short,step,-2,no,6,middle,no,no,no,
Kabalevsky T04,0,27,3.5,A3,57,u,Mitton measured,0.6,close,F3,4.16,inside,1,-4,none,none,short,step,2,no,6,middle,no,no,no,
Kabalevsky T04,0,27,4,Bb3,58,ɛ,Mitton measured,0.6,open,D4,-3.69,inside,2,-3,none,none,short,step,1,no,6,middle,no,no,no,
Kabalevsky T04,0,27,4.5,C4,60,ɑ,Mitton measured,0.6,open,D#4,-2.85,inside,4,-1,none,none,short,step,2,no,6,middle,no,yes,no,
Kabalevsky T04,0,28,1,D4,62,ɑ,Mitton measured,3.6,open,D#4,-0.85,above secondo,6,1,none,none,held,step,2,no,6,middle,yes,yes,yes,held; highest of phrase
Kabalevsky T04,0,28,4,B3,59,ɨ,Mitton measured,1.2,close,G#3,3.48,inside,3,-2,none,none,short,leap-down,-3,no,6,last,no,no,no,
Kabalevsky T04,0,33,4.5,G3,55,o,Mitton measured,0.6,open,B3,-3.83,below primo,-1,-6,none,none,short,leap-down,-4,yes,7,first,no,no,no,
Kabalevsky T04,0,34,1,C4,60,o,Mitton measured,0.9,close,B3,1.17,inside,4,-1,none,none,short,leap-up,5,no,7,middle,no,yes,yes,turning pitch 0 to 2 st below
Kabalevsky T04,0,34,1.75,G3,55,ʌ,Mitton measured,0.3,open,D#4,-7.83,below primo,-1,-6,none,6,short,leap-down,-5,no,7,middle,no,no,no,fR2 rung
Kabalevsky T04,0,34,2,G3,55,ɪ,Mitton measured,0.6,open,G3,-0.04,below primo,-1,-6,none,8,short,repeated,0,no,7,middle,no,no,no,fR2 rung
Kabalevsky T04,0,34,2.5,C4,60,ɑ,Mitton measured,0.6,open,D#4,-2.85,inside,4,-1,none,none,short,leap-up,5,no,7,middle,no,yes,no,
Kabalevsky T04,0,34,3,B3,59,ʌ,Mitton measured,0.6,open,D#4,-3.83,inside,3,-2,none,none,short,step,-1,no,7,middle,no,no,no,
Kabalevsky T04,0,34,3.5,C4,60,ɑ,Mitton measured,0.6,open,D#4,-2.85,inside,4,-1,none,none,short,step,1,no,7,middle,no,yes,no,
Kabalevsky T04,0,34,4,D4,62,u,Mitton measured,0.6,close,F3,9.16,above secondo,6,1,none,none,short,step,2,no,7,middle,no,yes,no,
Kabalevsky T04,0,34,4.5,B3,59,i,Mitton measured,0.6,close,D3,8.86,inside,3,-2,none,7,short,leap-down,-3,no,7,middle,no,no,no,fR2 rung
Kabalevsky T04,0,35,1,A3,57,ɛ,Mitton measured,1.8,open,D4,-4.69,inside,1,-4,none,6,short,step,-2,no,7,middle,no,no,no,fR2 rung
Kabalevsky T04,0,35,2.5,A3,57,i,Mitton measured,0.6,close,D3,6.86,inside,1,-4,none,none,short,repeated,0,no,7,middle,no,no,no,
Kabalevsky T04,0,36,1,E4,64,o,Mitton measured,2.4,close,B3,5.17,above secondo,8,3,none,none,short,leap-up,7,no,7,middle,yes,no,no,highest of phrase
Kabalevsky T04,0,36,3,D4,62,o,Mitton measured,0.6,close,B3,3.17,above secondo,6,1,none,none,short,step,-2,no,7,middle,no,yes,no,
Kabalevsky T04,0,36,3.5,C4,60,ɑ,Mitton measured,0.6,open,D#4,-2.85,inside,4,-1,none,none,short,step,-2,no,7,middle,no,yes,no,
Kabalevsky T04,0,36,4,B3,59,o,Mitton measured,0.6,close,B3,0.17,inside,3,-2,none,none,short,step,-1,no,7,middle,no,no,no,turning pitch 0 to 2 st below
Kabalevsky T04,0,36,4.5,A3,57,ɑ,Mitton measured,0.6,open,D#4,-5.85,inside,1,-4,none,none,short,step,-2,no,7,middle,no,no,no,
Kabalevsky T04,0,37,1,G3,55,i,Mitton measured,1.8,close,D3,4.86,below primo,-1,-6,none,none,short,step,-2,no,7,middle,no,no,no,
Kabalevsky T04,0,37,2.5,A3,57,ɑ,Mitton measured,0.6,open,D#4,-5.85,inside,1,-4,none,none,short,step,2,no,7,middle,no,no,no,
Kabalevsky T04,0,37,3,G3,55,e,Mitton measured,1.2,close,G3,0.49,below primo,-1,-6,none,8,short,step,-2,no,7,middle,no,no,no,turning pitch 0 to 2 st below; fR2 rung
Kabalevsky T04,0,37,4,D4,62,u,Mitton measured,1.2,close,F3,9.16,above secondo,6,1,none,none,short,leap-up,7,no,7,middle,no,yes,no,
Kabalevsky T04,0,38,1,C4,60,ɛ,Mitton measured,4.8,open,D4,-1.69,inside,4,-1,none,5,held,step,-2,no,7,middle,no,yes,yes,held; fR2 rung
Kabalevsky T04,0,39,1,C4,60,ɛ,Mitton measured,2.4,open,D4,-1.69,inside,4,-1,none,5,held,tie,0,no,7,middle,no,yes,yes,held; fR2 rung
Kabalevsky T04,0,39,3,C4,60,ɛ,Mitton measured,1.2,open,D4,-1.69,inside,4,-1,none,5,held,tie,0,no,7,last,no,yes,yes,held; fR2 rung
Kabalevsky T05,0,9,1,B3,59,o,Mitton measured,0.625,close,B3,0.17,inside,3,-2,none,none,short,first note,,,0,first,yes,no,no,highest of phrase; turning pitch 0 to 2 st below
Kabalevsky T05,0,9,2,A3,57,u,Mitton measured,0.313,close,F3,4.16,inside,1,-4,none,none,short,step,-2,no,0,middle,no,no,no,
Kabalevsky T05,0,9,2.5,G3,55,i,Mitton measured,0.313,close,D3,4.86,below primo,-1,-6,none,none,short,step,-2,no,0,middle,no,no,no,
Kabalevsky T05,0,10,1,F#3,54,o,Mitton measured,0.938,open,B3,-4.83,below primo,-2,-7,none,none,short,step,-1,no,0,middle,no,no,no,
Kabalevsky T05,0,10,2.5,E3,52,ɪ,Mitton measured,0.313,open,G3,-3.04,below primo,-4,-9,none,none,short,step,-2,no,0,middle,no,no,no,
Kabalevsky T05,0,11,1,D#3,51,ɑ,Mitton measured,0.313,open,D#4,-11.85,below primo,-5,-10,4,none,short,step,-1,no,0,middle,no,no,no,
Kabalevsky T05,0,11,1.5,B2,47,i,Mitton measured,0.313,open,D3,-3.14,below primo,-9,-14,none,none,short,leap-down,-4,no,0,middle,no,no,no,
Kabalevsky T05,0,11,2,G3,55,ɨ,Mitton measured,0.313,open,G#3,-0.52,below primo,-1,-6,none,none,short,leap-up,8,no,0,middle,no,no,no,
Kabalevsky T05,0,11,2.5,F#3,54,ɪ,Mitton measured,0.313,open,G3,-1.04,below primo,-2,-7,none,none,short,step,-1,no,0,middle,no,no,no,
Kabalevsky T05,0,12,1,E3,52,o,Mitton measured,1.25,open,B3,-6.83,below primo,-4,-9,3,5,short,step,-2,no,0,middle,no,no,no,fR2 rung
Kabalevsky T05,0,13,1,E3,52,o,Mitton measured,0.313,open,B3,-6.83,below primo,-4,-9,3,5,short,tie,0,no,0,middle,no,no,no,fR2 rung
Kabalevsky T05,0,13,1.5,E3,52,ɑ,Mitton measured,0.313,open,D#4,-10.85,below primo,-4,-9,none,6,short,repeated,0,no,0,middle,no,no,no,fR2 rung
Kabalevsky T05,0,13,2,F#3,54,i,Mitton measured,0.313,close,D3,3.86,below primo,-2,-7,none,none,short,step,2,no,0,middle,no,no,no,
Kabalevsky T05,0,13,2.5,G3,55,ɑ,Mitton measured,0.313,open,D#4,-7.85,below primo,-1,-6,none,none,short,step,1,no,0,middle,no,no,no,
Kabalevsky T05,0,14,1,A3,57,u,Mitton measured,0.313,close,F3,4.16,inside,1,-4,none,none,short,step,2,no,0,middle,no,no,no,
Kabalevsky T05,0,14,1.5,A3,57,ɑ,Mitton measured,0.313,open,D#4,-5.85,inside,1,-4,none,none,short,repeated,0,no,0,middle,no,no,no,
Kabalevsky T05,0,14,2,A3,57,ɑ,Mitton measured,0.625,open,D#4,-5.85,inside,1,-4,none,none,short,repeated,0,no,0,middle,no,no,no,
Kabalevsky T05,0,15,1,A3,57,ɑ,Mitton measured,0.313,open,D#4,-5.85,inside,1,-4,none,none,short,tie,0,no,0,middle,no,no,no,
Kabalevsky T05,0,15,1.5,F#3,54,u,Mitton measured,0.313,close,F3,1.16,below primo,-2,-7,none,none,short,leap-down,-3,no,0,middle,no,no,no,turning pitch 0 to 2 st below
Kabalevsky T05,0,15,2,G3,55,u,Mitton measured,0.313,close,F3,2.16,below primo,-1,-6,none,4,short,step,1,no,0,middle,no,no,no,fR2 rung
Kabalevsky T05,0,15,2.5,A3,57,i,Mitton measured,0.313,close,D3,6.86,inside,1,-4,none,none,short,step,2,no,0,middle,no,no,no,
Kabalevsky T05,0,16,1,B3,59,o,Mitton measured,0.625,close,B3,0.17,inside,3,-2,none,none,short,step,2,no,0,middle,yes,no,no,highest of phrase; turning pitch 0 to 2 st below
Kabalevsky T05,0,16,2,B3,59,ɑ,Mitton measured,0.313,open,D#4,-3.85,inside,3,-2,none,4,short,repeated,0,no,0,last,yes,no,no,highest of phrase; fR2 rung
Kabalevsky T05,0,16,2.5,B3,59,ɪ,Mitton measured,0.313,close,G3,3.96,inside,3,-2,none,none,short,repeated,0,no,1,first,no,no,no,
Kabalevsky T05,0,17,1,A3,57,ɑ,Mitton measured,0.313,open,D#4,-5.85,inside,1,-4,none,none,short,step,-2,no,1,middle,no,no,no,
Kabalevsky T05,0,17,1.5,B3,59,ɑ,Mitton measured,0.313,open,D#4,-3.85,inside,3,-2,none,4,short,step,2,no,1,middle,no,no,no,fR2 rung
Kabalevsky T05,0,17,2,C4,60,a,Mitton measured,0.313,open,F4,-5.31,inside,4,-1,none,none,short,step,1,no,1,middle,yes,yes,yes,highest of phrase
Kabalevsky T05,0,17,2.5,A3,57,i,Mitton measured,0.313,close,D3,6.86,inside,1,-4,none,none,short,leap-down,-3,no,1,middle,no,no,no,
Kabalevsky T05,0,18,1,B3,59,ɑ,Mitton measured,0.313,open,D#4,-3.85,inside,3,-2,none,4,short,step,2,no,1,middle,no,no,no,fR2 rung
Kabalevsky T05,0,18,1.5,E3,52,ɪ,Mitton measured,0.313,open,G3,-3.04,below primo,-4,-9,none,none,short,leap-down,-7,no,1,middle,no,no,no,
Kabalevsky T05,0,18,2,F#3,54,ʌ,Mitton measured,0.313,open,D#4,-8.83,below primo,-2,-7,none,none,short,step,2,no,1,middle,no,no,no,
Kabalevsky T05,0,18,2.5,G3,55,ɪ,Mitton measured,0.313,open,G3,-0.04,below primo,-1,-6,none,8,short,step,1,no,1,middle,no,no,no,fR2 rung
Kabalevsky T05,0,19,1,A3,57,o,Mitton measured,1.25,open,B3,-1.83,inside,1,-4,none,none,short,step,2,no,1,middle,no,no,no,
Kabalevsky T05,0,20,1,A3,57,o,Mitton measured,0.313,open,B3,-1.83,inside,1,-4,none,none,short,tie,0,no,1,middle,no,no,no,
Kabalevsky T05,0,20,1.5,F#3,54,i,Mitton measured,0.313,close,D3,3.86,below primo,-2,-7,none,none,short,leap-down,-3,no,1,middle,no,no,no,
Kabalevsky T05,0,20,2,G3,55,ʌ,Mitton measured,0.313,open,D#4,-7.83,below primo,-1,-6,none,6,short,step,1,no,1,middle,no,no,no,fR2 rung
Kabalevsky T05,0,20,2.5,A3,57,u,Mitton measured,0.313,close,F3,4.16,inside,1,-4,none,none,short,step,2,no,1,middle,no,no,no,
Kabalevsky T05,0,21,1,G3,55,i,Mitton measured,0.313,close,D3,4.86,below primo,-1,-6,none,none,short,step,-2,no,1,middle,no,no,no,
Kabalevsky T05,0,21,1.5,F#3,54,ɑ,Mitton measured,0.313,open,D#4,-8.85,below primo,-2,-7,none,none,short,step,-1,no,1,middle,no,no,no,
Kabalevsky T05,0,21,2,G3,55,u,Mitton measured,0.313,close,F3,2.16,below primo,-1,-6,none,4,short,step,1,no,1,middle,no,no,no,fR2 rung
Kabalevsky T05,0,21,2.5,E3,52,i,Mitton measured,0.313,close,D3,1.86,below primo,-4,-9,none,none,short,leap-down,-3,no,1,middle,no,no,no,turning pitch 0 to 2 st below
Kabalevsky T05,0,22,1,D#3,51,o,Mitton measured,0.313,open,B3,-7.83,below primo,-5,-10,none,none,short,step,-1,no,1,middle,no,no,no,
Kabalevsky T05,0,22,1.5,B2,47,o,Mitton measured,0.313,open,B3,-11.83,below primo,-9,-14,4,none,short,leap-down,-4,no,1,middle,no,no,no,
Kabalevsky T05,0,22,2,G3,55,o,Mitton measured,0.313,open,B3,-3.83,below primo,-1,-6,none,none,short,leap-up,8,no,1,middle,no,no,no,
Kabalevsky T05,0,22,2.5,F#3,54,u,Mitton measured,0.313,close,F3,1.16,below primo,-2,-7,none,none,short,step,-1,no,1,middle,no,no,no,turning pitch 0 to 2 st below
Kabalevsky T05,0,23,1,E3,52,o,Mitton measured,0.938,open,B3,-6.83,below primo,-4,-9,3,5,short,step,-2,no,1,middle,no,no,no,fR2 rung
Kabalevsky T05,0,23,2.5,E3,52,ɨ,Mitton measured,0.313,open,G#3,-3.52,below primo,-4,-9,none,none,short,repeated,0,no,1,last,no,no,no,
Kabalevsky T05,0,28,2.5,E3,52,ɑ,Mitton measured,0.313,open,D#4,-10.85,below primo,-4,-9,none,6,short,repeated,0,yes,2,first,no,no,no,fR2 rung
Kabalevsky T05,0,29,1,F#3,54,o,Mitton measured,0.938,open,B3,-4.83,below primo,-2,-7,none,none,short,step,2,no,2,middle,no,no,no,
Kabalevsky T05,0,29,2.5,E3,52,ɑ,Mitton measured,0.313,open,D#4,-10.85,below primo,-4,-9,none,6,short,step,-2,no,2,middle,no,no,no,fR2 rung
Kabalevsky T05,0,30,1,G3,55,ɑ,Mitton measured,1.25,open,D#4,-7.85,below primo,-1,-6,none,none,short,leap-up,3,no,2,middle,no,no,no,
Kabalevsky T05,0,31,1,G3,55,ɑ,Mitton measured,0.313,open,D#4,-7.85,below primo,-1,-6,none,none,short,tie,0,no,2,middle,no,no,no,
Kabalevsky T05,0,31,1.5,E3,52,ɑ,Mitton measured,0.313,open,D#4,-10.85,below primo,-4,-9,none,6,short,leap-down,-3,no,2,middle,no,no,no,fR2 rung
Kabalevsky T05,0,31,2,F#3,54,u,Mitton measured,0.313,close,F3,1.16,below primo,-2,-7,none,none,short,step,2,no,2,middle,no,no,no,turning pitch 0 to 2 st below
Kabalevsky T05,0,31,2.5,G3,55,i,Mitton measured,0.313,close,D3,4.86,below primo,-1,-6,none,none,short,step,1,no,2,middle,no,no,no,
Kabalevsky T05,0,32,1,G#3,56,ɛ,Mitton measured,0.938,open,D4,-5.69,inside,0,-5,none,none,short,step,1,no,2,middle,no,no,no,
Kabalevsky T05,0,32,2.5,B3,59,ɑ,Mitton measured,0.313,open,D#4,-3.85,inside,3,-2,none,4,short,leap-up,3,no,2,middle,no,no,no,fR2 rung
Kabalevsky T05,0,33,1,B3,59,ɑ,Mitton measured,0.938,open,D#4,-3.85,inside,3,-2,none,4,short,repeated,0,no,2,middle,no,no,no,fR2 rung
Kabalevsky T05,0,33,2.5,E3,52,ɑ,Mitton measured,0.313,open,D#4,-10.85,below primo,-4,-9,none,6,short,leap-down,-7,no,2,middle,no,no,no,fR2 rung
Kabalevsky T05,0,34,1,C4,60,ɛ,Mitton measured,0.625,open,D4,-1.69,inside,4,-1,none,5,short,leap-up,8,no,2,middle,yes,yes,yes,highest of phrase; fR2 rung
Kabalevsky T05,0,34,2,A3,57,ɑ,Mitton measured,0.625,open,D#4,-5.85,inside,1,-4,none,none,short,leap-down,-3,no,2,last,no,no,no,
Kabalevsky T05,0,35,2,B3,59,ɑ,Mitton measured,0.313,open,D#4,-3.85,inside,3,-2,none,4,short,step,2,yes,3,first,no,no,no,fR2 rung
Kabalevsky T05,0,35,2.5,A3,57,u,Mitton measured,0.313,close,F3,4.16,inside,1,-4,none,none,short,step,-2,no,3,middle,no,no,no,
Kabalevsky T05,0,36,1,C4,60,i,Mitton measured,0.938,close,D3,9.86,inside,4,-1,none,none,short,leap-up,3,no,3,middle,yes,yes,yes,highest of phrase
Kabalevsky T05,0,36,2.5,A3,57,ɑ,Mitton measured,0.313,open,D#4,-5.85,inside,1,-4,none,none,short,leap-down,-3,no,3,last,no,no,no,
Kabalevsky T05,0,37,2,B3,59,ʌ,Mitton measured,0.313,open,D#4,-3.83,inside,3,-2,none,none,short,step,2,yes,4,first,no,no,no,
Kabalevsky T05,0,37,2.5,A3,57,i,Mitton measured,0.313,close,D3,6.86,inside,1,-4,none,none,short,step,-2,no,4,middle,no,no,no,
Kabalevsky T05,0,38,1,C#4,61,ɛ,Mitton measured,1.25,open,D4,-0.69,inside,5,0,none,none,short,leap-up,4,no,4,middle,yes,yes,yes,highest of phrase
Kabalevsky T05,0,39,1,A3,57,ɑ,Mitton measured,0.938,open,D#4,-5.85,inside,1,-4,none,none,short,leap-down,-4,no,4,last,no,no,no,
Kabalevsky T05,0,39,2.5,A3,57,i,Mitton measured,0.313,close,D3,6.86,inside,1,-4,none,none,short,repeated,0,no,5,first,no,no,no,
Kabalevsky T05,0,40,1,D4,62,o,Mitton measured,1.25,close,B3,3.17,above secondo,6,1,none,none,short,leap-up,5,no,5,middle,yes,yes,yes,highest of phrase
Kabalevsky T05,0,41,1,D4,62,o,Mitton measured,0.625,close,B3,3.17,above secondo,6,1,none,none,short,tie,0,no,5,middle,yes,yes,yes,highest of phrase
Kabalevsky T05,0,41,2,A3,57,ɑ,Mitton measured,0.625,open,D#4,-5.85,inside,1,-4,none,none,short,leap-down,-5,no,5,middle,no,no,no,
Kabalevsky T05,0,42,1,C4,60,ɨ,Mitton measured,0.938,close,G#3,4.48,inside,4,-1,none,none,short,leap-up,3,no,5,middle,no,yes,no,
Kabalevsky T05,0,42,2.5,B3,59,ɪ,Mitton measured,0.313,close,G3,3.96,inside,3,-2,none,none,short,step,-1,no,5,middle,no,no,no,
Kabalevsky T05,0,43,1,A3,57,o,Mitton measured,0.313,open,B3,-1.83,inside,1,-4,none,none,short,step,-2,no,5,middle,no,no,no,
Kabalevsky T05,0,43,1.5,G#3,56,ɑ,Mitton measured,0.313,open,D#4,-6.85,inside,0,-5,3,5,short,step,-1,no,5,middle,no,no,no,fR2 rung
Kabalevsky T05,0,43,2,A3,57,none resolved,not assessed,0.313,not assessed,not assessed,not assessed,inside,1,-4,not assessed,not assessed,short,step,1,no,5,middle,no,no,no,
Kabalevsky T05,0,43,2.5,B3,59,u,Mitton measured,0.313,close,F3,6.16,inside,3,-2,none,none,short,step,2,no,5,middle,no,no,no,
Kabalevsky T05,0,44,1,G#3,56,ɑ,Mitton measured,1.25,open,D#4,-6.85,inside,0,-5,3,5,short,leap-down,-3,no,5,middle,no,no,no,fR2 rung
Kabalevsky T05,0,45,1,G#3,56,ɑ,Mitton measured,0.313,open,D#4,-6.85,inside,0,-5,3,5,short,tie,0,no,5,middle,no,no,no,fR2 rung
Kabalevsky T05,0,45,1.5,E3,52,i,Mitton measured,0.313,close,D3,1.86,below primo,-4,-9,none,none,short,leap-down,-4,no,5,middle,no,no,no,turning pitch 0 to 2 st below
Kabalevsky T05,0,45,2,G#3,56,i,Mitton measured,0.313,close,D3,5.86,inside,0,-5,none,8,short,leap-up,4,no,5,middle,no,no,no,fR2 rung
Kabalevsky T05,0,45,2.5,B3,59,ɑ,Mitton measured,0.313,open,D#4,-3.85,inside,3,-2,none,4,short,leap-up,3,no,5,middle,no,no,no,fR2 rung
Kabalevsky T05,0,46,1,C4,60,o,Mitton measured,0.938,close,B3,1.17,inside,4,-1,none,none,short,step,1,no,5,middle,no,yes,yes,turning pitch 0 to 2 st below
Kabalevsky T05,0,46,2.5,B3,59,u,Mitton measured,0.313,close,F3,6.16,inside,3,-2,none,none,short,step,-1,no,5,middle,no,no,no,
Kabalevsky T05,0,47,1,A3,57,ɛ,Mitton measured,0.313,open,D4,-4.69,inside,1,-4,none,6,short,step,-2,no,5,middle,no,no,no,fR2 rung
Kabalevsky T05,0,47,1.5,B3,59,ʌ,Mitton measured,0.313,open,D#4,-3.83,inside,3,-2,none,none,short,step,2,no,5,middle,no,no,no,
Kabalevsky T05,0,47,2,C4,60,ʌ,Mitton measured,0.313,open,D#4,-2.83,inside,4,-1,none,none,short,step,1,no,5,middle,no,yes,no,
Kabalevsky T05,0,47,2.5,A3,57,ɪ,Mitton measured,0.313,close,G3,1.96,inside,1,-4,none,none,short,leap-down,-3,no,5,middle,no,no,no,turning pitch 0 to 2 st below
Kabalevsky T05,0,48,1,B3,59,ɛ,Mitton measured,1.25,open,D4,-2.69,inside,3,-2,none,none,short,step,2,no,5,middle,no,no,no,
Kabalevsky T05,0,49,1,B3,59,ʌ,Mitton measured,0.625,open,D#4,-3.83,inside,3,-2,none,none,short,repeated,0,no,5,last,no,no,no,
Kabalevsky T05,0,57,1.5,B3,59,ɑ,Mitton measured,0.313,open,D#4,-3.85,inside,3,-2,none,4,short,repeated,0,yes,6,first,yes,no,no,highest of phrase; fR2 rung
Kabalevsky T05,0,57,2,A3,57,ɛ,Mitton measured,0.313,open,D4,-4.69,inside,1,-4,none,6,short,step,-2,no,6,middle,no,no,no,fR2 rung
Kabalevsky T05,0,57,2.5,G3,55,u,Mitton measured,0.313,close,F3,2.16,below primo,-1,-6,none,4,short,step,-2,no,6,middle,no,no,no,fR2 rung
Kabalevsky T05,0,58,1,F#3,54,ɛ,Mitton measured,0.938,open,D4,-7.69,below primo,-2,-7,none,7,short,step,-1,no,6,middle,no,no,no,fR2 rung
Kabalevsky T05,0,58,2.5,E3,52,u,Mitton measured,0.313,open,F3,-0.84,below primo,-4,-9,none,5,short,step,-2,no,6,middle,no,no,no,fR2 rung
Kabalevsky T05,0,59,1,D#3,51,i,Mitton measured,0.313,close,D3,0.86,below primo,-5,-10,none,none,short,step,-1,no,6,middle,no,no,no,turning pitch 0 to 2 st below
Kabalevsky T05,0,59,1.5,B2,47,u,Mitton measured,0.313,open,F3,-5.84,below primo,-9,-14,none,none,short,leap-down,-4,no,6,middle,no,no,no,
Kabalevsky T05,0,59,2,G3,55,ɑ,Mitton measured,0.313,open,D#4,-7.85,below primo,-1,-6,none,none,short,leap-up,8,no,6,middle,no,no,no,
Kabalevsky T05,0,59,2.5,F#3,54,ɨ,Mitton measured,0.313,open,G#3,-1.52,below primo,-2,-7,none,6,short,step,-1,no,6,middle,no,no,no,fR2 rung
Kabalevsky T05,0,60,1,E3,52,o,Mitton measured,1.25,open,B3,-6.83,below primo,-4,-9,3,5,short,step,-2,no,6,middle,no,no,no,fR2 rung
Kabalevsky T05,0,61,1,E3,52,o,Mitton measured,0.313,open,B3,-6.83,below primo,-4,-9,3,5,short,tie,0,no,6,middle,no,no,no,fR2 rung
Kabalevsky T05,0,61,1.5,E3,52,ɑ,Mitton measured,0.313,open,D#4,-10.85,below primo,-4,-9,none,6,short,repeated,0,no,6,middle,no,no,no,fR2 rung
Kabalevsky T05,0,61,2,F#3,54,ɨ,Mitton measured,0.313,open,G#3,-1.52,below primo,-2,-7,none,6,short,step,2,no,6,middle,no,no,no,fR2 rung
Kabalevsky T05,0,61,2.5,G3,55,ɑ,Mitton measured,0.313,open,D#4,-7.85,below primo,-1,-6,none,none,short,step,1,no,6,middle,no,no,no,
Kabalevsky T05,0,62,1,A3,57,o,Mitton measured,0.938,open,B3,-1.83,inside,1,-4,none,none,short,step,2,no,6,middle,no,no,no,
Kabalevsky T05,0,62,2.5,A3,57,i,Mitton measured,0.313,close,D3,6.86,inside,1,-4,none,none,short,repeated,0,no,6,middle,no,no,no,
Kabalevsky T05,0,63,1,A3,57,ɑ,Mitton measured,0.313,open,D#4,-5.85,inside,1,-4,none,none,short,repeated,0,no,6,middle,no,no,no,
Kabalevsky T05,0,63,1.5,F#3,54,ɑ,Mitton measured,0.313,open,D#4,-8.85,below primo,-2,-7,none,none,short,leap-down,-3,no,6,middle,no,no,no,
Kabalevsky T05,0,63,2,G3,55,e,Mitton measured,0.313,close,G3,0.49,below primo,-1,-6,none,8,short,step,1,no,6,middle,no,no,no,turning pitch 0 to 2 st below; fR2 rung
Kabalevsky T05,0,63,2.5,A3,57,ɑ,Mitton measured,0.313,open,D#4,-5.85,inside,1,-4,none,none,short,step,2,no,6,middle,no,no,no,
Kabalevsky T05,0,64,1,B3,59,u,Mitton measured,0.625,close,F3,6.16,inside,3,-2,none,none,short,step,2,no,6,middle,yes,no,no,highest of phrase
Kabalevsky T05,0,64,2,B3,59,i,Mitton measured,0.313,close,D3,8.86,inside,3,-2,none,7,short,repeated,0,no,6,last,yes,no,no,highest of phrase; fR2 rung
Kabalevsky T05,0,64,2.5,B3,59,i,Mitton measured,0.313,close,D3,8.86,inside,3,-2,none,7,short,repeated,0,no,7,first,no,no,no,fR2 rung
Kabalevsky T05,0,65,1,A3,57,ɛ,Mitton measured,0.313,open,D4,-4.69,inside,1,-4,none,6,short,step,-2,no,7,middle,no,no,no,fR2 rung
Kabalevsky T05,0,65,1.5,B3,59,ɨ,Mitton measured,0.313,close,G#3,3.48,inside,3,-2,none,none,short,step,2,no,7,middle,no,no,no,
Kabalevsky T05,0,65,2,C4,60,ɛ,Mitton measured,0.313,open,D4,-1.69,inside,4,-1,none,5,short,step,1,no,7,middle,no,yes,yes,fR2 rung
Kabalevsky T05,0,65,2.5,A3,57,ɪ,Mitton measured,0.313,close,G3,1.96,inside,1,-4,none,none,short,leap-down,-3,no,7,middle,no,no,no,turning pitch 0 to 2 st below
Kabalevsky T05,0,66,1,B3,59,o,Mitton measured,0.313,close,B3,0.17,inside,3,-2,none,none,short,step,2,no,7,middle,no,no,no,turning pitch 0 to 2 st below
Kabalevsky T05,0,66,1.5,E3,52,ɨ,Mitton measured,0.313,open,G#3,-3.52,below primo,-4,-9,none,none,short,leap-down,-7,no,7,middle,no,no,no,
Kabalevsky T05,0,66,2,F#3,54,ʌ,Mitton measured,0.313,open,D#4,-8.83,below primo,-2,-7,none,none,short,step,2,no,7,middle,no,no,no,
Kabalevsky T05,0,66,2.5,G3,55,ɑ,Mitton measured,0.313,open,D#4,-7.85,below primo,-1,-6,none,none,short,step,1,no,7,middle,no,no,no,
Kabalevsky T05,0,67,1,A3,57,o,Mitton measured,1.25,open,B3,-1.83,inside,1,-4,none,none,held,step,2,no,7,middle,no,no,no,held
Kabalevsky T05,0,68,1,A3,57,o,Mitton measured,1.25,open,B3,-1.83,inside,1,-4,none,none,held,tie,0,no,7,middle,no,no,no,held
Kabalevsky T05,0,69,1,E4,64,o,Mitton measured,1.25,close,B3,5.17,above secondo,8,3,none,none,short,leap-up,7,no,7,middle,yes,no,no,highest of phrase
Kabalevsky T05,0,70,1,E4,64,o,Mitton measured,0.625,close,B3,5.17,above secondo,8,3,none,none,short,tie,0,no,7,last,yes,no,no,highest of phrase
Kabalevsky T05,0,70,2,C4,60,ɑ,Mitton measured,0.313,open,D#4,-2.85,inside,4,-1,none,none,short,leap-down,-4,no,8,first,yes,yes,yes,highest of phrase
Kabalevsky T05,0,70,2.5,A3,57,ɛ,Mitton measured,0.313,open,D4,-4.69,inside,1,-4,none,6,short,leap-down,-3,no,8,middle,no,no,no,fR2 rung
Kabalevsky T05,0,71,1,F#3,54,o,Mitton measured,0.313,open,B3,-4.83,below primo,-2,-7,none,none,short,leap-down,-3,no,8,middle,no,no,no,
Kabalevsky T05,0,71,1.5,F#3,54,i,Mitton measured,0.313,close,D3,3.86,below primo,-2,-7,none,none,short,repeated,0,no,8,middle,no,no,no,
Kabalevsky T05,0,71,2,G3,55,ɑ,Mitton measured,0.313,open,D#4,-7.85,below primo,-1,-6,none,none,short,step,1,no,8,middle,no,no,no,
Kabalevsky T05,0,71,2.5,A3,57,ɑ,Mitton measured,0.313,open,D#4,-5.85,inside,1,-4,none,none,short,step,2,no,8,middle,no,no,no,
Kabalevsky T05,0,72,1,B3,59,ɑ,Mitton measured,0.938,open,D#4,-3.85,inside,3,-2,none,4,short,step,2,no,8,middle,no,no,no,fR2 rung
Kabalevsky T05,0,72,2.5,C4,60,ɪ,Mitton measured,0.313,close,G3,4.96,inside,4,-1,none,6,short,step,1,no,8,middle,yes,yes,yes,highest of phrase; fR2 rung
Kabalevsky T05,0,73,1,B3,59,u,Mitton measured,0.938,close,F3,6.16,inside,3,-2,none,none,short,step,-1,no,8,middle,no,no,no,
Kabalevsky T05,0,73,2.5,B3,59,i,Mitton measured,0.313,close,D3,8.86,inside,3,-2,none,7,short,repeated,0,no,8,last,no,no,no,fR2 rung
Kabalevsky T05,0,81,1.5,E3,52,o,Mitton measured,0.313,open,B3,-6.83,below primo,-4,-9,3,5,short,leap-down,-7,yes,9,first,no,no,no,fR2 rung
Kabalevsky T05,0,81,2,E3,52,i,Mitton measured,0.313,close,D3,1.86,below primo,-4,-9,none,none,short,repeated,0,no,9,middle,no,no,no,turning pitch 0 to 2 st below
Kabalevsky T05,0,81,2.5,E3,52,ɨ,Mitton measured,0.313,open,G#3,-3.52,below primo,-4,-9,none,none,short,repeated,0,no,9,middle,no,no,no,
Kabalevsky T05,0,82,1,F#3,54,i,Mitton measured,0.938,close,D3,3.86,below primo,-2,-7,none,none,short,step,2,no,9,middle,no,no,no,
Kabalevsky T05,0,82,2.5,E3,52,i,Mitton measured,0.313,close,D3,1.86,below primo,-4,-9,none,none,short,step,-2,no,9,middle,no,no,no,turning pitch 0 to 2 st below
Kabalevsky T05,0,83,1,G3,55,o,Mitton measured,0.313,open,B3,-3.83,below primo,-1,-6,none,none,short,leap-up,3,no,9,middle,no,no,no,
Kabalevsky T05,0,83,1.5,E3,52,ɨ,Mitton measured,0.313,open,G#3,-3.52,below primo,-4,-9,none,none,short,leap-down,-3,no,9,middle,no,no,no,
Kabalevsky T05,0,83,2,G3,55,ɪ,Mitton measured,0.313,open,G3,-0.04,below primo,-1,-6,none,8,short,leap-up,3,no,9,middle,no,no,no,fR2 rung
Kabalevsky T05,0,83,2.5,C4,60,u,Mitton measured,0.313,close,F3,7.16,inside,4,-1,none,3,short,leap-up,5,no,9,middle,yes,yes,yes,highest of phrase; fR2 rung
Kabalevsky T05,0,84,1,A#3,58,e,Mitton measured,1.25,close,G3,3.49,inside,2,-3,none,none,short,step,-2,no,9,middle,no,no,no,
Kabalevsky T05,0,85,1,A#3,58,e,Mitton measured,0.625,close,G3,3.49,inside,2,-3,none,none,short,tie,0,no,9,middle,no,no,no,
Kabalevsky T05,0,85,2,A#3,58,ɑ,Mitton measured,0.625,open,D#4,-4.85,inside,2,-3,none,none,short,repeated,0,no,9,middle,no,no,no,
Kabalevsky T05,0,86,1,B3,59,o,Mitton measured,0.625,close,B3,0.17,inside,3,-2,none,none,short,step,1,no,9,middle,no,no,no,turning pitch 0 to 2 st below
Kabalevsky T05,0,86,2,E3,52,ɨ,Mitton measured,0.625,open,G#3,-3.52,below primo,-4,-9,none,none,short,leap-down,-7,no,9,middle,no,no,no,
Kabalevsky T05,0,87,1,B3,59,ɑ,Mitton measured,1.25,open,D#4,-3.85,inside,3,-2,none,4,short,leap-up,7,no,9,middle,no,no,no,fR2 rung
Kabalevsky T05,0,88,1,A3,57,ɑ,Mitton measured,0.313,open,D#4,-5.85,inside,1,-4,none,none,short,step,-2,no,9,last,no,no,no,
Kabalevsky T05,0,88,2.5,A3,57,ɑ,Mitton measured,0.313,open,D#4,-5.85,inside,1,-4,none,none,short,repeated,0,yes,10,first,yes,no,no,highest of phrase
Kabalevsky T05,0,89,1,G3,55,o,Mitton measured,0.313,open,B3,-3.83,below primo,-1,-6,none,none,short,step,-2,no,10,middle,no,no,no,
Kabalevsky T05,0,89,1.5,B2,47,i,Mitton measured,0.313,open,D3,-3.14,below primo,-9,-14,none,none,short,leap-down,-8,no,10,middle,no,no,no,
Kabalevsky T05,0,89,2,G3,55,o,Mitton measured,0.313,open,B3,-3.83,below primo,-1,-6,none,none,short,leap-up,8,no,10,middle,no,no,no,
Kabalevsky T05,0,89,2.5,F#3,54,ɑ,Mitton measured,0.313,open,D#4,-8.85,below primo,-2,-7,none,none,short,step,-1,no,10,middle,no,no,no,
Kabalevsky T05,0,90,1,E3,52,e,Mitton measured,0.625,open,G3,-2.51,below primo,-4,-9,none,none,short,step,-2,no,10,middle,no,no,no,
Kabalevsky T05,0,90,2,E3,52,e,Mitton measured,0.313,open,G3,-2.51,below primo,-4,-9,none,none,short,tie,0,no,10,last,no,no,no,
Kabalevsky T06,0,4,3.5,Db3,49,ɪ,Mitton measured,0.375,open,G3,-6.04,below primo,-7,-12,none,none,short,first note,,,0,first,no,no,no,
Kabalevsky T06,0,4,4,Gb3,54,i,Mitton measured,0.375,close,D3,3.86,below primo,-2,-7,none,none,short,leap-up,5,no,0,middle,no,no,no,
Kabalevsky T06,0,4,4.5,Ab3,56,i,Mitton measured,0.375,close,D3,5.86,inside,0,-5,none,8,short,step,2,no,0,middle,no,no,no,fR2 rung
Kabalevsky T06,0,5,1,Bb3,58,a,Mitton measured,1.125,open,F4,-7.31,inside,2,-3,3,none,short,step,2,no,0,middle,no,no,no,
Kabalevsky T06,0,5,2.5,Bb3,58,ɑ,Mitton measured,0.375,open,D#4,-4.85,inside,2,-3,none,none,short,repeated,0,no,0,middle,no,no,no,
Kabalevsky T06,0,5,3,Ab3,56,u,Mitton measured,0.375,close,F3,3.16,inside,0,-5,none,none,short,step,-2,no,0,middle,no,no,no,
Kabalevsky T06,0,5,3.5,Bb3,58,ɑ,Mitton measured,0.375,open,D#4,-4.85,inside,2,-3,none,none,short,step,2,no,0,middle,no,no,no,
Kabalevsky T06,0,5,4,Cb4,59,i,Mitton measured,0.375,close,D3,8.86,inside,3,-2,none,7,short,step,1,no,0,middle,yes,no,no,highest of phrase; fR2 rung
Kabalevsky T06,0,5,4.5,Ab3,56,ɑ,Mitton measured,0.375,open,D#4,-6.85,inside,0,-5,3,5,short,leap-down,-3,no,0,middle,no,no,no,fR2 rung
Kabalevsky T06,0,6,1,Bb3,58,o,Mitton measured,1.5,open,B3,-0.83,inside,2,-3,none,none,short,step,2,no,0,middle,no,no,no,
Kabalevsky T06,0,6,3,Bb3,58,o,Mitton measured,0.375,open,B3,-0.83,inside,2,-3,none,none,short,tie,0,no,0,middle,no,no,no,
Kabalevsky T06,0,6,3.5,Bb3,58,ɨ,Mitton measured,0.375,close,G#3,2.48,inside,2,-3,none,none,short,repeated,0,no,0,middle,no,no,no,
Kabalevsky T06,0,6,4,Ab3,56,o,Mitton measured,0.375,open,B3,-2.83,inside,0,-5,none,4,short,step,-2,no,0,middle,no,no,no,fR2 rung
Kabalevsky T06,0,6,4.5,Gb3,54,ɨ,Mitton measured,0.375,open,G#3,-1.52,below primo,-2,-7,none,6,short,step,-2,no,0,middle,no,no,no,fR2 rung
Kabalevsky T06,0,7,1,Ab3,56,ɨ,Mitton measured,0.375,close,G#3,0.48,inside,0,-5,none,none,short,step,2,no,0,middle,no,no,no,turning pitch 0 to 2 st below
Kabalevsky T06,0,7,1.5,Ab3,56,ɑ,Mitton measured,0.375,open,D#4,-6.85,inside,0,-5,3,5,short,repeated,0,no,0,middle,no,no,no,fR2 rung
Kabalevsky T06,0,7,2,Ab3,56,o,Mitton measured,0.75,open,B3,-2.83,inside,0,-5,none,4,short,repeated,0,no,0,middle,no,no,no,fR2 rung
Kabalevsky T06,0,7,3,Ab3,56,o,Mitton measured,0.375,open,B3,-2.83,inside,0,-5,none,4,short,tie,0,no,0,middle,no,no,no,fR2 rung
Kabalevsky T06,0,7,3.5,Ab3,56,ɑ,Mitton measured,0.375,open,D#4,-6.85,inside,0,-5,3,5,short,repeated,0,no,0,middle,no,no,no,fR2 rung
Kabalevsky T06,0,7,4,Gb3,54,ɑ,Mitton measured,0.375,open,D#4,-8.85,below primo,-2,-7,none,none,short,step,-2,no,0,middle,no,no,no,
Kabalevsky T06,0,7,4.5,F3,53,ɨ,Mitton measured,0.375,open,G#3,-2.52,below primo,-3,-8,none,none,short,step,-1,no,0,middle,no,no,no,
Kabalevsky T06,0,8,1,Gb3,54,o,Mitton measured,1.5,open,B3,-4.83,below primo,-2,-7,none,none,short,step,1,no,0,last,no,no,no,
Kabalevsky T06,0,8,3.5,Bb2,46,ɑ,Mitton measured,0.375,open,D#4,-16.85,below primo,-10,-15,none,none,short,leap-down,-8,yes,1,first,no,no,no,
Kabalevsky T06,0,8,4,Eb3,51,ɑ,Mitton measured,0.375,open,D#4,-11.85,below primo,-5,-10,4,none,short,leap-up,5,no,1,middle,no,no,no,
Kabalevsky T06,0,8,4.5,F3,53,ɨ,Mitton measured,0.375,open,G#3,-2.52,below primo,-3,-8,none,none,short,step,2,no,1,middle,no,no,no,
Kabalevsky T06,0,9,1,Gb3,54,e,Mitton measured,1.125,open,G3,-0.51,below primo,-2,-7,none,none,short,step,1,no,1,middle,no,no,no,
Kabalevsky T06,0,9,2.5,Gb3,54,ɑ,Mitton measured,0.375,open,D#4,-8.85,below primo,-2,-7,none,none,short,repeated,0,no,1,middle,no,no,no,
Kabalevsky T06,0,9,3,F3,53,u,Mitton measured,0.375,close,F3,0.16,below primo,-3,-8,none,none,short,step,-1,no,1,middle,no,no,no,turning pitch 0 to 2 st below
Kabalevsky T06,0,9,3.5,Gb3,54,ɨ,Mitton measured,0.375,open,G#3,-1.52,below primo,-2,-7,none,6,short,step,1,no,1,middle,no,no,no,fR2 rung
Kabalevsky T06,0,9,4,Ab3,56,o,Mitton measured,0.375,open,B3,-2.83,inside,0,-5,none,4,short,step,2,no,1,middle,no,no,no,fR2 rung
Kabalevsky T06,0,9,4.5,F3,53,ɑ,Mitton measured,0.375,open,D#4,-9.85,below primo,-3,-8,none,none,short,leap-down,-3,no,1,middle,no,no,no,
Kabalevsky T06,0,10,1,Bb3,58,o,Mitton measured,1.5,open,B3,-0.83,inside,2,-3,none,none,short,leap-up,5,no,1,middle,no,no,no,
Kabalevsky T06,0,10,3,Bb3,58,o,Mitton measured,0.375,open,B3,-0.83,inside,2,-3,none,none,short,tie,0,no,1,middle,no,no,no,
Kabalevsky T06,0,10,3.5,A3,57,u,Mitton measured,0.375,close,F3,4.16,inside,1,-4,none,none,short,step,-1,no,1,middle,no,no,no,
Kabalevsky T06,0,10,4,Bb3,58,u,Mitton measured,0.375,close,F3,5.16,inside,2,-3,none,none,short,step,1,no,1,middle,no,no,no,
Kabalevsky T06,0,10,4.5,C4,60,ɪ,Mitton measured,0.375,close,G3,4.96,inside,4,-1,none,6,short,step,2,no,1,middle,no,yes,yes,fR2 rung
Kabalevsky T06,0,11,1,Db4,61,o,Mitton measured,0.375,close,B3,2.17,inside,5,0,none,3,short,step,1,no,1,middle,yes,yes,yes,highest of phrase; fR2 rung
Kabalevsky T06,0,11,1.5,Bb3,58,o,Mitton measured,0.375,open,B3,-0.83,inside,2,-3,none,none,short,leap-down,-3,no,1,middle,no,no,no,
Kabalevsky T06,0,11,2,F3,53,ʌ,Mitton measured,0.375,open,D#4,-9.83,below primo,-3,-8,none,none,short,leap-down,-5,no,1,middle,no,no,no,
Kabalevsky T06,0,11,2.5,Gb3,54,i,Mitton measured,0.375,close,D3,3.86,below primo,-2,-7,none,none,short,step,1,no,1,middle,no,no,no,
Kabalevsky T06,0,11,3,F3,53,ɑ,Mitton measured,1.125,open,D#4,-9.85,below primo,-3,-8,none,none,short,step,-1,no,1,middle,no,no,no,
Kabalevsky T06,0,11,4.5,Eb3,51,ɑ,Mitton measured,0.375,open,D#4,-11.85,below primo,-5,-10,4,none,short,step,-2,no,1,middle,no,no,no,
Kabalevsky T06,0,12,1,F3,53,o,Mitton measured,3,open,B3,-5.83,below primo,-3,-8,none,none,held,step,2,no,1,middle,no,no,no,held
Kabalevsky T06,0,13,1,F3,53,o,Mitton measured,0.375,open,B3,-5.83,below primo,-3,-8,none,none,held,tie,0,no,1,last,no,no,no,held
Kabalevsky T06,0,13,3.5,Bb3,58,i,Mitton measured,0.375,close,D3,7.86,inside,2,-3,none,none,short,leap-up,5,yes,2,first,no,no,no,
Kabalevsky T06,0,13,4,Bb3,58,ɛ,Mitton measured,0.375,open,D4,-3.69,inside,2,-3,none,none,short,repeated,0,no,2,middle,no,no,no,
Kabalevsky T06,0,13,4.5,Bb3,58,i,Mitton measured,0.375,close,D3,7.86,inside,2,-3,none,none,short,repeated,0,no,2,middle,no,no,no,
Kabalevsky T06,0,14,1,Bb3,58,o,Mitton measured,0.375,open,B3,-0.83,inside,2,-3,none,none,short,repeated,0,no,2,middle,no,no,no,
Kabalevsky T06,0,14,1.5,Cb4,59,ʌ,Mitton measured,0.375,open,D#4,-3.83,inside,3,-2,none,none,short,step,1,no,2,middle,no,no,no,
Kabalevsky T06,0,14,2,Cb4,59,ʌ,Mitton measured,0.375,open,D#4,-3.83,inside,3,-2,none,none,short,repeated,0,no,2,middle,no,no,no,
Kabalevsky T06,0,14,2.5,Cb4,59,ɑ,Mitton measured,0.375,open,D#4,-3.85,inside,3,-2,none,4,short,repeated,0,no,2,middle,no,no,no,fR2 rung
Kabalevsky T06,0,14,3,Cb4,59,ɑ,Mitton measured,0.375,open,D#4,-3.85,inside,3,-2,none,4,short,repeated,0,no,2,middle,no,no,no,fR2 rung
Kabalevsky T06,0,14,3.5,Bb3,58,ɑ,Mitton measured,0.375,open,D#4,-4.85,inside,2,-3,none,none,short,step,-1,no,2,middle,no,no,no,
Kabalevsky T06,0,14,4,Bb3,58,ɑ,Mitton measured,0.375,open,D#4,-4.85,inside,2,-3,none,none,short,repeated,0,no,2,middle,no,no,no,
Kabalevsky T06,0,14,4.5,Bb3,58,ɑ,Mitton measured,0.375,open,D#4,-4.85,inside,2,-3,none,none,short,repeated,0,no,2,middle,no,no,no,
Kabalevsky T06,0,15,1,Eb4,63,o,Mitton measured,0.375,close,B3,4.17,above secondo,7,2,none,none,short,leap-up,5,no,2,middle,yes,no,no,highest of phrase
Kabalevsky T06,0,15,1.5,Cb4,59,i,Mitton measured,0.375,close,D3,8.86,inside,3,-2,none,7,short,leap-down,-4,no,2,middle,no,no,no,fR2 rung
Kabalevsky T06,0,15,2,Cb4,59,ɑ,Mitton measured,0.375,open,D#4,-3.85,inside,3,-2,none,4,short,repeated,0,no,2,middle,no,no,no,fR2 rung
Kabalevsky T06,0,15,2.5,Bb3,58,ɨ,Mitton measured,0.375,close,G#3,2.48,inside,2,-3,none,none,short,step,-1,no,2,middle,no,no,no,
Kabalevsky T06,0,15,3,Ab3,56,o,Mitton measured,1.5,open,B3,-2.83,inside,0,-5,none,4,short,step,-2,no,2,middle,no,no,no,fR2 rung
Kabalevsky T06,0,16,1,Ab3,56,o,Mitton measured,0.375,open,B3,-2.83,inside,0,-5,none,4,short,tie,0,no,2,middle,no,no,no,fR2 rung
Kabalevsky T06,0,16,1.5,Ab3,56,i,Mitton measured,0.375,close,D3,5.86,inside,0,-5,none,8,short,repeated,0,no,2,middle,no,no,no,fR2 rung
Kabalevsky T06,0,16,2,Bb3,58,ʌ,Mitton measured,0.375,open,D#4,-4.83,inside,2,-3,none,5,short,step,2,no,2,middle,no,no,no,fR2 rung
Kabalevsky T06,0,16,2.5,Cb4,59,ɑ,Mitton measured,0.375,open,D#4,-3.85,inside,3,-2,none,4,short,step,1,no,2,middle,no,no,no,fR2 rung
Kabalevsky T06,0,16,3,Bb3,58,u,Mitton measured,0.375,close,F3,5.16,inside,2,-3,none,none,short,step,-1,no,2,middle,no,no,no,
Kabalevsky T06,0,16,3.5,Ab3,56,u,Mitton measured,0.375,close,F3,3.16,inside,0,-5,none,none,short,step,-2,no,2,middle,no,no,no,
Kabalevsky T06,0,16,4,Ab3,56,ɑ,Mitton measured,0.375,open,D#4,-6.85,inside,0,-5,3,5,short,repeated,0,no,2,middle,no,no,no,fR2 rung
Kabalevsky T06,0,16,4.5,Ab3,56,ɑ,Mitton measured,0.375,open,D#4,-6.85,inside,0,-5,3,5,short,repeated,0,no,2,middle,no,no,no,fR2 rung
Kabalevsky T06,0,17,1,Db4,61,ɑ,Mitton measured,0.375,open,D#4,-1.85,inside,5,0,none,none,short,leap-up,5,no,2,middle,no,yes,no,
Kabalevsky T06,0,17,1.5,Gb3,54,u,Mitton measured,0.375,close,F3,1.16,below primo,-2,-7,none,none,short,leap-down,-7,no,2,middle,no,no,no,turning pitch 0 to 2 st below
Kabalevsky T06,0,17,2,Gb3,54,i,Mitton measured,0.375,close,D3,3.86,below primo,-2,-7,none,none,short,repeated,0,no,2,middle,no,no,no,
Kabalevsky T06,0,17,2.5,Gb3,54,i,Mitton measured,0.375,close,D3,3.86,below primo,-2,-7,none,none,short,repeated,0,no,2,middle,no,no,no,
Kabalevsky T06,0,17,3,Gb3,54,o,Mitton measured,0.375,open,B3,-4.83,below primo,-2,-7,none,none,short,repeated,0,no,2,middle,no,no,no,
Kabalevsky T06,0,17,3.5,F3,53,ɑ,Mitton measured,0.375,open,D#4,-9.85,below primo,-3,-8,none,none,short,step,-1,no,2,middle,no,no,no,
Kabalevsky T06,0,17,4,F3,53,ɑ,Mitton measured,0.75,open,D#4,-9.85,below primo,-3,-8,none,none,short,repeated,0,no,2,middle,no,no,no,
Kabalevsky T06,0,18,1,F3,53,ɑ,Mitton measured,0.75,open,D#4,-9.85,below primo,-3,-8,none,none,short,tie,0,no,2,middle,no,no,no,
Kabalevsky T06,0,18,2,F3,53,ɑ,Mitton measured,0.75,open,D#4,-9.85,below primo,-3,-8,none,none,short,repeated,0,no,2,middle,no,no,no,
Kabalevsky T06,0,18,3,Db4,61,e,Mitton measured,0.375,close,G3,6.49,inside,5,0,none,none,short,leap-up,8,no,2,middle,no,yes,no,
Kabalevsky T06,0,18,3.5,Eb3,51,i,Mitton measured,0.375,close,D3,0.86,below primo,-5,-10,none,none,short,leap-down,-10,no,2,middle,no,no,no,turning pitch 0 to 2 st below
Kabalevsky T06,0,18,4,Eb3,51,u,Mitton measured,0.375,open,F3,-1.84,below primo,-5,-10,none,none,short,repeated,0,no,2,middle,no,no,no,
Kabalevsky T06,0,18,4.5,Eb3,51,ɪ,Mitton measured,0.375,open,G3,-4.04,below primo,-5,-10,none,none,short,repeated,0,no,2,middle,no,no,no,
Kabalevsky T06,0,19,1,F3,53,o,Mitton measured,0.375,open,B3,-5.83,below primo,-3,-8,none,none,short,step,2,no,2,middle,no,no,no,
Kabalevsky T06,0,19,1.5,Eb3,51,u,Mitton measured,0.375,open,F3,-1.84,below primo,-5,-10,none,none,short,step,-2,no,2,middle,no,no,no,
Kabalevsky T06,0,19,2,Gb3,54,ʌ,Mitton measured,0.375,open,D#4,-8.83,below primo,-2,-7,none,none,short,leap-up,3,no,2,middle,no,no,no,
Kabalevsky T06,0,19,2.5,Cb4,59,ɪ,Mitton measured,0.375,close,G3,3.96,inside,3,-2,none,none,short,leap-up,5,no,2,middle,no,no,no,
Kabalevsky T06,0,19,3,Bb3,58,u,Mitton measured,1.5,close,F3,5.16,inside,2,-3,none,none,short,step,-1,no,2,middle,no,no,no,
Kabalevsky T06,0,20,1,Bb3,58,u,Mitton measured,0.375,close,F3,5.16,inside,2,-3,none,none,short,tie,0,no,2,last,no,no,no,
Kabalevsky T06,0,20,2.5,Ab3,56,ɑ,Mitton measured,0.375,open,D#4,-6.85,inside,0,-5,3,5,short,step,-2,yes,3,first,no,no,no,fR2 rung
Kabalevsky T06,0,21,1,Bb3,58,o,Mitton measured,0.375,open,B3,-0.83,inside,2,-3,none,none,short,step,2,no,3,middle,no,no,no,
Kabalevsky T06,0,21,1.5,Bb3,58,i,Mitton measured,0.375,close,D3,7.86,inside,2,-3,none,none,short,repeated,0,no,3,middle,no,no,no,
Kabalevsky T06,0,21,2,Bb3,58,ɨ,Mitton measured,0.375,close,G#3,2.48,inside,2,-3,none,none,short,repeated,0,no,3,middle,no,no,no,
Kabalevsky T06,0,21,2.5,Bb3,58,u,Mitton measured,0.375,close,F3,5.16,inside,2,-3,none,none,short,repeated,0,no,3,middle,no,no,no,
Kabalevsky T06,0,21,3,Ab3,56,ɑ,Mitton measured,0.375,open,D#4,-6.85,inside,0,-5,3,5,short,step,-2,no,3,middle,no,no,no,fR2 rung
Kabalevsky T06,0,21,3.5,Bb3,58,ɪ,Mitton measured,0.375,close,G3,2.96,inside,2,-3,none,7,short,step,2,no,3,middle,no,no,no,fR2 rung
Kabalevsky T06,0,21,4,Cb4,59,ɑ,Mitton measured,0.375,open,D#4,-3.85,inside,3,-2,none,4,short,step,1,no,3,middle,yes,no,no,highest of phrase; fR2 rung
Kabalevsky T06,0,21,4.5,Ab3,56,ɨ,Mitton measured,0.375,close,G#3,0.48,inside,0,-5,none,none,short,leap-down,-3,no,3,middle,no,no,no,turning pitch 0 to 2 st below
Kabalevsky T06,0,22,1,Bb3,58,o,Mitton measured,1.125,open,B3,-0.83,inside,2,-3,none,none,short,step,2,no,3,middle,no,no,no,
Kabalevsky T06,0,22,2.5,Bb3,58,ɪ,Mitton measured,0.375,close,G3,2.96,inside,2,-3,none,7,short,repeated,0,no,3,middle,no,no,no,fR2 rung
Kabalevsky T06,0,23,1,Ab3,56,o,Mitton measured,0.375,open,B3,-2.83,inside,0,-5,none,4,short,step,-2,no,3,middle,no,no,no,fR2 rung
Kabalevsky T06,0,23,1.5,Ab3,56,ɪ,Mitton measured,0.375,close,G3,0.96,inside,0,-5,none,none,short,repeated,0,no,3,middle,no,no,no,turning pitch 0 to 2 st below
Kabalevsky T06,0,23,2,Ab3,56,i,Mitton measured,0.375,close,D3,5.86,inside,0,-5,none,8,short,repeated,0,no,3,middle,no,no,no,fR2 rung
Kabalevsky T06,0,23,2.5,Ab3,56,ɪ,Mitton measured,0.375,close,G3,0.96,inside,0,-5,none,none,short,repeated,0,no,3,middle,no,no,no,turning pitch 0 to 2 st below
Kabalevsky T06,0,23,3,Ab3,56,ɑ,Mitton measured,0.375,open,D#4,-6.85,inside,0,-5,3,5,short,repeated,0,no,3,middle,no,no,no,fR2 rung
Kabalevsky T06,0,23,3.5,Ab3,56,i,Mitton measured,0.375,close,D3,5.86,inside,0,-5,none,8,short,repeated,0,no,3,middle,no,no,no,fR2 rung
Kabalevsky T06,0,23,4,Gb3,54,ʌ,Mitton measured,0.375,open,D#4,-8.83,below primo,-2,-7,none,none,short,step,-2,no,3,middle,no,no,no,
Kabalevsky T06,0,23,4.5,F3,53,i,Mitton measured,0.375,close,D3,2.86,below primo,-3,-8,none,none,short,step,-1,no,3,middle,no,no,no,
Kabalevsky T06,0,24,1,Gb3,54,ɨ,Mitton measured,1.5,open,G#3,-1.52,below primo,-2,-7,none,6,short,step,1,no,3,last,no,no,no,fR2 rung
Kabalevsky T06,0,24,3.5,Bb2,46,i,Mitton measured,0.375,open,D3,-4.14,below primo,-10,-15,none,none,short,leap-down,-8,yes,4,first,no,no,no,
Kabalevsky T06,0,24,4,Eb3,51,i,Mitton measured,0.375,close,D3,0.86,below primo,-5,-10,none,none,short,leap-up,5,no,4,middle,no,no,no,turning pitch 0 to 2 st below
Kabalevsky T06,0,24,4.5,F3,53,ɑ,Mitton measured,0.375,open,D#4,-9.85,below primo,-3,-8,none,none,short,step,2,no,4,middle,no,no,no,
Kabalevsky T06,0,25,1,Gb3,54,ɑ,Mitton measured,1.125,open,D#4,-8.85,below primo,-2,-7,none,none,short,step,1,no,4,middle,no,no,no,
Kabalevsky T06,0,25,2.5,Gb3,54,ɪ,Mitton measured,0.375,open,G3,-1.04,below primo,-2,-7,none,none,short,repeated,0,no,4,middle,no,no,no,
Kabalevsky T06,0,25,3,F3,53,ʌ,Mitton measured,0.375,open,D#4,-9.83,below primo,-3,-8,none,none,short,step,-1,no,4,middle,no,no,no,
Kabalevsky T06,0,25,3.5,Gb3,54,ɑ,Mitton measured,0.375,open,D#4,-8.85,below primo,-2,-7,none,none,short,step,1,no,4,middle,no,no,no,
Kabalevsky T06,0,25,4,Ab3,56,i,Mitton measured,0.375,close,D3,5.86,inside,0,-5,none,8,short,step,2,no,4,middle,no,no,no,fR2 rung
Kabalevsky T06,0,25,4.5,F3,53,none resolved,not assessed,0.375,not assessed,not assessed,not assessed,below primo,-3,-8,not assessed,not assessed,short,leap-down,-3,no,4,middle,no,no,no,
Kabalevsky T06,0,26,1,Bb3,58,o,Mitton measured,1.5,open,B3,-0.83,inside,2,-3,none,none,short,leap-up,5,no,4,middle,no,no,no,
Kabalevsky T06,0,26,3,Bb3,58,o,Mitton measured,0.375,open,B3,-0.83,inside,2,-3,none,none,short,tie,0,no,4,middle,no,no,no,
Kabalevsky T06,0,26,3.5,A3,57,ɨ,Mitton measured,0.375,close,G#3,1.48,inside,1,-4,none,5,short,step,-1,no,4,middle,no,no,no,turning pitch 0 to 2 st below; fR2 rung
Kabalevsky T06,0,26,4,Bb3,58,ɑ,Mitton measured,0.375,open,D#4,-4.85,inside,2,-3,none,none,short,step,1,no,4,middle,no,no,no,
Kabalevsky T06,0,26,4.5,C4,60,ɪ,Mitton measured,0.375,close,G3,4.96,inside,4,-1,none,6,short,step,2,no,4,middle,no,yes,yes,fR2 rung
Kabalevsky T06,0,27,1,Db4,61,e,Mitton measured,1.125,close,G3,6.49,inside,5,0,none,none,short,step,1,no,4,middle,yes,yes,yes,highest of phrase
Kabalevsky T06,0,27,2.5,Bb3,58,i,Mitton measured,0.375,close,D3,7.86,inside,2,-3,none,none,short,leap-down,-3,no,4,middle,no,no,no,
Kabalevsky T06,0,27,3,F3,53,ʌ,Mitton measured,0.375,open,D#4,-9.83,below primo,-3,-8,none,none,short,leap-down,-5,no,4,middle,no,no,no,
Kabalevsky T06,0,27,3.5,F3,53,ɑ,Mitton measured,0.375,open,D#4,-9.85,below primo,-3,-8,none,none,short,repeated,0,no,4,middle,no,no,no,
Kabalevsky T06,0,27,4,F3,53,ɑ,Mitton measured,0.375,open,D#4,-9.85,below primo,-3,-8,none,none,short,repeated,0,no,4,middle,no,no,no,
Kabalevsky T06,0,27,4.5,Gb3,54,i,Mitton measured,0.375,close,D3,3.86,below primo,-2,-7,none,none,short,step,1,no,4,middle,no,no,no,
Kabalevsky T06,0,28,1,F3,53,ɨ,Mitton measured,3,open,G#3,-2.52,below primo,-3,-8,none,none,held,step,-1,no,4,middle,no,no,no,held
Kabalevsky T06,0,29,1,F3,53,ɨ,Mitton measured,0.375,open,G#3,-2.52,below primo,-3,-8,none,none,held,tie,0,no,4,last,no,no,no,held
Kabalevsky T06,0,30,2,Db3,49,o,Mitton measured,0.75,open,B3,-9.83,below primo,-7,-12,none,6,short,leap-down,-4,yes,5,first,no,no,no,fR2 rung
Kabalevsky T06,0,30,3,Db4,61,u,Mitton measured,1.5,close,F3,8.16,inside,5,0,none,none,short,leap-up,12,no,5,middle,yes,yes,yes,highest of phrase
Kabalevsky T06,0,31,1,Db4,61,u,Mitton measured,0.375,close,F3,8.16,inside,5,0,none,none,short,tie,0,no,5,middle,yes,yes,yes,highest of phrase
Kabalevsky T06,0,31,1.5,Bb3,58,ɑ,Mitton measured,0.375,open,D#4,-4.85,inside,2,-3,none,none,short,leap-down,-3,no,5,middle,no,no,no,
Kabalevsky T06,0,31,2,Ab3,56,ɑ,Mitton measured,0.375,open,D#4,-6.85,inside,0,-5,3,5,short,step,-2,no,5,middle,no,no,no,fR2 rung
Kabalevsky T06,0,31,2.5,Gb3,54,ɑ,Mitton measured,0.375,open,D#4,-8.85,below primo,-2,-7,none,none,short,step,-2,no,5,middle,no,no,no,
Kabalevsky T06,0,31,3,F3,53,ɑ,Mitton measured,0.375,open,D#4,-9.85,below primo,-3,-8,none,none,short,step,-1,no,5,middle,no,no,no,
Kabalevsky T06,0,31,3.5,Eb3,51,ɪ,Mitton measured,0.375,open,G3,-4.04,below primo,-5,-10,none,none,short,step,-2,no,5,middle,no,no,no,
Kabalevsky T06,0,31,4,Ab3,56,o,Mitton measured,0.375,open,B3,-2.83,inside,0,-5,none,4,short,leap-up,5,no,5,middle,no,no,no,fR2 rung
Kabalevsky T06,0,31,4.5,Bb3,58,ɑ,Mitton measured,0.375,open,D#4,-4.85,inside,2,-3,none,none,short,step,2,no,5,middle,no,no,no,
Kabalevsky T06,0,32,1,Cb4,59,ɛ,Mitton measured,1.5,open,D4,-2.69,inside,3,-2,none,none,short,step,1,no,5,middle,no,no,no,
Kabalevsky T06,0,32,3,Cb4,59,ɛ,Mitton measured,0.375,open,D4,-2.69,inside,3,-2,none,none,short,tie,0,no,5,middle,no,no,no,
Kabalevsky T06,0,32,3.5,Cb4,59,u,Mitton measured,0.375,close,F3,6.16,inside,3,-2,none,none,short,repeated,0,no,5,middle,no,no,no,
Kabalevsky T06,0,32,4,Bb3,58,ɑ,Mitton measured,0.375,open,D#4,-4.85,inside,2,-3,none,none,short,step,-1,no,5,middle,no,no,no,
Kabalevsky T06,0,32,4.5,Cb4,59,ɑ,Mitton measured,0.375,open,D#4,-3.85,inside,3,-2,none,4,short,step,1,no,5,middle,no,no,no,fR2 rung
Kabalevsky T06,0,33,1,Ab3,56,ɑ,Mitton measured,3,open,D#4,-6.85,inside,0,-5,3,5,held,leap-down,-3,no,5,middle,no,no,no,held; fR2 rung
Kabalevsky T06,0,34,1,Db4,61,ɨ,Mitton measured,0.75,close,G#3,5.48,inside,5,0,none,4,short,leap-up,5,no,5,middle,yes,yes,yes,highest of phrase; fR2 rung
Kabalevsky T06,0,34,2,Ab3,56,u,Mitton measured,0.375,close,F3,3.16,inside,0,-5,none,none,short,leap-down,-5,no,5,middle,no,no,no,
Kabalevsky T06,0,34,2.5,Ab3,56,i,Mitton measured,0.375,close,D3,5.86,inside,0,-5,none,8,short,repeated,0,no,5,middle,no,no,no,fR2 rung
Kabalevsky T06,0,34,3,Cb4,59,ɑ,Mitton measured,1.125,open,D#4,-3.85,inside,3,-2,none,4,short,leap-up,3,no,5,middle,no,no,no,fR2 rung
Kabalevsky T06,0,34,4.5,Gb3,54,ɑ,Mitton measured,0.375,open,D#4,-8.85,below primo,-2,-7,none,none,short,leap-down,-5,no,5,middle,no,no,no,
Kabalevsky T06,0,35,1,Bb3,58,ɛ,Mitton measured,3,open,D4,-3.69,inside,2,-3,none,none,held,leap-up,4,no,5,middle,no,no,no,held
Kabalevsky T06,0,36,1,Bb3,58,ɛ,Mitton measured,3,open,D4,-3.69,inside,2,-3,none,none,held,tie,0,no,5,middle,no,no,no,held
Kabalevsky T06,0,37,1,Bb3,58,ɛ,Mitton measured,0.375,open,D4,-3.69,inside,2,-3,none,none,held,tie,0,no,5,last,no,no,no,held
Kabalevsky T07,0,2,6,G3,55,ɨ,Mitton measured,0.357,open,G#3,-0.52,below primo,-1,-6,none,none,short,first note,,,0,first,no,no,no,
Kabalevsky T07,0,3,1,G3,55,u,Mitton measured,0.714,close,F3,2.16,below primo,-1,-6,none,4,short,repeated,0,no,0,middle,no,no,no,fR2 rung
Kabalevsky T07,0,3,3,E3,52,ɨ,Mitton measured,0.357,open,G#3,-3.52,below primo,-4,-9,none,none,short,leap-down,-3,no,0,middle,no,no,no,
Kabalevsky T07,0,3,4,E3,52,ʌ,Mitton measured,0.714,open,D#4,-10.83,below primo,-4,-9,none,7,short,repeated,0,no,0,middle,no,no,no,fR2 rung
Kabalevsky T07,0,3,6,G3,55,o,Mitton measured,0.357,open,B3,-3.83,below primo,-1,-6,none,none,short,leap-up,3,no,0,middle,no,no,no,
Kabalevsky T07,0,4,1,C4,60,u,Mitton measured,0.714,close,F3,7.16,inside,4,-1,none,3,short,leap-up,5,no,0,middle,yes,yes,yes,highest of phrase; fR2 rung
Kabalevsky T07,0,4,3,B3,59,ɑ,Mitton measured,0.357,open,D#4,-3.85,inside,3,-2,none,4,short,step,-1,no,0,middle,no,no,no,fR2 rung
Kabalevsky T07,0,4,4,A3,57,u,Mitton measured,0.714,close,F3,4.16,inside,1,-4,none,none,short,step,-2,no,0,middle,no,no,no,
Kabalevsky T07,0,4,6,E3,52,ɨ,Mitton measured,0.357,open,G#3,-3.52,below primo,-4,-9,none,none,short,leap-down,-5,no,0,middle,no,no,no,
Kabalevsky T07,0,5,1,F3,53,ɑ,Mitton measured,0.714,open,D#4,-9.85,below primo,-3,-8,none,none,short,step,1,no,0,middle,no,no,no,
Kabalevsky T07,0,5,3,E3,52,ɑ,Mitton measured,0.357,open,D#4,-10.85,below primo,-4,-9,none,6,short,step,-1,no,0,middle,no,no,no,fR2 rung
Kabalevsky T07,0,5,4,D3,50,ɨ,Mitton measured,0.714,open,G#3,-5.52,below primo,-6,-11,none,none,short,step,-2,no,0,middle,no,no,no,
Kabalevsky T07,0,5,6,F3,53,ɨ,Mitton measured,0.357,open,G#3,-2.52,below primo,-3,-8,none,none,short,leap-up,3,no,0,middle,no,no,no,
Kabalevsky T07,0,6,1,E3,52,ɛ,Mitton measured,0.536,open,D4,-9.69,below primo,-4,-9,none,8,short,step,-1,no,0,middle,no,no,no,fR2 rung
Kabalevsky T07,0,6,2.5,E3,52,ɪ,Mitton measured,0.179,open,G3,-3.04,below primo,-4,-9,none,none,short,repeated,0,no,0,middle,no,no,no,
Kabalevsky T07,0,6,3,E3,52,ɪ,Mitton measured,0.179,open,G3,-3.04,below primo,-4,-9,none,none,short,repeated,0,no,0,middle,no,no,no,
Kabalevsky T07,0,6,3.5,E3,52,ɑ,Mitton measured,0.179,open,D#4,-10.85,below primo,-4,-9,none,6,short,repeated,0,no,0,middle,no,no,no,fR2 rung
Kabalevsky T07,0,6,4,B3,59,ɑ,Mitton measured,0.536,open,D#4,-3.85,inside,3,-2,none,4,short,leap-up,7,no,0,middle,no,no,no,fR2 rung
Kabalevsky T07,0,6,5.5,E3,52,ʌ,Mitton measured,0.179,open,D#4,-10.83,below primo,-4,-9,none,7,short,leap-down,-7,no,0,middle,no,no,no,fR2 rung
Kabalevsky T07,0,6,6,E3,52,u,Mitton measured,0.179,open,F3,-0.84,below primo,-4,-9,none,5,short,repeated,0,no,0,middle,no,no,no,fR2 rung
Kabalevsky T07,0,6,6.5,E3,52,ɑ,Mitton measured,0.179,open,D#4,-10.85,below primo,-4,-9,none,6,short,repeated,0,no,0,middle,no,no,no,fR2 rung
Kabalevsky T07,0,7,1,A3,57,o,Mitton measured,1.071,open,B3,-1.83,inside,1,-4,none,none,short,leap-up,5,no,0,middle,no,no,no,
Kabalevsky T07,0,7,4,A3,57,o,Mitton measured,0.357,open,B3,-1.83,inside,1,-4,none,none,short,tie,0,no,0,last,no,no,no,
Kabalevsky T07,0,7,6,A3,57,ɑ,Mitton measured,0.357,open,D#4,-5.85,inside,1,-4,none,none,short,repeated,0,yes,1,first,no,no,no,
Kabalevsky T07,0,8,1,C4,60,ɛ,Mitton measured,0.714,open,D4,-1.69,inside,4,-1,none,5,short,leap-up,3,no,1,middle,no,yes,yes,fR2 rung
Kabalevsky T07,0,8,3,B3,59,ɨ,Mitton measured,0.357,close,G#3,3.48,inside,3,-2,none,none,short,step,-1,no,1,middle,no,no,no,
Kabalevsky T07,0,8,4,A3,57,u,Mitton measured,0.357,close,F3,4.16,inside,1,-4,none,none,short,step,-2,no,1,middle,no,no,no,
Kabalevsky T07,0,8,5,G3,55,u,Mitton measured,0.357,close,F3,2.16,below primo,-1,-6,none,4,short,step,-2,no,1,middle,no,no,no,fR2 rung
Kabalevsky T07,0,8,6,F3,53,i,Mitton measured,0.357,close,D3,2.86,below primo,-3,-8,none,none,short,step,-2,no,1,middle,no,no,no,
Kabalevsky T07,0,9,1,E3,52,ʌ,Mitton measured,0.714,open,D#4,-10.83,below primo,-4,-9,none,7,short,step,-1,no,1,middle,no,no,no,fR2 rung
Kabalevsky T07,0,9,3,G#3,56,o,Mitton measured,0.357,open,B3,-2.83,inside,0,-5,none,4,short,leap-up,4,no,1,middle,no,no,no,fR2 rung
Kabalevsky T07,0,9,4,B3,59,ɑ,Mitton measured,0.714,open,D#4,-3.85,inside,3,-2,none,4,short,leap-up,3,no,1,middle,no,no,no,fR2 rung
Kabalevsky T07,0,9,6,D4,62,i,Mitton measured,0.357,crossing,D3,11.86,above secondo,6,1,none,none,short,leap-up,3,no,1,middle,yes,yes,yes,highest of phrase; crossing
Kabalevsky T07,0,10,1,C4,60,a,Mitton measured,0.714,open,F4,-5.31,inside,4,-1,none,none,short,step,-2,no,1,middle,no,yes,no,
Kabalevsky T07,0,10,3,B3,59,a,Mitton measured,0.357,open,F4,-6.31,inside,3,-2,none,none,short,step,-1,no,1,middle,no,no,no,
Kabalevsky T07,0,10,4,A3,57,ʌ,Mitton measured,0.536,open,D#4,-5.83,inside,1,-4,none,none,short,step,-2,no,1,middle,no,no,no,
Kabalevsky T07,0,10,5.5,F3,53,i,Mitton measured,0.179,close,D3,2.86,below primo,-3,-8,none,none,short,leap-down,-4,no,1,middle,no,no,no,
Kabalevsky T07,0,10,6,F3,53,a,Mitton measured,0.179,open,F4,-12.31,below primo,-3,-8,4,none,short,repeated,0,no,1,middle,no,no,no,
Kabalevsky T07,0,10,6.5,F3,53,ɪ,Mitton measured,0.179,open,G3,-2.04,below primo,-3,-8,none,none,short,repeated,0,no,1,middle,no,no,no,
Kabalevsky T07,0,11,1,E3,52,u,Mitton measured,0.714,open,F3,-0.84,below primo,-4,-9,none,5,short,step,-1,no,1,middle,no,no,no,fR2 rung
Kabalevsky T07,0,11,3,E3,52,u,Mitton measured,0.357,open,F3,-0.84,below primo,-4,-9,none,5,short,repeated,0,no,1,middle,no,no,no,fR2 rung
Kabalevsky T07,0,11,4,E3,52,ɑ,Mitton measured,0.536,open,D#4,-10.85,below primo,-4,-9,none,6,short,repeated,0,no,1,middle,no,no,no,fR2 rung
Kabalevsky T07,0,11,5.5,E3,52,ʌ,Mitton measured,0.179,open,D#4,-10.83,below primo,-4,-9,none,7,short,repeated,0,no,1,middle,no,no,no,fR2 rung
Kabalevsky T07,0,11,6,E3,52,u,Mitton measured,0.179,open,F3,-0.84,below primo,-4,-9,none,5,short,repeated,0,no,1,middle,no,no,no,fR2 rung
Kabalevsky T07,0,11,6.5,E3,52,ɑ,Mitton measured,0.179,open,D#4,-10.85,below primo,-4,-9,none,6,short,repeated,0,no,1,middle,no,no,no,fR2 rung
Kabalevsky T07,0,12,1,E3,52,o,Mitton measured,1.071,open,B3,-6.83,below primo,-4,-9,3,5,short,repeated,0,no,1,middle,no,no,no,fR2 rung
Kabalevsky T07,0,12,4,E3,52,o,Mitton measured,0.357,open,B3,-6.83,below primo,-4,-9,3,5,short,tie,0,no,1,last,no,no,no,fR2 rung
Kabalevsky T07,0,13,4,A3,57,ɛ,Mitton measured,1.071,open,D4,-4.69,inside,1,-4,none,6,short,leap-up,5,yes,2,first,no,no,no,fR2 rung
Kabalevsky T07,0,14,1,Bb3,58,ɑ,Mitton measured,0.714,open,D#4,-4.85,inside,2,-3,none,none,short,step,1,no,2,middle,yes,no,no,highest of phrase
Kabalevsky T07,0,14,3,A3,57,ɑ,Mitton measured,0.357,open,D#4,-5.85,inside,1,-4,none,none,short,step,-1,no,2,middle,no,no,no,
Kabalevsky T07,0,14,4,G3,55,ɑ,Mitton measured,0.714,open,D#4,-7.85,below primo,-1,-6,none,none,short,step,-2,no,2,middle,no,no,no,
Kabalevsky T07,0,14,6,F3,53,i,Mitton measured,0.357,close,D3,2.86,below primo,-3,-8,none,none,short,step,-2,no,2,middle,no,no,no,
Kabalevsky T07,0,15,1,E3,52,i,Mitton measured,0.714,close,D3,1.86,below primo,-4,-9,none,none,short,step,-1,no,2,middle,no,no,no,turning pitch 0 to 2 st below
Kabalevsky T07,0,15,3,A3,57,ɑ,Mitton measured,0.357,open,D#4,-5.85,inside,1,-4,none,none,short,leap-up,5,no,2,middle,no,no,no,
Kabalevsky T07,0,15,4,A3,57,ɛ,Mitton measured,0.714,open,D4,-4.69,inside,1,-4,none,6,short,repeated,0,no,2,middle,no,no,no,fR2 rung
Kabalevsky T07,0,15,6,G3,55,ʌ,Mitton measured,0.357,open,D#4,-7.83,below primo,-1,-6,none,6,short,step,-2,no,2,middle,no,no,no,fR2 rung
Kabalevsky T07,0,16,1,F3,53,u,Mitton measured,1.071,close,F3,0.16,below primo,-3,-8,none,none,short,step,-2,no,2,middle,no,no,no,turning pitch 0 to 2 st below
Kabalevsky T07,0,16,4,C3,48,i,Mitton measured,0.357,open,D3,-2.14,below primo,-8,-13,none,none,short,leap-down,-5,no,2,last,no,no,no,
Kabalevsky T07,0,16,5.5,C3,48,ɪ,Mitton measured,0.179,open,G3,-7.04,below primo,-8,-13,3,none,short,repeated,0,yes,3,first,no,no,no,
Kabalevsky T07,0,16,6,C3,48,ʌ,Mitton measured,0.179,open,D#4,-14.83,below primo,-8,-13,none,none,short,repeated,0,no,3,middle,no,no,no,
Kabalevsky T07,0,16,6.5,C3,48,ɑ,Mitton measured,0.179,open,D#4,-14.85,below primo,-8,-13,none,none,short,repeated,0,no,3,middle,no,no,no,
Kabalevsky T07,0,17,1,C#3,49,u,Mitton measured,0.714,open,F3,-3.84,below primo,-7,-12,none,none,short,step,1,no,3,middle,no,no,no,
Kabalevsky T07,0,17,3,C#3,49,i,Mitton measured,0.357,open,D3,-1.14,below primo,-7,-12,none,none,short,repeated,0,no,3,middle,no,no,no,
Kabalevsky T07,0,17,4,D3,50,u,Mitton measured,0.536,open,F3,-2.84,below primo,-6,-11,none,none,short,step,1,no,3,middle,no,no,no,
Kabalevsky T07,0,17,5.5,E3,52,u,Mitton measured,0.179,open,F3,-0.84,below primo,-4,-9,none,5,short,step,2,no,3,middle,no,no,no,fR2 rung
Kabalevsky T07,0,17,6,F3,53,ɨ,Mitton measured,0.179,open,G#3,-2.52,below primo,-3,-8,none,none,short,step,1,no,3,middle,no,no,no,
Kabalevsky T07,0,17,6.5,A3,57,ɑ,Mitton measured,0.179,open,D#4,-5.85,inside,1,-4,none,none,short,leap-up,4,no,3,middle,no,no,no,
Kabalevsky T07,0,18,1,B3,59,ɑ,Mitton measured,1.071,open,D#4,-3.85,inside,3,-2,none,4,short,step,2,no,3,middle,no,no,no,fR2 rung
Kabalevsky T07,0,18,4,B3,59,ɑ,Mitton measured,0.714,open,D#4,-3.85,inside,3,-2,none,4,short,tie,0,no,3,middle,no,no,no,fR2 rung
Kabalevsky T07,0,18,6,B3,59,o,Mitton measured,0.357,close,B3,0.17,inside,3,-2,none,none,short,repeated,0,no,3,middle,no,no,no,turning pitch 0 to 2 st below
Kabalevsky T07,0,19,1,C4,60,o,Mitton measured,0.536,close,B3,1.17,inside,4,-1,none,none,short,step,1,no,3,middle,yes,yes,yes,highest of phrase; turning pitch 0 to 2 st below
Kabalevsky T07,0,19,2.5,B3,59,ʌ,Mitton measured,0.179,open,D#4,-3.83,inside,3,-2,none,none,short,step,-1,no,3,middle,no,no,no,
Kabalevsky T07,0,19,3,A3,57,ʌ,Mitton measured,0.179,open,D#4,-5.83,inside,1,-4,none,none,short,step,-2,no,3,middle,no,no,no,
Kabalevsky T07,0,19,3.5,G3,55,ɑ,Mitton measured,0.179,open,D#4,-7.85,below primo,-1,-6,none,none,short,step,-2,no,3,middle,no,no,no,
Kabalevsky T07,0,19,4,A3,57,o,Mitton measured,0.536,open,B3,-1.83,inside,1,-4,none,none,short,step,2,no,3,middle,no,no,no,
Kabalevsky T07,0,19,5.5,G3,55,ɑ,Mitton measured,0.179,open,D#4,-7.85,below primo,-1,-6,none,none,short,step,-2,no,3,middle,no,no,no,
Kabalevsky T07,0,19,6,F3,53,ɨ,Mitton measured,0.179,open,G#3,-2.52,below primo,-3,-8,none,none,short,step,-2,no,3,middle,no,no,no,
Kabalevsky T07,0,19,6.5,E3,52,ɪ,Mitton measured,0.179,open,G3,-3.04,below primo,-4,-9,none,none,short,step,-1,no,3,middle,no,no,no,
Kabalevsky T07,0,20,1,F3,53,u,Mitton measured,0.714,close,F3,0.16,below primo,-3,-8,none,none,short,step,1,no,3,middle,no,no,no,turning pitch 0 to 2 st below
Kabalevsky T07,0,20,3,F3,53,i,Mitton measured,0.357,close,D3,2.86,below primo,-3,-8,none,none,short,repeated,0,no,3,last,no,no,no,
Kabalevsky T07,0,20,6,F3,53,u,Mitton measured,0.357,close,F3,0.16,below primo,-3,-8,none,none,short,repeated,0,yes,4,first,no,no,no,turning pitch 0 to 2 st below
Kabalevsky T07,0,21,1,E3,52,o,Mitton measured,0.536,open,B3,-6.83,below primo,-4,-9,3,5,short,step,-1,no,4,middle,no,no,no,fR2 rung
Kabalevsky T07,0,21,2.5,E3,52,ʌ,Mitton measured,0.179,open,D#4,-10.83,below primo,-4,-9,none,7,short,repeated,0,no,4,middle,no,no,no,fR2 rung
Kabalevsky T07,0,21,3,E3,52,ʌ,Mitton measured,0.179,open,D#4,-10.83,below primo,-4,-9,none,7,short,repeated,0,no,4,middle,no,no,no,fR2 rung
Kabalevsky T07,0,21,3.5,E3,52,i,Mitton measured,0.179,close,D3,1.86,below primo,-4,-9,none,none,short,repeated,0,no,4,middle,no,no,no,turning pitch 0 to 2 st below
Kabalevsky T07,0,21,4,A3,57,o,Mitton measured,0.536,open,B3,-1.83,inside,1,-4,none,none,short,leap-up,5,no,4,middle,yes,no,no,highest of phrase
Kabalevsky T07,0,21,5.5,F3,53,ɪ,Mitton measured,0.179,open,G3,-2.04,below primo,-3,-8,none,none,short,leap-down,-4,no,4,middle,no,no,no,
Kabalevsky T07,0,21,6,F3,53,u,Mitton measured,0.179,close,F3,0.16,below primo,-3,-8,none,none,short,repeated,0,no,4,middle,no,no,no,turning pitch 0 to 2 st below
Kabalevsky T07,0,21,6.5,F3,53,u,Mitton measured,0.179,close,F3,0.16,below primo,-3,-8,none,none,short,repeated,0,no,4,middle,no,no,no,turning pitch 0 to 2 st below
Kabalevsky T07,0,22,1,E3,52,ɑ,Mitton measured,1.071,open,D#4,-10.85,below primo,-4,-9,none,6,short,step,-1,no,4,middle,no,no,no,fR2 rung
Kabalevsky T07,0,22,4,E3,52,ɑ,Mitton measured,0.357,open,D#4,-10.85,below primo,-4,-9,none,6,short,tie,0,no,4,last,no,no,no,fR2 rung
Kabalevsky T07,0,29,6,G3,55,i,Mitton measured,0.357,close,D3,4.86,below primo,-1,-6,none,none,short,leap-up,3,yes,5,first,no,no,no,
Kabalevsky T07,0,30,1,G3,55,u,Mitton measured,0.714,close,F3,2.16,below primo,-1,-6,none,4,short,repeated,0,no,5,middle,no,no,no,fR2 rung
Kabalevsky T07,0,30,3,E3,52,ɑ,Mitton measured,0.357,open,D#4,-10.85,below primo,-4,-9,none,6,short,leap-down,-3,no,5,middle,no,no,no,fR2 rung
Kabalevsky T07,0,30,4,E3,52,ɪ,Mitton measured,0.714,open,G3,-3.04,below primo,-4,-9,none,none,short,repeated,0,no,5,middle,no,no,no,
Kabalevsky T07,0,30,6,G3,55,ɑ,Mitton measured,0.357,open,D#4,-7.85,below primo,-1,-6,none,none,short,leap-up,3,no,5,middle,no,no,no,
Kabalevsky T07,0,31,1,C4,60,u,Mitton measured,0.714,close,F3,7.16,inside,4,-1,none,3,short,leap-up,5,no,5,middle,no,yes,yes,fR2 rung
Kabalevsky T07,0,31,3,B3,59,ɨ,Mitton measured,0.357,close,G#3,3.48,inside,3,-2,none,none,short,step,-1,no,5,middle,no,no,no,
Kabalevsky T07,0,31,4,A3,57,ɪ,Mitton measured,0.714,close,G3,1.96,inside,1,-4,none,none,short,step,-2,no,5,middle,no,no,no,turning pitch 0 to 2 st below
Kabalevsky T07,0,31,6,E3,52,ʌ,Mitton measured,0.357,open,D#4,-10.83,below primo,-4,-9,none,7,short,leap-down,-5,no,5,middle,no,no,no,fR2 rung
Kabalevsky T07,0,32,1,F3,53,u,Mitton measured,0.714,close,F3,0.16,below primo,-3,-8,none,none,short,step,1,no,5,middle,no,no,no,turning pitch 0 to 2 st below
Kabalevsky T07,0,32,3,E3,52,u,Mitton measured,0.357,open,F3,-0.84,below primo,-4,-9,none,5,short,step,-1,no,5,middle,no,no,no,fR2 rung
Kabalevsky T07,0,32,4,D3,50,ɨ,Mitton measured,0.536,open,G#3,-5.52,below primo,-6,-11,none,none,short,step,-2,no,5,middle,no,no,no,
Kabalevsky T07,0,32,5.5,F3,53,u,Mitton measured,0.179,close,F3,0.16,below primo,-3,-8,none,none,short,leap-up,3,no,5,middle,no,no,no,turning pitch 0 to 2 st below
Kabalevsky T07,0,32,6,F3,53,ɑ,Mitton measured,0.179,open,D#4,-9.85,below primo,-3,-8,none,none,short,repeated,0,no,5,middle,no,no,no,
Kabalevsky T07,0,32,6.5,F3,53,u,Mitton measured,0.179,close,F3,0.16,below primo,-3,-8,none,none,short,repeated,0,no,5,middle,no,no,no,turning pitch 0 to 2 st below
Kabalevsky T07,0,33,1,E3,52,o,Mitton measured,0.714,open,B3,-6.83,below primo,-4,-9,3,5,short,step,-1,no,5,middle,no,no,no,fR2 rung
Kabalevsky T07,0,33,3,E3,52,i,Mitton measured,0.357,close,D3,1.86,below primo,-4,-9,none,none,short,repeated,0,no,5,middle,no,no,no,turning pitch 0 to 2 st below
Kabalevsky T07,0,33,4,B3,59,o,Mitton measured,0.536,close,B3,0.17,inside,3,-2,none,none,short,leap-up,7,no,5,middle,no,no,no,turning pitch 0 to 2 st below
Kabalevsky T07,0,33,5.5,E3,52,ʌ,Mitton measured,0.179,open,D#4,-10.83,below primo,-4,-9,none,7,short,leap-down,-7,no,5,middle,no,no,no,fR2 rung
Kabalevsky T07,0,33,6,E3,52,ʌ,Mitton measured,0.179,open,D#4,-10.83,below primo,-4,-9,none,7,short,repeated,0,no,5,middle,no,no,no,fR2 rung
Kabalevsky T07,0,33,6.5,E3,52,ɑ,Mitton measured,0.179,open,D#4,-10.85,below primo,-4,-9,none,6,short,repeated,0,no,5,middle,no,no,no,fR2 rung
Kabalevsky T07,0,34,1,A3,57,u,Mitton measured,1.071,close,F3,4.16,inside,1,-4,none,none,short,leap-up,5,no,5,middle,no,no,no,
Kabalevsky T07,0,34,4,A3,57,u,Mitton measured,0.714,close,F3,4.16,inside,1,-4,none,none,short,tie,0,no,5,middle,no,no,no,
Kabalevsky T07,0,34,6,A3,57,ɑ,Mitton measured,0.357,open,D#4,-5.85,inside,1,-4,none,none,short,repeated,0,no,5,middle,no,no,no,
Kabalevsky T07,0,35,1,C4,60,u,Mitton measured,0.714,close,F3,7.16,inside,4,-1,none,3,short,leap-up,3,no,5,middle,no,yes,yes,fR2 rung
Kabalevsky T07,0,35,3,B3,59,ʌ,Mitton measured,0.357,open,D#4,-3.83,inside,3,-2,none,none,short,step,-1,no,5,middle,no,no,no,
Kabalevsky T07,0,35,4,A3,57,ɑ,Mitton measured,0.357,open,D#4,-5.85,inside,1,-4,none,none,short,step,-2,no,5,middle,no,no,no,
Kabalevsky T07,0,35,5,G3,55,ɑ,Mitton measured,0.357,open,D#4,-7.85,below primo,-1,-6,none,none,short,step,-2,no,5,middle,no,no,no,
Kabalevsky T07,0,35,6,F3,53,ɑ,Mitton measured,0.357,open,D#4,-9.85,below primo,-3,-8,none,none,short,step,-2,no,5,middle,no,no,no,
Kabalevsky T07,0,36,1,E3,52,ɛ,Mitton measured,0.714,open,D4,-9.69,below primo,-4,-9,none,8,short,step,-1,no,5,middle,no,no,no,fR2 rung
Kabalevsky T07,0,36,3,G#3,56,i,Mitton measured,0.357,close,D3,5.86,inside,0,-5,none,8,short,leap-up,4,no,5,middle,no,no,no,fR2 rung
Kabalevsky T07,0,36,4,B3,59,o,Mitton measured,0.714,close,B3,0.17,inside,3,-2,none,none,short,leap-up,3,no,5,middle,no,no,no,turning pitch 0 to 2 st below
Kabalevsky T07,0,36,6,D4,62,ʌ,Mitton measured,0.357,open,D#4,-0.83,above secondo,6,1,none,4,short,leap-up,3,no,5,middle,yes,yes,yes,highest of phrase; fR2 rung
Kabalevsky T07,0,37,1,C4,60,u,Mitton measured,0.714,close,F3,7.16,inside,4,-1,none,3,short,step,-2,no,5,middle,no,yes,yes,fR2 rung
Kabalevsky T07,0,37,3,B3,59,u,Mitton measured,0.357,close,F3,6.16,inside,3,-2,none,none,short,step,-1,no,5,middle,no,no,no,
Kabalevsky T07,0,37,4,A3,57,ɨ,Mitton measured,0.714,close,G#3,1.48,inside,1,-4,none,5,short,step,-2,no,5,middle,no,no,no,turning pitch 0 to 2 st below; fR2 rung
Kabalevsky T07,0,37,6,C4,60,ɑ,Mitton measured,0.357,open,D#4,-2.85,inside,4,-1,none,none,short,leap-up,3,no,5,middle,no,yes,no,
Kabalevsky T07,0,38,1,B3,59,i,Mitton measured,0.536,close,D3,8.86,inside,3,-2,none,7,short,step,-1,no,5,middle,no,no,no,fR2 rung
Kabalevsky T07,0,38,2.5,E3,52,ʌ,Mitton measured,0.179,open,D#4,-10.83,below primo,-4,-9,none,7,short,leap-down,-7,no,5,middle,no,no,no,fR2 rung
Kabalevsky T07,0,38,3,E3,52,i,Mitton measured,0.179,close,D3,1.86,below primo,-4,-9,none,none,short,repeated,0,no,5,middle,no,no,no,turning pitch 0 to 2 st below
Kabalevsky T07,0,38,3.5,E3,52,i,Mitton measured,0.179,close,D3,1.86,below primo,-4,-9,none,none,short,repeated,0,no,5,middle,no,no,no,turning pitch 0 to 2 st below
Kabalevsky T07,0,38,4,B3,59,e,Mitton measured,0.536,close,G3,4.49,inside,3,-2,none,none,short,leap-up,7,no,5,middle,no,no,no,
Kabalevsky T07,0,38,5.5,G3,55,i,Mitton measured,0.179,close,D3,4.86,below primo,-1,-6,none,none,short,leap-down,-4,no,5,middle,no,no,no,
Kabalevsky T07,0,38,6,G3,55,i,Mitton measured,0.179,close,D3,4.86,below primo,-1,-6,none,none,short,repeated,0,no,5,middle,no,no,no,
Kabalevsky T07,0,38,6.5,G3,55,ɑ,Mitton measured,0.179,open,D#4,-7.85,below primo,-1,-6,none,none,short,repeated,0,no,5,middle,no,no,no,
Kabalevsky T07,0,39,1,C4,60,u,Mitton measured,0.714,close,F3,7.16,inside,4,-1,none,3,short,leap-up,5,no,5,middle,no,yes,yes,fR2 rung
Kabalevsky T07,0,39,3,C4,60,u,Mitton measured,0.357,close,F3,7.16,inside,4,-1,none,3,short,tie,0,no,5,last,no,yes,yes,fR2 rung
Kabalevsky T07,0,44,4,C4,60,ɑ,Mitton measured,0.357,open,D#4,-2.85,inside,4,-1,none,none,short,repeated,0,yes,6,first,no,yes,no,
Kabalevsky T07,0,44,5,Ab3,56,ʌ,Mitton measured,0.357,open,D#4,-6.83,inside,0,-5,3,none,short,leap-down,-4,no,6,middle,no,no,no,
Kabalevsky T07,0,44,6,G3,55,ɑ,Mitton measured,0.357,open,D#4,-7.85,below primo,-1,-6,none,none,short,step,-1,no,6,middle,no,no,no,
Kabalevsky T07,0,45,1,F3,53,i,Mitton measured,0.714,close,D3,2.86,below primo,-3,-8,none,none,short,step,-2,no,6,middle,no,no,no,
Kabalevsky T07,0,45,3,G3,55,ɑ,Mitton measured,0.357,open,D#4,-7.85,below primo,-1,-6,none,none,short,step,2,no,6,middle,no,no,no,
Kabalevsky T07,0,45,4,Ab3,56,ɑ,Mitton measured,0.714,open,D#4,-6.85,inside,0,-5,3,5,short,step,1,no,6,middle,no,no,no,fR2 rung
Kabalevsky T07,0,45,6,C4,60,ɪ,Mitton measured,0.357,close,G3,4.96,inside,4,-1,none,6,short,leap-up,4,no,6,middle,no,yes,yes,fR2 rung
Kabalevsky T07,0,46,1,Db4,61,u,Mitton measured,0.714,close,F3,8.16,inside,5,0,none,none,short,step,1,no,6,middle,yes,yes,yes,highest of phrase
Kabalevsky T07,0,46,3,Ab3,56,ɑ,Mitton measured,0.357,open,D#4,-6.85,inside,0,-5,3,5,short,leap-down,-5,no,6,middle,no,no,no,fR2 rung
Kabalevsky T07,0,46,4,Ab3,56,e,Mitton measured,0.714,close,G3,1.49,inside,0,-5,none,none,short,repeated,0,no,6,middle,no,no,no,turning pitch 0 to 2 st below
Kabalevsky T07,0,46,6,Ab3,56,ɪ,Mitton measured,0.357,close,G3,0.96,inside,0,-5,none,none,short,repeated,0,no,6,last,no,no,no,turning pitch 0 to 2 st below
Kabalevsky T07,0,47,4,Ab3,56,o,Mitton measured,0.357,open,B3,-2.83,inside,0,-5,none,4,short,repeated,0,yes,7,first,no,no,no,fR2 rung
Kabalevsky T07,0,47,5,G3,55,ʌ,Mitton measured,0.357,open,D#4,-7.83,below primo,-1,-6,none,6,short,step,-1,no,7,middle,no,no,no,fR2 rung
Kabalevsky T07,0,47,6,Ab3,56,i,Mitton measured,0.357,close,D3,5.86,inside,0,-5,none,8,short,step,1,no,7,middle,no,no,no,fR2 rung
Kabalevsky T07,0,47,7,Bb3,58,o,Mitton measured,0.714,open,B3,-0.83,inside,2,-3,none,none,short,step,2,no,7,middle,yes,no,no,highest of phrase
Kabalevsky T07,0,47,9,Ab3,56,ɨ,Mitton measured,0.357,close,G#3,0.48,inside,0,-5,none,none,short,step,-2,no,7,middle,no,no,no,turning pitch 0 to 2 st below
Kabalevsky T07,0,48,1,G3,55,u,Mitton measured,1.071,close,F3,2.16,below primo,-1,-6,none,4,short,step,-1,no,7,middle,no,no,no,fR2 rung
Kabalevsky T07,0,48,4,G3,55,u,Mitton measured,0.357,close,F3,2.16,below primo,-1,-6,none,4,short,tie,0,no,7,last,no,no,no,fR2 rung
Kabalevsky T07,0,48,6,E3,52,ɑ,Mitton measured,0.357,open,D#4,-10.85,below primo,-4,-9,none,6,short,leap-down,-3,yes,8,first,yes,no,no,highest of phrase; fR2 rung
Kabalevsky T07,0,49,1,E3,52,o,Mitton measured,1.071,open,B3,-6.83,below primo,-4,-9,3,5,short,repeated,0,no,8,middle,yes,no,no,highest of phrase; fR2 rung
Kabalevsky T07,0,49,4,E3,52,o,Mitton measured,0.714,open,B3,-6.83,below primo,-4,-9,3,5,short,tie,0,no,8,middle,yes,no,no,highest of phrase; fR2 rung
Kabalevsky T07,0,49,6,B2,47,ɪ,Mitton measured,0.357,open,G3,-8.04,below primo,-9,-14,none,none,short,leap-down,-5,no,8,middle,no,no,no,
Kabalevsky T07,0,50,1,C3,48,e,Mitton measured,1.071,open,G3,-6.51,below primo,-8,-13,none,none,short,step,1,no,8,middle,no,no,no,
Kabalevsky T07,0,50,4,C3,48,e,Mitton measured,0.714,open,G3,-6.51,below primo,-8,-13,none,none,short,tie,0,no,8,middle,no,no,no,
Kabalevsky T07,0,50,6,C3,48,i,Mitton measured,0.357,open,D3,-2.14,below primo,-8,-13,none,none,short,repeated,0,no,8,last,no,no,no,
Kabalevsky T08,0,1,3.5,Eb3,51,ɨ,Mitton measured,0.455,open,G#3,-4.52,below primo,-5,-10,none,7,short,first note,,,0,first,no,no,no,fR2 rung
Kabalevsky T08,0,1,4,D3,50,o,Mitton measured,0.455,open,B3,-8.83,below primo,-6,-11,none,none,short,step,-1,no,0,middle,no,no,no,
Kabalevsky T08,0,1,4.5,F3,53,u,Mitton measured,0.455,close,F3,0.16,below primo,-3,-8,none,none,short,leap-up,3,no,0,middle,no,no,no,turning pitch 0 to 2 st below
Kabalevsky T08,0,2,1,Eb3,51,i,Mitton measured,0.455,close,D3,0.86,below primo,-5,-10,none,none,short,step,-2,no,0,middle,no,no,no,turning pitch 0 to 2 st below
Kabalevsky T08,0,2,1.5,C3,48,ɑ,Mitton measured,0.455,open,D#4,-14.85,below primo,-8,-13,none,none,short,leap-down,-3,no,0,middle,no,no,no,
Kabalevsky T08,0,2,2,C3,48,ɑ,Mitton measured,0.455,open,D#4,-14.85,below primo,-8,-13,none,none,short,repeated,0,no,0,middle,no,no,no,
Kabalevsky T08,0,2,2.5,Eb3,51,u,Mitton measured,0.455,open,F3,-1.84,below primo,-5,-10,none,none,short,leap-up,3,no,0,middle,no,no,no,
Kabalevsky T08,0,2,3,Ab3,56,o,Mitton measured,1.364,open,B3,-2.83,inside,0,-5,none,4,short,leap-up,5,no,0,middle,no,no,no,fR2 rung
Kabalevsky T08,0,2,4.5,G3,55,ɑ,Mitton measured,0.455,open,D#4,-7.85,below primo,-1,-6,none,none,short,step,-1,no,0,middle,no,no,no,
Kabalevsky T08,0,3,1,F3,53,ɛ,Mitton measured,1.818,open,D4,-8.69,below primo,-3,-8,none,none,short,step,-2,no,0,middle,no,no,no,
Kabalevsky T08,0,3,3,F3,53,ɛ,Mitton measured,0.455,open,D4,-8.69,below primo,-3,-8,none,none,short,tie,0,no,0,middle,no,no,no,
Kabalevsky T08,0,3,3.5,F3,53,ɑ,Mitton measured,0.455,open,D#4,-9.85,below primo,-3,-8,none,none,short,repeated,0,no,0,middle,no,no,no,
Kabalevsky T08,0,3,4,G3,55,u,Mitton measured,0.455,close,F3,2.16,below primo,-1,-6,none,4,short,step,2,no,0,middle,no,no,no,fR2 rung
Kabalevsky T08,0,3,4.5,Ab3,56,ɑ,Mitton measured,0.455,open,D#4,-6.85,inside,0,-5,3,5,short,step,1,no,0,middle,no,no,no,fR2 rung
Kabalevsky T08,0,4,1,Bb3,58,o,Mitton measured,1.364,open,B3,-0.83,inside,2,-3,none,none,short,step,2,no,0,middle,yes,no,no,highest of phrase
Kabalevsky T08,0,4,2.5,F3,53,i,Mitton measured,0.455,close,D3,2.86,below primo,-3,-8,none,none,short,leap-down,-5,no,0,middle,no,no,no,
Kabalevsky T08,0,4,3,Bb3,58,ɑ,Mitton measured,0.455,open,D#4,-4.85,inside,2,-3,none,none,short,leap-up,5,no,0,middle,yes,no,no,highest of phrase
Kabalevsky T08,0,4,3.5,Ab3,56,ɨ,Mitton measured,0.455,close,G#3,0.48,inside,0,-5,none,none,short,step,-2,no,0,middle,no,no,no,turning pitch 0 to 2 st below
Kabalevsky T08,0,4,4,G3,55,i,Mitton measured,0.455,close,D3,4.86,below primo,-1,-6,none,none,short,step,-1,no,0,middle,no,no,no,
Kabalevsky T08,0,4,4.5,F3,53,ɨ,Mitton measured,0.455,open,G#3,-2.52,below primo,-3,-8,none,none,short,step,-2,no,0,middle,no,no,no,
Kabalevsky T08,0,5,1,G3,55,e,Mitton measured,1.818,close,G3,0.49,below primo,-1,-6,none,8,short,step,2,no,0,middle,no,no,no,turning pitch 0 to 2 st below; fR2 rung
Kabalevsky T08,0,5,3,G3,55,e,Mitton measured,0.455,close,G3,0.49,below primo,-1,-6,none,8,short,tie,0,no,0,middle,no,no,no,turning pitch 0 to 2 st below; fR2 rung
Kabalevsky T08,0,5,3.5,Eb3,51,ɪ,Mitton measured,0.455,open,G3,-4.04,below primo,-5,-10,none,none,short,leap-down,-4,no,0,middle,no,no,no,
Kabalevsky T08,0,5,4,G3,55,ʌ,Mitton measured,0.455,open,D#4,-7.83,below primo,-1,-6,none,6,short,leap-up,4,no,0,middle,no,no,no,fR2 rung
Kabalevsky T08,0,5,4.5,Bb3,58,i,Mitton measured,0.455,close,D3,7.86,inside,2,-3,none,none,short,leap-up,3,no,0,middle,yes,no,no,highest of phrase
Kabalevsky T08,0,6,1,Ab3,56,i,Mitton measured,0.455,close,D3,5.86,inside,0,-5,none,8,short,step,-2,no,0,middle,no,no,no,fR2 rung
Kabalevsky T08,0,6,1.5,F3,53,o,Mitton measured,0.455,open,B3,-5.83,below primo,-3,-8,none,none,short,leap-down,-3,no,0,middle,no,no,no,
Kabalevsky T08,0,6,2,Eb3,51,ɛ,Mitton measured,0.455,open,D4,-10.69,below primo,-5,-10,none,none,short,step,-2,no,0,middle,no,no,no,
Kabalevsky T08,0,6,2.5,Db3,49,ʌ,Mitton measured,0.455,open,D#4,-13.83,below primo,-7,-12,none,none,short,step,-2,no,0,middle,no,no,no,
Kabalevsky T08,0,6,3,F3,53,i,Mitton measured,1.364,close,D3,2.86,below primo,-3,-8,none,none,short,leap-up,4,no,0,middle,no,no,no,
Kabalevsky T08,0,6,4.5,C3,48,ɨ,Mitton measured,0.455,open,G#3,-7.52,below primo,-8,-13,none,none,short,leap-down,-5,no,0,middle,no,no,no,
Kabalevsky T08,0,7,1,F3,53,ɛ,Mitton measured,1.818,open,D4,-8.69,below primo,-3,-8,none,none,short,leap-up,5,no,0,middle,no,no,no,
Kabalevsky T08,0,7,3,F3,53,ɛ,Mitton measured,0.455,open,D4,-8.69,below primo,-3,-8,none,none,short,tie,0,no,0,middle,no,no,no,
Kabalevsky T08,0,7,3.5,Bb2,46,ɑ,Mitton measured,0.455,open,D#4,-16.85,below primo,-10,-15,none,none,short,leap-down,-7,no,0,middle,no,no,no,
Kabalevsky T08,0,7,4,Db3,49,ʌ,Mitton measured,0.455,open,D#4,-13.83,below primo,-7,-12,none,none,short,leap-up,3,no,0,middle,no,no,no,
Kabalevsky T08,0,7,4.5,F3,53,i,Mitton measured,0.455,close,D3,2.86,below primo,-3,-8,none,none,short,leap-up,4,no,0,middle,no,no,no,
Kabalevsky T08,0,8,1,G3,55,ɑ,Mitton measured,1.364,open,D#4,-7.85,below primo,-1,-6,none,none,short,step,2,no,0,middle,no,no,no,
Kabalevsky T08,0,8,2.5,F3,53,ɑ,Mitton measured,0.455,open,D#4,-9.85,below primo,-3,-8,none,none,short,step,-2,no,0,middle,no,no,no,
Kabalevsky T08,0,8,3,Eb3,51,i,Mitton measured,0.455,close,D3,0.86,below primo,-5,-10,none,none,short,step,-2,no,0,middle,no,no,no,turning pitch 0 to 2 st below
Kabalevsky T08,0,8,3.5,F3,53,ɨ,Mitton measured,0.455,open,G#3,-2.52,below primo,-3,-8,none,none,short,step,2,no,0,middle,no,no,no,
Kabalevsky T08,0,8,4,G3,55,i,Mitton measured,0.455,close,D3,4.86,below primo,-1,-6,none,none,short,step,2,no,0,middle,no,no,no,
Kabalevsky T08,0,8,4.5,Bb3,58,ɪ,Mitton measured,0.455,close,G3,2.96,inside,2,-3,none,7,short,leap-up,3,no,0,middle,yes,no,no,highest of phrase; fR2 rung
Kabalevsky T08,0,9,1,Ab3,56,e,Mitton measured,1.818,close,G3,1.49,inside,0,-5,none,none,short,step,-2,no,0,middle,no,no,no,turning pitch 0 to 2 st below
Kabalevsky T08,0,9,3,Ab3,56,e,Mitton measured,0.455,close,G3,1.49,inside,0,-5,none,none,short,tie,0,no,0,last,no,no,no,turning pitch 0 to 2 st below
Kabalevsky T08,0,9,4.5,Ab3,56,i,Mitton measured,0.455,close,D3,5.86,inside,0,-5,none,8,short,repeated,0,yes,1,first,no,no,no,fR2 rung
Kabalevsky T08,0,10,1,Ab3,56,ɛ,Mitton measured,0.455,open,D4,-5.69,inside,0,-5,none,none,short,repeated,0,no,1,middle,no,no,no,
Kabalevsky T08,0,10,1.5,F3,53,i,Mitton measured,0.455,close,D3,2.86,below primo,-3,-8,none,none,short,leap-down,-3,no,1,middle,no,no,no,
Kabalevsky T08,0,10,2,F3,53,i,Mitton measured,0.455,close,D3,2.86,below primo,-3,-8,none,none,short,repeated,0,no,1,middle,no,no,no,
Kabalevsky T08,0,10,2.5,Ab3,56,i,Mitton measured,0.455,close,D3,5.86,inside,0,-5,none,8,short,leap-up,3,no,1,middle,no,no,no,fR2 rung
Kabalevsky T08,0,10,3,Db4,61,o,Mitton measured,0.455,close,B3,2.17,inside,5,0,none,3,short,leap-up,5,no,1,middle,yes,yes,yes,highest of phrase; fR2 rung
Kabalevsky T08,0,10,3.5,C4,60,ɨ,Mitton measured,0.455,close,G#3,4.48,inside,4,-1,none,none,short,step,-1,no,1,middle,no,yes,no,
Kabalevsky T08,0,10,4,C4,60,o,Mitton measured,0.455,close,B3,1.17,inside,4,-1,none,none,short,repeated,0,no,1,middle,no,yes,yes,turning pitch 0 to 2 st below
Kabalevsky T08,0,10,4.5,Db4,61,ɑ,Mitton measured,0.455,open,D#4,-1.85,inside,5,0,none,none,short,step,1,no,1,middle,yes,yes,yes,highest of phrase
Kabalevsky T08,0,11,1,Bb3,58,ɛ,Mitton measured,1.818,open,D4,-3.69,inside,2,-3,none,none,short,leap-down,-3,no,1,middle,no,no,no,
Kabalevsky T08,0,11,3,Bb3,58,ɛ,Mitton measured,0.455,open,D4,-3.69,inside,2,-3,none,none,short,tie,0,no,1,middle,no,no,no,
Kabalevsky T08,0,11,3.5,F3,53,ɨ,Mitton measured,0.455,open,G#3,-2.52,below primo,-3,-8,none,none,short,leap-down,-5,no,1,middle,no,no,no,
Kabalevsky T08,0,11,4,F3,53,ʌ,Mitton measured,0.455,open,D#4,-9.83,below primo,-3,-8,none,none,short,repeated,0,no,1,middle,no,no,no,
Kabalevsky T08,0,11,4.5,F3,53,u,Mitton measured,0.455,close,F3,0.16,below primo,-3,-8,none,none,short,repeated,0,no,1,middle,no,no,no,turning pitch 0 to 2 st below
Kabalevsky T08,0,12,1,Gb3,54,ɛ,Mitton measured,1.364,open,D4,-7.69,below primo,-2,-7,none,7,short,step,1,no,1,middle,no,no,no,fR2 rung
Kabalevsky T08,0,12,2.5,F3,53,ɑ,Mitton measured,0.455,open,D#4,-9.85,below primo,-3,-8,none,none,short,step,-1,no,1,middle,no,no,no,
Kabalevsky T08,0,12,3,Bb3,58,ɨ,Mitton measured,0.455,close,G#3,2.48,inside,2,-3,none,none,short,leap-up,5,no,1,middle,no,no,no,
Kabalevsky T08,0,12,3.5,Gb3,54,ɨ,Mitton measured,0.455,open,G#3,-1.52,below primo,-2,-7,none,6,short,leap-down,-4,no,1,middle,no,no,no,fR2 rung
Kabalevsky T08,0,12,4,Gb3,54,ɪ,Mitton measured,0.455,open,G3,-1.04,below primo,-2,-7,none,none,short,repeated,0,no,1,middle,no,no,no,
Kabalevsky T08,0,12,4.5,Eb3,51,ɑ,Mitton measured,0.455,open,D#4,-11.85,below primo,-5,-10,4,none,short,leap-down,-3,no,1,middle,no,no,no,
Kabalevsky T08,0,13,1,F3,53,e,Mitton measured,1.818,open,G3,-1.51,below primo,-3,-8,none,none,short,step,2,no,1,middle,no,no,no,
Kabalevsky T08,0,13,3,F3,53,e,Mitton measured,0.455,open,G3,-1.51,below primo,-3,-8,none,none,short,tie,0,no,1,last,no,no,no,
Kabalevsky T08,0,13,3.5,F3,53,ɑ,Mitton measured,0.455,open,D#4,-9.85,below primo,-3,-8,none,none,short,repeated,0,no,2,first,no,no,no,
Kabalevsky T08,0,13,4,A3,57,ɪ,Mitton measured,0.455,close,G3,1.96,inside,1,-4,none,none,short,leap-up,4,no,2,middle,no,no,no,turning pitch 0 to 2 st below
Kabalevsky T08,0,13,4.5,C4,60,ɑ,Mitton measured,0.455,open,D#4,-2.85,inside,4,-1,none,none,short,leap-up,3,no,2,middle,no,yes,no,
Kabalevsky T08,0,14,1,Bb3,58,u,Mitton measured,1.364,close,F3,5.16,inside,2,-3,none,none,short,step,-2,no,2,middle,no,no,no,
Kabalevsky T08,0,14,2.5,Gb3,54,u,Mitton measured,0.455,close,F3,1.16,below primo,-2,-7,none,none,short,leap-down,-4,no,2,middle,no,no,no,turning pitch 0 to 2 st below
Kabalevsky T08,0,14,3,F3,53,ɑ,Mitton measured,0.455,open,D#4,-9.85,below primo,-3,-8,none,none,short,step,-1,no,2,middle,no,no,no,
Kabalevsky T08,0,14,3.5,F3,53,i,Mitton measured,0.455,close,D3,2.86,below primo,-3,-8,none,none,short,repeated,0,no,2,middle,no,no,no,
Kabalevsky T08,0,14,4,A3,57,ɛ,Mitton measured,0.455,open,D4,-4.69,inside,1,-4,none,6,short,leap-up,4,no,2,middle,no,no,no,fR2 rung
Kabalevsky T08,0,14,4.5,C4,60,ɨ,Mitton measured,0.455,close,G#3,4.48,inside,4,-1,none,none,short,leap-up,3,no,2,middle,no,yes,no,
Kabalevsky T08,0,15,1,Bb3,58,ɛ,Mitton measured,1.818,open,D4,-3.69,inside,2,-3,none,none,short,step,-2,no,2,middle,no,no,no,
Kabalevsky T08,0,15,3,Bb3,58,ɛ,Mitton measured,0.455,open,D4,-3.69,inside,2,-3,none,none,short,tie,0,no,2,middle,no,no,no,
Kabalevsky T08,0,15,3.5,Bb3,58,ɑ,Mitton measured,0.455,open,D#4,-4.85,inside,2,-3,none,none,short,repeated,0,no,2,middle,no,no,no,
Kabalevsky T08,0,15,4,C4,60,e,Mitton measured,0.455,close,G3,5.49,inside,4,-1,none,6,short,step,2,no,2,middle,no,yes,yes,fR2 rung
Kabalevsky T08,0,15,4.5,Db4,61,u,Mitton measured,0.455,close,F3,8.16,inside,5,0,none,none,short,step,1,no,2,middle,yes,yes,yes,highest of phrase
Kabalevsky T08,0,16,1,C4,60,i,Mitton measured,1.364,close,D3,9.86,inside,4,-1,none,none,short,step,-1,no,2,middle,no,yes,no,
Kabalevsky T08,0,16,2.5,G3,55,ɨ,Mitton measured,0.455,open,G#3,-0.52,below primo,-1,-6,none,none,short,leap-down,-5,no,2,middle,no,no,no,
Kabalevsky T08,0,16,3,Bb3,58,ɑ,Mitton measured,0.455,open,D#4,-4.85,inside,2,-3,none,none,short,leap-up,3,no,2,middle,no,no,no,
Kabalevsky T08,0,16,3.5,Bb3,58,ɑ,Mitton measured,0.455,open,D#4,-4.85,inside,2,-3,none,none,short,repeated,0,no,2,middle,no,no,no,
Kabalevsky T08,0,16,4,C4,60,u,Mitton measured,0.455,close,F3,7.16,inside,4,-1,none,3,short,step,2,no,2,middle,no,yes,yes,fR2 rung
Kabalevsky T08,0,16,4.5,Db4,61,ɑ,Mitton measured,0.455,open,D#4,-1.85,inside,5,0,none,none,short,step,1,no,2,middle,yes,yes,yes,highest of phrase
Kabalevsky T08,0,17,1,C4,60,e,Mitton measured,3.636,close,G3,5.49,inside,4,-1,none,6,held,step,-1,no,2,middle,no,yes,yes,held; fR2 rung
Kabalevsky T08,0,18,1,C4,60,e,Mitton measured,0.455,close,G3,5.49,inside,4,-1,none,6,held,tie,0,no,2,last,no,yes,yes,held; fR2 rung
Kabalevsky T08,0,18,3.5,Eb3,51,ɑ,Mitton measured,0.455,open,D#4,-11.85,below primo,-5,-10,4,none,short,leap-down,-9,yes,3,first,no,no,no,
Kabalevsky T08,0,18,4,D3,50,ɪ,Mitton measured,0.455,open,G3,-5.04,below primo,-6,-11,none,none,short,step,-1,no,3,middle,no,no,no,
Kabalevsky T08,0,18,4.5,F3,53,ɑ,Mitton measured,0.455,open,D#4,-9.85,below primo,-3,-8,none,none,short,leap-up,3,no,3,middle,no,no,no,
Kabalevsky T08,0,19,1,Eb3,51,u,Mitton measured,1.364,open,F3,-1.84,below primo,-5,-10,none,none,short,step,-2,no,3,middle,no,no,no,
Kabalevsky T08,0,19,2.5,C3,48,o,Mitton measured,0.455,open,B3,-10.83,below primo,-8,-13,none,none,short,leap-down,-3,no,3,middle,no,no,no,
Kabalevsky T08,0,19,3,Ab3,56,ɛ,Mitton measured,0.455,open,D4,-5.69,inside,0,-5,none,none,short,leap-up,8,no,3,middle,no,no,no,
Kabalevsky T08,0,19,3.5,G3,55,ʌ,Mitton measured,0.455,open,D#4,-7.83,below primo,-1,-6,none,6,short,step,-1,no,3,middle,no,no,no,fR2 rung
Kabalevsky T08,0,19,4,G3,55,e,Mitton measured,0.455,close,G3,0.49,below primo,-1,-6,none,8,short,repeated,0,no,3,middle,no,no,no,turning pitch 0 to 2 st below; fR2 rung
Kabalevsky T08,0,19,4.5,Ab3,56,i,Mitton measured,0.455,close,D3,5.86,inside,0,-5,none,8,short,step,1,no,3,middle,no,no,no,fR2 rung
Kabalevsky T08,0,20,1,F3,53,o,Mitton measured,1.818,open,B3,-5.83,below primo,-3,-8,none,none,held,leap-down,-3,no,3,middle,no,no,no,held
Kabalevsky T08,0,20,3,F3,53,o,Mitton measured,1.364,open,B3,-5.83,below primo,-3,-8,none,none,held,tie,0,no,3,middle,no,no,no,held
Kabalevsky T08,0,20,4.5,F3,53,i,Mitton measured,0.455,close,D3,2.86,below primo,-3,-8,none,none,short,repeated,0,no,3,middle,no,no,no,
Kabalevsky T08,0,21,1,G3,55,ɑ,Mitton measured,0.455,open,D#4,-7.85,below primo,-1,-6,none,none,short,step,2,no,3,middle,no,no,no,
Kabalevsky T08,0,21,1.5,Ab3,56,ʌ,Mitton measured,0.455,open,D#4,-6.83,inside,0,-5,3,none,short,step,1,no,3,middle,no,no,no,
Kabalevsky T08,0,21,2,G3,55,ʌ,Mitton measured,0.455,open,D#4,-7.83,below primo,-1,-6,none,6,short,step,-1,no,3,middle,no,no,no,fR2 rung
Kabalevsky T08,0,21,2.5,F3,53,i,Mitton measured,0.455,close,D3,2.86,below primo,-3,-8,none,none,short,step,-2,no,3,middle,no,no,no,
Kabalevsky T08,0,21,3,Bb3,58,ɑ,Mitton measured,0.455,open,D#4,-4.85,inside,2,-3,none,none,short,leap-up,5,no,3,middle,yes,no,no,highest of phrase
Kabalevsky T08,0,21,3.5,Ab3,56,ʌ,Mitton measured,0.455,open,D#4,-6.83,inside,0,-5,3,none,short,step,-2,no,3,middle,no,no,no,
Kabalevsky T08,0,21,4,G3,55,o,Mitton measured,0.455,open,B3,-3.83,below primo,-1,-6,none,none,short,step,-1,no,3,middle,no,no,no,
Kabalevsky T08,0,21,4.5,F3,53,i,Mitton measured,0.455,close,D3,2.86,below primo,-3,-8,none,none,short,step,-2,no,3,middle,no,no,no,
Kabalevsky T08,0,22,1,G3,55,o,Mitton measured,1.818,open,B3,-3.83,below primo,-1,-6,none,none,short,step,2,no,3,middle,no,no,no,
Kabalevsky T08,0,22,3,G3,55,o,Mitton measured,0.455,open,B3,-3.83,below primo,-1,-6,none,none,short,tie,0,no,3,middle,no,no,no,
Kabalevsky T08,0,22,3.5,Eb3,51,u,Mitton measured,0.455,open,F3,-1.84,below primo,-5,-10,none,none,short,leap-down,-4,no,3,middle,no,no,no,
Kabalevsky T08,0,22,4,G3,55,ɑ,Mitton measured,0.455,open,D#4,-7.85,below primo,-1,-6,none,none,short,leap-up,4,no,3,middle,no,no,no,
Kabalevsky T08,0,22,4.5,Bb3,58,ɑ,Mitton measured,0.455,open,D#4,-4.85,inside,2,-3,none,none,short,leap-up,3,no,3,middle,yes,no,no,highest of phrase
Kabalevsky T08,0,23,1,Ab3,56,u,Mitton measured,1.364,close,F3,3.16,inside,0,-5,none,none,short,step,-2,no,3,middle,no,no,no,
Kabalevsky T08,0,23,2.5,F3,53,ɑ,Mitton measured,0.455,open,D#4,-9.85,below primo,-3,-8,none,none,short,leap-down,-3,no,3,middle,no,no,no,
Kabalevsky T08,0,23,3,Eb3,51,i,Mitton measured,0.455,close,D3,0.86,below primo,-5,-10,none,none,short,step,-2,no,3,middle,no,no,no,turning pitch 0 to 2 st below
Kabalevsky T08,0,23,3.5,Db3,49,i,Mitton measured,0.455,open,D3,-1.14,below primo,-7,-12,none,none,short,step,-2,no,3,middle,no,no,no,
Kabalevsky T08,0,23,4,F3,53,o,Mitton measured,0.455,open,B3,-5.83,below primo,-3,-8,none,none,short,leap-up,4,no,3,middle,no,no,no,
Kabalevsky T08,0,23,4.5,C3,48,ɨ,Mitton measured,0.455,open,G#3,-7.52,below primo,-8,-13,none,none,short,leap-down,-5,no,3,middle,no,no,no,
Kabalevsky T08,0,24,1,F3,53,o,Mitton measured,1.818,open,B3,-5.83,below primo,-3,-8,none,none,short,leap-up,5,no,3,middle,no,no,no,
Kabalevsky T08,0,24,3,F3,53,o,Mitton measured,0.455,open,B3,-5.83,below primo,-3,-8,none,none,short,tie,0,no,3,middle,no,no,no,
Kabalevsky T08,0,24,3.5,Bb2,46,ɑ,Mitton measured,0.455,open,D#4,-16.85,below primo,-10,-15,none,none,short,leap-down,-7,no,3,middle,no,no,no,
Kabalevsky T08,0,24,4,Db3,49,o,Mitton measured,0.455,open,B3,-9.83,below primo,-7,-12,none,6,short,leap-up,3,no,3,middle,no,no,no,fR2 rung
Kabalevsky T08,0,24,4.5,F3,53,ɨ,Mitton measured,0.455,open,G#3,-2.52,below primo,-3,-8,none,none,short,leap-up,4,no,3,middle,no,no,no,
Kabalevsky T08,0,25,1,G3,55,ɑ,Mitton measured,0.455,open,D#4,-7.85,below primo,-1,-6,none,none,short,step,2,no,3,middle,no,no,no,
Kabalevsky T08,0,25,1.5,F3,53,ɪ,Mitton measured,0.455,open,G3,-2.04,below primo,-3,-8,none,none,short,step,-2,no,3,middle,no,no,no,
Kabalevsky T08,0,25,2,Eb3,51,i,Mitton measured,0.455,close,D3,0.86,below primo,-5,-10,none,none,short,step,-2,no,3,middle,no,no,no,turning pitch 0 to 2 st below
Kabalevsky T08,0,25,2.5,F3,53,ɑ,Mitton measured,0.455,open,D#4,-9.85,below primo,-3,-8,none,none,short,step,2,no,3,middle,no,no,no,
Kabalevsky T08,0,25,3,G3,55,ɑ,Mitton measured,1.364,open,D#4,-7.85,below primo,-1,-6,none,none,short,step,2,no,3,middle,no,no,no,
Kabalevsky T08,0,25,4.5,Bb3,58,u,Mitton measured,0.455,close,F3,5.16,inside,2,-3,none,none,short,leap-up,3,no,3,middle,yes,no,no,highest of phrase
Kabalevsky T08,0,26,1,Eb3,51,o,Mitton measured,1.818,open,B3,-7.83,below primo,-5,-10,none,none,short,leap-down,-7,no,3,middle,no,no,no,
Kabalevsky T08,0,26,3,Eb3,51,o,Mitton measured,0.455,open,B3,-7.83,below primo,-5,-10,none,none,short,tie,0,no,3,last,no,no,no,
Kabalevsky T08,0,26,3.5,Eb3,51,ɑ,Mitton measured,0.455,open,D#4,-11.85,below primo,-5,-10,4,none,short,repeated,0,no,4,first,no,no,no,
Kabalevsky T08,0,26,4,Eb3,51,ɪ,Mitton measured,0.455,open,G3,-4.04,below primo,-5,-10,none,none,short,repeated,0,no,4,middle,no,no,no,
Kabalevsky T08,0,26,4.5,Eb3,51,ɑ,Mitton measured,0.455,open,D#4,-11.85,below primo,-5,-10,4,none,short,repeated,0,no,4,middle,no,no,no,
Kabalevsky T08,0,27,1,Eb3,51,u,Mitton measured,1.818,open,F3,-1.84,below primo,-5,-10,none,none,short,repeated,0,no,4,middle,no,no,no,
Kabalevsky T08,0,27,3,Eb3,51,u,Mitton measured,0.455,open,F3,-1.84,below primo,-5,-10,none,none,short,tie,0,no,4,middle,no,no,no,
Kabalevsky T08,0,27,3.5,Eb3,51,o,Mitton measured,0.455,open,B3,-7.83,below primo,-5,-10,none,none,short,repeated,0,no,4,middle,no,no,no,
Kabalevsky T08,0,27,4,Eb3,51,ɨ,Mitton measured,0.455,open,G#3,-4.52,below primo,-5,-10,none,7,short,repeated,0,no,4,middle,no,no,no,fR2 rung
Kabalevsky T08,0,27,4.5,Eb3,51,ɑ,Mitton measured,0.455,open,D#4,-11.85,below primo,-5,-10,4,none,short,repeated,0,no,4,middle,no,no,no,
Kabalevsky T08,0,28,1,Eb3,51,e,Mitton measured,1.364,open,G3,-3.51,below primo,-5,-10,none,none,short,repeated,0,no,4,middle,no,no,no,
Kabalevsky T08,0,28,2.5,D3,50,ɑ,Mitton measured,0.455,open,D#4,-12.85,below primo,-6,-11,none,7,short,step,-1,no,4,middle,no,no,no,fR2 rung
Kabalevsky T08,0,28,3,Eb3,51,o,Mitton measured,1.818,open,B3,-7.83,below primo,-5,-10,none,none,short,step,1,no,4,middle,no,no,no,
Kabalevsky T08,0,29,1,Gb3,54,ɨ,Mitton measured,0.909,open,G#3,-1.52,below primo,-2,-7,none,6,short,leap-up,3,no,4,middle,no,no,no,fR2 rung
Kabalevsky T08,0,29,2,F3,53,ɪ,Mitton measured,0.455,open,G3,-2.04,below primo,-3,-8,none,none,short,step,-1,no,4,middle,no,no,no,
Kabalevsky T08,0,29,2.5,Eb3,51,ɑ,Mitton measured,0.455,open,D#4,-11.85,below primo,-5,-10,4,none,short,step,-2,no,4,middle,no,no,no,
Kabalevsky T08,0,29,3,F3,53,ɑ,Mitton measured,0.455,open,D#4,-9.85,below primo,-3,-8,none,none,short,step,2,no,4,middle,no,no,no,
Kabalevsky T08,0,29,3.5,Bb3,58,i,Mitton measured,0.455,close,D3,7.86,inside,2,-3,none,none,short,leap-up,5,no,4,middle,no,no,no,
Kabalevsky T08,0,29,4,C4,60,ɑ,Mitton measured,0.455,open,D#4,-2.85,inside,4,-1,none,none,short,step,2,no,4,middle,no,yes,no,
Kabalevsky T08,0,29,4.5,Db4,61,ɑ,Mitton measured,0.455,open,D#4,-1.85,inside,5,0,none,none,short,step,1,no,4,middle,yes,yes,yes,highest of phrase
Kabalevsky T08,0,30,1,C4,60,ɛ,Mitton measured,1.364,open,D4,-1.69,inside,4,-1,none,5,short,step,-1,no,4,middle,no,yes,yes,fR2 rung
Kabalevsky T08,0,30,2.5,G3,55,u,Mitton measured,0.455,close,F3,2.16,below primo,-1,-6,none,4,short,leap-down,-5,no,4,middle,no,no,no,fR2 rung
Kabalevsky T08,0,30,3,Ab3,56,o,Mitton measured,1.818,open,B3,-2.83,inside,0,-5,none,4,short,step,1,no,4,middle,no,no,no,fR2 rung
Kabalevsky T08,0,31,1,Ab3,56,o,Mitton measured,0.455,open,B3,-2.83,inside,0,-5,none,4,short,tie,0,no,4,last,no,no,no,fR2 rung
Kabalevsky T09,0,4,4.5,A#3,58,u,Mitton measured,0.357,close,F3,5.16,inside,2,-3,none,none,short,first note,,,0,first,no,no,no,
Kabalevsky T09,0,5,1,B3,59,ɛ,Mitton measured,0.357,open,D4,-2.69,inside,3,-2,none,none,short,step,1,no,0,middle,no,no,no,
Kabalevsky T09,0,5,1.5,A#3,58,i,Mitton measured,0.357,close,D3,7.86,inside,2,-3,none,none,short,step,-1,no,0,middle,no,no,no,
Kabalevsky T09,0,5,2,A#3,58,ɨ,Mitton measured,0.357,close,G#3,2.48,inside,2,-3,none,none,short,repeated,0,no,0,middle,no,no,no,
Kabalevsky T09,0,5,2.5,B3,59,ɑ,Mitton measured,0.357,open,D#4,-3.85,inside,3,-2,none,4,short,step,1,no,0,middle,no,no,no,fR2 rung
Kabalevsky T09,0,5,3,B3,59,u,Mitton measured,0.357,close,F3,6.16,inside,3,-2,none,none,short,repeated,0,no,0,middle,no,no,no,
Kabalevsky T09,0,5,3.5,G#3,56,i,Mitton measured,0.357,close,D3,5.86,inside,0,-5,none,8,short,leap-down,-3,no,0,middle,no,no,no,fR2 rung
Kabalevsky T09,0,5,4,A3,57,ɑ,Mitton measured,0.357,open,D#4,-5.85,inside,1,-4,none,none,short,step,1,no,0,middle,no,no,no,
Kabalevsky T09,0,5,4.5,A#3,58,i,Mitton measured,0.357,close,D3,7.86,inside,2,-3,none,none,short,step,1,no,0,middle,no,no,no,
Kabalevsky T09,0,6,1,C#4,61,e,Mitton measured,2.143,close,G3,6.49,inside,5,0,none,none,short,leap-up,3,no,0,last,yes,yes,yes,highest of phrase
Kabalevsky T09,0,6,4.5,A#3,58,i,Mitton measured,0.357,close,D3,7.86,inside,2,-3,none,none,short,leap-down,-3,yes,1,first,no,no,no,
Kabalevsky T09,0,7,1,C#4,61,e,Mitton measured,0.357,close,G3,6.49,inside,5,0,none,none,short,leap-up,3,no,1,middle,yes,yes,yes,highest of phrase
Kabalevsky T09,0,7,1.5,B3,59,ɑ,Mitton measured,0.357,open,D#4,-3.85,inside,3,-2,none,4,short,step,-2,no,1,middle,no,no,no,fR2 rung
Kabalevsky T09,0,7,2,A#3,58,ɑ,Mitton measured,0.357,open,D#4,-4.85,inside,2,-3,none,none,short,step,-1,no,1,middle,no,no,no,
Kabalevsky T09,0,7,2.5,B3,59,e,Mitton measured,0.357,close,G3,4.49,inside,3,-2,none,none,short,step,1,no,1,middle,no,no,no,
Kabalevsky T09,0,7,3,A#3,58,i,Mitton measured,0.357,close,D3,7.86,inside,2,-3,none,none,short,step,-1,no,1,middle,no,no,no,
Kabalevsky T09,0,7,3.5,F#3,54,ɑ,Mitton measured,0.357,open,D#4,-8.85,below primo,-2,-7,none,none,short,leap-down,-4,no,1,middle,no,no,no,
Kabalevsky T09,0,7,4,F#3,54,o,Mitton measured,0.357,open,B3,-4.83,below primo,-2,-7,none,none,short,repeated,0,no,1,middle,no,no,no,
Kabalevsky T09,0,7,4.5,G#3,56,ɑ,Mitton measured,0.357,open,D#4,-6.85,inside,0,-5,3,5,short,step,2,no,1,middle,no,no,no,fR2 rung
Kabalevsky T09,0,8,1,E3,52,o,Mitton measured,1.071,open,B3,-6.83,below primo,-4,-9,3,5,short,leap-down,-4,no,1,middle,no,no,no,fR2 rung
Kabalevsky T09,0,8,2.5,D#3,51,ɪ,Mitton measured,0.357,open,G3,-4.04,below primo,-5,-10,none,none,short,step,-1,no,1,last,no,no,no,
Kabalevsky T09,0,9,1,B3,59,u,Mitton measured,0.714,close,F3,6.16,inside,3,-2,none,none,short,leap-up,8,yes,2,first,no,no,no,
Kabalevsky T09,0,9,2,A#3,58,ɑ,Mitton measured,0.357,open,D#4,-4.85,inside,2,-3,none,none,short,step,-1,no,2,middle,no,no,no,
Kabalevsky T09,0,9,2.5,B3,59,o,Mitton measured,0.357,close,B3,0.17,inside,3,-2,none,none,short,step,1,no,2,middle,no,no,no,turning pitch 0 to 2 st below
Kabalevsky T09,0,9,3,B3,59,o,Mitton measured,0.357,close,B3,0.17,inside,3,-2,none,none,short,repeated,0,no,2,middle,no,no,no,turning pitch 0 to 2 st below
Kabalevsky T09,0,9,3.5,G#3,56,ʌ,Mitton measured,0.357,open,D#4,-6.83,inside,0,-5,3,none,short,leap-down,-3,no,2,middle,no,no,no,
Kabalevsky T09,0,9,4,A3,57,i,Mitton measured,0.357,close,D3,6.86,inside,1,-4,none,none,short,step,1,no,2,middle,no,no,no,
Kabalevsky T09,0,9,4.5,A#3,58,ɑ,Mitton measured,0.357,open,D#4,-4.85,inside,2,-3,none,none,short,step,1,no,2,middle,no,no,no,
Kabalevsky T09,0,10,1,C#4,61,i,Mitton measured,1.071,close,D3,10.86,inside,5,0,none,6,short,leap-up,3,no,2,middle,yes,yes,yes,highest of phrase; fR2 rung
Kabalevsky T09,0,10,2.5,B3,59,ɑ,Mitton measured,0.357,open,D#4,-3.85,inside,3,-2,none,4,short,step,-2,no,2,middle,no,no,no,fR2 rung
Kabalevsky T09,0,10,3,A#3,58,e,Mitton measured,0.714,close,G3,3.49,inside,2,-3,none,none,short,step,-1,no,2,last,no,no,no,
Kabalevsky T09,0,10,4.5,G#3,56,o,Mitton measured,0.357,open,B3,-2.83,inside,0,-5,none,4,short,step,-2,yes,3,first,no,no,no,fR2 rung
Kabalevsky T09,0,11,1,F#3,54,o,Mitton measured,0.357,open,B3,-4.83,below primo,-2,-7,none,none,short,step,-2,no,3,middle,no,no,no,
Kabalevsky T09,0,11,1.5,E3,52,ʌ,Mitton measured,0.357,open,D#4,-10.83,below primo,-4,-9,none,7,short,step,-2,no,3,middle,no,no,no,fR2 rung
Kabalevsky T09,0,11,2,D#3,51,ɪ,Mitton measured,0.357,open,G3,-4.04,below primo,-5,-10,none,none,short,step,-1,no,3,middle,no,no,no,
Kabalevsky T09,0,11,2.5,C##3,50,ɑ,Mitton measured,0.357,open,D#4,-12.85,below primo,-6,-11,none,7,short,step,-1,no,3,middle,no,no,no,fR2 rung
Kabalevsky T09,0,11,3,D#3,51,e,Mitton measured,0.357,open,G3,-3.51,below primo,-5,-10,none,none,short,step,1,no,3,middle,no,no,no,
Kabalevsky T09,0,11,3.5,F##3,55,i,Mitton measured,0.357,close,D3,4.86,below primo,-1,-6,none,none,short,leap-up,4,no,3,middle,no,no,no,
Kabalevsky T09,0,11,4,A#3,58,ɑ,Mitton measured,0.357,open,D#4,-4.85,inside,2,-3,none,none,short,leap-up,3,no,3,middle,yes,no,no,highest of phrase
Kabalevsky T09,0,11,4.5,C#3,49,i,Mitton measured,0.357,open,D3,-1.14,below primo,-7,-12,none,none,short,leap-down,-9,no,3,middle,no,no,no,
Kabalevsky T09,0,12,1,B2,47,o,Mitton measured,1.071,open,B3,-11.83,below primo,-9,-14,4,none,short,step,-2,no,3,middle,no,no,no,
Kabalevsky T09,0,12,2.5,B2,47,ɑ,Mitton measured,0.357,open,D#4,-15.85,below primo,-9,-14,5,8,short,repeated,0,no,3,last,no,no,no,fR2 rung
Kabalevsky T09,0,13,3.5,B2,47,i,Mitton measured,0.357,open,D3,-3.14,below primo,-9,-14,none,none,short,repeated,0,yes,4,first,no,no,no,
Kabalevsky T09,0,13,4,B2,47,ɛ,Mitton measured,0.357,open,D4,-14.69,below primo,-9,-14,none,none,short,repeated,0,no,4,middle,no,no,no,
Kabalevsky T09,0,13,4.5,B2,47,i,Mitton measured,0.357,open,D3,-3.14,below primo,-9,-14,none,none,short,repeated,0,no,4,middle,no,no,no,
Kabalevsky T09,0,14,1,G#3,56,o,Mitton measured,1.071,open,B3,-2.83,inside,0,-5,none,4,short,leap-up,9,no,4,middle,no,no,no,fR2 rung
Kabalevsky T09,0,14,2.5,G#3,56,ɑ,Mitton measured,0.357,open,D#4,-6.85,inside,0,-5,3,5,short,repeated,0,no,4,middle,no,no,no,fR2 rung
Kabalevsky T09,0,14,3,G#3,56,o,Mitton measured,0.357,open,B3,-2.83,inside,0,-5,none,4,short,repeated,0,no,4,middle,no,no,no,fR2 rung
Kabalevsky T09,0,14,3.5,F#3,54,ɛ,Mitton measured,0.357,open,D4,-7.69,below primo,-2,-7,none,7,short,step,-2,no,4,middle,no,no,no,fR2 rung
Kabalevsky T09,0,14,4,E3,52,ɪ,Mitton measured,0.357,open,G3,-3.04,below primo,-4,-9,none,none,short,step,-2,no,4,middle,no,no,no,
Kabalevsky T09,0,14,4.5,D#3,51,ɑ,Mitton measured,0.357,open,D#4,-11.85,below primo,-5,-10,4,none,short,step,-1,no,4,middle,no,no,no,
Kabalevsky T09,0,15,1,E3,52,o,Mitton measured,1.429,open,B3,-6.83,below primo,-4,-9,3,5,short,step,1,no,4,middle,no,no,no,fR2 rung
Kabalevsky T09,0,15,3,E3,52,o,Mitton measured,0.357,open,B3,-6.83,below primo,-4,-9,3,5,short,tie,0,no,4,middle,no,no,no,fR2 rung
Kabalevsky T09,0,15,3.5,C#3,49,ɪ,Mitton measured,0.357,open,G3,-6.04,below primo,-7,-12,none,none,short,leap-down,-3,no,4,middle,no,no,no,
Kabalevsky T09,0,15,4,C#3,49,ʌ,Mitton measured,0.357,open,D#4,-13.83,below primo,-7,-12,none,none,short,repeated,0,no,4,middle,no,no,no,
Kabalevsky T09,0,15,4.5,C#3,49,ɑ,Mitton measured,0.357,open,D#4,-13.85,below primo,-7,-12,none,none,short,repeated,0,no,4,middle,no,no,no,
Kabalevsky T09,0,16,1,C#4,61,i,Mitton measured,1.071,close,D3,10.86,inside,5,0,none,6,short,leap-up,12,no,4,middle,no,yes,yes,fR2 rung
Kabalevsky T09,0,16,2.5,D4,62,u,Mitton measured,0.357,close,F3,9.16,above secondo,6,1,none,none,short,step,1,no,4,middle,yes,yes,yes,highest of phrase
Kabalevsky T09,0,16,3,C#4,61,ɑ,Mitton measured,0.357,open,D#4,-1.85,inside,5,0,none,none,short,step,-1,no,4,middle,no,yes,no,
Kabalevsky T09,0,16,3.5,G#3,56,ɑ,Mitton measured,0.357,open,D#4,-6.85,inside,0,-5,3,5,short,leap-down,-5,no,4,middle,no,no,no,fR2 rung
Kabalevsky T09,0,16,4,A3,57,i,Mitton measured,0.357,close,D3,6.86,inside,1,-4,none,none,short,step,1,no,4,middle,no,no,no,
Kabalevsky T09,0,16,4.5,G#3,56,ɑ,Mitton measured,0.357,open,D#4,-6.85,inside,0,-5,3,5,short,step,-1,no,4,middle,no,no,no,fR2 rung
Kabalevsky T09,0,17,1,A3,57,ɑ,Mitton measured,1.071,open,D#4,-5.85,inside,1,-4,none,none,short,step,1,no,4,middle,no,no,no,
Kabalevsky T09,0,17,2.5,F#3,54,ɨ,Mitton measured,0.357,open,G#3,-1.52,below primo,-2,-7,none,6,short,leap-down,-3,no,4,last,no,no,no,fR2 rung
Kabalevsky T09,0,17,4.5,D#3,51,u,Mitton measured,0.357,open,F3,-1.84,below primo,-5,-10,none,none,short,leap-down,-3,yes,5,first,no,no,no,
Kabalevsky T09,0,18,1,E3,52,u,Mitton measured,0.536,open,F3,-0.84,below primo,-4,-9,none,5,short,step,1,no,5,middle,no,no,no,fR2 rung
Kabalevsky T09,0,18,1.75,D#3,51,ɑ,Mitton measured,0.179,open,D#4,-11.85,below primo,-5,-10,4,none,short,step,-1,no,5,middle,no,no,no,
Kabalevsky T09,0,18,2,D#3,51,ɑ,Mitton measured,0.714,open,D#4,-11.85,below primo,-5,-10,4,none,short,repeated,0,no,5,middle,no,no,no,
Kabalevsky T09,0,18,3,D#3,51,ɑ,Mitton measured,0.357,open,D#4,-11.85,below primo,-5,-10,4,none,short,tie,0,no,5,middle,no,no,no,
Kabalevsky T09,0,18,3.5,C##3,50,ɪ,Mitton measured,0.357,open,G3,-5.04,below primo,-6,-11,none,none,short,step,-1,no,5,middle,no,no,no,
Kabalevsky T09,0,18,4,C##3,50,ʌ,Mitton measured,0.357,open,D#4,-12.83,below primo,-6,-11,none,8,short,repeated,0,no,5,middle,no,no,no,fR2 rung
Kabalevsky T09,0,18,4.5,D#3,51,ɪ,Mitton measured,0.357,open,G3,-4.04,below primo,-5,-10,none,none,short,step,1,no,5,middle,no,no,no,
Kabalevsky T09,0,19,1,A3,57,ɨ,Mitton measured,1.071,close,G#3,1.48,inside,1,-4,none,5,short,leap-up,6,no,5,middle,no,no,no,turning pitch 0 to 2 st below; fR2 rung
Kabalevsky T09,0,19,2.5,D#3,51,none resolved,not assessed,0.357,not assessed,not assessed,not assessed,below primo,-5,-10,not assessed,not assessed,short,leap-down,-6,no,5,middle,no,no,no,
Kabalevsky T09,0,19,3,G#3,56,o,Mitton measured,1.071,open,B3,-2.83,inside,0,-5,none,4,short,leap-up,5,no,5,middle,no,no,no,fR2 rung
Kabalevsky T09,0,19,4.5,G#3,56,ɑ,Mitton measured,0.357,open,D#4,-6.85,inside,0,-5,3,5,short,repeated,0,no,5,middle,no,no,no,fR2 rung
Kabalevsky T09,0,20,1,C#4,61,i,Mitton measured,1.071,close,D3,10.86,inside,5,0,none,6,short,leap-up,5,no,5,middle,yes,yes,yes,highest of phrase; fR2 rung
Kabalevsky T09,0,20,2.5,A3,57,ɨ,Mitton measured,0.357,close,G#3,1.48,inside,1,-4,none,5,short,leap-down,-4,no,5,middle,no,no,no,turning pitch 0 to 2 st below; fR2 rung
Kabalevsky T09,0,20,3,G#3,56,u,Mitton measured,0.714,close,F3,3.16,inside,0,-5,none,none,short,step,-1,no,5,middle,no,no,no,
Kabalevsky T09,0,20,4,E3,52,ʌ,Mitton measured,0.714,open,D#4,-10.83,below primo,-4,-9,none,7,short,leap-down,-4,no,5,middle,no,no,no,fR2 rung
Kabalevsky T09,0,21,1,C#4,61,u,Mitton measured,0.357,close,F3,8.16,inside,5,0,none,none,short,leap-up,9,no,5,middle,yes,yes,yes,highest of phrase
Kabalevsky T09,0,21,1.5,A3,57,ʌ,Mitton measured,0.357,open,D#4,-5.83,inside,1,-4,none,none,short,leap-down,-4,no,5,middle,no,no,no,
Kabalevsky T09,0,21,2,G#3,56,ɪ,Mitton measured,0.357,close,G3,0.96,inside,0,-5,none,none,short,step,-1,no,5,middle,no,no,no,turning pitch 0 to 2 st below
Kabalevsky T09,0,21,2.5,A3,57,ɑ,Mitton measured,0.357,open,D#4,-5.85,inside,1,-4,none,none,short,step,1,no,5,middle,no,no,no,
Kabalevsky T09,0,21,3,G#3,56,ɑ,Mitton measured,1.071,open,D#4,-6.85,inside,0,-5,3,5,short,step,-1,no,5,middle,no,no,no,fR2 rung
Kabalevsky T09,0,21,4.5,G#3,56,ɨ,Mitton measured,0.357,close,G#3,0.48,inside,0,-5,none,none,short,repeated,0,no,5,last,no,no,no,turning pitch 0 to 2 st below
Kabalevsky T09,0,24,4.5,A#3,58,ɑ,Mitton measured,0.357,open,D#4,-4.85,inside,2,-3,none,none,short,step,2,yes,6,first,no,no,no,
Kabalevsky T09,0,25,1,B3,59,ɑ,Mitton measured,1.071,open,D#4,-3.85,inside,3,-2,none,4,short,step,1,no,6,middle,no,no,no,fR2 rung
Kabalevsky T09,0,25,2.5,B3,59,i,Mitton measured,0.357,close,D3,8.86,inside,3,-2,none,7,short,repeated,0,no,6,middle,no,no,no,fR2 rung
Kabalevsky T09,0,25,3,B3,59,ɑ,Mitton measured,0.357,open,D#4,-3.85,inside,3,-2,none,4,short,repeated,0,no,6,middle,no,no,no,fR2 rung
Kabalevsky T09,0,25,3.5,G#3,56,o,Mitton measured,0.357,open,B3,-2.83,inside,0,-5,none,4,short,leap-down,-3,no,6,middle,no,no,no,fR2 rung
Kabalevsky T09,0,25,4,A3,57,ɪ,Mitton measured,0.357,close,G3,1.96,inside,1,-4,none,none,short,step,1,no,6,middle,no,no,no,turning pitch 0 to 2 st below
Kabalevsky T09,0,25,4.5,A#3,58,ɑ,Mitton measured,0.357,open,D#4,-4.85,inside,2,-3,none,none,short,step,1,no,6,middle,no,no,no,
Kabalevsky T09,0,26,1,C#4,61,e,Mitton measured,1.071,close,G3,6.49,inside,5,0,none,none,short,leap-up,3,no,6,middle,yes,yes,yes,highest of phrase
Kabalevsky T09,0,26,2.5,B3,59,i,Mitton measured,0.357,close,D3,8.86,inside,3,-2,none,7,short,step,-2,no,6,middle,no,no,no,fR2 rung
Kabalevsky T09,0,26,3,A#3,58,i,Mitton measured,0.714,close,D3,7.86,inside,2,-3,none,none,short,step,-1,no,6,last,no,no,no,
Kabalevsky T09,0,26,4.5,A#3,58,ɑ,Mitton measured,0.357,open,D#4,-4.85,inside,2,-3,none,none,short,repeated,0,yes,7,first,no,no,no,
Kabalevsky T09,0,27,1,C#4,61,ɑ,Mitton measured,0.357,open,D#4,-1.85,inside,5,0,none,none,short,leap-up,3,no,7,middle,yes,yes,yes,highest of phrase
Kabalevsky T09,0,27,1.5,B3,59,ɑ,Mitton measured,0.357,open,D#4,-3.85,inside,3,-2,none,4,short,step,-2,no,7,middle,no,no,no,fR2 rung
Kabalevsky T09,0,27,2,A#3,58,ɛ,Mitton measured,0.357,open,D4,-3.69,inside,2,-3,none,none,short,step,-1,no,7,middle,no,no,no,
Kabalevsky T09,0,27,2.5,B3,59,i,Mitton measured,0.357,close,D3,8.86,inside,3,-2,none,7,short,step,1,no,7,middle,no,no,no,fR2 rung
Kabalevsky T09,0,27,3,A#3,58,ɛ,Mitton measured,0.357,open,D4,-3.69,inside,2,-3,none,none,short,step,-1,no,7,middle,no,no,no,
Kabalevsky T09,0,27,3.5,F#3,54,ɑ,Mitton measured,0.357,open,D#4,-8.85,below primo,-2,-7,none,none,short,leap-down,-4,no,7,middle,no,no,no,
Kabalevsky T09,0,27,4,F#3,54,ʌ,Mitton measured,0.357,open,D#4,-8.83,below primo,-2,-7,none,none,short,repeated,0,no,7,middle,no,no,no,
Kabalevsky T09,0,27,4.5,G#3,56,ɑ,Mitton measured,0.357,open,D#4,-6.85,inside,0,-5,3,5,short,step,2,no,7,middle,no,no,no,fR2 rung
Kabalevsky T09,0,28,1,E3,52,e,Mitton measured,1.071,open,G3,-2.51,below primo,-4,-9,none,none,short,leap-down,-4,no,7,middle,no,no,no,
Kabalevsky T09,0,28,2.5,D#3,51,u,Mitton measured,0.357,open,F3,-1.84,below primo,-5,-10,none,none,short,step,-1,no,7,last,no,no,no,
Kabalevsky T09,0,28,4.5,D#3,51,ɑ,Mitton measured,0.357,open,D#4,-11.85,below primo,-5,-10,4,none,short,repeated,0,yes,8,first,no,no,no,
Kabalevsky T09,0,29,1,E3,52,ɑ,Mitton measured,1.071,open,D#4,-10.85,below primo,-4,-9,none,6,short,step,1,no,8,middle,no,no,no,fR2 rung
Kabalevsky T09,0,29,2.5,C#3,49,i,Mitton measured,0.357,open,D3,-1.14,below primo,-7,-12,none,none,short,leap-down,-3,no,8,middle,no,no,no,
Kabalevsky T09,0,29,3,G#3,56,ɑ,Mitton measured,1.071,open,D#4,-6.85,inside,0,-5,3,5,short,leap-up,7,no,8,last,yes,no,no,highest of phrase; fR2 rung
Kabalevsky T09,0,29,4.5,D#3,51,o,Mitton measured,0.357,open,B3,-7.83,below primo,-5,-10,none,none,short,leap-down,-5,no,9,first,no,no,no,
Kabalevsky T09,0,30,1,E3,52,ɑ,Mitton measured,0.357,open,D#4,-10.85,below primo,-4,-9,none,6,short,step,1,no,9,middle,no,no,no,fR2 rung
Kabalevsky T09,0,30,1.25,C#3,49,u,Mitton measured,0.357,open,F3,-3.84,below primo,-7,-12,none,none,short,leap-down,-3,no,9,middle,no,no,no,
Kabalevsky T09,0,30,1.5,E3,52,ɑ,Mitton measured,0.357,open,D#4,-10.85,below primo,-4,-9,none,6,short,leap-up,3,no,9,middle,no,no,no,fR2 rung
Kabalevsky T09,0,30,1.75,G#3,56,ɑ,Mitton measured,0.357,open,D#4,-6.85,inside,0,-5,3,5,short,leap-up,4,no,9,middle,no,no,no,fR2 rung
Kabalevsky T09,0,30,2,A#3,58,i,Mitton measured,1.429,close,D3,7.86,inside,2,-3,none,none,short,step,2,no,9,middle,no,no,no,
Kabalevsky T09,0,30,3,A#3,58,i,Mitton measured,0.357,close,D3,7.86,inside,2,-3,none,none,short,tie,0,no,9,middle,no,no,no,
Kabalevsky T09,0,30,3.25,A#3,58,o,Mitton measured,0.357,open,B3,-0.83,inside,2,-3,none,none,short,repeated,0,no,9,middle,no,no,no,
Kabalevsky T09,0,30,3.5,G##3,57,ɛ,Mitton measured,0.357,open,D4,-4.69,inside,1,-4,none,6,short,step,-1,no,9,middle,no,no,no,fR2 rung
Kabalevsky T09,0,30,3.75,A#3,58,ʌ,Mitton measured,0.357,open,D#4,-4.83,inside,2,-3,none,5,short,step,1,no,9,middle,no,no,no,fR2 rung
Kabalevsky T09,0,31,1,C#4,61,ɑ,Mitton measured,1.071,open,D#4,-1.85,inside,5,0,none,none,short,leap-up,3,no,9,middle,yes,yes,yes,highest of phrase
Kabalevsky T09,0,31,2.5,B3,59,ɛ,Mitton measured,0.357,open,D4,-2.69,inside,3,-2,none,none,short,step,-2,no,9,middle,no,no,no,
Kabalevsky T09,0,31,3,A#3,58,ɛ,Mitton measured,0.357,open,D4,-3.69,inside,2,-3,none,none,short,step,-1,no,9,middle,no,no,no,
Kabalevsky T09,0,31,3.5,B3,59,ɪ,Mitton measured,0.357,close,G3,3.96,inside,3,-2,none,none,short,step,1,no,9,middle,no,no,no,
Kabalevsky T09,0,31,4,A#3,58,o,Mitton measured,0.357,open,B3,-0.83,inside,2,-3,none,none,short,step,-1,no,9,middle,no,no,no,
Kabalevsky T09,0,31,4.5,G#3,56,o,Mitton measured,0.357,open,B3,-2.83,inside,0,-5,none,4,short,step,-2,no,9,middle,no,no,no,fR2 rung
Kabalevsky T09,0,32,1,F##3,55,e,Mitton measured,1.071,close,G3,0.49,below primo,-1,-6,none,8,short,step,-1,no,9,middle,no,no,no,turning pitch 0 to 2 st below; fR2 rung
Kabalevsky T09,0,32,2.5,D#3,51,ɛ,Mitton measured,0.357,open,D4,-10.69,below primo,-5,-10,none,none,short,leap-down,-4,no,9,last,no,no,no,
Kabalevsky T09,0,32,4.5,D#3,51,o,Mitton measured,0.357,open,B3,-7.83,below primo,-5,-10,none,none,short,repeated,0,yes,10,first,no,no,no,
Kabalevsky T09,0,33,1,E3,52,ɛ,Mitton measured,1.071,open,D4,-9.69,below primo,-4,-9,none,8,short,step,1,no,10,middle,no,no,no,fR2 rung
Kabalevsky T09,0,33,2.5,G#3,56,ɪ,Mitton measured,0.357,close,G3,0.96,inside,0,-5,none,none,short,leap-up,4,no,10,middle,no,no,no,turning pitch 0 to 2 st below
Kabalevsky T09,0,33,3,F##3,55,o,Mitton measured,1.071,open,B3,-3.83,below primo,-1,-6,none,none,short,step,-1,no,10,middle,no,no,no,
Kabalevsky T09,0,33,4.5,D#3,51,ɑ,Mitton measured,0.357,open,D#4,-11.85,below primo,-5,-10,4,none,short,leap-down,-4,no,10,middle,no,no,no,
Kabalevsky T09,0,34,1,E3,52,e,Mitton measured,0.357,open,G3,-2.51,below primo,-4,-9,none,none,short,step,1,no,10,middle,no,no,no,
Kabalevsky T09,0,34,1.5,C#3,49,ɑ,Mitton measured,0.357,open,D#4,-13.85,below primo,-7,-12,none,none,short,leap-down,-3,no,10,middle,no,no,no,
Kabalevsky T09,0,34,2,G#3,56,ɑ,Mitton measured,0.357,open,D#4,-6.85,inside,0,-5,3,5,short,leap-up,7,no,10,middle,no,no,no,fR2 rung
Kabalevsky T09,0,34,2.5,B3,59,ɪ,Mitton measured,0.357,close,G3,3.96,inside,3,-2,none,none,short,leap-up,3,no,10,middle,no,no,no,
Kabalevsky T09,0,34,3,A#3,58,ɑ,Mitton measured,1.071,open,D#4,-4.85,inside,2,-3,none,none,short,step,-1,no,10,middle,no,no,no,
Kabalevsky T09,0,34,4.5,D#3,51,ɑ,Mitton measured,0.357,open,D#4,-11.85,below primo,-5,-10,4,none,short,leap-down,-7,no,10,middle,no,no,no,
Kabalevsky T09,0,35,1,D#4,63,e,Mitton measured,1.071,close,G3,8.49,above secondo,7,2,none,5,short,leap-up,12,no,10,middle,yes,no,no,highest of phrase; fR2 rung
Kabalevsky T09,0,35,2.5,D4,62,u,Mitton measured,0.357,close,F3,9.16,above secondo,6,1,none,none,short,step,-1,no,10,middle,no,yes,no,
Kabalevsky T09,0,35,3,C#4,61,i,Mitton measured,1.071,close,D3,10.86,inside,5,0,none,6,short,step,-1,no,10,middle,no,yes,yes,fR2 rung
Kabalevsky T09,0,35,4.5,C4,60,i,Mitton measured,0.357,close,D3,9.86,inside,4,-1,none,none,short,step,-1,no,10,middle,no,yes,no,
Kabalevsky T09,0,36,1,B3,59,ɨ,Mitton measured,0.357,close,G#3,3.48,inside,3,-2,none,none,short,step,-1,no,10,middle,no,no,no,
Kabalevsky T09,0,36,1.5,B3,59,none resolved,not assessed,0.357,not assessed,not assessed,not assessed,inside,3,-2,not assessed,not assessed,short,repeated,0,no,10,middle,no,no,no,
Kabalevsky T09,0,36,2,B3,59,ʌ,Mitton measured,0.357,open,D#4,-3.83,inside,3,-2,none,none,short,repeated,0,no,10,middle,no,no,no,
Kabalevsky T09,0,36,2.5,A#3,58,ɪ,Mitton measured,0.357,close,G3,2.96,inside,2,-3,none,7,short,step,-1,no,10,middle,no,no,no,fR2 rung
Kabalevsky T09,0,36,3,G#3,56,ɑ,Mitton measured,1.429,open,D#4,-6.85,inside,0,-5,3,5,short,step,-2,no,10,last,no,no,no,fR2 rung
Kabalevsky T10,0,3,3,C3,48,u,Mitton measured,0.357,open,F3,-4.84,below primo,-8,-13,none,6,short,first note,,,0,first,no,no,no,fR2 rung
Kabalevsky T10,0,4,1,F3,53,ɨ,Mitton measured,0.714,open,G#3,-2.52,below primo,-3,-8,none,none,short,leap-up,5,no,0,middle,no,no,no,
Kabalevsky T10,0,4,3,G3,55,o,Mitton measured,0.357,open,B3,-3.83,below primo,-1,-6,none,none,short,step,2,no,0,middle,no,no,no,
Kabalevsky T10,0,5,1,A3,57,i,Mitton measured,1.071,close,D3,6.86,inside,1,-4,none,none,short,step,2,no,0,middle,no,no,no,
Kabalevsky T10,0,6,1,A3,57,i,Mitton measured,0.714,close,D3,6.86,inside,1,-4,none,none,short,tie,0,no,0,middle,no,no,no,
Kabalevsky T10,0,6,3,Bb3,58,ɪ,Mitton measured,0.357,close,G3,2.96,inside,2,-3,none,7,short,step,1,no,0,middle,yes,no,no,highest of phrase; fR2 rung
Kabalevsky T10,0,7,1,A3,57,e,Mitton measured,0.714,close,G3,2.49,inside,1,-4,none,7,short,step,-1,no,0,middle,no,no,no,fR2 rung
Kabalevsky T10,0,7,3,G3,55,ɪ,Mitton measured,0.357,open,G3,-0.04,below primo,-1,-6,none,8,short,step,-2,no,0,middle,no,no,no,fR2 rung
Kabalevsky T10,0,8,1,F3,53,ʌ,Mitton measured,0.714,open,D#4,-9.83,below primo,-3,-8,none,none,short,step,-2,no,0,middle,no,no,no,
Kabalevsky T10,0,8,3,E3,52,i,Mitton measured,0.357,close,D3,1.86,below primo,-4,-9,none,none,short,step,-1,no,0,middle,no,no,no,turning pitch 0 to 2 st below
Kabalevsky T10,0,9,1,D3,50,o,Mitton measured,1.071,open,B3,-8.83,below primo,-6,-11,none,none,short,step,-2,no,0,middle,no,no,no,
Kabalevsky T10,0,10,1,D3,50,o,Mitton measured,0.357,open,B3,-8.83,below primo,-6,-11,none,none,short,tie,0,no,0,last,no,no,no,
Kabalevsky T10,0,10,2.5,D3,50,ʌ,Mitton measured,0.179,open,D#4,-12.83,below primo,-6,-11,none,8,short,repeated,0,yes,1,first,no,no,no,fR2 rung
Kabalevsky T10,0,10,3,D3,50,ʌ,Mitton measured,0.179,open,D#4,-12.83,below primo,-6,-11,none,8,short,repeated,0,no,1,middle,no,no,no,fR2 rung
Kabalevsky T10,0,10,3.5,D3,50,ɑ,Mitton measured,0.179,open,D#4,-12.85,below primo,-6,-11,none,7,short,repeated,0,no,1,middle,no,no,no,fR2 rung
Kabalevsky T10,0,11,1,Bb3,58,ɑ,Mitton measured,0.536,open,D#4,-4.85,inside,2,-3,none,none,short,leap-up,8,no,1,middle,yes,no,no,highest of phrase
Kabalevsky T10,0,11,2.5,A3,57,ɪ,Mitton measured,0.179,close,G3,1.96,inside,1,-4,none,none,short,step,-1,no,1,middle,no,no,no,turning pitch 0 to 2 st below
Kabalevsky T10,0,11,3,G3,55,i,Mitton measured,0.179,close,D3,4.86,below primo,-1,-6,none,none,short,step,-2,no,1,middle,no,no,no,
Kabalevsky T10,0,11,3.5,F3,53,i,Mitton measured,0.179,close,D3,2.86,below primo,-3,-8,none,none,short,step,-2,no,1,middle,no,no,no,
Kabalevsky T10,0,12,1,E3,52,ɛ,Mitton measured,0.714,open,D4,-9.69,below primo,-4,-9,none,8,short,step,-1,no,1,middle,no,no,no,fR2 rung
Kabalevsky T10,0,12,3,D3,50,ɪ,Mitton measured,0.357,open,G3,-5.04,below primo,-6,-11,none,none,short,step,-2,no,1,middle,no,no,no,
Kabalevsky T10,0,13,1,E3,52,ɑ,Mitton measured,0.714,open,D#4,-10.85,below primo,-4,-9,none,6,short,step,2,no,1,middle,no,no,no,fR2 rung
Kabalevsky T10,0,13,3,E3,52,ɨ,Mitton measured,0.357,open,G#3,-3.52,below primo,-4,-9,none,none,short,repeated,0,no,1,last,no,no,no,
Kabalevsky T10,0,14,2.5,E3,52,ɪ,Mitton measured,0.179,open,G3,-3.04,below primo,-4,-9,none,none,short,repeated,0,yes,2,first,no,no,no,
Kabalevsky T10,0,14,3,E3,52,ʌ,Mitton measured,0.179,open,D#4,-10.83,below primo,-4,-9,none,7,short,repeated,0,no,2,middle,no,no,no,fR2 rung
Kabalevsky T10,0,14,3.5,E3,52,i,Mitton measured,0.179,close,D3,1.86,below primo,-4,-9,none,none,short,repeated,0,no,2,middle,no,no,no,turning pitch 0 to 2 st below
Kabalevsky T10,0,15,1,A3,57,ɑ,Mitton measured,0.714,open,D#4,-5.85,inside,1,-4,none,none,short,leap-up,5,no,2,middle,no,no,no,
Kabalevsky T10,0,15,3,A3,57,i,Mitton measured,0.357,close,D3,6.86,inside,1,-4,none,none,short,repeated,0,no,2,middle,no,no,no,
Kabalevsky T10,0,16,1,D#3,51,ɛ,Mitton measured,0.714,open,D4,-10.69,below primo,-5,-10,none,none,short,leap-down,-6,no,2,middle,no,no,no,
Kabalevsky T10,0,16,3,D#3,51,o,Mitton measured,0.357,open,B3,-7.83,below primo,-5,-10,none,none,short,repeated,0,no,2,middle,no,no,no,
Kabalevsky T10,0,17,1,A3,57,ɨ,Mitton measured,0.714,close,G#3,1.48,inside,1,-4,none,5,short,leap-up,6,no,2,middle,no,no,no,turning pitch 0 to 2 st below; fR2 rung
Kabalevsky T10,0,17,3,A3,57,i,Mitton measured,0.357,close,D3,6.86,inside,1,-4,none,none,short,repeated,0,no,2,middle,no,no,no,
Kabalevsky T10,0,18,1,D#3,51,o,Mitton measured,0.714,open,B3,-7.83,below primo,-5,-10,none,none,short,leap-down,-6,no,2,middle,no,no,no,
Kabalevsky T10,0,18,3,E3,52,i,Mitton measured,0.357,close,D3,1.86,below primo,-4,-9,none,none,short,step,1,no,2,middle,no,no,no,turning pitch 0 to 2 st below
Kabalevsky T10,0,19,1,B3,59,o,Mitton measured,0.714,close,B3,0.17,inside,3,-2,none,none,short,leap-up,7,no,2,middle,yes,no,no,highest of phrase; turning pitch 0 to 2 st below
Kabalevsky T10,0,19,3,A3,57,ʌ,Mitton measured,0.357,open,D#4,-5.83,inside,1,-4,none,none,short,step,-2,no,2,middle,no,no,no,
Kabalevsky T10,0,20,1,E3,52,o,Mitton measured,0.536,open,B3,-6.83,below primo,-4,-9,3,5,short,leap-down,-5,no,2,middle,no,no,no,fR2 rung
Kabalevsky T10,0,20,2.5,E3,52,ɨ,Mitton measured,0.179,open,G#3,-3.52,below primo,-4,-9,none,none,short,repeated,0,no,2,middle,no,no,no,
Kabalevsky T10,0,20,3,E3,52,ʌ,Mitton measured,0.179,open,D#4,-10.83,below primo,-4,-9,none,7,short,repeated,0,no,2,middle,no,no,no,fR2 rung
Kabalevsky T10,0,20,3.5,E3,52,ɪ,Mitton measured,0.179,open,G3,-3.04,below primo,-4,-9,none,none,short,repeated,0,no,2,middle,no,no,no,
Kabalevsky T10,0,21,1,B3,59,ɑ,Mitton measured,0.714,open,D#4,-3.85,inside,3,-2,none,4,short,leap-up,7,no,2,middle,yes,no,no,highest of phrase; fR2 rung
Kabalevsky T10,0,21,3,A3,57,i,Mitton measured,0.357,close,D3,6.86,inside,1,-4,none,none,short,step,-2,no,2,middle,no,no,no,
Kabalevsky T10,0,22,1,E3,52,ɑ,Mitton measured,0.714,open,D#4,-10.85,below primo,-4,-9,none,6,short,leap-down,-5,no,2,middle,no,no,no,fR2 rung
Kabalevsky T10,0,22,3,E3,52,ɨ,Mitton measured,0.357,open,G#3,-3.52,below primo,-4,-9,none,none,short,repeated,0,no,2,last,no,no,no,
Kabalevsky T10,0,28,1,E3,52,ɑ,Mitton measured,0.357,open,D#4,-10.85,below primo,-4,-9,none,6,short,repeated,0,yes,3,first,no,no,no,fR2 rung
Kabalevsky T10,0,28,2,A3,57,ʌ,Mitton measured,0.357,open,D#4,-5.83,inside,1,-4,none,none,short,leap-up,5,no,3,middle,no,no,no,
Kabalevsky T10,0,28,3,B3,59,ɑ,Mitton measured,0.357,open,D#4,-3.85,inside,3,-2,none,4,short,step,2,no,3,middle,no,no,no,fR2 rung
Kabalevsky T10,0,29,1,C#4,61,a,Mitton measured,1.071,open,F4,-4.31,inside,5,0,none,4,short,step,2,no,3,middle,no,yes,yes,fR2 rung
Kabalevsky T10,0,30,1,C#4,61,a,Mitton measured,0.714,open,F4,-4.31,inside,5,0,none,4,short,tie,0,no,3,middle,no,yes,yes,fR2 rung
Kabalevsky T10,0,30,3,D4,62,u,Mitton measured,0.357,close,F3,9.16,above secondo,6,1,none,none,short,step,1,no,3,middle,yes,yes,yes,highest of phrase
Kabalevsky T10,0,31,1,C#4,61,ɛ,Mitton measured,0.714,open,D4,-0.69,inside,5,0,none,none,short,step,-1,no,3,middle,no,yes,no,
Kabalevsky T10,0,31,3,B3,59,i,Mitton measured,0.357,close,D3,8.86,inside,3,-2,none,7,short,step,-2,no,3,middle,no,no,no,fR2 rung
Kabalevsky T10,0,32,1,A3,57,ɪ,Mitton measured,0.714,close,G3,1.96,inside,1,-4,none,none,short,step,-2,no,3,middle,no,no,no,turning pitch 0 to 2 st below
Kabalevsky T10,0,32,3,G#3,56,ɑ,Mitton measured,0.357,open,D#4,-6.85,inside,0,-5,3,5,short,step,-1,no,3,middle,no,no,no,fR2 rung
Kabalevsky T10,0,33,1,F#3,54,a,Mitton measured,1.071,open,F4,-11.31,below primo,-2,-7,none,6,short,step,-2,no,3,middle,no,no,no,fR2 rung
Kabalevsky T10,0,34,1,F#3,54,a,Mitton measured,0.536,open,F4,-11.31,below primo,-2,-7,none,6,short,tie,0,no,3,middle,no,no,no,fR2 rung
Kabalevsky T10,0,34,2.5,F#3,54,ɑ,Mitton measured,0.179,open,D#4,-8.85,below primo,-2,-7,none,none,short,repeated,0,no,3,middle,no,no,no,
Kabalevsky T10,0,34,3,F#3,54,ɛ,Mitton measured,0.179,open,D4,-7.69,below primo,-2,-7,none,7,short,repeated,0,no,3,middle,no,no,no,fR2 rung
Kabalevsky T10,0,34,3.5,F#3,54,ɪ,Mitton measured,0.179,open,G3,-1.04,below primo,-2,-7,none,none,short,repeated,0,no,3,middle,no,no,no,
Kabalevsky T10,0,35,1,D4,62,ɑ,Mitton measured,0.536,open,D#4,-0.85,above secondo,6,1,none,none,short,leap-up,8,no,3,middle,yes,yes,yes,highest of phrase
Kabalevsky T10,0,35,2.5,C#4,61,ʌ,Mitton measured,0.179,open,D#4,-1.83,inside,5,0,none,none,short,step,-1,no,3,middle,no,yes,no,
Kabalevsky T10,0,35,3,B3,59,ʌ,Mitton measured,0.179,open,D#4,-3.83,inside,3,-2,none,none,short,step,-2,no,3,middle,no,no,no,
Kabalevsky T10,0,35,3.5,A3,57,ɪ,Mitton measured,0.179,close,G3,1.96,inside,1,-4,none,none,short,step,-2,no,3,middle,no,no,no,turning pitch 0 to 2 st below
Kabalevsky T10,0,36,1,G#3,56,a,Mitton measured,0.714,open,F4,-9.31,inside,0,-5,none,none,short,step,-1,no,3,middle,no,no,no,
Kabalevsky T10,0,36,3,F#3,54,u,Mitton measured,0.357,close,F3,1.16,below primo,-2,-7,none,none,short,step,-2,no,3,middle,no,no,no,turning pitch 0 to 2 st below
Kabalevsky T10,0,37,1,G#3,56,o,Mitton measured,0.714,open,B3,-2.83,inside,0,-5,none,4,short,step,2,no,3,middle,no,no,no,fR2 rung
Kabalevsky T10,0,37,3,G#3,56,ɑ,Mitton measured,0.357,open,D#4,-6.85,inside,0,-5,3,5,short,repeated,0,no,3,last,no,no,no,fR2 rung
Kabalevsky T10,0,38,3,G#3,56,i,Mitton measured,0.357,close,D3,5.86,inside,0,-5,none,8,short,repeated,0,yes,4,first,no,no,no,fR2 rung
Kabalevsky T10,0,39,1,C#4,61,ɑ,Mitton measured,0.536,open,D#4,-1.85,inside,5,0,none,none,short,leap-up,5,no,4,middle,yes,yes,yes,highest of phrase
Kabalevsky T10,0,39,2.5,C#4,61,ɨ,Mitton measured,0.179,close,G#3,5.48,inside,5,0,none,4,short,repeated,0,no,4,middle,yes,yes,yes,highest of phrase; fR2 rung
Kabalevsky T10,0,39,3,C#4,61,none resolved,not assessed,0.179,not assessed,not assessed,not assessed,inside,5,0,not assessed,not assessed,short,repeated,0,no,4,middle,yes,yes,yes,highest of phrase
Kabalevsky T10,0,39,3.5,C#4,61,ɑ,Mitton measured,0.179,open,D#4,-1.85,inside,5,0,none,none,short,repeated,0,no,4,middle,yes,yes,yes,highest of phrase
Kabalevsky T10,0,40,1,F##3,55,i,Mitton measured,0.536,close,D3,4.86,below primo,-1,-6,none,none,short,leap-down,-6,no,4,middle,no,no,no,
Kabalevsky T10,0,40,2.5,F##3,55,i,Mitton measured,0.179,close,D3,4.86,below primo,-1,-6,none,none,short,repeated,0,no,4,middle,no,no,no,
Kabalevsky T10,0,40,3,F##3,55,i,Mitton measured,0.179,close,D3,4.86,below primo,-1,-6,none,none,short,repeated,0,no,4,middle,no,no,no,
Kabalevsky T10,0,40,3.5,F##3,55,ɑ,Mitton measured,0.179,open,D#4,-7.85,below primo,-1,-6,none,none,short,repeated,0,no,4,middle,no,no,no,
Kabalevsky T10,0,41,1,G#3,56,ɑ,Mitton measured,1.071,open,D#4,-6.85,inside,0,-5,3,5,short,step,1,no,4,middle,no,no,no,fR2 rung
Kabalevsky T10,0,42,1,G#3,56,ɑ,Mitton measured,0.536,open,D#4,-6.85,inside,0,-5,3,5,short,tie,0,no,4,middle,no,no,no,fR2 rung
Kabalevsky T10,0,42,2.5,G#3,56,i,Mitton measured,0.179,close,D3,5.86,inside,0,-5,none,8,short,repeated,0,no,4,middle,no,no,no,fR2 rung
Kabalevsky T10,0,42,3,G#3,56,ɑ,Mitton measured,0.179,open,D#4,-6.85,inside,0,-5,3,5,short,repeated,0,no,4,middle,no,no,no,fR2 rung
Kabalevsky T10,0,42,3.5,G#3,56,i,Mitton measured,0.179,close,D3,5.86,inside,0,-5,none,8,short,repeated,0,no,4,middle,no,no,no,fR2 rung
Kabalevsky T10,0,43,1,G3,55,ɑ,Mitton measured,0.714,open,D#4,-7.85,below primo,-1,-6,none,none,short,step,-1,no,4,middle,no,no,no,
Kabalevsky T10,0,43,3,G3,55,u,Mitton measured,0.357,close,F3,2.16,below primo,-1,-6,none,4,short,repeated,0,no,4,middle,no,no,no,fR2 rung
Kabalevsky T10,0,44,1,Gb3,54,o,Mitton measured,0.536,open,B3,-4.83,below primo,-2,-7,none,none,short,step,-1,no,4,middle,no,no,no,
Kabalevsky T10,0,44,2.5,Gb3,54,ɪ,Mitton measured,0.179,open,G3,-1.04,below primo,-2,-7,none,none,short,repeated,0,no,4,middle,no,no,no,
Kabalevsky T10,0,44,3,Gb3,54,o,Mitton measured,0.179,open,B3,-4.83,below primo,-2,-7,none,none,short,repeated,0,no,4,middle,no,no,no,
Kabalevsky T10,0,44,3.5,Gb3,54,ɨ,Mitton measured,0.179,open,G#3,-1.52,below primo,-2,-7,none,6,short,repeated,0,no,4,middle,no,no,no,fR2 rung
Kabalevsky T10,0,45,1,F3,53,o,Mitton measured,0.714,open,B3,-5.83,below primo,-3,-8,none,none,short,step,-1,no,4,middle,no,no,no,
Kabalevsky T10,0,45,3,F3,53,ʌ,Mitton measured,0.357,open,D#4,-9.83,below primo,-3,-8,none,none,short,repeated,0,no,4,last,no,no,no,
Kabalevsky T10,0,46,3,F3,53,o,Mitton measured,0.357,open,B3,-5.83,below primo,-3,-8,none,none,short,repeated,0,yes,5,first,no,no,no,
Kabalevsky T10,0,47,1,G3,55,ɛ,Mitton measured,0.536,open,D4,-6.69,below primo,-1,-6,3,none,short,step,2,no,5,middle,no,no,no,
Kabalevsky T10,0,47,2.5,G3,55,ʌ,Mitton measured,0.179,open,D#4,-7.83,below primo,-1,-6,none,6,short,repeated,0,no,5,middle,no,no,no,fR2 rung
Kabalevsky T10,0,47,3,F3,53,ʌ,Mitton measured,0.179,open,D#4,-9.83,below primo,-3,-8,none,none,short,step,-2,no,5,middle,no,no,no,
Kabalevsky T10,0,47,3.5,G3,55,ɑ,Mitton measured,0.179,open,D#4,-7.85,below primo,-1,-6,none,none,short,step,2,no,5,middle,no,no,no,
Kabalevsky T10,0,48,1,Ab3,56,o,Mitton measured,0.714,open,B3,-2.83,inside,0,-5,none,4,short,step,1,no,5,middle,no,no,no,fR2 rung
Kabalevsky T10,0,48,3,F3,53,o,Mitton measured,0.357,open,B3,-5.83,below primo,-3,-8,none,none,short,leap-down,-3,no,5,middle,no,no,no,
Kabalevsky T10,0,49,1,G3,55,o,Mitton measured,0.714,open,B3,-3.83,below primo,-1,-6,none,none,short,step,2,no,5,middle,no,no,no,
Kabalevsky T10,0,49,3,Bb3,58,i,Mitton measured,0.357,close,D3,7.86,inside,2,-3,none,none,short,leap-up,3,no,5,middle,no,no,no,
Kabalevsky T10,0,50,1,Ab3,56,o,Mitton measured,0.536,open,B3,-2.83,inside,0,-5,none,4,short,step,-2,no,5,middle,no,no,no,fR2 rung
Kabalevsky T10,0,50,2.5,Ab3,56,ɪ,Mitton measured,0.179,close,G3,0.96,inside,0,-5,none,none,short,repeated,0,no,5,middle,no,no,no,turning pitch 0 to 2 st below
Kabalevsky T10,0,50,3,Ab3,56,ɑ,Mitton measured,0.179,open,D#4,-6.85,inside,0,-5,3,5,short,repeated,0,no,5,middle,no,no,no,fR2 rung
Kabalevsky T10,0,50,3.5,Ab3,56,u,Mitton measured,0.179,close,F3,3.16,inside,0,-5,none,none,short,repeated,0,no,5,middle,no,no,no,
Kabalevsky T10,0,51,1,A3,57,ɑ,Mitton measured,0.714,open,D#4,-5.85,inside,1,-4,none,none,short,step,1,no,5,middle,no,no,no,
Kabalevsky T10,0,51,3,F3,53,ɑ,Mitton measured,0.357,open,D#4,-9.85,below primo,-3,-8,none,none,short,leap-down,-4,no,5,middle,no,no,no,
Kabalevsky T10,0,52,1,C4,60,u,Mitton measured,0.536,close,F3,7.16,inside,4,-1,none,3,short,leap-up,7,no,5,middle,no,yes,yes,fR2 rung
Kabalevsky T10,0,52,2.5,C4,60,ɑ,Mitton measured,0.179,open,D#4,-2.85,inside,4,-1,none,none,short,repeated,0,no,5,middle,no,yes,no,
Kabalevsky T10,0,52,3,C4,60,u,Mitton measured,0.179,close,F3,7.16,inside,4,-1,none,3,short,repeated,0,no,5,middle,no,yes,yes,fR2 rung
Kabalevsky T10,0,52,3.5,Db4,61,ɑ,Mitton measured,0.179,open,D#4,-1.85,inside,5,0,none,none,short,step,1,no,5,middle,yes,yes,yes,highest of phrase
Kabalevsky T10,0,53,1,Bb3,58,ɑ,Mitton measured,0.714,open,D#4,-4.85,inside,2,-3,none,none,short,leap-down,-3,no,5,middle,no,no,no,
Kabalevsky T10,0,53,3,Bb3,58,u,Mitton measured,0.357,close,F3,5.16,inside,2,-3,none,none,short,repeated,0,no,5,last,no,no,no,
Kabalevsky T10,0,54,2.5,C4,60,ɑ,Mitton measured,0.179,open,D#4,-2.85,inside,4,-1,none,none,short,step,2,yes,6,first,no,yes,no,
Kabalevsky T10,0,54,3,C4,60,ʌ,Mitton measured,0.179,open,D#4,-2.83,inside,4,-1,none,none,short,repeated,0,no,6,middle,no,yes,no,
Kabalevsky T10,0,54,3.5,C4,60,i,Mitton measured,0.179,close,D3,9.86,inside,4,-1,none,none,short,repeated,0,no,6,middle,no,yes,no,
Kabalevsky T10,0,55,1,E4,64,ɛ,Mitton measured,0.714,close,D4,2.31,above secondo,8,3,none,4,short,leap-up,4,no,6,middle,yes,no,no,highest of phrase; fR2 rung
Kabalevsky T10,0,55,3,Db4,61,ɑ,Mitton measured,0.357,open,D#4,-1.85,inside,5,0,none,none,short,leap-down,-3,no,6,middle,no,yes,no,
Kabalevsky T10,0,56,1,Bb3,58,u,Mitton measured,0.714,close,F3,5.16,inside,2,-3,none,none,short,leap-down,-3,no,6,middle,no,no,no,
Kabalevsky T10,0,56,3,C4,60,ɑ,Mitton measured,0.357,open,D#4,-2.85,inside,4,-1,none,none,short,step,2,no,6,middle,no,yes,no,
Kabalevsky T10,0,57,1,Ab3,56,ɑ,Mitton measured,0.714,open,D#4,-6.85,inside,0,-5,3,5,short,leap-down,-4,no,6,middle,no,no,no,fR2 rung
Kabalevsky T10,0,57,3,G3,55,u,Mitton measured,0.357,close,F3,2.16,below primo,-1,-6,none,4,short,step,-1,no,6,middle,no,no,no,fR2 rung
Kabalevsky T10,0,58,1,Bb3,58,o,Mitton measured,0.714,open,B3,-0.83,inside,2,-3,none,none,short,leap-up,3,no,6,last,no,no,no,
Kabalevsky T10,0,58,3,Bb3,58,i,Mitton measured,0.357,close,D3,7.86,inside,2,-3,none,none,short,repeated,0,no,7,first,no,no,no,
Kabalevsky T10,0,59,1,G3,55,ʌ,Mitton measured,0.714,open,D#4,-7.83,below primo,-1,-6,none,6,short,leap-down,-3,no,7,middle,no,no,no,fR2 rung
Kabalevsky T10,0,59,3,F3,53,ɨ,Mitton measured,0.357,open,G#3,-2.52,below primo,-3,-8,none,none,short,step,-2,no,7,middle,no,no,no,
Kabalevsky T10,0,60,1,C4,60,ɛ,Mitton measured,0.714,open,D4,-1.69,inside,4,-1,none,5,short,leap-up,7,no,7,middle,yes,yes,yes,highest of phrase; fR2 rung
Kabalevsky T10,0,60,3,C4,60,ɨ,Mitton measured,0.357,close,G#3,4.48,inside,4,-1,none,none,short,repeated,0,no,7,middle,yes,yes,yes,highest of phrase
Kabalevsky T10,0,61,1,G3,55,ɛ,Mitton measured,0.536,open,D4,-6.69,below primo,-1,-6,3,none,short,leap-down,-5,no,7,middle,no,no,no,
Kabalevsky T10,0,61,2.5,G3,55,ɨ,Mitton measured,0.179,open,G#3,-0.52,below primo,-1,-6,none,none,short,repeated,0,no,7,middle,no,no,no,
Kabalevsky T10,0,61,3,Ab3,56,i,Mitton measured,0.179,close,D3,5.86,inside,0,-5,none,8,short,step,1,no,7,middle,no,no,no,fR2 rung
Kabalevsky T10,0,61,3.5,G3,55,ɨ,Mitton measured,0.179,open,G#3,-0.52,below primo,-1,-6,none,none,short,step,-1,no,7,middle,no,no,no,
Kabalevsky T10,0,62,1,C4,60,ɑ,Mitton measured,0.714,open,D#4,-2.85,inside,4,-1,none,none,short,leap-up,5,no,7,middle,yes,yes,yes,highest of phrase
Kabalevsky T10,0,62,3,C4,60,u,Mitton measured,0.357,close,F3,7.16,inside,4,-1,none,3,short,repeated,0,no,7,last,yes,yes,yes,highest of phrase; fR2 rung
Kabalevsky T10,0,65,3,C3,48,o,Mitton measured,0.357,open,B3,-10.83,below primo,-8,-13,none,none,short,leap-down,-12,yes,8,first,no,no,no,
Kabalevsky T10,0,66,1,F3,53,ʌ,Mitton measured,0.714,open,D#4,-9.83,below primo,-3,-8,none,none,short,leap-up,5,no,8,middle,no,no,no,
Kabalevsky T10,0,66,3,G3,55,ɨ,Mitton measured,0.357,open,G#3,-0.52,below primo,-1,-6,none,none,short,step,2,no,8,middle,no,no,no,
Kabalevsky T10,0,67,1,A3,57,o,Mitton measured,1.071,open,B3,-1.83,inside,1,-4,none,none,short,step,2,no,8,middle,no,no,no,
Kabalevsky T10,0,68,1,A3,57,o,Mitton measured,0.714,open,B3,-1.83,inside,1,-4,none,none,short,tie,0,no,8,middle,no,no,no,
Kabalevsky T10,0,68,3,Bb3,58,ɨ,Mitton measured,0.357,close,G#3,2.48,inside,2,-3,none,none,short,step,1,no,8,middle,no,no,no,
Kabalevsky T10,0,69,1,A3,57,o,Mitton measured,0.714,open,B3,-1.83,inside,1,-4,none,none,short,step,-1,no,8,middle,no,no,no,
Kabalevsky T10,0,69,3,G3,55,i,Mitton measured,0.357,close,D3,4.86,below primo,-1,-6,none,none,short,step,-2,no,8,middle,no,no,no,
Kabalevsky T10,0,70,1,F3,53,ɑ,Mitton measured,0.714,open,D#4,-9.85,below primo,-3,-8,none,none,short,step,-2,no,8,middle,no,no,no,
Kabalevsky T10,0,70,3,E3,52,ɑ,Mitton measured,0.357,open,D#4,-10.85,below primo,-4,-9,none,6,short,step,-1,no,8,middle,no,no,no,fR2 rung
Kabalevsky T10,0,71,1,D3,50,o,Mitton measured,1.071,open,B3,-8.83,below primo,-6,-11,none,none,short,step,-2,no,8,middle,no,no,no,
Kabalevsky T10,0,72,1,D3,50,o,Mitton measured,0.536,open,B3,-8.83,below primo,-6,-11,none,none,short,tie,0,no,8,middle,no,no,no,
Kabalevsky T10,0,72,2.5,D3,50,o,Mitton measured,0.179,open,B3,-8.83,below primo,-6,-11,none,none,short,repeated,0,no,8,middle,no,no,no,
Kabalevsky T10,0,72,3,D3,50,i,Mitton measured,0.179,open,D3,-0.14,below primo,-6,-11,none,none,short,repeated,0,no,8,middle,no,no,no,
Kabalevsky T10,0,72,3.5,D3,50,ɑ,Mitton measured,0.179,open,D#4,-12.85,below primo,-6,-11,none,7,short,repeated,0,no,8,middle,no,no,no,fR2 rung
Kabalevsky T10,0,73,1,D4,62,o,Mitton measured,1.071,close,B3,3.17,above secondo,6,1,none,none,short,leap-up,12,no,8,middle,yes,yes,yes,highest of phrase
Kabalevsky T10,0,74,1,D4,62,o,Mitton measured,0.714,close,B3,3.17,above secondo,6,1,none,none,short,tie,0,no,8,middle,yes,yes,yes,highest of phrase
Kabalevsky T10,0,74,3,A3,57,ɪ,Mitton measured,0.357,close,G3,1.96,inside,1,-4,none,none,short,leap-down,-5,no,8,middle,no,no,no,turning pitch 0 to 2 st below
Kabalevsky T10,0,75,1,Bb3,58,e,Mitton measured,0.714,close,G3,3.49,inside,2,-3,none,none,short,step,1,no,8,middle,no,no,no,
Kabalevsky T10,0,75,3,A3,57,ɪ,Mitton measured,0.357,close,G3,1.96,inside,1,-4,none,none,short,step,-1,no,8,middle,no,no,no,turning pitch 0 to 2 st below
Kabalevsky T10,0,76,1,G3,55,ʌ,Mitton measured,0.714,open,D#4,-7.83,below primo,-1,-6,none,6,short,step,-2,no,8,middle,no,no,no,fR2 rung
Kabalevsky T10,0,76,3,D3,50,i,Mitton measured,0.357,open,D3,-0.14,below primo,-6,-11,none,none,short,leap-down,-5,no,8,middle,no,no,no,
Kabalevsky T10,0,77,1,F3,53,o,Mitton measured,1.071,open,B3,-5.83,below primo,-3,-8,none,none,short,leap-up,3,no,8,middle,no,no,no,
Kabalevsky T10,0,78,1,F3,53,o,Mitton measured,1.071,open,B3,-5.83,below primo,-3,-8,none,none,short,tie,0,no,8,middle,no,no,no,
Kabalevsky T10,0,79,1,F3,53,o,Mitton measured,0.179,open,B3,-5.83,below primo,-3,-8,none,none,short,tie,0,no,8,last,no,no,no,
