song,shift,bar,beat,pitch,midi,vowel,fR1_source,seconds,fR1_band,turning_pitch,semitones_from_turning,passaggio,semitones_to_primo,semitones_to_secondo,fR1_rung,fR2_rung,held,approach,approach_semitones,after_rest,phrase_index,phrase_position,highest_of_phrase,p1a_near,p1a_fires,p1a_clauses
Sunless 01,1,2,1,A#3,58,o,Bozeman baritone midpoint,0.732,open,C4,-1.5,below primo,-1,-6,none,not assessed,short,first note,,,0,first,no,no,no,
Sunless 01,1,2,2,A#3,58,ɑ,Bozeman baritone midpoint,0.732,open,D#4,-4.5,below primo,-1,-6,none,not assessed,short,repeated,0,no,0,middle,no,no,no,
Sunless 01,1,2,3,A#3,58,ʌ,derived from Bozeman baritone,0.732,open,D#4,-4.5,below primo,-1,-6,none,not assessed,short,repeated,0,no,0,middle,no,no,no,
Sunless 01,1,2,4,B3,59,ɛ,Bozeman baritone midpoint,0.732,open,D4,-2.5,inside,0,-5,none,not assessed,short,step,1,no,0,middle,yes,no,no,highest of phrase
Sunless 01,1,2,5,F#3,54,ɑ,Bozeman baritone midpoint,0.732,open,D#4,-8.5,below primo,-5,-10,none,not assessed,short,leap-down,-5,no,0,middle,no,no,no,
Sunless 01,1,2,6,F#3,54,ɑ,Bozeman baritone midpoint,0.366,open,D#4,-8.5,below primo,-5,-10,none,not assessed,short,repeated,0,no,0,last,no,no,no,
Sunless 01,1,3,1,C4,60,i,Bozeman baritone midpoint,0.732,close,E3,7.5,inside,1,-4,none,not assessed,short,leap-up,6,yes,1,first,yes,no,no,highest of phrase
Sunless 01,1,3,2,G#3,56,ɑ,Bozeman baritone midpoint,0.732,open,D#4,-6.5,below primo,-3,-8,none,not assessed,short,leap-down,-4,no,1,middle,no,no,no,
Sunless 01,1,3,3,G#3,56,ɑ,Bozeman baritone midpoint,0.366,open,D#4,-6.5,below primo,-3,-8,none,not assessed,short,repeated,0,no,1,last,no,no,no,
Sunless 01,1,3,4,D4,62,i,Bozeman baritone midpoint,1.098,close,E3,9.5,inside,3,-2,none,not assessed,short,leap-up,6,yes,2,first,yes,no,no,highest of phrase
Sunless 01,1,3,5.5,A#3,58,ɑ,Bozeman baritone midpoint,0.366,open,D#4,-4.5,below primo,-1,-6,none,not assessed,short,leap-down,-4,no,2,middle,no,no,no,
Sunless 01,1,3,6,A#3,58,ɑ,Bozeman baritone midpoint,0.366,open,D#4,-4.5,below primo,-1,-6,none,not assessed,short,repeated,0,no,2,last,no,no,no,
Sunless 01,1,4,1,B3,59,e,Bozeman baritone midpoint,0.732,open,C4,-0.5,inside,0,-5,none,not assessed,short,step,1,yes,3,first,yes,no,no,highest of phrase
Sunless 01,1,4,2,F3,53,ɪ,derived from Bozeman baritone,0.732,open,C4,-7.04,below primo,-6,-11,3,not assessed,short,leap-down,-6,no,3,middle,no,no,no,
Sunless 01,1,4,3,D#3,51,o,Bozeman baritone midpoint,0.732,open,C4,-8.5,below primo,-8,-13,none,not assessed,short,step,-2,no,3,middle,no,no,no,
Sunless 01,1,4,4,A#3,58,ɑ,Bozeman baritone midpoint,1.098,open,D#4,-4.5,below primo,-1,-6,none,not assessed,short,leap-up,7,no,3,middle,no,no,no,
Sunless 01,1,4,5.5,F3,53,ɑ,Bozeman baritone midpoint,0.366,open,D#4,-9.5,below primo,-6,-11,none,not assessed,short,leap-down,-5,no,3,middle,no,no,no,
Sunless 01,1,4,6,F3,53,ɑ,Bozeman baritone midpoint,0.732,open,D#4,-9.5,below primo,-6,-11,none,not assessed,short,repeated,0,no,3,middle,no,no,no,
Sunless 01,1,5,1,G#3,56,e,Bozeman baritone midpoint,0.732,open,C4,-3.5,below primo,-3,-8,none,not assessed,short,leap-up,3,no,3,middle,no,no,no,
Sunless 01,1,5,2,D#3,51,ɪ,derived from Bozeman baritone,0.732,open,C4,-9.04,below primo,-8,-13,none,not assessed,short,leap-down,-5,no,3,middle,no,no,no,
Sunless 01,1,5,3,D3,50,ɑ,Bozeman baritone midpoint,0.732,open,D#4,-12.5,below primo,-9,-14,none,not assessed,short,step,-1,no,3,middle,no,no,no,
Sunless 01,1,5,4,F#3,54,ɛ,Bozeman baritone midpoint,1.098,open,D4,-7.5,below primo,-5,-10,3,not assessed,short,leap-up,4,no,3,middle,no,no,no,
Sunless 01,1,5,5.5,D#3,51,ɑ,Bozeman baritone midpoint,0.366,open,D#4,-11.5,below primo,-8,-13,4,not assessed,short,leap-down,-3,no,3,middle,no,no,no,
Sunless 01,1,5,6,D#3,51,ɑ,Bozeman baritone midpoint,0.366,open,D#4,-11.5,below primo,-8,-13,4,not assessed,short,repeated,0,no,3,last,no,no,no,
Sunless 01,1,6,1,A#3,58,u,Bozeman baritone midpoint,0.732,close,E3,5.5,below primo,-1,-6,none,not assessed,short,leap-up,7,yes,4,first,yes,no,no,highest of phrase
Sunless 01,1,6,2,G3,55,ɑ,Bozeman baritone midpoint,0.366,open,D#4,-7.5,below primo,-4,-9,3,not assessed,short,leap-down,-3,no,4,last,no,no,no,
Sunless 01,1,6,3,A#3,58,u,Bozeman baritone midpoint,0.732,close,E3,5.5,below primo,-1,-6,none,not assessed,short,leap-up,3,yes,5,first,no,no,no,
Sunless 01,1,6,4,D#4,63,o,Bozeman baritone midpoint,1.098,close,C4,3.5,inside,4,-1,none,not assessed,short,leap-up,5,no,5,middle,yes,yes,yes,highest of phrase
Sunless 01,1,6,5.5,A3,57,ɑ,Bozeman baritone midpoint,0.366,open,D#4,-5.5,below primo,-2,-7,none,not assessed,short,leap-down,-6,no,5,middle,no,no,no,
Sunless 01,1,6,6,A3,57,ɑ,Bozeman baritone midpoint,0.366,open,D#4,-5.5,below primo,-2,-7,none,not assessed,short,repeated,0,no,5,last,no,no,no,
Sunless 01,1,7,1,G#3,56,e,Bozeman baritone midpoint,0.732,open,C4,-3.5,below primo,-3,-8,none,not assessed,short,step,-1,yes,6,first,no,no,no,
Sunless 01,1,7,2,G#3,56,ɑ,Bozeman baritone midpoint,0.732,open,D#4,-6.5,below primo,-3,-8,none,not assessed,short,repeated,0,no,6,middle,no,no,no,
Sunless 01,1,7,3,G#3,56,u,Bozeman baritone midpoint,0.732,close,E3,3.5,below primo,-3,-8,none,not assessed,short,repeated,0,no,6,middle,no,no,no,
Sunless 01,1,7,4,B3,59,ɨ,derived from Bozeman baritone,1.098,close,A#3,1.11,inside,0,-5,none,not assessed,short,leap-up,3,no,6,middle,yes,no,no,highest of phrase; turning pitch 0 to 2 st below
Sunless 01,1,7,5.5,D#3,51,ɑ,Bozeman baritone midpoint,0.366,open,D#4,-11.5,below primo,-8,-13,4,not assessed,short,leap-down,-8,no,6,middle,no,no,no,
Sunless 01,1,7,6,D#3,51,ɑ,Bozeman baritone midpoint,0.366,open,D#4,-11.5,below primo,-8,-13,4,not assessed,short,repeated,0,no,6,last,no,no,no,
Sunless 01,1,8,1,F3,53,u,Bozeman baritone midpoint,0.732,close,E3,0.5,below primo,-6,-11,none,not assessed,short,step,2,yes,7,first,no,no,no,turning pitch 0 to 2 st below
Sunless 01,1,8,2,D3,50,ɪ,derived from Bozeman baritone,0.732,open,C4,-10.04,below primo,-9,-14,none,not assessed,short,leap-down,-3,no,7,middle,no,no,no,
Sunless 01,1,8,3,D#3,51,ɪ,derived from Bozeman baritone,0.732,open,C4,-9.04,below primo,-8,-13,none,not assessed,short,step,1,no,7,middle,no,no,no,
Sunless 01,1,8,4,G3,55,ɛ,Bozeman baritone midpoint,0.732,open,D4,-6.5,below primo,-4,-9,none,not assessed,short,leap-up,4,no,7,middle,yes,no,no,highest of phrase
Sunless 01,1,8,5,D#3,51,ɨ,derived from Bozeman baritone,0.366,open,A#3,-6.89,below primo,-8,-13,3,not assessed,short,leap-down,-4,no,7,last,no,no,no,
Sunless 01,1,8,6.5,D3,50,ɑ,Bozeman baritone midpoint,0.366,open,D#4,-12.5,below primo,-9,-14,none,not assessed,short,step,-1,yes,8,first,no,no,no,
Sunless 01,1,9,1,F3,53,ɛ,Bozeman baritone midpoint,0.732,open,D4,-8.5,below primo,-6,-11,none,not assessed,short,leap-up,3,no,8,middle,no,no,no,
Sunless 01,1,9,2,D3,50,ɑ,Bozeman baritone midpoint,0.732,open,D#4,-12.5,below primo,-9,-14,none,not assessed,short,leap-down,-3,no,8,middle,no,no,no,
Sunless 01,1,9,3,D#3,51,ɑ,Bozeman baritone midpoint,0.732,open,D#4,-11.5,below primo,-8,-13,4,not assessed,short,step,1,no,8,middle,no,no,no,
Sunless 01,1,9,4,A#3,58,ɛ,Bozeman baritone midpoint,1.098,open,D4,-3.5,below primo,-1,-6,none,not assessed,short,leap-up,7,no,8,middle,yes,no,no,highest of phrase
Sunless 01,1,9,5.5,G3,55,ɑ,Bozeman baritone midpoint,0.366,open,D#4,-7.5,below primo,-4,-9,3,not assessed,short,leap-down,-3,no,8,middle,no,no,no,
Sunless 01,1,9,6,G3,55,ɑ,Bozeman baritone midpoint,0.366,open,D#4,-7.5,below primo,-4,-9,3,not assessed,short,repeated,0,no,8,last,no,no,no,
Sunless 01,1,10,1,B3,59,ɨ,derived from Bozeman baritone,0.732,close,A#3,1.11,inside,0,-5,none,not assessed,short,leap-up,4,yes,9,first,no,no,no,turning pitch 0 to 2 st below
Sunless 01,1,10,2,F3,53,ɨ,derived from Bozeman baritone,0.732,open,A#3,-4.89,below primo,-6,-11,none,not assessed,short,leap-down,-6,no,9,middle,no,no,no,
Sunless 01,1,10,3,F#3,54,ɑ,Bozeman baritone midpoint,0.732,open,D#4,-8.5,below primo,-5,-10,none,not assessed,short,step,1,no,9,middle,no,no,no,
Sunless 01,1,10,4,G#3,56,o,Bozeman baritone midpoint,0.732,open,C4,-3.5,below primo,-3,-8,none,not assessed,short,step,2,no,9,middle,no,no,no,
Sunless 01,1,10,5,A#3,58,ʌ,derived from Bozeman baritone,0.732,open,D#4,-4.5,below primo,-1,-6,none,not assessed,short,step,2,no,9,middle,no,no,no,
Sunless 01,1,10,6,B3,59,ɑ,Bozeman baritone midpoint,0.732,open,D#4,-3.5,inside,0,-5,none,not assessed,short,step,1,no,9,middle,no,no,no,
Sunless 01,1,11,1,C#4,61,e,Bozeman baritone midpoint,0.732,close,C4,1.5,inside,2,-3,none,not assessed,short,step,2,no,9,middle,yes,no,no,highest of phrase; turning pitch 0 to 2 st below
Sunless 01,1,11,2,B3,59,ɪ,derived from Bozeman baritone,0.732,open,C4,-1.04,inside,0,-5,none,not assessed,short,step,-2,no,9,middle,no,no,no,
Sunless 01,1,11,3,C#4,61,ɑ,Bozeman baritone midpoint,0.732,open,D#4,-1.5,inside,2,-3,none,not assessed,short,step,2,no,9,middle,yes,no,no,highest of phrase
Sunless 01,1,11,4,A3,57,e,Bozeman baritone midpoint,1.098,open,C4,-2.5,below primo,-2,-7,none,not assessed,short,leap-down,-4,no,9,middle,no,no,no,
Sunless 01,1,11,5.5,A3,57,i,Bozeman baritone midpoint,0.366,close,E3,4.5,below primo,-2,-7,none,not assessed,short,repeated,0,no,9,middle,no,no,no,
Sunless 01,1,11,6,A3,57,ɪ,derived from Bozeman baritone,0.366,open,C4,-3.04,below primo,-2,-7,none,not assessed,short,repeated,0,no,9,last,no,no,no,
Sunless 01,1,12,1,G#3,56,o,Bozeman baritone midpoint,0.732,open,C4,-3.5,below primo,-3,-8,none,not assessed,short,step,-1,yes,10,first,no,no,no,
Sunless 01,1,12,2,F3,53,ɪ,derived from Bozeman baritone,0.732,open,C4,-7.04,below primo,-6,-11,3,not assessed,short,leap-down,-3,no,10,middle,no,no,no,
Sunless 01,1,12,3,G#3,56,ɑ,Bozeman baritone midpoint,0.732,open,D#4,-6.5,below primo,-3,-8,none,not assessed,short,leap-up,3,no,10,middle,no,no,no,
Sunless 01,1,12,4,B3,59,i,Bozeman baritone midpoint,0.732,close,E3,6.5,inside,0,-5,none,not assessed,short,leap-up,3,no,10,middle,yes,no,no,highest of phrase
Sunless 01,1,12,5,G#3,56,ɨ,derived from Bozeman baritone,0.366,open,A#3,-1.89,below primo,-3,-8,none,not assessed,short,leap-down,-3,no,10,last,no,no,no,
Sunless 01,1,12,6,G#3,56,ɑ,Bozeman baritone midpoint,0.732,open,D#4,-6.5,below primo,-3,-8,none,not assessed,short,repeated,0,yes,11,first,no,no,no,
Sunless 01,1,13,1,F3,53,ɑ,Bozeman baritone midpoint,0.732,open,D#4,-9.5,below primo,-6,-11,none,not assessed,short,leap-down,-3,no,11,middle,no,no,no,
Sunless 01,1,13,2,D#3,51,ɪ,derived from Bozeman baritone,0.732,open,C4,-9.04,below primo,-8,-13,none,not assessed,short,step,-2,no,11,middle,no,no,no,
Sunless 01,1,13,3,F3,53,ɑ,Bozeman baritone midpoint,0.732,open,D#4,-9.5,below primo,-6,-11,none,not assessed,short,step,2,no,11,middle,no,no,no,
Sunless 01,1,13,4,B3,59,o,Bozeman baritone midpoint,1.098,open,C4,-0.5,inside,0,-5,none,not assessed,short,leap-up,6,no,11,middle,yes,no,no,highest of phrase
Sunless 01,1,13,5.5,G#3,56,ʌ,derived from Bozeman baritone,0.366,open,D#4,-6.5,below primo,-3,-8,none,not assessed,short,leap-down,-3,no,11,middle,no,no,no,
Sunless 01,1,13,6,G#3,56,ɪ,derived from Bozeman baritone,0.366,open,C4,-4.04,below primo,-3,-8,none,not assessed,short,repeated,0,no,11,last,no,no,no,
Sunless 01,1,14,1,B3,59,o,Bozeman baritone midpoint,0.732,open,C4,-0.5,inside,0,-5,none,not assessed,short,leap-up,3,yes,12,first,no,no,no,
Sunless 01,1,14,2,A#3,58,ʌ,derived from Bozeman baritone,0.732,open,D#4,-4.5,below primo,-1,-6,none,not assessed,short,step,-1,no,12,middle,no,no,no,
Sunless 01,1,14,3,G#3,56,ɑ,Bozeman baritone midpoint,0.732,open,D#4,-6.5,below primo,-3,-8,none,not assessed,short,step,-2,no,12,middle,no,no,no,
Sunless 01,1,14,4,B3,59,e,Bozeman baritone midpoint,1.098,open,C4,-0.5,inside,0,-5,none,not assessed,short,leap-up,3,no,12,middle,no,no,no,
Sunless 01,1,14,5.5,A#3,58,i,Bozeman baritone midpoint,0.366,close,E3,5.5,below primo,-1,-6,none,not assessed,short,step,-1,no,12,middle,no,no,no,
Sunless 01,1,14,6,A#3,58,ɪ,derived from Bozeman baritone,0.732,open,C4,-2.04,below primo,-1,-6,none,not assessed,short,repeated,0,no,12,middle,no,no,no,
Sunless 01,1,15,1,B3,59,o,Bozeman baritone midpoint,0.732,open,C4,-0.5,inside,0,-5,none,not assessed,short,step,1,no,12,middle,no,no,no,
Sunless 01,1,15,2,A#3,58,ʌ,derived from Bozeman baritone,0.732,open,D#4,-4.5,below primo,-1,-6,none,not assessed,short,step,-1,no,12,middle,no,no,no,
Sunless 01,1,15,3,G#3,56,ɪ,derived from Bozeman baritone,0.732,open,C4,-4.04,below primo,-3,-8,none,not assessed,short,step,-2,no,12,middle,no,no,no,
Sunless 01,1,15,4,D4,62,e,Bozeman baritone midpoint,1.098,close,C4,2.5,inside,3,-2,none,not assessed,short,leap-up,6,no,12,middle,yes,no,no,highest of phrase
Sunless 01,1,15,5.5,A#3,58,i,Bozeman baritone midpoint,0.366,close,E3,5.5,below primo,-1,-6,none,not assessed,short,leap-down,-4,no,12,middle,no,no,no,
Sunless 01,1,15,6,A#3,58,ɪ,derived from Bozeman baritone,0.366,open,C4,-2.04,below primo,-1,-6,none,not assessed,short,repeated,0,no,12,last,no,no,no,
Sunless 01,1,16,1,A#3,58,o,Bozeman baritone midpoint,1.098,open,C4,-1.5,below primo,-1,-6,none,not assessed,short,repeated,0,yes,13,first,yes,no,no,highest of phrase
Sunless 01,1,16,2.5,F#3,54,ɑ,Bozeman baritone midpoint,0.366,open,D#4,-8.5,below primo,-5,-10,none,not assessed,short,leap-down,-4,no,13,middle,no,no,no,
Sunless 01,1,16,3,F#3,54,ɑ,Bozeman baritone midpoint,0.366,open,D#4,-8.5,below primo,-5,-10,none,not assessed,short,repeated,0,no,13,last,no,no,no,
Sunless 01,1,16,4,G#3,56,o,Bozeman baritone midpoint,0.732,open,C4,-3.5,below primo,-3,-8,none,not assessed,short,step,2,yes,14,first,yes,no,no,highest of phrase
Sunless 01,1,16,5,D#3,51,ɑ,Bozeman baritone midpoint,0.732,open,D#4,-11.5,below primo,-8,-13,4,not assessed,short,leap-down,-5,no,14,middle,no,no,no,
Sunless 01,1,16,6,D#3,51,ɑ,Bozeman baritone midpoint,0.366,open,D#4,-11.5,below primo,-8,-13,4,not assessed,short,repeated,0,no,14,last,no,no,no,
Sunless 01,1,17,1,F3,53,o,Bozeman baritone midpoint,1.463,open,C4,-6.5,below primo,-6,-11,none,not assessed,short,step,2,yes,15,only,yes,no,no,highest of phrase
Sunless 01,1,17,4,F3,53,ʌ,derived from Bozeman baritone,1.098,open,D#4,-9.5,below primo,-6,-11,none,not assessed,short,repeated,0,yes,16,first,no,no,no,
Sunless 01,1,17,5.5,F3,53,i,Bozeman baritone midpoint,1.098,close,E3,0.5,below primo,-6,-11,none,not assessed,short,repeated,0,no,16,middle,no,no,no,turning pitch 0 to 2 st below
Sunless 01,1,18,1,G3,55,o,Bozeman baritone midpoint,1.098,open,C4,-4.5,below primo,-4,-9,none,not assessed,short,step,2,no,16,middle,yes,no,no,highest of phrase
Sunless 01,1,18,2.5,D#3,51,ɑ,Bozeman baritone midpoint,0.366,open,D#4,-11.5,below primo,-8,-13,4,not assessed,short,leap-down,-4,no,16,middle,no,no,no,
Sunless 01,1,18,3,D#3,51,ɑ,Bozeman baritone midpoint,0.732,open,D#4,-11.5,below primo,-8,-13,4,not assessed,short,repeated,0,no,16,last,no,no,no,
Sunless 02,2,1,2.5,C4,60,i,Bozeman baritone midpoint,0.25,close,E3,7.5,inside,1,-4,none,not assessed,short,first note,,,0,first,yes,no,no,highest of phrase
Sunless 02,2,2,1,B3,59,ɑ,Bozeman baritone midpoint,0.25,open,D#4,-3.5,inside,0,-5,none,not assessed,short,step,-1,no,0,last,no,no,no,
Sunless 02,2,2,2,G#3,56,ɨ,derived from Bozeman baritone,0.375,open,A#3,-1.89,below primo,-3,-8,none,not assessed,short,leap-down,-3,yes,1,first,yes,no,no,highest of phrase
Sunless 02,2,2,2.75,E3,52,ɑ,Bozeman baritone midpoint,0.125,open,D#4,-10.5,below primo,-7,-12,none,not assessed,short,leap-down,-4,no,1,middle,no,no,no,
Sunless 02,2,2,3,D#3,51,ɛ,Bozeman baritone midpoint,0.5,open,D4,-10.5,below primo,-8,-13,none,not assessed,short,step,-1,no,1,middle,no,no,no,
Sunless 02,2,2,4,E3,52,ɪ,derived from Bozeman baritone,0.25,open,C4,-8.04,below primo,-7,-12,none,not assessed,short,step,1,no,1,middle,no,no,no,
Sunless 02,2,2,4.5,E3,52,u,Bozeman baritone midpoint,0.25,open,E3,-0.5,below primo,-7,-12,none,not assessed,short,repeated,0,no,1,middle,no,no,no,
Sunless 02,2,3,1,G#3,56,ɑ,Bozeman baritone midpoint,0.5,open,D#4,-6.5,below primo,-3,-8,none,not assessed,short,leap-up,4,no,1,middle,yes,no,no,highest of phrase
Sunless 02,2,3,2,E3,52,ɑ,Bozeman baritone midpoint,0.25,open,D#4,-10.5,below primo,-7,-12,none,not assessed,short,leap-down,-4,no,1,last,no,no,no,
Sunless 02,2,3,2.75,E3,52,o,Bozeman baritone midpoint,0.125,open,C4,-7.5,below primo,-7,-12,3,not assessed,short,repeated,0,yes,2,first,no,no,no,
Sunless 02,2,3,3,G3,55,ɑ,Bozeman baritone midpoint,0.167,open,D#4,-7.5,below primo,-4,-9,3,not assessed,short,leap-up,3,no,2,middle,yes,no,no,highest of phrase
Sunless 02,2,3,3.333,E3,52,ɪ,derived from Bozeman baritone,0.167,open,C4,-8.04,below primo,-7,-12,none,not assessed,short,leap-down,-3,no,2,middle,no,no,no,
Sunless 02,2,3,3.667,G3,55,ɑ,Bozeman baritone midpoint,0.167,open,D#4,-7.5,below primo,-4,-9,3,not assessed,short,leap-up,3,no,2,middle,yes,no,no,highest of phrase
Sunless 02,2,3,4,F#3,54,ɑ,Bozeman baritone midpoint,0.167,open,D#4,-8.5,below primo,-5,-10,none,not assessed,short,step,-1,no,2,middle,no,no,no,
Sunless 02,2,3,4.333,F#3,54,i,Bozeman baritone midpoint,0.167,close,E3,1.5,below primo,-5,-10,none,not assessed,short,repeated,0,no,2,middle,no,no,no,turning pitch 0 to 2 st below
Sunless 02,2,3,4.667,G3,55,ɪ,derived from Bozeman baritone,0.167,open,C4,-5.04,below primo,-4,-9,none,not assessed,short,step,1,no,2,middle,yes,no,no,highest of phrase
Sunless 02,2,4,1,E3,52,o,Bozeman baritone midpoint,0.25,open,C4,-7.5,below primo,-7,-12,3,not assessed,short,leap-down,-3,no,2,last,no,no,no,
Sunless 02,2,4,2,E3,52,o,Bozeman baritone midpoint,0.5,open,C4,-7.5,below primo,-7,-12,3,not assessed,short,repeated,0,yes,3,first,no,no,no,
Sunless 02,2,4,3,D#3,51,u,Bozeman baritone midpoint,0.5,open,E3,-1.5,below primo,-8,-13,none,not assessed,short,step,-1,no,3,middle,no,no,no,
Sunless 02,2,4,4,D#3,51,ʌ,derived from Bozeman baritone,0.375,open,D#4,-11.5,below primo,-8,-13,4,not assessed,short,repeated,0,no,3,middle,no,no,no,
Sunless 02,2,4,4.75,D#3,51,i,Bozeman baritone midpoint,0.125,open,E3,-1.5,below primo,-8,-13,none,not assessed,short,repeated,0,no,3,middle,no,no,no,
Sunless 02,2,5,1,A3,57,ɑ,Bozeman baritone midpoint,0.5,open,D#4,-5.5,below primo,-2,-7,none,not assessed,short,leap-up,6,no,3,middle,yes,no,no,highest of phrase
Sunless 02,2,5,2,D3,50,ʌ,derived from Bozeman baritone,0.375,open,D#4,-12.5,below primo,-9,-14,none,not assessed,short,leap-down,-7,no,3,middle,no,no,no,
Sunless 02,2,5,2.75,D3,50,ɛ,Bozeman baritone midpoint,0.125,open,D4,-11.5,below primo,-9,-14,4,not assessed,short,repeated,0,no,3,middle,no,no,no,
Sunless 02,2,5,3,C#3,49,ɑ,Bozeman baritone midpoint,0.5,open,D#4,-13.5,below primo,-10,-15,none,not assessed,short,step,-1,no,3,middle,no,no,no,
Sunless 02,2,5,4,B2,47,ʌ,derived from Bozeman baritone,0.25,open,D#4,-15.5,below primo,-12,-17,5,not assessed,short,step,-2,no,3,last,no,no,no,
Sunless 02,2,5,4.75,B2,47,ɑ,Bozeman baritone midpoint,0.125,open,D#4,-15.5,below primo,-12,-17,5,not assessed,short,repeated,0,yes,4,first,no,no,no,
Sunless 02,2,6,1,E3,52,ɑ,Bozeman baritone midpoint,0.167,open,D#4,-10.5,below primo,-7,-12,none,not assessed,short,leap-up,5,no,4,middle,no,no,no,
Sunless 02,2,6,1.333,F#3,54,u,Bozeman baritone midpoint,0.167,close,E3,1.5,below primo,-5,-10,none,not assessed,short,step,2,no,4,middle,no,no,no,turning pitch 0 to 2 st below
Sunless 02,2,6,1.667,E3,52,ɑ,Bozeman baritone midpoint,0.167,open,D#4,-10.5,below primo,-7,-12,none,not assessed,short,step,-2,no,4,middle,no,no,no,
Sunless 02,2,6,2,C4,60,i,Bozeman baritone midpoint,0.167,close,E3,7.5,inside,1,-4,none,not assessed,short,leap-up,8,no,4,middle,yes,no,no,highest of phrase
Sunless 02,2,6,2.333,E3,52,ɑ,Bozeman baritone midpoint,0.167,open,D#4,-10.5,below primo,-7,-12,none,not assessed,short,leap-down,-8,no,4,middle,no,no,no,
Sunless 02,2,6,2.667,F#3,54,ɪ,derived from Bozeman baritone,0.167,open,C4,-6.04,below primo,-5,-10,none,not assessed,short,step,2,no,4,middle,no,no,no,
Sunless 02,2,6,3,G3,55,o,Bozeman baritone midpoint,0.5,open,C4,-4.5,below primo,-4,-9,none,not assessed,short,step,1,no,4,last,no,no,no,
Sunless 02,2,6,4.5,G3,55,o,Bozeman baritone midpoint,0.25,open,C4,-4.5,below primo,-4,-9,none,not assessed,short,repeated,0,yes,5,first,no,no,no,
Sunless 02,2,7,1,A3,57,ɨ,derived from Bozeman baritone,0.167,open,A#3,-0.89,below primo,-2,-7,none,not assessed,short,step,2,no,5,middle,no,no,no,
Sunless 02,2,7,1.333,E3,52,ʌ,derived from Bozeman baritone,0.167,open,D#4,-10.5,below primo,-7,-12,none,not assessed,short,leap-down,-5,no,5,middle,no,no,no,
Sunless 02,2,7,1.667,F#3,54,ɑ,Bozeman baritone midpoint,0.167,open,D#4,-8.5,below primo,-5,-10,none,not assessed,short,step,2,no,5,middle,no,no,no,
Sunless 02,2,7,2,A3,57,o,Bozeman baritone midpoint,0.167,open,C4,-2.5,below primo,-2,-7,none,not assessed,short,leap-up,3,no,5,middle,no,no,no,
Sunless 02,2,7,2.333,F#3,54,i,Bozeman baritone midpoint,0.167,close,E3,1.5,below primo,-5,-10,none,not assessed,short,leap-down,-3,no,5,middle,no,no,no,turning pitch 0 to 2 st below
Sunless 02,2,7,2.667,A3,57,ɑ,Bozeman baritone midpoint,0.167,open,D#4,-5.5,below primo,-2,-7,none,not assessed,short,leap-up,3,no,5,middle,no,no,no,
Sunless 02,2,7,3,B3,59,e,Bozeman baritone midpoint,0.25,open,C4,-0.5,inside,0,-5,none,not assessed,short,step,2,no,5,middle,yes,no,no,highest of phrase
Sunless 02,2,7,3.5,F#3,54,ɪ,derived from Bozeman baritone,0.25,open,C4,-6.04,below primo,-5,-10,none,not assessed,short,leap-down,-5,no,5,last,no,no,no,
Sunless 02,2,7,4.75,B3,59,o,Bozeman baritone midpoint,0.125,open,C4,-0.5,inside,0,-5,none,not assessed,short,leap-up,5,yes,6,first,no,no,no,
Sunless 02,2,8,1,C4,60,e,Bozeman baritone midpoint,0.5,close,C4,0.5,inside,1,-4,none,not assessed,short,step,1,no,6,middle,yes,no,no,highest of phrase; turning pitch 0 to 2 st below
Sunless 02,2,8,2,G3,55,ɛ,Bozeman baritone midpoint,0.25,open,D4,-6.5,below primo,-4,-9,none,not assessed,short,leap-down,-5,no,6,last,no,no,no,
Sunless 02,2,8,2.75,G3,55,ɑ,Bozeman baritone midpoint,0.125,open,D#4,-7.5,below primo,-4,-9,3,not assessed,short,repeated,0,yes,7,first,no,no,no,
Sunless 02,2,8,3,A3,57,o,Bozeman baritone midpoint,0.167,open,C4,-2.5,below primo,-2,-7,none,not assessed,short,step,2,no,7,middle,no,no,no,
Sunless 02,2,8,3.333,E3,52,i,Bozeman baritone midpoint,0.167,open,E3,-0.5,below primo,-7,-12,none,not assessed,short,leap-down,-5,no,7,middle,no,no,no,
Sunless 02,2,8,3.667,F#3,54,i,Bozeman baritone midpoint,0.167,close,E3,1.5,below primo,-5,-10,none,not assessed,short,step,2,no,7,middle,no,no,no,turning pitch 0 to 2 st below
Sunless 02,2,8,4,C4,60,o,Bozeman baritone midpoint,0.5,close,C4,0.5,inside,1,-4,none,not assessed,short,leap-up,6,no,7,middle,no,no,no,turning pitch 0 to 2 st below
Sunless 02,2,9,1,F4,65,e,Bozeman baritone midpoint,0.5,close,C4,5.5,above secondo,6,1,none,not assessed,short,leap-up,5,no,7,middle,yes,yes,yes,highest of phrase
Sunless 02,2,9,2,E4,64,o,Bozeman baritone midpoint,0.167,close,C4,4.5,inside,5,0,none,not assessed,short,step,-1,no,7,middle,no,yes,no,
Sunless 02,2,9,2.333,D#4,63,ʌ,derived from Bozeman baritone,0.167,close,D#4,0.5,inside,4,-1,none,not assessed,short,step,-1,no,7,middle,no,yes,yes,turning pitch 0 to 2 st below
Sunless 02,2,9,2.667,E4,64,u,Bozeman baritone midpoint,0.167,crossing,E3,11.5,inside,5,0,none,not assessed,short,step,1,no,7,middle,no,yes,yes,crossing
Sunless 02,2,9,3,D4,62,i,Bozeman baritone midpoint,0.333,close,E3,9.5,inside,3,-2,none,not assessed,short,step,-2,no,7,middle,no,no,no,
Sunless 02,2,9,3.667,C#4,61,ʌ,derived from Bozeman baritone,0.333,open,D#4,-1.5,inside,2,-3,none,not assessed,short,step,-1,no,7,middle,no,no,no,
Sunless 02,2,9,4.333,A3,57,ɑ,Bozeman baritone midpoint,0.333,open,D#4,-5.5,below primo,-2,-7,none,not assessed,short,leap-down,-4,no,7,middle,no,no,no,
Sunless 02,2,10,1,C4,60,e,Bozeman baritone midpoint,0.5,close,C4,0.5,inside,1,-4,none,not assessed,short,leap-up,3,no,7,middle,no,no,no,turning pitch 0 to 2 st below
Sunless 02,2,10,2,A#3,58,ɪ,derived from Bozeman baritone,0.25,open,C4,-2.04,below primo,-1,-6,none,not assessed,short,step,-2,no,7,last,no,no,no,
Sunless 02,2,10,3,C4,60,u,Bozeman baritone midpoint,1,close,E3,7.5,inside,1,-4,none,not assessed,short,step,2,yes,8,first,yes,no,no,highest of phrase
Sunless 02,2,11,1,B3,59,o,Bozeman baritone midpoint,0.5,open,C4,-0.5,inside,0,-5,none,not assessed,short,step,-1,no,8,middle,no,no,no,
Sunless 02,2,11,2,G3,55,i,Bozeman baritone midpoint,0.25,close,E3,2.5,below primo,-4,-9,none,not assessed,short,leap-down,-4,no,8,last,no,no,no,
Sunless 02,2,11,2.75,E3,52,ɑ,Bozeman baritone midpoint,0.125,open,D#4,-10.5,below primo,-7,-12,none,not assessed,short,leap-down,-3,yes,9,first,no,no,no,
Sunless 02,2,11,3,D#3,51,e,Bozeman baritone midpoint,0.5,open,C4,-8.5,below primo,-8,-13,none,not assessed,short,step,-1,no,9,middle,no,no,no,
Sunless 02,2,11,4,E3,52,ɑ,Bozeman baritone midpoint,0.25,open,D#4,-10.5,below primo,-7,-12,none,not assessed,short,step,1,no,9,middle,no,no,no,
Sunless 02,2,11,4.5,E3,52,i,Bozeman baritone midpoint,0.25,open,E3,-0.5,below primo,-7,-12,none,not assessed,short,repeated,0,no,9,middle,no,no,no,
Sunless 02,2,12,1,C4,60,o,Bozeman baritone midpoint,0.5,close,C4,0.5,inside,1,-4,none,not assessed,short,leap-up,8,no,9,last,yes,no,no,highest of phrase; turning pitch 0 to 2 st below
Sunless 03,1,1,2,C#4,61,ɑ,Bozeman baritone midpoint,0.612,open,D#4,-1.5,inside,2,-3,none,not assessed,short,first note,,,0,first,yes,no,no,highest of phrase
Sunless 03,1,2,1,C#4,61,o,Bozeman baritone midpoint,0.918,close,C4,1.5,inside,2,-3,none,not assessed,short,repeated,0,no,0,middle,yes,no,no,highest of phrase; turning pitch 0 to 2 st below
Sunless 03,1,2,2.5,D#3,51,ɪ,derived from Bozeman baritone,0.306,open,C4,-9.04,below primo,-8,-13,none,not assessed,short,leap-down,-10,no,0,middle,no,no,no,
Sunless 03,1,2,3,F3,53,ɑ,Bozeman baritone midpoint,0.612,open,D#4,-9.5,below primo,-6,-11,none,not assessed,short,step,2,no,0,middle,no,no,no,
Sunless 03,1,2,4,C#3,49,ɨ,derived from Bozeman baritone,0.306,open,A#3,-8.89,below primo,-10,-15,none,not assessed,short,leap-down,-4,no,0,last,no,no,no,
Sunless 03,1,3,1,A3,57,u,Bozeman baritone midpoint,0.918,close,E3,4.5,below primo,-2,-7,none,not assessed,short,leap-up,8,yes,1,first,yes,no,no,highest of phrase
Sunless 03,1,3,2.5,A3,57,ɨ,derived from Bozeman baritone,0.306,open,A#3,-0.89,below primo,-2,-7,none,not assessed,short,repeated,0,no,1,middle,yes,no,no,highest of phrase
Sunless 03,1,3,3,G#3,56,e,Bozeman baritone midpoint,0.612,open,C4,-3.5,below primo,-3,-8,none,not assessed,short,step,-1,no,1,last,no,no,no,
Sunless 03,1,4,1.5,G#3,56,u,Bozeman baritone midpoint,0.306,close,E3,3.5,below primo,-3,-8,none,not assessed,short,repeated,0,yes,2,first,yes,no,no,highest of phrase
Sunless 03,1,4,2,G#3,56,ɑ,Bozeman baritone midpoint,0.306,open,D#4,-6.5,below primo,-3,-8,none,not assessed,short,repeated,0,no,2,middle,yes,no,no,highest of phrase
Sunless 03,1,4,2.5,G#3,56,ɑ,Bozeman baritone midpoint,0.306,open,D#4,-6.5,below primo,-3,-8,none,not assessed,short,repeated,0,no,2,middle,yes,no,no,highest of phrase
Sunless 03,1,4,3,C#3,49,ɨ,derived from Bozeman baritone,0.918,open,A#3,-8.89,below primo,-10,-15,none,not assessed,short,leap-down,-7,no,2,middle,no,no,no,
Sunless 03,1,4,4.5,C#3,49,u,Bozeman baritone midpoint,0.306,open,E3,-3.5,below primo,-10,-15,none,not assessed,short,repeated,0,no,2,middle,no,no,no,
Sunless 03,1,5,1,D#3,51,o,Bozeman baritone midpoint,0.612,open,C4,-8.5,below primo,-8,-13,none,not assessed,short,step,2,no,2,middle,no,no,no,
Sunless 03,1,5,2,D#3,51,u,Bozeman baritone midpoint,0.306,open,E3,-1.5,below primo,-8,-13,none,not assessed,short,repeated,0,no,2,last,no,no,no,
Sunless 03,1,5,3,F3,53,ɛ,Bozeman baritone midpoint,0.612,open,D4,-8.5,below primo,-6,-11,none,not assessed,short,step,2,yes,3,first,yes,no,no,highest of phrase
Sunless 03,1,5,4,C#3,49,ɪ,derived from Bozeman baritone,0.306,open,C4,-11.04,below primo,-10,-15,none,not assessed,short,leap-down,-4,no,3,last,no,no,no,
Sunless 03,1,6,1,A#3,58,o,Bozeman baritone midpoint,1.224,open,C4,-1.5,below primo,-1,-6,none,not assessed,short,leap-up,9,yes,4,first,yes,no,no,highest of phrase
Sunless 03,1,6,3,F#3,54,i,Bozeman baritone midpoint,0.612,close,E3,1.5,below primo,-5,-10,none,not assessed,short,leap-down,-4,no,4,middle,no,no,no,turning pitch 0 to 2 st below
Sunless 03,1,6,4,F#3,54,ʌ,derived from Bozeman baritone,0.306,open,D#4,-8.5,below primo,-5,-10,none,not assessed,short,repeated,0,no,4,last,no,no,no,
Sunless 03,1,7,1,F#3,54,ɑ,Bozeman baritone midpoint,0.459,open,D#4,-8.5,below primo,-5,-10,none,not assessed,short,repeated,0,yes,5,first,no,no,no,
Sunless 03,1,7,1.75,G3,55,ʌ,derived from Bozeman baritone,0.153,open,D#4,-7.5,below primo,-4,-9,3,not assessed,short,step,1,no,5,middle,no,no,no,
Sunless 03,1,7,2,A3,57,o,Bozeman baritone midpoint,0.306,open,C4,-2.5,below primo,-2,-7,none,not assessed,short,step,2,no,5,middle,no,no,no,
Sunless 03,1,7,2.5,D4,62,i,Bozeman baritone midpoint,0.306,close,E3,9.5,inside,3,-2,none,not assessed,short,leap-up,5,no,5,middle,yes,no,no,highest of phrase
Sunless 03,1,7,3,B3,59,e,Bozeman baritone midpoint,0.459,open,C4,-0.5,inside,0,-5,none,not assessed,short,leap-down,-3,no,5,middle,no,no,no,
Sunless 03,1,7,3.75,B3,59,ɑ,Bozeman baritone midpoint,0.153,open,D#4,-3.5,inside,0,-5,none,not assessed,short,repeated,0,no,5,middle,no,no,no,
Sunless 03,1,7,4,B3,59,i,Bozeman baritone midpoint,0.306,close,E3,6.5,inside,0,-5,none,not assessed,short,repeated,0,no,5,middle,no,no,no,
Sunless 03,1,7,4.5,B3,59,u,Bozeman baritone midpoint,0.306,close,E3,6.5,inside,0,-5,none,not assessed,short,repeated,0,no,5,middle,no,no,no,
Sunless 03,1,8,1,C4,60,a,derived from Bozeman baritone,0.918,open,F4,-4.92,inside,1,-4,none,not assessed,short,step,1,no,5,middle,no,no,no,
Sunless 03,1,8,2.5,G#3,56,u,Bozeman baritone midpoint,0.306,close,E3,3.5,below primo,-3,-8,none,not assessed,short,leap-down,-4,no,5,middle,no,no,no,
Sunless 03,1,8,3,G#3,56,u,Bozeman baritone midpoint,0.612,close,E3,3.5,below primo,-3,-8,none,not assessed,short,repeated,0,no,5,middle,no,no,no,
Sunless 03,1,8,4,G#3,56,ɑ,Bozeman baritone midpoint,0.612,open,D#4,-6.5,below primo,-3,-8,none,not assessed,short,repeated,0,no,5,middle,no,no,no,
Sunless 03,1,9,1,G#3,56,ɛ,Bozeman baritone midpoint,0.612,open,D4,-5.5,below primo,-3,-8,none,not assessed,short,repeated,0,no,5,middle,no,no,no,
Sunless 03,1,9,2,C#3,49,ɪ,derived from Bozeman baritone,0.612,open,C4,-11.04,below primo,-10,-15,none,not assessed,short,leap-down,-7,no,5,last,no,no,no,
Sunless 03,1,9,4.5,C#4,61,o,Bozeman baritone midpoint,0.306,close,C4,1.5,inside,2,-3,none,not assessed,short,leap-up,12,yes,6,first,yes,no,no,highest of phrase; turning pitch 0 to 2 st below
Sunless 03,1,10,1,A3,57,o,Bozeman baritone midpoint,0.918,open,C4,-2.5,below primo,-2,-7,none,not assessed,short,leap-down,-4,no,6,middle,no,no,no,
Sunless 03,1,10,2.5,C3,48,ɑ,Bozeman baritone midpoint,0.306,open,D#4,-14.5,below primo,-11,-16,none,not assessed,short,leap-down,-9,no,6,middle,no,no,no,
Sunless 03,1,10,3,D#3,51,ɑ,Bozeman baritone midpoint,0.306,open,D#4,-11.5,below primo,-8,-13,4,not assessed,short,leap-up,3,no,6,middle,no,no,no,
Sunless 03,1,10,3.5,A3,57,ɑ,Bozeman baritone midpoint,0.306,open,D#4,-5.5,below primo,-2,-7,none,not assessed,short,leap-up,6,no,6,middle,no,no,no,
Sunless 03,1,10,4,G#3,56,i,Bozeman baritone midpoint,0.306,close,E3,3.5,below primo,-3,-8,none,not assessed,short,step,-1,no,6,middle,no,no,no,
Sunless 03,1,10,4.5,F#3,54,ɪ,derived from Bozeman baritone,0.306,open,C4,-6.04,below primo,-5,-10,none,not assessed,short,step,-2,no,6,middle,no,no,no,
Sunless 03,1,11,1,F3,53,ɨ,derived from Bozeman baritone,0.306,open,A#3,-4.89,below primo,-6,-11,none,not assessed,short,step,-1,no,6,last,no,no,no,
Sunless 03,1,11,3.5,F3,53,i,Bozeman baritone midpoint,0.306,close,E3,0.5,below primo,-6,-11,none,not assessed,short,repeated,0,yes,7,first,no,no,no,turning pitch 0 to 2 st below
Sunless 03,1,11,4,F3,53,i,Bozeman baritone midpoint,0.306,close,E3,0.5,below primo,-6,-11,none,not assessed,short,repeated,0,no,7,middle,no,no,no,turning pitch 0 to 2 st below
Sunless 03,1,11,4.5,G#3,56,u,Bozeman baritone midpoint,0.306,close,E3,3.5,below primo,-3,-8,none,not assessed,short,leap-up,3,no,7,middle,no,no,no,
Sunless 03,1,12,1,G3,55,ɑ,Bozeman baritone midpoint,0.918,open,D#4,-7.5,below primo,-4,-9,3,not assessed,short,step,-1,no,7,middle,no,no,no,
Sunless 03,1,12,2.5,G3,55,i,Bozeman baritone midpoint,0.306,close,E3,2.5,below primo,-4,-9,none,not assessed,short,repeated,0,no,7,middle,no,no,no,
Sunless 03,1,12,3,C4,60,o,Bozeman baritone midpoint,0.918,close,C4,0.5,inside,1,-4,none,not assessed,short,leap-up,5,no,7,middle,yes,no,no,highest of phrase; turning pitch 0 to 2 st below
Sunless 03,1,12,4.5,A#3,58,i,Bozeman baritone midpoint,0.306,close,E3,5.5,below primo,-1,-6,none,not assessed,short,step,-2,no,7,middle,no,no,no,
Sunless 03,1,13,1,G#3,56,i,Bozeman baritone midpoint,0.612,close,E3,3.5,below primo,-3,-8,none,not assessed,short,step,-2,no,7,middle,no,no,no,
Sunless 03,1,13,2,G3,55,ɨ,derived from Bozeman baritone,0.306,open,A#3,-2.89,below primo,-4,-9,none,not assessed,short,step,-1,no,7,last,no,no,no,
Sunless 03,1,13,3.5,F#3,54,ʌ,derived from Bozeman baritone,0.306,open,D#4,-8.5,below primo,-5,-10,none,not assessed,short,step,-1,yes,8,first,no,no,no,
Sunless 03,1,13,4,F3,53,ʌ,derived from Bozeman baritone,0.306,open,D#4,-9.5,below primo,-6,-11,none,not assessed,short,step,-1,no,8,middle,no,no,no,
Sunless 03,1,13,4.5,F3,53,ɑ,Bozeman baritone midpoint,0.306,open,D#4,-9.5,below primo,-6,-11,none,not assessed,short,repeated,0,no,8,middle,no,no,no,
Sunless 03,1,14,1,E3,52,e,Bozeman baritone midpoint,0.306,open,C4,-7.5,below primo,-7,-12,3,not assessed,short,step,-1,no,8,middle,no,no,no,
Sunless 03,1,14,1.5,E3,52,i,Bozeman baritone midpoint,0.306,open,E3,-0.5,below primo,-7,-12,none,not assessed,short,repeated,0,no,8,middle,no,no,no,
Sunless 03,1,14,2,G3,55,ɪ,derived from Bozeman baritone,0.306,open,C4,-5.04,below primo,-4,-9,none,not assessed,short,leap-up,3,no,8,middle,no,no,no,
Sunless 03,1,14,2.5,G3,55,e,Bozeman baritone midpoint,0.306,open,C4,-4.5,below primo,-4,-9,none,not assessed,short,repeated,0,no,8,middle,no,no,no,
Sunless 03,1,14,3,A3,57,i,Bozeman baritone midpoint,0.306,close,E3,4.5,below primo,-2,-7,none,not assessed,short,step,2,no,8,last,yes,no,no,highest of phrase
Sunless 03,1,14,4,A3,57,ɑ,Bozeman baritone midpoint,0.612,open,D#4,-5.5,below primo,-2,-7,none,not assessed,short,repeated,0,yes,9,first,no,no,no,
Sunless 03,1,15,1,B3,59,o,Bozeman baritone midpoint,0.918,open,C4,-0.5,inside,0,-5,none,not assessed,short,step,2,no,9,middle,no,no,no,
Sunless 03,1,15,2.5,B3,59,u,Bozeman baritone midpoint,0.306,close,E3,6.5,inside,0,-5,none,not assessed,short,repeated,0,no,9,middle,no,no,no,
Sunless 03,1,15,3,C4,60,ɑ,Bozeman baritone midpoint,0.459,open,D#4,-2.5,inside,1,-4,none,not assessed,short,step,1,no,9,middle,yes,no,no,highest of phrase
Sunless 03,1,15,3.75,G#3,56,ɪ,derived from Bozeman baritone,0.153,open,C4,-4.04,below primo,-3,-8,none,not assessed,short,leap-down,-4,no,9,middle,no,no,no,
Sunless 03,1,15,4,D#3,51,ɨ,derived from Bozeman baritone,0.306,open,A#3,-6.89,below primo,-8,-13,3,not assessed,short,leap-down,-5,no,9,middle,no,no,no,
Sunless 03,1,15,4.5,D#3,51,ɑ,Bozeman baritone midpoint,0.306,open,D#4,-11.5,below primo,-8,-13,4,not assessed,short,repeated,0,no,9,middle,no,no,no,
Sunless 03,1,16,1,F3,53,i,Bozeman baritone midpoint,0.612,close,E3,0.5,below primo,-6,-11,none,not assessed,short,step,2,no,9,middle,no,no,no,turning pitch 0 to 2 st below
Sunless 03,1,16,2,C#3,49,ɨ,derived from Bozeman baritone,0.306,open,A#3,-8.89,below primo,-10,-15,none,not assessed,short,leap-down,-4,no,9,last,no,no,no,
Sunless 03,1,16,3.5,G#3,56,ɑ,Bozeman baritone midpoint,0.306,open,D#4,-6.5,below primo,-3,-8,none,not assessed,short,leap-up,7,yes,10,first,no,no,no,
Sunless 03,1,16,4,C#4,61,u,Bozeman baritone midpoint,0.306,close,E3,8.5,inside,2,-3,none,not assessed,short,leap-up,5,no,10,middle,yes,no,no,highest of phrase
Sunless 03,1,16,4.5,G#3,56,ʌ,derived from Bozeman baritone,0.306,open,D#4,-6.5,below primo,-3,-8,none,not assessed,short,leap-down,-5,no,10,middle,no,no,no,
Sunless 03,1,17,1,B3,59,o,Bozeman baritone midpoint,0.816,open,C4,-0.5,inside,0,-5,none,not assessed,short,leap-up,3,no,10,middle,no,no,no,
Sunless 03,1,17,2.333,B3,59,ɨ,derived from Bozeman baritone,0.408,close,A#3,1.11,inside,0,-5,none,not assessed,short,repeated,0,no,10,middle,no,no,no,turning pitch 0 to 2 st below
Sunless 03,1,17,3,A3,57,ɑ,Bozeman baritone midpoint,0.816,open,D#4,-5.5,below primo,-2,-7,none,not assessed,short,step,-2,no,10,middle,no,no,no,
Sunless 03,1,17,4.333,C4,60,ɑ,Bozeman baritone midpoint,0.408,open,D#4,-2.5,inside,1,-4,none,not assessed,short,leap-up,3,no,10,middle,no,no,no,
Sunless 03,1,18,1,A3,57,ɑ,Bozeman baritone midpoint,0.816,open,D#4,-5.5,below primo,-2,-7,none,not assessed,short,leap-down,-3,no,10,middle,no,no,no,
Sunless 03,1,18,2.333,A3,57,ɑ,Bozeman baritone midpoint,0.408,open,D#4,-5.5,below primo,-2,-7,none,not assessed,short,tie,0,no,10,last,no,no,no,
Sunless 03,1,18,4.333,G#3,56,i,Bozeman baritone midpoint,0.408,close,E3,3.5,below primo,-3,-8,none,not assessed,short,step,-1,yes,11,first,no,no,no,
Sunless 03,1,19,1,B3,59,e,Bozeman baritone midpoint,0.816,open,C4,-0.5,inside,0,-5,none,not assessed,short,leap-up,3,no,11,middle,no,no,no,
Sunless 03,1,19,2.333,B3,59,i,Bozeman baritone midpoint,0.408,close,E3,6.5,inside,0,-5,none,not assessed,short,repeated,0,no,11,middle,no,no,no,
Sunless 03,1,19,3,A3,57,ɑ,Bozeman baritone midpoint,0.816,open,D#4,-5.5,below primo,-2,-7,none,not assessed,short,step,-2,no,11,middle,no,no,no,
Sunless 03,1,19,4.333,C4,60,ɨ,derived from Bozeman baritone,0.408,close,A#3,2.11,inside,1,-4,none,not assessed,short,leap-up,3,no,11,middle,yes,no,no,highest of phrase
Sunless 03,1,20,1,A3,57,o,Bozeman baritone midpoint,0.816,open,C4,-2.5,below primo,-2,-7,none,not assessed,short,leap-down,-3,no,11,middle,no,no,no,
Sunless 03,1,20,2.333,A3,57,i,Bozeman baritone midpoint,0.408,close,E3,4.5,below primo,-2,-7,none,not assessed,short,repeated,0,no,11,middle,no,no,no,
Sunless 03,1,20,3,F#3,54,e,Bozeman baritone midpoint,0.408,open,C4,-5.5,below primo,-5,-10,none,not assessed,short,leap-down,-3,no,11,middle,no,no,no,
Sunless 03,1,20,3.667,G#3,56,i,Bozeman baritone midpoint,0.204,close,E3,3.5,below primo,-3,-8,none,not assessed,short,step,2,no,11,last,no,no,no,
Sunless 03,1,20,4.333,G#3,56,u,Bozeman baritone midpoint,0.408,close,E3,3.5,below primo,-3,-8,none,not assessed,short,repeated,0,yes,12,first,no,no,no,
Sunless 03,1,21,1,A3,57,ɨ,derived from Bozeman baritone,0.816,open,A#3,-0.89,below primo,-2,-7,none,not assessed,short,step,1,no,12,middle,no,no,no,
Sunless 03,1,21,2.333,A3,57,ɑ,Bozeman baritone midpoint,0.408,open,D#4,-5.5,below primo,-2,-7,none,not assessed,short,repeated,0,no,12,middle,no,no,no,
Sunless 03,1,21,3,F#3,54,ʌ,derived from Bozeman baritone,0.816,open,D#4,-8.5,below primo,-5,-10,none,not assessed,short,leap-down,-3,no,12,middle,no,no,no,
Sunless 03,1,21,4.333,G#3,56,ɪ,derived from Bozeman baritone,0.408,open,C4,-4.04,below primo,-3,-8,none,not assessed,short,step,2,no,12,middle,no,no,no,
Sunless 03,1,22,1,A3,57,ɑ,Bozeman baritone midpoint,0.816,open,D#4,-5.5,below primo,-2,-7,none,not assessed,short,step,1,no,12,middle,no,no,no,
Sunless 03,1,22,2.333,A3,57,u,Bozeman baritone midpoint,0.408,close,E3,4.5,below primo,-2,-7,none,not assessed,short,repeated,0,no,12,middle,no,no,no,
Sunless 03,1,22,3,F#3,54,ɑ,Bozeman baritone midpoint,0.816,open,D#4,-8.5,below primo,-5,-10,none,not assessed,short,leap-down,-3,no,12,middle,no,no,no,
Sunless 03,1,22,4.333,G#3,56,ɑ,Bozeman baritone midpoint,0.408,open,D#4,-6.5,below primo,-3,-8,none,not assessed,short,step,2,no,12,middle,no,no,no,
Sunless 03,1,23,1,C#4,61,ɛ,Bozeman baritone midpoint,0.408,open,D4,-0.5,inside,2,-3,none,not assessed,short,leap-up,5,no,12,middle,yes,no,no,highest of phrase
Sunless 03,1,23,1.667,C#4,61,ɛ,Bozeman baritone midpoint,0.204,open,D4,-0.5,inside,2,-3,none,not assessed,short,tie,0,no,12,last,yes,no,no,highest of phrase
Sunless 03,1,23,2.333,A3,57,ɑ,Bozeman baritone midpoint,0.408,open,D#4,-5.5,below primo,-2,-7,none,not assessed,short,leap-down,-4,yes,13,first,no,no,no,
Sunless 03,1,23,3,C4,60,ɨ,derived from Bozeman baritone,0.408,close,A#3,2.11,inside,1,-4,none,not assessed,short,leap-up,3,no,13,middle,yes,no,no,highest of phrase
Sunless 03,1,23,3.667,G#3,56,ʌ,derived from Bozeman baritone,0.408,open,D#4,-6.5,below primo,-3,-8,none,not assessed,short,leap-down,-4,no,13,last,no,no,no,
Sunless 03,1,24,1.667,F#3,54,ɑ,Bozeman baritone midpoint,0.408,open,D#4,-8.5,below primo,-5,-10,none,not assessed,short,step,-2,yes,14,first,no,no,no,
Sunless 03,1,24,2.333,F#3,54,u,Bozeman baritone midpoint,0.408,close,E3,1.5,below primo,-5,-10,none,not assessed,short,repeated,0,no,14,middle,no,no,no,turning pitch 0 to 2 st below
Sunless 03,1,24,3,A3,57,e,Bozeman baritone midpoint,0.816,open,C4,-2.5,below primo,-2,-7,none,not assessed,short,leap-up,3,no,14,middle,yes,no,no,highest of phrase
Sunless 03,1,24,4.333,G#3,56,i,Bozeman baritone midpoint,0.204,close,E3,3.5,below primo,-3,-8,none,not assessed,short,step,-1,no,14,last,no,no,no,
Sunless 03,1,24,4.833,D#3,51,u,Bozeman baritone midpoint,0.102,open,E3,-1.5,below primo,-8,-13,none,not assessed,short,leap-down,-5,yes,15,first,yes,no,no,highest of phrase
Sunless 03,1,25,1,C#3,49,ɨ,derived from Bozeman baritone,0.306,open,A#3,-8.89,below primo,-10,-15,none,not assessed,short,step,-2,no,15,last,no,no,no,
Sunless 03,1,25,2.5,C#3,49,o,Bozeman baritone midpoint,0.306,open,C4,-10.5,below primo,-10,-15,none,not assessed,short,repeated,0,yes,16,first,no,no,no,
Sunless 03,1,25,3,G3,55,i,Bozeman baritone midpoint,0.306,close,E3,2.5,below primo,-4,-9,none,not assessed,short,leap-up,6,no,16,middle,yes,no,no,highest of phrase
Sunless 03,1,25,3.5,E3,52,ɑ,Bozeman baritone midpoint,0.306,open,D#4,-10.5,below primo,-7,-12,none,not assessed,short,leap-down,-3,no,16,middle,no,no,no,
Sunless 03,1,25,4,D#3,51,i,Bozeman baritone midpoint,0.306,open,E3,-1.5,below primo,-8,-13,none,not assessed,short,step,-1,no,16,middle,no,no,no,
Sunless 03,1,25,4.5,E3,52,ɑ,Bozeman baritone midpoint,0.306,open,D#4,-10.5,below primo,-7,-12,none,not assessed,short,step,1,no,16,middle,no,no,no,
Sunless 03,1,26,1,C#3,49,i,Bozeman baritone midpoint,0.612,open,E3,-3.5,below primo,-10,-15,none,not assessed,short,leap-down,-3,no,16,last,no,no,no,
Sunless 03,1,26,2.5,C#3,49,ɛ,Bozeman baritone midpoint,0.306,open,D4,-12.5,below primo,-10,-15,none,not assessed,short,repeated,0,yes,17,first,no,no,no,
Sunless 03,1,26,3,C#4,61,u,Bozeman baritone midpoint,0.918,close,E3,8.5,inside,2,-3,none,not assessed,short,leap-up,12,no,17,middle,yes,no,no,highest of phrase
Sunless 03,1,26,4.5,D#3,51,ʌ,derived from Bozeman baritone,0.306,open,D#4,-11.5,below primo,-8,-13,4,not assessed,short,leap-down,-10,no,17,middle,no,no,no,
Sunless 03,1,27,1,F3,53,o,Bozeman baritone midpoint,0.306,open,C4,-6.5,below primo,-6,-11,none,not assessed,short,step,2,no,17,middle,no,no,no,
Sunless 03,1,27,1.5,F3,53,ʌ,derived from Bozeman baritone,0.306,open,D#4,-9.5,below primo,-6,-11,none,not assessed,short,repeated,0,no,17,middle,no,no,no,
Sunless 03,1,27,2,D#3,51,i,Bozeman baritone midpoint,0.306,open,E3,-1.5,below primo,-8,-13,none,not assessed,short,step,-2,no,17,middle,no,no,no,
Sunless 03,1,27,2.5,C#3,49,ɑ,Bozeman baritone midpoint,0.306,open,D#4,-13.5,below primo,-10,-15,none,not assessed,short,step,-2,no,17,middle,no,no,no,
Sunless 03,1,27,3,A3,57,o,Bozeman baritone midpoint,0.612,open,C4,-2.5,below primo,-2,-7,none,not assessed,short,leap-up,8,no,17,middle,no,no,no,
Sunless 03,1,27,4,F#3,54,u,Bozeman baritone midpoint,0.306,close,E3,1.5,below primo,-5,-10,none,not assessed,short,leap-down,-3,no,17,last,no,no,no,turning pitch 0 to 2 st below
Sunless 03,1,27,4.75,F#3,54,i,Bozeman baritone midpoint,0.153,close,E3,1.5,below primo,-5,-10,none,not assessed,short,repeated,0,yes,18,first,no,no,no,turning pitch 0 to 2 st below
Sunless 03,1,28,1,C#4,61,u,Bozeman baritone midpoint,0.816,close,E3,8.5,inside,2,-3,none,not assessed,short,leap-up,7,no,18,middle,yes,no,no,highest of phrase
Sunless 03,1,28,2.333,C4,60,i,Bozeman baritone midpoint,0.408,close,E3,7.5,inside,1,-4,none,not assessed,short,step,-1,no,18,middle,no,no,no,
Sunless 03,1,28,3,A3,57,ɑ,Bozeman baritone midpoint,0.816,open,D#4,-5.5,below primo,-2,-7,none,not assessed,short,leap-down,-3,no,18,middle,no,no,no,
Sunless 03,1,28,4.333,G#3,56,ʌ,derived from Bozeman baritone,0.408,open,D#4,-6.5,below primo,-3,-8,none,not assessed,short,step,-1,no,18,middle,no,no,no,
Sunless 03,1,29,1,C#4,61,ʌ,derived from Bozeman baritone,0.816,open,D#4,-1.5,inside,2,-3,none,not assessed,short,leap-up,5,no,18,middle,yes,no,no,highest of phrase
Sunless 03,1,29,2.333,C4,60,ɑ,Bozeman baritone midpoint,0.408,open,D#4,-2.5,inside,1,-4,none,not assessed,short,step,-1,no,18,middle,no,no,no,
Sunless 03,1,29,3,A3,57,i,Bozeman baritone midpoint,0.816,close,E3,4.5,below primo,-2,-7,none,not assessed,short,leap-down,-3,no,18,middle,no,no,no,
Sunless 03,1,29,4.333,G#3,56,u,Bozeman baritone midpoint,0.408,close,E3,3.5,below primo,-3,-8,none,not assessed,short,step,-1,no,18,middle,no,no,no,
Sunless 03,1,30,1,C#3,49,ɛ,Bozeman baritone midpoint,0.918,open,D4,-12.5,below primo,-10,-15,none,not assessed,short,leap-down,-7,no,18,middle,no,no,no,
Sunless 03,1,30,2.5,C#3,49,ɪ,derived from Bozeman baritone,0.306,open,C4,-11.04,below primo,-10,-15,none,not assessed,short,repeated,0,no,18,middle,no,no,no,
Sunless 03,1,30,3,D#3,51,ɑ,Bozeman baritone midpoint,0.306,open,D#4,-11.5,below primo,-8,-13,4,not assessed,short,step,2,no,18,middle,no,no,no,
Sunless 03,1,30,3.5,D#3,51,ɪ,derived from Bozeman baritone,0.306,open,C4,-9.04,below primo,-8,-13,none,not assessed,short,repeated,0,no,18,middle,no,no,no,
Sunless 03,1,30,4,C#3,49,ɑ,Bozeman baritone midpoint,0.306,open,D#4,-13.5,below primo,-10,-15,none,not assessed,short,step,-2,no,18,middle,no,no,no,
Sunless 03,1,30,4.5,D#3,51,ɑ,Bozeman baritone midpoint,0.306,open,D#4,-11.5,below primo,-8,-13,4,not assessed,short,step,2,no,18,middle,no,no,no,
Sunless 03,1,31,1,F3,53,o,Bozeman baritone midpoint,0.612,open,C4,-6.5,below primo,-6,-11,none,not assessed,short,step,2,no,18,middle,no,no,no,
Sunless 03,1,31,2,G#3,56,u,Bozeman baritone midpoint,0.306,close,E3,3.5,below primo,-3,-8,none,not assessed,short,leap-up,3,no,18,last,no,no,no,
Sunless 03,1,31,4,G#3,56,i,Bozeman baritone midpoint,0.612,close,E3,3.5,below primo,-3,-8,none,not assessed,short,repeated,0,yes,19,first,no,no,no,
Sunless 03,1,32,1,B3,59,e,Bozeman baritone midpoint,0.204,open,C4,-0.5,inside,0,-5,none,not assessed,short,leap-up,3,no,19,middle,no,no,no,
Sunless 03,1,32,1.333,C#4,61,e,Bozeman baritone midpoint,0.204,close,C4,1.5,inside,2,-3,none,not assessed,short,step,2,no,19,middle,no,no,no,turning pitch 0 to 2 st below
Sunless 03,1,32,1.667,D#4,63,ɑ,Bozeman baritone midpoint,0.204,close,D#4,0.5,inside,4,-1,none,not assessed,short,step,2,no,19,middle,no,yes,yes,turning pitch 0 to 2 st below
Sunless 03,1,32,2,C#4,61,ɑ,Bozeman baritone midpoint,0.204,open,D#4,-1.5,inside,2,-3,none,not assessed,short,step,-2,no,19,middle,no,no,no,
Sunless 03,1,32,2.333,D#4,63,ɑ,Bozeman baritone midpoint,0.204,close,D#4,0.5,inside,4,-1,none,not assessed,short,step,2,no,19,middle,no,yes,yes,turning pitch 0 to 2 st below
Sunless 03,1,32,2.667,G#3,56,i,Bozeman baritone midpoint,0.204,close,E3,3.5,below primo,-3,-8,none,not assessed,short,leap-down,-7,no,19,middle,no,no,no,
Sunless 03,1,32,3,B3,59,ɛ,Bozeman baritone midpoint,0.204,open,D4,-2.5,inside,0,-5,none,not assessed,short,leap-up,3,no,19,middle,no,no,no,
Sunless 03,1,32,3.333,A3,57,ɛ,Bozeman baritone midpoint,0.204,open,D4,-4.5,below primo,-2,-7,none,not assessed,short,step,-2,no,19,middle,no,no,no,
Sunless 03,1,32,3.667,G#3,56,i,Bozeman baritone midpoint,0.204,close,E3,3.5,below primo,-3,-8,none,not assessed,short,step,-1,no,19,middle,no,no,no,
Sunless 03,1,32,4,B3,59,e,Bozeman baritone midpoint,0.408,open,C4,-0.5,inside,0,-5,none,not assessed,short,leap-up,3,no,19,middle,no,no,no,
Sunless 03,1,32,4.667,B3,59,i,Bozeman baritone midpoint,0.204,close,E3,6.5,inside,0,-5,none,not assessed,short,repeated,0,no,19,middle,no,no,no,
Sunless 03,1,33,1,B3,59,i,Bozeman baritone midpoint,0.204,close,E3,6.5,inside,0,-5,none,not assessed,short,repeated,0,no,19,middle,no,no,no,
Sunless 03,1,33,1.333,C#4,61,i,Bozeman baritone midpoint,0.204,close,E3,8.5,inside,2,-3,none,not assessed,short,step,2,no,19,middle,no,no,no,
Sunless 03,1,33,1.667,D#4,63,ɑ,Bozeman baritone midpoint,0.204,close,D#4,0.5,inside,4,-1,none,not assessed,short,step,2,no,19,middle,no,yes,yes,turning pitch 0 to 2 st below
Sunless 03,1,33,2,C#4,61,ɛ,Bozeman baritone midpoint,0.204,open,D4,-0.5,inside,2,-3,none,not assessed,short,step,-2,no,19,middle,no,no,no,
Sunless 03,1,33,2.333,D#4,63,ɛ,Bozeman baritone midpoint,0.204,close,D4,1.5,inside,4,-1,none,not assessed,short,step,2,no,19,middle,no,yes,yes,turning pitch 0 to 2 st below
Sunless 03,1,33,2.667,G#3,56,ɨ,derived from Bozeman baritone,0.204,open,A#3,-1.89,below primo,-3,-8,none,not assessed,short,leap-down,-7,no,19,middle,no,no,no,
Sunless 03,1,33,3,B3,59,ɑ,Bozeman baritone midpoint,0.204,open,D#4,-3.5,inside,0,-5,none,not assessed,short,leap-up,3,no,19,middle,no,no,no,
Sunless 03,1,33,3.333,A3,57,ɑ,Bozeman baritone midpoint,0.204,open,D#4,-5.5,below primo,-2,-7,none,not assessed,short,step,-2,no,19,middle,no,no,no,
Sunless 03,1,33,3.667,G#3,56,u,Bozeman baritone midpoint,0.204,close,E3,3.5,below primo,-3,-8,none,not assessed,short,step,-1,no,19,middle,no,no,no,
Sunless 03,1,33,4,B3,59,o,Bozeman baritone midpoint,0.204,open,C4,-0.5,inside,0,-5,none,not assessed,short,leap-up,3,no,19,middle,no,no,no,
Sunless 03,1,33,4.333,B3,59,u,Bozeman baritone midpoint,0.204,close,E3,6.5,inside,0,-5,none,not assessed,short,repeated,0,no,19,middle,no,no,no,
Sunless 03,1,33,4.667,A3,57,i,Bozeman baritone midpoint,0.204,close,E3,4.5,below primo,-2,-7,none,not assessed,short,step,-2,no,19,middle,no,no,no,
Sunless 03,1,34,1,C4,60,e,Bozeman baritone midpoint,0.204,close,C4,0.5,inside,1,-4,none,not assessed,short,leap-up,3,no,19,middle,no,no,no,turning pitch 0 to 2 st below
Sunless 03,1,34,1.333,E3,52,e,Bozeman baritone midpoint,0.204,open,C4,-7.5,below primo,-7,-12,3,not assessed,short,leap-down,-8,no,19,middle,no,no,no,
Sunless 03,1,34,1.667,G3,55,ɨ,derived from Bozeman baritone,0.204,open,A#3,-2.89,below primo,-4,-9,none,not assessed,short,leap-up,3,no,19,middle,no,no,no,
Sunless 03,1,34,2,B3,59,u,Bozeman baritone midpoint,0.408,close,E3,6.5,inside,0,-5,none,not assessed,short,leap-up,4,no,19,middle,no,no,no,
Sunless 03,1,34,2.667,A3,57,i,Bozeman baritone midpoint,0.204,close,E3,4.5,below primo,-2,-7,none,not assessed,short,step,-2,no,19,middle,no,no,no,
Sunless 03,1,34,3,C4,60,u,Bozeman baritone midpoint,0.204,close,E3,7.5,inside,1,-4,none,not assessed,short,leap-up,3,no,19,middle,no,no,no,
Sunless 03,1,34,3.333,E3,52,u,Bozeman baritone midpoint,0.204,open,E3,-0.5,below primo,-7,-12,none,not assessed,short,leap-down,-8,no,19,middle,no,no,no,
Sunless 03,1,34,3.667,G3,55,ɨ,derived from Bozeman baritone,0.204,open,A#3,-2.89,below primo,-4,-9,none,not assessed,short,leap-up,3,no,19,middle,no,no,no,
Sunless 03,1,34,4,B3,59,e,Bozeman baritone midpoint,0.408,open,C4,-0.5,inside,0,-5,none,not assessed,short,leap-up,4,no,19,middle,no,no,no,
Sunless 03,1,34,4.667,A3,57,ɑ,Bozeman baritone midpoint,0.204,open,D#4,-5.5,below primo,-2,-7,none,not assessed,short,step,-2,no,19,middle,no,no,no,
Sunless 03,1,35,1,B3,59,i,Bozeman baritone midpoint,0.204,close,E3,6.5,inside,0,-5,none,not assessed,short,step,2,no,19,middle,no,no,no,
Sunless 03,1,35,1.333,C#4,61,i,Bozeman baritone midpoint,0.204,close,E3,8.5,inside,2,-3,none,not assessed,short,step,2,no,19,middle,no,no,no,
Sunless 03,1,35,1.667,D#4,63,ɑ,Bozeman baritone midpoint,0.204,close,D#4,0.5,inside,4,-1,none,not assessed,short,step,2,no,19,middle,no,yes,yes,turning pitch 0 to 2 st below
Sunless 03,1,35,2,E4,64,i,Bozeman baritone midpoint,0.204,crossing,E3,11.5,inside,5,0,none,not assessed,short,step,1,no,19,middle,yes,yes,yes,highest of phrase; crossing
Sunless 03,1,35,2.333,D#4,63,i,Bozeman baritone midpoint,0.204,close,E3,10.5,inside,4,-1,none,not assessed,short,step,-1,no,19,middle,no,yes,no,
Sunless 03,1,35,2.667,G#3,56,ʌ,derived from Bozeman baritone,0.204,open,D#4,-6.5,below primo,-3,-8,none,not assessed,short,leap-down,-7,no,19,middle,no,no,no,
Sunless 03,1,35,3,B3,59,i,Bozeman baritone midpoint,0.204,close,E3,6.5,inside,0,-5,none,not assessed,short,leap-up,3,no,19,middle,no,no,no,
Sunless 03,1,35,3.333,A3,57,i,Bozeman baritone midpoint,0.204,close,E3,4.5,below primo,-2,-7,none,not assessed,short,step,-2,no,19,middle,no,no,no,
Sunless 03,1,35,3.667,G#3,56,ɑ,Bozeman baritone midpoint,0.204,open,D#4,-6.5,below primo,-3,-8,none,not assessed,short,step,-1,no,19,middle,no,no,no,
Sunless 03,1,35,4,B3,59,o,Bozeman baritone midpoint,0.204,open,C4,-0.5,inside,0,-5,none,not assessed,short,leap-up,3,no,19,middle,no,no,no,
Sunless 03,1,35,4.333,F#3,54,u,Bozeman baritone midpoint,0.204,close,E3,1.5,below primo,-5,-10,none,not assessed,short,leap-down,-5,no,19,middle,no,no,no,turning pitch 0 to 2 st below
Sunless 03,1,35,4.667,G#3,56,i,Bozeman baritone midpoint,0.204,close,E3,3.5,below primo,-3,-8,none,not assessed,short,step,2,no,19,middle,no,no,no,
Sunless 03,1,36,1,C#4,61,ɛ,Bozeman baritone midpoint,0.204,open,D4,-0.5,inside,2,-3,none,not assessed,short,leap-up,5,no,19,middle,no,no,no,
Sunless 03,1,36,1.167,C4,60,ɛ,Bozeman baritone midpoint,0.204,open,D4,-1.5,inside,1,-4,none,not assessed,short,step,-1,no,19,middle,no,no,no,
Sunless 03,1,36,1.333,C#4,61,ʌ,derived from Bozeman baritone,0.204,open,D#4,-1.5,inside,2,-3,none,not assessed,short,step,1,no,19,middle,no,no,no,
Sunless 03,1,36,1.5,A#3,58,ɑ,Bozeman baritone midpoint,0.204,open,D#4,-4.5,below primo,-1,-6,none,not assessed,short,leap-down,-3,no,19,middle,no,no,no,
Sunless 03,1,36,1.667,C4,60,ɑ,Bozeman baritone midpoint,0.204,open,D#4,-2.5,inside,1,-4,none,not assessed,short,step,2,no,19,middle,no,no,no,
Sunless 03,1,36,1.833,G#3,56,ɑ,Bozeman baritone midpoint,0.204,open,D#4,-6.5,below primo,-3,-8,none,not assessed,short,leap-down,-4,no,19,middle,no,no,no,
Sunless 03,1,36,2,B3,59,e,Bozeman baritone midpoint,0.408,open,C4,-0.5,inside,0,-5,none,not assessed,short,leap-up,3,no,19,middle,no,no,no,
Sunless 03,1,36,2.333,A3,57,ɑ,Bozeman baritone midpoint,0.204,open,D#4,-5.5,below primo,-2,-7,none,not assessed,short,step,-2,no,19,middle,no,no,no,
Sunless 03,1,36,2.5,G3,55,o,Bozeman baritone midpoint,0.204,open,C4,-4.5,below primo,-4,-9,none,not assessed,short,step,-2,no,19,last,no,no,no,
Sunless 03,1,36,2.833,C#4,61,u,Bozeman baritone midpoint,0.204,close,E3,8.5,inside,2,-3,none,not assessed,short,leap-up,6,yes,20,first,no,no,no,
Sunless 03,1,36,3,F4,65,u,Bozeman baritone midpoint,0.204,above,E3,12.5,above secondo,6,1,none,not assessed,short,leap-up,4,no,20,middle,yes,yes,yes,highest of phrase
Sunless 03,1,36,3.167,D#4,63,u,Bozeman baritone midpoint,0.204,close,E3,10.5,inside,4,-1,none,not assessed,short,step,-2,no,20,middle,no,yes,no,
Sunless 03,1,36,3.333,C#4,61,u,Bozeman baritone midpoint,0.204,close,E3,8.5,inside,2,-3,none,not assessed,short,step,-2,no,20,middle,no,no,no,
Sunless 03,1,36,3.5,C4,60,ɑ,Bozeman baritone midpoint,0.204,open,D#4,-2.5,inside,1,-4,none,not assessed,short,step,-1,no,20,middle,no,no,no,
Sunless 03,1,36,3.667,C#4,61,ɑ,Bozeman baritone midpoint,0.204,open,D#4,-1.5,inside,2,-3,none,not assessed,short,step,1,no,20,middle,no,no,no,
Sunless 03,1,36,3.833,G#3,56,i,Bozeman baritone midpoint,0.204,close,E3,3.5,below primo,-3,-8,none,not assessed,short,leap-down,-5,no,20,middle,no,no,no,
Sunless 03,1,37,1,B3,59,ɛ,Bozeman baritone midpoint,0.204,open,D4,-2.5,inside,0,-5,none,not assessed,short,leap-up,3,no,20,last,no,no,no,
Sunless 03,1,37,1.667,F#3,54,ɪ,derived from Bozeman baritone,0.204,open,C4,-6.04,below primo,-5,-10,none,not assessed,short,leap-down,-5,yes,21,first,no,no,no,
Sunless 03,1,37,2,A3,57,o,Bozeman baritone midpoint,0.204,open,C4,-2.5,below primo,-2,-7,none,not assessed,short,leap-up,3,no,21,middle,yes,no,no,highest of phrase
Sunless 03,1,37,2.333,G#3,56,ʌ,derived from Bozeman baritone,0.204,open,D#4,-6.5,below primo,-3,-8,none,not assessed,short,step,-1,no,21,last,no,no,no,
Sunless 03,1,37,3.5,C#3,49,i,Bozeman baritone midpoint,0.306,open,E3,-3.5,below primo,-10,-15,none,not assessed,short,leap-down,-7,yes,22,first,no,no,no,
Sunless 03,1,37,4,C#3,49,ɛ,Bozeman baritone midpoint,0.306,open,D4,-12.5,below primo,-10,-15,none,not assessed,short,repeated,0,no,22,middle,no,no,no,
Sunless 03,1,37,4.5,C#3,49,ɪ,derived from Bozeman baritone,0.306,open,C4,-11.04,below primo,-10,-15,none,not assessed,short,repeated,0,no,22,middle,no,no,no,
Sunless 03,1,38,1,E3,52,i,Bozeman baritone midpoint,0.612,open,E3,-0.5,below primo,-7,-12,none,not assessed,short,leap-up,3,no,22,middle,yes,no,no,highest of phrase
Sunless 03,1,38,2,C#3,49,ʌ,derived from Bozeman baritone,0.306,open,D#4,-13.5,below primo,-10,-15,none,not assessed,short,leap-down,-3,no,22,last,no,no,no,
Sunless 03,1,38,3,C#4,61,ɑ,Bozeman baritone midpoint,0.918,open,D#4,-1.5,inside,2,-3,none,not assessed,short,leap-up,12,yes,23,first,yes,no,no,highest of phrase
Sunless 03,1,38,4.5,A#3,58,ɑ,Bozeman baritone midpoint,0.306,open,D#4,-4.5,below primo,-1,-6,none,not assessed,short,leap-down,-3,no,23,middle,no,no,no,
Sunless 03,1,39,1,G#3,56,o,Bozeman baritone midpoint,0.612,open,C4,-3.5,below primo,-3,-8,none,not assessed,short,step,-2,no,23,middle,no,no,no,
Sunless 03,1,39,2,F#3,54,ʌ,derived from Bozeman baritone,0.306,open,D#4,-8.5,below primo,-5,-10,none,not assessed,short,step,-2,no,23,last,no,no,no,
Sunless 03,1,39,4.5,C#3,49,i,Bozeman baritone midpoint,0.306,open,E3,-3.5,below primo,-10,-15,none,not assessed,short,leap-down,-5,yes,24,first,no,no,no,
Sunless 03,1,40,1,G#3,56,ɛ,Bozeman baritone midpoint,0.918,open,D4,-5.5,below primo,-3,-8,none,not assessed,short,leap-up,7,no,24,middle,no,no,no,
Sunless 03,1,40,2.5,C#4,61,ɑ,Bozeman baritone midpoint,0.306,open,D#4,-1.5,inside,2,-3,none,not assessed,short,leap-up,5,no,24,middle,yes,no,no,highest of phrase
Sunless 03,1,40,3,A3,57,o,Bozeman baritone midpoint,0.459,open,C4,-2.5,below primo,-2,-7,none,not assessed,short,leap-down,-4,no,24,middle,no,no,no,
Sunless 03,1,40,3.75,A3,57,ɑ,Bozeman baritone midpoint,0.153,open,D#4,-5.5,below primo,-2,-7,none,not assessed,short,repeated,0,no,24,middle,no,no,no,
Sunless 03,1,40,4,G#3,56,i,Bozeman baritone midpoint,0.306,close,E3,3.5,below primo,-3,-8,none,not assessed,short,step,-1,no,24,middle,no,no,no,
Sunless 03,1,40,4.5,C4,60,ʌ,derived from Bozeman baritone,0.306,open,D#4,-2.5,inside,1,-4,none,not assessed,short,leap-up,4,no,24,middle,no,no,no,
Sunless 03,1,41,1,F3,53,o,Bozeman baritone midpoint,0.612,open,C4,-6.5,below primo,-6,-11,none,not assessed,short,leap-down,-7,no,24,middle,no,no,no,
Sunless 03,1,41,2,F3,53,o,Bozeman baritone midpoint,0.306,open,C4,-6.5,below primo,-6,-11,none,not assessed,short,tie,0,no,24,last,no,no,no,
Sunless 04,0,2,2.5,F#3,54,u,Bozeman baritone midpoint,0.395,close,E3,1.5,below primo,-5,-10,none,not assessed,short,first note,,,0,first,yes,no,no,highest of phrase; turning pitch 0 to 2 st below
Sunless 04,0,2,3,E3,52,a,derived from Bozeman baritone,0.789,open,F4,-12.92,below primo,-7,-12,none,not assessed,short,step,-2,no,0,middle,no,no,no,
Sunless 04,0,2,4,E3,52,a,derived from Bozeman baritone,0.395,open,F4,-12.92,below primo,-7,-12,none,not assessed,short,tie,0,no,0,last,no,no,no,
Sunless 04,0,3,1.5,F#3,54,ɨ,derived from Bozeman baritone,0.395,open,A#3,-3.89,below primo,-5,-10,none,not assessed,short,step,2,yes,1,first,no,no,no,
Sunless 04,0,3,2,F#3,54,ʌ,derived from Bozeman baritone,0.395,open,D#4,-8.5,below primo,-5,-10,none,not assessed,short,repeated,0,no,1,middle,no,no,no,
Sunless 04,0,3,2.5,F#3,54,ɑ,Bozeman baritone midpoint,0.395,open,D#4,-8.5,below primo,-5,-10,none,not assessed,short,repeated,0,no,1,middle,no,no,no,
Sunless 04,0,3,3,G3,55,ɑ,Bozeman baritone midpoint,1.184,open,D#4,-7.5,below primo,-4,-9,3,not assessed,short,step,1,no,1,middle,yes,no,no,highest of phrase
Sunless 04,0,3,4.5,G3,55,ɪ,derived from Bozeman baritone,0.395,open,C4,-5.04,below primo,-4,-9,none,not assessed,short,repeated,0,no,1,middle,yes,no,no,highest of phrase
Sunless 04,0,4,1,F#3,54,u,Bozeman baritone midpoint,0.789,close,E3,1.5,below primo,-5,-10,none,not assessed,short,step,-1,no,1,middle,no,no,no,turning pitch 0 to 2 st below
Sunless 04,0,4,2,F#3,54,i,Bozeman baritone midpoint,0.395,close,E3,1.5,below primo,-5,-10,none,not assessed,short,repeated,0,no,1,last,no,no,no,turning pitch 0 to 2 st below
Sunless 04,0,4,4,F#3,54,ɪ,derived from Bozeman baritone,0.789,open,C4,-6.04,below primo,-5,-10,none,not assessed,short,repeated,0,yes,2,first,no,no,no,
Sunless 04,0,5,1,G#3,56,u,Bozeman baritone midpoint,1.184,close,E3,3.5,below primo,-3,-8,none,not assessed,short,step,2,no,2,middle,no,no,no,
Sunless 04,0,5,2.5,D#4,63,i,Bozeman baritone midpoint,0.395,close,E3,10.5,inside,4,-1,none,not assessed,short,leap-up,7,no,2,middle,yes,yes,yes,highest of phrase
Sunless 04,0,5,3,C#4,61,u,Bozeman baritone midpoint,0.395,close,E3,8.5,inside,2,-3,none,not assessed,short,step,-2,no,2,middle,no,no,no,
Sunless 04,0,5,3.5,G#3,56,ɑ,Bozeman baritone midpoint,0.395,open,D#4,-6.5,below primo,-3,-8,none,not assessed,short,leap-down,-5,no,2,middle,no,no,no,
Sunless 04,0,5,4,C#4,61,ɑ,Bozeman baritone midpoint,0.395,open,D#4,-1.5,inside,2,-3,none,not assessed,short,leap-up,5,no,2,middle,no,no,no,
Sunless 04,0,5,4.5,B3,59,ɨ,derived from Bozeman baritone,0.395,close,A#3,1.11,inside,0,-5,none,not assessed,short,step,-2,no,2,middle,no,no,no,turning pitch 0 to 2 st below
Sunless 04,0,6,1,A#3,58,ɛ,Bozeman baritone midpoint,0.395,open,D4,-3.5,below primo,-1,-6,none,not assessed,short,step,-1,no,2,last,no,no,no,
Sunless 04,0,6,2,A#3,58,ɑ,Bozeman baritone midpoint,0.789,open,D#4,-4.5,below primo,-1,-6,none,not assessed,short,repeated,0,yes,3,first,no,no,no,
Sunless 04,0,6,3,D4,62,ɛ,Bozeman baritone midpoint,1.184,close,D4,0.5,inside,3,-2,none,not assessed,short,leap-up,4,no,3,middle,yes,no,no,highest of phrase; turning pitch 0 to 2 st below
Sunless 04,0,6,4.5,D4,62,ɑ,Bozeman baritone midpoint,0.395,open,D#4,-0.5,inside,3,-2,none,not assessed,short,repeated,0,no,3,middle,yes,no,no,highest of phrase
Sunless 04,0,7,1,B3,59,ɑ,Bozeman baritone midpoint,0.395,open,D#4,-3.5,inside,0,-5,none,not assessed,short,leap-down,-3,no,3,middle,no,no,no,
Sunless 04,0,7,1.5,F#3,54,ɑ,Bozeman baritone midpoint,0.395,open,D#4,-8.5,below primo,-5,-10,none,not assessed,short,leap-down,-5,no,3,middle,no,no,no,
Sunless 04,0,7,2,B3,59,ɪ,derived from Bozeman baritone,0.395,open,C4,-1.04,inside,0,-5,none,not assessed,short,leap-up,5,no,3,middle,no,no,no,
Sunless 04,0,7,2.5,C#4,61,ɑ,Bozeman baritone midpoint,0.395,open,D#4,-1.5,inside,2,-3,none,not assessed,short,step,2,no,3,middle,no,no,no,
Sunless 04,0,7,3,A3,57,u,Bozeman baritone midpoint,0.789,close,E3,4.5,below primo,-2,-7,none,not assessed,short,leap-down,-4,no,3,middle,no,no,no,
Sunless 04,0,7,4,F#3,54,i,Bozeman baritone midpoint,0.789,close,E3,1.5,below primo,-5,-10,none,not assessed,short,leap-down,-3,no,3,last,no,no,no,turning pitch 0 to 2 st below
Sunless 04,0,8,1.5,F#3,54,ɑ,Bozeman baritone midpoint,0.395,open,D#4,-8.5,below primo,-5,-10,none,not assessed,short,repeated,0,yes,4,first,no,no,no,
Sunless 04,0,8,2,A3,57,ɪ,derived from Bozeman baritone,0.395,open,C4,-3.04,below primo,-2,-7,none,not assessed,short,leap-up,3,no,4,middle,no,no,no,
Sunless 04,0,8,2.5,F#3,54,ɑ,Bozeman baritone midpoint,0.395,open,D#4,-8.5,below primo,-5,-10,none,not assessed,short,leap-down,-3,no,4,middle,no,no,no,
Sunless 04,0,8,3,B3,59,e,Bozeman baritone midpoint,0.789,open,C4,-0.5,inside,0,-5,none,not assessed,short,leap-up,5,no,4,middle,no,no,no,
Sunless 04,0,8,4,G3,55,ɑ,Bozeman baritone midpoint,0.789,open,D#4,-7.5,below primo,-4,-9,3,not assessed,short,leap-down,-4,no,4,middle,no,no,no,
Sunless 04,0,9,1,C#4,61,ɛ,Bozeman baritone midpoint,1.184,open,D4,-0.5,inside,2,-3,none,not assessed,short,leap-up,6,no,4,middle,yes,no,no,highest of phrase
Sunless 04,0,9,2.5,C#4,61,ɑ,Bozeman baritone midpoint,0.395,open,D#4,-1.5,inside,2,-3,none,not assessed,short,repeated,0,no,4,middle,yes,no,no,highest of phrase
Sunless 04,0,9,3,A#3,58,ɛ,Bozeman baritone midpoint,0.789,open,D4,-3.5,below primo,-1,-6,none,not assessed,short,leap-down,-3,no,4,last,no,no,no,
Sunless 04,0,11,2.5,F#3,54,u,Bozeman baritone midpoint,0.395,close,E3,1.5,below primo,-5,-10,none,not assessed,short,leap-down,-4,yes,5,first,yes,no,no,highest of phrase; turning pitch 0 to 2 st below
Sunless 04,0,11,3,E3,52,a,derived from Bozeman baritone,0.789,open,F4,-12.92,below primo,-7,-12,none,not assessed,short,step,-2,no,5,last,no,no,no,
Sunless 04,0,11,4.5,F#3,54,u,Bozeman baritone midpoint,0.395,close,E3,1.5,below primo,-5,-10,none,not assessed,short,step,2,yes,6,first,no,no,no,turning pitch 0 to 2 st below
Sunless 04,0,12,1,F#3,54,a,derived from Bozeman baritone,1.184,open,F4,-10.92,below primo,-5,-10,none,not assessed,short,repeated,0,no,6,middle,no,no,no,
Sunless 04,0,12,2.5,F#3,54,ɑ,Bozeman baritone midpoint,0.395,open,D#4,-8.5,below primo,-5,-10,none,not assessed,short,repeated,0,no,6,middle,no,no,no,
Sunless 04,0,12,3,G#3,56,ɑ,Bozeman baritone midpoint,0.789,open,D#4,-6.5,below primo,-3,-8,none,not assessed,short,step,2,no,6,middle,no,no,no,
Sunless 04,0,12,4,F#3,54,u,Bozeman baritone midpoint,0.395,close,E3,1.5,below primo,-5,-10,none,not assessed,short,step,-2,no,6,middle,no,no,no,turning pitch 0 to 2 st below
Sunless 04,0,12,4.5,G#3,56,u,Bozeman baritone midpoint,0.395,close,E3,3.5,below primo,-3,-8,none,not assessed,short,step,2,no,6,middle,no,no,no,
Sunless 04,0,13,1,F#3,54,i,Bozeman baritone midpoint,0.789,close,E3,1.5,below primo,-5,-10,none,not assessed,short,step,-2,no,6,middle,no,no,no,turning pitch 0 to 2 st below
Sunless 04,0,13,2,G#3,56,i,Bozeman baritone midpoint,0.395,close,E3,3.5,below primo,-3,-8,none,not assessed,short,step,2,no,6,middle,no,no,no,
Sunless 04,0,13,2.5,F#3,54,i,Bozeman baritone midpoint,0.395,close,E3,1.5,below primo,-5,-10,none,not assessed,short,step,-2,no,6,middle,no,no,no,turning pitch 0 to 2 st below
Sunless 04,0,13,3,C#3,49,ɑ,Bozeman baritone midpoint,0.789,open,D#4,-13.5,below primo,-10,-15,none,not assessed,short,leap-down,-5,no,6,middle,no,no,no,
Sunless 04,0,13,4,C#3,49,ɑ,Bozeman baritone midpoint,0.395,open,D#4,-13.5,below primo,-10,-15,none,not assessed,short,repeated,0,no,6,middle,no,no,no,
Sunless 04,0,13,4.5,G3,55,i,Bozeman baritone midpoint,0.395,close,E3,2.5,below primo,-4,-9,none,not assessed,short,leap-up,6,no,6,middle,no,no,no,
Sunless 04,0,14,1,F#3,54,ɨ,derived from Bozeman baritone,0.789,open,A#3,-3.89,below primo,-5,-10,none,not assessed,short,step,-1,no,6,middle,no,no,no,
Sunless 04,0,14,2,F#3,54,ɪ,derived from Bozeman baritone,0.789,open,C4,-6.04,below primo,-5,-10,none,not assessed,short,repeated,0,no,6,middle,no,no,no,
Sunless 04,0,14,3,G#3,56,e,Bozeman baritone midpoint,0.789,open,C4,-3.5,below primo,-3,-8,none,not assessed,short,step,2,no,6,middle,no,no,no,
Sunless 04,0,14,4,F#3,54,ʌ,derived from Bozeman baritone,0.395,open,D#4,-8.5,below primo,-5,-10,none,not assessed,short,step,-2,no,6,middle,no,no,no,
Sunless 04,0,14,4.5,G#3,56,ʌ,derived from Bozeman baritone,0.395,open,D#4,-6.5,below primo,-3,-8,none,not assessed,short,step,2,no,6,middle,no,no,no,
Sunless 04,0,15,1,F#3,54,u,Bozeman baritone midpoint,1.184,close,E3,1.5,below primo,-5,-10,none,not assessed,short,step,-2,no,6,middle,no,no,no,turning pitch 0 to 2 st below
Sunless 04,0,15,2.5,D#3,51,o,Bozeman baritone midpoint,0.395,open,C4,-8.5,below primo,-8,-13,none,not assessed,short,leap-down,-3,no,6,middle,no,no,no,
Sunless 04,0,15,3,A#3,58,ɨ,derived from Bozeman baritone,0.395,close,A#3,0.11,below primo,-1,-6,none,not assessed,short,leap-up,7,no,6,last,yes,no,no,highest of phrase; turning pitch 0 to 2 st below
Sunless 04,0,15,4.5,F#3,54,i,Bozeman baritone midpoint,0.395,close,E3,1.5,below primo,-5,-10,none,not assessed,short,leap-down,-4,yes,7,first,no,no,no,turning pitch 0 to 2 st below
Sunless 04,0,16,1,C4,60,ɛ,Bozeman baritone midpoint,0.789,open,D4,-1.5,inside,1,-4,none,not assessed,short,leap-up,6,no,7,middle,no,no,no,
Sunless 04,0,16,2,B3,59,ʌ,derived from Bozeman baritone,0.395,open,D#4,-3.5,inside,0,-5,none,not assessed,short,step,-1,no,7,middle,no,no,no,
Sunless 04,0,16,2.5,C4,60,ʌ,derived from Bozeman baritone,0.395,open,D#4,-2.5,inside,1,-4,none,not assessed,short,step,1,no,7,middle,no,no,no,
Sunless 04,0,16,3,E3,52,ɨ,derived from Bozeman baritone,0.789,open,A#3,-5.89,below primo,-7,-12,none,not assessed,short,leap-down,-8,no,7,middle,no,no,no,
Sunless 04,0,16,4,F#3,54,ɨ,derived from Bozeman baritone,0.395,open,A#3,-3.89,below primo,-5,-10,none,not assessed,short,step,2,no,7,middle,no,no,no,
Sunless 04,0,16,4.5,G3,55,ɨ,derived from Bozeman baritone,0.395,open,A#3,-2.89,below primo,-4,-9,none,not assessed,short,step,1,no,7,middle,no,no,no,
Sunless 04,0,17,1,C4,60,ʌ,derived from Bozeman baritone,0.789,open,D#4,-2.5,inside,1,-4,none,not assessed,short,leap-up,5,no,7,middle,no,no,no,
Sunless 04,0,17,2,B3,59,i,Bozeman baritone midpoint,0.395,close,E3,6.5,inside,0,-5,none,not assessed,short,step,-1,no,7,middle,no,no,no,
Sunless 04,0,17,2.5,C4,60,i,Bozeman baritone midpoint,0.395,close,E3,7.5,inside,1,-4,none,not assessed,short,step,1,no,7,middle,no,no,no,
Sunless 04,0,17,3,E3,52,ɑ,Bozeman baritone midpoint,0.789,open,D#4,-10.5,below primo,-7,-12,none,not assessed,short,leap-down,-8,no,7,middle,no,no,no,
Sunless 04,0,17,4,F#3,54,ɑ,Bozeman baritone midpoint,0.395,open,D#4,-8.5,below primo,-5,-10,none,not assessed,short,step,2,no,7,middle,no,no,no,
Sunless 04,0,17,4.5,G3,55,ɑ,Bozeman baritone midpoint,0.395,open,D#4,-7.5,below primo,-4,-9,3,not assessed,short,step,1,no,7,middle,no,no,no,
Sunless 04,0,18,1,F#3,54,ɑ,Bozeman baritone midpoint,1.184,open,D#4,-8.5,below primo,-5,-10,none,not assessed,short,step,-1,no,7,middle,no,no,no,
Sunless 04,0,18,2.5,D#3,51,u,Bozeman baritone midpoint,0.395,open,E3,-1.5,below primo,-8,-13,none,not assessed,short,leap-down,-3,no,7,middle,no,no,no,
Sunless 04,0,18,3,A#3,58,ɛ,Bozeman baritone midpoint,0.789,open,D4,-3.5,below primo,-1,-6,none,not assessed,short,leap-up,7,no,7,middle,no,no,no,
Sunless 04,0,18,4,B3,59,ɛ,Bozeman baritone midpoint,0.395,open,D4,-2.5,inside,0,-5,none,not assessed,short,step,1,no,7,middle,no,no,no,
Sunless 04,0,18,4.5,C#4,61,ɪ,derived from Bozeman baritone,0.395,close,C4,0.96,inside,2,-3,none,not assessed,short,step,2,no,7,middle,yes,no,no,highest of phrase; turning pitch 0 to 2 st below
Sunless 04,0,19,1,F#3,54,ʌ,derived from Bozeman baritone,0.789,open,D#4,-8.5,below primo,-5,-10,none,not assessed,short,leap-down,-7,no,7,middle,no,no,no,
Sunless 04,0,19,2,C#4,61,i,Bozeman baritone midpoint,0.789,close,E3,8.5,inside,2,-3,none,not assessed,short,leap-up,7,no,7,middle,yes,no,no,highest of phrase
Sunless 04,0,19,3,A#3,58,ɨ,derived from Bozeman baritone,0.395,close,A#3,0.11,below primo,-1,-6,none,not assessed,short,leap-down,-3,no,7,last,no,no,no,turning pitch 0 to 2 st below
Sunless 04,0,20,4,G3,55,u,Bozeman baritone midpoint,0.789,close,E3,2.5,below primo,-4,-9,none,not assessed,short,leap-down,-3,yes,8,first,yes,no,no,highest of phrase
Sunless 04,0,21,1,F#3,54,a,derived from Bozeman baritone,0.789,open,F4,-10.92,below primo,-5,-10,none,not assessed,short,step,-1,no,8,last,no,no,no,
Sunless 04,0,21,2.5,F#3,54,ɑ,Bozeman baritone midpoint,0.395,open,D#4,-8.5,below primo,-5,-10,none,not assessed,short,repeated,0,yes,9,first,no,no,no,
Sunless 04,0,21,3,G3,55,e,Bozeman baritone midpoint,0.395,open,C4,-4.5,below primo,-4,-9,none,not assessed,short,step,1,no,9,middle,no,no,no,
Sunless 04,0,21,3.5,F#3,54,ɑ,Bozeman baritone midpoint,0.395,open,D#4,-8.5,below primo,-5,-10,none,not assessed,short,step,-1,no,9,middle,no,no,no,
Sunless 04,0,21,4,E3,52,ʌ,derived from Bozeman baritone,0.395,open,D#4,-10.5,below primo,-7,-12,none,not assessed,short,step,-2,no,9,middle,no,no,no,
Sunless 04,0,21,4.5,G3,55,ɑ,Bozeman baritone midpoint,0.395,open,D#4,-7.5,below primo,-4,-9,3,not assessed,short,leap-up,3,no,9,middle,no,no,no,
Sunless 04,0,22,1,A3,57,i,Bozeman baritone midpoint,0.789,close,E3,4.5,below primo,-2,-7,none,not assessed,short,step,2,no,9,middle,no,no,no,
Sunless 04,0,22,2,F#3,54,ɨ,derived from Bozeman baritone,0.395,open,A#3,-3.89,below primo,-5,-10,none,not assessed,short,leap-down,-3,no,9,middle,no,no,no,
Sunless 04,0,22,2.5,A3,57,ɑ,Bozeman baritone midpoint,0.395,open,D#4,-5.5,below primo,-2,-7,none,not assessed,short,leap-up,3,no,9,middle,no,no,no,
Sunless 04,0,23,1,C4,60,ɑ,Bozeman baritone midpoint,1.184,open,D#4,-2.5,inside,1,-4,none,not assessed,short,leap-up,3,no,9,middle,yes,no,no,highest of phrase
Sunless 04,0,23,2.5,A3,57,ɛ,Bozeman baritone midpoint,0.395,open,D4,-4.5,below primo,-2,-7,none,not assessed,short,leap-down,-3,no,9,middle,no,no,no,
Sunless 04,0,23,3,B3,59,u,Bozeman baritone midpoint,0.395,close,E3,6.5,inside,0,-5,none,not assessed,short,step,2,no,9,middle,no,no,no,
Sunless 04,0,23,3.5,F#3,54,ɑ,Bozeman baritone midpoint,0.395,open,D#4,-8.5,below primo,-5,-10,none,not assessed,short,leap-down,-5,no,9,middle,no,no,no,
Sunless 04,0,23,4,G3,55,e,Bozeman baritone midpoint,0.395,open,C4,-4.5,below primo,-4,-9,none,not assessed,short,step,1,no,9,middle,no,no,no,
Sunless 04,0,23,4.5,A3,57,ɑ,Bozeman baritone midpoint,0.395,open,D#4,-5.5,below primo,-2,-7,none,not assessed,short,step,2,no,9,middle,no,no,no,
Sunless 04,0,24,1,B3,59,o,Bozeman baritone midpoint,0.395,open,C4,-0.5,inside,0,-5,none,not assessed,short,step,2,no,9,last,no,no,no,
Sunless 04,0,24,2,E3,52,ɑ,Bozeman baritone midpoint,0.789,open,D#4,-10.5,below primo,-7,-12,none,not assessed,short,leap-down,-7,yes,10,first,no,no,no,
Sunless 04,0,24,3,B3,59,ɑ,Bozeman baritone midpoint,1.184,open,D#4,-3.5,inside,0,-5,none,not assessed,short,leap-up,7,no,10,middle,yes,no,no,highest of phrase
Sunless 04,0,24,4.5,A#3,58,ɪ,derived from Bozeman baritone,0.395,open,C4,-2.04,below primo,-1,-6,none,not assessed,short,step,-1,no,10,middle,no,no,no,
Sunless 04,0,25,1,G3,55,ɨ,derived from Bozeman baritone,0.395,open,A#3,-2.89,below primo,-4,-9,none,not assessed,short,leap-down,-3,no,10,middle,no,no,no,
Sunless 04,0,25,1.5,A#3,58,i,Bozeman baritone midpoint,0.395,close,E3,5.5,below primo,-1,-6,none,not assessed,short,leap-up,3,no,10,middle,no,no,no,
Sunless 04,0,25,2,F#3,54,ɑ,Bozeman baritone midpoint,0.395,open,D#4,-8.5,below primo,-5,-10,none,not assessed,short,leap-down,-4,no,10,middle,no,no,no,
Sunless 04,0,25,2.5,E3,52,i,Bozeman baritone midpoint,0.395,open,E3,-0.5,below primo,-7,-12,none,not assessed,short,step,-2,no,10,middle,no,no,no,
Sunless 04,0,25,3,G3,55,i,Bozeman baritone midpoint,0.789,close,E3,2.5,below primo,-4,-9,none,not assessed,short,leap-up,3,no,10,middle,no,no,no,
Sunless 04,0,25,4,E3,52,ɨ,derived from Bozeman baritone,0.395,open,A#3,-5.89,below primo,-7,-12,none,not assessed,short,leap-down,-3,no,10,last,no,no,no,
Sunless 04,0,26,1.5,E3,52,ɑ,Bozeman baritone midpoint,0.395,open,D#4,-10.5,below primo,-7,-12,none,not assessed,short,repeated,0,yes,11,first,no,no,no,
Sunless 04,0,26,2,A3,57,o,Bozeman baritone midpoint,0.395,open,C4,-2.5,below primo,-2,-7,none,not assessed,short,leap-up,5,no,11,middle,no,no,no,
Sunless 04,0,26,2.5,B3,59,u,Bozeman baritone midpoint,0.395,close,E3,6.5,inside,0,-5,none,not assessed,short,step,2,no,11,middle,no,no,no,
Sunless 04,0,26,3,C4,60,o,Bozeman baritone midpoint,0.789,close,C4,0.5,inside,1,-4,none,not assessed,short,step,1,no,11,last,yes,no,no,highest of phrase; turning pitch 0 to 2 st below
Sunless 04,0,27,2,F#3,54,i,Bozeman baritone midpoint,0.789,close,E3,1.5,below primo,-5,-10,none,not assessed,short,leap-down,-6,yes,12,first,no,no,no,turning pitch 0 to 2 st below
Sunless 04,0,27,3,B3,59,o,Bozeman baritone midpoint,0.592,open,C4,-0.5,inside,0,-5,none,not assessed,short,leap-up,5,no,12,middle,yes,no,no,highest of phrase
Sunless 04,0,27,3.75,D#3,51,ɑ,Bozeman baritone midpoint,0.197,open,D#4,-11.5,below primo,-8,-13,4,not assessed,short,leap-down,-8,no,12,middle,no,no,no,
Sunless 04,0,27,4,D#3,51,o,Bozeman baritone midpoint,0.395,open,C4,-8.5,below primo,-8,-13,none,not assessed,short,repeated,0,no,12,last,no,no,no,
Sunless 04,0,28,4,F#3,54,i,Bozeman baritone midpoint,0.789,close,E3,1.5,below primo,-5,-10,none,not assessed,short,leap-up,3,yes,13,first,yes,no,no,highest of phrase; turning pitch 0 to 2 st below
Sunless 04,0,29,1,F#3,54,o,Bozeman baritone midpoint,0.592,open,C4,-5.5,below primo,-5,-10,none,not assessed,short,repeated,0,no,13,middle,yes,no,no,highest of phrase
Sunless 04,0,29,1.75,B2,47,ɑ,Bozeman baritone midpoint,0.197,open,D#4,-15.5,below primo,-12,-17,5,not assessed,short,leap-down,-7,no,13,middle,no,no,no,
Sunless 04,0,29,2,B2,47,o,Bozeman baritone midpoint,0.395,open,C4,-12.5,below primo,-12,-17,none,not assessed,short,repeated,0,no,13,last,no,no,no,
Sunless 05,0,1,4.333,D#3,51,u,Bozeman baritone midpoint,0.37,open,E3,-1.5,below primo,-8,-13,none,not assessed,short,first note,,,0,first,yes,no,no,highest of phrase
Sunless 05,0,2,1,C##3,50,ɑ,Bozeman baritone midpoint,0.556,open,D#4,-12.5,below primo,-9,-14,none,not assessed,short,step,-1,no,0,middle,no,no,no,
Sunless 05,0,2,2,C##3,50,ɪ,derived from Bozeman baritone,0.278,open,C4,-10.04,below primo,-9,-14,none,not assessed,short,repeated,0,no,0,last,no,no,no,
Sunless 05,0,2,3,D3,50,ɛ,Bozeman baritone midpoint,0.833,open,D4,-11.5,below primo,-9,-14,4,not assessed,short,repeated,0,yes,1,first,no,no,no,
Sunless 05,0,2,4.5,D3,50,ɪ,derived from Bozeman baritone,0.278,open,C4,-10.04,below primo,-9,-14,none,not assessed,short,repeated,0,no,1,middle,no,no,no,
Sunless 05,0,3,1,E3,52,o,Bozeman baritone midpoint,0.556,open,C4,-7.5,below primo,-7,-12,3,not assessed,short,step,2,no,1,middle,yes,no,no,highest of phrase
Sunless 05,0,3,2,E3,52,o,Bozeman baritone midpoint,0.278,open,C4,-7.5,below primo,-7,-12,3,not assessed,short,tie,0,no,1,last,yes,no,no,highest of phrase
Sunless 05,0,3,4.5,E3,52,ɪ,derived from Bozeman baritone,0.278,open,C4,-8.04,below primo,-7,-12,none,not assessed,short,repeated,0,yes,2,first,no,no,no,
Sunless 05,0,4,1,E3,52,o,Bozeman baritone midpoint,0.417,open,C4,-7.5,below primo,-7,-12,3,not assessed,short,repeated,0,no,2,middle,no,no,no,
Sunless 05,0,4,1.75,G#3,56,ɑ,Bozeman baritone midpoint,0.139,open,D#4,-6.5,below primo,-3,-8,none,not assessed,short,leap-up,4,no,2,middle,no,no,no,
Sunless 05,0,4,2,D#3,51,ɑ,Bozeman baritone midpoint,0.278,open,D#4,-11.5,below primo,-8,-13,4,not assessed,short,leap-down,-5,no,2,middle,no,no,no,
Sunless 05,0,4,2.5,E3,52,ɪ,derived from Bozeman baritone,0.278,open,C4,-8.04,below primo,-7,-12,none,not assessed,short,step,1,no,2,middle,no,no,no,
Sunless 05,0,4,3,E#3,53,ɑ,Bozeman baritone midpoint,0.833,open,D#4,-9.5,below primo,-6,-11,none,not assessed,short,step,1,no,2,middle,no,no,no,
Sunless 05,0,4,4.5,E#3,53,o,Bozeman baritone midpoint,0.278,open,C4,-6.5,below primo,-6,-11,none,not assessed,short,repeated,0,no,2,middle,no,no,no,
Sunless 05,0,5,1,F#3,54,ɨ,derived from Bozeman baritone,0.278,open,A#3,-3.89,below primo,-5,-10,none,not assessed,short,step,1,no,2,middle,no,no,no,
Sunless 05,0,5,1.5,F#3,54,u,Bozeman baritone midpoint,0.278,close,E3,1.5,below primo,-5,-10,none,not assessed,short,repeated,0,no,2,middle,no,no,no,turning pitch 0 to 2 st below
Sunless 05,0,5,2,E#3,53,ʌ,derived from Bozeman baritone,0.278,open,D#4,-9.5,below primo,-6,-11,none,not assessed,short,step,-1,no,2,middle,no,no,no,
Sunless 05,0,5,2.5,D#3,51,ɑ,Bozeman baritone midpoint,0.278,open,D#4,-11.5,below primo,-8,-13,4,not assessed,short,step,-2,no,2,middle,no,no,no,
Sunless 05,0,5,3,F#3,54,o,Bozeman baritone midpoint,0.833,open,C4,-5.5,below primo,-5,-10,none,not assessed,short,leap-up,3,no,2,middle,no,no,no,
Sunless 05,0,5,4.5,F#3,54,ɪ,derived from Bozeman baritone,0.278,open,C4,-6.04,below primo,-5,-10,none,not assessed,short,repeated,0,no,2,middle,no,no,no,
Sunless 05,0,6,1,G#3,56,ɑ,Bozeman baritone midpoint,0.833,open,D#4,-6.5,below primo,-3,-8,none,not assessed,short,step,2,no,2,middle,no,no,no,
Sunless 05,0,6,2.5,G#3,56,ɪ,derived from Bozeman baritone,0.278,open,C4,-4.04,below primo,-3,-8,none,not assessed,short,repeated,0,no,2,middle,no,no,no,
Sunless 05,0,6,3,G#3,56,ʌ,derived from Bozeman baritone,0.556,open,D#4,-6.5,below primo,-3,-8,none,not assessed,short,repeated,0,no,2,middle,no,no,no,
Sunless 05,0,6,4,G#3,56,i,Bozeman baritone midpoint,0.556,close,E3,3.5,below primo,-3,-8,none,not assessed,short,repeated,0,no,2,middle,no,no,no,
Sunless 05,0,7,1,A3,57,o,Bozeman baritone midpoint,1.111,open,C4,-2.5,below primo,-2,-7,none,not assessed,short,step,1,no,2,middle,yes,no,no,highest of phrase
Sunless 05,0,7,3,F#3,54,ʌ,derived from Bozeman baritone,0.556,open,D#4,-8.5,below primo,-5,-10,none,not assessed,short,leap-down,-3,no,2,last,no,no,no,
Sunless 05,0,7,4.5,C#3,49,i,Bozeman baritone midpoint,0.278,open,E3,-3.5,below primo,-10,-15,none,not assessed,short,leap-down,-5,yes,3,first,no,no,no,
Sunless 05,0,8,1,E#3,53,ɑ,Bozeman baritone midpoint,0.833,open,D#4,-9.5,below primo,-6,-11,none,not assessed,short,leap-up,4,no,3,middle,no,no,no,
Sunless 05,0,8,2.5,G#3,56,u,Bozeman baritone midpoint,0.278,close,E3,3.5,below primo,-3,-8,none,not assessed,short,leap-up,3,no,3,middle,no,no,no,
Sunless 05,0,8,3,G3,55,ɪ,derived from Bozeman baritone,0.417,open,C4,-5.04,below primo,-4,-9,none,not assessed,short,step,-1,no,3,middle,no,no,no,
Sunless 05,0,8,3.75,G3,55,ɑ,Bozeman baritone midpoint,0.139,open,D#4,-7.5,below primo,-4,-9,3,not assessed,short,repeated,0,no,3,middle,no,no,no,
Sunless 05,0,8,4,E3,52,i,Bozeman baritone midpoint,0.278,open,E3,-0.5,below primo,-7,-12,none,not assessed,short,leap-down,-3,no,3,middle,no,no,no,
Sunless 05,0,8,4.5,A3,57,u,Bozeman baritone midpoint,0.278,close,E3,4.5,below primo,-2,-7,none,not assessed,short,leap-up,5,no,3,middle,no,no,no,
Sunless 05,0,9,1,B3,59,ɨ,derived from Bozeman baritone,0.417,close,A#3,1.11,inside,0,-5,none,not assessed,short,step,2,no,3,middle,no,no,no,turning pitch 0 to 2 st below
Sunless 05,0,9,1.75,G#3,56,ʌ,derived from Bozeman baritone,0.139,open,D#4,-6.5,below primo,-3,-8,none,not assessed,short,leap-down,-3,no,3,middle,no,no,no,
Sunless 05,0,9,2,A3,57,i,Bozeman baritone midpoint,0.278,close,E3,4.5,below primo,-2,-7,none,not assessed,short,step,1,no,3,middle,no,no,no,
Sunless 05,0,9,2.5,B3,59,ɑ,Bozeman baritone midpoint,0.278,open,D#4,-3.5,inside,0,-5,none,not assessed,short,step,2,no,3,middle,no,no,no,
Sunless 05,0,9,3,C#4,61,o,Bozeman baritone midpoint,0.556,close,C4,1.5,inside,2,-3,none,not assessed,short,step,2,no,3,middle,yes,no,no,highest of phrase; turning pitch 0 to 2 st below
Sunless 05,0,9,4,A3,57,ʌ,derived from Bozeman baritone,0.185,open,D#4,-5.5,below primo,-2,-7,none,not assessed,short,leap-down,-4,no,3,last,no,no,no,
Sunless 05,0,9,4.667,A3,57,ɑ,Bozeman baritone midpoint,0.185,open,D#4,-5.5,below primo,-2,-7,none,not assessed,short,repeated,0,yes,4,first,no,no,no,
Sunless 05,0,10,1,G#3,56,e,Bozeman baritone midpoint,0.556,open,C4,-3.5,below primo,-3,-8,none,not assessed,short,step,-1,no,4,middle,no,no,no,
Sunless 05,0,10,2,B3,59,ɑ,Bozeman baritone midpoint,0.556,open,D#4,-3.5,inside,0,-5,none,not assessed,short,leap-up,3,no,4,middle,yes,no,no,highest of phrase
Sunless 05,0,10,3,A3,57,u,Bozeman baritone midpoint,0.417,close,E3,4.5,below primo,-2,-7,none,not assessed,short,step,-2,no,4,middle,no,no,no,
Sunless 05,0,10,3.75,A3,57,i,Bozeman baritone midpoint,0.139,close,E3,4.5,below primo,-2,-7,none,not assessed,short,repeated,0,no,4,middle,no,no,no,
Sunless 05,0,10,4,E3,52,ɪ,derived from Bozeman baritone,0.278,open,C4,-8.04,below primo,-7,-12,none,not assessed,short,leap-down,-5,no,4,middle,no,no,no,
Sunless 05,0,10,4.5,C#3,49,ɑ,Bozeman baritone midpoint,0.278,open,D#4,-13.5,below primo,-10,-15,none,not assessed,short,leap-down,-3,no,4,middle,no,no,no,
Sunless 05,0,11,1,G#3,56,ɑ,Bozeman baritone midpoint,0.556,open,D#4,-6.5,below primo,-3,-8,none,not assessed,short,leap-up,7,no,4,middle,no,no,no,
Sunless 05,0,11,2,G#3,56,ɑ,Bozeman baritone midpoint,0.278,open,D#4,-6.5,below primo,-3,-8,none,not assessed,short,tie,0,no,4,last,no,no,no,
Sunless 05,0,11,4.5,C#4,61,ɑ,Bozeman baritone midpoint,0.278,open,D#4,-1.5,inside,2,-3,none,not assessed,short,leap-up,5,yes,5,first,no,no,no,
Sunless 05,0,12,1,D4,62,o,Bozeman baritone midpoint,0.278,close,C4,2.5,inside,3,-2,none,not assessed,short,step,1,no,5,middle,yes,no,no,highest of phrase
Sunless 05,0,12,1.5,F#3,54,i,Bozeman baritone midpoint,0.278,close,E3,1.5,below primo,-5,-10,none,not assessed,short,leap-down,-8,no,5,middle,no,no,no,turning pitch 0 to 2 st below
Sunless 05,0,12,2,E#3,53,ʌ,derived from Bozeman baritone,0.278,open,D#4,-9.5,below primo,-6,-11,none,not assessed,short,step,-1,no,5,middle,no,no,no,
Sunless 05,0,12,2.5,F#3,54,ɑ,Bozeman baritone midpoint,0.278,open,D#4,-8.5,below primo,-5,-10,none,not assessed,short,step,1,no,5,middle,no,no,no,
Sunless 05,0,12,3,B3,59,ɑ,Bozeman baritone midpoint,0.556,open,D#4,-3.5,inside,0,-5,none,not assessed,short,leap-up,5,no,5,last,no,no,no,
Sunless 05,0,12,4.5,C#4,61,i,Bozeman baritone midpoint,0.278,close,E3,8.5,inside,2,-3,none,not assessed,short,step,2,yes,6,first,no,no,no,
Sunless 05,0,13,1,D3,50,ɛ,Bozeman baritone midpoint,0.278,open,D4,-11.5,below primo,-9,-14,4,not assessed,short,leap-down,-11,no,6,middle,no,no,no,
Sunless 05,0,13,1.5,C#3,49,i,Bozeman baritone midpoint,0.278,open,E3,-3.5,below primo,-10,-15,none,not assessed,short,step,-1,no,6,middle,no,no,no,
Sunless 05,0,13,2,E3,52,ɨ,derived from Bozeman baritone,0.278,open,A#3,-5.89,below primo,-7,-12,none,not assessed,short,leap-up,3,no,6,middle,no,no,no,
Sunless 05,0,13,2.5,D3,50,ɪ,derived from Bozeman baritone,0.278,open,C4,-10.04,below primo,-9,-14,none,not assessed,short,step,-2,no,6,middle,no,no,no,
Sunless 05,0,13,3,B3,59,u,Bozeman baritone midpoint,0.556,close,E3,6.5,inside,0,-5,none,not assessed,short,leap-up,9,no,6,middle,no,no,no,
Sunless 05,0,13,4,F#3,54,ɨ,derived from Bozeman baritone,0.278,open,A#3,-3.89,below primo,-5,-10,none,not assessed,short,leap-down,-5,no,6,middle,no,no,no,
Sunless 05,0,13,4.5,F#3,54,ɪ,derived from Bozeman baritone,0.278,open,C4,-6.04,below primo,-5,-10,none,not assessed,short,repeated,0,no,6,middle,no,no,no,
Sunless 05,0,14,1,G3,55,u,Bozeman baritone midpoint,0.278,close,E3,2.5,below primo,-4,-9,none,not assessed,short,step,1,no,6,middle,no,no,no,
Sunless 05,0,14,1.5,F#3,54,none resolved,not assessed,0.278,not assessed,not assessed,not assessed,below primo,-5,-10,not assessed,not assessed,short,step,-1,no,6,middle,no,no,no,
Sunless 05,0,14,2,E#3,53,ɑ,Bozeman baritone midpoint,0.278,open,D#4,-9.5,below primo,-6,-11,none,not assessed,short,step,-1,no,6,middle,no,no,no,
Sunless 05,0,14,2.5,F#3,54,ɑ,Bozeman baritone midpoint,0.278,open,D#4,-8.5,below primo,-5,-10,none,not assessed,short,step,1,no,6,middle,no,no,no,
Sunless 05,0,14,3,B3,59,o,Bozeman baritone midpoint,0.833,open,C4,-0.5,inside,0,-5,none,not assessed,short,leap-up,5,no,6,middle,no,no,no,
Sunless 05,0,14,4.5,C#4,61,ɪ,derived from Bozeman baritone,0.278,close,C4,0.96,inside,2,-3,none,not assessed,short,step,2,no,6,middle,no,no,no,turning pitch 0 to 2 st below
Sunless 05,0,15,1,D4,62,o,Bozeman baritone midpoint,0.278,close,C4,2.5,inside,3,-2,none,not assessed,short,step,1,no,6,middle,yes,no,no,highest of phrase
Sunless 05,0,15,1.5,G#3,56,ɨ,derived from Bozeman baritone,0.278,open,A#3,-1.89,below primo,-3,-8,none,not assessed,short,leap-down,-6,no,6,middle,no,no,no,
Sunless 05,0,15,2,G3,55,i,Bozeman baritone midpoint,0.278,close,E3,2.5,below primo,-4,-9,none,not assessed,short,step,-1,no,6,middle,no,no,no,
Sunless 05,0,15,2.5,B3,59,u,Bozeman baritone midpoint,0.278,close,E3,6.5,inside,0,-5,none,not assessed,short,leap-up,4,no,6,middle,no,no,no,
Sunless 05,0,15,3,C#4,61,u,Bozeman baritone midpoint,0.556,close,E3,8.5,inside,2,-3,none,not assessed,short,step,2,no,6,middle,no,no,no,
Sunless 05,0,15,4,A#3,58,ɨ,derived from Bozeman baritone,0.278,close,A#3,0.11,below primo,-1,-6,none,not assessed,short,leap-down,-3,no,6,middle,no,no,no,turning pitch 0 to 2 st below
Sunless 05,0,15,4.5,F#3,54,i,Bozeman baritone midpoint,0.278,close,E3,1.5,below primo,-5,-10,none,not assessed,short,leap-down,-4,no,6,middle,no,no,no,turning pitch 0 to 2 st below
Sunless 05,0,16,1,G3,55,o,Bozeman baritone midpoint,0.833,open,C4,-4.5,below primo,-4,-9,none,not assessed,short,step,1,no,6,middle,no,no,no,
Sunless 05,0,16,2.5,G3,55,ɪ,derived from Bozeman baritone,0.278,open,C4,-5.04,below primo,-4,-9,none,not assessed,short,repeated,0,no,6,middle,no,no,no,
Sunless 05,0,16,3,Bb3,58,i,Bozeman baritone midpoint,0.556,close,E3,5.5,below primo,-1,-6,none,not assessed,short,leap-up,3,no,6,middle,no,no,no,
Sunless 05,0,16,4,C#4,61,ɑ,Bozeman baritone midpoint,0.556,open,D#4,-1.5,inside,2,-3,none,not assessed,short,leap-up,3,no,6,middle,no,no,no,
Sunless 05,0,17,1,A3,57,ɛ,Bozeman baritone midpoint,0.556,open,D4,-4.5,below primo,-2,-7,none,not assessed,short,leap-down,-4,no,6,last,no,no,no,
Sunless 05,0,17,4,A3,57,o,Bozeman baritone midpoint,0.556,open,C4,-2.5,below primo,-2,-7,none,not assessed,short,repeated,0,yes,7,first,no,no,no,
Sunless 05,0,18,1,B3,59,ɑ,Bozeman baritone midpoint,0.833,open,D#4,-3.5,inside,0,-5,none,not assessed,short,step,2,no,7,middle,yes,no,no,highest of phrase
Sunless 05,0,18,2.5,F#3,54,o,Bozeman baritone midpoint,0.278,open,C4,-5.5,below primo,-5,-10,none,not assessed,short,leap-down,-5,no,7,middle,no,no,no,
Sunless 05,0,18,3,F#3,54,ʌ,derived from Bozeman baritone,0.556,open,D#4,-8.5,below primo,-5,-10,none,not assessed,short,repeated,0,no,7,middle,no,no,no,
Sunless 05,0,18,4,G3,55,ɑ,Bozeman baritone midpoint,0.556,open,D#4,-7.5,below primo,-4,-9,3,not assessed,short,step,1,no,7,middle,no,no,no,
Sunless 05,0,19,1,B3,59,i,Bozeman baritone midpoint,0.556,close,E3,6.5,inside,0,-5,none,not assessed,short,leap-up,4,no,7,last,yes,no,no,highest of phrase
Sunless 05,0,19,4,A3,57,ɑ,Bozeman baritone midpoint,0.556,open,D#4,-5.5,below primo,-2,-7,none,not assessed,short,step,-2,yes,8,first,no,no,no,
Sunless 05,0,20,1,Bb3,58,o,Bozeman baritone midpoint,0.278,open,C4,-1.5,below primo,-1,-6,none,not assessed,short,step,1,no,8,middle,no,no,no,
Sunless 05,0,20,1.5,A3,57,o,Bozeman baritone midpoint,0.556,open,C4,-2.5,below primo,-2,-7,none,not assessed,short,step,-1,no,8,middle,no,no,no,
Sunless 05,0,20,2.5,D3,50,ɑ,Bozeman baritone midpoint,0.278,open,D#4,-12.5,below primo,-9,-14,none,not assessed,short,leap-down,-7,no,8,middle,no,no,no,
Sunless 05,0,20,3,D3,50,e,Bozeman baritone midpoint,0.417,open,C4,-9.5,below primo,-9,-14,none,not assessed,short,repeated,0,no,8,middle,no,no,no,
Sunless 05,0,20,3.75,C#3,49,ɑ,Bozeman baritone midpoint,0.139,open,D#4,-13.5,below primo,-10,-15,none,not assessed,short,step,-1,no,8,middle,no,no,no,
Sunless 05,0,20,4,C#3,49,ɨ,derived from Bozeman baritone,0.278,open,A#3,-8.89,below primo,-10,-15,none,not assessed,short,repeated,0,no,8,middle,no,no,no,
Sunless 05,0,20,4.5,C#4,61,ɑ,Bozeman baritone midpoint,0.278,open,D#4,-1.5,inside,2,-3,none,not assessed,short,leap-up,12,no,8,middle,no,no,no,
Sunless 05,0,21,1,D4,62,o,Bozeman baritone midpoint,0.278,close,C4,2.5,inside,3,-2,none,not assessed,short,step,1,no,8,middle,yes,no,no,highest of phrase
Sunless 05,0,21,1.5,A3,57,u,Bozeman baritone midpoint,0.278,close,E3,4.5,below primo,-2,-7,none,not assessed,short,leap-down,-5,no,8,middle,no,no,no,
Sunless 05,0,21,2,A3,57,ɪ,derived from Bozeman baritone,0.278,open,C4,-3.04,below primo,-2,-7,none,not assessed,short,repeated,0,no,8,middle,no,no,no,
Sunless 05,0,21,2.5,A3,57,ɨ,derived from Bozeman baritone,0.278,open,A#3,-0.89,below primo,-2,-7,none,not assessed,short,repeated,0,no,8,middle,no,no,no,
Sunless 05,0,21,3,G3,55,ɨ,derived from Bozeman baritone,0.556,open,A#3,-2.89,below primo,-4,-9,none,not assessed,short,step,-2,no,8,last,no,no,no,
Sunless 05,0,22,1,A3,57,i,Bozeman baritone midpoint,0.556,close,E3,4.5,below primo,-2,-7,none,not assessed,short,step,2,yes,9,first,yes,no,no,highest of phrase
Sunless 05,0,22,2,F#3,54,o,Bozeman baritone midpoint,0.278,open,C4,-5.5,below primo,-5,-10,none,not assessed,short,leap-down,-3,no,9,middle,no,no,no,
Sunless 05,0,22,2.5,D3,50,ɑ,Bozeman baritone midpoint,0.278,open,D#4,-12.5,below primo,-9,-14,none,not assessed,short,leap-down,-4,no,9,middle,no,no,no,
Sunless 05,0,22,3,G#3,56,e,Bozeman baritone midpoint,0.417,open,C4,-3.5,below primo,-3,-8,none,not assessed,short,leap-up,6,no,9,middle,no,no,no,
Sunless 05,0,22,3.75,F3,53,i,Bozeman baritone midpoint,0.139,close,E3,0.5,below primo,-6,-11,none,not assessed,short,leap-down,-3,no,9,middle,no,no,no,turning pitch 0 to 2 st below
Sunless 05,0,22,4,F3,53,ɑ,Bozeman baritone midpoint,0.278,open,D#4,-9.5,below primo,-6,-11,none,not assessed,short,repeated,0,no,9,last,no,no,no,
Sunless 05,0,23,2,A3,57,i,Bozeman baritone midpoint,0.556,close,E3,4.5,below primo,-2,-7,none,not assessed,short,leap-up,4,yes,10,first,no,no,no,
Sunless 05,0,23,3,D4,62,o,Bozeman baritone midpoint,0.556,close,C4,2.5,inside,3,-2,none,not assessed,short,leap-up,5,no,10,middle,yes,no,no,highest of phrase
Sunless 05,0,23,4,C4,60,o,Bozeman baritone midpoint,0.278,close,C4,0.5,inside,1,-4,none,not assessed,short,step,-2,no,10,middle,no,no,no,turning pitch 0 to 2 st below
Sunless 05,0,23,4.5,Bb3,58,ɨ,derived from Bozeman baritone,0.278,close,A#3,0.11,below primo,-1,-6,none,not assessed,short,step,-2,no,10,last,no,no,no,turning pitch 0 to 2 st below
Sunless 05,0,24,4.5,D3,50,ɪ,derived from Bozeman baritone,0.278,open,C4,-10.04,below primo,-9,-14,none,not assessed,short,leap-down,-8,yes,11,first,no,no,no,
Sunless 05,0,25,1,A3,57,u,Bozeman baritone midpoint,0.833,close,E3,4.5,below primo,-2,-7,none,not assessed,short,leap-up,7,no,11,middle,no,no,no,
Sunless 05,0,25,2.5,F3,53,none resolved,not assessed,0.278,not assessed,not assessed,not assessed,below primo,-6,-11,not assessed,not assessed,short,leap-down,-4,no,11,middle,no,no,no,
Sunless 05,0,25,3,G3,55,u,Bozeman baritone midpoint,0.417,close,E3,2.5,below primo,-4,-9,none,not assessed,short,step,2,no,11,middle,no,no,no,
Sunless 05,0,25,3.75,E3,52,ɨ,derived from Bozeman baritone,0.139,open,A#3,-5.89,below primo,-7,-12,none,not assessed,short,leap-down,-3,no,11,middle,no,no,no,
Sunless 05,0,25,4,E3,52,ɛ,Bozeman baritone midpoint,0.278,open,D4,-9.5,below primo,-7,-12,none,not assessed,short,repeated,0,no,11,middle,no,no,no,
Sunless 05,0,25,4.5,G3,55,ɪ,derived from Bozeman baritone,0.278,open,C4,-5.04,below primo,-4,-9,none,not assessed,short,leap-up,3,no,11,middle,no,no,no,
Sunless 05,0,26,1,A3,57,e,Bozeman baritone midpoint,0.278,open,C4,-2.5,below primo,-2,-7,none,not assessed,short,step,2,no,11,middle,no,no,no,
Sunless 05,0,26,1.5,F3,53,i,Bozeman baritone midpoint,0.278,close,E3,0.5,below primo,-6,-11,none,not assessed,short,leap-down,-4,no,11,middle,no,no,no,turning pitch 0 to 2 st below
Sunless 05,0,26,2,G3,55,i,Bozeman baritone midpoint,0.278,close,E3,2.5,below primo,-4,-9,none,not assessed,short,step,2,no,11,middle,no,no,no,
Sunless 05,0,26,2.5,A3,57,ɑ,Bozeman baritone midpoint,0.278,open,D#4,-5.5,below primo,-2,-7,none,not assessed,short,step,2,no,11,middle,no,no,no,
Sunless 05,0,26,3,B3,59,ɑ,Bozeman baritone midpoint,0.556,open,D#4,-3.5,inside,0,-5,none,not assessed,short,step,2,no,11,middle,yes,no,no,highest of phrase
Sunless 05,0,26,4,B3,59,ɑ,Bozeman baritone midpoint,0.278,open,D#4,-3.5,inside,0,-5,none,not assessed,short,tie,0,no,11,last,yes,no,no,highest of phrase
Sunless 05,0,27,1,F#3,54,o,Bozeman baritone midpoint,0.556,open,C4,-5.5,below primo,-5,-10,none,not assessed,short,leap-down,-5,yes,12,first,no,no,no,
Sunless 05,0,27,2,E#3,53,ɛ,Bozeman baritone midpoint,0.278,open,D4,-8.5,below primo,-6,-11,none,not assessed,short,step,-1,no,12,middle,no,no,no,
Sunless 05,0,27,2.5,F#3,54,ɑ,Bozeman baritone midpoint,0.278,open,D#4,-8.5,below primo,-5,-10,none,not assessed,short,step,1,no,12,middle,no,no,no,
Sunless 05,0,27,3,C##3,50,a,derived from Bozeman baritone,0.278,open,F4,-14.92,below primo,-9,-14,none,not assessed,short,leap-down,-4,no,12,middle,no,no,no,
Sunless 05,0,27,3.5,D#3,51,ɪ,derived from Bozeman baritone,0.278,open,C4,-9.04,below primo,-8,-13,none,not assessed,short,step,1,no,12,middle,no,no,no,
Sunless 05,0,27,4,G#3,56,ɨ,derived from Bozeman baritone,0.278,open,A#3,-1.89,below primo,-3,-8,none,not assessed,short,leap-up,5,no,12,middle,yes,no,no,highest of phrase
Sunless 05,0,27,4.5,G#3,56,u,Bozeman baritone midpoint,0.278,close,E3,3.5,below primo,-3,-8,none,not assessed,short,repeated,0,no,12,middle,yes,no,no,highest of phrase
Sunless 05,0,28,1,G#3,56,i,Bozeman baritone midpoint,0.278,close,E3,3.5,below primo,-3,-8,none,not assessed,short,repeated,0,no,12,middle,yes,no,no,highest of phrase
Sunless 05,0,28,1.5,E3,52,ʌ,derived from Bozeman baritone,0.278,open,D#4,-10.5,below primo,-7,-12,none,not assessed,short,leap-down,-4,no,12,middle,no,no,no,
Sunless 05,0,28,2,D#3,51,ʌ,derived from Bozeman baritone,0.278,open,D#4,-11.5,below primo,-8,-13,4,not assessed,short,step,-1,no,12,middle,no,no,no,
Sunless 05,0,28,2.5,C#3,49,i,Bozeman baritone midpoint,0.278,open,E3,-3.5,below primo,-10,-15,none,not assessed,short,step,-2,no,12,middle,no,no,no,
Sunless 05,0,28,3,F#3,54,ɑ,Bozeman baritone midpoint,0.556,open,D#4,-8.5,below primo,-5,-10,none,not assessed,short,leap-up,5,no,12,last,no,no,no,
Sunless 05,0,28,4.5,F#3,54,ɑ,Bozeman baritone midpoint,0.278,open,D#4,-8.5,below primo,-5,-10,none,not assessed,short,repeated,0,yes,13,first,no,no,no,
Sunless 05,0,29,1,A3,57,u,Bozeman baritone midpoint,0.417,close,E3,4.5,below primo,-2,-7,none,not assessed,short,leap-up,3,no,13,middle,no,no,no,
Sunless 05,0,29,1.75,A3,57,ɑ,Bozeman baritone midpoint,0.139,open,D#4,-5.5,below primo,-2,-7,none,not assessed,short,repeated,0,no,13,middle,no,no,no,
Sunless 05,0,29,2,G#3,56,ɑ,Bozeman baritone midpoint,0.278,open,D#4,-6.5,below primo,-3,-8,none,not assessed,short,step,-1,no,13,middle,no,no,no,
Sunless 05,0,29,2.5,A3,57,ɑ,Bozeman baritone midpoint,0.278,open,D#4,-5.5,below primo,-2,-7,none,not assessed,short,step,1,no,13,middle,no,no,no,
Sunless 05,0,29,3,B3,59,o,Bozeman baritone midpoint,0.278,open,C4,-0.5,inside,0,-5,none,not assessed,short,step,2,no,13,middle,no,no,no,
Sunless 05,0,29,3.5,G#3,56,u,Bozeman baritone midpoint,0.278,close,E3,3.5,below primo,-3,-8,none,not assessed,short,leap-down,-3,no,13,middle,no,no,no,
Sunless 05,0,29,4,C#4,61,ɨ,derived from Bozeman baritone,0.556,close,A#3,3.11,inside,2,-3,none,not assessed,short,leap-up,5,no,13,last,yes,no,no,highest of phrase
Sunless 05,0,30,1.5,C#4,61,ɨ,derived from Bozeman baritone,0.278,close,A#3,3.11,inside,2,-3,none,not assessed,short,repeated,0,yes,14,first,no,no,no,
Sunless 05,0,30,2,B#3,60,ɨ,derived from Bozeman baritone,0.278,close,A#3,2.11,inside,1,-4,none,not assessed,short,step,-1,no,14,middle,no,no,no,
Sunless 05,0,30,2.5,G##3,57,ɪ,derived from Bozeman baritone,0.278,open,C4,-3.04,below primo,-2,-7,none,not assessed,short,leap-down,-3,no,14,middle,no,no,no,
Sunless 05,0,30,3,A#3,58,o,Bozeman baritone midpoint,0.556,open,C4,-1.5,below primo,-1,-6,none,not assessed,short,step,1,no,14,middle,no,no,no,
Sunless 05,0,30,4,F#3,54,ɨ,derived from Bozeman baritone,0.278,open,A#3,-3.89,below primo,-5,-10,none,not assessed,short,leap-down,-4,no,14,middle,no,no,no,
Sunless 05,0,30,4.5,C#4,61,o,Bozeman baritone midpoint,0.278,close,C4,1.5,inside,2,-3,none,not assessed,short,leap-up,7,no,14,middle,no,no,no,turning pitch 0 to 2 st below
Sunless 05,0,31,1,D4,62,i,Bozeman baritone midpoint,0.278,close,E3,9.5,inside,3,-2,none,not assessed,short,step,1,no,14,middle,yes,no,no,highest of phrase
Sunless 05,0,31,1.5,F#3,54,ɨ,derived from Bozeman baritone,0.278,open,A#3,-3.89,below primo,-5,-10,none,not assessed,short,leap-down,-8,no,14,middle,no,no,no,
Sunless 05,0,31,2,E#3,53,o,Bozeman baritone midpoint,0.278,open,C4,-6.5,below primo,-6,-11,none,not assessed,short,step,-1,no,14,middle,no,no,no,
Sunless 05,0,31,2.5,F#3,54,ɨ,derived from Bozeman baritone,0.278,open,A#3,-3.89,below primo,-5,-10,none,not assessed,short,step,1,no,14,middle,no,no,no,
Sunless 05,0,31,3,B3,59,ɑ,Bozeman baritone midpoint,0.556,open,D#4,-3.5,inside,0,-5,none,not assessed,short,leap-up,5,no,14,last,no,no,no,
Sunless 05,0,31,4.5,C#4,61,ɑ,Bozeman baritone midpoint,0.278,open,D#4,-1.5,inside,2,-3,none,not assessed,short,step,2,yes,15,first,no,no,no,
Sunless 05,0,32,1,D3,50,ɨ,derived from Bozeman baritone,0.278,open,A#3,-7.89,below primo,-9,-14,none,not assessed,short,leap-down,-11,no,15,middle,no,no,no,
Sunless 05,0,32,1.5,C#3,49,ɪ,derived from Bozeman baritone,0.278,open,C4,-11.04,below primo,-10,-15,none,not assessed,short,step,-1,no,15,middle,no,no,no,
Sunless 05,0,32,2,E3,52,o,Bozeman baritone midpoint,0.278,open,C4,-7.5,below primo,-7,-12,3,not assessed,short,leap-up,3,no,15,middle,no,no,no,
Sunless 05,0,32,2.5,D3,50,u,Bozeman baritone midpoint,0.278,open,E3,-2.5,below primo,-9,-14,none,not assessed,short,step,-2,no,15,middle,no,no,no,
Sunless 05,0,32,3,B3,59,o,Bozeman baritone midpoint,0.556,open,C4,-0.5,inside,0,-5,none,not assessed,short,leap-up,9,no,15,middle,no,no,no,
Sunless 05,0,32,4,F#3,54,ɨ,derived from Bozeman baritone,0.278,open,A#3,-3.89,below primo,-5,-10,none,not assessed,short,leap-down,-5,no,15,middle,no,no,no,
Sunless 05,0,32,4.5,F#3,54,ɪ,derived from Bozeman baritone,0.278,open,C4,-6.04,below primo,-5,-10,none,not assessed,short,repeated,0,no,15,middle,no,no,no,
Sunless 05,0,33,1,G3,55,u,Bozeman baritone midpoint,0.278,close,E3,2.5,below primo,-4,-9,none,not assessed,short,step,1,no,15,middle,no,no,no,
Sunless 05,0,33,1.5,F#3,54,ɪ,derived from Bozeman baritone,0.278,open,C4,-6.04,below primo,-5,-10,none,not assessed,short,step,-1,no,15,middle,no,no,no,
Sunless 05,0,33,2,E#3,53,ʌ,derived from Bozeman baritone,0.278,open,D#4,-9.5,below primo,-6,-11,none,not assessed,short,step,-1,no,15,middle,no,no,no,
Sunless 05,0,33,2.5,F#3,54,ɑ,Bozeman baritone midpoint,0.278,open,D#4,-8.5,below primo,-5,-10,none,not assessed,short,step,1,no,15,middle,no,no,no,
Sunless 05,0,33,3,B3,59,o,Bozeman baritone midpoint,0.833,open,C4,-0.5,inside,0,-5,none,not assessed,short,leap-up,5,no,15,middle,no,no,no,
Sunless 05,0,33,4.5,C#4,61,u,Bozeman baritone midpoint,0.278,close,E3,8.5,inside,2,-3,none,not assessed,short,step,2,no,15,middle,no,no,no,
Sunless 05,0,34,1,D4,62,ɑ,Bozeman baritone midpoint,0.278,open,D#4,-0.5,inside,3,-2,none,not assessed,short,step,1,no,15,middle,yes,no,no,highest of phrase
Sunless 05,0,34,1.5,G#3,56,u,Bozeman baritone midpoint,0.278,close,E3,3.5,below primo,-3,-8,none,not assessed,short,leap-down,-6,no,15,middle,no,no,no,
Sunless 05,0,34,2,G3,55,o,Bozeman baritone midpoint,0.278,open,C4,-4.5,below primo,-4,-9,none,not assessed,short,step,-1,no,15,middle,no,no,no,
Sunless 05,0,34,2.5,B3,59,ɨ,derived from Bozeman baritone,0.278,close,A#3,1.11,inside,0,-5,none,not assessed,short,leap-up,4,no,15,middle,no,no,no,turning pitch 0 to 2 st below
Sunless 05,0,34,3,C#4,61,u,Bozeman baritone midpoint,0.278,close,E3,8.5,inside,2,-3,none,not assessed,short,step,2,no,15,last,no,no,no,
Sunless 05,0,34,4,C#4,61,i,Bozeman baritone midpoint,0.556,close,E3,8.5,inside,2,-3,none,not assessed,short,repeated,0,yes,16,first,no,no,no,
Sunless 05,0,35,1,D4,62,ɨ,derived from Bozeman baritone,0.556,close,A#3,4.11,inside,3,-2,none,not assessed,short,step,1,no,16,middle,yes,no,no,highest of phrase
Sunless 05,0,35,2,A3,57,ɨ,derived from Bozeman baritone,0.556,open,A#3,-0.89,below primo,-2,-7,none,not assessed,short,leap-down,-5,no,16,middle,no,no,no,
Sunless 05,0,35,3,Bb3,58,none resolved,not assessed,0.833,not assessed,not assessed,not assessed,below primo,-1,-6,not assessed,not assessed,short,step,1,no,16,middle,no,no,no,
Sunless 05,0,35,4.5,C4,60,ɑ,Bozeman baritone midpoint,0.278,open,D#4,-2.5,inside,1,-4,none,not assessed,short,step,2,no,16,middle,no,no,no,
Sunless 05,0,36,1,D4,62,i,Bozeman baritone midpoint,0.556,close,E3,9.5,inside,3,-2,none,not assessed,short,step,2,no,16,last,yes,no,no,highest of phrase
Sunless 05,0,36,3.5,D4,62,ɛ,Bozeman baritone midpoint,0.278,close,D4,0.5,inside,3,-2,none,not assessed,short,repeated,0,yes,17,first,yes,no,no,highest of phrase; turning pitch 0 to 2 st below
Sunless 05,0,36,4,C4,60,o,Bozeman baritone midpoint,0.278,close,C4,0.5,inside,1,-4,none,not assessed,short,step,-2,no,17,middle,no,no,no,turning pitch 0 to 2 st below
Sunless 05,0,36,4.5,B3,59,o,Bozeman baritone midpoint,0.278,open,C4,-0.5,inside,0,-5,none,not assessed,short,step,-1,no,17,middle,no,no,no,
Sunless 05,0,37,1,C4,60,ɨ,derived from Bozeman baritone,0.833,close,A#3,2.11,inside,1,-4,none,not assessed,short,step,1,no,17,middle,no,no,no,
Sunless 05,0,37,2.5,B3,59,i,Bozeman baritone midpoint,0.278,close,E3,6.5,inside,0,-5,none,not assessed,short,step,-1,no,17,middle,no,no,no,
Sunless 05,0,37,3,A3,57,u,Bozeman baritone midpoint,0.556,close,E3,4.5,below primo,-2,-7,none,not assessed,short,step,-2,no,17,last,no,no,no,
Sunless 05,0,37,4.5,F#3,54,o,Bozeman baritone midpoint,0.278,open,C4,-5.5,below primo,-5,-10,none,not assessed,short,leap-down,-3,yes,18,first,no,no,no,
Sunless 05,0,38,1,G3,55,ɨ,derived from Bozeman baritone,0.556,open,A#3,-2.89,below primo,-4,-9,none,not assessed,short,step,1,no,18,middle,no,no,no,
Sunless 05,0,38,2,G3,55,ɪ,derived from Bozeman baritone,0.556,open,C4,-5.04,below primo,-4,-9,none,not assessed,short,repeated,0,no,18,middle,no,no,no,
Sunless 05,0,38,3,C4,60,u,Bozeman baritone midpoint,0.833,close,E3,7.5,inside,1,-4,none,not assessed,short,leap-up,5,no,18,middle,no,no,no,
Sunless 05,0,38,4.5,B3,59,ʌ,derived from Bozeman baritone,0.278,open,D#4,-3.5,inside,0,-5,none,not assessed,short,step,-1,no,18,middle,no,no,no,
Sunless 05,0,39,1,E4,64,ɛ,Bozeman baritone midpoint,0.556,close,D4,2.5,inside,5,0,none,not assessed,short,leap-up,5,no,18,last,yes,yes,yes,highest of phrase
Sunless 05,0,39,3,C4,60,ɑ,Bozeman baritone midpoint,1.111,open,D#4,-2.5,inside,1,-4,none,not assessed,short,leap-down,-4,yes,19,first,yes,no,no,highest of phrase
Sunless 05,0,40,1,E3,52,ɨ,derived from Bozeman baritone,0.278,open,A#3,-5.89,below primo,-7,-12,none,not assessed,short,leap-down,-8,no,19,middle,no,no,no,
Sunless 05,0,40,1.5,D#3,51,ɑ,Bozeman baritone midpoint,0.278,open,D#4,-11.5,below primo,-8,-13,4,not assessed,short,step,-1,no,19,middle,no,no,no,
Sunless 05,0,40,2,G3,55,ɑ,Bozeman baritone midpoint,0.278,open,D#4,-7.5,below primo,-4,-9,3,not assessed,short,leap-up,4,no,19,middle,no,no,no,
Sunless 05,0,40,2.5,F#3,54,ɨ,derived from Bozeman baritone,0.278,open,A#3,-3.89,below primo,-5,-10,none,not assessed,short,step,-1,no,19,middle,no,no,no,
Sunless 05,0,40,3,A#3,58,o,Bozeman baritone midpoint,0.278,open,C4,-1.5,below primo,-1,-6,none,not assessed,short,leap-up,4,no,19,middle,no,no,no,
Sunless 05,0,40,3.5,A#3,58,ʌ,derived from Bozeman baritone,0.278,open,D#4,-4.5,below primo,-1,-6,none,not assessed,short,repeated,0,no,19,last,no,no,no,
Sunless 05,0,40,4.5,A#3,58,ɨ,derived from Bozeman baritone,0.278,close,A#3,0.11,below primo,-1,-6,none,not assessed,short,repeated,0,yes,20,first,no,no,no,turning pitch 0 to 2 st below
Sunless 05,0,41,1,B3,59,e,Bozeman baritone midpoint,0.556,open,C4,-0.5,inside,0,-5,none,not assessed,short,step,1,no,20,middle,no,no,no,
Sunless 05,0,41,2,C4,60,ʌ,derived from Bozeman baritone,0.556,open,D#4,-2.5,inside,1,-4,none,not assessed,short,step,1,no,20,middle,no,no,no,
Sunless 05,0,41,3,E4,64,ɛ,Bozeman baritone midpoint,0.278,close,D4,2.5,inside,5,0,none,not assessed,short,leap-up,4,no,20,middle,yes,yes,yes,highest of phrase
Sunless 05,0,41,3.5,D4,62,ʌ,derived from Bozeman baritone,0.278,open,D#4,-0.5,inside,3,-2,none,not assessed,short,step,-2,no,20,middle,no,no,no,
Sunless 05,0,41,4,D4,62,i,Bozeman baritone midpoint,0.278,close,E3,9.5,inside,3,-2,none,not assessed,short,repeated,0,no,20,last,no,no,no,
Sunless 05,0,42,1.5,G3,55,ɛ,Bozeman baritone midpoint,0.278,open,D4,-6.5,below primo,-4,-9,none,not assessed,short,leap-down,-7,yes,21,first,no,no,no,
Sunless 05,0,42,2,C4,60,ɑ,Bozeman baritone midpoint,0.278,open,D#4,-2.5,inside,1,-4,none,not assessed,short,leap-up,5,no,21,middle,yes,no,no,highest of phrase
Sunless 05,0,42,2.5,C4,60,u,Bozeman baritone midpoint,0.278,close,E3,7.5,inside,1,-4,none,not assessed,short,repeated,0,no,21,middle,yes,no,no,highest of phrase
Sunless 05,0,42,3,E3,52,ɨ,derived from Bozeman baritone,0.556,open,A#3,-5.89,below primo,-7,-12,none,not assessed,short,leap-down,-8,no,21,middle,no,no,no,
Sunless 05,0,42,4,G3,55,ɨ,derived from Bozeman baritone,0.556,open,A#3,-2.89,below primo,-4,-9,none,not assessed,short,leap-up,3,no,21,middle,no,no,no,
Sunless 05,0,43,1,A#3,58,o,Bozeman baritone midpoint,0.556,open,C4,-1.5,below primo,-1,-6,none,not assessed,short,leap-up,3,no,21,middle,no,no,no,
Sunless 05,0,43,2,A#3,58,o,Bozeman baritone midpoint,0.278,open,C4,-1.5,below primo,-1,-6,none,not assessed,short,repeated,0,no,21,last,no,no,no,
Sunless 05,0,43,4.5,A#3,58,u,Bozeman baritone midpoint,0.278,close,E3,5.5,below primo,-1,-6,none,not assessed,short,repeated,0,yes,22,first,yes,no,no,highest of phrase
Sunless 05,0,44,1,A#3,58,ɨ,derived from Bozeman baritone,1.111,close,A#3,0.11,below primo,-1,-6,none,not assessed,short,repeated,0,no,22,middle,yes,no,no,highest of phrase; turning pitch 0 to 2 st below
Sunless 05,0,44,3,A3,57,ɨ,derived from Bozeman baritone,0.556,open,A#3,-0.89,below primo,-2,-7,none,not assessed,short,step,-1,no,22,middle,no,no,no,
Sunless 05,0,44,4,A3,57,ɨ,derived from Bozeman baritone,0.278,open,A#3,-0.89,below primo,-2,-7,none,not assessed,short,tie,0,no,22,last,no,no,no,
Sunless 05,0,45,1,F#3,54,e,Bozeman baritone midpoint,1.667,open,C4,-5.5,below primo,-5,-10,none,not assessed,short,leap-down,-3,yes,23,first,yes,no,no,highest of phrase
Sunless 05,0,45,4,F#3,54,i,Bozeman baritone midpoint,0.556,close,E3,1.5,below primo,-5,-10,none,not assessed,short,repeated,0,no,23,middle,yes,no,no,highest of phrase; turning pitch 0 to 2 st below
Sunless 05,0,46,1,F#3,54,o,Bozeman baritone midpoint,1.111,open,C4,-5.5,below primo,-5,-10,none,not assessed,short,repeated,0,no,23,last,yes,no,no,highest of phrase
Sunless 05,0,48,4,F#3,54,ɪ,derived from Bozeman baritone,0.556,open,C4,-6.04,below primo,-5,-10,none,not assessed,short,repeated,0,yes,24,first,no,no,no,
Sunless 05,0,49,1,F#3,54,e,Bozeman baritone midpoint,0.833,open,C4,-5.5,below primo,-5,-10,none,not assessed,short,repeated,0,no,24,middle,no,no,no,
Sunless 05,0,49,2.5,F#3,54,i,Bozeman baritone midpoint,0.278,close,E3,1.5,below primo,-5,-10,none,not assessed,short,repeated,0,no,24,middle,no,no,no,turning pitch 0 to 2 st below
Sunless 05,0,49,3,G#3,56,ʌ,derived from Bozeman baritone,0.556,open,D#4,-6.5,below primo,-3,-8,none,not assessed,short,step,2,no,24,middle,no,no,no,
Sunless 05,0,49,4,F#3,54,ɪ,derived from Bozeman baritone,0.556,open,C4,-6.04,below primo,-5,-10,none,not assessed,short,step,-2,no,24,middle,no,no,no,
Sunless 05,0,50,1,A#3,58,ɑ,Bozeman baritone midpoint,0.278,open,D#4,-4.5,below primo,-1,-6,none,not assessed,short,leap-up,4,no,24,last,yes,no,no,highest of phrase
Sunless 05,0,50,2,A#3,58,ɑ,Bozeman baritone midpoint,0.556,open,D#4,-4.5,below primo,-1,-6,none,not assessed,short,repeated,0,yes,25,first,no,no,no,
Sunless 05,0,50,3,B3,59,u,Bozeman baritone midpoint,0.556,close,E3,6.5,inside,0,-5,none,not assessed,short,step,1,no,25,middle,yes,no,no,highest of phrase
Sunless 05,0,50,4,D3,50,ʌ,derived from Bozeman baritone,0.556,open,D#4,-12.5,below primo,-9,-14,none,not assessed,short,leap-down,-9,no,25,middle,no,no,no,
Sunless 05,0,51,1,E3,52,o,Bozeman baritone midpoint,0.278,open,C4,-7.5,below primo,-7,-12,3,not assessed,short,step,2,no,25,middle,no,no,no,
Sunless 05,0,51,1.5,D3,50,ɑ,Bozeman baritone midpoint,0.278,open,D#4,-12.5,below primo,-9,-14,none,not assessed,short,step,-2,no,25,middle,no,no,no,
Sunless 05,0,51,2,F#3,54,ɑ,Bozeman baritone midpoint,0.278,open,D#4,-8.5,below primo,-5,-10,none,not assessed,short,leap-up,4,no,25,middle,no,no,no,
Sunless 05,0,51,2.5,A3,57,ɨ,derived from Bozeman baritone,0.278,open,A#3,-0.89,below primo,-2,-7,none,not assessed,short,leap-up,3,no,25,middle,no,no,no,
Sunless 05,0,51,3,B3,59,ɑ,Bozeman baritone midpoint,0.556,open,D#4,-3.5,inside,0,-5,none,not assessed,short,step,2,no,25,last,yes,no,no,highest of phrase
Sunless 05,0,51,4.5,B3,59,ɨ,derived from Bozeman baritone,0.278,close,A#3,1.11,inside,0,-5,none,not assessed,short,repeated,0,yes,26,first,yes,no,no,highest of phrase; turning pitch 0 to 2 st below
Sunless 05,0,52,1,F#3,54,ɑ,Bozeman baritone midpoint,0.278,open,D#4,-8.5,below primo,-5,-10,none,not assessed,short,leap-down,-5,no,26,middle,no,no,no,
Sunless 05,0,52,1.5,F#3,54,ɪ,derived from Bozeman baritone,0.278,open,C4,-6.04,below primo,-5,-10,none,not assessed,short,repeated,0,no,26,middle,no,no,no,
Sunless 05,0,52,2,E3,52,ɛ,Bozeman baritone midpoint,0.278,open,D4,-9.5,below primo,-7,-12,none,not assessed,short,step,-2,no,26,middle,no,no,no,
Sunless 05,0,52,2.5,D#3,51,ɨ,derived from Bozeman baritone,0.278,open,A#3,-6.89,below primo,-8,-13,3,not assessed,short,step,-1,no,26,middle,no,no,no,
Sunless 05,0,52,3,F#3,54,i,Bozeman baritone midpoint,0.833,close,E3,1.5,below primo,-5,-10,none,not assessed,short,leap-up,3,no,26,middle,no,no,no,turning pitch 0 to 2 st below
Sunless 05,0,52,4.5,F#3,54,u,Bozeman baritone midpoint,0.278,close,E3,1.5,below primo,-5,-10,none,not assessed,short,repeated,0,no,26,middle,no,no,no,turning pitch 0 to 2 st below
Sunless 05,0,53,1,G#3,56,ɑ,Bozeman baritone midpoint,0.833,open,D#4,-6.5,below primo,-3,-8,none,not assessed,short,step,2,no,26,middle,no,no,no,
Sunless 05,0,53,2.5,G#3,56,ɪ,derived from Bozeman baritone,0.278,open,C4,-4.04,below primo,-3,-8,none,not assessed,short,repeated,0,no,26,middle,no,no,no,
Sunless 05,0,53,3,G#3,56,ɪ,derived from Bozeman baritone,0.556,open,C4,-4.04,below primo,-3,-8,none,not assessed,short,repeated,0,no,26,middle,no,no,no,
Sunless 05,0,53,4,G#3,56,ɑ,Bozeman baritone midpoint,0.556,open,D#4,-6.5,below primo,-3,-8,none,not assessed,short,repeated,0,no,26,middle,no,no,no,
Sunless 05,0,54,1,A3,57,ɑ,Bozeman baritone midpoint,1.111,open,D#4,-5.5,below primo,-2,-7,none,not assessed,short,step,1,no,26,middle,no,no,no,
Sunless 05,0,54,3,F#3,54,ʌ,derived from Bozeman baritone,0.278,open,D#4,-8.5,below primo,-5,-10,none,not assessed,short,leap-down,-3,no,26,last,no,no,no,
Sunless 05,0,54,4,F#3,54,ɑ,Bozeman baritone midpoint,0.556,open,D#4,-8.5,below primo,-5,-10,none,not assessed,short,repeated,0,yes,27,first,no,no,no,
Sunless 05,0,55,1,F#3,54,u,Bozeman baritone midpoint,0.833,close,E3,1.5,below primo,-5,-10,none,not assessed,short,repeated,0,no,27,middle,no,no,no,turning pitch 0 to 2 st below
Sunless 05,0,55,2.5,F#3,54,u,Bozeman baritone midpoint,0.278,close,E3,1.5,below primo,-5,-10,none,not assessed,short,repeated,0,no,27,middle,no,no,no,turning pitch 0 to 2 st below
Sunless 05,0,55,3,A#3,58,ʌ,derived from Bozeman baritone,0.556,open,D#4,-4.5,below primo,-1,-6,none,not assessed,short,leap-up,4,no,27,middle,no,no,no,
Sunless 05,0,55,4,C#4,61,ɑ,Bozeman baritone midpoint,0.556,open,D#4,-1.5,inside,2,-3,none,not assessed,short,leap-up,3,no,27,middle,no,no,no,
Sunless 05,0,56,1,D4,62,ɑ,Bozeman baritone midpoint,0.556,open,D#4,-0.5,inside,3,-2,none,not assessed,short,step,1,no,27,middle,yes,no,no,highest of phrase
Sunless 05,0,56,2,D4,62,ɑ,Bozeman baritone midpoint,0.278,open,D#4,-0.5,inside,3,-2,none,not assessed,short,tie,0,no,27,last,yes,no,no,highest of phrase
Sunless 05,0,56,4,D3,50,ɪ,derived from Bozeman baritone,0.556,open,C4,-10.04,below primo,-9,-14,none,not assessed,short,leap-down,-12,yes,28,first,no,no,no,
Sunless 05,0,57,1,F#3,54,o,Bozeman baritone midpoint,1.667,open,C4,-5.5,below primo,-5,-10,none,not assessed,short,leap-up,4,no,28,middle,no,no,no,
Sunless 05,0,57,4,F#3,54,i,Bozeman baritone midpoint,0.556,close,E3,1.5,below primo,-5,-10,none,not assessed,short,repeated,0,no,28,middle,no,no,no,turning pitch 0 to 2 st below
Sunless 05,0,58,1,F#3,54,ɪ,derived from Bozeman baritone,1.111,open,C4,-6.04,below primo,-5,-10,none,not assessed,short,repeated,0,no,28,middle,no,no,no,
Sunless 05,0,58,3,B3,59,ɑ,Bozeman baritone midpoint,1.111,open,D#4,-3.5,inside,0,-5,none,not assessed,short,leap-up,5,no,28,middle,yes,no,no,highest of phrase
Sunless 05,0,59,1,F#3,54,ɑ,Bozeman baritone midpoint,1.111,open,D#4,-8.5,below primo,-5,-10,none,not assessed,short,leap-down,-5,no,28,middle,no,no,no,
Sunless 05,0,59,3,F#3,54,ʌ,derived from Bozeman baritone,0.556,open,D#4,-8.5,below primo,-5,-10,none,not assessed,short,repeated,0,no,28,last,no,no,no,
Sunless 06,0,2,1,C#3,49,e,Bozeman baritone midpoint,1,open,C4,-10.5,below primo,-10,-15,none,not assessed,short,first note,,,0,first,no,no,no,
Sunless 06,0,2,3,D#3,51,ɑ,Bozeman baritone midpoint,0.5,open,D#4,-11.5,below primo,-8,-13,4,not assessed,short,step,2,no,0,middle,no,no,no,
Sunless 06,0,2,4,E#3,53,ɑ,Bozeman baritone midpoint,0.5,open,D#4,-9.5,below primo,-6,-11,none,not assessed,short,step,2,no,0,middle,no,no,no,
Sunless 06,0,3,1,F#3,54,u,Bozeman baritone midpoint,1,close,E3,1.5,below primo,-5,-10,none,not assessed,short,step,1,no,0,middle,no,no,no,turning pitch 0 to 2 st below
Sunless 06,0,3,3,D#3,51,i,Bozeman baritone midpoint,0.5,open,E3,-1.5,below primo,-8,-13,none,not assessed,short,leap-down,-3,no,0,middle,no,no,no,
Sunless 06,0,3,4,F#3,54,ɨ,derived from Bozeman baritone,0.5,open,A#3,-3.89,below primo,-5,-10,none,not assessed,short,leap-up,3,no,0,middle,no,no,no,
Sunless 06,0,4,1,G#3,56,o,Bozeman baritone midpoint,1,open,C4,-3.5,below primo,-3,-8,none,not assessed,short,step,2,no,0,middle,no,no,no,
Sunless 06,0,4,3,A3,57,ɨ,derived from Bozeman baritone,0.5,open,A#3,-0.89,below primo,-2,-7,none,not assessed,short,step,1,no,0,middle,no,no,no,
Sunless 06,0,4,4,G#3,56,ɑ,Bozeman baritone midpoint,0.5,open,D#4,-6.5,below primo,-3,-8,none,not assessed,short,step,-1,no,0,middle,no,no,no,
Sunless 06,0,5,1,C#4,61,o,Bozeman baritone midpoint,0.75,close,C4,1.5,inside,2,-3,none,not assessed,short,leap-up,5,no,0,middle,yes,no,no,highest of phrase; turning pitch 0 to 2 st below
Sunless 06,0,5,2.5,F#3,54,i,Bozeman baritone midpoint,0.25,close,E3,1.5,below primo,-5,-10,none,not assessed,short,leap-down,-7,no,0,middle,no,no,no,turning pitch 0 to 2 st below
Sunless 06,0,5,3,F#3,54,ɪ,derived from Bozeman baritone,0.5,open,C4,-6.04,below primo,-5,-10,none,not assessed,short,repeated,0,no,0,last,no,no,no,
Sunless 06,0,6,1,A3,57,i,Bozeman baritone midpoint,1,close,E3,4.5,below primo,-2,-7,none,not assessed,short,leap-up,3,yes,1,first,yes,no,no,highest of phrase
Sunless 06,0,6,3,E3,52,ɪ,derived from Bozeman baritone,0.5,open,C4,-8.04,below primo,-7,-12,none,not assessed,short,leap-down,-5,no,1,middle,no,no,no,
Sunless 06,0,6,4,F#3,54,ʌ,derived from Bozeman baritone,0.5,open,D#4,-8.5,below primo,-5,-10,none,not assessed,short,step,2,no,1,middle,no,no,no,
Sunless 06,0,7,1,A3,57,ɛ,Bozeman baritone midpoint,1,open,D4,-4.5,below primo,-2,-7,none,not assessed,short,leap-up,3,no,1,middle,yes,no,no,highest of phrase
Sunless 06,0,7,3,E3,52,ɑ,Bozeman baritone midpoint,0.25,open,D#4,-10.5,below primo,-7,-12,none,not assessed,short,leap-down,-5,no,1,last,no,no,no,
Sunless 06,0,7,4,F#3,54,o,Bozeman baritone midpoint,0.5,open,C4,-5.5,below primo,-5,-10,none,not assessed,short,step,2,yes,2,first,no,no,no,
Sunless 06,0,8,1,G#3,56,ɑ,Bozeman baritone midpoint,1,open,D#4,-6.5,below primo,-3,-8,none,not assessed,short,step,2,no,2,middle,yes,no,no,highest of phrase
Sunless 06,0,8,3,D#3,51,i,Bozeman baritone midpoint,0.5,open,E3,-1.5,below primo,-8,-13,none,not assessed,short,leap-down,-5,no,2,middle,no,no,no,
Sunless 06,0,8,4,E#3,53,u,Bozeman baritone midpoint,0.5,close,E3,0.5,below primo,-6,-11,none,not assessed,short,step,2,no,2,middle,no,no,no,turning pitch 0 to 2 st below
Sunless 06,0,9,1,G#3,56,u,Bozeman baritone midpoint,0.75,close,E3,3.5,below primo,-3,-8,none,not assessed,short,leap-up,3,no,2,middle,yes,no,no,highest of phrase
Sunless 06,0,9,2.5,E#3,53,u,Bozeman baritone midpoint,0.25,close,E3,0.5,below primo,-6,-11,none,not assessed,short,leap-down,-3,no,2,middle,no,no,no,turning pitch 0 to 2 st below
Sunless 06,0,9,3,E#3,53,none resolved,not assessed,0.5,not assessed,not assessed,not assessed,below primo,-6,-11,not assessed,not assessed,short,repeated,0,no,2,last,no,no,no,
Sunless 06,0,10,1,A3,57,o,Bozeman baritone midpoint,1,open,C4,-2.5,below primo,-2,-7,none,not assessed,short,leap-up,4,yes,3,first,no,no,no,
Sunless 06,0,10,3,E3,52,ɑ,Bozeman baritone midpoint,0.25,open,D#4,-10.5,below primo,-7,-12,none,not assessed,short,leap-down,-5,no,3,middle,no,no,no,
Sunless 06,0,10,3.5,F#3,54,ɑ,Bozeman baritone midpoint,0.25,open,D#4,-8.5,below primo,-5,-10,none,not assessed,short,step,2,no,3,middle,no,no,no,
Sunless 06,0,10,4,E3,52,ɑ,Bozeman baritone midpoint,0.25,open,D#4,-10.5,below primo,-7,-12,none,not assessed,short,step,-2,no,3,middle,no,no,no,
Sunless 06,0,10,4.5,C#3,49,ɑ,Bozeman baritone midpoint,0.25,open,D#4,-13.5,below primo,-10,-15,none,not assessed,short,leap-down,-3,no,3,middle,no,no,no,
Sunless 06,0,11,1,G#3,56,u,Bozeman baritone midpoint,0.5,close,E3,3.5,below primo,-3,-8,none,not assessed,short,leap-up,7,no,3,middle,no,no,no,
Sunless 06,0,11,2,A#3,58,u,Bozeman baritone midpoint,0.5,close,E3,5.5,below primo,-1,-6,none,not assessed,short,step,2,no,3,middle,yes,no,no,highest of phrase
Sunless 06,0,11,3,E#3,53,ɑ,Bozeman baritone midpoint,0.25,open,D#4,-9.5,below primo,-6,-11,none,not assessed,short,leap-down,-5,no,3,last,no,no,no,
Sunless 06,0,11,4,G#3,56,ɑ,Bozeman baritone midpoint,0.5,open,D#4,-6.5,below primo,-3,-8,none,not assessed,short,leap-up,3,yes,4,first,no,no,no,
Sunless 06,0,12,1,A3,57,o,Bozeman baritone midpoint,1,open,C4,-2.5,below primo,-2,-7,none,not assessed,short,step,1,no,4,middle,no,no,no,
Sunless 06,0,12,3,E3,52,ɨ,derived from Bozeman baritone,0.25,open,A#3,-5.89,below primo,-7,-12,none,not assessed,short,leap-down,-5,no,4,middle,no,no,no,
Sunless 06,0,12,3.5,F#3,54,ɨ,derived from Bozeman baritone,0.25,open,A#3,-3.89,below primo,-5,-10,none,not assessed,short,step,2,no,4,middle,no,no,no,
Sunless 06,0,12,4,E3,52,u,Bozeman baritone midpoint,0.25,open,E3,-0.5,below primo,-7,-12,none,not assessed,short,step,-2,no,4,middle,no,no,no,
Sunless 06,0,12,4.5,C#3,49,u,Bozeman baritone midpoint,0.25,open,E3,-3.5,below primo,-10,-15,none,not assessed,short,leap-down,-3,no,4,middle,no,no,no,
Sunless 06,0,13,1,G#3,56,o,Bozeman baritone midpoint,0.5,open,C4,-3.5,below primo,-3,-8,none,not assessed,short,leap-up,7,no,4,middle,no,no,no,
Sunless 06,0,13,2,A#3,58,o,Bozeman baritone midpoint,0.25,open,C4,-1.5,below primo,-1,-6,none,not assessed,short,step,2,no,4,middle,yes,no,no,highest of phrase
Sunless 06,0,13,2.5,E#3,53,i,Bozeman baritone midpoint,0.25,close,E3,0.5,below primo,-6,-11,none,not assessed,short,leap-down,-5,no,4,middle,no,no,no,turning pitch 0 to 2 st below
Sunless 06,0,13,3,E#3,53,ɪ,derived from Bozeman baritone,0.5,open,C4,-7.04,below primo,-6,-11,3,not assessed,short,repeated,0,no,4,last,no,no,no,
Sunless 06,0,14,1,F#3,54,ɑ,Bozeman baritone midpoint,1,open,D#4,-8.5,below primo,-5,-10,none,not assessed,short,step,1,yes,5,first,no,no,no,
Sunless 06,0,14,3,E3,52,ɨ,derived from Bozeman baritone,0.5,open,A#3,-5.89,below primo,-7,-12,none,not assessed,short,step,-2,no,5,middle,no,no,no,
Sunless 06,0,14,4,D3,50,ɑ,Bozeman baritone midpoint,0.5,open,D#4,-12.5,below primo,-9,-14,none,not assessed,short,step,-2,no,5,middle,no,no,no,
Sunless 06,0,15,1,F#3,54,ɛ,Bozeman baritone midpoint,1,open,D4,-7.5,below primo,-5,-10,3,not assessed,short,leap-up,4,no,5,middle,no,no,no,
Sunless 06,0,15,3,E3,52,ɨ,derived from Bozeman baritone,0.5,open,A#3,-5.89,below primo,-7,-12,none,not assessed,short,step,-2,no,5,middle,no,no,no,
Sunless 06,0,15,4,D3,50,ɪ,derived from Bozeman baritone,0.5,open,C4,-10.04,below primo,-9,-14,none,not assessed,short,step,-2,no,5,middle,no,no,no,
Sunless 06,0,16,1,C#3,49,ɛ,Bozeman baritone midpoint,0.5,open,D4,-12.5,below primo,-10,-15,none,not assessed,short,step,-1,no,5,middle,no,no,no,
Sunless 06,0,16,2,C#4,61,ɛ,Bozeman baritone midpoint,0.5,open,D4,-0.5,inside,2,-3,none,not assessed,short,leap-up,12,no,5,middle,yes,no,no,highest of phrase
Sunless 06,0,16,3,A3,57,ɨ,derived from Bozeman baritone,0.5,open,A#3,-0.89,below primo,-2,-7,none,not assessed,short,leap-down,-4,no,5,middle,no,no,no,
Sunless 06,0,16,4,E#3,53,i,Bozeman baritone midpoint,0.5,close,E3,0.5,below primo,-6,-11,none,not assessed,short,leap-down,-4,no,5,middle,no,no,no,turning pitch 0 to 2 st below
Sunless 06,0,17,1,C#3,49,u,Bozeman baritone midpoint,0.75,open,E3,-3.5,below primo,-10,-15,none,not assessed,short,leap-down,-4,no,5,middle,no,no,no,
Sunless 06,0,17,2.5,D#3,51,u,Bozeman baritone midpoint,0.25,open,E3,-1.5,below primo,-8,-13,none,not assessed,short,step,2,no,5,middle,no,no,no,
Sunless 06,0,17,3,E#3,53,none resolved,not assessed,0.5,not assessed,not assessed,not assessed,below primo,-6,-11,not assessed,not assessed,short,step,2,no,5,last,no,no,no,
Sunless 06,0,18,1,C#4,61,ɛ,Bozeman baritone midpoint,1,open,D4,-0.5,inside,2,-3,none,not assessed,short,leap-up,8,yes,6,first,yes,no,no,highest of phrase
Sunless 06,0,18,3,B#3,60,u,Bozeman baritone midpoint,0.25,close,E3,7.5,inside,1,-4,none,not assessed,short,step,-1,no,6,last,no,no,no,
Sunless 06,0,18,4,E#3,53,ɑ,Bozeman baritone midpoint,0.5,open,D#4,-9.5,below primo,-6,-11,none,not assessed,short,leap-down,-7,yes,7,first,no,no,no,
Sunless 06,0,19,1,G#3,56,ɑ,Bozeman baritone midpoint,1,open,D#4,-6.5,below primo,-3,-8,none,not assessed,short,leap-up,3,no,7,middle,yes,no,no,highest of phrase
Sunless 06,0,19,3,C#3,49,none resolved,not assessed,0.25,not assessed,not assessed,not assessed,below primo,-10,-15,not assessed,not assessed,short,leap-down,-7,no,7,last,no,no,no,
Sunless 06,0,19,4,E#3,53,ɑ,Bozeman baritone midpoint,0.25,open,D#4,-9.5,below primo,-6,-11,none,not assessed,short,leap-up,4,yes,8,first,no,no,no,
Sunless 06,0,19,4.5,G#3,56,ɑ,Bozeman baritone midpoint,0.25,open,D#4,-6.5,below primo,-3,-8,none,not assessed,short,leap-up,3,no,8,middle,no,no,no,
Sunless 06,0,20,1,C#4,61,ɑ,Bozeman baritone midpoint,1,open,D#4,-1.5,inside,2,-3,none,not assessed,short,leap-up,5,no,8,middle,yes,no,no,highest of phrase
Sunless 06,0,20,3,B#3,60,e,Bozeman baritone midpoint,0.25,close,C4,0.5,inside,1,-4,none,not assessed,short,step,-1,no,8,middle,no,no,no,turning pitch 0 to 2 st below
Sunless 06,0,20,3.5,C#4,61,e,Bozeman baritone midpoint,0.25,close,C4,1.5,inside,2,-3,none,not assessed,short,step,1,no,8,middle,yes,no,no,highest of phrase; turning pitch 0 to 2 st below
Sunless 06,0,20,4,B#3,60,o,Bozeman baritone midpoint,0.25,close,C4,0.5,inside,1,-4,none,not assessed,short,step,-1,no,8,middle,no,no,no,turning pitch 0 to 2 st below
Sunless 06,0,20,4.5,E#3,53,o,Bozeman baritone midpoint,0.25,open,C4,-6.5,below primo,-6,-11,none,not assessed,short,leap-down,-7,no,8,middle,no,no,no,
Sunless 06,0,21,1,A#3,58,ɛ,Bozeman baritone midpoint,0.5,open,D4,-3.5,below primo,-1,-6,none,not assessed,short,leap-up,5,no,8,middle,no,no,no,
Sunless 06,0,21,2,G#3,56,ɨ,derived from Bozeman baritone,0.25,open,A#3,-1.89,below primo,-3,-8,none,not assessed,short,step,-2,no,8,middle,no,no,no,
Sunless 06,0,21,2.5,F##3,55,ɨ,derived from Bozeman baritone,0.25,open,A#3,-2.89,below primo,-4,-9,none,not assessed,short,step,-1,no,8,middle,no,no,no,
Sunless 06,0,21,3,E#3,53,ɪ,derived from Bozeman baritone,0.5,open,C4,-7.04,below primo,-6,-11,3,not assessed,short,step,-2,no,8,last,no,no,no,
Sunless 06,0,22,1,F#3,54,o,Bozeman baritone midpoint,1,open,C4,-5.5,below primo,-5,-10,none,not assessed,short,step,1,yes,9,first,no,no,no,
Sunless 06,0,22,3,G##3,57,ʌ,derived from Bozeman baritone,0.5,open,D#4,-5.5,below primo,-2,-7,none,not assessed,short,leap-up,3,no,9,middle,no,no,no,
Sunless 06,0,22,4,A#3,58,i,Bozeman baritone midpoint,0.5,close,E3,5.5,below primo,-1,-6,none,not assessed,short,step,1,no,9,middle,no,no,no,
Sunless 06,0,23,1,A#3,58,o,Bozeman baritone midpoint,1,open,C4,-1.5,below primo,-1,-6,none,not assessed,short,repeated,0,no,9,middle,no,no,no,
Sunless 06,0,23,3,G##3,57,ʌ,derived from Bozeman baritone,0.5,open,D#4,-5.5,below primo,-2,-7,none,not assessed,short,step,-1,no,9,middle,no,no,no,
Sunless 06,0,23,4,G#3,56,ɪ,derived from Bozeman baritone,0.5,open,C4,-4.04,below primo,-3,-8,none,not assessed,short,step,-1,no,9,middle,no,no,no,
Sunless 06,0,24,1,B3,59,i,Bozeman baritone midpoint,0.5,close,E3,6.5,inside,0,-5,none,not assessed,short,leap-up,3,no,9,middle,no,no,no,
Sunless 06,0,24,2,C#4,61,i,Bozeman baritone midpoint,0.5,close,E3,8.5,inside,2,-3,none,not assessed,short,step,2,no,9,middle,yes,no,no,highest of phrase
Sunless 06,0,24,3,A3,57,ɨ,derived from Bozeman baritone,0.5,open,A#3,-0.89,below primo,-2,-7,none,not assessed,short,leap-down,-4,no,9,middle,no,no,no,
Sunless 06,0,24,4,E#3,53,ɑ,Bozeman baritone midpoint,0.5,open,D#4,-9.5,below primo,-6,-11,none,not assessed,short,leap-down,-4,no,9,middle,no,no,no,
Sunless 06,0,25,1,G#3,56,u,Bozeman baritone midpoint,0.75,close,E3,3.5,below primo,-3,-8,none,not assessed,short,leap-up,3,no,9,middle,no,no,no,
Sunless 06,0,25,2.5,E#3,53,u,Bozeman baritone midpoint,0.25,close,E3,0.5,below primo,-6,-11,none,not assessed,short,leap-down,-3,no,9,middle,no,no,no,turning pitch 0 to 2 st below
Sunless 06,0,25,3,E#3,53,e,Bozeman baritone midpoint,0.5,open,C4,-6.5,below primo,-6,-11,none,not assessed,short,repeated,0,no,9,last,no,no,no,
Sunless 06,0,26,1,B3,59,ɨ,derived from Bozeman baritone,1,close,A#3,1.11,inside,0,-5,none,not assessed,short,leap-up,6,yes,10,first,yes,no,no,highest of phrase; turning pitch 0 to 2 st below
Sunless 06,0,26,3,A3,57,ɑ,Bozeman baritone midpoint,0.5,open,D#4,-5.5,below primo,-2,-7,none,not assessed,short,step,-2,no,10,middle,no,no,no,
Sunless 06,0,26,4,F#3,54,none resolved,not assessed,0.5,not assessed,not assessed,not assessed,below primo,-5,-10,not assessed,not assessed,short,leap-down,-3,no,10,middle,no,no,no,
Sunless 06,0,27,1,A3,57,u,Bozeman baritone midpoint,1,close,E3,4.5,below primo,-2,-7,none,not assessed,short,leap-up,3,no,10,middle,no,no,no,
Sunless 06,0,27,3,G#3,56,ɨ,derived from Bozeman baritone,0.25,open,A#3,-1.89,below primo,-3,-8,none,not assessed,short,step,-1,no,10,last,no,no,no,
Sunless 06,0,27,4,C#4,61,i,Bozeman baritone midpoint,0.5,close,E3,8.5,inside,2,-3,none,not assessed,short,leap-up,5,yes,11,first,no,no,no,
Sunless 06,0,28,1,D4,62,ɑ,Bozeman baritone midpoint,1,open,D#4,-0.5,inside,3,-2,none,not assessed,short,step,1,no,11,middle,yes,no,no,highest of phrase
Sunless 06,0,28,3,B#3,60,i,Bozeman baritone midpoint,0.5,close,E3,7.5,inside,1,-4,none,not assessed,short,step,-2,no,11,middle,no,no,no,
Sunless 06,0,28,4,A3,57,ɛ,Bozeman baritone midpoint,0.5,open,D4,-4.5,below primo,-2,-7,none,not assessed,short,leap-down,-3,no,11,middle,no,no,no,
Sunless 06,0,29,1,B#3,60,ɛ,Bozeman baritone midpoint,0.75,open,D4,-1.5,inside,1,-4,none,not assessed,short,leap-up,3,no,11,middle,no,no,no,
Sunless 06,0,29,2.5,A3,57,ɨ,derived from Bozeman baritone,0.25,open,A#3,-0.89,below primo,-2,-7,none,not assessed,short,leap-down,-3,no,11,middle,no,no,no,
Sunless 06,0,29,3,G#3,56,ɛ,Bozeman baritone midpoint,0.5,open,D4,-5.5,below primo,-3,-8,none,not assessed,short,step,-1,no,11,last,no,no,no,
Sunless 06,0,30,1,D#3,51,o,Bozeman baritone midpoint,0.5,open,C4,-8.5,below primo,-8,-13,none,not assessed,short,leap-down,-5,yes,12,first,no,no,no,
Sunless 06,0,30,2,F#3,54,o,Bozeman baritone midpoint,0.5,open,C4,-5.5,below primo,-5,-10,none,not assessed,short,leap-up,3,no,12,middle,no,no,no,
Sunless 06,0,30,3,A3,57,ʌ,derived from Bozeman baritone,0.5,open,D#4,-5.5,below primo,-2,-7,none,not assessed,short,leap-up,3,no,12,middle,no,no,no,
Sunless 06,0,30,4,E#3,53,i,Bozeman baritone midpoint,0.25,close,E3,0.5,below primo,-6,-11,none,not assessed,short,leap-down,-4,no,12,middle,no,no,no,turning pitch 0 to 2 st below
Sunless 06,0,30,4.5,G#3,56,i,Bozeman baritone midpoint,0.25,close,E3,3.5,below primo,-3,-8,none,not assessed,short,leap-up,3,no,12,middle,no,no,no,
Sunless 06,0,31,1,B3,59,ɛ,Bozeman baritone midpoint,0.75,open,D4,-2.5,inside,0,-5,none,not assessed,short,leap-up,3,no,12,middle,yes,no,no,highest of phrase
Sunless 06,0,31,2.5,E#3,53,ʌ,derived from Bozeman baritone,0.25,open,D#4,-9.5,below primo,-6,-11,none,not assessed,short,leap-down,-6,no,12,middle,no,no,no,
Sunless 06,0,31,3,E#3,53,ɨ,derived from Bozeman baritone,0.5,open,A#3,-4.89,below primo,-6,-11,none,not assessed,short,repeated,0,no,12,last,no,no,no,
Sunless 06,0,32,1,C#4,61,u,Bozeman baritone midpoint,1,close,E3,8.5,inside,2,-3,none,not assessed,short,leap-up,8,yes,13,first,yes,no,no,highest of phrase
Sunless 06,0,32,3,A3,57,u,Bozeman baritone midpoint,0.5,close,E3,4.5,below primo,-2,-7,none,not assessed,short,leap-down,-4,no,13,middle,no,no,no,
Sunless 06,0,32,4,E#3,53,ɑ,Bozeman baritone midpoint,0.5,open,D#4,-9.5,below primo,-6,-11,none,not assessed,short,leap-down,-4,no,13,middle,no,no,no,
Sunless 06,0,33,1,G#3,56,u,Bozeman baritone midpoint,0.75,close,E3,3.5,below primo,-3,-8,none,not assessed,short,leap-up,3,no,13,middle,no,no,no,
Sunless 06,0,33,2.5,C#3,49,u,Bozeman baritone midpoint,0.25,open,E3,-3.5,below primo,-10,-15,none,not assessed,short,leap-down,-7,no,13,middle,no,no,no,
Sunless 06,0,33,3,C#3,49,i,Bozeman baritone midpoint,0.5,open,E3,-3.5,below primo,-10,-15,none,not assessed,short,repeated,0,no,13,last,no,no,no,
Sunless 06,0,34,1,F#3,54,ɛ,Bozeman baritone midpoint,1,open,D4,-7.5,below primo,-5,-10,3,not assessed,short,leap-up,5,yes,14,first,yes,no,no,highest of phrase
Sunless 06,0,34,3,D#3,51,ɨ,derived from Bozeman baritone,0.5,open,A#3,-6.89,below primo,-8,-13,3,not assessed,short,leap-down,-3,no,14,last,no,no,no,
Sunless 06,0,34,4.5,F#3,54,u,Bozeman baritone midpoint,0.25,close,E3,1.5,below primo,-5,-10,none,not assessed,short,leap-up,3,yes,15,first,no,no,no,turning pitch 0 to 2 st below
Sunless 06,0,35,1,A3,57,ɑ,Bozeman baritone midpoint,1,open,D#4,-5.5,below primo,-2,-7,none,not assessed,short,leap-up,3,no,15,middle,yes,no,no,highest of phrase
Sunless 06,0,35,3,F#3,54,ɪ,derived from Bozeman baritone,0.25,open,C4,-6.04,below primo,-5,-10,none,not assessed,short,leap-down,-3,no,15,last,no,no,no,
Sunless 06,0,35,4.5,F#3,54,ʌ,derived from Bozeman baritone,0.25,open,D#4,-8.5,below primo,-5,-10,none,not assessed,short,repeated,0,yes,16,first,no,no,no,
Sunless 06,0,36,1,B3,59,ɑ,Bozeman baritone midpoint,1,open,D#4,-3.5,inside,0,-5,none,not assessed,short,leap-up,5,no,16,middle,yes,no,no,highest of phrase
Sunless 06,0,36,3,G#3,56,i,Bozeman baritone midpoint,0.5,close,E3,3.5,below primo,-3,-8,none,not assessed,short,leap-down,-3,no,16,middle,no,no,no,
Sunless 06,0,36,4,B3,59,ɑ,Bozeman baritone midpoint,0.5,open,D#4,-3.5,inside,0,-5,none,not assessed,short,leap-up,3,no,16,middle,yes,no,no,highest of phrase
Sunless 06,0,37,1,A#3,58,e,Bozeman baritone midpoint,0.75,open,C4,-1.5,below primo,-1,-6,none,not assessed,short,step,-1,no,16,middle,no,no,no,
Sunless 06,0,37,2.5,D#3,51,i,Bozeman baritone midpoint,0.25,open,E3,-1.5,below primo,-8,-13,none,not assessed,short,leap-down,-7,no,16,middle,no,no,no,
Sunless 06,0,37,3,D#3,51,ɪ,derived from Bozeman baritone,0.5,open,C4,-9.04,below primo,-8,-13,none,not assessed,short,repeated,0,no,16,last,no,no,no,
Sunless 06,0,38,3,A3,57,u,Bozeman baritone midpoint,0.5,close,E3,4.5,below primo,-2,-7,none,not assessed,short,leap-up,6,yes,17,first,no,no,no,
Sunless 06,0,38,4,E#3,53,ɑ,Bozeman baritone midpoint,0.25,open,D#4,-9.5,below primo,-6,-11,none,not assessed,short,leap-down,-4,no,17,middle,no,no,no,
Sunless 06,0,38,4.5,G#3,56,e,Bozeman baritone midpoint,0.25,open,C4,-3.5,below primo,-3,-8,none,not assessed,short,leap-up,3,no,17,middle,no,no,no,
Sunless 06,0,39,1,B3,59,i,Bozeman baritone midpoint,0.75,close,E3,6.5,inside,0,-5,none,not assessed,short,leap-up,3,no,17,middle,yes,no,no,highest of phrase
Sunless 06,0,39,2.5,G#3,56,i,Bozeman baritone midpoint,0.25,close,E3,3.5,below primo,-3,-8,none,not assessed,short,leap-down,-3,no,17,middle,no,no,no,
Sunless 06,0,39,3,G#3,56,o,Bozeman baritone midpoint,0.5,open,C4,-3.5,below primo,-3,-8,none,not assessed,short,repeated,0,no,17,last,no,no,no,
Sunless 06,0,40,1,C#4,61,none resolved,not assessed,1,not assessed,not assessed,not assessed,inside,2,-3,not assessed,not assessed,short,leap-up,5,yes,18,first,yes,no,no,highest of phrase
Sunless 06,0,40,3,A3,57,none resolved,not assessed,0.5,not assessed,not assessed,not assessed,below primo,-2,-7,not assessed,not assessed,short,leap-down,-4,no,18,middle,no,no,no,
Sunless 06,0,40,4,E#3,53,none resolved,not assessed,0.5,not assessed,not assessed,not assessed,below primo,-6,-11,not assessed,not assessed,short,leap-down,-4,no,18,middle,no,no,no,
Sunless 06,0,41,1,G#3,56,none resolved,not assessed,0.75,not assessed,not assessed,not assessed,below primo,-3,-8,not assessed,not assessed,short,leap-up,3,no,18,middle,no,no,no,
Sunless 06,0,41,2.5,E#3,53,none resolved,not assessed,0.25,not assessed,not assessed,not assessed,below primo,-6,-11,not assessed,not assessed,short,leap-down,-3,no,18,middle,no,no,no,
Sunless 06,0,41,3,E#3,53,none resolved,not assessed,0.5,not assessed,not assessed,not assessed,below primo,-6,-11,not assessed,not assessed,short,repeated,0,no,18,last,no,no,no,
Sunless 06,0,42,3,A3,57,none resolved,not assessed,0.5,not assessed,not assessed,not assessed,below primo,-2,-7,not assessed,not assessed,short,leap-up,4,yes,19,first,no,no,no,
Sunless 06,0,42,4,E#3,53,none resolved,not assessed,0.25,not assessed,not assessed,not assessed,below primo,-6,-11,not assessed,not assessed,short,leap-down,-4,no,19,middle,no,no,no,
Sunless 06,0,42,4.5,G#3,56,none resolved,not assessed,0.25,not assessed,not assessed,not assessed,below primo,-3,-8,not assessed,not assessed,short,leap-up,3,no,19,middle,no,no,no,
Sunless 06,0,43,1,B3,59,none resolved,not assessed,0.5,not assessed,not assessed,not assessed,inside,0,-5,not assessed,not assessed,short,leap-up,3,no,19,last,yes,no,no,highest of phrase
Sunless 06,0,43,3,B#3,60,none resolved,not assessed,0.75,not assessed,not assessed,not assessed,inside,1,-4,not assessed,not assessed,short,step,1,yes,20,first,no,no,no,
Sunless 06,0,43,4.5,C#4,61,none resolved,not assessed,0.25,not assessed,not assessed,not assessed,inside,2,-3,not assessed,not assessed,short,step,1,no,20,middle,yes,no,no,highest of phrase
Sunless 06,0,44,1,C#4,61,none resolved,not assessed,1,not assessed,not assessed,not assessed,inside,2,-3,not assessed,not assessed,short,repeated,0,no,20,middle,yes,no,no,highest of phrase
Sunless 06,0,44,3,G##3,57,none resolved,not assessed,0.5,not assessed,not assessed,not assessed,below primo,-2,-7,not assessed,not assessed,short,leap-down,-4,no,20,middle,no,no,no,
Sunless 06,0,44,4,E#3,53,none resolved,not assessed,0.5,not assessed,not assessed,not assessed,below primo,-6,-11,not assessed,not assessed,short,leap-down,-4,no,20,middle,no,no,no,
Sunless 06,0,45,1,C#3,49,none resolved,not assessed,0.75,not assessed,not assessed,not assessed,below primo,-10,-15,not assessed,not assessed,short,leap-down,-4,no,20,middle,no,no,no,
Sunless 06,0,45,2.5,D#3,51,none resolved,not assessed,0.25,not assessed,not assessed,not assessed,below primo,-8,-13,not assessed,not assessed,short,step,2,no,20,middle,no,no,no,
Sunless 06,0,45,3,E#3,53,none resolved,not assessed,0.5,not assessed,not assessed,not assessed,below primo,-6,-11,not assessed,not assessed,short,step,2,no,20,last,no,no,no,
Sunless 06,0,46,1,D#3,51,none resolved,not assessed,0.5,not assessed,not assessed,not assessed,below primo,-8,-13,not assessed,not assessed,short,step,-2,yes,21,first,no,no,no,
Sunless 06,0,46,2,F#3,54,none resolved,not assessed,0.5,not assessed,not assessed,not assessed,below primo,-5,-10,not assessed,not assessed,short,leap-up,3,no,21,middle,no,no,no,
Sunless 06,0,46,3,A3,57,none resolved,not assessed,0.5,not assessed,not assessed,not assessed,below primo,-2,-7,not assessed,not assessed,short,leap-up,3,no,21,middle,no,no,no,
Sunless 06,0,46,4,E#3,53,none resolved,not assessed,0.25,not assessed,not assessed,not assessed,below primo,-6,-11,not assessed,not assessed,short,leap-down,-4,no,21,middle,no,no,no,
Sunless 06,0,46,4.5,G#3,56,none resolved,not assessed,0.25,not assessed,not assessed,not assessed,below primo,-3,-8,not assessed,not assessed,short,leap-up,3,no,21,middle,no,no,no,
Sunless 06,0,47,1,B3,59,none resolved,not assessed,0.5,not assessed,not assessed,not assessed,inside,0,-5,not assessed,not assessed,short,leap-up,3,no,21,middle,yes,no,no,highest of phrase
Sunless 06,0,47,2,B3,59,none resolved,not assessed,0.25,not assessed,not assessed,not assessed,inside,0,-5,not assessed,not assessed,short,tie,0,no,21,last,yes,no,no,highest of phrase
Sunless 06,0,47,3,B#3,60,none resolved,not assessed,0.5,not assessed,not assessed,not assessed,inside,1,-4,not assessed,not assessed,short,step,1,yes,22,first,no,no,no,
Sunless 06,0,47,4,C#4,61,none resolved,not assessed,0.5,not assessed,not assessed,not assessed,inside,2,-3,not assessed,not assessed,short,step,1,no,22,middle,yes,no,no,highest of phrase
Sunless 06,0,48,1,A3,57,none resolved,not assessed,1,not assessed,not assessed,not assessed,below primo,-2,-7,not assessed,not assessed,short,leap-down,-4,no,22,middle,no,no,no,
Sunless 06,0,48,3,E#3,53,none resolved,not assessed,0.5,not assessed,not assessed,not assessed,below primo,-6,-11,not assessed,not assessed,short,leap-down,-4,no,22,middle,no,no,no,
Sunless 06,0,48,4,D3,50,none resolved,not assessed,0.5,not assessed,not assessed,not assessed,below primo,-9,-14,not assessed,not assessed,short,leap-down,-3,no,22,middle,no,no,no,
Sunless 06,0,49,1,C#3,49,none resolved,not assessed,0.75,not assessed,not assessed,not assessed,below primo,-10,-15,not assessed,not assessed,short,step,-1,no,22,middle,no,no,no,
Sunless 06,0,49,2.5,C#3,49,none resolved,not assessed,0.25,not assessed,not assessed,not assessed,below primo,-10,-15,not assessed,not assessed,short,repeated,0,no,22,middle,no,no,no,
Sunless 06,0,49,3,C#3,49,none resolved,not assessed,0.5,not assessed,not assessed,not assessed,below primo,-10,-15,not assessed,not assessed,short,repeated,0,no,22,last,no,no,no,
Kabalevsky T01,1,4,3,C#3,49,i,Bozeman baritone midpoint,0.952,open,E3,-3.5,below primo,-10,-15,none,not assessed,short,first note,,,0,first,no,no,no,
Kabalevsky T01,1,5,1,C#3,49,ɛ,Bozeman baritone midpoint,1.905,open,D4,-12.5,below primo,-10,-15,none,not assessed,short,repeated,0,no,0,middle,no,no,no,
Kabalevsky T01,1,5,3,D#3,51,i,Bozeman baritone midpoint,0.952,open,E3,-1.5,below primo,-8,-13,none,not assessed,short,step,2,no,0,middle,no,no,no,
Kabalevsky T01,1,6,1,D#3,51,ɑ,Bozeman baritone midpoint,1.905,open,D#4,-11.5,below primo,-8,-13,4,not assessed,short,repeated,0,no,0,middle,no,no,no,
Kabalevsky T01,1,6,3,F3,53,i,Bozeman baritone midpoint,0.952,close,E3,0.5,below primo,-6,-11,none,not assessed,short,step,2,no,0,middle,no,no,no,turning pitch 0 to 2 st below
Kabalevsky T01,1,7,1,F3,53,o,Bozeman baritone midpoint,1.429,open,C4,-6.5,below primo,-6,-11,none,not assessed,short,repeated,0,no,0,middle,no,no,no,
Kabalevsky T01,1,7,2.5,F#3,54,none resolved,not assessed,0.476,not assessed,not assessed,not assessed,below primo,-5,-10,not assessed,not assessed,short,step,1,no,0,middle,no,no,no,
Kabalevsky T01,1,7,3,G#3,56,ʌ,derived from Bozeman baritone,0.476,open,D#4,-6.5,below primo,-3,-8,none,not assessed,short,step,2,no,0,middle,no,no,no,
Kabalevsky T01,1,7,3.5,F#3,54,ɑ,Bozeman baritone midpoint,0.476,open,D#4,-8.5,below primo,-5,-10,none,not assessed,short,step,-2,no,0,middle,no,no,no,
Kabalevsky T01,1,8,1,A#3,58,i,Bozeman baritone midpoint,1.905,close,E3,5.5,below primo,-1,-6,none,not assessed,short,leap-up,4,no,0,middle,no,no,no,
Kabalevsky T01,1,8,3,D#3,51,i,Bozeman baritone midpoint,0.952,open,E3,-1.5,below primo,-8,-13,none,not assessed,short,leap-down,-7,no,0,middle,no,no,no,
Kabalevsky T01,1,9,1,B3,59,ɛ,Bozeman baritone midpoint,1.905,open,D4,-2.5,inside,0,-5,none,not assessed,short,leap-up,8,no,0,middle,yes,no,no,highest of phrase
Kabalevsky T01,1,9,3,F#3,54,i,Bozeman baritone midpoint,0.952,close,E3,1.5,below primo,-5,-10,none,not assessed,short,leap-down,-5,no,0,middle,no,no,no,turning pitch 0 to 2 st below
Kabalevsky T01,1,10,1,F3,53,ɑ,Bozeman baritone midpoint,1.905,open,D#4,-9.5,below primo,-6,-11,none,not assessed,short,step,-1,no,0,last,no,no,no,
Kabalevsky T01,1,10,3,C#3,49,ɪ,derived from Bozeman baritone,0.952,open,C4,-11.04,below primo,-10,-15,none,not assessed,short,leap-down,-4,no,1,first,no,no,no,
Kabalevsky T01,1,11,1,C#4,61,ɑ,Bozeman baritone midpoint,1.429,open,D#4,-1.5,inside,2,-3,none,not assessed,short,leap-up,12,no,1,middle,yes,no,no,highest of phrase
Kabalevsky T01,1,11,2.5,A#3,58,u,Bozeman baritone midpoint,0.476,close,E3,5.5,below primo,-1,-6,none,not assessed,short,leap-down,-3,no,1,middle,no,no,no,
Kabalevsky T01,1,11,3,A#3,58,u,Bozeman baritone midpoint,0.476,close,E3,5.5,below primo,-1,-6,none,not assessed,short,repeated,0,no,1,middle,no,no,no,
Kabalevsky T01,1,11,3.5,G#3,56,o,Bozeman baritone midpoint,0.476,open,C4,-3.5,below primo,-3,-8,none,not assessed,short,step,-2,no,1,middle,no,no,no,
Kabalevsky T01,1,12,1,A#3,58,i,Bozeman baritone midpoint,1.905,close,E3,5.5,below primo,-1,-6,none,not assessed,short,step,2,no,1,middle,no,no,no,
Kabalevsky T01,1,12,3,A#3,58,ɨ,derived from Bozeman baritone,0.952,close,A#3,0.11,below primo,-1,-6,none,not assessed,short,repeated,0,no,1,last,no,no,no,turning pitch 0 to 2 st below
Kabalevsky T01,1,13,3,D#3,51,o,Bozeman baritone midpoint,0.952,open,C4,-8.5,below primo,-8,-13,none,not assessed,short,leap-down,-7,yes,2,first,no,no,no,
Kabalevsky T01,1,14,1,B3,59,u,Bozeman baritone midpoint,1.905,close,E3,6.5,inside,0,-5,none,not assessed,short,leap-up,8,no,2,middle,no,no,no,
Kabalevsky T01,1,14,3,A#3,58,u,Bozeman baritone midpoint,0.952,close,E3,5.5,below primo,-1,-6,none,not assessed,short,step,-1,no,2,middle,no,no,no,
Kabalevsky T01,1,15,1,G#3,56,ɨ,derived from Bozeman baritone,0.476,open,A#3,-1.89,below primo,-3,-8,none,not assessed,short,step,-2,no,2,middle,no,no,no,
Kabalevsky T01,1,15,1.5,F#3,54,ɑ,Bozeman baritone midpoint,0.476,open,D#4,-8.5,below primo,-5,-10,none,not assessed,short,step,-2,no,2,middle,no,no,no,
Kabalevsky T01,1,15,2,F3,53,e,Bozeman baritone midpoint,0.952,open,C4,-6.5,below primo,-6,-11,none,not assessed,short,step,-1,no,2,middle,no,no,no,
Kabalevsky T01,1,15,3,A#2,46,ɪ,derived from Bozeman baritone,0.952,open,C4,-14.04,below primo,-13,-18,none,not assessed,short,leap-down,-7,no,2,middle,no,no,no,
Kabalevsky T01,1,16,1,F#3,54,o,Bozeman baritone midpoint,1.905,open,C4,-5.5,below primo,-5,-10,none,not assessed,short,leap-up,8,no,2,middle,no,no,no,
Kabalevsky T01,1,16,3,F3,53,none resolved,not assessed,0.952,not assessed,not assessed,not assessed,below primo,-6,-11,not assessed,not assessed,short,step,-1,no,2,middle,no,no,no,
Kabalevsky T01,1,17,1,D#3,51,i,Bozeman baritone midpoint,1.905,open,E3,-1.5,below primo,-8,-13,none,not assessed,short,step,-2,no,2,middle,no,no,no,
Kabalevsky T01,1,17,3,D#3,51,o,Bozeman baritone midpoint,0.952,open,C4,-8.5,below primo,-8,-13,none,not assessed,short,repeated,0,no,2,middle,no,no,no,
Kabalevsky T01,1,18,1,D#4,63,o,Bozeman baritone midpoint,1.429,close,C4,3.5,inside,4,-1,none,not assessed,short,leap-up,12,no,2,middle,yes,yes,yes,highest of phrase
Kabalevsky T01,1,18,2.5,C#4,61,ɑ,Bozeman baritone midpoint,0.476,open,D#4,-1.5,inside,2,-3,none,not assessed,short,step,-2,no,2,middle,no,no,no,
Kabalevsky T01,1,18,3,B3,59,ɪ,derived from Bozeman baritone,0.476,open,C4,-1.04,inside,0,-5,none,not assessed,short,step,-2,no,2,middle,no,no,no,
Kabalevsky T01,1,18,3.5,A#3,58,i,Bozeman baritone midpoint,0.476,close,E3,5.5,below primo,-1,-6,none,not assessed,short,step,-1,no,2,middle,no,no,no,
Kabalevsky T01,1,19,1,B3,59,e,Bozeman baritone midpoint,1.429,open,C4,-0.5,inside,0,-5,none,not assessed,short,step,1,no,2,middle,no,no,no,
Kabalevsky T01,1,19,2.5,A#3,58,ɪ,derived from Bozeman baritone,0.476,open,C4,-2.04,below primo,-1,-6,none,not assessed,short,step,-1,no,2,middle,no,no,no,
Kabalevsky T01,1,19,3,G#3,56,ʌ,derived from Bozeman baritone,0.476,open,D#4,-6.5,below primo,-3,-8,none,not assessed,short,step,-2,no,2,middle,no,no,no,
Kabalevsky T01,1,19,3.5,F#3,54,ɑ,Bozeman baritone midpoint,0.476,open,D#4,-8.5,below primo,-5,-10,none,not assessed,short,step,-2,no,2,middle,no,no,no,
Kabalevsky T01,1,20,1,G#3,56,i,Bozeman baritone midpoint,1.905,close,E3,3.5,below primo,-3,-8,none,not assessed,short,step,2,no,2,middle,no,no,no,
Kabalevsky T01,1,20,3,G#3,56,ʌ,derived from Bozeman baritone,0.952,open,D#4,-6.5,below primo,-3,-8,none,not assessed,short,repeated,0,no,2,last,no,no,no,
Kabalevsky T01,1,22,1,E3,52,ɨ,derived from Bozeman baritone,0.952,open,A#3,-5.89,below primo,-7,-12,none,not assessed,short,leap-down,-4,yes,3,first,no,no,no,
Kabalevsky T01,1,22,2,E3,52,ʌ,derived from Bozeman baritone,0.952,open,D#4,-10.5,below primo,-7,-12,none,not assessed,short,repeated,0,no,3,middle,no,no,no,
Kabalevsky T01,1,22,3,E3,52,ɑ,Bozeman baritone midpoint,0.952,open,D#4,-10.5,below primo,-7,-12,none,not assessed,short,repeated,0,no,3,middle,no,no,no,
Kabalevsky T01,1,23,1,F#3,54,i,Bozeman baritone midpoint,1.905,close,E3,1.5,below primo,-5,-10,none,not assessed,short,step,2,no,3,middle,no,no,no,turning pitch 0 to 2 st below
Kabalevsky T01,1,23,3,A3,57,i,Bozeman baritone midpoint,0.952,close,E3,4.5,below primo,-2,-7,none,not assessed,short,leap-up,3,no,3,middle,no,no,no,
Kabalevsky T01,1,24,1,G#3,56,ɨ,derived from Bozeman baritone,1.429,open,A#3,-1.89,below primo,-3,-8,none,not assessed,short,step,-1,no,3,middle,no,no,no,
Kabalevsky T01,1,24,2.5,F#3,54,i,Bozeman baritone midpoint,0.476,close,E3,1.5,below primo,-5,-10,none,not assessed,short,step,-2,no,3,middle,no,no,no,turning pitch 0 to 2 st below
Kabalevsky T01,1,24,3,G#3,56,ʌ,derived from Bozeman baritone,0.476,open,D#4,-6.5,below primo,-3,-8,none,not assessed,short,step,2,no,3,middle,no,no,no,
Kabalevsky T01,1,24,3.5,B3,59,ɑ,Bozeman baritone midpoint,0.476,open,D#4,-3.5,inside,0,-5,none,not assessed,short,leap-up,3,no,3,middle,yes,no,no,highest of phrase
Kabalevsky T01,1,25,1,E3,52,u,Bozeman baritone midpoint,1.429,open,E3,-0.5,below primo,-7,-12,none,not assessed,short,leap-down,-7,no,3,middle,no,no,no,
Kabalevsky T01,1,25,2.5,E3,52,ɑ,Bozeman baritone midpoint,0.476,open,D#4,-10.5,below primo,-7,-12,none,not assessed,short,repeated,0,no,3,middle,no,no,no,
Kabalevsky T01,1,25,3,E3,52,ʌ,derived from Bozeman baritone,0.476,open,D#4,-10.5,below primo,-7,-12,none,not assessed,short,repeated,0,no,3,middle,no,no,no,
Kabalevsky T01,1,25,3.5,E3,52,i,Bozeman baritone midpoint,0.476,open,E3,-0.5,below primo,-7,-12,none,not assessed,short,repeated,0,no,3,middle,no,no,no,
Kabalevsky T01,1,26,1,F3,53,ɑ,Bozeman baritone midpoint,1.905,open,D#4,-9.5,below primo,-6,-11,none,not assessed,short,step,1,no,3,middle,no,no,no,
Kabalevsky T01,1,26,3,D3,50,i,Bozeman baritone midpoint,0.952,open,E3,-2.5,below primo,-9,-14,none,not assessed,short,leap-down,-3,no,3,middle,no,no,no,
Kabalevsky T01,1,27,1,A3,57,o,Bozeman baritone midpoint,1.429,open,C4,-2.5,below primo,-2,-7,none,not assessed,short,leap-up,7,no,3,middle,no,no,no,
Kabalevsky T01,1,27,2.5,F3,53,ɪ,derived from Bozeman baritone,0.476,open,C4,-7.04,below primo,-6,-11,3,not assessed,short,leap-down,-4,no,3,middle,no,no,no,
Kabalevsky T01,1,27,3,D3,50,ʌ,derived from Bozeman baritone,0.476,open,D#4,-12.5,below primo,-9,-14,none,not assessed,short,leap-down,-3,no,3,middle,no,no,no,
Kabalevsky T01,1,27,3.5,B2,47,ɑ,Bozeman baritone midpoint,0.476,open,D#4,-15.5,below primo,-12,-17,5,not assessed,short,leap-down,-3,no,3,middle,no,no,no,
Kabalevsky T01,1,28,1,E3,52,i,Bozeman baritone midpoint,1.905,open,E3,-0.5,below primo,-7,-12,none,not assessed,short,leap-up,5,no,3,middle,no,no,no,
Kabalevsky T01,1,28,3,E3,52,none resolved,not assessed,0.952,not assessed,not assessed,not assessed,below primo,-7,-12,not assessed,not assessed,short,repeated,0,no,3,last,no,no,no,
Kabalevsky T01,1,29,3,E3,52,ɑ,Bozeman baritone midpoint,0.952,open,D#4,-10.5,below primo,-7,-12,none,not assessed,short,repeated,0,yes,4,first,no,no,no,
Kabalevsky T01,1,30,1,A3,57,ɑ,Bozeman baritone midpoint,1.429,open,D#4,-5.5,below primo,-2,-7,none,not assessed,short,leap-up,5,no,4,middle,no,no,no,
Kabalevsky T01,1,30,2.5,A3,57,i,Bozeman baritone midpoint,0.476,close,E3,4.5,below primo,-2,-7,none,not assessed,short,repeated,0,no,4,middle,no,no,no,
Kabalevsky T01,1,30,3,A3,57,ɪ,derived from Bozeman baritone,0.476,open,C4,-3.04,below primo,-2,-7,none,not assessed,short,repeated,0,no,4,middle,no,no,no,
Kabalevsky T01,1,30,3.5,A3,57,ɑ,Bozeman baritone midpoint,0.476,open,D#4,-5.5,below primo,-2,-7,none,not assessed,short,repeated,0,no,4,middle,no,no,no,
Kabalevsky T01,1,31,1,G#3,56,o,Bozeman baritone midpoint,1.429,open,C4,-3.5,below primo,-3,-8,none,not assessed,short,step,-1,no,4,middle,no,no,no,
Kabalevsky T01,1,31,2.5,E3,52,ɑ,Bozeman baritone midpoint,0.476,open,D#4,-10.5,below primo,-7,-12,none,not assessed,short,leap-down,-4,no,4,middle,no,no,no,
Kabalevsky T01,1,31,3,E3,52,ʌ,derived from Bozeman baritone,0.476,open,D#4,-10.5,below primo,-7,-12,none,not assessed,short,repeated,0,no,4,middle,no,no,no,
Kabalevsky T01,1,31,3.5,E3,52,ɪ,derived from Bozeman baritone,0.476,open,C4,-8.04,below primo,-7,-12,none,not assessed,short,repeated,0,no,4,middle,no,no,no,
Kabalevsky T01,1,32,1,C4,60,u,Bozeman baritone midpoint,2.857,close,E3,7.5,inside,1,-4,none,not assessed,held,leap-up,8,no,4,middle,no,no,no,held
Kabalevsky T01,1,33,1,C4,60,u,Bozeman baritone midpoint,1.905,close,E3,7.5,inside,1,-4,none,not assessed,held,tie,0,no,4,middle,no,no,no,held
Kabalevsky T01,1,33,3,C4,60,ɑ,Bozeman baritone midpoint,0.952,open,D#4,-2.5,inside,1,-4,none,not assessed,short,repeated,0,no,4,middle,no,no,no,
Kabalevsky T01,1,34,1,C4,60,o,Bozeman baritone midpoint,1.905,close,C4,0.5,inside,1,-4,none,not assessed,short,repeated,0,no,4,middle,no,no,no,turning pitch 0 to 2 st below
Kabalevsky T01,1,34,3,A3,57,i,Bozeman baritone midpoint,0.952,close,E3,4.5,below primo,-2,-7,none,not assessed,short,leap-down,-3,no,4,middle,no,no,no,
Kabalevsky T01,1,35,1,A3,57,u,Bozeman baritone midpoint,1.905,close,E3,4.5,below primo,-2,-7,none,not assessed,short,repeated,0,no,4,middle,no,no,no,
Kabalevsky T01,1,35,3,C4,60,ɑ,Bozeman baritone midpoint,0.952,open,D#4,-2.5,inside,1,-4,none,not assessed,short,leap-up,3,no,4,middle,no,no,no,
Kabalevsky T01,1,36,1,C4,60,ɨ,derived from Bozeman baritone,1.429,close,A#3,2.11,inside,1,-4,none,not assessed,short,repeated,0,no,4,middle,no,no,no,
Kabalevsky T01,1,36,2.5,G#3,56,ɑ,Bozeman baritone midpoint,0.476,open,D#4,-6.5,below primo,-3,-8,none,not assessed,short,leap-down,-4,no,4,middle,no,no,no,
Kabalevsky T01,1,36,3,A#3,58,ɑ,Bozeman baritone midpoint,0.476,open,D#4,-4.5,below primo,-1,-6,none,not assessed,short,step,2,no,4,middle,no,no,no,
Kabalevsky T01,1,36,3.5,G#3,56,ɑ,Bozeman baritone midpoint,0.476,open,D#4,-6.5,below primo,-3,-8,none,not assessed,short,step,-2,no,4,middle,no,no,no,
Kabalevsky T01,1,37,1,F4,65,i,Bozeman baritone midpoint,2.857,above,E3,12.5,above secondo,6,1,none,not assessed,held,leap-up,9,no,4,middle,yes,yes,yes,held; highest of phrase
Kabalevsky T01,1,38,1,F4,65,i,Bozeman baritone midpoint,1.429,above,E3,12.5,above secondo,6,1,none,not assessed,held,tie,0,no,4,middle,yes,yes,yes,held; highest of phrase
Kabalevsky T01,1,38,2.5,C#4,61,ɑ,Bozeman baritone midpoint,0.476,open,D#4,-1.5,inside,2,-3,none,not assessed,short,leap-down,-4,no,4,last,no,no,no,
Kabalevsky T01,1,40,3,C#3,49,o,Bozeman baritone midpoint,0.952,open,C4,-10.5,below primo,-10,-15,none,not assessed,short,leap-down,-12,yes,5,first,yes,no,no,highest of phrase
Kabalevsky T01,1,41,1,C#3,49,ɑ,Bozeman baritone midpoint,1.429,open,D#4,-13.5,below primo,-10,-15,none,not assessed,short,repeated,0,no,5,middle,yes,no,no,highest of phrase
Kabalevsky T01,1,41,2.5,C#3,49,ɑ,Bozeman baritone midpoint,0.476,open,D#4,-13.5,below primo,-10,-15,none,not assessed,short,repeated,0,no,5,middle,yes,no,no,highest of phrase
Kabalevsky T01,1,41,3,C#3,49,i,Bozeman baritone midpoint,0.476,open,E3,-3.5,below primo,-10,-15,none,not assessed,short,repeated,0,no,5,last,yes,no,no,highest of phrase
Kabalevsky T01,1,41,3.5,D#3,51,ɑ,Bozeman baritone midpoint,0.476,open,D#4,-11.5,below primo,-8,-13,4,not assessed,short,step,2,no,6,first,no,no,no,
Kabalevsky T01,1,42,1,D#3,51,o,Bozeman baritone midpoint,1.429,open,C4,-8.5,below primo,-8,-13,none,not assessed,short,repeated,0,no,6,middle,no,no,no,
Kabalevsky T01,1,42,2.5,F3,53,ɨ,derived from Bozeman baritone,0.476,open,A#3,-4.89,below primo,-6,-11,none,not assessed,short,step,2,no,6,middle,no,no,no,
Kabalevsky T01,1,42,3,F#3,54,ɨ,derived from Bozeman baritone,0.476,open,A#3,-3.89,below primo,-5,-10,none,not assessed,short,step,1,no,6,middle,no,no,no,
Kabalevsky T01,1,42,3.5,D#3,51,o,Bozeman baritone midpoint,0.476,open,C4,-8.5,below primo,-8,-13,none,not assessed,short,leap-down,-3,no,6,middle,no,no,no,
Kabalevsky T01,1,43,1,A#3,58,i,Bozeman baritone midpoint,2.857,close,E3,5.5,below primo,-1,-6,none,not assessed,held,leap-up,7,no,6,middle,no,no,no,held
Kabalevsky T01,1,44,1,A#3,58,i,Bozeman baritone midpoint,1.429,close,E3,5.5,below primo,-1,-6,none,not assessed,held,tie,0,no,6,middle,no,no,no,held
Kabalevsky T01,1,44,2.5,D#3,51,o,Bozeman baritone midpoint,0.476,open,C4,-8.5,below primo,-8,-13,none,not assessed,short,leap-down,-7,no,6,middle,no,no,no,
Kabalevsky T01,1,44,3,D#3,51,ɪ,derived from Bozeman baritone,0.476,open,C4,-9.04,below primo,-8,-13,none,not assessed,short,repeated,0,no,6,middle,no,no,no,
Kabalevsky T01,1,44,3.5,D#3,51,ɑ,Bozeman baritone midpoint,0.476,open,D#4,-11.5,below primo,-8,-13,4,not assessed,short,repeated,0,no,6,middle,no,no,no,
Kabalevsky T01,1,45,1,B3,59,o,Bozeman baritone midpoint,1.905,open,C4,-0.5,inside,0,-5,none,not assessed,short,leap-up,8,no,6,middle,no,no,no,
Kabalevsky T01,1,45,3,F#3,54,i,Bozeman baritone midpoint,0.952,close,E3,1.5,below primo,-5,-10,none,not assessed,short,leap-down,-5,no,6,middle,no,no,no,turning pitch 0 to 2 st below
Kabalevsky T01,1,46,1,F3,53,o,Bozeman baritone midpoint,1.429,open,C4,-6.5,below primo,-6,-11,none,not assessed,short,step,-1,no,6,middle,no,no,no,
Kabalevsky T01,1,46,2.5,C#3,49,ɪ,derived from Bozeman baritone,0.476,open,C4,-11.04,below primo,-10,-15,none,not assessed,short,leap-down,-4,no,6,middle,no,no,no,
Kabalevsky T01,1,46,3,D#3,51,o,Bozeman baritone midpoint,0.476,open,C4,-8.5,below primo,-8,-13,none,not assessed,short,step,2,no,6,middle,no,no,no,
Kabalevsky T01,1,46,3.5,C#3,49,u,Bozeman baritone midpoint,0.476,open,E3,-3.5,below primo,-10,-15,none,not assessed,short,step,-2,no,6,middle,no,no,no,
Kabalevsky T01,1,47,1,C#4,61,ɨ,derived from Bozeman baritone,2.857,close,A#3,3.11,inside,2,-3,none,not assessed,held,leap-up,12,no,6,middle,yes,no,no,held; highest of phrase
Kabalevsky T01,1,48,1,C#4,61,ɨ,derived from Bozeman baritone,0.952,close,A#3,3.11,inside,2,-3,none,not assessed,held,tie,0,no,6,middle,yes,no,no,held; highest of phrase
Kabalevsky T01,1,48,2,A#3,58,ɨ,derived from Bozeman baritone,0.952,close,A#3,0.11,below primo,-1,-6,none,not assessed,short,leap-down,-3,no,6,last,no,no,no,turning pitch 0 to 2 st below
Kabalevsky T01,1,48,3,D#3,51,i,Bozeman baritone midpoint,0.952,open,E3,-1.5,below primo,-8,-13,none,not assessed,short,leap-down,-7,no,7,first,no,no,no,
Kabalevsky T01,1,49,1,B3,59,i,Bozeman baritone midpoint,1.905,close,E3,6.5,inside,0,-5,none,not assessed,short,leap-up,8,no,7,middle,no,no,no,
Kabalevsky T01,1,49,3,A#3,58,ʌ,derived from Bozeman baritone,0.952,open,D#4,-4.5,below primo,-1,-6,none,not assessed,short,step,-1,no,7,middle,no,no,no,
Kabalevsky T01,1,50,1,G#3,56,ɑ,Bozeman baritone midpoint,0.476,open,D#4,-6.5,below primo,-3,-8,none,not assessed,short,step,-2,no,7,middle,no,no,no,
Kabalevsky T01,1,50,1.5,F#3,54,i,Bozeman baritone midpoint,0.476,close,E3,1.5,below primo,-5,-10,none,not assessed,short,step,-2,no,7,middle,no,no,no,turning pitch 0 to 2 st below
Kabalevsky T01,1,50,2,F3,53,o,Bozeman baritone midpoint,0.952,open,C4,-6.5,below primo,-6,-11,none,not assessed,short,step,-1,no,7,middle,no,no,no,
Kabalevsky T01,1,50,3,A#2,46,i,Bozeman baritone midpoint,0.952,open,E3,-6.5,below primo,-13,-18,none,not assessed,short,leap-down,-7,no,7,middle,no,no,no,
Kabalevsky T01,1,51,1,F#3,54,e,Bozeman baritone midpoint,1.905,open,C4,-5.5,below primo,-5,-10,none,not assessed,short,leap-up,8,no,7,middle,no,no,no,
Kabalevsky T01,1,51,3,F3,53,ɑ,Bozeman baritone midpoint,0.952,open,D#4,-9.5,below primo,-6,-11,none,not assessed,short,step,-1,no,7,middle,no,no,no,
Kabalevsky T01,1,52,1,D#3,51,i,Bozeman baritone midpoint,1.429,open,E3,-1.5,below primo,-8,-13,none,not assessed,short,step,-2,no,7,middle,no,no,no,
Kabalevsky T01,1,52,2.5,D#3,51,ɑ,Bozeman baritone midpoint,0.476,open,D#4,-11.5,below primo,-8,-13,4,not assessed,short,repeated,0,no,7,middle,no,no,no,
Kabalevsky T01,1,52,3,D#3,51,ɑ,Bozeman baritone midpoint,0.476,open,D#4,-11.5,below primo,-8,-13,4,not assessed,short,repeated,0,no,7,middle,no,no,no,
Kabalevsky T01,1,52,3.5,D#3,51,u,Bozeman baritone midpoint,0.476,open,E3,-1.5,below primo,-8,-13,none,not assessed,short,repeated,0,no,7,middle,no,no,no,
Kabalevsky T01,1,53,1,D#4,63,u,Bozeman baritone midpoint,1.905,close,E3,10.5,inside,4,-1,none,not assessed,short,leap-up,12,no,7,middle,yes,yes,yes,highest of phrase
Kabalevsky T01,1,53,3,A#3,58,ɛ,Bozeman baritone midpoint,0.952,open,D4,-3.5,below primo,-1,-6,none,not assessed,short,leap-down,-5,no,7,middle,no,no,no,
Kabalevsky T01,1,54,1,B3,59,ɛ,Bozeman baritone midpoint,1.429,open,D4,-2.5,inside,0,-5,none,not assessed,short,step,1,no,7,middle,no,no,no,
Kabalevsky T01,1,54,2.5,A#3,58,o,Bozeman baritone midpoint,0.476,open,C4,-1.5,below primo,-1,-6,none,not assessed,short,step,-1,no,7,middle,no,no,no,
Kabalevsky T01,1,54,3,G#3,56,ɨ,derived from Bozeman baritone,0.476,open,A#3,-1.89,below primo,-3,-8,none,not assessed,short,step,-2,no,7,middle,no,no,no,
Kabalevsky T01,1,54,3.5,D#3,51,ɪ,derived from Bozeman baritone,0.476,open,C4,-9.04,below primo,-8,-13,none,not assessed,short,leap-down,-5,no,7,middle,no,no,no,
Kabalevsky T01,1,55,1,F#3,54,ɨ,derived from Bozeman baritone,1.905,open,A#3,-3.89,below primo,-5,-10,none,not assessed,short,leap-up,3,no,7,middle,no,no,no,
Kabalevsky T01,1,55,3,F3,53,ɨ,derived from Bozeman baritone,0.952,open,A#3,-4.89,below primo,-6,-11,none,not assessed,short,step,-1,no,7,last,no,no,no,
Kabalevsky T01,1,57,1,C#3,49,ɨ,derived from Bozeman baritone,0.952,open,A#3,-8.89,below primo,-10,-15,none,not assessed,short,leap-down,-4,yes,8,first,no,no,no,
Kabalevsky T01,1,57,2,D#3,51,u,Bozeman baritone midpoint,0.952,open,E3,-1.5,below primo,-8,-13,none,not assessed,short,step,2,no,8,middle,no,no,no,
Kabalevsky T01,1,57,3,C#3,49,ɪ,derived from Bozeman baritone,0.952,open,C4,-11.04,below primo,-10,-15,none,not assessed,short,step,-2,no,8,middle,no,no,no,
Kabalevsky T01,1,58,1,F#3,54,ɨ,derived from Bozeman baritone,1.905,open,A#3,-3.89,below primo,-5,-10,none,not assessed,short,leap-up,5,no,8,middle,no,no,no,
Kabalevsky T01,1,58,3,C#3,49,ɪ,derived from Bozeman baritone,0.952,open,C4,-11.04,below primo,-10,-15,none,not assessed,short,leap-down,-5,no,8,middle,no,no,no,
Kabalevsky T01,1,59,1,C#3,49,o,Bozeman baritone midpoint,1.429,open,C4,-10.5,below primo,-10,-15,none,not assessed,short,repeated,0,no,8,middle,no,no,no,
Kabalevsky T01,1,59,2.5,C#3,49,ɑ,Bozeman baritone midpoint,0.476,open,D#4,-13.5,below primo,-10,-15,none,not assessed,short,repeated,0,no,8,middle,no,no,no,
Kabalevsky T01,1,59,3,D#3,51,i,Bozeman baritone midpoint,0.476,open,E3,-1.5,below primo,-8,-13,none,not assessed,short,step,2,no,8,middle,no,no,no,
Kabalevsky T01,1,59,3.5,C#3,49,u,Bozeman baritone midpoint,0.476,open,E3,-3.5,below primo,-10,-15,none,not assessed,short,step,-2,no,8,middle,no,no,no,
Kabalevsky T01,1,60,1,A#3,58,ɑ,Bozeman baritone midpoint,2.857,open,D#4,-4.5,below primo,-1,-6,none,not assessed,held,leap-up,9,no,8,middle,no,no,no,held
Kabalevsky T01,1,61,1,D#4,63,ɑ,Bozeman baritone midpoint,2.857,close,D#4,0.5,inside,4,-1,none,not assessed,held,leap-up,5,no,8,middle,yes,yes,yes,held; highest of phrase; turning pitch 0 to 2 st below
Kabalevsky T01,1,62,1,D#4,63,ɑ,Bozeman baritone midpoint,0.952,close,D#4,0.5,inside,4,-1,none,not assessed,held,tie,0,no,8,middle,yes,yes,yes,held; highest of phrase; turning pitch 0 to 2 st below
Kabalevsky T01,1,62,2,G#3,56,ɛ,Bozeman baritone midpoint,0.952,open,D4,-5.5,below primo,-3,-8,none,not assessed,short,leap-down,-7,no,8,middle,no,no,no,
Kabalevsky T01,1,62,3,A#3,58,ɨ,derived from Bozeman baritone,0.952,close,A#3,0.11,below primo,-1,-6,none,not assessed,short,step,2,no,8,middle,no,no,no,turning pitch 0 to 2 st below
Kabalevsky T01,1,63,1,B3,59,o,Bozeman baritone midpoint,1.905,open,C4,-0.5,inside,0,-5,none,not assessed,short,step,1,no,8,middle,no,no,no,
Kabalevsky T01,1,63,3,F#3,54,ɨ,derived from Bozeman baritone,0.952,open,A#3,-3.89,below primo,-5,-10,none,not assessed,short,leap-down,-5,no,8,middle,no,no,no,
Kabalevsky T01,1,64,1,A#3,58,ɑ,Bozeman baritone midpoint,1.905,open,D#4,-4.5,below primo,-1,-6,none,not assessed,short,leap-up,4,no,8,middle,no,no,no,
Kabalevsky T01,1,64,3,C#4,61,ɪ,derived from Bozeman baritone,0.952,close,C4,0.96,inside,2,-3,none,not assessed,short,leap-up,3,no,8,last,no,no,no,turning pitch 0 to 2 st below
Kabalevsky T01,1,65,2,D#3,51,ʌ,derived from Bozeman baritone,0.952,open,D#4,-11.5,below primo,-8,-13,4,not assessed,short,leap-down,-10,yes,9,first,no,no,no,
Kabalevsky T01,1,65,3,F3,53,u,Bozeman baritone midpoint,0.952,close,E3,0.5,below primo,-6,-11,none,not assessed,short,step,2,no,9,middle,no,no,no,turning pitch 0 to 2 st below
Kabalevsky T01,1,66,1,A#3,58,ɑ,Bozeman baritone midpoint,2.857,open,D#4,-4.5,below primo,-1,-6,none,not assessed,held,leap-up,5,no,9,middle,yes,no,no,held; highest of phrase
Kabalevsky T01,1,67,1,A#3,58,ɑ,Bozeman baritone midpoint,2.857,open,D#4,-4.5,below primo,-1,-6,none,not assessed,held,tie,0,no,9,last,yes,no,no,held; highest of phrase
Kabalevsky T02,1,2,2.5,C#4,61,u,Bozeman baritone midpoint,0.417,close,E3,8.5,inside,2,-3,none,not assessed,short,first note,,,0,first,yes,no,no,highest of phrase
Kabalevsky T02,1,3,1,B3,59,ɑ,Bozeman baritone midpoint,0.417,open,D#4,-3.5,inside,0,-5,none,not assessed,short,step,-2,no,0,middle,no,no,no,
Kabalevsky T02,1,3,1.5,A3,57,i,Bozeman baritone midpoint,0.417,close,E3,4.5,below primo,-2,-7,none,not assessed,short,step,-2,no,0,middle,no,no,no,
Kabalevsky T02,1,3,2,G#3,56,i,Bozeman baritone midpoint,0.417,close,E3,3.5,below primo,-3,-8,none,not assessed,short,step,-1,no,0,middle,no,no,no,
Kabalevsky T02,1,3,2.5,F#3,54,u,Bozeman baritone midpoint,0.417,close,E3,1.5,below primo,-5,-10,none,not assessed,short,step,-2,no,0,middle,no,no,no,turning pitch 0 to 2 st below
Kabalevsky T02,1,4,1,F3,53,o,Bozeman baritone midpoint,1.25,open,C4,-6.5,below primo,-6,-11,none,not assessed,short,step,-1,no,0,middle,no,no,no,
Kabalevsky T02,1,4,2.5,F#3,54,ɑ,Bozeman baritone midpoint,0.417,open,D#4,-8.5,below primo,-5,-10,none,not assessed,short,step,1,no,0,middle,no,no,no,
Kabalevsky T02,1,5,1,G#3,56,u,Bozeman baritone midpoint,0.833,close,E3,3.5,below primo,-3,-8,none,not assessed,short,step,2,no,0,middle,no,no,no,
Kabalevsky T02,1,5,2,D3,50,u,Bozeman baritone midpoint,0.833,open,E3,-2.5,below primo,-9,-14,none,not assessed,short,leap-down,-6,no,0,middle,no,no,no,
Kabalevsky T02,1,6,1,C#3,49,u,Bozeman baritone midpoint,1.667,open,E3,-3.5,below primo,-10,-15,none,not assessed,short,step,-1,no,0,last,no,no,no,
Kabalevsky T02,1,7,1.5,C#4,61,ɑ,Bozeman baritone midpoint,0.417,open,D#4,-1.5,inside,2,-3,none,not assessed,short,leap-up,12,yes,1,first,yes,no,no,highest of phrase
Kabalevsky T02,1,7,2,B3,59,ɛ,Bozeman baritone midpoint,0.417,open,D4,-2.5,inside,0,-5,none,not assessed,short,step,-2,no,1,middle,no,no,no,
Kabalevsky T02,1,7,2.5,A3,57,ɨ,derived from Bozeman baritone,0.417,open,A#3,-0.89,below primo,-2,-7,none,not assessed,short,step,-2,no,1,middle,no,no,no,
Kabalevsky T02,1,8,1,G#3,56,o,Bozeman baritone midpoint,0.417,open,C4,-3.5,below primo,-3,-8,none,not assessed,short,step,-1,no,1,middle,no,no,no,
Kabalevsky T02,1,8,1.5,F#3,54,ɨ,derived from Bozeman baritone,0.417,open,A#3,-3.89,below primo,-5,-10,none,not assessed,short,step,-2,no,1,middle,no,no,no,
Kabalevsky T02,1,8,2,F3,53,ʌ,derived from Bozeman baritone,0.417,open,D#4,-9.5,below primo,-6,-11,none,not assessed,short,step,-1,no,1,middle,no,no,no,
Kabalevsky T02,1,8,2.5,F#3,54,i,Bozeman baritone midpoint,0.417,close,E3,1.5,below primo,-5,-10,none,not assessed,short,step,1,no,1,middle,no,no,no,turning pitch 0 to 2 st below
Kabalevsky T02,1,9,1,G#3,56,i,Bozeman baritone midpoint,1.25,close,E3,3.5,below primo,-3,-8,none,not assessed,short,step,2,no,1,middle,no,no,no,
Kabalevsky T02,1,9,2.5,D3,50,ɑ,Bozeman baritone midpoint,0.417,open,D#4,-12.5,below primo,-9,-14,none,not assessed,short,leap-down,-6,no,1,middle,no,no,no,
Kabalevsky T02,1,10,1,C#3,49,e,Bozeman baritone midpoint,1.25,open,C4,-10.5,below primo,-10,-15,none,not assessed,short,step,-1,no,1,middle,no,no,no,
Kabalevsky T02,1,10,2.5,C#3,49,i,Bozeman baritone midpoint,0.417,open,E3,-3.5,below primo,-10,-15,none,not assessed,short,repeated,0,no,1,last,no,no,no,
Kabalevsky T02,1,11,1.5,C#3,49,o,Bozeman baritone midpoint,0.417,open,C4,-10.5,below primo,-10,-15,none,not assessed,short,repeated,0,yes,2,first,no,no,no,
Kabalevsky T02,1,11,2,C#3,49,o,Bozeman baritone midpoint,0.417,open,C4,-10.5,below primo,-10,-15,none,not assessed,short,repeated,0,no,2,middle,no,no,no,
Kabalevsky T02,1,11,2.5,C#3,49,ʌ,derived from Bozeman baritone,0.417,open,D#4,-13.5,below primo,-10,-15,none,not assessed,short,repeated,0,no,2,middle,no,no,no,
Kabalevsky T02,1,12,1,E3,52,ɑ,Bozeman baritone midpoint,1.25,open,D#4,-10.5,below primo,-7,-12,none,not assessed,short,leap-up,3,no,2,middle,no,no,no,
Kabalevsky T02,1,12,2.5,C#3,49,u,Bozeman baritone midpoint,0.417,open,E3,-3.5,below primo,-10,-15,none,not assessed,short,leap-down,-3,no,2,middle,no,no,no,
Kabalevsky T02,1,13,1,D3,50,o,Bozeman baritone midpoint,0.417,open,C4,-9.5,below primo,-9,-14,none,not assessed,short,step,1,no,2,middle,no,no,no,
Kabalevsky T02,1,13,1.5,C#3,49,u,Bozeman baritone midpoint,0.417,open,E3,-3.5,below primo,-10,-15,none,not assessed,short,step,-1,no,2,middle,no,no,no,
Kabalevsky T02,1,13,2,B2,47,ɑ,Bozeman baritone midpoint,0.417,open,D#4,-15.5,below primo,-12,-17,5,not assessed,short,step,-2,no,2,middle,no,no,no,
Kabalevsky T02,1,13,2.5,D3,50,u,Bozeman baritone midpoint,0.417,open,E3,-2.5,below primo,-9,-14,none,not assessed,short,leap-up,3,no,2,middle,no,no,no,
Kabalevsky T02,1,14,1,F#3,54,u,Bozeman baritone midpoint,1.667,close,E3,1.5,below primo,-5,-10,none,not assessed,short,leap-up,4,no,2,middle,no,no,no,turning pitch 0 to 2 st below
Kabalevsky T02,1,15,1,F#3,54,u,Bozeman baritone midpoint,0.417,close,E3,1.5,below primo,-5,-10,none,not assessed,short,tie,0,no,2,middle,no,no,no,turning pitch 0 to 2 st below
Kabalevsky T02,1,15,1.5,F#3,54,ɑ,Bozeman baritone midpoint,0.417,open,D#4,-8.5,below primo,-5,-10,none,not assessed,short,repeated,0,no,2,middle,no,no,no,
Kabalevsky T02,1,15,2,F#3,54,i,Bozeman baritone midpoint,0.417,close,E3,1.5,below primo,-5,-10,none,not assessed,short,repeated,0,no,2,middle,no,no,no,turning pitch 0 to 2 st below
Kabalevsky T02,1,15,2.5,F#3,54,i,Bozeman baritone midpoint,0.417,close,E3,1.5,below primo,-5,-10,none,not assessed,short,repeated,0,no,2,middle,no,no,no,turning pitch 0 to 2 st below
Kabalevsky T02,1,16,1,G#3,56,ɑ,Bozeman baritone midpoint,1.25,open,D#4,-6.5,below primo,-3,-8,none,not assessed,short,step,2,no,2,middle,no,no,no,
Kabalevsky T02,1,16,2.5,G#3,56,ɑ,Bozeman baritone midpoint,0.417,open,D#4,-6.5,below primo,-3,-8,none,not assessed,short,repeated,0,no,2,middle,no,no,no,
Kabalevsky T02,1,17,1,A3,57,o,Bozeman baritone midpoint,0.417,open,C4,-2.5,below primo,-2,-7,none,not assessed,short,step,1,no,2,middle,no,no,no,
Kabalevsky T02,1,17,1.5,G#3,56,i,Bozeman baritone midpoint,0.417,close,E3,3.5,below primo,-3,-8,none,not assessed,short,step,-1,no,2,middle,no,no,no,
Kabalevsky T02,1,17,2,A3,57,o,Bozeman baritone midpoint,0.417,open,C4,-2.5,below primo,-2,-7,none,not assessed,short,step,1,no,2,middle,no,no,no,
Kabalevsky T02,1,17,2.5,B3,59,ɨ,derived from Bozeman baritone,0.417,close,A#3,1.11,inside,0,-5,none,not assessed,short,step,2,no,2,middle,no,no,no,turning pitch 0 to 2 st below
Kabalevsky T02,1,18,1,C#4,61,e,Bozeman baritone midpoint,1.25,close,C4,1.5,inside,2,-3,none,not assessed,short,step,2,no,2,middle,yes,no,no,highest of phrase; turning pitch 0 to 2 st below
Kabalevsky T02,1,18,2.5,G#3,56,i,Bozeman baritone midpoint,0.417,close,E3,3.5,below primo,-3,-8,none,not assessed,short,leap-down,-5,no,2,last,no,no,no,
Kabalevsky T02,1,22,1.5,C#4,61,ɑ,Bozeman baritone midpoint,0.417,open,D#4,-1.5,inside,2,-3,none,not assessed,short,leap-up,5,yes,3,first,yes,no,no,highest of phrase
Kabalevsky T02,1,22,2,C#4,61,i,Bozeman baritone midpoint,0.417,close,E3,8.5,inside,2,-3,none,not assessed,short,repeated,0,no,3,middle,yes,no,no,highest of phrase
Kabalevsky T02,1,22,2.5,C#4,61,i,Bozeman baritone midpoint,0.417,close,E3,8.5,inside,2,-3,none,not assessed,short,repeated,0,no,3,middle,yes,no,no,highest of phrase
Kabalevsky T02,1,23,1,C#4,61,ɨ,derived from Bozeman baritone,1.25,close,A#3,3.11,inside,2,-3,none,not assessed,short,repeated,0,no,3,middle,yes,no,no,highest of phrase
Kabalevsky T02,1,23,2.5,C#4,61,i,Bozeman baritone midpoint,0.417,close,E3,8.5,inside,2,-3,none,not assessed,short,repeated,0,no,3,middle,yes,no,no,highest of phrase
Kabalevsky T02,1,24,1,C#4,61,u,Bozeman baritone midpoint,0.417,close,E3,8.5,inside,2,-3,none,not assessed,short,repeated,0,no,3,middle,yes,no,no,highest of phrase
Kabalevsky T02,1,24,1.5,B3,59,ɑ,Bozeman baritone midpoint,0.417,open,D#4,-3.5,inside,0,-5,none,not assessed,short,step,-2,no,3,middle,no,no,no,
Kabalevsky T02,1,24,2,A3,57,o,Bozeman baritone midpoint,0.417,open,C4,-2.5,below primo,-2,-7,none,not assessed,short,step,-2,no,3,middle,no,no,no,
Kabalevsky T02,1,24,2.5,B3,59,ɨ,derived from Bozeman baritone,0.417,close,A#3,1.11,inside,0,-5,none,not assessed,short,step,2,no,3,middle,no,no,no,turning pitch 0 to 2 st below
Kabalevsky T02,1,25,1,A3,57,ɑ,Bozeman baritone midpoint,1.667,open,D#4,-5.5,below primo,-2,-7,none,not assessed,short,step,-2,no,3,middle,no,no,no,
Kabalevsky T02,1,26,1,A3,57,ɑ,Bozeman baritone midpoint,0.417,open,D#4,-5.5,below primo,-2,-7,none,not assessed,short,tie,0,no,3,middle,no,no,no,
Kabalevsky T02,1,26,1.5,A3,57,i,Bozeman baritone midpoint,0.417,close,E3,4.5,below primo,-2,-7,none,not assessed,short,repeated,0,no,3,middle,no,no,no,
Kabalevsky T02,1,26,2,A3,57,u,Bozeman baritone midpoint,0.417,close,E3,4.5,below primo,-2,-7,none,not assessed,short,repeated,0,no,3,middle,no,no,no,
Kabalevsky T02,1,26,2.5,A3,57,i,Bozeman baritone midpoint,0.417,close,E3,4.5,below primo,-2,-7,none,not assessed,short,repeated,0,no,3,middle,no,no,no,
Kabalevsky T02,1,27,1,A3,57,ɛ,Bozeman baritone midpoint,1.25,open,D4,-4.5,below primo,-2,-7,none,not assessed,short,repeated,0,no,3,middle,no,no,no,
Kabalevsky T02,1,27,2.5,B3,59,ɑ,Bozeman baritone midpoint,0.417,open,D#4,-3.5,inside,0,-5,none,not assessed,short,step,2,no,3,middle,no,no,no,
Kabalevsky T02,1,28,1,A3,57,o,Bozeman baritone midpoint,0.417,open,C4,-2.5,below primo,-2,-7,none,not assessed,short,step,-2,no,3,middle,no,no,no,
Kabalevsky T02,1,28,1.5,E3,52,ʌ,derived from Bozeman baritone,0.417,open,D#4,-10.5,below primo,-7,-12,none,not assessed,short,leap-down,-5,no,3,middle,no,no,no,
Kabalevsky T02,1,28,2,F#3,54,i,Bozeman baritone midpoint,0.417,close,E3,1.5,below primo,-5,-10,none,not assessed,short,step,2,no,3,middle,no,no,no,turning pitch 0 to 2 st below
Kabalevsky T02,1,28,2.5,G3,55,i,Bozeman baritone midpoint,0.417,close,E3,2.5,below primo,-4,-9,none,not assessed,short,step,1,no,3,middle,no,no,no,
Kabalevsky T02,1,29,1,A3,57,i,Bozeman baritone midpoint,1.25,close,E3,4.5,below primo,-2,-7,none,not assessed,short,step,2,no,3,middle,no,no,no,
Kabalevsky T02,1,29,2.5,A3,57,ɑ,Bozeman baritone midpoint,0.417,open,D#4,-5.5,below primo,-2,-7,none,not assessed,short,repeated,0,no,3,last,no,no,no,
Kabalevsky T02,1,30,1.5,A3,57,i,Bozeman baritone midpoint,0.417,close,E3,4.5,below primo,-2,-7,none,not assessed,short,repeated,0,yes,4,first,no,no,no,
Kabalevsky T02,1,30,2,A3,57,ɪ,derived from Bozeman baritone,0.417,open,C4,-3.04,below primo,-2,-7,none,not assessed,short,repeated,0,no,4,middle,no,no,no,
Kabalevsky T02,1,30,2.5,A3,57,ɨ,derived from Bozeman baritone,0.417,open,A#3,-0.89,below primo,-2,-7,none,not assessed,short,repeated,0,no,4,middle,no,no,no,
Kabalevsky T02,1,31,1,A3,57,ɑ,Bozeman baritone midpoint,0.417,open,D#4,-5.5,below primo,-2,-7,none,not assessed,short,repeated,0,no,4,middle,no,no,no,
Kabalevsky T02,1,31,1.5,G3,55,ɑ,Bozeman baritone midpoint,0.417,open,D#4,-7.5,below primo,-4,-9,3,not assessed,short,step,-2,no,4,middle,no,no,no,
Kabalevsky T02,1,31,2,F#3,54,u,Bozeman baritone midpoint,0.417,close,E3,1.5,below primo,-5,-10,none,not assessed,short,step,-1,no,4,middle,no,no,no,turning pitch 0 to 2 st below
Kabalevsky T02,1,31,2.5,G3,55,ɑ,Bozeman baritone midpoint,0.417,open,D#4,-7.5,below primo,-4,-9,3,not assessed,short,step,1,no,4,middle,no,no,no,
Kabalevsky T02,1,32,1,B3,59,o,Bozeman baritone midpoint,1.25,open,C4,-0.5,inside,0,-5,none,not assessed,short,leap-up,4,no,4,middle,yes,no,no,highest of phrase
Kabalevsky T02,1,32,2.5,F#3,54,ɨ,derived from Bozeman baritone,0.417,open,A#3,-3.89,below primo,-5,-10,none,not assessed,short,leap-down,-5,no,4,middle,no,no,no,
Kabalevsky T02,1,33,1,B3,59,ɑ,Bozeman baritone midpoint,1.667,open,D#4,-3.5,inside,0,-5,none,not assessed,short,leap-up,5,no,4,middle,yes,no,no,highest of phrase
Kabalevsky T02,1,34,1,B3,59,ɑ,Bozeman baritone midpoint,0.417,open,D#4,-3.5,inside,0,-5,none,not assessed,short,tie,0,no,4,middle,yes,no,no,highest of phrase
Kabalevsky T02,1,34,1.5,B3,59,ɑ,Bozeman baritone midpoint,0.417,open,D#4,-3.5,inside,0,-5,none,not assessed,short,repeated,0,no,4,middle,yes,no,no,highest of phrase
Kabalevsky T02,1,34,2,G3,55,i,Bozeman baritone midpoint,0.417,close,E3,2.5,below primo,-4,-9,none,not assessed,short,leap-down,-4,no,4,middle,no,no,no,
Kabalevsky T02,1,34,2.5,E3,52,u,Bozeman baritone midpoint,0.417,open,E3,-0.5,below primo,-7,-12,none,not assessed,short,leap-down,-3,no,4,middle,no,no,no,
Kabalevsky T02,1,35,1,G3,55,u,Bozeman baritone midpoint,1.667,close,E3,2.5,below primo,-4,-9,none,not assessed,short,leap-up,3,no,4,middle,no,no,no,
Kabalevsky T02,1,36,1,G3,55,u,Bozeman baritone midpoint,0.417,close,E3,2.5,below primo,-4,-9,none,not assessed,short,tie,0,no,4,middle,no,no,no,
Kabalevsky T02,1,36,1.5,E3,52,o,Bozeman baritone midpoint,0.417,open,C4,-7.5,below primo,-7,-12,3,not assessed,short,leap-down,-3,no,4,middle,no,no,no,
Kabalevsky T02,1,36,2,D3,50,i,Bozeman baritone midpoint,0.417,open,E3,-2.5,below primo,-9,-14,none,not assessed,short,step,-2,no,4,middle,no,no,no,
Kabalevsky T02,1,36,2.5,C#3,49,ɪ,derived from Bozeman baritone,0.417,open,C4,-11.04,below primo,-10,-15,none,not assessed,short,step,-1,no,4,middle,no,no,no,
Kabalevsky T02,1,37,1,F#3,54,o,Bozeman baritone midpoint,1.25,open,C4,-5.5,below primo,-5,-10,none,not assessed,short,leap-up,5,no,4,middle,no,no,no,
Kabalevsky T02,1,37,2.5,F#3,54,u,Bozeman baritone midpoint,0.417,close,E3,1.5,below primo,-5,-10,none,not assessed,short,repeated,0,no,4,middle,no,no,no,turning pitch 0 to 2 st below
Kabalevsky T02,1,38,1,F#3,54,i,Bozeman baritone midpoint,0.833,close,E3,1.5,below primo,-5,-10,none,not assessed,short,repeated,0,no,4,middle,no,no,no,turning pitch 0 to 2 st below
Kabalevsky T02,1,38,2,F#3,54,ɑ,Bozeman baritone midpoint,0.833,open,D#4,-8.5,below primo,-5,-10,none,not assessed,short,repeated,0,no,4,last,no,no,no,
Kabalevsky T02,1,40,1.5,B3,59,u,Bozeman baritone midpoint,0.417,close,E3,6.5,inside,0,-5,none,not assessed,short,leap-up,5,yes,5,first,no,no,no,
Kabalevsky T02,1,40,2,B3,59,e,Bozeman baritone midpoint,0.417,open,C4,-0.5,inside,0,-5,none,not assessed,short,repeated,0,no,5,middle,no,no,no,
Kabalevsky T02,1,40,2.5,B3,59,ɨ,derived from Bozeman baritone,0.417,close,A#3,1.11,inside,0,-5,none,not assessed,short,repeated,0,no,5,middle,no,no,no,turning pitch 0 to 2 st below
Kabalevsky T02,1,41,1,B3,59,o,Bozeman baritone midpoint,1.25,open,C4,-0.5,inside,0,-5,none,not assessed,short,repeated,0,no,5,middle,no,no,no,
Kabalevsky T02,1,41,2.5,B3,59,ʌ,derived from Bozeman baritone,0.417,open,D#4,-3.5,inside,0,-5,none,not assessed,short,repeated,0,no,5,middle,no,no,no,
Kabalevsky T02,1,42,1,B3,59,ɪ,derived from Bozeman baritone,0.625,open,C4,-1.04,inside,0,-5,none,not assessed,short,repeated,0,no,5,middle,no,no,no,
Kabalevsky T02,1,42,1.75,G3,55,ɑ,Bozeman baritone midpoint,0.208,open,D#4,-7.5,below primo,-4,-9,3,not assessed,short,leap-down,-4,no,5,middle,no,no,no,
Kabalevsky T02,1,42,2,G3,55,i,Bozeman baritone midpoint,0.417,close,E3,2.5,below primo,-4,-9,none,not assessed,short,repeated,0,no,5,middle,no,no,no,
Kabalevsky T02,1,42,2.5,A3,57,u,Bozeman baritone midpoint,0.417,close,E3,4.5,below primo,-2,-7,none,not assessed,short,step,2,no,5,middle,no,no,no,
Kabalevsky T02,1,43,1,B3,59,ɑ,Bozeman baritone midpoint,1.667,open,D#4,-3.5,inside,0,-5,none,not assessed,short,step,2,no,5,middle,no,no,no,
Kabalevsky T02,1,44,1,B3,59,ɑ,Bozeman baritone midpoint,0.417,open,D#4,-3.5,inside,0,-5,none,not assessed,short,tie,0,no,5,middle,no,no,no,
Kabalevsky T02,1,44,1.5,B3,59,ɑ,Bozeman baritone midpoint,0.417,open,D#4,-3.5,inside,0,-5,none,not assessed,short,repeated,0,no,5,middle,no,no,no,
Kabalevsky T02,1,44,2,B3,59,ɛ,Bozeman baritone midpoint,0.417,open,D4,-2.5,inside,0,-5,none,not assessed,short,repeated,0,no,5,middle,no,no,no,
Kabalevsky T02,1,44,2.5,B3,59,i,Bozeman baritone midpoint,0.417,close,E3,6.5,inside,0,-5,none,not assessed,short,repeated,0,no,5,middle,no,no,no,
Kabalevsky T02,1,45,1,D4,62,ɑ,Bozeman baritone midpoint,0.625,open,D#4,-0.5,inside,3,-2,none,not assessed,short,leap-up,3,no,5,middle,yes,no,no,highest of phrase
Kabalevsky T02,1,45,1.75,B3,59,i,Bozeman baritone midpoint,0.208,close,E3,6.5,inside,0,-5,none,not assessed,short,leap-down,-3,no,5,middle,no,no,no,
Kabalevsky T02,1,45,2,B3,59,u,Bozeman baritone midpoint,0.833,close,E3,6.5,inside,0,-5,none,not assessed,short,repeated,0,no,5,middle,no,no,no,
Kabalevsky T02,1,46,1,B3,59,u,Bozeman baritone midpoint,0.417,close,E3,6.5,inside,0,-5,none,not assessed,short,tie,0,no,5,middle,no,no,no,
Kabalevsky T02,1,46,1.5,B3,59,i,Bozeman baritone midpoint,0.417,close,E3,6.5,inside,0,-5,none,not assessed,short,repeated,0,no,5,middle,no,no,no,
Kabalevsky T02,1,46,2,B3,59,o,Bozeman baritone midpoint,0.417,open,C4,-0.5,inside,0,-5,none,not assessed,short,repeated,0,no,5,middle,no,no,no,
Kabalevsky T02,1,46,2.5,B3,59,ɨ,derived from Bozeman baritone,0.417,close,A#3,1.11,inside,0,-5,none,not assessed,short,repeated,0,no,5,middle,no,no,no,turning pitch 0 to 2 st below
Kabalevsky T02,1,47,1,G#3,56,e,Bozeman baritone midpoint,0.833,open,C4,-3.5,below primo,-3,-8,none,not assessed,short,leap-down,-3,no,5,middle,no,no,no,
Kabalevsky T02,1,47,2,G#3,56,ɑ,Bozeman baritone midpoint,0.417,open,D#4,-6.5,below primo,-3,-8,none,not assessed,short,repeated,0,no,5,last,no,no,no,
Kabalevsky T02,1,47,2.5,G#3,56,i,Bozeman baritone midpoint,0.417,close,E3,3.5,below primo,-3,-8,none,not assessed,short,repeated,0,no,6,first,no,no,no,
Kabalevsky T02,1,48,1,G#3,56,ɑ,Bozeman baritone midpoint,1.25,open,D#4,-6.5,below primo,-3,-8,none,not assessed,short,repeated,0,no,6,middle,no,no,no,
Kabalevsky T02,1,48,2.5,E3,52,ɨ,derived from Bozeman baritone,0.417,open,A#3,-5.89,below primo,-7,-12,none,not assessed,short,leap-down,-4,no,6,middle,no,no,no,
Kabalevsky T02,1,49,1,F#3,54,none resolved,not assessed,0.417,not assessed,not assessed,not assessed,below primo,-5,-10,not assessed,not assessed,short,step,2,no,6,middle,no,no,no,
Kabalevsky T02,1,49,1.5,E3,52,i,Bozeman baritone midpoint,0.417,open,E3,-0.5,below primo,-7,-12,none,not assessed,short,step,-2,no,6,middle,no,no,no,
Kabalevsky T02,1,49,2,F#3,54,i,Bozeman baritone midpoint,0.417,close,E3,1.5,below primo,-5,-10,none,not assessed,short,step,2,no,6,middle,no,no,no,turning pitch 0 to 2 st below
Kabalevsky T02,1,49,2.5,G#3,56,ɑ,Bozeman baritone midpoint,0.417,open,D#4,-6.5,below primo,-3,-8,none,not assessed,short,step,2,no,6,middle,no,no,no,
Kabalevsky T02,1,50,1,E4,64,ɛ,Bozeman baritone midpoint,1.667,close,D4,2.5,inside,5,0,none,not assessed,held,leap-up,8,no,6,middle,yes,yes,yes,held; highest of phrase
Kabalevsky T02,1,51,1,E4,64,ɛ,Bozeman baritone midpoint,1.25,close,D4,2.5,inside,5,0,none,not assessed,held,tie,0,no,6,middle,yes,yes,yes,held; highest of phrase
Kabalevsky T02,1,51,2.5,A3,57,ʌ,derived from Bozeman baritone,0.417,open,D#4,-5.5,below primo,-2,-7,none,not assessed,short,leap-down,-7,no,6,middle,no,no,no,
Kabalevsky T02,1,52,1,C4,60,ɑ,Bozeman baritone midpoint,1.667,open,D#4,-2.5,inside,1,-4,none,not assessed,short,leap-up,3,no,6,middle,no,no,no,
Kabalevsky T02,1,53,1,C4,60,ɑ,Bozeman baritone midpoint,0.417,open,D#4,-2.5,inside,1,-4,none,not assessed,short,tie,0,no,6,last,no,no,no,
Kabalevsky T02,1,53,1.5,A3,57,ɑ,Bozeman baritone midpoint,0.417,open,D#4,-5.5,below primo,-2,-7,none,not assessed,short,leap-down,-3,no,7,first,no,no,no,
Kabalevsky T02,1,53,2,B3,59,ɑ,Bozeman baritone midpoint,0.417,open,D#4,-3.5,inside,0,-5,none,not assessed,short,step,2,no,7,middle,no,no,no,
Kabalevsky T02,1,53,2.5,C4,60,i,Bozeman baritone midpoint,0.417,close,E3,7.5,inside,1,-4,none,not assessed,short,step,1,no,7,middle,no,no,no,
Kabalevsky T02,1,54,1,A3,57,o,Bozeman baritone midpoint,1.25,open,C4,-2.5,below primo,-2,-7,none,not assessed,short,leap-down,-3,no,7,middle,no,no,no,
Kabalevsky T02,1,54,2.5,A3,57,ɨ,derived from Bozeman baritone,0.417,open,A#3,-0.89,below primo,-2,-7,none,not assessed,short,repeated,0,no,7,middle,no,no,no,
Kabalevsky T02,1,55,1,A3,57,o,Bozeman baritone midpoint,0.417,open,C4,-2.5,below primo,-2,-7,none,not assessed,short,repeated,0,no,7,middle,no,no,no,
Kabalevsky T02,1,55,1.5,G#3,56,i,Bozeman baritone midpoint,0.417,close,E3,3.5,below primo,-3,-8,none,not assessed,short,step,-1,no,7,middle,no,no,no,
Kabalevsky T02,1,55,2,A3,57,ɛ,Bozeman baritone midpoint,0.417,open,D4,-4.5,below primo,-2,-7,none,not assessed,short,step,1,no,7,middle,no,no,no,
Kabalevsky T02,1,55,2.5,B3,59,ʌ,derived from Bozeman baritone,0.417,open,D#4,-3.5,inside,0,-5,none,not assessed,short,step,2,no,7,middle,no,no,no,
Kabalevsky T02,1,56,1,C#4,61,e,Bozeman baritone midpoint,0.833,close,C4,1.5,inside,2,-3,none,not assessed,short,step,2,no,7,middle,yes,no,no,highest of phrase; turning pitch 0 to 2 st below
Kabalevsky T02,1,56,2,C#4,61,u,Bozeman baritone midpoint,0.833,close,E3,8.5,inside,2,-3,none,not assessed,short,repeated,0,no,7,last,yes,no,no,highest of phrase
Kabalevsky T02,1,61,1,C#4,61,ɛ,Bozeman baritone midpoint,0.833,open,D4,-0.5,inside,2,-3,none,not assessed,short,repeated,0,yes,8,first,yes,no,no,highest of phrase
Kabalevsky T02,1,61,2,B3,59,ʌ,derived from Bozeman baritone,0.417,open,D#4,-3.5,inside,0,-5,none,not assessed,short,step,-2,no,8,middle,no,no,no,
Kabalevsky T02,1,61,2.5,A3,57,u,Bozeman baritone midpoint,0.417,close,E3,4.5,below primo,-2,-7,none,not assessed,short,step,-2,no,8,middle,no,no,no,
Kabalevsky T02,1,62,1,G#3,56,i,Bozeman baritone midpoint,1.25,close,E3,3.5,below primo,-3,-8,none,not assessed,short,step,-1,no,8,middle,no,no,no,
Kabalevsky T02,1,62,2.5,F#3,54,ɑ,Bozeman baritone midpoint,0.417,open,D#4,-8.5,below primo,-5,-10,none,not assessed,short,step,-2,no,8,middle,no,no,no,
Kabalevsky T02,1,63,1,F3,53,o,Bozeman baritone midpoint,0.417,open,C4,-6.5,below primo,-6,-11,none,not assessed,short,step,-1,no,8,middle,no,no,no,
Kabalevsky T02,1,63,1.5,F#3,54,ɑ,Bozeman baritone midpoint,0.417,open,D#4,-8.5,below primo,-5,-10,none,not assessed,short,step,1,no,8,middle,no,no,no,
Kabalevsky T02,1,63,2,G#3,56,ɪ,derived from Bozeman baritone,0.417,open,C4,-4.04,below primo,-3,-8,none,not assessed,short,step,2,no,8,middle,no,no,no,
Kabalevsky T02,1,63,2.5,D3,50,ɑ,Bozeman baritone midpoint,0.417,open,D#4,-12.5,below primo,-9,-14,none,not assessed,short,leap-down,-6,no,8,middle,no,no,no,
Kabalevsky T02,1,64,1,C#3,49,i,Bozeman baritone midpoint,1.667,open,E3,-3.5,below primo,-10,-15,none,not assessed,short,step,-1,no,8,middle,no,no,no,
Kabalevsky T02,1,65,1,C#3,49,i,Bozeman baritone midpoint,0.417,open,E3,-3.5,below primo,-10,-15,none,not assessed,short,tie,0,no,8,last,no,no,no,
Kabalevsky T02,1,66,1.5,C#4,61,i,Bozeman baritone midpoint,0.417,close,E3,8.5,inside,2,-3,none,not assessed,short,leap-up,12,yes,9,first,no,no,no,
Kabalevsky T02,1,66,2,B3,59,o,Bozeman baritone midpoint,0.417,open,C4,-0.5,inside,0,-5,none,not assessed,short,step,-2,no,9,middle,no,no,no,
Kabalevsky T02,1,66,2.5,A3,57,i,Bozeman baritone midpoint,0.417,close,E3,4.5,below primo,-2,-7,none,not assessed,short,step,-2,no,9,middle,no,no,no,
Kabalevsky T02,1,67,1,G#3,56,o,Bozeman baritone midpoint,1.25,open,C4,-3.5,below primo,-3,-8,none,not assessed,short,step,-1,no,9,middle,no,no,no,
Kabalevsky T02,1,67,2.5,F#3,54,u,Bozeman baritone midpoint,0.417,close,E3,1.5,below primo,-5,-10,none,not assessed,short,step,-2,no,9,middle,no,no,no,turning pitch 0 to 2 st below
Kabalevsky T02,1,68,1,F3,53,ɑ,Bozeman baritone midpoint,0.417,open,D#4,-9.5,below primo,-6,-11,none,not assessed,short,step,-1,no,9,middle,no,no,no,
Kabalevsky T02,1,68,1.5,F#3,54,ɪ,derived from Bozeman baritone,0.417,open,C4,-6.04,below primo,-5,-10,none,not assessed,short,step,1,no,9,middle,no,no,no,
Kabalevsky T02,1,68,2,G#3,56,ɑ,Bozeman baritone midpoint,0.278,open,D#4,-6.5,below primo,-3,-8,none,not assessed,short,step,2,no,9,middle,no,no,no,
Kabalevsky T02,1,68,2.333,B3,59,ɑ,Bozeman baritone midpoint,0.278,open,D#4,-3.5,inside,0,-5,none,not assessed,short,leap-up,3,no,9,middle,no,no,no,
Kabalevsky T02,1,68,2.667,D4,62,u,Bozeman baritone midpoint,0.278,close,E3,9.5,inside,3,-2,none,not assessed,short,leap-up,3,no,9,middle,yes,no,no,highest of phrase
Kabalevsky T02,1,69,1,C#4,61,i,Bozeman baritone midpoint,1.667,close,E3,8.5,inside,2,-3,none,not assessed,held,step,-1,no,9,middle,no,no,no,held
Kabalevsky T02,1,70,1,C#4,61,i,Bozeman baritone midpoint,0.833,close,E3,8.5,inside,2,-3,none,not assessed,held,tie,0,no,9,last,no,no,no,held
Kabalevsky T03,1,2,2.5,E3,52,u,Bozeman baritone midpoint,0.577,open,E3,-0.5,below primo,-7,-12,none,not assessed,short,first note,,,0,first,no,no,no,
Kabalevsky T03,1,3,1,D#3,51,u,Bozeman baritone midpoint,1.731,open,E3,-1.5,below primo,-8,-13,none,not assessed,short,step,-1,no,0,middle,no,no,no,
Kabalevsky T03,1,3,2.5,E3,52,o,Bozeman baritone midpoint,0.577,open,C4,-7.5,below primo,-7,-12,3,not assessed,short,step,1,no,0,middle,no,no,no,
Kabalevsky T03,1,4,1,D#3,51,ɛ,Bozeman baritone midpoint,0.577,open,D4,-10.5,below primo,-8,-13,none,not assessed,short,step,-1,no,0,middle,no,no,no,
Kabalevsky T03,1,4,1.5,F3,53,ɨ,derived from Bozeman baritone,0.577,open,A#3,-4.89,below primo,-6,-11,none,not assessed,short,step,2,no,0,middle,no,no,no,
Kabalevsky T03,1,4,2,G3,55,ʌ,derived from Bozeman baritone,0.577,open,D#4,-7.5,below primo,-4,-9,3,not assessed,short,step,2,no,0,middle,no,no,no,
Kabalevsky T03,1,4,2.5,G#3,56,ɑ,Bozeman baritone midpoint,0.577,open,D#4,-6.5,below primo,-3,-8,none,not assessed,short,step,1,no,0,middle,no,no,no,
Kabalevsky T03,1,5,1,B3,59,u,Bozeman baritone midpoint,0.865,close,E3,6.5,inside,0,-5,none,not assessed,short,leap-up,3,no,0,middle,yes,no,no,highest of phrase
Kabalevsky T03,1,5,1.75,A#3,58,ɑ,Bozeman baritone midpoint,0.288,open,D#4,-4.5,below primo,-1,-6,none,not assessed,short,step,-1,no,0,middle,no,no,no,
Kabalevsky T03,1,5,2,G#3,56,ɛ,Bozeman baritone midpoint,0.577,open,D4,-5.5,below primo,-3,-8,none,not assessed,short,step,-2,no,0,middle,no,no,no,
Kabalevsky T03,1,5,2.5,D#3,51,ʌ,derived from Bozeman baritone,0.577,open,D#4,-11.5,below primo,-8,-13,4,not assessed,short,leap-down,-5,no,0,last,no,no,no,
Kabalevsky T03,1,6,1.5,E3,52,u,Bozeman baritone midpoint,0.577,open,E3,-0.5,below primo,-7,-12,none,not assessed,short,step,1,yes,1,first,no,no,no,
Kabalevsky T03,1,6,2,D#3,51,u,Bozeman baritone midpoint,0.577,open,E3,-1.5,below primo,-8,-13,none,not assessed,short,step,-1,no,1,middle,no,no,no,
Kabalevsky T03,1,6,2.5,E3,52,ɛ,Bozeman baritone midpoint,0.577,open,D4,-9.5,below primo,-7,-12,none,not assessed,short,step,1,no,1,middle,no,no,no,
Kabalevsky T03,1,7,1,D#3,51,e,Bozeman baritone midpoint,1.731,open,C4,-8.5,below primo,-8,-13,none,not assessed,short,step,-1,no,1,middle,no,no,no,
Kabalevsky T03,1,7,2.5,F3,53,o,Bozeman baritone midpoint,0.577,open,C4,-6.5,below primo,-6,-11,none,not assessed,short,step,2,no,1,middle,no,no,no,
Kabalevsky T03,1,8,1,G3,55,ɪ,derived from Bozeman baritone,0.577,open,C4,-5.04,below primo,-4,-9,none,not assessed,short,step,2,no,1,middle,no,no,no,
Kabalevsky T03,1,8,1.5,G#3,56,ɪ,derived from Bozeman baritone,0.577,open,C4,-4.04,below primo,-3,-8,none,not assessed,short,step,1,no,1,middle,no,no,no,
Kabalevsky T03,1,8,2,B3,59,o,Bozeman baritone midpoint,0.865,open,C4,-0.5,inside,0,-5,none,not assessed,short,leap-up,3,no,1,middle,yes,no,no,highest of phrase
Kabalevsky T03,1,8,2.75,A#3,58,i,Bozeman baritone midpoint,0.288,close,E3,5.5,below primo,-1,-6,none,not assessed,short,step,-1,no,1,middle,no,no,no,
Kabalevsky T03,1,9,1,G#3,56,ɑ,Bozeman baritone midpoint,2.308,open,D#4,-6.5,below primo,-3,-8,none,not assessed,held,step,-2,no,1,middle,no,no,no,held
Kabalevsky T03,1,10,1,G#3,56,ɑ,Bozeman baritone midpoint,0.577,open,D#4,-6.5,below primo,-3,-8,none,not assessed,held,tie,0,no,1,last,no,no,no,held
Kabalevsky T03,1,10,2.5,G#3,56,ɑ,Bozeman baritone midpoint,0.577,open,D#4,-6.5,below primo,-3,-8,none,not assessed,short,repeated,0,yes,2,first,no,no,no,
Kabalevsky T03,1,11,1,G#3,56,u,Bozeman baritone midpoint,0.577,close,E3,3.5,below primo,-3,-8,none,not assessed,short,repeated,0,no,2,middle,no,no,no,
Kabalevsky T03,1,11,1.5,F#3,54,ɪ,derived from Bozeman baritone,0.577,open,C4,-6.04,below primo,-5,-10,none,not assessed,short,step,-2,no,2,middle,no,no,no,
Kabalevsky T03,1,11,2,G#3,56,u,Bozeman baritone midpoint,0.577,close,E3,3.5,below primo,-3,-8,none,not assessed,short,step,2,no,2,middle,no,no,no,
Kabalevsky T03,1,11,2.5,E3,52,ʌ,derived from Bozeman baritone,0.577,open,D#4,-10.5,below primo,-7,-12,none,not assessed,short,leap-down,-4,no,2,middle,no,no,no,
Kabalevsky T03,1,12,1,C#3,49,o,Bozeman baritone midpoint,0.577,open,C4,-10.5,below primo,-10,-15,none,not assessed,short,leap-down,-3,no,2,middle,no,no,no,
Kabalevsky T03,1,12,1.5,G#3,56,o,Bozeman baritone midpoint,0.577,open,C4,-3.5,below primo,-3,-8,none,not assessed,short,leap-up,7,no,2,middle,no,no,no,
Kabalevsky T03,1,12,2,A#3,58,i,Bozeman baritone midpoint,0.577,close,E3,5.5,below primo,-1,-6,none,not assessed,short,step,2,no,2,middle,no,no,no,
Kabalevsky T03,1,12,2.5,B3,59,ɪ,derived from Bozeman baritone,0.577,open,C4,-1.04,inside,0,-5,none,not assessed,short,step,1,no,2,middle,no,no,no,
Kabalevsky T03,1,13,1,B3,59,ɛ,Bozeman baritone midpoint,1.154,open,D4,-2.5,inside,0,-5,none,not assessed,short,repeated,0,no,2,middle,no,no,no,
Kabalevsky T03,1,13,2,G#3,56,ʌ,derived from Bozeman baritone,0.577,open,D#4,-6.5,below primo,-3,-8,none,not assessed,short,leap-down,-3,no,2,middle,no,no,no,
Kabalevsky T03,1,13,2.5,E3,52,u,Bozeman baritone midpoint,0.577,open,E3,-0.5,below primo,-7,-12,none,not assessed,short,leap-down,-4,no,2,middle,no,no,no,
Kabalevsky T03,1,14,1,D#3,51,u,Bozeman baritone midpoint,0.577,open,E3,-1.5,below primo,-8,-13,none,not assessed,short,step,-1,no,2,middle,no,no,no,
Kabalevsky T03,1,14,1.5,G#3,56,u,Bozeman baritone midpoint,0.577,close,E3,3.5,below primo,-3,-8,none,not assessed,short,leap-up,5,no,2,middle,no,no,no,
Kabalevsky T03,1,14,2,A#3,58,ɨ,derived from Bozeman baritone,0.577,close,A#3,0.11,below primo,-1,-6,none,not assessed,short,step,2,no,2,middle,no,no,no,turning pitch 0 to 2 st below
Kabalevsky T03,1,14,2.5,B3,59,ɑ,Bozeman baritone midpoint,0.577,open,D#4,-3.5,inside,0,-5,none,not assessed,short,step,1,no,2,middle,no,no,no,
Kabalevsky T03,1,15,1,D#4,63,a,derived from Bozeman baritone,0.577,open,F4,-1.92,inside,4,-1,none,not assessed,short,leap-up,4,no,2,middle,yes,yes,yes,highest of phrase
Kabalevsky T03,1,15,1.5,C#4,61,ɪ,derived from Bozeman baritone,0.577,close,C4,0.96,inside,2,-3,none,not assessed,short,step,-2,no,2,middle,no,no,no,turning pitch 0 to 2 st below
Kabalevsky T03,1,15,2,B3,59,ʌ,derived from Bozeman baritone,0.577,open,D#4,-3.5,inside,0,-5,none,not assessed,short,step,-2,no,2,middle,no,no,no,
Kabalevsky T03,1,15,2.5,A#3,58,ɑ,Bozeman baritone midpoint,0.577,open,D#4,-4.5,below primo,-1,-6,none,not assessed,short,step,-1,no,2,middle,no,no,no,
Kabalevsky T03,1,16,1,G#3,56,ɑ,Bozeman baritone midpoint,2.308,open,D#4,-6.5,below primo,-3,-8,none,not assessed,held,step,-2,no,2,middle,no,no,no,held
Kabalevsky T03,1,17,1,G#3,56,ɑ,Bozeman baritone midpoint,0.577,open,D#4,-6.5,below primo,-3,-8,none,not assessed,held,tie,0,no,2,last,no,no,no,held
Kabalevsky T03,1,18,1.25,F#3,54,i,Bozeman baritone midpoint,0.288,close,E3,1.5,below primo,-5,-10,none,not assessed,short,step,-2,yes,3,first,no,no,no,turning pitch 0 to 2 st below
Kabalevsky T03,1,18,1.5,B3,59,ɑ,Bozeman baritone midpoint,0.288,open,D#4,-3.5,inside,0,-5,none,not assessed,short,leap-up,5,no,3,middle,no,no,no,
Kabalevsky T03,1,18,1.75,D#4,63,i,Bozeman baritone midpoint,0.288,close,E3,10.5,inside,4,-1,none,not assessed,short,leap-up,4,no,3,middle,yes,yes,yes,highest of phrase
Kabalevsky T03,1,18,2,C#4,61,ɑ,Bozeman baritone midpoint,0.577,open,D#4,-1.5,inside,2,-3,none,not assessed,short,step,-2,no,3,middle,no,no,no,
Kabalevsky T03,1,18,2.5,G#3,56,ɑ,Bozeman baritone midpoint,0.577,open,D#4,-6.5,below primo,-3,-8,none,not assessed,short,leap-down,-5,no,3,middle,no,no,no,
Kabalevsky T03,1,19,1,B3,59,e,Bozeman baritone midpoint,0.577,open,C4,-0.5,inside,0,-5,none,not assessed,short,leap-up,3,no,3,middle,no,no,no,
Kabalevsky T03,1,19,1.5,F#3,54,i,Bozeman baritone midpoint,0.577,close,E3,1.5,below primo,-5,-10,none,not assessed,short,leap-down,-5,no,3,middle,no,no,no,turning pitch 0 to 2 st below
Kabalevsky T03,1,19,2,G3,55,ɑ,Bozeman baritone midpoint,0.288,open,D#4,-7.5,below primo,-4,-9,3,not assessed,short,step,1,no,3,middle,no,no,no,
Kabalevsky T03,1,19,2.25,F#3,54,ɑ,Bozeman baritone midpoint,0.288,open,D#4,-8.5,below primo,-5,-10,none,not assessed,short,step,-1,no,3,middle,no,no,no,
Kabalevsky T03,1,19,2.5,G3,55,i,Bozeman baritone midpoint,0.288,close,E3,2.5,below primo,-4,-9,none,not assessed,short,step,1,no,3,middle,no,no,no,
Kabalevsky T03,1,19,2.75,A3,57,i,Bozeman baritone midpoint,0.288,close,E3,4.5,below primo,-2,-7,none,not assessed,short,step,2,no,3,middle,no,no,no,
Kabalevsky T03,1,20,1,B3,59,ɛ,Bozeman baritone midpoint,0.577,open,D4,-2.5,inside,0,-5,none,not assessed,short,step,2,no,3,middle,no,no,no,
Kabalevsky T03,1,20,1.5,F#3,54,ʌ,derived from Bozeman baritone,0.577,open,D#4,-8.5,below primo,-5,-10,none,not assessed,short,leap-down,-5,no,3,last,no,no,no,
Kabalevsky T03,1,20,2.25,F#3,54,ɑ,Bozeman baritone midpoint,0.288,open,D#4,-8.5,below primo,-5,-10,none,not assessed,short,repeated,0,yes,4,first,no,no,no,
Kabalevsky T03,1,20,2.5,B3,59,ɑ,Bozeman baritone midpoint,0.288,open,D#4,-3.5,inside,0,-5,none,not assessed,short,leap-up,5,no,4,middle,no,no,no,
Kabalevsky T03,1,20,2.75,D#4,63,u,Bozeman baritone midpoint,0.288,close,E3,10.5,inside,4,-1,none,not assessed,short,leap-up,4,no,4,middle,yes,yes,yes,highest of phrase
Kabalevsky T03,1,21,1,C#4,61,o,Bozeman baritone midpoint,0.865,close,C4,1.5,inside,2,-3,none,not assessed,short,step,-2,no,4,middle,no,no,no,turning pitch 0 to 2 st below
Kabalevsky T03,1,21,1.75,G#3,56,ɑ,Bozeman baritone midpoint,0.288,open,D#4,-6.5,below primo,-3,-8,none,not assessed,short,leap-down,-5,no,4,middle,no,no,no,
Kabalevsky T03,1,21,2,B3,59,ɑ,Bozeman baritone midpoint,0.577,open,D#4,-3.5,inside,0,-5,none,not assessed,short,leap-up,3,no,4,middle,no,no,no,
Kabalevsky T03,1,21,2.5,F#3,54,ɨ,derived from Bozeman baritone,0.577,open,A#3,-3.89,below primo,-5,-10,none,not assessed,short,leap-down,-5,no,4,middle,no,no,no,
Kabalevsky T03,1,22,1,G3,55,ɑ,Bozeman baritone midpoint,0.288,open,D#4,-7.5,below primo,-4,-9,3,not assessed,short,step,1,no,4,middle,no,no,no,
Kabalevsky T03,1,22,1.25,F#3,54,ɑ,Bozeman baritone midpoint,0.288,open,D#4,-8.5,below primo,-5,-10,none,not assessed,short,step,-1,no,4,middle,no,no,no,
Kabalevsky T03,1,22,1.5,G3,55,ɪ,derived from Bozeman baritone,0.577,open,C4,-5.04,below primo,-4,-9,none,not assessed,short,step,1,no,4,middle,no,no,no,
Kabalevsky T03,1,22,2,F#3,54,ɑ,Bozeman baritone midpoint,1.154,open,D#4,-8.5,below primo,-5,-10,none,not assessed,short,step,-1,no,4,middle,no,no,no,
Kabalevsky T03,1,23,1,F#3,54,ɑ,Bozeman baritone midpoint,0.288,open,D#4,-8.5,below primo,-5,-10,none,not assessed,short,tie,0,no,4,middle,no,no,no,
Kabalevsky T03,1,23,1.25,F3,53,ɑ,Bozeman baritone midpoint,0.288,open,D#4,-9.5,below primo,-6,-11,none,not assessed,short,step,-1,no,4,middle,no,no,no,
Kabalevsky T03,1,23,1.5,F#3,54,ʌ,derived from Bozeman baritone,0.288,open,D#4,-8.5,below primo,-5,-10,none,not assessed,short,step,1,no,4,middle,no,no,no,
Kabalevsky T03,1,23,1.75,G#3,56,ɑ,Bozeman baritone midpoint,0.288,open,D#4,-6.5,below primo,-3,-8,none,not assessed,short,step,2,no,4,middle,no,no,no,
Kabalevsky T03,1,23,2,A#3,58,e,Bozeman baritone midpoint,0.865,open,C4,-1.5,below primo,-1,-6,none,not assessed,short,step,2,no,4,middle,no,no,no,
Kabalevsky T03,1,23,2.75,B3,59,i,Bozeman baritone midpoint,0.288,close,E3,6.5,inside,0,-5,none,not assessed,short,step,1,no,4,middle,no,no,no,
Kabalevsky T03,1,24,1,A#3,58,i,Bozeman baritone midpoint,0.865,close,E3,5.5,below primo,-1,-6,none,not assessed,short,step,-1,no,4,middle,no,no,no,
Kabalevsky T03,1,24,1.75,B3,59,ɑ,Bozeman baritone midpoint,0.288,open,D#4,-3.5,inside,0,-5,none,not assessed,short,step,1,no,4,middle,no,no,no,
Kabalevsky T03,1,24,2,A#3,58,o,Bozeman baritone midpoint,0.288,open,C4,-1.5,below primo,-1,-6,none,not assessed,short,step,-1,no,4,middle,no,no,no,
Kabalevsky T03,1,24,2.25,C4,60,ɨ,derived from Bozeman baritone,0.288,close,A#3,2.11,inside,1,-4,none,not assessed,short,step,2,no,4,middle,no,no,no,
Kabalevsky T03,1,24,2.5,D4,62,ɑ,Bozeman baritone midpoint,0.288,open,D#4,-0.5,inside,3,-2,none,not assessed,short,step,2,no,4,middle,no,no,no,
Kabalevsky T03,1,24,2.75,A#3,58,ɪ,derived from Bozeman baritone,0.288,open,C4,-2.04,below primo,-1,-6,none,not assessed,short,leap-down,-4,no,4,middle,no,no,no,
Kabalevsky T03,1,25,1,D#4,63,o,Bozeman baritone midpoint,1.731,close,C4,3.5,inside,4,-1,none,not assessed,short,leap-up,5,no,4,middle,yes,yes,yes,highest of phrase
Kabalevsky T03,1,25,2.5,C#4,61,o,Bozeman baritone midpoint,0.577,close,C4,1.5,inside,2,-3,none,not assessed,short,step,-2,no,4,middle,no,no,no,turning pitch 0 to 2 st below
Kabalevsky T03,1,26,1,B3,59,e,Bozeman baritone midpoint,0.288,open,C4,-0.5,inside,0,-5,none,not assessed,short,step,-2,no,4,middle,no,no,no,
Kabalevsky T03,1,26,1.25,A#3,58,u,Bozeman baritone midpoint,0.288,close,E3,5.5,below primo,-1,-6,none,not assessed,short,step,-1,no,4,middle,no,no,no,
Kabalevsky T03,1,26,1.5,B3,59,ʌ,derived from Bozeman baritone,0.288,open,D#4,-3.5,inside,0,-5,none,not assessed,short,step,1,no,4,middle,no,no,no,
Kabalevsky T03,1,26,1.75,G#3,56,ɨ,derived from Bozeman baritone,0.288,open,A#3,-1.89,below primo,-3,-8,none,not assessed,short,leap-down,-3,no,4,middle,no,no,no,
Kabalevsky T03,1,26,2,A#3,58,ɑ,Bozeman baritone midpoint,0.865,open,D#4,-4.5,below primo,-1,-6,none,not assessed,short,step,2,no,4,middle,no,no,no,
Kabalevsky T03,1,26,2.75,B3,59,ɪ,derived from Bozeman baritone,0.288,open,C4,-1.04,inside,0,-5,none,not assessed,short,step,1,no,4,middle,no,no,no,
Kabalevsky T03,1,27,1,A#3,58,ɛ,Bozeman baritone midpoint,0.577,open,D4,-3.5,below primo,-1,-6,none,not assessed,short,step,-1,no,4,middle,no,no,no,
Kabalevsky T03,1,27,1.5,F3,53,ʌ,derived from Bozeman baritone,0.577,open,D#4,-9.5,below primo,-6,-11,none,not assessed,short,leap-down,-5,no,4,last,no,no,no,
Kabalevsky T03,1,30,1,A#3,58,o,Bozeman baritone midpoint,0.577,open,C4,-1.5,below primo,-1,-6,none,not assessed,short,leap-up,5,yes,5,first,no,no,no,
Kabalevsky T03,1,30,1.5,A#3,58,ɪ,derived from Bozeman baritone,0.288,open,C4,-2.04,below primo,-1,-6,none,not assessed,short,repeated,0,no,5,middle,no,no,no,
Kabalevsky T03,1,30,1.75,B3,59,i,Bozeman baritone midpoint,0.288,close,E3,6.5,inside,0,-5,none,not assessed,short,step,1,no,5,middle,yes,no,no,highest of phrase
Kabalevsky T03,1,30,2,A#3,58,ɨ,derived from Bozeman baritone,0.865,close,A#3,0.11,below primo,-1,-6,none,not assessed,short,step,-1,no,5,middle,no,no,no,turning pitch 0 to 2 st below
Kabalevsky T03,1,30,2.75,B3,59,none resolved,not assessed,0.288,not assessed,not assessed,not assessed,inside,0,-5,not assessed,not assessed,short,step,1,no,5,middle,yes,no,no,highest of phrase
Kabalevsky T03,1,31,1,A#3,58,e,Bozeman baritone midpoint,0.288,open,C4,-1.5,below primo,-1,-6,none,not assessed,short,step,-1,no,5,middle,no,no,no,
Kabalevsky T03,1,31,1.25,F3,53,i,Bozeman baritone midpoint,0.288,close,E3,0.5,below primo,-6,-11,none,not assessed,short,leap-down,-5,no,5,middle,no,no,no,turning pitch 0 to 2 st below
Kabalevsky T03,1,31,1.5,F#3,54,i,Bozeman baritone midpoint,0.288,close,E3,1.5,below primo,-5,-10,none,not assessed,short,step,1,no,5,middle,no,no,no,turning pitch 0 to 2 st below
Kabalevsky T03,1,31,1.75,G#3,56,ɑ,Bozeman baritone midpoint,0.288,open,D#4,-6.5,below primo,-3,-8,none,not assessed,short,step,2,no,5,middle,no,no,no,
Kabalevsky T03,1,31,2,A#3,58,e,Bozeman baritone midpoint,1.154,open,C4,-1.5,below primo,-1,-6,none,not assessed,short,step,2,no,5,middle,no,no,no,
Kabalevsky T03,1,32,1,A#3,58,e,Bozeman baritone midpoint,0.288,open,C4,-1.5,below primo,-1,-6,none,not assessed,short,tie,0,no,5,middle,no,no,no,
Kabalevsky T03,1,32,1.25,A#3,58,ɑ,Bozeman baritone midpoint,0.288,open,D#4,-4.5,below primo,-1,-6,none,not assessed,short,repeated,0,no,5,middle,no,no,no,
Kabalevsky T03,1,32,1.5,A#3,58,ɑ,Bozeman baritone midpoint,0.288,open,D#4,-4.5,below primo,-1,-6,none,not assessed,short,repeated,0,no,5,middle,no,no,no,
Kabalevsky T03,1,32,1.75,B3,59,ɪ,derived from Bozeman baritone,0.288,open,C4,-1.04,inside,0,-5,none,not assessed,short,step,1,no,5,middle,yes,no,no,highest of phrase
Kabalevsky T03,1,32,2,A#3,58,o,Bozeman baritone midpoint,0.865,open,C4,-1.5,below primo,-1,-6,none,not assessed,short,step,-1,no,5,middle,no,no,no,
Kabalevsky T03,1,32,2.75,B3,59,u,Bozeman baritone midpoint,0.288,close,E3,6.5,inside,0,-5,none,not assessed,short,step,1,no,5,middle,yes,no,no,highest of phrase
Kabalevsky T03,1,33,1,A#3,58,o,Bozeman baritone midpoint,0.288,open,C4,-1.5,below primo,-1,-6,none,not assessed,short,step,-1,no,5,middle,no,no,no,
Kabalevsky T03,1,33,1.25,D#3,51,u,Bozeman baritone midpoint,0.288,open,E3,-1.5,below primo,-8,-13,none,not assessed,short,leap-down,-7,no,5,middle,no,no,no,
Kabalevsky T03,1,33,1.5,F3,53,i,Bozeman baritone midpoint,0.288,close,E3,0.5,below primo,-6,-11,none,not assessed,short,step,2,no,5,middle,no,no,no,turning pitch 0 to 2 st below
Kabalevsky T03,1,33,1.75,G3,55,i,Bozeman baritone midpoint,0.288,close,E3,2.5,below primo,-4,-9,none,not assessed,short,step,2,no,5,middle,no,no,no,
Kabalevsky T03,1,33,2,G#3,56,a,derived from Bozeman baritone,0.865,open,F4,-8.92,below primo,-3,-8,none,not assessed,short,step,1,no,5,middle,no,no,no,
Kabalevsky T03,1,33,2.75,G#3,56,ɑ,Bozeman baritone midpoint,0.288,open,D#4,-6.5,below primo,-3,-8,none,not assessed,short,repeated,0,no,5,last,no,no,no,
Kabalevsky T03,1,34,2.75,G#3,56,o,Bozeman baritone midpoint,0.288,open,C4,-3.5,below primo,-3,-8,none,not assessed,short,repeated,0,yes,6,first,no,no,no,
Kabalevsky T03,1,35,1,C#4,61,u,Bozeman baritone midpoint,0.288,close,E3,8.5,inside,2,-3,none,not assessed,short,leap-up,5,no,6,middle,yes,no,no,highest of phrase
Kabalevsky T03,1,35,1.25,C#4,61,ɨ,derived from Bozeman baritone,0.288,close,A#3,3.11,inside,2,-3,none,not assessed,short,repeated,0,no,6,middle,yes,no,no,highest of phrase
Kabalevsky T03,1,35,1.5,C#4,61,ʌ,derived from Bozeman baritone,0.288,open,D#4,-1.5,inside,2,-3,none,not assessed,short,repeated,0,no,6,middle,yes,no,no,highest of phrase
Kabalevsky T03,1,35,1.75,G#3,56,u,Bozeman baritone midpoint,0.288,close,E3,3.5,below primo,-3,-8,none,not assessed,short,leap-down,-5,no,6,middle,no,no,no,
Kabalevsky T03,1,35,2,C#4,61,ɑ,Bozeman baritone midpoint,0.288,open,D#4,-1.5,inside,2,-3,none,not assessed,short,leap-up,5,no,6,middle,yes,no,no,highest of phrase
Kabalevsky T03,1,35,2.25,B3,59,ɑ,Bozeman baritone midpoint,0.288,open,D#4,-3.5,inside,0,-5,none,not assessed,short,step,-2,no,6,middle,no,no,no,
Kabalevsky T03,1,35,2.5,A#3,58,ɛ,Bozeman baritone midpoint,0.288,open,D4,-3.5,below primo,-1,-6,none,not assessed,short,step,-1,no,6,middle,no,no,no,
Kabalevsky T03,1,35,2.75,G#3,56,ɪ,derived from Bozeman baritone,0.288,open,C4,-4.04,below primo,-3,-8,none,not assessed,short,step,-2,no,6,middle,no,no,no,
Kabalevsky T03,1,36,1,D#3,51,e,Bozeman baritone midpoint,1.154,open,C4,-8.5,below primo,-8,-13,none,not assessed,short,leap-down,-5,no,6,middle,no,no,no,
Kabalevsky T03,1,36,2,D#3,51,e,Bozeman baritone midpoint,0.288,open,C4,-8.5,below primo,-8,-13,none,not assessed,short,tie,0,no,6,middle,no,no,no,
Kabalevsky T03,1,36,2.25,E3,52,ɑ,Bozeman baritone midpoint,0.288,open,D#4,-10.5,below primo,-7,-12,none,not assessed,short,step,1,no,6,middle,no,no,no,
Kabalevsky T03,1,36,2.5,D#3,51,ɨ,derived from Bozeman baritone,0.288,open,A#3,-6.89,below primo,-8,-13,3,not assessed,short,step,-1,no,6,middle,no,no,no,
Kabalevsky T03,1,36,2.75,E3,52,ʌ,derived from Bozeman baritone,0.288,open,D#4,-10.5,below primo,-7,-12,none,not assessed,short,step,1,no,6,middle,no,no,no,
Kabalevsky T03,1,37,1,D#3,51,ɑ,Bozeman baritone midpoint,0.865,open,D#4,-11.5,below primo,-8,-13,4,not assessed,short,step,-1,no,6,middle,no,no,no,
Kabalevsky T03,1,37,1.75,F3,53,i,Bozeman baritone midpoint,0.288,close,E3,0.5,below primo,-6,-11,none,not assessed,short,step,2,no,6,middle,no,no,no,turning pitch 0 to 2 st below
Kabalevsky T03,1,37,2,G3,55,a,derived from Bozeman baritone,0.288,open,F4,-9.92,below primo,-4,-9,none,not assessed,short,step,2,no,6,middle,no,no,no,
Kabalevsky T03,1,37,2.25,G#3,56,ɪ,derived from Bozeman baritone,0.288,open,C4,-4.04,below primo,-3,-8,none,not assessed,short,step,1,no,6,middle,no,no,no,
Kabalevsky T03,1,37,2.5,B3,59,ʌ,derived from Bozeman baritone,0.288,open,D#4,-3.5,inside,0,-5,none,not assessed,short,leap-up,3,no,6,middle,no,no,no,
Kabalevsky T03,1,37,2.75,A#3,58,ɑ,Bozeman baritone midpoint,0.288,open,D#4,-4.5,below primo,-1,-6,none,not assessed,short,step,-1,no,6,middle,no,no,no,
Kabalevsky T03,1,38,1,G#3,56,a,derived from Bozeman baritone,0.865,open,F4,-8.92,below primo,-3,-8,none,not assessed,short,step,-2,no,6,middle,no,no,no,
Kabalevsky T03,1,38,1.75,G#3,56,ɪ,derived from Bozeman baritone,0.288,open,C4,-4.04,below primo,-3,-8,none,not assessed,short,repeated,0,no,6,last,no,no,no,
Kabalevsky T03,1,44,2.5,G#3,56,i,Bozeman baritone midpoint,0.577,close,E3,3.5,below primo,-3,-8,none,not assessed,short,repeated,0,yes,7,first,no,no,no,
Kabalevsky T03,1,45,1,G#3,56,ɑ,Bozeman baritone midpoint,1.731,open,D#4,-6.5,below primo,-3,-8,none,not assessed,short,repeated,0,no,7,middle,no,no,no,
Kabalevsky T03,1,45,2.5,F#3,54,u,Bozeman baritone midpoint,0.577,close,E3,1.5,below primo,-5,-10,none,not assessed,short,step,-2,no,7,middle,no,no,no,turning pitch 0 to 2 st below
Kabalevsky T03,1,46,1,G#3,56,o,Bozeman baritone midpoint,1.731,open,C4,-3.5,below primo,-3,-8,none,not assessed,short,step,2,no,7,middle,no,no,no,
Kabalevsky T03,1,46,2.5,E3,52,ɑ,Bozeman baritone midpoint,0.577,open,D#4,-10.5,below primo,-7,-12,none,not assessed,short,leap-down,-4,no,7,middle,no,no,no,
Kabalevsky T03,1,47,1,C#3,49,o,Bozeman baritone midpoint,0.577,open,C4,-10.5,below primo,-10,-15,none,not assessed,short,leap-down,-3,no,7,middle,no,no,no,
Kabalevsky T03,1,47,1.5,E3,52,ʌ,derived from Bozeman baritone,0.577,open,D#4,-10.5,below primo,-7,-12,none,not assessed,short,leap-up,3,no,7,middle,no,no,no,
Kabalevsky T03,1,47,2,G#3,56,ʌ,derived from Bozeman baritone,0.577,open,D#4,-6.5,below primo,-3,-8,none,not assessed,short,leap-up,4,no,7,middle,no,no,no,
Kabalevsky T03,1,47,2.5,A#3,58,ɑ,Bozeman baritone midpoint,0.577,open,D#4,-4.5,below primo,-1,-6,none,not assessed,short,step,2,no,7,middle,no,no,no,
Kabalevsky T03,1,48,1,B3,59,u,Bozeman baritone midpoint,1.154,close,E3,6.5,inside,0,-5,none,not assessed,short,step,1,no,7,middle,yes,no,no,highest of phrase
Kabalevsky T03,1,48,2,B3,59,u,Bozeman baritone midpoint,0.288,close,E3,6.5,inside,0,-5,none,not assessed,short,tie,0,no,7,last,yes,no,no,highest of phrase
Kabalevsky T03,1,48,2.25,G#3,56,ɑ,Bozeman baritone midpoint,0.288,open,D#4,-6.5,below primo,-3,-8,none,not assessed,short,leap-down,-3,no,8,first,no,no,no,
Kabalevsky T03,1,48,2.5,E3,52,o,Bozeman baritone midpoint,0.288,open,C4,-7.5,below primo,-7,-12,3,not assessed,short,leap-down,-4,no,8,middle,no,no,no,
Kabalevsky T03,1,48,2.75,G#3,56,ɑ,Bozeman baritone midpoint,0.288,open,D#4,-6.5,below primo,-3,-8,none,not assessed,short,leap-up,4,no,8,middle,no,no,no,
Kabalevsky T03,1,49,1,D#3,51,ɛ,Bozeman baritone midpoint,0.577,open,D4,-10.5,below primo,-8,-13,none,not assessed,short,leap-down,-5,no,8,middle,no,no,no,
Kabalevsky T03,1,49,1.5,B3,59,ɛ,Bozeman baritone midpoint,1.154,open,D4,-2.5,inside,0,-5,none,not assessed,short,leap-up,8,no,8,last,yes,no,no,highest of phrase
Kabalevsky T03,1,49,2.5,B3,59,i,Bozeman baritone midpoint,0.577,close,E3,6.5,inside,0,-5,none,not assessed,short,repeated,0,no,9,first,no,no,no,
Kabalevsky T03,1,50,1,D#4,63,o,Bozeman baritone midpoint,0.577,close,C4,3.5,inside,4,-1,none,not assessed,short,leap-up,4,no,9,middle,yes,yes,yes,highest of phrase
Kabalevsky T03,1,50,1.5,C#4,61,ɨ,derived from Bozeman baritone,0.577,close,A#3,3.11,inside,2,-3,none,not assessed,short,step,-2,no,9,middle,no,no,no,
Kabalevsky T03,1,50,2,B3,59,ɪ,derived from Bozeman baritone,0.577,open,C4,-1.04,inside,0,-5,none,not assessed,short,step,-2,no,9,middle,no,no,no,
Kabalevsky T03,1,50,2.5,A#3,58,ɑ,Bozeman baritone midpoint,0.577,open,D#4,-4.5,below primo,-1,-6,none,not assessed,short,step,-1,no,9,middle,no,no,no,
Kabalevsky T03,1,51,1,G#3,56,u,Bozeman baritone midpoint,2.308,close,E3,3.5,below primo,-3,-8,none,not assessed,held,step,-2,no,9,middle,no,no,no,held
Kabalevsky T03,1,52,1,G#3,56,u,Bozeman baritone midpoint,0.577,close,E3,3.5,below primo,-3,-8,none,not assessed,held,tie,0,no,9,last,no,no,no,held
Kabalevsky T04,1,4,3.5,C#3,49,ɑ,Bozeman baritone midpoint,0.6,open,D#4,-13.5,below primo,-10,-15,none,not assessed,short,first note,,,0,first,no,no,no,
Kabalevsky T04,1,4,4,D#3,51,ɑ,Bozeman baritone midpoint,0.6,open,D#4,-11.5,below primo,-8,-13,4,not assessed,short,step,2,no,0,middle,no,no,no,
Kabalevsky T04,1,4,4.5,G#3,56,ɑ,Bozeman baritone midpoint,0.6,open,D#4,-6.5,below primo,-3,-8,none,not assessed,short,leap-up,5,no,0,middle,no,no,no,
Kabalevsky T04,1,5,1,E3,52,u,Bozeman baritone midpoint,1.8,open,E3,-0.5,below primo,-7,-12,none,not assessed,short,leap-down,-4,no,0,middle,no,no,no,
Kabalevsky T04,1,5,2.5,D#3,51,ɪ,derived from Bozeman baritone,0.6,open,C4,-9.04,below primo,-8,-13,none,not assessed,short,step,-1,no,0,middle,no,no,no,
Kabalevsky T04,1,5,3,E3,52,o,Bozeman baritone midpoint,0.6,open,C4,-7.5,below primo,-7,-12,3,not assessed,short,step,1,no,0,middle,no,no,no,
Kabalevsky T04,1,5,3.5,C#3,49,ɨ,derived from Bozeman baritone,0.6,open,A#3,-8.89,below primo,-10,-15,none,not assessed,short,leap-down,-3,no,0,middle,no,no,no,
Kabalevsky T04,1,5,4,F#3,54,ɑ,Bozeman baritone midpoint,0.6,open,D#4,-8.5,below primo,-5,-10,none,not assessed,short,leap-up,5,no,0,middle,no,no,no,
Kabalevsky T04,1,5,4.5,D#3,51,ɨ,derived from Bozeman baritone,0.6,open,A#3,-6.89,below primo,-8,-13,3,not assessed,short,leap-down,-3,no,0,middle,no,no,no,
Kabalevsky T04,1,6,1,G#3,56,u,Bozeman baritone midpoint,2.4,close,E3,3.5,below primo,-3,-8,none,not assessed,held,leap-up,5,no,0,middle,no,no,no,held
Kabalevsky T04,1,6,3,G#3,56,u,Bozeman baritone midpoint,0.6,close,E3,3.5,below primo,-3,-8,none,not assessed,held,tie,0,no,0,middle,no,no,no,held
Kabalevsky T04,1,6,3.5,F#3,54,ɑ,Bozeman baritone midpoint,0.6,open,D#4,-8.5,below primo,-5,-10,none,not assessed,short,step,-2,no,0,middle,no,no,no,
Kabalevsky T04,1,6,4,G#3,56,ɨ,derived from Bozeman baritone,0.6,open,A#3,-1.89,below primo,-3,-8,none,not assessed,short,step,2,no,0,middle,no,no,no,
Kabalevsky T04,1,6,4.5,A3,57,ɨ,derived from Bozeman baritone,0.6,open,A#3,-0.89,below primo,-2,-7,none,not assessed,short,step,1,no,0,middle,no,no,no,
Kabalevsky T04,1,7,1,B3,59,ɑ,Bozeman baritone midpoint,0.6,open,D#4,-3.5,inside,0,-5,none,not assessed,short,step,2,no,0,middle,yes,no,no,highest of phrase
Kabalevsky T04,1,7,1.5,G#3,56,u,Bozeman baritone midpoint,0.6,close,E3,3.5,below primo,-3,-8,none,not assessed,short,leap-down,-3,no,0,middle,no,no,no,
Kabalevsky T04,1,7,2,F#3,54,ʌ,derived from Bozeman baritone,0.6,open,D#4,-8.5,below primo,-5,-10,none,not assessed,short,step,-2,no,0,middle,no,no,no,
Kabalevsky T04,1,7,2.5,E3,52,ɑ,Bozeman baritone midpoint,0.6,open,D#4,-10.5,below primo,-7,-12,none,not assessed,short,step,-2,no,0,middle,no,no,no,
Kabalevsky T04,1,7,3,F#3,54,ɑ,Bozeman baritone midpoint,1.8,open,D#4,-8.5,below primo,-5,-10,none,not assessed,short,step,2,no,0,middle,no,no,no,
Kabalevsky T04,1,7,4.5,D#3,51,ɨ,derived from Bozeman baritone,0.6,open,A#3,-6.89,below primo,-8,-13,3,not assessed,short,leap-down,-3,no,0,middle,no,no,no,
Kabalevsky T04,1,8,1,G#3,56,o,Bozeman baritone midpoint,1.8,open,C4,-3.5,below primo,-3,-8,none,not assessed,short,leap-up,5,no,0,middle,no,no,no,
Kabalevsky T04,1,8,2.5,G#3,56,ʌ,derived from Bozeman baritone,0.6,open,D#4,-6.5,below primo,-3,-8,none,not assessed,short,repeated,0,no,0,last,no,no,no,
Kabalevsky T04,1,8,3.5,G#3,56,u,Bozeman baritone midpoint,0.6,close,E3,3.5,below primo,-3,-8,none,not assessed,short,repeated,0,yes,1,first,no,no,no,
Kabalevsky T04,1,8,4,F#3,54,ɑ,Bozeman baritone midpoint,0.6,open,D#4,-8.5,below primo,-5,-10,none,not assessed,short,step,-2,no,1,middle,no,no,no,
Kabalevsky T04,1,8,4.5,E3,52,ɨ,derived from Bozeman baritone,0.6,open,A#3,-5.89,below primo,-7,-12,none,not assessed,short,step,-2,no,1,middle,no,no,no,
Kabalevsky T04,1,9,1,F#3,54,ɛ,Bozeman baritone midpoint,1.8,open,D4,-7.5,below primo,-5,-10,3,not assessed,short,step,2,no,1,middle,no,no,no,
Kabalevsky T04,1,9,2.5,D#3,51,i,Bozeman baritone midpoint,0.6,open,E3,-1.5,below primo,-8,-13,none,not assessed,short,leap-down,-3,no,1,middle,no,no,no,
Kabalevsky T04,1,9,3,E3,52,o,Bozeman baritone midpoint,0.6,open,C4,-7.5,below primo,-7,-12,3,not assessed,short,step,1,no,1,middle,no,no,no,
Kabalevsky T04,1,9,3.5,D#3,51,ɑ,Bozeman baritone midpoint,0.6,open,D#4,-11.5,below primo,-8,-13,4,not assessed,short,step,-1,no,1,middle,no,no,no,
Kabalevsky T04,1,9,4,E3,52,ɛ,Bozeman baritone midpoint,0.6,open,D4,-9.5,below primo,-7,-12,none,not assessed,short,step,1,no,1,middle,no,no,no,
Kabalevsky T04,1,9,4.5,F#3,54,ɑ,Bozeman baritone midpoint,0.6,open,D#4,-8.5,below primo,-5,-10,none,not assessed,short,step,2,no,1,middle,no,no,no,
Kabalevsky T04,1,10,1,G3,55,u,Bozeman baritone midpoint,0.6,close,E3,2.5,below primo,-4,-9,none,not assessed,short,step,1,no,1,middle,no,no,no,
Kabalevsky T04,1,10,1.5,G#3,56,i,Bozeman baritone midpoint,0.6,close,E3,3.5,below primo,-3,-8,none,not assessed,short,step,1,no,1,middle,no,no,no,
Kabalevsky T04,1,10,2,C#4,61,ɑ,Bozeman baritone midpoint,0.6,open,D#4,-1.5,inside,2,-3,none,not assessed,short,leap-up,5,no,1,middle,no,no,no,
Kabalevsky T04,1,10,2.5,D#4,63,ʌ,derived from Bozeman baritone,0.6,close,D#4,0.5,inside,4,-1,none,not assessed,short,step,2,no,1,middle,no,yes,yes,turning pitch 0 to 2 st below
Kabalevsky T04,1,10,3,E4,64,o,Bozeman baritone midpoint,2.4,close,C4,4.5,inside,5,0,none,not assessed,held,step,1,no,1,middle,yes,yes,yes,held; highest of phrase
Kabalevsky T04,1,11,1,E4,64,o,Bozeman baritone midpoint,0.6,close,C4,4.5,inside,5,0,none,not assessed,held,tie,0,no,1,middle,yes,yes,yes,held; highest of phrase
Kabalevsky T04,1,11,1.5,D#4,63,u,Bozeman baritone midpoint,0.6,close,E3,10.5,inside,4,-1,none,not assessed,short,step,-1,no,1,middle,no,yes,no,
Kabalevsky T04,1,11,2,C#4,61,ɑ,Bozeman baritone midpoint,0.6,open,D#4,-1.5,inside,2,-3,none,not assessed,short,step,-2,no,1,middle,no,no,no,
Kabalevsky T04,1,11,2.5,C4,60,ɑ,Bozeman baritone midpoint,0.6,open,D#4,-2.5,inside,1,-4,none,not assessed,short,step,-1,no,1,middle,no,no,no,
Kabalevsky T04,1,11,3,C#4,61,e,Bozeman baritone midpoint,1.8,close,C4,1.5,inside,2,-3,none,not assessed,short,step,1,no,1,middle,no,no,no,turning pitch 0 to 2 st below
Kabalevsky T04,1,11,4.5,A3,57,u,Bozeman baritone midpoint,0.6,close,E3,4.5,below primo,-2,-7,none,not assessed,short,leap-down,-4,no,1,middle,no,no,no,
Kabalevsky T04,1,12,1,E3,52,o,Bozeman baritone midpoint,1.8,open,C4,-7.5,below primo,-7,-12,3,not assessed,short,leap-down,-5,no,1,middle,no,no,no,
Kabalevsky T04,1,12,2.5,G#3,56,ɑ,Bozeman baritone midpoint,0.6,open,D#4,-6.5,below primo,-3,-8,none,not assessed,short,leap-up,4,no,1,last,no,no,no,
Kabalevsky T04,1,13,3.5,C#3,49,i,Bozeman baritone midpoint,0.6,open,E3,-3.5,below primo,-10,-15,none,not assessed,short,leap-down,-7,yes,2,first,no,no,no,
Kabalevsky T04,1,13,4,D#3,51,ɑ,Bozeman baritone midpoint,0.6,open,D#4,-11.5,below primo,-8,-13,4,not assessed,short,step,2,no,2,middle,no,no,no,
Kabalevsky T04,1,13,4.5,G#3,56,ɪ,derived from Bozeman baritone,0.6,open,C4,-4.04,below primo,-3,-8,none,not assessed,short,leap-up,5,no,2,middle,no,no,no,
Kabalevsky T04,1,14,1,E3,52,ɑ,Bozeman baritone midpoint,0.6,open,D#4,-10.5,below primo,-7,-12,none,not assessed,short,leap-down,-4,no,2,middle,no,no,no,
Kabalevsky T04,1,14,1.5,D#3,51,ɨ,derived from Bozeman baritone,0.6,open,A#3,-6.89,below primo,-8,-13,3,not assessed,short,step,-1,no,2,middle,no,no,no,
Kabalevsky T04,1,14,2,E3,52,o,Bozeman baritone midpoint,1.8,open,C4,-7.5,below primo,-7,-12,3,not assessed,short,step,1,no,2,middle,no,no,no,
Kabalevsky T04,1,14,3.5,G#3,56,ɑ,Bozeman baritone midpoint,0.6,open,D#4,-6.5,below primo,-3,-8,none,not assessed,short,leap-up,4,no,2,middle,no,no,no,
Kabalevsky T04,1,15,1,G#3,56,o,Bozeman baritone midpoint,0.6,open,C4,-3.5,below primo,-3,-8,none,not assessed,short,repeated,0,no,2,middle,no,no,no,
Kabalevsky T04,1,15,1.5,G3,55,ɨ,derived from Bozeman baritone,0.6,open,A#3,-2.89,below primo,-4,-9,none,not assessed,short,step,-1,no,2,middle,no,no,no,
Kabalevsky T04,1,15,2,G3,55,u,Bozeman baritone midpoint,1.8,close,E3,2.5,below primo,-4,-9,none,not assessed,short,repeated,0,no,2,middle,no,no,no,
Kabalevsky T04,1,15,3.5,A#3,58,ɑ,Bozeman baritone midpoint,0.6,open,D#4,-4.5,below primo,-1,-6,none,not assessed,short,leap-up,3,no,2,middle,no,no,no,
Kabalevsky T04,1,16,1,B3,59,ɛ,Bozeman baritone midpoint,0.6,open,D4,-2.5,inside,0,-5,none,not assessed,short,step,1,no,2,middle,no,no,no,
Kabalevsky T04,1,16,1.5,G#3,56,ɑ,Bozeman baritone midpoint,0.6,open,D#4,-6.5,below primo,-3,-8,none,not assessed,short,leap-down,-3,no,2,middle,no,no,no,
Kabalevsky T04,1,16,2,A3,57,o,Bozeman baritone midpoint,0.6,open,C4,-2.5,below primo,-2,-7,none,not assessed,short,step,1,no,2,middle,no,no,no,
Kabalevsky T04,1,16,2.5,B3,59,ɑ,Bozeman baritone midpoint,0.6,open,D#4,-3.5,inside,0,-5,none,not assessed,short,step,2,no,2,middle,no,no,no,
Kabalevsky T04,1,16,3,C#4,61,ɛ,Bozeman baritone midpoint,0.6,open,D4,-0.5,inside,2,-3,none,not assessed,short,step,2,no,2,middle,yes,no,no,highest of phrase
Kabalevsky T04,1,16,3.5,G#3,56,ɑ,Bozeman baritone midpoint,0.6,open,D#4,-6.5,below primo,-3,-8,none,not assessed,short,leap-down,-5,no,2,middle,no,no,no,
Kabalevsky T04,1,16,4,A3,57,i,Bozeman baritone midpoint,0.6,close,E3,4.5,below primo,-2,-7,none,not assessed,short,step,1,no,2,middle,no,no,no,
Kabalevsky T04,1,16,4.5,G#3,56,ɑ,Bozeman baritone midpoint,0.6,open,D#4,-6.5,below primo,-3,-8,none,not assessed,short,step,-1,no,2,middle,no,no,no,
Kabalevsky T04,1,17,1,A3,57,i,Bozeman baritone midpoint,0.6,close,E3,4.5,below primo,-2,-7,none,not assessed,short,step,1,no,2,middle,no,no,no,
Kabalevsky T04,1,17,1.5,F#3,54,ɑ,Bozeman baritone midpoint,0.6,open,D#4,-8.5,below primo,-5,-10,none,not assessed,short,leap-down,-3,no,2,last,no,no,no,
Kabalevsky T04,1,17,2.5,G#3,56,i,Bozeman baritone midpoint,0.6,close,E3,3.5,below primo,-3,-8,none,not assessed,short,step,2,yes,3,first,no,no,no,
Kabalevsky T04,1,17,3,A3,57,u,Bozeman baritone midpoint,1.8,close,E3,4.5,below primo,-2,-7,none,not assessed,short,step,1,no,3,middle,no,no,no,
Kabalevsky T04,1,17,4.5,F#3,54,u,Bozeman baritone midpoint,0.6,close,E3,1.5,below primo,-5,-10,none,not assessed,short,leap-down,-3,no,3,middle,no,no,no,turning pitch 0 to 2 st below
Kabalevsky T04,1,18,1,G#3,56,o,Bozeman baritone midpoint,1.8,open,C4,-3.5,below primo,-3,-8,none,not assessed,short,step,2,no,3,middle,no,no,no,
Kabalevsky T04,1,18,2.5,G#3,56,ɑ,Bozeman baritone midpoint,0.6,open,D#4,-6.5,below primo,-3,-8,none,not assessed,short,repeated,0,no,3,middle,no,no,no,
Kabalevsky T04,1,18,3,A3,57,i,Bozeman baritone midpoint,0.6,close,E3,4.5,below primo,-2,-7,none,not assessed,short,step,1,no,3,middle,no,no,no,
Kabalevsky T04,1,18,3.5,F#3,54,u,Bozeman baritone midpoint,0.6,close,E3,1.5,below primo,-5,-10,none,not assessed,short,leap-down,-3,no,3,middle,no,no,no,turning pitch 0 to 2 st below
Kabalevsky T04,1,18,4,F#3,54,u,Bozeman baritone midpoint,0.6,close,E3,1.5,below primo,-5,-10,none,not assessed,short,repeated,0,no,3,middle,no,no,no,turning pitch 0 to 2 st below
Kabalevsky T04,1,18,4.5,A3,57,ɑ,Bozeman baritone midpoint,0.6,open,D#4,-5.5,below primo,-2,-7,none,not assessed,short,leap-up,3,no,3,middle,no,no,no,
Kabalevsky T04,1,19,1,G#3,56,u,Bozeman baritone midpoint,0.6,close,E3,3.5,below primo,-3,-8,none,not assessed,short,step,-1,no,3,middle,no,no,no,
Kabalevsky T04,1,19,1.5,G3,55,i,Bozeman baritone midpoint,0.6,close,E3,2.5,below primo,-4,-9,none,not assessed,short,step,-1,no,3,middle,no,no,no,
Kabalevsky T04,1,19,2,G#3,56,o,Bozeman baritone midpoint,0.6,open,C4,-3.5,below primo,-3,-8,none,not assessed,short,step,1,no,3,middle,no,no,no,
Kabalevsky T04,1,19,2.5,A#3,58,o,Bozeman baritone midpoint,0.6,open,C4,-1.5,below primo,-1,-6,none,not assessed,short,step,2,no,3,middle,no,no,no,
Kabalevsky T04,1,19,3,B3,59,ɨ,derived from Bozeman baritone,0.6,close,A#3,1.11,inside,0,-5,none,not assessed,short,step,1,no,3,middle,yes,no,no,highest of phrase; turning pitch 0 to 2 st below
Kabalevsky T04,1,19,3.5,G#3,56,i,Bozeman baritone midpoint,0.6,close,E3,3.5,below primo,-3,-8,none,not assessed,short,leap-down,-3,no,3,middle,no,no,no,
Kabalevsky T04,1,19,4,D3,50,ɛ,Bozeman baritone midpoint,0.6,open,D4,-11.5,below primo,-9,-14,4,not assessed,short,leap-down,-6,no,3,middle,no,no,no,
Kabalevsky T04,1,19,4.5,D#3,51,ɑ,Bozeman baritone midpoint,0.6,open,D#4,-11.5,below primo,-8,-13,4,not assessed,short,step,1,no,3,middle,no,no,no,
Kabalevsky T04,1,20,1,E3,52,ɑ,Bozeman baritone midpoint,1.8,open,D#4,-10.5,below primo,-7,-12,none,not assessed,short,step,1,no,3,middle,no,no,no,
Kabalevsky T04,1,20,2.5,G#3,56,ʌ,derived from Bozeman baritone,0.6,open,D#4,-6.5,below primo,-3,-8,none,not assessed,short,leap-up,4,no,3,middle,no,no,no,
Kabalevsky T04,1,20,3,G3,55,i,Bozeman baritone midpoint,0.6,close,E3,2.5,below primo,-4,-9,none,not assessed,short,step,-1,no,3,middle,no,no,no,
Kabalevsky T04,1,20,3.5,D#3,51,ʌ,derived from Bozeman baritone,0.6,open,D#4,-11.5,below primo,-8,-13,4,not assessed,short,leap-down,-4,no,3,last,no,no,no,
Kabalevsky T04,1,21,1.5,D#3,51,ɪ,derived from Bozeman baritone,0.6,open,C4,-9.04,below primo,-8,-13,none,not assessed,short,repeated,0,yes,4,first,no,no,no,
Kabalevsky T04,1,21,2,D#3,51,u,Bozeman baritone midpoint,0.6,open,E3,-1.5,below primo,-8,-13,none,not assessed,short,repeated,0,no,4,middle,no,no,no,
Kabalevsky T04,1,21,2.5,D#3,51,ɑ,Bozeman baritone midpoint,0.6,open,D#4,-11.5,below primo,-8,-13,4,not assessed,short,repeated,0,no,4,middle,no,no,no,
Kabalevsky T04,1,21,3,D#3,51,o,Bozeman baritone midpoint,1.8,open,C4,-8.5,below primo,-8,-13,none,not assessed,short,repeated,0,no,4,middle,no,no,no,
Kabalevsky T04,1,21,4.5,D#3,51,ɑ,Bozeman baritone midpoint,0.6,open,D#4,-11.5,below primo,-8,-13,4,not assessed,short,repeated,0,no,4,middle,no,no,no,
Kabalevsky T04,1,22,1,D#3,51,e,Bozeman baritone midpoint,0.6,open,C4,-8.5,below primo,-8,-13,none,not assessed,short,repeated,0,no,4,middle,no,no,no,
Kabalevsky T04,1,22,1.5,D#3,51,ɑ,Bozeman baritone midpoint,0.6,open,D#4,-11.5,below primo,-8,-13,4,not assessed,short,repeated,0,no,4,middle,no,no,no,
Kabalevsky T04,1,22,2,D#3,51,ʌ,derived from Bozeman baritone,0.6,open,D#4,-11.5,below primo,-8,-13,4,not assessed,short,repeated,0,no,4,middle,no,no,no,
Kabalevsky T04,1,22,2.5,F#3,54,u,Bozeman baritone midpoint,0.6,close,E3,1.5,below primo,-5,-10,none,not assessed,short,leap-up,3,no,4,middle,yes,no,no,highest of phrase; turning pitch 0 to 2 st below
Kabalevsky T04,1,22,3,D#3,51,o,Bozeman baritone midpoint,2.4,open,C4,-8.5,below primo,-8,-13,none,not assessed,short,leap-down,-3,no,4,last,no,no,no,
Kabalevsky T04,1,23,1.5,D#3,51,i,Bozeman baritone midpoint,0.6,open,E3,-1.5,below primo,-8,-13,none,not assessed,short,repeated,0,yes,5,first,no,no,no,
Kabalevsky T04,1,23,2,D#3,51,u,Bozeman baritone midpoint,0.6,open,E3,-1.5,below primo,-8,-13,none,not assessed,short,repeated,0,no,5,middle,no,no,no,
Kabalevsky T04,1,23,2.5,D#3,51,ɑ,Bozeman baritone midpoint,0.6,open,D#4,-11.5,below primo,-8,-13,4,not assessed,short,repeated,0,no,5,middle,no,no,no,
Kabalevsky T04,1,23,3,E3,52,ɑ,Bozeman baritone midpoint,1.2,open,D#4,-10.5,below primo,-7,-12,none,not assessed,short,step,1,no,5,middle,no,no,no,
Kabalevsky T04,1,23,4,D#3,51,u,Bozeman baritone midpoint,1.2,open,E3,-1.5,below primo,-8,-13,none,not assessed,short,step,-1,no,5,middle,no,no,no,
Kabalevsky T04,1,24,1,G3,55,o,Bozeman baritone midpoint,0.6,open,C4,-4.5,below primo,-4,-9,none,not assessed,short,leap-up,4,no,5,middle,no,no,no,
Kabalevsky T04,1,24,1.5,D#3,51,ɑ,Bozeman baritone midpoint,0.6,open,D#4,-11.5,below primo,-8,-13,4,not assessed,short,leap-down,-4,no,5,middle,no,no,no,
Kabalevsky T04,1,24,2,D#3,51,e,Bozeman baritone midpoint,0.6,open,C4,-8.5,below primo,-8,-13,none,not assessed,short,repeated,0,no,5,middle,no,no,no,
Kabalevsky T04,1,24,2.5,D#3,51,ɪ,derived from Bozeman baritone,0.6,open,C4,-9.04,below primo,-8,-13,none,not assessed,short,repeated,0,no,5,middle,no,no,no,
Kabalevsky T04,1,24,3,B3,59,ɑ,Bozeman baritone midpoint,1.2,open,D#4,-3.5,inside,0,-5,none,not assessed,short,leap-up,8,no,5,middle,yes,no,no,highest of phrase
Kabalevsky T04,1,24,4,G#3,56,ʌ,derived from Bozeman baritone,0.6,open,D#4,-6.5,below primo,-3,-8,none,not assessed,short,leap-down,-3,no,5,last,no,no,no,
Kabalevsky T04,1,24,4.5,G#3,56,i,Bozeman baritone midpoint,0.6,close,E3,3.5,below primo,-3,-8,none,not assessed,short,repeated,0,no,6,first,no,no,no,
Kabalevsky T04,1,25,1,G#3,56,o,Bozeman baritone midpoint,1.8,open,C4,-3.5,below primo,-3,-8,none,not assessed,short,repeated,0,no,6,middle,no,no,no,
Kabalevsky T04,1,25,2.5,A#3,58,ɑ,Bozeman baritone midpoint,0.6,open,D#4,-4.5,below primo,-1,-6,none,not assessed,short,step,2,no,6,middle,no,no,no,
Kabalevsky T04,1,25,3,B3,59,u,Bozeman baritone midpoint,0.6,close,E3,6.5,inside,0,-5,none,not assessed,short,step,1,no,6,middle,no,no,no,
Kabalevsky T04,1,25,3.5,G#3,56,ɑ,Bozeman baritone midpoint,0.6,open,D#4,-6.5,below primo,-3,-8,none,not assessed,short,leap-down,-3,no,6,middle,no,no,no,
Kabalevsky T04,1,25,4,G#3,56,ɑ,Bozeman baritone midpoint,0.6,open,D#4,-6.5,below primo,-3,-8,none,not assessed,short,repeated,0,no,6,middle,no,no,no,
Kabalevsky T04,1,25,4.5,G#3,56,o,Bozeman baritone midpoint,0.6,open,C4,-3.5,below primo,-3,-8,none,not assessed,short,repeated,0,no,6,middle,no,no,no,
Kabalevsky T04,1,26,1,C#4,61,ʌ,derived from Bozeman baritone,1.8,open,D#4,-1.5,inside,2,-3,none,not assessed,short,leap-up,5,no,6,middle,no,no,no,
Kabalevsky T04,1,26,2.5,A#3,58,ɨ,derived from Bozeman baritone,0.6,close,A#3,0.11,below primo,-1,-6,none,not assessed,short,leap-down,-3,no,6,middle,no,no,no,turning pitch 0 to 2 st below
Kabalevsky T04,1,26,3,B3,59,o,Bozeman baritone midpoint,1.8,open,C4,-0.5,inside,0,-5,none,not assessed,short,step,1,no,6,middle,no,no,no,
Kabalevsky T04,1,26,4.5,G#3,56,ɑ,Bozeman baritone midpoint,0.6,open,D#4,-6.5,below primo,-3,-8,none,not assessed,short,leap-down,-3,no,6,middle,no,no,no,
Kabalevsky T04,1,27,1,G3,55,ʌ,derived from Bozeman baritone,0.6,open,D#4,-7.5,below primo,-4,-9,3,not assessed,short,step,-1,no,6,middle,no,no,no,
Kabalevsky T04,1,27,1.5,D#3,51,ɑ,Bozeman baritone midpoint,0.6,open,D#4,-11.5,below primo,-8,-13,4,not assessed,short,leap-down,-4,no,6,middle,no,no,no,
Kabalevsky T04,1,27,2,G3,55,o,Bozeman baritone midpoint,0.6,open,C4,-4.5,below primo,-4,-9,none,not assessed,short,leap-up,4,no,6,middle,no,no,no,
Kabalevsky T04,1,27,2.5,A#3,58,ɑ,Bozeman baritone midpoint,0.6,open,D#4,-4.5,below primo,-1,-6,none,not assessed,short,leap-up,3,no,6,middle,no,no,no,
Kabalevsky T04,1,27,3,G#3,56,i,Bozeman baritone midpoint,0.6,close,E3,3.5,below primo,-3,-8,none,not assessed,short,step,-2,no,6,middle,no,no,no,
Kabalevsky T04,1,27,3.5,A#3,58,u,Bozeman baritone midpoint,0.6,close,E3,5.5,below primo,-1,-6,none,not assessed,short,step,2,no,6,middle,no,no,no,
Kabalevsky T04,1,27,4,B3,59,ɛ,Bozeman baritone midpoint,0.6,open,D4,-2.5,inside,0,-5,none,not assessed,short,step,1,no,6,middle,no,no,no,
Kabalevsky T04,1,27,4.5,C#4,61,ɑ,Bozeman baritone midpoint,0.6,open,D#4,-1.5,inside,2,-3,none,not assessed,short,step,2,no,6,middle,no,no,no,
Kabalevsky T04,1,28,1,D#4,63,ɑ,Bozeman baritone midpoint,3.6,close,D#4,0.5,inside,4,-1,none,not assessed,held,step,2,no,6,middle,yes,yes,yes,held; highest of phrase; turning pitch 0 to 2 st below
Kabalevsky T04,1,28,4,C4,60,ɨ,derived from Bozeman baritone,1.2,close,A#3,2.11,inside,1,-4,none,not assessed,short,leap-down,-3,no,6,last,no,no,no,
Kabalevsky T04,1,33,4.5,G#3,56,o,Bozeman baritone midpoint,0.6,open,C4,-3.5,below primo,-3,-8,none,not assessed,short,leap-down,-4,yes,7,first,no,no,no,
Kabalevsky T04,1,34,1,C#4,61,o,Bozeman baritone midpoint,0.9,close,C4,1.5,inside,2,-3,none,not assessed,short,leap-up,5,no,7,middle,no,no,no,turning pitch 0 to 2 st below
Kabalevsky T04,1,34,1.75,G#3,56,ʌ,derived from Bozeman baritone,0.3,open,D#4,-6.5,below primo,-3,-8,none,not assessed,short,leap-down,-5,no,7,middle,no,no,no,
Kabalevsky T04,1,34,2,G#3,56,ɪ,derived from Bozeman baritone,0.6,open,C4,-4.04,below primo,-3,-8,none,not assessed,short,repeated,0,no,7,middle,no,no,no,
Kabalevsky T04,1,34,2.5,C#4,61,ɑ,Bozeman baritone midpoint,0.6,open,D#4,-1.5,inside,2,-3,none,not assessed,short,leap-up,5,no,7,middle,no,no,no,
Kabalevsky T04,1,34,3,C4,60,ʌ,derived from Bozeman baritone,0.6,open,D#4,-2.5,inside,1,-4,none,not assessed,short,step,-1,no,7,middle,no,no,no,
Kabalevsky T04,1,34,3.5,C#4,61,ɑ,Bozeman baritone midpoint,0.6,open,D#4,-1.5,inside,2,-3,none,not assessed,short,step,1,no,7,middle,no,no,no,
Kabalevsky T04,1,34,4,D#4,63,u,Bozeman baritone midpoint,0.6,close,E3,10.5,inside,4,-1,none,not assessed,short,step,2,no,7,middle,no,yes,no,
Kabalevsky T04,1,34,4.5,C4,60,i,Bozeman baritone midpoint,0.6,close,E3,7.5,inside,1,-4,none,not assessed,short,leap-down,-3,no,7,middle,no,no,no,
Kabalevsky T04,1,35,1,A#3,58,ɛ,Bozeman baritone midpoint,1.8,open,D4,-3.5,below primo,-1,-6,none,not assessed,short,step,-2,no,7,middle,no,no,no,
Kabalevsky T04,1,35,2.5,A#3,58,i,Bozeman baritone midpoint,0.6,close,E3,5.5,below primo,-1,-6,none,not assessed,short,repeated,0,no,7,middle,no,no,no,
Kabalevsky T04,1,36,1,F4,65,o,Bozeman baritone midpoint,2.4,close,C4,5.5,above secondo,6,1,none,not assessed,short,leap-up,7,no,7,middle,yes,yes,yes,highest of phrase
Kabalevsky T04,1,36,3,D#4,63,o,Bozeman baritone midpoint,0.6,close,C4,3.5,inside,4,-1,none,not assessed,short,step,-2,no,7,middle,no,yes,no,
Kabalevsky T04,1,36,3.5,C#4,61,ɑ,Bozeman baritone midpoint,0.6,open,D#4,-1.5,inside,2,-3,none,not assessed,short,step,-2,no,7,middle,no,no,no,
Kabalevsky T04,1,36,4,C4,60,o,Bozeman baritone midpoint,0.6,close,C4,0.5,inside,1,-4,none,not assessed,short,step,-1,no,7,middle,no,no,no,turning pitch 0 to 2 st below
Kabalevsky T04,1,36,4.5,A#3,58,ɑ,Bozeman baritone midpoint,0.6,open,D#4,-4.5,below primo,-1,-6,none,not assessed,short,step,-2,no,7,middle,no,no,no,
Kabalevsky T04,1,37,1,G#3,56,i,Bozeman baritone midpoint,1.8,close,E3,3.5,below primo,-3,-8,none,not assessed,short,step,-2,no,7,middle,no,no,no,
Kabalevsky T04,1,37,2.5,A#3,58,ɑ,Bozeman baritone midpoint,0.6,open,D#4,-4.5,below primo,-1,-6,none,not assessed,short,step,2,no,7,middle,no,no,no,
Kabalevsky T04,1,37,3,G#3,56,e,Bozeman baritone midpoint,1.2,open,C4,-3.5,below primo,-3,-8,none,not assessed,short,step,-2,no,7,middle,no,no,no,
Kabalevsky T04,1,37,4,D#4,63,u,Bozeman baritone midpoint,1.2,close,E3,10.5,inside,4,-1,none,not assessed,short,leap-up,7,no,7,middle,no,yes,no,
Kabalevsky T04,1,38,1,C#4,61,ɛ,Bozeman baritone midpoint,4.8,open,D4,-0.5,inside,2,-3,none,not assessed,held,step,-2,no,7,middle,no,no,no,held
Kabalevsky T04,1,39,1,C#4,61,ɛ,Bozeman baritone midpoint,2.4,open,D4,-0.5,inside,2,-3,none,not assessed,held,tie,0,no,7,middle,no,no,no,held
Kabalevsky T04,1,39,3,C#4,61,ɛ,Bozeman baritone midpoint,1.2,open,D4,-0.5,inside,2,-3,none,not assessed,held,tie,0,no,7,last,no,no,no,held
Kabalevsky T05,0,9,1,B3,59,o,Bozeman baritone midpoint,0.625,open,C4,-0.5,inside,0,-5,none,not assessed,short,first note,,,0,first,yes,no,no,highest of phrase
Kabalevsky T05,0,9,2,A3,57,u,Bozeman baritone midpoint,0.313,close,E3,4.5,below primo,-2,-7,none,not assessed,short,step,-2,no,0,middle,no,no,no,
Kabalevsky T05,0,9,2.5,G3,55,i,Bozeman baritone midpoint,0.313,close,E3,2.5,below primo,-4,-9,none,not assessed,short,step,-2,no,0,middle,no,no,no,
Kabalevsky T05,0,10,1,F#3,54,o,Bozeman baritone midpoint,0.938,open,C4,-5.5,below primo,-5,-10,none,not assessed,short,step,-1,no,0,middle,no,no,no,
Kabalevsky T05,0,10,2.5,E3,52,ɪ,derived from Bozeman baritone,0.313,open,C4,-8.04,below primo,-7,-12,none,not assessed,short,step,-2,no,0,middle,no,no,no,
Kabalevsky T05,0,11,1,D#3,51,ɑ,Bozeman baritone midpoint,0.313,open,D#4,-11.5,below primo,-8,-13,4,not assessed,short,step,-1,no,0,middle,no,no,no,
Kabalevsky T05,0,11,1.5,B2,47,i,Bozeman baritone midpoint,0.313,open,E3,-5.5,below primo,-12,-17,none,not assessed,short,leap-down,-4,no,0,middle,no,no,no,
Kabalevsky T05,0,11,2,G3,55,ɨ,derived from Bozeman baritone,0.313,open,A#3,-2.89,below primo,-4,-9,none,not assessed,short,leap-up,8,no,0,middle,no,no,no,
Kabalevsky T05,0,11,2.5,F#3,54,ɪ,derived from Bozeman baritone,0.313,open,C4,-6.04,below primo,-5,-10,none,not assessed,short,step,-1,no,0,middle,no,no,no,
Kabalevsky T05,0,12,1,E3,52,o,Bozeman baritone midpoint,1.25,open,C4,-7.5,below primo,-7,-12,3,not assessed,short,step,-2,no,0,middle,no,no,no,
Kabalevsky T05,0,13,1,E3,52,o,Bozeman baritone midpoint,0.313,open,C4,-7.5,below primo,-7,-12,3,not assessed,short,tie,0,no,0,middle,no,no,no,
Kabalevsky T05,0,13,1.5,E3,52,ɑ,Bozeman baritone midpoint,0.313,open,D#4,-10.5,below primo,-7,-12,none,not assessed,short,repeated,0,no,0,middle,no,no,no,
Kabalevsky T05,0,13,2,F#3,54,i,Bozeman baritone midpoint,0.313,close,E3,1.5,below primo,-5,-10,none,not assessed,short,step,2,no,0,middle,no,no,no,turning pitch 0 to 2 st below
Kabalevsky T05,0,13,2.5,G3,55,ɑ,Bozeman baritone midpoint,0.313,open,D#4,-7.5,below primo,-4,-9,3,not assessed,short,step,1,no,0,middle,no,no,no,
Kabalevsky T05,0,14,1,A3,57,u,Bozeman baritone midpoint,0.313,close,E3,4.5,below primo,-2,-7,none,not assessed,short,step,2,no,0,middle,no,no,no,
Kabalevsky T05,0,14,1.5,A3,57,ɑ,Bozeman baritone midpoint,0.313,open,D#4,-5.5,below primo,-2,-7,none,not assessed,short,repeated,0,no,0,middle,no,no,no,
Kabalevsky T05,0,14,2,A3,57,ɑ,Bozeman baritone midpoint,0.625,open,D#4,-5.5,below primo,-2,-7,none,not assessed,short,repeated,0,no,0,middle,no,no,no,
Kabalevsky T05,0,15,1,A3,57,ɑ,Bozeman baritone midpoint,0.313,open,D#4,-5.5,below primo,-2,-7,none,not assessed,short,tie,0,no,0,middle,no,no,no,
Kabalevsky T05,0,15,1.5,F#3,54,u,Bozeman baritone midpoint,0.313,close,E3,1.5,below primo,-5,-10,none,not assessed,short,leap-down,-3,no,0,middle,no,no,no,turning pitch 0 to 2 st below
Kabalevsky T05,0,15,2,G3,55,u,Bozeman baritone midpoint,0.313,close,E3,2.5,below primo,-4,-9,none,not assessed,short,step,1,no,0,middle,no,no,no,
Kabalevsky T05,0,15,2.5,A3,57,i,Bozeman baritone midpoint,0.313,close,E3,4.5,below primo,-2,-7,none,not assessed,short,step,2,no,0,middle,no,no,no,
Kabalevsky T05,0,16,1,B3,59,o,Bozeman baritone midpoint,0.625,open,C4,-0.5,inside,0,-5,none,not assessed,short,step,2,no,0,middle,yes,no,no,highest of phrase
Kabalevsky T05,0,16,2,B3,59,ɑ,Bozeman baritone midpoint,0.313,open,D#4,-3.5,inside,0,-5,none,not assessed,short,repeated,0,no,0,last,yes,no,no,highest of phrase
Kabalevsky T05,0,16,2.5,B3,59,ɪ,derived from Bozeman baritone,0.313,open,C4,-1.04,inside,0,-5,none,not assessed,short,repeated,0,no,1,first,no,no,no,
Kabalevsky T05,0,17,1,A3,57,ɑ,Bozeman baritone midpoint,0.313,open,D#4,-5.5,below primo,-2,-7,none,not assessed,short,step,-2,no,1,middle,no,no,no,
Kabalevsky T05,0,17,1.5,B3,59,ɑ,Bozeman baritone midpoint,0.313,open,D#4,-3.5,inside,0,-5,none,not assessed,short,step,2,no,1,middle,no,no,no,
Kabalevsky T05,0,17,2,C4,60,a,derived from Bozeman baritone,0.313,open,F4,-4.92,inside,1,-4,none,not assessed,short,step,1,no,1,middle,yes,no,no,highest of phrase
Kabalevsky T05,0,17,2.5,A3,57,i,Bozeman baritone midpoint,0.313,close,E3,4.5,below primo,-2,-7,none,not assessed,short,leap-down,-3,no,1,middle,no,no,no,
Kabalevsky T05,0,18,1,B3,59,ɑ,Bozeman baritone midpoint,0.313,open,D#4,-3.5,inside,0,-5,none,not assessed,short,step,2,no,1,middle,no,no,no,
Kabalevsky T05,0,18,1.5,E3,52,ɪ,derived from Bozeman baritone,0.313,open,C4,-8.04,below primo,-7,-12,none,not assessed,short,leap-down,-7,no,1,middle,no,no,no,
Kabalevsky T05,0,18,2,F#3,54,ʌ,derived from Bozeman baritone,0.313,open,D#4,-8.5,below primo,-5,-10,none,not assessed,short,step,2,no,1,middle,no,no,no,
Kabalevsky T05,0,18,2.5,G3,55,ɪ,derived from Bozeman baritone,0.313,open,C4,-5.04,below primo,-4,-9,none,not assessed,short,step,1,no,1,middle,no,no,no,
Kabalevsky T05,0,19,1,A3,57,o,Bozeman baritone midpoint,1.25,open,C4,-2.5,below primo,-2,-7,none,not assessed,short,step,2,no,1,middle,no,no,no,
Kabalevsky T05,0,20,1,A3,57,o,Bozeman baritone midpoint,0.313,open,C4,-2.5,below primo,-2,-7,none,not assessed,short,tie,0,no,1,middle,no,no,no,
Kabalevsky T05,0,20,1.5,F#3,54,i,Bozeman baritone midpoint,0.313,close,E3,1.5,below primo,-5,-10,none,not assessed,short,leap-down,-3,no,1,middle,no,no,no,turning pitch 0 to 2 st below
Kabalevsky T05,0,20,2,G3,55,ʌ,derived from Bozeman baritone,0.313,open,D#4,-7.5,below primo,-4,-9,3,not assessed,short,step,1,no,1,middle,no,no,no,
Kabalevsky T05,0,20,2.5,A3,57,u,Bozeman baritone midpoint,0.313,close,E3,4.5,below primo,-2,-7,none,not assessed,short,step,2,no,1,middle,no,no,no,
Kabalevsky T05,0,21,1,G3,55,i,Bozeman baritone midpoint,0.313,close,E3,2.5,below primo,-4,-9,none,not assessed,short,step,-2,no,1,middle,no,no,no,
Kabalevsky T05,0,21,1.5,F#3,54,ɑ,Bozeman baritone midpoint,0.313,open,D#4,-8.5,below primo,-5,-10,none,not assessed,short,step,-1,no,1,middle,no,no,no,
Kabalevsky T05,0,21,2,G3,55,u,Bozeman baritone midpoint,0.313,close,E3,2.5,below primo,-4,-9,none,not assessed,short,step,1,no,1,middle,no,no,no,
Kabalevsky T05,0,21,2.5,E3,52,i,Bozeman baritone midpoint,0.313,open,E3,-0.5,below primo,-7,-12,none,not assessed,short,leap-down,-3,no,1,middle,no,no,no,
Kabalevsky T05,0,22,1,D#3,51,o,Bozeman baritone midpoint,0.313,open,C4,-8.5,below primo,-8,-13,none,not assessed,short,step,-1,no,1,middle,no,no,no,
Kabalevsky T05,0,22,1.5,B2,47,o,Bozeman baritone midpoint,0.313,open,C4,-12.5,below primo,-12,-17,none,not assessed,short,leap-down,-4,no,1,middle,no,no,no,
Kabalevsky T05,0,22,2,G3,55,o,Bozeman baritone midpoint,0.313,open,C4,-4.5,below primo,-4,-9,none,not assessed,short,leap-up,8,no,1,middle,no,no,no,
Kabalevsky T05,0,22,2.5,F#3,54,u,Bozeman baritone midpoint,0.313,close,E3,1.5,below primo,-5,-10,none,not assessed,short,step,-1,no,1,middle,no,no,no,turning pitch 0 to 2 st below
Kabalevsky T05,0,23,1,E3,52,o,Bozeman baritone midpoint,0.938,open,C4,-7.5,below primo,-7,-12,3,not assessed,short,step,-2,no,1,middle,no,no,no,
Kabalevsky T05,0,23,2.5,E3,52,ɨ,derived from Bozeman baritone,0.313,open,A#3,-5.89,below primo,-7,-12,none,not assessed,short,repeated,0,no,1,last,no,no,no,
Kabalevsky T05,0,28,2.5,E3,52,ɑ,Bozeman baritone midpoint,0.313,open,D#4,-10.5,below primo,-7,-12,none,not assessed,short,repeated,0,yes,2,first,no,no,no,
Kabalevsky T05,0,29,1,F#3,54,o,Bozeman baritone midpoint,0.938,open,C4,-5.5,below primo,-5,-10,none,not assessed,short,step,2,no,2,middle,no,no,no,
Kabalevsky T05,0,29,2.5,E3,52,ɑ,Bozeman baritone midpoint,0.313,open,D#4,-10.5,below primo,-7,-12,none,not assessed,short,step,-2,no,2,middle,no,no,no,
Kabalevsky T05,0,30,1,G3,55,ɑ,Bozeman baritone midpoint,1.25,open,D#4,-7.5,below primo,-4,-9,3,not assessed,short,leap-up,3,no,2,middle,no,no,no,
Kabalevsky T05,0,31,1,G3,55,ɑ,Bozeman baritone midpoint,0.313,open,D#4,-7.5,below primo,-4,-9,3,not assessed,short,tie,0,no,2,middle,no,no,no,
Kabalevsky T05,0,31,1.5,E3,52,ɑ,Bozeman baritone midpoint,0.313,open,D#4,-10.5,below primo,-7,-12,none,not assessed,short,leap-down,-3,no,2,middle,no,no,no,
Kabalevsky T05,0,31,2,F#3,54,u,Bozeman baritone midpoint,0.313,close,E3,1.5,below primo,-5,-10,none,not assessed,short,step,2,no,2,middle,no,no,no,turning pitch 0 to 2 st below
Kabalevsky T05,0,31,2.5,G3,55,i,Bozeman baritone midpoint,0.313,close,E3,2.5,below primo,-4,-9,none,not assessed,short,step,1,no,2,middle,no,no,no,
Kabalevsky T05,0,32,1,G#3,56,ɛ,Bozeman baritone midpoint,0.938,open,D4,-5.5,below primo,-3,-8,none,not assessed,short,step,1,no,2,middle,no,no,no,
Kabalevsky T05,0,32,2.5,B3,59,ɑ,Bozeman baritone midpoint,0.313,open,D#4,-3.5,inside,0,-5,none,not assessed,short,leap-up,3,no,2,middle,no,no,no,
Kabalevsky T05,0,33,1,B3,59,ɑ,Bozeman baritone midpoint,0.938,open,D#4,-3.5,inside,0,-5,none,not assessed,short,repeated,0,no,2,middle,no,no,no,
Kabalevsky T05,0,33,2.5,E3,52,ɑ,Bozeman baritone midpoint,0.313,open,D#4,-10.5,below primo,-7,-12,none,not assessed,short,leap-down,-7,no,2,middle,no,no,no,
Kabalevsky T05,0,34,1,C4,60,ɛ,Bozeman baritone midpoint,0.625,open,D4,-1.5,inside,1,-4,none,not assessed,short,leap-up,8,no,2,middle,yes,no,no,highest of phrase
Kabalevsky T05,0,34,2,A3,57,ɑ,Bozeman baritone midpoint,0.625,open,D#4,-5.5,below primo,-2,-7,none,not assessed,short,leap-down,-3,no,2,last,no,no,no,
Kabalevsky T05,0,35,2,B3,59,ɑ,Bozeman baritone midpoint,0.313,open,D#4,-3.5,inside,0,-5,none,not assessed,short,step,2,yes,3,first,no,no,no,
Kabalevsky T05,0,35,2.5,A3,57,u,Bozeman baritone midpoint,0.313,close,E3,4.5,below primo,-2,-7,none,not assessed,short,step,-2,no,3,middle,no,no,no,
Kabalevsky T05,0,36,1,C4,60,i,Bozeman baritone midpoint,0.938,close,E3,7.5,inside,1,-4,none,not assessed,short,leap-up,3,no,3,middle,yes,no,no,highest of phrase
Kabalevsky T05,0,36,2.5,A3,57,ɑ,Bozeman baritone midpoint,0.313,open,D#4,-5.5,below primo,-2,-7,none,not assessed,short,leap-down,-3,no,3,last,no,no,no,
Kabalevsky T05,0,37,2,B3,59,ʌ,derived from Bozeman baritone,0.313,open,D#4,-3.5,inside,0,-5,none,not assessed,short,step,2,yes,4,first,no,no,no,
Kabalevsky T05,0,37,2.5,A3,57,i,Bozeman baritone midpoint,0.313,close,E3,4.5,below primo,-2,-7,none,not assessed,short,step,-2,no,4,middle,no,no,no,
Kabalevsky T05,0,38,1,C#4,61,ɛ,Bozeman baritone midpoint,1.25,open,D4,-0.5,inside,2,-3,none,not assessed,short,leap-up,4,no,4,middle,yes,no,no,highest of phrase
Kabalevsky T05,0,39,1,A3,57,ɑ,Bozeman baritone midpoint,0.938,open,D#4,-5.5,below primo,-2,-7,none,not assessed,short,leap-down,-4,no,4,last,no,no,no,
Kabalevsky T05,0,39,2.5,A3,57,i,Bozeman baritone midpoint,0.313,close,E3,4.5,below primo,-2,-7,none,not assessed,short,repeated,0,no,5,first,no,no,no,
Kabalevsky T05,0,40,1,D4,62,o,Bozeman baritone midpoint,1.25,close,C4,2.5,inside,3,-2,none,not assessed,short,leap-up,5,no,5,middle,yes,no,no,highest of phrase
Kabalevsky T05,0,41,1,D4,62,o,Bozeman baritone midpoint,0.625,close,C4,2.5,inside,3,-2,none,not assessed,short,tie,0,no,5,middle,yes,no,no,highest of phrase
Kabalevsky T05,0,41,2,A3,57,ɑ,Bozeman baritone midpoint,0.625,open,D#4,-5.5,below primo,-2,-7,none,not assessed,short,leap-down,-5,no,5,middle,no,no,no,
Kabalevsky T05,0,42,1,C4,60,ɨ,derived from Bozeman baritone,0.938,close,A#3,2.11,inside,1,-4,none,not assessed,short,leap-up,3,no,5,middle,no,no,no,
Kabalevsky T05,0,42,2.5,B3,59,ɪ,derived from Bozeman baritone,0.313,open,C4,-1.04,inside,0,-5,none,not assessed,short,step,-1,no,5,middle,no,no,no,
Kabalevsky T05,0,43,1,A3,57,o,Bozeman baritone midpoint,0.313,open,C4,-2.5,below primo,-2,-7,none,not assessed,short,step,-2,no,5,middle,no,no,no,
Kabalevsky T05,0,43,1.5,G#3,56,ɑ,Bozeman baritone midpoint,0.313,open,D#4,-6.5,below primo,-3,-8,none,not assessed,short,step,-1,no,5,middle,no,no,no,
Kabalevsky T05,0,43,2,A3,57,none resolved,not assessed,0.313,not assessed,not assessed,not assessed,below primo,-2,-7,not assessed,not assessed,short,step,1,no,5,middle,no,no,no,
Kabalevsky T05,0,43,2.5,B3,59,u,Bozeman baritone midpoint,0.313,close,E3,6.5,inside,0,-5,none,not assessed,short,step,2,no,5,middle,no,no,no,
Kabalevsky T05,0,44,1,G#3,56,ɑ,Bozeman baritone midpoint,1.25,open,D#4,-6.5,below primo,-3,-8,none,not assessed,short,leap-down,-3,no,5,middle,no,no,no,
Kabalevsky T05,0,45,1,G#3,56,ɑ,Bozeman baritone midpoint,0.313,open,D#4,-6.5,below primo,-3,-8,none,not assessed,short,tie,0,no,5,middle,no,no,no,
Kabalevsky T05,0,45,1.5,E3,52,i,Bozeman baritone midpoint,0.313,open,E3,-0.5,below primo,-7,-12,none,not assessed,short,leap-down,-4,no,5,middle,no,no,no,
Kabalevsky T05,0,45,2,G#3,56,i,Bozeman baritone midpoint,0.313,close,E3,3.5,below primo,-3,-8,none,not assessed,short,leap-up,4,no,5,middle,no,no,no,
Kabalevsky T05,0,45,2.5,B3,59,ɑ,Bozeman baritone midpoint,0.313,open,D#4,-3.5,inside,0,-5,none,not assessed,short,leap-up,3,no,5,middle,no,no,no,
Kabalevsky T05,0,46,1,C4,60,o,Bozeman baritone midpoint,0.938,close,C4,0.5,inside,1,-4,none,not assessed,short,step,1,no,5,middle,no,no,no,turning pitch 0 to 2 st below
Kabalevsky T05,0,46,2.5,B3,59,u,Bozeman baritone midpoint,0.313,close,E3,6.5,inside,0,-5,none,not assessed,short,step,-1,no,5,middle,no,no,no,
Kabalevsky T05,0,47,1,A3,57,ɛ,Bozeman baritone midpoint,0.313,open,D4,-4.5,below primo,-2,-7,none,not assessed,short,step,-2,no,5,middle,no,no,no,
Kabalevsky T05,0,47,1.5,B3,59,ʌ,derived from Bozeman baritone,0.313,open,D#4,-3.5,inside,0,-5,none,not assessed,short,step,2,no,5,middle,no,no,no,
Kabalevsky T05,0,47,2,C4,60,ʌ,derived from Bozeman baritone,0.313,open,D#4,-2.5,inside,1,-4,none,not assessed,short,step,1,no,5,middle,no,no,no,
Kabalevsky T05,0,47,2.5,A3,57,ɪ,derived from Bozeman baritone,0.313,open,C4,-3.04,below primo,-2,-7,none,not assessed,short,leap-down,-3,no,5,middle,no,no,no,
Kabalevsky T05,0,48,1,B3,59,ɛ,Bozeman baritone midpoint,1.25,open,D4,-2.5,inside,0,-5,none,not assessed,short,step,2,no,5,middle,no,no,no,
Kabalevsky T05,0,49,1,B3,59,ʌ,derived from Bozeman baritone,0.625,open,D#4,-3.5,inside,0,-5,none,not assessed,short,repeated,0,no,5,last,no,no,no,
Kabalevsky T05,0,57,1.5,B3,59,ɑ,Bozeman baritone midpoint,0.313,open,D#4,-3.5,inside,0,-5,none,not assessed,short,repeated,0,yes,6,first,yes,no,no,highest of phrase
Kabalevsky T05,0,57,2,A3,57,ɛ,Bozeman baritone midpoint,0.313,open,D4,-4.5,below primo,-2,-7,none,not assessed,short,step,-2,no,6,middle,no,no,no,
Kabalevsky T05,0,57,2.5,G3,55,u,Bozeman baritone midpoint,0.313,close,E3,2.5,below primo,-4,-9,none,not assessed,short,step,-2,no,6,middle,no,no,no,
Kabalevsky T05,0,58,1,F#3,54,ɛ,Bozeman baritone midpoint,0.938,open,D4,-7.5,below primo,-5,-10,3,not assessed,short,step,-1,no,6,middle,no,no,no,
Kabalevsky T05,0,58,2.5,E3,52,u,Bozeman baritone midpoint,0.313,open,E3,-0.5,below primo,-7,-12,none,not assessed,short,step,-2,no,6,middle,no,no,no,
Kabalevsky T05,0,59,1,D#3,51,i,Bozeman baritone midpoint,0.313,open,E3,-1.5,below primo,-8,-13,none,not assessed,short,step,-1,no,6,middle,no,no,no,
Kabalevsky T05,0,59,1.5,B2,47,u,Bozeman baritone midpoint,0.313,open,E3,-5.5,below primo,-12,-17,none,not assessed,short,leap-down,-4,no,6,middle,no,no,no,
Kabalevsky T05,0,59,2,G3,55,ɑ,Bozeman baritone midpoint,0.313,open,D#4,-7.5,below primo,-4,-9,3,not assessed,short,leap-up,8,no,6,middle,no,no,no,
Kabalevsky T05,0,59,2.5,F#3,54,ɨ,derived from Bozeman baritone,0.313,open,A#3,-3.89,below primo,-5,-10,none,not assessed,short,step,-1,no,6,middle,no,no,no,
Kabalevsky T05,0,60,1,E3,52,o,Bozeman baritone midpoint,1.25,open,C4,-7.5,below primo,-7,-12,3,not assessed,short,step,-2,no,6,middle,no,no,no,
Kabalevsky T05,0,61,1,E3,52,o,Bozeman baritone midpoint,0.313,open,C4,-7.5,below primo,-7,-12,3,not assessed,short,tie,0,no,6,middle,no,no,no,
Kabalevsky T05,0,61,1.5,E3,52,ɑ,Bozeman baritone midpoint,0.313,open,D#4,-10.5,below primo,-7,-12,none,not assessed,short,repeated,0,no,6,middle,no,no,no,
Kabalevsky T05,0,61,2,F#3,54,ɨ,derived from Bozeman baritone,0.313,open,A#3,-3.89,below primo,-5,-10,none,not assessed,short,step,2,no,6,middle,no,no,no,
Kabalevsky T05,0,61,2.5,G3,55,ɑ,Bozeman baritone midpoint,0.313,open,D#4,-7.5,below primo,-4,-9,3,not assessed,short,step,1,no,6,middle,no,no,no,
Kabalevsky T05,0,62,1,A3,57,o,Bozeman baritone midpoint,0.938,open,C4,-2.5,below primo,-2,-7,none,not assessed,short,step,2,no,6,middle,no,no,no,
Kabalevsky T05,0,62,2.5,A3,57,i,Bozeman baritone midpoint,0.313,close,E3,4.5,below primo,-2,-7,none,not assessed,short,repeated,0,no,6,middle,no,no,no,
Kabalevsky T05,0,63,1,A3,57,ɑ,Bozeman baritone midpoint,0.313,open,D#4,-5.5,below primo,-2,-7,none,not assessed,short,repeated,0,no,6,middle,no,no,no,
Kabalevsky T05,0,63,1.5,F#3,54,ɑ,Bozeman baritone midpoint,0.313,open,D#4,-8.5,below primo,-5,-10,none,not assessed,short,leap-down,-3,no,6,middle,no,no,no,
Kabalevsky T05,0,63,2,G3,55,e,Bozeman baritone midpoint,0.313,open,C4,-4.5,below primo,-4,-9,none,not assessed,short,step,1,no,6,middle,no,no,no,
Kabalevsky T05,0,63,2.5,A3,57,ɑ,Bozeman baritone midpoint,0.313,open,D#4,-5.5,below primo,-2,-7,none,not assessed,short,step,2,no,6,middle,no,no,no,
Kabalevsky T05,0,64,1,B3,59,u,Bozeman baritone midpoint,0.625,close,E3,6.5,inside,0,-5,none,not assessed,short,step,2,no,6,middle,yes,no,no,highest of phrase
Kabalevsky T05,0,64,2,B3,59,i,Bozeman baritone midpoint,0.313,close,E3,6.5,inside,0,-5,none,not assessed,short,repeated,0,no,6,last,yes,no,no,highest of phrase
Kabalevsky T05,0,64,2.5,B3,59,i,Bozeman baritone midpoint,0.313,close,E3,6.5,inside,0,-5,none,not assessed,short,repeated,0,no,7,first,no,no,no,
Kabalevsky T05,0,65,1,A3,57,ɛ,Bozeman baritone midpoint,0.313,open,D4,-4.5,below primo,-2,-7,none,not assessed,short,step,-2,no,7,middle,no,no,no,
Kabalevsky T05,0,65,1.5,B3,59,ɨ,derived from Bozeman baritone,0.313,close,A#3,1.11,inside,0,-5,none,not assessed,short,step,2,no,7,middle,no,no,no,turning pitch 0 to 2 st below
Kabalevsky T05,0,65,2,C4,60,ɛ,Bozeman baritone midpoint,0.313,open,D4,-1.5,inside,1,-4,none,not assessed,short,step,1,no,7,middle,no,no,no,
Kabalevsky T05,0,65,2.5,A3,57,ɪ,derived from Bozeman baritone,0.313,open,C4,-3.04,below primo,-2,-7,none,not assessed,short,leap-down,-3,no,7,middle,no,no,no,
Kabalevsky T05,0,66,1,B3,59,o,Bozeman baritone midpoint,0.313,open,C4,-0.5,inside,0,-5,none,not assessed,short,step,2,no,7,middle,no,no,no,
Kabalevsky T05,0,66,1.5,E3,52,ɨ,derived from Bozeman baritone,0.313,open,A#3,-5.89,below primo,-7,-12,none,not assessed,short,leap-down,-7,no,7,middle,no,no,no,
Kabalevsky T05,0,66,2,F#3,54,ʌ,derived from Bozeman baritone,0.313,open,D#4,-8.5,below primo,-5,-10,none,not assessed,short,step,2,no,7,middle,no,no,no,
Kabalevsky T05,0,66,2.5,G3,55,ɑ,Bozeman baritone midpoint,0.313,open,D#4,-7.5,below primo,-4,-9,3,not assessed,short,step,1,no,7,middle,no,no,no,
Kabalevsky T05,0,67,1,A3,57,o,Bozeman baritone midpoint,1.25,open,C4,-2.5,below primo,-2,-7,none,not assessed,held,step,2,no,7,middle,no,no,no,held
Kabalevsky T05,0,68,1,A3,57,o,Bozeman baritone midpoint,1.25,open,C4,-2.5,below primo,-2,-7,none,not assessed,held,tie,0,no,7,middle,no,no,no,held
Kabalevsky T05,0,69,1,E4,64,o,Bozeman baritone midpoint,1.25,close,C4,4.5,inside,5,0,none,not assessed,short,leap-up,7,no,7,middle,yes,yes,yes,highest of phrase
Kabalevsky T05,0,70,1,E4,64,o,Bozeman baritone midpoint,0.625,close,C4,4.5,inside,5,0,none,not assessed,short,tie,0,no,7,last,yes,yes,yes,highest of phrase
Kabalevsky T05,0,70,2,C4,60,ɑ,Bozeman baritone midpoint,0.313,open,D#4,-2.5,inside,1,-4,none,not assessed,short,leap-down,-4,no,8,first,yes,no,no,highest of phrase
Kabalevsky T05,0,70,2.5,A3,57,ɛ,Bozeman baritone midpoint,0.313,open,D4,-4.5,below primo,-2,-7,none,not assessed,short,leap-down,-3,no,8,middle,no,no,no,
Kabalevsky T05,0,71,1,F#3,54,o,Bozeman baritone midpoint,0.313,open,C4,-5.5,below primo,-5,-10,none,not assessed,short,leap-down,-3,no,8,middle,no,no,no,
Kabalevsky T05,0,71,1.5,F#3,54,i,Bozeman baritone midpoint,0.313,close,E3,1.5,below primo,-5,-10,none,not assessed,short,repeated,0,no,8,middle,no,no,no,turning pitch 0 to 2 st below
Kabalevsky T05,0,71,2,G3,55,ɑ,Bozeman baritone midpoint,0.313,open,D#4,-7.5,below primo,-4,-9,3,not assessed,short,step,1,no,8,middle,no,no,no,
Kabalevsky T05,0,71,2.5,A3,57,ɑ,Bozeman baritone midpoint,0.313,open,D#4,-5.5,below primo,-2,-7,none,not assessed,short,step,2,no,8,middle,no,no,no,
Kabalevsky T05,0,72,1,B3,59,ɑ,Bozeman baritone midpoint,0.938,open,D#4,-3.5,inside,0,-5,none,not assessed,short,step,2,no,8,middle,no,no,no,
Kabalevsky T05,0,72,2.5,C4,60,ɪ,derived from Bozeman baritone,0.313,open,C4,-0.04,inside,1,-4,none,not assessed,short,step,1,no,8,middle,yes,no,no,highest of phrase
Kabalevsky T05,0,73,1,B3,59,u,Bozeman baritone midpoint,0.938,close,E3,6.5,inside,0,-5,none,not assessed,short,step,-1,no,8,middle,no,no,no,
Kabalevsky T05,0,73,2.5,B3,59,i,Bozeman baritone midpoint,0.313,close,E3,6.5,inside,0,-5,none,not assessed,short,repeated,0,no,8,last,no,no,no,
Kabalevsky T05,0,81,1.5,E3,52,o,Bozeman baritone midpoint,0.313,open,C4,-7.5,below primo,-7,-12,3,not assessed,short,leap-down,-7,yes,9,first,no,no,no,
Kabalevsky T05,0,81,2,E3,52,i,Bozeman baritone midpoint,0.313,open,E3,-0.5,below primo,-7,-12,none,not assessed,short,repeated,0,no,9,middle,no,no,no,
Kabalevsky T05,0,81,2.5,E3,52,ɨ,derived from Bozeman baritone,0.313,open,A#3,-5.89,below primo,-7,-12,none,not assessed,short,repeated,0,no,9,middle,no,no,no,
Kabalevsky T05,0,82,1,F#3,54,i,Bozeman baritone midpoint,0.938,close,E3,1.5,below primo,-5,-10,none,not assessed,short,step,2,no,9,middle,no,no,no,turning pitch 0 to 2 st below
Kabalevsky T05,0,82,2.5,E3,52,i,Bozeman baritone midpoint,0.313,open,E3,-0.5,below primo,-7,-12,none,not assessed,short,step,-2,no,9,middle,no,no,no,
Kabalevsky T05,0,83,1,G3,55,o,Bozeman baritone midpoint,0.313,open,C4,-4.5,below primo,-4,-9,none,not assessed,short,leap-up,3,no,9,middle,no,no,no,
Kabalevsky T05,0,83,1.5,E3,52,ɨ,derived from Bozeman baritone,0.313,open,A#3,-5.89,below primo,-7,-12,none,not assessed,short,leap-down,-3,no,9,middle,no,no,no,
Kabalevsky T05,0,83,2,G3,55,ɪ,derived from Bozeman baritone,0.313,open,C4,-5.04,below primo,-4,-9,none,not assessed,short,leap-up,3,no,9,middle,no,no,no,
Kabalevsky T05,0,83,2.5,C4,60,u,Bozeman baritone midpoint,0.313,close,E3,7.5,inside,1,-4,none,not assessed,short,leap-up,5,no,9,middle,yes,no,no,highest of phrase
Kabalevsky T05,0,84,1,A#3,58,e,Bozeman baritone midpoint,1.25,open,C4,-1.5,below primo,-1,-6,none,not assessed,short,step,-2,no,9,middle,no,no,no,
Kabalevsky T05,0,85,1,A#3,58,e,Bozeman baritone midpoint,0.625,open,C4,-1.5,below primo,-1,-6,none,not assessed,short,tie,0,no,9,middle,no,no,no,
Kabalevsky T05,0,85,2,A#3,58,ɑ,Bozeman baritone midpoint,0.625,open,D#4,-4.5,below primo,-1,-6,none,not assessed,short,repeated,0,no,9,middle,no,no,no,
Kabalevsky T05,0,86,1,B3,59,o,Bozeman baritone midpoint,0.625,open,C4,-0.5,inside,0,-5,none,not assessed,short,step,1,no,9,middle,no,no,no,
Kabalevsky T05,0,86,2,E3,52,ɨ,derived from Bozeman baritone,0.625,open,A#3,-5.89,below primo,-7,-12,none,not assessed,short,leap-down,-7,no,9,middle,no,no,no,
Kabalevsky T05,0,87,1,B3,59,ɑ,Bozeman baritone midpoint,1.25,open,D#4,-3.5,inside,0,-5,none,not assessed,short,leap-up,7,no,9,middle,no,no,no,
Kabalevsky T05,0,88,1,A3,57,ɑ,Bozeman baritone midpoint,0.313,open,D#4,-5.5,below primo,-2,-7,none,not assessed,short,step,-2,no,9,last,no,no,no,
Kabalevsky T05,0,88,2.5,A3,57,ɑ,Bozeman baritone midpoint,0.313,open,D#4,-5.5,below primo,-2,-7,none,not assessed,short,repeated,0,yes,10,first,yes,no,no,highest of phrase
Kabalevsky T05,0,89,1,G3,55,o,Bozeman baritone midpoint,0.313,open,C4,-4.5,below primo,-4,-9,none,not assessed,short,step,-2,no,10,middle,no,no,no,
Kabalevsky T05,0,89,1.5,B2,47,i,Bozeman baritone midpoint,0.313,open,E3,-5.5,below primo,-12,-17,none,not assessed,short,leap-down,-8,no,10,middle,no,no,no,
Kabalevsky T05,0,89,2,G3,55,o,Bozeman baritone midpoint,0.313,open,C4,-4.5,below primo,-4,-9,none,not assessed,short,leap-up,8,no,10,middle,no,no,no,
Kabalevsky T05,0,89,2.5,F#3,54,ɑ,Bozeman baritone midpoint,0.313,open,D#4,-8.5,below primo,-5,-10,none,not assessed,short,step,-1,no,10,middle,no,no,no,
Kabalevsky T05,0,90,1,E3,52,e,Bozeman baritone midpoint,0.625,open,C4,-7.5,below primo,-7,-12,3,not assessed,short,step,-2,no,10,middle,no,no,no,
Kabalevsky T05,0,90,2,E3,52,e,Bozeman baritone midpoint,0.313,open,C4,-7.5,below primo,-7,-12,3,not assessed,short,tie,0,no,10,last,no,no,no,
Kabalevsky T06,0,4,3.5,Db3,49,ɪ,derived from Bozeman baritone,0.375,open,C4,-11.04,below primo,-10,-15,none,not assessed,short,first note,,,0,first,no,no,no,
Kabalevsky T06,0,4,4,Gb3,54,i,Bozeman baritone midpoint,0.375,close,E3,1.5,below primo,-5,-10,none,not assessed,short,leap-up,5,no,0,middle,no,no,no,turning pitch 0 to 2 st below
Kabalevsky T06,0,4,4.5,Ab3,56,i,Bozeman baritone midpoint,0.375,close,E3,3.5,below primo,-3,-8,none,not assessed,short,step,2,no,0,middle,no,no,no,
Kabalevsky T06,0,5,1,Bb3,58,a,derived from Bozeman baritone,1.125,open,F4,-6.92,below primo,-1,-6,3,not assessed,short,step,2,no,0,middle,no,no,no,
Kabalevsky T06,0,5,2.5,Bb3,58,ɑ,Bozeman baritone midpoint,0.375,open,D#4,-4.5,below primo,-1,-6,none,not assessed,short,repeated,0,no,0,middle,no,no,no,
Kabalevsky T06,0,5,3,Ab3,56,u,Bozeman baritone midpoint,0.375,close,E3,3.5,below primo,-3,-8,none,not assessed,short,step,-2,no,0,middle,no,no,no,
Kabalevsky T06,0,5,3.5,Bb3,58,ɑ,Bozeman baritone midpoint,0.375,open,D#4,-4.5,below primo,-1,-6,none,not assessed,short,step,2,no,0,middle,no,no,no,
Kabalevsky T06,0,5,4,Cb4,59,i,Bozeman baritone midpoint,0.375,close,E3,6.5,inside,0,-5,none,not assessed,short,step,1,no,0,middle,yes,no,no,highest of phrase
Kabalevsky T06,0,5,4.5,Ab3,56,ɑ,Bozeman baritone midpoint,0.375,open,D#4,-6.5,below primo,-3,-8,none,not assessed,short,leap-down,-3,no,0,middle,no,no,no,
Kabalevsky T06,0,6,1,Bb3,58,o,Bozeman baritone midpoint,1.5,open,C4,-1.5,below primo,-1,-6,none,not assessed,short,step,2,no,0,middle,no,no,no,
Kabalevsky T06,0,6,3,Bb3,58,o,Bozeman baritone midpoint,0.375,open,C4,-1.5,below primo,-1,-6,none,not assessed,short,tie,0,no,0,middle,no,no,no,
Kabalevsky T06,0,6,3.5,Bb3,58,ɨ,derived from Bozeman baritone,0.375,close,A#3,0.11,below primo,-1,-6,none,not assessed,short,repeated,0,no,0,middle,no,no,no,turning pitch 0 to 2 st below
Kabalevsky T06,0,6,4,Ab3,56,o,Bozeman baritone midpoint,0.375,open,C4,-3.5,below primo,-3,-8,none,not assessed,short,step,-2,no,0,middle,no,no,no,
Kabalevsky T06,0,6,4.5,Gb3,54,ɨ,derived from Bozeman baritone,0.375,open,A#3,-3.89,below primo,-5,-10,none,not assessed,short,step,-2,no,0,middle,no,no,no,
Kabalevsky T06,0,7,1,Ab3,56,ɨ,derived from Bozeman baritone,0.375,open,A#3,-1.89,below primo,-3,-8,none,not assessed,short,step,2,no,0,middle,no,no,no,
Kabalevsky T06,0,7,1.5,Ab3,56,ɑ,Bozeman baritone midpoint,0.375,open,D#4,-6.5,below primo,-3,-8,none,not assessed,short,repeated,0,no,0,middle,no,no,no,
Kabalevsky T06,0,7,2,Ab3,56,o,Bozeman baritone midpoint,0.75,open,C4,-3.5,below primo,-3,-8,none,not assessed,short,repeated,0,no,0,middle,no,no,no,
Kabalevsky T06,0,7,3,Ab3,56,o,Bozeman baritone midpoint,0.375,open,C4,-3.5,below primo,-3,-8,none,not assessed,short,tie,0,no,0,middle,no,no,no,
Kabalevsky T06,0,7,3.5,Ab3,56,ɑ,Bozeman baritone midpoint,0.375,open,D#4,-6.5,below primo,-3,-8,none,not assessed,short,repeated,0,no,0,middle,no,no,no,
Kabalevsky T06,0,7,4,Gb3,54,ɑ,Bozeman baritone midpoint,0.375,open,D#4,-8.5,below primo,-5,-10,none,not assessed,short,step,-2,no,0,middle,no,no,no,
Kabalevsky T06,0,7,4.5,F3,53,ɨ,derived from Bozeman baritone,0.375,open,A#3,-4.89,below primo,-6,-11,none,not assessed,short,step,-1,no,0,middle,no,no,no,
Kabalevsky T06,0,8,1,Gb3,54,o,Bozeman baritone midpoint,1.5,open,C4,-5.5,below primo,-5,-10,none,not assessed,short,step,1,no,0,last,no,no,no,
Kabalevsky T06,0,8,3.5,Bb2,46,ɑ,Bozeman baritone midpoint,0.375,open,D#4,-16.5,below primo,-13,-18,none,not assessed,short,leap-down,-8,yes,1,first,no,no,no,
Kabalevsky T06,0,8,4,Eb3,51,ɑ,Bozeman baritone midpoint,0.375,open,D#4,-11.5,below primo,-8,-13,4,not assessed,short,leap-up,5,no,1,middle,no,no,no,
Kabalevsky T06,0,8,4.5,F3,53,ɨ,derived from Bozeman baritone,0.375,open,A#3,-4.89,below primo,-6,-11,none,not assessed,short,step,2,no,1,middle,no,no,no,
Kabalevsky T06,0,9,1,Gb3,54,e,Bozeman baritone midpoint,1.125,open,C4,-5.5,below primo,-5,-10,none,not assessed,short,step,1,no,1,middle,no,no,no,
Kabalevsky T06,0,9,2.5,Gb3,54,ɑ,Bozeman baritone midpoint,0.375,open,D#4,-8.5,below primo,-5,-10,none,not assessed,short,repeated,0,no,1,middle,no,no,no,
Kabalevsky T06,0,9,3,F3,53,u,Bozeman baritone midpoint,0.375,close,E3,0.5,below primo,-6,-11,none,not assessed,short,step,-1,no,1,middle,no,no,no,turning pitch 0 to 2 st below
Kabalevsky T06,0,9,3.5,Gb3,54,ɨ,derived from Bozeman baritone,0.375,open,A#3,-3.89,below primo,-5,-10,none,not assessed,short,step,1,no,1,middle,no,no,no,
Kabalevsky T06,0,9,4,Ab3,56,o,Bozeman baritone midpoint,0.375,open,C4,-3.5,below primo,-3,-8,none,not assessed,short,step,2,no,1,middle,no,no,no,
Kabalevsky T06,0,9,4.5,F3,53,ɑ,Bozeman baritone midpoint,0.375,open,D#4,-9.5,below primo,-6,-11,none,not assessed,short,leap-down,-3,no,1,middle,no,no,no,
Kabalevsky T06,0,10,1,Bb3,58,o,Bozeman baritone midpoint,1.5,open,C4,-1.5,below primo,-1,-6,none,not assessed,short,leap-up,5,no,1,middle,no,no,no,
Kabalevsky T06,0,10,3,Bb3,58,o,Bozeman baritone midpoint,0.375,open,C4,-1.5,below primo,-1,-6,none,not assessed,short,tie,0,no,1,middle,no,no,no,
Kabalevsky T06,0,10,3.5,A3,57,u,Bozeman baritone midpoint,0.375,close,E3,4.5,below primo,-2,-7,none,not assessed,short,step,-1,no,1,middle,no,no,no,
Kabalevsky T06,0,10,4,Bb3,58,u,Bozeman baritone midpoint,0.375,close,E3,5.5,below primo,-1,-6,none,not assessed,short,step,1,no,1,middle,no,no,no,
Kabalevsky T06,0,10,4.5,C4,60,ɪ,derived from Bozeman baritone,0.375,open,C4,-0.04,inside,1,-4,none,not assessed,short,step,2,no,1,middle,no,no,no,
Kabalevsky T06,0,11,1,Db4,61,o,Bozeman baritone midpoint,0.375,close,C4,1.5,inside,2,-3,none,not assessed,short,step,1,no,1,middle,yes,no,no,highest of phrase; turning pitch 0 to 2 st below
Kabalevsky T06,0,11,1.5,Bb3,58,o,Bozeman baritone midpoint,0.375,open,C4,-1.5,below primo,-1,-6,none,not assessed,short,leap-down,-3,no,1,middle,no,no,no,
Kabalevsky T06,0,11,2,F3,53,ʌ,derived from Bozeman baritone,0.375,open,D#4,-9.5,below primo,-6,-11,none,not assessed,short,leap-down,-5,no,1,middle,no,no,no,
Kabalevsky T06,0,11,2.5,Gb3,54,i,Bozeman baritone midpoint,0.375,close,E3,1.5,below primo,-5,-10,none,not assessed,short,step,1,no,1,middle,no,no,no,turning pitch 0 to 2 st below
Kabalevsky T06,0,11,3,F3,53,ɑ,Bozeman baritone midpoint,1.125,open,D#4,-9.5,below primo,-6,-11,none,not assessed,short,step,-1,no,1,middle,no,no,no,
Kabalevsky T06,0,11,4.5,Eb3,51,ɑ,Bozeman baritone midpoint,0.375,open,D#4,-11.5,below primo,-8,-13,4,not assessed,short,step,-2,no,1,middle,no,no,no,
Kabalevsky T06,0,12,1,F3,53,o,Bozeman baritone midpoint,3,open,C4,-6.5,below primo,-6,-11,none,not assessed,held,step,2,no,1,middle,no,no,no,held
Kabalevsky T06,0,13,1,F3,53,o,Bozeman baritone midpoint,0.375,open,C4,-6.5,below primo,-6,-11,none,not assessed,held,tie,0,no,1,last,no,no,no,held
Kabalevsky T06,0,13,3.5,Bb3,58,i,Bozeman baritone midpoint,0.375,close,E3,5.5,below primo,-1,-6,none,not assessed,short,leap-up,5,yes,2,first,no,no,no,
Kabalevsky T06,0,13,4,Bb3,58,ɛ,Bozeman baritone midpoint,0.375,open,D4,-3.5,below primo,-1,-6,none,not assessed,short,repeated,0,no,2,middle,no,no,no,
Kabalevsky T06,0,13,4.5,Bb3,58,i,Bozeman baritone midpoint,0.375,close,E3,5.5,below primo,-1,-6,none,not assessed,short,repeated,0,no,2,middle,no,no,no,
Kabalevsky T06,0,14,1,Bb3,58,o,Bozeman baritone midpoint,0.375,open,C4,-1.5,below primo,-1,-6,none,not assessed,short,repeated,0,no,2,middle,no,no,no,
Kabalevsky T06,0,14,1.5,Cb4,59,ʌ,derived from Bozeman baritone,0.375,open,D#4,-3.5,inside,0,-5,none,not assessed,short,step,1,no,2,middle,no,no,no,
Kabalevsky T06,0,14,2,Cb4,59,ʌ,derived from Bozeman baritone,0.375,open,D#4,-3.5,inside,0,-5,none,not assessed,short,repeated,0,no,2,middle,no,no,no,
Kabalevsky T06,0,14,2.5,Cb4,59,ɑ,Bozeman baritone midpoint,0.375,open,D#4,-3.5,inside,0,-5,none,not assessed,short,repeated,0,no,2,middle,no,no,no,
Kabalevsky T06,0,14,3,Cb4,59,ɑ,Bozeman baritone midpoint,0.375,open,D#4,-3.5,inside,0,-5,none,not assessed,short,repeated,0,no,2,middle,no,no,no,
Kabalevsky T06,0,14,3.5,Bb3,58,ɑ,Bozeman baritone midpoint,0.375,open,D#4,-4.5,below primo,-1,-6,none,not assessed,short,step,-1,no,2,middle,no,no,no,
Kabalevsky T06,0,14,4,Bb3,58,ɑ,Bozeman baritone midpoint,0.375,open,D#4,-4.5,below primo,-1,-6,none,not assessed,short,repeated,0,no,2,middle,no,no,no,
Kabalevsky T06,0,14,4.5,Bb3,58,ɑ,Bozeman baritone midpoint,0.375,open,D#4,-4.5,below primo,-1,-6,none,not assessed,short,repeated,0,no,2,middle,no,no,no,
Kabalevsky T06,0,15,1,Eb4,63,o,Bozeman baritone midpoint,0.375,close,C4,3.5,inside,4,-1,none,not assessed,short,leap-up,5,no,2,middle,yes,yes,yes,highest of phrase
Kabalevsky T06,0,15,1.5,Cb4,59,i,Bozeman baritone midpoint,0.375,close,E3,6.5,inside,0,-5,none,not assessed,short,leap-down,-4,no,2,middle,no,no,no,
Kabalevsky T06,0,15,2,Cb4,59,ɑ,Bozeman baritone midpoint,0.375,open,D#4,-3.5,inside,0,-5,none,not assessed,short,repeated,0,no,2,middle,no,no,no,
Kabalevsky T06,0,15,2.5,Bb3,58,ɨ,derived from Bozeman baritone,0.375,close,A#3,0.11,below primo,-1,-6,none,not assessed,short,step,-1,no,2,middle,no,no,no,turning pitch 0 to 2 st below
Kabalevsky T06,0,15,3,Ab3,56,o,Bozeman baritone midpoint,1.5,open,C4,-3.5,below primo,-3,-8,none,not assessed,short,step,-2,no,2,middle,no,no,no,
Kabalevsky T06,0,16,1,Ab3,56,o,Bozeman baritone midpoint,0.375,open,C4,-3.5,below primo,-3,-8,none,not assessed,short,tie,0,no,2,middle,no,no,no,
Kabalevsky T06,0,16,1.5,Ab3,56,i,Bozeman baritone midpoint,0.375,close,E3,3.5,below primo,-3,-8,none,not assessed,short,repeated,0,no,2,middle,no,no,no,
Kabalevsky T06,0,16,2,Bb3,58,ʌ,derived from Bozeman baritone,0.375,open,D#4,-4.5,below primo,-1,-6,none,not assessed,short,step,2,no,2,middle,no,no,no,
Kabalevsky T06,0,16,2.5,Cb4,59,ɑ,Bozeman baritone midpoint,0.375,open,D#4,-3.5,inside,0,-5,none,not assessed,short,step,1,no,2,middle,no,no,no,
Kabalevsky T06,0,16,3,Bb3,58,u,Bozeman baritone midpoint,0.375,close,E3,5.5,below primo,-1,-6,none,not assessed,short,step,-1,no,2,middle,no,no,no,
Kabalevsky T06,0,16,3.5,Ab3,56,u,Bozeman baritone midpoint,0.375,close,E3,3.5,below primo,-3,-8,none,not assessed,short,step,-2,no,2,middle,no,no,no,
Kabalevsky T06,0,16,4,Ab3,56,ɑ,Bozeman baritone midpoint,0.375,open,D#4,-6.5,below primo,-3,-8,none,not assessed,short,repeated,0,no,2,middle,no,no,no,
Kabalevsky T06,0,16,4.5,Ab3,56,ɑ,Bozeman baritone midpoint,0.375,open,D#4,-6.5,below primo,-3,-8,none,not assessed,short,repeated,0,no,2,middle,no,no,no,
Kabalevsky T06,0,17,1,Db4,61,ɑ,Bozeman baritone midpoint,0.375,open,D#4,-1.5,inside,2,-3,none,not assessed,short,leap-up,5,no,2,middle,no,no,no,
Kabalevsky T06,0,17,1.5,Gb3,54,u,Bozeman baritone midpoint,0.375,close,E3,1.5,below primo,-5,-10,none,not assessed,short,leap-down,-7,no,2,middle,no,no,no,turning pitch 0 to 2 st below
Kabalevsky T06,0,17,2,Gb3,54,i,Bozeman baritone midpoint,0.375,close,E3,1.5,below primo,-5,-10,none,not assessed,short,repeated,0,no,2,middle,no,no,no,turning pitch 0 to 2 st below
Kabalevsky T06,0,17,2.5,Gb3,54,i,Bozeman baritone midpoint,0.375,close,E3,1.5,below primo,-5,-10,none,not assessed,short,repeated,0,no,2,middle,no,no,no,turning pitch 0 to 2 st below
Kabalevsky T06,0,17,3,Gb3,54,o,Bozeman baritone midpoint,0.375,open,C4,-5.5,below primo,-5,-10,none,not assessed,short,repeated,0,no,2,middle,no,no,no,
Kabalevsky T06,0,17,3.5,F3,53,ɑ,Bozeman baritone midpoint,0.375,open,D#4,-9.5,below primo,-6,-11,none,not assessed,short,step,-1,no,2,middle,no,no,no,
Kabalevsky T06,0,17,4,F3,53,ɑ,Bozeman baritone midpoint,0.75,open,D#4,-9.5,below primo,-6,-11,none,not assessed,short,repeated,0,no,2,middle,no,no,no,
Kabalevsky T06,0,18,1,F3,53,ɑ,Bozeman baritone midpoint,0.75,open,D#4,-9.5,below primo,-6,-11,none,not assessed,short,tie,0,no,2,middle,no,no,no,
Kabalevsky T06,0,18,2,F3,53,ɑ,Bozeman baritone midpoint,0.75,open,D#4,-9.5,below primo,-6,-11,none,not assessed,short,repeated,0,no,2,middle,no,no,no,
Kabalevsky T06,0,18,3,Db4,61,e,Bozeman baritone midpoint,0.375,close,C4,1.5,inside,2,-3,none,not assessed,short,leap-up,8,no,2,middle,no,no,no,turning pitch 0 to 2 st below
Kabalevsky T06,0,18,3.5,Eb3,51,i,Bozeman baritone midpoint,0.375,open,E3,-1.5,below primo,-8,-13,none,not assessed,short,leap-down,-10,no,2,middle,no,no,no,
Kabalevsky T06,0,18,4,Eb3,51,u,Bozeman baritone midpoint,0.375,open,E3,-1.5,below primo,-8,-13,none,not assessed,short,repeated,0,no,2,middle,no,no,no,
Kabalevsky T06,0,18,4.5,Eb3,51,ɪ,derived from Bozeman baritone,0.375,open,C4,-9.04,below primo,-8,-13,none,not assessed,short,repeated,0,no,2,middle,no,no,no,
Kabalevsky T06,0,19,1,F3,53,o,Bozeman baritone midpoint,0.375,open,C4,-6.5,below primo,-6,-11,none,not assessed,short,step,2,no,2,middle,no,no,no,
Kabalevsky T06,0,19,1.5,Eb3,51,u,Bozeman baritone midpoint,0.375,open,E3,-1.5,below primo,-8,-13,none,not assessed,short,step,-2,no,2,middle,no,no,no,
Kabalevsky T06,0,19,2,Gb3,54,ʌ,derived from Bozeman baritone,0.375,open,D#4,-8.5,below primo,-5,-10,none,not assessed,short,leap-up,3,no,2,middle,no,no,no,
Kabalevsky T06,0,19,2.5,Cb4,59,ɪ,derived from Bozeman baritone,0.375,open,C4,-1.04,inside,0,-5,none,not assessed,short,leap-up,5,no,2,middle,no,no,no,
Kabalevsky T06,0,19,3,Bb3,58,u,Bozeman baritone midpoint,1.5,close,E3,5.5,below primo,-1,-6,none,not assessed,short,step,-1,no,2,middle,no,no,no,
Kabalevsky T06,0,20,1,Bb3,58,u,Bozeman baritone midpoint,0.375,close,E3,5.5,below primo,-1,-6,none,not assessed,short,tie,0,no,2,last,no,no,no,
Kabalevsky T06,0,20,2.5,Ab3,56,ɑ,Bozeman baritone midpoint,0.375,open,D#4,-6.5,below primo,-3,-8,none,not assessed,short,step,-2,yes,3,first,no,no,no,
Kabalevsky T06,0,21,1,Bb3,58,o,Bozeman baritone midpoint,0.375,open,C4,-1.5,below primo,-1,-6,none,not assessed,short,step,2,no,3,middle,no,no,no,
Kabalevsky T06,0,21,1.5,Bb3,58,i,Bozeman baritone midpoint,0.375,close,E3,5.5,below primo,-1,-6,none,not assessed,short,repeated,0,no,3,middle,no,no,no,
Kabalevsky T06,0,21,2,Bb3,58,ɨ,derived from Bozeman baritone,0.375,close,A#3,0.11,below primo,-1,-6,none,not assessed,short,repeated,0,no,3,middle,no,no,no,turning pitch 0 to 2 st below
Kabalevsky T06,0,21,2.5,Bb3,58,u,Bozeman baritone midpoint,0.375,close,E3,5.5,below primo,-1,-6,none,not assessed,short,repeated,0,no,3,middle,no,no,no,
Kabalevsky T06,0,21,3,Ab3,56,ɑ,Bozeman baritone midpoint,0.375,open,D#4,-6.5,below primo,-3,-8,none,not assessed,short,step,-2,no,3,middle,no,no,no,
Kabalevsky T06,0,21,3.5,Bb3,58,ɪ,derived from Bozeman baritone,0.375,open,C4,-2.04,below primo,-1,-6,none,not assessed,short,step,2,no,3,middle,no,no,no,
Kabalevsky T06,0,21,4,Cb4,59,ɑ,Bozeman baritone midpoint,0.375,open,D#4,-3.5,inside,0,-5,none,not assessed,short,step,1,no,3,middle,yes,no,no,highest of phrase
Kabalevsky T06,0,21,4.5,Ab3,56,ɨ,derived from Bozeman baritone,0.375,open,A#3,-1.89,below primo,-3,-8,none,not assessed,short,leap-down,-3,no,3,middle,no,no,no,
Kabalevsky T06,0,22,1,Bb3,58,o,Bozeman baritone midpoint,1.125,open,C4,-1.5,below primo,-1,-6,none,not assessed,short,step,2,no,3,middle,no,no,no,
Kabalevsky T06,0,22,2.5,Bb3,58,ɪ,derived from Bozeman baritone,0.375,open,C4,-2.04,below primo,-1,-6,none,not assessed,short,repeated,0,no,3,middle,no,no,no,
Kabalevsky T06,0,23,1,Ab3,56,o,Bozeman baritone midpoint,0.375,open,C4,-3.5,below primo,-3,-8,none,not assessed,short,step,-2,no,3,middle,no,no,no,
Kabalevsky T06,0,23,1.5,Ab3,56,ɪ,derived from Bozeman baritone,0.375,open,C4,-4.04,below primo,-3,-8,none,not assessed,short,repeated,0,no,3,middle,no,no,no,
Kabalevsky T06,0,23,2,Ab3,56,i,Bozeman baritone midpoint,0.375,close,E3,3.5,below primo,-3,-8,none,not assessed,short,repeated,0,no,3,middle,no,no,no,
Kabalevsky T06,0,23,2.5,Ab3,56,ɪ,derived from Bozeman baritone,0.375,open,C4,-4.04,below primo,-3,-8,none,not assessed,short,repeated,0,no,3,middle,no,no,no,
Kabalevsky T06,0,23,3,Ab3,56,ɑ,Bozeman baritone midpoint,0.375,open,D#4,-6.5,below primo,-3,-8,none,not assessed,short,repeated,0,no,3,middle,no,no,no,
Kabalevsky T06,0,23,3.5,Ab3,56,i,Bozeman baritone midpoint,0.375,close,E3,3.5,below primo,-3,-8,none,not assessed,short,repeated,0,no,3,middle,no,no,no,
Kabalevsky T06,0,23,4,Gb3,54,ʌ,derived from Bozeman baritone,0.375,open,D#4,-8.5,below primo,-5,-10,none,not assessed,short,step,-2,no,3,middle,no,no,no,
Kabalevsky T06,0,23,4.5,F3,53,i,Bozeman baritone midpoint,0.375,close,E3,0.5,below primo,-6,-11,none,not assessed,short,step,-1,no,3,middle,no,no,no,turning pitch 0 to 2 st below
Kabalevsky T06,0,24,1,Gb3,54,ɨ,derived from Bozeman baritone,1.5,open,A#3,-3.89,below primo,-5,-10,none,not assessed,short,step,1,no,3,last,no,no,no,
Kabalevsky T06,0,24,3.5,Bb2,46,i,Bozeman baritone midpoint,0.375,open,E3,-6.5,below primo,-13,-18,none,not assessed,short,leap-down,-8,yes,4,first,no,no,no,
Kabalevsky T06,0,24,4,Eb3,51,i,Bozeman baritone midpoint,0.375,open,E3,-1.5,below primo,-8,-13,none,not assessed,short,leap-up,5,no,4,middle,no,no,no,
Kabalevsky T06,0,24,4.5,F3,53,ɑ,Bozeman baritone midpoint,0.375,open,D#4,-9.5,below primo,-6,-11,none,not assessed,short,step,2,no,4,middle,no,no,no,
Kabalevsky T06,0,25,1,Gb3,54,ɑ,Bozeman baritone midpoint,1.125,open,D#4,-8.5,below primo,-5,-10,none,not assessed,short,step,1,no,4,middle,no,no,no,
Kabalevsky T06,0,25,2.5,Gb3,54,ɪ,derived from Bozeman baritone,0.375,open,C4,-6.04,below primo,-5,-10,none,not assessed,short,repeated,0,no,4,middle,no,no,no,
Kabalevsky T06,0,25,3,F3,53,ʌ,derived from Bozeman baritone,0.375,open,D#4,-9.5,below primo,-6,-11,none,not assessed,short,step,-1,no,4,middle,no,no,no,
Kabalevsky T06,0,25,3.5,Gb3,54,ɑ,Bozeman baritone midpoint,0.375,open,D#4,-8.5,below primo,-5,-10,none,not assessed,short,step,1,no,4,middle,no,no,no,
Kabalevsky T06,0,25,4,Ab3,56,i,Bozeman baritone midpoint,0.375,close,E3,3.5,below primo,-3,-8,none,not assessed,short,step,2,no,4,middle,no,no,no,
Kabalevsky T06,0,25,4.5,F3,53,none resolved,not assessed,0.375,not assessed,not assessed,not assessed,below primo,-6,-11,not assessed,not assessed,short,leap-down,-3,no,4,middle,no,no,no,
Kabalevsky T06,0,26,1,Bb3,58,o,Bozeman baritone midpoint,1.5,open,C4,-1.5,below primo,-1,-6,none,not assessed,short,leap-up,5,no,4,middle,no,no,no,
Kabalevsky T06,0,26,3,Bb3,58,o,Bozeman baritone midpoint,0.375,open,C4,-1.5,below primo,-1,-6,none,not assessed,short,tie,0,no,4,middle,no,no,no,
Kabalevsky T06,0,26,3.5,A3,57,ɨ,derived from Bozeman baritone,0.375,open,A#3,-0.89,below primo,-2,-7,none,not assessed,short,step,-1,no,4,middle,no,no,no,
Kabalevsky T06,0,26,4,Bb3,58,ɑ,Bozeman baritone midpoint,0.375,open,D#4,-4.5,below primo,-1,-6,none,not assessed,short,step,1,no,4,middle,no,no,no,
Kabalevsky T06,0,26,4.5,C4,60,ɪ,derived from Bozeman baritone,0.375,open,C4,-0.04,inside,1,-4,none,not assessed,short,step,2,no,4,middle,no,no,no,
Kabalevsky T06,0,27,1,Db4,61,e,Bozeman baritone midpoint,1.125,close,C4,1.5,inside,2,-3,none,not assessed,short,step,1,no,4,middle,yes,no,no,highest of phrase; turning pitch 0 to 2 st below
Kabalevsky T06,0,27,2.5,Bb3,58,i,Bozeman baritone midpoint,0.375,close,E3,5.5,below primo,-1,-6,none,not assessed,short,leap-down,-3,no,4,middle,no,no,no,
Kabalevsky T06,0,27,3,F3,53,ʌ,derived from Bozeman baritone,0.375,open,D#4,-9.5,below primo,-6,-11,none,not assessed,short,leap-down,-5,no,4,middle,no,no,no,
Kabalevsky T06,0,27,3.5,F3,53,ɑ,Bozeman baritone midpoint,0.375,open,D#4,-9.5,below primo,-6,-11,none,not assessed,short,repeated,0,no,4,middle,no,no,no,
Kabalevsky T06,0,27,4,F3,53,ɑ,Bozeman baritone midpoint,0.375,open,D#4,-9.5,below primo,-6,-11,none,not assessed,short,repeated,0,no,4,middle,no,no,no,
Kabalevsky T06,0,27,4.5,Gb3,54,i,Bozeman baritone midpoint,0.375,close,E3,1.5,below primo,-5,-10,none,not assessed,short,step,1,no,4,middle,no,no,no,turning pitch 0 to 2 st below
Kabalevsky T06,0,28,1,F3,53,ɨ,derived from Bozeman baritone,3,open,A#3,-4.89,below primo,-6,-11,none,not assessed,held,step,-1,no,4,middle,no,no,no,held
Kabalevsky T06,0,29,1,F3,53,ɨ,derived from Bozeman baritone,0.375,open,A#3,-4.89,below primo,-6,-11,none,not assessed,held,tie,0,no,4,last,no,no,no,held
Kabalevsky T06,0,30,2,Db3,49,o,Bozeman baritone midpoint,0.75,open,C4,-10.5,below primo,-10,-15,none,not assessed,short,leap-down,-4,yes,5,first,no,no,no,
Kabalevsky T06,0,30,3,Db4,61,u,Bozeman baritone midpoint,1.5,close,E3,8.5,inside,2,-3,none,not assessed,short,leap-up,12,no,5,middle,yes,no,no,highest of phrase
Kabalevsky T06,0,31,1,Db4,61,u,Bozeman baritone midpoint,0.375,close,E3,8.5,inside,2,-3,none,not assessed,short,tie,0,no,5,middle,yes,no,no,highest of phrase
Kabalevsky T06,0,31,1.5,Bb3,58,ɑ,Bozeman baritone midpoint,0.375,open,D#4,-4.5,below primo,-1,-6,none,not assessed,short,leap-down,-3,no,5,middle,no,no,no,
Kabalevsky T06,0,31,2,Ab3,56,ɑ,Bozeman baritone midpoint,0.375,open,D#4,-6.5,below primo,-3,-8,none,not assessed,short,step,-2,no,5,middle,no,no,no,
Kabalevsky T06,0,31,2.5,Gb3,54,ɑ,Bozeman baritone midpoint,0.375,open,D#4,-8.5,below primo,-5,-10,none,not assessed,short,step,-2,no,5,middle,no,no,no,
Kabalevsky T06,0,31,3,F3,53,ɑ,Bozeman baritone midpoint,0.375,open,D#4,-9.5,below primo,-6,-11,none,not assessed,short,step,-1,no,5,middle,no,no,no,
Kabalevsky T06,0,31,3.5,Eb3,51,ɪ,derived from Bozeman baritone,0.375,open,C4,-9.04,below primo,-8,-13,none,not assessed,short,step,-2,no,5,middle,no,no,no,
Kabalevsky T06,0,31,4,Ab3,56,o,Bozeman baritone midpoint,0.375,open,C4,-3.5,below primo,-3,-8,none,not assessed,short,leap-up,5,no,5,middle,no,no,no,
Kabalevsky T06,0,31,4.5,Bb3,58,ɑ,Bozeman baritone midpoint,0.375,open,D#4,-4.5,below primo,-1,-6,none,not assessed,short,step,2,no,5,middle,no,no,no,
Kabalevsky T06,0,32,1,Cb4,59,ɛ,Bozeman baritone midpoint,1.5,open,D4,-2.5,inside,0,-5,none,not assessed,short,step,1,no,5,middle,no,no,no,
Kabalevsky T06,0,32,3,Cb4,59,ɛ,Bozeman baritone midpoint,0.375,open,D4,-2.5,inside,0,-5,none,not assessed,short,tie,0,no,5,middle,no,no,no,
Kabalevsky T06,0,32,3.5,Cb4,59,u,Bozeman baritone midpoint,0.375,close,E3,6.5,inside,0,-5,none,not assessed,short,repeated,0,no,5,middle,no,no,no,
Kabalevsky T06,0,32,4,Bb3,58,ɑ,Bozeman baritone midpoint,0.375,open,D#4,-4.5,below primo,-1,-6,none,not assessed,short,step,-1,no,5,middle,no,no,no,
Kabalevsky T06,0,32,4.5,Cb4,59,ɑ,Bozeman baritone midpoint,0.375,open,D#4,-3.5,inside,0,-5,none,not assessed,short,step,1,no,5,middle,no,no,no,
Kabalevsky T06,0,33,1,Ab3,56,ɑ,Bozeman baritone midpoint,3,open,D#4,-6.5,below primo,-3,-8,none,not assessed,held,leap-down,-3,no,5,middle,no,no,no,held
Kabalevsky T06,0,34,1,Db4,61,ɨ,derived from Bozeman baritone,0.75,close,A#3,3.11,inside,2,-3,none,not assessed,short,leap-up,5,no,5,middle,yes,no,no,highest of phrase
Kabalevsky T06,0,34,2,Ab3,56,u,Bozeman baritone midpoint,0.375,close,E3,3.5,below primo,-3,-8,none,not assessed,short,leap-down,-5,no,5,middle,no,no,no,
Kabalevsky T06,0,34,2.5,Ab3,56,i,Bozeman baritone midpoint,0.375,close,E3,3.5,below primo,-3,-8,none,not assessed,short,repeated,0,no,5,middle,no,no,no,
Kabalevsky T06,0,34,3,Cb4,59,ɑ,Bozeman baritone midpoint,1.125,open,D#4,-3.5,inside,0,-5,none,not assessed,short,leap-up,3,no,5,middle,no,no,no,
Kabalevsky T06,0,34,4.5,Gb3,54,ɑ,Bozeman baritone midpoint,0.375,open,D#4,-8.5,below primo,-5,-10,none,not assessed,short,leap-down,-5,no,5,middle,no,no,no,
Kabalevsky T06,0,35,1,Bb3,58,ɛ,Bozeman baritone midpoint,3,open,D4,-3.5,below primo,-1,-6,none,not assessed,held,leap-up,4,no,5,middle,no,no,no,held
Kabalevsky T06,0,36,1,Bb3,58,ɛ,Bozeman baritone midpoint,3,open,D4,-3.5,below primo,-1,-6,none,not assessed,held,tie,0,no,5,middle,no,no,no,held
Kabalevsky T06,0,37,1,Bb3,58,ɛ,Bozeman baritone midpoint,0.375,open,D4,-3.5,below primo,-1,-6,none,not assessed,held,tie,0,no,5,last,no,no,no,held
Kabalevsky T07,1,2,6,G#3,56,ɨ,derived from Bozeman baritone,0.357,open,A#3,-1.89,below primo,-3,-8,none,not assessed,short,first note,,,0,first,no,no,no,
Kabalevsky T07,1,3,1,G#3,56,u,Bozeman baritone midpoint,0.714,close,E3,3.5,below primo,-3,-8,none,not assessed,short,repeated,0,no,0,middle,no,no,no,
Kabalevsky T07,1,3,3,F3,53,ɨ,derived from Bozeman baritone,0.357,open,A#3,-4.89,below primo,-6,-11,none,not assessed,short,leap-down,-3,no,0,middle,no,no,no,
Kabalevsky T07,1,3,4,F3,53,ʌ,derived from Bozeman baritone,0.714,open,D#4,-9.5,below primo,-6,-11,none,not assessed,short,repeated,0,no,0,middle,no,no,no,
Kabalevsky T07,1,3,6,G#3,56,o,Bozeman baritone midpoint,0.357,open,C4,-3.5,below primo,-3,-8,none,not assessed,short,leap-up,3,no,0,middle,no,no,no,
Kabalevsky T07,1,4,1,C#4,61,u,Bozeman baritone midpoint,0.714,close,E3,8.5,inside,2,-3,none,not assessed,short,leap-up,5,no,0,middle,yes,no,no,highest of phrase
Kabalevsky T07,1,4,3,C4,60,ɑ,Bozeman baritone midpoint,0.357,open,D#4,-2.5,inside,1,-4,none,not assessed,short,step,-1,no,0,middle,no,no,no,
Kabalevsky T07,1,4,4,A#3,58,u,Bozeman baritone midpoint,0.714,close,E3,5.5,below primo,-1,-6,none,not assessed,short,step,-2,no,0,middle,no,no,no,
Kabalevsky T07,1,4,6,F3,53,ɨ,derived from Bozeman baritone,0.357,open,A#3,-4.89,below primo,-6,-11,none,not assessed,short,leap-down,-5,no,0,middle,no,no,no,
Kabalevsky T07,1,5,1,F#3,54,ɑ,Bozeman baritone midpoint,0.714,open,D#4,-8.5,below primo,-5,-10,none,not assessed,short,step,1,no,0,middle,no,no,no,
Kabalevsky T07,1,5,3,F3,53,ɑ,Bozeman baritone midpoint,0.357,open,D#4,-9.5,below primo,-6,-11,none,not assessed,short,step,-1,no,0,middle,no,no,no,
Kabalevsky T07,1,5,4,D#3,51,ɨ,derived from Bozeman baritone,0.714,open,A#3,-6.89,below primo,-8,-13,3,not assessed,short,step,-2,no,0,middle,no,no,no,
Kabalevsky T07,1,5,6,F#3,54,ɨ,derived from Bozeman baritone,0.357,open,A#3,-3.89,below primo,-5,-10,none,not assessed,short,leap-up,3,no,0,middle,no,no,no,
Kabalevsky T07,1,6,1,F3,53,ɛ,Bozeman baritone midpoint,0.536,open,D4,-8.5,below primo,-6,-11,none,not assessed,short,step,-1,no,0,middle,no,no,no,
Kabalevsky T07,1,6,2.5,F3,53,ɪ,derived from Bozeman baritone,0.179,open,C4,-7.04,below primo,-6,-11,3,not assessed,short,repeated,0,no,0,middle,no,no,no,
Kabalevsky T07,1,6,3,F3,53,ɪ,derived from Bozeman baritone,0.179,open,C4,-7.04,below primo,-6,-11,3,not assessed,short,repeated,0,no,0,middle,no,no,no,
Kabalevsky T07,1,6,3.5,F3,53,ɑ,Bozeman baritone midpoint,0.179,open,D#4,-9.5,below primo,-6,-11,none,not assessed,short,repeated,0,no,0,middle,no,no,no,
Kabalevsky T07,1,6,4,C4,60,ɑ,Bozeman baritone midpoint,0.536,open,D#4,-2.5,inside,1,-4,none,not assessed,short,leap-up,7,no,0,middle,no,no,no,
Kabalevsky T07,1,6,5.5,F3,53,ʌ,derived from Bozeman baritone,0.179,open,D#4,-9.5,below primo,-6,-11,none,not assessed,short,leap-down,-7,no,0,middle,no,no,no,
Kabalevsky T07,1,6,6,F3,53,u,Bozeman baritone midpoint,0.179,close,E3,0.5,below primo,-6,-11,none,not assessed,short,repeated,0,no,0,middle,no,no,no,turning pitch 0 to 2 st below
Kabalevsky T07,1,6,6.5,F3,53,ɑ,Bozeman baritone midpoint,0.179,open,D#4,-9.5,below primo,-6,-11,none,not assessed,short,repeated,0,no,0,middle,no,no,no,
Kabalevsky T07,1,7,1,A#3,58,o,Bozeman baritone midpoint,1.071,open,C4,-1.5,below primo,-1,-6,none,not assessed,short,leap-up,5,no,0,middle,no,no,no,
Kabalevsky T07,1,7,4,A#3,58,o,Bozeman baritone midpoint,0.357,open,C4,-1.5,below primo,-1,-6,none,not assessed,short,tie,0,no,0,last,no,no,no,
Kabalevsky T07,1,7,6,A#3,58,ɑ,Bozeman baritone midpoint,0.357,open,D#4,-4.5,below primo,-1,-6,none,not assessed,short,repeated,0,yes,1,first,no,no,no,
Kabalevsky T07,1,8,1,C#4,61,ɛ,Bozeman baritone midpoint,0.714,open,D4,-0.5,inside,2,-3,none,not assessed,short,leap-up,3,no,1,middle,no,no,no,
Kabalevsky T07,1,8,3,C4,60,ɨ,derived from Bozeman baritone,0.357,close,A#3,2.11,inside,1,-4,none,not assessed,short,step,-1,no,1,middle,no,no,no,
Kabalevsky T07,1,8,4,A#3,58,u,Bozeman baritone midpoint,0.357,close,E3,5.5,below primo,-1,-6,none,not assessed,short,step,-2,no,1,middle,no,no,no,
Kabalevsky T07,1,8,5,G#3,56,u,Bozeman baritone midpoint,0.357,close,E3,3.5,below primo,-3,-8,none,not assessed,short,step,-2,no,1,middle,no,no,no,
Kabalevsky T07,1,8,6,F#3,54,i,Bozeman baritone midpoint,0.357,close,E3,1.5,below primo,-5,-10,none,not assessed,short,step,-2,no,1,middle,no,no,no,turning pitch 0 to 2 st below
Kabalevsky T07,1,9,1,F3,53,ʌ,derived from Bozeman baritone,0.714,open,D#4,-9.5,below primo,-6,-11,none,not assessed,short,step,-1,no,1,middle,no,no,no,
Kabalevsky T07,1,9,3,A3,57,o,Bozeman baritone midpoint,0.357,open,C4,-2.5,below primo,-2,-7,none,not assessed,short,leap-up,4,no,1,middle,no,no,no,
Kabalevsky T07,1,9,4,C4,60,ɑ,Bozeman baritone midpoint,0.714,open,D#4,-2.5,inside,1,-4,none,not assessed,short,leap-up,3,no,1,middle,no,no,no,
Kabalevsky T07,1,9,6,D#4,63,i,Bozeman baritone midpoint,0.357,close,E3,10.5,inside,4,-1,none,not assessed,short,leap-up,3,no,1,middle,yes,yes,yes,highest of phrase
Kabalevsky T07,1,10,1,C#4,61,a,derived from Bozeman baritone,0.714,open,F4,-3.92,inside,2,-3,none,not assessed,short,step,-2,no,1,middle,no,no,no,
Kabalevsky T07,1,10,3,C4,60,a,derived from Bozeman baritone,0.357,open,F4,-4.92,inside,1,-4,none,not assessed,short,step,-1,no,1,middle,no,no,no,
Kabalevsky T07,1,10,4,A#3,58,ʌ,derived from Bozeman baritone,0.536,open,D#4,-4.5,below primo,-1,-6,none,not assessed,short,step,-2,no,1,middle,no,no,no,
Kabalevsky T07,1,10,5.5,F#3,54,i,Bozeman baritone midpoint,0.179,close,E3,1.5,below primo,-5,-10,none,not assessed,short,leap-down,-4,no,1,middle,no,no,no,turning pitch 0 to 2 st below
Kabalevsky T07,1,10,6,F#3,54,a,derived from Bozeman baritone,0.179,open,F4,-10.92,below primo,-5,-10,none,not assessed,short,repeated,0,no,1,middle,no,no,no,
Kabalevsky T07,1,10,6.5,F#3,54,ɪ,derived from Bozeman baritone,0.179,open,C4,-6.04,below primo,-5,-10,none,not assessed,short,repeated,0,no,1,middle,no,no,no,
Kabalevsky T07,1,11,1,F3,53,u,Bozeman baritone midpoint,0.714,close,E3,0.5,below primo,-6,-11,none,not assessed,short,step,-1,no,1,middle,no,no,no,turning pitch 0 to 2 st below
Kabalevsky T07,1,11,3,F3,53,u,Bozeman baritone midpoint,0.357,close,E3,0.5,below primo,-6,-11,none,not assessed,short,repeated,0,no,1,middle,no,no,no,turning pitch 0 to 2 st below
Kabalevsky T07,1,11,4,F3,53,ɑ,Bozeman baritone midpoint,0.536,open,D#4,-9.5,below primo,-6,-11,none,not assessed,short,repeated,0,no,1,middle,no,no,no,
Kabalevsky T07,1,11,5.5,F3,53,ʌ,derived from Bozeman baritone,0.179,open,D#4,-9.5,below primo,-6,-11,none,not assessed,short,repeated,0,no,1,middle,no,no,no,
Kabalevsky T07,1,11,6,F3,53,u,Bozeman baritone midpoint,0.179,close,E3,0.5,below primo,-6,-11,none,not assessed,short,repeated,0,no,1,middle,no,no,no,turning pitch 0 to 2 st below
Kabalevsky T07,1,11,6.5,F3,53,ɑ,Bozeman baritone midpoint,0.179,open,D#4,-9.5,below primo,-6,-11,none,not assessed,short,repeated,0,no,1,middle,no,no,no,
Kabalevsky T07,1,12,1,F3,53,o,Bozeman baritone midpoint,1.071,open,C4,-6.5,below primo,-6,-11,none,not assessed,short,repeated,0,no,1,middle,no,no,no,
Kabalevsky T07,1,12,4,F3,53,o,Bozeman baritone midpoint,0.357,open,C4,-6.5,below primo,-6,-11,none,not assessed,short,tie,0,no,1,last,no,no,no,
Kabalevsky T07,1,13,4,A#3,58,ɛ,Bozeman baritone midpoint,1.071,open,D4,-3.5,below primo,-1,-6,none,not assessed,short,leap-up,5,yes,2,first,no,no,no,
Kabalevsky T07,1,14,1,B3,59,ɑ,Bozeman baritone midpoint,0.714,open,D#4,-3.5,inside,0,-5,none,not assessed,short,step,1,no,2,middle,yes,no,no,highest of phrase
Kabalevsky T07,1,14,3,A#3,58,ɑ,Bozeman baritone midpoint,0.357,open,D#4,-4.5,below primo,-1,-6,none,not assessed,short,step,-1,no,2,middle,no,no,no,
Kabalevsky T07,1,14,4,G#3,56,ɑ,Bozeman baritone midpoint,0.714,open,D#4,-6.5,below primo,-3,-8,none,not assessed,short,step,-2,no,2,middle,no,no,no,
Kabalevsky T07,1,14,6,F#3,54,i,Bozeman baritone midpoint,0.357,close,E3,1.5,below primo,-5,-10,none,not assessed,short,step,-2,no,2,middle,no,no,no,turning pitch 0 to 2 st below
Kabalevsky T07,1,15,1,F3,53,i,Bozeman baritone midpoint,0.714,close,E3,0.5,below primo,-6,-11,none,not assessed,short,step,-1,no,2,middle,no,no,no,turning pitch 0 to 2 st below
Kabalevsky T07,1,15,3,A#3,58,ɑ,Bozeman baritone midpoint,0.357,open,D#4,-4.5,below primo,-1,-6,none,not assessed,short,leap-up,5,no,2,middle,no,no,no,
Kabalevsky T07,1,15,4,A#3,58,ɛ,Bozeman baritone midpoint,0.714,open,D4,-3.5,below primo,-1,-6,none,not assessed,short,repeated,0,no,2,middle,no,no,no,
Kabalevsky T07,1,15,6,G#3,56,ʌ,derived from Bozeman baritone,0.357,open,D#4,-6.5,below primo,-3,-8,none,not assessed,short,step,-2,no,2,middle,no,no,no,
Kabalevsky T07,1,16,1,F#3,54,u,Bozeman baritone midpoint,1.071,close,E3,1.5,below primo,-5,-10,none,not assessed,short,step,-2,no,2,middle,no,no,no,turning pitch 0 to 2 st below
Kabalevsky T07,1,16,4,C#3,49,i,Bozeman baritone midpoint,0.357,open,E3,-3.5,below primo,-10,-15,none,not assessed,short,leap-down,-5,no,2,last,no,no,no,
Kabalevsky T07,1,16,5.5,C#3,49,ɪ,derived from Bozeman baritone,0.179,open,C4,-11.04,below primo,-10,-15,none,not assessed,short,repeated,0,yes,3,first,no,no,no,
Kabalevsky T07,1,16,6,C#3,49,ʌ,derived from Bozeman baritone,0.179,open,D#4,-13.5,below primo,-10,-15,none,not assessed,short,repeated,0,no,3,middle,no,no,no,
Kabalevsky T07,1,16,6.5,C#3,49,ɑ,Bozeman baritone midpoint,0.179,open,D#4,-13.5,below primo,-10,-15,none,not assessed,short,repeated,0,no,3,middle,no,no,no,
Kabalevsky T07,1,17,1,D3,50,u,Bozeman baritone midpoint,0.714,open,E3,-2.5,below primo,-9,-14,none,not assessed,short,step,1,no,3,middle,no,no,no,
Kabalevsky T07,1,17,3,D3,50,i,Bozeman baritone midpoint,0.357,open,E3,-2.5,below primo,-9,-14,none,not assessed,short,repeated,0,no,3,middle,no,no,no,
Kabalevsky T07,1,17,4,D#3,51,u,Bozeman baritone midpoint,0.536,open,E3,-1.5,below primo,-8,-13,none,not assessed,short,step,1,no,3,middle,no,no,no,
Kabalevsky T07,1,17,5.5,F3,53,u,Bozeman baritone midpoint,0.179,close,E3,0.5,below primo,-6,-11,none,not assessed,short,step,2,no,3,middle,no,no,no,turning pitch 0 to 2 st below
Kabalevsky T07,1,17,6,F#3,54,ɨ,derived from Bozeman baritone,0.179,open,A#3,-3.89,below primo,-5,-10,none,not assessed,short,step,1,no,3,middle,no,no,no,
Kabalevsky T07,1,17,6.5,A#3,58,ɑ,Bozeman baritone midpoint,0.179,open,D#4,-4.5,below primo,-1,-6,none,not assessed,short,leap-up,4,no,3,middle,no,no,no,
Kabalevsky T07,1,18,1,C4,60,ɑ,Bozeman baritone midpoint,1.071,open,D#4,-2.5,inside,1,-4,none,not assessed,short,step,2,no,3,middle,no,no,no,
Kabalevsky T07,1,18,4,C4,60,ɑ,Bozeman baritone midpoint,0.714,open,D#4,-2.5,inside,1,-4,none,not assessed,short,tie,0,no,3,middle,no,no,no,
Kabalevsky T07,1,18,6,C4,60,o,Bozeman baritone midpoint,0.357,close,C4,0.5,inside,1,-4,none,not assessed,short,repeated,0,no,3,middle,no,no,no,turning pitch 0 to 2 st below
Kabalevsky T07,1,19,1,C#4,61,o,Bozeman baritone midpoint,0.536,close,C4,1.5,inside,2,-3,none,not assessed,short,step,1,no,3,middle,yes,no,no,highest of phrase; turning pitch 0 to 2 st below
Kabalevsky T07,1,19,2.5,C4,60,ʌ,derived from Bozeman baritone,0.179,open,D#4,-2.5,inside,1,-4,none,not assessed,short,step,-1,no,3,middle,no,no,no,
Kabalevsky T07,1,19,3,A#3,58,ʌ,derived from Bozeman baritone,0.179,open,D#4,-4.5,below primo,-1,-6,none,not assessed,short,step,-2,no,3,middle,no,no,no,
Kabalevsky T07,1,19,3.5,G#3,56,ɑ,Bozeman baritone midpoint,0.179,open,D#4,-6.5,below primo,-3,-8,none,not assessed,short,step,-2,no,3,middle,no,no,no,
Kabalevsky T07,1,19,4,A#3,58,o,Bozeman baritone midpoint,0.536,open,C4,-1.5,below primo,-1,-6,none,not assessed,short,step,2,no,3,middle,no,no,no,
Kabalevsky T07,1,19,5.5,G#3,56,ɑ,Bozeman baritone midpoint,0.179,open,D#4,-6.5,below primo,-3,-8,none,not assessed,short,step,-2,no,3,middle,no,no,no,
Kabalevsky T07,1,19,6,F#3,54,ɨ,derived from Bozeman baritone,0.179,open,A#3,-3.89,below primo,-5,-10,none,not assessed,short,step,-2,no,3,middle,no,no,no,
Kabalevsky T07,1,19,6.5,F3,53,ɪ,derived from Bozeman baritone,0.179,open,C4,-7.04,below primo,-6,-11,3,not assessed,short,step,-1,no,3,middle,no,no,no,
Kabalevsky T07,1,20,1,F#3,54,u,Bozeman baritone midpoint,0.714,close,E3,1.5,below primo,-5,-10,none,not assessed,short,step,1,no,3,middle,no,no,no,turning pitch 0 to 2 st below
Kabalevsky T07,1,20,3,F#3,54,i,Bozeman baritone midpoint,0.357,close,E3,1.5,below primo,-5,-10,none,not assessed,short,repeated,0,no,3,last,no,no,no,turning pitch 0 to 2 st below
Kabalevsky T07,1,20,6,F#3,54,u,Bozeman baritone midpoint,0.357,close,E3,1.5,below primo,-5,-10,none,not assessed,short,repeated,0,yes,4,first,no,no,no,turning pitch 0 to 2 st below
Kabalevsky T07,1,21,1,F3,53,o,Bozeman baritone midpoint,0.536,open,C4,-6.5,below primo,-6,-11,none,not assessed,short,step,-1,no,4,middle,no,no,no,
Kabalevsky T07,1,21,2.5,F3,53,ʌ,derived from Bozeman baritone,0.179,open,D#4,-9.5,below primo,-6,-11,none,not assessed,short,repeated,0,no,4,middle,no,no,no,
Kabalevsky T07,1,21,3,F3,53,ʌ,derived from Bozeman baritone,0.179,open,D#4,-9.5,below primo,-6,-11,none,not assessed,short,repeated,0,no,4,middle,no,no,no,
Kabalevsky T07,1,21,3.5,F3,53,i,Bozeman baritone midpoint,0.179,close,E3,0.5,below primo,-6,-11,none,not assessed,short,repeated,0,no,4,middle,no,no,no,turning pitch 0 to 2 st below
Kabalevsky T07,1,21,4,A#3,58,o,Bozeman baritone midpoint,0.536,open,C4,-1.5,below primo,-1,-6,none,not assessed,short,leap-up,5,no,4,middle,yes,no,no,highest of phrase
Kabalevsky T07,1,21,5.5,F#3,54,ɪ,derived from Bozeman baritone,0.179,open,C4,-6.04,below primo,-5,-10,none,not assessed,short,leap-down,-4,no,4,middle,no,no,no,
Kabalevsky T07,1,21,6,F#3,54,u,Bozeman baritone midpoint,0.179,close,E3,1.5,below primo,-5,-10,none,not assessed,short,repeated,0,no,4,middle,no,no,no,turning pitch 0 to 2 st below
Kabalevsky T07,1,21,6.5,F#3,54,u,Bozeman baritone midpoint,0.179,close,E3,1.5,below primo,-5,-10,none,not assessed,short,repeated,0,no,4,middle,no,no,no,turning pitch 0 to 2 st below
Kabalevsky T07,1,22,1,F3,53,ɑ,Bozeman baritone midpoint,1.071,open,D#4,-9.5,below primo,-6,-11,none,not assessed,short,step,-1,no,4,middle,no,no,no,
Kabalevsky T07,1,22,4,F3,53,ɑ,Bozeman baritone midpoint,0.357,open,D#4,-9.5,below primo,-6,-11,none,not assessed,short,tie,0,no,4,last,no,no,no,
Kabalevsky T07,1,29,6,G#3,56,i,Bozeman baritone midpoint,0.357,close,E3,3.5,below primo,-3,-8,none,not assessed,short,leap-up,3,yes,5,first,no,no,no,
Kabalevsky T07,1,30,1,G#3,56,u,Bozeman baritone midpoint,0.714,close,E3,3.5,below primo,-3,-8,none,not assessed,short,repeated,0,no,5,middle,no,no,no,
Kabalevsky T07,1,30,3,F3,53,ɑ,Bozeman baritone midpoint,0.357,open,D#4,-9.5,below primo,-6,-11,none,not assessed,short,leap-down,-3,no,5,middle,no,no,no,
Kabalevsky T07,1,30,4,F3,53,ɪ,derived from Bozeman baritone,0.714,open,C4,-7.04,below primo,-6,-11,3,not assessed,short,repeated,0,no,5,middle,no,no,no,
Kabalevsky T07,1,30,6,G#3,56,ɑ,Bozeman baritone midpoint,0.357,open,D#4,-6.5,below primo,-3,-8,none,not assessed,short,leap-up,3,no,5,middle,no,no,no,
Kabalevsky T07,1,31,1,C#4,61,u,Bozeman baritone midpoint,0.714,close,E3,8.5,inside,2,-3,none,not assessed,short,leap-up,5,no,5,middle,no,no,no,
Kabalevsky T07,1,31,3,C4,60,ɨ,derived from Bozeman baritone,0.357,close,A#3,2.11,inside,1,-4,none,not assessed,short,step,-1,no,5,middle,no,no,no,
Kabalevsky T07,1,31,4,A#3,58,ɪ,derived from Bozeman baritone,0.714,open,C4,-2.04,below primo,-1,-6,none,not assessed,short,step,-2,no,5,middle,no,no,no,
Kabalevsky T07,1,31,6,F3,53,ʌ,derived from Bozeman baritone,0.357,open,D#4,-9.5,below primo,-6,-11,none,not assessed,short,leap-down,-5,no,5,middle,no,no,no,
Kabalevsky T07,1,32,1,F#3,54,u,Bozeman baritone midpoint,0.714,close,E3,1.5,below primo,-5,-10,none,not assessed,short,step,1,no,5,middle,no,no,no,turning pitch 0 to 2 st below
Kabalevsky T07,1,32,3,F3,53,u,Bozeman baritone midpoint,0.357,close,E3,0.5,below primo,-6,-11,none,not assessed,short,step,-1,no,5,middle,no,no,no,turning pitch 0 to 2 st below
Kabalevsky T07,1,32,4,D#3,51,ɨ,derived from Bozeman baritone,0.536,open,A#3,-6.89,below primo,-8,-13,3,not assessed,short,step,-2,no,5,middle,no,no,no,
Kabalevsky T07,1,32,5.5,F#3,54,u,Bozeman baritone midpoint,0.179,close,E3,1.5,below primo,-5,-10,none,not assessed,short,leap-up,3,no,5,middle,no,no,no,turning pitch 0 to 2 st below
Kabalevsky T07,1,32,6,F#3,54,ɑ,Bozeman baritone midpoint,0.179,open,D#4,-8.5,below primo,-5,-10,none,not assessed,short,repeated,0,no,5,middle,no,no,no,
Kabalevsky T07,1,32,6.5,F#3,54,u,Bozeman baritone midpoint,0.179,close,E3,1.5,below primo,-5,-10,none,not assessed,short,repeated,0,no,5,middle,no,no,no,turning pitch 0 to 2 st below
Kabalevsky T07,1,33,1,F3,53,o,Bozeman baritone midpoint,0.714,open,C4,-6.5,below primo,-6,-11,none,not assessed,short,step,-1,no,5,middle,no,no,no,
Kabalevsky T07,1,33,3,F3,53,i,Bozeman baritone midpoint,0.357,close,E3,0.5,below primo,-6,-11,none,not assessed,short,repeated,0,no,5,middle,no,no,no,turning pitch 0 to 2 st below
Kabalevsky T07,1,33,4,C4,60,o,Bozeman baritone midpoint,0.536,close,C4,0.5,inside,1,-4,none,not assessed,short,leap-up,7,no,5,middle,no,no,no,turning pitch 0 to 2 st below
Kabalevsky T07,1,33,5.5,F3,53,ʌ,derived from Bozeman baritone,0.179,open,D#4,-9.5,below primo,-6,-11,none,not assessed,short,leap-down,-7,no,5,middle,no,no,no,
Kabalevsky T07,1,33,6,F3,53,ʌ,derived from Bozeman baritone,0.179,open,D#4,-9.5,below primo,-6,-11,none,not assessed,short,repeated,0,no,5,middle,no,no,no,
Kabalevsky T07,1,33,6.5,F3,53,ɑ,Bozeman baritone midpoint,0.179,open,D#4,-9.5,below primo,-6,-11,none,not assessed,short,repeated,0,no,5,middle,no,no,no,
Kabalevsky T07,1,34,1,A#3,58,u,Bozeman baritone midpoint,1.071,close,E3,5.5,below primo,-1,-6,none,not assessed,short,leap-up,5,no,5,middle,no,no,no,
Kabalevsky T07,1,34,4,A#3,58,u,Bozeman baritone midpoint,0.714,close,E3,5.5,below primo,-1,-6,none,not assessed,short,tie,0,no,5,middle,no,no,no,
Kabalevsky T07,1,34,6,A#3,58,ɑ,Bozeman baritone midpoint,0.357,open,D#4,-4.5,below primo,-1,-6,none,not assessed,short,repeated,0,no,5,middle,no,no,no,
Kabalevsky T07,1,35,1,C#4,61,u,Bozeman baritone midpoint,0.714,close,E3,8.5,inside,2,-3,none,not assessed,short,leap-up,3,no,5,middle,no,no,no,
Kabalevsky T07,1,35,3,C4,60,ʌ,derived from Bozeman baritone,0.357,open,D#4,-2.5,inside,1,-4,none,not assessed,short,step,-1,no,5,middle,no,no,no,
Kabalevsky T07,1,35,4,A#3,58,ɑ,Bozeman baritone midpoint,0.357,open,D#4,-4.5,below primo,-1,-6,none,not assessed,short,step,-2,no,5,middle,no,no,no,
Kabalevsky T07,1,35,5,G#3,56,ɑ,Bozeman baritone midpoint,0.357,open,D#4,-6.5,below primo,-3,-8,none,not assessed,short,step,-2,no,5,middle,no,no,no,
Kabalevsky T07,1,35,6,F#3,54,ɑ,Bozeman baritone midpoint,0.357,open,D#4,-8.5,below primo,-5,-10,none,not assessed,short,step,-2,no,5,middle,no,no,no,
Kabalevsky T07,1,36,1,F3,53,ɛ,Bozeman baritone midpoint,0.714,open,D4,-8.5,below primo,-6,-11,none,not assessed,short,step,-1,no,5,middle,no,no,no,
Kabalevsky T07,1,36,3,A3,57,i,Bozeman baritone midpoint,0.357,close,E3,4.5,below primo,-2,-7,none,not assessed,short,leap-up,4,no,5,middle,no,no,no,
Kabalevsky T07,1,36,4,C4,60,o,Bozeman baritone midpoint,0.714,close,C4,0.5,inside,1,-4,none,not assessed,short,leap-up,3,no,5,middle,no,no,no,turning pitch 0 to 2 st below
Kabalevsky T07,1,36,6,D#4,63,ʌ,derived from Bozeman baritone,0.357,close,D#4,0.5,inside,4,-1,none,not assessed,short,leap-up,3,no,5,middle,yes,yes,yes,highest of phrase; turning pitch 0 to 2 st below
Kabalevsky T07,1,37,1,C#4,61,u,Bozeman baritone midpoint,0.714,close,E3,8.5,inside,2,-3,none,not assessed,short,step,-2,no,5,middle,no,no,no,
Kabalevsky T07,1,37,3,C4,60,u,Bozeman baritone midpoint,0.357,close,E3,7.5,inside,1,-4,none,not assessed,short,step,-1,no,5,middle,no,no,no,
Kabalevsky T07,1,37,4,A#3,58,ɨ,derived from Bozeman baritone,0.714,close,A#3,0.11,below primo,-1,-6,none,not assessed,short,step,-2,no,5,middle,no,no,no,turning pitch 0 to 2 st below
Kabalevsky T07,1,37,6,C#4,61,ɑ,Bozeman baritone midpoint,0.357,open,D#4,-1.5,inside,2,-3,none,not assessed,short,leap-up,3,no,5,middle,no,no,no,
Kabalevsky T07,1,38,1,C4,60,i,Bozeman baritone midpoint,0.536,close,E3,7.5,inside,1,-4,none,not assessed,short,step,-1,no,5,middle,no,no,no,
Kabalevsky T07,1,38,2.5,F3,53,ʌ,derived from Bozeman baritone,0.179,open,D#4,-9.5,below primo,-6,-11,none,not assessed,short,leap-down,-7,no,5,middle,no,no,no,
Kabalevsky T07,1,38,3,F3,53,i,Bozeman baritone midpoint,0.179,close,E3,0.5,below primo,-6,-11,none,not assessed,short,repeated,0,no,5,middle,no,no,no,turning pitch 0 to 2 st below
Kabalevsky T07,1,38,3.5,F3,53,i,Bozeman baritone midpoint,0.179,close,E3,0.5,below primo,-6,-11,none,not assessed,short,repeated,0,no,5,middle,no,no,no,turning pitch 0 to 2 st below
Kabalevsky T07,1,38,4,C4,60,e,Bozeman baritone midpoint,0.536,close,C4,0.5,inside,1,-4,none,not assessed,short,leap-up,7,no,5,middle,no,no,no,turning pitch 0 to 2 st below
Kabalevsky T07,1,38,5.5,G#3,56,i,Bozeman baritone midpoint,0.179,close,E3,3.5,below primo,-3,-8,none,not assessed,short,leap-down,-4,no,5,middle,no,no,no,
Kabalevsky T07,1,38,6,G#3,56,i,Bozeman baritone midpoint,0.179,close,E3,3.5,below primo,-3,-8,none,not assessed,short,repeated,0,no,5,middle,no,no,no,
Kabalevsky T07,1,38,6.5,G#3,56,ɑ,Bozeman baritone midpoint,0.179,open,D#4,-6.5,below primo,-3,-8,none,not assessed,short,repeated,0,no,5,middle,no,no,no,
Kabalevsky T07,1,39,1,C#4,61,u,Bozeman baritone midpoint,0.714,close,E3,8.5,inside,2,-3,none,not assessed,short,leap-up,5,no,5,middle,no,no,no,
Kabalevsky T07,1,39,3,C#4,61,u,Bozeman baritone midpoint,0.357,close,E3,8.5,inside,2,-3,none,not assessed,short,tie,0,no,5,last,no,no,no,
Kabalevsky T07,1,44,4,C#4,61,ɑ,Bozeman baritone midpoint,0.357,open,D#4,-1.5,inside,2,-3,none,not assessed,short,repeated,0,yes,6,first,no,no,no,
Kabalevsky T07,1,44,5,A3,57,ʌ,derived from Bozeman baritone,0.357,open,D#4,-5.5,below primo,-2,-7,none,not assessed,short,leap-down,-4,no,6,middle,no,no,no,
Kabalevsky T07,1,44,6,G#3,56,ɑ,Bozeman baritone midpoint,0.357,open,D#4,-6.5,below primo,-3,-8,none,not assessed,short,step,-1,no,6,middle,no,no,no,
Kabalevsky T07,1,45,1,F#3,54,i,Bozeman baritone midpoint,0.714,close,E3,1.5,below primo,-5,-10,none,not assessed,short,step,-2,no,6,middle,no,no,no,turning pitch 0 to 2 st below
Kabalevsky T07,1,45,3,G#3,56,ɑ,Bozeman baritone midpoint,0.357,open,D#4,-6.5,below primo,-3,-8,none,not assessed,short,step,2,no,6,middle,no,no,no,
Kabalevsky T07,1,45,4,A3,57,ɑ,Bozeman baritone midpoint,0.714,open,D#4,-5.5,below primo,-2,-7,none,not assessed,short,step,1,no,6,middle,no,no,no,
Kabalevsky T07,1,45,6,C#4,61,ɪ,derived from Bozeman baritone,0.357,close,C4,0.96,inside,2,-3,none,not assessed,short,leap-up,4,no,6,middle,no,no,no,turning pitch 0 to 2 st below
Kabalevsky T07,1,46,1,D4,62,u,Bozeman baritone midpoint,0.714,close,E3,9.5,inside,3,-2,none,not assessed,short,step,1,no,6,middle,yes,no,no,highest of phrase
Kabalevsky T07,1,46,3,A3,57,ɑ,Bozeman baritone midpoint,0.357,open,D#4,-5.5,below primo,-2,-7,none,not assessed,short,leap-down,-5,no,6,middle,no,no,no,
Kabalevsky T07,1,46,4,A3,57,e,Bozeman baritone midpoint,0.714,open,C4,-2.5,below primo,-2,-7,none,not assessed,short,repeated,0,no,6,middle,no,no,no,
Kabalevsky T07,1,46,6,A3,57,ɪ,derived from Bozeman baritone,0.357,open,C4,-3.04,below primo,-2,-7,none,not assessed,short,repeated,0,no,6,last,no,no,no,
Kabalevsky T07,1,47,4,A3,57,o,Bozeman baritone midpoint,0.357,open,C4,-2.5,below primo,-2,-7,none,not assessed,short,repeated,0,yes,7,first,no,no,no,
Kabalevsky T07,1,47,5,G#3,56,ʌ,derived from Bozeman baritone,0.357,open,D#4,-6.5,below primo,-3,-8,none,not assessed,short,step,-1,no,7,middle,no,no,no,
Kabalevsky T07,1,47,6,A3,57,i,Bozeman baritone midpoint,0.357,close,E3,4.5,below primo,-2,-7,none,not assessed,short,step,1,no,7,middle,no,no,no,
Kabalevsky T07,1,47,7,B3,59,o,Bozeman baritone midpoint,0.714,open,C4,-0.5,inside,0,-5,none,not assessed,short,step,2,no,7,middle,yes,no,no,highest of phrase
Kabalevsky T07,1,47,9,A3,57,ɨ,derived from Bozeman baritone,0.357,open,A#3,-0.89,below primo,-2,-7,none,not assessed,short,step,-2,no,7,middle,no,no,no,
Kabalevsky T07,1,48,1,G#3,56,u,Bozeman baritone midpoint,1.071,close,E3,3.5,below primo,-3,-8,none,not assessed,short,step,-1,no,7,middle,no,no,no,
Kabalevsky T07,1,48,4,G#3,56,u,Bozeman baritone midpoint,0.357,close,E3,3.5,below primo,-3,-8,none,not assessed,short,tie,0,no,7,last,no,no,no,
Kabalevsky T07,1,48,6,F3,53,ɑ,Bozeman baritone midpoint,0.357,open,D#4,-9.5,below primo,-6,-11,none,not assessed,short,leap-down,-3,yes,8,first,yes,no,no,highest of phrase
Kabalevsky T07,1,49,1,F3,53,o,Bozeman baritone midpoint,1.071,open,C4,-6.5,below primo,-6,-11,none,not assessed,short,repeated,0,no,8,middle,yes,no,no,highest of phrase
Kabalevsky T07,1,49,4,F3,53,o,Bozeman baritone midpoint,0.714,open,C4,-6.5,below primo,-6,-11,none,not assessed,short,tie,0,no,8,middle,yes,no,no,highest of phrase
Kabalevsky T07,1,49,6,C3,48,ɪ,derived from Bozeman baritone,0.357,open,C4,-12.04,below primo,-11,-16,4,not assessed,short,leap-down,-5,no,8,middle,no,no,no,
Kabalevsky T07,1,50,1,C#3,49,e,Bozeman baritone midpoint,1.071,open,C4,-10.5,below primo,-10,-15,none,not assessed,short,step,1,no,8,middle,no,no,no,
Kabalevsky T07,1,50,4,C#3,49,e,Bozeman baritone midpoint,0.714,open,C4,-10.5,below primo,-10,-15,none,not assessed,short,tie,0,no,8,middle,no,no,no,
Kabalevsky T07,1,50,6,C#3,49,i,Bozeman baritone midpoint,0.357,open,E3,-3.5,below primo,-10,-15,none,not assessed,short,repeated,0,no,8,last,no,no,no,
Kabalevsky T08,2,1,3.5,F3,53,ɨ,derived from Bozeman baritone,0.455,open,A#3,-4.89,below primo,-6,-11,none,not assessed,short,first note,,,0,first,no,no,no,
Kabalevsky T08,2,1,4,E3,52,o,Bozeman baritone midpoint,0.455,open,C4,-7.5,below primo,-7,-12,3,not assessed,short,step,-1,no,0,middle,no,no,no,
Kabalevsky T08,2,1,4.5,G3,55,u,Bozeman baritone midpoint,0.455,close,E3,2.5,below primo,-4,-9,none,not assessed,short,leap-up,3,no,0,middle,no,no,no,
Kabalevsky T08,2,2,1,F3,53,i,Bozeman baritone midpoint,0.455,close,E3,0.5,below primo,-6,-11,none,not assessed,short,step,-2,no,0,middle,no,no,no,turning pitch 0 to 2 st below
Kabalevsky T08,2,2,1.5,D3,50,ɑ,Bozeman baritone midpoint,0.455,open,D#4,-12.5,below primo,-9,-14,none,not assessed,short,leap-down,-3,no,0,middle,no,no,no,
Kabalevsky T08,2,2,2,D3,50,ɑ,Bozeman baritone midpoint,0.455,open,D#4,-12.5,below primo,-9,-14,none,not assessed,short,repeated,0,no,0,middle,no,no,no,
Kabalevsky T08,2,2,2.5,F3,53,u,Bozeman baritone midpoint,0.455,close,E3,0.5,below primo,-6,-11,none,not assessed,short,leap-up,3,no,0,middle,no,no,no,turning pitch 0 to 2 st below
Kabalevsky T08,2,2,3,A#3,58,o,Bozeman baritone midpoint,1.364,open,C4,-1.5,below primo,-1,-6,none,not assessed,short,leap-up,5,no,0,middle,no,no,no,
Kabalevsky T08,2,2,4.5,A3,57,ɑ,Bozeman baritone midpoint,0.455,open,D#4,-5.5,below primo,-2,-7,none,not assessed,short,step,-1,no,0,middle,no,no,no,
Kabalevsky T08,2,3,1,G3,55,ɛ,Bozeman baritone midpoint,1.818,open,D4,-6.5,below primo,-4,-9,none,not assessed,short,step,-2,no,0,middle,no,no,no,
Kabalevsky T08,2,3,3,G3,55,ɛ,Bozeman baritone midpoint,0.455,open,D4,-6.5,below primo,-4,-9,none,not assessed,short,tie,0,no,0,middle,no,no,no,
Kabalevsky T08,2,3,3.5,G3,55,ɑ,Bozeman baritone midpoint,0.455,open,D#4,-7.5,below primo,-4,-9,3,not assessed,short,repeated,0,no,0,middle,no,no,no,
Kabalevsky T08,2,3,4,A3,57,u,Bozeman baritone midpoint,0.455,close,E3,4.5,below primo,-2,-7,none,not assessed,short,step,2,no,0,middle,no,no,no,
Kabalevsky T08,2,3,4.5,A#3,58,ɑ,Bozeman baritone midpoint,0.455,open,D#4,-4.5,below primo,-1,-6,none,not assessed,short,step,1,no,0,middle,no,no,no,
Kabalevsky T08,2,4,1,C4,60,o,Bozeman baritone midpoint,1.364,close,C4,0.5,inside,1,-4,none,not assessed,short,step,2,no,0,middle,yes,no,no,highest of phrase; turning pitch 0 to 2 st below
Kabalevsky T08,2,4,2.5,G3,55,i,Bozeman baritone midpoint,0.455,close,E3,2.5,below primo,-4,-9,none,not assessed,short,leap-down,-5,no,0,middle,no,no,no,
Kabalevsky T08,2,4,3,C4,60,ɑ,Bozeman baritone midpoint,0.455,open,D#4,-2.5,inside,1,-4,none,not assessed,short,leap-up,5,no,0,middle,yes,no,no,highest of phrase
Kabalevsky T08,2,4,3.5,A#3,58,ɨ,derived from Bozeman baritone,0.455,close,A#3,0.11,below primo,-1,-6,none,not assessed,short,step,-2,no,0,middle,no,no,no,turning pitch 0 to 2 st below
Kabalevsky T08,2,4,4,A3,57,i,Bozeman baritone midpoint,0.455,close,E3,4.5,below primo,-2,-7,none,not assessed,short,step,-1,no,0,middle,no,no,no,
Kabalevsky T08,2,4,4.5,G3,55,ɨ,derived from Bozeman baritone,0.455,open,A#3,-2.89,below primo,-4,-9,none,not assessed,short,step,-2,no,0,middle,no,no,no,
Kabalevsky T08,2,5,1,A3,57,e,Bozeman baritone midpoint,1.818,open,C4,-2.5,below primo,-2,-7,none,not assessed,short,step,2,no,0,middle,no,no,no,
Kabalevsky T08,2,5,3,A3,57,e,Bozeman baritone midpoint,0.455,open,C4,-2.5,below primo,-2,-7,none,not assessed,short,tie,0,no,0,middle,no,no,no,
Kabalevsky T08,2,5,3.5,F3,53,ɪ,derived from Bozeman baritone,0.455,open,C4,-7.04,below primo,-6,-11,3,not assessed,short,leap-down,-4,no,0,middle,no,no,no,
Kabalevsky T08,2,5,4,A3,57,ʌ,derived from Bozeman baritone,0.455,open,D#4,-5.5,below primo,-2,-7,none,not assessed,short,leap-up,4,no,0,middle,no,no,no,
Kabalevsky T08,2,5,4.5,C4,60,i,Bozeman baritone midpoint,0.455,close,E3,7.5,inside,1,-4,none,not assessed,short,leap-up,3,no,0,middle,yes,no,no,highest of phrase
Kabalevsky T08,2,6,1,A#3,58,i,Bozeman baritone midpoint,0.455,close,E3,5.5,below primo,-1,-6,none,not assessed,short,step,-2,no,0,middle,no,no,no,
Kabalevsky T08,2,6,1.5,G3,55,o,Bozeman baritone midpoint,0.455,open,C4,-4.5,below primo,-4,-9,none,not assessed,short,leap-down,-3,no,0,middle,no,no,no,
Kabalevsky T08,2,6,2,F3,53,ɛ,Bozeman baritone midpoint,0.455,open,D4,-8.5,below primo,-6,-11,none,not assessed,short,step,-2,no,0,middle,no,no,no,
Kabalevsky T08,2,6,2.5,D#3,51,ʌ,derived from Bozeman baritone,0.455,open,D#4,-11.5,below primo,-8,-13,4,not assessed,short,step,-2,no,0,middle,no,no,no,
Kabalevsky T08,2,6,3,G3,55,i,Bozeman baritone midpoint,1.364,close,E3,2.5,below primo,-4,-9,none,not assessed,short,leap-up,4,no,0,middle,no,no,no,
Kabalevsky T08,2,6,4.5,D3,50,ɨ,derived from Bozeman baritone,0.455,open,A#3,-7.89,below primo,-9,-14,none,not assessed,short,leap-down,-5,no,0,middle,no,no,no,
Kabalevsky T08,2,7,1,G3,55,ɛ,Bozeman baritone midpoint,1.818,open,D4,-6.5,below primo,-4,-9,none,not assessed,short,leap-up,5,no,0,middle,no,no,no,
Kabalevsky T08,2,7,3,G3,55,ɛ,Bozeman baritone midpoint,0.455,open,D4,-6.5,below primo,-4,-9,none,not assessed,short,tie,0,no,0,middle,no,no,no,
Kabalevsky T08,2,7,3.5,C3,48,ɑ,Bozeman baritone midpoint,0.455,open,D#4,-14.5,below primo,-11,-16,none,not assessed,short,leap-down,-7,no,0,middle,no,no,no,
Kabalevsky T08,2,7,4,D#3,51,ʌ,derived from Bozeman baritone,0.455,open,D#4,-11.5,below primo,-8,-13,4,not assessed,short,leap-up,3,no,0,middle,no,no,no,
Kabalevsky T08,2,7,4.5,G3,55,i,Bozeman baritone midpoint,0.455,close,E3,2.5,below primo,-4,-9,none,not assessed,short,leap-up,4,no,0,middle,no,no,no,
Kabalevsky T08,2,8,1,A3,57,ɑ,Bozeman baritone midpoint,1.364,open,D#4,-5.5,below primo,-2,-7,none,not assessed,short,step,2,no,0,middle,no,no,no,
Kabalevsky T08,2,8,2.5,G3,55,ɑ,Bozeman baritone midpoint,0.455,open,D#4,-7.5,below primo,-4,-9,3,not assessed,short,step,-2,no,0,middle,no,no,no,
Kabalevsky T08,2,8,3,F3,53,i,Bozeman baritone midpoint,0.455,close,E3,0.5,below primo,-6,-11,none,not assessed,short,step,-2,no,0,middle,no,no,no,turning pitch 0 to 2 st below
Kabalevsky T08,2,8,3.5,G3,55,ɨ,derived from Bozeman baritone,0.455,open,A#3,-2.89,below primo,-4,-9,none,not assessed,short,step,2,no,0,middle,no,no,no,
Kabalevsky T08,2,8,4,A3,57,i,Bozeman baritone midpoint,0.455,close,E3,4.5,below primo,-2,-7,none,not assessed,short,step,2,no,0,middle,no,no,no,
Kabalevsky T08,2,8,4.5,C4,60,ɪ,derived from Bozeman baritone,0.455,open,C4,-0.04,inside,1,-4,none,not assessed,short,leap-up,3,no,0,middle,yes,no,no,highest of phrase
Kabalevsky T08,2,9,1,A#3,58,e,Bozeman baritone midpoint,1.818,open,C4,-1.5,below primo,-1,-6,none,not assessed,short,step,-2,no,0,middle,no,no,no,
Kabalevsky T08,2,9,3,A#3,58,e,Bozeman baritone midpoint,0.455,open,C4,-1.5,below primo,-1,-6,none,not assessed,short,tie,0,no,0,last,no,no,no,
Kabalevsky T08,2,9,4.5,A#3,58,i,Bozeman baritone midpoint,0.455,close,E3,5.5,below primo,-1,-6,none,not assessed,short,repeated,0,yes,1,first,no,no,no,
Kabalevsky T08,2,10,1,A#3,58,ɛ,Bozeman baritone midpoint,0.455,open,D4,-3.5,below primo,-1,-6,none,not assessed,short,repeated,0,no,1,middle,no,no,no,
Kabalevsky T08,2,10,1.5,G3,55,i,Bozeman baritone midpoint,0.455,close,E3,2.5,below primo,-4,-9,none,not assessed,short,leap-down,-3,no,1,middle,no,no,no,
Kabalevsky T08,2,10,2,G3,55,i,Bozeman baritone midpoint,0.455,close,E3,2.5,below primo,-4,-9,none,not assessed,short,repeated,0,no,1,middle,no,no,no,
Kabalevsky T08,2,10,2.5,A#3,58,i,Bozeman baritone midpoint,0.455,close,E3,5.5,below primo,-1,-6,none,not assessed,short,leap-up,3,no,1,middle,no,no,no,
Kabalevsky T08,2,10,3,D#4,63,o,Bozeman baritone midpoint,0.455,close,C4,3.5,inside,4,-1,none,not assessed,short,leap-up,5,no,1,middle,yes,yes,yes,highest of phrase
Kabalevsky T08,2,10,3.5,D4,62,ɨ,derived from Bozeman baritone,0.455,close,A#3,4.11,inside,3,-2,none,not assessed,short,step,-1,no,1,middle,no,no,no,
Kabalevsky T08,2,10,4,D4,62,o,Bozeman baritone midpoint,0.455,close,C4,2.5,inside,3,-2,none,not assessed,short,repeated,0,no,1,middle,no,no,no,
Kabalevsky T08,2,10,4.5,D#4,63,ɑ,Bozeman baritone midpoint,0.455,close,D#4,0.5,inside,4,-1,none,not assessed,short,step,1,no,1,middle,yes,yes,yes,highest of phrase; turning pitch 0 to 2 st below
Kabalevsky T08,2,11,1,C4,60,ɛ,Bozeman baritone midpoint,1.818,open,D4,-1.5,inside,1,-4,none,not assessed,short,leap-down,-3,no,1,middle,no,no,no,
Kabalevsky T08,2,11,3,C4,60,ɛ,Bozeman baritone midpoint,0.455,open,D4,-1.5,inside,1,-4,none,not assessed,short,tie,0,no,1,middle,no,no,no,
Kabalevsky T08,2,11,3.5,G3,55,ɨ,derived from Bozeman baritone,0.455,open,A#3,-2.89,below primo,-4,-9,none,not assessed,short,leap-down,-5,no,1,middle,no,no,no,
Kabalevsky T08,2,11,4,G3,55,ʌ,derived from Bozeman baritone,0.455,open,D#4,-7.5,below primo,-4,-9,3,not assessed,short,repeated,0,no,1,middle,no,no,no,
Kabalevsky T08,2,11,4.5,G3,55,u,Bozeman baritone midpoint,0.455,close,E3,2.5,below primo,-4,-9,none,not assessed,short,repeated,0,no,1,middle,no,no,no,
Kabalevsky T08,2,12,1,G#3,56,ɛ,Bozeman baritone midpoint,1.364,open,D4,-5.5,below primo,-3,-8,none,not assessed,short,step,1,no,1,middle,no,no,no,
Kabalevsky T08,2,12,2.5,G3,55,ɑ,Bozeman baritone midpoint,0.455,open,D#4,-7.5,below primo,-4,-9,3,not assessed,short,step,-1,no,1,middle,no,no,no,
Kabalevsky T08,2,12,3,C4,60,ɨ,derived from Bozeman baritone,0.455,close,A#3,2.11,inside,1,-4,none,not assessed,short,leap-up,5,no,1,middle,no,no,no,
Kabalevsky T08,2,12,3.5,G#3,56,ɨ,derived from Bozeman baritone,0.455,open,A#3,-1.89,below primo,-3,-8,none,not assessed,short,leap-down,-4,no,1,middle,no,no,no,
Kabalevsky T08,2,12,4,G#3,56,ɪ,derived from Bozeman baritone,0.455,open,C4,-4.04,below primo,-3,-8,none,not assessed,short,repeated,0,no,1,middle,no,no,no,
Kabalevsky T08,2,12,4.5,F3,53,ɑ,Bozeman baritone midpoint,0.455,open,D#4,-9.5,below primo,-6,-11,none,not assessed,short,leap-down,-3,no,1,middle,no,no,no,
Kabalevsky T08,2,13,1,G3,55,e,Bozeman baritone midpoint,1.818,open,C4,-4.5,below primo,-4,-9,none,not assessed,short,step,2,no,1,middle,no,no,no,
Kabalevsky T08,2,13,3,G3,55,e,Bozeman baritone midpoint,0.455,open,C4,-4.5,below primo,-4,-9,none,not assessed,short,tie,0,no,1,last,no,no,no,
Kabalevsky T08,2,13,3.5,G3,55,ɑ,Bozeman baritone midpoint,0.455,open,D#4,-7.5,below primo,-4,-9,3,not assessed,short,repeated,0,no,2,first,no,no,no,
Kabalevsky T08,2,13,4,B3,59,ɪ,derived from Bozeman baritone,0.455,open,C4,-1.04,inside,0,-5,none,not assessed,short,leap-up,4,no,2,middle,no,no,no,
Kabalevsky T08,2,13,4.5,D4,62,ɑ,Bozeman baritone midpoint,0.455,open,D#4,-0.5,inside,3,-2,none,not assessed,short,leap-up,3,no,2,middle,no,no,no,
Kabalevsky T08,2,14,1,C4,60,u,Bozeman baritone midpoint,1.364,close,E3,7.5,inside,1,-4,none,not assessed,short,step,-2,no,2,middle,no,no,no,
Kabalevsky T08,2,14,2.5,G#3,56,u,Bozeman baritone midpoint,0.455,close,E3,3.5,below primo,-3,-8,none,not assessed,short,leap-down,-4,no,2,middle,no,no,no,
Kabalevsky T08,2,14,3,G3,55,ɑ,Bozeman baritone midpoint,0.455,open,D#4,-7.5,below primo,-4,-9,3,not assessed,short,step,-1,no,2,middle,no,no,no,
Kabalevsky T08,2,14,3.5,G3,55,i,Bozeman baritone midpoint,0.455,close,E3,2.5,below primo,-4,-9,none,not assessed,short,repeated,0,no,2,middle,no,no,no,
Kabalevsky T08,2,14,4,B3,59,ɛ,Bozeman baritone midpoint,0.455,open,D4,-2.5,inside,0,-5,none,not assessed,short,leap-up,4,no,2,middle,no,no,no,
Kabalevsky T08,2,14,4.5,D4,62,ɨ,derived from Bozeman baritone,0.455,close,A#3,4.11,inside,3,-2,none,not assessed,short,leap-up,3,no,2,middle,no,no,no,
Kabalevsky T08,2,15,1,C4,60,ɛ,Bozeman baritone midpoint,1.818,open,D4,-1.5,inside,1,-4,none,not assessed,short,step,-2,no,2,middle,no,no,no,
Kabalevsky T08,2,15,3,C4,60,ɛ,Bozeman baritone midpoint,0.455,open,D4,-1.5,inside,1,-4,none,not assessed,short,tie,0,no,2,middle,no,no,no,
Kabalevsky T08,2,15,3.5,C4,60,ɑ,Bozeman baritone midpoint,0.455,open,D#4,-2.5,inside,1,-4,none,not assessed,short,repeated,0,no,2,middle,no,no,no,
Kabalevsky T08,2,15,4,D4,62,e,Bozeman baritone midpoint,0.455,close,C4,2.5,inside,3,-2,none,not assessed,short,step,2,no,2,middle,no,no,no,
Kabalevsky T08,2,15,4.5,D#4,63,u,Bozeman baritone midpoint,0.455,close,E3,10.5,inside,4,-1,none,not assessed,short,step,1,no,2,middle,yes,yes,yes,highest of phrase
Kabalevsky T08,2,16,1,D4,62,i,Bozeman baritone midpoint,1.364,close,E3,9.5,inside,3,-2,none,not assessed,short,step,-1,no,2,middle,no,no,no,
Kabalevsky T08,2,16,2.5,A3,57,ɨ,derived from Bozeman baritone,0.455,open,A#3,-0.89,below primo,-2,-7,none,not assessed,short,leap-down,-5,no,2,middle,no,no,no,
Kabalevsky T08,2,16,3,C4,60,ɑ,Bozeman baritone midpoint,0.455,open,D#4,-2.5,inside,1,-4,none,not assessed,short,leap-up,3,no,2,middle,no,no,no,
Kabalevsky T08,2,16,3.5,C4,60,ɑ,Bozeman baritone midpoint,0.455,open,D#4,-2.5,inside,1,-4,none,not assessed,short,repeated,0,no,2,middle,no,no,no,
Kabalevsky T08,2,16,4,D4,62,u,Bozeman baritone midpoint,0.455,close,E3,9.5,inside,3,-2,none,not assessed,short,step,2,no,2,middle,no,no,no,
Kabalevsky T08,2,16,4.5,D#4,63,ɑ,Bozeman baritone midpoint,0.455,close,D#4,0.5,inside,4,-1,none,not assessed,short,step,1,no,2,middle,yes,yes,yes,highest of phrase; turning pitch 0 to 2 st below
Kabalevsky T08,2,17,1,D4,62,e,Bozeman baritone midpoint,3.636,close,C4,2.5,inside,3,-2,none,not assessed,held,step,-1,no,2,middle,no,no,no,held
Kabalevsky T08,2,18,1,D4,62,e,Bozeman baritone midpoint,0.455,close,C4,2.5,inside,3,-2,none,not assessed,held,tie,0,no,2,last,no,no,no,held
Kabalevsky T08,2,18,3.5,F3,53,ɑ,Bozeman baritone midpoint,0.455,open,D#4,-9.5,below primo,-6,-11,none,not assessed,short,leap-down,-9,yes,3,first,no,no,no,
Kabalevsky T08,2,18,4,E3,52,ɪ,derived from Bozeman baritone,0.455,open,C4,-8.04,below primo,-7,-12,none,not assessed,short,step,-1,no,3,middle,no,no,no,
Kabalevsky T08,2,18,4.5,G3,55,ɑ,Bozeman baritone midpoint,0.455,open,D#4,-7.5,below primo,-4,-9,3,not assessed,short,leap-up,3,no,3,middle,no,no,no,
Kabalevsky T08,2,19,1,F3,53,u,Bozeman baritone midpoint,1.364,close,E3,0.5,below primo,-6,-11,none,not assessed,short,step,-2,no,3,middle,no,no,no,turning pitch 0 to 2 st below
Kabalevsky T08,2,19,2.5,D3,50,o,Bozeman baritone midpoint,0.455,open,C4,-9.5,below primo,-9,-14,none,not assessed,short,leap-down,-3,no,3,middle,no,no,no,
Kabalevsky T08,2,19,3,A#3,58,ɛ,Bozeman baritone midpoint,0.455,open,D4,-3.5,below primo,-1,-6,none,not assessed,short,leap-up,8,no,3,middle,no,no,no,
Kabalevsky T08,2,19,3.5,A3,57,ʌ,derived from Bozeman baritone,0.455,open,D#4,-5.5,below primo,-2,-7,none,not assessed,short,step,-1,no,3,middle,no,no,no,
Kabalevsky T08,2,19,4,A3,57,e,Bozeman baritone midpoint,0.455,open,C4,-2.5,below primo,-2,-7,none,not assessed,short,repeated,0,no,3,middle,no,no,no,
Kabalevsky T08,2,19,4.5,A#3,58,i,Bozeman baritone midpoint,0.455,close,E3,5.5,below primo,-1,-6,none,not assessed,short,step,1,no,3,middle,no,no,no,
Kabalevsky T08,2,20,1,G3,55,o,Bozeman baritone midpoint,1.818,open,C4,-4.5,below primo,-4,-9,none,not assessed,held,leap-down,-3,no,3,middle,no,no,no,held
Kabalevsky T08,2,20,3,G3,55,o,Bozeman baritone midpoint,1.364,open,C4,-4.5,below primo,-4,-9,none,not assessed,held,tie,0,no,3,middle,no,no,no,held
Kabalevsky T08,2,20,4.5,G3,55,i,Bozeman baritone midpoint,0.455,close,E3,2.5,below primo,-4,-9,none,not assessed,short,repeated,0,no,3,middle,no,no,no,
Kabalevsky T08,2,21,1,A3,57,ɑ,Bozeman baritone midpoint,0.455,open,D#4,-5.5,below primo,-2,-7,none,not assessed,short,step,2,no,3,middle,no,no,no,
Kabalevsky T08,2,21,1.5,A#3,58,ʌ,derived from Bozeman baritone,0.455,open,D#4,-4.5,below primo,-1,-6,none,not assessed,short,step,1,no,3,middle,no,no,no,
Kabalevsky T08,2,21,2,A3,57,ʌ,derived from Bozeman baritone,0.455,open,D#4,-5.5,below primo,-2,-7,none,not assessed,short,step,-1,no,3,middle,no,no,no,
Kabalevsky T08,2,21,2.5,G3,55,i,Bozeman baritone midpoint,0.455,close,E3,2.5,below primo,-4,-9,none,not assessed,short,step,-2,no,3,middle,no,no,no,
Kabalevsky T08,2,21,3,C4,60,ɑ,Bozeman baritone midpoint,0.455,open,D#4,-2.5,inside,1,-4,none,not assessed,short,leap-up,5,no,3,middle,yes,no,no,highest of phrase
Kabalevsky T08,2,21,3.5,A#3,58,ʌ,derived from Bozeman baritone,0.455,open,D#4,-4.5,below primo,-1,-6,none,not assessed,short,step,-2,no,3,middle,no,no,no,
Kabalevsky T08,2,21,4,A3,57,o,Bozeman baritone midpoint,0.455,open,C4,-2.5,below primo,-2,-7,none,not assessed,short,step,-1,no,3,middle,no,no,no,
Kabalevsky T08,2,21,4.5,G3,55,i,Bozeman baritone midpoint,0.455,close,E3,2.5,below primo,-4,-9,none,not assessed,short,step,-2,no,3,middle,no,no,no,
Kabalevsky T08,2,22,1,A3,57,o,Bozeman baritone midpoint,1.818,open,C4,-2.5,below primo,-2,-7,none,not assessed,short,step,2,no,3,middle,no,no,no,
Kabalevsky T08,2,22,3,A3,57,o,Bozeman baritone midpoint,0.455,open,C4,-2.5,below primo,-2,-7,none,not assessed,short,tie,0,no,3,middle,no,no,no,
Kabalevsky T08,2,22,3.5,F3,53,u,Bozeman baritone midpoint,0.455,close,E3,0.5,below primo,-6,-11,none,not assessed,short,leap-down,-4,no,3,middle,no,no,no,turning pitch 0 to 2 st below
Kabalevsky T08,2,22,4,A3,57,ɑ,Bozeman baritone midpoint,0.455,open,D#4,-5.5,below primo,-2,-7,none,not assessed,short,leap-up,4,no,3,middle,no,no,no,
Kabalevsky T08,2,22,4.5,C4,60,ɑ,Bozeman baritone midpoint,0.455,open,D#4,-2.5,inside,1,-4,none,not assessed,short,leap-up,3,no,3,middle,yes,no,no,highest of phrase
Kabalevsky T08,2,23,1,A#3,58,u,Bozeman baritone midpoint,1.364,close,E3,5.5,below primo,-1,-6,none,not assessed,short,step,-2,no,3,middle,no,no,no,
Kabalevsky T08,2,23,2.5,G3,55,ɑ,Bozeman baritone midpoint,0.455,open,D#4,-7.5,below primo,-4,-9,3,not assessed,short,leap-down,-3,no,3,middle,no,no,no,
Kabalevsky T08,2,23,3,F3,53,i,Bozeman baritone midpoint,0.455,close,E3,0.5,below primo,-6,-11,none,not assessed,short,step,-2,no,3,middle,no,no,no,turning pitch 0 to 2 st below
Kabalevsky T08,2,23,3.5,D#3,51,i,Bozeman baritone midpoint,0.455,open,E3,-1.5,below primo,-8,-13,none,not assessed,short,step,-2,no,3,middle,no,no,no,
Kabalevsky T08,2,23,4,G3,55,o,Bozeman baritone midpoint,0.455,open,C4,-4.5,below primo,-4,-9,none,not assessed,short,leap-up,4,no,3,middle,no,no,no,
Kabalevsky T08,2,23,4.5,D3,50,ɨ,derived from Bozeman baritone,0.455,open,A#3,-7.89,below primo,-9,-14,none,not assessed,short,leap-down,-5,no,3,middle,no,no,no,
Kabalevsky T08,2,24,1,G3,55,o,Bozeman baritone midpoint,1.818,open,C4,-4.5,below primo,-4,-9,none,not assessed,short,leap-up,5,no,3,middle,no,no,no,
Kabalevsky T08,2,24,3,G3,55,o,Bozeman baritone midpoint,0.455,open,C4,-4.5,below primo,-4,-9,none,not assessed,short,tie,0,no,3,middle,no,no,no,
Kabalevsky T08,2,24,3.5,C3,48,ɑ,Bozeman baritone midpoint,0.455,open,D#4,-14.5,below primo,-11,-16,none,not assessed,short,leap-down,-7,no,3,middle,no,no,no,
Kabalevsky T08,2,24,4,D#3,51,o,Bozeman baritone midpoint,0.455,open,C4,-8.5,below primo,-8,-13,none,not assessed,short,leap-up,3,no,3,middle,no,no,no,
Kabalevsky T08,2,24,4.5,G3,55,ɨ,derived from Bozeman baritone,0.455,open,A#3,-2.89,below primo,-4,-9,none,not assessed,short,leap-up,4,no,3,middle,no,no,no,
Kabalevsky T08,2,25,1,A3,57,ɑ,Bozeman baritone midpoint,0.455,open,D#4,-5.5,below primo,-2,-7,none,not assessed,short,step,2,no,3,middle,no,no,no,
Kabalevsky T08,2,25,1.5,G3,55,ɪ,derived from Bozeman baritone,0.455,open,C4,-5.04,below primo,-4,-9,none,not assessed,short,step,-2,no,3,middle,no,no,no,
Kabalevsky T08,2,25,2,F3,53,i,Bozeman baritone midpoint,0.455,close,E3,0.5,below primo,-6,-11,none,not assessed,short,step,-2,no,3,middle,no,no,no,turning pitch 0 to 2 st below
Kabalevsky T08,2,25,2.5,G3,55,ɑ,Bozeman baritone midpoint,0.455,open,D#4,-7.5,below primo,-4,-9,3,not assessed,short,step,2,no,3,middle,no,no,no,
Kabalevsky T08,2,25,3,A3,57,ɑ,Bozeman baritone midpoint,1.364,open,D#4,-5.5,below primo,-2,-7,none,not assessed,short,step,2,no,3,middle,no,no,no,
Kabalevsky T08,2,25,4.5,C4,60,u,Bozeman baritone midpoint,0.455,close,E3,7.5,inside,1,-4,none,not assessed,short,leap-up,3,no,3,middle,yes,no,no,highest of phrase
Kabalevsky T08,2,26,1,F3,53,o,Bozeman baritone midpoint,1.818,open,C4,-6.5,below primo,-6,-11,none,not assessed,short,leap-down,-7,no,3,middle,no,no,no,
Kabalevsky T08,2,26,3,F3,53,o,Bozeman baritone midpoint,0.455,open,C4,-6.5,below primo,-6,-11,none,not assessed,short,tie,0,no,3,last,no,no,no,
Kabalevsky T08,2,26,3.5,F3,53,ɑ,Bozeman baritone midpoint,0.455,open,D#4,-9.5,below primo,-6,-11,none,not assessed,short,repeated,0,no,4,first,no,no,no,
Kabalevsky T08,2,26,4,F3,53,ɪ,derived from Bozeman baritone,0.455,open,C4,-7.04,below primo,-6,-11,3,not assessed,short,repeated,0,no,4,middle,no,no,no,
Kabalevsky T08,2,26,4.5,F3,53,ɑ,Bozeman baritone midpoint,0.455,open,D#4,-9.5,below primo,-6,-11,none,not assessed,short,repeated,0,no,4,middle,no,no,no,
Kabalevsky T08,2,27,1,F3,53,u,Bozeman baritone midpoint,1.818,close,E3,0.5,below primo,-6,-11,none,not assessed,short,repeated,0,no,4,middle,no,no,no,turning pitch 0 to 2 st below
Kabalevsky T08,2,27,3,F3,53,u,Bozeman baritone midpoint,0.455,close,E3,0.5,below primo,-6,-11,none,not assessed,short,tie,0,no,4,middle,no,no,no,turning pitch 0 to 2 st below
Kabalevsky T08,2,27,3.5,F3,53,o,Bozeman baritone midpoint,0.455,open,C4,-6.5,below primo,-6,-11,none,not assessed,short,repeated,0,no,4,middle,no,no,no,
Kabalevsky T08,2,27,4,F3,53,ɨ,derived from Bozeman baritone,0.455,open,A#3,-4.89,below primo,-6,-11,none,not assessed,short,repeated,0,no,4,middle,no,no,no,
Kabalevsky T08,2,27,4.5,F3,53,ɑ,Bozeman baritone midpoint,0.455,open,D#4,-9.5,below primo,-6,-11,none,not assessed,short,repeated,0,no,4,middle,no,no,no,
Kabalevsky T08,2,28,1,F3,53,e,Bozeman baritone midpoint,1.364,open,C4,-6.5,below primo,-6,-11,none,not assessed,short,repeated,0,no,4,middle,no,no,no,
Kabalevsky T08,2,28,2.5,E3,52,ɑ,Bozeman baritone midpoint,0.455,open,D#4,-10.5,below primo,-7,-12,none,not assessed,short,step,-1,no,4,middle,no,no,no,
Kabalevsky T08,2,28,3,F3,53,o,Bozeman baritone midpoint,1.818,open,C4,-6.5,below primo,-6,-11,none,not assessed,short,step,1,no,4,middle,no,no,no,
Kabalevsky T08,2,29,1,G#3,56,ɨ,derived from Bozeman baritone,0.909,open,A#3,-1.89,below primo,-3,-8,none,not assessed,short,leap-up,3,no,4,middle,no,no,no,
Kabalevsky T08,2,29,2,G3,55,ɪ,derived from Bozeman baritone,0.455,open,C4,-5.04,below primo,-4,-9,none,not assessed,short,step,-1,no,4,middle,no,no,no,
Kabalevsky T08,2,29,2.5,F3,53,ɑ,Bozeman baritone midpoint,0.455,open,D#4,-9.5,below primo,-6,-11,none,not assessed,short,step,-2,no,4,middle,no,no,no,
Kabalevsky T08,2,29,3,G3,55,ɑ,Bozeman baritone midpoint,0.455,open,D#4,-7.5,below primo,-4,-9,3,not assessed,short,step,2,no,4,middle,no,no,no,
Kabalevsky T08,2,29,3.5,C4,60,i,Bozeman baritone midpoint,0.455,close,E3,7.5,inside,1,-4,none,not assessed,short,leap-up,5,no,4,middle,no,no,no,
Kabalevsky T08,2,29,4,D4,62,ɑ,Bozeman baritone midpoint,0.455,open,D#4,-0.5,inside,3,-2,none,not assessed,short,step,2,no,4,middle,no,no,no,
Kabalevsky T08,2,29,4.5,D#4,63,ɑ,Bozeman baritone midpoint,0.455,close,D#4,0.5,inside,4,-1,none,not assessed,short,step,1,no,4,middle,yes,yes,yes,highest of phrase; turning pitch 0 to 2 st below
Kabalevsky T08,2,30,1,D4,62,ɛ,Bozeman baritone midpoint,1.364,close,D4,0.5,inside,3,-2,none,not assessed,short,step,-1,no,4,middle,no,no,no,turning pitch 0 to 2 st below
Kabalevsky T08,2,30,2.5,A3,57,u,Bozeman baritone midpoint,0.455,close,E3,4.5,below primo,-2,-7,none,not assessed,short,leap-down,-5,no,4,middle,no,no,no,
Kabalevsky T08,2,30,3,A#3,58,o,Bozeman baritone midpoint,1.818,open,C4,-1.5,below primo,-1,-6,none,not assessed,short,step,1,no,4,middle,no,no,no,
Kabalevsky T08,2,31,1,A#3,58,o,Bozeman baritone midpoint,0.455,open,C4,-1.5,below primo,-1,-6,none,not assessed,short,tie,0,no,4,last,no,no,no,
Kabalevsky T09,0,4,4.5,A#3,58,u,Bozeman baritone midpoint,0.357,close,E3,5.5,below primo,-1,-6,none,not assessed,short,first note,,,0,first,no,no,no,
Kabalevsky T09,0,5,1,B3,59,ɛ,Bozeman baritone midpoint,0.357,open,D4,-2.5,inside,0,-5,none,not assessed,short,step,1,no,0,middle,no,no,no,
Kabalevsky T09,0,5,1.5,A#3,58,i,Bozeman baritone midpoint,0.357,close,E3,5.5,below primo,-1,-6,none,not assessed,short,step,-1,no,0,middle,no,no,no,
Kabalevsky T09,0,5,2,A#3,58,ɨ,derived from Bozeman baritone,0.357,close,A#3,0.11,below primo,-1,-6,none,not assessed,short,repeated,0,no,0,middle,no,no,no,turning pitch 0 to 2 st below
Kabalevsky T09,0,5,2.5,B3,59,ɑ,Bozeman baritone midpoint,0.357,open,D#4,-3.5,inside,0,-5,none,not assessed,short,step,1,no,0,middle,no,no,no,
Kabalevsky T09,0,5,3,B3,59,u,Bozeman baritone midpoint,0.357,close,E3,6.5,inside,0,-5,none,not assessed,short,repeated,0,no,0,middle,no,no,no,
Kabalevsky T09,0,5,3.5,G#3,56,i,Bozeman baritone midpoint,0.357,close,E3,3.5,below primo,-3,-8,none,not assessed,short,leap-down,-3,no,0,middle,no,no,no,
Kabalevsky T09,0,5,4,A3,57,ɑ,Bozeman baritone midpoint,0.357,open,D#4,-5.5,below primo,-2,-7,none,not assessed,short,step,1,no,0,middle,no,no,no,
Kabalevsky T09,0,5,4.5,A#3,58,i,Bozeman baritone midpoint,0.357,close,E3,5.5,below primo,-1,-6,none,not assessed,short,step,1,no,0,middle,no,no,no,
Kabalevsky T09,0,6,1,C#4,61,e,Bozeman baritone midpoint,2.143,close,C4,1.5,inside,2,-3,none,not assessed,short,leap-up,3,no,0,last,yes,no,no,highest of phrase; turning pitch 0 to 2 st below
Kabalevsky T09,0,6,4.5,A#3,58,i,Bozeman baritone midpoint,0.357,close,E3,5.5,below primo,-1,-6,none,not assessed,short,leap-down,-3,yes,1,first,no,no,no,
Kabalevsky T09,0,7,1,C#4,61,e,Bozeman baritone midpoint,0.357,close,C4,1.5,inside,2,-3,none,not assessed,short,leap-up,3,no,1,middle,yes,no,no,highest of phrase; turning pitch 0 to 2 st below
Kabalevsky T09,0,7,1.5,B3,59,ɑ,Bozeman baritone midpoint,0.357,open,D#4,-3.5,inside,0,-5,none,not assessed,short,step,-2,no,1,middle,no,no,no,
Kabalevsky T09,0,7,2,A#3,58,ɑ,Bozeman baritone midpoint,0.357,open,D#4,-4.5,below primo,-1,-6,none,not assessed,short,step,-1,no,1,middle,no,no,no,
Kabalevsky T09,0,7,2.5,B3,59,e,Bozeman baritone midpoint,0.357,open,C4,-0.5,inside,0,-5,none,not assessed,short,step,1,no,1,middle,no,no,no,
Kabalevsky T09,0,7,3,A#3,58,i,Bozeman baritone midpoint,0.357,close,E3,5.5,below primo,-1,-6,none,not assessed,short,step,-1,no,1,middle,no,no,no,
Kabalevsky T09,0,7,3.5,F#3,54,ɑ,Bozeman baritone midpoint,0.357,open,D#4,-8.5,below primo,-5,-10,none,not assessed,short,leap-down,-4,no,1,middle,no,no,no,
Kabalevsky T09,0,7,4,F#3,54,o,Bozeman baritone midpoint,0.357,open,C4,-5.5,below primo,-5,-10,none,not assessed,short,repeated,0,no,1,middle,no,no,no,
Kabalevsky T09,0,7,4.5,G#3,56,ɑ,Bozeman baritone midpoint,0.357,open,D#4,-6.5,below primo,-3,-8,none,not assessed,short,step,2,no,1,middle,no,no,no,
Kabalevsky T09,0,8,1,E3,52,o,Bozeman baritone midpoint,1.071,open,C4,-7.5,below primo,-7,-12,3,not assessed,short,leap-down,-4,no,1,middle,no,no,no,
Kabalevsky T09,0,8,2.5,D#3,51,ɪ,derived from Bozeman baritone,0.357,open,C4,-9.04,below primo,-8,-13,none,not assessed,short,step,-1,no,1,last,no,no,no,
Kabalevsky T09,0,9,1,B3,59,u,Bozeman baritone midpoint,0.714,close,E3,6.5,inside,0,-5,none,not assessed,short,leap-up,8,yes,2,first,no,no,no,
Kabalevsky T09,0,9,2,A#3,58,ɑ,Bozeman baritone midpoint,0.357,open,D#4,-4.5,below primo,-1,-6,none,not assessed,short,step,-1,no,2,middle,no,no,no,
Kabalevsky T09,0,9,2.5,B3,59,o,Bozeman baritone midpoint,0.357,open,C4,-0.5,inside,0,-5,none,not assessed,short,step,1,no,2,middle,no,no,no,
Kabalevsky T09,0,9,3,B3,59,o,Bozeman baritone midpoint,0.357,open,C4,-0.5,inside,0,-5,none,not assessed,short,repeated,0,no,2,middle,no,no,no,
Kabalevsky T09,0,9,3.5,G#3,56,ʌ,derived from Bozeman baritone,0.357,open,D#4,-6.5,below primo,-3,-8,none,not assessed,short,leap-down,-3,no,2,middle,no,no,no,
Kabalevsky T09,0,9,4,A3,57,i,Bozeman baritone midpoint,0.357,close,E3,4.5,below primo,-2,-7,none,not assessed,short,step,1,no,2,middle,no,no,no,
Kabalevsky T09,0,9,4.5,A#3,58,ɑ,Bozeman baritone midpoint,0.357,open,D#4,-4.5,below primo,-1,-6,none,not assessed,short,step,1,no,2,middle,no,no,no,
Kabalevsky T09,0,10,1,C#4,61,i,Bozeman baritone midpoint,1.071,close,E3,8.5,inside,2,-3,none,not assessed,short,leap-up,3,no,2,middle,yes,no,no,highest of phrase
Kabalevsky T09,0,10,2.5,B3,59,ɑ,Bozeman baritone midpoint,0.357,open,D#4,-3.5,inside,0,-5,none,not assessed,short,step,-2,no,2,middle,no,no,no,
Kabalevsky T09,0,10,3,A#3,58,e,Bozeman baritone midpoint,0.714,open,C4,-1.5,below primo,-1,-6,none,not assessed,short,step,-1,no,2,last,no,no,no,
Kabalevsky T09,0,10,4.5,G#3,56,o,Bozeman baritone midpoint,0.357,open,C4,-3.5,below primo,-3,-8,none,not assessed,short,step,-2,yes,3,first,no,no,no,
Kabalevsky T09,0,11,1,F#3,54,o,Bozeman baritone midpoint,0.357,open,C4,-5.5,below primo,-5,-10,none,not assessed,short,step,-2,no,3,middle,no,no,no,
Kabalevsky T09,0,11,1.5,E3,52,ʌ,derived from Bozeman baritone,0.357,open,D#4,-10.5,below primo,-7,-12,none,not assessed,short,step,-2,no,3,middle,no,no,no,
Kabalevsky T09,0,11,2,D#3,51,ɪ,derived from Bozeman baritone,0.357,open,C4,-9.04,below primo,-8,-13,none,not assessed,short,step,-1,no,3,middle,no,no,no,
Kabalevsky T09,0,11,2.5,C##3,50,ɑ,Bozeman baritone midpoint,0.357,open,D#4,-12.5,below primo,-9,-14,none,not assessed,short,step,-1,no,3,middle,no,no,no,
Kabalevsky T09,0,11,3,D#3,51,e,Bozeman baritone midpoint,0.357,open,C4,-8.5,below primo,-8,-13,none,not assessed,short,step,1,no,3,middle,no,no,no,
Kabalevsky T09,0,11,3.5,F##3,55,i,Bozeman baritone midpoint,0.357,close,E3,2.5,below primo,-4,-9,none,not assessed,short,leap-up,4,no,3,middle,no,no,no,
Kabalevsky T09,0,11,4,A#3,58,ɑ,Bozeman baritone midpoint,0.357,open,D#4,-4.5,below primo,-1,-6,none,not assessed,short,leap-up,3,no,3,middle,yes,no,no,highest of phrase
Kabalevsky T09,0,11,4.5,C#3,49,i,Bozeman baritone midpoint,0.357,open,E3,-3.5,below primo,-10,-15,none,not assessed,short,leap-down,-9,no,3,middle,no,no,no,
Kabalevsky T09,0,12,1,B2,47,o,Bozeman baritone midpoint,1.071,open,C4,-12.5,below primo,-12,-17,none,not assessed,short,step,-2,no,3,middle,no,no,no,
Kabalevsky T09,0,12,2.5,B2,47,ɑ,Bozeman baritone midpoint,0.357,open,D#4,-15.5,below primo,-12,-17,5,not assessed,short,repeated,0,no,3,last,no,no,no,
Kabalevsky T09,0,13,3.5,B2,47,i,Bozeman baritone midpoint,0.357,open,E3,-5.5,below primo,-12,-17,none,not assessed,short,repeated,0,yes,4,first,no,no,no,
Kabalevsky T09,0,13,4,B2,47,ɛ,Bozeman baritone midpoint,0.357,open,D4,-14.5,below primo,-12,-17,none,not assessed,short,repeated,0,no,4,middle,no,no,no,
Kabalevsky T09,0,13,4.5,B2,47,i,Bozeman baritone midpoint,0.357,open,E3,-5.5,below primo,-12,-17,none,not assessed,short,repeated,0,no,4,middle,no,no,no,
Kabalevsky T09,0,14,1,G#3,56,o,Bozeman baritone midpoint,1.071,open,C4,-3.5,below primo,-3,-8,none,not assessed,short,leap-up,9,no,4,middle,no,no,no,
Kabalevsky T09,0,14,2.5,G#3,56,ɑ,Bozeman baritone midpoint,0.357,open,D#4,-6.5,below primo,-3,-8,none,not assessed,short,repeated,0,no,4,middle,no,no,no,
Kabalevsky T09,0,14,3,G#3,56,o,Bozeman baritone midpoint,0.357,open,C4,-3.5,below primo,-3,-8,none,not assessed,short,repeated,0,no,4,middle,no,no,no,
Kabalevsky T09,0,14,3.5,F#3,54,ɛ,Bozeman baritone midpoint,0.357,open,D4,-7.5,below primo,-5,-10,3,not assessed,short,step,-2,no,4,middle,no,no,no,
Kabalevsky T09,0,14,4,E3,52,ɪ,derived from Bozeman baritone,0.357,open,C4,-8.04,below primo,-7,-12,none,not assessed,short,step,-2,no,4,middle,no,no,no,
Kabalevsky T09,0,14,4.5,D#3,51,ɑ,Bozeman baritone midpoint,0.357,open,D#4,-11.5,below primo,-8,-13,4,not assessed,short,step,-1,no,4,middle,no,no,no,
Kabalevsky T09,0,15,1,E3,52,o,Bozeman baritone midpoint,1.429,open,C4,-7.5,below primo,-7,-12,3,not assessed,short,step,1,no,4,middle,no,no,no,
Kabalevsky T09,0,15,3,E3,52,o,Bozeman baritone midpoint,0.357,open,C4,-7.5,below primo,-7,-12,3,not assessed,short,tie,0,no,4,middle,no,no,no,
Kabalevsky T09,0,15,3.5,C#3,49,ɪ,derived from Bozeman baritone,0.357,open,C4,-11.04,below primo,-10,-15,none,not assessed,short,leap-down,-3,no,4,middle,no,no,no,
Kabalevsky T09,0,15,4,C#3,49,ʌ,derived from Bozeman baritone,0.357,open,D#4,-13.5,below primo,-10,-15,none,not assessed,short,repeated,0,no,4,middle,no,no,no,
Kabalevsky T09,0,15,4.5,C#3,49,ɑ,Bozeman baritone midpoint,0.357,open,D#4,-13.5,below primo,-10,-15,none,not assessed,short,repeated,0,no,4,middle,no,no,no,
Kabalevsky T09,0,16,1,C#4,61,i,Bozeman baritone midpoint,1.071,close,E3,8.5,inside,2,-3,none,not assessed,short,leap-up,12,no,4,middle,no,no,no,
Kabalevsky T09,0,16,2.5,D4,62,u,Bozeman baritone midpoint,0.357,close,E3,9.5,inside,3,-2,none,not assessed,short,step,1,no,4,middle,yes,no,no,highest of phrase
Kabalevsky T09,0,16,3,C#4,61,ɑ,Bozeman baritone midpoint,0.357,open,D#4,-1.5,inside,2,-3,none,not assessed,short,step,-1,no,4,middle,no,no,no,
Kabalevsky T09,0,16,3.5,G#3,56,ɑ,Bozeman baritone midpoint,0.357,open,D#4,-6.5,below primo,-3,-8,none,not assessed,short,leap-down,-5,no,4,middle,no,no,no,
Kabalevsky T09,0,16,4,A3,57,i,Bozeman baritone midpoint,0.357,close,E3,4.5,below primo,-2,-7,none,not assessed,short,step,1,no,4,middle,no,no,no,
Kabalevsky T09,0,16,4.5,G#3,56,ɑ,Bozeman baritone midpoint,0.357,open,D#4,-6.5,below primo,-3,-8,none,not assessed,short,step,-1,no,4,middle,no,no,no,
Kabalevsky T09,0,17,1,A3,57,ɑ,Bozeman baritone midpoint,1.071,open,D#4,-5.5,below primo,-2,-7,none,not assessed,short,step,1,no,4,middle,no,no,no,
Kabalevsky T09,0,17,2.5,F#3,54,ɨ,derived from Bozeman baritone,0.357,open,A#3,-3.89,below primo,-5,-10,none,not assessed,short,leap-down,-3,no,4,last,no,no,no,
Kabalevsky T09,0,17,4.5,D#3,51,u,Bozeman baritone midpoint,0.357,open,E3,-1.5,below primo,-8,-13,none,not assessed,short,leap-down,-3,yes,5,first,no,no,no,
Kabalevsky T09,0,18,1,E3,52,u,Bozeman baritone midpoint,0.536,open,E3,-0.5,below primo,-7,-12,none,not assessed,short,step,1,no,5,middle,no,no,no,
Kabalevsky T09,0,18,1.75,D#3,51,ɑ,Bozeman baritone midpoint,0.179,open,D#4,-11.5,below primo,-8,-13,4,not assessed,short,step,-1,no,5,middle,no,no,no,
Kabalevsky T09,0,18,2,D#3,51,ɑ,Bozeman baritone midpoint,0.714,open,D#4,-11.5,below primo,-8,-13,4,not assessed,short,repeated,0,no,5,middle,no,no,no,
Kabalevsky T09,0,18,3,D#3,51,ɑ,Bozeman baritone midpoint,0.357,open,D#4,-11.5,below primo,-8,-13,4,not assessed,short,tie,0,no,5,middle,no,no,no,
Kabalevsky T09,0,18,3.5,C##3,50,ɪ,derived from Bozeman baritone,0.357,open,C4,-10.04,below primo,-9,-14,none,not assessed,short,step,-1,no,5,middle,no,no,no,
Kabalevsky T09,0,18,4,C##3,50,ʌ,derived from Bozeman baritone,0.357,open,D#4,-12.5,below primo,-9,-14,none,not assessed,short,repeated,0,no,5,middle,no,no,no,
Kabalevsky T09,0,18,4.5,D#3,51,ɪ,derived from Bozeman baritone,0.357,open,C4,-9.04,below primo,-8,-13,none,not assessed,short,step,1,no,5,middle,no,no,no,
Kabalevsky T09,0,19,1,A3,57,ɨ,derived from Bozeman baritone,1.071,open,A#3,-0.89,below primo,-2,-7,none,not assessed,short,leap-up,6,no,5,middle,no,no,no,
Kabalevsky T09,0,19,2.5,D#3,51,none resolved,not assessed,0.357,not assessed,not assessed,not assessed,below primo,-8,-13,not assessed,not assessed,short,leap-down,-6,no,5,middle,no,no,no,
Kabalevsky T09,0,19,3,G#3,56,o,Bozeman baritone midpoint,1.071,open,C4,-3.5,below primo,-3,-8,none,not assessed,short,leap-up,5,no,5,middle,no,no,no,
Kabalevsky T09,0,19,4.5,G#3,56,ɑ,Bozeman baritone midpoint,0.357,open,D#4,-6.5,below primo,-3,-8,none,not assessed,short,repeated,0,no,5,middle,no,no,no,
Kabalevsky T09,0,20,1,C#4,61,i,Bozeman baritone midpoint,1.071,close,E3,8.5,inside,2,-3,none,not assessed,short,leap-up,5,no,5,middle,yes,no,no,highest of phrase
Kabalevsky T09,0,20,2.5,A3,57,ɨ,derived from Bozeman baritone,0.357,open,A#3,-0.89,below primo,-2,-7,none,not assessed,short,leap-down,-4,no,5,middle,no,no,no,
Kabalevsky T09,0,20,3,G#3,56,u,Bozeman baritone midpoint,0.714,close,E3,3.5,below primo,-3,-8,none,not assessed,short,step,-1,no,5,middle,no,no,no,
Kabalevsky T09,0,20,4,E3,52,ʌ,derived from Bozeman baritone,0.714,open,D#4,-10.5,below primo,-7,-12,none,not assessed,short,leap-down,-4,no,5,middle,no,no,no,
Kabalevsky T09,0,21,1,C#4,61,u,Bozeman baritone midpoint,0.357,close,E3,8.5,inside,2,-3,none,not assessed,short,leap-up,9,no,5,middle,yes,no,no,highest of phrase
Kabalevsky T09,0,21,1.5,A3,57,ʌ,derived from Bozeman baritone,0.357,open,D#4,-5.5,below primo,-2,-7,none,not assessed,short,leap-down,-4,no,5,middle,no,no,no,
Kabalevsky T09,0,21,2,G#3,56,ɪ,derived from Bozeman baritone,0.357,open,C4,-4.04,below primo,-3,-8,none,not assessed,short,step,-1,no,5,middle,no,no,no,
Kabalevsky T09,0,21,2.5,A3,57,ɑ,Bozeman baritone midpoint,0.357,open,D#4,-5.5,below primo,-2,-7,none,not assessed,short,step,1,no,5,middle,no,no,no,
Kabalevsky T09,0,21,3,G#3,56,ɑ,Bozeman baritone midpoint,1.071,open,D#4,-6.5,below primo,-3,-8,none,not assessed,short,step,-1,no,5,middle,no,no,no,
Kabalevsky T09,0,21,4.5,G#3,56,ɨ,derived from Bozeman baritone,0.357,open,A#3,-1.89,below primo,-3,-8,none,not assessed,short,repeated,0,no,5,last,no,no,no,
Kabalevsky T09,0,24,4.5,A#3,58,ɑ,Bozeman baritone midpoint,0.357,open,D#4,-4.5,below primo,-1,-6,none,not assessed,short,step,2,yes,6,first,no,no,no,
Kabalevsky T09,0,25,1,B3,59,ɑ,Bozeman baritone midpoint,1.071,open,D#4,-3.5,inside,0,-5,none,not assessed,short,step,1,no,6,middle,no,no,no,
Kabalevsky T09,0,25,2.5,B3,59,i,Bozeman baritone midpoint,0.357,close,E3,6.5,inside,0,-5,none,not assessed,short,repeated,0,no,6,middle,no,no,no,
Kabalevsky T09,0,25,3,B3,59,ɑ,Bozeman baritone midpoint,0.357,open,D#4,-3.5,inside,0,-5,none,not assessed,short,repeated,0,no,6,middle,no,no,no,
Kabalevsky T09,0,25,3.5,G#3,56,o,Bozeman baritone midpoint,0.357,open,C4,-3.5,below primo,-3,-8,none,not assessed,short,leap-down,-3,no,6,middle,no,no,no,
Kabalevsky T09,0,25,4,A3,57,ɪ,derived from Bozeman baritone,0.357,open,C4,-3.04,below primo,-2,-7,none,not assessed,short,step,1,no,6,middle,no,no,no,
Kabalevsky T09,0,25,4.5,A#3,58,ɑ,Bozeman baritone midpoint,0.357,open,D#4,-4.5,below primo,-1,-6,none,not assessed,short,step,1,no,6,middle,no,no,no,
Kabalevsky T09,0,26,1,C#4,61,e,Bozeman baritone midpoint,1.071,close,C4,1.5,inside,2,-3,none,not assessed,short,leap-up,3,no,6,middle,yes,no,no,highest of phrase; turning pitch 0 to 2 st below
Kabalevsky T09,0,26,2.5,B3,59,i,Bozeman baritone midpoint,0.357,close,E3,6.5,inside,0,-5,none,not assessed,short,step,-2,no,6,middle,no,no,no,
Kabalevsky T09,0,26,3,A#3,58,i,Bozeman baritone midpoint,0.714,close,E3,5.5,below primo,-1,-6,none,not assessed,short,step,-1,no,6,last,no,no,no,
Kabalevsky T09,0,26,4.5,A#3,58,ɑ,Bozeman baritone midpoint,0.357,open,D#4,-4.5,below primo,-1,-6,none,not assessed,short,repeated,0,yes,7,first,no,no,no,
Kabalevsky T09,0,27,1,C#4,61,ɑ,Bozeman baritone midpoint,0.357,open,D#4,-1.5,inside,2,-3,none,not assessed,short,leap-up,3,no,7,middle,yes,no,no,highest of phrase
Kabalevsky T09,0,27,1.5,B3,59,ɑ,Bozeman baritone midpoint,0.357,open,D#4,-3.5,inside,0,-5,none,not assessed,short,step,-2,no,7,middle,no,no,no,
Kabalevsky T09,0,27,2,A#3,58,ɛ,Bozeman baritone midpoint,0.357,open,D4,-3.5,below primo,-1,-6,none,not assessed,short,step,-1,no,7,middle,no,no,no,
Kabalevsky T09,0,27,2.5,B3,59,i,Bozeman baritone midpoint,0.357,close,E3,6.5,inside,0,-5,none,not assessed,short,step,1,no,7,middle,no,no,no,
Kabalevsky T09,0,27,3,A#3,58,ɛ,Bozeman baritone midpoint,0.357,open,D4,-3.5,below primo,-1,-6,none,not assessed,short,step,-1,no,7,middle,no,no,no,
Kabalevsky T09,0,27,3.5,F#3,54,ɑ,Bozeman baritone midpoint,0.357,open,D#4,-8.5,below primo,-5,-10,none,not assessed,short,leap-down,-4,no,7,middle,no,no,no,
Kabalevsky T09,0,27,4,F#3,54,ʌ,derived from Bozeman baritone,0.357,open,D#4,-8.5,below primo,-5,-10,none,not assessed,short,repeated,0,no,7,middle,no,no,no,
Kabalevsky T09,0,27,4.5,G#3,56,ɑ,Bozeman baritone midpoint,0.357,open,D#4,-6.5,below primo,-3,-8,none,not assessed,short,step,2,no,7,middle,no,no,no,
Kabalevsky T09,0,28,1,E3,52,e,Bozeman baritone midpoint,1.071,open,C4,-7.5,below primo,-7,-12,3,not assessed,short,leap-down,-4,no,7,middle,no,no,no,
Kabalevsky T09,0,28,2.5,D#3,51,u,Bozeman baritone midpoint,0.357,open,E3,-1.5,below primo,-8,-13,none,not assessed,short,step,-1,no,7,last,no,no,no,
Kabalevsky T09,0,28,4.5,D#3,51,ɑ,Bozeman baritone midpoint,0.357,open,D#4,-11.5,below primo,-8,-13,4,not assessed,short,repeated,0,yes,8,first,no,no,no,
Kabalevsky T09,0,29,1,E3,52,ɑ,Bozeman baritone midpoint,1.071,open,D#4,-10.5,below primo,-7,-12,none,not assessed,short,step,1,no,8,middle,no,no,no,
Kabalevsky T09,0,29,2.5,C#3,49,i,Bozeman baritone midpoint,0.357,open,E3,-3.5,below primo,-10,-15,none,not assessed,short,leap-down,-3,no,8,middle,no,no,no,
Kabalevsky T09,0,29,3,G#3,56,ɑ,Bozeman baritone midpoint,1.071,open,D#4,-6.5,below primo,-3,-8,none,not assessed,short,leap-up,7,no,8,last,yes,no,no,highest of phrase
Kabalevsky T09,0,29,4.5,D#3,51,o,Bozeman baritone midpoint,0.357,open,C4,-8.5,below primo,-8,-13,none,not assessed,short,leap-down,-5,no,9,first,no,no,no,
Kabalevsky T09,0,30,1,E3,52,ɑ,Bozeman baritone midpoint,0.357,open,D#4,-10.5,below primo,-7,-12,none,not assessed,short,step,1,no,9,middle,no,no,no,
Kabalevsky T09,0,30,1.25,C#3,49,u,Bozeman baritone midpoint,0.357,open,E3,-3.5,below primo,-10,-15,none,not assessed,short,leap-down,-3,no,9,middle,no,no,no,
Kabalevsky T09,0,30,1.5,E3,52,ɑ,Bozeman baritone midpoint,0.357,open,D#4,-10.5,below primo,-7,-12,none,not assessed,short,leap-up,3,no,9,middle,no,no,no,
Kabalevsky T09,0,30,1.75,G#3,56,ɑ,Bozeman baritone midpoint,0.357,open,D#4,-6.5,below primo,-3,-8,none,not assessed,short,leap-up,4,no,9,middle,no,no,no,
Kabalevsky T09,0,30,2,A#3,58,i,Bozeman baritone midpoint,1.429,close,E3,5.5,below primo,-1,-6,none,not assessed,short,step,2,no,9,middle,no,no,no,
Kabalevsky T09,0,30,3,A#3,58,i,Bozeman baritone midpoint,0.357,close,E3,5.5,below primo,-1,-6,none,not assessed,short,tie,0,no,9,middle,no,no,no,
Kabalevsky T09,0,30,3.25,A#3,58,o,Bozeman baritone midpoint,0.357,open,C4,-1.5,below primo,-1,-6,none,not assessed,short,repeated,0,no,9,middle,no,no,no,
Kabalevsky T09,0,30,3.5,G##3,57,ɛ,Bozeman baritone midpoint,0.357,open,D4,-4.5,below primo,-2,-7,none,not assessed,short,step,-1,no,9,middle,no,no,no,
Kabalevsky T09,0,30,3.75,A#3,58,ʌ,derived from Bozeman baritone,0.357,open,D#4,-4.5,below primo,-1,-6,none,not assessed,short,step,1,no,9,middle,no,no,no,
Kabalevsky T09,0,31,1,C#4,61,ɑ,Bozeman baritone midpoint,1.071,open,D#4,-1.5,inside,2,-3,none,not assessed,short,leap-up,3,no,9,middle,yes,no,no,highest of phrase
Kabalevsky T09,0,31,2.5,B3,59,ɛ,Bozeman baritone midpoint,0.357,open,D4,-2.5,inside,0,-5,none,not assessed,short,step,-2,no,9,middle,no,no,no,
Kabalevsky T09,0,31,3,A#3,58,ɛ,Bozeman baritone midpoint,0.357,open,D4,-3.5,below primo,-1,-6,none,not assessed,short,step,-1,no,9,middle,no,no,no,
Kabalevsky T09,0,31,3.5,B3,59,ɪ,derived from Bozeman baritone,0.357,open,C4,-1.04,inside,0,-5,none,not assessed,short,step,1,no,9,middle,no,no,no,
Kabalevsky T09,0,31,4,A#3,58,o,Bozeman baritone midpoint,0.357,open,C4,-1.5,below primo,-1,-6,none,not assessed,short,step,-1,no,9,middle,no,no,no,
Kabalevsky T09,0,31,4.5,G#3,56,o,Bozeman baritone midpoint,0.357,open,C4,-3.5,below primo,-3,-8,none,not assessed,short,step,-2,no,9,middle,no,no,no,
Kabalevsky T09,0,32,1,F##3,55,e,Bozeman baritone midpoint,1.071,open,C4,-4.5,below primo,-4,-9,none,not assessed,short,step,-1,no,9,middle,no,no,no,
Kabalevsky T09,0,32,2.5,D#3,51,ɛ,Bozeman baritone midpoint,0.357,open,D4,-10.5,below primo,-8,-13,none,not assessed,short,leap-down,-4,no,9,last,no,no,no,
Kabalevsky T09,0,32,4.5,D#3,51,o,Bozeman baritone midpoint,0.357,open,C4,-8.5,below primo,-8,-13,none,not assessed,short,repeated,0,yes,10,first,no,no,no,
Kabalevsky T09,0,33,1,E3,52,ɛ,Bozeman baritone midpoint,1.071,open,D4,-9.5,below primo,-7,-12,none,not assessed,short,step,1,no,10,middle,no,no,no,
Kabalevsky T09,0,33,2.5,G#3,56,ɪ,derived from Bozeman baritone,0.357,open,C4,-4.04,below primo,-3,-8,none,not assessed,short,leap-up,4,no,10,middle,no,no,no,
Kabalevsky T09,0,33,3,F##3,55,o,Bozeman baritone midpoint,1.071,open,C4,-4.5,below primo,-4,-9,none,not assessed,short,step,-1,no,10,middle,no,no,no,
Kabalevsky T09,0,33,4.5,D#3,51,ɑ,Bozeman baritone midpoint,0.357,open,D#4,-11.5,below primo,-8,-13,4,not assessed,short,leap-down,-4,no,10,middle,no,no,no,
Kabalevsky T09,0,34,1,E3,52,e,Bozeman baritone midpoint,0.357,open,C4,-7.5,below primo,-7,-12,3,not assessed,short,step,1,no,10,middle,no,no,no,
Kabalevsky T09,0,34,1.5,C#3,49,ɑ,Bozeman baritone midpoint,0.357,open,D#4,-13.5,below primo,-10,-15,none,not assessed,short,leap-down,-3,no,10,middle,no,no,no,
Kabalevsky T09,0,34,2,G#3,56,ɑ,Bozeman baritone midpoint,0.357,open,D#4,-6.5,below primo,-3,-8,none,not assessed,short,leap-up,7,no,10,middle,no,no,no,
Kabalevsky T09,0,34,2.5,B3,59,ɪ,derived from Bozeman baritone,0.357,open,C4,-1.04,inside,0,-5,none,not assessed,short,leap-up,3,no,10,middle,no,no,no,
Kabalevsky T09,0,34,3,A#3,58,ɑ,Bozeman baritone midpoint,1.071,open,D#4,-4.5,below primo,-1,-6,none,not assessed,short,step,-1,no,10,middle,no,no,no,
Kabalevsky T09,0,34,4.5,D#3,51,ɑ,Bozeman baritone midpoint,0.357,open,D#4,-11.5,below primo,-8,-13,4,not assessed,short,leap-down,-7,no,10,middle,no,no,no,
Kabalevsky T09,0,35,1,D#4,63,e,Bozeman baritone midpoint,1.071,close,C4,3.5,inside,4,-1,none,not assessed,short,leap-up,12,no,10,middle,yes,yes,yes,highest of phrase
Kabalevsky T09,0,35,2.5,D4,62,u,Bozeman baritone midpoint,0.357,close,E3,9.5,inside,3,-2,none,not assessed,short,step,-1,no,10,middle,no,no,no,
Kabalevsky T09,0,35,3,C#4,61,i,Bozeman baritone midpoint,1.071,close,E3,8.5,inside,2,-3,none,not assessed,short,step,-1,no,10,middle,no,no,no,
Kabalevsky T09,0,35,4.5,C4,60,i,Bozeman baritone midpoint,0.357,close,E3,7.5,inside,1,-4,none,not assessed,short,step,-1,no,10,middle,no,no,no,
Kabalevsky T09,0,36,1,B3,59,ɨ,derived from Bozeman baritone,0.357,close,A#3,1.11,inside,0,-5,none,not assessed,short,step,-1,no,10,middle,no,no,no,turning pitch 0 to 2 st below
Kabalevsky T09,0,36,1.5,B3,59,none resolved,not assessed,0.357,not assessed,not assessed,not assessed,inside,0,-5,not assessed,not assessed,short,repeated,0,no,10,middle,no,no,no,
Kabalevsky T09,0,36,2,B3,59,ʌ,derived from Bozeman baritone,0.357,open,D#4,-3.5,inside,0,-5,none,not assessed,short,repeated,0,no,10,middle,no,no,no,
Kabalevsky T09,0,36,2.5,A#3,58,ɪ,derived from Bozeman baritone,0.357,open,C4,-2.04,below primo,-1,-6,none,not assessed,short,step,-1,no,10,middle,no,no,no,
Kabalevsky T09,0,36,3,G#3,56,ɑ,Bozeman baritone midpoint,1.429,open,D#4,-6.5,below primo,-3,-8,none,not assessed,short,step,-2,no,10,last,no,no,no,
Kabalevsky T10,0,3,3,C3,48,u,Bozeman baritone midpoint,0.357,open,E3,-4.5,below primo,-11,-16,none,not assessed,short,first note,,,0,first,no,no,no,
Kabalevsky T10,0,4,1,F3,53,ɨ,derived from Bozeman baritone,0.714,open,A#3,-4.89,below primo,-6,-11,none,not assessed,short,leap-up,5,no,0,middle,no,no,no,
Kabalevsky T10,0,4,3,G3,55,o,Bozeman baritone midpoint,0.357,open,C4,-4.5,below primo,-4,-9,none,not assessed,short,step,2,no,0,middle,no,no,no,
Kabalevsky T10,0,5,1,A3,57,i,Bozeman baritone midpoint,1.071,close,E3,4.5,below primo,-2,-7,none,not assessed,short,step,2,no,0,middle,no,no,no,
Kabalevsky T10,0,6,1,A3,57,i,Bozeman baritone midpoint,0.714,close,E3,4.5,below primo,-2,-7,none,not assessed,short,tie,0,no,0,middle,no,no,no,
Kabalevsky T10,0,6,3,Bb3,58,ɪ,derived from Bozeman baritone,0.357,open,C4,-2.04,below primo,-1,-6,none,not assessed,short,step,1,no,0,middle,yes,no,no,highest of phrase
Kabalevsky T10,0,7,1,A3,57,e,Bozeman baritone midpoint,0.714,open,C4,-2.5,below primo,-2,-7,none,not assessed,short,step,-1,no,0,middle,no,no,no,
Kabalevsky T10,0,7,3,G3,55,ɪ,derived from Bozeman baritone,0.357,open,C4,-5.04,below primo,-4,-9,none,not assessed,short,step,-2,no,0,middle,no,no,no,
Kabalevsky T10,0,8,1,F3,53,ʌ,derived from Bozeman baritone,0.714,open,D#4,-9.5,below primo,-6,-11,none,not assessed,short,step,-2,no,0,middle,no,no,no,
Kabalevsky T10,0,8,3,E3,52,i,Bozeman baritone midpoint,0.357,open,E3,-0.5,below primo,-7,-12,none,not assessed,short,step,-1,no,0,middle,no,no,no,
Kabalevsky T10,0,9,1,D3,50,o,Bozeman baritone midpoint,1.071,open,C4,-9.5,below primo,-9,-14,none,not assessed,short,step,-2,no,0,middle,no,no,no,
Kabalevsky T10,0,10,1,D3,50,o,Bozeman baritone midpoint,0.357,open,C4,-9.5,below primo,-9,-14,none,not assessed,short,tie,0,no,0,last,no,no,no,
Kabalevsky T10,0,10,2.5,D3,50,ʌ,derived from Bozeman baritone,0.179,open,D#4,-12.5,below primo,-9,-14,none,not assessed,short,repeated,0,yes,1,first,no,no,no,
Kabalevsky T10,0,10,3,D3,50,ʌ,derived from Bozeman baritone,0.179,open,D#4,-12.5,below primo,-9,-14,none,not assessed,short,repeated,0,no,1,middle,no,no,no,
Kabalevsky T10,0,10,3.5,D3,50,ɑ,Bozeman baritone midpoint,0.179,open,D#4,-12.5,below primo,-9,-14,none,not assessed,short,repeated,0,no,1,middle,no,no,no,
Kabalevsky T10,0,11,1,Bb3,58,ɑ,Bozeman baritone midpoint,0.536,open,D#4,-4.5,below primo,-1,-6,none,not assessed,short,leap-up,8,no,1,middle,yes,no,no,highest of phrase
Kabalevsky T10,0,11,2.5,A3,57,ɪ,derived from Bozeman baritone,0.179,open,C4,-3.04,below primo,-2,-7,none,not assessed,short,step,-1,no,1,middle,no,no,no,
Kabalevsky T10,0,11,3,G3,55,i,Bozeman baritone midpoint,0.179,close,E3,2.5,below primo,-4,-9,none,not assessed,short,step,-2,no,1,middle,no,no,no,
Kabalevsky T10,0,11,3.5,F3,53,i,Bozeman baritone midpoint,0.179,close,E3,0.5,below primo,-6,-11,none,not assessed,short,step,-2,no,1,middle,no,no,no,turning pitch 0 to 2 st below
Kabalevsky T10,0,12,1,E3,52,ɛ,Bozeman baritone midpoint,0.714,open,D4,-9.5,below primo,-7,-12,none,not assessed,short,step,-1,no,1,middle,no,no,no,
Kabalevsky T10,0,12,3,D3,50,ɪ,derived from Bozeman baritone,0.357,open,C4,-10.04,below primo,-9,-14,none,not assessed,short,step,-2,no,1,middle,no,no,no,
Kabalevsky T10,0,13,1,E3,52,ɑ,Bozeman baritone midpoint,0.714,open,D#4,-10.5,below primo,-7,-12,none,not assessed,short,step,2,no,1,middle,no,no,no,
Kabalevsky T10,0,13,3,E3,52,ɨ,derived from Bozeman baritone,0.357,open,A#3,-5.89,below primo,-7,-12,none,not assessed,short,repeated,0,no,1,last,no,no,no,
Kabalevsky T10,0,14,2.5,E3,52,ɪ,derived from Bozeman baritone,0.179,open,C4,-8.04,below primo,-7,-12,none,not assessed,short,repeated,0,yes,2,first,no,no,no,
Kabalevsky T10,0,14,3,E3,52,ʌ,derived from Bozeman baritone,0.179,open,D#4,-10.5,below primo,-7,-12,none,not assessed,short,repeated,0,no,2,middle,no,no,no,
Kabalevsky T10,0,14,3.5,E3,52,i,Bozeman baritone midpoint,0.179,open,E3,-0.5,below primo,-7,-12,none,not assessed,short,repeated,0,no,2,middle,no,no,no,
Kabalevsky T10,0,15,1,A3,57,ɑ,Bozeman baritone midpoint,0.714,open,D#4,-5.5,below primo,-2,-7,none,not assessed,short,leap-up,5,no,2,middle,no,no,no,
Kabalevsky T10,0,15,3,A3,57,i,Bozeman baritone midpoint,0.357,close,E3,4.5,below primo,-2,-7,none,not assessed,short,repeated,0,no,2,middle,no,no,no,
Kabalevsky T10,0,16,1,D#3,51,ɛ,Bozeman baritone midpoint,0.714,open,D4,-10.5,below primo,-8,-13,none,not assessed,short,leap-down,-6,no,2,middle,no,no,no,
Kabalevsky T10,0,16,3,D#3,51,o,Bozeman baritone midpoint,0.357,open,C4,-8.5,below primo,-8,-13,none,not assessed,short,repeated,0,no,2,middle,no,no,no,
Kabalevsky T10,0,17,1,A3,57,ɨ,derived from Bozeman baritone,0.714,open,A#3,-0.89,below primo,-2,-7,none,not assessed,short,leap-up,6,no,2,middle,no,no,no,
Kabalevsky T10,0,17,3,A3,57,i,Bozeman baritone midpoint,0.357,close,E3,4.5,below primo,-2,-7,none,not assessed,short,repeated,0,no,2,middle,no,no,no,
Kabalevsky T10,0,18,1,D#3,51,o,Bozeman baritone midpoint,0.714,open,C4,-8.5,below primo,-8,-13,none,not assessed,short,leap-down,-6,no,2,middle,no,no,no,
Kabalevsky T10,0,18,3,E3,52,i,Bozeman baritone midpoint,0.357,open,E3,-0.5,below primo,-7,-12,none,not assessed,short,step,1,no,2,middle,no,no,no,
Kabalevsky T10,0,19,1,B3,59,o,Bozeman baritone midpoint,0.714,open,C4,-0.5,inside,0,-5,none,not assessed,short,leap-up,7,no,2,middle,yes,no,no,highest of phrase
Kabalevsky T10,0,19,3,A3,57,ʌ,derived from Bozeman baritone,0.357,open,D#4,-5.5,below primo,-2,-7,none,not assessed,short,step,-2,no,2,middle,no,no,no,
Kabalevsky T10,0,20,1,E3,52,o,Bozeman baritone midpoint,0.536,open,C4,-7.5,below primo,-7,-12,3,not assessed,short,leap-down,-5,no,2,middle,no,no,no,
Kabalevsky T10,0,20,2.5,E3,52,ɨ,derived from Bozeman baritone,0.179,open,A#3,-5.89,below primo,-7,-12,none,not assessed,short,repeated,0,no,2,middle,no,no,no,
Kabalevsky T10,0,20,3,E3,52,ʌ,derived from Bozeman baritone,0.179,open,D#4,-10.5,below primo,-7,-12,none,not assessed,short,repeated,0,no,2,middle,no,no,no,
Kabalevsky T10,0,20,3.5,E3,52,ɪ,derived from Bozeman baritone,0.179,open,C4,-8.04,below primo,-7,-12,none,not assessed,short,repeated,0,no,2,middle,no,no,no,
Kabalevsky T10,0,21,1,B3,59,ɑ,Bozeman baritone midpoint,0.714,open,D#4,-3.5,inside,0,-5,none,not assessed,short,leap-up,7,no,2,middle,yes,no,no,highest of phrase
Kabalevsky T10,0,21,3,A3,57,i,Bozeman baritone midpoint,0.357,close,E3,4.5,below primo,-2,-7,none,not assessed,short,step,-2,no,2,middle,no,no,no,
Kabalevsky T10,0,22,1,E3,52,ɑ,Bozeman baritone midpoint,0.714,open,D#4,-10.5,below primo,-7,-12,none,not assessed,short,leap-down,-5,no,2,middle,no,no,no,
Kabalevsky T10,0,22,3,E3,52,ɨ,derived from Bozeman baritone,0.357,open,A#3,-5.89,below primo,-7,-12,none,not assessed,short,repeated,0,no,2,last,no,no,no,
Kabalevsky T10,0,28,1,E3,52,ɑ,Bozeman baritone midpoint,0.357,open,D#4,-10.5,below primo,-7,-12,none,not assessed,short,repeated,0,yes,3,first,no,no,no,
Kabalevsky T10,0,28,2,A3,57,ʌ,derived from Bozeman baritone,0.357,open,D#4,-5.5,below primo,-2,-7,none,not assessed,short,leap-up,5,no,3,middle,no,no,no,
Kabalevsky T10,0,28,3,B3,59,ɑ,Bozeman baritone midpoint,0.357,open,D#4,-3.5,inside,0,-5,none,not assessed,short,step,2,no,3,middle,no,no,no,
Kabalevsky T10,0,29,1,C#4,61,a,derived from Bozeman baritone,1.071,open,F4,-3.92,inside,2,-3,none,not assessed,short,step,2,no,3,middle,no,no,no,
Kabalevsky T10,0,30,1,C#4,61,a,derived from Bozeman baritone,0.714,open,F4,-3.92,inside,2,-3,none,not assessed,short,tie,0,no,3,middle,no,no,no,
Kabalevsky T10,0,30,3,D4,62,u,Bozeman baritone midpoint,0.357,close,E3,9.5,inside,3,-2,none,not assessed,short,step,1,no,3,middle,yes,no,no,highest of phrase
Kabalevsky T10,0,31,1,C#4,61,ɛ,Bozeman baritone midpoint,0.714,open,D4,-0.5,inside,2,-3,none,not assessed,short,step,-1,no,3,middle,no,no,no,
Kabalevsky T10,0,31,3,B3,59,i,Bozeman baritone midpoint,0.357,close,E3,6.5,inside,0,-5,none,not assessed,short,step,-2,no,3,middle,no,no,no,
Kabalevsky T10,0,32,1,A3,57,ɪ,derived from Bozeman baritone,0.714,open,C4,-3.04,below primo,-2,-7,none,not assessed,short,step,-2,no,3,middle,no,no,no,
Kabalevsky T10,0,32,3,G#3,56,ɑ,Bozeman baritone midpoint,0.357,open,D#4,-6.5,below primo,-3,-8,none,not assessed,short,step,-1,no,3,middle,no,no,no,
Kabalevsky T10,0,33,1,F#3,54,a,derived from Bozeman baritone,1.071,open,F4,-10.92,below primo,-5,-10,none,not assessed,short,step,-2,no,3,middle,no,no,no,
Kabalevsky T10,0,34,1,F#3,54,a,derived from Bozeman baritone,0.536,open,F4,-10.92,below primo,-5,-10,none,not assessed,short,tie,0,no,3,middle,no,no,no,
Kabalevsky T10,0,34,2.5,F#3,54,ɑ,Bozeman baritone midpoint,0.179,open,D#4,-8.5,below primo,-5,-10,none,not assessed,short,repeated,0,no,3,middle,no,no,no,
Kabalevsky T10,0,34,3,F#3,54,ɛ,Bozeman baritone midpoint,0.179,open,D4,-7.5,below primo,-5,-10,3,not assessed,short,repeated,0,no,3,middle,no,no,no,
Kabalevsky T10,0,34,3.5,F#3,54,ɪ,derived from Bozeman baritone,0.179,open,C4,-6.04,below primo,-5,-10,none,not assessed,short,repeated,0,no,3,middle,no,no,no,
Kabalevsky T10,0,35,1,D4,62,ɑ,Bozeman baritone midpoint,0.536,open,D#4,-0.5,inside,3,-2,none,not assessed,short,leap-up,8,no,3,middle,yes,no,no,highest of phrase
Kabalevsky T10,0,35,2.5,C#4,61,ʌ,derived from Bozeman baritone,0.179,open,D#4,-1.5,inside,2,-3,none,not assessed,short,step,-1,no,3,middle,no,no,no,
Kabalevsky T10,0,35,3,B3,59,ʌ,derived from Bozeman baritone,0.179,open,D#4,-3.5,inside,0,-5,none,not assessed,short,step,-2,no,3,middle,no,no,no,
Kabalevsky T10,0,35,3.5,A3,57,ɪ,derived from Bozeman baritone,0.179,open,C4,-3.04,below primo,-2,-7,none,not assessed,short,step,-2,no,3,middle,no,no,no,
Kabalevsky T10,0,36,1,G#3,56,a,derived from Bozeman baritone,0.714,open,F4,-8.92,below primo,-3,-8,none,not assessed,short,step,-1,no,3,middle,no,no,no,
Kabalevsky T10,0,36,3,F#3,54,u,Bozeman baritone midpoint,0.357,close,E3,1.5,below primo,-5,-10,none,not assessed,short,step,-2,no,3,middle,no,no,no,turning pitch 0 to 2 st below
Kabalevsky T10,0,37,1,G#3,56,o,Bozeman baritone midpoint,0.714,open,C4,-3.5,below primo,-3,-8,none,not assessed,short,step,2,no,3,middle,no,no,no,
Kabalevsky T10,0,37,3,G#3,56,ɑ,Bozeman baritone midpoint,0.357,open,D#4,-6.5,below primo,-3,-8,none,not assessed,short,repeated,0,no,3,last,no,no,no,
Kabalevsky T10,0,38,3,G#3,56,i,Bozeman baritone midpoint,0.357,close,E3,3.5,below primo,-3,-8,none,not assessed,short,repeated,0,yes,4,first,no,no,no,
Kabalevsky T10,0,39,1,C#4,61,ɑ,Bozeman baritone midpoint,0.536,open,D#4,-1.5,inside,2,-3,none,not assessed,short,leap-up,5,no,4,middle,yes,no,no,highest of phrase
Kabalevsky T10,0,39,2.5,C#4,61,ɨ,derived from Bozeman baritone,0.179,close,A#3,3.11,inside,2,-3,none,not assessed,short,repeated,0,no,4,middle,yes,no,no,highest of phrase
Kabalevsky T10,0,39,3,C#4,61,none resolved,not assessed,0.179,not assessed,not assessed,not assessed,inside,2,-3,not assessed,not assessed,short,repeated,0,no,4,middle,yes,no,no,highest of phrase
Kabalevsky T10,0,39,3.5,C#4,61,ɑ,Bozeman baritone midpoint,0.179,open,D#4,-1.5,inside,2,-3,none,not assessed,short,repeated,0,no,4,middle,yes,no,no,highest of phrase
Kabalevsky T10,0,40,1,F##3,55,i,Bozeman baritone midpoint,0.536,close,E3,2.5,below primo,-4,-9,none,not assessed,short,leap-down,-6,no,4,middle,no,no,no,
Kabalevsky T10,0,40,2.5,F##3,55,i,Bozeman baritone midpoint,0.179,close,E3,2.5,below primo,-4,-9,none,not assessed,short,repeated,0,no,4,middle,no,no,no,
Kabalevsky T10,0,40,3,F##3,55,i,Bozeman baritone midpoint,0.179,close,E3,2.5,below primo,-4,-9,none,not assessed,short,repeated,0,no,4,middle,no,no,no,
Kabalevsky T10,0,40,3.5,F##3,55,ɑ,Bozeman baritone midpoint,0.179,open,D#4,-7.5,below primo,-4,-9,3,not assessed,short,repeated,0,no,4,middle,no,no,no,
Kabalevsky T10,0,41,1,G#3,56,ɑ,Bozeman baritone midpoint,1.071,open,D#4,-6.5,below primo,-3,-8,none,not assessed,short,step,1,no,4,middle,no,no,no,
Kabalevsky T10,0,42,1,G#3,56,ɑ,Bozeman baritone midpoint,0.536,open,D#4,-6.5,below primo,-3,-8,none,not assessed,short,tie,0,no,4,middle,no,no,no,
Kabalevsky T10,0,42,2.5,G#3,56,i,Bozeman baritone midpoint,0.179,close,E3,3.5,below primo,-3,-8,none,not assessed,short,repeated,0,no,4,middle,no,no,no,
Kabalevsky T10,0,42,3,G#3,56,ɑ,Bozeman baritone midpoint,0.179,open,D#4,-6.5,below primo,-3,-8,none,not assessed,short,repeated,0,no,4,middle,no,no,no,
Kabalevsky T10,0,42,3.5,G#3,56,i,Bozeman baritone midpoint,0.179,close,E3,3.5,below primo,-3,-8,none,not assessed,short,repeated,0,no,4,middle,no,no,no,
Kabalevsky T10,0,43,1,G3,55,ɑ,Bozeman baritone midpoint,0.714,open,D#4,-7.5,below primo,-4,-9,3,not assessed,short,step,-1,no,4,middle,no,no,no,
Kabalevsky T10,0,43,3,G3,55,u,Bozeman baritone midpoint,0.357,close,E3,2.5,below primo,-4,-9,none,not assessed,short,repeated,0,no,4,middle,no,no,no,
Kabalevsky T10,0,44,1,Gb3,54,o,Bozeman baritone midpoint,0.536,open,C4,-5.5,below primo,-5,-10,none,not assessed,short,step,-1,no,4,middle,no,no,no,
Kabalevsky T10,0,44,2.5,Gb3,54,ɪ,derived from Bozeman baritone,0.179,open,C4,-6.04,below primo,-5,-10,none,not assessed,short,repeated,0,no,4,middle,no,no,no,
Kabalevsky T10,0,44,3,Gb3,54,o,Bozeman baritone midpoint,0.179,open,C4,-5.5,below primo,-5,-10,none,not assessed,short,repeated,0,no,4,middle,no,no,no,
Kabalevsky T10,0,44,3.5,Gb3,54,ɨ,derived from Bozeman baritone,0.179,open,A#3,-3.89,below primo,-5,-10,none,not assessed,short,repeated,0,no,4,middle,no,no,no,
Kabalevsky T10,0,45,1,F3,53,o,Bozeman baritone midpoint,0.714,open,C4,-6.5,below primo,-6,-11,none,not assessed,short,step,-1,no,4,middle,no,no,no,
Kabalevsky T10,0,45,3,F3,53,ʌ,derived from Bozeman baritone,0.357,open,D#4,-9.5,below primo,-6,-11,none,not assessed,short,repeated,0,no,4,last,no,no,no,
Kabalevsky T10,0,46,3,F3,53,o,Bozeman baritone midpoint,0.357,open,C4,-6.5,below primo,-6,-11,none,not assessed,short,repeated,0,yes,5,first,no,no,no,
Kabalevsky T10,0,47,1,G3,55,ɛ,Bozeman baritone midpoint,0.536,open,D4,-6.5,below primo,-4,-9,none,not assessed,short,step,2,no,5,middle,no,no,no,
Kabalevsky T10,0,47,2.5,G3,55,ʌ,derived from Bozeman baritone,0.179,open,D#4,-7.5,below primo,-4,-9,3,not assessed,short,repeated,0,no,5,middle,no,no,no,
Kabalevsky T10,0,47,3,F3,53,ʌ,derived from Bozeman baritone,0.179,open,D#4,-9.5,below primo,-6,-11,none,not assessed,short,step,-2,no,5,middle,no,no,no,
Kabalevsky T10,0,47,3.5,G3,55,ɑ,Bozeman baritone midpoint,0.179,open,D#4,-7.5,below primo,-4,-9,3,not assessed,short,step,2,no,5,middle,no,no,no,
Kabalevsky T10,0,48,1,Ab3,56,o,Bozeman baritone midpoint,0.714,open,C4,-3.5,below primo,-3,-8,none,not assessed,short,step,1,no,5,middle,no,no,no,
Kabalevsky T10,0,48,3,F3,53,o,Bozeman baritone midpoint,0.357,open,C4,-6.5,below primo,-6,-11,none,not assessed,short,leap-down,-3,no,5,middle,no,no,no,
Kabalevsky T10,0,49,1,G3,55,o,Bozeman baritone midpoint,0.714,open,C4,-4.5,below primo,-4,-9,none,not assessed,short,step,2,no,5,middle,no,no,no,
Kabalevsky T10,0,49,3,Bb3,58,i,Bozeman baritone midpoint,0.357,close,E3,5.5,below primo,-1,-6,none,not assessed,short,leap-up,3,no,5,middle,no,no,no,
Kabalevsky T10,0,50,1,Ab3,56,o,Bozeman baritone midpoint,0.536,open,C4,-3.5,below primo,-3,-8,none,not assessed,short,step,-2,no,5,middle,no,no,no,
Kabalevsky T10,0,50,2.5,Ab3,56,ɪ,derived from Bozeman baritone,0.179,open,C4,-4.04,below primo,-3,-8,none,not assessed,short,repeated,0,no,5,middle,no,no,no,
Kabalevsky T10,0,50,3,Ab3,56,ɑ,Bozeman baritone midpoint,0.179,open,D#4,-6.5,below primo,-3,-8,none,not assessed,short,repeated,0,no,5,middle,no,no,no,
Kabalevsky T10,0,50,3.5,Ab3,56,u,Bozeman baritone midpoint,0.179,close,E3,3.5,below primo,-3,-8,none,not assessed,short,repeated,0,no,5,middle,no,no,no,
Kabalevsky T10,0,51,1,A3,57,ɑ,Bozeman baritone midpoint,0.714,open,D#4,-5.5,below primo,-2,-7,none,not assessed,short,step,1,no,5,middle,no,no,no,
Kabalevsky T10,0,51,3,F3,53,ɑ,Bozeman baritone midpoint,0.357,open,D#4,-9.5,below primo,-6,-11,none,not assessed,short,leap-down,-4,no,5,middle,no,no,no,
Kabalevsky T10,0,52,1,C4,60,u,Bozeman baritone midpoint,0.536,close,E3,7.5,inside,1,-4,none,not assessed,short,leap-up,7,no,5,middle,no,no,no,
Kabalevsky T10,0,52,2.5,C4,60,ɑ,Bozeman baritone midpoint,0.179,open,D#4,-2.5,inside,1,-4,none,not assessed,short,repeated,0,no,5,middle,no,no,no,
Kabalevsky T10,0,52,3,C4,60,u,Bozeman baritone midpoint,0.179,close,E3,7.5,inside,1,-4,none,not assessed,short,repeated,0,no,5,middle,no,no,no,
Kabalevsky T10,0,52,3.5,Db4,61,ɑ,Bozeman baritone midpoint,0.179,open,D#4,-1.5,inside,2,-3,none,not assessed,short,step,1,no,5,middle,yes,no,no,highest of phrase
Kabalevsky T10,0,53,1,Bb3,58,ɑ,Bozeman baritone midpoint,0.714,open,D#4,-4.5,below primo,-1,-6,none,not assessed,short,leap-down,-3,no,5,middle,no,no,no,
Kabalevsky T10,0,53,3,Bb3,58,u,Bozeman baritone midpoint,0.357,close,E3,5.5,below primo,-1,-6,none,not assessed,short,repeated,0,no,5,last,no,no,no,
Kabalevsky T10,0,54,2.5,C4,60,ɑ,Bozeman baritone midpoint,0.179,open,D#4,-2.5,inside,1,-4,none,not assessed,short,step,2,yes,6,first,no,no,no,
Kabalevsky T10,0,54,3,C4,60,ʌ,derived from Bozeman baritone,0.179,open,D#4,-2.5,inside,1,-4,none,not assessed,short,repeated,0,no,6,middle,no,no,no,
Kabalevsky T10,0,54,3.5,C4,60,i,Bozeman baritone midpoint,0.179,close,E3,7.5,inside,1,-4,none,not assessed,short,repeated,0,no,6,middle,no,no,no,
Kabalevsky T10,0,55,1,E4,64,ɛ,Bozeman baritone midpoint,0.714,close,D4,2.5,inside,5,0,none,not assessed,short,leap-up,4,no,6,middle,yes,yes,yes,highest of phrase
Kabalevsky T10,0,55,3,Db4,61,ɑ,Bozeman baritone midpoint,0.357,open,D#4,-1.5,inside,2,-3,none,not assessed,short,leap-down,-3,no,6,middle,no,no,no,
Kabalevsky T10,0,56,1,Bb3,58,u,Bozeman baritone midpoint,0.714,close,E3,5.5,below primo,-1,-6,none,not assessed,short,leap-down,-3,no,6,middle,no,no,no,
Kabalevsky T10,0,56,3,C4,60,ɑ,Bozeman baritone midpoint,0.357,open,D#4,-2.5,inside,1,-4,none,not assessed,short,step,2,no,6,middle,no,no,no,
Kabalevsky T10,0,57,1,Ab3,56,ɑ,Bozeman baritone midpoint,0.714,open,D#4,-6.5,below primo,-3,-8,none,not assessed,short,leap-down,-4,no,6,middle,no,no,no,
Kabalevsky T10,0,57,3,G3,55,u,Bozeman baritone midpoint,0.357,close,E3,2.5,below primo,-4,-9,none,not assessed,short,step,-1,no,6,middle,no,no,no,
Kabalevsky T10,0,58,1,Bb3,58,o,Bozeman baritone midpoint,0.714,open,C4,-1.5,below primo,-1,-6,none,not assessed,short,leap-up,3,no,6,last,no,no,no,
Kabalevsky T10,0,58,3,Bb3,58,i,Bozeman baritone midpoint,0.357,close,E3,5.5,below primo,-1,-6,none,not assessed,short,repeated,0,no,7,first,no,no,no,
Kabalevsky T10,0,59,1,G3,55,ʌ,derived from Bozeman baritone,0.714,open,D#4,-7.5,below primo,-4,-9,3,not assessed,short,leap-down,-3,no,7,middle,no,no,no,
Kabalevsky T10,0,59,3,F3,53,ɨ,derived from Bozeman baritone,0.357,open,A#3,-4.89,below primo,-6,-11,none,not assessed,short,step,-2,no,7,middle,no,no,no,
Kabalevsky T10,0,60,1,C4,60,ɛ,Bozeman baritone midpoint,0.714,open,D4,-1.5,inside,1,-4,none,not assessed,short,leap-up,7,no,7,middle,yes,no,no,highest of phrase
Kabalevsky T10,0,60,3,C4,60,ɨ,derived from Bozeman baritone,0.357,close,A#3,2.11,inside,1,-4,none,not assessed,short,repeated,0,no,7,middle,yes,no,no,highest of phrase
Kabalevsky T10,0,61,1,G3,55,ɛ,Bozeman baritone midpoint,0.536,open,D4,-6.5,below primo,-4,-9,none,not assessed,short,leap-down,-5,no,7,middle,no,no,no,
Kabalevsky T10,0,61,2.5,G3,55,ɨ,derived from Bozeman baritone,0.179,open,A#3,-2.89,below primo,-4,-9,none,not assessed,short,repeated,0,no,7,middle,no,no,no,
Kabalevsky T10,0,61,3,Ab3,56,i,Bozeman baritone midpoint,0.179,close,E3,3.5,below primo,-3,-8,none,not assessed,short,step,1,no,7,middle,no,no,no,
Kabalevsky T10,0,61,3.5,G3,55,ɨ,derived from Bozeman baritone,0.179,open,A#3,-2.89,below primo,-4,-9,none,not assessed,short,step,-1,no,7,middle,no,no,no,
Kabalevsky T10,0,62,1,C4,60,ɑ,Bozeman baritone midpoint,0.714,open,D#4,-2.5,inside,1,-4,none,not assessed,short,leap-up,5,no,7,middle,yes,no,no,highest of phrase
Kabalevsky T10,0,62,3,C4,60,u,Bozeman baritone midpoint,0.357,close,E3,7.5,inside,1,-4,none,not assessed,short,repeated,0,no,7,last,yes,no,no,highest of phrase
Kabalevsky T10,0,65,3,C3,48,o,Bozeman baritone midpoint,0.357,open,C4,-11.5,below primo,-11,-16,4,not assessed,short,leap-down,-12,yes,8,first,no,no,no,
Kabalevsky T10,0,66,1,F3,53,ʌ,derived from Bozeman baritone,0.714,open,D#4,-9.5,below primo,-6,-11,none,not assessed,short,leap-up,5,no,8,middle,no,no,no,
Kabalevsky T10,0,66,3,G3,55,ɨ,derived from Bozeman baritone,0.357,open,A#3,-2.89,below primo,-4,-9,none,not assessed,short,step,2,no,8,middle,no,no,no,
Kabalevsky T10,0,67,1,A3,57,o,Bozeman baritone midpoint,1.071,open,C4,-2.5,below primo,-2,-7,none,not assessed,short,step,2,no,8,middle,no,no,no,
Kabalevsky T10,0,68,1,A3,57,o,Bozeman baritone midpoint,0.714,open,C4,-2.5,below primo,-2,-7,none,not assessed,short,tie,0,no,8,middle,no,no,no,
Kabalevsky T10,0,68,3,Bb3,58,ɨ,derived from Bozeman baritone,0.357,close,A#3,0.11,below primo,-1,-6,none,not assessed,short,step,1,no,8,middle,no,no,no,turning pitch 0 to 2 st below
Kabalevsky T10,0,69,1,A3,57,o,Bozeman baritone midpoint,0.714,open,C4,-2.5,below primo,-2,-7,none,not assessed,short,step,-1,no,8,middle,no,no,no,
Kabalevsky T10,0,69,3,G3,55,i,Bozeman baritone midpoint,0.357,close,E3,2.5,below primo,-4,-9,none,not assessed,short,step,-2,no,8,middle,no,no,no,
Kabalevsky T10,0,70,1,F3,53,ɑ,Bozeman baritone midpoint,0.714,open,D#4,-9.5,below primo,-6,-11,none,not assessed,short,step,-2,no,8,middle,no,no,no,
Kabalevsky T10,0,70,3,E3,52,ɑ,Bozeman baritone midpoint,0.357,open,D#4,-10.5,below primo,-7,-12,none,not assessed,short,step,-1,no,8,middle,no,no,no,
Kabalevsky T10,0,71,1,D3,50,o,Bozeman baritone midpoint,1.071,open,C4,-9.5,below primo,-9,-14,none,not assessed,short,step,-2,no,8,middle,no,no,no,
Kabalevsky T10,0,72,1,D3,50,o,Bozeman baritone midpoint,0.536,open,C4,-9.5,below primo,-9,-14,none,not assessed,short,tie,0,no,8,middle,no,no,no,
Kabalevsky T10,0,72,2.5,D3,50,o,Bozeman baritone midpoint,0.179,open,C4,-9.5,below primo,-9,-14,none,not assessed,short,repeated,0,no,8,middle,no,no,no,
Kabalevsky T10,0,72,3,D3,50,i,Bozeman baritone midpoint,0.179,open,E3,-2.5,below primo,-9,-14,none,not assessed,short,repeated,0,no,8,middle,no,no,no,
Kabalevsky T10,0,72,3.5,D3,50,ɑ,Bozeman baritone midpoint,0.179,open,D#4,-12.5,below primo,-9,-14,none,not assessed,short,repeated,0,no,8,middle,no,no,no,
Kabalevsky T10,0,73,1,D4,62,o,Bozeman baritone midpoint,1.071,close,C4,2.5,inside,3,-2,none,not assessed,short,leap-up,12,no,8,middle,yes,no,no,highest of phrase
Kabalevsky T10,0,74,1,D4,62,o,Bozeman baritone midpoint,0.714,close,C4,2.5,inside,3,-2,none,not assessed,short,tie,0,no,8,middle,yes,no,no,highest of phrase
Kabalevsky T10,0,74,3,A3,57,ɪ,derived from Bozeman baritone,0.357,open,C4,-3.04,below primo,-2,-7,none,not assessed,short,leap-down,-5,no,8,middle,no,no,no,
Kabalevsky T10,0,75,1,Bb3,58,e,Bozeman baritone midpoint,0.714,open,C4,-1.5,below primo,-1,-6,none,not assessed,short,step,1,no,8,middle,no,no,no,
Kabalevsky T10,0,75,3,A3,57,ɪ,derived from Bozeman baritone,0.357,open,C4,-3.04,below primo,-2,-7,none,not assessed,short,step,-1,no,8,middle,no,no,no,
Kabalevsky T10,0,76,1,G3,55,ʌ,derived from Bozeman baritone,0.714,open,D#4,-7.5,below primo,-4,-9,3,not assessed,short,step,-2,no,8,middle,no,no,no,
Kabalevsky T10,0,76,3,D3,50,i,Bozeman baritone midpoint,0.357,open,E3,-2.5,below primo,-9,-14,none,not assessed,short,leap-down,-5,no,8,middle,no,no,no,
Kabalevsky T10,0,77,1,F3,53,o,Bozeman baritone midpoint,1.071,open,C4,-6.5,below primo,-6,-11,none,not assessed,short,leap-up,3,no,8,middle,no,no,no,
Kabalevsky T10,0,78,1,F3,53,o,Bozeman baritone midpoint,1.071,open,C4,-6.5,below primo,-6,-11,none,not assessed,short,tie,0,no,8,middle,no,no,no,
Kabalevsky T10,0,79,1,F3,53,o,Bozeman baritone midpoint,0.179,open,C4,-6.5,below primo,-6,-11,none,not assessed,short,tie,0,no,8,last,no,no,no,
