song,shift,bar,beat,pitch,midi,vowel,fR1_source,seconds,fR1_band,turning_pitch,semitones_from_turning,passaggio,semitones_to_primo,semitones_to_secondo,fR1_rung,fR2_rung,held,approach,approach_semitones,after_rest,phrase_index,phrase_position,highest_of_phrase,p1a_near,p1a_fires,p1a_clauses
Sunless 01,12,2,1,A4,69,o,Bozeman tenor-mezzo midpoint (stand-in),0.732,close,C#4,8.5,inside,2,-5,none,not assessed,short,first note,,,0,first,no,no,no,
Sunless 01,12,2,2,A4,69,ɑ,Bozeman tenor-mezzo midpoint (stand-in),0.732,close,E4,4.5,inside,2,-5,none,not assessed,short,repeated,0,no,0,middle,no,no,no,
Sunless 01,12,2,3,A4,69,ʌ,derived from Bozeman tenor-mezzo (stand-in),0.732,close,E4,4.5,inside,2,-5,none,not assessed,short,repeated,0,no,0,middle,no,no,no,
Sunless 01,12,2,4,A#4,70,ɛ,Bozeman tenor-mezzo midpoint (stand-in),0.732,close,D#4,7.5,inside,3,-4,none,not assessed,short,step,1,no,0,middle,yes,no,no,highest of phrase
Sunless 01,12,2,5,F4,65,ɑ,Bozeman tenor-mezzo midpoint (stand-in),0.732,close,E4,0.5,below primo,-2,-9,none,not assessed,short,leap-down,-5,no,0,middle,no,no,no,turning pitch 0 to 2 st below
Sunless 01,12,2,6,F4,65,ɑ,Bozeman tenor-mezzo midpoint (stand-in),0.366,close,E4,0.5,below primo,-2,-9,none,not assessed,short,repeated,0,no,0,last,no,no,no,turning pitch 0 to 2 st below
Sunless 01,12,3,1,B4,71,i,Bozeman tenor-mezzo midpoint (stand-in),0.732,above,E3,18.5,inside,4,-3,none,not assessed,short,leap-up,6,yes,1,first,yes,no,no,highest of phrase
Sunless 01,12,3,2,G4,67,ɑ,Bozeman tenor-mezzo midpoint (stand-in),0.732,close,E4,2.5,inside,0,-7,none,not assessed,short,leap-down,-4,no,1,middle,no,yes,no,
Sunless 01,12,3,3,G4,67,ɑ,Bozeman tenor-mezzo midpoint (stand-in),0.366,close,E4,2.5,inside,0,-7,none,not assessed,short,repeated,0,no,1,last,no,yes,no,
Sunless 01,12,3,4,C#5,73,i,Bozeman tenor-mezzo midpoint (stand-in),1.098,above,E3,20.5,inside,6,-1,none,not assessed,short,leap-up,6,yes,2,first,yes,yes,yes,highest of phrase
Sunless 01,12,3,5.5,A4,69,ɑ,Bozeman tenor-mezzo midpoint (stand-in),0.366,close,E4,4.5,inside,2,-5,none,not assessed,short,leap-down,-4,no,2,middle,no,no,no,
Sunless 01,12,3,6,A4,69,ɑ,Bozeman tenor-mezzo midpoint (stand-in),0.366,close,E4,4.5,inside,2,-5,none,not assessed,short,repeated,0,no,2,last,no,no,no,
Sunless 01,12,4,1,A#4,70,e,Bozeman tenor-mezzo midpoint (stand-in),0.732,close,D4,8.5,inside,3,-4,none,not assessed,short,step,1,yes,3,first,yes,no,no,highest of phrase
Sunless 01,12,4,2,E4,64,ɪ,derived from Bozeman tenor-mezzo (stand-in),0.732,close,D4,1.96,below primo,-3,-10,none,not assessed,short,leap-down,-6,no,3,middle,no,no,no,turning pitch 0 to 2 st below
Sunless 01,12,4,3,D4,62,o,Bozeman tenor-mezzo midpoint (stand-in),0.732,close,C#4,1.5,below primo,-5,-12,none,not assessed,short,step,-2,no,3,middle,no,no,no,turning pitch 0 to 2 st below
Sunless 01,12,4,4,A4,69,ɑ,Bozeman tenor-mezzo midpoint (stand-in),1.098,close,E4,4.5,inside,2,-5,none,not assessed,short,leap-up,7,no,3,middle,no,no,no,
Sunless 01,12,4,5.5,E4,64,ɑ,Bozeman tenor-mezzo midpoint (stand-in),0.366,open,E4,-0.5,below primo,-3,-10,none,not assessed,short,leap-down,-5,no,3,middle,no,no,no,
Sunless 01,12,4,6,E4,64,ɑ,Bozeman tenor-mezzo midpoint (stand-in),0.732,open,E4,-0.5,below primo,-3,-10,none,not assessed,short,repeated,0,no,3,middle,no,no,no,
Sunless 01,12,5,1,G4,67,e,Bozeman tenor-mezzo midpoint (stand-in),0.732,close,D4,5.5,inside,0,-7,none,not assessed,short,leap-up,3,no,3,middle,no,yes,no,
Sunless 01,12,5,2,D4,62,ɪ,derived from Bozeman tenor-mezzo (stand-in),0.732,open,D4,-0.04,below primo,-5,-12,none,not assessed,short,leap-down,-5,no,3,middle,no,no,no,
Sunless 01,12,5,3,C#4,61,ɑ,Bozeman tenor-mezzo midpoint (stand-in),0.732,open,E4,-3.5,below primo,-6,-13,none,not assessed,short,step,-1,no,3,middle,no,no,no,
Sunless 01,12,5,4,F4,65,ɛ,Bozeman tenor-mezzo midpoint (stand-in),1.098,close,D#4,2.5,below primo,-2,-9,none,not assessed,short,leap-up,4,no,3,middle,no,no,no,
Sunless 01,12,5,5.5,D4,62,ɑ,Bozeman tenor-mezzo midpoint (stand-in),0.366,open,E4,-2.5,below primo,-5,-12,none,not assessed,short,leap-down,-3,no,3,middle,no,no,no,
Sunless 01,12,5,6,D4,62,ɑ,Bozeman tenor-mezzo midpoint (stand-in),0.366,open,E4,-2.5,below primo,-5,-12,none,not assessed,short,repeated,0,no,3,last,no,no,no,
Sunless 01,12,6,1,A4,69,u,Bozeman tenor-mezzo midpoint (stand-in),0.732,above,G3,14.5,inside,2,-5,none,not assessed,short,leap-up,7,yes,4,first,yes,no,no,highest of phrase
Sunless 01,12,6,2,F#4,66,ɑ,Bozeman tenor-mezzo midpoint (stand-in),0.366,close,E4,1.5,below primo,-1,-8,none,not assessed,short,leap-down,-3,no,4,last,no,yes,yes,turning pitch 0 to 2 st below
Sunless 01,12,6,3,A4,69,u,Bozeman tenor-mezzo midpoint (stand-in),0.732,above,G3,14.5,inside,2,-5,none,not assessed,short,leap-up,3,yes,5,first,no,no,no,
Sunless 01,12,6,4,D5,74,o,Bozeman tenor-mezzo midpoint (stand-in),1.098,above,C#4,13.5,inside,7,0,none,not assessed,short,leap-up,5,no,5,middle,yes,yes,yes,highest of phrase
Sunless 01,12,6,5.5,G#4,68,ɑ,Bozeman tenor-mezzo midpoint (stand-in),0.366,close,E4,3.5,inside,1,-6,none,not assessed,short,leap-down,-6,no,5,middle,no,yes,no,
Sunless 01,12,6,6,G#4,68,ɑ,Bozeman tenor-mezzo midpoint (stand-in),0.366,close,E4,3.5,inside,1,-6,none,not assessed,short,repeated,0,no,5,last,no,yes,no,
Sunless 01,12,7,1,G4,67,e,Bozeman tenor-mezzo midpoint (stand-in),0.732,close,D4,5.5,inside,0,-7,none,not assessed,short,step,-1,yes,6,first,no,yes,no,
Sunless 01,12,7,2,G4,67,ɑ,Bozeman tenor-mezzo midpoint (stand-in),0.732,close,E4,2.5,inside,0,-7,none,not assessed,short,repeated,0,no,6,middle,no,yes,no,
Sunless 01,12,7,3,G4,67,u,Bozeman tenor-mezzo midpoint (stand-in),0.732,crossing,G3,12.5,inside,0,-7,none,not assessed,short,repeated,0,no,6,middle,no,yes,yes,crossing
Sunless 01,12,7,4,A#4,70,ɨ,derived from Bozeman tenor-mezzo (stand-in),1.098,crossing,A#3,12.11,inside,3,-4,none,not assessed,short,leap-up,3,no,6,middle,yes,no,no,highest of phrase; crossing
Sunless 01,12,7,5.5,D4,62,ɑ,Bozeman tenor-mezzo midpoint (stand-in),0.366,open,E4,-2.5,below primo,-5,-12,none,not assessed,short,leap-down,-8,no,6,middle,no,no,no,
Sunless 01,12,7,6,D4,62,ɑ,Bozeman tenor-mezzo midpoint (stand-in),0.366,open,E4,-2.5,below primo,-5,-12,none,not assessed,short,repeated,0,no,6,last,no,no,no,
Sunless 01,12,8,1,E4,64,u,Bozeman tenor-mezzo midpoint (stand-in),0.732,close,G3,9.5,below primo,-3,-10,none,not assessed,short,step,2,yes,7,first,no,no,no,
Sunless 01,12,8,2,C#4,61,ɪ,derived from Bozeman tenor-mezzo (stand-in),0.732,open,D4,-1.04,below primo,-6,-13,none,not assessed,short,leap-down,-3,no,7,middle,no,no,no,
Sunless 01,12,8,3,D4,62,ɪ,derived from Bozeman tenor-mezzo (stand-in),0.732,open,D4,-0.04,below primo,-5,-12,none,not assessed,short,step,1,no,7,middle,no,no,no,
Sunless 01,12,8,4,F#4,66,ɛ,Bozeman tenor-mezzo midpoint (stand-in),0.732,close,D#4,3.5,below primo,-1,-8,none,not assessed,short,leap-up,4,no,7,middle,yes,yes,yes,highest of phrase
Sunless 01,12,8,5,D4,62,ɨ,derived from Bozeman tenor-mezzo (stand-in),0.366,close,A#3,4.11,below primo,-5,-12,none,not assessed,short,leap-down,-4,no,7,last,no,no,no,
Sunless 01,12,8,6.5,C#4,61,ɑ,Bozeman tenor-mezzo midpoint (stand-in),0.366,open,E4,-3.5,below primo,-6,-13,none,not assessed,short,step,-1,yes,8,first,no,no,no,
Sunless 01,12,9,1,E4,64,ɛ,Bozeman tenor-mezzo midpoint (stand-in),0.732,close,D#4,1.5,below primo,-3,-10,none,not assessed,short,leap-up,3,no,8,middle,no,no,no,turning pitch 0 to 2 st below
Sunless 01,12,9,2,C#4,61,ɑ,Bozeman tenor-mezzo midpoint (stand-in),0.732,open,E4,-3.5,below primo,-6,-13,none,not assessed,short,leap-down,-3,no,8,middle,no,no,no,
Sunless 01,12,9,3,D4,62,ɑ,Bozeman tenor-mezzo midpoint (stand-in),0.732,open,E4,-2.5,below primo,-5,-12,none,not assessed,short,step,1,no,8,middle,no,no,no,
Sunless 01,12,9,4,A4,69,ɛ,Bozeman tenor-mezzo midpoint (stand-in),1.098,close,D#4,6.5,inside,2,-5,none,not assessed,short,leap-up,7,no,8,middle,yes,no,no,highest of phrase
Sunless 01,12,9,5.5,F#4,66,ɑ,Bozeman tenor-mezzo midpoint (stand-in),0.366,close,E4,1.5,below primo,-1,-8,none,not assessed,short,leap-down,-3,no,8,middle,no,yes,yes,turning pitch 0 to 2 st below
Sunless 01,12,9,6,F#4,66,ɑ,Bozeman tenor-mezzo midpoint (stand-in),0.366,close,E4,1.5,below primo,-1,-8,none,not assessed,short,repeated,0,no,8,last,no,yes,yes,turning pitch 0 to 2 st below
Sunless 01,12,10,1,A#4,70,ɨ,derived from Bozeman tenor-mezzo (stand-in),0.732,crossing,A#3,12.11,inside,3,-4,none,not assessed,short,leap-up,4,yes,9,first,no,no,no,crossing
Sunless 01,12,10,2,E4,64,ɨ,derived from Bozeman tenor-mezzo (stand-in),0.732,close,A#3,6.11,below primo,-3,-10,none,not assessed,short,leap-down,-6,no,9,middle,no,no,no,
Sunless 01,12,10,3,F4,65,ɑ,Bozeman tenor-mezzo midpoint (stand-in),0.732,close,E4,0.5,below primo,-2,-9,none,not assessed,short,step,1,no,9,middle,no,no,no,turning pitch 0 to 2 st below
Sunless 01,12,10,4,G4,67,o,Bozeman tenor-mezzo midpoint (stand-in),0.732,close,C#4,6.5,inside,0,-7,none,not assessed,short,step,2,no,9,middle,no,yes,no,
Sunless 01,12,10,5,A4,69,ʌ,derived from Bozeman tenor-mezzo (stand-in),0.732,close,E4,4.5,inside,2,-5,none,not assessed,short,step,2,no,9,middle,no,no,no,
Sunless 01,12,10,6,A#4,70,ɑ,Bozeman tenor-mezzo midpoint (stand-in),0.732,close,E4,5.5,inside,3,-4,none,not assessed,short,step,1,no,9,middle,no,no,no,
Sunless 01,12,11,1,C5,72,e,Bozeman tenor-mezzo midpoint (stand-in),0.732,close,D4,10.5,inside,5,-2,none,not assessed,short,step,2,no,9,middle,yes,no,no,highest of phrase
Sunless 01,12,11,2,A#4,70,ɪ,derived from Bozeman tenor-mezzo (stand-in),0.732,close,D4,7.96,inside,3,-4,none,not assessed,short,step,-2,no,9,middle,no,no,no,
Sunless 01,12,11,3,C5,72,ɑ,Bozeman tenor-mezzo midpoint (stand-in),0.732,close,E4,7.5,inside,5,-2,none,not assessed,short,step,2,no,9,middle,yes,no,no,highest of phrase
Sunless 01,12,11,4,G#4,68,e,Bozeman tenor-mezzo midpoint (stand-in),1.098,close,D4,6.5,inside,1,-6,none,not assessed,short,leap-down,-4,no,9,middle,no,yes,no,
Sunless 01,12,11,5.5,G#4,68,i,Bozeman tenor-mezzo midpoint (stand-in),0.366,above,E3,15.5,inside,1,-6,none,not assessed,short,repeated,0,no,9,middle,no,yes,no,
Sunless 01,12,11,6,G#4,68,ɪ,derived from Bozeman tenor-mezzo (stand-in),0.366,close,D4,5.96,inside,1,-6,none,not assessed,short,repeated,0,no,9,last,no,yes,no,
Sunless 01,12,12,1,G4,67,o,Bozeman tenor-mezzo midpoint (stand-in),0.732,close,C#4,6.5,inside,0,-7,none,not assessed,short,step,-1,yes,10,first,no,yes,no,
Sunless 01,12,12,2,E4,64,ɪ,derived from Bozeman tenor-mezzo (stand-in),0.732,close,D4,1.96,below primo,-3,-10,none,not assessed,short,leap-down,-3,no,10,middle,no,no,no,turning pitch 0 to 2 st below
Sunless 01,12,12,3,G4,67,ɑ,Bozeman tenor-mezzo midpoint (stand-in),0.732,close,E4,2.5,inside,0,-7,none,not assessed,short,leap-up,3,no,10,middle,no,yes,no,
Sunless 01,12,12,4,A#4,70,i,Bozeman tenor-mezzo midpoint (stand-in),0.732,above,E3,17.5,inside,3,-4,none,not assessed,short,leap-up,3,no,10,middle,yes,no,no,highest of phrase
Sunless 01,12,12,5,G4,67,ɨ,derived from Bozeman tenor-mezzo (stand-in),0.366,close,A#3,9.11,inside,0,-7,none,not assessed,short,leap-down,-3,no,10,last,no,yes,no,
Sunless 01,12,12,6,G4,67,ɑ,Bozeman tenor-mezzo midpoint (stand-in),0.732,close,E4,2.5,inside,0,-7,none,not assessed,short,repeated,0,yes,11,first,no,yes,no,
Sunless 01,12,13,1,E4,64,ɑ,Bozeman tenor-mezzo midpoint (stand-in),0.732,open,E4,-0.5,below primo,-3,-10,none,not assessed,short,leap-down,-3,no,11,middle,no,no,no,
Sunless 01,12,13,2,D4,62,ɪ,derived from Bozeman tenor-mezzo (stand-in),0.732,open,D4,-0.04,below primo,-5,-12,none,not assessed,short,step,-2,no,11,middle,no,no,no,
Sunless 01,12,13,3,E4,64,ɑ,Bozeman tenor-mezzo midpoint (stand-in),0.732,open,E4,-0.5,below primo,-3,-10,none,not assessed,short,step,2,no,11,middle,no,no,no,
Sunless 01,12,13,4,A#4,70,o,Bozeman tenor-mezzo midpoint (stand-in),1.098,close,C#4,9.5,inside,3,-4,none,not assessed,short,leap-up,6,no,11,middle,yes,no,no,highest of phrase
Sunless 01,12,13,5.5,G4,67,ʌ,derived from Bozeman tenor-mezzo (stand-in),0.366,close,E4,2.5,inside,0,-7,none,not assessed,short,leap-down,-3,no,11,middle,no,yes,no,
Sunless 01,12,13,6,G4,67,ɪ,derived from Bozeman tenor-mezzo (stand-in),0.366,close,D4,4.96,inside,0,-7,none,not assessed,short,repeated,0,no,11,last,no,yes,no,
Sunless 01,12,14,1,A#4,70,o,Bozeman tenor-mezzo midpoint (stand-in),0.732,close,C#4,9.5,inside,3,-4,none,not assessed,short,leap-up,3,yes,12,first,no,no,no,
Sunless 01,12,14,2,A4,69,ʌ,derived from Bozeman tenor-mezzo (stand-in),0.732,close,E4,4.5,inside,2,-5,none,not assessed,short,step,-1,no,12,middle,no,no,no,
Sunless 01,12,14,3,G4,67,ɑ,Bozeman tenor-mezzo midpoint (stand-in),0.732,close,E4,2.5,inside,0,-7,none,not assessed,short,step,-2,no,12,middle,no,yes,no,
Sunless 01,12,14,4,A#4,70,e,Bozeman tenor-mezzo midpoint (stand-in),1.098,close,D4,8.5,inside,3,-4,none,not assessed,short,leap-up,3,no,12,middle,no,no,no,
Sunless 01,12,14,5.5,A4,69,i,Bozeman tenor-mezzo midpoint (stand-in),0.366,above,E3,16.5,inside,2,-5,none,not assessed,short,step,-1,no,12,middle,no,no,no,
Sunless 01,12,14,6,A4,69,ɪ,derived from Bozeman tenor-mezzo (stand-in),0.732,close,D4,6.96,inside,2,-5,none,not assessed,short,repeated,0,no,12,middle,no,no,no,
Sunless 01,12,15,1,A#4,70,o,Bozeman tenor-mezzo midpoint (stand-in),0.732,close,C#4,9.5,inside,3,-4,none,not assessed,short,step,1,no,12,middle,no,no,no,
Sunless 01,12,15,2,A4,69,ʌ,derived from Bozeman tenor-mezzo (stand-in),0.732,close,E4,4.5,inside,2,-5,none,not assessed,short,step,-1,no,12,middle,no,no,no,
Sunless 01,12,15,3,G4,67,ɪ,derived from Bozeman tenor-mezzo (stand-in),0.732,close,D4,4.96,inside,0,-7,none,not assessed,short,step,-2,no,12,middle,no,yes,no,
Sunless 01,12,15,4,C#5,73,e,Bozeman tenor-mezzo midpoint (stand-in),1.098,close,D4,11.5,inside,6,-1,none,not assessed,short,leap-up,6,no,12,middle,yes,yes,yes,highest of phrase
Sunless 01,12,15,5.5,A4,69,i,Bozeman tenor-mezzo midpoint (stand-in),0.366,above,E3,16.5,inside,2,-5,none,not assessed,short,leap-down,-4,no,12,middle,no,no,no,
Sunless 01,12,15,6,A4,69,ɪ,derived from Bozeman tenor-mezzo (stand-in),0.366,close,D4,6.96,inside,2,-5,none,not assessed,short,repeated,0,no,12,last,no,no,no,
Sunless 01,12,16,1,A4,69,o,Bozeman tenor-mezzo midpoint (stand-in),1.098,close,C#4,8.5,inside,2,-5,none,not assessed,short,repeated,0,yes,13,first,yes,no,no,highest of phrase
Sunless 01,12,16,2.5,F4,65,ɑ,Bozeman tenor-mezzo midpoint (stand-in),0.366,close,E4,0.5,below primo,-2,-9,none,not assessed,short,leap-down,-4,no,13,middle,no,no,no,turning pitch 0 to 2 st below
Sunless 01,12,16,3,F4,65,ɑ,Bozeman tenor-mezzo midpoint (stand-in),0.366,close,E4,0.5,below primo,-2,-9,none,not assessed,short,repeated,0,no,13,last,no,no,no,turning pitch 0 to 2 st below
Sunless 01,12,16,4,G4,67,o,Bozeman tenor-mezzo midpoint (stand-in),0.732,close,C#4,6.5,inside,0,-7,none,not assessed,short,step,2,yes,14,first,yes,yes,yes,highest of phrase
Sunless 01,12,16,5,D4,62,ɑ,Bozeman tenor-mezzo midpoint (stand-in),0.732,open,E4,-2.5,below primo,-5,-12,none,not assessed,short,leap-down,-5,no,14,middle,no,no,no,
Sunless 01,12,16,6,D4,62,ɑ,Bozeman tenor-mezzo midpoint (stand-in),0.366,open,E4,-2.5,below primo,-5,-12,none,not assessed,short,repeated,0,no,14,last,no,no,no,
Sunless 01,12,17,1,E4,64,o,Bozeman tenor-mezzo midpoint (stand-in),1.463,close,C#4,3.5,below primo,-3,-10,none,not assessed,short,step,2,yes,15,only,yes,no,no,highest of phrase
Sunless 01,12,17,4,E4,64,ʌ,derived from Bozeman tenor-mezzo (stand-in),1.098,open,E4,-0.5,below primo,-3,-10,none,not assessed,short,repeated,0,yes,16,first,no,no,no,
Sunless 01,12,17,5.5,E4,64,i,Bozeman tenor-mezzo midpoint (stand-in),1.098,crossing,E3,11.5,below primo,-3,-10,none,not assessed,short,repeated,0,no,16,middle,no,no,no,crossing
Sunless 01,12,18,1,F#4,66,o,Bozeman tenor-mezzo midpoint (stand-in),1.098,close,C#4,5.5,below primo,-1,-8,none,not assessed,short,step,2,no,16,middle,yes,yes,yes,highest of phrase
Sunless 01,12,18,2.5,D4,62,ɑ,Bozeman tenor-mezzo midpoint (stand-in),0.366,open,E4,-2.5,below primo,-5,-12,none,not assessed,short,leap-down,-4,no,16,middle,no,no,no,
Sunless 01,12,18,3,D4,62,ɑ,Bozeman tenor-mezzo midpoint (stand-in),0.732,open,E4,-2.5,below primo,-5,-12,none,not assessed,short,repeated,0,no,16,last,no,no,no,
Sunless 02,13,1,2.5,B4,71,i,Bozeman tenor-mezzo midpoint (stand-in),0.25,above,E3,18.5,inside,4,-3,none,not assessed,short,first note,,,0,first,yes,no,no,highest of phrase
Sunless 02,13,2,1,A#4,70,ɑ,Bozeman tenor-mezzo midpoint (stand-in),0.25,close,E4,5.5,inside,3,-4,none,not assessed,short,step,-1,no,0,last,no,no,no,
Sunless 02,13,2,2,G4,67,ɨ,derived from Bozeman tenor-mezzo (stand-in),0.375,close,A#3,9.11,inside,0,-7,none,not assessed,short,leap-down,-3,yes,1,first,yes,yes,yes,highest of phrase
Sunless 02,13,2,2.75,D#4,63,ɑ,Bozeman tenor-mezzo midpoint (stand-in),0.125,open,E4,-1.5,below primo,-4,-11,none,not assessed,short,leap-down,-4,no,1,middle,no,no,no,
Sunless 02,13,2,3,D4,62,ɛ,Bozeman tenor-mezzo midpoint (stand-in),0.5,open,D#4,-0.5,below primo,-5,-12,none,not assessed,short,step,-1,no,1,middle,no,no,no,
Sunless 02,13,2,4,D#4,63,ɪ,derived from Bozeman tenor-mezzo (stand-in),0.25,close,D4,0.96,below primo,-4,-11,none,not assessed,short,step,1,no,1,middle,no,no,no,turning pitch 0 to 2 st below
Sunless 02,13,2,4.5,D#4,63,u,Bozeman tenor-mezzo midpoint (stand-in),0.25,close,G3,8.5,below primo,-4,-11,none,not assessed,short,repeated,0,no,1,middle,no,no,no,
Sunless 02,13,3,1,G4,67,ɑ,Bozeman tenor-mezzo midpoint (stand-in),0.5,close,E4,2.5,inside,0,-7,none,not assessed,short,leap-up,4,no,1,middle,yes,yes,yes,highest of phrase
Sunless 02,13,3,2,D#4,63,ɑ,Bozeman tenor-mezzo midpoint (stand-in),0.25,open,E4,-1.5,below primo,-4,-11,none,not assessed,short,leap-down,-4,no,1,last,no,no,no,
Sunless 02,13,3,2.75,D#4,63,o,Bozeman tenor-mezzo midpoint (stand-in),0.125,close,C#4,2.5,below primo,-4,-11,none,not assessed,short,repeated,0,yes,2,first,no,no,no,
Sunless 02,13,3,3,F#4,66,ɑ,Bozeman tenor-mezzo midpoint (stand-in),0.167,close,E4,1.5,below primo,-1,-8,none,not assessed,short,leap-up,3,no,2,middle,yes,yes,yes,highest of phrase; turning pitch 0 to 2 st below
Sunless 02,13,3,3.333,D#4,63,ɪ,derived from Bozeman tenor-mezzo (stand-in),0.167,close,D4,0.96,below primo,-4,-11,none,not assessed,short,leap-down,-3,no,2,middle,no,no,no,turning pitch 0 to 2 st below
Sunless 02,13,3,3.667,F#4,66,ɑ,Bozeman tenor-mezzo midpoint (stand-in),0.167,close,E4,1.5,below primo,-1,-8,none,not assessed,short,leap-up,3,no,2,middle,yes,yes,yes,highest of phrase; turning pitch 0 to 2 st below
Sunless 02,13,3,4,F4,65,ɑ,Bozeman tenor-mezzo midpoint (stand-in),0.167,close,E4,0.5,below primo,-2,-9,none,not assessed,short,step,-1,no,2,middle,no,no,no,turning pitch 0 to 2 st below
Sunless 02,13,3,4.333,F4,65,i,Bozeman tenor-mezzo midpoint (stand-in),0.167,above,E3,12.5,below primo,-2,-9,none,not assessed,short,repeated,0,no,2,middle,no,no,no,
Sunless 02,13,3,4.667,F#4,66,ɪ,derived from Bozeman tenor-mezzo (stand-in),0.167,close,D4,3.96,below primo,-1,-8,none,not assessed,short,step,1,no,2,middle,yes,yes,yes,highest of phrase
Sunless 02,13,4,1,D#4,63,o,Bozeman tenor-mezzo midpoint (stand-in),0.25,close,C#4,2.5,below primo,-4,-11,none,not assessed,short,leap-down,-3,no,2,last,no,no,no,
Sunless 02,13,4,2,D#4,63,o,Bozeman tenor-mezzo midpoint (stand-in),0.5,close,C#4,2.5,below primo,-4,-11,none,not assessed,short,repeated,0,yes,3,first,no,no,no,
Sunless 02,13,4,3,D4,62,u,Bozeman tenor-mezzo midpoint (stand-in),0.5,close,G3,7.5,below primo,-5,-12,none,not assessed,short,step,-1,no,3,middle,no,no,no,
Sunless 02,13,4,4,D4,62,ʌ,derived from Bozeman tenor-mezzo (stand-in),0.375,open,E4,-2.5,below primo,-5,-12,none,not assessed,short,repeated,0,no,3,middle,no,no,no,
Sunless 02,13,4,4.75,D4,62,i,Bozeman tenor-mezzo midpoint (stand-in),0.125,close,E3,9.5,below primo,-5,-12,none,not assessed,short,repeated,0,no,3,middle,no,no,no,
Sunless 02,13,5,1,G#4,68,ɑ,Bozeman tenor-mezzo midpoint (stand-in),0.5,close,E4,3.5,inside,1,-6,none,not assessed,short,leap-up,6,no,3,middle,yes,yes,yes,highest of phrase
Sunless 02,13,5,2,C#4,61,ʌ,derived from Bozeman tenor-mezzo (stand-in),0.375,open,E4,-3.5,below primo,-6,-13,none,not assessed,short,leap-down,-7,no,3,middle,no,no,no,
Sunless 02,13,5,2.75,C#4,61,ɛ,Bozeman tenor-mezzo midpoint (stand-in),0.125,open,D#4,-1.5,below primo,-6,-13,none,not assessed,short,repeated,0,no,3,middle,no,no,no,
Sunless 02,13,5,3,C4,60,ɑ,Bozeman tenor-mezzo midpoint (stand-in),0.5,open,E4,-4.5,below primo,-7,-14,none,not assessed,short,step,-1,no,3,middle,no,no,no,
Sunless 02,13,5,4,A#3,58,ʌ,derived from Bozeman tenor-mezzo (stand-in),0.25,open,E4,-6.5,below primo,-9,-16,none,not assessed,short,step,-2,no,3,last,no,no,no,
Sunless 02,13,5,4.75,A#3,58,ɑ,Bozeman tenor-mezzo midpoint (stand-in),0.125,open,E4,-6.5,below primo,-9,-16,none,not assessed,short,repeated,0,yes,4,first,no,no,no,
Sunless 02,13,6,1,D#4,63,ɑ,Bozeman tenor-mezzo midpoint (stand-in),0.167,open,E4,-1.5,below primo,-4,-11,none,not assessed,short,leap-up,5,no,4,middle,no,no,no,
Sunless 02,13,6,1.333,F4,65,u,Bozeman tenor-mezzo midpoint (stand-in),0.167,close,G3,10.5,below primo,-2,-9,none,not assessed,short,step,2,no,4,middle,no,no,no,
Sunless 02,13,6,1.667,D#4,63,ɑ,Bozeman tenor-mezzo midpoint (stand-in),0.167,open,E4,-1.5,below primo,-4,-11,none,not assessed,short,step,-2,no,4,middle,no,no,no,
Sunless 02,13,6,2,B4,71,i,Bozeman tenor-mezzo midpoint (stand-in),0.167,above,E3,18.5,inside,4,-3,none,not assessed,short,leap-up,8,no,4,middle,yes,no,no,highest of phrase
Sunless 02,13,6,2.333,D#4,63,ɑ,Bozeman tenor-mezzo midpoint (stand-in),0.167,open,E4,-1.5,below primo,-4,-11,none,not assessed,short,leap-down,-8,no,4,middle,no,no,no,
Sunless 02,13,6,2.667,F4,65,ɪ,derived from Bozeman tenor-mezzo (stand-in),0.167,close,D4,2.96,below primo,-2,-9,none,not assessed,short,step,2,no,4,middle,no,no,no,
Sunless 02,13,6,3,F#4,66,o,Bozeman tenor-mezzo midpoint (stand-in),0.5,close,C#4,5.5,below primo,-1,-8,none,not assessed,short,step,1,no,4,last,no,yes,no,
Sunless 02,13,6,4.5,F#4,66,o,Bozeman tenor-mezzo midpoint (stand-in),0.25,close,C#4,5.5,below primo,-1,-8,none,not assessed,short,repeated,0,yes,5,first,no,yes,no,
Sunless 02,13,7,1,G#4,68,ɨ,derived from Bozeman tenor-mezzo (stand-in),0.167,close,A#3,10.11,inside,1,-6,none,not assessed,short,step,2,no,5,middle,no,yes,no,
Sunless 02,13,7,1.333,D#4,63,ʌ,derived from Bozeman tenor-mezzo (stand-in),0.167,open,E4,-1.5,below primo,-4,-11,none,not assessed,short,leap-down,-5,no,5,middle,no,no,no,
Sunless 02,13,7,1.667,F4,65,ɑ,Bozeman tenor-mezzo midpoint (stand-in),0.167,close,E4,0.5,below primo,-2,-9,none,not assessed,short,step,2,no,5,middle,no,no,no,turning pitch 0 to 2 st below
Sunless 02,13,7,2,G#4,68,o,Bozeman tenor-mezzo midpoint (stand-in),0.167,close,C#4,7.5,inside,1,-6,none,not assessed,short,leap-up,3,no,5,middle,no,yes,no,
Sunless 02,13,7,2.333,F4,65,i,Bozeman tenor-mezzo midpoint (stand-in),0.167,above,E3,12.5,below primo,-2,-9,none,not assessed,short,leap-down,-3,no,5,middle,no,no,no,
Sunless 02,13,7,2.667,G#4,68,ɑ,Bozeman tenor-mezzo midpoint (stand-in),0.167,close,E4,3.5,inside,1,-6,none,not assessed,short,leap-up,3,no,5,middle,no,yes,no,
Sunless 02,13,7,3,A#4,70,e,Bozeman tenor-mezzo midpoint (stand-in),0.25,close,D4,8.5,inside,3,-4,none,not assessed,short,step,2,no,5,middle,yes,no,no,highest of phrase
Sunless 02,13,7,3.5,F4,65,ɪ,derived from Bozeman tenor-mezzo (stand-in),0.25,close,D4,2.96,below primo,-2,-9,none,not assessed,short,leap-down,-5,no,5,last,no,no,no,
Sunless 02,13,7,4.75,A#4,70,o,Bozeman tenor-mezzo midpoint (stand-in),0.125,close,C#4,9.5,inside,3,-4,none,not assessed,short,leap-up,5,yes,6,first,no,no,no,
Sunless 02,13,8,1,B4,71,e,Bozeman tenor-mezzo midpoint (stand-in),0.5,close,D4,9.5,inside,4,-3,none,not assessed,short,step,1,no,6,middle,yes,no,no,highest of phrase
Sunless 02,13,8,2,F#4,66,ɛ,Bozeman tenor-mezzo midpoint (stand-in),0.25,close,D#4,3.5,below primo,-1,-8,none,not assessed,short,leap-down,-5,no,6,last,no,yes,no,
Sunless 02,13,8,2.75,F#4,66,ɑ,Bozeman tenor-mezzo midpoint (stand-in),0.125,close,E4,1.5,below primo,-1,-8,none,not assessed,short,repeated,0,yes,7,first,no,yes,yes,turning pitch 0 to 2 st below
Sunless 02,13,8,3,G#4,68,o,Bozeman tenor-mezzo midpoint (stand-in),0.167,close,C#4,7.5,inside,1,-6,none,not assessed,short,step,2,no,7,middle,no,yes,no,
Sunless 02,13,8,3.333,D#4,63,i,Bozeman tenor-mezzo midpoint (stand-in),0.167,close,E3,10.5,below primo,-4,-11,none,not assessed,short,leap-down,-5,no,7,middle,no,no,no,
Sunless 02,13,8,3.667,F4,65,i,Bozeman tenor-mezzo midpoint (stand-in),0.167,above,E3,12.5,below primo,-2,-9,none,not assessed,short,step,2,no,7,middle,no,no,no,
Sunless 02,13,8,4,B4,71,o,Bozeman tenor-mezzo midpoint (stand-in),0.5,close,C#4,10.5,inside,4,-3,none,not assessed,short,leap-up,6,no,7,middle,no,no,no,
Sunless 02,13,9,1,E5,76,e,Bozeman tenor-mezzo midpoint (stand-in),0.5,above,D4,14.5,above secondo,9,2,none,not assessed,short,leap-up,5,no,7,middle,yes,no,no,highest of phrase
Sunless 02,13,9,2,D#5,75,o,Bozeman tenor-mezzo midpoint (stand-in),0.167,above,C#4,14.5,above secondo,8,1,none,not assessed,short,step,-1,no,7,middle,no,yes,no,
Sunless 02,13,9,2.333,D5,74,ʌ,derived from Bozeman tenor-mezzo (stand-in),0.167,close,E4,9.5,inside,7,0,none,not assessed,short,step,-1,no,7,middle,no,yes,no,
Sunless 02,13,9,2.667,D#5,75,u,Bozeman tenor-mezzo midpoint (stand-in),0.167,above,G3,20.5,above secondo,8,1,none,not assessed,short,step,1,no,7,middle,no,yes,no,
Sunless 02,13,9,3,C#5,73,i,Bozeman tenor-mezzo midpoint (stand-in),0.333,above,E3,20.5,inside,6,-1,none,not assessed,short,step,-2,no,7,middle,no,yes,no,
Sunless 02,13,9,3.667,C5,72,ʌ,derived from Bozeman tenor-mezzo (stand-in),0.333,close,E4,7.5,inside,5,-2,none,not assessed,short,step,-1,no,7,middle,no,no,no,
Sunless 02,13,9,4.333,G#4,68,ɑ,Bozeman tenor-mezzo midpoint (stand-in),0.333,close,E4,3.5,inside,1,-6,none,not assessed,short,leap-down,-4,no,7,middle,no,yes,no,
Sunless 02,13,10,1,B4,71,e,Bozeman tenor-mezzo midpoint (stand-in),0.5,close,D4,9.5,inside,4,-3,none,not assessed,short,leap-up,3,no,7,middle,no,no,no,
Sunless 02,13,10,2,A4,69,ɪ,derived from Bozeman tenor-mezzo (stand-in),0.25,close,D4,6.96,inside,2,-5,none,not assessed,short,step,-2,no,7,last,no,no,no,
Sunless 02,13,10,3,B4,71,u,Bozeman tenor-mezzo midpoint (stand-in),1,above,G3,16.5,inside,4,-3,none,not assessed,short,step,2,yes,8,first,yes,no,no,highest of phrase
Sunless 02,13,11,1,A#4,70,o,Bozeman tenor-mezzo midpoint (stand-in),0.5,close,C#4,9.5,inside,3,-4,none,not assessed,short,step,-1,no,8,middle,no,no,no,
Sunless 02,13,11,2,F#4,66,i,Bozeman tenor-mezzo midpoint (stand-in),0.25,above,E3,13.5,below primo,-1,-8,none,not assessed,short,leap-down,-4,no,8,last,no,yes,no,
Sunless 02,13,11,2.75,D#4,63,ɑ,Bozeman tenor-mezzo midpoint (stand-in),0.125,open,E4,-1.5,below primo,-4,-11,none,not assessed,short,leap-down,-3,yes,9,first,no,no,no,
Sunless 02,13,11,3,D4,62,e,Bozeman tenor-mezzo midpoint (stand-in),0.5,close,D4,0.5,below primo,-5,-12,none,not assessed,short,step,-1,no,9,middle,no,no,no,turning pitch 0 to 2 st below
Sunless 02,13,11,4,D#4,63,ɑ,Bozeman tenor-mezzo midpoint (stand-in),0.25,open,E4,-1.5,below primo,-4,-11,none,not assessed,short,step,1,no,9,middle,no,no,no,
Sunless 02,13,11,4.5,D#4,63,i,Bozeman tenor-mezzo midpoint (stand-in),0.25,close,E3,10.5,below primo,-4,-11,none,not assessed,short,repeated,0,no,9,middle,no,no,no,
Sunless 02,13,12,1,B4,71,o,Bozeman tenor-mezzo midpoint (stand-in),0.5,close,C#4,10.5,inside,4,-3,none,not assessed,short,leap-up,8,no,9,last,yes,no,no,highest of phrase
Sunless 03,12,1,2,C5,72,ɑ,Bozeman tenor-mezzo midpoint (stand-in),0.612,close,E4,7.5,inside,5,-2,none,not assessed,short,first note,,,0,first,yes,no,no,highest of phrase
Sunless 03,12,2,1,C5,72,o,Bozeman tenor-mezzo midpoint (stand-in),0.918,close,C#4,11.5,inside,5,-2,none,not assessed,short,repeated,0,no,0,middle,yes,no,no,highest of phrase
Sunless 03,12,2,2.5,D4,62,ɪ,derived from Bozeman tenor-mezzo (stand-in),0.306,open,D4,-0.04,below primo,-5,-12,none,not assessed,short,leap-down,-10,no,0,middle,no,no,no,
Sunless 03,12,2,3,E4,64,ɑ,Bozeman tenor-mezzo midpoint (stand-in),0.612,open,E4,-0.5,below primo,-3,-10,none,not assessed,short,step,2,no,0,middle,no,no,no,
Sunless 03,12,2,4,C4,60,ɨ,derived from Bozeman tenor-mezzo (stand-in),0.306,close,A#3,2.11,below primo,-7,-14,none,not assessed,short,leap-down,-4,no,0,last,no,no,no,
Sunless 03,12,3,1,G#4,68,u,Bozeman tenor-mezzo midpoint (stand-in),0.918,above,G3,13.5,inside,1,-6,none,not assessed,short,leap-up,8,yes,1,first,yes,yes,yes,highest of phrase
Sunless 03,12,3,2.5,G#4,68,ɨ,derived from Bozeman tenor-mezzo (stand-in),0.306,close,A#3,10.11,inside,1,-6,none,not assessed,short,repeated,0,no,1,middle,yes,yes,yes,highest of phrase
Sunless 03,12,3,3,G4,67,e,Bozeman tenor-mezzo midpoint (stand-in),0.612,close,D4,5.5,inside,0,-7,none,not assessed,short,step,-1,no,1,last,no,yes,no,
Sunless 03,12,4,1.5,G4,67,u,Bozeman tenor-mezzo midpoint (stand-in),0.306,crossing,G3,12.5,inside,0,-7,none,not assessed,short,repeated,0,yes,2,first,yes,yes,yes,highest of phrase; crossing
Sunless 03,12,4,2,G4,67,ɑ,Bozeman tenor-mezzo midpoint (stand-in),0.306,close,E4,2.5,inside,0,-7,none,not assessed,short,repeated,0,no,2,middle,yes,yes,yes,highest of phrase
Sunless 03,12,4,2.5,G4,67,ɑ,Bozeman tenor-mezzo midpoint (stand-in),0.306,close,E4,2.5,inside,0,-7,none,not assessed,short,repeated,0,no,2,middle,yes,yes,yes,highest of phrase
Sunless 03,12,4,3,C4,60,ɨ,derived from Bozeman tenor-mezzo (stand-in),0.918,close,A#3,2.11,below primo,-7,-14,none,not assessed,short,leap-down,-7,no,2,middle,no,no,no,
Sunless 03,12,4,4.5,C4,60,u,Bozeman tenor-mezzo midpoint (stand-in),0.306,close,G3,5.5,below primo,-7,-14,none,not assessed,short,repeated,0,no,2,middle,no,no,no,
Sunless 03,12,5,1,D4,62,o,Bozeman tenor-mezzo midpoint (stand-in),0.612,close,C#4,1.5,below primo,-5,-12,none,not assessed,short,step,2,no,2,middle,no,no,no,turning pitch 0 to 2 st below
Sunless 03,12,5,2,D4,62,u,Bozeman tenor-mezzo midpoint (stand-in),0.306,close,G3,7.5,below primo,-5,-12,none,not assessed,short,repeated,0,no,2,last,no,no,no,
Sunless 03,12,5,3,E4,64,ɛ,Bozeman tenor-mezzo midpoint (stand-in),0.612,close,D#4,1.5,below primo,-3,-10,none,not assessed,short,step,2,yes,3,first,yes,no,no,highest of phrase; turning pitch 0 to 2 st below
Sunless 03,12,5,4,C4,60,ɪ,derived from Bozeman tenor-mezzo (stand-in),0.306,open,D4,-2.04,below primo,-7,-14,none,not assessed,short,leap-down,-4,no,3,last,no,no,no,
Sunless 03,12,6,1,A4,69,o,Bozeman tenor-mezzo midpoint (stand-in),1.224,close,C#4,8.5,inside,2,-5,none,not assessed,short,leap-up,9,yes,4,first,yes,no,no,highest of phrase
Sunless 03,12,6,3,F4,65,i,Bozeman tenor-mezzo midpoint (stand-in),0.612,above,E3,12.5,below primo,-2,-9,none,not assessed,short,leap-down,-4,no,4,middle,no,no,no,
Sunless 03,12,6,4,F4,65,ʌ,derived from Bozeman tenor-mezzo (stand-in),0.306,close,E4,0.5,below primo,-2,-9,none,not assessed,short,repeated,0,no,4,last,no,no,no,turning pitch 0 to 2 st below
Sunless 03,12,7,1,F4,65,ɑ,Bozeman tenor-mezzo midpoint (stand-in),0.459,close,E4,0.5,below primo,-2,-9,none,not assessed,short,repeated,0,yes,5,first,no,no,no,turning pitch 0 to 2 st below
Sunless 03,12,7,1.75,F#4,66,ʌ,derived from Bozeman tenor-mezzo (stand-in),0.153,close,E4,1.5,below primo,-1,-8,none,not assessed,short,step,1,no,5,middle,no,yes,yes,turning pitch 0 to 2 st below
Sunless 03,12,7,2,G#4,68,o,Bozeman tenor-mezzo midpoint (stand-in),0.306,close,C#4,7.5,inside,1,-6,none,not assessed,short,step,2,no,5,middle,no,yes,no,
Sunless 03,12,7,2.5,C#5,73,i,Bozeman tenor-mezzo midpoint (stand-in),0.306,above,E3,20.5,inside,6,-1,none,not assessed,short,leap-up,5,no,5,middle,yes,yes,yes,highest of phrase
Sunless 03,12,7,3,A#4,70,e,Bozeman tenor-mezzo midpoint (stand-in),0.459,close,D4,8.5,inside,3,-4,none,not assessed,short,leap-down,-3,no,5,middle,no,no,no,
Sunless 03,12,7,3.75,A#4,70,ɑ,Bozeman tenor-mezzo midpoint (stand-in),0.153,close,E4,5.5,inside,3,-4,none,not assessed,short,repeated,0,no,5,middle,no,no,no,
Sunless 03,12,7,4,A#4,70,i,Bozeman tenor-mezzo midpoint (stand-in),0.306,above,E3,17.5,inside,3,-4,none,not assessed,short,repeated,0,no,5,middle,no,no,no,
Sunless 03,12,7,4.5,A#4,70,u,Bozeman tenor-mezzo midpoint (stand-in),0.306,above,G3,15.5,inside,3,-4,none,not assessed,short,repeated,0,no,5,middle,no,no,no,
Sunless 03,12,8,1,B4,71,a,derived from Bozeman tenor-mezzo (stand-in),0.918,close,G4,4.08,inside,4,-3,none,not assessed,short,step,1,no,5,middle,no,no,no,
Sunless 03,12,8,2.5,G4,67,u,Bozeman tenor-mezzo midpoint (stand-in),0.306,crossing,G3,12.5,inside,0,-7,none,not assessed,short,leap-down,-4,no,5,middle,no,yes,yes,crossing
Sunless 03,12,8,3,G4,67,u,Bozeman tenor-mezzo midpoint (stand-in),0.612,crossing,G3,12.5,inside,0,-7,none,not assessed,short,repeated,0,no,5,middle,no,yes,yes,crossing
Sunless 03,12,8,4,G4,67,ɑ,Bozeman tenor-mezzo midpoint (stand-in),0.612,close,E4,2.5,inside,0,-7,none,not assessed,short,repeated,0,no,5,middle,no,yes,no,
Sunless 03,12,9,1,G4,67,ɛ,Bozeman tenor-mezzo midpoint (stand-in),0.612,close,D#4,4.5,inside,0,-7,none,not assessed,short,repeated,0,no,5,middle,no,yes,no,
Sunless 03,12,9,2,C4,60,ɪ,derived from Bozeman tenor-mezzo (stand-in),0.612,open,D4,-2.04,below primo,-7,-14,none,not assessed,short,leap-down,-7,no,5,last,no,no,no,
Sunless 03,12,9,4.5,C5,72,o,Bozeman tenor-mezzo midpoint (stand-in),0.306,close,C#4,11.5,inside,5,-2,none,not assessed,short,leap-up,12,yes,6,first,yes,no,no,highest of phrase
Sunless 03,12,10,1,G#4,68,o,Bozeman tenor-mezzo midpoint (stand-in),0.918,close,C#4,7.5,inside,1,-6,none,not assessed,short,leap-down,-4,no,6,middle,no,yes,no,
Sunless 03,12,10,2.5,B3,59,ɑ,Bozeman tenor-mezzo midpoint (stand-in),0.306,open,E4,-5.5,below primo,-8,-15,none,not assessed,short,leap-down,-9,no,6,middle,no,no,no,
Sunless 03,12,10,3,D4,62,ɑ,Bozeman tenor-mezzo midpoint (stand-in),0.306,open,E4,-2.5,below primo,-5,-12,none,not assessed,short,leap-up,3,no,6,middle,no,no,no,
Sunless 03,12,10,3.5,G#4,68,ɑ,Bozeman tenor-mezzo midpoint (stand-in),0.306,close,E4,3.5,inside,1,-6,none,not assessed,short,leap-up,6,no,6,middle,no,yes,no,
Sunless 03,12,10,4,G4,67,i,Bozeman tenor-mezzo midpoint (stand-in),0.306,above,E3,14.5,inside,0,-7,none,not assessed,short,step,-1,no,6,middle,no,yes,no,
Sunless 03,12,10,4.5,F4,65,ɪ,derived from Bozeman tenor-mezzo (stand-in),0.306,close,D4,2.96,below primo,-2,-9,none,not assessed,short,step,-2,no,6,middle,no,no,no,
Sunless 03,12,11,1,E4,64,ɨ,derived from Bozeman tenor-mezzo (stand-in),0.306,close,A#3,6.11,below primo,-3,-10,none,not assessed,short,step,-1,no,6,last,no,no,no,
Sunless 03,12,11,3.5,E4,64,i,Bozeman tenor-mezzo midpoint (stand-in),0.306,crossing,E3,11.5,below primo,-3,-10,none,not assessed,short,repeated,0,yes,7,first,no,no,no,crossing
Sunless 03,12,11,4,E4,64,i,Bozeman tenor-mezzo midpoint (stand-in),0.306,crossing,E3,11.5,below primo,-3,-10,none,not assessed,short,repeated,0,no,7,middle,no,no,no,crossing
Sunless 03,12,11,4.5,G4,67,u,Bozeman tenor-mezzo midpoint (stand-in),0.306,crossing,G3,12.5,inside,0,-7,none,not assessed,short,leap-up,3,no,7,middle,no,yes,yes,crossing
Sunless 03,12,12,1,F#4,66,ɑ,Bozeman tenor-mezzo midpoint (stand-in),0.918,close,E4,1.5,below primo,-1,-8,none,not assessed,short,step,-1,no,7,middle,no,yes,yes,turning pitch 0 to 2 st below
Sunless 03,12,12,2.5,F#4,66,i,Bozeman tenor-mezzo midpoint (stand-in),0.306,above,E3,13.5,below primo,-1,-8,none,not assessed,short,repeated,0,no,7,middle,no,yes,no,
Sunless 03,12,12,3,B4,71,o,Bozeman tenor-mezzo midpoint (stand-in),0.918,close,C#4,10.5,inside,4,-3,none,not assessed,short,leap-up,5,no,7,middle,yes,no,no,highest of phrase
Sunless 03,12,12,4.5,A4,69,i,Bozeman tenor-mezzo midpoint (stand-in),0.306,above,E3,16.5,inside,2,-5,none,not assessed,short,step,-2,no,7,middle,no,no,no,
Sunless 03,12,13,1,G4,67,i,Bozeman tenor-mezzo midpoint (stand-in),0.612,above,E3,14.5,inside,0,-7,none,not assessed,short,step,-2,no,7,middle,no,yes,no,
Sunless 03,12,13,2,F#4,66,ɨ,derived from Bozeman tenor-mezzo (stand-in),0.306,close,A#3,8.11,below primo,-1,-8,none,not assessed,short,step,-1,no,7,last,no,yes,no,
Sunless 03,12,13,3.5,F4,65,ʌ,derived from Bozeman tenor-mezzo (stand-in),0.306,close,E4,0.5,below primo,-2,-9,none,not assessed,short,step,-1,yes,8,first,no,no,no,turning pitch 0 to 2 st below
Sunless 03,12,13,4,E4,64,ʌ,derived from Bozeman tenor-mezzo (stand-in),0.306,open,E4,-0.5,below primo,-3,-10,none,not assessed,short,step,-1,no,8,middle,no,no,no,
Sunless 03,12,13,4.5,E4,64,ɑ,Bozeman tenor-mezzo midpoint (stand-in),0.306,open,E4,-0.5,below primo,-3,-10,none,not assessed,short,repeated,0,no,8,middle,no,no,no,
Sunless 03,12,14,1,D#4,63,e,Bozeman tenor-mezzo midpoint (stand-in),0.306,close,D4,1.5,below primo,-4,-11,none,not assessed,short,step,-1,no,8,middle,no,no,no,turning pitch 0 to 2 st below
Sunless 03,12,14,1.5,D#4,63,i,Bozeman tenor-mezzo midpoint (stand-in),0.306,close,E3,10.5,below primo,-4,-11,none,not assessed,short,repeated,0,no,8,middle,no,no,no,
Sunless 03,12,14,2,F#4,66,ɪ,derived from Bozeman tenor-mezzo (stand-in),0.306,close,D4,3.96,below primo,-1,-8,none,not assessed,short,leap-up,3,no,8,middle,no,yes,no,
Sunless 03,12,14,2.5,F#4,66,e,Bozeman tenor-mezzo midpoint (stand-in),0.306,close,D4,4.5,below primo,-1,-8,none,not assessed,short,repeated,0,no,8,middle,no,yes,no,
Sunless 03,12,14,3,G#4,68,i,Bozeman tenor-mezzo midpoint (stand-in),0.306,above,E3,15.5,inside,1,-6,none,not assessed,short,step,2,no,8,last,yes,yes,yes,highest of phrase
Sunless 03,12,14,4,G#4,68,ɑ,Bozeman tenor-mezzo midpoint (stand-in),0.612,close,E4,3.5,inside,1,-6,none,not assessed,short,repeated,0,yes,9,first,no,yes,no,
Sunless 03,12,15,1,A#4,70,o,Bozeman tenor-mezzo midpoint (stand-in),0.918,close,C#4,9.5,inside,3,-4,none,not assessed,short,step,2,no,9,middle,no,no,no,
Sunless 03,12,15,2.5,A#4,70,u,Bozeman tenor-mezzo midpoint (stand-in),0.306,above,G3,15.5,inside,3,-4,none,not assessed,short,repeated,0,no,9,middle,no,no,no,
Sunless 03,12,15,3,B4,71,ɑ,Bozeman tenor-mezzo midpoint (stand-in),0.459,close,E4,6.5,inside,4,-3,none,not assessed,short,step,1,no,9,middle,yes,no,no,highest of phrase
Sunless 03,12,15,3.75,G4,67,ɪ,derived from Bozeman tenor-mezzo (stand-in),0.153,close,D4,4.96,inside,0,-7,none,not assessed,short,leap-down,-4,no,9,middle,no,yes,no,
Sunless 03,12,15,4,D4,62,ɨ,derived from Bozeman tenor-mezzo (stand-in),0.306,close,A#3,4.11,below primo,-5,-12,none,not assessed,short,leap-down,-5,no,9,middle,no,no,no,
Sunless 03,12,15,4.5,D4,62,ɑ,Bozeman tenor-mezzo midpoint (stand-in),0.306,open,E4,-2.5,below primo,-5,-12,none,not assessed,short,repeated,0,no,9,middle,no,no,no,
Sunless 03,12,16,1,E4,64,i,Bozeman tenor-mezzo midpoint (stand-in),0.612,crossing,E3,11.5,below primo,-3,-10,none,not assessed,short,step,2,no,9,middle,no,no,no,crossing
Sunless 03,12,16,2,C4,60,ɨ,derived from Bozeman tenor-mezzo (stand-in),0.306,close,A#3,2.11,below primo,-7,-14,none,not assessed,short,leap-down,-4,no,9,last,no,no,no,
Sunless 03,12,16,3.5,G4,67,ɑ,Bozeman tenor-mezzo midpoint (stand-in),0.306,close,E4,2.5,inside,0,-7,none,not assessed,short,leap-up,7,yes,10,first,no,yes,no,
Sunless 03,12,16,4,C5,72,u,Bozeman tenor-mezzo midpoint (stand-in),0.306,above,G3,17.5,inside,5,-2,none,not assessed,short,leap-up,5,no,10,middle,yes,no,no,highest of phrase
Sunless 03,12,16,4.5,G4,67,ʌ,derived from Bozeman tenor-mezzo (stand-in),0.306,close,E4,2.5,inside,0,-7,none,not assessed,short,leap-down,-5,no,10,middle,no,yes,no,
Sunless 03,12,17,1,A#4,70,o,Bozeman tenor-mezzo midpoint (stand-in),0.816,close,C#4,9.5,inside,3,-4,none,not assessed,short,leap-up,3,no,10,middle,no,no,no,
Sunless 03,12,17,2.333,A#4,70,ɨ,derived from Bozeman tenor-mezzo (stand-in),0.408,crossing,A#3,12.11,inside,3,-4,none,not assessed,short,repeated,0,no,10,middle,no,no,no,crossing
Sunless 03,12,17,3,G#4,68,ɑ,Bozeman tenor-mezzo midpoint (stand-in),0.816,close,E4,3.5,inside,1,-6,none,not assessed,short,step,-2,no,10,middle,no,yes,no,
Sunless 03,12,17,4.333,B4,71,ɑ,Bozeman tenor-mezzo midpoint (stand-in),0.408,close,E4,6.5,inside,4,-3,none,not assessed,short,leap-up,3,no,10,middle,no,no,no,
Sunless 03,12,18,1,G#4,68,ɑ,Bozeman tenor-mezzo midpoint (stand-in),0.816,close,E4,3.5,inside,1,-6,none,not assessed,short,leap-down,-3,no,10,middle,no,yes,no,
Sunless 03,12,18,2.333,G#4,68,ɑ,Bozeman tenor-mezzo midpoint (stand-in),0.408,close,E4,3.5,inside,1,-6,none,not assessed,short,tie,0,no,10,last,no,yes,no,
Sunless 03,12,18,4.333,G4,67,i,Bozeman tenor-mezzo midpoint (stand-in),0.408,above,E3,14.5,inside,0,-7,none,not assessed,short,step,-1,yes,11,first,no,yes,no,
Sunless 03,12,19,1,A#4,70,e,Bozeman tenor-mezzo midpoint (stand-in),0.816,close,D4,8.5,inside,3,-4,none,not assessed,short,leap-up,3,no,11,middle,no,no,no,
Sunless 03,12,19,2.333,A#4,70,i,Bozeman tenor-mezzo midpoint (stand-in),0.408,above,E3,17.5,inside,3,-4,none,not assessed,short,repeated,0,no,11,middle,no,no,no,
Sunless 03,12,19,3,G#4,68,ɑ,Bozeman tenor-mezzo midpoint (stand-in),0.816,close,E4,3.5,inside,1,-6,none,not assessed,short,step,-2,no,11,middle,no,yes,no,
Sunless 03,12,19,4.333,B4,71,ɨ,derived from Bozeman tenor-mezzo (stand-in),0.408,above,A#3,13.11,inside,4,-3,none,not assessed,short,leap-up,3,no,11,middle,yes,no,no,highest of phrase
Sunless 03,12,20,1,G#4,68,o,Bozeman tenor-mezzo midpoint (stand-in),0.816,close,C#4,7.5,inside,1,-6,none,not assessed,short,leap-down,-3,no,11,middle,no,yes,no,
Sunless 03,12,20,2.333,G#4,68,i,Bozeman tenor-mezzo midpoint (stand-in),0.408,above,E3,15.5,inside,1,-6,none,not assessed,short,repeated,0,no,11,middle,no,yes,no,
Sunless 03,12,20,3,F4,65,e,Bozeman tenor-mezzo midpoint (stand-in),0.408,close,D4,3.5,below primo,-2,-9,none,not assessed,short,leap-down,-3,no,11,middle,no,no,no,
Sunless 03,12,20,3.667,G4,67,i,Bozeman tenor-mezzo midpoint (stand-in),0.204,above,E3,14.5,inside,0,-7,none,not assessed,short,step,2,no,11,last,no,yes,no,
Sunless 03,12,20,4.333,G4,67,u,Bozeman tenor-mezzo midpoint (stand-in),0.408,crossing,G3,12.5,inside,0,-7,none,not assessed,short,repeated,0,yes,12,first,no,yes,yes,crossing
Sunless 03,12,21,1,G#4,68,ɨ,derived from Bozeman tenor-mezzo (stand-in),0.816,close,A#3,10.11,inside,1,-6,none,not assessed,short,step,1,no,12,middle,no,yes,no,
Sunless 03,12,21,2.333,G#4,68,ɑ,Bozeman tenor-mezzo midpoint (stand-in),0.408,close,E4,3.5,inside,1,-6,none,not assessed,short,repeated,0,no,12,middle,no,yes,no,
Sunless 03,12,21,3,F4,65,ʌ,derived from Bozeman tenor-mezzo (stand-in),0.816,close,E4,0.5,below primo,-2,-9,none,not assessed,short,leap-down,-3,no,12,middle,no,no,no,turning pitch 0 to 2 st below
Sunless 03,12,21,4.333,G4,67,ɪ,derived from Bozeman tenor-mezzo (stand-in),0.408,close,D4,4.96,inside,0,-7,none,not assessed,short,step,2,no,12,middle,no,yes,no,
Sunless 03,12,22,1,G#4,68,ɑ,Bozeman tenor-mezzo midpoint (stand-in),0.816,close,E4,3.5,inside,1,-6,none,not assessed,short,step,1,no,12,middle,no,yes,no,
Sunless 03,12,22,2.333,G#4,68,u,Bozeman tenor-mezzo midpoint (stand-in),0.408,above,G3,13.5,inside,1,-6,none,not assessed,short,repeated,0,no,12,middle,no,yes,no,
Sunless 03,12,22,3,F4,65,ɑ,Bozeman tenor-mezzo midpoint (stand-in),0.816,close,E4,0.5,below primo,-2,-9,none,not assessed,short,leap-down,-3,no,12,middle,no,no,no,turning pitch 0 to 2 st below
Sunless 03,12,22,4.333,G4,67,ɑ,Bozeman tenor-mezzo midpoint (stand-in),0.408,close,E4,2.5,inside,0,-7,none,not assessed,short,step,2,no,12,middle,no,yes,no,
Sunless 03,12,23,1,C5,72,ɛ,Bozeman tenor-mezzo midpoint (stand-in),0.408,close,D#4,9.5,inside,5,-2,none,not assessed,short,leap-up,5,no,12,middle,yes,no,no,highest of phrase
Sunless 03,12,23,1.667,C5,72,ɛ,Bozeman tenor-mezzo midpoint (stand-in),0.204,close,D#4,9.5,inside,5,-2,none,not assessed,short,tie,0,no,12,last,yes,no,no,highest of phrase
Sunless 03,12,23,2.333,G#4,68,ɑ,Bozeman tenor-mezzo midpoint (stand-in),0.408,close,E4,3.5,inside,1,-6,none,not assessed,short,leap-down,-4,yes,13,first,no,yes,no,
Sunless 03,12,23,3,B4,71,ɨ,derived from Bozeman tenor-mezzo (stand-in),0.408,above,A#3,13.11,inside,4,-3,none,not assessed,short,leap-up,3,no,13,middle,yes,no,no,highest of phrase
Sunless 03,12,23,3.667,G4,67,ʌ,derived from Bozeman tenor-mezzo (stand-in),0.408,close,E4,2.5,inside,0,-7,none,not assessed,short,leap-down,-4,no,13,last,no,yes,no,
Sunless 03,12,24,1.667,F4,65,ɑ,Bozeman tenor-mezzo midpoint (stand-in),0.408,close,E4,0.5,below primo,-2,-9,none,not assessed,short,step,-2,yes,14,first,no,no,no,turning pitch 0 to 2 st below
Sunless 03,12,24,2.333,F4,65,u,Bozeman tenor-mezzo midpoint (stand-in),0.408,close,G3,10.5,below primo,-2,-9,none,not assessed,short,repeated,0,no,14,middle,no,no,no,
Sunless 03,12,24,3,G#4,68,e,Bozeman tenor-mezzo midpoint (stand-in),0.816,close,D4,6.5,inside,1,-6,none,not assessed,short,leap-up,3,no,14,middle,yes,yes,yes,highest of phrase
Sunless 03,12,24,4.333,G4,67,i,Bozeman tenor-mezzo midpoint (stand-in),0.204,above,E3,14.5,inside,0,-7,none,not assessed,short,step,-1,no,14,last,no,yes,no,
Sunless 03,12,24,4.833,D4,62,u,Bozeman tenor-mezzo midpoint (stand-in),0.102,close,G3,7.5,below primo,-5,-12,none,not assessed,short,leap-down,-5,yes,15,first,yes,no,no,highest of phrase
Sunless 03,12,25,1,C4,60,ɨ,derived from Bozeman tenor-mezzo (stand-in),0.306,close,A#3,2.11,below primo,-7,-14,none,not assessed,short,step,-2,no,15,last,no,no,no,
Sunless 03,12,25,2.5,C4,60,o,Bozeman tenor-mezzo midpoint (stand-in),0.306,open,C#4,-0.5,below primo,-7,-14,none,not assessed,short,repeated,0,yes,16,first,no,no,no,
Sunless 03,12,25,3,F#4,66,i,Bozeman tenor-mezzo midpoint (stand-in),0.306,above,E3,13.5,below primo,-1,-8,none,not assessed,short,leap-up,6,no,16,middle,yes,yes,yes,highest of phrase
Sunless 03,12,25,3.5,D#4,63,ɑ,Bozeman tenor-mezzo midpoint (stand-in),0.306,open,E4,-1.5,below primo,-4,-11,none,not assessed,short,leap-down,-3,no,16,middle,no,no,no,
Sunless 03,12,25,4,D4,62,i,Bozeman tenor-mezzo midpoint (stand-in),0.306,close,E3,9.5,below primo,-5,-12,none,not assessed,short,step,-1,no,16,middle,no,no,no,
Sunless 03,12,25,4.5,D#4,63,ɑ,Bozeman tenor-mezzo midpoint (stand-in),0.306,open,E4,-1.5,below primo,-4,-11,none,not assessed,short,step,1,no,16,middle,no,no,no,
Sunless 03,12,26,1,C4,60,i,Bozeman tenor-mezzo midpoint (stand-in),0.612,close,E3,7.5,below primo,-7,-14,none,not assessed,short,leap-down,-3,no,16,last,no,no,no,
Sunless 03,12,26,2.5,C4,60,ɛ,Bozeman tenor-mezzo midpoint (stand-in),0.306,open,D#4,-2.5,below primo,-7,-14,none,not assessed,short,repeated,0,yes,17,first,no,no,no,
Sunless 03,12,26,3,C5,72,u,Bozeman tenor-mezzo midpoint (stand-in),0.918,above,G3,17.5,inside,5,-2,none,not assessed,short,leap-up,12,no,17,middle,yes,no,no,highest of phrase
Sunless 03,12,26,4.5,D4,62,ʌ,derived from Bozeman tenor-mezzo (stand-in),0.306,open,E4,-2.5,below primo,-5,-12,none,not assessed,short,leap-down,-10,no,17,middle,no,no,no,
Sunless 03,12,27,1,E4,64,o,Bozeman tenor-mezzo midpoint (stand-in),0.306,close,C#4,3.5,below primo,-3,-10,none,not assessed,short,step,2,no,17,middle,no,no,no,
Sunless 03,12,27,1.5,E4,64,ʌ,derived from Bozeman tenor-mezzo (stand-in),0.306,open,E4,-0.5,below primo,-3,-10,none,not assessed,short,repeated,0,no,17,middle,no,no,no,
Sunless 03,12,27,2,D4,62,i,Bozeman tenor-mezzo midpoint (stand-in),0.306,close,E3,9.5,below primo,-5,-12,none,not assessed,short,step,-2,no,17,middle,no,no,no,
Sunless 03,12,27,2.5,C4,60,ɑ,Bozeman tenor-mezzo midpoint (stand-in),0.306,open,E4,-4.5,below primo,-7,-14,none,not assessed,short,step,-2,no,17,middle,no,no,no,
Sunless 03,12,27,3,G#4,68,o,Bozeman tenor-mezzo midpoint (stand-in),0.612,close,C#4,7.5,inside,1,-6,none,not assessed,short,leap-up,8,no,17,middle,no,yes,no,
Sunless 03,12,27,4,F4,65,u,Bozeman tenor-mezzo midpoint (stand-in),0.306,close,G3,10.5,below primo,-2,-9,none,not assessed,short,leap-down,-3,no,17,last,no,no,no,
Sunless 03,12,27,4.75,F4,65,i,Bozeman tenor-mezzo midpoint (stand-in),0.153,above,E3,12.5,below primo,-2,-9,none,not assessed,short,repeated,0,yes,18,first,no,no,no,
Sunless 03,12,28,1,C5,72,u,Bozeman tenor-mezzo midpoint (stand-in),0.816,above,G3,17.5,inside,5,-2,none,not assessed,short,leap-up,7,no,18,middle,yes,no,no,highest of phrase
Sunless 03,12,28,2.333,B4,71,i,Bozeman tenor-mezzo midpoint (stand-in),0.408,above,E3,18.5,inside,4,-3,none,not assessed,short,step,-1,no,18,middle,no,no,no,
Sunless 03,12,28,3,G#4,68,ɑ,Bozeman tenor-mezzo midpoint (stand-in),0.816,close,E4,3.5,inside,1,-6,none,not assessed,short,leap-down,-3,no,18,middle,no,yes,no,
Sunless 03,12,28,4.333,G4,67,ʌ,derived from Bozeman tenor-mezzo (stand-in),0.408,close,E4,2.5,inside,0,-7,none,not assessed,short,step,-1,no,18,middle,no,yes,no,
Sunless 03,12,29,1,C5,72,ʌ,derived from Bozeman tenor-mezzo (stand-in),0.816,close,E4,7.5,inside,5,-2,none,not assessed,short,leap-up,5,no,18,middle,yes,no,no,highest of phrase
Sunless 03,12,29,2.333,B4,71,ɑ,Bozeman tenor-mezzo midpoint (stand-in),0.408,close,E4,6.5,inside,4,-3,none,not assessed,short,step,-1,no,18,middle,no,no,no,
Sunless 03,12,29,3,G#4,68,i,Bozeman tenor-mezzo midpoint (stand-in),0.816,above,E3,15.5,inside,1,-6,none,not assessed,short,leap-down,-3,no,18,middle,no,yes,no,
Sunless 03,12,29,4.333,G4,67,u,Bozeman tenor-mezzo midpoint (stand-in),0.408,crossing,G3,12.5,inside,0,-7,none,not assessed,short,step,-1,no,18,middle,no,yes,yes,crossing
Sunless 03,12,30,1,C4,60,ɛ,Bozeman tenor-mezzo midpoint (stand-in),0.918,open,D#4,-2.5,below primo,-7,-14,none,not assessed,short,leap-down,-7,no,18,middle,no,no,no,
Sunless 03,12,30,2.5,C4,60,ɪ,derived from Bozeman tenor-mezzo (stand-in),0.306,open,D4,-2.04,below primo,-7,-14,none,not assessed,short,repeated,0,no,18,middle,no,no,no,
Sunless 03,12,30,3,D4,62,ɑ,Bozeman tenor-mezzo midpoint (stand-in),0.306,open,E4,-2.5,below primo,-5,-12,none,not assessed,short,step,2,no,18,middle,no,no,no,
Sunless 03,12,30,3.5,D4,62,ɪ,derived from Bozeman tenor-mezzo (stand-in),0.306,open,D4,-0.04,below primo,-5,-12,none,not assessed,short,repeated,0,no,18,middle,no,no,no,
Sunless 03,12,30,4,C4,60,ɑ,Bozeman tenor-mezzo midpoint (stand-in),0.306,open,E4,-4.5,below primo,-7,-14,none,not assessed,short,step,-2,no,18,middle,no,no,no,
Sunless 03,12,30,4.5,D4,62,ɑ,Bozeman tenor-mezzo midpoint (stand-in),0.306,open,E4,-2.5,below primo,-5,-12,none,not assessed,short,step,2,no,18,middle,no,no,no,
Sunless 03,12,31,1,E4,64,o,Bozeman tenor-mezzo midpoint (stand-in),0.612,close,C#4,3.5,below primo,-3,-10,none,not assessed,short,step,2,no,18,middle,no,no,no,
Sunless 03,12,31,2,G4,67,u,Bozeman tenor-mezzo midpoint (stand-in),0.306,crossing,G3,12.5,inside,0,-7,none,not assessed,short,leap-up,3,no,18,last,no,yes,yes,crossing
Sunless 03,12,31,4,G4,67,i,Bozeman tenor-mezzo midpoint (stand-in),0.612,above,E3,14.5,inside,0,-7,none,not assessed,short,repeated,0,yes,19,first,no,yes,no,
Sunless 03,12,32,1,A#4,70,e,Bozeman tenor-mezzo midpoint (stand-in),0.204,close,D4,8.5,inside,3,-4,none,not assessed,short,leap-up,3,no,19,middle,no,no,no,
Sunless 03,12,32,1.333,C5,72,e,Bozeman tenor-mezzo midpoint (stand-in),0.204,close,D4,10.5,inside,5,-2,none,not assessed,short,step,2,no,19,middle,no,no,no,
Sunless 03,12,32,1.667,D5,74,ɑ,Bozeman tenor-mezzo midpoint (stand-in),0.204,close,E4,9.5,inside,7,0,none,not assessed,short,step,2,no,19,middle,no,yes,no,
Sunless 03,12,32,2,C5,72,ɑ,Bozeman tenor-mezzo midpoint (stand-in),0.204,close,E4,7.5,inside,5,-2,none,not assessed,short,step,-2,no,19,middle,no,no,no,
Sunless 03,12,32,2.333,D5,74,ɑ,Bozeman tenor-mezzo midpoint (stand-in),0.204,close,E4,9.5,inside,7,0,none,not assessed,short,step,2,no,19,middle,no,yes,no,
Sunless 03,12,32,2.667,G4,67,i,Bozeman tenor-mezzo midpoint (stand-in),0.204,above,E3,14.5,inside,0,-7,none,not assessed,short,leap-down,-7,no,19,middle,no,yes,no,
Sunless 03,12,32,3,A#4,70,ɛ,Bozeman tenor-mezzo midpoint (stand-in),0.204,close,D#4,7.5,inside,3,-4,none,not assessed,short,leap-up,3,no,19,middle,no,no,no,
Sunless 03,12,32,3.333,G#4,68,ɛ,Bozeman tenor-mezzo midpoint (stand-in),0.204,close,D#4,5.5,inside,1,-6,none,not assessed,short,step,-2,no,19,middle,no,yes,no,
Sunless 03,12,32,3.667,G4,67,i,Bozeman tenor-mezzo midpoint (stand-in),0.204,above,E3,14.5,inside,0,-7,none,not assessed,short,step,-1,no,19,middle,no,yes,no,
Sunless 03,12,32,4,A#4,70,e,Bozeman tenor-mezzo midpoint (stand-in),0.408,close,D4,8.5,inside,3,-4,none,not assessed,short,leap-up,3,no,19,middle,no,no,no,
Sunless 03,12,32,4.667,A#4,70,i,Bozeman tenor-mezzo midpoint (stand-in),0.204,above,E3,17.5,inside,3,-4,none,not assessed,short,repeated,0,no,19,middle,no,no,no,
Sunless 03,12,33,1,A#4,70,i,Bozeman tenor-mezzo midpoint (stand-in),0.204,above,E3,17.5,inside,3,-4,none,not assessed,short,repeated,0,no,19,middle,no,no,no,
Sunless 03,12,33,1.333,C5,72,i,Bozeman tenor-mezzo midpoint (stand-in),0.204,above,E3,19.5,inside,5,-2,none,not assessed,short,step,2,no,19,middle,no,no,no,
Sunless 03,12,33,1.667,D5,74,ɑ,Bozeman tenor-mezzo midpoint (stand-in),0.204,close,E4,9.5,inside,7,0,none,not assessed,short,step,2,no,19,middle,no,yes,no,
Sunless 03,12,33,2,C5,72,ɛ,Bozeman tenor-mezzo midpoint (stand-in),0.204,close,D#4,9.5,inside,5,-2,none,not assessed,short,step,-2,no,19,middle,no,no,no,
Sunless 03,12,33,2.333,D5,74,ɛ,Bozeman tenor-mezzo midpoint (stand-in),0.204,close,D#4,11.5,inside,7,0,none,not assessed,short,step,2,no,19,middle,no,yes,no,
Sunless 03,12,33,2.667,G4,67,ɨ,derived from Bozeman tenor-mezzo (stand-in),0.204,close,A#3,9.11,inside,0,-7,none,not assessed,short,leap-down,-7,no,19,middle,no,yes,no,
Sunless 03,12,33,3,A#4,70,ɑ,Bozeman tenor-mezzo midpoint (stand-in),0.204,close,E4,5.5,inside,3,-4,none,not assessed,short,leap-up,3,no,19,middle,no,no,no,
Sunless 03,12,33,3.333,G#4,68,ɑ,Bozeman tenor-mezzo midpoint (stand-in),0.204,close,E4,3.5,inside,1,-6,none,not assessed,short,step,-2,no,19,middle,no,yes,no,
Sunless 03,12,33,3.667,G4,67,u,Bozeman tenor-mezzo midpoint (stand-in),0.204,crossing,G3,12.5,inside,0,-7,none,not assessed,short,step,-1,no,19,middle,no,yes,yes,crossing
Sunless 03,12,33,4,A#4,70,o,Bozeman tenor-mezzo midpoint (stand-in),0.204,close,C#4,9.5,inside,3,-4,none,not assessed,short,leap-up,3,no,19,middle,no,no,no,
Sunless 03,12,33,4.333,A#4,70,u,Bozeman tenor-mezzo midpoint (stand-in),0.204,above,G3,15.5,inside,3,-4,none,not assessed,short,repeated,0,no,19,middle,no,no,no,
Sunless 03,12,33,4.667,G#4,68,i,Bozeman tenor-mezzo midpoint (stand-in),0.204,above,E3,15.5,inside,1,-6,none,not assessed,short,step,-2,no,19,middle,no,yes,no,
Sunless 03,12,34,1,B4,71,e,Bozeman tenor-mezzo midpoint (stand-in),0.204,close,D4,9.5,inside,4,-3,none,not assessed,short,leap-up,3,no,19,middle,no,no,no,
Sunless 03,12,34,1.333,D#4,63,e,Bozeman tenor-mezzo midpoint (stand-in),0.204,close,D4,1.5,below primo,-4,-11,none,not assessed,short,leap-down,-8,no,19,middle,no,no,no,turning pitch 0 to 2 st below
Sunless 03,12,34,1.667,F#4,66,ɨ,derived from Bozeman tenor-mezzo (stand-in),0.204,close,A#3,8.11,below primo,-1,-8,none,not assessed,short,leap-up,3,no,19,middle,no,yes,no,
Sunless 03,12,34,2,A#4,70,u,Bozeman tenor-mezzo midpoint (stand-in),0.408,above,G3,15.5,inside,3,-4,none,not assessed,short,leap-up,4,no,19,middle,no,no,no,
Sunless 03,12,34,2.667,G#4,68,i,Bozeman tenor-mezzo midpoint (stand-in),0.204,above,E3,15.5,inside,1,-6,none,not assessed,short,step,-2,no,19,middle,no,yes,no,
Sunless 03,12,34,3,B4,71,u,Bozeman tenor-mezzo midpoint (stand-in),0.204,above,G3,16.5,inside,4,-3,none,not assessed,short,leap-up,3,no,19,middle,no,no,no,
Sunless 03,12,34,3.333,D#4,63,u,Bozeman tenor-mezzo midpoint (stand-in),0.204,close,G3,8.5,below primo,-4,-11,none,not assessed,short,leap-down,-8,no,19,middle,no,no,no,
Sunless 03,12,34,3.667,F#4,66,ɨ,derived from Bozeman tenor-mezzo (stand-in),0.204,close,A#3,8.11,below primo,-1,-8,none,not assessed,short,leap-up,3,no,19,middle,no,yes,no,
Sunless 03,12,34,4,A#4,70,e,Bozeman tenor-mezzo midpoint (stand-in),0.408,close,D4,8.5,inside,3,-4,none,not assessed,short,leap-up,4,no,19,middle,no,no,no,
Sunless 03,12,34,4.667,G#4,68,ɑ,Bozeman tenor-mezzo midpoint (stand-in),0.204,close,E4,3.5,inside,1,-6,none,not assessed,short,step,-2,no,19,middle,no,yes,no,
Sunless 03,12,35,1,A#4,70,i,Bozeman tenor-mezzo midpoint (stand-in),0.204,above,E3,17.5,inside,3,-4,none,not assessed,short,step,2,no,19,middle,no,no,no,
Sunless 03,12,35,1.333,C5,72,i,Bozeman tenor-mezzo midpoint (stand-in),0.204,above,E3,19.5,inside,5,-2,none,not assessed,short,step,2,no,19,middle,no,no,no,
Sunless 03,12,35,1.667,D5,74,ɑ,Bozeman tenor-mezzo midpoint (stand-in),0.204,close,E4,9.5,inside,7,0,none,not assessed,short,step,2,no,19,middle,no,yes,no,
Sunless 03,12,35,2,D#5,75,i,Bozeman tenor-mezzo midpoint (stand-in),0.204,above,E3,22.5,above secondo,8,1,none,not assessed,short,step,1,no,19,middle,yes,yes,yes,highest of phrase
Sunless 03,12,35,2.333,D5,74,i,Bozeman tenor-mezzo midpoint (stand-in),0.204,above,E3,21.5,inside,7,0,none,not assessed,short,step,-1,no,19,middle,no,yes,no,
Sunless 03,12,35,2.667,G4,67,ʌ,derived from Bozeman tenor-mezzo (stand-in),0.204,close,E4,2.5,inside,0,-7,none,not assessed,short,leap-down,-7,no,19,middle,no,yes,no,
Sunless 03,12,35,3,A#4,70,i,Bozeman tenor-mezzo midpoint (stand-in),0.204,above,E3,17.5,inside,3,-4,none,not assessed,short,leap-up,3,no,19,middle,no,no,no,
Sunless 03,12,35,3.333,G#4,68,i,Bozeman tenor-mezzo midpoint (stand-in),0.204,above,E3,15.5,inside,1,-6,none,not assessed,short,step,-2,no,19,middle,no,yes,no,
Sunless 03,12,35,3.667,G4,67,ɑ,Bozeman tenor-mezzo midpoint (stand-in),0.204,close,E4,2.5,inside,0,-7,none,not assessed,short,step,-1,no,19,middle,no,yes,no,
Sunless 03,12,35,4,A#4,70,o,Bozeman tenor-mezzo midpoint (stand-in),0.204,close,C#4,9.5,inside,3,-4,none,not assessed,short,leap-up,3,no,19,middle,no,no,no,
Sunless 03,12,35,4.333,F4,65,u,Bozeman tenor-mezzo midpoint (stand-in),0.204,close,G3,10.5,below primo,-2,-9,none,not assessed,short,leap-down,-5,no,19,middle,no,no,no,
Sunless 03,12,35,4.667,G4,67,i,Bozeman tenor-mezzo midpoint (stand-in),0.204,above,E3,14.5,inside,0,-7,none,not assessed,short,step,2,no,19,middle,no,yes,no,
Sunless 03,12,36,1,C5,72,ɛ,Bozeman tenor-mezzo midpoint (stand-in),0.204,close,D#4,9.5,inside,5,-2,none,not assessed,short,leap-up,5,no,19,middle,no,no,no,
Sunless 03,12,36,1.167,B4,71,ɛ,Bozeman tenor-mezzo midpoint (stand-in),0.204,close,D#4,8.5,inside,4,-3,none,not assessed,short,step,-1,no,19,middle,no,no,no,
Sunless 03,12,36,1.333,C5,72,ʌ,derived from Bozeman tenor-mezzo (stand-in),0.204,close,E4,7.5,inside,5,-2,none,not assessed,short,step,1,no,19,middle,no,no,no,
Sunless 03,12,36,1.5,A4,69,ɑ,Bozeman tenor-mezzo midpoint (stand-in),0.204,close,E4,4.5,inside,2,-5,none,not assessed,short,leap-down,-3,no,19,middle,no,no,no,
Sunless 03,12,36,1.667,B4,71,ɑ,Bozeman tenor-mezzo midpoint (stand-in),0.204,close,E4,6.5,inside,4,-3,none,not assessed,short,step,2,no,19,middle,no,no,no,
Sunless 03,12,36,1.833,G4,67,ɑ,Bozeman tenor-mezzo midpoint (stand-in),0.204,close,E4,2.5,inside,0,-7,none,not assessed,short,leap-down,-4,no,19,middle,no,yes,no,
Sunless 03,12,36,2,A#4,70,e,Bozeman tenor-mezzo midpoint (stand-in),0.408,close,D4,8.5,inside,3,-4,none,not assessed,short,leap-up,3,no,19,middle,no,no,no,
Sunless 03,12,36,2.333,G#4,68,ɑ,Bozeman tenor-mezzo midpoint (stand-in),0.204,close,E4,3.5,inside,1,-6,none,not assessed,short,step,-2,no,19,middle,no,yes,no,
Sunless 03,12,36,2.5,F#4,66,o,Bozeman tenor-mezzo midpoint (stand-in),0.204,close,C#4,5.5,below primo,-1,-8,none,not assessed,short,step,-2,no,19,last,no,yes,no,
Sunless 03,12,36,2.833,C5,72,u,Bozeman tenor-mezzo midpoint (stand-in),0.204,above,G3,17.5,inside,5,-2,none,not assessed,short,leap-up,6,yes,20,first,no,no,no,
Sunless 03,12,36,3,E5,76,u,Bozeman tenor-mezzo midpoint (stand-in),0.204,above,G3,21.5,above secondo,9,2,none,not assessed,short,leap-up,4,no,20,middle,yes,no,no,highest of phrase
Sunless 03,12,36,3.167,D5,74,u,Bozeman tenor-mezzo midpoint (stand-in),0.204,above,G3,19.5,inside,7,0,none,not assessed,short,step,-2,no,20,middle,no,yes,no,
Sunless 03,12,36,3.333,C5,72,u,Bozeman tenor-mezzo midpoint (stand-in),0.204,above,G3,17.5,inside,5,-2,none,not assessed,short,step,-2,no,20,middle,no,no,no,
Sunless 03,12,36,3.5,B4,71,ɑ,Bozeman tenor-mezzo midpoint (stand-in),0.204,close,E4,6.5,inside,4,-3,none,not assessed,short,step,-1,no,20,middle,no,no,no,
Sunless 03,12,36,3.667,C5,72,ɑ,Bozeman tenor-mezzo midpoint (stand-in),0.204,close,E4,7.5,inside,5,-2,none,not assessed,short,step,1,no,20,middle,no,no,no,
Sunless 03,12,36,3.833,G4,67,i,Bozeman tenor-mezzo midpoint (stand-in),0.204,above,E3,14.5,inside,0,-7,none,not assessed,short,leap-down,-5,no,20,middle,no,yes,no,
Sunless 03,12,37,1,A#4,70,ɛ,Bozeman tenor-mezzo midpoint (stand-in),0.204,close,D#4,7.5,inside,3,-4,none,not assessed,short,leap-up,3,no,20,last,no,no,no,
Sunless 03,12,37,1.667,F4,65,ɪ,derived from Bozeman tenor-mezzo (stand-in),0.204,close,D4,2.96,below primo,-2,-9,none,not assessed,short,leap-down,-5,yes,21,first,no,no,no,
Sunless 03,12,37,2,G#4,68,o,Bozeman tenor-mezzo midpoint (stand-in),0.204,close,C#4,7.5,inside,1,-6,none,not assessed,short,leap-up,3,no,21,middle,yes,yes,yes,highest of phrase
Sunless 03,12,37,2.333,G4,67,ʌ,derived from Bozeman tenor-mezzo (stand-in),0.204,close,E4,2.5,inside,0,-7,none,not assessed,short,step,-1,no,21,last,no,yes,no,
Sunless 03,12,37,3.5,C4,60,i,Bozeman tenor-mezzo midpoint (stand-in),0.306,close,E3,7.5,below primo,-7,-14,none,not assessed,short,leap-down,-7,yes,22,first,no,no,no,
Sunless 03,12,37,4,C4,60,ɛ,Bozeman tenor-mezzo midpoint (stand-in),0.306,open,D#4,-2.5,below primo,-7,-14,none,not assessed,short,repeated,0,no,22,middle,no,no,no,
Sunless 03,12,37,4.5,C4,60,ɪ,derived from Bozeman tenor-mezzo (stand-in),0.306,open,D4,-2.04,below primo,-7,-14,none,not assessed,short,repeated,0,no,22,middle,no,no,no,
Sunless 03,12,38,1,D#4,63,i,Bozeman tenor-mezzo midpoint (stand-in),0.612,close,E3,10.5,below primo,-4,-11,none,not assessed,short,leap-up,3,no,22,middle,yes,no,no,highest of phrase
Sunless 03,12,38,2,C4,60,ʌ,derived from Bozeman tenor-mezzo (stand-in),0.306,open,E4,-4.5,below primo,-7,-14,none,not assessed,short,leap-down,-3,no,22,last,no,no,no,
Sunless 03,12,38,3,C5,72,ɑ,Bozeman tenor-mezzo midpoint (stand-in),0.918,close,E4,7.5,inside,5,-2,none,not assessed,short,leap-up,12,yes,23,first,yes,no,no,highest of phrase
Sunless 03,12,38,4.5,A4,69,ɑ,Bozeman tenor-mezzo midpoint (stand-in),0.306,close,E4,4.5,inside,2,-5,none,not assessed,short,leap-down,-3,no,23,middle,no,no,no,
Sunless 03,12,39,1,G4,67,o,Bozeman tenor-mezzo midpoint (stand-in),0.612,close,C#4,6.5,inside,0,-7,none,not assessed,short,step,-2,no,23,middle,no,yes,no,
Sunless 03,12,39,2,F4,65,ʌ,derived from Bozeman tenor-mezzo (stand-in),0.306,close,E4,0.5,below primo,-2,-9,none,not assessed,short,step,-2,no,23,last,no,no,no,turning pitch 0 to 2 st below
Sunless 03,12,39,4.5,C4,60,i,Bozeman tenor-mezzo midpoint (stand-in),0.306,close,E3,7.5,below primo,-7,-14,none,not assessed,short,leap-down,-5,yes,24,first,no,no,no,
Sunless 03,12,40,1,G4,67,ɛ,Bozeman tenor-mezzo midpoint (stand-in),0.918,close,D#4,4.5,inside,0,-7,none,not assessed,short,leap-up,7,no,24,middle,no,yes,no,
Sunless 03,12,40,2.5,C5,72,ɑ,Bozeman tenor-mezzo midpoint (stand-in),0.306,close,E4,7.5,inside,5,-2,none,not assessed,short,leap-up,5,no,24,middle,yes,no,no,highest of phrase
Sunless 03,12,40,3,G#4,68,o,Bozeman tenor-mezzo midpoint (stand-in),0.459,close,C#4,7.5,inside,1,-6,none,not assessed,short,leap-down,-4,no,24,middle,no,yes,no,
Sunless 03,12,40,3.75,G#4,68,ɑ,Bozeman tenor-mezzo midpoint (stand-in),0.153,close,E4,3.5,inside,1,-6,none,not assessed,short,repeated,0,no,24,middle,no,yes,no,
Sunless 03,12,40,4,G4,67,i,Bozeman tenor-mezzo midpoint (stand-in),0.306,above,E3,14.5,inside,0,-7,none,not assessed,short,step,-1,no,24,middle,no,yes,no,
Sunless 03,12,40,4.5,B4,71,ʌ,derived from Bozeman tenor-mezzo (stand-in),0.306,close,E4,6.5,inside,4,-3,none,not assessed,short,leap-up,4,no,24,middle,no,no,no,
Sunless 03,12,41,1,E4,64,o,Bozeman tenor-mezzo midpoint (stand-in),0.612,close,C#4,3.5,below primo,-3,-10,none,not assessed,short,leap-down,-7,no,24,middle,no,no,no,
Sunless 03,12,41,2,E4,64,o,Bozeman tenor-mezzo midpoint (stand-in),0.306,close,C#4,3.5,below primo,-3,-10,none,not assessed,short,tie,0,no,24,last,no,no,no,
Sunless 04,11,2,2.5,F4,65,u,Bozeman tenor-mezzo midpoint (stand-in),0.395,close,G3,10.5,below primo,-2,-9,none,not assessed,short,first note,,,0,first,yes,no,no,highest of phrase
Sunless 04,11,2,3,D#4,63,a,derived from Bozeman tenor-mezzo (stand-in),0.789,open,G4,-3.92,below primo,-4,-11,none,not assessed,short,step,-2,no,0,middle,no,no,no,
Sunless 04,11,2,4,D#4,63,a,derived from Bozeman tenor-mezzo (stand-in),0.395,open,G4,-3.92,below primo,-4,-11,none,not assessed,short,tie,0,no,0,last,no,no,no,
Sunless 04,11,3,1.5,F4,65,ɨ,derived from Bozeman tenor-mezzo (stand-in),0.395,close,A#3,7.11,below primo,-2,-9,none,not assessed,short,step,2,yes,1,first,no,no,no,
Sunless 04,11,3,2,F4,65,ʌ,derived from Bozeman tenor-mezzo (stand-in),0.395,close,E4,0.5,below primo,-2,-9,none,not assessed,short,repeated,0,no,1,middle,no,no,no,turning pitch 0 to 2 st below
Sunless 04,11,3,2.5,F4,65,ɑ,Bozeman tenor-mezzo midpoint (stand-in),0.395,close,E4,0.5,below primo,-2,-9,none,not assessed,short,repeated,0,no,1,middle,no,no,no,turning pitch 0 to 2 st below
Sunless 04,11,3,3,F#4,66,ɑ,Bozeman tenor-mezzo midpoint (stand-in),1.184,close,E4,1.5,below primo,-1,-8,none,not assessed,short,step,1,no,1,middle,yes,yes,yes,highest of phrase; turning pitch 0 to 2 st below
Sunless 04,11,3,4.5,F#4,66,ɪ,derived from Bozeman tenor-mezzo (stand-in),0.395,close,D4,3.96,below primo,-1,-8,none,not assessed,short,repeated,0,no,1,middle,yes,yes,yes,highest of phrase
Sunless 04,11,4,1,F4,65,u,Bozeman tenor-mezzo midpoint (stand-in),0.789,close,G3,10.5,below primo,-2,-9,none,not assessed,short,step,-1,no,1,middle,no,no,no,
Sunless 04,11,4,2,F4,65,i,Bozeman tenor-mezzo midpoint (stand-in),0.395,above,E3,12.5,below primo,-2,-9,none,not assessed,short,repeated,0,no,1,last,no,no,no,
Sunless 04,11,4,4,F4,65,ɪ,derived from Bozeman tenor-mezzo (stand-in),0.789,close,D4,2.96,below primo,-2,-9,none,not assessed,short,repeated,0,yes,2,first,no,no,no,
Sunless 04,11,5,1,G4,67,u,Bozeman tenor-mezzo midpoint (stand-in),1.184,crossing,G3,12.5,inside,0,-7,none,not assessed,short,step,2,no,2,middle,no,yes,yes,crossing
Sunless 04,11,5,2.5,D5,74,i,Bozeman tenor-mezzo midpoint (stand-in),0.395,above,E3,21.5,inside,7,0,none,not assessed,short,leap-up,7,no,2,middle,yes,yes,yes,highest of phrase
Sunless 04,11,5,3,C5,72,u,Bozeman tenor-mezzo midpoint (stand-in),0.395,above,G3,17.5,inside,5,-2,none,not assessed,short,step,-2,no,2,middle,no,no,no,
Sunless 04,11,5,3.5,G4,67,ɑ,Bozeman tenor-mezzo midpoint (stand-in),0.395,close,E4,2.5,inside,0,-7,none,not assessed,short,leap-down,-5,no,2,middle,no,yes,no,
Sunless 04,11,5,4,C5,72,ɑ,Bozeman tenor-mezzo midpoint (stand-in),0.395,close,E4,7.5,inside,5,-2,none,not assessed,short,leap-up,5,no,2,middle,no,no,no,
Sunless 04,11,5,4.5,A#4,70,ɨ,derived from Bozeman tenor-mezzo (stand-in),0.395,crossing,A#3,12.11,inside,3,-4,none,not assessed,short,step,-2,no,2,middle,no,no,no,crossing
Sunless 04,11,6,1,A4,69,ɛ,Bozeman tenor-mezzo midpoint (stand-in),0.395,close,D#4,6.5,inside,2,-5,none,not assessed,short,step,-1,no,2,last,no,no,no,
Sunless 04,11,6,2,A4,69,ɑ,Bozeman tenor-mezzo midpoint (stand-in),0.789,close,E4,4.5,inside,2,-5,none,not assessed,short,repeated,0,yes,3,first,no,no,no,
Sunless 04,11,6,3,C#5,73,ɛ,Bozeman tenor-mezzo midpoint (stand-in),1.184,close,D#4,10.5,inside,6,-1,none,not assessed,short,leap-up,4,no,3,middle,yes,yes,yes,highest of phrase
Sunless 04,11,6,4.5,C#5,73,ɑ,Bozeman tenor-mezzo midpoint (stand-in),0.395,close,E4,8.5,inside,6,-1,none,not assessed,short,repeated,0,no,3,middle,yes,yes,yes,highest of phrase
Sunless 04,11,7,1,A#4,70,ɑ,Bozeman tenor-mezzo midpoint (stand-in),0.395,close,E4,5.5,inside,3,-4,none,not assessed,short,leap-down,-3,no,3,middle,no,no,no,
Sunless 04,11,7,1.5,F4,65,ɑ,Bozeman tenor-mezzo midpoint (stand-in),0.395,close,E4,0.5,below primo,-2,-9,none,not assessed,short,leap-down,-5,no,3,middle,no,no,no,turning pitch 0 to 2 st below
Sunless 04,11,7,2,A#4,70,ɪ,derived from Bozeman tenor-mezzo (stand-in),0.395,close,D4,7.96,inside,3,-4,none,not assessed,short,leap-up,5,no,3,middle,no,no,no,
Sunless 04,11,7,2.5,C5,72,ɑ,Bozeman tenor-mezzo midpoint (stand-in),0.395,close,E4,7.5,inside,5,-2,none,not assessed,short,step,2,no,3,middle,no,no,no,
Sunless 04,11,7,3,G#4,68,u,Bozeman tenor-mezzo midpoint (stand-in),0.789,above,G3,13.5,inside,1,-6,none,not assessed,short,leap-down,-4,no,3,middle,no,yes,no,
Sunless 04,11,7,4,F4,65,i,Bozeman tenor-mezzo midpoint (stand-in),0.789,above,E3,12.5,below primo,-2,-9,none,not assessed,short,leap-down,-3,no,3,last,no,no,no,
Sunless 04,11,8,1.5,F4,65,ɑ,Bozeman tenor-mezzo midpoint (stand-in),0.395,close,E4,0.5,below primo,-2,-9,none,not assessed,short,repeated,0,yes,4,first,no,no,no,turning pitch 0 to 2 st below
Sunless 04,11,8,2,G#4,68,ɪ,derived from Bozeman tenor-mezzo (stand-in),0.395,close,D4,5.96,inside,1,-6,none,not assessed,short,leap-up,3,no,4,middle,no,yes,no,
Sunless 04,11,8,2.5,F4,65,ɑ,Bozeman tenor-mezzo midpoint (stand-in),0.395,close,E4,0.5,below primo,-2,-9,none,not assessed,short,leap-down,-3,no,4,middle,no,no,no,turning pitch 0 to 2 st below
Sunless 04,11,8,3,A#4,70,e,Bozeman tenor-mezzo midpoint (stand-in),0.789,close,D4,8.5,inside,3,-4,none,not assessed,short,leap-up,5,no,4,middle,no,no,no,
Sunless 04,11,8,4,F#4,66,ɑ,Bozeman tenor-mezzo midpoint (stand-in),0.789,close,E4,1.5,below primo,-1,-8,none,not assessed,short,leap-down,-4,no,4,middle,no,yes,yes,turning pitch 0 to 2 st below
Sunless 04,11,9,1,C5,72,ɛ,Bozeman tenor-mezzo midpoint (stand-in),1.184,close,D#4,9.5,inside,5,-2,none,not assessed,short,leap-up,6,no,4,middle,yes,no,no,highest of phrase
Sunless 04,11,9,2.5,C5,72,ɑ,Bozeman tenor-mezzo midpoint (stand-in),0.395,close,E4,7.5,inside,5,-2,none,not assessed,short,repeated,0,no,4,middle,yes,no,no,highest of phrase
Sunless 04,11,9,3,A4,69,ɛ,Bozeman tenor-mezzo midpoint (stand-in),0.789,close,D#4,6.5,inside,2,-5,none,not assessed,short,leap-down,-3,no,4,last,no,no,no,
Sunless 04,11,11,2.5,F4,65,u,Bozeman tenor-mezzo midpoint (stand-in),0.395,close,G3,10.5,below primo,-2,-9,none,not assessed,short,leap-down,-4,yes,5,first,yes,no,no,highest of phrase
Sunless 04,11,11,3,D#4,63,a,derived from Bozeman tenor-mezzo (stand-in),0.789,open,G4,-3.92,below primo,-4,-11,none,not assessed,short,step,-2,no,5,last,no,no,no,
Sunless 04,11,11,4.5,F4,65,u,Bozeman tenor-mezzo midpoint (stand-in),0.395,close,G3,10.5,below primo,-2,-9,none,not assessed,short,step,2,yes,6,first,no,no,no,
Sunless 04,11,12,1,F4,65,a,derived from Bozeman tenor-mezzo (stand-in),1.184,open,G4,-1.92,below primo,-2,-9,none,not assessed,short,repeated,0,no,6,middle,no,no,no,
Sunless 04,11,12,2.5,F4,65,ɑ,Bozeman tenor-mezzo midpoint (stand-in),0.395,close,E4,0.5,below primo,-2,-9,none,not assessed,short,repeated,0,no,6,middle,no,no,no,turning pitch 0 to 2 st below
Sunless 04,11,12,3,G4,67,ɑ,Bozeman tenor-mezzo midpoint (stand-in),0.789,close,E4,2.5,inside,0,-7,none,not assessed,short,step,2,no,6,middle,no,yes,no,
Sunless 04,11,12,4,F4,65,u,Bozeman tenor-mezzo midpoint (stand-in),0.395,close,G3,10.5,below primo,-2,-9,none,not assessed,short,step,-2,no,6,middle,no,no,no,
Sunless 04,11,12,4.5,G4,67,u,Bozeman tenor-mezzo midpoint (stand-in),0.395,crossing,G3,12.5,inside,0,-7,none,not assessed,short,step,2,no,6,middle,no,yes,yes,crossing
Sunless 04,11,13,1,F4,65,i,Bozeman tenor-mezzo midpoint (stand-in),0.789,above,E3,12.5,below primo,-2,-9,none,not assessed,short,step,-2,no,6,middle,no,no,no,
Sunless 04,11,13,2,G4,67,i,Bozeman tenor-mezzo midpoint (stand-in),0.395,above,E3,14.5,inside,0,-7,none,not assessed,short,step,2,no,6,middle,no,yes,no,
Sunless 04,11,13,2.5,F4,65,i,Bozeman tenor-mezzo midpoint (stand-in),0.395,above,E3,12.5,below primo,-2,-9,none,not assessed,short,step,-2,no,6,middle,no,no,no,
Sunless 04,11,13,3,C4,60,ɑ,Bozeman tenor-mezzo midpoint (stand-in),0.789,open,E4,-4.5,below primo,-7,-14,none,not assessed,short,leap-down,-5,no,6,middle,no,no,no,
Sunless 04,11,13,4,C4,60,ɑ,Bozeman tenor-mezzo midpoint (stand-in),0.395,open,E4,-4.5,below primo,-7,-14,none,not assessed,short,repeated,0,no,6,middle,no,no,no,
Sunless 04,11,13,4.5,F#4,66,i,Bozeman tenor-mezzo midpoint (stand-in),0.395,above,E3,13.5,below primo,-1,-8,none,not assessed,short,leap-up,6,no,6,middle,no,yes,no,
Sunless 04,11,14,1,F4,65,ɨ,derived from Bozeman tenor-mezzo (stand-in),0.789,close,A#3,7.11,below primo,-2,-9,none,not assessed,short,step,-1,no,6,middle,no,no,no,
Sunless 04,11,14,2,F4,65,ɪ,derived from Bozeman tenor-mezzo (stand-in),0.789,close,D4,2.96,below primo,-2,-9,none,not assessed,short,repeated,0,no,6,middle,no,no,no,
Sunless 04,11,14,3,G4,67,e,Bozeman tenor-mezzo midpoint (stand-in),0.789,close,D4,5.5,inside,0,-7,none,not assessed,short,step,2,no,6,middle,no,yes,no,
Sunless 04,11,14,4,F4,65,ʌ,derived from Bozeman tenor-mezzo (stand-in),0.395,close,E4,0.5,below primo,-2,-9,none,not assessed,short,step,-2,no,6,middle,no,no,no,turning pitch 0 to 2 st below
Sunless 04,11,14,4.5,G4,67,ʌ,derived from Bozeman tenor-mezzo (stand-in),0.395,close,E4,2.5,inside,0,-7,none,not assessed,short,step,2,no,6,middle,no,yes,no,
Sunless 04,11,15,1,F4,65,u,Bozeman tenor-mezzo midpoint (stand-in),1.184,close,G3,10.5,below primo,-2,-9,none,not assessed,short,step,-2,no,6,middle,no,no,no,
Sunless 04,11,15,2.5,D4,62,o,Bozeman tenor-mezzo midpoint (stand-in),0.395,close,C#4,1.5,below primo,-5,-12,none,not assessed,short,leap-down,-3,no,6,middle,no,no,no,turning pitch 0 to 2 st below
Sunless 04,11,15,3,A4,69,ɨ,derived from Bozeman tenor-mezzo (stand-in),0.395,close,A#3,11.11,inside,2,-5,none,not assessed,short,leap-up,7,no,6,last,yes,no,no,highest of phrase
Sunless 04,11,15,4.5,F4,65,i,Bozeman tenor-mezzo midpoint (stand-in),0.395,above,E3,12.5,below primo,-2,-9,none,not assessed,short,leap-down,-4,yes,7,first,no,no,no,
Sunless 04,11,16,1,B4,71,ɛ,Bozeman tenor-mezzo midpoint (stand-in),0.789,close,D#4,8.5,inside,4,-3,none,not assessed,short,leap-up,6,no,7,middle,no,no,no,
Sunless 04,11,16,2,A#4,70,ʌ,derived from Bozeman tenor-mezzo (stand-in),0.395,close,E4,5.5,inside,3,-4,none,not assessed,short,step,-1,no,7,middle,no,no,no,
Sunless 04,11,16,2.5,B4,71,ʌ,derived from Bozeman tenor-mezzo (stand-in),0.395,close,E4,6.5,inside,4,-3,none,not assessed,short,step,1,no,7,middle,no,no,no,
Sunless 04,11,16,3,D#4,63,ɨ,derived from Bozeman tenor-mezzo (stand-in),0.789,close,A#3,5.11,below primo,-4,-11,none,not assessed,short,leap-down,-8,no,7,middle,no,no,no,
Sunless 04,11,16,4,F4,65,ɨ,derived from Bozeman tenor-mezzo (stand-in),0.395,close,A#3,7.11,below primo,-2,-9,none,not assessed,short,step,2,no,7,middle,no,no,no,
Sunless 04,11,16,4.5,F#4,66,ɨ,derived from Bozeman tenor-mezzo (stand-in),0.395,close,A#3,8.11,below primo,-1,-8,none,not assessed,short,step,1,no,7,middle,no,yes,no,
Sunless 04,11,17,1,B4,71,ʌ,derived from Bozeman tenor-mezzo (stand-in),0.789,close,E4,6.5,inside,4,-3,none,not assessed,short,leap-up,5,no,7,middle,no,no,no,
Sunless 04,11,17,2,A#4,70,i,Bozeman tenor-mezzo midpoint (stand-in),0.395,above,E3,17.5,inside,3,-4,none,not assessed,short,step,-1,no,7,middle,no,no,no,
Sunless 04,11,17,2.5,B4,71,i,Bozeman tenor-mezzo midpoint (stand-in),0.395,above,E3,18.5,inside,4,-3,none,not assessed,short,step,1,no,7,middle,no,no,no,
Sunless 04,11,17,3,D#4,63,ɑ,Bozeman tenor-mezzo midpoint (stand-in),0.789,open,E4,-1.5,below primo,-4,-11,none,not assessed,short,leap-down,-8,no,7,middle,no,no,no,
Sunless 04,11,17,4,F4,65,ɑ,Bozeman tenor-mezzo midpoint (stand-in),0.395,close,E4,0.5,below primo,-2,-9,none,not assessed,short,step,2,no,7,middle,no,no,no,turning pitch 0 to 2 st below
Sunless 04,11,17,4.5,F#4,66,ɑ,Bozeman tenor-mezzo midpoint (stand-in),0.395,close,E4,1.5,below primo,-1,-8,none,not assessed,short,step,1,no,7,middle,no,yes,yes,turning pitch 0 to 2 st below
Sunless 04,11,18,1,F4,65,ɑ,Bozeman tenor-mezzo midpoint (stand-in),1.184,close,E4,0.5,below primo,-2,-9,none,not assessed,short,step,-1,no,7,middle,no,no,no,turning pitch 0 to 2 st below
Sunless 04,11,18,2.5,D4,62,u,Bozeman tenor-mezzo midpoint (stand-in),0.395,close,G3,7.5,below primo,-5,-12,none,not assessed,short,leap-down,-3,no,7,middle,no,no,no,
Sunless 04,11,18,3,A4,69,ɛ,Bozeman tenor-mezzo midpoint (stand-in),0.789,close,D#4,6.5,inside,2,-5,none,not assessed,short,leap-up,7,no,7,middle,no,no,no,
Sunless 04,11,18,4,A#4,70,ɛ,Bozeman tenor-mezzo midpoint (stand-in),0.395,close,D#4,7.5,inside,3,-4,none,not assessed,short,step,1,no,7,middle,no,no,no,
Sunless 04,11,18,4.5,C5,72,ɪ,derived from Bozeman tenor-mezzo (stand-in),0.395,close,D4,9.96,inside,5,-2,none,not assessed,short,step,2,no,7,middle,yes,no,no,highest of phrase
Sunless 04,11,19,1,F4,65,ʌ,derived from Bozeman tenor-mezzo (stand-in),0.789,close,E4,0.5,below primo,-2,-9,none,not assessed,short,leap-down,-7,no,7,middle,no,no,no,turning pitch 0 to 2 st below
Sunless 04,11,19,2,C5,72,i,Bozeman tenor-mezzo midpoint (stand-in),0.789,above,E3,19.5,inside,5,-2,none,not assessed,short,leap-up,7,no,7,middle,yes,no,no,highest of phrase
Sunless 04,11,19,3,A4,69,ɨ,derived from Bozeman tenor-mezzo (stand-in),0.395,close,A#3,11.11,inside,2,-5,none,not assessed,short,leap-down,-3,no,7,last,no,no,no,
Sunless 04,11,20,4,F#4,66,u,Bozeman tenor-mezzo midpoint (stand-in),0.789,close,G3,11.5,below primo,-1,-8,none,not assessed,short,leap-down,-3,yes,8,first,yes,yes,yes,highest of phrase
Sunless 04,11,21,1,F4,65,a,derived from Bozeman tenor-mezzo (stand-in),0.789,open,G4,-1.92,below primo,-2,-9,none,not assessed,short,step,-1,no,8,last,no,no,no,
Sunless 04,11,21,2.5,F4,65,ɑ,Bozeman tenor-mezzo midpoint (stand-in),0.395,close,E4,0.5,below primo,-2,-9,none,not assessed,short,repeated,0,yes,9,first,no,no,no,turning pitch 0 to 2 st below
Sunless 04,11,21,3,F#4,66,e,Bozeman tenor-mezzo midpoint (stand-in),0.395,close,D4,4.5,below primo,-1,-8,none,not assessed,short,step,1,no,9,middle,no,yes,no,
Sunless 04,11,21,3.5,F4,65,ɑ,Bozeman tenor-mezzo midpoint (stand-in),0.395,close,E4,0.5,below primo,-2,-9,none,not assessed,short,step,-1,no,9,middle,no,no,no,turning pitch 0 to 2 st below
Sunless 04,11,21,4,D#4,63,ʌ,derived from Bozeman tenor-mezzo (stand-in),0.395,open,E4,-1.5,below primo,-4,-11,none,not assessed,short,step,-2,no,9,middle,no,no,no,
Sunless 04,11,21,4.5,F#4,66,ɑ,Bozeman tenor-mezzo midpoint (stand-in),0.395,close,E4,1.5,below primo,-1,-8,none,not assessed,short,leap-up,3,no,9,middle,no,yes,yes,turning pitch 0 to 2 st below
Sunless 04,11,22,1,G#4,68,i,Bozeman tenor-mezzo midpoint (stand-in),0.789,above,E3,15.5,inside,1,-6,none,not assessed,short,step,2,no,9,middle,no,yes,no,
Sunless 04,11,22,2,F4,65,ɨ,derived from Bozeman tenor-mezzo (stand-in),0.395,close,A#3,7.11,below primo,-2,-9,none,not assessed,short,leap-down,-3,no,9,middle,no,no,no,
Sunless 04,11,22,2.5,G#4,68,ɑ,Bozeman tenor-mezzo midpoint (stand-in),0.395,close,E4,3.5,inside,1,-6,none,not assessed,short,leap-up,3,no,9,middle,no,yes,no,
Sunless 04,11,23,1,B4,71,ɑ,Bozeman tenor-mezzo midpoint (stand-in),1.184,close,E4,6.5,inside,4,-3,none,not assessed,short,leap-up,3,no,9,middle,yes,no,no,highest of phrase
Sunless 04,11,23,2.5,G#4,68,ɛ,Bozeman tenor-mezzo midpoint (stand-in),0.395,close,D#4,5.5,inside,1,-6,none,not assessed,short,leap-down,-3,no,9,middle,no,yes,no,
Sunless 04,11,23,3,A#4,70,u,Bozeman tenor-mezzo midpoint (stand-in),0.395,above,G3,15.5,inside,3,-4,none,not assessed,short,step,2,no,9,middle,no,no,no,
Sunless 04,11,23,3.5,F4,65,ɑ,Bozeman tenor-mezzo midpoint (stand-in),0.395,close,E4,0.5,below primo,-2,-9,none,not assessed,short,leap-down,-5,no,9,middle,no,no,no,turning pitch 0 to 2 st below
Sunless 04,11,23,4,F#4,66,e,Bozeman tenor-mezzo midpoint (stand-in),0.395,close,D4,4.5,below primo,-1,-8,none,not assessed,short,step,1,no,9,middle,no,yes,no,
Sunless 04,11,23,4.5,G#4,68,ɑ,Bozeman tenor-mezzo midpoint (stand-in),0.395,close,E4,3.5,inside,1,-6,none,not assessed,short,step,2,no,9,middle,no,yes,no,
Sunless 04,11,24,1,A#4,70,o,Bozeman tenor-mezzo midpoint (stand-in),0.395,close,C#4,9.5,inside,3,-4,none,not assessed,short,step,2,no,9,last,no,no,no,
Sunless 04,11,24,2,D#4,63,ɑ,Bozeman tenor-mezzo midpoint (stand-in),0.789,open,E4,-1.5,below primo,-4,-11,none,not assessed,short,leap-down,-7,yes,10,first,no,no,no,
Sunless 04,11,24,3,A#4,70,ɑ,Bozeman tenor-mezzo midpoint (stand-in),1.184,close,E4,5.5,inside,3,-4,none,not assessed,short,leap-up,7,no,10,middle,yes,no,no,highest of phrase
Sunless 04,11,24,4.5,A4,69,ɪ,derived from Bozeman tenor-mezzo (stand-in),0.395,close,D4,6.96,inside,2,-5,none,not assessed,short,step,-1,no,10,middle,no,no,no,
Sunless 04,11,25,1,F#4,66,ɨ,derived from Bozeman tenor-mezzo (stand-in),0.395,close,A#3,8.11,below primo,-1,-8,none,not assessed,short,leap-down,-3,no,10,middle,no,yes,no,
Sunless 04,11,25,1.5,A4,69,i,Bozeman tenor-mezzo midpoint (stand-in),0.395,above,E3,16.5,inside,2,-5,none,not assessed,short,leap-up,3,no,10,middle,no,no,no,
Sunless 04,11,25,2,F4,65,ɑ,Bozeman tenor-mezzo midpoint (stand-in),0.395,close,E4,0.5,below primo,-2,-9,none,not assessed,short,leap-down,-4,no,10,middle,no,no,no,turning pitch 0 to 2 st below
Sunless 04,11,25,2.5,D#4,63,i,Bozeman tenor-mezzo midpoint (stand-in),0.395,close,E3,10.5,below primo,-4,-11,none,not assessed,short,step,-2,no,10,middle,no,no,no,
Sunless 04,11,25,3,F#4,66,i,Bozeman tenor-mezzo midpoint (stand-in),0.789,above,E3,13.5,below primo,-1,-8,none,not assessed,short,leap-up,3,no,10,middle,no,yes,no,
Sunless 04,11,25,4,D#4,63,ɨ,derived from Bozeman tenor-mezzo (stand-in),0.395,close,A#3,5.11,below primo,-4,-11,none,not assessed,short,leap-down,-3,no,10,last,no,no,no,
Sunless 04,11,26,1.5,D#4,63,ɑ,Bozeman tenor-mezzo midpoint (stand-in),0.395,open,E4,-1.5,below primo,-4,-11,none,not assessed,short,repeated,0,yes,11,first,no,no,no,
Sunless 04,11,26,2,G#4,68,o,Bozeman tenor-mezzo midpoint (stand-in),0.395,close,C#4,7.5,inside,1,-6,none,not assessed,short,leap-up,5,no,11,middle,no,yes,no,
Sunless 04,11,26,2.5,A#4,70,u,Bozeman tenor-mezzo midpoint (stand-in),0.395,above,G3,15.5,inside,3,-4,none,not assessed,short,step,2,no,11,middle,no,no,no,
Sunless 04,11,26,3,B4,71,o,Bozeman tenor-mezzo midpoint (stand-in),0.789,close,C#4,10.5,inside,4,-3,none,not assessed,short,step,1,no,11,last,yes,no,no,highest of phrase
Sunless 04,11,27,2,F4,65,i,Bozeman tenor-mezzo midpoint (stand-in),0.789,above,E3,12.5,below primo,-2,-9,none,not assessed,short,leap-down,-6,yes,12,first,no,no,no,
Sunless 04,11,27,3,A#4,70,o,Bozeman tenor-mezzo midpoint (stand-in),0.592,close,C#4,9.5,inside,3,-4,none,not assessed,short,leap-up,5,no,12,middle,yes,no,no,highest of phrase
Sunless 04,11,27,3.75,D4,62,ɑ,Bozeman tenor-mezzo midpoint (stand-in),0.197,open,E4,-2.5,below primo,-5,-12,none,not assessed,short,leap-down,-8,no,12,middle,no,no,no,
Sunless 04,11,27,4,D4,62,o,Bozeman tenor-mezzo midpoint (stand-in),0.395,close,C#4,1.5,below primo,-5,-12,none,not assessed,short,repeated,0,no,12,last,no,no,no,turning pitch 0 to 2 st below
Sunless 04,11,28,4,F4,65,i,Bozeman tenor-mezzo midpoint (stand-in),0.789,above,E3,12.5,below primo,-2,-9,none,not assessed,short,leap-up,3,yes,13,first,yes,no,no,highest of phrase
Sunless 04,11,29,1,F4,65,o,Bozeman tenor-mezzo midpoint (stand-in),0.592,close,C#4,4.5,below primo,-2,-9,none,not assessed,short,repeated,0,no,13,middle,yes,no,no,highest of phrase
Sunless 04,11,29,1.75,A#3,58,ɑ,Bozeman tenor-mezzo midpoint (stand-in),0.197,open,E4,-6.5,below primo,-9,-16,none,not assessed,short,leap-down,-7,no,13,middle,no,no,no,
Sunless 04,11,29,2,A#3,58,o,Bozeman tenor-mezzo midpoint (stand-in),0.395,open,C#4,-2.5,below primo,-9,-16,none,not assessed,short,repeated,0,no,13,last,no,no,no,
Sunless 05,11,1,4.333,D4,62,u,Bozeman tenor-mezzo midpoint (stand-in),0.37,close,G3,7.5,below primo,-5,-12,none,not assessed,short,first note,,,0,first,yes,no,no,highest of phrase
Sunless 05,11,2,1,C#4,61,ɑ,Bozeman tenor-mezzo midpoint (stand-in),0.556,open,E4,-3.5,below primo,-6,-13,none,not assessed,short,step,-1,no,0,middle,no,no,no,
Sunless 05,11,2,2,C#4,61,ɪ,derived from Bozeman tenor-mezzo (stand-in),0.278,open,D4,-1.04,below primo,-6,-13,none,not assessed,short,repeated,0,no,0,last,no,no,no,
Sunless 05,11,2,3,C#4,61,ɛ,Bozeman tenor-mezzo midpoint (stand-in),0.833,open,D#4,-1.5,below primo,-6,-13,none,not assessed,short,repeated,0,yes,1,first,no,no,no,
Sunless 05,11,2,4.5,C#4,61,ɪ,derived from Bozeman tenor-mezzo (stand-in),0.278,open,D4,-1.04,below primo,-6,-13,none,not assessed,short,repeated,0,no,1,middle,no,no,no,
Sunless 05,11,3,1,D#4,63,o,Bozeman tenor-mezzo midpoint (stand-in),0.556,close,C#4,2.5,below primo,-4,-11,none,not assessed,short,step,2,no,1,middle,yes,no,no,highest of phrase
Sunless 05,11,3,2,D#4,63,o,Bozeman tenor-mezzo midpoint (stand-in),0.278,close,C#4,2.5,below primo,-4,-11,none,not assessed,short,tie,0,no,1,last,yes,no,no,highest of phrase
Sunless 05,11,3,4.5,D#4,63,ɪ,derived from Bozeman tenor-mezzo (stand-in),0.278,close,D4,0.96,below primo,-4,-11,none,not assessed,short,repeated,0,yes,2,first,no,no,no,turning pitch 0 to 2 st below
Sunless 05,11,4,1,D#4,63,o,Bozeman tenor-mezzo midpoint (stand-in),0.417,close,C#4,2.5,below primo,-4,-11,none,not assessed,short,repeated,0,no,2,middle,no,no,no,
Sunless 05,11,4,1.75,G4,67,ɑ,Bozeman tenor-mezzo midpoint (stand-in),0.139,close,E4,2.5,inside,0,-7,none,not assessed,short,leap-up,4,no,2,middle,no,yes,no,
Sunless 05,11,4,2,D4,62,ɑ,Bozeman tenor-mezzo midpoint (stand-in),0.278,open,E4,-2.5,below primo,-5,-12,none,not assessed,short,leap-down,-5,no,2,middle,no,no,no,
Sunless 05,11,4,2.5,D#4,63,ɪ,derived from Bozeman tenor-mezzo (stand-in),0.278,close,D4,0.96,below primo,-4,-11,none,not assessed,short,step,1,no,2,middle,no,no,no,turning pitch 0 to 2 st below
Sunless 05,11,4,3,E4,64,ɑ,Bozeman tenor-mezzo midpoint (stand-in),0.833,open,E4,-0.5,below primo,-3,-10,none,not assessed,short,step,1,no,2,middle,no,no,no,
Sunless 05,11,4,4.5,E4,64,o,Bozeman tenor-mezzo midpoint (stand-in),0.278,close,C#4,3.5,below primo,-3,-10,none,not assessed,short,repeated,0,no,2,middle,no,no,no,
Sunless 05,11,5,1,F4,65,ɨ,derived from Bozeman tenor-mezzo (stand-in),0.278,close,A#3,7.11,below primo,-2,-9,none,not assessed,short,step,1,no,2,middle,no,no,no,
Sunless 05,11,5,1.5,F4,65,u,Bozeman tenor-mezzo midpoint (stand-in),0.278,close,G3,10.5,below primo,-2,-9,none,not assessed,short,repeated,0,no,2,middle,no,no,no,
Sunless 05,11,5,2,E4,64,ʌ,derived from Bozeman tenor-mezzo (stand-in),0.278,open,E4,-0.5,below primo,-3,-10,none,not assessed,short,step,-1,no,2,middle,no,no,no,
Sunless 05,11,5,2.5,D4,62,ɑ,Bozeman tenor-mezzo midpoint (stand-in),0.278,open,E4,-2.5,below primo,-5,-12,none,not assessed,short,step,-2,no,2,middle,no,no,no,
Sunless 05,11,5,3,F4,65,o,Bozeman tenor-mezzo midpoint (stand-in),0.833,close,C#4,4.5,below primo,-2,-9,none,not assessed,short,leap-up,3,no,2,middle,no,no,no,
Sunless 05,11,5,4.5,F4,65,ɪ,derived from Bozeman tenor-mezzo (stand-in),0.278,close,D4,2.96,below primo,-2,-9,none,not assessed,short,repeated,0,no,2,middle,no,no,no,
Sunless 05,11,6,1,G4,67,ɑ,Bozeman tenor-mezzo midpoint (stand-in),0.833,close,E4,2.5,inside,0,-7,none,not assessed,short,step,2,no,2,middle,no,yes,no,
Sunless 05,11,6,2.5,G4,67,ɪ,derived from Bozeman tenor-mezzo (stand-in),0.278,close,D4,4.96,inside,0,-7,none,not assessed,short,repeated,0,no,2,middle,no,yes,no,
Sunless 05,11,6,3,G4,67,ʌ,derived from Bozeman tenor-mezzo (stand-in),0.556,close,E4,2.5,inside,0,-7,none,not assessed,short,repeated,0,no,2,middle,no,yes,no,
Sunless 05,11,6,4,G4,67,i,Bozeman tenor-mezzo midpoint (stand-in),0.556,above,E3,14.5,inside,0,-7,none,not assessed,short,repeated,0,no,2,middle,no,yes,no,
Sunless 05,11,7,1,G#4,68,o,Bozeman tenor-mezzo midpoint (stand-in),1.111,close,C#4,7.5,inside,1,-6,none,not assessed,short,step,1,no,2,middle,yes,yes,yes,highest of phrase
Sunless 05,11,7,3,F4,65,ʌ,derived from Bozeman tenor-mezzo (stand-in),0.556,close,E4,0.5,below primo,-2,-9,none,not assessed,short,leap-down,-3,no,2,last,no,no,no,turning pitch 0 to 2 st below
Sunless 05,11,7,4.5,C4,60,i,Bozeman tenor-mezzo midpoint (stand-in),0.278,close,E3,7.5,below primo,-7,-14,none,not assessed,short,leap-down,-5,yes,3,first,no,no,no,
Sunless 05,11,8,1,E4,64,ɑ,Bozeman tenor-mezzo midpoint (stand-in),0.833,open,E4,-0.5,below primo,-3,-10,none,not assessed,short,leap-up,4,no,3,middle,no,no,no,
Sunless 05,11,8,2.5,G4,67,u,Bozeman tenor-mezzo midpoint (stand-in),0.278,crossing,G3,12.5,inside,0,-7,none,not assessed,short,leap-up,3,no,3,middle,no,yes,yes,crossing
Sunless 05,11,8,3,F#4,66,ɪ,derived from Bozeman tenor-mezzo (stand-in),0.417,close,D4,3.96,below primo,-1,-8,none,not assessed,short,step,-1,no,3,middle,no,yes,no,
Sunless 05,11,8,3.75,F#4,66,ɑ,Bozeman tenor-mezzo midpoint (stand-in),0.139,close,E4,1.5,below primo,-1,-8,none,not assessed,short,repeated,0,no,3,middle,no,yes,yes,turning pitch 0 to 2 st below
Sunless 05,11,8,4,D#4,63,i,Bozeman tenor-mezzo midpoint (stand-in),0.278,close,E3,10.5,below primo,-4,-11,none,not assessed,short,leap-down,-3,no,3,middle,no,no,no,
Sunless 05,11,8,4.5,G#4,68,u,Bozeman tenor-mezzo midpoint (stand-in),0.278,above,G3,13.5,inside,1,-6,none,not assessed,short,leap-up,5,no,3,middle,no,yes,no,
Sunless 05,11,9,1,A#4,70,ɨ,derived from Bozeman tenor-mezzo (stand-in),0.417,crossing,A#3,12.11,inside,3,-4,none,not assessed,short,step,2,no,3,middle,no,no,no,crossing
Sunless 05,11,9,1.75,G4,67,ʌ,derived from Bozeman tenor-mezzo (stand-in),0.139,close,E4,2.5,inside,0,-7,none,not assessed,short,leap-down,-3,no,3,middle,no,yes,no,
Sunless 05,11,9,2,G#4,68,i,Bozeman tenor-mezzo midpoint (stand-in),0.278,above,E3,15.5,inside,1,-6,none,not assessed,short,step,1,no,3,middle,no,yes,no,
Sunless 05,11,9,2.5,A#4,70,ɑ,Bozeman tenor-mezzo midpoint (stand-in),0.278,close,E4,5.5,inside,3,-4,none,not assessed,short,step,2,no,3,middle,no,no,no,
Sunless 05,11,9,3,C5,72,o,Bozeman tenor-mezzo midpoint (stand-in),0.556,close,C#4,11.5,inside,5,-2,none,not assessed,short,step,2,no,3,middle,yes,no,no,highest of phrase
Sunless 05,11,9,4,G#4,68,ʌ,derived from Bozeman tenor-mezzo (stand-in),0.185,close,E4,3.5,inside,1,-6,none,not assessed,short,leap-down,-4,no,3,last,no,yes,no,
Sunless 05,11,9,4.667,G#4,68,ɑ,Bozeman tenor-mezzo midpoint (stand-in),0.185,close,E4,3.5,inside,1,-6,none,not assessed,short,repeated,0,yes,4,first,no,yes,no,
Sunless 05,11,10,1,G4,67,e,Bozeman tenor-mezzo midpoint (stand-in),0.556,close,D4,5.5,inside,0,-7,none,not assessed,short,step,-1,no,4,middle,no,yes,no,
Sunless 05,11,10,2,A#4,70,ɑ,Bozeman tenor-mezzo midpoint (stand-in),0.556,close,E4,5.5,inside,3,-4,none,not assessed,short,leap-up,3,no,4,middle,yes,no,no,highest of phrase
Sunless 05,11,10,3,G#4,68,u,Bozeman tenor-mezzo midpoint (stand-in),0.417,above,G3,13.5,inside,1,-6,none,not assessed,short,step,-2,no,4,middle,no,yes,no,
Sunless 05,11,10,3.75,G#4,68,i,Bozeman tenor-mezzo midpoint (stand-in),0.139,above,E3,15.5,inside,1,-6,none,not assessed,short,repeated,0,no,4,middle,no,yes,no,
Sunless 05,11,10,4,D#4,63,ɪ,derived from Bozeman tenor-mezzo (stand-in),0.278,close,D4,0.96,below primo,-4,-11,none,not assessed,short,leap-down,-5,no,4,middle,no,no,no,turning pitch 0 to 2 st below
Sunless 05,11,10,4.5,C4,60,ɑ,Bozeman tenor-mezzo midpoint (stand-in),0.278,open,E4,-4.5,below primo,-7,-14,none,not assessed,short,leap-down,-3,no,4,middle,no,no,no,
Sunless 05,11,11,1,G4,67,ɑ,Bozeman tenor-mezzo midpoint (stand-in),0.556,close,E4,2.5,inside,0,-7,none,not assessed,short,leap-up,7,no,4,middle,no,yes,no,
Sunless 05,11,11,2,G4,67,ɑ,Bozeman tenor-mezzo midpoint (stand-in),0.278,close,E4,2.5,inside,0,-7,none,not assessed,short,tie,0,no,4,last,no,yes,no,
Sunless 05,11,11,4.5,C5,72,ɑ,Bozeman tenor-mezzo midpoint (stand-in),0.278,close,E4,7.5,inside,5,-2,none,not assessed,short,leap-up,5,yes,5,first,no,no,no,
Sunless 05,11,12,1,C#5,73,o,Bozeman tenor-mezzo midpoint (stand-in),0.278,crossing,C#4,12.5,inside,6,-1,none,not assessed,short,step,1,no,5,middle,yes,yes,yes,highest of phrase; crossing
Sunless 05,11,12,1.5,F4,65,i,Bozeman tenor-mezzo midpoint (stand-in),0.278,above,E3,12.5,below primo,-2,-9,none,not assessed,short,leap-down,-8,no,5,middle,no,no,no,
Sunless 05,11,12,2,E4,64,ʌ,derived from Bozeman tenor-mezzo (stand-in),0.278,open,E4,-0.5,below primo,-3,-10,none,not assessed,short,step,-1,no,5,middle,no,no,no,
Sunless 05,11,12,2.5,F4,65,ɑ,Bozeman tenor-mezzo midpoint (stand-in),0.278,close,E4,0.5,below primo,-2,-9,none,not assessed,short,step,1,no,5,middle,no,no,no,turning pitch 0 to 2 st below
Sunless 05,11,12,3,A#4,70,ɑ,Bozeman tenor-mezzo midpoint (stand-in),0.556,close,E4,5.5,inside,3,-4,none,not assessed,short,leap-up,5,no,5,last,no,no,no,
Sunless 05,11,12,4.5,C5,72,i,Bozeman tenor-mezzo midpoint (stand-in),0.278,above,E3,19.5,inside,5,-2,none,not assessed,short,step,2,yes,6,first,no,no,no,
Sunless 05,11,13,1,C#4,61,ɛ,Bozeman tenor-mezzo midpoint (stand-in),0.278,open,D#4,-1.5,below primo,-6,-13,none,not assessed,short,leap-down,-11,no,6,middle,no,no,no,
Sunless 05,11,13,1.5,C4,60,i,Bozeman tenor-mezzo midpoint (stand-in),0.278,close,E3,7.5,below primo,-7,-14,none,not assessed,short,step,-1,no,6,middle,no,no,no,
Sunless 05,11,13,2,D#4,63,ɨ,derived from Bozeman tenor-mezzo (stand-in),0.278,close,A#3,5.11,below primo,-4,-11,none,not assessed,short,leap-up,3,no,6,middle,no,no,no,
Sunless 05,11,13,2.5,C#4,61,ɪ,derived from Bozeman tenor-mezzo (stand-in),0.278,open,D4,-1.04,below primo,-6,-13,none,not assessed,short,step,-2,no,6,middle,no,no,no,
Sunless 05,11,13,3,A#4,70,u,Bozeman tenor-mezzo midpoint (stand-in),0.556,above,G3,15.5,inside,3,-4,none,not assessed,short,leap-up,9,no,6,middle,no,no,no,
Sunless 05,11,13,4,F4,65,ɨ,derived from Bozeman tenor-mezzo (stand-in),0.278,close,A#3,7.11,below primo,-2,-9,none,not assessed,short,leap-down,-5,no,6,middle,no,no,no,
Sunless 05,11,13,4.5,F4,65,ɪ,derived from Bozeman tenor-mezzo (stand-in),0.278,close,D4,2.96,below primo,-2,-9,none,not assessed,short,repeated,0,no,6,middle,no,no,no,
Sunless 05,11,14,1,F#4,66,u,Bozeman tenor-mezzo midpoint (stand-in),0.278,close,G3,11.5,below primo,-1,-8,none,not assessed,short,step,1,no,6,middle,no,yes,no,
Sunless 05,11,14,1.5,F4,65,none resolved,not assessed,0.278,not assessed,not assessed,not assessed,below primo,-2,-9,not assessed,not assessed,short,step,-1,no,6,middle,no,no,no,
Sunless 05,11,14,2,E4,64,ɑ,Bozeman tenor-mezzo midpoint (stand-in),0.278,open,E4,-0.5,below primo,-3,-10,none,not assessed,short,step,-1,no,6,middle,no,no,no,
Sunless 05,11,14,2.5,F4,65,ɑ,Bozeman tenor-mezzo midpoint (stand-in),0.278,close,E4,0.5,below primo,-2,-9,none,not assessed,short,step,1,no,6,middle,no,no,no,turning pitch 0 to 2 st below
Sunless 05,11,14,3,A#4,70,o,Bozeman tenor-mezzo midpoint (stand-in),0.833,close,C#4,9.5,inside,3,-4,none,not assessed,short,leap-up,5,no,6,middle,no,no,no,
Sunless 05,11,14,4.5,C5,72,ɪ,derived from Bozeman tenor-mezzo (stand-in),0.278,close,D4,9.96,inside,5,-2,none,not assessed,short,step,2,no,6,middle,no,no,no,
Sunless 05,11,15,1,C#5,73,o,Bozeman tenor-mezzo midpoint (stand-in),0.278,crossing,C#4,12.5,inside,6,-1,none,not assessed,short,step,1,no,6,middle,yes,yes,yes,highest of phrase; crossing
Sunless 05,11,15,1.5,G4,67,ɨ,derived from Bozeman tenor-mezzo (stand-in),0.278,close,A#3,9.11,inside,0,-7,none,not assessed,short,leap-down,-6,no,6,middle,no,yes,no,
Sunless 05,11,15,2,F#4,66,i,Bozeman tenor-mezzo midpoint (stand-in),0.278,above,E3,13.5,below primo,-1,-8,none,not assessed,short,step,-1,no,6,middle,no,yes,no,
Sunless 05,11,15,2.5,A#4,70,u,Bozeman tenor-mezzo midpoint (stand-in),0.278,above,G3,15.5,inside,3,-4,none,not assessed,short,leap-up,4,no,6,middle,no,no,no,
Sunless 05,11,15,3,C5,72,u,Bozeman tenor-mezzo midpoint (stand-in),0.556,above,G3,17.5,inside,5,-2,none,not assessed,short,step,2,no,6,middle,no,no,no,
Sunless 05,11,15,4,A4,69,ɨ,derived from Bozeman tenor-mezzo (stand-in),0.278,close,A#3,11.11,inside,2,-5,none,not assessed,short,leap-down,-3,no,6,middle,no,no,no,
Sunless 05,11,15,4.5,F4,65,i,Bozeman tenor-mezzo midpoint (stand-in),0.278,above,E3,12.5,below primo,-2,-9,none,not assessed,short,leap-down,-4,no,6,middle,no,no,no,
Sunless 05,11,16,1,F#4,66,o,Bozeman tenor-mezzo midpoint (stand-in),0.833,close,C#4,5.5,below primo,-1,-8,none,not assessed,short,step,1,no,6,middle,no,yes,no,
Sunless 05,11,16,2.5,F#4,66,ɪ,derived from Bozeman tenor-mezzo (stand-in),0.278,close,D4,3.96,below primo,-1,-8,none,not assessed,short,repeated,0,no,6,middle,no,yes,no,
Sunless 05,11,16,3,A4,69,i,Bozeman tenor-mezzo midpoint (stand-in),0.556,above,E3,16.5,inside,2,-5,none,not assessed,short,leap-up,3,no,6,middle,no,no,no,
Sunless 05,11,16,4,C5,72,ɑ,Bozeman tenor-mezzo midpoint (stand-in),0.556,close,E4,7.5,inside,5,-2,none,not assessed,short,leap-up,3,no,6,middle,no,no,no,
Sunless 05,11,17,1,G#4,68,ɛ,Bozeman tenor-mezzo midpoint (stand-in),0.556,close,D#4,5.5,inside,1,-6,none,not assessed,short,leap-down,-4,no,6,last,no,yes,no,
Sunless 05,11,17,4,G#4,68,o,Bozeman tenor-mezzo midpoint (stand-in),0.556,close,C#4,7.5,inside,1,-6,none,not assessed,short,repeated,0,yes,7,first,no,yes,no,
Sunless 05,11,18,1,A#4,70,ɑ,Bozeman tenor-mezzo midpoint (stand-in),0.833,close,E4,5.5,inside,3,-4,none,not assessed,short,step,2,no,7,middle,yes,no,no,highest of phrase
Sunless 05,11,18,2.5,F4,65,o,Bozeman tenor-mezzo midpoint (stand-in),0.278,close,C#4,4.5,below primo,-2,-9,none,not assessed,short,leap-down,-5,no,7,middle,no,no,no,
Sunless 05,11,18,3,F4,65,ʌ,derived from Bozeman tenor-mezzo (stand-in),0.556,close,E4,0.5,below primo,-2,-9,none,not assessed,short,repeated,0,no,7,middle,no,no,no,turning pitch 0 to 2 st below
Sunless 05,11,18,4,F#4,66,ɑ,Bozeman tenor-mezzo midpoint (stand-in),0.556,close,E4,1.5,below primo,-1,-8,none,not assessed,short,step,1,no,7,middle,no,yes,yes,turning pitch 0 to 2 st below
Sunless 05,11,19,1,A#4,70,i,Bozeman tenor-mezzo midpoint (stand-in),0.556,above,E3,17.5,inside,3,-4,none,not assessed,short,leap-up,4,no,7,last,yes,no,no,highest of phrase
Sunless 05,11,19,4,G#4,68,ɑ,Bozeman tenor-mezzo midpoint (stand-in),0.556,close,E4,3.5,inside,1,-6,none,not assessed,short,step,-2,yes,8,first,no,yes,no,
Sunless 05,11,20,1,A4,69,o,Bozeman tenor-mezzo midpoint (stand-in),0.278,close,C#4,8.5,inside,2,-5,none,not assessed,short,step,1,no,8,middle,no,no,no,
Sunless 05,11,20,1.5,G#4,68,o,Bozeman tenor-mezzo midpoint (stand-in),0.556,close,C#4,7.5,inside,1,-6,none,not assessed,short,step,-1,no,8,middle,no,yes,no,
Sunless 05,11,20,2.5,C#4,61,ɑ,Bozeman tenor-mezzo midpoint (stand-in),0.278,open,E4,-3.5,below primo,-6,-13,none,not assessed,short,leap-down,-7,no,8,middle,no,no,no,
Sunless 05,11,20,3,C#4,61,e,Bozeman tenor-mezzo midpoint (stand-in),0.417,open,D4,-0.5,below primo,-6,-13,none,not assessed,short,repeated,0,no,8,middle,no,no,no,
Sunless 05,11,20,3.75,C4,60,ɑ,Bozeman tenor-mezzo midpoint (stand-in),0.139,open,E4,-4.5,below primo,-7,-14,none,not assessed,short,step,-1,no,8,middle,no,no,no,
Sunless 05,11,20,4,C4,60,ɨ,derived from Bozeman tenor-mezzo (stand-in),0.278,close,A#3,2.11,below primo,-7,-14,none,not assessed,short,repeated,0,no,8,middle,no,no,no,
Sunless 05,11,20,4.5,C5,72,ɑ,Bozeman tenor-mezzo midpoint (stand-in),0.278,close,E4,7.5,inside,5,-2,none,not assessed,short,leap-up,12,no,8,middle,no,no,no,
Sunless 05,11,21,1,C#5,73,o,Bozeman tenor-mezzo midpoint (stand-in),0.278,crossing,C#4,12.5,inside,6,-1,none,not assessed,short,step,1,no,8,middle,yes,yes,yes,highest of phrase; crossing
Sunless 05,11,21,1.5,G#4,68,u,Bozeman tenor-mezzo midpoint (stand-in),0.278,above,G3,13.5,inside,1,-6,none,not assessed,short,leap-down,-5,no,8,middle,no,yes,no,
Sunless 05,11,21,2,G#4,68,ɪ,derived from Bozeman tenor-mezzo (stand-in),0.278,close,D4,5.96,inside,1,-6,none,not assessed,short,repeated,0,no,8,middle,no,yes,no,
Sunless 05,11,21,2.5,G#4,68,ɨ,derived from Bozeman tenor-mezzo (stand-in),0.278,close,A#3,10.11,inside,1,-6,none,not assessed,short,repeated,0,no,8,middle,no,yes,no,
Sunless 05,11,21,3,F#4,66,ɨ,derived from Bozeman tenor-mezzo (stand-in),0.556,close,A#3,8.11,below primo,-1,-8,none,not assessed,short,step,-2,no,8,last,no,yes,no,
Sunless 05,11,22,1,G#4,68,i,Bozeman tenor-mezzo midpoint (stand-in),0.556,above,E3,15.5,inside,1,-6,none,not assessed,short,step,2,yes,9,first,yes,yes,yes,highest of phrase
Sunless 05,11,22,2,F4,65,o,Bozeman tenor-mezzo midpoint (stand-in),0.278,close,C#4,4.5,below primo,-2,-9,none,not assessed,short,leap-down,-3,no,9,middle,no,no,no,
Sunless 05,11,22,2.5,C#4,61,ɑ,Bozeman tenor-mezzo midpoint (stand-in),0.278,open,E4,-3.5,below primo,-6,-13,none,not assessed,short,leap-down,-4,no,9,middle,no,no,no,
Sunless 05,11,22,3,G4,67,e,Bozeman tenor-mezzo midpoint (stand-in),0.417,close,D4,5.5,inside,0,-7,none,not assessed,short,leap-up,6,no,9,middle,no,yes,no,
Sunless 05,11,22,3.75,E4,64,i,Bozeman tenor-mezzo midpoint (stand-in),0.139,crossing,E3,11.5,below primo,-3,-10,none,not assessed,short,leap-down,-3,no,9,middle,no,no,no,crossing
Sunless 05,11,22,4,E4,64,ɑ,Bozeman tenor-mezzo midpoint (stand-in),0.278,open,E4,-0.5,below primo,-3,-10,none,not assessed,short,repeated,0,no,9,last,no,no,no,
Sunless 05,11,23,2,G#4,68,i,Bozeman tenor-mezzo midpoint (stand-in),0.556,above,E3,15.5,inside,1,-6,none,not assessed,short,leap-up,4,yes,10,first,no,yes,no,
Sunless 05,11,23,3,C#5,73,o,Bozeman tenor-mezzo midpoint (stand-in),0.556,crossing,C#4,12.5,inside,6,-1,none,not assessed,short,leap-up,5,no,10,middle,yes,yes,yes,highest of phrase; crossing
Sunless 05,11,23,4,B4,71,o,Bozeman tenor-mezzo midpoint (stand-in),0.278,close,C#4,10.5,inside,4,-3,none,not assessed,short,step,-2,no,10,middle,no,no,no,
Sunless 05,11,23,4.5,A4,69,ɨ,derived from Bozeman tenor-mezzo (stand-in),0.278,close,A#3,11.11,inside,2,-5,none,not assessed,short,step,-2,no,10,last,no,no,no,
Sunless 05,11,24,4.5,C#4,61,ɪ,derived from Bozeman tenor-mezzo (stand-in),0.278,open,D4,-1.04,below primo,-6,-13,none,not assessed,short,leap-down,-8,yes,11,first,no,no,no,
Sunless 05,11,25,1,G#4,68,u,Bozeman tenor-mezzo midpoint (stand-in),0.833,above,G3,13.5,inside,1,-6,none,not assessed,short,leap-up,7,no,11,middle,no,yes,no,
Sunless 05,11,25,2.5,E4,64,none resolved,not assessed,0.278,not assessed,not assessed,not assessed,below primo,-3,-10,not assessed,not assessed,short,leap-down,-4,no,11,middle,no,no,no,
Sunless 05,11,25,3,F#4,66,u,Bozeman tenor-mezzo midpoint (stand-in),0.417,close,G3,11.5,below primo,-1,-8,none,not assessed,short,step,2,no,11,middle,no,yes,no,
Sunless 05,11,25,3.75,D#4,63,ɨ,derived from Bozeman tenor-mezzo (stand-in),0.139,close,A#3,5.11,below primo,-4,-11,none,not assessed,short,leap-down,-3,no,11,middle,no,no,no,
Sunless 05,11,25,4,D#4,63,ɛ,Bozeman tenor-mezzo midpoint (stand-in),0.278,close,D#4,0.5,below primo,-4,-11,none,not assessed,short,repeated,0,no,11,middle,no,no,no,turning pitch 0 to 2 st below
Sunless 05,11,25,4.5,F#4,66,ɪ,derived from Bozeman tenor-mezzo (stand-in),0.278,close,D4,3.96,below primo,-1,-8,none,not assessed,short,leap-up,3,no,11,middle,no,yes,no,
Sunless 05,11,26,1,G#4,68,e,Bozeman tenor-mezzo midpoint (stand-in),0.278,close,D4,6.5,inside,1,-6,none,not assessed,short,step,2,no,11,middle,no,yes,no,
Sunless 05,11,26,1.5,E4,64,i,Bozeman tenor-mezzo midpoint (stand-in),0.278,crossing,E3,11.5,below primo,-3,-10,none,not assessed,short,leap-down,-4,no,11,middle,no,no,no,crossing
Sunless 05,11,26,2,F#4,66,i,Bozeman tenor-mezzo midpoint (stand-in),0.278,above,E3,13.5,below primo,-1,-8,none,not assessed,short,step,2,no,11,middle,no,yes,no,
Sunless 05,11,26,2.5,G#4,68,ɑ,Bozeman tenor-mezzo midpoint (stand-in),0.278,close,E4,3.5,inside,1,-6,none,not assessed,short,step,2,no,11,middle,no,yes,no,
Sunless 05,11,26,3,A#4,70,ɑ,Bozeman tenor-mezzo midpoint (stand-in),0.556,close,E4,5.5,inside,3,-4,none,not assessed,short,step,2,no,11,middle,yes,no,no,highest of phrase
Sunless 05,11,26,4,A#4,70,ɑ,Bozeman tenor-mezzo midpoint (stand-in),0.278,close,E4,5.5,inside,3,-4,none,not assessed,short,tie,0,no,11,last,yes,no,no,highest of phrase
Sunless 05,11,27,1,F4,65,o,Bozeman tenor-mezzo midpoint (stand-in),0.556,close,C#4,4.5,below primo,-2,-9,none,not assessed,short,leap-down,-5,yes,12,first,no,no,no,
Sunless 05,11,27,2,E4,64,ɛ,Bozeman tenor-mezzo midpoint (stand-in),0.278,close,D#4,1.5,below primo,-3,-10,none,not assessed,short,step,-1,no,12,middle,no,no,no,turning pitch 0 to 2 st below
Sunless 05,11,27,2.5,F4,65,ɑ,Bozeman tenor-mezzo midpoint (stand-in),0.278,close,E4,0.5,below primo,-2,-9,none,not assessed,short,step,1,no,12,middle,no,no,no,turning pitch 0 to 2 st below
Sunless 05,11,27,3,C#4,61,a,derived from Bozeman tenor-mezzo (stand-in),0.278,open,G4,-5.92,below primo,-6,-13,none,not assessed,short,leap-down,-4,no,12,middle,no,no,no,
Sunless 05,11,27,3.5,D4,62,ɪ,derived from Bozeman tenor-mezzo (stand-in),0.278,open,D4,-0.04,below primo,-5,-12,none,not assessed,short,step,1,no,12,middle,no,no,no,
Sunless 05,11,27,4,G4,67,ɨ,derived from Bozeman tenor-mezzo (stand-in),0.278,close,A#3,9.11,inside,0,-7,none,not assessed,short,leap-up,5,no,12,middle,yes,yes,yes,highest of phrase
Sunless 05,11,27,4.5,G4,67,u,Bozeman tenor-mezzo midpoint (stand-in),0.278,crossing,G3,12.5,inside,0,-7,none,not assessed,short,repeated,0,no,12,middle,yes,yes,yes,highest of phrase; crossing
Sunless 05,11,28,1,G4,67,i,Bozeman tenor-mezzo midpoint (stand-in),0.278,above,E3,14.5,inside,0,-7,none,not assessed,short,repeated,0,no,12,middle,yes,yes,yes,highest of phrase
Sunless 05,11,28,1.5,D#4,63,ʌ,derived from Bozeman tenor-mezzo (stand-in),0.278,open,E4,-1.5,below primo,-4,-11,none,not assessed,short,leap-down,-4,no,12,middle,no,no,no,
Sunless 05,11,28,2,D4,62,ʌ,derived from Bozeman tenor-mezzo (stand-in),0.278,open,E4,-2.5,below primo,-5,-12,none,not assessed,short,step,-1,no,12,middle,no,no,no,
Sunless 05,11,28,2.5,C4,60,i,Bozeman tenor-mezzo midpoint (stand-in),0.278,close,E3,7.5,below primo,-7,-14,none,not assessed,short,step,-2,no,12,middle,no,no,no,
Sunless 05,11,28,3,F4,65,ɑ,Bozeman tenor-mezzo midpoint (stand-in),0.556,close,E4,0.5,below primo,-2,-9,none,not assessed,short,leap-up,5,no,12,last,no,no,no,turning pitch 0 to 2 st below
Sunless 05,11,28,4.5,F4,65,ɑ,Bozeman tenor-mezzo midpoint (stand-in),0.278,close,E4,0.5,below primo,-2,-9,none,not assessed,short,repeated,0,yes,13,first,no,no,no,turning pitch 0 to 2 st below
Sunless 05,11,29,1,G#4,68,u,Bozeman tenor-mezzo midpoint (stand-in),0.417,above,G3,13.5,inside,1,-6,none,not assessed,short,leap-up,3,no,13,middle,no,yes,no,
Sunless 05,11,29,1.75,G#4,68,ɑ,Bozeman tenor-mezzo midpoint (stand-in),0.139,close,E4,3.5,inside,1,-6,none,not assessed,short,repeated,0,no,13,middle,no,yes,no,
Sunless 05,11,29,2,G4,67,ɑ,Bozeman tenor-mezzo midpoint (stand-in),0.278,close,E4,2.5,inside,0,-7,none,not assessed,short,step,-1,no,13,middle,no,yes,no,
Sunless 05,11,29,2.5,G#4,68,ɑ,Bozeman tenor-mezzo midpoint (stand-in),0.278,close,E4,3.5,inside,1,-6,none,not assessed,short,step,1,no,13,middle,no,yes,no,
Sunless 05,11,29,3,A#4,70,o,Bozeman tenor-mezzo midpoint (stand-in),0.278,close,C#4,9.5,inside,3,-4,none,not assessed,short,step,2,no,13,middle,no,no,no,
Sunless 05,11,29,3.5,G4,67,u,Bozeman tenor-mezzo midpoint (stand-in),0.278,crossing,G3,12.5,inside,0,-7,none,not assessed,short,leap-down,-3,no,13,middle,no,yes,yes,crossing
Sunless 05,11,29,4,C5,72,ɨ,derived from Bozeman tenor-mezzo (stand-in),0.556,above,A#3,14.11,inside,5,-2,none,not assessed,short,leap-up,5,no,13,last,yes,no,no,highest of phrase
Sunless 05,11,30,1.5,C5,72,ɨ,derived from Bozeman tenor-mezzo (stand-in),0.278,above,A#3,14.11,inside,5,-2,none,not assessed,short,repeated,0,yes,14,first,no,no,no,
Sunless 05,11,30,2,B4,71,ɨ,derived from Bozeman tenor-mezzo (stand-in),0.278,above,A#3,13.11,inside,4,-3,none,not assessed,short,step,-1,no,14,middle,no,no,no,
Sunless 05,11,30,2.5,G#4,68,ɪ,derived from Bozeman tenor-mezzo (stand-in),0.278,close,D4,5.96,inside,1,-6,none,not assessed,short,leap-down,-3,no,14,middle,no,yes,no,
Sunless 05,11,30,3,A4,69,o,Bozeman tenor-mezzo midpoint (stand-in),0.556,close,C#4,8.5,inside,2,-5,none,not assessed,short,step,1,no,14,middle,no,no,no,
Sunless 05,11,30,4,F4,65,ɨ,derived from Bozeman tenor-mezzo (stand-in),0.278,close,A#3,7.11,below primo,-2,-9,none,not assessed,short,leap-down,-4,no,14,middle,no,no,no,
Sunless 05,11,30,4.5,C5,72,o,Bozeman tenor-mezzo midpoint (stand-in),0.278,close,C#4,11.5,inside,5,-2,none,not assessed,short,leap-up,7,no,14,middle,no,no,no,
Sunless 05,11,31,1,C#5,73,i,Bozeman tenor-mezzo midpoint (stand-in),0.278,above,E3,20.5,inside,6,-1,none,not assessed,short,step,1,no,14,middle,yes,yes,yes,highest of phrase
Sunless 05,11,31,1.5,F4,65,ɨ,derived from Bozeman tenor-mezzo (stand-in),0.278,close,A#3,7.11,below primo,-2,-9,none,not assessed,short,leap-down,-8,no,14,middle,no,no,no,
Sunless 05,11,31,2,E4,64,o,Bozeman tenor-mezzo midpoint (stand-in),0.278,close,C#4,3.5,below primo,-3,-10,none,not assessed,short,step,-1,no,14,middle,no,no,no,
Sunless 05,11,31,2.5,F4,65,ɨ,derived from Bozeman tenor-mezzo (stand-in),0.278,close,A#3,7.11,below primo,-2,-9,none,not assessed,short,step,1,no,14,middle,no,no,no,
Sunless 05,11,31,3,A#4,70,ɑ,Bozeman tenor-mezzo midpoint (stand-in),0.556,close,E4,5.5,inside,3,-4,none,not assessed,short,leap-up,5,no,14,last,no,no,no,
Sunless 05,11,31,4.5,C5,72,ɑ,Bozeman tenor-mezzo midpoint (stand-in),0.278,close,E4,7.5,inside,5,-2,none,not assessed,short,step,2,yes,15,first,no,no,no,
Sunless 05,11,32,1,C#4,61,ɨ,derived from Bozeman tenor-mezzo (stand-in),0.278,close,A#3,3.11,below primo,-6,-13,none,not assessed,short,leap-down,-11,no,15,middle,no,no,no,
Sunless 05,11,32,1.5,C4,60,ɪ,derived from Bozeman tenor-mezzo (stand-in),0.278,open,D4,-2.04,below primo,-7,-14,none,not assessed,short,step,-1,no,15,middle,no,no,no,
Sunless 05,11,32,2,D#4,63,o,Bozeman tenor-mezzo midpoint (stand-in),0.278,close,C#4,2.5,below primo,-4,-11,none,not assessed,short,leap-up,3,no,15,middle,no,no,no,
Sunless 05,11,32,2.5,C#4,61,u,Bozeman tenor-mezzo midpoint (stand-in),0.278,close,G3,6.5,below primo,-6,-13,none,not assessed,short,step,-2,no,15,middle,no,no,no,
Sunless 05,11,32,3,A#4,70,o,Bozeman tenor-mezzo midpoint (stand-in),0.556,close,C#4,9.5,inside,3,-4,none,not assessed,short,leap-up,9,no,15,middle,no,no,no,
Sunless 05,11,32,4,F4,65,ɨ,derived from Bozeman tenor-mezzo (stand-in),0.278,close,A#3,7.11,below primo,-2,-9,none,not assessed,short,leap-down,-5,no,15,middle,no,no,no,
Sunless 05,11,32,4.5,F4,65,ɪ,derived from Bozeman tenor-mezzo (stand-in),0.278,close,D4,2.96,below primo,-2,-9,none,not assessed,short,repeated,0,no,15,middle,no,no,no,
Sunless 05,11,33,1,F#4,66,u,Bozeman tenor-mezzo midpoint (stand-in),0.278,close,G3,11.5,below primo,-1,-8,none,not assessed,short,step,1,no,15,middle,no,yes,no,
Sunless 05,11,33,1.5,F4,65,ɪ,derived from Bozeman tenor-mezzo (stand-in),0.278,close,D4,2.96,below primo,-2,-9,none,not assessed,short,step,-1,no,15,middle,no,no,no,
Sunless 05,11,33,2,E4,64,ʌ,derived from Bozeman tenor-mezzo (stand-in),0.278,open,E4,-0.5,below primo,-3,-10,none,not assessed,short,step,-1,no,15,middle,no,no,no,
Sunless 05,11,33,2.5,F4,65,ɑ,Bozeman tenor-mezzo midpoint (stand-in),0.278,close,E4,0.5,below primo,-2,-9,none,not assessed,short,step,1,no,15,middle,no,no,no,turning pitch 0 to 2 st below
Sunless 05,11,33,3,A#4,70,o,Bozeman tenor-mezzo midpoint (stand-in),0.833,close,C#4,9.5,inside,3,-4,none,not assessed,short,leap-up,5,no,15,middle,no,no,no,
Sunless 05,11,33,4.5,C5,72,u,Bozeman tenor-mezzo midpoint (stand-in),0.278,above,G3,17.5,inside,5,-2,none,not assessed,short,step,2,no,15,middle,no,no,no,
Sunless 05,11,34,1,C#5,73,ɑ,Bozeman tenor-mezzo midpoint (stand-in),0.278,close,E4,8.5,inside,6,-1,none,not assessed,short,step,1,no,15,middle,yes,yes,yes,highest of phrase
Sunless 05,11,34,1.5,G4,67,u,Bozeman tenor-mezzo midpoint (stand-in),0.278,crossing,G3,12.5,inside,0,-7,none,not assessed,short,leap-down,-6,no,15,middle,no,yes,yes,crossing
Sunless 05,11,34,2,F#4,66,o,Bozeman tenor-mezzo midpoint (stand-in),0.278,close,C#4,5.5,below primo,-1,-8,none,not assessed,short,step,-1,no,15,middle,no,yes,no,
Sunless 05,11,34,2.5,A#4,70,ɨ,derived from Bozeman tenor-mezzo (stand-in),0.278,crossing,A#3,12.11,inside,3,-4,none,not assessed,short,leap-up,4,no,15,middle,no,no,no,crossing
Sunless 05,11,34,3,C5,72,u,Bozeman tenor-mezzo midpoint (stand-in),0.278,above,G3,17.5,inside,5,-2,none,not assessed,short,step,2,no,15,last,no,no,no,
Sunless 05,11,34,4,C5,72,i,Bozeman tenor-mezzo midpoint (stand-in),0.556,above,E3,19.5,inside,5,-2,none,not assessed,short,repeated,0,yes,16,first,no,no,no,
Sunless 05,11,35,1,C#5,73,ɨ,derived from Bozeman tenor-mezzo (stand-in),0.556,above,A#3,15.11,inside,6,-1,none,not assessed,short,step,1,no,16,middle,yes,yes,yes,highest of phrase
Sunless 05,11,35,2,G#4,68,ɨ,derived from Bozeman tenor-mezzo (stand-in),0.556,close,A#3,10.11,inside,1,-6,none,not assessed,short,leap-down,-5,no,16,middle,no,yes,no,
Sunless 05,11,35,3,A4,69,none resolved,not assessed,0.833,not assessed,not assessed,not assessed,inside,2,-5,not assessed,not assessed,short,step,1,no,16,middle,no,no,no,
Sunless 05,11,35,4.5,B4,71,ɑ,Bozeman tenor-mezzo midpoint (stand-in),0.278,close,E4,6.5,inside,4,-3,none,not assessed,short,step,2,no,16,middle,no,no,no,
Sunless 05,11,36,1,C#5,73,i,Bozeman tenor-mezzo midpoint (stand-in),0.556,above,E3,20.5,inside,6,-1,none,not assessed,short,step,2,no,16,last,yes,yes,yes,highest of phrase
Sunless 05,11,36,3.5,C#5,73,ɛ,Bozeman tenor-mezzo midpoint (stand-in),0.278,close,D#4,10.5,inside,6,-1,none,not assessed,short,repeated,0,yes,17,first,yes,yes,yes,highest of phrase
Sunless 05,11,36,4,B4,71,o,Bozeman tenor-mezzo midpoint (stand-in),0.278,close,C#4,10.5,inside,4,-3,none,not assessed,short,step,-2,no,17,middle,no,no,no,
Sunless 05,11,36,4.5,A#4,70,o,Bozeman tenor-mezzo midpoint (stand-in),0.278,close,C#4,9.5,inside,3,-4,none,not assessed,short,step,-1,no,17,middle,no,no,no,
Sunless 05,11,37,1,B4,71,ɨ,derived from Bozeman tenor-mezzo (stand-in),0.833,above,A#3,13.11,inside,4,-3,none,not assessed,short,step,1,no,17,middle,no,no,no,
Sunless 05,11,37,2.5,A#4,70,i,Bozeman tenor-mezzo midpoint (stand-in),0.278,above,E3,17.5,inside,3,-4,none,not assessed,short,step,-1,no,17,middle,no,no,no,
Sunless 05,11,37,3,G#4,68,u,Bozeman tenor-mezzo midpoint (stand-in),0.556,above,G3,13.5,inside,1,-6,none,not assessed,short,step,-2,no,17,last,no,yes,no,
Sunless 05,11,37,4.5,F4,65,o,Bozeman tenor-mezzo midpoint (stand-in),0.278,close,C#4,4.5,below primo,-2,-9,none,not assessed,short,leap-down,-3,yes,18,first,no,no,no,
Sunless 05,11,38,1,F#4,66,ɨ,derived from Bozeman tenor-mezzo (stand-in),0.556,close,A#3,8.11,below primo,-1,-8,none,not assessed,short,step,1,no,18,middle,no,yes,no,
Sunless 05,11,38,2,F#4,66,ɪ,derived from Bozeman tenor-mezzo (stand-in),0.556,close,D4,3.96,below primo,-1,-8,none,not assessed,short,repeated,0,no,18,middle,no,yes,no,
Sunless 05,11,38,3,B4,71,u,Bozeman tenor-mezzo midpoint (stand-in),0.833,above,G3,16.5,inside,4,-3,none,not assessed,short,leap-up,5,no,18,middle,no,no,no,
Sunless 05,11,38,4.5,A#4,70,ʌ,derived from Bozeman tenor-mezzo (stand-in),0.278,close,E4,5.5,inside,3,-4,none,not assessed,short,step,-1,no,18,middle,no,no,no,
Sunless 05,11,39,1,D#5,75,ɛ,Bozeman tenor-mezzo midpoint (stand-in),0.556,crossing,D#4,12.5,above secondo,8,1,none,not assessed,short,leap-up,5,no,18,last,yes,yes,yes,highest of phrase; crossing
Sunless 05,11,39,3,B4,71,ɑ,Bozeman tenor-mezzo midpoint (stand-in),1.111,close,E4,6.5,inside,4,-3,none,not assessed,short,leap-down,-4,yes,19,first,yes,no,no,highest of phrase
Sunless 05,11,40,1,D#4,63,ɨ,derived from Bozeman tenor-mezzo (stand-in),0.278,close,A#3,5.11,below primo,-4,-11,none,not assessed,short,leap-down,-8,no,19,middle,no,no,no,
Sunless 05,11,40,1.5,D4,62,ɑ,Bozeman tenor-mezzo midpoint (stand-in),0.278,open,E4,-2.5,below primo,-5,-12,none,not assessed,short,step,-1,no,19,middle,no,no,no,
Sunless 05,11,40,2,F#4,66,ɑ,Bozeman tenor-mezzo midpoint (stand-in),0.278,close,E4,1.5,below primo,-1,-8,none,not assessed,short,leap-up,4,no,19,middle,no,yes,yes,turning pitch 0 to 2 st below
Sunless 05,11,40,2.5,F4,65,ɨ,derived from Bozeman tenor-mezzo (stand-in),0.278,close,A#3,7.11,below primo,-2,-9,none,not assessed,short,step,-1,no,19,middle,no,no,no,
Sunless 05,11,40,3,A4,69,o,Bozeman tenor-mezzo midpoint (stand-in),0.278,close,C#4,8.5,inside,2,-5,none,not assessed,short,leap-up,4,no,19,middle,no,no,no,
Sunless 05,11,40,3.5,A4,69,ʌ,derived from Bozeman tenor-mezzo (stand-in),0.278,close,E4,4.5,inside,2,-5,none,not assessed,short,repeated,0,no,19,last,no,no,no,
Sunless 05,11,40,4.5,A4,69,ɨ,derived from Bozeman tenor-mezzo (stand-in),0.278,close,A#3,11.11,inside,2,-5,none,not assessed,short,repeated,0,yes,20,first,no,no,no,
Sunless 05,11,41,1,A#4,70,e,Bozeman tenor-mezzo midpoint (stand-in),0.556,close,D4,8.5,inside,3,-4,none,not assessed,short,step,1,no,20,middle,no,no,no,
Sunless 05,11,41,2,B4,71,ʌ,derived from Bozeman tenor-mezzo (stand-in),0.556,close,E4,6.5,inside,4,-3,none,not assessed,short,step,1,no,20,middle,no,no,no,
Sunless 05,11,41,3,D#5,75,ɛ,Bozeman tenor-mezzo midpoint (stand-in),0.278,crossing,D#4,12.5,above secondo,8,1,none,not assessed,short,leap-up,4,no,20,middle,yes,yes,yes,highest of phrase; crossing
Sunless 05,11,41,3.5,C#5,73,ʌ,derived from Bozeman tenor-mezzo (stand-in),0.278,close,E4,8.5,inside,6,-1,none,not assessed,short,step,-2,no,20,middle,no,yes,no,
Sunless 05,11,41,4,C#5,73,i,Bozeman tenor-mezzo midpoint (stand-in),0.278,above,E3,20.5,inside,6,-1,none,not assessed,short,repeated,0,no,20,last,no,yes,no,
Sunless 05,11,42,1.5,F#4,66,ɛ,Bozeman tenor-mezzo midpoint (stand-in),0.278,close,D#4,3.5,below primo,-1,-8,none,not assessed,short,leap-down,-7,yes,21,first,no,yes,no,
Sunless 05,11,42,2,B4,71,ɑ,Bozeman tenor-mezzo midpoint (stand-in),0.278,close,E4,6.5,inside,4,-3,none,not assessed,short,leap-up,5,no,21,middle,yes,no,no,highest of phrase
Sunless 05,11,42,2.5,B4,71,u,Bozeman tenor-mezzo midpoint (stand-in),0.278,above,G3,16.5,inside,4,-3,none,not assessed,short,repeated,0,no,21,middle,yes,no,no,highest of phrase
Sunless 05,11,42,3,D#4,63,ɨ,derived from Bozeman tenor-mezzo (stand-in),0.556,close,A#3,5.11,below primo,-4,-11,none,not assessed,short,leap-down,-8,no,21,middle,no,no,no,
Sunless 05,11,42,4,F#4,66,ɨ,derived from Bozeman tenor-mezzo (stand-in),0.556,close,A#3,8.11,below primo,-1,-8,none,not assessed,short,leap-up,3,no,21,middle,no,yes,no,
Sunless 05,11,43,1,A4,69,o,Bozeman tenor-mezzo midpoint (stand-in),0.556,close,C#4,8.5,inside,2,-5,none,not assessed,short,leap-up,3,no,21,middle,no,no,no,
Sunless 05,11,43,2,A4,69,o,Bozeman tenor-mezzo midpoint (stand-in),0.278,close,C#4,8.5,inside,2,-5,none,not assessed,short,repeated,0,no,21,last,no,no,no,
Sunless 05,11,43,4.5,A4,69,u,Bozeman tenor-mezzo midpoint (stand-in),0.278,above,G3,14.5,inside,2,-5,none,not assessed,short,repeated,0,yes,22,first,yes,no,no,highest of phrase
Sunless 05,11,44,1,A4,69,ɨ,derived from Bozeman tenor-mezzo (stand-in),1.111,close,A#3,11.11,inside,2,-5,none,not assessed,short,repeated,0,no,22,middle,yes,no,no,highest of phrase
Sunless 05,11,44,3,G#4,68,ɨ,derived from Bozeman tenor-mezzo (stand-in),0.556,close,A#3,10.11,inside,1,-6,none,not assessed,short,step,-1,no,22,middle,no,yes,no,
Sunless 05,11,44,4,G#4,68,ɨ,derived from Bozeman tenor-mezzo (stand-in),0.278,close,A#3,10.11,inside,1,-6,none,not assessed,short,tie,0,no,22,last,no,yes,no,
Sunless 05,11,45,1,F4,65,e,Bozeman tenor-mezzo midpoint (stand-in),1.667,close,D4,3.5,below primo,-2,-9,none,not assessed,short,leap-down,-3,yes,23,first,yes,no,no,highest of phrase
Sunless 05,11,45,4,F4,65,i,Bozeman tenor-mezzo midpoint (stand-in),0.556,above,E3,12.5,below primo,-2,-9,none,not assessed,short,repeated,0,no,23,middle,yes,no,no,highest of phrase
Sunless 05,11,46,1,F4,65,o,Bozeman tenor-mezzo midpoint (stand-in),1.111,close,C#4,4.5,below primo,-2,-9,none,not assessed,short,repeated,0,no,23,last,yes,no,no,highest of phrase
Sunless 05,11,48,4,F4,65,ɪ,derived from Bozeman tenor-mezzo (stand-in),0.556,close,D4,2.96,below primo,-2,-9,none,not assessed,short,repeated,0,yes,24,first,no,no,no,
Sunless 05,11,49,1,F4,65,e,Bozeman tenor-mezzo midpoint (stand-in),0.833,close,D4,3.5,below primo,-2,-9,none,not assessed,short,repeated,0,no,24,middle,no,no,no,
Sunless 05,11,49,2.5,F4,65,i,Bozeman tenor-mezzo midpoint (stand-in),0.278,above,E3,12.5,below primo,-2,-9,none,not assessed,short,repeated,0,no,24,middle,no,no,no,
Sunless 05,11,49,3,G4,67,ʌ,derived from Bozeman tenor-mezzo (stand-in),0.556,close,E4,2.5,inside,0,-7,none,not assessed,short,step,2,no,24,middle,no,yes,no,
Sunless 05,11,49,4,F4,65,ɪ,derived from Bozeman tenor-mezzo (stand-in),0.556,close,D4,2.96,below primo,-2,-9,none,not assessed,short,step,-2,no,24,middle,no,no,no,
Sunless 05,11,50,1,A4,69,ɑ,Bozeman tenor-mezzo midpoint (stand-in),0.278,close,E4,4.5,inside,2,-5,none,not assessed,short,leap-up,4,no,24,last,yes,no,no,highest of phrase
Sunless 05,11,50,2,A4,69,ɑ,Bozeman tenor-mezzo midpoint (stand-in),0.556,close,E4,4.5,inside,2,-5,none,not assessed,short,repeated,0,yes,25,first,no,no,no,
Sunless 05,11,50,3,A#4,70,u,Bozeman tenor-mezzo midpoint (stand-in),0.556,above,G3,15.5,inside,3,-4,none,not assessed,short,step,1,no,25,middle,yes,no,no,highest of phrase
Sunless 05,11,50,4,C#4,61,ʌ,derived from Bozeman tenor-mezzo (stand-in),0.556,open,E4,-3.5,below primo,-6,-13,none,not assessed,short,leap-down,-9,no,25,middle,no,no,no,
Sunless 05,11,51,1,D#4,63,o,Bozeman tenor-mezzo midpoint (stand-in),0.278,close,C#4,2.5,below primo,-4,-11,none,not assessed,short,step,2,no,25,middle,no,no,no,
Sunless 05,11,51,1.5,C#4,61,ɑ,Bozeman tenor-mezzo midpoint (stand-in),0.278,open,E4,-3.5,below primo,-6,-13,none,not assessed,short,step,-2,no,25,middle,no,no,no,
Sunless 05,11,51,2,F4,65,ɑ,Bozeman tenor-mezzo midpoint (stand-in),0.278,close,E4,0.5,below primo,-2,-9,none,not assessed,short,leap-up,4,no,25,middle,no,no,no,turning pitch 0 to 2 st below
Sunless 05,11,51,2.5,G#4,68,ɨ,derived from Bozeman tenor-mezzo (stand-in),0.278,close,A#3,10.11,inside,1,-6,none,not assessed,short,leap-up,3,no,25,middle,no,yes,no,
Sunless 05,11,51,3,A#4,70,ɑ,Bozeman tenor-mezzo midpoint (stand-in),0.556,close,E4,5.5,inside,3,-4,none,not assessed,short,step,2,no,25,last,yes,no,no,highest of phrase
Sunless 05,11,51,4.5,A#4,70,ɨ,derived from Bozeman tenor-mezzo (stand-in),0.278,crossing,A#3,12.11,inside,3,-4,none,not assessed,short,repeated,0,yes,26,first,yes,no,no,highest of phrase; crossing
Sunless 05,11,52,1,F4,65,ɑ,Bozeman tenor-mezzo midpoint (stand-in),0.278,close,E4,0.5,below primo,-2,-9,none,not assessed,short,leap-down,-5,no,26,middle,no,no,no,turning pitch 0 to 2 st below
Sunless 05,11,52,1.5,F4,65,ɪ,derived from Bozeman tenor-mezzo (stand-in),0.278,close,D4,2.96,below primo,-2,-9,none,not assessed,short,repeated,0,no,26,middle,no,no,no,
Sunless 05,11,52,2,D#4,63,ɛ,Bozeman tenor-mezzo midpoint (stand-in),0.278,close,D#4,0.5,below primo,-4,-11,none,not assessed,short,step,-2,no,26,middle,no,no,no,turning pitch 0 to 2 st below
Sunless 05,11,52,2.5,D4,62,ɨ,derived from Bozeman tenor-mezzo (stand-in),0.278,close,A#3,4.11,below primo,-5,-12,none,not assessed,short,step,-1,no,26,middle,no,no,no,
Sunless 05,11,52,3,F4,65,i,Bozeman tenor-mezzo midpoint (stand-in),0.833,above,E3,12.5,below primo,-2,-9,none,not assessed,short,leap-up,3,no,26,middle,no,no,no,
Sunless 05,11,52,4.5,F4,65,u,Bozeman tenor-mezzo midpoint (stand-in),0.278,close,G3,10.5,below primo,-2,-9,none,not assessed,short,repeated,0,no,26,middle,no,no,no,
Sunless 05,11,53,1,G4,67,ɑ,Bozeman tenor-mezzo midpoint (stand-in),0.833,close,E4,2.5,inside,0,-7,none,not assessed,short,step,2,no,26,middle,no,yes,no,
Sunless 05,11,53,2.5,G4,67,ɪ,derived from Bozeman tenor-mezzo (stand-in),0.278,close,D4,4.96,inside,0,-7,none,not assessed,short,repeated,0,no,26,middle,no,yes,no,
Sunless 05,11,53,3,G4,67,ɪ,derived from Bozeman tenor-mezzo (stand-in),0.556,close,D4,4.96,inside,0,-7,none,not assessed,short,repeated,0,no,26,middle,no,yes,no,
Sunless 05,11,53,4,G4,67,ɑ,Bozeman tenor-mezzo midpoint (stand-in),0.556,close,E4,2.5,inside,0,-7,none,not assessed,short,repeated,0,no,26,middle,no,yes,no,
Sunless 05,11,54,1,G#4,68,ɑ,Bozeman tenor-mezzo midpoint (stand-in),1.111,close,E4,3.5,inside,1,-6,none,not assessed,short,step,1,no,26,middle,no,yes,no,
Sunless 05,11,54,3,F4,65,ʌ,derived from Bozeman tenor-mezzo (stand-in),0.278,close,E4,0.5,below primo,-2,-9,none,not assessed,short,leap-down,-3,no,26,last,no,no,no,turning pitch 0 to 2 st below
Sunless 05,11,54,4,F4,65,ɑ,Bozeman tenor-mezzo midpoint (stand-in),0.556,close,E4,0.5,below primo,-2,-9,none,not assessed,short,repeated,0,yes,27,first,no,no,no,turning pitch 0 to 2 st below
Sunless 05,11,55,1,F4,65,u,Bozeman tenor-mezzo midpoint (stand-in),0.833,close,G3,10.5,below primo,-2,-9,none,not assessed,short,repeated,0,no,27,middle,no,no,no,
Sunless 05,11,55,2.5,F4,65,u,Bozeman tenor-mezzo midpoint (stand-in),0.278,close,G3,10.5,below primo,-2,-9,none,not assessed,short,repeated,0,no,27,middle,no,no,no,
Sunless 05,11,55,3,A4,69,ʌ,derived from Bozeman tenor-mezzo (stand-in),0.556,close,E4,4.5,inside,2,-5,none,not assessed,short,leap-up,4,no,27,middle,no,no,no,
Sunless 05,11,55,4,C5,72,ɑ,Bozeman tenor-mezzo midpoint (stand-in),0.556,close,E4,7.5,inside,5,-2,none,not assessed,short,leap-up,3,no,27,middle,no,no,no,
Sunless 05,11,56,1,C#5,73,ɑ,Bozeman tenor-mezzo midpoint (stand-in),0.556,close,E4,8.5,inside,6,-1,none,not assessed,short,step,1,no,27,middle,yes,yes,yes,highest of phrase
Sunless 05,11,56,2,C#5,73,ɑ,Bozeman tenor-mezzo midpoint (stand-in),0.278,close,E4,8.5,inside,6,-1,none,not assessed,short,tie,0,no,27,last,yes,yes,yes,highest of phrase
Sunless 05,11,56,4,C#4,61,ɪ,derived from Bozeman tenor-mezzo (stand-in),0.556,open,D4,-1.04,below primo,-6,-13,none,not assessed,short,leap-down,-12,yes,28,first,no,no,no,
Sunless 05,11,57,1,F4,65,o,Bozeman tenor-mezzo midpoint (stand-in),1.667,close,C#4,4.5,below primo,-2,-9,none,not assessed,short,leap-up,4,no,28,middle,no,no,no,
Sunless 05,11,57,4,F4,65,i,Bozeman tenor-mezzo midpoint (stand-in),0.556,above,E3,12.5,below primo,-2,-9,none,not assessed,short,repeated,0,no,28,middle,no,no,no,
Sunless 05,11,58,1,F4,65,ɪ,derived from Bozeman tenor-mezzo (stand-in),1.111,close,D4,2.96,below primo,-2,-9,none,not assessed,short,repeated,0,no,28,middle,no,no,no,
Sunless 05,11,58,3,A#4,70,ɑ,Bozeman tenor-mezzo midpoint (stand-in),1.111,close,E4,5.5,inside,3,-4,none,not assessed,short,leap-up,5,no,28,middle,yes,no,no,highest of phrase
Sunless 05,11,59,1,F4,65,ɑ,Bozeman tenor-mezzo midpoint (stand-in),1.111,close,E4,0.5,below primo,-2,-9,none,not assessed,short,leap-down,-5,no,28,middle,no,no,no,turning pitch 0 to 2 st below
Sunless 05,11,59,3,F4,65,ʌ,derived from Bozeman tenor-mezzo (stand-in),0.556,close,E4,0.5,below primo,-2,-9,none,not assessed,short,repeated,0,no,28,last,no,no,no,turning pitch 0 to 2 st below
Sunless 06,11,2,1,C4,60,e,Bozeman tenor-mezzo midpoint (stand-in),1,open,D4,-1.5,below primo,-7,-14,none,not assessed,short,first note,,,0,first,no,no,no,
Sunless 06,11,2,3,D4,62,ɑ,Bozeman tenor-mezzo midpoint (stand-in),0.5,open,E4,-2.5,below primo,-5,-12,none,not assessed,short,step,2,no,0,middle,no,no,no,
Sunless 06,11,2,4,E4,64,ɑ,Bozeman tenor-mezzo midpoint (stand-in),0.5,open,E4,-0.5,below primo,-3,-10,none,not assessed,short,step,2,no,0,middle,no,no,no,
Sunless 06,11,3,1,F4,65,u,Bozeman tenor-mezzo midpoint (stand-in),1,close,G3,10.5,below primo,-2,-9,none,not assessed,short,step,1,no,0,middle,no,no,no,
Sunless 06,11,3,3,D4,62,i,Bozeman tenor-mezzo midpoint (stand-in),0.5,close,E3,9.5,below primo,-5,-12,none,not assessed,short,leap-down,-3,no,0,middle,no,no,no,
Sunless 06,11,3,4,F4,65,ɨ,derived from Bozeman tenor-mezzo (stand-in),0.5,close,A#3,7.11,below primo,-2,-9,none,not assessed,short,leap-up,3,no,0,middle,no,no,no,
Sunless 06,11,4,1,G4,67,o,Bozeman tenor-mezzo midpoint (stand-in),1,close,C#4,6.5,inside,0,-7,none,not assessed,short,step,2,no,0,middle,no,yes,no,
Sunless 06,11,4,3,G#4,68,ɨ,derived from Bozeman tenor-mezzo (stand-in),0.5,close,A#3,10.11,inside,1,-6,none,not assessed,short,step,1,no,0,middle,no,yes,no,
Sunless 06,11,4,4,G4,67,ɑ,Bozeman tenor-mezzo midpoint (stand-in),0.5,close,E4,2.5,inside,0,-7,none,not assessed,short,step,-1,no,0,middle,no,yes,no,
Sunless 06,11,5,1,C5,72,o,Bozeman tenor-mezzo midpoint (stand-in),0.75,close,C#4,11.5,inside,5,-2,none,not assessed,short,leap-up,5,no,0,middle,yes,no,no,highest of phrase
Sunless 06,11,5,2.5,F4,65,i,Bozeman tenor-mezzo midpoint (stand-in),0.25,above,E3,12.5,below primo,-2,-9,none,not assessed,short,leap-down,-7,no,0,middle,no,no,no,
Sunless 06,11,5,3,F4,65,ɪ,derived from Bozeman tenor-mezzo (stand-in),0.5,close,D4,2.96,below primo,-2,-9,none,not assessed,short,repeated,0,no,0,last,no,no,no,
Sunless 06,11,6,1,G#4,68,i,Bozeman tenor-mezzo midpoint (stand-in),1,above,E3,15.5,inside,1,-6,none,not assessed,short,leap-up,3,yes,1,first,yes,yes,yes,highest of phrase
Sunless 06,11,6,3,D#4,63,ɪ,derived from Bozeman tenor-mezzo (stand-in),0.5,close,D4,0.96,below primo,-4,-11,none,not assessed,short,leap-down,-5,no,1,middle,no,no,no,turning pitch 0 to 2 st below
Sunless 06,11,6,4,F4,65,ʌ,derived from Bozeman tenor-mezzo (stand-in),0.5,close,E4,0.5,below primo,-2,-9,none,not assessed,short,step,2,no,1,middle,no,no,no,turning pitch 0 to 2 st below
Sunless 06,11,7,1,G#4,68,ɛ,Bozeman tenor-mezzo midpoint (stand-in),1,close,D#4,5.5,inside,1,-6,none,not assessed,short,leap-up,3,no,1,middle,yes,yes,yes,highest of phrase
Sunless 06,11,7,3,D#4,63,ɑ,Bozeman tenor-mezzo midpoint (stand-in),0.25,open,E4,-1.5,below primo,-4,-11,none,not assessed,short,leap-down,-5,no,1,last,no,no,no,
Sunless 06,11,7,4,F4,65,o,Bozeman tenor-mezzo midpoint (stand-in),0.5,close,C#4,4.5,below primo,-2,-9,none,not assessed,short,step,2,yes,2,first,no,no,no,
Sunless 06,11,8,1,G4,67,ɑ,Bozeman tenor-mezzo midpoint (stand-in),1,close,E4,2.5,inside,0,-7,none,not assessed,short,step,2,no,2,middle,yes,yes,yes,highest of phrase
Sunless 06,11,8,3,D4,62,i,Bozeman tenor-mezzo midpoint (stand-in),0.5,close,E3,9.5,below primo,-5,-12,none,not assessed,short,leap-down,-5,no,2,middle,no,no,no,
Sunless 06,11,8,4,E4,64,u,Bozeman tenor-mezzo midpoint (stand-in),0.5,close,G3,9.5,below primo,-3,-10,none,not assessed,short,step,2,no,2,middle,no,no,no,
Sunless 06,11,9,1,G4,67,u,Bozeman tenor-mezzo midpoint (stand-in),0.75,crossing,G3,12.5,inside,0,-7,none,not assessed,short,leap-up,3,no,2,middle,yes,yes,yes,highest of phrase; crossing
Sunless 06,11,9,2.5,E4,64,u,Bozeman tenor-mezzo midpoint (stand-in),0.25,close,G3,9.5,below primo,-3,-10,none,not assessed,short,leap-down,-3,no,2,middle,no,no,no,
Sunless 06,11,9,3,E4,64,none resolved,not assessed,0.5,not assessed,not assessed,not assessed,below primo,-3,-10,not assessed,not assessed,short,repeated,0,no,2,last,no,no,no,
Sunless 06,11,10,1,G#4,68,o,Bozeman tenor-mezzo midpoint (stand-in),1,close,C#4,7.5,inside,1,-6,none,not assessed,short,leap-up,4,yes,3,first,no,yes,no,
Sunless 06,11,10,3,D#4,63,ɑ,Bozeman tenor-mezzo midpoint (stand-in),0.25,open,E4,-1.5,below primo,-4,-11,none,not assessed,short,leap-down,-5,no,3,middle,no,no,no,
Sunless 06,11,10,3.5,F4,65,ɑ,Bozeman tenor-mezzo midpoint (stand-in),0.25,close,E4,0.5,below primo,-2,-9,none,not assessed,short,step,2,no,3,middle,no,no,no,turning pitch 0 to 2 st below
Sunless 06,11,10,4,D#4,63,ɑ,Bozeman tenor-mezzo midpoint (stand-in),0.25,open,E4,-1.5,below primo,-4,-11,none,not assessed,short,step,-2,no,3,middle,no,no,no,
Sunless 06,11,10,4.5,C4,60,ɑ,Bozeman tenor-mezzo midpoint (stand-in),0.25,open,E4,-4.5,below primo,-7,-14,none,not assessed,short,leap-down,-3,no,3,middle,no,no,no,
Sunless 06,11,11,1,G4,67,u,Bozeman tenor-mezzo midpoint (stand-in),0.5,crossing,G3,12.5,inside,0,-7,none,not assessed,short,leap-up,7,no,3,middle,no,yes,yes,crossing
Sunless 06,11,11,2,A4,69,u,Bozeman tenor-mezzo midpoint (stand-in),0.5,above,G3,14.5,inside,2,-5,none,not assessed,short,step,2,no,3,middle,yes,no,no,highest of phrase
Sunless 06,11,11,3,E4,64,ɑ,Bozeman tenor-mezzo midpoint (stand-in),0.25,open,E4,-0.5,below primo,-3,-10,none,not assessed,short,leap-down,-5,no,3,last,no,no,no,
Sunless 06,11,11,4,G4,67,ɑ,Bozeman tenor-mezzo midpoint (stand-in),0.5,close,E4,2.5,inside,0,-7,none,not assessed,short,leap-up,3,yes,4,first,no,yes,no,
Sunless 06,11,12,1,G#4,68,o,Bozeman tenor-mezzo midpoint (stand-in),1,close,C#4,7.5,inside,1,-6,none,not assessed,short,step,1,no,4,middle,no,yes,no,
Sunless 06,11,12,3,D#4,63,ɨ,derived from Bozeman tenor-mezzo (stand-in),0.25,close,A#3,5.11,below primo,-4,-11,none,not assessed,short,leap-down,-5,no,4,middle,no,no,no,
Sunless 06,11,12,3.5,F4,65,ɨ,derived from Bozeman tenor-mezzo (stand-in),0.25,close,A#3,7.11,below primo,-2,-9,none,not assessed,short,step,2,no,4,middle,no,no,no,
Sunless 06,11,12,4,D#4,63,u,Bozeman tenor-mezzo midpoint (stand-in),0.25,close,G3,8.5,below primo,-4,-11,none,not assessed,short,step,-2,no,4,middle,no,no,no,
Sunless 06,11,12,4.5,C4,60,u,Bozeman tenor-mezzo midpoint (stand-in),0.25,close,G3,5.5,below primo,-7,-14,none,not assessed,short,leap-down,-3,no,4,middle,no,no,no,
Sunless 06,11,13,1,G4,67,o,Bozeman tenor-mezzo midpoint (stand-in),0.5,close,C#4,6.5,inside,0,-7,none,not assessed,short,leap-up,7,no,4,middle,no,yes,no,
Sunless 06,11,13,2,A4,69,o,Bozeman tenor-mezzo midpoint (stand-in),0.25,close,C#4,8.5,inside,2,-5,none,not assessed,short,step,2,no,4,middle,yes,no,no,highest of phrase
Sunless 06,11,13,2.5,E4,64,i,Bozeman tenor-mezzo midpoint (stand-in),0.25,crossing,E3,11.5,below primo,-3,-10,none,not assessed,short,leap-down,-5,no,4,middle,no,no,no,crossing
Sunless 06,11,13,3,E4,64,ɪ,derived from Bozeman tenor-mezzo (stand-in),0.5,close,D4,1.96,below primo,-3,-10,none,not assessed,short,repeated,0,no,4,last,no,no,no,turning pitch 0 to 2 st below
Sunless 06,11,14,1,F4,65,ɑ,Bozeman tenor-mezzo midpoint (stand-in),1,close,E4,0.5,below primo,-2,-9,none,not assessed,short,step,1,yes,5,first,no,no,no,turning pitch 0 to 2 st below
Sunless 06,11,14,3,D#4,63,ɨ,derived from Bozeman tenor-mezzo (stand-in),0.5,close,A#3,5.11,below primo,-4,-11,none,not assessed,short,step,-2,no,5,middle,no,no,no,
Sunless 06,11,14,4,C#4,61,ɑ,Bozeman tenor-mezzo midpoint (stand-in),0.5,open,E4,-3.5,below primo,-6,-13,none,not assessed,short,step,-2,no,5,middle,no,no,no,
Sunless 06,11,15,1,F4,65,ɛ,Bozeman tenor-mezzo midpoint (stand-in),1,close,D#4,2.5,below primo,-2,-9,none,not assessed,short,leap-up,4,no,5,middle,no,no,no,
Sunless 06,11,15,3,D#4,63,ɨ,derived from Bozeman tenor-mezzo (stand-in),0.5,close,A#3,5.11,below primo,-4,-11,none,not assessed,short,step,-2,no,5,middle,no,no,no,
Sunless 06,11,15,4,C#4,61,ɪ,derived from Bozeman tenor-mezzo (stand-in),0.5,open,D4,-1.04,below primo,-6,-13,none,not assessed,short,step,-2,no,5,middle,no,no,no,
Sunless 06,11,16,1,C4,60,ɛ,Bozeman tenor-mezzo midpoint (stand-in),0.5,open,D#4,-2.5,below primo,-7,-14,none,not assessed,short,step,-1,no,5,middle,no,no,no,
Sunless 06,11,16,2,C5,72,ɛ,Bozeman tenor-mezzo midpoint (stand-in),0.5,close,D#4,9.5,inside,5,-2,none,not assessed,short,leap-up,12,no,5,middle,yes,no,no,highest of phrase
Sunless 06,11,16,3,G#4,68,ɨ,derived from Bozeman tenor-mezzo (stand-in),0.5,close,A#3,10.11,inside,1,-6,none,not assessed,short,leap-down,-4,no,5,middle,no,yes,no,
Sunless 06,11,16,4,E4,64,i,Bozeman tenor-mezzo midpoint (stand-in),0.5,crossing,E3,11.5,below primo,-3,-10,none,not assessed,short,leap-down,-4,no,5,middle,no,no,no,crossing
Sunless 06,11,17,1,C4,60,u,Bozeman tenor-mezzo midpoint (stand-in),0.75,close,G3,5.5,below primo,-7,-14,none,not assessed,short,leap-down,-4,no,5,middle,no,no,no,
Sunless 06,11,17,2.5,D4,62,u,Bozeman tenor-mezzo midpoint (stand-in),0.25,close,G3,7.5,below primo,-5,-12,none,not assessed,short,step,2,no,5,middle,no,no,no,
Sunless 06,11,17,3,E4,64,none resolved,not assessed,0.5,not assessed,not assessed,not assessed,below primo,-3,-10,not assessed,not assessed,short,step,2,no,5,last,no,no,no,
Sunless 06,11,18,1,C5,72,ɛ,Bozeman tenor-mezzo midpoint (stand-in),1,close,D#4,9.5,inside,5,-2,none,not assessed,short,leap-up,8,yes,6,first,yes,no,no,highest of phrase
Sunless 06,11,18,3,B4,71,u,Bozeman tenor-mezzo midpoint (stand-in),0.25,above,G3,16.5,inside,4,-3,none,not assessed,short,step,-1,no,6,last,no,no,no,
Sunless 06,11,18,4,E4,64,ɑ,Bozeman tenor-mezzo midpoint (stand-in),0.5,open,E4,-0.5,below primo,-3,-10,none,not assessed,short,leap-down,-7,yes,7,first,no,no,no,
Sunless 06,11,19,1,G4,67,ɑ,Bozeman tenor-mezzo midpoint (stand-in),1,close,E4,2.5,inside,0,-7,none,not assessed,short,leap-up,3,no,7,middle,yes,yes,yes,highest of phrase
Sunless 06,11,19,3,C4,60,none resolved,not assessed,0.25,not assessed,not assessed,not assessed,below primo,-7,-14,not assessed,not assessed,short,leap-down,-7,no,7,last,no,no,no,
Sunless 06,11,19,4,E4,64,ɑ,Bozeman tenor-mezzo midpoint (stand-in),0.25,open,E4,-0.5,below primo,-3,-10,none,not assessed,short,leap-up,4,yes,8,first,no,no,no,
Sunless 06,11,19,4.5,G4,67,ɑ,Bozeman tenor-mezzo midpoint (stand-in),0.25,close,E4,2.5,inside,0,-7,none,not assessed,short,leap-up,3,no,8,middle,no,yes,no,
Sunless 06,11,20,1,C5,72,ɑ,Bozeman tenor-mezzo midpoint (stand-in),1,close,E4,7.5,inside,5,-2,none,not assessed,short,leap-up,5,no,8,middle,yes,no,no,highest of phrase
Sunless 06,11,20,3,B4,71,e,Bozeman tenor-mezzo midpoint (stand-in),0.25,close,D4,9.5,inside,4,-3,none,not assessed,short,step,-1,no,8,middle,no,no,no,
Sunless 06,11,20,3.5,C5,72,e,Bozeman tenor-mezzo midpoint (stand-in),0.25,close,D4,10.5,inside,5,-2,none,not assessed,short,step,1,no,8,middle,yes,no,no,highest of phrase
Sunless 06,11,20,4,B4,71,o,Bozeman tenor-mezzo midpoint (stand-in),0.25,close,C#4,10.5,inside,4,-3,none,not assessed,short,step,-1,no,8,middle,no,no,no,
Sunless 06,11,20,4.5,E4,64,o,Bozeman tenor-mezzo midpoint (stand-in),0.25,close,C#4,3.5,below primo,-3,-10,none,not assessed,short,leap-down,-7,no,8,middle,no,no,no,
Sunless 06,11,21,1,A4,69,ɛ,Bozeman tenor-mezzo midpoint (stand-in),0.5,close,D#4,6.5,inside,2,-5,none,not assessed,short,leap-up,5,no,8,middle,no,no,no,
Sunless 06,11,21,2,G4,67,ɨ,derived from Bozeman tenor-mezzo (stand-in),0.25,close,A#3,9.11,inside,0,-7,none,not assessed,short,step,-2,no,8,middle,no,yes,no,
Sunless 06,11,21,2.5,F#4,66,ɨ,derived from Bozeman tenor-mezzo (stand-in),0.25,close,A#3,8.11,below primo,-1,-8,none,not assessed,short,step,-1,no,8,middle,no,yes,no,
Sunless 06,11,21,3,E4,64,ɪ,derived from Bozeman tenor-mezzo (stand-in),0.5,close,D4,1.96,below primo,-3,-10,none,not assessed,short,step,-2,no,8,last,no,no,no,turning pitch 0 to 2 st below
Sunless 06,11,22,1,F4,65,o,Bozeman tenor-mezzo midpoint (stand-in),1,close,C#4,4.5,below primo,-2,-9,none,not assessed,short,step,1,yes,9,first,no,no,no,
Sunless 06,11,22,3,G#4,68,ʌ,derived from Bozeman tenor-mezzo (stand-in),0.5,close,E4,3.5,inside,1,-6,none,not assessed,short,leap-up,3,no,9,middle,no,yes,no,
Sunless 06,11,22,4,A4,69,i,Bozeman tenor-mezzo midpoint (stand-in),0.5,above,E3,16.5,inside,2,-5,none,not assessed,short,step,1,no,9,middle,no,no,no,
Sunless 06,11,23,1,A4,69,o,Bozeman tenor-mezzo midpoint (stand-in),1,close,C#4,8.5,inside,2,-5,none,not assessed,short,repeated,0,no,9,middle,no,no,no,
Sunless 06,11,23,3,G#4,68,ʌ,derived from Bozeman tenor-mezzo (stand-in),0.5,close,E4,3.5,inside,1,-6,none,not assessed,short,step,-1,no,9,middle,no,yes,no,
Sunless 06,11,23,4,G4,67,ɪ,derived from Bozeman tenor-mezzo (stand-in),0.5,close,D4,4.96,inside,0,-7,none,not assessed,short,step,-1,no,9,middle,no,yes,no,
Sunless 06,11,24,1,A#4,70,i,Bozeman tenor-mezzo midpoint (stand-in),0.5,above,E3,17.5,inside,3,-4,none,not assessed,short,leap-up,3,no,9,middle,no,no,no,
Sunless 06,11,24,2,C5,72,i,Bozeman tenor-mezzo midpoint (stand-in),0.5,above,E3,19.5,inside,5,-2,none,not assessed,short,step,2,no,9,middle,yes,no,no,highest of phrase
Sunless 06,11,24,3,G#4,68,ɨ,derived from Bozeman tenor-mezzo (stand-in),0.5,close,A#3,10.11,inside,1,-6,none,not assessed,short,leap-down,-4,no,9,middle,no,yes,no,
Sunless 06,11,24,4,E4,64,ɑ,Bozeman tenor-mezzo midpoint (stand-in),0.5,open,E4,-0.5,below primo,-3,-10,none,not assessed,short,leap-down,-4,no,9,middle,no,no,no,
Sunless 06,11,25,1,G4,67,u,Bozeman tenor-mezzo midpoint (stand-in),0.75,crossing,G3,12.5,inside,0,-7,none,not assessed,short,leap-up,3,no,9,middle,no,yes,yes,crossing
Sunless 06,11,25,2.5,E4,64,u,Bozeman tenor-mezzo midpoint (stand-in),0.25,close,G3,9.5,below primo,-3,-10,none,not assessed,short,leap-down,-3,no,9,middle,no,no,no,
Sunless 06,11,25,3,E4,64,e,Bozeman tenor-mezzo midpoint (stand-in),0.5,close,D4,2.5,below primo,-3,-10,none,not assessed,short,repeated,0,no,9,last,no,no,no,
Sunless 06,11,26,1,A#4,70,ɨ,derived from Bozeman tenor-mezzo (stand-in),1,crossing,A#3,12.11,inside,3,-4,none,not assessed,short,leap-up,6,yes,10,first,yes,no,no,highest of phrase; crossing
Sunless 06,11,26,3,G#4,68,ɑ,Bozeman tenor-mezzo midpoint (stand-in),0.5,close,E4,3.5,inside,1,-6,none,not assessed,short,step,-2,no,10,middle,no,yes,no,
Sunless 06,11,26,4,F4,65,none resolved,not assessed,0.5,not assessed,not assessed,not assessed,below primo,-2,-9,not assessed,not assessed,short,leap-down,-3,no,10,middle,no,no,no,
Sunless 06,11,27,1,G#4,68,u,Bozeman tenor-mezzo midpoint (stand-in),1,above,G3,13.5,inside,1,-6,none,not assessed,short,leap-up,3,no,10,middle,no,yes,no,
Sunless 06,11,27,3,G4,67,ɨ,derived from Bozeman tenor-mezzo (stand-in),0.25,close,A#3,9.11,inside,0,-7,none,not assessed,short,step,-1,no,10,last,no,yes,no,
Sunless 06,11,27,4,C5,72,i,Bozeman tenor-mezzo midpoint (stand-in),0.5,above,E3,19.5,inside,5,-2,none,not assessed,short,leap-up,5,yes,11,first,no,no,no,
Sunless 06,11,28,1,C#5,73,ɑ,Bozeman tenor-mezzo midpoint (stand-in),1,close,E4,8.5,inside,6,-1,none,not assessed,short,step,1,no,11,middle,yes,yes,yes,highest of phrase
Sunless 06,11,28,3,B4,71,i,Bozeman tenor-mezzo midpoint (stand-in),0.5,above,E3,18.5,inside,4,-3,none,not assessed,short,step,-2,no,11,middle,no,no,no,
Sunless 06,11,28,4,G#4,68,ɛ,Bozeman tenor-mezzo midpoint (stand-in),0.5,close,D#4,5.5,inside,1,-6,none,not assessed,short,leap-down,-3,no,11,middle,no,yes,no,
Sunless 06,11,29,1,B4,71,ɛ,Bozeman tenor-mezzo midpoint (stand-in),0.75,close,D#4,8.5,inside,4,-3,none,not assessed,short,leap-up,3,no,11,middle,no,no,no,
Sunless 06,11,29,2.5,G#4,68,ɨ,derived from Bozeman tenor-mezzo (stand-in),0.25,close,A#3,10.11,inside,1,-6,none,not assessed,short,leap-down,-3,no,11,middle,no,yes,no,
Sunless 06,11,29,3,G4,67,ɛ,Bozeman tenor-mezzo midpoint (stand-in),0.5,close,D#4,4.5,inside,0,-7,none,not assessed,short,step,-1,no,11,last,no,yes,no,
Sunless 06,11,30,1,D4,62,o,Bozeman tenor-mezzo midpoint (stand-in),0.5,close,C#4,1.5,below primo,-5,-12,none,not assessed,short,leap-down,-5,yes,12,first,no,no,no,turning pitch 0 to 2 st below
Sunless 06,11,30,2,F4,65,o,Bozeman tenor-mezzo midpoint (stand-in),0.5,close,C#4,4.5,below primo,-2,-9,none,not assessed,short,leap-up,3,no,12,middle,no,no,no,
Sunless 06,11,30,3,G#4,68,ʌ,derived from Bozeman tenor-mezzo (stand-in),0.5,close,E4,3.5,inside,1,-6,none,not assessed,short,leap-up,3,no,12,middle,no,yes,no,
Sunless 06,11,30,4,E4,64,i,Bozeman tenor-mezzo midpoint (stand-in),0.25,crossing,E3,11.5,below primo,-3,-10,none,not assessed,short,leap-down,-4,no,12,middle,no,no,no,crossing
Sunless 06,11,30,4.5,G4,67,i,Bozeman tenor-mezzo midpoint (stand-in),0.25,above,E3,14.5,inside,0,-7,none,not assessed,short,leap-up,3,no,12,middle,no,yes,no,
Sunless 06,11,31,1,A#4,70,ɛ,Bozeman tenor-mezzo midpoint (stand-in),0.75,close,D#4,7.5,inside,3,-4,none,not assessed,short,leap-up,3,no,12,middle,yes,no,no,highest of phrase
Sunless 06,11,31,2.5,E4,64,ʌ,derived from Bozeman tenor-mezzo (stand-in),0.25,open,E4,-0.5,below primo,-3,-10,none,not assessed,short,leap-down,-6,no,12,middle,no,no,no,
Sunless 06,11,31,3,E4,64,ɨ,derived from Bozeman tenor-mezzo (stand-in),0.5,close,A#3,6.11,below primo,-3,-10,none,not assessed,short,repeated,0,no,12,last,no,no,no,
Sunless 06,11,32,1,C5,72,u,Bozeman tenor-mezzo midpoint (stand-in),1,above,G3,17.5,inside,5,-2,none,not assessed,short,leap-up,8,yes,13,first,yes,no,no,highest of phrase
Sunless 06,11,32,3,G#4,68,u,Bozeman tenor-mezzo midpoint (stand-in),0.5,above,G3,13.5,inside,1,-6,none,not assessed,short,leap-down,-4,no,13,middle,no,yes,no,
Sunless 06,11,32,4,E4,64,ɑ,Bozeman tenor-mezzo midpoint (stand-in),0.5,open,E4,-0.5,below primo,-3,-10,none,not assessed,short,leap-down,-4,no,13,middle,no,no,no,
Sunless 06,11,33,1,G4,67,u,Bozeman tenor-mezzo midpoint (stand-in),0.75,crossing,G3,12.5,inside,0,-7,none,not assessed,short,leap-up,3,no,13,middle,no,yes,yes,crossing
Sunless 06,11,33,2.5,C4,60,u,Bozeman tenor-mezzo midpoint (stand-in),0.25,close,G3,5.5,below primo,-7,-14,none,not assessed,short,leap-down,-7,no,13,middle,no,no,no,
Sunless 06,11,33,3,C4,60,i,Bozeman tenor-mezzo midpoint (stand-in),0.5,close,E3,7.5,below primo,-7,-14,none,not assessed,short,repeated,0,no,13,last,no,no,no,
Sunless 06,11,34,1,F4,65,ɛ,Bozeman tenor-mezzo midpoint (stand-in),1,close,D#4,2.5,below primo,-2,-9,none,not assessed,short,leap-up,5,yes,14,first,yes,no,no,highest of phrase
Sunless 06,11,34,3,D4,62,ɨ,derived from Bozeman tenor-mezzo (stand-in),0.5,close,A#3,4.11,below primo,-5,-12,none,not assessed,short,leap-down,-3,no,14,last,no,no,no,
Sunless 06,11,34,4.5,F4,65,u,Bozeman tenor-mezzo midpoint (stand-in),0.25,close,G3,10.5,below primo,-2,-9,none,not assessed,short,leap-up,3,yes,15,first,no,no,no,
Sunless 06,11,35,1,G#4,68,ɑ,Bozeman tenor-mezzo midpoint (stand-in),1,close,E4,3.5,inside,1,-6,none,not assessed,short,leap-up,3,no,15,middle,yes,yes,yes,highest of phrase
Sunless 06,11,35,3,F4,65,ɪ,derived from Bozeman tenor-mezzo (stand-in),0.25,close,D4,2.96,below primo,-2,-9,none,not assessed,short,leap-down,-3,no,15,last,no,no,no,
Sunless 06,11,35,4.5,F4,65,ʌ,derived from Bozeman tenor-mezzo (stand-in),0.25,close,E4,0.5,below primo,-2,-9,none,not assessed,short,repeated,0,yes,16,first,no,no,no,turning pitch 0 to 2 st below
Sunless 06,11,36,1,A#4,70,ɑ,Bozeman tenor-mezzo midpoint (stand-in),1,close,E4,5.5,inside,3,-4,none,not assessed,short,leap-up,5,no,16,middle,yes,no,no,highest of phrase
Sunless 06,11,36,3,G4,67,i,Bozeman tenor-mezzo midpoint (stand-in),0.5,above,E3,14.5,inside,0,-7,none,not assessed,short,leap-down,-3,no,16,middle,no,yes,no,
Sunless 06,11,36,4,A#4,70,ɑ,Bozeman tenor-mezzo midpoint (stand-in),0.5,close,E4,5.5,inside,3,-4,none,not assessed,short,leap-up,3,no,16,middle,yes,no,no,highest of phrase
Sunless 06,11,37,1,A4,69,e,Bozeman tenor-mezzo midpoint (stand-in),0.75,close,D4,7.5,inside,2,-5,none,not assessed,short,step,-1,no,16,middle,no,no,no,
Sunless 06,11,37,2.5,D4,62,i,Bozeman tenor-mezzo midpoint (stand-in),0.25,close,E3,9.5,below primo,-5,-12,none,not assessed,short,leap-down,-7,no,16,middle,no,no,no,
Sunless 06,11,37,3,D4,62,ɪ,derived from Bozeman tenor-mezzo (stand-in),0.5,open,D4,-0.04,below primo,-5,-12,none,not assessed,short,repeated,0,no,16,last,no,no,no,
Sunless 06,11,38,3,G#4,68,u,Bozeman tenor-mezzo midpoint (stand-in),0.5,above,G3,13.5,inside,1,-6,none,not assessed,short,leap-up,6,yes,17,first,no,yes,no,
Sunless 06,11,38,4,E4,64,ɑ,Bozeman tenor-mezzo midpoint (stand-in),0.25,open,E4,-0.5,below primo,-3,-10,none,not assessed,short,leap-down,-4,no,17,middle,no,no,no,
Sunless 06,11,38,4.5,G4,67,e,Bozeman tenor-mezzo midpoint (stand-in),0.25,close,D4,5.5,inside,0,-7,none,not assessed,short,leap-up,3,no,17,middle,no,yes,no,
Sunless 06,11,39,1,A#4,70,i,Bozeman tenor-mezzo midpoint (stand-in),0.75,above,E3,17.5,inside,3,-4,none,not assessed,short,leap-up,3,no,17,middle,yes,no,no,highest of phrase
Sunless 06,11,39,2.5,G4,67,i,Bozeman tenor-mezzo midpoint (stand-in),0.25,above,E3,14.5,inside,0,-7,none,not assessed,short,leap-down,-3,no,17,middle,no,yes,no,
Sunless 06,11,39,3,G4,67,o,Bozeman tenor-mezzo midpoint (stand-in),0.5,close,C#4,6.5,inside,0,-7,none,not assessed,short,repeated,0,no,17,last,no,yes,no,
Sunless 06,11,40,1,C5,72,none resolved,not assessed,1,not assessed,not assessed,not assessed,inside,5,-2,not assessed,not assessed,short,leap-up,5,yes,18,first,yes,no,no,highest of phrase
Sunless 06,11,40,3,G#4,68,none resolved,not assessed,0.5,not assessed,not assessed,not assessed,inside,1,-6,not assessed,not assessed,short,leap-down,-4,no,18,middle,no,yes,no,
Sunless 06,11,40,4,E4,64,none resolved,not assessed,0.5,not assessed,not assessed,not assessed,below primo,-3,-10,not assessed,not assessed,short,leap-down,-4,no,18,middle,no,no,no,
Sunless 06,11,41,1,G4,67,none resolved,not assessed,0.75,not assessed,not assessed,not assessed,inside,0,-7,not assessed,not assessed,short,leap-up,3,no,18,middle,no,yes,no,
Sunless 06,11,41,2.5,E4,64,none resolved,not assessed,0.25,not assessed,not assessed,not assessed,below primo,-3,-10,not assessed,not assessed,short,leap-down,-3,no,18,middle,no,no,no,
Sunless 06,11,41,3,E4,64,none resolved,not assessed,0.5,not assessed,not assessed,not assessed,below primo,-3,-10,not assessed,not assessed,short,repeated,0,no,18,last,no,no,no,
Sunless 06,11,42,3,G#4,68,none resolved,not assessed,0.5,not assessed,not assessed,not assessed,inside,1,-6,not assessed,not assessed,short,leap-up,4,yes,19,first,no,yes,no,
Sunless 06,11,42,4,E4,64,none resolved,not assessed,0.25,not assessed,not assessed,not assessed,below primo,-3,-10,not assessed,not assessed,short,leap-down,-4,no,19,middle,no,no,no,
Sunless 06,11,42,4.5,G4,67,none resolved,not assessed,0.25,not assessed,not assessed,not assessed,inside,0,-7,not assessed,not assessed,short,leap-up,3,no,19,middle,no,yes,no,
Sunless 06,11,43,1,A#4,70,none resolved,not assessed,0.5,not assessed,not assessed,not assessed,inside,3,-4,not assessed,not assessed,short,leap-up,3,no,19,last,yes,no,no,highest of phrase
Sunless 06,11,43,3,B4,71,none resolved,not assessed,0.75,not assessed,not assessed,not assessed,inside,4,-3,not assessed,not assessed,short,step,1,yes,20,first,no,no,no,
Sunless 06,11,43,4.5,C5,72,none resolved,not assessed,0.25,not assessed,not assessed,not assessed,inside,5,-2,not assessed,not assessed,short,step,1,no,20,middle,yes,no,no,highest of phrase
Sunless 06,11,44,1,C5,72,none resolved,not assessed,1,not assessed,not assessed,not assessed,inside,5,-2,not assessed,not assessed,short,repeated,0,no,20,middle,yes,no,no,highest of phrase
Sunless 06,11,44,3,G#4,68,none resolved,not assessed,0.5,not assessed,not assessed,not assessed,inside,1,-6,not assessed,not assessed,short,leap-down,-4,no,20,middle,no,yes,no,
Sunless 06,11,44,4,E4,64,none resolved,not assessed,0.5,not assessed,not assessed,not assessed,below primo,-3,-10,not assessed,not assessed,short,leap-down,-4,no,20,middle,no,no,no,
Sunless 06,11,45,1,C4,60,none resolved,not assessed,0.75,not assessed,not assessed,not assessed,below primo,-7,-14,not assessed,not assessed,short,leap-down,-4,no,20,middle,no,no,no,
Sunless 06,11,45,2.5,D4,62,none resolved,not assessed,0.25,not assessed,not assessed,not assessed,below primo,-5,-12,not assessed,not assessed,short,step,2,no,20,middle,no,no,no,
Sunless 06,11,45,3,E4,64,none resolved,not assessed,0.5,not assessed,not assessed,not assessed,below primo,-3,-10,not assessed,not assessed,short,step,2,no,20,last,no,no,no,
Sunless 06,11,46,1,D4,62,none resolved,not assessed,0.5,not assessed,not assessed,not assessed,below primo,-5,-12,not assessed,not assessed,short,step,-2,yes,21,first,no,no,no,
Sunless 06,11,46,2,F4,65,none resolved,not assessed,0.5,not assessed,not assessed,not assessed,below primo,-2,-9,not assessed,not assessed,short,leap-up,3,no,21,middle,no,no,no,
Sunless 06,11,46,3,G#4,68,none resolved,not assessed,0.5,not assessed,not assessed,not assessed,inside,1,-6,not assessed,not assessed,short,leap-up,3,no,21,middle,no,yes,no,
Sunless 06,11,46,4,E4,64,none resolved,not assessed,0.25,not assessed,not assessed,not assessed,below primo,-3,-10,not assessed,not assessed,short,leap-down,-4,no,21,middle,no,no,no,
Sunless 06,11,46,4.5,G4,67,none resolved,not assessed,0.25,not assessed,not assessed,not assessed,inside,0,-7,not assessed,not assessed,short,leap-up,3,no,21,middle,no,yes,no,
Sunless 06,11,47,1,A#4,70,none resolved,not assessed,0.5,not assessed,not assessed,not assessed,inside,3,-4,not assessed,not assessed,short,leap-up,3,no,21,middle,yes,no,no,highest of phrase
Sunless 06,11,47,2,A#4,70,none resolved,not assessed,0.25,not assessed,not assessed,not assessed,inside,3,-4,not assessed,not assessed,short,tie,0,no,21,last,yes,no,no,highest of phrase
Sunless 06,11,47,3,B4,71,none resolved,not assessed,0.5,not assessed,not assessed,not assessed,inside,4,-3,not assessed,not assessed,short,step,1,yes,22,first,no,no,no,
Sunless 06,11,47,4,C5,72,none resolved,not assessed,0.5,not assessed,not assessed,not assessed,inside,5,-2,not assessed,not assessed,short,step,1,no,22,middle,yes,no,no,highest of phrase
Sunless 06,11,48,1,G#4,68,none resolved,not assessed,1,not assessed,not assessed,not assessed,inside,1,-6,not assessed,not assessed,short,leap-down,-4,no,22,middle,no,yes,no,
Sunless 06,11,48,3,E4,64,none resolved,not assessed,0.5,not assessed,not assessed,not assessed,below primo,-3,-10,not assessed,not assessed,short,leap-down,-4,no,22,middle,no,no,no,
Sunless 06,11,48,4,C#4,61,none resolved,not assessed,0.5,not assessed,not assessed,not assessed,below primo,-6,-13,not assessed,not assessed,short,leap-down,-3,no,22,middle,no,no,no,
Sunless 06,11,49,1,C4,60,none resolved,not assessed,0.75,not assessed,not assessed,not assessed,below primo,-7,-14,not assessed,not assessed,short,step,-1,no,22,middle,no,no,no,
Sunless 06,11,49,2.5,C4,60,none resolved,not assessed,0.25,not assessed,not assessed,not assessed,below primo,-7,-14,not assessed,not assessed,short,repeated,0,no,22,middle,no,no,no,
Sunless 06,11,49,3,C4,60,none resolved,not assessed,0.5,not assessed,not assessed,not assessed,below primo,-7,-14,not assessed,not assessed,short,repeated,0,no,22,last,no,no,no,
Kabalevsky T01,12,4,3,C4,60,i,Bozeman tenor-mezzo midpoint (stand-in),0.952,close,E3,7.5,below primo,-7,-14,none,not assessed,short,first note,,,0,first,no,no,no,
Kabalevsky T01,12,5,1,C4,60,ɛ,Bozeman tenor-mezzo midpoint (stand-in),1.905,open,D#4,-2.5,below primo,-7,-14,none,not assessed,short,repeated,0,no,0,middle,no,no,no,
Kabalevsky T01,12,5,3,D4,62,i,Bozeman tenor-mezzo midpoint (stand-in),0.952,close,E3,9.5,below primo,-5,-12,none,not assessed,short,step,2,no,0,middle,no,no,no,
Kabalevsky T01,12,6,1,D4,62,ɑ,Bozeman tenor-mezzo midpoint (stand-in),1.905,open,E4,-2.5,below primo,-5,-12,none,not assessed,short,repeated,0,no,0,middle,no,no,no,
Kabalevsky T01,12,6,3,E4,64,i,Bozeman tenor-mezzo midpoint (stand-in),0.952,crossing,E3,11.5,below primo,-3,-10,none,not assessed,short,step,2,no,0,middle,no,no,no,crossing
Kabalevsky T01,12,7,1,E4,64,o,Bozeman tenor-mezzo midpoint (stand-in),1.429,close,C#4,3.5,below primo,-3,-10,none,not assessed,short,repeated,0,no,0,middle,no,no,no,
Kabalevsky T01,12,7,2.5,F4,65,none resolved,not assessed,0.476,not assessed,not assessed,not assessed,below primo,-2,-9,not assessed,not assessed,short,step,1,no,0,middle,no,no,no,
Kabalevsky T01,12,7,3,G4,67,ʌ,derived from Bozeman tenor-mezzo (stand-in),0.476,close,E4,2.5,inside,0,-7,none,not assessed,short,step,2,no,0,middle,no,yes,no,
Kabalevsky T01,12,7,3.5,F4,65,ɑ,Bozeman tenor-mezzo midpoint (stand-in),0.476,close,E4,0.5,below primo,-2,-9,none,not assessed,short,step,-2,no,0,middle,no,no,no,turning pitch 0 to 2 st below
Kabalevsky T01,12,8,1,A4,69,i,Bozeman tenor-mezzo midpoint (stand-in),1.905,above,E3,16.5,inside,2,-5,none,not assessed,short,leap-up,4,no,0,middle,no,no,no,
Kabalevsky T01,12,8,3,D4,62,i,Bozeman tenor-mezzo midpoint (stand-in),0.952,close,E3,9.5,below primo,-5,-12,none,not assessed,short,leap-down,-7,no,0,middle,no,no,no,
Kabalevsky T01,12,9,1,A#4,70,ɛ,Bozeman tenor-mezzo midpoint (stand-in),1.905,close,D#4,7.5,inside,3,-4,none,not assessed,short,leap-up,8,no,0,middle,yes,no,no,highest of phrase
Kabalevsky T01,12,9,3,F4,65,i,Bozeman tenor-mezzo midpoint (stand-in),0.952,above,E3,12.5,below primo,-2,-9,none,not assessed,short,leap-down,-5,no,0,middle,no,no,no,
Kabalevsky T01,12,10,1,E4,64,ɑ,Bozeman tenor-mezzo midpoint (stand-in),1.905,open,E4,-0.5,below primo,-3,-10,none,not assessed,short,step,-1,no,0,last,no,no,no,
Kabalevsky T01,12,10,3,C4,60,ɪ,derived from Bozeman tenor-mezzo (stand-in),0.952,open,D4,-2.04,below primo,-7,-14,none,not assessed,short,leap-down,-4,no,1,first,no,no,no,
Kabalevsky T01,12,11,1,C5,72,ɑ,Bozeman tenor-mezzo midpoint (stand-in),1.429,close,E4,7.5,inside,5,-2,none,not assessed,short,leap-up,12,no,1,middle,yes,no,no,highest of phrase
Kabalevsky T01,12,11,2.5,A4,69,u,Bozeman tenor-mezzo midpoint (stand-in),0.476,above,G3,14.5,inside,2,-5,none,not assessed,short,leap-down,-3,no,1,middle,no,no,no,
Kabalevsky T01,12,11,3,A4,69,u,Bozeman tenor-mezzo midpoint (stand-in),0.476,above,G3,14.5,inside,2,-5,none,not assessed,short,repeated,0,no,1,middle,no,no,no,
Kabalevsky T01,12,11,3.5,G4,67,o,Bozeman tenor-mezzo midpoint (stand-in),0.476,close,C#4,6.5,inside,0,-7,none,not assessed,short,step,-2,no,1,middle,no,yes,no,
Kabalevsky T01,12,12,1,A4,69,i,Bozeman tenor-mezzo midpoint (stand-in),1.905,above,E3,16.5,inside,2,-5,none,not assessed,short,step,2,no,1,middle,no,no,no,
Kabalevsky T01,12,12,3,A4,69,ɨ,derived from Bozeman tenor-mezzo (stand-in),0.952,close,A#3,11.11,inside,2,-5,none,not assessed,short,repeated,0,no,1,last,no,no,no,
Kabalevsky T01,12,13,3,D4,62,o,Bozeman tenor-mezzo midpoint (stand-in),0.952,close,C#4,1.5,below primo,-5,-12,none,not assessed,short,leap-down,-7,yes,2,first,no,no,no,turning pitch 0 to 2 st below
Kabalevsky T01,12,14,1,A#4,70,u,Bozeman tenor-mezzo midpoint (stand-in),1.905,above,G3,15.5,inside,3,-4,none,not assessed,short,leap-up,8,no,2,middle,no,no,no,
Kabalevsky T01,12,14,3,A4,69,u,Bozeman tenor-mezzo midpoint (stand-in),0.952,above,G3,14.5,inside,2,-5,none,not assessed,short,step,-1,no,2,middle,no,no,no,
Kabalevsky T01,12,15,1,G4,67,ɨ,derived from Bozeman tenor-mezzo (stand-in),0.476,close,A#3,9.11,inside,0,-7,none,not assessed,short,step,-2,no,2,middle,no,yes,no,
Kabalevsky T01,12,15,1.5,F4,65,ɑ,Bozeman tenor-mezzo midpoint (stand-in),0.476,close,E4,0.5,below primo,-2,-9,none,not assessed,short,step,-2,no,2,middle,no,no,no,turning pitch 0 to 2 st below
Kabalevsky T01,12,15,2,E4,64,e,Bozeman tenor-mezzo midpoint (stand-in),0.952,close,D4,2.5,below primo,-3,-10,none,not assessed,short,step,-1,no,2,middle,no,no,no,
Kabalevsky T01,12,15,3,A3,57,ɪ,derived from Bozeman tenor-mezzo (stand-in),0.952,open,D4,-5.04,below primo,-10,-17,none,not assessed,short,leap-down,-7,no,2,middle,no,no,no,
Kabalevsky T01,12,16,1,F4,65,o,Bozeman tenor-mezzo midpoint (stand-in),1.905,close,C#4,4.5,below primo,-2,-9,none,not assessed,short,leap-up,8,no,2,middle,no,no,no,
Kabalevsky T01,12,16,3,E4,64,none resolved,not assessed,0.952,not assessed,not assessed,not assessed,below primo,-3,-10,not assessed,not assessed,short,step,-1,no,2,middle,no,no,no,
Kabalevsky T01,12,17,1,D4,62,i,Bozeman tenor-mezzo midpoint (stand-in),1.905,close,E3,9.5,below primo,-5,-12,none,not assessed,short,step,-2,no,2,middle,no,no,no,
Kabalevsky T01,12,17,3,D4,62,o,Bozeman tenor-mezzo midpoint (stand-in),0.952,close,C#4,1.5,below primo,-5,-12,none,not assessed,short,repeated,0,no,2,middle,no,no,no,turning pitch 0 to 2 st below
Kabalevsky T01,12,18,1,D5,74,o,Bozeman tenor-mezzo midpoint (stand-in),1.429,above,C#4,13.5,inside,7,0,none,not assessed,short,leap-up,12,no,2,middle,yes,yes,yes,highest of phrase
Kabalevsky T01,12,18,2.5,C5,72,ɑ,Bozeman tenor-mezzo midpoint (stand-in),0.476,close,E4,7.5,inside,5,-2,none,not assessed,short,step,-2,no,2,middle,no,no,no,
Kabalevsky T01,12,18,3,A#4,70,ɪ,derived from Bozeman tenor-mezzo (stand-in),0.476,close,D4,7.96,inside,3,-4,none,not assessed,short,step,-2,no,2,middle,no,no,no,
Kabalevsky T01,12,18,3.5,A4,69,i,Bozeman tenor-mezzo midpoint (stand-in),0.476,above,E3,16.5,inside,2,-5,none,not assessed,short,step,-1,no,2,middle,no,no,no,
Kabalevsky T01,12,19,1,A#4,70,e,Bozeman tenor-mezzo midpoint (stand-in),1.429,close,D4,8.5,inside,3,-4,none,not assessed,short,step,1,no,2,middle,no,no,no,
Kabalevsky T01,12,19,2.5,A4,69,ɪ,derived from Bozeman tenor-mezzo (stand-in),0.476,close,D4,6.96,inside,2,-5,none,not assessed,short,step,-1,no,2,middle,no,no,no,
Kabalevsky T01,12,19,3,G4,67,ʌ,derived from Bozeman tenor-mezzo (stand-in),0.476,close,E4,2.5,inside,0,-7,none,not assessed,short,step,-2,no,2,middle,no,yes,no,
Kabalevsky T01,12,19,3.5,F4,65,ɑ,Bozeman tenor-mezzo midpoint (stand-in),0.476,close,E4,0.5,below primo,-2,-9,none,not assessed,short,step,-2,no,2,middle,no,no,no,turning pitch 0 to 2 st below
Kabalevsky T01,12,20,1,G4,67,i,Bozeman tenor-mezzo midpoint (stand-in),1.905,above,E3,14.5,inside,0,-7,none,not assessed,short,step,2,no,2,middle,no,yes,no,
Kabalevsky T01,12,20,3,G4,67,ʌ,derived from Bozeman tenor-mezzo (stand-in),0.952,close,E4,2.5,inside,0,-7,none,not assessed,short,repeated,0,no,2,last,no,yes,no,
Kabalevsky T01,12,22,1,D#4,63,ɨ,derived from Bozeman tenor-mezzo (stand-in),0.952,close,A#3,5.11,below primo,-4,-11,none,not assessed,short,leap-down,-4,yes,3,first,no,no,no,
Kabalevsky T01,12,22,2,D#4,63,ʌ,derived from Bozeman tenor-mezzo (stand-in),0.952,open,E4,-1.5,below primo,-4,-11,none,not assessed,short,repeated,0,no,3,middle,no,no,no,
Kabalevsky T01,12,22,3,D#4,63,ɑ,Bozeman tenor-mezzo midpoint (stand-in),0.952,open,E4,-1.5,below primo,-4,-11,none,not assessed,short,repeated,0,no,3,middle,no,no,no,
Kabalevsky T01,12,23,1,F4,65,i,Bozeman tenor-mezzo midpoint (stand-in),1.905,above,E3,12.5,below primo,-2,-9,none,not assessed,short,step,2,no,3,middle,no,no,no,
Kabalevsky T01,12,23,3,G#4,68,i,Bozeman tenor-mezzo midpoint (stand-in),0.952,above,E3,15.5,inside,1,-6,none,not assessed,short,leap-up,3,no,3,middle,no,yes,no,
Kabalevsky T01,12,24,1,G4,67,ɨ,derived from Bozeman tenor-mezzo (stand-in),1.429,close,A#3,9.11,inside,0,-7,none,not assessed,short,step,-1,no,3,middle,no,yes,no,
Kabalevsky T01,12,24,2.5,F4,65,i,Bozeman tenor-mezzo midpoint (stand-in),0.476,above,E3,12.5,below primo,-2,-9,none,not assessed,short,step,-2,no,3,middle,no,no,no,
Kabalevsky T01,12,24,3,G4,67,ʌ,derived from Bozeman tenor-mezzo (stand-in),0.476,close,E4,2.5,inside,0,-7,none,not assessed,short,step,2,no,3,middle,no,yes,no,
Kabalevsky T01,12,24,3.5,A#4,70,ɑ,Bozeman tenor-mezzo midpoint (stand-in),0.476,close,E4,5.5,inside,3,-4,none,not assessed,short,leap-up,3,no,3,middle,yes,no,no,highest of phrase
Kabalevsky T01,12,25,1,D#4,63,u,Bozeman tenor-mezzo midpoint (stand-in),1.429,close,G3,8.5,below primo,-4,-11,none,not assessed,short,leap-down,-7,no,3,middle,no,no,no,
Kabalevsky T01,12,25,2.5,D#4,63,ɑ,Bozeman tenor-mezzo midpoint (stand-in),0.476,open,E4,-1.5,below primo,-4,-11,none,not assessed,short,repeated,0,no,3,middle,no,no,no,
Kabalevsky T01,12,25,3,D#4,63,ʌ,derived from Bozeman tenor-mezzo (stand-in),0.476,open,E4,-1.5,below primo,-4,-11,none,not assessed,short,repeated,0,no,3,middle,no,no,no,
Kabalevsky T01,12,25,3.5,D#4,63,i,Bozeman tenor-mezzo midpoint (stand-in),0.476,close,E3,10.5,below primo,-4,-11,none,not assessed,short,repeated,0,no,3,middle,no,no,no,
Kabalevsky T01,12,26,1,E4,64,ɑ,Bozeman tenor-mezzo midpoint (stand-in),1.905,open,E4,-0.5,below primo,-3,-10,none,not assessed,short,step,1,no,3,middle,no,no,no,
Kabalevsky T01,12,26,3,C#4,61,i,Bozeman tenor-mezzo midpoint (stand-in),0.952,close,E3,8.5,below primo,-6,-13,none,not assessed,short,leap-down,-3,no,3,middle,no,no,no,
Kabalevsky T01,12,27,1,G#4,68,o,Bozeman tenor-mezzo midpoint (stand-in),1.429,close,C#4,7.5,inside,1,-6,none,not assessed,short,leap-up,7,no,3,middle,no,yes,no,
Kabalevsky T01,12,27,2.5,E4,64,ɪ,derived from Bozeman tenor-mezzo (stand-in),0.476,close,D4,1.96,below primo,-3,-10,none,not assessed,short,leap-down,-4,no,3,middle,no,no,no,turning pitch 0 to 2 st below
Kabalevsky T01,12,27,3,C#4,61,ʌ,derived from Bozeman tenor-mezzo (stand-in),0.476,open,E4,-3.5,below primo,-6,-13,none,not assessed,short,leap-down,-3,no,3,middle,no,no,no,
Kabalevsky T01,12,27,3.5,A#3,58,ɑ,Bozeman tenor-mezzo midpoint (stand-in),0.476,open,E4,-6.5,below primo,-9,-16,none,not assessed,short,leap-down,-3,no,3,middle,no,no,no,
Kabalevsky T01,12,28,1,D#4,63,i,Bozeman tenor-mezzo midpoint (stand-in),1.905,close,E3,10.5,below primo,-4,-11,none,not assessed,short,leap-up,5,no,3,middle,no,no,no,
Kabalevsky T01,12,28,3,D#4,63,none resolved,not assessed,0.952,not assessed,not assessed,not assessed,below primo,-4,-11,not assessed,not assessed,short,repeated,0,no,3,last,no,no,no,
Kabalevsky T01,12,29,3,D#4,63,ɑ,Bozeman tenor-mezzo midpoint (stand-in),0.952,open,E4,-1.5,below primo,-4,-11,none,not assessed,short,repeated,0,yes,4,first,no,no,no,
Kabalevsky T01,12,30,1,G#4,68,ɑ,Bozeman tenor-mezzo midpoint (stand-in),1.429,close,E4,3.5,inside,1,-6,none,not assessed,short,leap-up,5,no,4,middle,no,yes,no,
Kabalevsky T01,12,30,2.5,G#4,68,i,Bozeman tenor-mezzo midpoint (stand-in),0.476,above,E3,15.5,inside,1,-6,none,not assessed,short,repeated,0,no,4,middle,no,yes,no,
Kabalevsky T01,12,30,3,G#4,68,ɪ,derived from Bozeman tenor-mezzo (stand-in),0.476,close,D4,5.96,inside,1,-6,none,not assessed,short,repeated,0,no,4,middle,no,yes,no,
Kabalevsky T01,12,30,3.5,G#4,68,ɑ,Bozeman tenor-mezzo midpoint (stand-in),0.476,close,E4,3.5,inside,1,-6,none,not assessed,short,repeated,0,no,4,middle,no,yes,no,
Kabalevsky T01,12,31,1,G4,67,o,Bozeman tenor-mezzo midpoint (stand-in),1.429,close,C#4,6.5,inside,0,-7,none,not assessed,short,step,-1,no,4,middle,no,yes,no,
Kabalevsky T01,12,31,2.5,D#4,63,ɑ,Bozeman tenor-mezzo midpoint (stand-in),0.476,open,E4,-1.5,below primo,-4,-11,none,not assessed,short,leap-down,-4,no,4,middle,no,no,no,
Kabalevsky T01,12,31,3,D#4,63,ʌ,derived from Bozeman tenor-mezzo (stand-in),0.476,open,E4,-1.5,below primo,-4,-11,none,not assessed,short,repeated,0,no,4,middle,no,no,no,
Kabalevsky T01,12,31,3.5,D#4,63,ɪ,derived from Bozeman tenor-mezzo (stand-in),0.476,close,D4,0.96,below primo,-4,-11,none,not assessed,short,repeated,0,no,4,middle,no,no,no,turning pitch 0 to 2 st below
Kabalevsky T01,12,32,1,B4,71,u,Bozeman tenor-mezzo midpoint (stand-in),2.857,above,G3,16.5,inside,4,-3,none,not assessed,held,leap-up,8,no,4,middle,no,no,no,held
Kabalevsky T01,12,33,1,B4,71,u,Bozeman tenor-mezzo midpoint (stand-in),1.905,above,G3,16.5,inside,4,-3,none,not assessed,held,tie,0,no,4,middle,no,no,no,held
Kabalevsky T01,12,33,3,B4,71,ɑ,Bozeman tenor-mezzo midpoint (stand-in),0.952,close,E4,6.5,inside,4,-3,none,not assessed,short,repeated,0,no,4,middle,no,no,no,
Kabalevsky T01,12,34,1,B4,71,o,Bozeman tenor-mezzo midpoint (stand-in),1.905,close,C#4,10.5,inside,4,-3,none,not assessed,short,repeated,0,no,4,middle,no,no,no,
Kabalevsky T01,12,34,3,G#4,68,i,Bozeman tenor-mezzo midpoint (stand-in),0.952,above,E3,15.5,inside,1,-6,none,not assessed,short,leap-down,-3,no,4,middle,no,yes,no,
Kabalevsky T01,12,35,1,G#4,68,u,Bozeman tenor-mezzo midpoint (stand-in),1.905,above,G3,13.5,inside,1,-6,none,not assessed,short,repeated,0,no,4,middle,no,yes,no,
Kabalevsky T01,12,35,3,B4,71,ɑ,Bozeman tenor-mezzo midpoint (stand-in),0.952,close,E4,6.5,inside,4,-3,none,not assessed,short,leap-up,3,no,4,middle,no,no,no,
Kabalevsky T01,12,36,1,B4,71,ɨ,derived from Bozeman tenor-mezzo (stand-in),1.429,above,A#3,13.11,inside,4,-3,none,not assessed,short,repeated,0,no,4,middle,no,no,no,
Kabalevsky T01,12,36,2.5,G4,67,ɑ,Bozeman tenor-mezzo midpoint (stand-in),0.476,close,E4,2.5,inside,0,-7,none,not assessed,short,leap-down,-4,no,4,middle,no,yes,no,
Kabalevsky T01,12,36,3,A4,69,ɑ,Bozeman tenor-mezzo midpoint (stand-in),0.476,close,E4,4.5,inside,2,-5,none,not assessed,short,step,2,no,4,middle,no,no,no,
Kabalevsky T01,12,36,3.5,G4,67,ɑ,Bozeman tenor-mezzo midpoint (stand-in),0.476,close,E4,2.5,inside,0,-7,none,not assessed,short,step,-2,no,4,middle,no,yes,no,
Kabalevsky T01,12,37,1,E5,76,i,Bozeman tenor-mezzo midpoint (stand-in),2.857,above,E3,23.5,above secondo,9,2,none,not assessed,held,leap-up,9,no,4,middle,yes,no,no,held; highest of phrase
Kabalevsky T01,12,38,1,E5,76,i,Bozeman tenor-mezzo midpoint (stand-in),1.429,above,E3,23.5,above secondo,9,2,none,not assessed,held,tie,0,no,4,middle,yes,no,no,held; highest of phrase
Kabalevsky T01,12,38,2.5,C5,72,ɑ,Bozeman tenor-mezzo midpoint (stand-in),0.476,close,E4,7.5,inside,5,-2,none,not assessed,short,leap-down,-4,no,4,last,no,no,no,
Kabalevsky T01,12,40,3,C4,60,o,Bozeman tenor-mezzo midpoint (stand-in),0.952,open,C#4,-0.5,below primo,-7,-14,none,not assessed,short,leap-down,-12,yes,5,first,yes,no,no,highest of phrase
Kabalevsky T01,12,41,1,C4,60,ɑ,Bozeman tenor-mezzo midpoint (stand-in),1.429,open,E4,-4.5,below primo,-7,-14,none,not assessed,short,repeated,0,no,5,middle,yes,no,no,highest of phrase
Kabalevsky T01,12,41,2.5,C4,60,ɑ,Bozeman tenor-mezzo midpoint (stand-in),0.476,open,E4,-4.5,below primo,-7,-14,none,not assessed,short,repeated,0,no,5,middle,yes,no,no,highest of phrase
Kabalevsky T01,12,41,3,C4,60,i,Bozeman tenor-mezzo midpoint (stand-in),0.476,close,E3,7.5,below primo,-7,-14,none,not assessed,short,repeated,0,no,5,last,yes,no,no,highest of phrase
Kabalevsky T01,12,41,3.5,D4,62,ɑ,Bozeman tenor-mezzo midpoint (stand-in),0.476,open,E4,-2.5,below primo,-5,-12,none,not assessed,short,step,2,no,6,first,no,no,no,
Kabalevsky T01,12,42,1,D4,62,o,Bozeman tenor-mezzo midpoint (stand-in),1.429,close,C#4,1.5,below primo,-5,-12,none,not assessed,short,repeated,0,no,6,middle,no,no,no,turning pitch 0 to 2 st below
Kabalevsky T01,12,42,2.5,E4,64,ɨ,derived from Bozeman tenor-mezzo (stand-in),0.476,close,A#3,6.11,below primo,-3,-10,none,not assessed,short,step,2,no,6,middle,no,no,no,
Kabalevsky T01,12,42,3,F4,65,ɨ,derived from Bozeman tenor-mezzo (stand-in),0.476,close,A#3,7.11,below primo,-2,-9,none,not assessed,short,step,1,no,6,middle,no,no,no,
Kabalevsky T01,12,42,3.5,D4,62,o,Bozeman tenor-mezzo midpoint (stand-in),0.476,close,C#4,1.5,below primo,-5,-12,none,not assessed,short,leap-down,-3,no,6,middle,no,no,no,turning pitch 0 to 2 st below
Kabalevsky T01,12,43,1,A4,69,i,Bozeman tenor-mezzo midpoint (stand-in),2.857,above,E3,16.5,inside,2,-5,none,not assessed,held,leap-up,7,no,6,middle,no,no,no,held
Kabalevsky T01,12,44,1,A4,69,i,Bozeman tenor-mezzo midpoint (stand-in),1.429,above,E3,16.5,inside,2,-5,none,not assessed,held,tie,0,no,6,middle,no,no,no,held
Kabalevsky T01,12,44,2.5,D4,62,o,Bozeman tenor-mezzo midpoint (stand-in),0.476,close,C#4,1.5,below primo,-5,-12,none,not assessed,short,leap-down,-7,no,6,middle,no,no,no,turning pitch 0 to 2 st below
Kabalevsky T01,12,44,3,D4,62,ɪ,derived from Bozeman tenor-mezzo (stand-in),0.476,open,D4,-0.04,below primo,-5,-12,none,not assessed,short,repeated,0,no,6,middle,no,no,no,
Kabalevsky T01,12,44,3.5,D4,62,ɑ,Bozeman tenor-mezzo midpoint (stand-in),0.476,open,E4,-2.5,below primo,-5,-12,none,not assessed,short,repeated,0,no,6,middle,no,no,no,
Kabalevsky T01,12,45,1,A#4,70,o,Bozeman tenor-mezzo midpoint (stand-in),1.905,close,C#4,9.5,inside,3,-4,none,not assessed,short,leap-up,8,no,6,middle,no,no,no,
Kabalevsky T01,12,45,3,F4,65,i,Bozeman tenor-mezzo midpoint (stand-in),0.952,above,E3,12.5,below primo,-2,-9,none,not assessed,short,leap-down,-5,no,6,middle,no,no,no,
Kabalevsky T01,12,46,1,E4,64,o,Bozeman tenor-mezzo midpoint (stand-in),1.429,close,C#4,3.5,below primo,-3,-10,none,not assessed,short,step,-1,no,6,middle,no,no,no,
Kabalevsky T01,12,46,2.5,C4,60,ɪ,derived from Bozeman tenor-mezzo (stand-in),0.476,open,D4,-2.04,below primo,-7,-14,none,not assessed,short,leap-down,-4,no,6,middle,no,no,no,
Kabalevsky T01,12,46,3,D4,62,o,Bozeman tenor-mezzo midpoint (stand-in),0.476,close,C#4,1.5,below primo,-5,-12,none,not assessed,short,step,2,no,6,middle,no,no,no,turning pitch 0 to 2 st below
Kabalevsky T01,12,46,3.5,C4,60,u,Bozeman tenor-mezzo midpoint (stand-in),0.476,close,G3,5.5,below primo,-7,-14,none,not assessed,short,step,-2,no,6,middle,no,no,no,
Kabalevsky T01,12,47,1,C5,72,ɨ,derived from Bozeman tenor-mezzo (stand-in),2.857,above,A#3,14.11,inside,5,-2,none,not assessed,held,leap-up,12,no,6,middle,yes,no,no,held; highest of phrase
Kabalevsky T01,12,48,1,C5,72,ɨ,derived from Bozeman tenor-mezzo (stand-in),0.952,above,A#3,14.11,inside,5,-2,none,not assessed,held,tie,0,no,6,middle,yes,no,no,held; highest of phrase
Kabalevsky T01,12,48,2,A4,69,ɨ,derived from Bozeman tenor-mezzo (stand-in),0.952,close,A#3,11.11,inside,2,-5,none,not assessed,short,leap-down,-3,no,6,last,no,no,no,
Kabalevsky T01,12,48,3,D4,62,i,Bozeman tenor-mezzo midpoint (stand-in),0.952,close,E3,9.5,below primo,-5,-12,none,not assessed,short,leap-down,-7,no,7,first,no,no,no,
Kabalevsky T01,12,49,1,A#4,70,i,Bozeman tenor-mezzo midpoint (stand-in),1.905,above,E3,17.5,inside,3,-4,none,not assessed,short,leap-up,8,no,7,middle,no,no,no,
Kabalevsky T01,12,49,3,A4,69,ʌ,derived from Bozeman tenor-mezzo (stand-in),0.952,close,E4,4.5,inside,2,-5,none,not assessed,short,step,-1,no,7,middle,no,no,no,
Kabalevsky T01,12,50,1,G4,67,ɑ,Bozeman tenor-mezzo midpoint (stand-in),0.476,close,E4,2.5,inside,0,-7,none,not assessed,short,step,-2,no,7,middle,no,yes,no,
Kabalevsky T01,12,50,1.5,F4,65,i,Bozeman tenor-mezzo midpoint (stand-in),0.476,above,E3,12.5,below primo,-2,-9,none,not assessed,short,step,-2,no,7,middle,no,no,no,
Kabalevsky T01,12,50,2,E4,64,o,Bozeman tenor-mezzo midpoint (stand-in),0.952,close,C#4,3.5,below primo,-3,-10,none,not assessed,short,step,-1,no,7,middle,no,no,no,
Kabalevsky T01,12,50,3,A3,57,i,Bozeman tenor-mezzo midpoint (stand-in),0.952,close,E3,4.5,below primo,-10,-17,none,not assessed,short,leap-down,-7,no,7,middle,no,no,no,
Kabalevsky T01,12,51,1,F4,65,e,Bozeman tenor-mezzo midpoint (stand-in),1.905,close,D4,3.5,below primo,-2,-9,none,not assessed,short,leap-up,8,no,7,middle,no,no,no,
Kabalevsky T01,12,51,3,E4,64,ɑ,Bozeman tenor-mezzo midpoint (stand-in),0.952,open,E4,-0.5,below primo,-3,-10,none,not assessed,short,step,-1,no,7,middle,no,no,no,
Kabalevsky T01,12,52,1,D4,62,i,Bozeman tenor-mezzo midpoint (stand-in),1.429,close,E3,9.5,below primo,-5,-12,none,not assessed,short,step,-2,no,7,middle,no,no,no,
Kabalevsky T01,12,52,2.5,D4,62,ɑ,Bozeman tenor-mezzo midpoint (stand-in),0.476,open,E4,-2.5,below primo,-5,-12,none,not assessed,short,repeated,0,no,7,middle,no,no,no,
Kabalevsky T01,12,52,3,D4,62,ɑ,Bozeman tenor-mezzo midpoint (stand-in),0.476,open,E4,-2.5,below primo,-5,-12,none,not assessed,short,repeated,0,no,7,middle,no,no,no,
Kabalevsky T01,12,52,3.5,D4,62,u,Bozeman tenor-mezzo midpoint (stand-in),0.476,close,G3,7.5,below primo,-5,-12,none,not assessed,short,repeated,0,no,7,middle,no,no,no,
Kabalevsky T01,12,53,1,D5,74,u,Bozeman tenor-mezzo midpoint (stand-in),1.905,above,G3,19.5,inside,7,0,none,not assessed,short,leap-up,12,no,7,middle,yes,yes,yes,highest of phrase
Kabalevsky T01,12,53,3,A4,69,ɛ,Bozeman tenor-mezzo midpoint (stand-in),0.952,close,D#4,6.5,inside,2,-5,none,not assessed,short,leap-down,-5,no,7,middle,no,no,no,
Kabalevsky T01,12,54,1,A#4,70,ɛ,Bozeman tenor-mezzo midpoint (stand-in),1.429,close,D#4,7.5,inside,3,-4,none,not assessed,short,step,1,no,7,middle,no,no,no,
Kabalevsky T01,12,54,2.5,A4,69,o,Bozeman tenor-mezzo midpoint (stand-in),0.476,close,C#4,8.5,inside,2,-5,none,not assessed,short,step,-1,no,7,middle,no,no,no,
Kabalevsky T01,12,54,3,G4,67,ɨ,derived from Bozeman tenor-mezzo (stand-in),0.476,close,A#3,9.11,inside,0,-7,none,not assessed,short,step,-2,no,7,middle,no,yes,no,
Kabalevsky T01,12,54,3.5,D4,62,ɪ,derived from Bozeman tenor-mezzo (stand-in),0.476,open,D4,-0.04,below primo,-5,-12,none,not assessed,short,leap-down,-5,no,7,middle,no,no,no,
Kabalevsky T01,12,55,1,F4,65,ɨ,derived from Bozeman tenor-mezzo (stand-in),1.905,close,A#3,7.11,below primo,-2,-9,none,not assessed,short,leap-up,3,no,7,middle,no,no,no,
Kabalevsky T01,12,55,3,E4,64,ɨ,derived from Bozeman tenor-mezzo (stand-in),0.952,close,A#3,6.11,below primo,-3,-10,none,not assessed,short,step,-1,no,7,last,no,no,no,
Kabalevsky T01,12,57,1,C4,60,ɨ,derived from Bozeman tenor-mezzo (stand-in),0.952,close,A#3,2.11,below primo,-7,-14,none,not assessed,short,leap-down,-4,yes,8,first,no,no,no,
Kabalevsky T01,12,57,2,D4,62,u,Bozeman tenor-mezzo midpoint (stand-in),0.952,close,G3,7.5,below primo,-5,-12,none,not assessed,short,step,2,no,8,middle,no,no,no,
Kabalevsky T01,12,57,3,C4,60,ɪ,derived from Bozeman tenor-mezzo (stand-in),0.952,open,D4,-2.04,below primo,-7,-14,none,not assessed,short,step,-2,no,8,middle,no,no,no,
Kabalevsky T01,12,58,1,F4,65,ɨ,derived from Bozeman tenor-mezzo (stand-in),1.905,close,A#3,7.11,below primo,-2,-9,none,not assessed,short,leap-up,5,no,8,middle,no,no,no,
Kabalevsky T01,12,58,3,C4,60,ɪ,derived from Bozeman tenor-mezzo (stand-in),0.952,open,D4,-2.04,below primo,-7,-14,none,not assessed,short,leap-down,-5,no,8,middle,no,no,no,
Kabalevsky T01,12,59,1,C4,60,o,Bozeman tenor-mezzo midpoint (stand-in),1.429,open,C#4,-0.5,below primo,-7,-14,none,not assessed,short,repeated,0,no,8,middle,no,no,no,
Kabalevsky T01,12,59,2.5,C4,60,ɑ,Bozeman tenor-mezzo midpoint (stand-in),0.476,open,E4,-4.5,below primo,-7,-14,none,not assessed,short,repeated,0,no,8,middle,no,no,no,
Kabalevsky T01,12,59,3,D4,62,i,Bozeman tenor-mezzo midpoint (stand-in),0.476,close,E3,9.5,below primo,-5,-12,none,not assessed,short,step,2,no,8,middle,no,no,no,
Kabalevsky T01,12,59,3.5,C4,60,u,Bozeman tenor-mezzo midpoint (stand-in),0.476,close,G3,5.5,below primo,-7,-14,none,not assessed,short,step,-2,no,8,middle,no,no,no,
Kabalevsky T01,12,60,1,A4,69,ɑ,Bozeman tenor-mezzo midpoint (stand-in),2.857,close,E4,4.5,inside,2,-5,none,not assessed,held,leap-up,9,no,8,middle,no,no,no,held
Kabalevsky T01,12,61,1,D5,74,ɑ,Bozeman tenor-mezzo midpoint (stand-in),2.857,close,E4,9.5,inside,7,0,none,not assessed,held,leap-up,5,no,8,middle,yes,yes,yes,held; highest of phrase
Kabalevsky T01,12,62,1,D5,74,ɑ,Bozeman tenor-mezzo midpoint (stand-in),0.952,close,E4,9.5,inside,7,0,none,not assessed,held,tie,0,no,8,middle,yes,yes,yes,held; highest of phrase
Kabalevsky T01,12,62,2,G4,67,ɛ,Bozeman tenor-mezzo midpoint (stand-in),0.952,close,D#4,4.5,inside,0,-7,none,not assessed,short,leap-down,-7,no,8,middle,no,yes,no,
Kabalevsky T01,12,62,3,A4,69,ɨ,derived from Bozeman tenor-mezzo (stand-in),0.952,close,A#3,11.11,inside,2,-5,none,not assessed,short,step,2,no,8,middle,no,no,no,
Kabalevsky T01,12,63,1,A#4,70,o,Bozeman tenor-mezzo midpoint (stand-in),1.905,close,C#4,9.5,inside,3,-4,none,not assessed,short,step,1,no,8,middle,no,no,no,
Kabalevsky T01,12,63,3,F4,65,ɨ,derived from Bozeman tenor-mezzo (stand-in),0.952,close,A#3,7.11,below primo,-2,-9,none,not assessed,short,leap-down,-5,no,8,middle,no,no,no,
Kabalevsky T01,12,64,1,A4,69,ɑ,Bozeman tenor-mezzo midpoint (stand-in),1.905,close,E4,4.5,inside,2,-5,none,not assessed,short,leap-up,4,no,8,middle,no,no,no,
Kabalevsky T01,12,64,3,C5,72,ɪ,derived from Bozeman tenor-mezzo (stand-in),0.952,close,D4,9.96,inside,5,-2,none,not assessed,short,leap-up,3,no,8,last,no,no,no,
Kabalevsky T01,12,65,2,D4,62,ʌ,derived from Bozeman tenor-mezzo (stand-in),0.952,open,E4,-2.5,below primo,-5,-12,none,not assessed,short,leap-down,-10,yes,9,first,no,no,no,
Kabalevsky T01,12,65,3,E4,64,u,Bozeman tenor-mezzo midpoint (stand-in),0.952,close,G3,9.5,below primo,-3,-10,none,not assessed,short,step,2,no,9,middle,no,no,no,
Kabalevsky T01,12,66,1,A4,69,ɑ,Bozeman tenor-mezzo midpoint (stand-in),2.857,close,E4,4.5,inside,2,-5,none,not assessed,held,leap-up,5,no,9,middle,yes,no,no,held; highest of phrase
Kabalevsky T01,12,67,1,A4,69,ɑ,Bozeman tenor-mezzo midpoint (stand-in),2.857,close,E4,4.5,inside,2,-5,none,not assessed,held,tie,0,no,9,last,yes,no,no,held; highest of phrase
Kabalevsky T02,12,2,2.5,C5,72,u,Bozeman tenor-mezzo midpoint (stand-in),0.417,above,G3,17.5,inside,5,-2,none,not assessed,short,first note,,,0,first,yes,no,no,highest of phrase
Kabalevsky T02,12,3,1,A#4,70,ɑ,Bozeman tenor-mezzo midpoint (stand-in),0.417,close,E4,5.5,inside,3,-4,none,not assessed,short,step,-2,no,0,middle,no,no,no,
Kabalevsky T02,12,3,1.5,G#4,68,i,Bozeman tenor-mezzo midpoint (stand-in),0.417,above,E3,15.5,inside,1,-6,none,not assessed,short,step,-2,no,0,middle,no,yes,no,
Kabalevsky T02,12,3,2,G4,67,i,Bozeman tenor-mezzo midpoint (stand-in),0.417,above,E3,14.5,inside,0,-7,none,not assessed,short,step,-1,no,0,middle,no,yes,no,
Kabalevsky T02,12,3,2.5,F4,65,u,Bozeman tenor-mezzo midpoint (stand-in),0.417,close,G3,10.5,below primo,-2,-9,none,not assessed,short,step,-2,no,0,middle,no,no,no,
Kabalevsky T02,12,4,1,E4,64,o,Bozeman tenor-mezzo midpoint (stand-in),1.25,close,C#4,3.5,below primo,-3,-10,none,not assessed,short,step,-1,no,0,middle,no,no,no,
Kabalevsky T02,12,4,2.5,F4,65,ɑ,Bozeman tenor-mezzo midpoint (stand-in),0.417,close,E4,0.5,below primo,-2,-9,none,not assessed,short,step,1,no,0,middle,no,no,no,turning pitch 0 to 2 st below
Kabalevsky T02,12,5,1,G4,67,u,Bozeman tenor-mezzo midpoint (stand-in),0.833,crossing,G3,12.5,inside,0,-7,none,not assessed,short,step,2,no,0,middle,no,yes,yes,crossing
Kabalevsky T02,12,5,2,C#4,61,u,Bozeman tenor-mezzo midpoint (stand-in),0.833,close,G3,6.5,below primo,-6,-13,none,not assessed,short,leap-down,-6,no,0,middle,no,no,no,
Kabalevsky T02,12,6,1,C4,60,u,Bozeman tenor-mezzo midpoint (stand-in),1.667,close,G3,5.5,below primo,-7,-14,none,not assessed,short,step,-1,no,0,last,no,no,no,
Kabalevsky T02,12,7,1.5,C5,72,ɑ,Bozeman tenor-mezzo midpoint (stand-in),0.417,close,E4,7.5,inside,5,-2,none,not assessed,short,leap-up,12,yes,1,first,yes,no,no,highest of phrase
Kabalevsky T02,12,7,2,A#4,70,ɛ,Bozeman tenor-mezzo midpoint (stand-in),0.417,close,D#4,7.5,inside,3,-4,none,not assessed,short,step,-2,no,1,middle,no,no,no,
Kabalevsky T02,12,7,2.5,G#4,68,ɨ,derived from Bozeman tenor-mezzo (stand-in),0.417,close,A#3,10.11,inside,1,-6,none,not assessed,short,step,-2,no,1,middle,no,yes,no,
Kabalevsky T02,12,8,1,G4,67,o,Bozeman tenor-mezzo midpoint (stand-in),0.417,close,C#4,6.5,inside,0,-7,none,not assessed,short,step,-1,no,1,middle,no,yes,no,
Kabalevsky T02,12,8,1.5,F4,65,ɨ,derived from Bozeman tenor-mezzo (stand-in),0.417,close,A#3,7.11,below primo,-2,-9,none,not assessed,short,step,-2,no,1,middle,no,no,no,
Kabalevsky T02,12,8,2,E4,64,ʌ,derived from Bozeman tenor-mezzo (stand-in),0.417,open,E4,-0.5,below primo,-3,-10,none,not assessed,short,step,-1,no,1,middle,no,no,no,
Kabalevsky T02,12,8,2.5,F4,65,i,Bozeman tenor-mezzo midpoint (stand-in),0.417,above,E3,12.5,below primo,-2,-9,none,not assessed,short,step,1,no,1,middle,no,no,no,
Kabalevsky T02,12,9,1,G4,67,i,Bozeman tenor-mezzo midpoint (stand-in),1.25,above,E3,14.5,inside,0,-7,none,not assessed,short,step,2,no,1,middle,no,yes,no,
Kabalevsky T02,12,9,2.5,C#4,61,ɑ,Bozeman tenor-mezzo midpoint (stand-in),0.417,open,E4,-3.5,below primo,-6,-13,none,not assessed,short,leap-down,-6,no,1,middle,no,no,no,
Kabalevsky T02,12,10,1,C4,60,e,Bozeman tenor-mezzo midpoint (stand-in),1.25,open,D4,-1.5,below primo,-7,-14,none,not assessed,short,step,-1,no,1,middle,no,no,no,
Kabalevsky T02,12,10,2.5,C4,60,i,Bozeman tenor-mezzo midpoint (stand-in),0.417,close,E3,7.5,below primo,-7,-14,none,not assessed,short,repeated,0,no,1,last,no,no,no,
Kabalevsky T02,12,11,1.5,C4,60,o,Bozeman tenor-mezzo midpoint (stand-in),0.417,open,C#4,-0.5,below primo,-7,-14,none,not assessed,short,repeated,0,yes,2,first,no,no,no,
Kabalevsky T02,12,11,2,C4,60,o,Bozeman tenor-mezzo midpoint (stand-in),0.417,open,C#4,-0.5,below primo,-7,-14,none,not assessed,short,repeated,0,no,2,middle,no,no,no,
Kabalevsky T02,12,11,2.5,C4,60,ʌ,derived from Bozeman tenor-mezzo (stand-in),0.417,open,E4,-4.5,below primo,-7,-14,none,not assessed,short,repeated,0,no,2,middle,no,no,no,
Kabalevsky T02,12,12,1,D#4,63,ɑ,Bozeman tenor-mezzo midpoint (stand-in),1.25,open,E4,-1.5,below primo,-4,-11,none,not assessed,short,leap-up,3,no,2,middle,no,no,no,
Kabalevsky T02,12,12,2.5,C4,60,u,Bozeman tenor-mezzo midpoint (stand-in),0.417,close,G3,5.5,below primo,-7,-14,none,not assessed,short,leap-down,-3,no,2,middle,no,no,no,
Kabalevsky T02,12,13,1,C#4,61,o,Bozeman tenor-mezzo midpoint (stand-in),0.417,close,C#4,0.5,below primo,-6,-13,none,not assessed,short,step,1,no,2,middle,no,no,no,turning pitch 0 to 2 st below
Kabalevsky T02,12,13,1.5,C4,60,u,Bozeman tenor-mezzo midpoint (stand-in),0.417,close,G3,5.5,below primo,-7,-14,none,not assessed,short,step,-1,no,2,middle,no,no,no,
Kabalevsky T02,12,13,2,A#3,58,ɑ,Bozeman tenor-mezzo midpoint (stand-in),0.417,open,E4,-6.5,below primo,-9,-16,none,not assessed,short,step,-2,no,2,middle,no,no,no,
Kabalevsky T02,12,13,2.5,C#4,61,u,Bozeman tenor-mezzo midpoint (stand-in),0.417,close,G3,6.5,below primo,-6,-13,none,not assessed,short,leap-up,3,no,2,middle,no,no,no,
Kabalevsky T02,12,14,1,F4,65,u,Bozeman tenor-mezzo midpoint (stand-in),1.667,close,G3,10.5,below primo,-2,-9,none,not assessed,short,leap-up,4,no,2,middle,no,no,no,
Kabalevsky T02,12,15,1,F4,65,u,Bozeman tenor-mezzo midpoint (stand-in),0.417,close,G3,10.5,below primo,-2,-9,none,not assessed,short,tie,0,no,2,middle,no,no,no,
Kabalevsky T02,12,15,1.5,F4,65,ɑ,Bozeman tenor-mezzo midpoint (stand-in),0.417,close,E4,0.5,below primo,-2,-9,none,not assessed,short,repeated,0,no,2,middle,no,no,no,turning pitch 0 to 2 st below
Kabalevsky T02,12,15,2,F4,65,i,Bozeman tenor-mezzo midpoint (stand-in),0.417,above,E3,12.5,below primo,-2,-9,none,not assessed,short,repeated,0,no,2,middle,no,no,no,
Kabalevsky T02,12,15,2.5,F4,65,i,Bozeman tenor-mezzo midpoint (stand-in),0.417,above,E3,12.5,below primo,-2,-9,none,not assessed,short,repeated,0,no,2,middle,no,no,no,
Kabalevsky T02,12,16,1,G4,67,ɑ,Bozeman tenor-mezzo midpoint (stand-in),1.25,close,E4,2.5,inside,0,-7,none,not assessed,short,step,2,no,2,middle,no,yes,no,
Kabalevsky T02,12,16,2.5,G4,67,ɑ,Bozeman tenor-mezzo midpoint (stand-in),0.417,close,E4,2.5,inside,0,-7,none,not assessed,short,repeated,0,no,2,middle,no,yes,no,
Kabalevsky T02,12,17,1,G#4,68,o,Bozeman tenor-mezzo midpoint (stand-in),0.417,close,C#4,7.5,inside,1,-6,none,not assessed,short,step,1,no,2,middle,no,yes,no,
Kabalevsky T02,12,17,1.5,G4,67,i,Bozeman tenor-mezzo midpoint (stand-in),0.417,above,E3,14.5,inside,0,-7,none,not assessed,short,step,-1,no,2,middle,no,yes,no,
Kabalevsky T02,12,17,2,G#4,68,o,Bozeman tenor-mezzo midpoint (stand-in),0.417,close,C#4,7.5,inside,1,-6,none,not assessed,short,step,1,no,2,middle,no,yes,no,
Kabalevsky T02,12,17,2.5,A#4,70,ɨ,derived from Bozeman tenor-mezzo (stand-in),0.417,crossing,A#3,12.11,inside,3,-4,none,not assessed,short,step,2,no,2,middle,no,no,no,crossing
Kabalevsky T02,12,18,1,C5,72,e,Bozeman tenor-mezzo midpoint (stand-in),1.25,close,D4,10.5,inside,5,-2,none,not assessed,short,step,2,no,2,middle,yes,no,no,highest of phrase
Kabalevsky T02,12,18,2.5,G4,67,i,Bozeman tenor-mezzo midpoint (stand-in),0.417,above,E3,14.5,inside,0,-7,none,not assessed,short,leap-down,-5,no,2,last,no,yes,no,
Kabalevsky T02,12,22,1.5,C5,72,ɑ,Bozeman tenor-mezzo midpoint (stand-in),0.417,close,E4,7.5,inside,5,-2,none,not assessed,short,leap-up,5,yes,3,first,yes,no,no,highest of phrase
Kabalevsky T02,12,22,2,C5,72,i,Bozeman tenor-mezzo midpoint (stand-in),0.417,above,E3,19.5,inside,5,-2,none,not assessed,short,repeated,0,no,3,middle,yes,no,no,highest of phrase
Kabalevsky T02,12,22,2.5,C5,72,i,Bozeman tenor-mezzo midpoint (stand-in),0.417,above,E3,19.5,inside,5,-2,none,not assessed,short,repeated,0,no,3,middle,yes,no,no,highest of phrase
Kabalevsky T02,12,23,1,C5,72,ɨ,derived from Bozeman tenor-mezzo (stand-in),1.25,above,A#3,14.11,inside,5,-2,none,not assessed,short,repeated,0,no,3,middle,yes,no,no,highest of phrase
Kabalevsky T02,12,23,2.5,C5,72,i,Bozeman tenor-mezzo midpoint (stand-in),0.417,above,E3,19.5,inside,5,-2,none,not assessed,short,repeated,0,no,3,middle,yes,no,no,highest of phrase
Kabalevsky T02,12,24,1,C5,72,u,Bozeman tenor-mezzo midpoint (stand-in),0.417,above,G3,17.5,inside,5,-2,none,not assessed,short,repeated,0,no,3,middle,yes,no,no,highest of phrase
Kabalevsky T02,12,24,1.5,A#4,70,ɑ,Bozeman tenor-mezzo midpoint (stand-in),0.417,close,E4,5.5,inside,3,-4,none,not assessed,short,step,-2,no,3,middle,no,no,no,
Kabalevsky T02,12,24,2,G#4,68,o,Bozeman tenor-mezzo midpoint (stand-in),0.417,close,C#4,7.5,inside,1,-6,none,not assessed,short,step,-2,no,3,middle,no,yes,no,
Kabalevsky T02,12,24,2.5,A#4,70,ɨ,derived from Bozeman tenor-mezzo (stand-in),0.417,crossing,A#3,12.11,inside,3,-4,none,not assessed,short,step,2,no,3,middle,no,no,no,crossing
Kabalevsky T02,12,25,1,G#4,68,ɑ,Bozeman tenor-mezzo midpoint (stand-in),1.667,close,E4,3.5,inside,1,-6,none,not assessed,short,step,-2,no,3,middle,no,yes,no,
Kabalevsky T02,12,26,1,G#4,68,ɑ,Bozeman tenor-mezzo midpoint (stand-in),0.417,close,E4,3.5,inside,1,-6,none,not assessed,short,tie,0,no,3,middle,no,yes,no,
Kabalevsky T02,12,26,1.5,G#4,68,i,Bozeman tenor-mezzo midpoint (stand-in),0.417,above,E3,15.5,inside,1,-6,none,not assessed,short,repeated,0,no,3,middle,no,yes,no,
Kabalevsky T02,12,26,2,G#4,68,u,Bozeman tenor-mezzo midpoint (stand-in),0.417,above,G3,13.5,inside,1,-6,none,not assessed,short,repeated,0,no,3,middle,no,yes,no,
Kabalevsky T02,12,26,2.5,G#4,68,i,Bozeman tenor-mezzo midpoint (stand-in),0.417,above,E3,15.5,inside,1,-6,none,not assessed,short,repeated,0,no,3,middle,no,yes,no,
Kabalevsky T02,12,27,1,G#4,68,ɛ,Bozeman tenor-mezzo midpoint (stand-in),1.25,close,D#4,5.5,inside,1,-6,none,not assessed,short,repeated,0,no,3,middle,no,yes,no,
Kabalevsky T02,12,27,2.5,A#4,70,ɑ,Bozeman tenor-mezzo midpoint (stand-in),0.417,close,E4,5.5,inside,3,-4,none,not assessed,short,step,2,no,3,middle,no,no,no,
Kabalevsky T02,12,28,1,G#4,68,o,Bozeman tenor-mezzo midpoint (stand-in),0.417,close,C#4,7.5,inside,1,-6,none,not assessed,short,step,-2,no,3,middle,no,yes,no,
Kabalevsky T02,12,28,1.5,D#4,63,ʌ,derived from Bozeman tenor-mezzo (stand-in),0.417,open,E4,-1.5,below primo,-4,-11,none,not assessed,short,leap-down,-5,no,3,middle,no,no,no,
Kabalevsky T02,12,28,2,F4,65,i,Bozeman tenor-mezzo midpoint (stand-in),0.417,above,E3,12.5,below primo,-2,-9,none,not assessed,short,step,2,no,3,middle,no,no,no,
Kabalevsky T02,12,28,2.5,F#4,66,i,Bozeman tenor-mezzo midpoint (stand-in),0.417,above,E3,13.5,below primo,-1,-8,none,not assessed,short,step,1,no,3,middle,no,yes,no,
Kabalevsky T02,12,29,1,G#4,68,i,Bozeman tenor-mezzo midpoint (stand-in),1.25,above,E3,15.5,inside,1,-6,none,not assessed,short,step,2,no,3,middle,no,yes,no,
Kabalevsky T02,12,29,2.5,G#4,68,ɑ,Bozeman tenor-mezzo midpoint (stand-in),0.417,close,E4,3.5,inside,1,-6,none,not assessed,short,repeated,0,no,3,last,no,yes,no,
Kabalevsky T02,12,30,1.5,G#4,68,i,Bozeman tenor-mezzo midpoint (stand-in),0.417,above,E3,15.5,inside,1,-6,none,not assessed,short,repeated,0,yes,4,first,no,yes,no,
Kabalevsky T02,12,30,2,G#4,68,ɪ,derived from Bozeman tenor-mezzo (stand-in),0.417,close,D4,5.96,inside,1,-6,none,not assessed,short,repeated,0,no,4,middle,no,yes,no,
Kabalevsky T02,12,30,2.5,G#4,68,ɨ,derived from Bozeman tenor-mezzo (stand-in),0.417,close,A#3,10.11,inside,1,-6,none,not assessed,short,repeated,0,no,4,middle,no,yes,no,
Kabalevsky T02,12,31,1,G#4,68,ɑ,Bozeman tenor-mezzo midpoint (stand-in),0.417,close,E4,3.5,inside,1,-6,none,not assessed,short,repeated,0,no,4,middle,no,yes,no,
Kabalevsky T02,12,31,1.5,F#4,66,ɑ,Bozeman tenor-mezzo midpoint (stand-in),0.417,close,E4,1.5,below primo,-1,-8,none,not assessed,short,step,-2,no,4,middle,no,yes,yes,turning pitch 0 to 2 st below
Kabalevsky T02,12,31,2,F4,65,u,Bozeman tenor-mezzo midpoint (stand-in),0.417,close,G3,10.5,below primo,-2,-9,none,not assessed,short,step,-1,no,4,middle,no,no,no,
Kabalevsky T02,12,31,2.5,F#4,66,ɑ,Bozeman tenor-mezzo midpoint (stand-in),0.417,close,E4,1.5,below primo,-1,-8,none,not assessed,short,step,1,no,4,middle,no,yes,yes,turning pitch 0 to 2 st below
Kabalevsky T02,12,32,1,A#4,70,o,Bozeman tenor-mezzo midpoint (stand-in),1.25,close,C#4,9.5,inside,3,-4,none,not assessed,short,leap-up,4,no,4,middle,yes,no,no,highest of phrase
Kabalevsky T02,12,32,2.5,F4,65,ɨ,derived from Bozeman tenor-mezzo (stand-in),0.417,close,A#3,7.11,below primo,-2,-9,none,not assessed,short,leap-down,-5,no,4,middle,no,no,no,
Kabalevsky T02,12,33,1,A#4,70,ɑ,Bozeman tenor-mezzo midpoint (stand-in),1.667,close,E4,5.5,inside,3,-4,none,not assessed,short,leap-up,5,no,4,middle,yes,no,no,highest of phrase
Kabalevsky T02,12,34,1,A#4,70,ɑ,Bozeman tenor-mezzo midpoint (stand-in),0.417,close,E4,5.5,inside,3,-4,none,not assessed,short,tie,0,no,4,middle,yes,no,no,highest of phrase
Kabalevsky T02,12,34,1.5,A#4,70,ɑ,Bozeman tenor-mezzo midpoint (stand-in),0.417,close,E4,5.5,inside,3,-4,none,not assessed,short,repeated,0,no,4,middle,yes,no,no,highest of phrase
Kabalevsky T02,12,34,2,F#4,66,i,Bozeman tenor-mezzo midpoint (stand-in),0.417,above,E3,13.5,below primo,-1,-8,none,not assessed,short,leap-down,-4,no,4,middle,no,yes,no,
Kabalevsky T02,12,34,2.5,D#4,63,u,Bozeman tenor-mezzo midpoint (stand-in),0.417,close,G3,8.5,below primo,-4,-11,none,not assessed,short,leap-down,-3,no,4,middle,no,no,no,
Kabalevsky T02,12,35,1,F#4,66,u,Bozeman tenor-mezzo midpoint (stand-in),1.667,close,G3,11.5,below primo,-1,-8,none,not assessed,short,leap-up,3,no,4,middle,no,yes,no,
Kabalevsky T02,12,36,1,F#4,66,u,Bozeman tenor-mezzo midpoint (stand-in),0.417,close,G3,11.5,below primo,-1,-8,none,not assessed,short,tie,0,no,4,middle,no,yes,no,
Kabalevsky T02,12,36,1.5,D#4,63,o,Bozeman tenor-mezzo midpoint (stand-in),0.417,close,C#4,2.5,below primo,-4,-11,none,not assessed,short,leap-down,-3,no,4,middle,no,no,no,
Kabalevsky T02,12,36,2,C#4,61,i,Bozeman tenor-mezzo midpoint (stand-in),0.417,close,E3,8.5,below primo,-6,-13,none,not assessed,short,step,-2,no,4,middle,no,no,no,
Kabalevsky T02,12,36,2.5,C4,60,ɪ,derived from Bozeman tenor-mezzo (stand-in),0.417,open,D4,-2.04,below primo,-7,-14,none,not assessed,short,step,-1,no,4,middle,no,no,no,
Kabalevsky T02,12,37,1,F4,65,o,Bozeman tenor-mezzo midpoint (stand-in),1.25,close,C#4,4.5,below primo,-2,-9,none,not assessed,short,leap-up,5,no,4,middle,no,no,no,
Kabalevsky T02,12,37,2.5,F4,65,u,Bozeman tenor-mezzo midpoint (stand-in),0.417,close,G3,10.5,below primo,-2,-9,none,not assessed,short,repeated,0,no,4,middle,no,no,no,
Kabalevsky T02,12,38,1,F4,65,i,Bozeman tenor-mezzo midpoint (stand-in),0.833,above,E3,12.5,below primo,-2,-9,none,not assessed,short,repeated,0,no,4,middle,no,no,no,
Kabalevsky T02,12,38,2,F4,65,ɑ,Bozeman tenor-mezzo midpoint (stand-in),0.833,close,E4,0.5,below primo,-2,-9,none,not assessed,short,repeated,0,no,4,last,no,no,no,turning pitch 0 to 2 st below
Kabalevsky T02,12,40,1.5,A#4,70,u,Bozeman tenor-mezzo midpoint (stand-in),0.417,above,G3,15.5,inside,3,-4,none,not assessed,short,leap-up,5,yes,5,first,no,no,no,
Kabalevsky T02,12,40,2,A#4,70,e,Bozeman tenor-mezzo midpoint (stand-in),0.417,close,D4,8.5,inside,3,-4,none,not assessed,short,repeated,0,no,5,middle,no,no,no,
Kabalevsky T02,12,40,2.5,A#4,70,ɨ,derived from Bozeman tenor-mezzo (stand-in),0.417,crossing,A#3,12.11,inside,3,-4,none,not assessed,short,repeated,0,no,5,middle,no,no,no,crossing
Kabalevsky T02,12,41,1,A#4,70,o,Bozeman tenor-mezzo midpoint (stand-in),1.25,close,C#4,9.5,inside,3,-4,none,not assessed,short,repeated,0,no,5,middle,no,no,no,
Kabalevsky T02,12,41,2.5,A#4,70,ʌ,derived from Bozeman tenor-mezzo (stand-in),0.417,close,E4,5.5,inside,3,-4,none,not assessed,short,repeated,0,no,5,middle,no,no,no,
Kabalevsky T02,12,42,1,A#4,70,ɪ,derived from Bozeman tenor-mezzo (stand-in),0.625,close,D4,7.96,inside,3,-4,none,not assessed,short,repeated,0,no,5,middle,no,no,no,
Kabalevsky T02,12,42,1.75,F#4,66,ɑ,Bozeman tenor-mezzo midpoint (stand-in),0.208,close,E4,1.5,below primo,-1,-8,none,not assessed,short,leap-down,-4,no,5,middle,no,yes,yes,turning pitch 0 to 2 st below
Kabalevsky T02,12,42,2,F#4,66,i,Bozeman tenor-mezzo midpoint (stand-in),0.417,above,E3,13.5,below primo,-1,-8,none,not assessed,short,repeated,0,no,5,middle,no,yes,no,
Kabalevsky T02,12,42,2.5,G#4,68,u,Bozeman tenor-mezzo midpoint (stand-in),0.417,above,G3,13.5,inside,1,-6,none,not assessed,short,step,2,no,5,middle,no,yes,no,
Kabalevsky T02,12,43,1,A#4,70,ɑ,Bozeman tenor-mezzo midpoint (stand-in),1.667,close,E4,5.5,inside,3,-4,none,not assessed,short,step,2,no,5,middle,no,no,no,
Kabalevsky T02,12,44,1,A#4,70,ɑ,Bozeman tenor-mezzo midpoint (stand-in),0.417,close,E4,5.5,inside,3,-4,none,not assessed,short,tie,0,no,5,middle,no,no,no,
Kabalevsky T02,12,44,1.5,A#4,70,ɑ,Bozeman tenor-mezzo midpoint (stand-in),0.417,close,E4,5.5,inside,3,-4,none,not assessed,short,repeated,0,no,5,middle,no,no,no,
Kabalevsky T02,12,44,2,A#4,70,ɛ,Bozeman tenor-mezzo midpoint (stand-in),0.417,close,D#4,7.5,inside,3,-4,none,not assessed,short,repeated,0,no,5,middle,no,no,no,
Kabalevsky T02,12,44,2.5,A#4,70,i,Bozeman tenor-mezzo midpoint (stand-in),0.417,above,E3,17.5,inside,3,-4,none,not assessed,short,repeated,0,no,5,middle,no,no,no,
Kabalevsky T02,12,45,1,C#5,73,ɑ,Bozeman tenor-mezzo midpoint (stand-in),0.625,close,E4,8.5,inside,6,-1,none,not assessed,short,leap-up,3,no,5,middle,yes,yes,yes,highest of phrase
Kabalevsky T02,12,45,1.75,A#4,70,i,Bozeman tenor-mezzo midpoint (stand-in),0.208,above,E3,17.5,inside,3,-4,none,not assessed,short,leap-down,-3,no,5,middle,no,no,no,
Kabalevsky T02,12,45,2,A#4,70,u,Bozeman tenor-mezzo midpoint (stand-in),0.833,above,G3,15.5,inside,3,-4,none,not assessed,short,repeated,0,no,5,middle,no,no,no,
Kabalevsky T02,12,46,1,A#4,70,u,Bozeman tenor-mezzo midpoint (stand-in),0.417,above,G3,15.5,inside,3,-4,none,not assessed,short,tie,0,no,5,middle,no,no,no,
Kabalevsky T02,12,46,1.5,A#4,70,i,Bozeman tenor-mezzo midpoint (stand-in),0.417,above,E3,17.5,inside,3,-4,none,not assessed,short,repeated,0,no,5,middle,no,no,no,
Kabalevsky T02,12,46,2,A#4,70,o,Bozeman tenor-mezzo midpoint (stand-in),0.417,close,C#4,9.5,inside,3,-4,none,not assessed,short,repeated,0,no,5,middle,no,no,no,
Kabalevsky T02,12,46,2.5,A#4,70,ɨ,derived from Bozeman tenor-mezzo (stand-in),0.417,crossing,A#3,12.11,inside,3,-4,none,not assessed,short,repeated,0,no,5,middle,no,no,no,crossing
Kabalevsky T02,12,47,1,G4,67,e,Bozeman tenor-mezzo midpoint (stand-in),0.833,close,D4,5.5,inside,0,-7,none,not assessed,short,leap-down,-3,no,5,middle,no,yes,no,
Kabalevsky T02,12,47,2,G4,67,ɑ,Bozeman tenor-mezzo midpoint (stand-in),0.417,close,E4,2.5,inside,0,-7,none,not assessed,short,repeated,0,no,5,last,no,yes,no,
Kabalevsky T02,12,47,2.5,G4,67,i,Bozeman tenor-mezzo midpoint (stand-in),0.417,above,E3,14.5,inside,0,-7,none,not assessed,short,repeated,0,no,6,first,no,yes,no,
Kabalevsky T02,12,48,1,G4,67,ɑ,Bozeman tenor-mezzo midpoint (stand-in),1.25,close,E4,2.5,inside,0,-7,none,not assessed,short,repeated,0,no,6,middle,no,yes,no,
Kabalevsky T02,12,48,2.5,D#4,63,ɨ,derived from Bozeman tenor-mezzo (stand-in),0.417,close,A#3,5.11,below primo,-4,-11,none,not assessed,short,leap-down,-4,no,6,middle,no,no,no,
Kabalevsky T02,12,49,1,F4,65,none resolved,not assessed,0.417,not assessed,not assessed,not assessed,below primo,-2,-9,not assessed,not assessed,short,step,2,no,6,middle,no,no,no,
Kabalevsky T02,12,49,1.5,D#4,63,i,Bozeman tenor-mezzo midpoint (stand-in),0.417,close,E3,10.5,below primo,-4,-11,none,not assessed,short,step,-2,no,6,middle,no,no,no,
Kabalevsky T02,12,49,2,F4,65,i,Bozeman tenor-mezzo midpoint (stand-in),0.417,above,E3,12.5,below primo,-2,-9,none,not assessed,short,step,2,no,6,middle,no,no,no,
Kabalevsky T02,12,49,2.5,G4,67,ɑ,Bozeman tenor-mezzo midpoint (stand-in),0.417,close,E4,2.5,inside,0,-7,none,not assessed,short,step,2,no,6,middle,no,yes,no,
Kabalevsky T02,12,50,1,D#5,75,ɛ,Bozeman tenor-mezzo midpoint (stand-in),1.667,crossing,D#4,12.5,above secondo,8,1,none,not assessed,held,leap-up,8,no,6,middle,yes,yes,yes,held; highest of phrase; crossing
Kabalevsky T02,12,51,1,D#5,75,ɛ,Bozeman tenor-mezzo midpoint (stand-in),1.25,crossing,D#4,12.5,above secondo,8,1,none,not assessed,held,tie,0,no,6,middle,yes,yes,yes,held; highest of phrase; crossing
Kabalevsky T02,12,51,2.5,G#4,68,ʌ,derived from Bozeman tenor-mezzo (stand-in),0.417,close,E4,3.5,inside,1,-6,none,not assessed,short,leap-down,-7,no,6,middle,no,yes,no,
Kabalevsky T02,12,52,1,B4,71,ɑ,Bozeman tenor-mezzo midpoint (stand-in),1.667,close,E4,6.5,inside,4,-3,none,not assessed,short,leap-up,3,no,6,middle,no,no,no,
Kabalevsky T02,12,53,1,B4,71,ɑ,Bozeman tenor-mezzo midpoint (stand-in),0.417,close,E4,6.5,inside,4,-3,none,not assessed,short,tie,0,no,6,last,no,no,no,
Kabalevsky T02,12,53,1.5,G#4,68,ɑ,Bozeman tenor-mezzo midpoint (stand-in),0.417,close,E4,3.5,inside,1,-6,none,not assessed,short,leap-down,-3,no,7,first,no,yes,no,
Kabalevsky T02,12,53,2,A#4,70,ɑ,Bozeman tenor-mezzo midpoint (stand-in),0.417,close,E4,5.5,inside,3,-4,none,not assessed,short,step,2,no,7,middle,no,no,no,
Kabalevsky T02,12,53,2.5,B4,71,i,Bozeman tenor-mezzo midpoint (stand-in),0.417,above,E3,18.5,inside,4,-3,none,not assessed,short,step,1,no,7,middle,no,no,no,
Kabalevsky T02,12,54,1,G#4,68,o,Bozeman tenor-mezzo midpoint (stand-in),1.25,close,C#4,7.5,inside,1,-6,none,not assessed,short,leap-down,-3,no,7,middle,no,yes,no,
Kabalevsky T02,12,54,2.5,G#4,68,ɨ,derived from Bozeman tenor-mezzo (stand-in),0.417,close,A#3,10.11,inside,1,-6,none,not assessed,short,repeated,0,no,7,middle,no,yes,no,
Kabalevsky T02,12,55,1,G#4,68,o,Bozeman tenor-mezzo midpoint (stand-in),0.417,close,C#4,7.5,inside,1,-6,none,not assessed,short,repeated,0,no,7,middle,no,yes,no,
Kabalevsky T02,12,55,1.5,G4,67,i,Bozeman tenor-mezzo midpoint (stand-in),0.417,above,E3,14.5,inside,0,-7,none,not assessed,short,step,-1,no,7,middle,no,yes,no,
Kabalevsky T02,12,55,2,G#4,68,ɛ,Bozeman tenor-mezzo midpoint (stand-in),0.417,close,D#4,5.5,inside,1,-6,none,not assessed,short,step,1,no,7,middle,no,yes,no,
Kabalevsky T02,12,55,2.5,A#4,70,ʌ,derived from Bozeman tenor-mezzo (stand-in),0.417,close,E4,5.5,inside,3,-4,none,not assessed,short,step,2,no,7,middle,no,no,no,
Kabalevsky T02,12,56,1,C5,72,e,Bozeman tenor-mezzo midpoint (stand-in),0.833,close,D4,10.5,inside,5,-2,none,not assessed,short,step,2,no,7,middle,yes,no,no,highest of phrase
Kabalevsky T02,12,56,2,C5,72,u,Bozeman tenor-mezzo midpoint (stand-in),0.833,above,G3,17.5,inside,5,-2,none,not assessed,short,repeated,0,no,7,last,yes,no,no,highest of phrase
Kabalevsky T02,12,61,1,C5,72,ɛ,Bozeman tenor-mezzo midpoint (stand-in),0.833,close,D#4,9.5,inside,5,-2,none,not assessed,short,repeated,0,yes,8,first,yes,no,no,highest of phrase
Kabalevsky T02,12,61,2,A#4,70,ʌ,derived from Bozeman tenor-mezzo (stand-in),0.417,close,E4,5.5,inside,3,-4,none,not assessed,short,step,-2,no,8,middle,no,no,no,
Kabalevsky T02,12,61,2.5,G#4,68,u,Bozeman tenor-mezzo midpoint (stand-in),0.417,above,G3,13.5,inside,1,-6,none,not assessed,short,step,-2,no,8,middle,no,yes,no,
Kabalevsky T02,12,62,1,G4,67,i,Bozeman tenor-mezzo midpoint (stand-in),1.25,above,E3,14.5,inside,0,-7,none,not assessed,short,step,-1,no,8,middle,no,yes,no,
Kabalevsky T02,12,62,2.5,F4,65,ɑ,Bozeman tenor-mezzo midpoint (stand-in),0.417,close,E4,0.5,below primo,-2,-9,none,not assessed,short,step,-2,no,8,middle,no,no,no,turning pitch 0 to 2 st below
Kabalevsky T02,12,63,1,E4,64,o,Bozeman tenor-mezzo midpoint (stand-in),0.417,close,C#4,3.5,below primo,-3,-10,none,not assessed,short,step,-1,no,8,middle,no,no,no,
Kabalevsky T02,12,63,1.5,F4,65,ɑ,Bozeman tenor-mezzo midpoint (stand-in),0.417,close,E4,0.5,below primo,-2,-9,none,not assessed,short,step,1,no,8,middle,no,no,no,turning pitch 0 to 2 st below
Kabalevsky T02,12,63,2,G4,67,ɪ,derived from Bozeman tenor-mezzo (stand-in),0.417,close,D4,4.96,inside,0,-7,none,not assessed,short,step,2,no,8,middle,no,yes,no,
Kabalevsky T02,12,63,2.5,C#4,61,ɑ,Bozeman tenor-mezzo midpoint (stand-in),0.417,open,E4,-3.5,below primo,-6,-13,none,not assessed,short,leap-down,-6,no,8,middle,no,no,no,
Kabalevsky T02,12,64,1,C4,60,i,Bozeman tenor-mezzo midpoint (stand-in),1.667,close,E3,7.5,below primo,-7,-14,none,not assessed,short,step,-1,no,8,middle,no,no,no,
Kabalevsky T02,12,65,1,C4,60,i,Bozeman tenor-mezzo midpoint (stand-in),0.417,close,E3,7.5,below primo,-7,-14,none,not assessed,short,tie,0,no,8,last,no,no,no,
Kabalevsky T02,12,66,1.5,C5,72,i,Bozeman tenor-mezzo midpoint (stand-in),0.417,above,E3,19.5,inside,5,-2,none,not assessed,short,leap-up,12,yes,9,first,no,no,no,
Kabalevsky T02,12,66,2,A#4,70,o,Bozeman tenor-mezzo midpoint (stand-in),0.417,close,C#4,9.5,inside,3,-4,none,not assessed,short,step,-2,no,9,middle,no,no,no,
Kabalevsky T02,12,66,2.5,G#4,68,i,Bozeman tenor-mezzo midpoint (stand-in),0.417,above,E3,15.5,inside,1,-6,none,not assessed,short,step,-2,no,9,middle,no,yes,no,
Kabalevsky T02,12,67,1,G4,67,o,Bozeman tenor-mezzo midpoint (stand-in),1.25,close,C#4,6.5,inside,0,-7,none,not assessed,short,step,-1,no,9,middle,no,yes,no,
Kabalevsky T02,12,67,2.5,F4,65,u,Bozeman tenor-mezzo midpoint (stand-in),0.417,close,G3,10.5,below primo,-2,-9,none,not assessed,short,step,-2,no,9,middle,no,no,no,
Kabalevsky T02,12,68,1,E4,64,ɑ,Bozeman tenor-mezzo midpoint (stand-in),0.417,open,E4,-0.5,below primo,-3,-10,none,not assessed,short,step,-1,no,9,middle,no,no,no,
Kabalevsky T02,12,68,1.5,F4,65,ɪ,derived from Bozeman tenor-mezzo (stand-in),0.417,close,D4,2.96,below primo,-2,-9,none,not assessed,short,step,1,no,9,middle,no,no,no,
Kabalevsky T02,12,68,2,G4,67,ɑ,Bozeman tenor-mezzo midpoint (stand-in),0.278,close,E4,2.5,inside,0,-7,none,not assessed,short,step,2,no,9,middle,no,yes,no,
Kabalevsky T02,12,68,2.333,A#4,70,ɑ,Bozeman tenor-mezzo midpoint (stand-in),0.278,close,E4,5.5,inside,3,-4,none,not assessed,short,leap-up,3,no,9,middle,no,no,no,
Kabalevsky T02,12,68,2.667,C#5,73,u,Bozeman tenor-mezzo midpoint (stand-in),0.278,above,G3,18.5,inside,6,-1,none,not assessed,short,leap-up,3,no,9,middle,yes,yes,yes,highest of phrase
Kabalevsky T02,12,69,1,C5,72,i,Bozeman tenor-mezzo midpoint (stand-in),1.667,above,E3,19.5,inside,5,-2,none,not assessed,held,step,-1,no,9,middle,no,no,no,held
Kabalevsky T02,12,70,1,C5,72,i,Bozeman tenor-mezzo midpoint (stand-in),0.833,above,E3,19.5,inside,5,-2,none,not assessed,held,tie,0,no,9,last,no,no,no,held
Kabalevsky T03,12,2,2.5,D#4,63,u,Bozeman tenor-mezzo midpoint (stand-in),0.577,close,G3,8.5,below primo,-4,-11,none,not assessed,short,first note,,,0,first,no,no,no,
Kabalevsky T03,12,3,1,D4,62,u,Bozeman tenor-mezzo midpoint (stand-in),1.731,close,G3,7.5,below primo,-5,-12,none,not assessed,short,step,-1,no,0,middle,no,no,no,
Kabalevsky T03,12,3,2.5,D#4,63,o,Bozeman tenor-mezzo midpoint (stand-in),0.577,close,C#4,2.5,below primo,-4,-11,none,not assessed,short,step,1,no,0,middle,no,no,no,
Kabalevsky T03,12,4,1,D4,62,ɛ,Bozeman tenor-mezzo midpoint (stand-in),0.577,open,D#4,-0.5,below primo,-5,-12,none,not assessed,short,step,-1,no,0,middle,no,no,no,
Kabalevsky T03,12,4,1.5,E4,64,ɨ,derived from Bozeman tenor-mezzo (stand-in),0.577,close,A#3,6.11,below primo,-3,-10,none,not assessed,short,step,2,no,0,middle,no,no,no,
Kabalevsky T03,12,4,2,F#4,66,ʌ,derived from Bozeman tenor-mezzo (stand-in),0.577,close,E4,1.5,below primo,-1,-8,none,not assessed,short,step,2,no,0,middle,no,yes,yes,turning pitch 0 to 2 st below
Kabalevsky T03,12,4,2.5,G4,67,ɑ,Bozeman tenor-mezzo midpoint (stand-in),0.577,close,E4,2.5,inside,0,-7,none,not assessed,short,step,1,no,0,middle,no,yes,no,
Kabalevsky T03,12,5,1,A#4,70,u,Bozeman tenor-mezzo midpoint (stand-in),0.865,above,G3,15.5,inside,3,-4,none,not assessed,short,leap-up,3,no,0,middle,yes,no,no,highest of phrase
Kabalevsky T03,12,5,1.75,A4,69,ɑ,Bozeman tenor-mezzo midpoint (stand-in),0.288,close,E4,4.5,inside,2,-5,none,not assessed,short,step,-1,no,0,middle,no,no,no,
Kabalevsky T03,12,5,2,G4,67,ɛ,Bozeman tenor-mezzo midpoint (stand-in),0.577,close,D#4,4.5,inside,0,-7,none,not assessed,short,step,-2,no,0,middle,no,yes,no,
Kabalevsky T03,12,5,2.5,D4,62,ʌ,derived from Bozeman tenor-mezzo (stand-in),0.577,open,E4,-2.5,below primo,-5,-12,none,not assessed,short,leap-down,-5,no,0,last,no,no,no,
Kabalevsky T03,12,6,1.5,D#4,63,u,Bozeman tenor-mezzo midpoint (stand-in),0.577,close,G3,8.5,below primo,-4,-11,none,not assessed,short,step,1,yes,1,first,no,no,no,
Kabalevsky T03,12,6,2,D4,62,u,Bozeman tenor-mezzo midpoint (stand-in),0.577,close,G3,7.5,below primo,-5,-12,none,not assessed,short,step,-1,no,1,middle,no,no,no,
Kabalevsky T03,12,6,2.5,D#4,63,ɛ,Bozeman tenor-mezzo midpoint (stand-in),0.577,close,D#4,0.5,below primo,-4,-11,none,not assessed,short,step,1,no,1,middle,no,no,no,turning pitch 0 to 2 st below
Kabalevsky T03,12,7,1,D4,62,e,Bozeman tenor-mezzo midpoint (stand-in),1.731,close,D4,0.5,below primo,-5,-12,none,not assessed,short,step,-1,no,1,middle,no,no,no,turning pitch 0 to 2 st below
Kabalevsky T03,12,7,2.5,E4,64,o,Bozeman tenor-mezzo midpoint (stand-in),0.577,close,C#4,3.5,below primo,-3,-10,none,not assessed,short,step,2,no,1,middle,no,no,no,
Kabalevsky T03,12,8,1,F#4,66,ɪ,derived from Bozeman tenor-mezzo (stand-in),0.577,close,D4,3.96,below primo,-1,-8,none,not assessed,short,step,2,no,1,middle,no,yes,no,
Kabalevsky T03,12,8,1.5,G4,67,ɪ,derived from Bozeman tenor-mezzo (stand-in),0.577,close,D4,4.96,inside,0,-7,none,not assessed,short,step,1,no,1,middle,no,yes,no,
Kabalevsky T03,12,8,2,A#4,70,o,Bozeman tenor-mezzo midpoint (stand-in),0.865,close,C#4,9.5,inside,3,-4,none,not assessed,short,leap-up,3,no,1,middle,yes,no,no,highest of phrase
Kabalevsky T03,12,8,2.75,A4,69,i,Bozeman tenor-mezzo midpoint (stand-in),0.288,above,E3,16.5,inside,2,-5,none,not assessed,short,step,-1,no,1,middle,no,no,no,
Kabalevsky T03,12,9,1,G4,67,ɑ,Bozeman tenor-mezzo midpoint (stand-in),2.308,close,E4,2.5,inside,0,-7,none,not assessed,held,step,-2,no,1,middle,no,yes,yes,held
Kabalevsky T03,12,10,1,G4,67,ɑ,Bozeman tenor-mezzo midpoint (stand-in),0.577,close,E4,2.5,inside,0,-7,none,not assessed,held,tie,0,no,1,last,no,yes,yes,held
Kabalevsky T03,12,10,2.5,G4,67,ɑ,Bozeman tenor-mezzo midpoint (stand-in),0.577,close,E4,2.5,inside,0,-7,none,not assessed,short,repeated,0,yes,2,first,no,yes,no,
Kabalevsky T03,12,11,1,G4,67,u,Bozeman tenor-mezzo midpoint (stand-in),0.577,crossing,G3,12.5,inside,0,-7,none,not assessed,short,repeated,0,no,2,middle,no,yes,yes,crossing
Kabalevsky T03,12,11,1.5,F4,65,ɪ,derived from Bozeman tenor-mezzo (stand-in),0.577,close,D4,2.96,below primo,-2,-9,none,not assessed,short,step,-2,no,2,middle,no,no,no,
Kabalevsky T03,12,11,2,G4,67,u,Bozeman tenor-mezzo midpoint (stand-in),0.577,crossing,G3,12.5,inside,0,-7,none,not assessed,short,step,2,no,2,middle,no,yes,yes,crossing
Kabalevsky T03,12,11,2.5,D#4,63,ʌ,derived from Bozeman tenor-mezzo (stand-in),0.577,open,E4,-1.5,below primo,-4,-11,none,not assessed,short,leap-down,-4,no,2,middle,no,no,no,
Kabalevsky T03,12,12,1,C4,60,o,Bozeman tenor-mezzo midpoint (stand-in),0.577,open,C#4,-0.5,below primo,-7,-14,none,not assessed,short,leap-down,-3,no,2,middle,no,no,no,
Kabalevsky T03,12,12,1.5,G4,67,o,Bozeman tenor-mezzo midpoint (stand-in),0.577,close,C#4,6.5,inside,0,-7,none,not assessed,short,leap-up,7,no,2,middle,no,yes,no,
Kabalevsky T03,12,12,2,A4,69,i,Bozeman tenor-mezzo midpoint (stand-in),0.577,above,E3,16.5,inside,2,-5,none,not assessed,short,step,2,no,2,middle,no,no,no,
Kabalevsky T03,12,12,2.5,A#4,70,ɪ,derived from Bozeman tenor-mezzo (stand-in),0.577,close,D4,7.96,inside,3,-4,none,not assessed,short,step,1,no,2,middle,no,no,no,
Kabalevsky T03,12,13,1,A#4,70,ɛ,Bozeman tenor-mezzo midpoint (stand-in),1.154,close,D#4,7.5,inside,3,-4,none,not assessed,short,repeated,0,no,2,middle,no,no,no,
Kabalevsky T03,12,13,2,G4,67,ʌ,derived from Bozeman tenor-mezzo (stand-in),0.577,close,E4,2.5,inside,0,-7,none,not assessed,short,leap-down,-3,no,2,middle,no,yes,no,
Kabalevsky T03,12,13,2.5,D#4,63,u,Bozeman tenor-mezzo midpoint (stand-in),0.577,close,G3,8.5,below primo,-4,-11,none,not assessed,short,leap-down,-4,no,2,middle,no,no,no,
Kabalevsky T03,12,14,1,D4,62,u,Bozeman tenor-mezzo midpoint (stand-in),0.577,close,G3,7.5,below primo,-5,-12,none,not assessed,short,step,-1,no,2,middle,no,no,no,
Kabalevsky T03,12,14,1.5,G4,67,u,Bozeman tenor-mezzo midpoint (stand-in),0.577,crossing,G3,12.5,inside,0,-7,none,not assessed,short,leap-up,5,no,2,middle,no,yes,yes,crossing
Kabalevsky T03,12,14,2,A4,69,ɨ,derived from Bozeman tenor-mezzo (stand-in),0.577,close,A#3,11.11,inside,2,-5,none,not assessed,short,step,2,no,2,middle,no,no,no,
Kabalevsky T03,12,14,2.5,A#4,70,ɑ,Bozeman tenor-mezzo midpoint (stand-in),0.577,close,E4,5.5,inside,3,-4,none,not assessed,short,step,1,no,2,middle,no,no,no,
Kabalevsky T03,12,15,1,D5,74,a,derived from Bozeman tenor-mezzo (stand-in),0.577,close,G4,7.08,inside,7,0,none,not assessed,short,leap-up,4,no,2,middle,yes,yes,yes,highest of phrase
Kabalevsky T03,12,15,1.5,C5,72,ɪ,derived from Bozeman tenor-mezzo (stand-in),0.577,close,D4,9.96,inside,5,-2,none,not assessed,short,step,-2,no,2,middle,no,no,no,
Kabalevsky T03,12,15,2,A#4,70,ʌ,derived from Bozeman tenor-mezzo (stand-in),0.577,close,E4,5.5,inside,3,-4,none,not assessed,short,step,-2,no,2,middle,no,no,no,
Kabalevsky T03,12,15,2.5,A4,69,ɑ,Bozeman tenor-mezzo midpoint (stand-in),0.577,close,E4,4.5,inside,2,-5,none,not assessed,short,step,-1,no,2,middle,no,no,no,
Kabalevsky T03,12,16,1,G4,67,ɑ,Bozeman tenor-mezzo midpoint (stand-in),2.308,close,E4,2.5,inside,0,-7,none,not assessed,held,step,-2,no,2,middle,no,yes,yes,held
Kabalevsky T03,12,17,1,G4,67,ɑ,Bozeman tenor-mezzo midpoint (stand-in),0.577,close,E4,2.5,inside,0,-7,none,not assessed,held,tie,0,no,2,last,no,yes,yes,held
Kabalevsky T03,12,18,1.25,F4,65,i,Bozeman tenor-mezzo midpoint (stand-in),0.288,above,E3,12.5,below primo,-2,-9,none,not assessed,short,step,-2,yes,3,first,no,no,no,
Kabalevsky T03,12,18,1.5,A#4,70,ɑ,Bozeman tenor-mezzo midpoint (stand-in),0.288,close,E4,5.5,inside,3,-4,none,not assessed,short,leap-up,5,no,3,middle,no,no,no,
Kabalevsky T03,12,18,1.75,D5,74,i,Bozeman tenor-mezzo midpoint (stand-in),0.288,above,E3,21.5,inside,7,0,none,not assessed,short,leap-up,4,no,3,middle,yes,yes,yes,highest of phrase
Kabalevsky T03,12,18,2,C5,72,ɑ,Bozeman tenor-mezzo midpoint (stand-in),0.577,close,E4,7.5,inside,5,-2,none,not assessed,short,step,-2,no,3,middle,no,no,no,
Kabalevsky T03,12,18,2.5,G4,67,ɑ,Bozeman tenor-mezzo midpoint (stand-in),0.577,close,E4,2.5,inside,0,-7,none,not assessed,short,leap-down,-5,no,3,middle,no,yes,no,
Kabalevsky T03,12,19,1,A#4,70,e,Bozeman tenor-mezzo midpoint (stand-in),0.577,close,D4,8.5,inside,3,-4,none,not assessed,short,leap-up,3,no,3,middle,no,no,no,
Kabalevsky T03,12,19,1.5,F4,65,i,Bozeman tenor-mezzo midpoint (stand-in),0.577,above,E3,12.5,below primo,-2,-9,none,not assessed,short,leap-down,-5,no,3,middle,no,no,no,
Kabalevsky T03,12,19,2,F#4,66,ɑ,Bozeman tenor-mezzo midpoint (stand-in),0.288,close,E4,1.5,below primo,-1,-8,none,not assessed,short,step,1,no,3,middle,no,yes,yes,turning pitch 0 to 2 st below
Kabalevsky T03,12,19,2.25,F4,65,ɑ,Bozeman tenor-mezzo midpoint (stand-in),0.288,close,E4,0.5,below primo,-2,-9,none,not assessed,short,step,-1,no,3,middle,no,no,no,turning pitch 0 to 2 st below
Kabalevsky T03,12,19,2.5,F#4,66,i,Bozeman tenor-mezzo midpoint (stand-in),0.288,above,E3,13.5,below primo,-1,-8,none,not assessed,short,step,1,no,3,middle,no,yes,no,
Kabalevsky T03,12,19,2.75,G#4,68,i,Bozeman tenor-mezzo midpoint (stand-in),0.288,above,E3,15.5,inside,1,-6,none,not assessed,short,step,2,no,3,middle,no,yes,no,
Kabalevsky T03,12,20,1,A#4,70,ɛ,Bozeman tenor-mezzo midpoint (stand-in),0.577,close,D#4,7.5,inside,3,-4,none,not assessed,short,step,2,no,3,middle,no,no,no,
Kabalevsky T03,12,20,1.5,F4,65,ʌ,derived from Bozeman tenor-mezzo (stand-in),0.577,close,E4,0.5,below primo,-2,-9,none,not assessed,short,leap-down,-5,no,3,last,no,no,no,turning pitch 0 to 2 st below
Kabalevsky T03,12,20,2.25,F4,65,ɑ,Bozeman tenor-mezzo midpoint (stand-in),0.288,close,E4,0.5,below primo,-2,-9,none,not assessed,short,repeated,0,yes,4,first,no,no,no,turning pitch 0 to 2 st below
Kabalevsky T03,12,20,2.5,A#4,70,ɑ,Bozeman tenor-mezzo midpoint (stand-in),0.288,close,E4,5.5,inside,3,-4,none,not assessed,short,leap-up,5,no,4,middle,no,no,no,
Kabalevsky T03,12,20,2.75,D5,74,u,Bozeman tenor-mezzo midpoint (stand-in),0.288,above,G3,19.5,inside,7,0,none,not assessed,short,leap-up,4,no,4,middle,yes,yes,yes,highest of phrase
Kabalevsky T03,12,21,1,C5,72,o,Bozeman tenor-mezzo midpoint (stand-in),0.865,close,C#4,11.5,inside,5,-2,none,not assessed,short,step,-2,no,4,middle,no,no,no,
Kabalevsky T03,12,21,1.75,G4,67,ɑ,Bozeman tenor-mezzo midpoint (stand-in),0.288,close,E4,2.5,inside,0,-7,none,not assessed,short,leap-down,-5,no,4,middle,no,yes,no,
Kabalevsky T03,12,21,2,A#4,70,ɑ,Bozeman tenor-mezzo midpoint (stand-in),0.577,close,E4,5.5,inside,3,-4,none,not assessed,short,leap-up,3,no,4,middle,no,no,no,
Kabalevsky T03,12,21,2.5,F4,65,ɨ,derived from Bozeman tenor-mezzo (stand-in),0.577,close,A#3,7.11,below primo,-2,-9,none,not assessed,short,leap-down,-5,no,4,middle,no,no,no,
Kabalevsky T03,12,22,1,F#4,66,ɑ,Bozeman tenor-mezzo midpoint (stand-in),0.288,close,E4,1.5,below primo,-1,-8,none,not assessed,short,step,1,no,4,middle,no,yes,yes,turning pitch 0 to 2 st below
Kabalevsky T03,12,22,1.25,F4,65,ɑ,Bozeman tenor-mezzo midpoint (stand-in),0.288,close,E4,0.5,below primo,-2,-9,none,not assessed,short,step,-1,no,4,middle,no,no,no,turning pitch 0 to 2 st below
Kabalevsky T03,12,22,1.5,F#4,66,ɪ,derived from Bozeman tenor-mezzo (stand-in),0.577,close,D4,3.96,below primo,-1,-8,none,not assessed,short,step,1,no,4,middle,no,yes,no,
Kabalevsky T03,12,22,2,F4,65,ɑ,Bozeman tenor-mezzo midpoint (stand-in),1.154,close,E4,0.5,below primo,-2,-9,none,not assessed,short,step,-1,no,4,middle,no,no,no,turning pitch 0 to 2 st below
Kabalevsky T03,12,23,1,F4,65,ɑ,Bozeman tenor-mezzo midpoint (stand-in),0.288,close,E4,0.5,below primo,-2,-9,none,not assessed,short,tie,0,no,4,middle,no,no,no,turning pitch 0 to 2 st below
Kabalevsky T03,12,23,1.25,E4,64,ɑ,Bozeman tenor-mezzo midpoint (stand-in),0.288,open,E4,-0.5,below primo,-3,-10,none,not assessed,short,step,-1,no,4,middle,no,no,no,
Kabalevsky T03,12,23,1.5,F4,65,ʌ,derived from Bozeman tenor-mezzo (stand-in),0.288,close,E4,0.5,below primo,-2,-9,none,not assessed,short,step,1,no,4,middle,no,no,no,turning pitch 0 to 2 st below
Kabalevsky T03,12,23,1.75,G4,67,ɑ,Bozeman tenor-mezzo midpoint (stand-in),0.288,close,E4,2.5,inside,0,-7,none,not assessed,short,step,2,no,4,middle,no,yes,no,
Kabalevsky T03,12,23,2,A4,69,e,Bozeman tenor-mezzo midpoint (stand-in),0.865,close,D4,7.5,inside,2,-5,none,not assessed,short,step,2,no,4,middle,no,no,no,
Kabalevsky T03,12,23,2.75,A#4,70,i,Bozeman tenor-mezzo midpoint (stand-in),0.288,above,E3,17.5,inside,3,-4,none,not assessed,short,step,1,no,4,middle,no,no,no,
Kabalevsky T03,12,24,1,A4,69,i,Bozeman tenor-mezzo midpoint (stand-in),0.865,above,E3,16.5,inside,2,-5,none,not assessed,short,step,-1,no,4,middle,no,no,no,
Kabalevsky T03,12,24,1.75,A#4,70,ɑ,Bozeman tenor-mezzo midpoint (stand-in),0.288,close,E4,5.5,inside,3,-4,none,not assessed,short,step,1,no,4,middle,no,no,no,
Kabalevsky T03,12,24,2,A4,69,o,Bozeman tenor-mezzo midpoint (stand-in),0.288,close,C#4,8.5,inside,2,-5,none,not assessed,short,step,-1,no,4,middle,no,no,no,
Kabalevsky T03,12,24,2.25,B4,71,ɨ,derived from Bozeman tenor-mezzo (stand-in),0.288,above,A#3,13.11,inside,4,-3,none,not assessed,short,step,2,no,4,middle,no,no,no,
Kabalevsky T03,12,24,2.5,C#5,73,ɑ,Bozeman tenor-mezzo midpoint (stand-in),0.288,close,E4,8.5,inside,6,-1,none,not assessed,short,step,2,no,4,middle,no,yes,no,
Kabalevsky T03,12,24,2.75,A4,69,ɪ,derived from Bozeman tenor-mezzo (stand-in),0.288,close,D4,6.96,inside,2,-5,none,not assessed,short,leap-down,-4,no,4,middle,no,no,no,
Kabalevsky T03,12,25,1,D5,74,o,Bozeman tenor-mezzo midpoint (stand-in),1.731,above,C#4,13.5,inside,7,0,none,not assessed,short,leap-up,5,no,4,middle,yes,yes,yes,highest of phrase
Kabalevsky T03,12,25,2.5,C5,72,o,Bozeman tenor-mezzo midpoint (stand-in),0.577,close,C#4,11.5,inside,5,-2,none,not assessed,short,step,-2,no,4,middle,no,no,no,
Kabalevsky T03,12,26,1,A#4,70,e,Bozeman tenor-mezzo midpoint (stand-in),0.288,close,D4,8.5,inside,3,-4,none,not assessed,short,step,-2,no,4,middle,no,no,no,
Kabalevsky T03,12,26,1.25,A4,69,u,Bozeman tenor-mezzo midpoint (stand-in),0.288,above,G3,14.5,inside,2,-5,none,not assessed,short,step,-1,no,4,middle,no,no,no,
Kabalevsky T03,12,26,1.5,A#4,70,ʌ,derived from Bozeman tenor-mezzo (stand-in),0.288,close,E4,5.5,inside,3,-4,none,not assessed,short,step,1,no,4,middle,no,no,no,
Kabalevsky T03,12,26,1.75,G4,67,ɨ,derived from Bozeman tenor-mezzo (stand-in),0.288,close,A#3,9.11,inside,0,-7,none,not assessed,short,leap-down,-3,no,4,middle,no,yes,no,
Kabalevsky T03,12,26,2,A4,69,ɑ,Bozeman tenor-mezzo midpoint (stand-in),0.865,close,E4,4.5,inside,2,-5,none,not assessed,short,step,2,no,4,middle,no,no,no,
Kabalevsky T03,12,26,2.75,A#4,70,ɪ,derived from Bozeman tenor-mezzo (stand-in),0.288,close,D4,7.96,inside,3,-4,none,not assessed,short,step,1,no,4,middle,no,no,no,
Kabalevsky T03,12,27,1,A4,69,ɛ,Bozeman tenor-mezzo midpoint (stand-in),0.577,close,D#4,6.5,inside,2,-5,none,not assessed,short,step,-1,no,4,middle,no,no,no,
Kabalevsky T03,12,27,1.5,E4,64,ʌ,derived from Bozeman tenor-mezzo (stand-in),0.577,open,E4,-0.5,below primo,-3,-10,none,not assessed,short,leap-down,-5,no,4,last,no,no,no,
Kabalevsky T03,12,30,1,A4,69,o,Bozeman tenor-mezzo midpoint (stand-in),0.577,close,C#4,8.5,inside,2,-5,none,not assessed,short,leap-up,5,yes,5,first,no,no,no,
Kabalevsky T03,12,30,1.5,A4,69,ɪ,derived from Bozeman tenor-mezzo (stand-in),0.288,close,D4,6.96,inside,2,-5,none,not assessed,short,repeated,0,no,5,middle,no,no,no,
Kabalevsky T03,12,30,1.75,A#4,70,i,Bozeman tenor-mezzo midpoint (stand-in),0.288,above,E3,17.5,inside,3,-4,none,not assessed,short,step,1,no,5,middle,yes,no,no,highest of phrase
Kabalevsky T03,12,30,2,A4,69,ɨ,derived from Bozeman tenor-mezzo (stand-in),0.865,close,A#3,11.11,inside,2,-5,none,not assessed,short,step,-1,no,5,middle,no,no,no,
Kabalevsky T03,12,30,2.75,A#4,70,none resolved,not assessed,0.288,not assessed,not assessed,not assessed,inside,3,-4,not assessed,not assessed,short,step,1,no,5,middle,yes,no,no,highest of phrase
Kabalevsky T03,12,31,1,A4,69,e,Bozeman tenor-mezzo midpoint (stand-in),0.288,close,D4,7.5,inside,2,-5,none,not assessed,short,step,-1,no,5,middle,no,no,no,
Kabalevsky T03,12,31,1.25,E4,64,i,Bozeman tenor-mezzo midpoint (stand-in),0.288,crossing,E3,11.5,below primo,-3,-10,none,not assessed,short,leap-down,-5,no,5,middle,no,no,no,crossing
Kabalevsky T03,12,31,1.5,F4,65,i,Bozeman tenor-mezzo midpoint (stand-in),0.288,above,E3,12.5,below primo,-2,-9,none,not assessed,short,step,1,no,5,middle,no,no,no,
Kabalevsky T03,12,31,1.75,G4,67,ɑ,Bozeman tenor-mezzo midpoint (stand-in),0.288,close,E4,2.5,inside,0,-7,none,not assessed,short,step,2,no,5,middle,no,yes,no,
Kabalevsky T03,12,31,2,A4,69,e,Bozeman tenor-mezzo midpoint (stand-in),1.154,close,D4,7.5,inside,2,-5,none,not assessed,short,step,2,no,5,middle,no,no,no,
Kabalevsky T03,12,32,1,A4,69,e,Bozeman tenor-mezzo midpoint (stand-in),0.288,close,D4,7.5,inside,2,-5,none,not assessed,short,tie,0,no,5,middle,no,no,no,
Kabalevsky T03,12,32,1.25,A4,69,ɑ,Bozeman tenor-mezzo midpoint (stand-in),0.288,close,E4,4.5,inside,2,-5,none,not assessed,short,repeated,0,no,5,middle,no,no,no,
Kabalevsky T03,12,32,1.5,A4,69,ɑ,Bozeman tenor-mezzo midpoint (stand-in),0.288,close,E4,4.5,inside,2,-5,none,not assessed,short,repeated,0,no,5,middle,no,no,no,
Kabalevsky T03,12,32,1.75,A#4,70,ɪ,derived from Bozeman tenor-mezzo (stand-in),0.288,close,D4,7.96,inside,3,-4,none,not assessed,short,step,1,no,5,middle,yes,no,no,highest of phrase
Kabalevsky T03,12,32,2,A4,69,o,Bozeman tenor-mezzo midpoint (stand-in),0.865,close,C#4,8.5,inside,2,-5,none,not assessed,short,step,-1,no,5,middle,no,no,no,
Kabalevsky T03,12,32,2.75,A#4,70,u,Bozeman tenor-mezzo midpoint (stand-in),0.288,above,G3,15.5,inside,3,-4,none,not assessed,short,step,1,no,5,middle,yes,no,no,highest of phrase
Kabalevsky T03,12,33,1,A4,69,o,Bozeman tenor-mezzo midpoint (stand-in),0.288,close,C#4,8.5,inside,2,-5,none,not assessed,short,step,-1,no,5,middle,no,no,no,
Kabalevsky T03,12,33,1.25,D4,62,u,Bozeman tenor-mezzo midpoint (stand-in),0.288,close,G3,7.5,below primo,-5,-12,none,not assessed,short,leap-down,-7,no,5,middle,no,no,no,
Kabalevsky T03,12,33,1.5,E4,64,i,Bozeman tenor-mezzo midpoint (stand-in),0.288,crossing,E3,11.5,below primo,-3,-10,none,not assessed,short,step,2,no,5,middle,no,no,no,crossing
Kabalevsky T03,12,33,1.75,F#4,66,i,Bozeman tenor-mezzo midpoint (stand-in),0.288,above,E3,13.5,below primo,-1,-8,none,not assessed,short,step,2,no,5,middle,no,yes,no,
Kabalevsky T03,12,33,2,G4,67,a,derived from Bozeman tenor-mezzo (stand-in),0.865,close,G4,0.08,inside,0,-7,none,not assessed,short,step,1,no,5,middle,no,yes,yes,turning pitch 0 to 2 st below
Kabalevsky T03,12,33,2.75,G4,67,ɑ,Bozeman tenor-mezzo midpoint (stand-in),0.288,close,E4,2.5,inside,0,-7,none,not assessed,short,repeated,0,no,5,last,no,yes,no,
Kabalevsky T03,12,34,2.75,G4,67,o,Bozeman tenor-mezzo midpoint (stand-in),0.288,close,C#4,6.5,inside,0,-7,none,not assessed,short,repeated,0,yes,6,first,no,yes,no,
Kabalevsky T03,12,35,1,C5,72,u,Bozeman tenor-mezzo midpoint (stand-in),0.288,above,G3,17.5,inside,5,-2,none,not assessed,short,leap-up,5,no,6,middle,yes,no,no,highest of phrase
Kabalevsky T03,12,35,1.25,C5,72,ɨ,derived from Bozeman tenor-mezzo (stand-in),0.288,above,A#3,14.11,inside,5,-2,none,not assessed,short,repeated,0,no,6,middle,yes,no,no,highest of phrase
Kabalevsky T03,12,35,1.5,C5,72,ʌ,derived from Bozeman tenor-mezzo (stand-in),0.288,close,E4,7.5,inside,5,-2,none,not assessed,short,repeated,0,no,6,middle,yes,no,no,highest of phrase
Kabalevsky T03,12,35,1.75,G4,67,u,Bozeman tenor-mezzo midpoint (stand-in),0.288,crossing,G3,12.5,inside,0,-7,none,not assessed,short,leap-down,-5,no,6,middle,no,yes,yes,crossing
Kabalevsky T03,12,35,2,C5,72,ɑ,Bozeman tenor-mezzo midpoint (stand-in),0.288,close,E4,7.5,inside,5,-2,none,not assessed,short,leap-up,5,no,6,middle,yes,no,no,highest of phrase
Kabalevsky T03,12,35,2.25,A#4,70,ɑ,Bozeman tenor-mezzo midpoint (stand-in),0.288,close,E4,5.5,inside,3,-4,none,not assessed,short,step,-2,no,6,middle,no,no,no,
Kabalevsky T03,12,35,2.5,A4,69,ɛ,Bozeman tenor-mezzo midpoint (stand-in),0.288,close,D#4,6.5,inside,2,-5,none,not assessed,short,step,-1,no,6,middle,no,no,no,
Kabalevsky T03,12,35,2.75,G4,67,ɪ,derived from Bozeman tenor-mezzo (stand-in),0.288,close,D4,4.96,inside,0,-7,none,not assessed,short,step,-2,no,6,middle,no,yes,no,
Kabalevsky T03,12,36,1,D4,62,e,Bozeman tenor-mezzo midpoint (stand-in),1.154,close,D4,0.5,below primo,-5,-12,none,not assessed,short,leap-down,-5,no,6,middle,no,no,no,turning pitch 0 to 2 st below
Kabalevsky T03,12,36,2,D4,62,e,Bozeman tenor-mezzo midpoint (stand-in),0.288,close,D4,0.5,below primo,-5,-12,none,not assessed,short,tie,0,no,6,middle,no,no,no,turning pitch 0 to 2 st below
Kabalevsky T03,12,36,2.25,D#4,63,ɑ,Bozeman tenor-mezzo midpoint (stand-in),0.288,open,E4,-1.5,below primo,-4,-11,none,not assessed,short,step,1,no,6,middle,no,no,no,
Kabalevsky T03,12,36,2.5,D4,62,ɨ,derived from Bozeman tenor-mezzo (stand-in),0.288,close,A#3,4.11,below primo,-5,-12,none,not assessed,short,step,-1,no,6,middle,no,no,no,
Kabalevsky T03,12,36,2.75,D#4,63,ʌ,derived from Bozeman tenor-mezzo (stand-in),0.288,open,E4,-1.5,below primo,-4,-11,none,not assessed,short,step,1,no,6,middle,no,no,no,
Kabalevsky T03,12,37,1,D4,62,ɑ,Bozeman tenor-mezzo midpoint (stand-in),0.865,open,E4,-2.5,below primo,-5,-12,none,not assessed,short,step,-1,no,6,middle,no,no,no,
Kabalevsky T03,12,37,1.75,E4,64,i,Bozeman tenor-mezzo midpoint (stand-in),0.288,crossing,E3,11.5,below primo,-3,-10,none,not assessed,short,step,2,no,6,middle,no,no,no,crossing
Kabalevsky T03,12,37,2,F#4,66,a,derived from Bozeman tenor-mezzo (stand-in),0.288,open,G4,-0.92,below primo,-1,-8,none,not assessed,short,step,2,no,6,middle,no,yes,no,
Kabalevsky T03,12,37,2.25,G4,67,ɪ,derived from Bozeman tenor-mezzo (stand-in),0.288,close,D4,4.96,inside,0,-7,none,not assessed,short,step,1,no,6,middle,no,yes,no,
Kabalevsky T03,12,37,2.5,A#4,70,ʌ,derived from Bozeman tenor-mezzo (stand-in),0.288,close,E4,5.5,inside,3,-4,none,not assessed,short,leap-up,3,no,6,middle,no,no,no,
Kabalevsky T03,12,37,2.75,A4,69,ɑ,Bozeman tenor-mezzo midpoint (stand-in),0.288,close,E4,4.5,inside,2,-5,none,not assessed,short,step,-1,no,6,middle,no,no,no,
Kabalevsky T03,12,38,1,G4,67,a,derived from Bozeman tenor-mezzo (stand-in),0.865,close,G4,0.08,inside,0,-7,none,not assessed,short,step,-2,no,6,middle,no,yes,yes,turning pitch 0 to 2 st below
Kabalevsky T03,12,38,1.75,G4,67,ɪ,derived from Bozeman tenor-mezzo (stand-in),0.288,close,D4,4.96,inside,0,-7,none,not assessed,short,repeated,0,no,6,last,no,yes,no,
Kabalevsky T03,12,44,2.5,G4,67,i,Bozeman tenor-mezzo midpoint (stand-in),0.577,above,E3,14.5,inside,0,-7,none,not assessed,short,repeated,0,yes,7,first,no,yes,no,
Kabalevsky T03,12,45,1,G4,67,ɑ,Bozeman tenor-mezzo midpoint (stand-in),1.731,close,E4,2.5,inside,0,-7,none,not assessed,short,repeated,0,no,7,middle,no,yes,no,
Kabalevsky T03,12,45,2.5,F4,65,u,Bozeman tenor-mezzo midpoint (stand-in),0.577,close,G3,10.5,below primo,-2,-9,none,not assessed,short,step,-2,no,7,middle,no,no,no,
Kabalevsky T03,12,46,1,G4,67,o,Bozeman tenor-mezzo midpoint (stand-in),1.731,close,C#4,6.5,inside,0,-7,none,not assessed,short,step,2,no,7,middle,no,yes,no,
Kabalevsky T03,12,46,2.5,D#4,63,ɑ,Bozeman tenor-mezzo midpoint (stand-in),0.577,open,E4,-1.5,below primo,-4,-11,none,not assessed,short,leap-down,-4,no,7,middle,no,no,no,
Kabalevsky T03,12,47,1,C4,60,o,Bozeman tenor-mezzo midpoint (stand-in),0.577,open,C#4,-0.5,below primo,-7,-14,none,not assessed,short,leap-down,-3,no,7,middle,no,no,no,
Kabalevsky T03,12,47,1.5,D#4,63,ʌ,derived from Bozeman tenor-mezzo (stand-in),0.577,open,E4,-1.5,below primo,-4,-11,none,not assessed,short,leap-up,3,no,7,middle,no,no,no,
Kabalevsky T03,12,47,2,G4,67,ʌ,derived from Bozeman tenor-mezzo (stand-in),0.577,close,E4,2.5,inside,0,-7,none,not assessed,short,leap-up,4,no,7,middle,no,yes,no,
Kabalevsky T03,12,47,2.5,A4,69,ɑ,Bozeman tenor-mezzo midpoint (stand-in),0.577,close,E4,4.5,inside,2,-5,none,not assessed,short,step,2,no,7,middle,no,no,no,
Kabalevsky T03,12,48,1,A#4,70,u,Bozeman tenor-mezzo midpoint (stand-in),1.154,above,G3,15.5,inside,3,-4,none,not assessed,short,step,1,no,7,middle,yes,no,no,highest of phrase
Kabalevsky T03,12,48,2,A#4,70,u,Bozeman tenor-mezzo midpoint (stand-in),0.288,above,G3,15.5,inside,3,-4,none,not assessed,short,tie,0,no,7,last,yes,no,no,highest of phrase
Kabalevsky T03,12,48,2.25,G4,67,ɑ,Bozeman tenor-mezzo midpoint (stand-in),0.288,close,E4,2.5,inside,0,-7,none,not assessed,short,leap-down,-3,no,8,first,no,yes,no,
Kabalevsky T03,12,48,2.5,D#4,63,o,Bozeman tenor-mezzo midpoint (stand-in),0.288,close,C#4,2.5,below primo,-4,-11,none,not assessed,short,leap-down,-4,no,8,middle,no,no,no,
Kabalevsky T03,12,48,2.75,G4,67,ɑ,Bozeman tenor-mezzo midpoint (stand-in),0.288,close,E4,2.5,inside,0,-7,none,not assessed,short,leap-up,4,no,8,middle,no,yes,no,
Kabalevsky T03,12,49,1,D4,62,ɛ,Bozeman tenor-mezzo midpoint (stand-in),0.577,open,D#4,-0.5,below primo,-5,-12,none,not assessed,short,leap-down,-5,no,8,middle,no,no,no,
Kabalevsky T03,12,49,1.5,A#4,70,ɛ,Bozeman tenor-mezzo midpoint (stand-in),1.154,close,D#4,7.5,inside,3,-4,none,not assessed,short,leap-up,8,no,8,last,yes,no,no,highest of phrase
Kabalevsky T03,12,49,2.5,A#4,70,i,Bozeman tenor-mezzo midpoint (stand-in),0.577,above,E3,17.5,inside,3,-4,none,not assessed,short,repeated,0,no,9,first,no,no,no,
Kabalevsky T03,12,50,1,D5,74,o,Bozeman tenor-mezzo midpoint (stand-in),0.577,above,C#4,13.5,inside,7,0,none,not assessed,short,leap-up,4,no,9,middle,yes,yes,yes,highest of phrase
Kabalevsky T03,12,50,1.5,C5,72,ɨ,derived from Bozeman tenor-mezzo (stand-in),0.577,above,A#3,14.11,inside,5,-2,none,not assessed,short,step,-2,no,9,middle,no,no,no,
Kabalevsky T03,12,50,2,A#4,70,ɪ,derived from Bozeman tenor-mezzo (stand-in),0.577,close,D4,7.96,inside,3,-4,none,not assessed,short,step,-2,no,9,middle,no,no,no,
Kabalevsky T03,12,50,2.5,A4,69,ɑ,Bozeman tenor-mezzo midpoint (stand-in),0.577,close,E4,4.5,inside,2,-5,none,not assessed,short,step,-1,no,9,middle,no,no,no,
Kabalevsky T03,12,51,1,G4,67,u,Bozeman tenor-mezzo midpoint (stand-in),2.308,crossing,G3,12.5,inside,0,-7,none,not assessed,held,step,-2,no,9,middle,no,yes,yes,held; crossing
Kabalevsky T03,12,52,1,G4,67,u,Bozeman tenor-mezzo midpoint (stand-in),0.577,crossing,G3,12.5,inside,0,-7,none,not assessed,held,tie,0,no,9,last,no,yes,yes,held; crossing
Kabalevsky T04,12,4,3.5,C4,60,ɑ,Bozeman tenor-mezzo midpoint (stand-in),0.6,open,E4,-4.5,below primo,-7,-14,none,not assessed,short,first note,,,0,first,no,no,no,
Kabalevsky T04,12,4,4,D4,62,ɑ,Bozeman tenor-mezzo midpoint (stand-in),0.6,open,E4,-2.5,below primo,-5,-12,none,not assessed,short,step,2,no,0,middle,no,no,no,
Kabalevsky T04,12,4,4.5,G4,67,ɑ,Bozeman tenor-mezzo midpoint (stand-in),0.6,close,E4,2.5,inside,0,-7,none,not assessed,short,leap-up,5,no,0,middle,no,yes,no,
Kabalevsky T04,12,5,1,D#4,63,u,Bozeman tenor-mezzo midpoint (stand-in),1.8,close,G3,8.5,below primo,-4,-11,none,not assessed,short,leap-down,-4,no,0,middle,no,no,no,
Kabalevsky T04,12,5,2.5,D4,62,ɪ,derived from Bozeman tenor-mezzo (stand-in),0.6,open,D4,-0.04,below primo,-5,-12,none,not assessed,short,step,-1,no,0,middle,no,no,no,
Kabalevsky T04,12,5,3,D#4,63,o,Bozeman tenor-mezzo midpoint (stand-in),0.6,close,C#4,2.5,below primo,-4,-11,none,not assessed,short,step,1,no,0,middle,no,no,no,
Kabalevsky T04,12,5,3.5,C4,60,ɨ,derived from Bozeman tenor-mezzo (stand-in),0.6,close,A#3,2.11,below primo,-7,-14,none,not assessed,short,leap-down,-3,no,0,middle,no,no,no,
Kabalevsky T04,12,5,4,F4,65,ɑ,Bozeman tenor-mezzo midpoint (stand-in),0.6,close,E4,0.5,below primo,-2,-9,none,not assessed,short,leap-up,5,no,0,middle,no,no,no,turning pitch 0 to 2 st below
Kabalevsky T04,12,5,4.5,D4,62,ɨ,derived from Bozeman tenor-mezzo (stand-in),0.6,close,A#3,4.11,below primo,-5,-12,none,not assessed,short,leap-down,-3,no,0,middle,no,no,no,
Kabalevsky T04,12,6,1,G4,67,u,Bozeman tenor-mezzo midpoint (stand-in),2.4,crossing,G3,12.5,inside,0,-7,none,not assessed,held,leap-up,5,no,0,middle,no,yes,yes,held; crossing
Kabalevsky T04,12,6,3,G4,67,u,Bozeman tenor-mezzo midpoint (stand-in),0.6,crossing,G3,12.5,inside,0,-7,none,not assessed,held,tie,0,no,0,middle,no,yes,yes,held; crossing
Kabalevsky T04,12,6,3.5,F4,65,ɑ,Bozeman tenor-mezzo midpoint (stand-in),0.6,close,E4,0.5,below primo,-2,-9,none,not assessed,short,step,-2,no,0,middle,no,no,no,turning pitch 0 to 2 st below
Kabalevsky T04,12,6,4,G4,67,ɨ,derived from Bozeman tenor-mezzo (stand-in),0.6,close,A#3,9.11,inside,0,-7,none,not assessed,short,step,2,no,0,middle,no,yes,no,
Kabalevsky T04,12,6,4.5,G#4,68,ɨ,derived from Bozeman tenor-mezzo (stand-in),0.6,close,A#3,10.11,inside,1,-6,none,not assessed,short,step,1,no,0,middle,no,yes,no,
Kabalevsky T04,12,7,1,A#4,70,ɑ,Bozeman tenor-mezzo midpoint (stand-in),0.6,close,E4,5.5,inside,3,-4,none,not assessed,short,step,2,no,0,middle,yes,no,no,highest of phrase
Kabalevsky T04,12,7,1.5,G4,67,u,Bozeman tenor-mezzo midpoint (stand-in),0.6,crossing,G3,12.5,inside,0,-7,none,not assessed,short,leap-down,-3,no,0,middle,no,yes,yes,crossing
Kabalevsky T04,12,7,2,F4,65,ʌ,derived from Bozeman tenor-mezzo (stand-in),0.6,close,E4,0.5,below primo,-2,-9,none,not assessed,short,step,-2,no,0,middle,no,no,no,turning pitch 0 to 2 st below
Kabalevsky T04,12,7,2.5,D#4,63,ɑ,Bozeman tenor-mezzo midpoint (stand-in),0.6,open,E4,-1.5,below primo,-4,-11,none,not assessed,short,step,-2,no,0,middle,no,no,no,
Kabalevsky T04,12,7,3,F4,65,ɑ,Bozeman tenor-mezzo midpoint (stand-in),1.8,close,E4,0.5,below primo,-2,-9,none,not assessed,short,step,2,no,0,middle,no,no,no,turning pitch 0 to 2 st below
Kabalevsky T04,12,7,4.5,D4,62,ɨ,derived from Bozeman tenor-mezzo (stand-in),0.6,close,A#3,4.11,below primo,-5,-12,none,not assessed,short,leap-down,-3,no,0,middle,no,no,no,
Kabalevsky T04,12,8,1,G4,67,o,Bozeman tenor-mezzo midpoint (stand-in),1.8,close,C#4,6.5,inside,0,-7,none,not assessed,short,leap-up,5,no,0,middle,no,yes,no,
Kabalevsky T04,12,8,2.5,G4,67,ʌ,derived from Bozeman tenor-mezzo (stand-in),0.6,close,E4,2.5,inside,0,-7,none,not assessed,short,repeated,0,no,0,last,no,yes,no,
Kabalevsky T04,12,8,3.5,G4,67,u,Bozeman tenor-mezzo midpoint (stand-in),0.6,crossing,G3,12.5,inside,0,-7,none,not assessed,short,repeated,0,yes,1,first,no,yes,yes,crossing
Kabalevsky T04,12,8,4,F4,65,ɑ,Bozeman tenor-mezzo midpoint (stand-in),0.6,close,E4,0.5,below primo,-2,-9,none,not assessed,short,step,-2,no,1,middle,no,no,no,turning pitch 0 to 2 st below
Kabalevsky T04,12,8,4.5,D#4,63,ɨ,derived from Bozeman tenor-mezzo (stand-in),0.6,close,A#3,5.11,below primo,-4,-11,none,not assessed,short,step,-2,no,1,middle,no,no,no,
Kabalevsky T04,12,9,1,F4,65,ɛ,Bozeman tenor-mezzo midpoint (stand-in),1.8,close,D#4,2.5,below primo,-2,-9,none,not assessed,short,step,2,no,1,middle,no,no,no,
Kabalevsky T04,12,9,2.5,D4,62,i,Bozeman tenor-mezzo midpoint (stand-in),0.6,close,E3,9.5,below primo,-5,-12,none,not assessed,short,leap-down,-3,no,1,middle,no,no,no,
Kabalevsky T04,12,9,3,D#4,63,o,Bozeman tenor-mezzo midpoint (stand-in),0.6,close,C#4,2.5,below primo,-4,-11,none,not assessed,short,step,1,no,1,middle,no,no,no,
Kabalevsky T04,12,9,3.5,D4,62,ɑ,Bozeman tenor-mezzo midpoint (stand-in),0.6,open,E4,-2.5,below primo,-5,-12,none,not assessed,short,step,-1,no,1,middle,no,no,no,
Kabalevsky T04,12,9,4,D#4,63,ɛ,Bozeman tenor-mezzo midpoint (stand-in),0.6,close,D#4,0.5,below primo,-4,-11,none,not assessed,short,step,1,no,1,middle,no,no,no,turning pitch 0 to 2 st below
Kabalevsky T04,12,9,4.5,F4,65,ɑ,Bozeman tenor-mezzo midpoint (stand-in),0.6,close,E4,0.5,below primo,-2,-9,none,not assessed,short,step,2,no,1,middle,no,no,no,turning pitch 0 to 2 st below
Kabalevsky T04,12,10,1,F#4,66,u,Bozeman tenor-mezzo midpoint (stand-in),0.6,close,G3,11.5,below primo,-1,-8,none,not assessed,short,step,1,no,1,middle,no,yes,no,
Kabalevsky T04,12,10,1.5,G4,67,i,Bozeman tenor-mezzo midpoint (stand-in),0.6,above,E3,14.5,inside,0,-7,none,not assessed,short,step,1,no,1,middle,no,yes,no,
Kabalevsky T04,12,10,2,C5,72,ɑ,Bozeman tenor-mezzo midpoint (stand-in),0.6,close,E4,7.5,inside,5,-2,none,not assessed,short,leap-up,5,no,1,middle,no,no,no,
Kabalevsky T04,12,10,2.5,D5,74,ʌ,derived from Bozeman tenor-mezzo (stand-in),0.6,close,E4,9.5,inside,7,0,none,not assessed,short,step,2,no,1,middle,no,yes,no,
Kabalevsky T04,12,10,3,D#5,75,o,Bozeman tenor-mezzo midpoint (stand-in),2.4,above,C#4,14.5,above secondo,8,1,none,not assessed,held,step,1,no,1,middle,yes,yes,yes,held; highest of phrase
Kabalevsky T04,12,11,1,D#5,75,o,Bozeman tenor-mezzo midpoint (stand-in),0.6,above,C#4,14.5,above secondo,8,1,none,not assessed,held,tie,0,no,1,middle,yes,yes,yes,held; highest of phrase
Kabalevsky T04,12,11,1.5,D5,74,u,Bozeman tenor-mezzo midpoint (stand-in),0.6,above,G3,19.5,inside,7,0,none,not assessed,short,step,-1,no,1,middle,no,yes,no,
Kabalevsky T04,12,11,2,C5,72,ɑ,Bozeman tenor-mezzo midpoint (stand-in),0.6,close,E4,7.5,inside,5,-2,none,not assessed,short,step,-2,no,1,middle,no,no,no,
Kabalevsky T04,12,11,2.5,B4,71,ɑ,Bozeman tenor-mezzo midpoint (stand-in),0.6,close,E4,6.5,inside,4,-3,none,not assessed,short,step,-1,no,1,middle,no,no,no,
Kabalevsky T04,12,11,3,C5,72,e,Bozeman tenor-mezzo midpoint (stand-in),1.8,close,D4,10.5,inside,5,-2,none,not assessed,short,step,1,no,1,middle,no,no,no,
Kabalevsky T04,12,11,4.5,G#4,68,u,Bozeman tenor-mezzo midpoint (stand-in),0.6,above,G3,13.5,inside,1,-6,none,not assessed,short,leap-down,-4,no,1,middle,no,yes,no,
Kabalevsky T04,12,12,1,D#4,63,o,Bozeman tenor-mezzo midpoint (stand-in),1.8,close,C#4,2.5,below primo,-4,-11,none,not assessed,short,leap-down,-5,no,1,middle,no,no,no,
Kabalevsky T04,12,12,2.5,G4,67,ɑ,Bozeman tenor-mezzo midpoint (stand-in),0.6,close,E4,2.5,inside,0,-7,none,not assessed,short,leap-up,4,no,1,last,no,yes,no,
Kabalevsky T04,12,13,3.5,C4,60,i,Bozeman tenor-mezzo midpoint (stand-in),0.6,close,E3,7.5,below primo,-7,-14,none,not assessed,short,leap-down,-7,yes,2,first,no,no,no,
Kabalevsky T04,12,13,4,D4,62,ɑ,Bozeman tenor-mezzo midpoint (stand-in),0.6,open,E4,-2.5,below primo,-5,-12,none,not assessed,short,step,2,no,2,middle,no,no,no,
Kabalevsky T04,12,13,4.5,G4,67,ɪ,derived from Bozeman tenor-mezzo (stand-in),0.6,close,D4,4.96,inside,0,-7,none,not assessed,short,leap-up,5,no,2,middle,no,yes,no,
Kabalevsky T04,12,14,1,D#4,63,ɑ,Bozeman tenor-mezzo midpoint (stand-in),0.6,open,E4,-1.5,below primo,-4,-11,none,not assessed,short,leap-down,-4,no,2,middle,no,no,no,
Kabalevsky T04,12,14,1.5,D4,62,ɨ,derived from Bozeman tenor-mezzo (stand-in),0.6,close,A#3,4.11,below primo,-5,-12,none,not assessed,short,step,-1,no,2,middle,no,no,no,
Kabalevsky T04,12,14,2,D#4,63,o,Bozeman tenor-mezzo midpoint (stand-in),1.8,close,C#4,2.5,below primo,-4,-11,none,not assessed,short,step,1,no,2,middle,no,no,no,
Kabalevsky T04,12,14,3.5,G4,67,ɑ,Bozeman tenor-mezzo midpoint (stand-in),0.6,close,E4,2.5,inside,0,-7,none,not assessed,short,leap-up,4,no,2,middle,no,yes,no,
Kabalevsky T04,12,15,1,G4,67,o,Bozeman tenor-mezzo midpoint (stand-in),0.6,close,C#4,6.5,inside,0,-7,none,not assessed,short,repeated,0,no,2,middle,no,yes,no,
Kabalevsky T04,12,15,1.5,F#4,66,ɨ,derived from Bozeman tenor-mezzo (stand-in),0.6,close,A#3,8.11,below primo,-1,-8,none,not assessed,short,step,-1,no,2,middle,no,yes,no,
Kabalevsky T04,12,15,2,F#4,66,u,Bozeman tenor-mezzo midpoint (stand-in),1.8,close,G3,11.5,below primo,-1,-8,none,not assessed,short,repeated,0,no,2,middle,no,yes,no,
Kabalevsky T04,12,15,3.5,A4,69,ɑ,Bozeman tenor-mezzo midpoint (stand-in),0.6,close,E4,4.5,inside,2,-5,none,not assessed,short,leap-up,3,no,2,middle,no,no,no,
Kabalevsky T04,12,16,1,A#4,70,ɛ,Bozeman tenor-mezzo midpoint (stand-in),0.6,close,D#4,7.5,inside,3,-4,none,not assessed,short,step,1,no,2,middle,no,no,no,
Kabalevsky T04,12,16,1.5,G4,67,ɑ,Bozeman tenor-mezzo midpoint (stand-in),0.6,close,E4,2.5,inside,0,-7,none,not assessed,short,leap-down,-3,no,2,middle,no,yes,no,
Kabalevsky T04,12,16,2,G#4,68,o,Bozeman tenor-mezzo midpoint (stand-in),0.6,close,C#4,7.5,inside,1,-6,none,not assessed,short,step,1,no,2,middle,no,yes,no,
Kabalevsky T04,12,16,2.5,A#4,70,ɑ,Bozeman tenor-mezzo midpoint (stand-in),0.6,close,E4,5.5,inside,3,-4,none,not assessed,short,step,2,no,2,middle,no,no,no,
Kabalevsky T04,12,16,3,C5,72,ɛ,Bozeman tenor-mezzo midpoint (stand-in),0.6,close,D#4,9.5,inside,5,-2,none,not assessed,short,step,2,no,2,middle,yes,no,no,highest of phrase
Kabalevsky T04,12,16,3.5,G4,67,ɑ,Bozeman tenor-mezzo midpoint (stand-in),0.6,close,E4,2.5,inside,0,-7,none,not assessed,short,leap-down,-5,no,2,middle,no,yes,no,
Kabalevsky T04,12,16,4,G#4,68,i,Bozeman tenor-mezzo midpoint (stand-in),0.6,above,E3,15.5,inside,1,-6,none,not assessed,short,step,1,no,2,middle,no,yes,no,
Kabalevsky T04,12,16,4.5,G4,67,ɑ,Bozeman tenor-mezzo midpoint (stand-in),0.6,close,E4,2.5,inside,0,-7,none,not assessed,short,step,-1,no,2,middle,no,yes,no,
Kabalevsky T04,12,17,1,G#4,68,i,Bozeman tenor-mezzo midpoint (stand-in),0.6,above,E3,15.5,inside,1,-6,none,not assessed,short,step,1,no,2,middle,no,yes,no,
Kabalevsky T04,12,17,1.5,F4,65,ɑ,Bozeman tenor-mezzo midpoint (stand-in),0.6,close,E4,0.5,below primo,-2,-9,none,not assessed,short,leap-down,-3,no,2,last,no,no,no,turning pitch 0 to 2 st below
Kabalevsky T04,12,17,2.5,G4,67,i,Bozeman tenor-mezzo midpoint (stand-in),0.6,above,E3,14.5,inside,0,-7,none,not assessed,short,step,2,yes,3,first,no,yes,no,
Kabalevsky T04,12,17,3,G#4,68,u,Bozeman tenor-mezzo midpoint (stand-in),1.8,above,G3,13.5,inside,1,-6,none,not assessed,short,step,1,no,3,middle,no,yes,no,
Kabalevsky T04,12,17,4.5,F4,65,u,Bozeman tenor-mezzo midpoint (stand-in),0.6,close,G3,10.5,below primo,-2,-9,none,not assessed,short,leap-down,-3,no,3,middle,no,no,no,
Kabalevsky T04,12,18,1,G4,67,o,Bozeman tenor-mezzo midpoint (stand-in),1.8,close,C#4,6.5,inside,0,-7,none,not assessed,short,step,2,no,3,middle,no,yes,no,
Kabalevsky T04,12,18,2.5,G4,67,ɑ,Bozeman tenor-mezzo midpoint (stand-in),0.6,close,E4,2.5,inside,0,-7,none,not assessed,short,repeated,0,no,3,middle,no,yes,no,
Kabalevsky T04,12,18,3,G#4,68,i,Bozeman tenor-mezzo midpoint (stand-in),0.6,above,E3,15.5,inside,1,-6,none,not assessed,short,step,1,no,3,middle,no,yes,no,
Kabalevsky T04,12,18,3.5,F4,65,u,Bozeman tenor-mezzo midpoint (stand-in),0.6,close,G3,10.5,below primo,-2,-9,none,not assessed,short,leap-down,-3,no,3,middle,no,no,no,
Kabalevsky T04,12,18,4,F4,65,u,Bozeman tenor-mezzo midpoint (stand-in),0.6,close,G3,10.5,below primo,-2,-9,none,not assessed,short,repeated,0,no,3,middle,no,no,no,
Kabalevsky T04,12,18,4.5,G#4,68,ɑ,Bozeman tenor-mezzo midpoint (stand-in),0.6,close,E4,3.5,inside,1,-6,none,not assessed,short,leap-up,3,no,3,middle,no,yes,no,
Kabalevsky T04,12,19,1,G4,67,u,Bozeman tenor-mezzo midpoint (stand-in),0.6,crossing,G3,12.5,inside,0,-7,none,not assessed,short,step,-1,no,3,middle,no,yes,yes,crossing
Kabalevsky T04,12,19,1.5,F#4,66,i,Bozeman tenor-mezzo midpoint (stand-in),0.6,above,E3,13.5,below primo,-1,-8,none,not assessed,short,step,-1,no,3,middle,no,yes,no,
Kabalevsky T04,12,19,2,G4,67,o,Bozeman tenor-mezzo midpoint (stand-in),0.6,close,C#4,6.5,inside,0,-7,none,not assessed,short,step,1,no,3,middle,no,yes,no,
Kabalevsky T04,12,19,2.5,A4,69,o,Bozeman tenor-mezzo midpoint (stand-in),0.6,close,C#4,8.5,inside,2,-5,none,not assessed,short,step,2,no,3,middle,no,no,no,
Kabalevsky T04,12,19,3,A#4,70,ɨ,derived from Bozeman tenor-mezzo (stand-in),0.6,crossing,A#3,12.11,inside,3,-4,none,not assessed,short,step,1,no,3,middle,yes,no,no,highest of phrase; crossing
Kabalevsky T04,12,19,3.5,G4,67,i,Bozeman tenor-mezzo midpoint (stand-in),0.6,above,E3,14.5,inside,0,-7,none,not assessed,short,leap-down,-3,no,3,middle,no,yes,no,
Kabalevsky T04,12,19,4,C#4,61,ɛ,Bozeman tenor-mezzo midpoint (stand-in),0.6,open,D#4,-1.5,below primo,-6,-13,none,not assessed,short,leap-down,-6,no,3,middle,no,no,no,
Kabalevsky T04,12,19,4.5,D4,62,ɑ,Bozeman tenor-mezzo midpoint (stand-in),0.6,open,E4,-2.5,below primo,-5,-12,none,not assessed,short,step,1,no,3,middle,no,no,no,
Kabalevsky T04,12,20,1,D#4,63,ɑ,Bozeman tenor-mezzo midpoint (stand-in),1.8,open,E4,-1.5,below primo,-4,-11,none,not assessed,short,step,1,no,3,middle,no,no,no,
Kabalevsky T04,12,20,2.5,G4,67,ʌ,derived from Bozeman tenor-mezzo (stand-in),0.6,close,E4,2.5,inside,0,-7,none,not assessed,short,leap-up,4,no,3,middle,no,yes,no,
Kabalevsky T04,12,20,3,F#4,66,i,Bozeman tenor-mezzo midpoint (stand-in),0.6,above,E3,13.5,below primo,-1,-8,none,not assessed,short,step,-1,no,3,middle,no,yes,no,
Kabalevsky T04,12,20,3.5,D4,62,ʌ,derived from Bozeman tenor-mezzo (stand-in),0.6,open,E4,-2.5,below primo,-5,-12,none,not assessed,short,leap-down,-4,no,3,last,no,no,no,
Kabalevsky T04,12,21,1.5,D4,62,ɪ,derived from Bozeman tenor-mezzo (stand-in),0.6,open,D4,-0.04,below primo,-5,-12,none,not assessed,short,repeated,0,yes,4,first,no,no,no,
Kabalevsky T04,12,21,2,D4,62,u,Bozeman tenor-mezzo midpoint (stand-in),0.6,close,G3,7.5,below primo,-5,-12,none,not assessed,short,repeated,0,no,4,middle,no,no,no,
Kabalevsky T04,12,21,2.5,D4,62,ɑ,Bozeman tenor-mezzo midpoint (stand-in),0.6,open,E4,-2.5,below primo,-5,-12,none,not assessed,short,repeated,0,no,4,middle,no,no,no,
Kabalevsky T04,12,21,3,D4,62,o,Bozeman tenor-mezzo midpoint (stand-in),1.8,close,C#4,1.5,below primo,-5,-12,none,not assessed,short,repeated,0,no,4,middle,no,no,no,turning pitch 0 to 2 st below
Kabalevsky T04,12,21,4.5,D4,62,ɑ,Bozeman tenor-mezzo midpoint (stand-in),0.6,open,E4,-2.5,below primo,-5,-12,none,not assessed,short,repeated,0,no,4,middle,no,no,no,
Kabalevsky T04,12,22,1,D4,62,e,Bozeman tenor-mezzo midpoint (stand-in),0.6,close,D4,0.5,below primo,-5,-12,none,not assessed,short,repeated,0,no,4,middle,no,no,no,turning pitch 0 to 2 st below
Kabalevsky T04,12,22,1.5,D4,62,ɑ,Bozeman tenor-mezzo midpoint (stand-in),0.6,open,E4,-2.5,below primo,-5,-12,none,not assessed,short,repeated,0,no,4,middle,no,no,no,
Kabalevsky T04,12,22,2,D4,62,ʌ,derived from Bozeman tenor-mezzo (stand-in),0.6,open,E4,-2.5,below primo,-5,-12,none,not assessed,short,repeated,0,no,4,middle,no,no,no,
Kabalevsky T04,12,22,2.5,F4,65,u,Bozeman tenor-mezzo midpoint (stand-in),0.6,close,G3,10.5,below primo,-2,-9,none,not assessed,short,leap-up,3,no,4,middle,yes,no,no,highest of phrase
Kabalevsky T04,12,22,3,D4,62,o,Bozeman tenor-mezzo midpoint (stand-in),2.4,close,C#4,1.5,below primo,-5,-12,none,not assessed,short,leap-down,-3,no,4,last,no,no,no,turning pitch 0 to 2 st below
Kabalevsky T04,12,23,1.5,D4,62,i,Bozeman tenor-mezzo midpoint (stand-in),0.6,close,E3,9.5,below primo,-5,-12,none,not assessed,short,repeated,0,yes,5,first,no,no,no,
Kabalevsky T04,12,23,2,D4,62,u,Bozeman tenor-mezzo midpoint (stand-in),0.6,close,G3,7.5,below primo,-5,-12,none,not assessed,short,repeated,0,no,5,middle,no,no,no,
Kabalevsky T04,12,23,2.5,D4,62,ɑ,Bozeman tenor-mezzo midpoint (stand-in),0.6,open,E4,-2.5,below primo,-5,-12,none,not assessed,short,repeated,0,no,5,middle,no,no,no,
Kabalevsky T04,12,23,3,D#4,63,ɑ,Bozeman tenor-mezzo midpoint (stand-in),1.2,open,E4,-1.5,below primo,-4,-11,none,not assessed,short,step,1,no,5,middle,no,no,no,
Kabalevsky T04,12,23,4,D4,62,u,Bozeman tenor-mezzo midpoint (stand-in),1.2,close,G3,7.5,below primo,-5,-12,none,not assessed,short,step,-1,no,5,middle,no,no,no,
Kabalevsky T04,12,24,1,F#4,66,o,Bozeman tenor-mezzo midpoint (stand-in),0.6,close,C#4,5.5,below primo,-1,-8,none,not assessed,short,leap-up,4,no,5,middle,no,yes,no,
Kabalevsky T04,12,24,1.5,D4,62,ɑ,Bozeman tenor-mezzo midpoint (stand-in),0.6,open,E4,-2.5,below primo,-5,-12,none,not assessed,short,leap-down,-4,no,5,middle,no,no,no,
Kabalevsky T04,12,24,2,D4,62,e,Bozeman tenor-mezzo midpoint (stand-in),0.6,close,D4,0.5,below primo,-5,-12,none,not assessed,short,repeated,0,no,5,middle,no,no,no,turning pitch 0 to 2 st below
Kabalevsky T04,12,24,2.5,D4,62,ɪ,derived from Bozeman tenor-mezzo (stand-in),0.6,open,D4,-0.04,below primo,-5,-12,none,not assessed,short,repeated,0,no,5,middle,no,no,no,
Kabalevsky T04,12,24,3,A#4,70,ɑ,Bozeman tenor-mezzo midpoint (stand-in),1.2,close,E4,5.5,inside,3,-4,none,not assessed,short,leap-up,8,no,5,middle,yes,no,no,highest of phrase
Kabalevsky T04,12,24,4,G4,67,ʌ,derived from Bozeman tenor-mezzo (stand-in),0.6,close,E4,2.5,inside,0,-7,none,not assessed,short,leap-down,-3,no,5,last,no,yes,no,
Kabalevsky T04,12,24,4.5,G4,67,i,Bozeman tenor-mezzo midpoint (stand-in),0.6,above,E3,14.5,inside,0,-7,none,not assessed,short,repeated,0,no,6,first,no,yes,no,
Kabalevsky T04,12,25,1,G4,67,o,Bozeman tenor-mezzo midpoint (stand-in),1.8,close,C#4,6.5,inside,0,-7,none,not assessed,short,repeated,0,no,6,middle,no,yes,no,
Kabalevsky T04,12,25,2.5,A4,69,ɑ,Bozeman tenor-mezzo midpoint (stand-in),0.6,close,E4,4.5,inside,2,-5,none,not assessed,short,step,2,no,6,middle,no,no,no,
Kabalevsky T04,12,25,3,A#4,70,u,Bozeman tenor-mezzo midpoint (stand-in),0.6,above,G3,15.5,inside,3,-4,none,not assessed,short,step,1,no,6,middle,no,no,no,
Kabalevsky T04,12,25,3.5,G4,67,ɑ,Bozeman tenor-mezzo midpoint (stand-in),0.6,close,E4,2.5,inside,0,-7,none,not assessed,short,leap-down,-3,no,6,middle,no,yes,no,
Kabalevsky T04,12,25,4,G4,67,ɑ,Bozeman tenor-mezzo midpoint (stand-in),0.6,close,E4,2.5,inside,0,-7,none,not assessed,short,repeated,0,no,6,middle,no,yes,no,
Kabalevsky T04,12,25,4.5,G4,67,o,Bozeman tenor-mezzo midpoint (stand-in),0.6,close,C#4,6.5,inside,0,-7,none,not assessed,short,repeated,0,no,6,middle,no,yes,no,
Kabalevsky T04,12,26,1,C5,72,ʌ,derived from Bozeman tenor-mezzo (stand-in),1.8,close,E4,7.5,inside,5,-2,none,not assessed,short,leap-up,5,no,6,middle,no,no,no,
Kabalevsky T04,12,26,2.5,A4,69,ɨ,derived from Bozeman tenor-mezzo (stand-in),0.6,close,A#3,11.11,inside,2,-5,none,not assessed,short,leap-down,-3,no,6,middle,no,no,no,
Kabalevsky T04,12,26,3,A#4,70,o,Bozeman tenor-mezzo midpoint (stand-in),1.8,close,C#4,9.5,inside,3,-4,none,not assessed,short,step,1,no,6,middle,no,no,no,
Kabalevsky T04,12,26,4.5,G4,67,ɑ,Bozeman tenor-mezzo midpoint (stand-in),0.6,close,E4,2.5,inside,0,-7,none,not assessed,short,leap-down,-3,no,6,middle,no,yes,no,
Kabalevsky T04,12,27,1,F#4,66,ʌ,derived from Bozeman tenor-mezzo (stand-in),0.6,close,E4,1.5,below primo,-1,-8,none,not assessed,short,step,-1,no,6,middle,no,yes,yes,turning pitch 0 to 2 st below
Kabalevsky T04,12,27,1.5,D4,62,ɑ,Bozeman tenor-mezzo midpoint (stand-in),0.6,open,E4,-2.5,below primo,-5,-12,none,not assessed,short,leap-down,-4,no,6,middle,no,no,no,
Kabalevsky T04,12,27,2,F#4,66,o,Bozeman tenor-mezzo midpoint (stand-in),0.6,close,C#4,5.5,below primo,-1,-8,none,not assessed,short,leap-up,4,no,6,middle,no,yes,no,
Kabalevsky T04,12,27,2.5,A4,69,ɑ,Bozeman tenor-mezzo midpoint (stand-in),0.6,close,E4,4.5,inside,2,-5,none,not assessed,short,leap-up,3,no,6,middle,no,no,no,
Kabalevsky T04,12,27,3,G4,67,i,Bozeman tenor-mezzo midpoint (stand-in),0.6,above,E3,14.5,inside,0,-7,none,not assessed,short,step,-2,no,6,middle,no,yes,no,
Kabalevsky T04,12,27,3.5,A4,69,u,Bozeman tenor-mezzo midpoint (stand-in),0.6,above,G3,14.5,inside,2,-5,none,not assessed,short,step,2,no,6,middle,no,no,no,
Kabalevsky T04,12,27,4,A#4,70,ɛ,Bozeman tenor-mezzo midpoint (stand-in),0.6,close,D#4,7.5,inside,3,-4,none,not assessed,short,step,1,no,6,middle,no,no,no,
Kabalevsky T04,12,27,4.5,C5,72,ɑ,Bozeman tenor-mezzo midpoint (stand-in),0.6,close,E4,7.5,inside,5,-2,none,not assessed,short,step,2,no,6,middle,no,no,no,
Kabalevsky T04,12,28,1,D5,74,ɑ,Bozeman tenor-mezzo midpoint (stand-in),3.6,close,E4,9.5,inside,7,0,none,not assessed,held,step,2,no,6,middle,yes,yes,yes,held; highest of phrase
Kabalevsky T04,12,28,4,B4,71,ɨ,derived from Bozeman tenor-mezzo (stand-in),1.2,above,A#3,13.11,inside,4,-3,none,not assessed,short,leap-down,-3,no,6,last,no,no,no,
Kabalevsky T04,12,33,4.5,G4,67,o,Bozeman tenor-mezzo midpoint (stand-in),0.6,close,C#4,6.5,inside,0,-7,none,not assessed,short,leap-down,-4,yes,7,first,no,yes,no,
Kabalevsky T04,12,34,1,C5,72,o,Bozeman tenor-mezzo midpoint (stand-in),0.9,close,C#4,11.5,inside,5,-2,none,not assessed,short,leap-up,5,no,7,middle,no,no,no,
Kabalevsky T04,12,34,1.75,G4,67,ʌ,derived from Bozeman tenor-mezzo (stand-in),0.3,close,E4,2.5,inside,0,-7,none,not assessed,short,leap-down,-5,no,7,middle,no,yes,no,
Kabalevsky T04,12,34,2,G4,67,ɪ,derived from Bozeman tenor-mezzo (stand-in),0.6,close,D4,4.96,inside,0,-7,none,not assessed,short,repeated,0,no,7,middle,no,yes,no,
Kabalevsky T04,12,34,2.5,C5,72,ɑ,Bozeman tenor-mezzo midpoint (stand-in),0.6,close,E4,7.5,inside,5,-2,none,not assessed,short,leap-up,5,no,7,middle,no,no,no,
Kabalevsky T04,12,34,3,B4,71,ʌ,derived from Bozeman tenor-mezzo (stand-in),0.6,close,E4,6.5,inside,4,-3,none,not assessed,short,step,-1,no,7,middle,no,no,no,
Kabalevsky T04,12,34,3.5,C5,72,ɑ,Bozeman tenor-mezzo midpoint (stand-in),0.6,close,E4,7.5,inside,5,-2,none,not assessed,short,step,1,no,7,middle,no,no,no,
Kabalevsky T04,12,34,4,D5,74,u,Bozeman tenor-mezzo midpoint (stand-in),0.6,above,G3,19.5,inside,7,0,none,not assessed,short,step,2,no,7,middle,no,yes,no,
Kabalevsky T04,12,34,4.5,B4,71,i,Bozeman tenor-mezzo midpoint (stand-in),0.6,above,E3,18.5,inside,4,-3,none,not assessed,short,leap-down,-3,no,7,middle,no,no,no,
Kabalevsky T04,12,35,1,A4,69,ɛ,Bozeman tenor-mezzo midpoint (stand-in),1.8,close,D#4,6.5,inside,2,-5,none,not assessed,short,step,-2,no,7,middle,no,no,no,
Kabalevsky T04,12,35,2.5,A4,69,i,Bozeman tenor-mezzo midpoint (stand-in),0.6,above,E3,16.5,inside,2,-5,none,not assessed,short,repeated,0,no,7,middle,no,no,no,
Kabalevsky T04,12,36,1,E5,76,o,Bozeman tenor-mezzo midpoint (stand-in),2.4,above,C#4,15.5,above secondo,9,2,none,not assessed,short,leap-up,7,no,7,middle,yes,no,no,highest of phrase
Kabalevsky T04,12,36,3,D5,74,o,Bozeman tenor-mezzo midpoint (stand-in),0.6,above,C#4,13.5,inside,7,0,none,not assessed,short,step,-2,no,7,middle,no,yes,no,
Kabalevsky T04,12,36,3.5,C5,72,ɑ,Bozeman tenor-mezzo midpoint (stand-in),0.6,close,E4,7.5,inside,5,-2,none,not assessed,short,step,-2,no,7,middle,no,no,no,
Kabalevsky T04,12,36,4,B4,71,o,Bozeman tenor-mezzo midpoint (stand-in),0.6,close,C#4,10.5,inside,4,-3,none,not assessed,short,step,-1,no,7,middle,no,no,no,
Kabalevsky T04,12,36,4.5,A4,69,ɑ,Bozeman tenor-mezzo midpoint (stand-in),0.6,close,E4,4.5,inside,2,-5,none,not assessed,short,step,-2,no,7,middle,no,no,no,
Kabalevsky T04,12,37,1,G4,67,i,Bozeman tenor-mezzo midpoint (stand-in),1.8,above,E3,14.5,inside,0,-7,none,not assessed,short,step,-2,no,7,middle,no,yes,no,
Kabalevsky T04,12,37,2.5,A4,69,ɑ,Bozeman tenor-mezzo midpoint (stand-in),0.6,close,E4,4.5,inside,2,-5,none,not assessed,short,step,2,no,7,middle,no,no,no,
Kabalevsky T04,12,37,3,G4,67,e,Bozeman tenor-mezzo midpoint (stand-in),1.2,close,D4,5.5,inside,0,-7,none,not assessed,short,step,-2,no,7,middle,no,yes,no,
Kabalevsky T04,12,37,4,D5,74,u,Bozeman tenor-mezzo midpoint (stand-in),1.2,above,G3,19.5,inside,7,0,none,not assessed,short,leap-up,7,no,7,middle,no,yes,no,
Kabalevsky T04,12,38,1,C5,72,ɛ,Bozeman tenor-mezzo midpoint (stand-in),4.8,close,D#4,9.5,inside,5,-2,none,not assessed,held,step,-2,no,7,middle,no,no,no,held
Kabalevsky T04,12,39,1,C5,72,ɛ,Bozeman tenor-mezzo midpoint (stand-in),2.4,close,D#4,9.5,inside,5,-2,none,not assessed,held,tie,0,no,7,middle,no,no,no,held
Kabalevsky T04,12,39,3,C5,72,ɛ,Bozeman tenor-mezzo midpoint (stand-in),1.2,close,D#4,9.5,inside,5,-2,none,not assessed,held,tie,0,no,7,last,no,no,no,held
Kabalevsky T05,11,9,1,A#4,70,o,Bozeman tenor-mezzo midpoint (stand-in),0.625,close,C#4,9.5,inside,3,-4,none,not assessed,short,first note,,,0,first,yes,no,no,highest of phrase
Kabalevsky T05,11,9,2,G#4,68,u,Bozeman tenor-mezzo midpoint (stand-in),0.313,above,G3,13.5,inside,1,-6,none,not assessed,short,step,-2,no,0,middle,no,yes,no,
Kabalevsky T05,11,9,2.5,F#4,66,i,Bozeman tenor-mezzo midpoint (stand-in),0.313,above,E3,13.5,below primo,-1,-8,none,not assessed,short,step,-2,no,0,middle,no,yes,no,
Kabalevsky T05,11,10,1,F4,65,o,Bozeman tenor-mezzo midpoint (stand-in),0.938,close,C#4,4.5,below primo,-2,-9,none,not assessed,short,step,-1,no,0,middle,no,no,no,
Kabalevsky T05,11,10,2.5,D#4,63,ɪ,derived from Bozeman tenor-mezzo (stand-in),0.313,close,D4,0.96,below primo,-4,-11,none,not assessed,short,step,-2,no,0,middle,no,no,no,turning pitch 0 to 2 st below
Kabalevsky T05,11,11,1,D4,62,ɑ,Bozeman tenor-mezzo midpoint (stand-in),0.313,open,E4,-2.5,below primo,-5,-12,none,not assessed,short,step,-1,no,0,middle,no,no,no,
Kabalevsky T05,11,11,1.5,A#3,58,i,Bozeman tenor-mezzo midpoint (stand-in),0.313,close,E3,5.5,below primo,-9,-16,none,not assessed,short,leap-down,-4,no,0,middle,no,no,no,
Kabalevsky T05,11,11,2,F#4,66,ɨ,derived from Bozeman tenor-mezzo (stand-in),0.313,close,A#3,8.11,below primo,-1,-8,none,not assessed,short,leap-up,8,no,0,middle,no,yes,no,
Kabalevsky T05,11,11,2.5,F4,65,ɪ,derived from Bozeman tenor-mezzo (stand-in),0.313,close,D4,2.96,below primo,-2,-9,none,not assessed,short,step,-1,no,0,middle,no,no,no,
Kabalevsky T05,11,12,1,D#4,63,o,Bozeman tenor-mezzo midpoint (stand-in),1.25,close,C#4,2.5,below primo,-4,-11,none,not assessed,short,step,-2,no,0,middle,no,no,no,
Kabalevsky T05,11,13,1,D#4,63,o,Bozeman tenor-mezzo midpoint (stand-in),0.313,close,C#4,2.5,below primo,-4,-11,none,not assessed,short,tie,0,no,0,middle,no,no,no,
Kabalevsky T05,11,13,1.5,D#4,63,ɑ,Bozeman tenor-mezzo midpoint (stand-in),0.313,open,E4,-1.5,below primo,-4,-11,none,not assessed,short,repeated,0,no,0,middle,no,no,no,
Kabalevsky T05,11,13,2,F4,65,i,Bozeman tenor-mezzo midpoint (stand-in),0.313,above,E3,12.5,below primo,-2,-9,none,not assessed,short,step,2,no,0,middle,no,no,no,
Kabalevsky T05,11,13,2.5,F#4,66,ɑ,Bozeman tenor-mezzo midpoint (stand-in),0.313,close,E4,1.5,below primo,-1,-8,none,not assessed,short,step,1,no,0,middle,no,yes,yes,turning pitch 0 to 2 st below
Kabalevsky T05,11,14,1,G#4,68,u,Bozeman tenor-mezzo midpoint (stand-in),0.313,above,G3,13.5,inside,1,-6,none,not assessed,short,step,2,no,0,middle,no,yes,no,
Kabalevsky T05,11,14,1.5,G#4,68,ɑ,Bozeman tenor-mezzo midpoint (stand-in),0.313,close,E4,3.5,inside,1,-6,none,not assessed,short,repeated,0,no,0,middle,no,yes,no,
Kabalevsky T05,11,14,2,G#4,68,ɑ,Bozeman tenor-mezzo midpoint (stand-in),0.625,close,E4,3.5,inside,1,-6,none,not assessed,short,repeated,0,no,0,middle,no,yes,no,
Kabalevsky T05,11,15,1,G#4,68,ɑ,Bozeman tenor-mezzo midpoint (stand-in),0.313,close,E4,3.5,inside,1,-6,none,not assessed,short,tie,0,no,0,middle,no,yes,no,
Kabalevsky T05,11,15,1.5,F4,65,u,Bozeman tenor-mezzo midpoint (stand-in),0.313,close,G3,10.5,below primo,-2,-9,none,not assessed,short,leap-down,-3,no,0,middle,no,no,no,
Kabalevsky T05,11,15,2,F#4,66,u,Bozeman tenor-mezzo midpoint (stand-in),0.313,close,G3,11.5,below primo,-1,-8,none,not assessed,short,step,1,no,0,middle,no,yes,no,
Kabalevsky T05,11,15,2.5,G#4,68,i,Bozeman tenor-mezzo midpoint (stand-in),0.313,above,E3,15.5,inside,1,-6,none,not assessed,short,step,2,no,0,middle,no,yes,no,
Kabalevsky T05,11,16,1,A#4,70,o,Bozeman tenor-mezzo midpoint (stand-in),0.625,close,C#4,9.5,inside,3,-4,none,not assessed,short,step,2,no,0,middle,yes,no,no,highest of phrase
Kabalevsky T05,11,16,2,A#4,70,ɑ,Bozeman tenor-mezzo midpoint (stand-in),0.313,close,E4,5.5,inside,3,-4,none,not assessed,short,repeated,0,no,0,last,yes,no,no,highest of phrase
Kabalevsky T05,11,16,2.5,A#4,70,ɪ,derived from Bozeman tenor-mezzo (stand-in),0.313,close,D4,7.96,inside,3,-4,none,not assessed,short,repeated,0,no,1,first,no,no,no,
Kabalevsky T05,11,17,1,G#4,68,ɑ,Bozeman tenor-mezzo midpoint (stand-in),0.313,close,E4,3.5,inside,1,-6,none,not assessed,short,step,-2,no,1,middle,no,yes,no,
Kabalevsky T05,11,17,1.5,A#4,70,ɑ,Bozeman tenor-mezzo midpoint (stand-in),0.313,close,E4,5.5,inside,3,-4,none,not assessed,short,step,2,no,1,middle,no,no,no,
Kabalevsky T05,11,17,2,B4,71,a,derived from Bozeman tenor-mezzo (stand-in),0.313,close,G4,4.08,inside,4,-3,none,not assessed,short,step,1,no,1,middle,yes,no,no,highest of phrase
Kabalevsky T05,11,17,2.5,G#4,68,i,Bozeman tenor-mezzo midpoint (stand-in),0.313,above,E3,15.5,inside,1,-6,none,not assessed,short,leap-down,-3,no,1,middle,no,yes,no,
Kabalevsky T05,11,18,1,A#4,70,ɑ,Bozeman tenor-mezzo midpoint (stand-in),0.313,close,E4,5.5,inside,3,-4,none,not assessed,short,step,2,no,1,middle,no,no,no,
Kabalevsky T05,11,18,1.5,D#4,63,ɪ,derived from Bozeman tenor-mezzo (stand-in),0.313,close,D4,0.96,below primo,-4,-11,none,not assessed,short,leap-down,-7,no,1,middle,no,no,no,turning pitch 0 to 2 st below
Kabalevsky T05,11,18,2,F4,65,ʌ,derived from Bozeman tenor-mezzo (stand-in),0.313,close,E4,0.5,below primo,-2,-9,none,not assessed,short,step,2,no,1,middle,no,no,no,turning pitch 0 to 2 st below
Kabalevsky T05,11,18,2.5,F#4,66,ɪ,derived from Bozeman tenor-mezzo (stand-in),0.313,close,D4,3.96,below primo,-1,-8,none,not assessed,short,step,1,no,1,middle,no,yes,no,
Kabalevsky T05,11,19,1,G#4,68,o,Bozeman tenor-mezzo midpoint (stand-in),1.25,close,C#4,7.5,inside,1,-6,none,not assessed,short,step,2,no,1,middle,no,yes,no,
Kabalevsky T05,11,20,1,G#4,68,o,Bozeman tenor-mezzo midpoint (stand-in),0.313,close,C#4,7.5,inside,1,-6,none,not assessed,short,tie,0,no,1,middle,no,yes,no,
Kabalevsky T05,11,20,1.5,F4,65,i,Bozeman tenor-mezzo midpoint (stand-in),0.313,above,E3,12.5,below primo,-2,-9,none,not assessed,short,leap-down,-3,no,1,middle,no,no,no,
Kabalevsky T05,11,20,2,F#4,66,ʌ,derived from Bozeman tenor-mezzo (stand-in),0.313,close,E4,1.5,below primo,-1,-8,none,not assessed,short,step,1,no,1,middle,no,yes,yes,turning pitch 0 to 2 st below
Kabalevsky T05,11,20,2.5,G#4,68,u,Bozeman tenor-mezzo midpoint (stand-in),0.313,above,G3,13.5,inside,1,-6,none,not assessed,short,step,2,no,1,middle,no,yes,no,
Kabalevsky T05,11,21,1,F#4,66,i,Bozeman tenor-mezzo midpoint (stand-in),0.313,above,E3,13.5,below primo,-1,-8,none,not assessed,short,step,-2,no,1,middle,no,yes,no,
Kabalevsky T05,11,21,1.5,F4,65,ɑ,Bozeman tenor-mezzo midpoint (stand-in),0.313,close,E4,0.5,below primo,-2,-9,none,not assessed,short,step,-1,no,1,middle,no,no,no,turning pitch 0 to 2 st below
Kabalevsky T05,11,21,2,F#4,66,u,Bozeman tenor-mezzo midpoint (stand-in),0.313,close,G3,11.5,below primo,-1,-8,none,not assessed,short,step,1,no,1,middle,no,yes,no,
Kabalevsky T05,11,21,2.5,D#4,63,i,Bozeman tenor-mezzo midpoint (stand-in),0.313,close,E3,10.5,below primo,-4,-11,none,not assessed,short,leap-down,-3,no,1,middle,no,no,no,
Kabalevsky T05,11,22,1,D4,62,o,Bozeman tenor-mezzo midpoint (stand-in),0.313,close,C#4,1.5,below primo,-5,-12,none,not assessed,short,step,-1,no,1,middle,no,no,no,turning pitch 0 to 2 st below
Kabalevsky T05,11,22,1.5,A#3,58,o,Bozeman tenor-mezzo midpoint (stand-in),0.313,open,C#4,-2.5,below primo,-9,-16,none,not assessed,short,leap-down,-4,no,1,middle,no,no,no,
Kabalevsky T05,11,22,2,F#4,66,o,Bozeman tenor-mezzo midpoint (stand-in),0.313,close,C#4,5.5,below primo,-1,-8,none,not assessed,short,leap-up,8,no,1,middle,no,yes,no,
Kabalevsky T05,11,22,2.5,F4,65,u,Bozeman tenor-mezzo midpoint (stand-in),0.313,close,G3,10.5,below primo,-2,-9,none,not assessed,short,step,-1,no,1,middle,no,no,no,
Kabalevsky T05,11,23,1,D#4,63,o,Bozeman tenor-mezzo midpoint (stand-in),0.938,close,C#4,2.5,below primo,-4,-11,none,not assessed,short,step,-2,no,1,middle,no,no,no,
Kabalevsky T05,11,23,2.5,D#4,63,ɨ,derived from Bozeman tenor-mezzo (stand-in),0.313,close,A#3,5.11,below primo,-4,-11,none,not assessed,short,repeated,0,no,1,last,no,no,no,
Kabalevsky T05,11,28,2.5,D#4,63,ɑ,Bozeman tenor-mezzo midpoint (stand-in),0.313,open,E4,-1.5,below primo,-4,-11,none,not assessed,short,repeated,0,yes,2,first,no,no,no,
Kabalevsky T05,11,29,1,F4,65,o,Bozeman tenor-mezzo midpoint (stand-in),0.938,close,C#4,4.5,below primo,-2,-9,none,not assessed,short,step,2,no,2,middle,no,no,no,
Kabalevsky T05,11,29,2.5,D#4,63,ɑ,Bozeman tenor-mezzo midpoint (stand-in),0.313,open,E4,-1.5,below primo,-4,-11,none,not assessed,short,step,-2,no,2,middle,no,no,no,
Kabalevsky T05,11,30,1,F#4,66,ɑ,Bozeman tenor-mezzo midpoint (stand-in),1.25,close,E4,1.5,below primo,-1,-8,none,not assessed,short,leap-up,3,no,2,middle,no,yes,yes,turning pitch 0 to 2 st below
Kabalevsky T05,11,31,1,F#4,66,ɑ,Bozeman tenor-mezzo midpoint (stand-in),0.313,close,E4,1.5,below primo,-1,-8,none,not assessed,short,tie,0,no,2,middle,no,yes,yes,turning pitch 0 to 2 st below
Kabalevsky T05,11,31,1.5,D#4,63,ɑ,Bozeman tenor-mezzo midpoint (stand-in),0.313,open,E4,-1.5,below primo,-4,-11,none,not assessed,short,leap-down,-3,no,2,middle,no,no,no,
Kabalevsky T05,11,31,2,F4,65,u,Bozeman tenor-mezzo midpoint (stand-in),0.313,close,G3,10.5,below primo,-2,-9,none,not assessed,short,step,2,no,2,middle,no,no,no,
Kabalevsky T05,11,31,2.5,F#4,66,i,Bozeman tenor-mezzo midpoint (stand-in),0.313,above,E3,13.5,below primo,-1,-8,none,not assessed,short,step,1,no,2,middle,no,yes,no,
Kabalevsky T05,11,32,1,G4,67,ɛ,Bozeman tenor-mezzo midpoint (stand-in),0.938,close,D#4,4.5,inside,0,-7,none,not assessed,short,step,1,no,2,middle,no,yes,no,
Kabalevsky T05,11,32,2.5,A#4,70,ɑ,Bozeman tenor-mezzo midpoint (stand-in),0.313,close,E4,5.5,inside,3,-4,none,not assessed,short,leap-up,3,no,2,middle,no,no,no,
Kabalevsky T05,11,33,1,A#4,70,ɑ,Bozeman tenor-mezzo midpoint (stand-in),0.938,close,E4,5.5,inside,3,-4,none,not assessed,short,repeated,0,no,2,middle,no,no,no,
Kabalevsky T05,11,33,2.5,D#4,63,ɑ,Bozeman tenor-mezzo midpoint (stand-in),0.313,open,E4,-1.5,below primo,-4,-11,none,not assessed,short,leap-down,-7,no,2,middle,no,no,no,
Kabalevsky T05,11,34,1,B4,71,ɛ,Bozeman tenor-mezzo midpoint (stand-in),0.625,close,D#4,8.5,inside,4,-3,none,not assessed,short,leap-up,8,no,2,middle,yes,no,no,highest of phrase
Kabalevsky T05,11,34,2,G#4,68,ɑ,Bozeman tenor-mezzo midpoint (stand-in),0.625,close,E4,3.5,inside,1,-6,none,not assessed,short,leap-down,-3,no,2,last,no,yes,no,
Kabalevsky T05,11,35,2,A#4,70,ɑ,Bozeman tenor-mezzo midpoint (stand-in),0.313,close,E4,5.5,inside,3,-4,none,not assessed,short,step,2,yes,3,first,no,no,no,
Kabalevsky T05,11,35,2.5,G#4,68,u,Bozeman tenor-mezzo midpoint (stand-in),0.313,above,G3,13.5,inside,1,-6,none,not assessed,short,step,-2,no,3,middle,no,yes,no,
Kabalevsky T05,11,36,1,B4,71,i,Bozeman tenor-mezzo midpoint (stand-in),0.938,above,E3,18.5,inside,4,-3,none,not assessed,short,leap-up,3,no,3,middle,yes,no,no,highest of phrase
Kabalevsky T05,11,36,2.5,G#4,68,ɑ,Bozeman tenor-mezzo midpoint (stand-in),0.313,close,E4,3.5,inside,1,-6,none,not assessed,short,leap-down,-3,no,3,last,no,yes,no,
Kabalevsky T05,11,37,2,A#4,70,ʌ,derived from Bozeman tenor-mezzo (stand-in),0.313,close,E4,5.5,inside,3,-4,none,not assessed,short,step,2,yes,4,first,no,no,no,
Kabalevsky T05,11,37,2.5,G#4,68,i,Bozeman tenor-mezzo midpoint (stand-in),0.313,above,E3,15.5,inside,1,-6,none,not assessed,short,step,-2,no,4,middle,no,yes,no,
Kabalevsky T05,11,38,1,C5,72,ɛ,Bozeman tenor-mezzo midpoint (stand-in),1.25,close,D#4,9.5,inside,5,-2,none,not assessed,short,leap-up,4,no,4,middle,yes,no,no,highest of phrase
Kabalevsky T05,11,39,1,G#4,68,ɑ,Bozeman tenor-mezzo midpoint (stand-in),0.938,close,E4,3.5,inside,1,-6,none,not assessed,short,leap-down,-4,no,4,last,no,yes,no,
Kabalevsky T05,11,39,2.5,G#4,68,i,Bozeman tenor-mezzo midpoint (stand-in),0.313,above,E3,15.5,inside,1,-6,none,not assessed,short,repeated,0,no,5,first,no,yes,no,
Kabalevsky T05,11,40,1,C#5,73,o,Bozeman tenor-mezzo midpoint (stand-in),1.25,crossing,C#4,12.5,inside,6,-1,none,not assessed,short,leap-up,5,no,5,middle,yes,yes,yes,highest of phrase; crossing
Kabalevsky T05,11,41,1,C#5,73,o,Bozeman tenor-mezzo midpoint (stand-in),0.625,crossing,C#4,12.5,inside,6,-1,none,not assessed,short,tie,0,no,5,middle,yes,yes,yes,highest of phrase; crossing
Kabalevsky T05,11,41,2,G#4,68,ɑ,Bozeman tenor-mezzo midpoint (stand-in),0.625,close,E4,3.5,inside,1,-6,none,not assessed,short,leap-down,-5,no,5,middle,no,yes,no,
Kabalevsky T05,11,42,1,B4,71,ɨ,derived from Bozeman tenor-mezzo (stand-in),0.938,above,A#3,13.11,inside,4,-3,none,not assessed,short,leap-up,3,no,5,middle,no,no,no,
Kabalevsky T05,11,42,2.5,A#4,70,ɪ,derived from Bozeman tenor-mezzo (stand-in),0.313,close,D4,7.96,inside,3,-4,none,not assessed,short,step,-1,no,5,middle,no,no,no,
Kabalevsky T05,11,43,1,G#4,68,o,Bozeman tenor-mezzo midpoint (stand-in),0.313,close,C#4,7.5,inside,1,-6,none,not assessed,short,step,-2,no,5,middle,no,yes,no,
Kabalevsky T05,11,43,1.5,G4,67,ɑ,Bozeman tenor-mezzo midpoint (stand-in),0.313,close,E4,2.5,inside,0,-7,none,not assessed,short,step,-1,no,5,middle,no,yes,no,
Kabalevsky T05,11,43,2,G#4,68,none resolved,not assessed,0.313,not assessed,not assessed,not assessed,inside,1,-6,not assessed,not assessed,short,step,1,no,5,middle,no,yes,no,
Kabalevsky T05,11,43,2.5,A#4,70,u,Bozeman tenor-mezzo midpoint (stand-in),0.313,above,G3,15.5,inside,3,-4,none,not assessed,short,step,2,no,5,middle,no,no,no,
Kabalevsky T05,11,44,1,G4,67,ɑ,Bozeman tenor-mezzo midpoint (stand-in),1.25,close,E4,2.5,inside,0,-7,none,not assessed,short,leap-down,-3,no,5,middle,no,yes,no,
Kabalevsky T05,11,45,1,G4,67,ɑ,Bozeman tenor-mezzo midpoint (stand-in),0.313,close,E4,2.5,inside,0,-7,none,not assessed,short,tie,0,no,5,middle,no,yes,no,
Kabalevsky T05,11,45,1.5,D#4,63,i,Bozeman tenor-mezzo midpoint (stand-in),0.313,close,E3,10.5,below primo,-4,-11,none,not assessed,short,leap-down,-4,no,5,middle,no,no,no,
Kabalevsky T05,11,45,2,G4,67,i,Bozeman tenor-mezzo midpoint (stand-in),0.313,above,E3,14.5,inside,0,-7,none,not assessed,short,leap-up,4,no,5,middle,no,yes,no,
Kabalevsky T05,11,45,2.5,A#4,70,ɑ,Bozeman tenor-mezzo midpoint (stand-in),0.313,close,E4,5.5,inside,3,-4,none,not assessed,short,leap-up,3,no,5,middle,no,no,no,
Kabalevsky T05,11,46,1,B4,71,o,Bozeman tenor-mezzo midpoint (stand-in),0.938,close,C#4,10.5,inside,4,-3,none,not assessed,short,step,1,no,5,middle,no,no,no,
Kabalevsky T05,11,46,2.5,A#4,70,u,Bozeman tenor-mezzo midpoint (stand-in),0.313,above,G3,15.5,inside,3,-4,none,not assessed,short,step,-1,no,5,middle,no,no,no,
Kabalevsky T05,11,47,1,G#4,68,ɛ,Bozeman tenor-mezzo midpoint (stand-in),0.313,close,D#4,5.5,inside,1,-6,none,not assessed,short,step,-2,no,5,middle,no,yes,no,
Kabalevsky T05,11,47,1.5,A#4,70,ʌ,derived from Bozeman tenor-mezzo (stand-in),0.313,close,E4,5.5,inside,3,-4,none,not assessed,short,step,2,no,5,middle,no,no,no,
Kabalevsky T05,11,47,2,B4,71,ʌ,derived from Bozeman tenor-mezzo (stand-in),0.313,close,E4,6.5,inside,4,-3,none,not assessed,short,step,1,no,5,middle,no,no,no,
Kabalevsky T05,11,47,2.5,G#4,68,ɪ,derived from Bozeman tenor-mezzo (stand-in),0.313,close,D4,5.96,inside,1,-6,none,not assessed,short,leap-down,-3,no,5,middle,no,yes,no,
Kabalevsky T05,11,48,1,A#4,70,ɛ,Bozeman tenor-mezzo midpoint (stand-in),1.25,close,D#4,7.5,inside,3,-4,none,not assessed,short,step,2,no,5,middle,no,no,no,
Kabalevsky T05,11,49,1,A#4,70,ʌ,derived from Bozeman tenor-mezzo (stand-in),0.625,close,E4,5.5,inside,3,-4,none,not assessed,short,repeated,0,no,5,last,no,no,no,
Kabalevsky T05,11,57,1.5,A#4,70,ɑ,Bozeman tenor-mezzo midpoint (stand-in),0.313,close,E4,5.5,inside,3,-4,none,not assessed,short,repeated,0,yes,6,first,yes,no,no,highest of phrase
Kabalevsky T05,11,57,2,G#4,68,ɛ,Bozeman tenor-mezzo midpoint (stand-in),0.313,close,D#4,5.5,inside,1,-6,none,not assessed,short,step,-2,no,6,middle,no,yes,no,
Kabalevsky T05,11,57,2.5,F#4,66,u,Bozeman tenor-mezzo midpoint (stand-in),0.313,close,G3,11.5,below primo,-1,-8,none,not assessed,short,step,-2,no,6,middle,no,yes,no,
Kabalevsky T05,11,58,1,F4,65,ɛ,Bozeman tenor-mezzo midpoint (stand-in),0.938,close,D#4,2.5,below primo,-2,-9,none,not assessed,short,step,-1,no,6,middle,no,no,no,
Kabalevsky T05,11,58,2.5,D#4,63,u,Bozeman tenor-mezzo midpoint (stand-in),0.313,close,G3,8.5,below primo,-4,-11,none,not assessed,short,step,-2,no,6,middle,no,no,no,
Kabalevsky T05,11,59,1,D4,62,i,Bozeman tenor-mezzo midpoint (stand-in),0.313,close,E3,9.5,below primo,-5,-12,none,not assessed,short,step,-1,no,6,middle,no,no,no,
Kabalevsky T05,11,59,1.5,A#3,58,u,Bozeman tenor-mezzo midpoint (stand-in),0.313,close,G3,3.5,below primo,-9,-16,none,not assessed,short,leap-down,-4,no,6,middle,no,no,no,
Kabalevsky T05,11,59,2,F#4,66,ɑ,Bozeman tenor-mezzo midpoint (stand-in),0.313,close,E4,1.5,below primo,-1,-8,none,not assessed,short,leap-up,8,no,6,middle,no,yes,yes,turning pitch 0 to 2 st below
Kabalevsky T05,11,59,2.5,F4,65,ɨ,derived from Bozeman tenor-mezzo (stand-in),0.313,close,A#3,7.11,below primo,-2,-9,none,not assessed,short,step,-1,no,6,middle,no,no,no,
Kabalevsky T05,11,60,1,D#4,63,o,Bozeman tenor-mezzo midpoint (stand-in),1.25,close,C#4,2.5,below primo,-4,-11,none,not assessed,short,step,-2,no,6,middle,no,no,no,
Kabalevsky T05,11,61,1,D#4,63,o,Bozeman tenor-mezzo midpoint (stand-in),0.313,close,C#4,2.5,below primo,-4,-11,none,not assessed,short,tie,0,no,6,middle,no,no,no,
Kabalevsky T05,11,61,1.5,D#4,63,ɑ,Bozeman tenor-mezzo midpoint (stand-in),0.313,open,E4,-1.5,below primo,-4,-11,none,not assessed,short,repeated,0,no,6,middle,no,no,no,
Kabalevsky T05,11,61,2,F4,65,ɨ,derived from Bozeman tenor-mezzo (stand-in),0.313,close,A#3,7.11,below primo,-2,-9,none,not assessed,short,step,2,no,6,middle,no,no,no,
Kabalevsky T05,11,61,2.5,F#4,66,ɑ,Bozeman tenor-mezzo midpoint (stand-in),0.313,close,E4,1.5,below primo,-1,-8,none,not assessed,short,step,1,no,6,middle,no,yes,yes,turning pitch 0 to 2 st below
Kabalevsky T05,11,62,1,G#4,68,o,Bozeman tenor-mezzo midpoint (stand-in),0.938,close,C#4,7.5,inside,1,-6,none,not assessed,short,step,2,no,6,middle,no,yes,no,
Kabalevsky T05,11,62,2.5,G#4,68,i,Bozeman tenor-mezzo midpoint (stand-in),0.313,above,E3,15.5,inside,1,-6,none,not assessed,short,repeated,0,no,6,middle,no,yes,no,
Kabalevsky T05,11,63,1,G#4,68,ɑ,Bozeman tenor-mezzo midpoint (stand-in),0.313,close,E4,3.5,inside,1,-6,none,not assessed,short,repeated,0,no,6,middle,no,yes,no,
Kabalevsky T05,11,63,1.5,F4,65,ɑ,Bozeman tenor-mezzo midpoint (stand-in),0.313,close,E4,0.5,below primo,-2,-9,none,not assessed,short,leap-down,-3,no,6,middle,no,no,no,turning pitch 0 to 2 st below
Kabalevsky T05,11,63,2,F#4,66,e,Bozeman tenor-mezzo midpoint (stand-in),0.313,close,D4,4.5,below primo,-1,-8,none,not assessed,short,step,1,no,6,middle,no,yes,no,
Kabalevsky T05,11,63,2.5,G#4,68,ɑ,Bozeman tenor-mezzo midpoint (stand-in),0.313,close,E4,3.5,inside,1,-6,none,not assessed,short,step,2,no,6,middle,no,yes,no,
Kabalevsky T05,11,64,1,A#4,70,u,Bozeman tenor-mezzo midpoint (stand-in),0.625,above,G3,15.5,inside,3,-4,none,not assessed,short,step,2,no,6,middle,yes,no,no,highest of phrase
Kabalevsky T05,11,64,2,A#4,70,i,Bozeman tenor-mezzo midpoint (stand-in),0.313,above,E3,17.5,inside,3,-4,none,not assessed,short,repeated,0,no,6,last,yes,no,no,highest of phrase
Kabalevsky T05,11,64,2.5,A#4,70,i,Bozeman tenor-mezzo midpoint (stand-in),0.313,above,E3,17.5,inside,3,-4,none,not assessed,short,repeated,0,no,7,first,no,no,no,
Kabalevsky T05,11,65,1,G#4,68,ɛ,Bozeman tenor-mezzo midpoint (stand-in),0.313,close,D#4,5.5,inside,1,-6,none,not assessed,short,step,-2,no,7,middle,no,yes,no,
Kabalevsky T05,11,65,1.5,A#4,70,ɨ,derived from Bozeman tenor-mezzo (stand-in),0.313,crossing,A#3,12.11,inside,3,-4,none,not assessed,short,step,2,no,7,middle,no,no,no,crossing
Kabalevsky T05,11,65,2,B4,71,ɛ,Bozeman tenor-mezzo midpoint (stand-in),0.313,close,D#4,8.5,inside,4,-3,none,not assessed,short,step,1,no,7,middle,no,no,no,
Kabalevsky T05,11,65,2.5,G#4,68,ɪ,derived from Bozeman tenor-mezzo (stand-in),0.313,close,D4,5.96,inside,1,-6,none,not assessed,short,leap-down,-3,no,7,middle,no,yes,no,
Kabalevsky T05,11,66,1,A#4,70,o,Bozeman tenor-mezzo midpoint (stand-in),0.313,close,C#4,9.5,inside,3,-4,none,not assessed,short,step,2,no,7,middle,no,no,no,
Kabalevsky T05,11,66,1.5,D#4,63,ɨ,derived from Bozeman tenor-mezzo (stand-in),0.313,close,A#3,5.11,below primo,-4,-11,none,not assessed,short,leap-down,-7,no,7,middle,no,no,no,
Kabalevsky T05,11,66,2,F4,65,ʌ,derived from Bozeman tenor-mezzo (stand-in),0.313,close,E4,0.5,below primo,-2,-9,none,not assessed,short,step,2,no,7,middle,no,no,no,turning pitch 0 to 2 st below
Kabalevsky T05,11,66,2.5,F#4,66,ɑ,Bozeman tenor-mezzo midpoint (stand-in),0.313,close,E4,1.5,below primo,-1,-8,none,not assessed,short,step,1,no,7,middle,no,yes,yes,turning pitch 0 to 2 st below
Kabalevsky T05,11,67,1,G#4,68,o,Bozeman tenor-mezzo midpoint (stand-in),1.25,close,C#4,7.5,inside,1,-6,none,not assessed,held,step,2,no,7,middle,no,yes,yes,held
Kabalevsky T05,11,68,1,G#4,68,o,Bozeman tenor-mezzo midpoint (stand-in),1.25,close,C#4,7.5,inside,1,-6,none,not assessed,held,tie,0,no,7,middle,no,yes,yes,held
Kabalevsky T05,11,69,1,D#5,75,o,Bozeman tenor-mezzo midpoint (stand-in),1.25,above,C#4,14.5,above secondo,8,1,none,not assessed,short,leap-up,7,no,7,middle,yes,yes,yes,highest of phrase
Kabalevsky T05,11,70,1,D#5,75,o,Bozeman tenor-mezzo midpoint (stand-in),0.625,above,C#4,14.5,above secondo,8,1,none,not assessed,short,tie,0,no,7,last,yes,yes,yes,highest of phrase
Kabalevsky T05,11,70,2,B4,71,ɑ,Bozeman tenor-mezzo midpoint (stand-in),0.313,close,E4,6.5,inside,4,-3,none,not assessed,short,leap-down,-4,no,8,first,yes,no,no,highest of phrase
Kabalevsky T05,11,70,2.5,G#4,68,ɛ,Bozeman tenor-mezzo midpoint (stand-in),0.313,close,D#4,5.5,inside,1,-6,none,not assessed,short,leap-down,-3,no,8,middle,no,yes,no,
Kabalevsky T05,11,71,1,F4,65,o,Bozeman tenor-mezzo midpoint (stand-in),0.313,close,C#4,4.5,below primo,-2,-9,none,not assessed,short,leap-down,-3,no,8,middle,no,no,no,
Kabalevsky T05,11,71,1.5,F4,65,i,Bozeman tenor-mezzo midpoint (stand-in),0.313,above,E3,12.5,below primo,-2,-9,none,not assessed,short,repeated,0,no,8,middle,no,no,no,
Kabalevsky T05,11,71,2,F#4,66,ɑ,Bozeman tenor-mezzo midpoint (stand-in),0.313,close,E4,1.5,below primo,-1,-8,none,not assessed,short,step,1,no,8,middle,no,yes,yes,turning pitch 0 to 2 st below
Kabalevsky T05,11,71,2.5,G#4,68,ɑ,Bozeman tenor-mezzo midpoint (stand-in),0.313,close,E4,3.5,inside,1,-6,none,not assessed,short,step,2,no,8,middle,no,yes,no,
Kabalevsky T05,11,72,1,A#4,70,ɑ,Bozeman tenor-mezzo midpoint (stand-in),0.938,close,E4,5.5,inside,3,-4,none,not assessed,short,step,2,no,8,middle,no,no,no,
Kabalevsky T05,11,72,2.5,B4,71,ɪ,derived from Bozeman tenor-mezzo (stand-in),0.313,close,D4,8.96,inside,4,-3,none,not assessed,short,step,1,no,8,middle,yes,no,no,highest of phrase
Kabalevsky T05,11,73,1,A#4,70,u,Bozeman tenor-mezzo midpoint (stand-in),0.938,above,G3,15.5,inside,3,-4,none,not assessed,short,step,-1,no,8,middle,no,no,no,
Kabalevsky T05,11,73,2.5,A#4,70,i,Bozeman tenor-mezzo midpoint (stand-in),0.313,above,E3,17.5,inside,3,-4,none,not assessed,short,repeated,0,no,8,last,no,no,no,
Kabalevsky T05,11,81,1.5,D#4,63,o,Bozeman tenor-mezzo midpoint (stand-in),0.313,close,C#4,2.5,below primo,-4,-11,none,not assessed,short,leap-down,-7,yes,9,first,no,no,no,
Kabalevsky T05,11,81,2,D#4,63,i,Bozeman tenor-mezzo midpoint (stand-in),0.313,close,E3,10.5,below primo,-4,-11,none,not assessed,short,repeated,0,no,9,middle,no,no,no,
Kabalevsky T05,11,81,2.5,D#4,63,ɨ,derived from Bozeman tenor-mezzo (stand-in),0.313,close,A#3,5.11,below primo,-4,-11,none,not assessed,short,repeated,0,no,9,middle,no,no,no,
Kabalevsky T05,11,82,1,F4,65,i,Bozeman tenor-mezzo midpoint (stand-in),0.938,above,E3,12.5,below primo,-2,-9,none,not assessed,short,step,2,no,9,middle,no,no,no,
Kabalevsky T05,11,82,2.5,D#4,63,i,Bozeman tenor-mezzo midpoint (stand-in),0.313,close,E3,10.5,below primo,-4,-11,none,not assessed,short,step,-2,no,9,middle,no,no,no,
Kabalevsky T05,11,83,1,F#4,66,o,Bozeman tenor-mezzo midpoint (stand-in),0.313,close,C#4,5.5,below primo,-1,-8,none,not assessed,short,leap-up,3,no,9,middle,no,yes,no,
Kabalevsky T05,11,83,1.5,D#4,63,ɨ,derived from Bozeman tenor-mezzo (stand-in),0.313,close,A#3,5.11,below primo,-4,-11,none,not assessed,short,leap-down,-3,no,9,middle,no,no,no,
Kabalevsky T05,11,83,2,F#4,66,ɪ,derived from Bozeman tenor-mezzo (stand-in),0.313,close,D4,3.96,below primo,-1,-8,none,not assessed,short,leap-up,3,no,9,middle,no,yes,no,
Kabalevsky T05,11,83,2.5,B4,71,u,Bozeman tenor-mezzo midpoint (stand-in),0.313,above,G3,16.5,inside,4,-3,none,not assessed,short,leap-up,5,no,9,middle,yes,no,no,highest of phrase
Kabalevsky T05,11,84,1,A4,69,e,Bozeman tenor-mezzo midpoint (stand-in),1.25,close,D4,7.5,inside,2,-5,none,not assessed,short,step,-2,no,9,middle,no,no,no,
Kabalevsky T05,11,85,1,A4,69,e,Bozeman tenor-mezzo midpoint (stand-in),0.625,close,D4,7.5,inside,2,-5,none,not assessed,short,tie,0,no,9,middle,no,no,no,
Kabalevsky T05,11,85,2,A4,69,ɑ,Bozeman tenor-mezzo midpoint (stand-in),0.625,close,E4,4.5,inside,2,-5,none,not assessed,short,repeated,0,no,9,middle,no,no,no,
Kabalevsky T05,11,86,1,A#4,70,o,Bozeman tenor-mezzo midpoint (stand-in),0.625,close,C#4,9.5,inside,3,-4,none,not assessed,short,step,1,no,9,middle,no,no,no,
Kabalevsky T05,11,86,2,D#4,63,ɨ,derived from Bozeman tenor-mezzo (stand-in),0.625,close,A#3,5.11,below primo,-4,-11,none,not assessed,short,leap-down,-7,no,9,middle,no,no,no,
Kabalevsky T05,11,87,1,A#4,70,ɑ,Bozeman tenor-mezzo midpoint (stand-in),1.25,close,E4,5.5,inside,3,-4,none,not assessed,short,leap-up,7,no,9,middle,no,no,no,
Kabalevsky T05,11,88,1,G#4,68,ɑ,Bozeman tenor-mezzo midpoint (stand-in),0.313,close,E4,3.5,inside,1,-6,none,not assessed,short,step,-2,no,9,last,no,yes,no,
Kabalevsky T05,11,88,2.5,G#4,68,ɑ,Bozeman tenor-mezzo midpoint (stand-in),0.313,close,E4,3.5,inside,1,-6,none,not assessed,short,repeated,0,yes,10,first,yes,yes,yes,highest of phrase
Kabalevsky T05,11,89,1,F#4,66,o,Bozeman tenor-mezzo midpoint (stand-in),0.313,close,C#4,5.5,below primo,-1,-8,none,not assessed,short,step,-2,no,10,middle,no,yes,no,
Kabalevsky T05,11,89,1.5,A#3,58,i,Bozeman tenor-mezzo midpoint (stand-in),0.313,close,E3,5.5,below primo,-9,-16,none,not assessed,short,leap-down,-8,no,10,middle,no,no,no,
Kabalevsky T05,11,89,2,F#4,66,o,Bozeman tenor-mezzo midpoint (stand-in),0.313,close,C#4,5.5,below primo,-1,-8,none,not assessed,short,leap-up,8,no,10,middle,no,yes,no,
Kabalevsky T05,11,89,2.5,F4,65,ɑ,Bozeman tenor-mezzo midpoint (stand-in),0.313,close,E4,0.5,below primo,-2,-9,none,not assessed,short,step,-1,no,10,middle,no,no,no,turning pitch 0 to 2 st below
Kabalevsky T05,11,90,1,D#4,63,e,Bozeman tenor-mezzo midpoint (stand-in),0.625,close,D4,1.5,below primo,-4,-11,none,not assessed,short,step,-2,no,10,middle,no,no,no,turning pitch 0 to 2 st below
Kabalevsky T05,11,90,2,D#4,63,e,Bozeman tenor-mezzo midpoint (stand-in),0.313,close,D4,1.5,below primo,-4,-11,none,not assessed,short,tie,0,no,10,last,no,no,no,turning pitch 0 to 2 st below
Kabalevsky T06,11,4,3.5,C4,60,ɪ,derived from Bozeman tenor-mezzo (stand-in),0.375,open,D4,-2.04,below primo,-7,-14,none,not assessed,short,first note,,,0,first,no,no,no,
Kabalevsky T06,11,4,4,F4,65,i,Bozeman tenor-mezzo midpoint (stand-in),0.375,above,E3,12.5,below primo,-2,-9,none,not assessed,short,leap-up,5,no,0,middle,no,no,no,
Kabalevsky T06,11,4,4.5,G4,67,i,Bozeman tenor-mezzo midpoint (stand-in),0.375,above,E3,14.5,inside,0,-7,none,not assessed,short,step,2,no,0,middle,no,yes,no,
Kabalevsky T06,11,5,1,A4,69,a,derived from Bozeman tenor-mezzo (stand-in),1.125,close,G4,2.08,inside,2,-5,none,not assessed,short,step,2,no,0,middle,no,no,no,
Kabalevsky T06,11,5,2.5,A4,69,ɑ,Bozeman tenor-mezzo midpoint (stand-in),0.375,close,E4,4.5,inside,2,-5,none,not assessed,short,repeated,0,no,0,middle,no,no,no,
Kabalevsky T06,11,5,3,G4,67,u,Bozeman tenor-mezzo midpoint (stand-in),0.375,crossing,G3,12.5,inside,0,-7,none,not assessed,short,step,-2,no,0,middle,no,yes,yes,crossing
Kabalevsky T06,11,5,3.5,A4,69,ɑ,Bozeman tenor-mezzo midpoint (stand-in),0.375,close,E4,4.5,inside,2,-5,none,not assessed,short,step,2,no,0,middle,no,no,no,
Kabalevsky T06,11,5,4,A#4,70,i,Bozeman tenor-mezzo midpoint (stand-in),0.375,above,E3,17.5,inside,3,-4,none,not assessed,short,step,1,no,0,middle,yes,no,no,highest of phrase
Kabalevsky T06,11,5,4.5,G4,67,ɑ,Bozeman tenor-mezzo midpoint (stand-in),0.375,close,E4,2.5,inside,0,-7,none,not assessed,short,leap-down,-3,no,0,middle,no,yes,no,
Kabalevsky T06,11,6,1,A4,69,o,Bozeman tenor-mezzo midpoint (stand-in),1.5,close,C#4,8.5,inside,2,-5,none,not assessed,short,step,2,no,0,middle,no,no,no,
Kabalevsky T06,11,6,3,A4,69,o,Bozeman tenor-mezzo midpoint (stand-in),0.375,close,C#4,8.5,inside,2,-5,none,not assessed,short,tie,0,no,0,middle,no,no,no,
Kabalevsky T06,11,6,3.5,A4,69,ɨ,derived from Bozeman tenor-mezzo (stand-in),0.375,close,A#3,11.11,inside,2,-5,none,not assessed,short,repeated,0,no,0,middle,no,no,no,
Kabalevsky T06,11,6,4,G4,67,o,Bozeman tenor-mezzo midpoint (stand-in),0.375,close,C#4,6.5,inside,0,-7,none,not assessed,short,step,-2,no,0,middle,no,yes,no,
Kabalevsky T06,11,6,4.5,F4,65,ɨ,derived from Bozeman tenor-mezzo (stand-in),0.375,close,A#3,7.11,below primo,-2,-9,none,not assessed,short,step,-2,no,0,middle,no,no,no,
Kabalevsky T06,11,7,1,G4,67,ɨ,derived from Bozeman tenor-mezzo (stand-in),0.375,close,A#3,9.11,inside,0,-7,none,not assessed,short,step,2,no,0,middle,no,yes,no,
Kabalevsky T06,11,7,1.5,G4,67,ɑ,Bozeman tenor-mezzo midpoint (stand-in),0.375,close,E4,2.5,inside,0,-7,none,not assessed,short,repeated,0,no,0,middle,no,yes,no,
Kabalevsky T06,11,7,2,G4,67,o,Bozeman tenor-mezzo midpoint (stand-in),0.75,close,C#4,6.5,inside,0,-7,none,not assessed,short,repeated,0,no,0,middle,no,yes,no,
Kabalevsky T06,11,7,3,G4,67,o,Bozeman tenor-mezzo midpoint (stand-in),0.375,close,C#4,6.5,inside,0,-7,none,not assessed,short,tie,0,no,0,middle,no,yes,no,
Kabalevsky T06,11,7,3.5,G4,67,ɑ,Bozeman tenor-mezzo midpoint (stand-in),0.375,close,E4,2.5,inside,0,-7,none,not assessed,short,repeated,0,no,0,middle,no,yes,no,
Kabalevsky T06,11,7,4,F4,65,ɑ,Bozeman tenor-mezzo midpoint (stand-in),0.375,close,E4,0.5,below primo,-2,-9,none,not assessed,short,step,-2,no,0,middle,no,no,no,turning pitch 0 to 2 st below
Kabalevsky T06,11,7,4.5,E4,64,ɨ,derived from Bozeman tenor-mezzo (stand-in),0.375,close,A#3,6.11,below primo,-3,-10,none,not assessed,short,step,-1,no,0,middle,no,no,no,
Kabalevsky T06,11,8,1,F4,65,o,Bozeman tenor-mezzo midpoint (stand-in),1.5,close,C#4,4.5,below primo,-2,-9,none,not assessed,short,step,1,no,0,last,no,no,no,
Kabalevsky T06,11,8,3.5,A3,57,ɑ,Bozeman tenor-mezzo midpoint (stand-in),0.375,open,E4,-7.5,below primo,-10,-17,3,not assessed,short,leap-down,-8,yes,1,first,no,no,no,
Kabalevsky T06,11,8,4,D4,62,ɑ,Bozeman tenor-mezzo midpoint (stand-in),0.375,open,E4,-2.5,below primo,-5,-12,none,not assessed,short,leap-up,5,no,1,middle,no,no,no,
Kabalevsky T06,11,8,4.5,E4,64,ɨ,derived from Bozeman tenor-mezzo (stand-in),0.375,close,A#3,6.11,below primo,-3,-10,none,not assessed,short,step,2,no,1,middle,no,no,no,
Kabalevsky T06,11,9,1,F4,65,e,Bozeman tenor-mezzo midpoint (stand-in),1.125,close,D4,3.5,below primo,-2,-9,none,not assessed,short,step,1,no,1,middle,no,no,no,
Kabalevsky T06,11,9,2.5,F4,65,ɑ,Bozeman tenor-mezzo midpoint (stand-in),0.375,close,E4,0.5,below primo,-2,-9,none,not assessed,short,repeated,0,no,1,middle,no,no,no,turning pitch 0 to 2 st below
Kabalevsky T06,11,9,3,E4,64,u,Bozeman tenor-mezzo midpoint (stand-in),0.375,close,G3,9.5,below primo,-3,-10,none,not assessed,short,step,-1,no,1,middle,no,no,no,
Kabalevsky T06,11,9,3.5,F4,65,ɨ,derived from Bozeman tenor-mezzo (stand-in),0.375,close,A#3,7.11,below primo,-2,-9,none,not assessed,short,step,1,no,1,middle,no,no,no,
Kabalevsky T06,11,9,4,G4,67,o,Bozeman tenor-mezzo midpoint (stand-in),0.375,close,C#4,6.5,inside,0,-7,none,not assessed,short,step,2,no,1,middle,no,yes,no,
Kabalevsky T06,11,9,4.5,E4,64,ɑ,Bozeman tenor-mezzo midpoint (stand-in),0.375,open,E4,-0.5,below primo,-3,-10,none,not assessed,short,leap-down,-3,no,1,middle,no,no,no,
Kabalevsky T06,11,10,1,A4,69,o,Bozeman tenor-mezzo midpoint (stand-in),1.5,close,C#4,8.5,inside,2,-5,none,not assessed,short,leap-up,5,no,1,middle,no,no,no,
Kabalevsky T06,11,10,3,A4,69,o,Bozeman tenor-mezzo midpoint (stand-in),0.375,close,C#4,8.5,inside,2,-5,none,not assessed,short,tie,0,no,1,middle,no,no,no,
Kabalevsky T06,11,10,3.5,G#4,68,u,Bozeman tenor-mezzo midpoint (stand-in),0.375,above,G3,13.5,inside,1,-6,none,not assessed,short,step,-1,no,1,middle,no,yes,no,
Kabalevsky T06,11,10,4,A4,69,u,Bozeman tenor-mezzo midpoint (stand-in),0.375,above,G3,14.5,inside,2,-5,none,not assessed,short,step,1,no,1,middle,no,no,no,
Kabalevsky T06,11,10,4.5,B4,71,ɪ,derived from Bozeman tenor-mezzo (stand-in),0.375,close,D4,8.96,inside,4,-3,none,not assessed,short,step,2,no,1,middle,no,no,no,
Kabalevsky T06,11,11,1,C5,72,o,Bozeman tenor-mezzo midpoint (stand-in),0.375,close,C#4,11.5,inside,5,-2,none,not assessed,short,step,1,no,1,middle,yes,no,no,highest of phrase
Kabalevsky T06,11,11,1.5,A4,69,o,Bozeman tenor-mezzo midpoint (stand-in),0.375,close,C#4,8.5,inside,2,-5,none,not assessed,short,leap-down,-3,no,1,middle,no,no,no,
Kabalevsky T06,11,11,2,E4,64,ʌ,derived from Bozeman tenor-mezzo (stand-in),0.375,open,E4,-0.5,below primo,-3,-10,none,not assessed,short,leap-down,-5,no,1,middle,no,no,no,
Kabalevsky T06,11,11,2.5,F4,65,i,Bozeman tenor-mezzo midpoint (stand-in),0.375,above,E3,12.5,below primo,-2,-9,none,not assessed,short,step,1,no,1,middle,no,no,no,
Kabalevsky T06,11,11,3,E4,64,ɑ,Bozeman tenor-mezzo midpoint (stand-in),1.125,open,E4,-0.5,below primo,-3,-10,none,not assessed,short,step,-1,no,1,middle,no,no,no,
Kabalevsky T06,11,11,4.5,D4,62,ɑ,Bozeman tenor-mezzo midpoint (stand-in),0.375,open,E4,-2.5,below primo,-5,-12,none,not assessed,short,step,-2,no,1,middle,no,no,no,
Kabalevsky T06,11,12,1,E4,64,o,Bozeman tenor-mezzo midpoint (stand-in),3,close,C#4,3.5,below primo,-3,-10,none,not assessed,held,step,2,no,1,middle,no,no,no,held
Kabalevsky T06,11,13,1,E4,64,o,Bozeman tenor-mezzo midpoint (stand-in),0.375,close,C#4,3.5,below primo,-3,-10,none,not assessed,held,tie,0,no,1,last,no,no,no,held
Kabalevsky T06,11,13,3.5,A4,69,i,Bozeman tenor-mezzo midpoint (stand-in),0.375,above,E3,16.5,inside,2,-5,none,not assessed,short,leap-up,5,yes,2,first,no,no,no,
Kabalevsky T06,11,13,4,A4,69,ɛ,Bozeman tenor-mezzo midpoint (stand-in),0.375,close,D#4,6.5,inside,2,-5,none,not assessed,short,repeated,0,no,2,middle,no,no,no,
Kabalevsky T06,11,13,4.5,A4,69,i,Bozeman tenor-mezzo midpoint (stand-in),0.375,above,E3,16.5,inside,2,-5,none,not assessed,short,repeated,0,no,2,middle,no,no,no,
Kabalevsky T06,11,14,1,A4,69,o,Bozeman tenor-mezzo midpoint (stand-in),0.375,close,C#4,8.5,inside,2,-5,none,not assessed,short,repeated,0,no,2,middle,no,no,no,
Kabalevsky T06,11,14,1.5,A#4,70,ʌ,derived from Bozeman tenor-mezzo (stand-in),0.375,close,E4,5.5,inside,3,-4,none,not assessed,short,step,1,no,2,middle,no,no,no,
Kabalevsky T06,11,14,2,A#4,70,ʌ,derived from Bozeman tenor-mezzo (stand-in),0.375,close,E4,5.5,inside,3,-4,none,not assessed,short,repeated,0,no,2,middle,no,no,no,
Kabalevsky T06,11,14,2.5,A#4,70,ɑ,Bozeman tenor-mezzo midpoint (stand-in),0.375,close,E4,5.5,inside,3,-4,none,not assessed,short,repeated,0,no,2,middle,no,no,no,
Kabalevsky T06,11,14,3,A#4,70,ɑ,Bozeman tenor-mezzo midpoint (stand-in),0.375,close,E4,5.5,inside,3,-4,none,not assessed,short,repeated,0,no,2,middle,no,no,no,
Kabalevsky T06,11,14,3.5,A4,69,ɑ,Bozeman tenor-mezzo midpoint (stand-in),0.375,close,E4,4.5,inside,2,-5,none,not assessed,short,step,-1,no,2,middle,no,no,no,
Kabalevsky T06,11,14,4,A4,69,ɑ,Bozeman tenor-mezzo midpoint (stand-in),0.375,close,E4,4.5,inside,2,-5,none,not assessed,short,repeated,0,no,2,middle,no,no,no,
Kabalevsky T06,11,14,4.5,A4,69,ɑ,Bozeman tenor-mezzo midpoint (stand-in),0.375,close,E4,4.5,inside,2,-5,none,not assessed,short,repeated,0,no,2,middle,no,no,no,
Kabalevsky T06,11,15,1,D5,74,o,Bozeman tenor-mezzo midpoint (stand-in),0.375,above,C#4,13.5,inside,7,0,none,not assessed,short,leap-up,5,no,2,middle,yes,yes,yes,highest of phrase
Kabalevsky T06,11,15,1.5,A#4,70,i,Bozeman tenor-mezzo midpoint (stand-in),0.375,above,E3,17.5,inside,3,-4,none,not assessed,short,leap-down,-4,no,2,middle,no,no,no,
Kabalevsky T06,11,15,2,A#4,70,ɑ,Bozeman tenor-mezzo midpoint (stand-in),0.375,close,E4,5.5,inside,3,-4,none,not assessed,short,repeated,0,no,2,middle,no,no,no,
Kabalevsky T06,11,15,2.5,A4,69,ɨ,derived from Bozeman tenor-mezzo (stand-in),0.375,close,A#3,11.11,inside,2,-5,none,not assessed,short,step,-1,no,2,middle,no,no,no,
Kabalevsky T06,11,15,3,G4,67,o,Bozeman tenor-mezzo midpoint (stand-in),1.5,close,C#4,6.5,inside,0,-7,none,not assessed,short,step,-2,no,2,middle,no,yes,no,
Kabalevsky T06,11,16,1,G4,67,o,Bozeman tenor-mezzo midpoint (stand-in),0.375,close,C#4,6.5,inside,0,-7,none,not assessed,short,tie,0,no,2,middle,no,yes,no,
Kabalevsky T06,11,16,1.5,G4,67,i,Bozeman tenor-mezzo midpoint (stand-in),0.375,above,E3,14.5,inside,0,-7,none,not assessed,short,repeated,0,no,2,middle,no,yes,no,
Kabalevsky T06,11,16,2,A4,69,ʌ,derived from Bozeman tenor-mezzo (stand-in),0.375,close,E4,4.5,inside,2,-5,none,not assessed,short,step,2,no,2,middle,no,no,no,
Kabalevsky T06,11,16,2.5,A#4,70,ɑ,Bozeman tenor-mezzo midpoint (stand-in),0.375,close,E4,5.5,inside,3,-4,none,not assessed,short,step,1,no,2,middle,no,no,no,
Kabalevsky T06,11,16,3,A4,69,u,Bozeman tenor-mezzo midpoint (stand-in),0.375,above,G3,14.5,inside,2,-5,none,not assessed,short,step,-1,no,2,middle,no,no,no,
Kabalevsky T06,11,16,3.5,G4,67,u,Bozeman tenor-mezzo midpoint (stand-in),0.375,crossing,G3,12.5,inside,0,-7,none,not assessed,short,step,-2,no,2,middle,no,yes,yes,crossing
Kabalevsky T06,11,16,4,G4,67,ɑ,Bozeman tenor-mezzo midpoint (stand-in),0.375,close,E4,2.5,inside,0,-7,none,not assessed,short,repeated,0,no,2,middle,no,yes,no,
Kabalevsky T06,11,16,4.5,G4,67,ɑ,Bozeman tenor-mezzo midpoint (stand-in),0.375,close,E4,2.5,inside,0,-7,none,not assessed,short,repeated,0,no,2,middle,no,yes,no,
Kabalevsky T06,11,17,1,C5,72,ɑ,Bozeman tenor-mezzo midpoint (stand-in),0.375,close,E4,7.5,inside,5,-2,none,not assessed,short,leap-up,5,no,2,middle,no,no,no,
Kabalevsky T06,11,17,1.5,F4,65,u,Bozeman tenor-mezzo midpoint (stand-in),0.375,close,G3,10.5,below primo,-2,-9,none,not assessed,short,leap-down,-7,no,2,middle,no,no,no,
Kabalevsky T06,11,17,2,F4,65,i,Bozeman tenor-mezzo midpoint (stand-in),0.375,above,E3,12.5,below primo,-2,-9,none,not assessed,short,repeated,0,no,2,middle,no,no,no,
Kabalevsky T06,11,17,2.5,F4,65,i,Bozeman tenor-mezzo midpoint (stand-in),0.375,above,E3,12.5,below primo,-2,-9,none,not assessed,short,repeated,0,no,2,middle,no,no,no,
Kabalevsky T06,11,17,3,F4,65,o,Bozeman tenor-mezzo midpoint (stand-in),0.375,close,C#4,4.5,below primo,-2,-9,none,not assessed,short,repeated,0,no,2,middle,no,no,no,
Kabalevsky T06,11,17,3.5,E4,64,ɑ,Bozeman tenor-mezzo midpoint (stand-in),0.375,open,E4,-0.5,below primo,-3,-10,none,not assessed,short,step,-1,no,2,middle,no,no,no,
Kabalevsky T06,11,17,4,E4,64,ɑ,Bozeman tenor-mezzo midpoint (stand-in),0.75,open,E4,-0.5,below primo,-3,-10,none,not assessed,short,repeated,0,no,2,middle,no,no,no,
Kabalevsky T06,11,18,1,E4,64,ɑ,Bozeman tenor-mezzo midpoint (stand-in),0.75,open,E4,-0.5,below primo,-3,-10,none,not assessed,short,tie,0,no,2,middle,no,no,no,
Kabalevsky T06,11,18,2,E4,64,ɑ,Bozeman tenor-mezzo midpoint (stand-in),0.75,open,E4,-0.5,below primo,-3,-10,none,not assessed,short,repeated,0,no,2,middle,no,no,no,
Kabalevsky T06,11,18,3,C5,72,e,Bozeman tenor-mezzo midpoint (stand-in),0.375,close,D4,10.5,inside,5,-2,none,not assessed,short,leap-up,8,no,2,middle,no,no,no,
Kabalevsky T06,11,18,3.5,D4,62,i,Bozeman tenor-mezzo midpoint (stand-in),0.375,close,E3,9.5,below primo,-5,-12,none,not assessed,short,leap-down,-10,no,2,middle,no,no,no,
Kabalevsky T06,11,18,4,D4,62,u,Bozeman tenor-mezzo midpoint (stand-in),0.375,close,G3,7.5,below primo,-5,-12,none,not assessed,short,repeated,0,no,2,middle,no,no,no,
Kabalevsky T06,11,18,4.5,D4,62,ɪ,derived from Bozeman tenor-mezzo (stand-in),0.375,open,D4,-0.04,below primo,-5,-12,none,not assessed,short,repeated,0,no,2,middle,no,no,no,
Kabalevsky T06,11,19,1,E4,64,o,Bozeman tenor-mezzo midpoint (stand-in),0.375,close,C#4,3.5,below primo,-3,-10,none,not assessed,short,step,2,no,2,middle,no,no,no,
Kabalevsky T06,11,19,1.5,D4,62,u,Bozeman tenor-mezzo midpoint (stand-in),0.375,close,G3,7.5,below primo,-5,-12,none,not assessed,short,step,-2,no,2,middle,no,no,no,
Kabalevsky T06,11,19,2,F4,65,ʌ,derived from Bozeman tenor-mezzo (stand-in),0.375,close,E4,0.5,below primo,-2,-9,none,not assessed,short,leap-up,3,no,2,middle,no,no,no,turning pitch 0 to 2 st below
Kabalevsky T06,11,19,2.5,A#4,70,ɪ,derived from Bozeman tenor-mezzo (stand-in),0.375,close,D4,7.96,inside,3,-4,none,not assessed,short,leap-up,5,no,2,middle,no,no,no,
Kabalevsky T06,11,19,3,A4,69,u,Bozeman tenor-mezzo midpoint (stand-in),1.5,above,G3,14.5,inside,2,-5,none,not assessed,short,step,-1,no,2,middle,no,no,no,
Kabalevsky T06,11,20,1,A4,69,u,Bozeman tenor-mezzo midpoint (stand-in),0.375,above,G3,14.5,inside,2,-5,none,not assessed,short,tie,0,no,2,last,no,no,no,
Kabalevsky T06,11,20,2.5,G4,67,ɑ,Bozeman tenor-mezzo midpoint (stand-in),0.375,close,E4,2.5,inside,0,-7,none,not assessed,short,step,-2,yes,3,first,no,yes,no,
Kabalevsky T06,11,21,1,A4,69,o,Bozeman tenor-mezzo midpoint (stand-in),0.375,close,C#4,8.5,inside,2,-5,none,not assessed,short,step,2,no,3,middle,no,no,no,
Kabalevsky T06,11,21,1.5,A4,69,i,Bozeman tenor-mezzo midpoint (stand-in),0.375,above,E3,16.5,inside,2,-5,none,not assessed,short,repeated,0,no,3,middle,no,no,no,
Kabalevsky T06,11,21,2,A4,69,ɨ,derived from Bozeman tenor-mezzo (stand-in),0.375,close,A#3,11.11,inside,2,-5,none,not assessed,short,repeated,0,no,3,middle,no,no,no,
Kabalevsky T06,11,21,2.5,A4,69,u,Bozeman tenor-mezzo midpoint (stand-in),0.375,above,G3,14.5,inside,2,-5,none,not assessed,short,repeated,0,no,3,middle,no,no,no,
Kabalevsky T06,11,21,3,G4,67,ɑ,Bozeman tenor-mezzo midpoint (stand-in),0.375,close,E4,2.5,inside,0,-7,none,not assessed,short,step,-2,no,3,middle,no,yes,no,
Kabalevsky T06,11,21,3.5,A4,69,ɪ,derived from Bozeman tenor-mezzo (stand-in),0.375,close,D4,6.96,inside,2,-5,none,not assessed,short,step,2,no,3,middle,no,no,no,
Kabalevsky T06,11,21,4,A#4,70,ɑ,Bozeman tenor-mezzo midpoint (stand-in),0.375,close,E4,5.5,inside,3,-4,none,not assessed,short,step,1,no,3,middle,yes,no,no,highest of phrase
Kabalevsky T06,11,21,4.5,G4,67,ɨ,derived from Bozeman tenor-mezzo (stand-in),0.375,close,A#3,9.11,inside,0,-7,none,not assessed,short,leap-down,-3,no,3,middle,no,yes,no,
Kabalevsky T06,11,22,1,A4,69,o,Bozeman tenor-mezzo midpoint (stand-in),1.125,close,C#4,8.5,inside,2,-5,none,not assessed,short,step,2,no,3,middle,no,no,no,
Kabalevsky T06,11,22,2.5,A4,69,ɪ,derived from Bozeman tenor-mezzo (stand-in),0.375,close,D4,6.96,inside,2,-5,none,not assessed,short,repeated,0,no,3,middle,no,no,no,
Kabalevsky T06,11,23,1,G4,67,o,Bozeman tenor-mezzo midpoint (stand-in),0.375,close,C#4,6.5,inside,0,-7,none,not assessed,short,step,-2,no,3,middle,no,yes,no,
Kabalevsky T06,11,23,1.5,G4,67,ɪ,derived from Bozeman tenor-mezzo (stand-in),0.375,close,D4,4.96,inside,0,-7,none,not assessed,short,repeated,0,no,3,middle,no,yes,no,
Kabalevsky T06,11,23,2,G4,67,i,Bozeman tenor-mezzo midpoint (stand-in),0.375,above,E3,14.5,inside,0,-7,none,not assessed,short,repeated,0,no,3,middle,no,yes,no,
Kabalevsky T06,11,23,2.5,G4,67,ɪ,derived from Bozeman tenor-mezzo (stand-in),0.375,close,D4,4.96,inside,0,-7,none,not assessed,short,repeated,0,no,3,middle,no,yes,no,
Kabalevsky T06,11,23,3,G4,67,ɑ,Bozeman tenor-mezzo midpoint (stand-in),0.375,close,E4,2.5,inside,0,-7,none,not assessed,short,repeated,0,no,3,middle,no,yes,no,
Kabalevsky T06,11,23,3.5,G4,67,i,Bozeman tenor-mezzo midpoint (stand-in),0.375,above,E3,14.5,inside,0,-7,none,not assessed,short,repeated,0,no,3,middle,no,yes,no,
Kabalevsky T06,11,23,4,F4,65,ʌ,derived from Bozeman tenor-mezzo (stand-in),0.375,close,E4,0.5,below primo,-2,-9,none,not assessed,short,step,-2,no,3,middle,no,no,no,turning pitch 0 to 2 st below
Kabalevsky T06,11,23,4.5,E4,64,i,Bozeman tenor-mezzo midpoint (stand-in),0.375,crossing,E3,11.5,below primo,-3,-10,none,not assessed,short,step,-1,no,3,middle,no,no,no,crossing
Kabalevsky T06,11,24,1,F4,65,ɨ,derived from Bozeman tenor-mezzo (stand-in),1.5,close,A#3,7.11,below primo,-2,-9,none,not assessed,short,step,1,no,3,last,no,no,no,
Kabalevsky T06,11,24,3.5,A3,57,i,Bozeman tenor-mezzo midpoint (stand-in),0.375,close,E3,4.5,below primo,-10,-17,none,not assessed,short,leap-down,-8,yes,4,first,no,no,no,
Kabalevsky T06,11,24,4,D4,62,i,Bozeman tenor-mezzo midpoint (stand-in),0.375,close,E3,9.5,below primo,-5,-12,none,not assessed,short,leap-up,5,no,4,middle,no,no,no,
Kabalevsky T06,11,24,4.5,E4,64,ɑ,Bozeman tenor-mezzo midpoint (stand-in),0.375,open,E4,-0.5,below primo,-3,-10,none,not assessed,short,step,2,no,4,middle,no,no,no,
Kabalevsky T06,11,25,1,F4,65,ɑ,Bozeman tenor-mezzo midpoint (stand-in),1.125,close,E4,0.5,below primo,-2,-9,none,not assessed,short,step,1,no,4,middle,no,no,no,turning pitch 0 to 2 st below
Kabalevsky T06,11,25,2.5,F4,65,ɪ,derived from Bozeman tenor-mezzo (stand-in),0.375,close,D4,2.96,below primo,-2,-9,none,not assessed,short,repeated,0,no,4,middle,no,no,no,
Kabalevsky T06,11,25,3,E4,64,ʌ,derived from Bozeman tenor-mezzo (stand-in),0.375,open,E4,-0.5,below primo,-3,-10,none,not assessed,short,step,-1,no,4,middle,no,no,no,
Kabalevsky T06,11,25,3.5,F4,65,ɑ,Bozeman tenor-mezzo midpoint (stand-in),0.375,close,E4,0.5,below primo,-2,-9,none,not assessed,short,step,1,no,4,middle,no,no,no,turning pitch 0 to 2 st below
Kabalevsky T06,11,25,4,G4,67,i,Bozeman tenor-mezzo midpoint (stand-in),0.375,above,E3,14.5,inside,0,-7,none,not assessed,short,step,2,no,4,middle,no,yes,no,
Kabalevsky T06,11,25,4.5,E4,64,none resolved,not assessed,0.375,not assessed,not assessed,not assessed,below primo,-3,-10,not assessed,not assessed,short,leap-down,-3,no,4,middle,no,no,no,
Kabalevsky T06,11,26,1,A4,69,o,Bozeman tenor-mezzo midpoint (stand-in),1.5,close,C#4,8.5,inside,2,-5,none,not assessed,short,leap-up,5,no,4,middle,no,no,no,
Kabalevsky T06,11,26,3,A4,69,o,Bozeman tenor-mezzo midpoint (stand-in),0.375,close,C#4,8.5,inside,2,-5,none,not assessed,short,tie,0,no,4,middle,no,no,no,
Kabalevsky T06,11,26,3.5,G#4,68,ɨ,derived from Bozeman tenor-mezzo (stand-in),0.375,close,A#3,10.11,inside,1,-6,none,not assessed,short,step,-1,no,4,middle,no,yes,no,
Kabalevsky T06,11,26,4,A4,69,ɑ,Bozeman tenor-mezzo midpoint (stand-in),0.375,close,E4,4.5,inside,2,-5,none,not assessed,short,step,1,no,4,middle,no,no,no,
Kabalevsky T06,11,26,4.5,B4,71,ɪ,derived from Bozeman tenor-mezzo (stand-in),0.375,close,D4,8.96,inside,4,-3,none,not assessed,short,step,2,no,4,middle,no,no,no,
Kabalevsky T06,11,27,1,C5,72,e,Bozeman tenor-mezzo midpoint (stand-in),1.125,close,D4,10.5,inside,5,-2,none,not assessed,short,step,1,no,4,middle,yes,no,no,highest of phrase
Kabalevsky T06,11,27,2.5,A4,69,i,Bozeman tenor-mezzo midpoint (stand-in),0.375,above,E3,16.5,inside,2,-5,none,not assessed,short,leap-down,-3,no,4,middle,no,no,no,
Kabalevsky T06,11,27,3,E4,64,ʌ,derived from Bozeman tenor-mezzo (stand-in),0.375,open,E4,-0.5,below primo,-3,-10,none,not assessed,short,leap-down,-5,no,4,middle,no,no,no,
Kabalevsky T06,11,27,3.5,E4,64,ɑ,Bozeman tenor-mezzo midpoint (stand-in),0.375,open,E4,-0.5,below primo,-3,-10,none,not assessed,short,repeated,0,no,4,middle,no,no,no,
Kabalevsky T06,11,27,4,E4,64,ɑ,Bozeman tenor-mezzo midpoint (stand-in),0.375,open,E4,-0.5,below primo,-3,-10,none,not assessed,short,repeated,0,no,4,middle,no,no,no,
Kabalevsky T06,11,27,4.5,F4,65,i,Bozeman tenor-mezzo midpoint (stand-in),0.375,above,E3,12.5,below primo,-2,-9,none,not assessed,short,step,1,no,4,middle,no,no,no,
Kabalevsky T06,11,28,1,E4,64,ɨ,derived from Bozeman tenor-mezzo (stand-in),3,close,A#3,6.11,below primo,-3,-10,none,not assessed,held,step,-1,no,4,middle,no,no,no,held
Kabalevsky T06,11,29,1,E4,64,ɨ,derived from Bozeman tenor-mezzo (stand-in),0.375,close,A#3,6.11,below primo,-3,-10,none,not assessed,held,tie,0,no,4,last,no,no,no,held
Kabalevsky T06,11,30,2,C4,60,o,Bozeman tenor-mezzo midpoint (stand-in),0.75,open,C#4,-0.5,below primo,-7,-14,none,not assessed,short,leap-down,-4,yes,5,first,no,no,no,
Kabalevsky T06,11,30,3,C5,72,u,Bozeman tenor-mezzo midpoint (stand-in),1.5,above,G3,17.5,inside,5,-2,none,not assessed,short,leap-up,12,no,5,middle,yes,no,no,highest of phrase
Kabalevsky T06,11,31,1,C5,72,u,Bozeman tenor-mezzo midpoint (stand-in),0.375,above,G3,17.5,inside,5,-2,none,not assessed,short,tie,0,no,5,middle,yes,no,no,highest of phrase
Kabalevsky T06,11,31,1.5,A4,69,ɑ,Bozeman tenor-mezzo midpoint (stand-in),0.375,close,E4,4.5,inside,2,-5,none,not assessed,short,leap-down,-3,no,5,middle,no,no,no,
Kabalevsky T06,11,31,2,G4,67,ɑ,Bozeman tenor-mezzo midpoint (stand-in),0.375,close,E4,2.5,inside,0,-7,none,not assessed,short,step,-2,no,5,middle,no,yes,no,
Kabalevsky T06,11,31,2.5,F4,65,ɑ,Bozeman tenor-mezzo midpoint (stand-in),0.375,close,E4,0.5,below primo,-2,-9,none,not assessed,short,step,-2,no,5,middle,no,no,no,turning pitch 0 to 2 st below
Kabalevsky T06,11,31,3,E4,64,ɑ,Bozeman tenor-mezzo midpoint (stand-in),0.375,open,E4,-0.5,below primo,-3,-10,none,not assessed,short,step,-1,no,5,middle,no,no,no,
Kabalevsky T06,11,31,3.5,D4,62,ɪ,derived from Bozeman tenor-mezzo (stand-in),0.375,open,D4,-0.04,below primo,-5,-12,none,not assessed,short,step,-2,no,5,middle,no,no,no,
Kabalevsky T06,11,31,4,G4,67,o,Bozeman tenor-mezzo midpoint (stand-in),0.375,close,C#4,6.5,inside,0,-7,none,not assessed,short,leap-up,5,no,5,middle,no,yes,no,
Kabalevsky T06,11,31,4.5,A4,69,ɑ,Bozeman tenor-mezzo midpoint (stand-in),0.375,close,E4,4.5,inside,2,-5,none,not assessed,short,step,2,no,5,middle,no,no,no,
Kabalevsky T06,11,32,1,A#4,70,ɛ,Bozeman tenor-mezzo midpoint (stand-in),1.5,close,D#4,7.5,inside,3,-4,none,not assessed,short,step,1,no,5,middle,no,no,no,
Kabalevsky T06,11,32,3,A#4,70,ɛ,Bozeman tenor-mezzo midpoint (stand-in),0.375,close,D#4,7.5,inside,3,-4,none,not assessed,short,tie,0,no,5,middle,no,no,no,
Kabalevsky T06,11,32,3.5,A#4,70,u,Bozeman tenor-mezzo midpoint (stand-in),0.375,above,G3,15.5,inside,3,-4,none,not assessed,short,repeated,0,no,5,middle,no,no,no,
Kabalevsky T06,11,32,4,A4,69,ɑ,Bozeman tenor-mezzo midpoint (stand-in),0.375,close,E4,4.5,inside,2,-5,none,not assessed,short,step,-1,no,5,middle,no,no,no,
Kabalevsky T06,11,32,4.5,A#4,70,ɑ,Bozeman tenor-mezzo midpoint (stand-in),0.375,close,E4,5.5,inside,3,-4,none,not assessed,short,step,1,no,5,middle,no,no,no,
Kabalevsky T06,11,33,1,G4,67,ɑ,Bozeman tenor-mezzo midpoint (stand-in),3,close,E4,2.5,inside,0,-7,none,not assessed,held,leap-down,-3,no,5,middle,no,yes,yes,held
Kabalevsky T06,11,34,1,C5,72,ɨ,derived from Bozeman tenor-mezzo (stand-in),0.75,above,A#3,14.11,inside,5,-2,none,not assessed,short,leap-up,5,no,5,middle,yes,no,no,highest of phrase
Kabalevsky T06,11,34,2,G4,67,u,Bozeman tenor-mezzo midpoint (stand-in),0.375,crossing,G3,12.5,inside,0,-7,none,not assessed,short,leap-down,-5,no,5,middle,no,yes,yes,crossing
Kabalevsky T06,11,34,2.5,G4,67,i,Bozeman tenor-mezzo midpoint (stand-in),0.375,above,E3,14.5,inside,0,-7,none,not assessed,short,repeated,0,no,5,middle,no,yes,no,
Kabalevsky T06,11,34,3,A#4,70,ɑ,Bozeman tenor-mezzo midpoint (stand-in),1.125,close,E4,5.5,inside,3,-4,none,not assessed,short,leap-up,3,no,5,middle,no,no,no,
Kabalevsky T06,11,34,4.5,F4,65,ɑ,Bozeman tenor-mezzo midpoint (stand-in),0.375,close,E4,0.5,below primo,-2,-9,none,not assessed,short,leap-down,-5,no,5,middle,no,no,no,turning pitch 0 to 2 st below
Kabalevsky T06,11,35,1,A4,69,ɛ,Bozeman tenor-mezzo midpoint (stand-in),3,close,D#4,6.5,inside,2,-5,none,not assessed,held,leap-up,4,no,5,middle,no,no,no,held
Kabalevsky T06,11,36,1,A4,69,ɛ,Bozeman tenor-mezzo midpoint (stand-in),3,close,D#4,6.5,inside,2,-5,none,not assessed,held,tie,0,no,5,middle,no,no,no,held
Kabalevsky T06,11,37,1,A4,69,ɛ,Bozeman tenor-mezzo midpoint (stand-in),0.375,close,D#4,6.5,inside,2,-5,none,not assessed,held,tie,0,no,5,last,no,no,no,held
Kabalevsky T07,12,2,6,G4,67,ɨ,derived from Bozeman tenor-mezzo (stand-in),0.357,close,A#3,9.11,inside,0,-7,none,not assessed,short,first note,,,0,first,no,yes,no,
Kabalevsky T07,12,3,1,G4,67,u,Bozeman tenor-mezzo midpoint (stand-in),0.714,crossing,G3,12.5,inside,0,-7,none,not assessed,short,repeated,0,no,0,middle,no,yes,yes,crossing
Kabalevsky T07,12,3,3,E4,64,ɨ,derived from Bozeman tenor-mezzo (stand-in),0.357,close,A#3,6.11,below primo,-3,-10,none,not assessed,short,leap-down,-3,no,0,middle,no,no,no,
Kabalevsky T07,12,3,4,E4,64,ʌ,derived from Bozeman tenor-mezzo (stand-in),0.714,open,E4,-0.5,below primo,-3,-10,none,not assessed,short,repeated,0,no,0,middle,no,no,no,
Kabalevsky T07,12,3,6,G4,67,o,Bozeman tenor-mezzo midpoint (stand-in),0.357,close,C#4,6.5,inside,0,-7,none,not assessed,short,leap-up,3,no,0,middle,no,yes,no,
Kabalevsky T07,12,4,1,C5,72,u,Bozeman tenor-mezzo midpoint (stand-in),0.714,above,G3,17.5,inside,5,-2,none,not assessed,short,leap-up,5,no,0,middle,yes,no,no,highest of phrase
Kabalevsky T07,12,4,3,B4,71,ɑ,Bozeman tenor-mezzo midpoint (stand-in),0.357,close,E4,6.5,inside,4,-3,none,not assessed,short,step,-1,no,0,middle,no,no,no,
Kabalevsky T07,12,4,4,A4,69,u,Bozeman tenor-mezzo midpoint (stand-in),0.714,above,G3,14.5,inside,2,-5,none,not assessed,short,step,-2,no,0,middle,no,no,no,
Kabalevsky T07,12,4,6,E4,64,ɨ,derived from Bozeman tenor-mezzo (stand-in),0.357,close,A#3,6.11,below primo,-3,-10,none,not assessed,short,leap-down,-5,no,0,middle,no,no,no,
Kabalevsky T07,12,5,1,F4,65,ɑ,Bozeman tenor-mezzo midpoint (stand-in),0.714,close,E4,0.5,below primo,-2,-9,none,not assessed,short,step,1,no,0,middle,no,no,no,turning pitch 0 to 2 st below
Kabalevsky T07,12,5,3,E4,64,ɑ,Bozeman tenor-mezzo midpoint (stand-in),0.357,open,E4,-0.5,below primo,-3,-10,none,not assessed,short,step,-1,no,0,middle,no,no,no,
Kabalevsky T07,12,5,4,D4,62,ɨ,derived from Bozeman tenor-mezzo (stand-in),0.714,close,A#3,4.11,below primo,-5,-12,none,not assessed,short,step,-2,no,0,middle,no,no,no,
Kabalevsky T07,12,5,6,F4,65,ɨ,derived from Bozeman tenor-mezzo (stand-in),0.357,close,A#3,7.11,below primo,-2,-9,none,not assessed,short,leap-up,3,no,0,middle,no,no,no,
Kabalevsky T07,12,6,1,E4,64,ɛ,Bozeman tenor-mezzo midpoint (stand-in),0.536,close,D#4,1.5,below primo,-3,-10,none,not assessed,short,step,-1,no,0,middle,no,no,no,turning pitch 0 to 2 st below
Kabalevsky T07,12,6,2.5,E4,64,ɪ,derived from Bozeman tenor-mezzo (stand-in),0.179,close,D4,1.96,below primo,-3,-10,none,not assessed,short,repeated,0,no,0,middle,no,no,no,turning pitch 0 to 2 st below
Kabalevsky T07,12,6,3,E4,64,ɪ,derived from Bozeman tenor-mezzo (stand-in),0.179,close,D4,1.96,below primo,-3,-10,none,not assessed,short,repeated,0,no,0,middle,no,no,no,turning pitch 0 to 2 st below
Kabalevsky T07,12,6,3.5,E4,64,ɑ,Bozeman tenor-mezzo midpoint (stand-in),0.179,open,E4,-0.5,below primo,-3,-10,none,not assessed,short,repeated,0,no,0,middle,no,no,no,
Kabalevsky T07,12,6,4,B4,71,ɑ,Bozeman tenor-mezzo midpoint (stand-in),0.536,close,E4,6.5,inside,4,-3,none,not assessed,short,leap-up,7,no,0,middle,no,no,no,
Kabalevsky T07,12,6,5.5,E4,64,ʌ,derived from Bozeman tenor-mezzo (stand-in),0.179,open,E4,-0.5,below primo,-3,-10,none,not assessed,short,leap-down,-7,no,0,middle,no,no,no,
Kabalevsky T07,12,6,6,E4,64,u,Bozeman tenor-mezzo midpoint (stand-in),0.179,close,G3,9.5,below primo,-3,-10,none,not assessed,short,repeated,0,no,0,middle,no,no,no,
Kabalevsky T07,12,6,6.5,E4,64,ɑ,Bozeman tenor-mezzo midpoint (stand-in),0.179,open,E4,-0.5,below primo,-3,-10,none,not assessed,short,repeated,0,no,0,middle,no,no,no,
Kabalevsky T07,12,7,1,A4,69,o,Bozeman tenor-mezzo midpoint (stand-in),1.071,close,C#4,8.5,inside,2,-5,none,not assessed,short,leap-up,5,no,0,middle,no,no,no,
Kabalevsky T07,12,7,4,A4,69,o,Bozeman tenor-mezzo midpoint (stand-in),0.357,close,C#4,8.5,inside,2,-5,none,not assessed,short,tie,0,no,0,last,no,no,no,
Kabalevsky T07,12,7,6,A4,69,ɑ,Bozeman tenor-mezzo midpoint (stand-in),0.357,close,E4,4.5,inside,2,-5,none,not assessed,short,repeated,0,yes,1,first,no,no,no,
Kabalevsky T07,12,8,1,C5,72,ɛ,Bozeman tenor-mezzo midpoint (stand-in),0.714,close,D#4,9.5,inside,5,-2,none,not assessed,short,leap-up,3,no,1,middle,no,no,no,
Kabalevsky T07,12,8,3,B4,71,ɨ,derived from Bozeman tenor-mezzo (stand-in),0.357,above,A#3,13.11,inside,4,-3,none,not assessed,short,step,-1,no,1,middle,no,no,no,
Kabalevsky T07,12,8,4,A4,69,u,Bozeman tenor-mezzo midpoint (stand-in),0.357,above,G3,14.5,inside,2,-5,none,not assessed,short,step,-2,no,1,middle,no,no,no,
Kabalevsky T07,12,8,5,G4,67,u,Bozeman tenor-mezzo midpoint (stand-in),0.357,crossing,G3,12.5,inside,0,-7,none,not assessed,short,step,-2,no,1,middle,no,yes,yes,crossing
Kabalevsky T07,12,8,6,F4,65,i,Bozeman tenor-mezzo midpoint (stand-in),0.357,above,E3,12.5,below primo,-2,-9,none,not assessed,short,step,-2,no,1,middle,no,no,no,
Kabalevsky T07,12,9,1,E4,64,ʌ,derived from Bozeman tenor-mezzo (stand-in),0.714,open,E4,-0.5,below primo,-3,-10,none,not assessed,short,step,-1,no,1,middle,no,no,no,
Kabalevsky T07,12,9,3,G#4,68,o,Bozeman tenor-mezzo midpoint (stand-in),0.357,close,C#4,7.5,inside,1,-6,none,not assessed,short,leap-up,4,no,1,middle,no,yes,no,
Kabalevsky T07,12,9,4,B4,71,ɑ,Bozeman tenor-mezzo midpoint (stand-in),0.714,close,E4,6.5,inside,4,-3,none,not assessed,short,leap-up,3,no,1,middle,no,no,no,
Kabalevsky T07,12,9,6,D5,74,i,Bozeman tenor-mezzo midpoint (stand-in),0.357,above,E3,21.5,inside,7,0,none,not assessed,short,leap-up,3,no,1,middle,yes,yes,yes,highest of phrase
Kabalevsky T07,12,10,1,C5,72,a,derived from Bozeman tenor-mezzo (stand-in),0.714,close,G4,5.08,inside,5,-2,none,not assessed,short,step,-2,no,1,middle,no,no,no,
Kabalevsky T07,12,10,3,B4,71,a,derived from Bozeman tenor-mezzo (stand-in),0.357,close,G4,4.08,inside,4,-3,none,not assessed,short,step,-1,no,1,middle,no,no,no,
Kabalevsky T07,12,10,4,A4,69,ʌ,derived from Bozeman tenor-mezzo (stand-in),0.536,close,E4,4.5,inside,2,-5,none,not assessed,short,step,-2,no,1,middle,no,no,no,
Kabalevsky T07,12,10,5.5,F4,65,i,Bozeman tenor-mezzo midpoint (stand-in),0.179,above,E3,12.5,below primo,-2,-9,none,not assessed,short,leap-down,-4,no,1,middle,no,no,no,
Kabalevsky T07,12,10,6,F4,65,a,derived from Bozeman tenor-mezzo (stand-in),0.179,open,G4,-1.92,below primo,-2,-9,none,not assessed,short,repeated,0,no,1,middle,no,no,no,
Kabalevsky T07,12,10,6.5,F4,65,ɪ,derived from Bozeman tenor-mezzo (stand-in),0.179,close,D4,2.96,below primo,-2,-9,none,not assessed,short,repeated,0,no,1,middle,no,no,no,
Kabalevsky T07,12,11,1,E4,64,u,Bozeman tenor-mezzo midpoint (stand-in),0.714,close,G3,9.5,below primo,-3,-10,none,not assessed,short,step,-1,no,1,middle,no,no,no,
Kabalevsky T07,12,11,3,E4,64,u,Bozeman tenor-mezzo midpoint (stand-in),0.357,close,G3,9.5,below primo,-3,-10,none,not assessed,short,repeated,0,no,1,middle,no,no,no,
Kabalevsky T07,12,11,4,E4,64,ɑ,Bozeman tenor-mezzo midpoint (stand-in),0.536,open,E4,-0.5,below primo,-3,-10,none,not assessed,short,repeated,0,no,1,middle,no,no,no,
Kabalevsky T07,12,11,5.5,E4,64,ʌ,derived from Bozeman tenor-mezzo (stand-in),0.179,open,E4,-0.5,below primo,-3,-10,none,not assessed,short,repeated,0,no,1,middle,no,no,no,
Kabalevsky T07,12,11,6,E4,64,u,Bozeman tenor-mezzo midpoint (stand-in),0.179,close,G3,9.5,below primo,-3,-10,none,not assessed,short,repeated,0,no,1,middle,no,no,no,
Kabalevsky T07,12,11,6.5,E4,64,ɑ,Bozeman tenor-mezzo midpoint (stand-in),0.179,open,E4,-0.5,below primo,-3,-10,none,not assessed,short,repeated,0,no,1,middle,no,no,no,
Kabalevsky T07,12,12,1,E4,64,o,Bozeman tenor-mezzo midpoint (stand-in),1.071,close,C#4,3.5,below primo,-3,-10,none,not assessed,short,repeated,0,no,1,middle,no,no,no,
Kabalevsky T07,12,12,4,E4,64,o,Bozeman tenor-mezzo midpoint (stand-in),0.357,close,C#4,3.5,below primo,-3,-10,none,not assessed,short,tie,0,no,1,last,no,no,no,
Kabalevsky T07,12,13,4,A4,69,ɛ,Bozeman tenor-mezzo midpoint (stand-in),1.071,close,D#4,6.5,inside,2,-5,none,not assessed,short,leap-up,5,yes,2,first,no,no,no,
Kabalevsky T07,12,14,1,A#4,70,ɑ,Bozeman tenor-mezzo midpoint (stand-in),0.714,close,E4,5.5,inside,3,-4,none,not assessed,short,step,1,no,2,middle,yes,no,no,highest of phrase
Kabalevsky T07,12,14,3,A4,69,ɑ,Bozeman tenor-mezzo midpoint (stand-in),0.357,close,E4,4.5,inside,2,-5,none,not assessed,short,step,-1,no,2,middle,no,no,no,
Kabalevsky T07,12,14,4,G4,67,ɑ,Bozeman tenor-mezzo midpoint (stand-in),0.714,close,E4,2.5,inside,0,-7,none,not assessed,short,step,-2,no,2,middle,no,yes,no,
Kabalevsky T07,12,14,6,F4,65,i,Bozeman tenor-mezzo midpoint (stand-in),0.357,above,E3,12.5,below primo,-2,-9,none,not assessed,short,step,-2,no,2,middle,no,no,no,
Kabalevsky T07,12,15,1,E4,64,i,Bozeman tenor-mezzo midpoint (stand-in),0.714,crossing,E3,11.5,below primo,-3,-10,none,not assessed,short,step,-1,no,2,middle,no,no,no,crossing
Kabalevsky T07,12,15,3,A4,69,ɑ,Bozeman tenor-mezzo midpoint (stand-in),0.357,close,E4,4.5,inside,2,-5,none,not assessed,short,leap-up,5,no,2,middle,no,no,no,
Kabalevsky T07,12,15,4,A4,69,ɛ,Bozeman tenor-mezzo midpoint (stand-in),0.714,close,D#4,6.5,inside,2,-5,none,not assessed,short,repeated,0,no,2,middle,no,no,no,
Kabalevsky T07,12,15,6,G4,67,ʌ,derived from Bozeman tenor-mezzo (stand-in),0.357,close,E4,2.5,inside,0,-7,none,not assessed,short,step,-2,no,2,middle,no,yes,no,
Kabalevsky T07,12,16,1,F4,65,u,Bozeman tenor-mezzo midpoint (stand-in),1.071,close,G3,10.5,below primo,-2,-9,none,not assessed,short,step,-2,no,2,middle,no,no,no,
Kabalevsky T07,12,16,4,C4,60,i,Bozeman tenor-mezzo midpoint (stand-in),0.357,close,E3,7.5,below primo,-7,-14,none,not assessed,short,leap-down,-5,no,2,last,no,no,no,
Kabalevsky T07,12,16,5.5,C4,60,ɪ,derived from Bozeman tenor-mezzo (stand-in),0.179,open,D4,-2.04,below primo,-7,-14,none,not assessed,short,repeated,0,yes,3,first,no,no,no,
Kabalevsky T07,12,16,6,C4,60,ʌ,derived from Bozeman tenor-mezzo (stand-in),0.179,open,E4,-4.5,below primo,-7,-14,none,not assessed,short,repeated,0,no,3,middle,no,no,no,
Kabalevsky T07,12,16,6.5,C4,60,ɑ,Bozeman tenor-mezzo midpoint (stand-in),0.179,open,E4,-4.5,below primo,-7,-14,none,not assessed,short,repeated,0,no,3,middle,no,no,no,
Kabalevsky T07,12,17,1,C#4,61,u,Bozeman tenor-mezzo midpoint (stand-in),0.714,close,G3,6.5,below primo,-6,-13,none,not assessed,short,step,1,no,3,middle,no,no,no,
Kabalevsky T07,12,17,3,C#4,61,i,Bozeman tenor-mezzo midpoint (stand-in),0.357,close,E3,8.5,below primo,-6,-13,none,not assessed,short,repeated,0,no,3,middle,no,no,no,
Kabalevsky T07,12,17,4,D4,62,u,Bozeman tenor-mezzo midpoint (stand-in),0.536,close,G3,7.5,below primo,-5,-12,none,not assessed,short,step,1,no,3,middle,no,no,no,
Kabalevsky T07,12,17,5.5,E4,64,u,Bozeman tenor-mezzo midpoint (stand-in),0.179,close,G3,9.5,below primo,-3,-10,none,not assessed,short,step,2,no,3,middle,no,no,no,
Kabalevsky T07,12,17,6,F4,65,ɨ,derived from Bozeman tenor-mezzo (stand-in),0.179,close,A#3,7.11,below primo,-2,-9,none,not assessed,short,step,1,no,3,middle,no,no,no,
Kabalevsky T07,12,17,6.5,A4,69,ɑ,Bozeman tenor-mezzo midpoint (stand-in),0.179,close,E4,4.5,inside,2,-5,none,not assessed,short,leap-up,4,no,3,middle,no,no,no,
Kabalevsky T07,12,18,1,B4,71,ɑ,Bozeman tenor-mezzo midpoint (stand-in),1.071,close,E4,6.5,inside,4,-3,none,not assessed,short,step,2,no,3,middle,no,no,no,
Kabalevsky T07,12,18,4,B4,71,ɑ,Bozeman tenor-mezzo midpoint (stand-in),0.714,close,E4,6.5,inside,4,-3,none,not assessed,short,tie,0,no,3,middle,no,no,no,
Kabalevsky T07,12,18,6,B4,71,o,Bozeman tenor-mezzo midpoint (stand-in),0.357,close,C#4,10.5,inside,4,-3,none,not assessed,short,repeated,0,no,3,middle,no,no,no,
Kabalevsky T07,12,19,1,C5,72,o,Bozeman tenor-mezzo midpoint (stand-in),0.536,close,C#4,11.5,inside,5,-2,none,not assessed,short,step,1,no,3,middle,yes,no,no,highest of phrase
Kabalevsky T07,12,19,2.5,B4,71,ʌ,derived from Bozeman tenor-mezzo (stand-in),0.179,close,E4,6.5,inside,4,-3,none,not assessed,short,step,-1,no,3,middle,no,no,no,
Kabalevsky T07,12,19,3,A4,69,ʌ,derived from Bozeman tenor-mezzo (stand-in),0.179,close,E4,4.5,inside,2,-5,none,not assessed,short,step,-2,no,3,middle,no,no,no,
Kabalevsky T07,12,19,3.5,G4,67,ɑ,Bozeman tenor-mezzo midpoint (stand-in),0.179,close,E4,2.5,inside,0,-7,none,not assessed,short,step,-2,no,3,middle,no,yes,no,
Kabalevsky T07,12,19,4,A4,69,o,Bozeman tenor-mezzo midpoint (stand-in),0.536,close,C#4,8.5,inside,2,-5,none,not assessed,short,step,2,no,3,middle,no,no,no,
Kabalevsky T07,12,19,5.5,G4,67,ɑ,Bozeman tenor-mezzo midpoint (stand-in),0.179,close,E4,2.5,inside,0,-7,none,not assessed,short,step,-2,no,3,middle,no,yes,no,
Kabalevsky T07,12,19,6,F4,65,ɨ,derived from Bozeman tenor-mezzo (stand-in),0.179,close,A#3,7.11,below primo,-2,-9,none,not assessed,short,step,-2,no,3,middle,no,no,no,
Kabalevsky T07,12,19,6.5,E4,64,ɪ,derived from Bozeman tenor-mezzo (stand-in),0.179,close,D4,1.96,below primo,-3,-10,none,not assessed,short,step,-1,no,3,middle,no,no,no,turning pitch 0 to 2 st below
Kabalevsky T07,12,20,1,F4,65,u,Bozeman tenor-mezzo midpoint (stand-in),0.714,close,G3,10.5,below primo,-2,-9,none,not assessed,short,step,1,no,3,middle,no,no,no,
Kabalevsky T07,12,20,3,F4,65,i,Bozeman tenor-mezzo midpoint (stand-in),0.357,above,E3,12.5,below primo,-2,-9,none,not assessed,short,repeated,0,no,3,last,no,no,no,
Kabalevsky T07,12,20,6,F4,65,u,Bozeman tenor-mezzo midpoint (stand-in),0.357,close,G3,10.5,below primo,-2,-9,none,not assessed,short,repeated,0,yes,4,first,no,no,no,
Kabalevsky T07,12,21,1,E4,64,o,Bozeman tenor-mezzo midpoint (stand-in),0.536,close,C#4,3.5,below primo,-3,-10,none,not assessed,short,step,-1,no,4,middle,no,no,no,
Kabalevsky T07,12,21,2.5,E4,64,ʌ,derived from Bozeman tenor-mezzo (stand-in),0.179,open,E4,-0.5,below primo,-3,-10,none,not assessed,short,repeated,0,no,4,middle,no,no,no,
Kabalevsky T07,12,21,3,E4,64,ʌ,derived from Bozeman tenor-mezzo (stand-in),0.179,open,E4,-0.5,below primo,-3,-10,none,not assessed,short,repeated,0,no,4,middle,no,no,no,
Kabalevsky T07,12,21,3.5,E4,64,i,Bozeman tenor-mezzo midpoint (stand-in),0.179,crossing,E3,11.5,below primo,-3,-10,none,not assessed,short,repeated,0,no,4,middle,no,no,no,crossing
Kabalevsky T07,12,21,4,A4,69,o,Bozeman tenor-mezzo midpoint (stand-in),0.536,close,C#4,8.5,inside,2,-5,none,not assessed,short,leap-up,5,no,4,middle,yes,no,no,highest of phrase
Kabalevsky T07,12,21,5.5,F4,65,ɪ,derived from Bozeman tenor-mezzo (stand-in),0.179,close,D4,2.96,below primo,-2,-9,none,not assessed,short,leap-down,-4,no,4,middle,no,no,no,
Kabalevsky T07,12,21,6,F4,65,u,Bozeman tenor-mezzo midpoint (stand-in),0.179,close,G3,10.5,below primo,-2,-9,none,not assessed,short,repeated,0,no,4,middle,no,no,no,
Kabalevsky T07,12,21,6.5,F4,65,u,Bozeman tenor-mezzo midpoint (stand-in),0.179,close,G3,10.5,below primo,-2,-9,none,not assessed,short,repeated,0,no,4,middle,no,no,no,
Kabalevsky T07,12,22,1,E4,64,ɑ,Bozeman tenor-mezzo midpoint (stand-in),1.071,open,E4,-0.5,below primo,-3,-10,none,not assessed,short,step,-1,no,4,middle,no,no,no,
Kabalevsky T07,12,22,4,E4,64,ɑ,Bozeman tenor-mezzo midpoint (stand-in),0.357,open,E4,-0.5,below primo,-3,-10,none,not assessed,short,tie,0,no,4,last,no,no,no,
Kabalevsky T07,12,29,6,G4,67,i,Bozeman tenor-mezzo midpoint (stand-in),0.357,above,E3,14.5,inside,0,-7,none,not assessed,short,leap-up,3,yes,5,first,no,yes,no,
Kabalevsky T07,12,30,1,G4,67,u,Bozeman tenor-mezzo midpoint (stand-in),0.714,crossing,G3,12.5,inside,0,-7,none,not assessed,short,repeated,0,no,5,middle,no,yes,yes,crossing
Kabalevsky T07,12,30,3,E4,64,ɑ,Bozeman tenor-mezzo midpoint (stand-in),0.357,open,E4,-0.5,below primo,-3,-10,none,not assessed,short,leap-down,-3,no,5,middle,no,no,no,
Kabalevsky T07,12,30,4,E4,64,ɪ,derived from Bozeman tenor-mezzo (stand-in),0.714,close,D4,1.96,below primo,-3,-10,none,not assessed,short,repeated,0,no,5,middle,no,no,no,turning pitch 0 to 2 st below
Kabalevsky T07,12,30,6,G4,67,ɑ,Bozeman tenor-mezzo midpoint (stand-in),0.357,close,E4,2.5,inside,0,-7,none,not assessed,short,leap-up,3,no,5,middle,no,yes,no,
Kabalevsky T07,12,31,1,C5,72,u,Bozeman tenor-mezzo midpoint (stand-in),0.714,above,G3,17.5,inside,5,-2,none,not assessed,short,leap-up,5,no,5,middle,no,no,no,
Kabalevsky T07,12,31,3,B4,71,ɨ,derived from Bozeman tenor-mezzo (stand-in),0.357,above,A#3,13.11,inside,4,-3,none,not assessed,short,step,-1,no,5,middle,no,no,no,
Kabalevsky T07,12,31,4,A4,69,ɪ,derived from Bozeman tenor-mezzo (stand-in),0.714,close,D4,6.96,inside,2,-5,none,not assessed,short,step,-2,no,5,middle,no,no,no,
Kabalevsky T07,12,31,6,E4,64,ʌ,derived from Bozeman tenor-mezzo (stand-in),0.357,open,E4,-0.5,below primo,-3,-10,none,not assessed,short,leap-down,-5,no,5,middle,no,no,no,
Kabalevsky T07,12,32,1,F4,65,u,Bozeman tenor-mezzo midpoint (stand-in),0.714,close,G3,10.5,below primo,-2,-9,none,not assessed,short,step,1,no,5,middle,no,no,no,
Kabalevsky T07,12,32,3,E4,64,u,Bozeman tenor-mezzo midpoint (stand-in),0.357,close,G3,9.5,below primo,-3,-10,none,not assessed,short,step,-1,no,5,middle,no,no,no,
Kabalevsky T07,12,32,4,D4,62,ɨ,derived from Bozeman tenor-mezzo (stand-in),0.536,close,A#3,4.11,below primo,-5,-12,none,not assessed,short,step,-2,no,5,middle,no,no,no,
Kabalevsky T07,12,32,5.5,F4,65,u,Bozeman tenor-mezzo midpoint (stand-in),0.179,close,G3,10.5,below primo,-2,-9,none,not assessed,short,leap-up,3,no,5,middle,no,no,no,
Kabalevsky T07,12,32,6,F4,65,ɑ,Bozeman tenor-mezzo midpoint (stand-in),0.179,close,E4,0.5,below primo,-2,-9,none,not assessed,short,repeated,0,no,5,middle,no,no,no,turning pitch 0 to 2 st below
Kabalevsky T07,12,32,6.5,F4,65,u,Bozeman tenor-mezzo midpoint (stand-in),0.179,close,G3,10.5,below primo,-2,-9,none,not assessed,short,repeated,0,no,5,middle,no,no,no,
Kabalevsky T07,12,33,1,E4,64,o,Bozeman tenor-mezzo midpoint (stand-in),0.714,close,C#4,3.5,below primo,-3,-10,none,not assessed,short,step,-1,no,5,middle,no,no,no,
Kabalevsky T07,12,33,3,E4,64,i,Bozeman tenor-mezzo midpoint (stand-in),0.357,crossing,E3,11.5,below primo,-3,-10,none,not assessed,short,repeated,0,no,5,middle,no,no,no,crossing
Kabalevsky T07,12,33,4,B4,71,o,Bozeman tenor-mezzo midpoint (stand-in),0.536,close,C#4,10.5,inside,4,-3,none,not assessed,short,leap-up,7,no,5,middle,no,no,no,
Kabalevsky T07,12,33,5.5,E4,64,ʌ,derived from Bozeman tenor-mezzo (stand-in),0.179,open,E4,-0.5,below primo,-3,-10,none,not assessed,short,leap-down,-7,no,5,middle,no,no,no,
Kabalevsky T07,12,33,6,E4,64,ʌ,derived from Bozeman tenor-mezzo (stand-in),0.179,open,E4,-0.5,below primo,-3,-10,none,not assessed,short,repeated,0,no,5,middle,no,no,no,
Kabalevsky T07,12,33,6.5,E4,64,ɑ,Bozeman tenor-mezzo midpoint (stand-in),0.179,open,E4,-0.5,below primo,-3,-10,none,not assessed,short,repeated,0,no,5,middle,no,no,no,
Kabalevsky T07,12,34,1,A4,69,u,Bozeman tenor-mezzo midpoint (stand-in),1.071,above,G3,14.5,inside,2,-5,none,not assessed,short,leap-up,5,no,5,middle,no,no,no,
Kabalevsky T07,12,34,4,A4,69,u,Bozeman tenor-mezzo midpoint (stand-in),0.714,above,G3,14.5,inside,2,-5,none,not assessed,short,tie,0,no,5,middle,no,no,no,
Kabalevsky T07,12,34,6,A4,69,ɑ,Bozeman tenor-mezzo midpoint (stand-in),0.357,close,E4,4.5,inside,2,-5,none,not assessed,short,repeated,0,no,5,middle,no,no,no,
Kabalevsky T07,12,35,1,C5,72,u,Bozeman tenor-mezzo midpoint (stand-in),0.714,above,G3,17.5,inside,5,-2,none,not assessed,short,leap-up,3,no,5,middle,no,no,no,
Kabalevsky T07,12,35,3,B4,71,ʌ,derived from Bozeman tenor-mezzo (stand-in),0.357,close,E4,6.5,inside,4,-3,none,not assessed,short,step,-1,no,5,middle,no,no,no,
Kabalevsky T07,12,35,4,A4,69,ɑ,Bozeman tenor-mezzo midpoint (stand-in),0.357,close,E4,4.5,inside,2,-5,none,not assessed,short,step,-2,no,5,middle,no,no,no,
Kabalevsky T07,12,35,5,G4,67,ɑ,Bozeman tenor-mezzo midpoint (stand-in),0.357,close,E4,2.5,inside,0,-7,none,not assessed,short,step,-2,no,5,middle,no,yes,no,
Kabalevsky T07,12,35,6,F4,65,ɑ,Bozeman tenor-mezzo midpoint (stand-in),0.357,close,E4,0.5,below primo,-2,-9,none,not assessed,short,step,-2,no,5,middle,no,no,no,turning pitch 0 to 2 st below
Kabalevsky T07,12,36,1,E4,64,ɛ,Bozeman tenor-mezzo midpoint (stand-in),0.714,close,D#4,1.5,below primo,-3,-10,none,not assessed,short,step,-1,no,5,middle,no,no,no,turning pitch 0 to 2 st below
Kabalevsky T07,12,36,3,G#4,68,i,Bozeman tenor-mezzo midpoint (stand-in),0.357,above,E3,15.5,inside,1,-6,none,not assessed,short,leap-up,4,no,5,middle,no,yes,no,
Kabalevsky T07,12,36,4,B4,71,o,Bozeman tenor-mezzo midpoint (stand-in),0.714,close,C#4,10.5,inside,4,-3,none,not assessed,short,leap-up,3,no,5,middle,no,no,no,
Kabalevsky T07,12,36,6,D5,74,ʌ,derived from Bozeman tenor-mezzo (stand-in),0.357,close,E4,9.5,inside,7,0,none,not assessed,short,leap-up,3,no,5,middle,yes,yes,yes,highest of phrase
Kabalevsky T07,12,37,1,C5,72,u,Bozeman tenor-mezzo midpoint (stand-in),0.714,above,G3,17.5,inside,5,-2,none,not assessed,short,step,-2,no,5,middle,no,no,no,
Kabalevsky T07,12,37,3,B4,71,u,Bozeman tenor-mezzo midpoint (stand-in),0.357,above,G3,16.5,inside,4,-3,none,not assessed,short,step,-1,no,5,middle,no,no,no,
Kabalevsky T07,12,37,4,A4,69,ɨ,derived from Bozeman tenor-mezzo (stand-in),0.714,close,A#3,11.11,inside,2,-5,none,not assessed,short,step,-2,no,5,middle,no,no,no,
Kabalevsky T07,12,37,6,C5,72,ɑ,Bozeman tenor-mezzo midpoint (stand-in),0.357,close,E4,7.5,inside,5,-2,none,not assessed,short,leap-up,3,no,5,middle,no,no,no,
Kabalevsky T07,12,38,1,B4,71,i,Bozeman tenor-mezzo midpoint (stand-in),0.536,above,E3,18.5,inside,4,-3,none,not assessed,short,step,-1,no,5,middle,no,no,no,
Kabalevsky T07,12,38,2.5,E4,64,ʌ,derived from Bozeman tenor-mezzo (stand-in),0.179,open,E4,-0.5,below primo,-3,-10,none,not assessed,short,leap-down,-7,no,5,middle,no,no,no,
Kabalevsky T07,12,38,3,E4,64,i,Bozeman tenor-mezzo midpoint (stand-in),0.179,crossing,E3,11.5,below primo,-3,-10,none,not assessed,short,repeated,0,no,5,middle,no,no,no,crossing
Kabalevsky T07,12,38,3.5,E4,64,i,Bozeman tenor-mezzo midpoint (stand-in),0.179,crossing,E3,11.5,below primo,-3,-10,none,not assessed,short,repeated,0,no,5,middle,no,no,no,crossing
Kabalevsky T07,12,38,4,B4,71,e,Bozeman tenor-mezzo midpoint (stand-in),0.536,close,D4,9.5,inside,4,-3,none,not assessed,short,leap-up,7,no,5,middle,no,no,no,
Kabalevsky T07,12,38,5.5,G4,67,i,Bozeman tenor-mezzo midpoint (stand-in),0.179,above,E3,14.5,inside,0,-7,none,not assessed,short,leap-down,-4,no,5,middle,no,yes,no,
Kabalevsky T07,12,38,6,G4,67,i,Bozeman tenor-mezzo midpoint (stand-in),0.179,above,E3,14.5,inside,0,-7,none,not assessed,short,repeated,0,no,5,middle,no,yes,no,
Kabalevsky T07,12,38,6.5,G4,67,ɑ,Bozeman tenor-mezzo midpoint (stand-in),0.179,close,E4,2.5,inside,0,-7,none,not assessed,short,repeated,0,no,5,middle,no,yes,no,
Kabalevsky T07,12,39,1,C5,72,u,Bozeman tenor-mezzo midpoint (stand-in),0.714,above,G3,17.5,inside,5,-2,none,not assessed,short,leap-up,5,no,5,middle,no,no,no,
Kabalevsky T07,12,39,3,C5,72,u,Bozeman tenor-mezzo midpoint (stand-in),0.357,above,G3,17.5,inside,5,-2,none,not assessed,short,tie,0,no,5,last,no,no,no,
Kabalevsky T07,12,44,4,C5,72,ɑ,Bozeman tenor-mezzo midpoint (stand-in),0.357,close,E4,7.5,inside,5,-2,none,not assessed,short,repeated,0,yes,6,first,no,no,no,
Kabalevsky T07,12,44,5,G#4,68,ʌ,derived from Bozeman tenor-mezzo (stand-in),0.357,close,E4,3.5,inside,1,-6,none,not assessed,short,leap-down,-4,no,6,middle,no,yes,no,
Kabalevsky T07,12,44,6,G4,67,ɑ,Bozeman tenor-mezzo midpoint (stand-in),0.357,close,E4,2.5,inside,0,-7,none,not assessed,short,step,-1,no,6,middle,no,yes,no,
Kabalevsky T07,12,45,1,F4,65,i,Bozeman tenor-mezzo midpoint (stand-in),0.714,above,E3,12.5,below primo,-2,-9,none,not assessed,short,step,-2,no,6,middle,no,no,no,
Kabalevsky T07,12,45,3,G4,67,ɑ,Bozeman tenor-mezzo midpoint (stand-in),0.357,close,E4,2.5,inside,0,-7,none,not assessed,short,step,2,no,6,middle,no,yes,no,
Kabalevsky T07,12,45,4,G#4,68,ɑ,Bozeman tenor-mezzo midpoint (stand-in),0.714,close,E4,3.5,inside,1,-6,none,not assessed,short,step,1,no,6,middle,no,yes,no,
Kabalevsky T07,12,45,6,C5,72,ɪ,derived from Bozeman tenor-mezzo (stand-in),0.357,close,D4,9.96,inside,5,-2,none,not assessed,short,leap-up,4,no,6,middle,no,no,no,
Kabalevsky T07,12,46,1,C#5,73,u,Bozeman tenor-mezzo midpoint (stand-in),0.714,above,G3,18.5,inside,6,-1,none,not assessed,short,step,1,no,6,middle,yes,yes,yes,highest of phrase
Kabalevsky T07,12,46,3,G#4,68,ɑ,Bozeman tenor-mezzo midpoint (stand-in),0.357,close,E4,3.5,inside,1,-6,none,not assessed,short,leap-down,-5,no,6,middle,no,yes,no,
Kabalevsky T07,12,46,4,G#4,68,e,Bozeman tenor-mezzo midpoint (stand-in),0.714,close,D4,6.5,inside,1,-6,none,not assessed,short,repeated,0,no,6,middle,no,yes,no,
Kabalevsky T07,12,46,6,G#4,68,ɪ,derived from Bozeman tenor-mezzo (stand-in),0.357,close,D4,5.96,inside,1,-6,none,not assessed,short,repeated,0,no,6,last,no,yes,no,
Kabalevsky T07,12,47,4,G#4,68,o,Bozeman tenor-mezzo midpoint (stand-in),0.357,close,C#4,7.5,inside,1,-6,none,not assessed,short,repeated,0,yes,7,first,no,yes,no,
Kabalevsky T07,12,47,5,G4,67,ʌ,derived from Bozeman tenor-mezzo (stand-in),0.357,close,E4,2.5,inside,0,-7,none,not assessed,short,step,-1,no,7,middle,no,yes,no,
Kabalevsky T07,12,47,6,G#4,68,i,Bozeman tenor-mezzo midpoint (stand-in),0.357,above,E3,15.5,inside,1,-6,none,not assessed,short,step,1,no,7,middle,no,yes,no,
Kabalevsky T07,12,47,7,A#4,70,o,Bozeman tenor-mezzo midpoint (stand-in),0.714,close,C#4,9.5,inside,3,-4,none,not assessed,short,step,2,no,7,middle,yes,no,no,highest of phrase
Kabalevsky T07,12,47,9,G#4,68,ɨ,derived from Bozeman tenor-mezzo (stand-in),0.357,close,A#3,10.11,inside,1,-6,none,not assessed,short,step,-2,no,7,middle,no,yes,no,
Kabalevsky T07,12,48,1,G4,67,u,Bozeman tenor-mezzo midpoint (stand-in),1.071,crossing,G3,12.5,inside,0,-7,none,not assessed,short,step,-1,no,7,middle,no,yes,yes,crossing
Kabalevsky T07,12,48,4,G4,67,u,Bozeman tenor-mezzo midpoint (stand-in),0.357,crossing,G3,12.5,inside,0,-7,none,not assessed,short,tie,0,no,7,last,no,yes,yes,crossing
Kabalevsky T07,12,48,6,E4,64,ɑ,Bozeman tenor-mezzo midpoint (stand-in),0.357,open,E4,-0.5,below primo,-3,-10,none,not assessed,short,leap-down,-3,yes,8,first,yes,no,no,highest of phrase
Kabalevsky T07,12,49,1,E4,64,o,Bozeman tenor-mezzo midpoint (stand-in),1.071,close,C#4,3.5,below primo,-3,-10,none,not assessed,short,repeated,0,no,8,middle,yes,no,no,highest of phrase
Kabalevsky T07,12,49,4,E4,64,o,Bozeman tenor-mezzo midpoint (stand-in),0.714,close,C#4,3.5,below primo,-3,-10,none,not assessed,short,tie,0,no,8,middle,yes,no,no,highest of phrase
Kabalevsky T07,12,49,6,B3,59,ɪ,derived from Bozeman tenor-mezzo (stand-in),0.357,open,D4,-3.04,below primo,-8,-15,none,not assessed,short,leap-down,-5,no,8,middle,no,no,no,
Kabalevsky T07,12,50,1,C4,60,e,Bozeman tenor-mezzo midpoint (stand-in),1.071,open,D4,-1.5,below primo,-7,-14,none,not assessed,short,step,1,no,8,middle,no,no,no,
Kabalevsky T07,12,50,4,C4,60,e,Bozeman tenor-mezzo midpoint (stand-in),0.714,open,D4,-1.5,below primo,-7,-14,none,not assessed,short,tie,0,no,8,middle,no,no,no,
Kabalevsky T07,12,50,6,C4,60,i,Bozeman tenor-mezzo midpoint (stand-in),0.357,close,E3,7.5,below primo,-7,-14,none,not assessed,short,repeated,0,no,8,last,no,no,no,
Kabalevsky T08,13,1,3.5,E4,64,ɨ,derived from Bozeman tenor-mezzo (stand-in),0.455,close,A#3,6.11,below primo,-3,-10,none,not assessed,short,first note,,,0,first,no,no,no,
Kabalevsky T08,13,1,4,D#4,63,o,Bozeman tenor-mezzo midpoint (stand-in),0.455,close,C#4,2.5,below primo,-4,-11,none,not assessed,short,step,-1,no,0,middle,no,no,no,
Kabalevsky T08,13,1,4.5,F#4,66,u,Bozeman tenor-mezzo midpoint (stand-in),0.455,close,G3,11.5,below primo,-1,-8,none,not assessed,short,leap-up,3,no,0,middle,no,yes,no,
Kabalevsky T08,13,2,1,E4,64,i,Bozeman tenor-mezzo midpoint (stand-in),0.455,crossing,E3,11.5,below primo,-3,-10,none,not assessed,short,step,-2,no,0,middle,no,no,no,crossing
Kabalevsky T08,13,2,1.5,C#4,61,ɑ,Bozeman tenor-mezzo midpoint (stand-in),0.455,open,E4,-3.5,below primo,-6,-13,none,not assessed,short,leap-down,-3,no,0,middle,no,no,no,
Kabalevsky T08,13,2,2,C#4,61,ɑ,Bozeman tenor-mezzo midpoint (stand-in),0.455,open,E4,-3.5,below primo,-6,-13,none,not assessed,short,repeated,0,no,0,middle,no,no,no,
Kabalevsky T08,13,2,2.5,E4,64,u,Bozeman tenor-mezzo midpoint (stand-in),0.455,close,G3,9.5,below primo,-3,-10,none,not assessed,short,leap-up,3,no,0,middle,no,no,no,
Kabalevsky T08,13,2,3,A4,69,o,Bozeman tenor-mezzo midpoint (stand-in),1.364,close,C#4,8.5,inside,2,-5,none,not assessed,short,leap-up,5,no,0,middle,no,no,no,
Kabalevsky T08,13,2,4.5,G#4,68,ɑ,Bozeman tenor-mezzo midpoint (stand-in),0.455,close,E4,3.5,inside,1,-6,none,not assessed,short,step,-1,no,0,middle,no,yes,no,
Kabalevsky T08,13,3,1,F#4,66,ɛ,Bozeman tenor-mezzo midpoint (stand-in),1.818,close,D#4,3.5,below primo,-1,-8,none,not assessed,short,step,-2,no,0,middle,no,yes,no,
Kabalevsky T08,13,3,3,F#4,66,ɛ,Bozeman tenor-mezzo midpoint (stand-in),0.455,close,D#4,3.5,below primo,-1,-8,none,not assessed,short,tie,0,no,0,middle,no,yes,no,
Kabalevsky T08,13,3,3.5,F#4,66,ɑ,Bozeman tenor-mezzo midpoint (stand-in),0.455,close,E4,1.5,below primo,-1,-8,none,not assessed,short,repeated,0,no,0,middle,no,yes,yes,turning pitch 0 to 2 st below
Kabalevsky T08,13,3,4,G#4,68,u,Bozeman tenor-mezzo midpoint (stand-in),0.455,above,G3,13.5,inside,1,-6,none,not assessed,short,step,2,no,0,middle,no,yes,no,
Kabalevsky T08,13,3,4.5,A4,69,ɑ,Bozeman tenor-mezzo midpoint (stand-in),0.455,close,E4,4.5,inside,2,-5,none,not assessed,short,step,1,no,0,middle,no,no,no,
Kabalevsky T08,13,4,1,B4,71,o,Bozeman tenor-mezzo midpoint (stand-in),1.364,close,C#4,10.5,inside,4,-3,none,not assessed,short,step,2,no,0,middle,yes,no,no,highest of phrase
Kabalevsky T08,13,4,2.5,F#4,66,i,Bozeman tenor-mezzo midpoint (stand-in),0.455,above,E3,13.5,below primo,-1,-8,none,not assessed,short,leap-down,-5,no,0,middle,no,yes,no,
Kabalevsky T08,13,4,3,B4,71,ɑ,Bozeman tenor-mezzo midpoint (stand-in),0.455,close,E4,6.5,inside,4,-3,none,not assessed,short,leap-up,5,no,0,middle,yes,no,no,highest of phrase
Kabalevsky T08,13,4,3.5,A4,69,ɨ,derived from Bozeman tenor-mezzo (stand-in),0.455,close,A#3,11.11,inside,2,-5,none,not assessed,short,step,-2,no,0,middle,no,no,no,
Kabalevsky T08,13,4,4,G#4,68,i,Bozeman tenor-mezzo midpoint (stand-in),0.455,above,E3,15.5,inside,1,-6,none,not assessed,short,step,-1,no,0,middle,no,yes,no,
Kabalevsky T08,13,4,4.5,F#4,66,ɨ,derived from Bozeman tenor-mezzo (stand-in),0.455,close,A#3,8.11,below primo,-1,-8,none,not assessed,short,step,-2,no,0,middle,no,yes,no,
Kabalevsky T08,13,5,1,G#4,68,e,Bozeman tenor-mezzo midpoint (stand-in),1.818,close,D4,6.5,inside,1,-6,none,not assessed,short,step,2,no,0,middle,no,yes,no,
Kabalevsky T08,13,5,3,G#4,68,e,Bozeman tenor-mezzo midpoint (stand-in),0.455,close,D4,6.5,inside,1,-6,none,not assessed,short,tie,0,no,0,middle,no,yes,no,
Kabalevsky T08,13,5,3.5,E4,64,ɪ,derived from Bozeman tenor-mezzo (stand-in),0.455,close,D4,1.96,below primo,-3,-10,none,not assessed,short,leap-down,-4,no,0,middle,no,no,no,turning pitch 0 to 2 st below
Kabalevsky T08,13,5,4,G#4,68,ʌ,derived from Bozeman tenor-mezzo (stand-in),0.455,close,E4,3.5,inside,1,-6,none,not assessed,short,leap-up,4,no,0,middle,no,yes,no,
Kabalevsky T08,13,5,4.5,B4,71,i,Bozeman tenor-mezzo midpoint (stand-in),0.455,above,E3,18.5,inside,4,-3,none,not assessed,short,leap-up,3,no,0,middle,yes,no,no,highest of phrase
Kabalevsky T08,13,6,1,A4,69,i,Bozeman tenor-mezzo midpoint (stand-in),0.455,above,E3,16.5,inside,2,-5,none,not assessed,short,step,-2,no,0,middle,no,no,no,
Kabalevsky T08,13,6,1.5,F#4,66,o,Bozeman tenor-mezzo midpoint (stand-in),0.455,close,C#4,5.5,below primo,-1,-8,none,not assessed,short,leap-down,-3,no,0,middle,no,yes,no,
Kabalevsky T08,13,6,2,E4,64,ɛ,Bozeman tenor-mezzo midpoint (stand-in),0.455,close,D#4,1.5,below primo,-3,-10,none,not assessed,short,step,-2,no,0,middle,no,no,no,turning pitch 0 to 2 st below
Kabalevsky T08,13,6,2.5,D4,62,ʌ,derived from Bozeman tenor-mezzo (stand-in),0.455,open,E4,-2.5,below primo,-5,-12,none,not assessed,short,step,-2,no,0,middle,no,no,no,
Kabalevsky T08,13,6,3,F#4,66,i,Bozeman tenor-mezzo midpoint (stand-in),1.364,above,E3,13.5,below primo,-1,-8,none,not assessed,short,leap-up,4,no,0,middle,no,yes,no,
Kabalevsky T08,13,6,4.5,C#4,61,ɨ,derived from Bozeman tenor-mezzo (stand-in),0.455,close,A#3,3.11,below primo,-6,-13,none,not assessed,short,leap-down,-5,no,0,middle,no,no,no,
Kabalevsky T08,13,7,1,F#4,66,ɛ,Bozeman tenor-mezzo midpoint (stand-in),1.818,close,D#4,3.5,below primo,-1,-8,none,not assessed,short,leap-up,5,no,0,middle,no,yes,no,
Kabalevsky T08,13,7,3,F#4,66,ɛ,Bozeman tenor-mezzo midpoint (stand-in),0.455,close,D#4,3.5,below primo,-1,-8,none,not assessed,short,tie,0,no,0,middle,no,yes,no,
Kabalevsky T08,13,7,3.5,B3,59,ɑ,Bozeman tenor-mezzo midpoint (stand-in),0.455,open,E4,-5.5,below primo,-8,-15,none,not assessed,short,leap-down,-7,no,0,middle,no,no,no,
Kabalevsky T08,13,7,4,D4,62,ʌ,derived from Bozeman tenor-mezzo (stand-in),0.455,open,E4,-2.5,below primo,-5,-12,none,not assessed,short,leap-up,3,no,0,middle,no,no,no,
Kabalevsky T08,13,7,4.5,F#4,66,i,Bozeman tenor-mezzo midpoint (stand-in),0.455,above,E3,13.5,below primo,-1,-8,none,not assessed,short,leap-up,4,no,0,middle,no,yes,no,
Kabalevsky T08,13,8,1,G#4,68,ɑ,Bozeman tenor-mezzo midpoint (stand-in),1.364,close,E4,3.5,inside,1,-6,none,not assessed,short,step,2,no,0,middle,no,yes,no,
Kabalevsky T08,13,8,2.5,F#4,66,ɑ,Bozeman tenor-mezzo midpoint (stand-in),0.455,close,E4,1.5,below primo,-1,-8,none,not assessed,short,step,-2,no,0,middle,no,yes,yes,turning pitch 0 to 2 st below
Kabalevsky T08,13,8,3,E4,64,i,Bozeman tenor-mezzo midpoint (stand-in),0.455,crossing,E3,11.5,below primo,-3,-10,none,not assessed,short,step,-2,no,0,middle,no,no,no,crossing
Kabalevsky T08,13,8,3.5,F#4,66,ɨ,derived from Bozeman tenor-mezzo (stand-in),0.455,close,A#3,8.11,below primo,-1,-8,none,not assessed,short,step,2,no,0,middle,no,yes,no,
Kabalevsky T08,13,8,4,G#4,68,i,Bozeman tenor-mezzo midpoint (stand-in),0.455,above,E3,15.5,inside,1,-6,none,not assessed,short,step,2,no,0,middle,no,yes,no,
Kabalevsky T08,13,8,4.5,B4,71,ɪ,derived from Bozeman tenor-mezzo (stand-in),0.455,close,D4,8.96,inside,4,-3,none,not assessed,short,leap-up,3,no,0,middle,yes,no,no,highest of phrase
Kabalevsky T08,13,9,1,A4,69,e,Bozeman tenor-mezzo midpoint (stand-in),1.818,close,D4,7.5,inside,2,-5,none,not assessed,short,step,-2,no,0,middle,no,no,no,
Kabalevsky T08,13,9,3,A4,69,e,Bozeman tenor-mezzo midpoint (stand-in),0.455,close,D4,7.5,inside,2,-5,none,not assessed,short,tie,0,no,0,last,no,no,no,
Kabalevsky T08,13,9,4.5,A4,69,i,Bozeman tenor-mezzo midpoint (stand-in),0.455,above,E3,16.5,inside,2,-5,none,not assessed,short,repeated,0,yes,1,first,no,no,no,
Kabalevsky T08,13,10,1,A4,69,ɛ,Bozeman tenor-mezzo midpoint (stand-in),0.455,close,D#4,6.5,inside,2,-5,none,not assessed,short,repeated,0,no,1,middle,no,no,no,
Kabalevsky T08,13,10,1.5,F#4,66,i,Bozeman tenor-mezzo midpoint (stand-in),0.455,above,E3,13.5,below primo,-1,-8,none,not assessed,short,leap-down,-3,no,1,middle,no,yes,no,
Kabalevsky T08,13,10,2,F#4,66,i,Bozeman tenor-mezzo midpoint (stand-in),0.455,above,E3,13.5,below primo,-1,-8,none,not assessed,short,repeated,0,no,1,middle,no,yes,no,
Kabalevsky T08,13,10,2.5,A4,69,i,Bozeman tenor-mezzo midpoint (stand-in),0.455,above,E3,16.5,inside,2,-5,none,not assessed,short,leap-up,3,no,1,middle,no,no,no,
Kabalevsky T08,13,10,3,D5,74,o,Bozeman tenor-mezzo midpoint (stand-in),0.455,above,C#4,13.5,inside,7,0,none,not assessed,short,leap-up,5,no,1,middle,yes,yes,yes,highest of phrase
Kabalevsky T08,13,10,3.5,C#5,73,ɨ,derived from Bozeman tenor-mezzo (stand-in),0.455,above,A#3,15.11,inside,6,-1,none,not assessed,short,step,-1,no,1,middle,no,yes,no,
Kabalevsky T08,13,10,4,C#5,73,o,Bozeman tenor-mezzo midpoint (stand-in),0.455,crossing,C#4,12.5,inside,6,-1,none,not assessed,short,repeated,0,no,1,middle,no,yes,yes,crossing
Kabalevsky T08,13,10,4.5,D5,74,ɑ,Bozeman tenor-mezzo midpoint (stand-in),0.455,close,E4,9.5,inside,7,0,none,not assessed,short,step,1,no,1,middle,yes,yes,yes,highest of phrase
Kabalevsky T08,13,11,1,B4,71,ɛ,Bozeman tenor-mezzo midpoint (stand-in),1.818,close,D#4,8.5,inside,4,-3,none,not assessed,short,leap-down,-3,no,1,middle,no,no,no,
Kabalevsky T08,13,11,3,B4,71,ɛ,Bozeman tenor-mezzo midpoint (stand-in),0.455,close,D#4,8.5,inside,4,-3,none,not assessed,short,tie,0,no,1,middle,no,no,no,
Kabalevsky T08,13,11,3.5,F#4,66,ɨ,derived from Bozeman tenor-mezzo (stand-in),0.455,close,A#3,8.11,below primo,-1,-8,none,not assessed,short,leap-down,-5,no,1,middle,no,yes,no,
Kabalevsky T08,13,11,4,F#4,66,ʌ,derived from Bozeman tenor-mezzo (stand-in),0.455,close,E4,1.5,below primo,-1,-8,none,not assessed,short,repeated,0,no,1,middle,no,yes,yes,turning pitch 0 to 2 st below
Kabalevsky T08,13,11,4.5,F#4,66,u,Bozeman tenor-mezzo midpoint (stand-in),0.455,close,G3,11.5,below primo,-1,-8,none,not assessed,short,repeated,0,no,1,middle,no,yes,no,
Kabalevsky T08,13,12,1,G4,67,ɛ,Bozeman tenor-mezzo midpoint (stand-in),1.364,close,D#4,4.5,inside,0,-7,none,not assessed,short,step,1,no,1,middle,no,yes,no,
Kabalevsky T08,13,12,2.5,F#4,66,ɑ,Bozeman tenor-mezzo midpoint (stand-in),0.455,close,E4,1.5,below primo,-1,-8,none,not assessed,short,step,-1,no,1,middle,no,yes,yes,turning pitch 0 to 2 st below
Kabalevsky T08,13,12,3,B4,71,ɨ,derived from Bozeman tenor-mezzo (stand-in),0.455,above,A#3,13.11,inside,4,-3,none,not assessed,short,leap-up,5,no,1,middle,no,no,no,
Kabalevsky T08,13,12,3.5,G4,67,ɨ,derived from Bozeman tenor-mezzo (stand-in),0.455,close,A#3,9.11,inside,0,-7,none,not assessed,short,leap-down,-4,no,1,middle,no,yes,no,
Kabalevsky T08,13,12,4,G4,67,ɪ,derived from Bozeman tenor-mezzo (stand-in),0.455,close,D4,4.96,inside,0,-7,none,not assessed,short,repeated,0,no,1,middle,no,yes,no,
Kabalevsky T08,13,12,4.5,E4,64,ɑ,Bozeman tenor-mezzo midpoint (stand-in),0.455,open,E4,-0.5,below primo,-3,-10,none,not assessed,short,leap-down,-3,no,1,middle,no,no,no,
Kabalevsky T08,13,13,1,F#4,66,e,Bozeman tenor-mezzo midpoint (stand-in),1.818,close,D4,4.5,below primo,-1,-8,none,not assessed,short,step,2,no,1,middle,no,yes,no,
Kabalevsky T08,13,13,3,F#4,66,e,Bozeman tenor-mezzo midpoint (stand-in),0.455,close,D4,4.5,below primo,-1,-8,none,not assessed,short,tie,0,no,1,last,no,yes,no,
Kabalevsky T08,13,13,3.5,F#4,66,ɑ,Bozeman tenor-mezzo midpoint (stand-in),0.455,close,E4,1.5,below primo,-1,-8,none,not assessed,short,repeated,0,no,2,first,no,yes,yes,turning pitch 0 to 2 st below
Kabalevsky T08,13,13,4,A#4,70,ɪ,derived from Bozeman tenor-mezzo (stand-in),0.455,close,D4,7.96,inside,3,-4,none,not assessed,short,leap-up,4,no,2,middle,no,no,no,
Kabalevsky T08,13,13,4.5,C#5,73,ɑ,Bozeman tenor-mezzo midpoint (stand-in),0.455,close,E4,8.5,inside,6,-1,none,not assessed,short,leap-up,3,no,2,middle,no,yes,no,
Kabalevsky T08,13,14,1,B4,71,u,Bozeman tenor-mezzo midpoint (stand-in),1.364,above,G3,16.5,inside,4,-3,none,not assessed,short,step,-2,no,2,middle,no,no,no,
Kabalevsky T08,13,14,2.5,G4,67,u,Bozeman tenor-mezzo midpoint (stand-in),0.455,crossing,G3,12.5,inside,0,-7,none,not assessed,short,leap-down,-4,no,2,middle,no,yes,yes,crossing
Kabalevsky T08,13,14,3,F#4,66,ɑ,Bozeman tenor-mezzo midpoint (stand-in),0.455,close,E4,1.5,below primo,-1,-8,none,not assessed,short,step,-1,no,2,middle,no,yes,yes,turning pitch 0 to 2 st below
Kabalevsky T08,13,14,3.5,F#4,66,i,Bozeman tenor-mezzo midpoint (stand-in),0.455,above,E3,13.5,below primo,-1,-8,none,not assessed,short,repeated,0,no,2,middle,no,yes,no,
Kabalevsky T08,13,14,4,A#4,70,ɛ,Bozeman tenor-mezzo midpoint (stand-in),0.455,close,D#4,7.5,inside,3,-4,none,not assessed,short,leap-up,4,no,2,middle,no,no,no,
Kabalevsky T08,13,14,4.5,C#5,73,ɨ,derived from Bozeman tenor-mezzo (stand-in),0.455,above,A#3,15.11,inside,6,-1,none,not assessed,short,leap-up,3,no,2,middle,no,yes,no,
Kabalevsky T08,13,15,1,B4,71,ɛ,Bozeman tenor-mezzo midpoint (stand-in),1.818,close,D#4,8.5,inside,4,-3,none,not assessed,short,step,-2,no,2,middle,no,no,no,
Kabalevsky T08,13,15,3,B4,71,ɛ,Bozeman tenor-mezzo midpoint (stand-in),0.455,close,D#4,8.5,inside,4,-3,none,not assessed,short,tie,0,no,2,middle,no,no,no,
Kabalevsky T08,13,15,3.5,B4,71,ɑ,Bozeman tenor-mezzo midpoint (stand-in),0.455,close,E4,6.5,inside,4,-3,none,not assessed,short,repeated,0,no,2,middle,no,no,no,
Kabalevsky T08,13,15,4,C#5,73,e,Bozeman tenor-mezzo midpoint (stand-in),0.455,close,D4,11.5,inside,6,-1,none,not assessed,short,step,2,no,2,middle,no,yes,no,
Kabalevsky T08,13,15,4.5,D5,74,u,Bozeman tenor-mezzo midpoint (stand-in),0.455,above,G3,19.5,inside,7,0,none,not assessed,short,step,1,no,2,middle,yes,yes,yes,highest of phrase
Kabalevsky T08,13,16,1,C#5,73,i,Bozeman tenor-mezzo midpoint (stand-in),1.364,above,E3,20.5,inside,6,-1,none,not assessed,short,step,-1,no,2,middle,no,yes,no,
Kabalevsky T08,13,16,2.5,G#4,68,ɨ,derived from Bozeman tenor-mezzo (stand-in),0.455,close,A#3,10.11,inside,1,-6,none,not assessed,short,leap-down,-5,no,2,middle,no,yes,no,
Kabalevsky T08,13,16,3,B4,71,ɑ,Bozeman tenor-mezzo midpoint (stand-in),0.455,close,E4,6.5,inside,4,-3,none,not assessed,short,leap-up,3,no,2,middle,no,no,no,
Kabalevsky T08,13,16,3.5,B4,71,ɑ,Bozeman tenor-mezzo midpoint (stand-in),0.455,close,E4,6.5,inside,4,-3,none,not assessed,short,repeated,0,no,2,middle,no,no,no,
Kabalevsky T08,13,16,4,C#5,73,u,Bozeman tenor-mezzo midpoint (stand-in),0.455,above,G3,18.5,inside,6,-1,none,not assessed,short,step,2,no,2,middle,no,yes,no,
Kabalevsky T08,13,16,4.5,D5,74,ɑ,Bozeman tenor-mezzo midpoint (stand-in),0.455,close,E4,9.5,inside,7,0,none,not assessed,short,step,1,no,2,middle,yes,yes,yes,highest of phrase
Kabalevsky T08,13,17,1,C#5,73,e,Bozeman tenor-mezzo midpoint (stand-in),3.636,close,D4,11.5,inside,6,-1,none,not assessed,held,step,-1,no,2,middle,no,yes,yes,held
Kabalevsky T08,13,18,1,C#5,73,e,Bozeman tenor-mezzo midpoint (stand-in),0.455,close,D4,11.5,inside,6,-1,none,not assessed,held,tie,0,no,2,last,no,yes,yes,held
Kabalevsky T08,13,18,3.5,E4,64,ɑ,Bozeman tenor-mezzo midpoint (stand-in),0.455,open,E4,-0.5,below primo,-3,-10,none,not assessed,short,leap-down,-9,yes,3,first,no,no,no,
Kabalevsky T08,13,18,4,D#4,63,ɪ,derived from Bozeman tenor-mezzo (stand-in),0.455,close,D4,0.96,below primo,-4,-11,none,not assessed,short,step,-1,no,3,middle,no,no,no,turning pitch 0 to 2 st below
Kabalevsky T08,13,18,4.5,F#4,66,ɑ,Bozeman tenor-mezzo midpoint (stand-in),0.455,close,E4,1.5,below primo,-1,-8,none,not assessed,short,leap-up,3,no,3,middle,no,yes,yes,turning pitch 0 to 2 st below
Kabalevsky T08,13,19,1,E4,64,u,Bozeman tenor-mezzo midpoint (stand-in),1.364,close,G3,9.5,below primo,-3,-10,none,not assessed,short,step,-2,no,3,middle,no,no,no,
Kabalevsky T08,13,19,2.5,C#4,61,o,Bozeman tenor-mezzo midpoint (stand-in),0.455,close,C#4,0.5,below primo,-6,-13,none,not assessed,short,leap-down,-3,no,3,middle,no,no,no,turning pitch 0 to 2 st below
Kabalevsky T08,13,19,3,A4,69,ɛ,Bozeman tenor-mezzo midpoint (stand-in),0.455,close,D#4,6.5,inside,2,-5,none,not assessed,short,leap-up,8,no,3,middle,no,no,no,
Kabalevsky T08,13,19,3.5,G#4,68,ʌ,derived from Bozeman tenor-mezzo (stand-in),0.455,close,E4,3.5,inside,1,-6,none,not assessed,short,step,-1,no,3,middle,no,yes,no,
Kabalevsky T08,13,19,4,G#4,68,e,Bozeman tenor-mezzo midpoint (stand-in),0.455,close,D4,6.5,inside,1,-6,none,not assessed,short,repeated,0,no,3,middle,no,yes,no,
Kabalevsky T08,13,19,4.5,A4,69,i,Bozeman tenor-mezzo midpoint (stand-in),0.455,above,E3,16.5,inside,2,-5,none,not assessed,short,step,1,no,3,middle,no,no,no,
Kabalevsky T08,13,20,1,F#4,66,o,Bozeman tenor-mezzo midpoint (stand-in),1.818,close,C#4,5.5,below primo,-1,-8,none,not assessed,held,leap-down,-3,no,3,middle,no,yes,yes,held
Kabalevsky T08,13,20,3,F#4,66,o,Bozeman tenor-mezzo midpoint (stand-in),1.364,close,C#4,5.5,below primo,-1,-8,none,not assessed,held,tie,0,no,3,middle,no,yes,yes,held
Kabalevsky T08,13,20,4.5,F#4,66,i,Bozeman tenor-mezzo midpoint (stand-in),0.455,above,E3,13.5,below primo,-1,-8,none,not assessed,short,repeated,0,no,3,middle,no,yes,no,
Kabalevsky T08,13,21,1,G#4,68,ɑ,Bozeman tenor-mezzo midpoint (stand-in),0.455,close,E4,3.5,inside,1,-6,none,not assessed,short,step,2,no,3,middle,no,yes,no,
Kabalevsky T08,13,21,1.5,A4,69,ʌ,derived from Bozeman tenor-mezzo (stand-in),0.455,close,E4,4.5,inside,2,-5,none,not assessed,short,step,1,no,3,middle,no,no,no,
Kabalevsky T08,13,21,2,G#4,68,ʌ,derived from Bozeman tenor-mezzo (stand-in),0.455,close,E4,3.5,inside,1,-6,none,not assessed,short,step,-1,no,3,middle,no,yes,no,
Kabalevsky T08,13,21,2.5,F#4,66,i,Bozeman tenor-mezzo midpoint (stand-in),0.455,above,E3,13.5,below primo,-1,-8,none,not assessed,short,step,-2,no,3,middle,no,yes,no,
Kabalevsky T08,13,21,3,B4,71,ɑ,Bozeman tenor-mezzo midpoint (stand-in),0.455,close,E4,6.5,inside,4,-3,none,not assessed,short,leap-up,5,no,3,middle,yes,no,no,highest of phrase
Kabalevsky T08,13,21,3.5,A4,69,ʌ,derived from Bozeman tenor-mezzo (stand-in),0.455,close,E4,4.5,inside,2,-5,none,not assessed,short,step,-2,no,3,middle,no,no,no,
Kabalevsky T08,13,21,4,G#4,68,o,Bozeman tenor-mezzo midpoint (stand-in),0.455,close,C#4,7.5,inside,1,-6,none,not assessed,short,step,-1,no,3,middle,no,yes,no,
Kabalevsky T08,13,21,4.5,F#4,66,i,Bozeman tenor-mezzo midpoint (stand-in),0.455,above,E3,13.5,below primo,-1,-8,none,not assessed,short,step,-2,no,3,middle,no,yes,no,
Kabalevsky T08,13,22,1,G#4,68,o,Bozeman tenor-mezzo midpoint (stand-in),1.818,close,C#4,7.5,inside,1,-6,none,not assessed,short,step,2,no,3,middle,no,yes,no,
Kabalevsky T08,13,22,3,G#4,68,o,Bozeman tenor-mezzo midpoint (stand-in),0.455,close,C#4,7.5,inside,1,-6,none,not assessed,short,tie,0,no,3,middle,no,yes,no,
Kabalevsky T08,13,22,3.5,E4,64,u,Bozeman tenor-mezzo midpoint (stand-in),0.455,close,G3,9.5,below primo,-3,-10,none,not assessed,short,leap-down,-4,no,3,middle,no,no,no,
Kabalevsky T08,13,22,4,G#4,68,ɑ,Bozeman tenor-mezzo midpoint (stand-in),0.455,close,E4,3.5,inside,1,-6,none,not assessed,short,leap-up,4,no,3,middle,no,yes,no,
Kabalevsky T08,13,22,4.5,B4,71,ɑ,Bozeman tenor-mezzo midpoint (stand-in),0.455,close,E4,6.5,inside,4,-3,none,not assessed,short,leap-up,3,no,3,middle,yes,no,no,highest of phrase
Kabalevsky T08,13,23,1,A4,69,u,Bozeman tenor-mezzo midpoint (stand-in),1.364,above,G3,14.5,inside,2,-5,none,not assessed,short,step,-2,no,3,middle,no,no,no,
Kabalevsky T08,13,23,2.5,F#4,66,ɑ,Bozeman tenor-mezzo midpoint (stand-in),0.455,close,E4,1.5,below primo,-1,-8,none,not assessed,short,leap-down,-3,no,3,middle,no,yes,yes,turning pitch 0 to 2 st below
Kabalevsky T08,13,23,3,E4,64,i,Bozeman tenor-mezzo midpoint (stand-in),0.455,crossing,E3,11.5,below primo,-3,-10,none,not assessed,short,step,-2,no,3,middle,no,no,no,crossing
Kabalevsky T08,13,23,3.5,D4,62,i,Bozeman tenor-mezzo midpoint (stand-in),0.455,close,E3,9.5,below primo,-5,-12,none,not assessed,short,step,-2,no,3,middle,no,no,no,
Kabalevsky T08,13,23,4,F#4,66,o,Bozeman tenor-mezzo midpoint (stand-in),0.455,close,C#4,5.5,below primo,-1,-8,none,not assessed,short,leap-up,4,no,3,middle,no,yes,no,
Kabalevsky T08,13,23,4.5,C#4,61,ɨ,derived from Bozeman tenor-mezzo (stand-in),0.455,close,A#3,3.11,below primo,-6,-13,none,not assessed,short,leap-down,-5,no,3,middle,no,no,no,
Kabalevsky T08,13,24,1,F#4,66,o,Bozeman tenor-mezzo midpoint (stand-in),1.818,close,C#4,5.5,below primo,-1,-8,none,not assessed,short,leap-up,5,no,3,middle,no,yes,no,
Kabalevsky T08,13,24,3,F#4,66,o,Bozeman tenor-mezzo midpoint (stand-in),0.455,close,C#4,5.5,below primo,-1,-8,none,not assessed,short,tie,0,no,3,middle,no,yes,no,
Kabalevsky T08,13,24,3.5,B3,59,ɑ,Bozeman tenor-mezzo midpoint (stand-in),0.455,open,E4,-5.5,below primo,-8,-15,none,not assessed,short,leap-down,-7,no,3,middle,no,no,no,
Kabalevsky T08,13,24,4,D4,62,o,Bozeman tenor-mezzo midpoint (stand-in),0.455,close,C#4,1.5,below primo,-5,-12,none,not assessed,short,leap-up,3,no,3,middle,no,no,no,turning pitch 0 to 2 st below
Kabalevsky T08,13,24,4.5,F#4,66,ɨ,derived from Bozeman tenor-mezzo (stand-in),0.455,close,A#3,8.11,below primo,-1,-8,none,not assessed,short,leap-up,4,no,3,middle,no,yes,no,
Kabalevsky T08,13,25,1,G#4,68,ɑ,Bozeman tenor-mezzo midpoint (stand-in),0.455,close,E4,3.5,inside,1,-6,none,not assessed,short,step,2,no,3,middle,no,yes,no,
Kabalevsky T08,13,25,1.5,F#4,66,ɪ,derived from Bozeman tenor-mezzo (stand-in),0.455,close,D4,3.96,below primo,-1,-8,none,not assessed,short,step,-2,no,3,middle,no,yes,no,
Kabalevsky T08,13,25,2,E4,64,i,Bozeman tenor-mezzo midpoint (stand-in),0.455,crossing,E3,11.5,below primo,-3,-10,none,not assessed,short,step,-2,no,3,middle,no,no,no,crossing
Kabalevsky T08,13,25,2.5,F#4,66,ɑ,Bozeman tenor-mezzo midpoint (stand-in),0.455,close,E4,1.5,below primo,-1,-8,none,not assessed,short,step,2,no,3,middle,no,yes,yes,turning pitch 0 to 2 st below
Kabalevsky T08,13,25,3,G#4,68,ɑ,Bozeman tenor-mezzo midpoint (stand-in),1.364,close,E4,3.5,inside,1,-6,none,not assessed,short,step,2,no,3,middle,no,yes,no,
Kabalevsky T08,13,25,4.5,B4,71,u,Bozeman tenor-mezzo midpoint (stand-in),0.455,above,G3,16.5,inside,4,-3,none,not assessed,short,leap-up,3,no,3,middle,yes,no,no,highest of phrase
Kabalevsky T08,13,26,1,E4,64,o,Bozeman tenor-mezzo midpoint (stand-in),1.818,close,C#4,3.5,below primo,-3,-10,none,not assessed,short,leap-down,-7,no,3,middle,no,no,no,
Kabalevsky T08,13,26,3,E4,64,o,Bozeman tenor-mezzo midpoint (stand-in),0.455,close,C#4,3.5,below primo,-3,-10,none,not assessed,short,tie,0,no,3,last,no,no,no,
Kabalevsky T08,13,26,3.5,E4,64,ɑ,Bozeman tenor-mezzo midpoint (stand-in),0.455,open,E4,-0.5,below primo,-3,-10,none,not assessed,short,repeated,0,no,4,first,no,no,no,
Kabalevsky T08,13,26,4,E4,64,ɪ,derived from Bozeman tenor-mezzo (stand-in),0.455,close,D4,1.96,below primo,-3,-10,none,not assessed,short,repeated,0,no,4,middle,no,no,no,turning pitch 0 to 2 st below
Kabalevsky T08,13,26,4.5,E4,64,ɑ,Bozeman tenor-mezzo midpoint (stand-in),0.455,open,E4,-0.5,below primo,-3,-10,none,not assessed,short,repeated,0,no,4,middle,no,no,no,
Kabalevsky T08,13,27,1,E4,64,u,Bozeman tenor-mezzo midpoint (stand-in),1.818,close,G3,9.5,below primo,-3,-10,none,not assessed,short,repeated,0,no,4,middle,no,no,no,
Kabalevsky T08,13,27,3,E4,64,u,Bozeman tenor-mezzo midpoint (stand-in),0.455,close,G3,9.5,below primo,-3,-10,none,not assessed,short,tie,0,no,4,middle,no,no,no,
Kabalevsky T08,13,27,3.5,E4,64,o,Bozeman tenor-mezzo midpoint (stand-in),0.455,close,C#4,3.5,below primo,-3,-10,none,not assessed,short,repeated,0,no,4,middle,no,no,no,
Kabalevsky T08,13,27,4,E4,64,ɨ,derived from Bozeman tenor-mezzo (stand-in),0.455,close,A#3,6.11,below primo,-3,-10,none,not assessed,short,repeated,0,no,4,middle,no,no,no,
Kabalevsky T08,13,27,4.5,E4,64,ɑ,Bozeman tenor-mezzo midpoint (stand-in),0.455,open,E4,-0.5,below primo,-3,-10,none,not assessed,short,repeated,0,no,4,middle,no,no,no,
Kabalevsky T08,13,28,1,E4,64,e,Bozeman tenor-mezzo midpoint (stand-in),1.364,close,D4,2.5,below primo,-3,-10,none,not assessed,short,repeated,0,no,4,middle,no,no,no,
Kabalevsky T08,13,28,2.5,D#4,63,ɑ,Bozeman tenor-mezzo midpoint (stand-in),0.455,open,E4,-1.5,below primo,-4,-11,none,not assessed,short,step,-1,no,4,middle,no,no,no,
Kabalevsky T08,13,28,3,E4,64,o,Bozeman tenor-mezzo midpoint (stand-in),1.818,close,C#4,3.5,below primo,-3,-10,none,not assessed,short,step,1,no,4,middle,no,no,no,
Kabalevsky T08,13,29,1,G4,67,ɨ,derived from Bozeman tenor-mezzo (stand-in),0.909,close,A#3,9.11,inside,0,-7,none,not assessed,short,leap-up,3,no,4,middle,no,yes,no,
Kabalevsky T08,13,29,2,F#4,66,ɪ,derived from Bozeman tenor-mezzo (stand-in),0.455,close,D4,3.96,below primo,-1,-8,none,not assessed,short,step,-1,no,4,middle,no,yes,no,
Kabalevsky T08,13,29,2.5,E4,64,ɑ,Bozeman tenor-mezzo midpoint (stand-in),0.455,open,E4,-0.5,below primo,-3,-10,none,not assessed,short,step,-2,no,4,middle,no,no,no,
Kabalevsky T08,13,29,3,F#4,66,ɑ,Bozeman tenor-mezzo midpoint (stand-in),0.455,close,E4,1.5,below primo,-1,-8,none,not assessed,short,step,2,no,4,middle,no,yes,yes,turning pitch 0 to 2 st below
Kabalevsky T08,13,29,3.5,B4,71,i,Bozeman tenor-mezzo midpoint (stand-in),0.455,above,E3,18.5,inside,4,-3,none,not assessed,short,leap-up,5,no,4,middle,no,no,no,
Kabalevsky T08,13,29,4,C#5,73,ɑ,Bozeman tenor-mezzo midpoint (stand-in),0.455,close,E4,8.5,inside,6,-1,none,not assessed,short,step,2,no,4,middle,no,yes,no,
Kabalevsky T08,13,29,4.5,D5,74,ɑ,Bozeman tenor-mezzo midpoint (stand-in),0.455,close,E4,9.5,inside,7,0,none,not assessed,short,step,1,no,4,middle,yes,yes,yes,highest of phrase
Kabalevsky T08,13,30,1,C#5,73,ɛ,Bozeman tenor-mezzo midpoint (stand-in),1.364,close,D#4,10.5,inside,6,-1,none,not assessed,short,step,-1,no,4,middle,no,yes,no,
Kabalevsky T08,13,30,2.5,G#4,68,u,Bozeman tenor-mezzo midpoint (stand-in),0.455,above,G3,13.5,inside,1,-6,none,not assessed,short,leap-down,-5,no,4,middle,no,yes,no,
Kabalevsky T08,13,30,3,A4,69,o,Bozeman tenor-mezzo midpoint (stand-in),1.818,close,C#4,8.5,inside,2,-5,none,not assessed,short,step,1,no,4,middle,no,no,no,
Kabalevsky T08,13,31,1,A4,69,o,Bozeman tenor-mezzo midpoint (stand-in),0.455,close,C#4,8.5,inside,2,-5,none,not assessed,short,tie,0,no,4,last,no,no,no,
Kabalevsky T09,11,4,4.5,A4,69,u,Bozeman tenor-mezzo midpoint (stand-in),0.357,above,G3,14.5,inside,2,-5,none,not assessed,short,first note,,,0,first,no,no,no,
Kabalevsky T09,11,5,1,A#4,70,ɛ,Bozeman tenor-mezzo midpoint (stand-in),0.357,close,D#4,7.5,inside,3,-4,none,not assessed,short,step,1,no,0,middle,no,no,no,
Kabalevsky T09,11,5,1.5,A4,69,i,Bozeman tenor-mezzo midpoint (stand-in),0.357,above,E3,16.5,inside,2,-5,none,not assessed,short,step,-1,no,0,middle,no,no,no,
Kabalevsky T09,11,5,2,A4,69,ɨ,derived from Bozeman tenor-mezzo (stand-in),0.357,close,A#3,11.11,inside,2,-5,none,not assessed,short,repeated,0,no,0,middle,no,no,no,
Kabalevsky T09,11,5,2.5,A#4,70,ɑ,Bozeman tenor-mezzo midpoint (stand-in),0.357,close,E4,5.5,inside,3,-4,none,not assessed,short,step,1,no,0,middle,no,no,no,
Kabalevsky T09,11,5,3,A#4,70,u,Bozeman tenor-mezzo midpoint (stand-in),0.357,above,G3,15.5,inside,3,-4,none,not assessed,short,repeated,0,no,0,middle,no,no,no,
Kabalevsky T09,11,5,3.5,G4,67,i,Bozeman tenor-mezzo midpoint (stand-in),0.357,above,E3,14.5,inside,0,-7,none,not assessed,short,leap-down,-3,no,0,middle,no,yes,no,
Kabalevsky T09,11,5,4,G#4,68,ɑ,Bozeman tenor-mezzo midpoint (stand-in),0.357,close,E4,3.5,inside,1,-6,none,not assessed,short,step,1,no,0,middle,no,yes,no,
Kabalevsky T09,11,5,4.5,A4,69,i,Bozeman tenor-mezzo midpoint (stand-in),0.357,above,E3,16.5,inside,2,-5,none,not assessed,short,step,1,no,0,middle,no,no,no,
Kabalevsky T09,11,6,1,C5,72,e,Bozeman tenor-mezzo midpoint (stand-in),2.143,close,D4,10.5,inside,5,-2,none,not assessed,short,leap-up,3,no,0,last,yes,no,no,highest of phrase
Kabalevsky T09,11,6,4.5,A4,69,i,Bozeman tenor-mezzo midpoint (stand-in),0.357,above,E3,16.5,inside,2,-5,none,not assessed,short,leap-down,-3,yes,1,first,no,no,no,
Kabalevsky T09,11,7,1,C5,72,e,Bozeman tenor-mezzo midpoint (stand-in),0.357,close,D4,10.5,inside,5,-2,none,not assessed,short,leap-up,3,no,1,middle,yes,no,no,highest of phrase
Kabalevsky T09,11,7,1.5,A#4,70,ɑ,Bozeman tenor-mezzo midpoint (stand-in),0.357,close,E4,5.5,inside,3,-4,none,not assessed,short,step,-2,no,1,middle,no,no,no,
Kabalevsky T09,11,7,2,A4,69,ɑ,Bozeman tenor-mezzo midpoint (stand-in),0.357,close,E4,4.5,inside,2,-5,none,not assessed,short,step,-1,no,1,middle,no,no,no,
Kabalevsky T09,11,7,2.5,A#4,70,e,Bozeman tenor-mezzo midpoint (stand-in),0.357,close,D4,8.5,inside,3,-4,none,not assessed,short,step,1,no,1,middle,no,no,no,
Kabalevsky T09,11,7,3,A4,69,i,Bozeman tenor-mezzo midpoint (stand-in),0.357,above,E3,16.5,inside,2,-5,none,not assessed,short,step,-1,no,1,middle,no,no,no,
Kabalevsky T09,11,7,3.5,F4,65,ɑ,Bozeman tenor-mezzo midpoint (stand-in),0.357,close,E4,0.5,below primo,-2,-9,none,not assessed,short,leap-down,-4,no,1,middle,no,no,no,turning pitch 0 to 2 st below
Kabalevsky T09,11,7,4,F4,65,o,Bozeman tenor-mezzo midpoint (stand-in),0.357,close,C#4,4.5,below primo,-2,-9,none,not assessed,short,repeated,0,no,1,middle,no,no,no,
Kabalevsky T09,11,7,4.5,G4,67,ɑ,Bozeman tenor-mezzo midpoint (stand-in),0.357,close,E4,2.5,inside,0,-7,none,not assessed,short,step,2,no,1,middle,no,yes,no,
Kabalevsky T09,11,8,1,D#4,63,o,Bozeman tenor-mezzo midpoint (stand-in),1.071,close,C#4,2.5,below primo,-4,-11,none,not assessed,short,leap-down,-4,no,1,middle,no,no,no,
Kabalevsky T09,11,8,2.5,D4,62,ɪ,derived from Bozeman tenor-mezzo (stand-in),0.357,open,D4,-0.04,below primo,-5,-12,none,not assessed,short,step,-1,no,1,last,no,no,no,
Kabalevsky T09,11,9,1,A#4,70,u,Bozeman tenor-mezzo midpoint (stand-in),0.714,above,G3,15.5,inside,3,-4,none,not assessed,short,leap-up,8,yes,2,first,no,no,no,
Kabalevsky T09,11,9,2,A4,69,ɑ,Bozeman tenor-mezzo midpoint (stand-in),0.357,close,E4,4.5,inside,2,-5,none,not assessed,short,step,-1,no,2,middle,no,no,no,
Kabalevsky T09,11,9,2.5,A#4,70,o,Bozeman tenor-mezzo midpoint (stand-in),0.357,close,C#4,9.5,inside,3,-4,none,not assessed,short,step,1,no,2,middle,no,no,no,
Kabalevsky T09,11,9,3,A#4,70,o,Bozeman tenor-mezzo midpoint (stand-in),0.357,close,C#4,9.5,inside,3,-4,none,not assessed,short,repeated,0,no,2,middle,no,no,no,
Kabalevsky T09,11,9,3.5,G4,67,ʌ,derived from Bozeman tenor-mezzo (stand-in),0.357,close,E4,2.5,inside,0,-7,none,not assessed,short,leap-down,-3,no,2,middle,no,yes,no,
Kabalevsky T09,11,9,4,G#4,68,i,Bozeman tenor-mezzo midpoint (stand-in),0.357,above,E3,15.5,inside,1,-6,none,not assessed,short,step,1,no,2,middle,no,yes,no,
Kabalevsky T09,11,9,4.5,A4,69,ɑ,Bozeman tenor-mezzo midpoint (stand-in),0.357,close,E4,4.5,inside,2,-5,none,not assessed,short,step,1,no,2,middle,no,no,no,
Kabalevsky T09,11,10,1,C5,72,i,Bozeman tenor-mezzo midpoint (stand-in),1.071,above,E3,19.5,inside,5,-2,none,not assessed,short,leap-up,3,no,2,middle,yes,no,no,highest of phrase
Kabalevsky T09,11,10,2.5,A#4,70,ɑ,Bozeman tenor-mezzo midpoint (stand-in),0.357,close,E4,5.5,inside,3,-4,none,not assessed,short,step,-2,no,2,middle,no,no,no,
Kabalevsky T09,11,10,3,A4,69,e,Bozeman tenor-mezzo midpoint (stand-in),0.714,close,D4,7.5,inside,2,-5,none,not assessed,short,step,-1,no,2,last,no,no,no,
Kabalevsky T09,11,10,4.5,G4,67,o,Bozeman tenor-mezzo midpoint (stand-in),0.357,close,C#4,6.5,inside,0,-7,none,not assessed,short,step,-2,yes,3,first,no,yes,no,
Kabalevsky T09,11,11,1,F4,65,o,Bozeman tenor-mezzo midpoint (stand-in),0.357,close,C#4,4.5,below primo,-2,-9,none,not assessed,short,step,-2,no,3,middle,no,no,no,
Kabalevsky T09,11,11,1.5,D#4,63,ʌ,derived from Bozeman tenor-mezzo (stand-in),0.357,open,E4,-1.5,below primo,-4,-11,none,not assessed,short,step,-2,no,3,middle,no,no,no,
Kabalevsky T09,11,11,2,D4,62,ɪ,derived from Bozeman tenor-mezzo (stand-in),0.357,open,D4,-0.04,below primo,-5,-12,none,not assessed,short,step,-1,no,3,middle,no,no,no,
Kabalevsky T09,11,11,2.5,C#4,61,ɑ,Bozeman tenor-mezzo midpoint (stand-in),0.357,open,E4,-3.5,below primo,-6,-13,none,not assessed,short,step,-1,no,3,middle,no,no,no,
Kabalevsky T09,11,11,3,D4,62,e,Bozeman tenor-mezzo midpoint (stand-in),0.357,close,D4,0.5,below primo,-5,-12,none,not assessed,short,step,1,no,3,middle,no,no,no,turning pitch 0 to 2 st below
Kabalevsky T09,11,11,3.5,F#4,66,i,Bozeman tenor-mezzo midpoint (stand-in),0.357,above,E3,13.5,below primo,-1,-8,none,not assessed,short,leap-up,4,no,3,middle,no,yes,no,
Kabalevsky T09,11,11,4,A4,69,ɑ,Bozeman tenor-mezzo midpoint (stand-in),0.357,close,E4,4.5,inside,2,-5,none,not assessed,short,leap-up,3,no,3,middle,yes,no,no,highest of phrase
Kabalevsky T09,11,11,4.5,C4,60,i,Bozeman tenor-mezzo midpoint (stand-in),0.357,close,E3,7.5,below primo,-7,-14,none,not assessed,short,leap-down,-9,no,3,middle,no,no,no,
Kabalevsky T09,11,12,1,A#3,58,o,Bozeman tenor-mezzo midpoint (stand-in),1.071,open,C#4,-2.5,below primo,-9,-16,none,not assessed,short,step,-2,no,3,middle,no,no,no,
Kabalevsky T09,11,12,2.5,A#3,58,ɑ,Bozeman tenor-mezzo midpoint (stand-in),0.357,open,E4,-6.5,below primo,-9,-16,none,not assessed,short,repeated,0,no,3,last,no,no,no,
Kabalevsky T09,11,13,3.5,A#3,58,i,Bozeman tenor-mezzo midpoint (stand-in),0.357,close,E3,5.5,below primo,-9,-16,none,not assessed,short,repeated,0,yes,4,first,no,no,no,
Kabalevsky T09,11,13,4,A#3,58,ɛ,Bozeman tenor-mezzo midpoint (stand-in),0.357,open,D#4,-4.5,below primo,-9,-16,none,not assessed,short,repeated,0,no,4,middle,no,no,no,
Kabalevsky T09,11,13,4.5,A#3,58,i,Bozeman tenor-mezzo midpoint (stand-in),0.357,close,E3,5.5,below primo,-9,-16,none,not assessed,short,repeated,0,no,4,middle,no,no,no,
Kabalevsky T09,11,14,1,G4,67,o,Bozeman tenor-mezzo midpoint (stand-in),1.071,close,C#4,6.5,inside,0,-7,none,not assessed,short,leap-up,9,no,4,middle,no,yes,no,
Kabalevsky T09,11,14,2.5,G4,67,ɑ,Bozeman tenor-mezzo midpoint (stand-in),0.357,close,E4,2.5,inside,0,-7,none,not assessed,short,repeated,0,no,4,middle,no,yes,no,
Kabalevsky T09,11,14,3,G4,67,o,Bozeman tenor-mezzo midpoint (stand-in),0.357,close,C#4,6.5,inside,0,-7,none,not assessed,short,repeated,0,no,4,middle,no,yes,no,
Kabalevsky T09,11,14,3.5,F4,65,ɛ,Bozeman tenor-mezzo midpoint (stand-in),0.357,close,D#4,2.5,below primo,-2,-9,none,not assessed,short,step,-2,no,4,middle,no,no,no,
Kabalevsky T09,11,14,4,D#4,63,ɪ,derived from Bozeman tenor-mezzo (stand-in),0.357,close,D4,0.96,below primo,-4,-11,none,not assessed,short,step,-2,no,4,middle,no,no,no,turning pitch 0 to 2 st below
Kabalevsky T09,11,14,4.5,D4,62,ɑ,Bozeman tenor-mezzo midpoint (stand-in),0.357,open,E4,-2.5,below primo,-5,-12,none,not assessed,short,step,-1,no,4,middle,no,no,no,
Kabalevsky T09,11,15,1,D#4,63,o,Bozeman tenor-mezzo midpoint (stand-in),1.429,close,C#4,2.5,below primo,-4,-11,none,not assessed,short,step,1,no,4,middle,no,no,no,
Kabalevsky T09,11,15,3,D#4,63,o,Bozeman tenor-mezzo midpoint (stand-in),0.357,close,C#4,2.5,below primo,-4,-11,none,not assessed,short,tie,0,no,4,middle,no,no,no,
Kabalevsky T09,11,15,3.5,C4,60,ɪ,derived from Bozeman tenor-mezzo (stand-in),0.357,open,D4,-2.04,below primo,-7,-14,none,not assessed,short,leap-down,-3,no,4,middle,no,no,no,
Kabalevsky T09,11,15,4,C4,60,ʌ,derived from Bozeman tenor-mezzo (stand-in),0.357,open,E4,-4.5,below primo,-7,-14,none,not assessed,short,repeated,0,no,4,middle,no,no,no,
Kabalevsky T09,11,15,4.5,C4,60,ɑ,Bozeman tenor-mezzo midpoint (stand-in),0.357,open,E4,-4.5,below primo,-7,-14,none,not assessed,short,repeated,0,no,4,middle,no,no,no,
Kabalevsky T09,11,16,1,C5,72,i,Bozeman tenor-mezzo midpoint (stand-in),1.071,above,E3,19.5,inside,5,-2,none,not assessed,short,leap-up,12,no,4,middle,no,no,no,
Kabalevsky T09,11,16,2.5,C#5,73,u,Bozeman tenor-mezzo midpoint (stand-in),0.357,above,G3,18.5,inside,6,-1,none,not assessed,short,step,1,no,4,middle,yes,yes,yes,highest of phrase
Kabalevsky T09,11,16,3,C5,72,ɑ,Bozeman tenor-mezzo midpoint (stand-in),0.357,close,E4,7.5,inside,5,-2,none,not assessed,short,step,-1,no,4,middle,no,no,no,
Kabalevsky T09,11,16,3.5,G4,67,ɑ,Bozeman tenor-mezzo midpoint (stand-in),0.357,close,E4,2.5,inside,0,-7,none,not assessed,short,leap-down,-5,no,4,middle,no,yes,no,
Kabalevsky T09,11,16,4,G#4,68,i,Bozeman tenor-mezzo midpoint (stand-in),0.357,above,E3,15.5,inside,1,-6,none,not assessed,short,step,1,no,4,middle,no,yes,no,
Kabalevsky T09,11,16,4.5,G4,67,ɑ,Bozeman tenor-mezzo midpoint (stand-in),0.357,close,E4,2.5,inside,0,-7,none,not assessed,short,step,-1,no,4,middle,no,yes,no,
Kabalevsky T09,11,17,1,G#4,68,ɑ,Bozeman tenor-mezzo midpoint (stand-in),1.071,close,E4,3.5,inside,1,-6,none,not assessed,short,step,1,no,4,middle,no,yes,no,
Kabalevsky T09,11,17,2.5,F4,65,ɨ,derived from Bozeman tenor-mezzo (stand-in),0.357,close,A#3,7.11,below primo,-2,-9,none,not assessed,short,leap-down,-3,no,4,last,no,no,no,
Kabalevsky T09,11,17,4.5,D4,62,u,Bozeman tenor-mezzo midpoint (stand-in),0.357,close,G3,7.5,below primo,-5,-12,none,not assessed,short,leap-down,-3,yes,5,first,no,no,no,
Kabalevsky T09,11,18,1,D#4,63,u,Bozeman tenor-mezzo midpoint (stand-in),0.536,close,G3,8.5,below primo,-4,-11,none,not assessed,short,step,1,no,5,middle,no,no,no,
Kabalevsky T09,11,18,1.75,D4,62,ɑ,Bozeman tenor-mezzo midpoint (stand-in),0.179,open,E4,-2.5,below primo,-5,-12,none,not assessed,short,step,-1,no,5,middle,no,no,no,
Kabalevsky T09,11,18,2,D4,62,ɑ,Bozeman tenor-mezzo midpoint (stand-in),0.714,open,E4,-2.5,below primo,-5,-12,none,not assessed,short,repeated,0,no,5,middle,no,no,no,
Kabalevsky T09,11,18,3,D4,62,ɑ,Bozeman tenor-mezzo midpoint (stand-in),0.357,open,E4,-2.5,below primo,-5,-12,none,not assessed,short,tie,0,no,5,middle,no,no,no,
Kabalevsky T09,11,18,3.5,C#4,61,ɪ,derived from Bozeman tenor-mezzo (stand-in),0.357,open,D4,-1.04,below primo,-6,-13,none,not assessed,short,step,-1,no,5,middle,no,no,no,
Kabalevsky T09,11,18,4,C#4,61,ʌ,derived from Bozeman tenor-mezzo (stand-in),0.357,open,E4,-3.5,below primo,-6,-13,none,not assessed,short,repeated,0,no,5,middle,no,no,no,
Kabalevsky T09,11,18,4.5,D4,62,ɪ,derived from Bozeman tenor-mezzo (stand-in),0.357,open,D4,-0.04,below primo,-5,-12,none,not assessed,short,step,1,no,5,middle,no,no,no,
Kabalevsky T09,11,19,1,G#4,68,ɨ,derived from Bozeman tenor-mezzo (stand-in),1.071,close,A#3,10.11,inside,1,-6,none,not assessed,short,leap-up,6,no,5,middle,no,yes,no,
Kabalevsky T09,11,19,2.5,D4,62,none resolved,not assessed,0.357,not assessed,not assessed,not assessed,below primo,-5,-12,not assessed,not assessed,short,leap-down,-6,no,5,middle,no,no,no,
Kabalevsky T09,11,19,3,G4,67,o,Bozeman tenor-mezzo midpoint (stand-in),1.071,close,C#4,6.5,inside,0,-7,none,not assessed,short,leap-up,5,no,5,middle,no,yes,no,
Kabalevsky T09,11,19,4.5,G4,67,ɑ,Bozeman tenor-mezzo midpoint (stand-in),0.357,close,E4,2.5,inside,0,-7,none,not assessed,short,repeated,0,no,5,middle,no,yes,no,
Kabalevsky T09,11,20,1,C5,72,i,Bozeman tenor-mezzo midpoint (stand-in),1.071,above,E3,19.5,inside,5,-2,none,not assessed,short,leap-up,5,no,5,middle,yes,no,no,highest of phrase
Kabalevsky T09,11,20,2.5,G#4,68,ɨ,derived from Bozeman tenor-mezzo (stand-in),0.357,close,A#3,10.11,inside,1,-6,none,not assessed,short,leap-down,-4,no,5,middle,no,yes,no,
Kabalevsky T09,11,20,3,G4,67,u,Bozeman tenor-mezzo midpoint (stand-in),0.714,crossing,G3,12.5,inside,0,-7,none,not assessed,short,step,-1,no,5,middle,no,yes,yes,crossing
Kabalevsky T09,11,20,4,D#4,63,ʌ,derived from Bozeman tenor-mezzo (stand-in),0.714,open,E4,-1.5,below primo,-4,-11,none,not assessed,short,leap-down,-4,no,5,middle,no,no,no,
Kabalevsky T09,11,21,1,C5,72,u,Bozeman tenor-mezzo midpoint (stand-in),0.357,above,G3,17.5,inside,5,-2,none,not assessed,short,leap-up,9,no,5,middle,yes,no,no,highest of phrase
Kabalevsky T09,11,21,1.5,G#4,68,ʌ,derived from Bozeman tenor-mezzo (stand-in),0.357,close,E4,3.5,inside,1,-6,none,not assessed,short,leap-down,-4,no,5,middle,no,yes,no,
Kabalevsky T09,11,21,2,G4,67,ɪ,derived from Bozeman tenor-mezzo (stand-in),0.357,close,D4,4.96,inside,0,-7,none,not assessed,short,step,-1,no,5,middle,no,yes,no,
Kabalevsky T09,11,21,2.5,G#4,68,ɑ,Bozeman tenor-mezzo midpoint (stand-in),0.357,close,E4,3.5,inside,1,-6,none,not assessed,short,step,1,no,5,middle,no,yes,no,
Kabalevsky T09,11,21,3,G4,67,ɑ,Bozeman tenor-mezzo midpoint (stand-in),1.071,close,E4,2.5,inside,0,-7,none,not assessed,short,step,-1,no,5,middle,no,yes,no,
Kabalevsky T09,11,21,4.5,G4,67,ɨ,derived from Bozeman tenor-mezzo (stand-in),0.357,close,A#3,9.11,inside,0,-7,none,not assessed,short,repeated,0,no,5,last,no,yes,no,
Kabalevsky T09,11,24,4.5,A4,69,ɑ,Bozeman tenor-mezzo midpoint (stand-in),0.357,close,E4,4.5,inside,2,-5,none,not assessed,short,step,2,yes,6,first,no,no,no,
Kabalevsky T09,11,25,1,A#4,70,ɑ,Bozeman tenor-mezzo midpoint (stand-in),1.071,close,E4,5.5,inside,3,-4,none,not assessed,short,step,1,no,6,middle,no,no,no,
Kabalevsky T09,11,25,2.5,A#4,70,i,Bozeman tenor-mezzo midpoint (stand-in),0.357,above,E3,17.5,inside,3,-4,none,not assessed,short,repeated,0,no,6,middle,no,no,no,
Kabalevsky T09,11,25,3,A#4,70,ɑ,Bozeman tenor-mezzo midpoint (stand-in),0.357,close,E4,5.5,inside,3,-4,none,not assessed,short,repeated,0,no,6,middle,no,no,no,
Kabalevsky T09,11,25,3.5,G4,67,o,Bozeman tenor-mezzo midpoint (stand-in),0.357,close,C#4,6.5,inside,0,-7,none,not assessed,short,leap-down,-3,no,6,middle,no,yes,no,
Kabalevsky T09,11,25,4,G#4,68,ɪ,derived from Bozeman tenor-mezzo (stand-in),0.357,close,D4,5.96,inside,1,-6,none,not assessed,short,step,1,no,6,middle,no,yes,no,
Kabalevsky T09,11,25,4.5,A4,69,ɑ,Bozeman tenor-mezzo midpoint (stand-in),0.357,close,E4,4.5,inside,2,-5,none,not assessed,short,step,1,no,6,middle,no,no,no,
Kabalevsky T09,11,26,1,C5,72,e,Bozeman tenor-mezzo midpoint (stand-in),1.071,close,D4,10.5,inside,5,-2,none,not assessed,short,leap-up,3,no,6,middle,yes,no,no,highest of phrase
Kabalevsky T09,11,26,2.5,A#4,70,i,Bozeman tenor-mezzo midpoint (stand-in),0.357,above,E3,17.5,inside,3,-4,none,not assessed,short,step,-2,no,6,middle,no,no,no,
Kabalevsky T09,11,26,3,A4,69,i,Bozeman tenor-mezzo midpoint (stand-in),0.714,above,E3,16.5,inside,2,-5,none,not assessed,short,step,-1,no,6,last,no,no,no,
Kabalevsky T09,11,26,4.5,A4,69,ɑ,Bozeman tenor-mezzo midpoint (stand-in),0.357,close,E4,4.5,inside,2,-5,none,not assessed,short,repeated,0,yes,7,first,no,no,no,
Kabalevsky T09,11,27,1,C5,72,ɑ,Bozeman tenor-mezzo midpoint (stand-in),0.357,close,E4,7.5,inside,5,-2,none,not assessed,short,leap-up,3,no,7,middle,yes,no,no,highest of phrase
Kabalevsky T09,11,27,1.5,A#4,70,ɑ,Bozeman tenor-mezzo midpoint (stand-in),0.357,close,E4,5.5,inside,3,-4,none,not assessed,short,step,-2,no,7,middle,no,no,no,
Kabalevsky T09,11,27,2,A4,69,ɛ,Bozeman tenor-mezzo midpoint (stand-in),0.357,close,D#4,6.5,inside,2,-5,none,not assessed,short,step,-1,no,7,middle,no,no,no,
Kabalevsky T09,11,27,2.5,A#4,70,i,Bozeman tenor-mezzo midpoint (stand-in),0.357,above,E3,17.5,inside,3,-4,none,not assessed,short,step,1,no,7,middle,no,no,no,
Kabalevsky T09,11,27,3,A4,69,ɛ,Bozeman tenor-mezzo midpoint (stand-in),0.357,close,D#4,6.5,inside,2,-5,none,not assessed,short,step,-1,no,7,middle,no,no,no,
Kabalevsky T09,11,27,3.5,F4,65,ɑ,Bozeman tenor-mezzo midpoint (stand-in),0.357,close,E4,0.5,below primo,-2,-9,none,not assessed,short,leap-down,-4,no,7,middle,no,no,no,turning pitch 0 to 2 st below
Kabalevsky T09,11,27,4,F4,65,ʌ,derived from Bozeman tenor-mezzo (stand-in),0.357,close,E4,0.5,below primo,-2,-9,none,not assessed,short,repeated,0,no,7,middle,no,no,no,turning pitch 0 to 2 st below
Kabalevsky T09,11,27,4.5,G4,67,ɑ,Bozeman tenor-mezzo midpoint (stand-in),0.357,close,E4,2.5,inside,0,-7,none,not assessed,short,step,2,no,7,middle,no,yes,no,
Kabalevsky T09,11,28,1,D#4,63,e,Bozeman tenor-mezzo midpoint (stand-in),1.071,close,D4,1.5,below primo,-4,-11,none,not assessed,short,leap-down,-4,no,7,middle,no,no,no,turning pitch 0 to 2 st below
Kabalevsky T09,11,28,2.5,D4,62,u,Bozeman tenor-mezzo midpoint (stand-in),0.357,close,G3,7.5,below primo,-5,-12,none,not assessed,short,step,-1,no,7,last,no,no,no,
Kabalevsky T09,11,28,4.5,D4,62,ɑ,Bozeman tenor-mezzo midpoint (stand-in),0.357,open,E4,-2.5,below primo,-5,-12,none,not assessed,short,repeated,0,yes,8,first,no,no,no,
Kabalevsky T09,11,29,1,D#4,63,ɑ,Bozeman tenor-mezzo midpoint (stand-in),1.071,open,E4,-1.5,below primo,-4,-11,none,not assessed,short,step,1,no,8,middle,no,no,no,
Kabalevsky T09,11,29,2.5,C4,60,i,Bozeman tenor-mezzo midpoint (stand-in),0.357,close,E3,7.5,below primo,-7,-14,none,not assessed,short,leap-down,-3,no,8,middle,no,no,no,
Kabalevsky T09,11,29,3,G4,67,ɑ,Bozeman tenor-mezzo midpoint (stand-in),1.071,close,E4,2.5,inside,0,-7,none,not assessed,short,leap-up,7,no,8,last,yes,yes,yes,highest of phrase
Kabalevsky T09,11,29,4.5,D4,62,o,Bozeman tenor-mezzo midpoint (stand-in),0.357,close,C#4,1.5,below primo,-5,-12,none,not assessed,short,leap-down,-5,no,9,first,no,no,no,turning pitch 0 to 2 st below
Kabalevsky T09,11,30,1,D#4,63,ɑ,Bozeman tenor-mezzo midpoint (stand-in),0.357,open,E4,-1.5,below primo,-4,-11,none,not assessed,short,step,1,no,9,middle,no,no,no,
Kabalevsky T09,11,30,1.25,C4,60,u,Bozeman tenor-mezzo midpoint (stand-in),0.357,close,G3,5.5,below primo,-7,-14,none,not assessed,short,leap-down,-3,no,9,middle,no,no,no,
Kabalevsky T09,11,30,1.5,D#4,63,ɑ,Bozeman tenor-mezzo midpoint (stand-in),0.357,open,E4,-1.5,below primo,-4,-11,none,not assessed,short,leap-up,3,no,9,middle,no,no,no,
Kabalevsky T09,11,30,1.75,G4,67,ɑ,Bozeman tenor-mezzo midpoint (stand-in),0.357,close,E4,2.5,inside,0,-7,none,not assessed,short,leap-up,4,no,9,middle,no,yes,no,
Kabalevsky T09,11,30,2,A4,69,i,Bozeman tenor-mezzo midpoint (stand-in),1.429,above,E3,16.5,inside,2,-5,none,not assessed,short,step,2,no,9,middle,no,no,no,
Kabalevsky T09,11,30,3,A4,69,i,Bozeman tenor-mezzo midpoint (stand-in),0.357,above,E3,16.5,inside,2,-5,none,not assessed,short,tie,0,no,9,middle,no,no,no,
Kabalevsky T09,11,30,3.25,A4,69,o,Bozeman tenor-mezzo midpoint (stand-in),0.357,close,C#4,8.5,inside,2,-5,none,not assessed,short,repeated,0,no,9,middle,no,no,no,
Kabalevsky T09,11,30,3.5,G#4,68,ɛ,Bozeman tenor-mezzo midpoint (stand-in),0.357,close,D#4,5.5,inside,1,-6,none,not assessed,short,step,-1,no,9,middle,no,yes,no,
Kabalevsky T09,11,30,3.75,A4,69,ʌ,derived from Bozeman tenor-mezzo (stand-in),0.357,close,E4,4.5,inside,2,-5,none,not assessed,short,step,1,no,9,middle,no,no,no,
Kabalevsky T09,11,31,1,C5,72,ɑ,Bozeman tenor-mezzo midpoint (stand-in),1.071,close,E4,7.5,inside,5,-2,none,not assessed,short,leap-up,3,no,9,middle,yes,no,no,highest of phrase
Kabalevsky T09,11,31,2.5,A#4,70,ɛ,Bozeman tenor-mezzo midpoint (stand-in),0.357,close,D#4,7.5,inside,3,-4,none,not assessed,short,step,-2,no,9,middle,no,no,no,
Kabalevsky T09,11,31,3,A4,69,ɛ,Bozeman tenor-mezzo midpoint (stand-in),0.357,close,D#4,6.5,inside,2,-5,none,not assessed,short,step,-1,no,9,middle,no,no,no,
Kabalevsky T09,11,31,3.5,A#4,70,ɪ,derived from Bozeman tenor-mezzo (stand-in),0.357,close,D4,7.96,inside,3,-4,none,not assessed,short,step,1,no,9,middle,no,no,no,
Kabalevsky T09,11,31,4,A4,69,o,Bozeman tenor-mezzo midpoint (stand-in),0.357,close,C#4,8.5,inside,2,-5,none,not assessed,short,step,-1,no,9,middle,no,no,no,
Kabalevsky T09,11,31,4.5,G4,67,o,Bozeman tenor-mezzo midpoint (stand-in),0.357,close,C#4,6.5,inside,0,-7,none,not assessed,short,step,-2,no,9,middle,no,yes,no,
Kabalevsky T09,11,32,1,F#4,66,e,Bozeman tenor-mezzo midpoint (stand-in),1.071,close,D4,4.5,below primo,-1,-8,none,not assessed,short,step,-1,no,9,middle,no,yes,no,
Kabalevsky T09,11,32,2.5,D4,62,ɛ,Bozeman tenor-mezzo midpoint (stand-in),0.357,open,D#4,-0.5,below primo,-5,-12,none,not assessed,short,leap-down,-4,no,9,last,no,no,no,
Kabalevsky T09,11,32,4.5,D4,62,o,Bozeman tenor-mezzo midpoint (stand-in),0.357,close,C#4,1.5,below primo,-5,-12,none,not assessed,short,repeated,0,yes,10,first,no,no,no,turning pitch 0 to 2 st below
Kabalevsky T09,11,33,1,D#4,63,ɛ,Bozeman tenor-mezzo midpoint (stand-in),1.071,close,D#4,0.5,below primo,-4,-11,none,not assessed,short,step,1,no,10,middle,no,no,no,turning pitch 0 to 2 st below
Kabalevsky T09,11,33,2.5,G4,67,ɪ,derived from Bozeman tenor-mezzo (stand-in),0.357,close,D4,4.96,inside,0,-7,none,not assessed,short,leap-up,4,no,10,middle,no,yes,no,
Kabalevsky T09,11,33,3,F#4,66,o,Bozeman tenor-mezzo midpoint (stand-in),1.071,close,C#4,5.5,below primo,-1,-8,none,not assessed,short,step,-1,no,10,middle,no,yes,no,
Kabalevsky T09,11,33,4.5,D4,62,ɑ,Bozeman tenor-mezzo midpoint (stand-in),0.357,open,E4,-2.5,below primo,-5,-12,none,not assessed,short,leap-down,-4,no,10,middle,no,no,no,
Kabalevsky T09,11,34,1,D#4,63,e,Bozeman tenor-mezzo midpoint (stand-in),0.357,close,D4,1.5,below primo,-4,-11,none,not assessed,short,step,1,no,10,middle,no,no,no,turning pitch 0 to 2 st below
Kabalevsky T09,11,34,1.5,C4,60,ɑ,Bozeman tenor-mezzo midpoint (stand-in),0.357,open,E4,-4.5,below primo,-7,-14,none,not assessed,short,leap-down,-3,no,10,middle,no,no,no,
Kabalevsky T09,11,34,2,G4,67,ɑ,Bozeman tenor-mezzo midpoint (stand-in),0.357,close,E4,2.5,inside,0,-7,none,not assessed,short,leap-up,7,no,10,middle,no,yes,no,
Kabalevsky T09,11,34,2.5,A#4,70,ɪ,derived from Bozeman tenor-mezzo (stand-in),0.357,close,D4,7.96,inside,3,-4,none,not assessed,short,leap-up,3,no,10,middle,no,no,no,
Kabalevsky T09,11,34,3,A4,69,ɑ,Bozeman tenor-mezzo midpoint (stand-in),1.071,close,E4,4.5,inside,2,-5,none,not assessed,short,step,-1,no,10,middle,no,no,no,
Kabalevsky T09,11,34,4.5,D4,62,ɑ,Bozeman tenor-mezzo midpoint (stand-in),0.357,open,E4,-2.5,below primo,-5,-12,none,not assessed,short,leap-down,-7,no,10,middle,no,no,no,
Kabalevsky T09,11,35,1,D5,74,e,Bozeman tenor-mezzo midpoint (stand-in),1.071,crossing,D4,12.5,inside,7,0,none,not assessed,short,leap-up,12,no,10,middle,yes,yes,yes,highest of phrase; crossing
Kabalevsky T09,11,35,2.5,C#5,73,u,Bozeman tenor-mezzo midpoint (stand-in),0.357,above,G3,18.5,inside,6,-1,none,not assessed,short,step,-1,no,10,middle,no,yes,no,
Kabalevsky T09,11,35,3,C5,72,i,Bozeman tenor-mezzo midpoint (stand-in),1.071,above,E3,19.5,inside,5,-2,none,not assessed,short,step,-1,no,10,middle,no,no,no,
Kabalevsky T09,11,35,4.5,B4,71,i,Bozeman tenor-mezzo midpoint (stand-in),0.357,above,E3,18.5,inside,4,-3,none,not assessed,short,step,-1,no,10,middle,no,no,no,
Kabalevsky T09,11,36,1,A#4,70,ɨ,derived from Bozeman tenor-mezzo (stand-in),0.357,crossing,A#3,12.11,inside,3,-4,none,not assessed,short,step,-1,no,10,middle,no,no,no,crossing
Kabalevsky T09,11,36,1.5,A#4,70,none resolved,not assessed,0.357,not assessed,not assessed,not assessed,inside,3,-4,not assessed,not assessed,short,repeated,0,no,10,middle,no,no,no,
Kabalevsky T09,11,36,2,A#4,70,ʌ,derived from Bozeman tenor-mezzo (stand-in),0.357,close,E4,5.5,inside,3,-4,none,not assessed,short,repeated,0,no,10,middle,no,no,no,
Kabalevsky T09,11,36,2.5,A4,69,ɪ,derived from Bozeman tenor-mezzo (stand-in),0.357,close,D4,6.96,inside,2,-5,none,not assessed,short,step,-1,no,10,middle,no,no,no,
Kabalevsky T09,11,36,3,G4,67,ɑ,Bozeman tenor-mezzo midpoint (stand-in),1.429,close,E4,2.5,inside,0,-7,none,not assessed,short,step,-2,no,10,last,no,yes,no,
Kabalevsky T10,11,3,3,B3,59,u,Bozeman tenor-mezzo midpoint (stand-in),0.357,close,G3,4.5,below primo,-8,-15,none,not assessed,short,first note,,,0,first,no,no,no,
Kabalevsky T10,11,4,1,E4,64,ɨ,derived from Bozeman tenor-mezzo (stand-in),0.714,close,A#3,6.11,below primo,-3,-10,none,not assessed,short,leap-up,5,no,0,middle,no,no,no,
Kabalevsky T10,11,4,3,F#4,66,o,Bozeman tenor-mezzo midpoint (stand-in),0.357,close,C#4,5.5,below primo,-1,-8,none,not assessed,short,step,2,no,0,middle,no,yes,no,
Kabalevsky T10,11,5,1,G#4,68,i,Bozeman tenor-mezzo midpoint (stand-in),1.071,above,E3,15.5,inside,1,-6,none,not assessed,short,step,2,no,0,middle,no,yes,no,
Kabalevsky T10,11,6,1,G#4,68,i,Bozeman tenor-mezzo midpoint (stand-in),0.714,above,E3,15.5,inside,1,-6,none,not assessed,short,tie,0,no,0,middle,no,yes,no,
Kabalevsky T10,11,6,3,A4,69,ɪ,derived from Bozeman tenor-mezzo (stand-in),0.357,close,D4,6.96,inside,2,-5,none,not assessed,short,step,1,no,0,middle,yes,no,no,highest of phrase
Kabalevsky T10,11,7,1,G#4,68,e,Bozeman tenor-mezzo midpoint (stand-in),0.714,close,D4,6.5,inside,1,-6,none,not assessed,short,step,-1,no,0,middle,no,yes,no,
Kabalevsky T10,11,7,3,F#4,66,ɪ,derived from Bozeman tenor-mezzo (stand-in),0.357,close,D4,3.96,below primo,-1,-8,none,not assessed,short,step,-2,no,0,middle,no,yes,no,
Kabalevsky T10,11,8,1,E4,64,ʌ,derived from Bozeman tenor-mezzo (stand-in),0.714,open,E4,-0.5,below primo,-3,-10,none,not assessed,short,step,-2,no,0,middle,no,no,no,
Kabalevsky T10,11,8,3,D#4,63,i,Bozeman tenor-mezzo midpoint (stand-in),0.357,close,E3,10.5,below primo,-4,-11,none,not assessed,short,step,-1,no,0,middle,no,no,no,
Kabalevsky T10,11,9,1,C#4,61,o,Bozeman tenor-mezzo midpoint (stand-in),1.071,close,C#4,0.5,below primo,-6,-13,none,not assessed,short,step,-2,no,0,middle,no,no,no,turning pitch 0 to 2 st below
Kabalevsky T10,11,10,1,C#4,61,o,Bozeman tenor-mezzo midpoint (stand-in),0.357,close,C#4,0.5,below primo,-6,-13,none,not assessed,short,tie,0,no,0,last,no,no,no,turning pitch 0 to 2 st below
Kabalevsky T10,11,10,2.5,C#4,61,ʌ,derived from Bozeman tenor-mezzo (stand-in),0.179,open,E4,-3.5,below primo,-6,-13,none,not assessed,short,repeated,0,yes,1,first,no,no,no,
Kabalevsky T10,11,10,3,C#4,61,ʌ,derived from Bozeman tenor-mezzo (stand-in),0.179,open,E4,-3.5,below primo,-6,-13,none,not assessed,short,repeated,0,no,1,middle,no,no,no,
Kabalevsky T10,11,10,3.5,C#4,61,ɑ,Bozeman tenor-mezzo midpoint (stand-in),0.179,open,E4,-3.5,below primo,-6,-13,none,not assessed,short,repeated,0,no,1,middle,no,no,no,
Kabalevsky T10,11,11,1,A4,69,ɑ,Bozeman tenor-mezzo midpoint (stand-in),0.536,close,E4,4.5,inside,2,-5,none,not assessed,short,leap-up,8,no,1,middle,yes,no,no,highest of phrase
Kabalevsky T10,11,11,2.5,G#4,68,ɪ,derived from Bozeman tenor-mezzo (stand-in),0.179,close,D4,5.96,inside,1,-6,none,not assessed,short,step,-1,no,1,middle,no,yes,no,
Kabalevsky T10,11,11,3,F#4,66,i,Bozeman tenor-mezzo midpoint (stand-in),0.179,above,E3,13.5,below primo,-1,-8,none,not assessed,short,step,-2,no,1,middle,no,yes,no,
Kabalevsky T10,11,11,3.5,E4,64,i,Bozeman tenor-mezzo midpoint (stand-in),0.179,crossing,E3,11.5,below primo,-3,-10,none,not assessed,short,step,-2,no,1,middle,no,no,no,crossing
Kabalevsky T10,11,12,1,D#4,63,ɛ,Bozeman tenor-mezzo midpoint (stand-in),0.714,close,D#4,0.5,below primo,-4,-11,none,not assessed,short,step,-1,no,1,middle,no,no,no,turning pitch 0 to 2 st below
Kabalevsky T10,11,12,3,C#4,61,ɪ,derived from Bozeman tenor-mezzo (stand-in),0.357,open,D4,-1.04,below primo,-6,-13,none,not assessed,short,step,-2,no,1,middle,no,no,no,
Kabalevsky T10,11,13,1,D#4,63,ɑ,Bozeman tenor-mezzo midpoint (stand-in),0.714,open,E4,-1.5,below primo,-4,-11,none,not assessed,short,step,2,no,1,middle,no,no,no,
Kabalevsky T10,11,13,3,D#4,63,ɨ,derived from Bozeman tenor-mezzo (stand-in),0.357,close,A#3,5.11,below primo,-4,-11,none,not assessed,short,repeated,0,no,1,last,no,no,no,
Kabalevsky T10,11,14,2.5,D#4,63,ɪ,derived from Bozeman tenor-mezzo (stand-in),0.179,close,D4,0.96,below primo,-4,-11,none,not assessed,short,repeated,0,yes,2,first,no,no,no,turning pitch 0 to 2 st below
Kabalevsky T10,11,14,3,D#4,63,ʌ,derived from Bozeman tenor-mezzo (stand-in),0.179,open,E4,-1.5,below primo,-4,-11,none,not assessed,short,repeated,0,no,2,middle,no,no,no,
Kabalevsky T10,11,14,3.5,D#4,63,i,Bozeman tenor-mezzo midpoint (stand-in),0.179,close,E3,10.5,below primo,-4,-11,none,not assessed,short,repeated,0,no,2,middle,no,no,no,
Kabalevsky T10,11,15,1,G#4,68,ɑ,Bozeman tenor-mezzo midpoint (stand-in),0.714,close,E4,3.5,inside,1,-6,none,not assessed,short,leap-up,5,no,2,middle,no,yes,no,
Kabalevsky T10,11,15,3,G#4,68,i,Bozeman tenor-mezzo midpoint (stand-in),0.357,above,E3,15.5,inside,1,-6,none,not assessed,short,repeated,0,no,2,middle,no,yes,no,
Kabalevsky T10,11,16,1,D4,62,ɛ,Bozeman tenor-mezzo midpoint (stand-in),0.714,open,D#4,-0.5,below primo,-5,-12,none,not assessed,short,leap-down,-6,no,2,middle,no,no,no,
Kabalevsky T10,11,16,3,D4,62,o,Bozeman tenor-mezzo midpoint (stand-in),0.357,close,C#4,1.5,below primo,-5,-12,none,not assessed,short,repeated,0,no,2,middle,no,no,no,turning pitch 0 to 2 st below
Kabalevsky T10,11,17,1,G#4,68,ɨ,derived from Bozeman tenor-mezzo (stand-in),0.714,close,A#3,10.11,inside,1,-6,none,not assessed,short,leap-up,6,no,2,middle,no,yes,no,
Kabalevsky T10,11,17,3,G#4,68,i,Bozeman tenor-mezzo midpoint (stand-in),0.357,above,E3,15.5,inside,1,-6,none,not assessed,short,repeated,0,no,2,middle,no,yes,no,
Kabalevsky T10,11,18,1,D4,62,o,Bozeman tenor-mezzo midpoint (stand-in),0.714,close,C#4,1.5,below primo,-5,-12,none,not assessed,short,leap-down,-6,no,2,middle,no,no,no,turning pitch 0 to 2 st below
Kabalevsky T10,11,18,3,D#4,63,i,Bozeman tenor-mezzo midpoint (stand-in),0.357,close,E3,10.5,below primo,-4,-11,none,not assessed,short,step,1,no,2,middle,no,no,no,
Kabalevsky T10,11,19,1,A#4,70,o,Bozeman tenor-mezzo midpoint (stand-in),0.714,close,C#4,9.5,inside,3,-4,none,not assessed,short,leap-up,7,no,2,middle,yes,no,no,highest of phrase
Kabalevsky T10,11,19,3,G#4,68,ʌ,derived from Bozeman tenor-mezzo (stand-in),0.357,close,E4,3.5,inside,1,-6,none,not assessed,short,step,-2,no,2,middle,no,yes,no,
Kabalevsky T10,11,20,1,D#4,63,o,Bozeman tenor-mezzo midpoint (stand-in),0.536,close,C#4,2.5,below primo,-4,-11,none,not assessed,short,leap-down,-5,no,2,middle,no,no,no,
Kabalevsky T10,11,20,2.5,D#4,63,ɨ,derived from Bozeman tenor-mezzo (stand-in),0.179,close,A#3,5.11,below primo,-4,-11,none,not assessed,short,repeated,0,no,2,middle,no,no,no,
Kabalevsky T10,11,20,3,D#4,63,ʌ,derived from Bozeman tenor-mezzo (stand-in),0.179,open,E4,-1.5,below primo,-4,-11,none,not assessed,short,repeated,0,no,2,middle,no,no,no,
Kabalevsky T10,11,20,3.5,D#4,63,ɪ,derived from Bozeman tenor-mezzo (stand-in),0.179,close,D4,0.96,below primo,-4,-11,none,not assessed,short,repeated,0,no,2,middle,no,no,no,turning pitch 0 to 2 st below
Kabalevsky T10,11,21,1,A#4,70,ɑ,Bozeman tenor-mezzo midpoint (stand-in),0.714,close,E4,5.5,inside,3,-4,none,not assessed,short,leap-up,7,no,2,middle,yes,no,no,highest of phrase
Kabalevsky T10,11,21,3,G#4,68,i,Bozeman tenor-mezzo midpoint (stand-in),0.357,above,E3,15.5,inside,1,-6,none,not assessed,short,step,-2,no,2,middle,no,yes,no,
Kabalevsky T10,11,22,1,D#4,63,ɑ,Bozeman tenor-mezzo midpoint (stand-in),0.714,open,E4,-1.5,below primo,-4,-11,none,not assessed,short,leap-down,-5,no,2,middle,no,no,no,
Kabalevsky T10,11,22,3,D#4,63,ɨ,derived from Bozeman tenor-mezzo (stand-in),0.357,close,A#3,5.11,below primo,-4,-11,none,not assessed,short,repeated,0,no,2,last,no,no,no,
Kabalevsky T10,11,28,1,D#4,63,ɑ,Bozeman tenor-mezzo midpoint (stand-in),0.357,open,E4,-1.5,below primo,-4,-11,none,not assessed,short,repeated,0,yes,3,first,no,no,no,
Kabalevsky T10,11,28,2,G#4,68,ʌ,derived from Bozeman tenor-mezzo (stand-in),0.357,close,E4,3.5,inside,1,-6,none,not assessed,short,leap-up,5,no,3,middle,no,yes,no,
Kabalevsky T10,11,28,3,A#4,70,ɑ,Bozeman tenor-mezzo midpoint (stand-in),0.357,close,E4,5.5,inside,3,-4,none,not assessed,short,step,2,no,3,middle,no,no,no,
Kabalevsky T10,11,29,1,C5,72,a,derived from Bozeman tenor-mezzo (stand-in),1.071,close,G4,5.08,inside,5,-2,none,not assessed,short,step,2,no,3,middle,no,no,no,
Kabalevsky T10,11,30,1,C5,72,a,derived from Bozeman tenor-mezzo (stand-in),0.714,close,G4,5.08,inside,5,-2,none,not assessed,short,tie,0,no,3,middle,no,no,no,
Kabalevsky T10,11,30,3,C#5,73,u,Bozeman tenor-mezzo midpoint (stand-in),0.357,above,G3,18.5,inside,6,-1,none,not assessed,short,step,1,no,3,middle,yes,yes,yes,highest of phrase
Kabalevsky T10,11,31,1,C5,72,ɛ,Bozeman tenor-mezzo midpoint (stand-in),0.714,close,D#4,9.5,inside,5,-2,none,not assessed,short,step,-1,no,3,middle,no,no,no,
Kabalevsky T10,11,31,3,A#4,70,i,Bozeman tenor-mezzo midpoint (stand-in),0.357,above,E3,17.5,inside,3,-4,none,not assessed,short,step,-2,no,3,middle,no,no,no,
Kabalevsky T10,11,32,1,G#4,68,ɪ,derived from Bozeman tenor-mezzo (stand-in),0.714,close,D4,5.96,inside,1,-6,none,not assessed,short,step,-2,no,3,middle,no,yes,no,
Kabalevsky T10,11,32,3,G4,67,ɑ,Bozeman tenor-mezzo midpoint (stand-in),0.357,close,E4,2.5,inside,0,-7,none,not assessed,short,step,-1,no,3,middle,no,yes,no,
Kabalevsky T10,11,33,1,F4,65,a,derived from Bozeman tenor-mezzo (stand-in),1.071,open,G4,-1.92,below primo,-2,-9,none,not assessed,short,step,-2,no,3,middle,no,no,no,
Kabalevsky T10,11,34,1,F4,65,a,derived from Bozeman tenor-mezzo (stand-in),0.536,open,G4,-1.92,below primo,-2,-9,none,not assessed,short,tie,0,no,3,middle,no,no,no,
Kabalevsky T10,11,34,2.5,F4,65,ɑ,Bozeman tenor-mezzo midpoint (stand-in),0.179,close,E4,0.5,below primo,-2,-9,none,not assessed,short,repeated,0,no,3,middle,no,no,no,turning pitch 0 to 2 st below
Kabalevsky T10,11,34,3,F4,65,ɛ,Bozeman tenor-mezzo midpoint (stand-in),0.179,close,D#4,2.5,below primo,-2,-9,none,not assessed,short,repeated,0,no,3,middle,no,no,no,
Kabalevsky T10,11,34,3.5,F4,65,ɪ,derived from Bozeman tenor-mezzo (stand-in),0.179,close,D4,2.96,below primo,-2,-9,none,not assessed,short,repeated,0,no,3,middle,no,no,no,
Kabalevsky T10,11,35,1,C#5,73,ɑ,Bozeman tenor-mezzo midpoint (stand-in),0.536,close,E4,8.5,inside,6,-1,none,not assessed,short,leap-up,8,no,3,middle,yes,yes,yes,highest of phrase
Kabalevsky T10,11,35,2.5,C5,72,ʌ,derived from Bozeman tenor-mezzo (stand-in),0.179,close,E4,7.5,inside,5,-2,none,not assessed,short,step,-1,no,3,middle,no,no,no,
Kabalevsky T10,11,35,3,A#4,70,ʌ,derived from Bozeman tenor-mezzo (stand-in),0.179,close,E4,5.5,inside,3,-4,none,not assessed,short,step,-2,no,3,middle,no,no,no,
Kabalevsky T10,11,35,3.5,G#4,68,ɪ,derived from Bozeman tenor-mezzo (stand-in),0.179,close,D4,5.96,inside,1,-6,none,not assessed,short,step,-2,no,3,middle,no,yes,no,
Kabalevsky T10,11,36,1,G4,67,a,derived from Bozeman tenor-mezzo (stand-in),0.714,close,G4,0.08,inside,0,-7,none,not assessed,short,step,-1,no,3,middle,no,yes,yes,turning pitch 0 to 2 st below
Kabalevsky T10,11,36,3,F4,65,u,Bozeman tenor-mezzo midpoint (stand-in),0.357,close,G3,10.5,below primo,-2,-9,none,not assessed,short,step,-2,no,3,middle,no,no,no,
Kabalevsky T10,11,37,1,G4,67,o,Bozeman tenor-mezzo midpoint (stand-in),0.714,close,C#4,6.5,inside,0,-7,none,not assessed,short,step,2,no,3,middle,no,yes,no,
Kabalevsky T10,11,37,3,G4,67,ɑ,Bozeman tenor-mezzo midpoint (stand-in),0.357,close,E4,2.5,inside,0,-7,none,not assessed,short,repeated,0,no,3,last,no,yes,no,
Kabalevsky T10,11,38,3,G4,67,i,Bozeman tenor-mezzo midpoint (stand-in),0.357,above,E3,14.5,inside,0,-7,none,not assessed,short,repeated,0,yes,4,first,no,yes,no,
Kabalevsky T10,11,39,1,C5,72,ɑ,Bozeman tenor-mezzo midpoint (stand-in),0.536,close,E4,7.5,inside,5,-2,none,not assessed,short,leap-up,5,no,4,middle,yes,no,no,highest of phrase
Kabalevsky T10,11,39,2.5,C5,72,ɨ,derived from Bozeman tenor-mezzo (stand-in),0.179,above,A#3,14.11,inside,5,-2,none,not assessed,short,repeated,0,no,4,middle,yes,no,no,highest of phrase
Kabalevsky T10,11,39,3,C5,72,none resolved,not assessed,0.179,not assessed,not assessed,not assessed,inside,5,-2,not assessed,not assessed,short,repeated,0,no,4,middle,yes,no,no,highest of phrase
Kabalevsky T10,11,39,3.5,C5,72,ɑ,Bozeman tenor-mezzo midpoint (stand-in),0.179,close,E4,7.5,inside,5,-2,none,not assessed,short,repeated,0,no,4,middle,yes,no,no,highest of phrase
Kabalevsky T10,11,40,1,F#4,66,i,Bozeman tenor-mezzo midpoint (stand-in),0.536,above,E3,13.5,below primo,-1,-8,none,not assessed,short,leap-down,-6,no,4,middle,no,yes,no,
Kabalevsky T10,11,40,2.5,F#4,66,i,Bozeman tenor-mezzo midpoint (stand-in),0.179,above,E3,13.5,below primo,-1,-8,none,not assessed,short,repeated,0,no,4,middle,no,yes,no,
Kabalevsky T10,11,40,3,F#4,66,i,Bozeman tenor-mezzo midpoint (stand-in),0.179,above,E3,13.5,below primo,-1,-8,none,not assessed,short,repeated,0,no,4,middle,no,yes,no,
Kabalevsky T10,11,40,3.5,F#4,66,ɑ,Bozeman tenor-mezzo midpoint (stand-in),0.179,close,E4,1.5,below primo,-1,-8,none,not assessed,short,repeated,0,no,4,middle,no,yes,yes,turning pitch 0 to 2 st below
Kabalevsky T10,11,41,1,G4,67,ɑ,Bozeman tenor-mezzo midpoint (stand-in),1.071,close,E4,2.5,inside,0,-7,none,not assessed,short,step,1,no,4,middle,no,yes,no,
Kabalevsky T10,11,42,1,G4,67,ɑ,Bozeman tenor-mezzo midpoint (stand-in),0.536,close,E4,2.5,inside,0,-7,none,not assessed,short,tie,0,no,4,middle,no,yes,no,
Kabalevsky T10,11,42,2.5,G4,67,i,Bozeman tenor-mezzo midpoint (stand-in),0.179,above,E3,14.5,inside,0,-7,none,not assessed,short,repeated,0,no,4,middle,no,yes,no,
Kabalevsky T10,11,42,3,G4,67,ɑ,Bozeman tenor-mezzo midpoint (stand-in),0.179,close,E4,2.5,inside,0,-7,none,not assessed,short,repeated,0,no,4,middle,no,yes,no,
Kabalevsky T10,11,42,3.5,G4,67,i,Bozeman tenor-mezzo midpoint (stand-in),0.179,above,E3,14.5,inside,0,-7,none,not assessed,short,repeated,0,no,4,middle,no,yes,no,
Kabalevsky T10,11,43,1,F#4,66,ɑ,Bozeman tenor-mezzo midpoint (stand-in),0.714,close,E4,1.5,below primo,-1,-8,none,not assessed,short,step,-1,no,4,middle,no,yes,yes,turning pitch 0 to 2 st below
Kabalevsky T10,11,43,3,F#4,66,u,Bozeman tenor-mezzo midpoint (stand-in),0.357,close,G3,11.5,below primo,-1,-8,none,not assessed,short,repeated,0,no,4,middle,no,yes,no,
Kabalevsky T10,11,44,1,F4,65,o,Bozeman tenor-mezzo midpoint (stand-in),0.536,close,C#4,4.5,below primo,-2,-9,none,not assessed,short,step,-1,no,4,middle,no,no,no,
Kabalevsky T10,11,44,2.5,F4,65,ɪ,derived from Bozeman tenor-mezzo (stand-in),0.179,close,D4,2.96,below primo,-2,-9,none,not assessed,short,repeated,0,no,4,middle,no,no,no,
Kabalevsky T10,11,44,3,F4,65,o,Bozeman tenor-mezzo midpoint (stand-in),0.179,close,C#4,4.5,below primo,-2,-9,none,not assessed,short,repeated,0,no,4,middle,no,no,no,
Kabalevsky T10,11,44,3.5,F4,65,ɨ,derived from Bozeman tenor-mezzo (stand-in),0.179,close,A#3,7.11,below primo,-2,-9,none,not assessed,short,repeated,0,no,4,middle,no,no,no,
Kabalevsky T10,11,45,1,E4,64,o,Bozeman tenor-mezzo midpoint (stand-in),0.714,close,C#4,3.5,below primo,-3,-10,none,not assessed,short,step,-1,no,4,middle,no,no,no,
Kabalevsky T10,11,45,3,E4,64,ʌ,derived from Bozeman tenor-mezzo (stand-in),0.357,open,E4,-0.5,below primo,-3,-10,none,not assessed,short,repeated,0,no,4,last,no,no,no,
Kabalevsky T10,11,46,3,E4,64,o,Bozeman tenor-mezzo midpoint (stand-in),0.357,close,C#4,3.5,below primo,-3,-10,none,not assessed,short,repeated,0,yes,5,first,no,no,no,
Kabalevsky T10,11,47,1,F#4,66,ɛ,Bozeman tenor-mezzo midpoint (stand-in),0.536,close,D#4,3.5,below primo,-1,-8,none,not assessed,short,step,2,no,5,middle,no,yes,no,
Kabalevsky T10,11,47,2.5,F#4,66,ʌ,derived from Bozeman tenor-mezzo (stand-in),0.179,close,E4,1.5,below primo,-1,-8,none,not assessed,short,repeated,0,no,5,middle,no,yes,yes,turning pitch 0 to 2 st below
Kabalevsky T10,11,47,3,E4,64,ʌ,derived from Bozeman tenor-mezzo (stand-in),0.179,open,E4,-0.5,below primo,-3,-10,none,not assessed,short,step,-2,no,5,middle,no,no,no,
Kabalevsky T10,11,47,3.5,F#4,66,ɑ,Bozeman tenor-mezzo midpoint (stand-in),0.179,close,E4,1.5,below primo,-1,-8,none,not assessed,short,step,2,no,5,middle,no,yes,yes,turning pitch 0 to 2 st below
Kabalevsky T10,11,48,1,G4,67,o,Bozeman tenor-mezzo midpoint (stand-in),0.714,close,C#4,6.5,inside,0,-7,none,not assessed,short,step,1,no,5,middle,no,yes,no,
Kabalevsky T10,11,48,3,E4,64,o,Bozeman tenor-mezzo midpoint (stand-in),0.357,close,C#4,3.5,below primo,-3,-10,none,not assessed,short,leap-down,-3,no,5,middle,no,no,no,
Kabalevsky T10,11,49,1,F#4,66,o,Bozeman tenor-mezzo midpoint (stand-in),0.714,close,C#4,5.5,below primo,-1,-8,none,not assessed,short,step,2,no,5,middle,no,yes,no,
Kabalevsky T10,11,49,3,A4,69,i,Bozeman tenor-mezzo midpoint (stand-in),0.357,above,E3,16.5,inside,2,-5,none,not assessed,short,leap-up,3,no,5,middle,no,no,no,
Kabalevsky T10,11,50,1,G4,67,o,Bozeman tenor-mezzo midpoint (stand-in),0.536,close,C#4,6.5,inside,0,-7,none,not assessed,short,step,-2,no,5,middle,no,yes,no,
Kabalevsky T10,11,50,2.5,G4,67,ɪ,derived from Bozeman tenor-mezzo (stand-in),0.179,close,D4,4.96,inside,0,-7,none,not assessed,short,repeated,0,no,5,middle,no,yes,no,
Kabalevsky T10,11,50,3,G4,67,ɑ,Bozeman tenor-mezzo midpoint (stand-in),0.179,close,E4,2.5,inside,0,-7,none,not assessed,short,repeated,0,no,5,middle,no,yes,no,
Kabalevsky T10,11,50,3.5,G4,67,u,Bozeman tenor-mezzo midpoint (stand-in),0.179,crossing,G3,12.5,inside,0,-7,none,not assessed,short,repeated,0,no,5,middle,no,yes,yes,crossing
Kabalevsky T10,11,51,1,G#4,68,ɑ,Bozeman tenor-mezzo midpoint (stand-in),0.714,close,E4,3.5,inside,1,-6,none,not assessed,short,step,1,no,5,middle,no,yes,no,
Kabalevsky T10,11,51,3,E4,64,ɑ,Bozeman tenor-mezzo midpoint (stand-in),0.357,open,E4,-0.5,below primo,-3,-10,none,not assessed,short,leap-down,-4,no,5,middle,no,no,no,
Kabalevsky T10,11,52,1,B4,71,u,Bozeman tenor-mezzo midpoint (stand-in),0.536,above,G3,16.5,inside,4,-3,none,not assessed,short,leap-up,7,no,5,middle,no,no,no,
Kabalevsky T10,11,52,2.5,B4,71,ɑ,Bozeman tenor-mezzo midpoint (stand-in),0.179,close,E4,6.5,inside,4,-3,none,not assessed,short,repeated,0,no,5,middle,no,no,no,
Kabalevsky T10,11,52,3,B4,71,u,Bozeman tenor-mezzo midpoint (stand-in),0.179,above,G3,16.5,inside,4,-3,none,not assessed,short,repeated,0,no,5,middle,no,no,no,
Kabalevsky T10,11,52,3.5,C5,72,ɑ,Bozeman tenor-mezzo midpoint (stand-in),0.179,close,E4,7.5,inside,5,-2,none,not assessed,short,step,1,no,5,middle,yes,no,no,highest of phrase
Kabalevsky T10,11,53,1,A4,69,ɑ,Bozeman tenor-mezzo midpoint (stand-in),0.714,close,E4,4.5,inside,2,-5,none,not assessed,short,leap-down,-3,no,5,middle,no,no,no,
Kabalevsky T10,11,53,3,A4,69,u,Bozeman tenor-mezzo midpoint (stand-in),0.357,above,G3,14.5,inside,2,-5,none,not assessed,short,repeated,0,no,5,last,no,no,no,
Kabalevsky T10,11,54,2.5,B4,71,ɑ,Bozeman tenor-mezzo midpoint (stand-in),0.179,close,E4,6.5,inside,4,-3,none,not assessed,short,step,2,yes,6,first,no,no,no,
Kabalevsky T10,11,54,3,B4,71,ʌ,derived from Bozeman tenor-mezzo (stand-in),0.179,close,E4,6.5,inside,4,-3,none,not assessed,short,repeated,0,no,6,middle,no,no,no,
Kabalevsky T10,11,54,3.5,B4,71,i,Bozeman tenor-mezzo midpoint (stand-in),0.179,above,E3,18.5,inside,4,-3,none,not assessed,short,repeated,0,no,6,middle,no,no,no,
Kabalevsky T10,11,55,1,D#5,75,ɛ,Bozeman tenor-mezzo midpoint (stand-in),0.714,crossing,D#4,12.5,above secondo,8,1,none,not assessed,short,leap-up,4,no,6,middle,yes,yes,yes,highest of phrase; crossing
Kabalevsky T10,11,55,3,C5,72,ɑ,Bozeman tenor-mezzo midpoint (stand-in),0.357,close,E4,7.5,inside,5,-2,none,not assessed,short,leap-down,-3,no,6,middle,no,no,no,
Kabalevsky T10,11,56,1,A4,69,u,Bozeman tenor-mezzo midpoint (stand-in),0.714,above,G3,14.5,inside,2,-5,none,not assessed,short,leap-down,-3,no,6,middle,no,no,no,
Kabalevsky T10,11,56,3,B4,71,ɑ,Bozeman tenor-mezzo midpoint (stand-in),0.357,close,E4,6.5,inside,4,-3,none,not assessed,short,step,2,no,6,middle,no,no,no,
Kabalevsky T10,11,57,1,G4,67,ɑ,Bozeman tenor-mezzo midpoint (stand-in),0.714,close,E4,2.5,inside,0,-7,none,not assessed,short,leap-down,-4,no,6,middle,no,yes,no,
Kabalevsky T10,11,57,3,F#4,66,u,Bozeman tenor-mezzo midpoint (stand-in),0.357,close,G3,11.5,below primo,-1,-8,none,not assessed,short,step,-1,no,6,middle,no,yes,no,
Kabalevsky T10,11,58,1,A4,69,o,Bozeman tenor-mezzo midpoint (stand-in),0.714,close,C#4,8.5,inside,2,-5,none,not assessed,short,leap-up,3,no,6,last,no,no,no,
Kabalevsky T10,11,58,3,A4,69,i,Bozeman tenor-mezzo midpoint (stand-in),0.357,above,E3,16.5,inside,2,-5,none,not assessed,short,repeated,0,no,7,first,no,no,no,
Kabalevsky T10,11,59,1,F#4,66,ʌ,derived from Bozeman tenor-mezzo (stand-in),0.714,close,E4,1.5,below primo,-1,-8,none,not assessed,short,leap-down,-3,no,7,middle,no,yes,yes,turning pitch 0 to 2 st below
Kabalevsky T10,11,59,3,E4,64,ɨ,derived from Bozeman tenor-mezzo (stand-in),0.357,close,A#3,6.11,below primo,-3,-10,none,not assessed,short,step,-2,no,7,middle,no,no,no,
Kabalevsky T10,11,60,1,B4,71,ɛ,Bozeman tenor-mezzo midpoint (stand-in),0.714,close,D#4,8.5,inside,4,-3,none,not assessed,short,leap-up,7,no,7,middle,yes,no,no,highest of phrase
Kabalevsky T10,11,60,3,B4,71,ɨ,derived from Bozeman tenor-mezzo (stand-in),0.357,above,A#3,13.11,inside,4,-3,none,not assessed,short,repeated,0,no,7,middle,yes,no,no,highest of phrase
Kabalevsky T10,11,61,1,F#4,66,ɛ,Bozeman tenor-mezzo midpoint (stand-in),0.536,close,D#4,3.5,below primo,-1,-8,none,not assessed,short,leap-down,-5,no,7,middle,no,yes,no,
Kabalevsky T10,11,61,2.5,F#4,66,ɨ,derived from Bozeman tenor-mezzo (stand-in),0.179,close,A#3,8.11,below primo,-1,-8,none,not assessed,short,repeated,0,no,7,middle,no,yes,no,
Kabalevsky T10,11,61,3,G4,67,i,Bozeman tenor-mezzo midpoint (stand-in),0.179,above,E3,14.5,inside,0,-7,none,not assessed,short,step,1,no,7,middle,no,yes,no,
Kabalevsky T10,11,61,3.5,F#4,66,ɨ,derived from Bozeman tenor-mezzo (stand-in),0.179,close,A#3,8.11,below primo,-1,-8,none,not assessed,short,step,-1,no,7,middle,no,yes,no,
Kabalevsky T10,11,62,1,B4,71,ɑ,Bozeman tenor-mezzo midpoint (stand-in),0.714,close,E4,6.5,inside,4,-3,none,not assessed,short,leap-up,5,no,7,middle,yes,no,no,highest of phrase
Kabalevsky T10,11,62,3,B4,71,u,Bozeman tenor-mezzo midpoint (stand-in),0.357,above,G3,16.5,inside,4,-3,none,not assessed,short,repeated,0,no,7,last,yes,no,no,highest of phrase
Kabalevsky T10,11,65,3,B3,59,o,Bozeman tenor-mezzo midpoint (stand-in),0.357,open,C#4,-1.5,below primo,-8,-15,none,not assessed,short,leap-down,-12,yes,8,first,no,no,no,
Kabalevsky T10,11,66,1,E4,64,ʌ,derived from Bozeman tenor-mezzo (stand-in),0.714,open,E4,-0.5,below primo,-3,-10,none,not assessed,short,leap-up,5,no,8,middle,no,no,no,
Kabalevsky T10,11,66,3,F#4,66,ɨ,derived from Bozeman tenor-mezzo (stand-in),0.357,close,A#3,8.11,below primo,-1,-8,none,not assessed,short,step,2,no,8,middle,no,yes,no,
Kabalevsky T10,11,67,1,G#4,68,o,Bozeman tenor-mezzo midpoint (stand-in),1.071,close,C#4,7.5,inside,1,-6,none,not assessed,short,step,2,no,8,middle,no,yes,no,
Kabalevsky T10,11,68,1,G#4,68,o,Bozeman tenor-mezzo midpoint (stand-in),0.714,close,C#4,7.5,inside,1,-6,none,not assessed,short,tie,0,no,8,middle,no,yes,no,
Kabalevsky T10,11,68,3,A4,69,ɨ,derived from Bozeman tenor-mezzo (stand-in),0.357,close,A#3,11.11,inside,2,-5,none,not assessed,short,step,1,no,8,middle,no,no,no,
Kabalevsky T10,11,69,1,G#4,68,o,Bozeman tenor-mezzo midpoint (stand-in),0.714,close,C#4,7.5,inside,1,-6,none,not assessed,short,step,-1,no,8,middle,no,yes,no,
Kabalevsky T10,11,69,3,F#4,66,i,Bozeman tenor-mezzo midpoint (stand-in),0.357,above,E3,13.5,below primo,-1,-8,none,not assessed,short,step,-2,no,8,middle,no,yes,no,
Kabalevsky T10,11,70,1,E4,64,ɑ,Bozeman tenor-mezzo midpoint (stand-in),0.714,open,E4,-0.5,below primo,-3,-10,none,not assessed,short,step,-2,no,8,middle,no,no,no,
Kabalevsky T10,11,70,3,D#4,63,ɑ,Bozeman tenor-mezzo midpoint (stand-in),0.357,open,E4,-1.5,below primo,-4,-11,none,not assessed,short,step,-1,no,8,middle,no,no,no,
Kabalevsky T10,11,71,1,C#4,61,o,Bozeman tenor-mezzo midpoint (stand-in),1.071,close,C#4,0.5,below primo,-6,-13,none,not assessed,short,step,-2,no,8,middle,no,no,no,turning pitch 0 to 2 st below
Kabalevsky T10,11,72,1,C#4,61,o,Bozeman tenor-mezzo midpoint (stand-in),0.536,close,C#4,0.5,below primo,-6,-13,none,not assessed,short,tie,0,no,8,middle,no,no,no,turning pitch 0 to 2 st below
Kabalevsky T10,11,72,2.5,C#4,61,o,Bozeman tenor-mezzo midpoint (stand-in),0.179,close,C#4,0.5,below primo,-6,-13,none,not assessed,short,repeated,0,no,8,middle,no,no,no,turning pitch 0 to 2 st below
Kabalevsky T10,11,72,3,C#4,61,i,Bozeman tenor-mezzo midpoint (stand-in),0.179,close,E3,8.5,below primo,-6,-13,none,not assessed,short,repeated,0,no,8,middle,no,no,no,
Kabalevsky T10,11,72,3.5,C#4,61,ɑ,Bozeman tenor-mezzo midpoint (stand-in),0.179,open,E4,-3.5,below primo,-6,-13,none,not assessed,short,repeated,0,no,8,middle,no,no,no,
Kabalevsky T10,11,73,1,C#5,73,o,Bozeman tenor-mezzo midpoint (stand-in),1.071,crossing,C#4,12.5,inside,6,-1,none,not assessed,short,leap-up,12,no,8,middle,yes,yes,yes,highest of phrase; crossing
Kabalevsky T10,11,74,1,C#5,73,o,Bozeman tenor-mezzo midpoint (stand-in),0.714,crossing,C#4,12.5,inside,6,-1,none,not assessed,short,tie,0,no,8,middle,yes,yes,yes,highest of phrase; crossing
Kabalevsky T10,11,74,3,G#4,68,ɪ,derived from Bozeman tenor-mezzo (stand-in),0.357,close,D4,5.96,inside,1,-6,none,not assessed,short,leap-down,-5,no,8,middle,no,yes,no,
Kabalevsky T10,11,75,1,A4,69,e,Bozeman tenor-mezzo midpoint (stand-in),0.714,close,D4,7.5,inside,2,-5,none,not assessed,short,step,1,no,8,middle,no,no,no,
Kabalevsky T10,11,75,3,G#4,68,ɪ,derived from Bozeman tenor-mezzo (stand-in),0.357,close,D4,5.96,inside,1,-6,none,not assessed,short,step,-1,no,8,middle,no,yes,no,
Kabalevsky T10,11,76,1,F#4,66,ʌ,derived from Bozeman tenor-mezzo (stand-in),0.714,close,E4,1.5,below primo,-1,-8,none,not assessed,short,step,-2,no,8,middle,no,yes,yes,turning pitch 0 to 2 st below
Kabalevsky T10,11,76,3,C#4,61,i,Bozeman tenor-mezzo midpoint (stand-in),0.357,close,E3,8.5,below primo,-6,-13,none,not assessed,short,leap-down,-5,no,8,middle,no,no,no,
Kabalevsky T10,11,77,1,E4,64,o,Bozeman tenor-mezzo midpoint (stand-in),1.071,close,C#4,3.5,below primo,-3,-10,none,not assessed,short,leap-up,3,no,8,middle,no,no,no,
Kabalevsky T10,11,78,1,E4,64,o,Bozeman tenor-mezzo midpoint (stand-in),1.071,close,C#4,3.5,below primo,-3,-10,none,not assessed,short,tie,0,no,8,middle,no,no,no,
Kabalevsky T10,11,79,1,E4,64,o,Bozeman tenor-mezzo midpoint (stand-in),0.179,close,C#4,3.5,below primo,-3,-10,none,not assessed,short,tie,0,no,8,last,no,no,no,
