song,shift,bar,beat,pitch,midi,vowel,fR1_source,seconds,fR1_band,turning_pitch,semitones_from_turning,passaggio,semitones_to_primo,semitones_to_secondo,fR1_rung,fR2_rung,held,approach,approach_semitones,after_rest,phrase_index,phrase_position,highest_of_phrase,p1a_near,p1a_fires,p1a_clauses
Sunless 01,17,2,1,D5,74,o,Bozeman soprano midpoint,0.732,crossing,D4,12.5,inside,11,-4,none,not assessed,short,first note,,,0,first,no,no,no,crossing
Sunless 01,17,2,2,D5,74,ɑ,Bozeman soprano midpoint,0.732,close,E4,9.5,inside,11,-4,none,not assessed,short,repeated,0,no,0,middle,no,no,no,
Sunless 01,17,2,3,D5,74,ʌ,derived from Bozeman soprano,0.732,close,E4,9.5,inside,11,-4,none,not assessed,short,repeated,0,no,0,middle,no,no,no,
Sunless 01,17,2,4,D#5,75,ɛ,Bozeman soprano midpoint,0.732,crossing,D#4,12.5,inside,12,-3,none,not assessed,short,step,1,no,0,middle,yes,no,no,highest of phrase; crossing
Sunless 01,17,2,5,A#4,70,ɑ,Bozeman soprano midpoint,0.732,close,E4,5.5,inside,7,-8,none,not assessed,short,leap-down,-5,no,0,middle,no,no,no,
Sunless 01,17,2,6,A#4,70,ɑ,Bozeman soprano midpoint,0.366,close,E4,5.5,inside,7,-8,none,not assessed,short,repeated,0,no,0,last,no,no,no,
Sunless 01,17,3,1,E5,76,i,Bozeman soprano midpoint,0.732,above,G3,21.5,inside,13,-2,none,not assessed,short,leap-up,6,yes,1,first,yes,no,no,highest of phrase
Sunless 01,17,3,2,C5,72,ɑ,Bozeman soprano midpoint,0.732,close,E4,7.5,inside,9,-6,none,not assessed,short,leap-down,-4,no,1,middle,no,no,no,
Sunless 01,17,3,3,C5,72,ɑ,Bozeman soprano midpoint,0.366,close,E4,7.5,inside,9,-6,none,not assessed,short,repeated,0,no,1,last,no,no,no,
Sunless 01,17,3,4,F#5,78,i,Bozeman soprano midpoint,1.098,above,G3,23.5,inside,15,0,none,not assessed,short,leap-up,6,yes,2,first,yes,yes,yes,highest of phrase
Sunless 01,17,3,5.5,D5,74,ɑ,Bozeman soprano midpoint,0.366,close,E4,9.5,inside,11,-4,none,not assessed,short,leap-down,-4,no,2,middle,no,no,no,
Sunless 01,17,3,6,D5,74,ɑ,Bozeman soprano midpoint,0.366,close,E4,9.5,inside,11,-4,none,not assessed,short,repeated,0,no,2,last,no,no,no,
Sunless 01,17,4,1,D#5,75,e,Bozeman soprano midpoint,0.732,above,D4,13.5,inside,12,-3,none,not assessed,short,step,1,yes,3,first,yes,no,no,highest of phrase
Sunless 01,17,4,2,A4,69,ɪ,derived from Bozeman soprano,0.732,close,D4,6.96,inside,6,-9,none,not assessed,short,leap-down,-6,no,3,middle,no,no,no,
Sunless 01,17,4,3,G4,67,o,Bozeman soprano midpoint,0.732,close,D4,5.5,inside,4,-11,none,not assessed,short,step,-2,no,3,middle,no,no,no,
Sunless 01,17,4,4,D5,74,ɑ,Bozeman soprano midpoint,1.098,close,E4,9.5,inside,11,-4,none,not assessed,short,leap-up,7,no,3,middle,no,no,no,
Sunless 01,17,4,5.5,A4,69,ɑ,Bozeman soprano midpoint,0.366,close,E4,4.5,inside,6,-9,none,not assessed,short,leap-down,-5,no,3,middle,no,no,no,
Sunless 01,17,4,6,A4,69,ɑ,Bozeman soprano midpoint,0.732,close,E4,4.5,inside,6,-9,none,not assessed,short,repeated,0,no,3,middle,no,no,no,
Sunless 01,17,5,1,C5,72,e,Bozeman soprano midpoint,0.732,close,D4,10.5,inside,9,-6,none,not assessed,short,leap-up,3,no,3,middle,no,no,no,
Sunless 01,17,5,2,G4,67,ɪ,derived from Bozeman soprano,0.732,close,D4,4.96,inside,4,-11,none,not assessed,short,leap-down,-5,no,3,middle,no,no,no,
Sunless 01,17,5,3,F#4,66,ɑ,Bozeman soprano midpoint,0.732,close,E4,1.5,inside,3,-12,none,not assessed,short,step,-1,no,3,middle,no,no,no,turning pitch 0 to 2 st below
Sunless 01,17,5,4,A#4,70,ɛ,Bozeman soprano midpoint,1.098,close,D#4,7.5,inside,7,-8,none,not assessed,short,leap-up,4,no,3,middle,no,no,no,
Sunless 01,17,5,5.5,G4,67,ɑ,Bozeman soprano midpoint,0.366,close,E4,2.5,inside,4,-11,none,not assessed,short,leap-down,-3,no,3,middle,no,no,no,
Sunless 01,17,5,6,G4,67,ɑ,Bozeman soprano midpoint,0.366,close,E4,2.5,inside,4,-11,none,not assessed,short,repeated,0,no,3,last,no,no,no,
Sunless 01,17,6,1,D5,74,u,Bozeman soprano midpoint,0.732,above,G#3,18,inside,11,-4,none,not assessed,short,leap-up,7,yes,4,first,yes,no,no,highest of phrase
Sunless 01,17,6,2,B4,71,ɑ,Bozeman soprano midpoint,0.366,close,E4,6.5,inside,8,-7,none,not assessed,short,leap-down,-3,no,4,last,no,no,no,
Sunless 01,17,6,3,D5,74,u,Bozeman soprano midpoint,0.732,above,G#3,18,inside,11,-4,none,not assessed,short,leap-up,3,yes,5,first,no,no,no,
Sunless 01,17,6,4,G5,79,o,Bozeman soprano midpoint,1.098,above,D4,17.5,above secondo,16,1,none,not assessed,short,leap-up,5,no,5,middle,yes,yes,yes,highest of phrase
Sunless 01,17,6,5.5,C#5,73,ɑ,Bozeman soprano midpoint,0.366,close,E4,8.5,inside,10,-5,none,not assessed,short,leap-down,-6,no,5,middle,no,no,no,
Sunless 01,17,6,6,C#5,73,ɑ,Bozeman soprano midpoint,0.366,close,E4,8.5,inside,10,-5,none,not assessed,short,repeated,0,no,5,last,no,no,no,
Sunless 01,17,7,1,C5,72,e,Bozeman soprano midpoint,0.732,close,D4,10.5,inside,9,-6,none,not assessed,short,step,-1,yes,6,first,no,no,no,
Sunless 01,17,7,2,C5,72,ɑ,Bozeman soprano midpoint,0.732,close,E4,7.5,inside,9,-6,none,not assessed,short,repeated,0,no,6,middle,no,no,no,
Sunless 01,17,7,3,C5,72,u,Bozeman soprano midpoint,0.732,above,G#3,16,inside,9,-6,none,not assessed,short,repeated,0,no,6,middle,no,no,no,
Sunless 01,17,7,4,D#5,75,ɨ,derived from Bozeman soprano,1.098,above,C4,15.11,inside,12,-3,none,not assessed,short,leap-up,3,no,6,middle,yes,no,no,highest of phrase
Sunless 01,17,7,5.5,G4,67,ɑ,Bozeman soprano midpoint,0.366,close,E4,2.5,inside,4,-11,none,not assessed,short,leap-down,-8,no,6,middle,no,no,no,
Sunless 01,17,7,6,G4,67,ɑ,Bozeman soprano midpoint,0.366,close,E4,2.5,inside,4,-11,none,not assessed,short,repeated,0,no,6,last,no,no,no,
Sunless 01,17,8,1,A4,69,u,Bozeman soprano midpoint,0.732,above,G#3,13,inside,6,-9,none,not assessed,short,step,2,yes,7,first,no,no,no,
Sunless 01,17,8,2,F#4,66,ɪ,derived from Bozeman soprano,0.732,close,D4,3.96,inside,3,-12,none,not assessed,short,leap-down,-3,no,7,middle,no,no,no,
Sunless 01,17,8,3,G4,67,ɪ,derived from Bozeman soprano,0.732,close,D4,4.96,inside,4,-11,none,not assessed,short,step,1,no,7,middle,no,no,no,
Sunless 01,17,8,4,B4,71,ɛ,Bozeman soprano midpoint,0.732,close,D#4,8.5,inside,8,-7,none,not assessed,short,leap-up,4,no,7,middle,yes,no,no,highest of phrase
Sunless 01,17,8,5,G4,67,ɨ,derived from Bozeman soprano,0.366,close,C4,7.11,inside,4,-11,none,not assessed,short,leap-down,-4,no,7,last,no,no,no,
Sunless 01,17,8,6.5,F#4,66,ɑ,Bozeman soprano midpoint,0.366,close,E4,1.5,inside,3,-12,none,not assessed,short,step,-1,yes,8,first,no,no,no,turning pitch 0 to 2 st below
Sunless 01,17,9,1,A4,69,ɛ,Bozeman soprano midpoint,0.732,close,D#4,6.5,inside,6,-9,none,not assessed,short,leap-up,3,no,8,middle,no,no,no,
Sunless 01,17,9,2,F#4,66,ɑ,Bozeman soprano midpoint,0.732,close,E4,1.5,inside,3,-12,none,not assessed,short,leap-down,-3,no,8,middle,no,no,no,turning pitch 0 to 2 st below
Sunless 01,17,9,3,G4,67,ɑ,Bozeman soprano midpoint,0.732,close,E4,2.5,inside,4,-11,none,not assessed,short,step,1,no,8,middle,no,no,no,
Sunless 01,17,9,4,D5,74,ɛ,Bozeman soprano midpoint,1.098,close,D#4,11.5,inside,11,-4,none,not assessed,short,leap-up,7,no,8,middle,yes,no,no,highest of phrase
Sunless 01,17,9,5.5,B4,71,ɑ,Bozeman soprano midpoint,0.366,close,E4,6.5,inside,8,-7,none,not assessed,short,leap-down,-3,no,8,middle,no,no,no,
Sunless 01,17,9,6,B4,71,ɑ,Bozeman soprano midpoint,0.366,close,E4,6.5,inside,8,-7,none,not assessed,short,repeated,0,no,8,last,no,no,no,
Sunless 01,17,10,1,D#5,75,ɨ,derived from Bozeman soprano,0.732,above,C4,15.11,inside,12,-3,none,not assessed,short,leap-up,4,yes,9,first,no,no,no,
Sunless 01,17,10,2,A4,69,ɨ,derived from Bozeman soprano,0.732,close,C4,9.11,inside,6,-9,none,not assessed,short,leap-down,-6,no,9,middle,no,no,no,
Sunless 01,17,10,3,A#4,70,ɑ,Bozeman soprano midpoint,0.732,close,E4,5.5,inside,7,-8,none,not assessed,short,step,1,no,9,middle,no,no,no,
Sunless 01,17,10,4,C5,72,o,Bozeman soprano midpoint,0.732,close,D4,10.5,inside,9,-6,none,not assessed,short,step,2,no,9,middle,no,no,no,
Sunless 01,17,10,5,D5,74,ʌ,derived from Bozeman soprano,0.732,close,E4,9.5,inside,11,-4,none,not assessed,short,step,2,no,9,middle,no,no,no,
Sunless 01,17,10,6,D#5,75,ɑ,Bozeman soprano midpoint,0.732,close,E4,10.5,inside,12,-3,none,not assessed,short,step,1,no,9,middle,no,no,no,
Sunless 01,17,11,1,F5,77,e,Bozeman soprano midpoint,0.732,above,D4,15.5,inside,14,-1,none,not assessed,short,step,2,no,9,middle,yes,yes,yes,highest of phrase
Sunless 01,17,11,2,D#5,75,ɪ,derived from Bozeman soprano,0.732,above,D4,12.96,inside,12,-3,none,not assessed,short,step,-2,no,9,middle,no,no,no,
Sunless 01,17,11,3,F5,77,ɑ,Bozeman soprano midpoint,0.732,above,E4,12.5,inside,14,-1,none,not assessed,short,step,2,no,9,middle,yes,yes,yes,highest of phrase
Sunless 01,17,11,4,C#5,73,e,Bozeman soprano midpoint,1.098,close,D4,11.5,inside,10,-5,none,not assessed,short,leap-down,-4,no,9,middle,no,no,no,
Sunless 01,17,11,5.5,C#5,73,i,Bozeman soprano midpoint,0.366,above,G3,18.5,inside,10,-5,none,not assessed,short,repeated,0,no,9,middle,no,no,no,
Sunless 01,17,11,6,C#5,73,ɪ,derived from Bozeman soprano,0.366,close,D4,10.96,inside,10,-5,none,not assessed,short,repeated,0,no,9,last,no,no,no,
Sunless 01,17,12,1,C5,72,o,Bozeman soprano midpoint,0.732,close,D4,10.5,inside,9,-6,none,not assessed,short,step,-1,yes,10,first,no,no,no,
Sunless 01,17,12,2,A4,69,ɪ,derived from Bozeman soprano,0.732,close,D4,6.96,inside,6,-9,none,not assessed,short,leap-down,-3,no,10,middle,no,no,no,
Sunless 01,17,12,3,C5,72,ɑ,Bozeman soprano midpoint,0.732,close,E4,7.5,inside,9,-6,none,not assessed,short,leap-up,3,no,10,middle,no,no,no,
Sunless 01,17,12,4,D#5,75,i,Bozeman soprano midpoint,0.732,above,G3,20.5,inside,12,-3,none,not assessed,short,leap-up,3,no,10,middle,yes,no,no,highest of phrase
Sunless 01,17,12,5,C5,72,ɨ,derived from Bozeman soprano,0.366,crossing,C4,12.11,inside,9,-6,none,not assessed,short,leap-down,-3,no,10,last,no,no,no,crossing
Sunless 01,17,12,6,C5,72,ɑ,Bozeman soprano midpoint,0.732,close,E4,7.5,inside,9,-6,none,not assessed,short,repeated,0,yes,11,first,no,no,no,
Sunless 01,17,13,1,A4,69,ɑ,Bozeman soprano midpoint,0.732,close,E4,4.5,inside,6,-9,none,not assessed,short,leap-down,-3,no,11,middle,no,no,no,
Sunless 01,17,13,2,G4,67,ɪ,derived from Bozeman soprano,0.732,close,D4,4.96,inside,4,-11,none,not assessed,short,step,-2,no,11,middle,no,no,no,
Sunless 01,17,13,3,A4,69,ɑ,Bozeman soprano midpoint,0.732,close,E4,4.5,inside,6,-9,none,not assessed,short,step,2,no,11,middle,no,no,no,
Sunless 01,17,13,4,D#5,75,o,Bozeman soprano midpoint,1.098,above,D4,13.5,inside,12,-3,none,not assessed,short,leap-up,6,no,11,middle,yes,no,no,highest of phrase
Sunless 01,17,13,5.5,C5,72,ʌ,derived from Bozeman soprano,0.366,close,E4,7.5,inside,9,-6,none,not assessed,short,leap-down,-3,no,11,middle,no,no,no,
Sunless 01,17,13,6,C5,72,ɪ,derived from Bozeman soprano,0.366,close,D4,9.96,inside,9,-6,none,not assessed,short,repeated,0,no,11,last,no,no,no,
Sunless 01,17,14,1,D#5,75,o,Bozeman soprano midpoint,0.732,above,D4,13.5,inside,12,-3,none,not assessed,short,leap-up,3,yes,12,first,no,no,no,
Sunless 01,17,14,2,D5,74,ʌ,derived from Bozeman soprano,0.732,close,E4,9.5,inside,11,-4,none,not assessed,short,step,-1,no,12,middle,no,no,no,
Sunless 01,17,14,3,C5,72,ɑ,Bozeman soprano midpoint,0.732,close,E4,7.5,inside,9,-6,none,not assessed,short,step,-2,no,12,middle,no,no,no,
Sunless 01,17,14,4,D#5,75,e,Bozeman soprano midpoint,1.098,above,D4,13.5,inside,12,-3,none,not assessed,short,leap-up,3,no,12,middle,no,no,no,
Sunless 01,17,14,5.5,D5,74,i,Bozeman soprano midpoint,0.366,above,G3,19.5,inside,11,-4,none,not assessed,short,step,-1,no,12,middle,no,no,no,
Sunless 01,17,14,6,D5,74,ɪ,derived from Bozeman soprano,0.732,crossing,D4,11.96,inside,11,-4,none,not assessed,short,repeated,0,no,12,middle,no,no,no,crossing
Sunless 01,17,15,1,D#5,75,o,Bozeman soprano midpoint,0.732,above,D4,13.5,inside,12,-3,none,not assessed,short,step,1,no,12,middle,no,no,no,
Sunless 01,17,15,2,D5,74,ʌ,derived from Bozeman soprano,0.732,close,E4,9.5,inside,11,-4,none,not assessed,short,step,-1,no,12,middle,no,no,no,
Sunless 01,17,15,3,C5,72,ɪ,derived from Bozeman soprano,0.732,close,D4,9.96,inside,9,-6,none,not assessed,short,step,-2,no,12,middle,no,no,no,
Sunless 01,17,15,4,F#5,78,e,Bozeman soprano midpoint,1.098,above,D4,16.5,inside,15,0,none,not assessed,short,leap-up,6,no,12,middle,yes,yes,yes,highest of phrase
Sunless 01,17,15,5.5,D5,74,i,Bozeman soprano midpoint,0.366,above,G3,19.5,inside,11,-4,none,not assessed,short,leap-down,-4,no,12,middle,no,no,no,
Sunless 01,17,15,6,D5,74,ɪ,derived from Bozeman soprano,0.366,crossing,D4,11.96,inside,11,-4,none,not assessed,short,repeated,0,no,12,last,no,no,no,crossing
Sunless 01,17,16,1,D5,74,o,Bozeman soprano midpoint,1.098,crossing,D4,12.5,inside,11,-4,none,not assessed,short,repeated,0,yes,13,first,yes,no,no,highest of phrase; crossing
Sunless 01,17,16,2.5,A#4,70,ɑ,Bozeman soprano midpoint,0.366,close,E4,5.5,inside,7,-8,none,not assessed,short,leap-down,-4,no,13,middle,no,no,no,
Sunless 01,17,16,3,A#4,70,ɑ,Bozeman soprano midpoint,0.366,close,E4,5.5,inside,7,-8,none,not assessed,short,repeated,0,no,13,last,no,no,no,
Sunless 01,17,16,4,C5,72,o,Bozeman soprano midpoint,0.732,close,D4,10.5,inside,9,-6,none,not assessed,short,step,2,yes,14,first,yes,no,no,highest of phrase
Sunless 01,17,16,5,G4,67,ɑ,Bozeman soprano midpoint,0.732,close,E4,2.5,inside,4,-11,none,not assessed,short,leap-down,-5,no,14,middle,no,no,no,
Sunless 01,17,16,6,G4,67,ɑ,Bozeman soprano midpoint,0.366,close,E4,2.5,inside,4,-11,none,not assessed,short,repeated,0,no,14,last,no,no,no,
Sunless 01,17,17,1,A4,69,o,Bozeman soprano midpoint,1.463,close,D4,7.5,inside,6,-9,none,not assessed,short,step,2,yes,15,only,yes,no,no,highest of phrase
Sunless 01,17,17,4,A4,69,ʌ,derived from Bozeman soprano,1.098,close,E4,4.5,inside,6,-9,none,not assessed,short,repeated,0,yes,16,first,no,no,no,
Sunless 01,17,17,5.5,A4,69,i,Bozeman soprano midpoint,1.098,above,G3,14.5,inside,6,-9,none,not assessed,short,repeated,0,no,16,middle,no,no,no,
Sunless 01,17,18,1,B4,71,o,Bozeman soprano midpoint,1.098,close,D4,9.5,inside,8,-7,none,not assessed,short,step,2,no,16,middle,yes,no,no,highest of phrase
Sunless 01,17,18,2.5,G4,67,ɑ,Bozeman soprano midpoint,0.366,close,E4,2.5,inside,4,-11,none,not assessed,short,leap-down,-4,no,16,middle,no,no,no,
Sunless 01,17,18,3,G4,67,ɑ,Bozeman soprano midpoint,0.732,close,E4,2.5,inside,4,-11,none,not assessed,short,repeated,0,no,16,last,no,no,no,
Sunless 02,18,1,2.5,E5,76,i,Bozeman soprano midpoint,0.25,above,G3,21.5,inside,13,-2,none,not assessed,short,first note,,,0,first,yes,no,no,highest of phrase
Sunless 02,18,2,1,D#5,75,ɑ,Bozeman soprano midpoint,0.25,close,E4,10.5,inside,12,-3,none,not assessed,short,step,-1,no,0,last,no,no,no,
Sunless 02,18,2,2,C5,72,ɨ,derived from Bozeman soprano,0.375,crossing,C4,12.11,inside,9,-6,none,not assessed,short,leap-down,-3,yes,1,first,yes,no,no,highest of phrase; crossing
Sunless 02,18,2,2.75,G#4,68,ɑ,Bozeman soprano midpoint,0.125,close,E4,3.5,inside,5,-10,none,not assessed,short,leap-down,-4,no,1,middle,no,no,no,
Sunless 02,18,2,3,G4,67,ɛ,Bozeman soprano midpoint,0.5,close,D#4,4.5,inside,4,-11,none,not assessed,short,step,-1,no,1,middle,no,no,no,
Sunless 02,18,2,4,G#4,68,ɪ,derived from Bozeman soprano,0.25,close,D4,5.96,inside,5,-10,none,not assessed,short,step,1,no,1,middle,no,no,no,
Sunless 02,18,2,4.5,G#4,68,u,Bozeman soprano midpoint,0.25,crossing,G#3,12,inside,5,-10,none,not assessed,short,repeated,0,no,1,middle,no,no,no,crossing
Sunless 02,18,3,1,C5,72,ɑ,Bozeman soprano midpoint,0.5,close,E4,7.5,inside,9,-6,none,not assessed,short,leap-up,4,no,1,middle,yes,no,no,highest of phrase
Sunless 02,18,3,2,G#4,68,ɑ,Bozeman soprano midpoint,0.25,close,E4,3.5,inside,5,-10,none,not assessed,short,leap-down,-4,no,1,last,no,no,no,
Sunless 02,18,3,2.75,G#4,68,o,Bozeman soprano midpoint,0.125,close,D4,6.5,inside,5,-10,none,not assessed,short,repeated,0,yes,2,first,no,no,no,
Sunless 02,18,3,3,B4,71,ɑ,Bozeman soprano midpoint,0.167,close,E4,6.5,inside,8,-7,none,not assessed,short,leap-up,3,no,2,middle,yes,no,no,highest of phrase
Sunless 02,18,3,3.333,G#4,68,ɪ,derived from Bozeman soprano,0.167,close,D4,5.96,inside,5,-10,none,not assessed,short,leap-down,-3,no,2,middle,no,no,no,
Sunless 02,18,3,3.667,B4,71,ɑ,Bozeman soprano midpoint,0.167,close,E4,6.5,inside,8,-7,none,not assessed,short,leap-up,3,no,2,middle,yes,no,no,highest of phrase
Sunless 02,18,3,4,A#4,70,ɑ,Bozeman soprano midpoint,0.167,close,E4,5.5,inside,7,-8,none,not assessed,short,step,-1,no,2,middle,no,no,no,
Sunless 02,18,3,4.333,A#4,70,i,Bozeman soprano midpoint,0.167,above,G3,15.5,inside,7,-8,none,not assessed,short,repeated,0,no,2,middle,no,no,no,
Sunless 02,18,3,4.667,B4,71,ɪ,derived from Bozeman soprano,0.167,close,D4,8.96,inside,8,-7,none,not assessed,short,step,1,no,2,middle,yes,no,no,highest of phrase
Sunless 02,18,4,1,G#4,68,o,Bozeman soprano midpoint,0.25,close,D4,6.5,inside,5,-10,none,not assessed,short,leap-down,-3,no,2,last,no,no,no,
Sunless 02,18,4,2,G#4,68,o,Bozeman soprano midpoint,0.5,close,D4,6.5,inside,5,-10,none,not assessed,short,repeated,0,yes,3,first,no,no,no,
Sunless 02,18,4,3,G4,67,u,Bozeman soprano midpoint,0.5,close,G#3,11,inside,4,-11,none,not assessed,short,step,-1,no,3,middle,no,no,no,
Sunless 02,18,4,4,G4,67,ʌ,derived from Bozeman soprano,0.375,close,E4,2.5,inside,4,-11,none,not assessed,short,repeated,0,no,3,middle,no,no,no,
Sunless 02,18,4,4.75,G4,67,i,Bozeman soprano midpoint,0.125,crossing,G3,12.5,inside,4,-11,none,not assessed,short,repeated,0,no,3,middle,no,no,no,crossing
Sunless 02,18,5,1,C#5,73,ɑ,Bozeman soprano midpoint,0.5,close,E4,8.5,inside,10,-5,none,not assessed,short,leap-up,6,no,3,middle,yes,no,no,highest of phrase
Sunless 02,18,5,2,F#4,66,ʌ,derived from Bozeman soprano,0.375,close,E4,1.5,inside,3,-12,none,not assessed,short,leap-down,-7,no,3,middle,no,no,no,turning pitch 0 to 2 st below
Sunless 02,18,5,2.75,F#4,66,ɛ,Bozeman soprano midpoint,0.125,close,D#4,3.5,inside,3,-12,none,not assessed,short,repeated,0,no,3,middle,no,no,no,
Sunless 02,18,5,3,F4,65,ɑ,Bozeman soprano midpoint,0.5,close,E4,0.5,inside,2,-13,none,not assessed,short,step,-1,no,3,middle,no,no,no,turning pitch 0 to 2 st below
Sunless 02,18,5,4,D#4,63,ʌ,derived from Bozeman soprano,0.25,open,E4,-1.5,inside,0,-15,none,not assessed,short,step,-2,no,3,last,no,yes,no,
Sunless 02,18,5,4.75,D#4,63,ɑ,Bozeman soprano midpoint,0.125,open,E4,-1.5,inside,0,-15,none,not assessed,short,repeated,0,yes,4,first,no,yes,no,
Sunless 02,18,6,1,G#4,68,ɑ,Bozeman soprano midpoint,0.167,close,E4,3.5,inside,5,-10,none,not assessed,short,leap-up,5,no,4,middle,no,no,no,
Sunless 02,18,6,1.333,A#4,70,u,Bozeman soprano midpoint,0.167,above,G#3,14,inside,7,-8,none,not assessed,short,step,2,no,4,middle,no,no,no,
Sunless 02,18,6,1.667,G#4,68,ɑ,Bozeman soprano midpoint,0.167,close,E4,3.5,inside,5,-10,none,not assessed,short,step,-2,no,4,middle,no,no,no,
Sunless 02,18,6,2,E5,76,i,Bozeman soprano midpoint,0.167,above,G3,21.5,inside,13,-2,none,not assessed,short,leap-up,8,no,4,middle,yes,no,no,highest of phrase
Sunless 02,18,6,2.333,G#4,68,ɑ,Bozeman soprano midpoint,0.167,close,E4,3.5,inside,5,-10,none,not assessed,short,leap-down,-8,no,4,middle,no,no,no,
Sunless 02,18,6,2.667,A#4,70,ɪ,derived from Bozeman soprano,0.167,close,D4,7.96,inside,7,-8,none,not assessed,short,step,2,no,4,middle,no,no,no,
Sunless 02,18,6,3,B4,71,o,Bozeman soprano midpoint,0.5,close,D4,9.5,inside,8,-7,none,not assessed,short,step,1,no,4,last,no,no,no,
Sunless 02,18,6,4.5,B4,71,o,Bozeman soprano midpoint,0.25,close,D4,9.5,inside,8,-7,none,not assessed,short,repeated,0,yes,5,first,no,no,no,
Sunless 02,18,7,1,C#5,73,ɨ,derived from Bozeman soprano,0.167,above,C4,13.11,inside,10,-5,none,not assessed,short,step,2,no,5,middle,no,no,no,
Sunless 02,18,7,1.333,G#4,68,ʌ,derived from Bozeman soprano,0.167,close,E4,3.5,inside,5,-10,none,not assessed,short,leap-down,-5,no,5,middle,no,no,no,
Sunless 02,18,7,1.667,A#4,70,ɑ,Bozeman soprano midpoint,0.167,close,E4,5.5,inside,7,-8,none,not assessed,short,step,2,no,5,middle,no,no,no,
Sunless 02,18,7,2,C#5,73,o,Bozeman soprano midpoint,0.167,close,D4,11.5,inside,10,-5,none,not assessed,short,leap-up,3,no,5,middle,no,no,no,
Sunless 02,18,7,2.333,A#4,70,i,Bozeman soprano midpoint,0.167,above,G3,15.5,inside,7,-8,none,not assessed,short,leap-down,-3,no,5,middle,no,no,no,
Sunless 02,18,7,2.667,C#5,73,ɑ,Bozeman soprano midpoint,0.167,close,E4,8.5,inside,10,-5,none,not assessed,short,leap-up,3,no,5,middle,no,no,no,
Sunless 02,18,7,3,D#5,75,e,Bozeman soprano midpoint,0.25,above,D4,13.5,inside,12,-3,none,not assessed,short,step,2,no,5,middle,yes,no,no,highest of phrase
Sunless 02,18,7,3.5,A#4,70,ɪ,derived from Bozeman soprano,0.25,close,D4,7.96,inside,7,-8,none,not assessed,short,leap-down,-5,no,5,last,no,no,no,
Sunless 02,18,7,4.75,D#5,75,o,Bozeman soprano midpoint,0.125,above,D4,13.5,inside,12,-3,none,not assessed,short,leap-up,5,yes,6,first,no,no,no,
Sunless 02,18,8,1,E5,76,e,Bozeman soprano midpoint,0.5,above,D4,14.5,inside,13,-2,none,not assessed,short,step,1,no,6,middle,yes,no,no,highest of phrase
Sunless 02,18,8,2,B4,71,ɛ,Bozeman soprano midpoint,0.25,close,D#4,8.5,inside,8,-7,none,not assessed,short,leap-down,-5,no,6,last,no,no,no,
Sunless 02,18,8,2.75,B4,71,ɑ,Bozeman soprano midpoint,0.125,close,E4,6.5,inside,8,-7,none,not assessed,short,repeated,0,yes,7,first,no,no,no,
Sunless 02,18,8,3,C#5,73,o,Bozeman soprano midpoint,0.167,close,D4,11.5,inside,10,-5,none,not assessed,short,step,2,no,7,middle,no,no,no,
Sunless 02,18,8,3.333,G#4,68,i,Bozeman soprano midpoint,0.167,above,G3,13.5,inside,5,-10,none,not assessed,short,leap-down,-5,no,7,middle,no,no,no,
Sunless 02,18,8,3.667,A#4,70,i,Bozeman soprano midpoint,0.167,above,G3,15.5,inside,7,-8,none,not assessed,short,step,2,no,7,middle,no,no,no,
Sunless 02,18,8,4,E5,76,o,Bozeman soprano midpoint,0.5,above,D4,14.5,inside,13,-2,none,not assessed,short,leap-up,6,no,7,middle,no,no,no,
Sunless 02,18,9,1,A5,81,e,Bozeman soprano midpoint,0.5,above,D4,19.5,above secondo,18,3,none,not assessed,short,leap-up,5,no,7,middle,yes,no,no,highest of phrase
Sunless 02,18,9,2,G#5,80,o,Bozeman soprano midpoint,0.167,above,D4,18.5,above secondo,17,2,none,not assessed,short,step,-1,no,7,middle,no,no,no,
Sunless 02,18,9,2.333,G5,79,ʌ,derived from Bozeman soprano,0.167,above,E4,14.5,above secondo,16,1,none,not assessed,short,step,-1,no,7,middle,no,yes,no,
Sunless 02,18,9,2.667,G#5,80,u,Bozeman soprano midpoint,0.167,above,G#3,24,above secondo,17,2,none,not assessed,short,step,1,no,7,middle,no,no,no,
Sunless 02,18,9,3,F#5,78,i,Bozeman soprano midpoint,0.333,above,G3,23.5,inside,15,0,none,not assessed,short,step,-2,no,7,middle,no,yes,no,
Sunless 02,18,9,3.667,F5,77,ʌ,derived from Bozeman soprano,0.333,above,E4,12.5,inside,14,-1,none,not assessed,short,step,-1,no,7,middle,no,yes,no,
Sunless 02,18,9,4.333,C#5,73,ɑ,Bozeman soprano midpoint,0.333,close,E4,8.5,inside,10,-5,none,not assessed,short,leap-down,-4,no,7,middle,no,no,no,
Sunless 02,18,10,1,E5,76,e,Bozeman soprano midpoint,0.5,above,D4,14.5,inside,13,-2,none,not assessed,short,leap-up,3,no,7,middle,no,no,no,
Sunless 02,18,10,2,D5,74,ɪ,derived from Bozeman soprano,0.25,crossing,D4,11.96,inside,11,-4,none,not assessed,short,step,-2,no,7,last,no,no,no,crossing
Sunless 02,18,10,3,E5,76,u,Bozeman soprano midpoint,1,above,G#3,20,inside,13,-2,none,not assessed,short,step,2,yes,8,first,yes,no,no,highest of phrase
Sunless 02,18,11,1,D#5,75,o,Bozeman soprano midpoint,0.5,above,D4,13.5,inside,12,-3,none,not assessed,short,step,-1,no,8,middle,no,no,no,
Sunless 02,18,11,2,B4,71,i,Bozeman soprano midpoint,0.25,above,G3,16.5,inside,8,-7,none,not assessed,short,leap-down,-4,no,8,last,no,no,no,
Sunless 02,18,11,2.75,G#4,68,ɑ,Bozeman soprano midpoint,0.125,close,E4,3.5,inside,5,-10,none,not assessed,short,leap-down,-3,yes,9,first,no,no,no,
Sunless 02,18,11,3,G4,67,e,Bozeman soprano midpoint,0.5,close,D4,5.5,inside,4,-11,none,not assessed,short,step,-1,no,9,middle,no,no,no,
Sunless 02,18,11,4,G#4,68,ɑ,Bozeman soprano midpoint,0.25,close,E4,3.5,inside,5,-10,none,not assessed,short,step,1,no,9,middle,no,no,no,
Sunless 02,18,11,4.5,G#4,68,i,Bozeman soprano midpoint,0.25,above,G3,13.5,inside,5,-10,none,not assessed,short,repeated,0,no,9,middle,no,no,no,
Sunless 02,18,12,1,E5,76,o,Bozeman soprano midpoint,0.5,above,D4,14.5,inside,13,-2,none,not assessed,short,leap-up,8,no,9,last,yes,no,no,highest of phrase
Sunless 03,17,1,2,F5,77,ɑ,Bozeman soprano midpoint,0.612,above,E4,12.5,inside,14,-1,none,not assessed,short,first note,,,0,first,yes,yes,yes,highest of phrase
Sunless 03,17,2,1,F5,77,o,Bozeman soprano midpoint,0.918,above,D4,15.5,inside,14,-1,none,not assessed,short,repeated,0,no,0,middle,yes,yes,yes,highest of phrase
Sunless 03,17,2,2.5,G4,67,ɪ,derived from Bozeman soprano,0.306,close,D4,4.96,inside,4,-11,none,not assessed,short,leap-down,-10,no,0,middle,no,no,no,
Sunless 03,17,2,3,A4,69,ɑ,Bozeman soprano midpoint,0.612,close,E4,4.5,inside,6,-9,none,not assessed,short,step,2,no,0,middle,no,no,no,
Sunless 03,17,2,4,F4,65,ɨ,derived from Bozeman soprano,0.306,close,C4,5.11,inside,2,-13,none,not assessed,short,leap-down,-4,no,0,last,no,no,no,
Sunless 03,17,3,1,C#5,73,u,Bozeman soprano midpoint,0.918,above,G#3,17,inside,10,-5,none,not assessed,short,leap-up,8,yes,1,first,yes,no,no,highest of phrase
Sunless 03,17,3,2.5,C#5,73,ɨ,derived from Bozeman soprano,0.306,above,C4,13.11,inside,10,-5,none,not assessed,short,repeated,0,no,1,middle,yes,no,no,highest of phrase
Sunless 03,17,3,3,C5,72,e,Bozeman soprano midpoint,0.612,close,D4,10.5,inside,9,-6,none,not assessed,short,step,-1,no,1,last,no,no,no,
Sunless 03,17,4,1.5,C5,72,u,Bozeman soprano midpoint,0.306,above,G#3,16,inside,9,-6,none,not assessed,short,repeated,0,yes,2,first,yes,no,no,highest of phrase
Sunless 03,17,4,2,C5,72,ɑ,Bozeman soprano midpoint,0.306,close,E4,7.5,inside,9,-6,none,not assessed,short,repeated,0,no,2,middle,yes,no,no,highest of phrase
Sunless 03,17,4,2.5,C5,72,ɑ,Bozeman soprano midpoint,0.306,close,E4,7.5,inside,9,-6,none,not assessed,short,repeated,0,no,2,middle,yes,no,no,highest of phrase
Sunless 03,17,4,3,F4,65,ɨ,derived from Bozeman soprano,0.918,close,C4,5.11,inside,2,-13,none,not assessed,short,leap-down,-7,no,2,middle,no,no,no,
Sunless 03,17,4,4.5,F4,65,u,Bozeman soprano midpoint,0.306,close,G#3,9,inside,2,-13,none,not assessed,short,repeated,0,no,2,middle,no,no,no,
Sunless 03,17,5,1,G4,67,o,Bozeman soprano midpoint,0.612,close,D4,5.5,inside,4,-11,none,not assessed,short,step,2,no,2,middle,no,no,no,
Sunless 03,17,5,2,G4,67,u,Bozeman soprano midpoint,0.306,close,G#3,11,inside,4,-11,none,not assessed,short,repeated,0,no,2,last,no,no,no,
Sunless 03,17,5,3,A4,69,ɛ,Bozeman soprano midpoint,0.612,close,D#4,6.5,inside,6,-9,none,not assessed,short,step,2,yes,3,first,yes,no,no,highest of phrase
Sunless 03,17,5,4,F4,65,ɪ,derived from Bozeman soprano,0.306,close,D4,2.96,inside,2,-13,none,not assessed,short,leap-down,-4,no,3,last,no,no,no,
Sunless 03,17,6,1,D5,74,o,Bozeman soprano midpoint,1.224,crossing,D4,12.5,inside,11,-4,none,not assessed,short,leap-up,9,yes,4,first,yes,no,no,highest of phrase; crossing
Sunless 03,17,6,3,A#4,70,i,Bozeman soprano midpoint,0.612,above,G3,15.5,inside,7,-8,none,not assessed,short,leap-down,-4,no,4,middle,no,no,no,
Sunless 03,17,6,4,A#4,70,ʌ,derived from Bozeman soprano,0.306,close,E4,5.5,inside,7,-8,none,not assessed,short,repeated,0,no,4,last,no,no,no,
Sunless 03,17,7,1,A#4,70,ɑ,Bozeman soprano midpoint,0.459,close,E4,5.5,inside,7,-8,none,not assessed,short,repeated,0,yes,5,first,no,no,no,
Sunless 03,17,7,1.75,B4,71,ʌ,derived from Bozeman soprano,0.153,close,E4,6.5,inside,8,-7,none,not assessed,short,step,1,no,5,middle,no,no,no,
Sunless 03,17,7,2,C#5,73,o,Bozeman soprano midpoint,0.306,close,D4,11.5,inside,10,-5,none,not assessed,short,step,2,no,5,middle,no,no,no,
Sunless 03,17,7,2.5,F#5,78,i,Bozeman soprano midpoint,0.306,above,G3,23.5,inside,15,0,none,not assessed,short,leap-up,5,no,5,middle,yes,yes,yes,highest of phrase
Sunless 03,17,7,3,D#5,75,e,Bozeman soprano midpoint,0.459,above,D4,13.5,inside,12,-3,none,not assessed,short,leap-down,-3,no,5,middle,no,no,no,
Sunless 03,17,7,3.75,D#5,75,ɑ,Bozeman soprano midpoint,0.153,close,E4,10.5,inside,12,-3,none,not assessed,short,repeated,0,no,5,middle,no,no,no,
Sunless 03,17,7,4,D#5,75,i,Bozeman soprano midpoint,0.306,above,G3,20.5,inside,12,-3,none,not assessed,short,repeated,0,no,5,middle,no,no,no,
Sunless 03,17,7,4.5,D#5,75,u,Bozeman soprano midpoint,0.306,above,G#3,19,inside,12,-3,none,not assessed,short,repeated,0,no,5,middle,no,no,no,
Sunless 03,17,8,1,E5,76,a,derived from Bozeman soprano,0.918,close,G4,9.08,inside,13,-2,none,not assessed,short,step,1,no,5,middle,no,no,no,
Sunless 03,17,8,2.5,C5,72,u,Bozeman soprano midpoint,0.306,above,G#3,16,inside,9,-6,none,not assessed,short,leap-down,-4,no,5,middle,no,no,no,
Sunless 03,17,8,3,C5,72,u,Bozeman soprano midpoint,0.612,above,G#3,16,inside,9,-6,none,not assessed,short,repeated,0,no,5,middle,no,no,no,
Sunless 03,17,8,4,C5,72,ɑ,Bozeman soprano midpoint,0.612,close,E4,7.5,inside,9,-6,none,not assessed,short,repeated,0,no,5,middle,no,no,no,
Sunless 03,17,9,1,C5,72,ɛ,Bozeman soprano midpoint,0.612,close,D#4,9.5,inside,9,-6,none,not assessed,short,repeated,0,no,5,middle,no,no,no,
Sunless 03,17,9,2,F4,65,ɪ,derived from Bozeman soprano,0.612,close,D4,2.96,inside,2,-13,none,not assessed,short,leap-down,-7,no,5,last,no,no,no,
Sunless 03,17,9,4.5,F5,77,o,Bozeman soprano midpoint,0.306,above,D4,15.5,inside,14,-1,none,not assessed,short,leap-up,12,yes,6,first,yes,yes,yes,highest of phrase
Sunless 03,17,10,1,C#5,73,o,Bozeman soprano midpoint,0.918,close,D4,11.5,inside,10,-5,none,not assessed,short,leap-down,-4,no,6,middle,no,no,no,
Sunless 03,17,10,2.5,E4,64,ɑ,Bozeman soprano midpoint,0.306,open,E4,-0.5,inside,1,-14,none,not assessed,short,leap-down,-9,no,6,middle,no,yes,no,
Sunless 03,17,10,3,G4,67,ɑ,Bozeman soprano midpoint,0.306,close,E4,2.5,inside,4,-11,none,not assessed,short,leap-up,3,no,6,middle,no,no,no,
Sunless 03,17,10,3.5,C#5,73,ɑ,Bozeman soprano midpoint,0.306,close,E4,8.5,inside,10,-5,none,not assessed,short,leap-up,6,no,6,middle,no,no,no,
Sunless 03,17,10,4,C5,72,i,Bozeman soprano midpoint,0.306,above,G3,17.5,inside,9,-6,none,not assessed,short,step,-1,no,6,middle,no,no,no,
Sunless 03,17,10,4.5,A#4,70,ɪ,derived from Bozeman soprano,0.306,close,D4,7.96,inside,7,-8,none,not assessed,short,step,-2,no,6,middle,no,no,no,
Sunless 03,17,11,1,A4,69,ɨ,derived from Bozeman soprano,0.306,close,C4,9.11,inside,6,-9,none,not assessed,short,step,-1,no,6,last,no,no,no,
Sunless 03,17,11,3.5,A4,69,i,Bozeman soprano midpoint,0.306,above,G3,14.5,inside,6,-9,none,not assessed,short,repeated,0,yes,7,first,no,no,no,
Sunless 03,17,11,4,A4,69,i,Bozeman soprano midpoint,0.306,above,G3,14.5,inside,6,-9,none,not assessed,short,repeated,0,no,7,middle,no,no,no,
Sunless 03,17,11,4.5,C5,72,u,Bozeman soprano midpoint,0.306,above,G#3,16,inside,9,-6,none,not assessed,short,leap-up,3,no,7,middle,no,no,no,
Sunless 03,17,12,1,B4,71,ɑ,Bozeman soprano midpoint,0.918,close,E4,6.5,inside,8,-7,none,not assessed,short,step,-1,no,7,middle,no,no,no,
Sunless 03,17,12,2.5,B4,71,i,Bozeman soprano midpoint,0.306,above,G3,16.5,inside,8,-7,none,not assessed,short,repeated,0,no,7,middle,no,no,no,
Sunless 03,17,12,3,E5,76,o,Bozeman soprano midpoint,0.918,above,D4,14.5,inside,13,-2,none,not assessed,short,leap-up,5,no,7,middle,yes,no,no,highest of phrase
Sunless 03,17,12,4.5,D5,74,i,Bozeman soprano midpoint,0.306,above,G3,19.5,inside,11,-4,none,not assessed,short,step,-2,no,7,middle,no,no,no,
Sunless 03,17,13,1,C5,72,i,Bozeman soprano midpoint,0.612,above,G3,17.5,inside,9,-6,none,not assessed,short,step,-2,no,7,middle,no,no,no,
Sunless 03,17,13,2,B4,71,ɨ,derived from Bozeman soprano,0.306,close,C4,11.11,inside,8,-7,none,not assessed,short,step,-1,no,7,last,no,no,no,
Sunless 03,17,13,3.5,A#4,70,ʌ,derived from Bozeman soprano,0.306,close,E4,5.5,inside,7,-8,none,not assessed,short,step,-1,yes,8,first,no,no,no,
Sunless 03,17,13,4,A4,69,ʌ,derived from Bozeman soprano,0.306,close,E4,4.5,inside,6,-9,none,not assessed,short,step,-1,no,8,middle,no,no,no,
Sunless 03,17,13,4.5,A4,69,ɑ,Bozeman soprano midpoint,0.306,close,E4,4.5,inside,6,-9,none,not assessed,short,repeated,0,no,8,middle,no,no,no,
Sunless 03,17,14,1,G#4,68,e,Bozeman soprano midpoint,0.306,close,D4,6.5,inside,5,-10,none,not assessed,short,step,-1,no,8,middle,no,no,no,
Sunless 03,17,14,1.5,G#4,68,i,Bozeman soprano midpoint,0.306,above,G3,13.5,inside,5,-10,none,not assessed,short,repeated,0,no,8,middle,no,no,no,
Sunless 03,17,14,2,B4,71,ɪ,derived from Bozeman soprano,0.306,close,D4,8.96,inside,8,-7,none,not assessed,short,leap-up,3,no,8,middle,no,no,no,
Sunless 03,17,14,2.5,B4,71,e,Bozeman soprano midpoint,0.306,close,D4,9.5,inside,8,-7,none,not assessed,short,repeated,0,no,8,middle,no,no,no,
Sunless 03,17,14,3,C#5,73,i,Bozeman soprano midpoint,0.306,above,G3,18.5,inside,10,-5,none,not assessed,short,step,2,no,8,last,yes,no,no,highest of phrase
Sunless 03,17,14,4,C#5,73,ɑ,Bozeman soprano midpoint,0.612,close,E4,8.5,inside,10,-5,none,not assessed,short,repeated,0,yes,9,first,no,no,no,
Sunless 03,17,15,1,D#5,75,o,Bozeman soprano midpoint,0.918,above,D4,13.5,inside,12,-3,none,not assessed,short,step,2,no,9,middle,no,no,no,
Sunless 03,17,15,2.5,D#5,75,u,Bozeman soprano midpoint,0.306,above,G#3,19,inside,12,-3,none,not assessed,short,repeated,0,no,9,middle,no,no,no,
Sunless 03,17,15,3,E5,76,ɑ,Bozeman soprano midpoint,0.459,crossing,E4,11.5,inside,13,-2,none,not assessed,short,step,1,no,9,middle,yes,no,no,highest of phrase; crossing
Sunless 03,17,15,3.75,C5,72,ɪ,derived from Bozeman soprano,0.153,close,D4,9.96,inside,9,-6,none,not assessed,short,leap-down,-4,no,9,middle,no,no,no,
Sunless 03,17,15,4,G4,67,ɨ,derived from Bozeman soprano,0.306,close,C4,7.11,inside,4,-11,none,not assessed,short,leap-down,-5,no,9,middle,no,no,no,
Sunless 03,17,15,4.5,G4,67,ɑ,Bozeman soprano midpoint,0.306,close,E4,2.5,inside,4,-11,none,not assessed,short,repeated,0,no,9,middle,no,no,no,
Sunless 03,17,16,1,A4,69,i,Bozeman soprano midpoint,0.612,above,G3,14.5,inside,6,-9,none,not assessed,short,step,2,no,9,middle,no,no,no,
Sunless 03,17,16,2,F4,65,ɨ,derived from Bozeman soprano,0.306,close,C4,5.11,inside,2,-13,none,not assessed,short,leap-down,-4,no,9,last,no,no,no,
Sunless 03,17,16,3.5,C5,72,ɑ,Bozeman soprano midpoint,0.306,close,E4,7.5,inside,9,-6,none,not assessed,short,leap-up,7,yes,10,first,no,no,no,
Sunless 03,17,16,4,F5,77,u,Bozeman soprano midpoint,0.306,above,G#3,21,inside,14,-1,none,not assessed,short,leap-up,5,no,10,middle,yes,yes,yes,highest of phrase
Sunless 03,17,16,4.5,C5,72,ʌ,derived from Bozeman soprano,0.306,close,E4,7.5,inside,9,-6,none,not assessed,short,leap-down,-5,no,10,middle,no,no,no,
Sunless 03,17,17,1,D#5,75,o,Bozeman soprano midpoint,0.816,above,D4,13.5,inside,12,-3,none,not assessed,short,leap-up,3,no,10,middle,no,no,no,
Sunless 03,17,17,2.333,D#5,75,ɨ,derived from Bozeman soprano,0.408,above,C4,15.11,inside,12,-3,none,not assessed,short,repeated,0,no,10,middle,no,no,no,
Sunless 03,17,17,3,C#5,73,ɑ,Bozeman soprano midpoint,0.816,close,E4,8.5,inside,10,-5,none,not assessed,short,step,-2,no,10,middle,no,no,no,
Sunless 03,17,17,4.333,E5,76,ɑ,Bozeman soprano midpoint,0.408,crossing,E4,11.5,inside,13,-2,none,not assessed,short,leap-up,3,no,10,middle,no,no,no,crossing
Sunless 03,17,18,1,C#5,73,ɑ,Bozeman soprano midpoint,0.816,close,E4,8.5,inside,10,-5,none,not assessed,short,leap-down,-3,no,10,middle,no,no,no,
Sunless 03,17,18,2.333,C#5,73,ɑ,Bozeman soprano midpoint,0.408,close,E4,8.5,inside,10,-5,none,not assessed,short,tie,0,no,10,last,no,no,no,
Sunless 03,17,18,4.333,C5,72,i,Bozeman soprano midpoint,0.408,above,G3,17.5,inside,9,-6,none,not assessed,short,step,-1,yes,11,first,no,no,no,
Sunless 03,17,19,1,D#5,75,e,Bozeman soprano midpoint,0.816,above,D4,13.5,inside,12,-3,none,not assessed,short,leap-up,3,no,11,middle,no,no,no,
Sunless 03,17,19,2.333,D#5,75,i,Bozeman soprano midpoint,0.408,above,G3,20.5,inside,12,-3,none,not assessed,short,repeated,0,no,11,middle,no,no,no,
Sunless 03,17,19,3,C#5,73,ɑ,Bozeman soprano midpoint,0.816,close,E4,8.5,inside,10,-5,none,not assessed,short,step,-2,no,11,middle,no,no,no,
Sunless 03,17,19,4.333,E5,76,ɨ,derived from Bozeman soprano,0.408,above,C4,16.11,inside,13,-2,none,not assessed,short,leap-up,3,no,11,middle,yes,no,no,highest of phrase
Sunless 03,17,20,1,C#5,73,o,Bozeman soprano midpoint,0.816,close,D4,11.5,inside,10,-5,none,not assessed,short,leap-down,-3,no,11,middle,no,no,no,
Sunless 03,17,20,2.333,C#5,73,i,Bozeman soprano midpoint,0.408,above,G3,18.5,inside,10,-5,none,not assessed,short,repeated,0,no,11,middle,no,no,no,
Sunless 03,17,20,3,A#4,70,e,Bozeman soprano midpoint,0.408,close,D4,8.5,inside,7,-8,none,not assessed,short,leap-down,-3,no,11,middle,no,no,no,
Sunless 03,17,20,3.667,C5,72,i,Bozeman soprano midpoint,0.204,above,G3,17.5,inside,9,-6,none,not assessed,short,step,2,no,11,last,no,no,no,
Sunless 03,17,20,4.333,C5,72,u,Bozeman soprano midpoint,0.408,above,G#3,16,inside,9,-6,none,not assessed,short,repeated,0,yes,12,first,no,no,no,
Sunless 03,17,21,1,C#5,73,ɨ,derived from Bozeman soprano,0.816,above,C4,13.11,inside,10,-5,none,not assessed,short,step,1,no,12,middle,no,no,no,
Sunless 03,17,21,2.333,C#5,73,ɑ,Bozeman soprano midpoint,0.408,close,E4,8.5,inside,10,-5,none,not assessed,short,repeated,0,no,12,middle,no,no,no,
Sunless 03,17,21,3,A#4,70,ʌ,derived from Bozeman soprano,0.816,close,E4,5.5,inside,7,-8,none,not assessed,short,leap-down,-3,no,12,middle,no,no,no,
Sunless 03,17,21,4.333,C5,72,ɪ,derived from Bozeman soprano,0.408,close,D4,9.96,inside,9,-6,none,not assessed,short,step,2,no,12,middle,no,no,no,
Sunless 03,17,22,1,C#5,73,ɑ,Bozeman soprano midpoint,0.816,close,E4,8.5,inside,10,-5,none,not assessed,short,step,1,no,12,middle,no,no,no,
Sunless 03,17,22,2.333,C#5,73,u,Bozeman soprano midpoint,0.408,above,G#3,17,inside,10,-5,none,not assessed,short,repeated,0,no,12,middle,no,no,no,
Sunless 03,17,22,3,A#4,70,ɑ,Bozeman soprano midpoint,0.816,close,E4,5.5,inside,7,-8,none,not assessed,short,leap-down,-3,no,12,middle,no,no,no,
Sunless 03,17,22,4.333,C5,72,ɑ,Bozeman soprano midpoint,0.408,close,E4,7.5,inside,9,-6,none,not assessed,short,step,2,no,12,middle,no,no,no,
Sunless 03,17,23,1,F5,77,ɛ,Bozeman soprano midpoint,0.408,above,D#4,14.5,inside,14,-1,none,not assessed,short,leap-up,5,no,12,middle,yes,yes,yes,highest of phrase
Sunless 03,17,23,1.667,F5,77,ɛ,Bozeman soprano midpoint,0.204,above,D#4,14.5,inside,14,-1,none,not assessed,short,tie,0,no,12,last,yes,yes,yes,highest of phrase
Sunless 03,17,23,2.333,C#5,73,ɑ,Bozeman soprano midpoint,0.408,close,E4,8.5,inside,10,-5,none,not assessed,short,leap-down,-4,yes,13,first,no,no,no,
Sunless 03,17,23,3,E5,76,ɨ,derived from Bozeman soprano,0.408,above,C4,16.11,inside,13,-2,none,not assessed,short,leap-up,3,no,13,middle,yes,no,no,highest of phrase
Sunless 03,17,23,3.667,C5,72,ʌ,derived from Bozeman soprano,0.408,close,E4,7.5,inside,9,-6,none,not assessed,short,leap-down,-4,no,13,last,no,no,no,
Sunless 03,17,24,1.667,A#4,70,ɑ,Bozeman soprano midpoint,0.408,close,E4,5.5,inside,7,-8,none,not assessed,short,step,-2,yes,14,first,no,no,no,
Sunless 03,17,24,2.333,A#4,70,u,Bozeman soprano midpoint,0.408,above,G#3,14,inside,7,-8,none,not assessed,short,repeated,0,no,14,middle,no,no,no,
Sunless 03,17,24,3,C#5,73,e,Bozeman soprano midpoint,0.816,close,D4,11.5,inside,10,-5,none,not assessed,short,leap-up,3,no,14,middle,yes,no,no,highest of phrase
Sunless 03,17,24,4.333,C5,72,i,Bozeman soprano midpoint,0.204,above,G3,17.5,inside,9,-6,none,not assessed,short,step,-1,no,14,last,no,no,no,
Sunless 03,17,24,4.833,G4,67,u,Bozeman soprano midpoint,0.102,close,G#3,11,inside,4,-11,none,not assessed,short,leap-down,-5,yes,15,first,yes,no,no,highest of phrase
Sunless 03,17,25,1,F4,65,ɨ,derived from Bozeman soprano,0.306,close,C4,5.11,inside,2,-13,none,not assessed,short,step,-2,no,15,last,no,no,no,
Sunless 03,17,25,2.5,F4,65,o,Bozeman soprano midpoint,0.306,close,D4,3.5,inside,2,-13,none,not assessed,short,repeated,0,yes,16,first,no,no,no,
Sunless 03,17,25,3,B4,71,i,Bozeman soprano midpoint,0.306,above,G3,16.5,inside,8,-7,none,not assessed,short,leap-up,6,no,16,middle,yes,no,no,highest of phrase
Sunless 03,17,25,3.5,G#4,68,ɑ,Bozeman soprano midpoint,0.306,close,E4,3.5,inside,5,-10,none,not assessed,short,leap-down,-3,no,16,middle,no,no,no,
Sunless 03,17,25,4,G4,67,i,Bozeman soprano midpoint,0.306,crossing,G3,12.5,inside,4,-11,none,not assessed,short,step,-1,no,16,middle,no,no,no,crossing
Sunless 03,17,25,4.5,G#4,68,ɑ,Bozeman soprano midpoint,0.306,close,E4,3.5,inside,5,-10,none,not assessed,short,step,1,no,16,middle,no,no,no,
Sunless 03,17,26,1,F4,65,i,Bozeman soprano midpoint,0.612,close,G3,10.5,inside,2,-13,none,not assessed,short,leap-down,-3,no,16,last,no,no,no,
Sunless 03,17,26,2.5,F4,65,ɛ,Bozeman soprano midpoint,0.306,close,D#4,2.5,inside,2,-13,none,not assessed,short,repeated,0,yes,17,first,no,no,no,
Sunless 03,17,26,3,F5,77,u,Bozeman soprano midpoint,0.918,above,G#3,21,inside,14,-1,none,not assessed,short,leap-up,12,no,17,middle,yes,yes,yes,highest of phrase
Sunless 03,17,26,4.5,G4,67,ʌ,derived from Bozeman soprano,0.306,close,E4,2.5,inside,4,-11,none,not assessed,short,leap-down,-10,no,17,middle,no,no,no,
Sunless 03,17,27,1,A4,69,o,Bozeman soprano midpoint,0.306,close,D4,7.5,inside,6,-9,none,not assessed,short,step,2,no,17,middle,no,no,no,
Sunless 03,17,27,1.5,A4,69,ʌ,derived from Bozeman soprano,0.306,close,E4,4.5,inside,6,-9,none,not assessed,short,repeated,0,no,17,middle,no,no,no,
Sunless 03,17,27,2,G4,67,i,Bozeman soprano midpoint,0.306,crossing,G3,12.5,inside,4,-11,none,not assessed,short,step,-2,no,17,middle,no,no,no,crossing
Sunless 03,17,27,2.5,F4,65,ɑ,Bozeman soprano midpoint,0.306,close,E4,0.5,inside,2,-13,none,not assessed,short,step,-2,no,17,middle,no,no,no,turning pitch 0 to 2 st below
Sunless 03,17,27,3,C#5,73,o,Bozeman soprano midpoint,0.612,close,D4,11.5,inside,10,-5,none,not assessed,short,leap-up,8,no,17,middle,no,no,no,
Sunless 03,17,27,4,A#4,70,u,Bozeman soprano midpoint,0.306,above,G#3,14,inside,7,-8,none,not assessed,short,leap-down,-3,no,17,last,no,no,no,
Sunless 03,17,27,4.75,A#4,70,i,Bozeman soprano midpoint,0.153,above,G3,15.5,inside,7,-8,none,not assessed,short,repeated,0,yes,18,first,no,no,no,
Sunless 03,17,28,1,F5,77,u,Bozeman soprano midpoint,0.816,above,G#3,21,inside,14,-1,none,not assessed,short,leap-up,7,no,18,middle,yes,yes,yes,highest of phrase
Sunless 03,17,28,2.333,E5,76,i,Bozeman soprano midpoint,0.408,above,G3,21.5,inside,13,-2,none,not assessed,short,step,-1,no,18,middle,no,no,no,
Sunless 03,17,28,3,C#5,73,ɑ,Bozeman soprano midpoint,0.816,close,E4,8.5,inside,10,-5,none,not assessed,short,leap-down,-3,no,18,middle,no,no,no,
Sunless 03,17,28,4.333,C5,72,ʌ,derived from Bozeman soprano,0.408,close,E4,7.5,inside,9,-6,none,not assessed,short,step,-1,no,18,middle,no,no,no,
Sunless 03,17,29,1,F5,77,ʌ,derived from Bozeman soprano,0.816,above,E4,12.5,inside,14,-1,none,not assessed,short,leap-up,5,no,18,middle,yes,yes,yes,highest of phrase
Sunless 03,17,29,2.333,E5,76,ɑ,Bozeman soprano midpoint,0.408,crossing,E4,11.5,inside,13,-2,none,not assessed,short,step,-1,no,18,middle,no,no,no,crossing
Sunless 03,17,29,3,C#5,73,i,Bozeman soprano midpoint,0.816,above,G3,18.5,inside,10,-5,none,not assessed,short,leap-down,-3,no,18,middle,no,no,no,
Sunless 03,17,29,4.333,C5,72,u,Bozeman soprano midpoint,0.408,above,G#3,16,inside,9,-6,none,not assessed,short,step,-1,no,18,middle,no,no,no,
Sunless 03,17,30,1,F4,65,ɛ,Bozeman soprano midpoint,0.918,close,D#4,2.5,inside,2,-13,none,not assessed,short,leap-down,-7,no,18,middle,no,no,no,
Sunless 03,17,30,2.5,F4,65,ɪ,derived from Bozeman soprano,0.306,close,D4,2.96,inside,2,-13,none,not assessed,short,repeated,0,no,18,middle,no,no,no,
Sunless 03,17,30,3,G4,67,ɑ,Bozeman soprano midpoint,0.306,close,E4,2.5,inside,4,-11,none,not assessed,short,step,2,no,18,middle,no,no,no,
Sunless 03,17,30,3.5,G4,67,ɪ,derived from Bozeman soprano,0.306,close,D4,4.96,inside,4,-11,none,not assessed,short,repeated,0,no,18,middle,no,no,no,
Sunless 03,17,30,4,F4,65,ɑ,Bozeman soprano midpoint,0.306,close,E4,0.5,inside,2,-13,none,not assessed,short,step,-2,no,18,middle,no,no,no,turning pitch 0 to 2 st below
Sunless 03,17,30,4.5,G4,67,ɑ,Bozeman soprano midpoint,0.306,close,E4,2.5,inside,4,-11,none,not assessed,short,step,2,no,18,middle,no,no,no,
Sunless 03,17,31,1,A4,69,o,Bozeman soprano midpoint,0.612,close,D4,7.5,inside,6,-9,none,not assessed,short,step,2,no,18,middle,no,no,no,
Sunless 03,17,31,2,C5,72,u,Bozeman soprano midpoint,0.306,above,G#3,16,inside,9,-6,none,not assessed,short,leap-up,3,no,18,last,no,no,no,
Sunless 03,17,31,4,C5,72,i,Bozeman soprano midpoint,0.612,above,G3,17.5,inside,9,-6,none,not assessed,short,repeated,0,yes,19,first,no,no,no,
Sunless 03,17,32,1,D#5,75,e,Bozeman soprano midpoint,0.204,above,D4,13.5,inside,12,-3,none,not assessed,short,leap-up,3,no,19,middle,no,no,no,
Sunless 03,17,32,1.333,F5,77,e,Bozeman soprano midpoint,0.204,above,D4,15.5,inside,14,-1,none,not assessed,short,step,2,no,19,middle,no,yes,no,
Sunless 03,17,32,1.667,G5,79,ɑ,Bozeman soprano midpoint,0.204,above,E4,14.5,above secondo,16,1,none,not assessed,short,step,2,no,19,middle,no,yes,no,
Sunless 03,17,32,2,F5,77,ɑ,Bozeman soprano midpoint,0.204,above,E4,12.5,inside,14,-1,none,not assessed,short,step,-2,no,19,middle,no,yes,no,
Sunless 03,17,32,2.333,G5,79,ɑ,Bozeman soprano midpoint,0.204,above,E4,14.5,above secondo,16,1,none,not assessed,short,step,2,no,19,middle,no,yes,no,
Sunless 03,17,32,2.667,C5,72,i,Bozeman soprano midpoint,0.204,above,G3,17.5,inside,9,-6,none,not assessed,short,leap-down,-7,no,19,middle,no,no,no,
Sunless 03,17,32,3,D#5,75,ɛ,Bozeman soprano midpoint,0.204,crossing,D#4,12.5,inside,12,-3,none,not assessed,short,leap-up,3,no,19,middle,no,no,no,crossing
Sunless 03,17,32,3.333,C#5,73,ɛ,Bozeman soprano midpoint,0.204,close,D#4,10.5,inside,10,-5,none,not assessed,short,step,-2,no,19,middle,no,no,no,
Sunless 03,17,32,3.667,C5,72,i,Bozeman soprano midpoint,0.204,above,G3,17.5,inside,9,-6,none,not assessed,short,step,-1,no,19,middle,no,no,no,
Sunless 03,17,32,4,D#5,75,e,Bozeman soprano midpoint,0.408,above,D4,13.5,inside,12,-3,none,not assessed,short,leap-up,3,no,19,middle,no,no,no,
Sunless 03,17,32,4.667,D#5,75,i,Bozeman soprano midpoint,0.204,above,G3,20.5,inside,12,-3,none,not assessed,short,repeated,0,no,19,middle,no,no,no,
Sunless 03,17,33,1,D#5,75,i,Bozeman soprano midpoint,0.204,above,G3,20.5,inside,12,-3,none,not assessed,short,repeated,0,no,19,middle,no,no,no,
Sunless 03,17,33,1.333,F5,77,i,Bozeman soprano midpoint,0.204,above,G3,22.5,inside,14,-1,none,not assessed,short,step,2,no,19,middle,no,yes,no,
Sunless 03,17,33,1.667,G5,79,ɑ,Bozeman soprano midpoint,0.204,above,E4,14.5,above secondo,16,1,none,not assessed,short,step,2,no,19,middle,no,yes,no,
Sunless 03,17,33,2,F5,77,ɛ,Bozeman soprano midpoint,0.204,above,D#4,14.5,inside,14,-1,none,not assessed,short,step,-2,no,19,middle,no,yes,no,
Sunless 03,17,33,2.333,G5,79,ɛ,Bozeman soprano midpoint,0.204,above,D#4,16.5,above secondo,16,1,none,not assessed,short,step,2,no,19,middle,no,yes,no,
Sunless 03,17,33,2.667,C5,72,ɨ,derived from Bozeman soprano,0.204,crossing,C4,12.11,inside,9,-6,none,not assessed,short,leap-down,-7,no,19,middle,no,no,no,crossing
Sunless 03,17,33,3,D#5,75,ɑ,Bozeman soprano midpoint,0.204,close,E4,10.5,inside,12,-3,none,not assessed,short,leap-up,3,no,19,middle,no,no,no,
Sunless 03,17,33,3.333,C#5,73,ɑ,Bozeman soprano midpoint,0.204,close,E4,8.5,inside,10,-5,none,not assessed,short,step,-2,no,19,middle,no,no,no,
Sunless 03,17,33,3.667,C5,72,u,Bozeman soprano midpoint,0.204,above,G#3,16,inside,9,-6,none,not assessed,short,step,-1,no,19,middle,no,no,no,
Sunless 03,17,33,4,D#5,75,o,Bozeman soprano midpoint,0.204,above,D4,13.5,inside,12,-3,none,not assessed,short,leap-up,3,no,19,middle,no,no,no,
Sunless 03,17,33,4.333,D#5,75,u,Bozeman soprano midpoint,0.204,above,G#3,19,inside,12,-3,none,not assessed,short,repeated,0,no,19,middle,no,no,no,
Sunless 03,17,33,4.667,C#5,73,i,Bozeman soprano midpoint,0.204,above,G3,18.5,inside,10,-5,none,not assessed,short,step,-2,no,19,middle,no,no,no,
Sunless 03,17,34,1,E5,76,e,Bozeman soprano midpoint,0.204,above,D4,14.5,inside,13,-2,none,not assessed,short,leap-up,3,no,19,middle,no,no,no,
Sunless 03,17,34,1.333,G#4,68,e,Bozeman soprano midpoint,0.204,close,D4,6.5,inside,5,-10,none,not assessed,short,leap-down,-8,no,19,middle,no,no,no,
Sunless 03,17,34,1.667,B4,71,ɨ,derived from Bozeman soprano,0.204,close,C4,11.11,inside,8,-7,none,not assessed,short,leap-up,3,no,19,middle,no,no,no,
Sunless 03,17,34,2,D#5,75,u,Bozeman soprano midpoint,0.408,above,G#3,19,inside,12,-3,none,not assessed,short,leap-up,4,no,19,middle,no,no,no,
Sunless 03,17,34,2.667,C#5,73,i,Bozeman soprano midpoint,0.204,above,G3,18.5,inside,10,-5,none,not assessed,short,step,-2,no,19,middle,no,no,no,
Sunless 03,17,34,3,E5,76,u,Bozeman soprano midpoint,0.204,above,G#3,20,inside,13,-2,none,not assessed,short,leap-up,3,no,19,middle,no,no,no,
Sunless 03,17,34,3.333,G#4,68,u,Bozeman soprano midpoint,0.204,crossing,G#3,12,inside,5,-10,none,not assessed,short,leap-down,-8,no,19,middle,no,no,no,crossing
Sunless 03,17,34,3.667,B4,71,ɨ,derived from Bozeman soprano,0.204,close,C4,11.11,inside,8,-7,none,not assessed,short,leap-up,3,no,19,middle,no,no,no,
Sunless 03,17,34,4,D#5,75,e,Bozeman soprano midpoint,0.408,above,D4,13.5,inside,12,-3,none,not assessed,short,leap-up,4,no,19,middle,no,no,no,
Sunless 03,17,34,4.667,C#5,73,ɑ,Bozeman soprano midpoint,0.204,close,E4,8.5,inside,10,-5,none,not assessed,short,step,-2,no,19,middle,no,no,no,
Sunless 03,17,35,1,D#5,75,i,Bozeman soprano midpoint,0.204,above,G3,20.5,inside,12,-3,none,not assessed,short,step,2,no,19,middle,no,no,no,
Sunless 03,17,35,1.333,F5,77,i,Bozeman soprano midpoint,0.204,above,G3,22.5,inside,14,-1,none,not assessed,short,step,2,no,19,middle,no,yes,no,
Sunless 03,17,35,1.667,G5,79,ɑ,Bozeman soprano midpoint,0.204,above,E4,14.5,above secondo,16,1,none,not assessed,short,step,2,no,19,middle,no,yes,no,
Sunless 03,17,35,2,G#5,80,i,Bozeman soprano midpoint,0.204,above,G3,25.5,above secondo,17,2,none,not assessed,short,step,1,no,19,middle,yes,no,no,highest of phrase
Sunless 03,17,35,2.333,G5,79,i,Bozeman soprano midpoint,0.204,above,G3,24.5,above secondo,16,1,none,not assessed,short,step,-1,no,19,middle,no,yes,no,
Sunless 03,17,35,2.667,C5,72,ʌ,derived from Bozeman soprano,0.204,close,E4,7.5,inside,9,-6,none,not assessed,short,leap-down,-7,no,19,middle,no,no,no,
Sunless 03,17,35,3,D#5,75,i,Bozeman soprano midpoint,0.204,above,G3,20.5,inside,12,-3,none,not assessed,short,leap-up,3,no,19,middle,no,no,no,
Sunless 03,17,35,3.333,C#5,73,i,Bozeman soprano midpoint,0.204,above,G3,18.5,inside,10,-5,none,not assessed,short,step,-2,no,19,middle,no,no,no,
Sunless 03,17,35,3.667,C5,72,ɑ,Bozeman soprano midpoint,0.204,close,E4,7.5,inside,9,-6,none,not assessed,short,step,-1,no,19,middle,no,no,no,
Sunless 03,17,35,4,D#5,75,o,Bozeman soprano midpoint,0.204,above,D4,13.5,inside,12,-3,none,not assessed,short,leap-up,3,no,19,middle,no,no,no,
Sunless 03,17,35,4.333,A#4,70,u,Bozeman soprano midpoint,0.204,above,G#3,14,inside,7,-8,none,not assessed,short,leap-down,-5,no,19,middle,no,no,no,
Sunless 03,17,35,4.667,C5,72,i,Bozeman soprano midpoint,0.204,above,G3,17.5,inside,9,-6,none,not assessed,short,step,2,no,19,middle,no,no,no,
Sunless 03,17,36,1,F5,77,ɛ,Bozeman soprano midpoint,0.204,above,D#4,14.5,inside,14,-1,none,not assessed,short,leap-up,5,no,19,middle,no,yes,no,
Sunless 03,17,36,1.167,E5,76,ɛ,Bozeman soprano midpoint,0.204,above,D#4,13.5,inside,13,-2,none,not assessed,short,step,-1,no,19,middle,no,no,no,
Sunless 03,17,36,1.333,F5,77,ʌ,derived from Bozeman soprano,0.204,above,E4,12.5,inside,14,-1,none,not assessed,short,step,1,no,19,middle,no,yes,no,
Sunless 03,17,36,1.5,D5,74,ɑ,Bozeman soprano midpoint,0.204,close,E4,9.5,inside,11,-4,none,not assessed,short,leap-down,-3,no,19,middle,no,no,no,
Sunless 03,17,36,1.667,E5,76,ɑ,Bozeman soprano midpoint,0.204,crossing,E4,11.5,inside,13,-2,none,not assessed,short,step,2,no,19,middle,no,no,no,crossing
Sunless 03,17,36,1.833,C5,72,ɑ,Bozeman soprano midpoint,0.204,close,E4,7.5,inside,9,-6,none,not assessed,short,leap-down,-4,no,19,middle,no,no,no,
Sunless 03,17,36,2,D#5,75,e,Bozeman soprano midpoint,0.408,above,D4,13.5,inside,12,-3,none,not assessed,short,leap-up,3,no,19,middle,no,no,no,
Sunless 03,17,36,2.333,C#5,73,ɑ,Bozeman soprano midpoint,0.204,close,E4,8.5,inside,10,-5,none,not assessed,short,step,-2,no,19,middle,no,no,no,
Sunless 03,17,36,2.5,B4,71,o,Bozeman soprano midpoint,0.204,close,D4,9.5,inside,8,-7,none,not assessed,short,step,-2,no,19,last,no,no,no,
Sunless 03,17,36,2.833,F5,77,u,Bozeman soprano midpoint,0.204,above,G#3,21,inside,14,-1,none,not assessed,short,leap-up,6,yes,20,first,no,yes,no,
Sunless 03,17,36,3,A5,81,u,Bozeman soprano midpoint,0.204,above,G#3,25,above secondo,18,3,none,not assessed,short,leap-up,4,no,20,middle,yes,no,no,highest of phrase
Sunless 03,17,36,3.167,G5,79,u,Bozeman soprano midpoint,0.204,above,G#3,23,above secondo,16,1,none,not assessed,short,step,-2,no,20,middle,no,yes,no,
Sunless 03,17,36,3.333,F5,77,u,Bozeman soprano midpoint,0.204,above,G#3,21,inside,14,-1,none,not assessed,short,step,-2,no,20,middle,no,yes,no,
Sunless 03,17,36,3.5,E5,76,ɑ,Bozeman soprano midpoint,0.204,crossing,E4,11.5,inside,13,-2,none,not assessed,short,step,-1,no,20,middle,no,no,no,crossing
Sunless 03,17,36,3.667,F5,77,ɑ,Bozeman soprano midpoint,0.204,above,E4,12.5,inside,14,-1,none,not assessed,short,step,1,no,20,middle,no,yes,no,
Sunless 03,17,36,3.833,C5,72,i,Bozeman soprano midpoint,0.204,above,G3,17.5,inside,9,-6,none,not assessed,short,leap-down,-5,no,20,middle,no,no,no,
Sunless 03,17,37,1,D#5,75,ɛ,Bozeman soprano midpoint,0.204,crossing,D#4,12.5,inside,12,-3,none,not assessed,short,leap-up,3,no,20,last,no,no,no,crossing
Sunless 03,17,37,1.667,A#4,70,ɪ,derived from Bozeman soprano,0.204,close,D4,7.96,inside,7,-8,none,not assessed,short,leap-down,-5,yes,21,first,no,no,no,
Sunless 03,17,37,2,C#5,73,o,Bozeman soprano midpoint,0.204,close,D4,11.5,inside,10,-5,none,not assessed,short,leap-up,3,no,21,middle,yes,no,no,highest of phrase
Sunless 03,17,37,2.333,C5,72,ʌ,derived from Bozeman soprano,0.204,close,E4,7.5,inside,9,-6,none,not assessed,short,step,-1,no,21,last,no,no,no,
Sunless 03,17,37,3.5,F4,65,i,Bozeman soprano midpoint,0.306,close,G3,10.5,inside,2,-13,none,not assessed,short,leap-down,-7,yes,22,first,no,no,no,
Sunless 03,17,37,4,F4,65,ɛ,Bozeman soprano midpoint,0.306,close,D#4,2.5,inside,2,-13,none,not assessed,short,repeated,0,no,22,middle,no,no,no,
Sunless 03,17,37,4.5,F4,65,ɪ,derived from Bozeman soprano,0.306,close,D4,2.96,inside,2,-13,none,not assessed,short,repeated,0,no,22,middle,no,no,no,
Sunless 03,17,38,1,G#4,68,i,Bozeman soprano midpoint,0.612,above,G3,13.5,inside,5,-10,none,not assessed,short,leap-up,3,no,22,middle,yes,no,no,highest of phrase
Sunless 03,17,38,2,F4,65,ʌ,derived from Bozeman soprano,0.306,close,E4,0.5,inside,2,-13,none,not assessed,short,leap-down,-3,no,22,last,no,no,no,turning pitch 0 to 2 st below
Sunless 03,17,38,3,F5,77,ɑ,Bozeman soprano midpoint,0.918,above,E4,12.5,inside,14,-1,none,not assessed,short,leap-up,12,yes,23,first,yes,yes,yes,highest of phrase
Sunless 03,17,38,4.5,D5,74,ɑ,Bozeman soprano midpoint,0.306,close,E4,9.5,inside,11,-4,none,not assessed,short,leap-down,-3,no,23,middle,no,no,no,
Sunless 03,17,39,1,C5,72,o,Bozeman soprano midpoint,0.612,close,D4,10.5,inside,9,-6,none,not assessed,short,step,-2,no,23,middle,no,no,no,
Sunless 03,17,39,2,A#4,70,ʌ,derived from Bozeman soprano,0.306,close,E4,5.5,inside,7,-8,none,not assessed,short,step,-2,no,23,last,no,no,no,
Sunless 03,17,39,4.5,F4,65,i,Bozeman soprano midpoint,0.306,close,G3,10.5,inside,2,-13,none,not assessed,short,leap-down,-5,yes,24,first,no,no,no,
Sunless 03,17,40,1,C5,72,ɛ,Bozeman soprano midpoint,0.918,close,D#4,9.5,inside,9,-6,none,not assessed,short,leap-up,7,no,24,middle,no,no,no,
Sunless 03,17,40,2.5,F5,77,ɑ,Bozeman soprano midpoint,0.306,above,E4,12.5,inside,14,-1,none,not assessed,short,leap-up,5,no,24,middle,yes,yes,yes,highest of phrase
Sunless 03,17,40,3,C#5,73,o,Bozeman soprano midpoint,0.459,close,D4,11.5,inside,10,-5,none,not assessed,short,leap-down,-4,no,24,middle,no,no,no,
Sunless 03,17,40,3.75,C#5,73,ɑ,Bozeman soprano midpoint,0.153,close,E4,8.5,inside,10,-5,none,not assessed,short,repeated,0,no,24,middle,no,no,no,
Sunless 03,17,40,4,C5,72,i,Bozeman soprano midpoint,0.306,above,G3,17.5,inside,9,-6,none,not assessed,short,step,-1,no,24,middle,no,no,no,
Sunless 03,17,40,4.5,E5,76,ʌ,derived from Bozeman soprano,0.306,crossing,E4,11.5,inside,13,-2,none,not assessed,short,leap-up,4,no,24,middle,no,no,no,crossing
Sunless 03,17,41,1,A4,69,o,Bozeman soprano midpoint,0.612,close,D4,7.5,inside,6,-9,none,not assessed,short,leap-down,-7,no,24,middle,no,no,no,
Sunless 03,17,41,2,A4,69,o,Bozeman soprano midpoint,0.306,close,D4,7.5,inside,6,-9,none,not assessed,short,tie,0,no,24,last,no,no,no,
Sunless 04,16,2,2.5,A#4,70,u,Bozeman soprano midpoint,0.395,above,G#3,14,inside,7,-8,none,not assessed,short,first note,,,0,first,yes,no,no,highest of phrase
Sunless 04,16,2,3,G#4,68,a,derived from Bozeman soprano,0.789,close,G4,1.08,inside,5,-10,none,not assessed,short,step,-2,no,0,middle,no,no,no,turning pitch 0 to 2 st below
Sunless 04,16,2,4,G#4,68,a,derived from Bozeman soprano,0.395,close,G4,1.08,inside,5,-10,none,not assessed,short,tie,0,no,0,last,no,no,no,turning pitch 0 to 2 st below
Sunless 04,16,3,1.5,A#4,70,ɨ,derived from Bozeman soprano,0.395,close,C4,10.11,inside,7,-8,none,not assessed,short,step,2,yes,1,first,no,no,no,
Sunless 04,16,3,2,A#4,70,ʌ,derived from Bozeman soprano,0.395,close,E4,5.5,inside,7,-8,none,not assessed,short,repeated,0,no,1,middle,no,no,no,
Sunless 04,16,3,2.5,A#4,70,ɑ,Bozeman soprano midpoint,0.395,close,E4,5.5,inside,7,-8,none,not assessed,short,repeated,0,no,1,middle,no,no,no,
Sunless 04,16,3,3,B4,71,ɑ,Bozeman soprano midpoint,1.184,close,E4,6.5,inside,8,-7,none,not assessed,short,step,1,no,1,middle,yes,no,no,highest of phrase
Sunless 04,16,3,4.5,B4,71,ɪ,derived from Bozeman soprano,0.395,close,D4,8.96,inside,8,-7,none,not assessed,short,repeated,0,no,1,middle,yes,no,no,highest of phrase
Sunless 04,16,4,1,A#4,70,u,Bozeman soprano midpoint,0.789,above,G#3,14,inside,7,-8,none,not assessed,short,step,-1,no,1,middle,no,no,no,
Sunless 04,16,4,2,A#4,70,i,Bozeman soprano midpoint,0.395,above,G3,15.5,inside,7,-8,none,not assessed,short,repeated,0,no,1,last,no,no,no,
Sunless 04,16,4,4,A#4,70,ɪ,derived from Bozeman soprano,0.789,close,D4,7.96,inside,7,-8,none,not assessed,short,repeated,0,yes,2,first,no,no,no,
Sunless 04,16,5,1,C5,72,u,Bozeman soprano midpoint,1.184,above,G#3,16,inside,9,-6,none,not assessed,short,step,2,no,2,middle,no,no,no,
Sunless 04,16,5,2.5,G5,79,i,Bozeman soprano midpoint,0.395,above,G3,24.5,above secondo,16,1,none,not assessed,short,leap-up,7,no,2,middle,yes,yes,yes,highest of phrase
Sunless 04,16,5,3,F5,77,u,Bozeman soprano midpoint,0.395,above,G#3,21,inside,14,-1,none,not assessed,short,step,-2,no,2,middle,no,yes,no,
Sunless 04,16,5,3.5,C5,72,ɑ,Bozeman soprano midpoint,0.395,close,E4,7.5,inside,9,-6,none,not assessed,short,leap-down,-5,no,2,middle,no,no,no,
Sunless 04,16,5,4,F5,77,ɑ,Bozeman soprano midpoint,0.395,above,E4,12.5,inside,14,-1,none,not assessed,short,leap-up,5,no,2,middle,no,yes,no,
Sunless 04,16,5,4.5,D#5,75,ɨ,derived from Bozeman soprano,0.395,above,C4,15.11,inside,12,-3,none,not assessed,short,step,-2,no,2,middle,no,no,no,
Sunless 04,16,6,1,D5,74,ɛ,Bozeman soprano midpoint,0.395,close,D#4,11.5,inside,11,-4,none,not assessed,short,step,-1,no,2,last,no,no,no,
Sunless 04,16,6,2,D5,74,ɑ,Bozeman soprano midpoint,0.789,close,E4,9.5,inside,11,-4,none,not assessed,short,repeated,0,yes,3,first,no,no,no,
Sunless 04,16,6,3,F#5,78,ɛ,Bozeman soprano midpoint,1.184,above,D#4,15.5,inside,15,0,none,not assessed,short,leap-up,4,no,3,middle,yes,yes,yes,highest of phrase
Sunless 04,16,6,4.5,F#5,78,ɑ,Bozeman soprano midpoint,0.395,above,E4,13.5,inside,15,0,none,not assessed,short,repeated,0,no,3,middle,yes,yes,yes,highest of phrase
Sunless 04,16,7,1,D#5,75,ɑ,Bozeman soprano midpoint,0.395,close,E4,10.5,inside,12,-3,none,not assessed,short,leap-down,-3,no,3,middle,no,no,no,
Sunless 04,16,7,1.5,A#4,70,ɑ,Bozeman soprano midpoint,0.395,close,E4,5.5,inside,7,-8,none,not assessed,short,leap-down,-5,no,3,middle,no,no,no,
Sunless 04,16,7,2,D#5,75,ɪ,derived from Bozeman soprano,0.395,above,D4,12.96,inside,12,-3,none,not assessed,short,leap-up,5,no,3,middle,no,no,no,
Sunless 04,16,7,2.5,F5,77,ɑ,Bozeman soprano midpoint,0.395,above,E4,12.5,inside,14,-1,none,not assessed,short,step,2,no,3,middle,no,yes,no,
Sunless 04,16,7,3,C#5,73,u,Bozeman soprano midpoint,0.789,above,G#3,17,inside,10,-5,none,not assessed,short,leap-down,-4,no,3,middle,no,no,no,
Sunless 04,16,7,4,A#4,70,i,Bozeman soprano midpoint,0.789,above,G3,15.5,inside,7,-8,none,not assessed,short,leap-down,-3,no,3,last,no,no,no,
Sunless 04,16,8,1.5,A#4,70,ɑ,Bozeman soprano midpoint,0.395,close,E4,5.5,inside,7,-8,none,not assessed,short,repeated,0,yes,4,first,no,no,no,
Sunless 04,16,8,2,C#5,73,ɪ,derived from Bozeman soprano,0.395,close,D4,10.96,inside,10,-5,none,not assessed,short,leap-up,3,no,4,middle,no,no,no,
Sunless 04,16,8,2.5,A#4,70,ɑ,Bozeman soprano midpoint,0.395,close,E4,5.5,inside,7,-8,none,not assessed,short,leap-down,-3,no,4,middle,no,no,no,
Sunless 04,16,8,3,D#5,75,e,Bozeman soprano midpoint,0.789,above,D4,13.5,inside,12,-3,none,not assessed,short,leap-up,5,no,4,middle,no,no,no,
Sunless 04,16,8,4,B4,71,ɑ,Bozeman soprano midpoint,0.789,close,E4,6.5,inside,8,-7,none,not assessed,short,leap-down,-4,no,4,middle,no,no,no,
Sunless 04,16,9,1,F5,77,ɛ,Bozeman soprano midpoint,1.184,above,D#4,14.5,inside,14,-1,none,not assessed,short,leap-up,6,no,4,middle,yes,yes,yes,highest of phrase
Sunless 04,16,9,2.5,F5,77,ɑ,Bozeman soprano midpoint,0.395,above,E4,12.5,inside,14,-1,none,not assessed,short,repeated,0,no,4,middle,yes,yes,yes,highest of phrase
Sunless 04,16,9,3,D5,74,ɛ,Bozeman soprano midpoint,0.789,close,D#4,11.5,inside,11,-4,none,not assessed,short,leap-down,-3,no,4,last,no,no,no,
Sunless 04,16,11,2.5,A#4,70,u,Bozeman soprano midpoint,0.395,above,G#3,14,inside,7,-8,none,not assessed,short,leap-down,-4,yes,5,first,yes,no,no,highest of phrase
Sunless 04,16,11,3,G#4,68,a,derived from Bozeman soprano,0.789,close,G4,1.08,inside,5,-10,none,not assessed,short,step,-2,no,5,last,no,no,no,turning pitch 0 to 2 st below
Sunless 04,16,11,4.5,A#4,70,u,Bozeman soprano midpoint,0.395,above,G#3,14,inside,7,-8,none,not assessed,short,step,2,yes,6,first,no,no,no,
Sunless 04,16,12,1,A#4,70,a,derived from Bozeman soprano,1.184,close,G4,3.08,inside,7,-8,none,not assessed,short,repeated,0,no,6,middle,no,no,no,
Sunless 04,16,12,2.5,A#4,70,ɑ,Bozeman soprano midpoint,0.395,close,E4,5.5,inside,7,-8,none,not assessed,short,repeated,0,no,6,middle,no,no,no,
Sunless 04,16,12,3,C5,72,ɑ,Bozeman soprano midpoint,0.789,close,E4,7.5,inside,9,-6,none,not assessed,short,step,2,no,6,middle,no,no,no,
Sunless 04,16,12,4,A#4,70,u,Bozeman soprano midpoint,0.395,above,G#3,14,inside,7,-8,none,not assessed,short,step,-2,no,6,middle,no,no,no,
Sunless 04,16,12,4.5,C5,72,u,Bozeman soprano midpoint,0.395,above,G#3,16,inside,9,-6,none,not assessed,short,step,2,no,6,middle,no,no,no,
Sunless 04,16,13,1,A#4,70,i,Bozeman soprano midpoint,0.789,above,G3,15.5,inside,7,-8,none,not assessed,short,step,-2,no,6,middle,no,no,no,
Sunless 04,16,13,2,C5,72,i,Bozeman soprano midpoint,0.395,above,G3,17.5,inside,9,-6,none,not assessed,short,step,2,no,6,middle,no,no,no,
Sunless 04,16,13,2.5,A#4,70,i,Bozeman soprano midpoint,0.395,above,G3,15.5,inside,7,-8,none,not assessed,short,step,-2,no,6,middle,no,no,no,
Sunless 04,16,13,3,F4,65,ɑ,Bozeman soprano midpoint,0.789,close,E4,0.5,inside,2,-13,none,not assessed,short,leap-down,-5,no,6,middle,no,no,no,turning pitch 0 to 2 st below
Sunless 04,16,13,4,F4,65,ɑ,Bozeman soprano midpoint,0.395,close,E4,0.5,inside,2,-13,none,not assessed,short,repeated,0,no,6,middle,no,no,no,turning pitch 0 to 2 st below
Sunless 04,16,13,4.5,B4,71,i,Bozeman soprano midpoint,0.395,above,G3,16.5,inside,8,-7,none,not assessed,short,leap-up,6,no,6,middle,no,no,no,
Sunless 04,16,14,1,A#4,70,ɨ,derived from Bozeman soprano,0.789,close,C4,10.11,inside,7,-8,none,not assessed,short,step,-1,no,6,middle,no,no,no,
Sunless 04,16,14,2,A#4,70,ɪ,derived from Bozeman soprano,0.789,close,D4,7.96,inside,7,-8,none,not assessed,short,repeated,0,no,6,middle,no,no,no,
Sunless 04,16,14,3,C5,72,e,Bozeman soprano midpoint,0.789,close,D4,10.5,inside,9,-6,none,not assessed,short,step,2,no,6,middle,no,no,no,
Sunless 04,16,14,4,A#4,70,ʌ,derived from Bozeman soprano,0.395,close,E4,5.5,inside,7,-8,none,not assessed,short,step,-2,no,6,middle,no,no,no,
Sunless 04,16,14,4.5,C5,72,ʌ,derived from Bozeman soprano,0.395,close,E4,7.5,inside,9,-6,none,not assessed,short,step,2,no,6,middle,no,no,no,
Sunless 04,16,15,1,A#4,70,u,Bozeman soprano midpoint,1.184,above,G#3,14,inside,7,-8,none,not assessed,short,step,-2,no,6,middle,no,no,no,
Sunless 04,16,15,2.5,G4,67,o,Bozeman soprano midpoint,0.395,close,D4,5.5,inside,4,-11,none,not assessed,short,leap-down,-3,no,6,middle,no,no,no,
Sunless 04,16,15,3,D5,74,ɨ,derived from Bozeman soprano,0.395,above,C4,14.11,inside,11,-4,none,not assessed,short,leap-up,7,no,6,last,yes,no,no,highest of phrase
Sunless 04,16,15,4.5,A#4,70,i,Bozeman soprano midpoint,0.395,above,G3,15.5,inside,7,-8,none,not assessed,short,leap-down,-4,yes,7,first,no,no,no,
Sunless 04,16,16,1,E5,76,ɛ,Bozeman soprano midpoint,0.789,above,D#4,13.5,inside,13,-2,none,not assessed,short,leap-up,6,no,7,middle,no,no,no,
Sunless 04,16,16,2,D#5,75,ʌ,derived from Bozeman soprano,0.395,close,E4,10.5,inside,12,-3,none,not assessed,short,step,-1,no,7,middle,no,no,no,
Sunless 04,16,16,2.5,E5,76,ʌ,derived from Bozeman soprano,0.395,crossing,E4,11.5,inside,13,-2,none,not assessed,short,step,1,no,7,middle,no,no,no,crossing
Sunless 04,16,16,3,G#4,68,ɨ,derived from Bozeman soprano,0.789,close,C4,8.11,inside,5,-10,none,not assessed,short,leap-down,-8,no,7,middle,no,no,no,
Sunless 04,16,16,4,A#4,70,ɨ,derived from Bozeman soprano,0.395,close,C4,10.11,inside,7,-8,none,not assessed,short,step,2,no,7,middle,no,no,no,
Sunless 04,16,16,4.5,B4,71,ɨ,derived from Bozeman soprano,0.395,close,C4,11.11,inside,8,-7,none,not assessed,short,step,1,no,7,middle,no,no,no,
Sunless 04,16,17,1,E5,76,ʌ,derived from Bozeman soprano,0.789,crossing,E4,11.5,inside,13,-2,none,not assessed,short,leap-up,5,no,7,middle,no,no,no,crossing
Sunless 04,16,17,2,D#5,75,i,Bozeman soprano midpoint,0.395,above,G3,20.5,inside,12,-3,none,not assessed,short,step,-1,no,7,middle,no,no,no,
Sunless 04,16,17,2.5,E5,76,i,Bozeman soprano midpoint,0.395,above,G3,21.5,inside,13,-2,none,not assessed,short,step,1,no,7,middle,no,no,no,
Sunless 04,16,17,3,G#4,68,ɑ,Bozeman soprano midpoint,0.789,close,E4,3.5,inside,5,-10,none,not assessed,short,leap-down,-8,no,7,middle,no,no,no,
Sunless 04,16,17,4,A#4,70,ɑ,Bozeman soprano midpoint,0.395,close,E4,5.5,inside,7,-8,none,not assessed,short,step,2,no,7,middle,no,no,no,
Sunless 04,16,17,4.5,B4,71,ɑ,Bozeman soprano midpoint,0.395,close,E4,6.5,inside,8,-7,none,not assessed,short,step,1,no,7,middle,no,no,no,
Sunless 04,16,18,1,A#4,70,ɑ,Bozeman soprano midpoint,1.184,close,E4,5.5,inside,7,-8,none,not assessed,short,step,-1,no,7,middle,no,no,no,
Sunless 04,16,18,2.5,G4,67,u,Bozeman soprano midpoint,0.395,close,G#3,11,inside,4,-11,none,not assessed,short,leap-down,-3,no,7,middle,no,no,no,
Sunless 04,16,18,3,D5,74,ɛ,Bozeman soprano midpoint,0.789,close,D#4,11.5,inside,11,-4,none,not assessed,short,leap-up,7,no,7,middle,no,no,no,
Sunless 04,16,18,4,D#5,75,ɛ,Bozeman soprano midpoint,0.395,crossing,D#4,12.5,inside,12,-3,none,not assessed,short,step,1,no,7,middle,no,no,no,crossing
Sunless 04,16,18,4.5,F5,77,ɪ,derived from Bozeman soprano,0.395,above,D4,14.96,inside,14,-1,none,not assessed,short,step,2,no,7,middle,yes,yes,yes,highest of phrase
Sunless 04,16,19,1,A#4,70,ʌ,derived from Bozeman soprano,0.789,close,E4,5.5,inside,7,-8,none,not assessed,short,leap-down,-7,no,7,middle,no,no,no,
Sunless 04,16,19,2,F5,77,i,Bozeman soprano midpoint,0.789,above,G3,22.5,inside,14,-1,none,not assessed,short,leap-up,7,no,7,middle,yes,yes,yes,highest of phrase
Sunless 04,16,19,3,D5,74,ɨ,derived from Bozeman soprano,0.395,above,C4,14.11,inside,11,-4,none,not assessed,short,leap-down,-3,no,7,last,no,no,no,
Sunless 04,16,20,4,B4,71,u,Bozeman soprano midpoint,0.789,above,G#3,15,inside,8,-7,none,not assessed,short,leap-down,-3,yes,8,first,yes,no,no,highest of phrase
Sunless 04,16,21,1,A#4,70,a,derived from Bozeman soprano,0.789,close,G4,3.08,inside,7,-8,none,not assessed,short,step,-1,no,8,last,no,no,no,
Sunless 04,16,21,2.5,A#4,70,ɑ,Bozeman soprano midpoint,0.395,close,E4,5.5,inside,7,-8,none,not assessed,short,repeated,0,yes,9,first,no,no,no,
Sunless 04,16,21,3,B4,71,e,Bozeman soprano midpoint,0.395,close,D4,9.5,inside,8,-7,none,not assessed,short,step,1,no,9,middle,no,no,no,
Sunless 04,16,21,3.5,A#4,70,ɑ,Bozeman soprano midpoint,0.395,close,E4,5.5,inside,7,-8,none,not assessed,short,step,-1,no,9,middle,no,no,no,
Sunless 04,16,21,4,G#4,68,ʌ,derived from Bozeman soprano,0.395,close,E4,3.5,inside,5,-10,none,not assessed,short,step,-2,no,9,middle,no,no,no,
Sunless 04,16,21,4.5,B4,71,ɑ,Bozeman soprano midpoint,0.395,close,E4,6.5,inside,8,-7,none,not assessed,short,leap-up,3,no,9,middle,no,no,no,
Sunless 04,16,22,1,C#5,73,i,Bozeman soprano midpoint,0.789,above,G3,18.5,inside,10,-5,none,not assessed,short,step,2,no,9,middle,no,no,no,
Sunless 04,16,22,2,A#4,70,ɨ,derived from Bozeman soprano,0.395,close,C4,10.11,inside,7,-8,none,not assessed,short,leap-down,-3,no,9,middle,no,no,no,
Sunless 04,16,22,2.5,C#5,73,ɑ,Bozeman soprano midpoint,0.395,close,E4,8.5,inside,10,-5,none,not assessed,short,leap-up,3,no,9,middle,no,no,no,
Sunless 04,16,23,1,E5,76,ɑ,Bozeman soprano midpoint,1.184,crossing,E4,11.5,inside,13,-2,none,not assessed,short,leap-up,3,no,9,middle,yes,no,no,highest of phrase; crossing
Sunless 04,16,23,2.5,C#5,73,ɛ,Bozeman soprano midpoint,0.395,close,D#4,10.5,inside,10,-5,none,not assessed,short,leap-down,-3,no,9,middle,no,no,no,
Sunless 04,16,23,3,D#5,75,u,Bozeman soprano midpoint,0.395,above,G#3,19,inside,12,-3,none,not assessed,short,step,2,no,9,middle,no,no,no,
Sunless 04,16,23,3.5,A#4,70,ɑ,Bozeman soprano midpoint,0.395,close,E4,5.5,inside,7,-8,none,not assessed,short,leap-down,-5,no,9,middle,no,no,no,
Sunless 04,16,23,4,B4,71,e,Bozeman soprano midpoint,0.395,close,D4,9.5,inside,8,-7,none,not assessed,short,step,1,no,9,middle,no,no,no,
Sunless 04,16,23,4.5,C#5,73,ɑ,Bozeman soprano midpoint,0.395,close,E4,8.5,inside,10,-5,none,not assessed,short,step,2,no,9,middle,no,no,no,
Sunless 04,16,24,1,D#5,75,o,Bozeman soprano midpoint,0.395,above,D4,13.5,inside,12,-3,none,not assessed,short,step,2,no,9,last,no,no,no,
Sunless 04,16,24,2,G#4,68,ɑ,Bozeman soprano midpoint,0.789,close,E4,3.5,inside,5,-10,none,not assessed,short,leap-down,-7,yes,10,first,no,no,no,
Sunless 04,16,24,3,D#5,75,ɑ,Bozeman soprano midpoint,1.184,close,E4,10.5,inside,12,-3,none,not assessed,short,leap-up,7,no,10,middle,yes,no,no,highest of phrase
Sunless 04,16,24,4.5,D5,74,ɪ,derived from Bozeman soprano,0.395,crossing,D4,11.96,inside,11,-4,none,not assessed,short,step,-1,no,10,middle,no,no,no,crossing
Sunless 04,16,25,1,B4,71,ɨ,derived from Bozeman soprano,0.395,close,C4,11.11,inside,8,-7,none,not assessed,short,leap-down,-3,no,10,middle,no,no,no,
Sunless 04,16,25,1.5,D5,74,i,Bozeman soprano midpoint,0.395,above,G3,19.5,inside,11,-4,none,not assessed,short,leap-up,3,no,10,middle,no,no,no,
Sunless 04,16,25,2,A#4,70,ɑ,Bozeman soprano midpoint,0.395,close,E4,5.5,inside,7,-8,none,not assessed,short,leap-down,-4,no,10,middle,no,no,no,
Sunless 04,16,25,2.5,G#4,68,i,Bozeman soprano midpoint,0.395,above,G3,13.5,inside,5,-10,none,not assessed,short,step,-2,no,10,middle,no,no,no,
Sunless 04,16,25,3,B4,71,i,Bozeman soprano midpoint,0.789,above,G3,16.5,inside,8,-7,none,not assessed,short,leap-up,3,no,10,middle,no,no,no,
Sunless 04,16,25,4,G#4,68,ɨ,derived from Bozeman soprano,0.395,close,C4,8.11,inside,5,-10,none,not assessed,short,leap-down,-3,no,10,last,no,no,no,
Sunless 04,16,26,1.5,G#4,68,ɑ,Bozeman soprano midpoint,0.395,close,E4,3.5,inside,5,-10,none,not assessed,short,repeated,0,yes,11,first,no,no,no,
Sunless 04,16,26,2,C#5,73,o,Bozeman soprano midpoint,0.395,close,D4,11.5,inside,10,-5,none,not assessed,short,leap-up,5,no,11,middle,no,no,no,
Sunless 04,16,26,2.5,D#5,75,u,Bozeman soprano midpoint,0.395,above,G#3,19,inside,12,-3,none,not assessed,short,step,2,no,11,middle,no,no,no,
Sunless 04,16,26,3,E5,76,o,Bozeman soprano midpoint,0.789,above,D4,14.5,inside,13,-2,none,not assessed,short,step,1,no,11,last,yes,no,no,highest of phrase
Sunless 04,16,27,2,A#4,70,i,Bozeman soprano midpoint,0.789,above,G3,15.5,inside,7,-8,none,not assessed,short,leap-down,-6,yes,12,first,no,no,no,
Sunless 04,16,27,3,D#5,75,o,Bozeman soprano midpoint,0.592,above,D4,13.5,inside,12,-3,none,not assessed,short,leap-up,5,no,12,middle,yes,no,no,highest of phrase
Sunless 04,16,27,3.75,G4,67,ɑ,Bozeman soprano midpoint,0.197,close,E4,2.5,inside,4,-11,none,not assessed,short,leap-down,-8,no,12,middle,no,no,no,
Sunless 04,16,27,4,G4,67,o,Bozeman soprano midpoint,0.395,close,D4,5.5,inside,4,-11,none,not assessed,short,repeated,0,no,12,last,no,no,no,
Sunless 04,16,28,4,A#4,70,i,Bozeman soprano midpoint,0.789,above,G3,15.5,inside,7,-8,none,not assessed,short,leap-up,3,yes,13,first,yes,no,no,highest of phrase
Sunless 04,16,29,1,A#4,70,o,Bozeman soprano midpoint,0.592,close,D4,8.5,inside,7,-8,none,not assessed,short,repeated,0,no,13,middle,yes,no,no,highest of phrase
Sunless 04,16,29,1.75,D#4,63,ɑ,Bozeman soprano midpoint,0.197,open,E4,-1.5,inside,0,-15,none,not assessed,short,leap-down,-7,no,13,middle,no,yes,no,
Sunless 04,16,29,2,D#4,63,o,Bozeman soprano midpoint,0.395,close,D4,1.5,inside,0,-15,none,not assessed,short,repeated,0,no,13,last,no,yes,yes,turning pitch 0 to 2 st below
Sunless 05,16,1,4.333,G4,67,u,Bozeman soprano midpoint,0.37,close,G#3,11,inside,4,-11,none,not assessed,short,first note,,,0,first,yes,no,no,highest of phrase
Sunless 05,16,2,1,F#4,66,ɑ,Bozeman soprano midpoint,0.556,close,E4,1.5,inside,3,-12,none,not assessed,short,step,-1,no,0,middle,no,no,no,turning pitch 0 to 2 st below
Sunless 05,16,2,2,F#4,66,ɪ,derived from Bozeman soprano,0.278,close,D4,3.96,inside,3,-12,none,not assessed,short,repeated,0,no,0,last,no,no,no,
Sunless 05,16,2,3,F#4,66,ɛ,Bozeman soprano midpoint,0.833,close,D#4,3.5,inside,3,-12,none,not assessed,short,repeated,0,yes,1,first,no,no,no,
Sunless 05,16,2,4.5,F#4,66,ɪ,derived from Bozeman soprano,0.278,close,D4,3.96,inside,3,-12,none,not assessed,short,repeated,0,no,1,middle,no,no,no,
Sunless 05,16,3,1,G#4,68,o,Bozeman soprano midpoint,0.556,close,D4,6.5,inside,5,-10,none,not assessed,short,step,2,no,1,middle,yes,no,no,highest of phrase
Sunless 05,16,3,2,G#4,68,o,Bozeman soprano midpoint,0.278,close,D4,6.5,inside,5,-10,none,not assessed,short,tie,0,no,1,last,yes,no,no,highest of phrase
Sunless 05,16,3,4.5,G#4,68,ɪ,derived from Bozeman soprano,0.278,close,D4,5.96,inside,5,-10,none,not assessed,short,repeated,0,yes,2,first,no,no,no,
Sunless 05,16,4,1,G#4,68,o,Bozeman soprano midpoint,0.417,close,D4,6.5,inside,5,-10,none,not assessed,short,repeated,0,no,2,middle,no,no,no,
Sunless 05,16,4,1.75,C5,72,ɑ,Bozeman soprano midpoint,0.139,close,E4,7.5,inside,9,-6,none,not assessed,short,leap-up,4,no,2,middle,no,no,no,
Sunless 05,16,4,2,G4,67,ɑ,Bozeman soprano midpoint,0.278,close,E4,2.5,inside,4,-11,none,not assessed,short,leap-down,-5,no,2,middle,no,no,no,
Sunless 05,16,4,2.5,G#4,68,ɪ,derived from Bozeman soprano,0.278,close,D4,5.96,inside,5,-10,none,not assessed,short,step,1,no,2,middle,no,no,no,
Sunless 05,16,4,3,A4,69,ɑ,Bozeman soprano midpoint,0.833,close,E4,4.5,inside,6,-9,none,not assessed,short,step,1,no,2,middle,no,no,no,
Sunless 05,16,4,4.5,A4,69,o,Bozeman soprano midpoint,0.278,close,D4,7.5,inside,6,-9,none,not assessed,short,repeated,0,no,2,middle,no,no,no,
Sunless 05,16,5,1,A#4,70,ɨ,derived from Bozeman soprano,0.278,close,C4,10.11,inside,7,-8,none,not assessed,short,step,1,no,2,middle,no,no,no,
Sunless 05,16,5,1.5,A#4,70,u,Bozeman soprano midpoint,0.278,above,G#3,14,inside,7,-8,none,not assessed,short,repeated,0,no,2,middle,no,no,no,
Sunless 05,16,5,2,A4,69,ʌ,derived from Bozeman soprano,0.278,close,E4,4.5,inside,6,-9,none,not assessed,short,step,-1,no,2,middle,no,no,no,
Sunless 05,16,5,2.5,G4,67,ɑ,Bozeman soprano midpoint,0.278,close,E4,2.5,inside,4,-11,none,not assessed,short,step,-2,no,2,middle,no,no,no,
Sunless 05,16,5,3,A#4,70,o,Bozeman soprano midpoint,0.833,close,D4,8.5,inside,7,-8,none,not assessed,short,leap-up,3,no,2,middle,no,no,no,
Sunless 05,16,5,4.5,A#4,70,ɪ,derived from Bozeman soprano,0.278,close,D4,7.96,inside,7,-8,none,not assessed,short,repeated,0,no,2,middle,no,no,no,
Sunless 05,16,6,1,C5,72,ɑ,Bozeman soprano midpoint,0.833,close,E4,7.5,inside,9,-6,none,not assessed,short,step,2,no,2,middle,no,no,no,
Sunless 05,16,6,2.5,C5,72,ɪ,derived from Bozeman soprano,0.278,close,D4,9.96,inside,9,-6,none,not assessed,short,repeated,0,no,2,middle,no,no,no,
Sunless 05,16,6,3,C5,72,ʌ,derived from Bozeman soprano,0.556,close,E4,7.5,inside,9,-6,none,not assessed,short,repeated,0,no,2,middle,no,no,no,
Sunless 05,16,6,4,C5,72,i,Bozeman soprano midpoint,0.556,above,G3,17.5,inside,9,-6,none,not assessed,short,repeated,0,no,2,middle,no,no,no,
Sunless 05,16,7,1,C#5,73,o,Bozeman soprano midpoint,1.111,close,D4,11.5,inside,10,-5,none,not assessed,short,step,1,no,2,middle,yes,no,no,highest of phrase
Sunless 05,16,7,3,A#4,70,ʌ,derived from Bozeman soprano,0.556,close,E4,5.5,inside,7,-8,none,not assessed,short,leap-down,-3,no,2,last,no,no,no,
Sunless 05,16,7,4.5,F4,65,i,Bozeman soprano midpoint,0.278,close,G3,10.5,inside,2,-13,none,not assessed,short,leap-down,-5,yes,3,first,no,no,no,
Sunless 05,16,8,1,A4,69,ɑ,Bozeman soprano midpoint,0.833,close,E4,4.5,inside,6,-9,none,not assessed,short,leap-up,4,no,3,middle,no,no,no,
Sunless 05,16,8,2.5,C5,72,u,Bozeman soprano midpoint,0.278,above,G#3,16,inside,9,-6,none,not assessed,short,leap-up,3,no,3,middle,no,no,no,
Sunless 05,16,8,3,B4,71,ɪ,derived from Bozeman soprano,0.417,close,D4,8.96,inside,8,-7,none,not assessed,short,step,-1,no,3,middle,no,no,no,
Sunless 05,16,8,3.75,B4,71,ɑ,Bozeman soprano midpoint,0.139,close,E4,6.5,inside,8,-7,none,not assessed,short,repeated,0,no,3,middle,no,no,no,
Sunless 05,16,8,4,G#4,68,i,Bozeman soprano midpoint,0.278,above,G3,13.5,inside,5,-10,none,not assessed,short,leap-down,-3,no,3,middle,no,no,no,
Sunless 05,16,8,4.5,C#5,73,u,Bozeman soprano midpoint,0.278,above,G#3,17,inside,10,-5,none,not assessed,short,leap-up,5,no,3,middle,no,no,no,
Sunless 05,16,9,1,D#5,75,ɨ,derived from Bozeman soprano,0.417,above,C4,15.11,inside,12,-3,none,not assessed,short,step,2,no,3,middle,no,no,no,
Sunless 05,16,9,1.75,C5,72,ʌ,derived from Bozeman soprano,0.139,close,E4,7.5,inside,9,-6,none,not assessed,short,leap-down,-3,no,3,middle,no,no,no,
Sunless 05,16,9,2,C#5,73,i,Bozeman soprano midpoint,0.278,above,G3,18.5,inside,10,-5,none,not assessed,short,step,1,no,3,middle,no,no,no,
Sunless 05,16,9,2.5,D#5,75,ɑ,Bozeman soprano midpoint,0.278,close,E4,10.5,inside,12,-3,none,not assessed,short,step,2,no,3,middle,no,no,no,
Sunless 05,16,9,3,F5,77,o,Bozeman soprano midpoint,0.556,above,D4,15.5,inside,14,-1,none,not assessed,short,step,2,no,3,middle,yes,yes,yes,highest of phrase
Sunless 05,16,9,4,C#5,73,ʌ,derived from Bozeman soprano,0.185,close,E4,8.5,inside,10,-5,none,not assessed,short,leap-down,-4,no,3,last,no,no,no,
Sunless 05,16,9,4.667,C#5,73,ɑ,Bozeman soprano midpoint,0.185,close,E4,8.5,inside,10,-5,none,not assessed,short,repeated,0,yes,4,first,no,no,no,
Sunless 05,16,10,1,C5,72,e,Bozeman soprano midpoint,0.556,close,D4,10.5,inside,9,-6,none,not assessed,short,step,-1,no,4,middle,no,no,no,
Sunless 05,16,10,2,D#5,75,ɑ,Bozeman soprano midpoint,0.556,close,E4,10.5,inside,12,-3,none,not assessed,short,leap-up,3,no,4,middle,yes,no,no,highest of phrase
Sunless 05,16,10,3,C#5,73,u,Bozeman soprano midpoint,0.417,above,G#3,17,inside,10,-5,none,not assessed,short,step,-2,no,4,middle,no,no,no,
Sunless 05,16,10,3.75,C#5,73,i,Bozeman soprano midpoint,0.139,above,G3,18.5,inside,10,-5,none,not assessed,short,repeated,0,no,4,middle,no,no,no,
Sunless 05,16,10,4,G#4,68,ɪ,derived from Bozeman soprano,0.278,close,D4,5.96,inside,5,-10,none,not assessed,short,leap-down,-5,no,4,middle,no,no,no,
Sunless 05,16,10,4.5,F4,65,ɑ,Bozeman soprano midpoint,0.278,close,E4,0.5,inside,2,-13,none,not assessed,short,leap-down,-3,no,4,middle,no,no,no,turning pitch 0 to 2 st below
Sunless 05,16,11,1,C5,72,ɑ,Bozeman soprano midpoint,0.556,close,E4,7.5,inside,9,-6,none,not assessed,short,leap-up,7,no,4,middle,no,no,no,
Sunless 05,16,11,2,C5,72,ɑ,Bozeman soprano midpoint,0.278,close,E4,7.5,inside,9,-6,none,not assessed,short,tie,0,no,4,last,no,no,no,
Sunless 05,16,11,4.5,F5,77,ɑ,Bozeman soprano midpoint,0.278,above,E4,12.5,inside,14,-1,none,not assessed,short,leap-up,5,yes,5,first,no,yes,no,
Sunless 05,16,12,1,F#5,78,o,Bozeman soprano midpoint,0.278,above,D4,16.5,inside,15,0,none,not assessed,short,step,1,no,5,middle,yes,yes,yes,highest of phrase
Sunless 05,16,12,1.5,A#4,70,i,Bozeman soprano midpoint,0.278,above,G3,15.5,inside,7,-8,none,not assessed,short,leap-down,-8,no,5,middle,no,no,no,
Sunless 05,16,12,2,A4,69,ʌ,derived from Bozeman soprano,0.278,close,E4,4.5,inside,6,-9,none,not assessed,short,step,-1,no,5,middle,no,no,no,
Sunless 05,16,12,2.5,A#4,70,ɑ,Bozeman soprano midpoint,0.278,close,E4,5.5,inside,7,-8,none,not assessed,short,step,1,no,5,middle,no,no,no,
Sunless 05,16,12,3,D#5,75,ɑ,Bozeman soprano midpoint,0.556,close,E4,10.5,inside,12,-3,none,not assessed,short,leap-up,5,no,5,last,no,no,no,
Sunless 05,16,12,4.5,F5,77,i,Bozeman soprano midpoint,0.278,above,G3,22.5,inside,14,-1,none,not assessed,short,step,2,yes,6,first,no,yes,no,
Sunless 05,16,13,1,F#4,66,ɛ,Bozeman soprano midpoint,0.278,close,D#4,3.5,inside,3,-12,none,not assessed,short,leap-down,-11,no,6,middle,no,no,no,
Sunless 05,16,13,1.5,F4,65,i,Bozeman soprano midpoint,0.278,close,G3,10.5,inside,2,-13,none,not assessed,short,step,-1,no,6,middle,no,no,no,
Sunless 05,16,13,2,G#4,68,ɨ,derived from Bozeman soprano,0.278,close,C4,8.11,inside,5,-10,none,not assessed,short,leap-up,3,no,6,middle,no,no,no,
Sunless 05,16,13,2.5,F#4,66,ɪ,derived from Bozeman soprano,0.278,close,D4,3.96,inside,3,-12,none,not assessed,short,step,-2,no,6,middle,no,no,no,
Sunless 05,16,13,3,D#5,75,u,Bozeman soprano midpoint,0.556,above,G#3,19,inside,12,-3,none,not assessed,short,leap-up,9,no,6,middle,no,no,no,
Sunless 05,16,13,4,A#4,70,ɨ,derived from Bozeman soprano,0.278,close,C4,10.11,inside,7,-8,none,not assessed,short,leap-down,-5,no,6,middle,no,no,no,
Sunless 05,16,13,4.5,A#4,70,ɪ,derived from Bozeman soprano,0.278,close,D4,7.96,inside,7,-8,none,not assessed,short,repeated,0,no,6,middle,no,no,no,
Sunless 05,16,14,1,B4,71,u,Bozeman soprano midpoint,0.278,above,G#3,15,inside,8,-7,none,not assessed,short,step,1,no,6,middle,no,no,no,
Sunless 05,16,14,1.5,A#4,70,none resolved,not assessed,0.278,not assessed,not assessed,not assessed,inside,7,-8,not assessed,not assessed,short,step,-1,no,6,middle,no,no,no,
Sunless 05,16,14,2,A4,69,ɑ,Bozeman soprano midpoint,0.278,close,E4,4.5,inside,6,-9,none,not assessed,short,step,-1,no,6,middle,no,no,no,
Sunless 05,16,14,2.5,A#4,70,ɑ,Bozeman soprano midpoint,0.278,close,E4,5.5,inside,7,-8,none,not assessed,short,step,1,no,6,middle,no,no,no,
Sunless 05,16,14,3,D#5,75,o,Bozeman soprano midpoint,0.833,above,D4,13.5,inside,12,-3,none,not assessed,short,leap-up,5,no,6,middle,no,no,no,
Sunless 05,16,14,4.5,F5,77,ɪ,derived from Bozeman soprano,0.278,above,D4,14.96,inside,14,-1,none,not assessed,short,step,2,no,6,middle,no,yes,no,
Sunless 05,16,15,1,F#5,78,o,Bozeman soprano midpoint,0.278,above,D4,16.5,inside,15,0,none,not assessed,short,step,1,no,6,middle,yes,yes,yes,highest of phrase
Sunless 05,16,15,1.5,C5,72,ɨ,derived from Bozeman soprano,0.278,crossing,C4,12.11,inside,9,-6,none,not assessed,short,leap-down,-6,no,6,middle,no,no,no,crossing
Sunless 05,16,15,2,B4,71,i,Bozeman soprano midpoint,0.278,above,G3,16.5,inside,8,-7,none,not assessed,short,step,-1,no,6,middle,no,no,no,
Sunless 05,16,15,2.5,D#5,75,u,Bozeman soprano midpoint,0.278,above,G#3,19,inside,12,-3,none,not assessed,short,leap-up,4,no,6,middle,no,no,no,
Sunless 05,16,15,3,F5,77,u,Bozeman soprano midpoint,0.556,above,G#3,21,inside,14,-1,none,not assessed,short,step,2,no,6,middle,no,yes,no,
Sunless 05,16,15,4,D5,74,ɨ,derived from Bozeman soprano,0.278,above,C4,14.11,inside,11,-4,none,not assessed,short,leap-down,-3,no,6,middle,no,no,no,
Sunless 05,16,15,4.5,A#4,70,i,Bozeman soprano midpoint,0.278,above,G3,15.5,inside,7,-8,none,not assessed,short,leap-down,-4,no,6,middle,no,no,no,
Sunless 05,16,16,1,B4,71,o,Bozeman soprano midpoint,0.833,close,D4,9.5,inside,8,-7,none,not assessed,short,step,1,no,6,middle,no,no,no,
Sunless 05,16,16,2.5,B4,71,ɪ,derived from Bozeman soprano,0.278,close,D4,8.96,inside,8,-7,none,not assessed,short,repeated,0,no,6,middle,no,no,no,
Sunless 05,16,16,3,D5,74,i,Bozeman soprano midpoint,0.556,above,G3,19.5,inside,11,-4,none,not assessed,short,leap-up,3,no,6,middle,no,no,no,
Sunless 05,16,16,4,F5,77,ɑ,Bozeman soprano midpoint,0.556,above,E4,12.5,inside,14,-1,none,not assessed,short,leap-up,3,no,6,middle,no,yes,no,
Sunless 05,16,17,1,C#5,73,ɛ,Bozeman soprano midpoint,0.556,close,D#4,10.5,inside,10,-5,none,not assessed,short,leap-down,-4,no,6,last,no,no,no,
Sunless 05,16,17,4,C#5,73,o,Bozeman soprano midpoint,0.556,close,D4,11.5,inside,10,-5,none,not assessed,short,repeated,0,yes,7,first,no,no,no,
Sunless 05,16,18,1,D#5,75,ɑ,Bozeman soprano midpoint,0.833,close,E4,10.5,inside,12,-3,none,not assessed,short,step,2,no,7,middle,yes,no,no,highest of phrase
Sunless 05,16,18,2.5,A#4,70,o,Bozeman soprano midpoint,0.278,close,D4,8.5,inside,7,-8,none,not assessed,short,leap-down,-5,no,7,middle,no,no,no,
Sunless 05,16,18,3,A#4,70,ʌ,derived from Bozeman soprano,0.556,close,E4,5.5,inside,7,-8,none,not assessed,short,repeated,0,no,7,middle,no,no,no,
Sunless 05,16,18,4,B4,71,ɑ,Bozeman soprano midpoint,0.556,close,E4,6.5,inside,8,-7,none,not assessed,short,step,1,no,7,middle,no,no,no,
Sunless 05,16,19,1,D#5,75,i,Bozeman soprano midpoint,0.556,above,G3,20.5,inside,12,-3,none,not assessed,short,leap-up,4,no,7,last,yes,no,no,highest of phrase
Sunless 05,16,19,4,C#5,73,ɑ,Bozeman soprano midpoint,0.556,close,E4,8.5,inside,10,-5,none,not assessed,short,step,-2,yes,8,first,no,no,no,
Sunless 05,16,20,1,D5,74,o,Bozeman soprano midpoint,0.278,crossing,D4,12.5,inside,11,-4,none,not assessed,short,step,1,no,8,middle,no,no,no,crossing
Sunless 05,16,20,1.5,C#5,73,o,Bozeman soprano midpoint,0.556,close,D4,11.5,inside,10,-5,none,not assessed,short,step,-1,no,8,middle,no,no,no,
Sunless 05,16,20,2.5,F#4,66,ɑ,Bozeman soprano midpoint,0.278,close,E4,1.5,inside,3,-12,none,not assessed,short,leap-down,-7,no,8,middle,no,no,no,turning pitch 0 to 2 st below
Sunless 05,16,20,3,F#4,66,e,Bozeman soprano midpoint,0.417,close,D4,4.5,inside,3,-12,none,not assessed,short,repeated,0,no,8,middle,no,no,no,
Sunless 05,16,20,3.75,F4,65,ɑ,Bozeman soprano midpoint,0.139,close,E4,0.5,inside,2,-13,none,not assessed,short,step,-1,no,8,middle,no,no,no,turning pitch 0 to 2 st below
Sunless 05,16,20,4,F4,65,ɨ,derived from Bozeman soprano,0.278,close,C4,5.11,inside,2,-13,none,not assessed,short,repeated,0,no,8,middle,no,no,no,
Sunless 05,16,20,4.5,F5,77,ɑ,Bozeman soprano midpoint,0.278,above,E4,12.5,inside,14,-1,none,not assessed,short,leap-up,12,no,8,middle,no,yes,no,
Sunless 05,16,21,1,F#5,78,o,Bozeman soprano midpoint,0.278,above,D4,16.5,inside,15,0,none,not assessed,short,step,1,no,8,middle,yes,yes,yes,highest of phrase
Sunless 05,16,21,1.5,C#5,73,u,Bozeman soprano midpoint,0.278,above,G#3,17,inside,10,-5,none,not assessed,short,leap-down,-5,no,8,middle,no,no,no,
Sunless 05,16,21,2,C#5,73,ɪ,derived from Bozeman soprano,0.278,close,D4,10.96,inside,10,-5,none,not assessed,short,repeated,0,no,8,middle,no,no,no,
Sunless 05,16,21,2.5,C#5,73,ɨ,derived from Bozeman soprano,0.278,above,C4,13.11,inside,10,-5,none,not assessed,short,repeated,0,no,8,middle,no,no,no,
Sunless 05,16,21,3,B4,71,ɨ,derived from Bozeman soprano,0.556,close,C4,11.11,inside,8,-7,none,not assessed,short,step,-2,no,8,last,no,no,no,
Sunless 05,16,22,1,C#5,73,i,Bozeman soprano midpoint,0.556,above,G3,18.5,inside,10,-5,none,not assessed,short,step,2,yes,9,first,yes,no,no,highest of phrase
Sunless 05,16,22,2,A#4,70,o,Bozeman soprano midpoint,0.278,close,D4,8.5,inside,7,-8,none,not assessed,short,leap-down,-3,no,9,middle,no,no,no,
Sunless 05,16,22,2.5,F#4,66,ɑ,Bozeman soprano midpoint,0.278,close,E4,1.5,inside,3,-12,none,not assessed,short,leap-down,-4,no,9,middle,no,no,no,turning pitch 0 to 2 st below
Sunless 05,16,22,3,C5,72,e,Bozeman soprano midpoint,0.417,close,D4,10.5,inside,9,-6,none,not assessed,short,leap-up,6,no,9,middle,no,no,no,
Sunless 05,16,22,3.75,A4,69,i,Bozeman soprano midpoint,0.139,above,G3,14.5,inside,6,-9,none,not assessed,short,leap-down,-3,no,9,middle,no,no,no,
Sunless 05,16,22,4,A4,69,ɑ,Bozeman soprano midpoint,0.278,close,E4,4.5,inside,6,-9,none,not assessed,short,repeated,0,no,9,last,no,no,no,
Sunless 05,16,23,2,C#5,73,i,Bozeman soprano midpoint,0.556,above,G3,18.5,inside,10,-5,none,not assessed,short,leap-up,4,yes,10,first,no,no,no,
Sunless 05,16,23,3,F#5,78,o,Bozeman soprano midpoint,0.556,above,D4,16.5,inside,15,0,none,not assessed,short,leap-up,5,no,10,middle,yes,yes,yes,highest of phrase
Sunless 05,16,23,4,E5,76,o,Bozeman soprano midpoint,0.278,above,D4,14.5,inside,13,-2,none,not assessed,short,step,-2,no,10,middle,no,no,no,
Sunless 05,16,23,4.5,D5,74,ɨ,derived from Bozeman soprano,0.278,above,C4,14.11,inside,11,-4,none,not assessed,short,step,-2,no,10,last,no,no,no,
Sunless 05,16,24,4.5,F#4,66,ɪ,derived from Bozeman soprano,0.278,close,D4,3.96,inside,3,-12,none,not assessed,short,leap-down,-8,yes,11,first,no,no,no,
Sunless 05,16,25,1,C#5,73,u,Bozeman soprano midpoint,0.833,above,G#3,17,inside,10,-5,none,not assessed,short,leap-up,7,no,11,middle,no,no,no,
Sunless 05,16,25,2.5,A4,69,none resolved,not assessed,0.278,not assessed,not assessed,not assessed,inside,6,-9,not assessed,not assessed,short,leap-down,-4,no,11,middle,no,no,no,
Sunless 05,16,25,3,B4,71,u,Bozeman soprano midpoint,0.417,above,G#3,15,inside,8,-7,none,not assessed,short,step,2,no,11,middle,no,no,no,
Sunless 05,16,25,3.75,G#4,68,ɨ,derived from Bozeman soprano,0.139,close,C4,8.11,inside,5,-10,none,not assessed,short,leap-down,-3,no,11,middle,no,no,no,
Sunless 05,16,25,4,G#4,68,ɛ,Bozeman soprano midpoint,0.278,close,D#4,5.5,inside,5,-10,none,not assessed,short,repeated,0,no,11,middle,no,no,no,
Sunless 05,16,25,4.5,B4,71,ɪ,derived from Bozeman soprano,0.278,close,D4,8.96,inside,8,-7,none,not assessed,short,leap-up,3,no,11,middle,no,no,no,
Sunless 05,16,26,1,C#5,73,e,Bozeman soprano midpoint,0.278,close,D4,11.5,inside,10,-5,none,not assessed,short,step,2,no,11,middle,no,no,no,
Sunless 05,16,26,1.5,A4,69,i,Bozeman soprano midpoint,0.278,above,G3,14.5,inside,6,-9,none,not assessed,short,leap-down,-4,no,11,middle,no,no,no,
Sunless 05,16,26,2,B4,71,i,Bozeman soprano midpoint,0.278,above,G3,16.5,inside,8,-7,none,not assessed,short,step,2,no,11,middle,no,no,no,
Sunless 05,16,26,2.5,C#5,73,ɑ,Bozeman soprano midpoint,0.278,close,E4,8.5,inside,10,-5,none,not assessed,short,step,2,no,11,middle,no,no,no,
Sunless 05,16,26,3,D#5,75,ɑ,Bozeman soprano midpoint,0.556,close,E4,10.5,inside,12,-3,none,not assessed,short,step,2,no,11,middle,yes,no,no,highest of phrase
Sunless 05,16,26,4,D#5,75,ɑ,Bozeman soprano midpoint,0.278,close,E4,10.5,inside,12,-3,none,not assessed,short,tie,0,no,11,last,yes,no,no,highest of phrase
Sunless 05,16,27,1,A#4,70,o,Bozeman soprano midpoint,0.556,close,D4,8.5,inside,7,-8,none,not assessed,short,leap-down,-5,yes,12,first,no,no,no,
Sunless 05,16,27,2,A4,69,ɛ,Bozeman soprano midpoint,0.278,close,D#4,6.5,inside,6,-9,none,not assessed,short,step,-1,no,12,middle,no,no,no,
Sunless 05,16,27,2.5,A#4,70,ɑ,Bozeman soprano midpoint,0.278,close,E4,5.5,inside,7,-8,none,not assessed,short,step,1,no,12,middle,no,no,no,
Sunless 05,16,27,3,F#4,66,a,derived from Bozeman soprano,0.278,open,G4,-0.92,inside,3,-12,none,not assessed,short,leap-down,-4,no,12,middle,no,no,no,
Sunless 05,16,27,3.5,G4,67,ɪ,derived from Bozeman soprano,0.278,close,D4,4.96,inside,4,-11,none,not assessed,short,step,1,no,12,middle,no,no,no,
Sunless 05,16,27,4,C5,72,ɨ,derived from Bozeman soprano,0.278,crossing,C4,12.11,inside,9,-6,none,not assessed,short,leap-up,5,no,12,middle,yes,no,no,highest of phrase; crossing
Sunless 05,16,27,4.5,C5,72,u,Bozeman soprano midpoint,0.278,above,G#3,16,inside,9,-6,none,not assessed,short,repeated,0,no,12,middle,yes,no,no,highest of phrase
Sunless 05,16,28,1,C5,72,i,Bozeman soprano midpoint,0.278,above,G3,17.5,inside,9,-6,none,not assessed,short,repeated,0,no,12,middle,yes,no,no,highest of phrase
Sunless 05,16,28,1.5,G#4,68,ʌ,derived from Bozeman soprano,0.278,close,E4,3.5,inside,5,-10,none,not assessed,short,leap-down,-4,no,12,middle,no,no,no,
Sunless 05,16,28,2,G4,67,ʌ,derived from Bozeman soprano,0.278,close,E4,2.5,inside,4,-11,none,not assessed,short,step,-1,no,12,middle,no,no,no,
Sunless 05,16,28,2.5,F4,65,i,Bozeman soprano midpoint,0.278,close,G3,10.5,inside,2,-13,none,not assessed,short,step,-2,no,12,middle,no,no,no,
Sunless 05,16,28,3,A#4,70,ɑ,Bozeman soprano midpoint,0.556,close,E4,5.5,inside,7,-8,none,not assessed,short,leap-up,5,no,12,last,no,no,no,
Sunless 05,16,28,4.5,A#4,70,ɑ,Bozeman soprano midpoint,0.278,close,E4,5.5,inside,7,-8,none,not assessed,short,repeated,0,yes,13,first,no,no,no,
Sunless 05,16,29,1,C#5,73,u,Bozeman soprano midpoint,0.417,above,G#3,17,inside,10,-5,none,not assessed,short,leap-up,3,no,13,middle,no,no,no,
Sunless 05,16,29,1.75,C#5,73,ɑ,Bozeman soprano midpoint,0.139,close,E4,8.5,inside,10,-5,none,not assessed,short,repeated,0,no,13,middle,no,no,no,
Sunless 05,16,29,2,C5,72,ɑ,Bozeman soprano midpoint,0.278,close,E4,7.5,inside,9,-6,none,not assessed,short,step,-1,no,13,middle,no,no,no,
Sunless 05,16,29,2.5,C#5,73,ɑ,Bozeman soprano midpoint,0.278,close,E4,8.5,inside,10,-5,none,not assessed,short,step,1,no,13,middle,no,no,no,
Sunless 05,16,29,3,D#5,75,o,Bozeman soprano midpoint,0.278,above,D4,13.5,inside,12,-3,none,not assessed,short,step,2,no,13,middle,no,no,no,
Sunless 05,16,29,3.5,C5,72,u,Bozeman soprano midpoint,0.278,above,G#3,16,inside,9,-6,none,not assessed,short,leap-down,-3,no,13,middle,no,no,no,
Sunless 05,16,29,4,F5,77,ɨ,derived from Bozeman soprano,0.556,above,C4,17.11,inside,14,-1,none,not assessed,short,leap-up,5,no,13,last,yes,yes,yes,highest of phrase
Sunless 05,16,30,1.5,F5,77,ɨ,derived from Bozeman soprano,0.278,above,C4,17.11,inside,14,-1,none,not assessed,short,repeated,0,yes,14,first,no,yes,no,
Sunless 05,16,30,2,E5,76,ɨ,derived from Bozeman soprano,0.278,above,C4,16.11,inside,13,-2,none,not assessed,short,step,-1,no,14,middle,no,no,no,
Sunless 05,16,30,2.5,C#5,73,ɪ,derived from Bozeman soprano,0.278,close,D4,10.96,inside,10,-5,none,not assessed,short,leap-down,-3,no,14,middle,no,no,no,
Sunless 05,16,30,3,D5,74,o,Bozeman soprano midpoint,0.556,crossing,D4,12.5,inside,11,-4,none,not assessed,short,step,1,no,14,middle,no,no,no,crossing
Sunless 05,16,30,4,A#4,70,ɨ,derived from Bozeman soprano,0.278,close,C4,10.11,inside,7,-8,none,not assessed,short,leap-down,-4,no,14,middle,no,no,no,
Sunless 05,16,30,4.5,F5,77,o,Bozeman soprano midpoint,0.278,above,D4,15.5,inside,14,-1,none,not assessed,short,leap-up,7,no,14,middle,no,yes,no,
Sunless 05,16,31,1,F#5,78,i,Bozeman soprano midpoint,0.278,above,G3,23.5,inside,15,0,none,not assessed,short,step,1,no,14,middle,yes,yes,yes,highest of phrase
Sunless 05,16,31,1.5,A#4,70,ɨ,derived from Bozeman soprano,0.278,close,C4,10.11,inside,7,-8,none,not assessed,short,leap-down,-8,no,14,middle,no,no,no,
Sunless 05,16,31,2,A4,69,o,Bozeman soprano midpoint,0.278,close,D4,7.5,inside,6,-9,none,not assessed,short,step,-1,no,14,middle,no,no,no,
Sunless 05,16,31,2.5,A#4,70,ɨ,derived from Bozeman soprano,0.278,close,C4,10.11,inside,7,-8,none,not assessed,short,step,1,no,14,middle,no,no,no,
Sunless 05,16,31,3,D#5,75,ɑ,Bozeman soprano midpoint,0.556,close,E4,10.5,inside,12,-3,none,not assessed,short,leap-up,5,no,14,last,no,no,no,
Sunless 05,16,31,4.5,F5,77,ɑ,Bozeman soprano midpoint,0.278,above,E4,12.5,inside,14,-1,none,not assessed,short,step,2,yes,15,first,no,yes,no,
Sunless 05,16,32,1,F#4,66,ɨ,derived from Bozeman soprano,0.278,close,C4,6.11,inside,3,-12,none,not assessed,short,leap-down,-11,no,15,middle,no,no,no,
Sunless 05,16,32,1.5,F4,65,ɪ,derived from Bozeman soprano,0.278,close,D4,2.96,inside,2,-13,none,not assessed,short,step,-1,no,15,middle,no,no,no,
Sunless 05,16,32,2,G#4,68,o,Bozeman soprano midpoint,0.278,close,D4,6.5,inside,5,-10,none,not assessed,short,leap-up,3,no,15,middle,no,no,no,
Sunless 05,16,32,2.5,F#4,66,u,Bozeman soprano midpoint,0.278,close,G#3,10,inside,3,-12,none,not assessed,short,step,-2,no,15,middle,no,no,no,
Sunless 05,16,32,3,D#5,75,o,Bozeman soprano midpoint,0.556,above,D4,13.5,inside,12,-3,none,not assessed,short,leap-up,9,no,15,middle,no,no,no,
Sunless 05,16,32,4,A#4,70,ɨ,derived from Bozeman soprano,0.278,close,C4,10.11,inside,7,-8,none,not assessed,short,leap-down,-5,no,15,middle,no,no,no,
Sunless 05,16,32,4.5,A#4,70,ɪ,derived from Bozeman soprano,0.278,close,D4,7.96,inside,7,-8,none,not assessed,short,repeated,0,no,15,middle,no,no,no,
Sunless 05,16,33,1,B4,71,u,Bozeman soprano midpoint,0.278,above,G#3,15,inside,8,-7,none,not assessed,short,step,1,no,15,middle,no,no,no,
Sunless 05,16,33,1.5,A#4,70,ɪ,derived from Bozeman soprano,0.278,close,D4,7.96,inside,7,-8,none,not assessed,short,step,-1,no,15,middle,no,no,no,
Sunless 05,16,33,2,A4,69,ʌ,derived from Bozeman soprano,0.278,close,E4,4.5,inside,6,-9,none,not assessed,short,step,-1,no,15,middle,no,no,no,
Sunless 05,16,33,2.5,A#4,70,ɑ,Bozeman soprano midpoint,0.278,close,E4,5.5,inside,7,-8,none,not assessed,short,step,1,no,15,middle,no,no,no,
Sunless 05,16,33,3,D#5,75,o,Bozeman soprano midpoint,0.833,above,D4,13.5,inside,12,-3,none,not assessed,short,leap-up,5,no,15,middle,no,no,no,
Sunless 05,16,33,4.5,F5,77,u,Bozeman soprano midpoint,0.278,above,G#3,21,inside,14,-1,none,not assessed,short,step,2,no,15,middle,no,yes,no,
Sunless 05,16,34,1,F#5,78,ɑ,Bozeman soprano midpoint,0.278,above,E4,13.5,inside,15,0,none,not assessed,short,step,1,no,15,middle,yes,yes,yes,highest of phrase
Sunless 05,16,34,1.5,C5,72,u,Bozeman soprano midpoint,0.278,above,G#3,16,inside,9,-6,none,not assessed,short,leap-down,-6,no,15,middle,no,no,no,
Sunless 05,16,34,2,B4,71,o,Bozeman soprano midpoint,0.278,close,D4,9.5,inside,8,-7,none,not assessed,short,step,-1,no,15,middle,no,no,no,
Sunless 05,16,34,2.5,D#5,75,ɨ,derived from Bozeman soprano,0.278,above,C4,15.11,inside,12,-3,none,not assessed,short,leap-up,4,no,15,middle,no,no,no,
Sunless 05,16,34,3,F5,77,u,Bozeman soprano midpoint,0.278,above,G#3,21,inside,14,-1,none,not assessed,short,step,2,no,15,last,no,yes,no,
Sunless 05,16,34,4,F5,77,i,Bozeman soprano midpoint,0.556,above,G3,22.5,inside,14,-1,none,not assessed,short,repeated,0,yes,16,first,no,yes,no,
Sunless 05,16,35,1,F#5,78,ɨ,derived from Bozeman soprano,0.556,above,C4,18.11,inside,15,0,none,not assessed,short,step,1,no,16,middle,yes,yes,yes,highest of phrase
Sunless 05,16,35,2,C#5,73,ɨ,derived from Bozeman soprano,0.556,above,C4,13.11,inside,10,-5,none,not assessed,short,leap-down,-5,no,16,middle,no,no,no,
Sunless 05,16,35,3,D5,74,none resolved,not assessed,0.833,not assessed,not assessed,not assessed,inside,11,-4,not assessed,not assessed,short,step,1,no,16,middle,no,no,no,
Sunless 05,16,35,4.5,E5,76,ɑ,Bozeman soprano midpoint,0.278,crossing,E4,11.5,inside,13,-2,none,not assessed,short,step,2,no,16,middle,no,no,no,crossing
Sunless 05,16,36,1,F#5,78,i,Bozeman soprano midpoint,0.556,above,G3,23.5,inside,15,0,none,not assessed,short,step,2,no,16,last,yes,yes,yes,highest of phrase
Sunless 05,16,36,3.5,F#5,78,ɛ,Bozeman soprano midpoint,0.278,above,D#4,15.5,inside,15,0,none,not assessed,short,repeated,0,yes,17,first,yes,yes,yes,highest of phrase
Sunless 05,16,36,4,E5,76,o,Bozeman soprano midpoint,0.278,above,D4,14.5,inside,13,-2,none,not assessed,short,step,-2,no,17,middle,no,no,no,
Sunless 05,16,36,4.5,D#5,75,o,Bozeman soprano midpoint,0.278,above,D4,13.5,inside,12,-3,none,not assessed,short,step,-1,no,17,middle,no,no,no,
Sunless 05,16,37,1,E5,76,ɨ,derived from Bozeman soprano,0.833,above,C4,16.11,inside,13,-2,none,not assessed,short,step,1,no,17,middle,no,no,no,
Sunless 05,16,37,2.5,D#5,75,i,Bozeman soprano midpoint,0.278,above,G3,20.5,inside,12,-3,none,not assessed,short,step,-1,no,17,middle,no,no,no,
Sunless 05,16,37,3,C#5,73,u,Bozeman soprano midpoint,0.556,above,G#3,17,inside,10,-5,none,not assessed,short,step,-2,no,17,last,no,no,no,
Sunless 05,16,37,4.5,A#4,70,o,Bozeman soprano midpoint,0.278,close,D4,8.5,inside,7,-8,none,not assessed,short,leap-down,-3,yes,18,first,no,no,no,
Sunless 05,16,38,1,B4,71,ɨ,derived from Bozeman soprano,0.556,close,C4,11.11,inside,8,-7,none,not assessed,short,step,1,no,18,middle,no,no,no,
Sunless 05,16,38,2,B4,71,ɪ,derived from Bozeman soprano,0.556,close,D4,8.96,inside,8,-7,none,not assessed,short,repeated,0,no,18,middle,no,no,no,
Sunless 05,16,38,3,E5,76,u,Bozeman soprano midpoint,0.833,above,G#3,20,inside,13,-2,none,not assessed,short,leap-up,5,no,18,middle,no,no,no,
Sunless 05,16,38,4.5,D#5,75,ʌ,derived from Bozeman soprano,0.278,close,E4,10.5,inside,12,-3,none,not assessed,short,step,-1,no,18,middle,no,no,no,
Sunless 05,16,39,1,G#5,80,ɛ,Bozeman soprano midpoint,0.556,above,D#4,17.5,above secondo,17,2,none,not assessed,short,leap-up,5,no,18,last,yes,no,no,highest of phrase
Sunless 05,16,39,3,E5,76,ɑ,Bozeman soprano midpoint,1.111,crossing,E4,11.5,inside,13,-2,none,not assessed,short,leap-down,-4,yes,19,first,yes,no,no,highest of phrase; crossing
Sunless 05,16,40,1,G#4,68,ɨ,derived from Bozeman soprano,0.278,close,C4,8.11,inside,5,-10,none,not assessed,short,leap-down,-8,no,19,middle,no,no,no,
Sunless 05,16,40,1.5,G4,67,ɑ,Bozeman soprano midpoint,0.278,close,E4,2.5,inside,4,-11,none,not assessed,short,step,-1,no,19,middle,no,no,no,
Sunless 05,16,40,2,B4,71,ɑ,Bozeman soprano midpoint,0.278,close,E4,6.5,inside,8,-7,none,not assessed,short,leap-up,4,no,19,middle,no,no,no,
Sunless 05,16,40,2.5,A#4,70,ɨ,derived from Bozeman soprano,0.278,close,C4,10.11,inside,7,-8,none,not assessed,short,step,-1,no,19,middle,no,no,no,
Sunless 05,16,40,3,D5,74,o,Bozeman soprano midpoint,0.278,crossing,D4,12.5,inside,11,-4,none,not assessed,short,leap-up,4,no,19,middle,no,no,no,crossing
Sunless 05,16,40,3.5,D5,74,ʌ,derived from Bozeman soprano,0.278,close,E4,9.5,inside,11,-4,none,not assessed,short,repeated,0,no,19,last,no,no,no,
Sunless 05,16,40,4.5,D5,74,ɨ,derived from Bozeman soprano,0.278,above,C4,14.11,inside,11,-4,none,not assessed,short,repeated,0,yes,20,first,no,no,no,
Sunless 05,16,41,1,D#5,75,e,Bozeman soprano midpoint,0.556,above,D4,13.5,inside,12,-3,none,not assessed,short,step,1,no,20,middle,no,no,no,
Sunless 05,16,41,2,E5,76,ʌ,derived from Bozeman soprano,0.556,crossing,E4,11.5,inside,13,-2,none,not assessed,short,step,1,no,20,middle,no,no,no,crossing
Sunless 05,16,41,3,G#5,80,ɛ,Bozeman soprano midpoint,0.278,above,D#4,17.5,above secondo,17,2,none,not assessed,short,leap-up,4,no,20,middle,yes,no,no,highest of phrase
Sunless 05,16,41,3.5,F#5,78,ʌ,derived from Bozeman soprano,0.278,above,E4,13.5,inside,15,0,none,not assessed,short,step,-2,no,20,middle,no,yes,no,
Sunless 05,16,41,4,F#5,78,i,Bozeman soprano midpoint,0.278,above,G3,23.5,inside,15,0,none,not assessed,short,repeated,0,no,20,last,no,yes,no,
Sunless 05,16,42,1.5,B4,71,ɛ,Bozeman soprano midpoint,0.278,close,D#4,8.5,inside,8,-7,none,not assessed,short,leap-down,-7,yes,21,first,no,no,no,
Sunless 05,16,42,2,E5,76,ɑ,Bozeman soprano midpoint,0.278,crossing,E4,11.5,inside,13,-2,none,not assessed,short,leap-up,5,no,21,middle,yes,no,no,highest of phrase; crossing
Sunless 05,16,42,2.5,E5,76,u,Bozeman soprano midpoint,0.278,above,G#3,20,inside,13,-2,none,not assessed,short,repeated,0,no,21,middle,yes,no,no,highest of phrase
Sunless 05,16,42,3,G#4,68,ɨ,derived from Bozeman soprano,0.556,close,C4,8.11,inside,5,-10,none,not assessed,short,leap-down,-8,no,21,middle,no,no,no,
Sunless 05,16,42,4,B4,71,ɨ,derived from Bozeman soprano,0.556,close,C4,11.11,inside,8,-7,none,not assessed,short,leap-up,3,no,21,middle,no,no,no,
Sunless 05,16,43,1,D5,74,o,Bozeman soprano midpoint,0.556,crossing,D4,12.5,inside,11,-4,none,not assessed,short,leap-up,3,no,21,middle,no,no,no,crossing
Sunless 05,16,43,2,D5,74,o,Bozeman soprano midpoint,0.278,crossing,D4,12.5,inside,11,-4,none,not assessed,short,repeated,0,no,21,last,no,no,no,crossing
Sunless 05,16,43,4.5,D5,74,u,Bozeman soprano midpoint,0.278,above,G#3,18,inside,11,-4,none,not assessed,short,repeated,0,yes,22,first,yes,no,no,highest of phrase
Sunless 05,16,44,1,D5,74,ɨ,derived from Bozeman soprano,1.111,above,C4,14.11,inside,11,-4,none,not assessed,short,repeated,0,no,22,middle,yes,no,no,highest of phrase
Sunless 05,16,44,3,C#5,73,ɨ,derived from Bozeman soprano,0.556,above,C4,13.11,inside,10,-5,none,not assessed,short,step,-1,no,22,middle,no,no,no,
Sunless 05,16,44,4,C#5,73,ɨ,derived from Bozeman soprano,0.278,above,C4,13.11,inside,10,-5,none,not assessed,short,tie,0,no,22,last,no,no,no,
Sunless 05,16,45,1,A#4,70,e,Bozeman soprano midpoint,1.667,close,D4,8.5,inside,7,-8,none,not assessed,short,leap-down,-3,yes,23,first,yes,no,no,highest of phrase
Sunless 05,16,45,4,A#4,70,i,Bozeman soprano midpoint,0.556,above,G3,15.5,inside,7,-8,none,not assessed,short,repeated,0,no,23,middle,yes,no,no,highest of phrase
Sunless 05,16,46,1,A#4,70,o,Bozeman soprano midpoint,1.111,close,D4,8.5,inside,7,-8,none,not assessed,short,repeated,0,no,23,last,yes,no,no,highest of phrase
Sunless 05,16,48,4,A#4,70,ɪ,derived from Bozeman soprano,0.556,close,D4,7.96,inside,7,-8,none,not assessed,short,repeated,0,yes,24,first,no,no,no,
Sunless 05,16,49,1,A#4,70,e,Bozeman soprano midpoint,0.833,close,D4,8.5,inside,7,-8,none,not assessed,short,repeated,0,no,24,middle,no,no,no,
Sunless 05,16,49,2.5,A#4,70,i,Bozeman soprano midpoint,0.278,above,G3,15.5,inside,7,-8,none,not assessed,short,repeated,0,no,24,middle,no,no,no,
Sunless 05,16,49,3,C5,72,ʌ,derived from Bozeman soprano,0.556,close,E4,7.5,inside,9,-6,none,not assessed,short,step,2,no,24,middle,no,no,no,
Sunless 05,16,49,4,A#4,70,ɪ,derived from Bozeman soprano,0.556,close,D4,7.96,inside,7,-8,none,not assessed,short,step,-2,no,24,middle,no,no,no,
Sunless 05,16,50,1,D5,74,ɑ,Bozeman soprano midpoint,0.278,close,E4,9.5,inside,11,-4,none,not assessed,short,leap-up,4,no,24,last,yes,no,no,highest of phrase
Sunless 05,16,50,2,D5,74,ɑ,Bozeman soprano midpoint,0.556,close,E4,9.5,inside,11,-4,none,not assessed,short,repeated,0,yes,25,first,no,no,no,
Sunless 05,16,50,3,D#5,75,u,Bozeman soprano midpoint,0.556,above,G#3,19,inside,12,-3,none,not assessed,short,step,1,no,25,middle,yes,no,no,highest of phrase
Sunless 05,16,50,4,F#4,66,ʌ,derived from Bozeman soprano,0.556,close,E4,1.5,inside,3,-12,none,not assessed,short,leap-down,-9,no,25,middle,no,no,no,turning pitch 0 to 2 st below
Sunless 05,16,51,1,G#4,68,o,Bozeman soprano midpoint,0.278,close,D4,6.5,inside,5,-10,none,not assessed,short,step,2,no,25,middle,no,no,no,
Sunless 05,16,51,1.5,F#4,66,ɑ,Bozeman soprano midpoint,0.278,close,E4,1.5,inside,3,-12,none,not assessed,short,step,-2,no,25,middle,no,no,no,turning pitch 0 to 2 st below
Sunless 05,16,51,2,A#4,70,ɑ,Bozeman soprano midpoint,0.278,close,E4,5.5,inside,7,-8,none,not assessed,short,leap-up,4,no,25,middle,no,no,no,
Sunless 05,16,51,2.5,C#5,73,ɨ,derived from Bozeman soprano,0.278,above,C4,13.11,inside,10,-5,none,not assessed,short,leap-up,3,no,25,middle,no,no,no,
Sunless 05,16,51,3,D#5,75,ɑ,Bozeman soprano midpoint,0.556,close,E4,10.5,inside,12,-3,none,not assessed,short,step,2,no,25,last,yes,no,no,highest of phrase
Sunless 05,16,51,4.5,D#5,75,ɨ,derived from Bozeman soprano,0.278,above,C4,15.11,inside,12,-3,none,not assessed,short,repeated,0,yes,26,first,yes,no,no,highest of phrase
Sunless 05,16,52,1,A#4,70,ɑ,Bozeman soprano midpoint,0.278,close,E4,5.5,inside,7,-8,none,not assessed,short,leap-down,-5,no,26,middle,no,no,no,
Sunless 05,16,52,1.5,A#4,70,ɪ,derived from Bozeman soprano,0.278,close,D4,7.96,inside,7,-8,none,not assessed,short,repeated,0,no,26,middle,no,no,no,
Sunless 05,16,52,2,G#4,68,ɛ,Bozeman soprano midpoint,0.278,close,D#4,5.5,inside,5,-10,none,not assessed,short,step,-2,no,26,middle,no,no,no,
Sunless 05,16,52,2.5,G4,67,ɨ,derived from Bozeman soprano,0.278,close,C4,7.11,inside,4,-11,none,not assessed,short,step,-1,no,26,middle,no,no,no,
Sunless 05,16,52,3,A#4,70,i,Bozeman soprano midpoint,0.833,above,G3,15.5,inside,7,-8,none,not assessed,short,leap-up,3,no,26,middle,no,no,no,
Sunless 05,16,52,4.5,A#4,70,u,Bozeman soprano midpoint,0.278,above,G#3,14,inside,7,-8,none,not assessed,short,repeated,0,no,26,middle,no,no,no,
Sunless 05,16,53,1,C5,72,ɑ,Bozeman soprano midpoint,0.833,close,E4,7.5,inside,9,-6,none,not assessed,short,step,2,no,26,middle,no,no,no,
Sunless 05,16,53,2.5,C5,72,ɪ,derived from Bozeman soprano,0.278,close,D4,9.96,inside,9,-6,none,not assessed,short,repeated,0,no,26,middle,no,no,no,
Sunless 05,16,53,3,C5,72,ɪ,derived from Bozeman soprano,0.556,close,D4,9.96,inside,9,-6,none,not assessed,short,repeated,0,no,26,middle,no,no,no,
Sunless 05,16,53,4,C5,72,ɑ,Bozeman soprano midpoint,0.556,close,E4,7.5,inside,9,-6,none,not assessed,short,repeated,0,no,26,middle,no,no,no,
Sunless 05,16,54,1,C#5,73,ɑ,Bozeman soprano midpoint,1.111,close,E4,8.5,inside,10,-5,none,not assessed,short,step,1,no,26,middle,no,no,no,
Sunless 05,16,54,3,A#4,70,ʌ,derived from Bozeman soprano,0.278,close,E4,5.5,inside,7,-8,none,not assessed,short,leap-down,-3,no,26,last,no,no,no,
Sunless 05,16,54,4,A#4,70,ɑ,Bozeman soprano midpoint,0.556,close,E4,5.5,inside,7,-8,none,not assessed,short,repeated,0,yes,27,first,no,no,no,
Sunless 05,16,55,1,A#4,70,u,Bozeman soprano midpoint,0.833,above,G#3,14,inside,7,-8,none,not assessed,short,repeated,0,no,27,middle,no,no,no,
Sunless 05,16,55,2.5,A#4,70,u,Bozeman soprano midpoint,0.278,above,G#3,14,inside,7,-8,none,not assessed,short,repeated,0,no,27,middle,no,no,no,
Sunless 05,16,55,3,D5,74,ʌ,derived from Bozeman soprano,0.556,close,E4,9.5,inside,11,-4,none,not assessed,short,leap-up,4,no,27,middle,no,no,no,
Sunless 05,16,55,4,F5,77,ɑ,Bozeman soprano midpoint,0.556,above,E4,12.5,inside,14,-1,none,not assessed,short,leap-up,3,no,27,middle,no,yes,no,
Sunless 05,16,56,1,F#5,78,ɑ,Bozeman soprano midpoint,0.556,above,E4,13.5,inside,15,0,none,not assessed,short,step,1,no,27,middle,yes,yes,yes,highest of phrase
Sunless 05,16,56,2,F#5,78,ɑ,Bozeman soprano midpoint,0.278,above,E4,13.5,inside,15,0,none,not assessed,short,tie,0,no,27,last,yes,yes,yes,highest of phrase
Sunless 05,16,56,4,F#4,66,ɪ,derived from Bozeman soprano,0.556,close,D4,3.96,inside,3,-12,none,not assessed,short,leap-down,-12,yes,28,first,no,no,no,
Sunless 05,16,57,1,A#4,70,o,Bozeman soprano midpoint,1.667,close,D4,8.5,inside,7,-8,none,not assessed,short,leap-up,4,no,28,middle,no,no,no,
Sunless 05,16,57,4,A#4,70,i,Bozeman soprano midpoint,0.556,above,G3,15.5,inside,7,-8,none,not assessed,short,repeated,0,no,28,middle,no,no,no,
Sunless 05,16,58,1,A#4,70,ɪ,derived from Bozeman soprano,1.111,close,D4,7.96,inside,7,-8,none,not assessed,short,repeated,0,no,28,middle,no,no,no,
Sunless 05,16,58,3,D#5,75,ɑ,Bozeman soprano midpoint,1.111,close,E4,10.5,inside,12,-3,none,not assessed,short,leap-up,5,no,28,middle,yes,no,no,highest of phrase
Sunless 05,16,59,1,A#4,70,ɑ,Bozeman soprano midpoint,1.111,close,E4,5.5,inside,7,-8,none,not assessed,short,leap-down,-5,no,28,middle,no,no,no,
Sunless 05,16,59,3,A#4,70,ʌ,derived from Bozeman soprano,0.556,close,E4,5.5,inside,7,-8,none,not assessed,short,repeated,0,no,28,last,no,no,no,
Sunless 06,16,2,1,F4,65,e,Bozeman soprano midpoint,1,close,D4,3.5,inside,2,-13,none,not assessed,short,first note,,,0,first,no,no,no,
Sunless 06,16,2,3,G4,67,ɑ,Bozeman soprano midpoint,0.5,close,E4,2.5,inside,4,-11,none,not assessed,short,step,2,no,0,middle,no,no,no,
Sunless 06,16,2,4,A4,69,ɑ,Bozeman soprano midpoint,0.5,close,E4,4.5,inside,6,-9,none,not assessed,short,step,2,no,0,middle,no,no,no,
Sunless 06,16,3,1,A#4,70,u,Bozeman soprano midpoint,1,above,G#3,14,inside,7,-8,none,not assessed,short,step,1,no,0,middle,no,no,no,
Sunless 06,16,3,3,G4,67,i,Bozeman soprano midpoint,0.5,crossing,G3,12.5,inside,4,-11,none,not assessed,short,leap-down,-3,no,0,middle,no,no,no,crossing
Sunless 06,16,3,4,A#4,70,ɨ,derived from Bozeman soprano,0.5,close,C4,10.11,inside,7,-8,none,not assessed,short,leap-up,3,no,0,middle,no,no,no,
Sunless 06,16,4,1,C5,72,o,Bozeman soprano midpoint,1,close,D4,10.5,inside,9,-6,none,not assessed,short,step,2,no,0,middle,no,no,no,
Sunless 06,16,4,3,C#5,73,ɨ,derived from Bozeman soprano,0.5,above,C4,13.11,inside,10,-5,none,not assessed,short,step,1,no,0,middle,no,no,no,
Sunless 06,16,4,4,C5,72,ɑ,Bozeman soprano midpoint,0.5,close,E4,7.5,inside,9,-6,none,not assessed,short,step,-1,no,0,middle,no,no,no,
Sunless 06,16,5,1,F5,77,o,Bozeman soprano midpoint,0.75,above,D4,15.5,inside,14,-1,none,not assessed,short,leap-up,5,no,0,middle,yes,yes,yes,highest of phrase
Sunless 06,16,5,2.5,A#4,70,i,Bozeman soprano midpoint,0.25,above,G3,15.5,inside,7,-8,none,not assessed,short,leap-down,-7,no,0,middle,no,no,no,
Sunless 06,16,5,3,A#4,70,ɪ,derived from Bozeman soprano,0.5,close,D4,7.96,inside,7,-8,none,not assessed,short,repeated,0,no,0,last,no,no,no,
Sunless 06,16,6,1,C#5,73,i,Bozeman soprano midpoint,1,above,G3,18.5,inside,10,-5,none,not assessed,short,leap-up,3,yes,1,first,yes,no,no,highest of phrase
Sunless 06,16,6,3,G#4,68,ɪ,derived from Bozeman soprano,0.5,close,D4,5.96,inside,5,-10,none,not assessed,short,leap-down,-5,no,1,middle,no,no,no,
Sunless 06,16,6,4,A#4,70,ʌ,derived from Bozeman soprano,0.5,close,E4,5.5,inside,7,-8,none,not assessed,short,step,2,no,1,middle,no,no,no,
Sunless 06,16,7,1,C#5,73,ɛ,Bozeman soprano midpoint,1,close,D#4,10.5,inside,10,-5,none,not assessed,short,leap-up,3,no,1,middle,yes,no,no,highest of phrase
Sunless 06,16,7,3,G#4,68,ɑ,Bozeman soprano midpoint,0.25,close,E4,3.5,inside,5,-10,none,not assessed,short,leap-down,-5,no,1,last,no,no,no,
Sunless 06,16,7,4,A#4,70,o,Bozeman soprano midpoint,0.5,close,D4,8.5,inside,7,-8,none,not assessed,short,step,2,yes,2,first,no,no,no,
Sunless 06,16,8,1,C5,72,ɑ,Bozeman soprano midpoint,1,close,E4,7.5,inside,9,-6,none,not assessed,short,step,2,no,2,middle,yes,no,no,highest of phrase
Sunless 06,16,8,3,G4,67,i,Bozeman soprano midpoint,0.5,crossing,G3,12.5,inside,4,-11,none,not assessed,short,leap-down,-5,no,2,middle,no,no,no,crossing
Sunless 06,16,8,4,A4,69,u,Bozeman soprano midpoint,0.5,above,G#3,13,inside,6,-9,none,not assessed,short,step,2,no,2,middle,no,no,no,
Sunless 06,16,9,1,C5,72,u,Bozeman soprano midpoint,0.75,above,G#3,16,inside,9,-6,none,not assessed,short,leap-up,3,no,2,middle,yes,no,no,highest of phrase
Sunless 06,16,9,2.5,A4,69,u,Bozeman soprano midpoint,0.25,above,G#3,13,inside,6,-9,none,not assessed,short,leap-down,-3,no,2,middle,no,no,no,
Sunless 06,16,9,3,A4,69,none resolved,not assessed,0.5,not assessed,not assessed,not assessed,inside,6,-9,not assessed,not assessed,short,repeated,0,no,2,last,no,no,no,
Sunless 06,16,10,1,C#5,73,o,Bozeman soprano midpoint,1,close,D4,11.5,inside,10,-5,none,not assessed,short,leap-up,4,yes,3,first,no,no,no,
Sunless 06,16,10,3,G#4,68,ɑ,Bozeman soprano midpoint,0.25,close,E4,3.5,inside,5,-10,none,not assessed,short,leap-down,-5,no,3,middle,no,no,no,
Sunless 06,16,10,3.5,A#4,70,ɑ,Bozeman soprano midpoint,0.25,close,E4,5.5,inside,7,-8,none,not assessed,short,step,2,no,3,middle,no,no,no,
Sunless 06,16,10,4,G#4,68,ɑ,Bozeman soprano midpoint,0.25,close,E4,3.5,inside,5,-10,none,not assessed,short,step,-2,no,3,middle,no,no,no,
Sunless 06,16,10,4.5,F4,65,ɑ,Bozeman soprano midpoint,0.25,close,E4,0.5,inside,2,-13,none,not assessed,short,leap-down,-3,no,3,middle,no,no,no,turning pitch 0 to 2 st below
Sunless 06,16,11,1,C5,72,u,Bozeman soprano midpoint,0.5,above,G#3,16,inside,9,-6,none,not assessed,short,leap-up,7,no,3,middle,no,no,no,
Sunless 06,16,11,2,D5,74,u,Bozeman soprano midpoint,0.5,above,G#3,18,inside,11,-4,none,not assessed,short,step,2,no,3,middle,yes,no,no,highest of phrase
Sunless 06,16,11,3,A4,69,ɑ,Bozeman soprano midpoint,0.25,close,E4,4.5,inside,6,-9,none,not assessed,short,leap-down,-5,no,3,last,no,no,no,
Sunless 06,16,11,4,C5,72,ɑ,Bozeman soprano midpoint,0.5,close,E4,7.5,inside,9,-6,none,not assessed,short,leap-up,3,yes,4,first,no,no,no,
Sunless 06,16,12,1,C#5,73,o,Bozeman soprano midpoint,1,close,D4,11.5,inside,10,-5,none,not assessed,short,step,1,no,4,middle,no,no,no,
Sunless 06,16,12,3,G#4,68,ɨ,derived from Bozeman soprano,0.25,close,C4,8.11,inside,5,-10,none,not assessed,short,leap-down,-5,no,4,middle,no,no,no,
Sunless 06,16,12,3.5,A#4,70,ɨ,derived from Bozeman soprano,0.25,close,C4,10.11,inside,7,-8,none,not assessed,short,step,2,no,4,middle,no,no,no,
Sunless 06,16,12,4,G#4,68,u,Bozeman soprano midpoint,0.25,crossing,G#3,12,inside,5,-10,none,not assessed,short,step,-2,no,4,middle,no,no,no,crossing
Sunless 06,16,12,4.5,F4,65,u,Bozeman soprano midpoint,0.25,close,G#3,9,inside,2,-13,none,not assessed,short,leap-down,-3,no,4,middle,no,no,no,
Sunless 06,16,13,1,C5,72,o,Bozeman soprano midpoint,0.5,close,D4,10.5,inside,9,-6,none,not assessed,short,leap-up,7,no,4,middle,no,no,no,
Sunless 06,16,13,2,D5,74,o,Bozeman soprano midpoint,0.25,crossing,D4,12.5,inside,11,-4,none,not assessed,short,step,2,no,4,middle,yes,no,no,highest of phrase; crossing
Sunless 06,16,13,2.5,A4,69,i,Bozeman soprano midpoint,0.25,above,G3,14.5,inside,6,-9,none,not assessed,short,leap-down,-5,no,4,middle,no,no,no,
Sunless 06,16,13,3,A4,69,ɪ,derived from Bozeman soprano,0.5,close,D4,6.96,inside,6,-9,none,not assessed,short,repeated,0,no,4,last,no,no,no,
Sunless 06,16,14,1,A#4,70,ɑ,Bozeman soprano midpoint,1,close,E4,5.5,inside,7,-8,none,not assessed,short,step,1,yes,5,first,no,no,no,
Sunless 06,16,14,3,G#4,68,ɨ,derived from Bozeman soprano,0.5,close,C4,8.11,inside,5,-10,none,not assessed,short,step,-2,no,5,middle,no,no,no,
Sunless 06,16,14,4,F#4,66,ɑ,Bozeman soprano midpoint,0.5,close,E4,1.5,inside,3,-12,none,not assessed,short,step,-2,no,5,middle,no,no,no,turning pitch 0 to 2 st below
Sunless 06,16,15,1,A#4,70,ɛ,Bozeman soprano midpoint,1,close,D#4,7.5,inside,7,-8,none,not assessed,short,leap-up,4,no,5,middle,no,no,no,
Sunless 06,16,15,3,G#4,68,ɨ,derived from Bozeman soprano,0.5,close,C4,8.11,inside,5,-10,none,not assessed,short,step,-2,no,5,middle,no,no,no,
Sunless 06,16,15,4,F#4,66,ɪ,derived from Bozeman soprano,0.5,close,D4,3.96,inside,3,-12,none,not assessed,short,step,-2,no,5,middle,no,no,no,
Sunless 06,16,16,1,F4,65,ɛ,Bozeman soprano midpoint,0.5,close,D#4,2.5,inside,2,-13,none,not assessed,short,step,-1,no,5,middle,no,no,no,
Sunless 06,16,16,2,F5,77,ɛ,Bozeman soprano midpoint,0.5,above,D#4,14.5,inside,14,-1,none,not assessed,short,leap-up,12,no,5,middle,yes,yes,yes,highest of phrase
Sunless 06,16,16,3,C#5,73,ɨ,derived from Bozeman soprano,0.5,above,C4,13.11,inside,10,-5,none,not assessed,short,leap-down,-4,no,5,middle,no,no,no,
Sunless 06,16,16,4,A4,69,i,Bozeman soprano midpoint,0.5,above,G3,14.5,inside,6,-9,none,not assessed,short,leap-down,-4,no,5,middle,no,no,no,
Sunless 06,16,17,1,F4,65,u,Bozeman soprano midpoint,0.75,close,G#3,9,inside,2,-13,none,not assessed,short,leap-down,-4,no,5,middle,no,no,no,
Sunless 06,16,17,2.5,G4,67,u,Bozeman soprano midpoint,0.25,close,G#3,11,inside,4,-11,none,not assessed,short,step,2,no,5,middle,no,no,no,
Sunless 06,16,17,3,A4,69,none resolved,not assessed,0.5,not assessed,not assessed,not assessed,inside,6,-9,not assessed,not assessed,short,step,2,no,5,last,no,no,no,
Sunless 06,16,18,1,F5,77,ɛ,Bozeman soprano midpoint,1,above,D#4,14.5,inside,14,-1,none,not assessed,short,leap-up,8,yes,6,first,yes,yes,yes,highest of phrase
Sunless 06,16,18,3,E5,76,u,Bozeman soprano midpoint,0.25,above,G#3,20,inside,13,-2,none,not assessed,short,step,-1,no,6,last,no,no,no,
Sunless 06,16,18,4,A4,69,ɑ,Bozeman soprano midpoint,0.5,close,E4,4.5,inside,6,-9,none,not assessed,short,leap-down,-7,yes,7,first,no,no,no,
Sunless 06,16,19,1,C5,72,ɑ,Bozeman soprano midpoint,1,close,E4,7.5,inside,9,-6,none,not assessed,short,leap-up,3,no,7,middle,yes,no,no,highest of phrase
Sunless 06,16,19,3,F4,65,none resolved,not assessed,0.25,not assessed,not assessed,not assessed,inside,2,-13,not assessed,not assessed,short,leap-down,-7,no,7,last,no,no,no,
Sunless 06,16,19,4,A4,69,ɑ,Bozeman soprano midpoint,0.25,close,E4,4.5,inside,6,-9,none,not assessed,short,leap-up,4,yes,8,first,no,no,no,
Sunless 06,16,19,4.5,C5,72,ɑ,Bozeman soprano midpoint,0.25,close,E4,7.5,inside,9,-6,none,not assessed,short,leap-up,3,no,8,middle,no,no,no,
Sunless 06,16,20,1,F5,77,ɑ,Bozeman soprano midpoint,1,above,E4,12.5,inside,14,-1,none,not assessed,short,leap-up,5,no,8,middle,yes,yes,yes,highest of phrase
Sunless 06,16,20,3,E5,76,e,Bozeman soprano midpoint,0.25,above,D4,14.5,inside,13,-2,none,not assessed,short,step,-1,no,8,middle,no,no,no,
Sunless 06,16,20,3.5,F5,77,e,Bozeman soprano midpoint,0.25,above,D4,15.5,inside,14,-1,none,not assessed,short,step,1,no,8,middle,yes,yes,yes,highest of phrase
Sunless 06,16,20,4,E5,76,o,Bozeman soprano midpoint,0.25,above,D4,14.5,inside,13,-2,none,not assessed,short,step,-1,no,8,middle,no,no,no,
Sunless 06,16,20,4.5,A4,69,o,Bozeman soprano midpoint,0.25,close,D4,7.5,inside,6,-9,none,not assessed,short,leap-down,-7,no,8,middle,no,no,no,
Sunless 06,16,21,1,D5,74,ɛ,Bozeman soprano midpoint,0.5,close,D#4,11.5,inside,11,-4,none,not assessed,short,leap-up,5,no,8,middle,no,no,no,
Sunless 06,16,21,2,C5,72,ɨ,derived from Bozeman soprano,0.25,crossing,C4,12.11,inside,9,-6,none,not assessed,short,step,-2,no,8,middle,no,no,no,crossing
Sunless 06,16,21,2.5,B4,71,ɨ,derived from Bozeman soprano,0.25,close,C4,11.11,inside,8,-7,none,not assessed,short,step,-1,no,8,middle,no,no,no,
Sunless 06,16,21,3,A4,69,ɪ,derived from Bozeman soprano,0.5,close,D4,6.96,inside,6,-9,none,not assessed,short,step,-2,no,8,last,no,no,no,
Sunless 06,16,22,1,A#4,70,o,Bozeman soprano midpoint,1,close,D4,8.5,inside,7,-8,none,not assessed,short,step,1,yes,9,first,no,no,no,
Sunless 06,16,22,3,C#5,73,ʌ,derived from Bozeman soprano,0.5,close,E4,8.5,inside,10,-5,none,not assessed,short,leap-up,3,no,9,middle,no,no,no,
Sunless 06,16,22,4,D5,74,i,Bozeman soprano midpoint,0.5,above,G3,19.5,inside,11,-4,none,not assessed,short,step,1,no,9,middle,no,no,no,
Sunless 06,16,23,1,D5,74,o,Bozeman soprano midpoint,1,crossing,D4,12.5,inside,11,-4,none,not assessed,short,repeated,0,no,9,middle,no,no,no,crossing
Sunless 06,16,23,3,C#5,73,ʌ,derived from Bozeman soprano,0.5,close,E4,8.5,inside,10,-5,none,not assessed,short,step,-1,no,9,middle,no,no,no,
Sunless 06,16,23,4,C5,72,ɪ,derived from Bozeman soprano,0.5,close,D4,9.96,inside,9,-6,none,not assessed,short,step,-1,no,9,middle,no,no,no,
Sunless 06,16,24,1,D#5,75,i,Bozeman soprano midpoint,0.5,above,G3,20.5,inside,12,-3,none,not assessed,short,leap-up,3,no,9,middle,no,no,no,
Sunless 06,16,24,2,F5,77,i,Bozeman soprano midpoint,0.5,above,G3,22.5,inside,14,-1,none,not assessed,short,step,2,no,9,middle,yes,yes,yes,highest of phrase
Sunless 06,16,24,3,C#5,73,ɨ,derived from Bozeman soprano,0.5,above,C4,13.11,inside,10,-5,none,not assessed,short,leap-down,-4,no,9,middle,no,no,no,
Sunless 06,16,24,4,A4,69,ɑ,Bozeman soprano midpoint,0.5,close,E4,4.5,inside,6,-9,none,not assessed,short,leap-down,-4,no,9,middle,no,no,no,
Sunless 06,16,25,1,C5,72,u,Bozeman soprano midpoint,0.75,above,G#3,16,inside,9,-6,none,not assessed,short,leap-up,3,no,9,middle,no,no,no,
Sunless 06,16,25,2.5,A4,69,u,Bozeman soprano midpoint,0.25,above,G#3,13,inside,6,-9,none,not assessed,short,leap-down,-3,no,9,middle,no,no,no,
Sunless 06,16,25,3,A4,69,e,Bozeman soprano midpoint,0.5,close,D4,7.5,inside,6,-9,none,not assessed,short,repeated,0,no,9,last,no,no,no,
Sunless 06,16,26,1,D#5,75,ɨ,derived from Bozeman soprano,1,above,C4,15.11,inside,12,-3,none,not assessed,short,leap-up,6,yes,10,first,yes,no,no,highest of phrase
Sunless 06,16,26,3,C#5,73,ɑ,Bozeman soprano midpoint,0.5,close,E4,8.5,inside,10,-5,none,not assessed,short,step,-2,no,10,middle,no,no,no,
Sunless 06,16,26,4,A#4,70,none resolved,not assessed,0.5,not assessed,not assessed,not assessed,inside,7,-8,not assessed,not assessed,short,leap-down,-3,no,10,middle,no,no,no,
Sunless 06,16,27,1,C#5,73,u,Bozeman soprano midpoint,1,above,G#3,17,inside,10,-5,none,not assessed,short,leap-up,3,no,10,middle,no,no,no,
Sunless 06,16,27,3,C5,72,ɨ,derived from Bozeman soprano,0.25,crossing,C4,12.11,inside,9,-6,none,not assessed,short,step,-1,no,10,last,no,no,no,crossing
Sunless 06,16,27,4,F5,77,i,Bozeman soprano midpoint,0.5,above,G3,22.5,inside,14,-1,none,not assessed,short,leap-up,5,yes,11,first,no,yes,no,
Sunless 06,16,28,1,F#5,78,ɑ,Bozeman soprano midpoint,1,above,E4,13.5,inside,15,0,none,not assessed,short,step,1,no,11,middle,yes,yes,yes,highest of phrase
Sunless 06,16,28,3,E5,76,i,Bozeman soprano midpoint,0.5,above,G3,21.5,inside,13,-2,none,not assessed,short,step,-2,no,11,middle,no,no,no,
Sunless 06,16,28,4,C#5,73,ɛ,Bozeman soprano midpoint,0.5,close,D#4,10.5,inside,10,-5,none,not assessed,short,leap-down,-3,no,11,middle,no,no,no,
Sunless 06,16,29,1,E5,76,ɛ,Bozeman soprano midpoint,0.75,above,D#4,13.5,inside,13,-2,none,not assessed,short,leap-up,3,no,11,middle,no,no,no,
Sunless 06,16,29,2.5,C#5,73,ɨ,derived from Bozeman soprano,0.25,above,C4,13.11,inside,10,-5,none,not assessed,short,leap-down,-3,no,11,middle,no,no,no,
Sunless 06,16,29,3,C5,72,ɛ,Bozeman soprano midpoint,0.5,close,D#4,9.5,inside,9,-6,none,not assessed,short,step,-1,no,11,last,no,no,no,
Sunless 06,16,30,1,G4,67,o,Bozeman soprano midpoint,0.5,close,D4,5.5,inside,4,-11,none,not assessed,short,leap-down,-5,yes,12,first,no,no,no,
Sunless 06,16,30,2,A#4,70,o,Bozeman soprano midpoint,0.5,close,D4,8.5,inside,7,-8,none,not assessed,short,leap-up,3,no,12,middle,no,no,no,
Sunless 06,16,30,3,C#5,73,ʌ,derived from Bozeman soprano,0.5,close,E4,8.5,inside,10,-5,none,not assessed,short,leap-up,3,no,12,middle,no,no,no,
Sunless 06,16,30,4,A4,69,i,Bozeman soprano midpoint,0.25,above,G3,14.5,inside,6,-9,none,not assessed,short,leap-down,-4,no,12,middle,no,no,no,
Sunless 06,16,30,4.5,C5,72,i,Bozeman soprano midpoint,0.25,above,G3,17.5,inside,9,-6,none,not assessed,short,leap-up,3,no,12,middle,no,no,no,
Sunless 06,16,31,1,D#5,75,ɛ,Bozeman soprano midpoint,0.75,crossing,D#4,12.5,inside,12,-3,none,not assessed,short,leap-up,3,no,12,middle,yes,no,no,highest of phrase; crossing
Sunless 06,16,31,2.5,A4,69,ʌ,derived from Bozeman soprano,0.25,close,E4,4.5,inside,6,-9,none,not assessed,short,leap-down,-6,no,12,middle,no,no,no,
Sunless 06,16,31,3,A4,69,ɨ,derived from Bozeman soprano,0.5,close,C4,9.11,inside,6,-9,none,not assessed,short,repeated,0,no,12,last,no,no,no,
Sunless 06,16,32,1,F5,77,u,Bozeman soprano midpoint,1,above,G#3,21,inside,14,-1,none,not assessed,short,leap-up,8,yes,13,first,yes,yes,yes,highest of phrase
Sunless 06,16,32,3,C#5,73,u,Bozeman soprano midpoint,0.5,above,G#3,17,inside,10,-5,none,not assessed,short,leap-down,-4,no,13,middle,no,no,no,
Sunless 06,16,32,4,A4,69,ɑ,Bozeman soprano midpoint,0.5,close,E4,4.5,inside,6,-9,none,not assessed,short,leap-down,-4,no,13,middle,no,no,no,
Sunless 06,16,33,1,C5,72,u,Bozeman soprano midpoint,0.75,above,G#3,16,inside,9,-6,none,not assessed,short,leap-up,3,no,13,middle,no,no,no,
Sunless 06,16,33,2.5,F4,65,u,Bozeman soprano midpoint,0.25,close,G#3,9,inside,2,-13,none,not assessed,short,leap-down,-7,no,13,middle,no,no,no,
Sunless 06,16,33,3,F4,65,i,Bozeman soprano midpoint,0.5,close,G3,10.5,inside,2,-13,none,not assessed,short,repeated,0,no,13,last,no,no,no,
Sunless 06,16,34,1,A#4,70,ɛ,Bozeman soprano midpoint,1,close,D#4,7.5,inside,7,-8,none,not assessed,short,leap-up,5,yes,14,first,yes,no,no,highest of phrase
Sunless 06,16,34,3,G4,67,ɨ,derived from Bozeman soprano,0.5,close,C4,7.11,inside,4,-11,none,not assessed,short,leap-down,-3,no,14,last,no,no,no,
Sunless 06,16,34,4.5,A#4,70,u,Bozeman soprano midpoint,0.25,above,G#3,14,inside,7,-8,none,not assessed,short,leap-up,3,yes,15,first,no,no,no,
Sunless 06,16,35,1,C#5,73,ɑ,Bozeman soprano midpoint,1,close,E4,8.5,inside,10,-5,none,not assessed,short,leap-up,3,no,15,middle,yes,no,no,highest of phrase
Sunless 06,16,35,3,A#4,70,ɪ,derived from Bozeman soprano,0.25,close,D4,7.96,inside,7,-8,none,not assessed,short,leap-down,-3,no,15,last,no,no,no,
Sunless 06,16,35,4.5,A#4,70,ʌ,derived from Bozeman soprano,0.25,close,E4,5.5,inside,7,-8,none,not assessed,short,repeated,0,yes,16,first,no,no,no,
Sunless 06,16,36,1,D#5,75,ɑ,Bozeman soprano midpoint,1,close,E4,10.5,inside,12,-3,none,not assessed,short,leap-up,5,no,16,middle,yes,no,no,highest of phrase
Sunless 06,16,36,3,C5,72,i,Bozeman soprano midpoint,0.5,above,G3,17.5,inside,9,-6,none,not assessed,short,leap-down,-3,no,16,middle,no,no,no,
Sunless 06,16,36,4,D#5,75,ɑ,Bozeman soprano midpoint,0.5,close,E4,10.5,inside,12,-3,none,not assessed,short,leap-up,3,no,16,middle,yes,no,no,highest of phrase
Sunless 06,16,37,1,D5,74,e,Bozeman soprano midpoint,0.75,crossing,D4,12.5,inside,11,-4,none,not assessed,short,step,-1,no,16,middle,no,no,no,crossing
Sunless 06,16,37,2.5,G4,67,i,Bozeman soprano midpoint,0.25,crossing,G3,12.5,inside,4,-11,none,not assessed,short,leap-down,-7,no,16,middle,no,no,no,crossing
Sunless 06,16,37,3,G4,67,ɪ,derived from Bozeman soprano,0.5,close,D4,4.96,inside,4,-11,none,not assessed,short,repeated,0,no,16,last,no,no,no,
Sunless 06,16,38,3,C#5,73,u,Bozeman soprano midpoint,0.5,above,G#3,17,inside,10,-5,none,not assessed,short,leap-up,6,yes,17,first,no,no,no,
Sunless 06,16,38,4,A4,69,ɑ,Bozeman soprano midpoint,0.25,close,E4,4.5,inside,6,-9,none,not assessed,short,leap-down,-4,no,17,middle,no,no,no,
Sunless 06,16,38,4.5,C5,72,e,Bozeman soprano midpoint,0.25,close,D4,10.5,inside,9,-6,none,not assessed,short,leap-up,3,no,17,middle,no,no,no,
Sunless 06,16,39,1,D#5,75,i,Bozeman soprano midpoint,0.75,above,G3,20.5,inside,12,-3,none,not assessed,short,leap-up,3,no,17,middle,yes,no,no,highest of phrase
Sunless 06,16,39,2.5,C5,72,i,Bozeman soprano midpoint,0.25,above,G3,17.5,inside,9,-6,none,not assessed,short,leap-down,-3,no,17,middle,no,no,no,
Sunless 06,16,39,3,C5,72,o,Bozeman soprano midpoint,0.5,close,D4,10.5,inside,9,-6,none,not assessed,short,repeated,0,no,17,last,no,no,no,
Sunless 06,16,40,1,F5,77,none resolved,not assessed,1,not assessed,not assessed,not assessed,inside,14,-1,not assessed,not assessed,short,leap-up,5,yes,18,first,yes,yes,yes,highest of phrase
Sunless 06,16,40,3,C#5,73,none resolved,not assessed,0.5,not assessed,not assessed,not assessed,inside,10,-5,not assessed,not assessed,short,leap-down,-4,no,18,middle,no,no,no,
Sunless 06,16,40,4,A4,69,none resolved,not assessed,0.5,not assessed,not assessed,not assessed,inside,6,-9,not assessed,not assessed,short,leap-down,-4,no,18,middle,no,no,no,
Sunless 06,16,41,1,C5,72,none resolved,not assessed,0.75,not assessed,not assessed,not assessed,inside,9,-6,not assessed,not assessed,short,leap-up,3,no,18,middle,no,no,no,
Sunless 06,16,41,2.5,A4,69,none resolved,not assessed,0.25,not assessed,not assessed,not assessed,inside,6,-9,not assessed,not assessed,short,leap-down,-3,no,18,middle,no,no,no,
Sunless 06,16,41,3,A4,69,none resolved,not assessed,0.5,not assessed,not assessed,not assessed,inside,6,-9,not assessed,not assessed,short,repeated,0,no,18,last,no,no,no,
Sunless 06,16,42,3,C#5,73,none resolved,not assessed,0.5,not assessed,not assessed,not assessed,inside,10,-5,not assessed,not assessed,short,leap-up,4,yes,19,first,no,no,no,
Sunless 06,16,42,4,A4,69,none resolved,not assessed,0.25,not assessed,not assessed,not assessed,inside,6,-9,not assessed,not assessed,short,leap-down,-4,no,19,middle,no,no,no,
Sunless 06,16,42,4.5,C5,72,none resolved,not assessed,0.25,not assessed,not assessed,not assessed,inside,9,-6,not assessed,not assessed,short,leap-up,3,no,19,middle,no,no,no,
Sunless 06,16,43,1,D#5,75,none resolved,not assessed,0.5,not assessed,not assessed,not assessed,inside,12,-3,not assessed,not assessed,short,leap-up,3,no,19,last,yes,no,no,highest of phrase
Sunless 06,16,43,3,E5,76,none resolved,not assessed,0.75,not assessed,not assessed,not assessed,inside,13,-2,not assessed,not assessed,short,step,1,yes,20,first,no,no,no,
Sunless 06,16,43,4.5,F5,77,none resolved,not assessed,0.25,not assessed,not assessed,not assessed,inside,14,-1,not assessed,not assessed,short,step,1,no,20,middle,yes,yes,yes,highest of phrase
Sunless 06,16,44,1,F5,77,none resolved,not assessed,1,not assessed,not assessed,not assessed,inside,14,-1,not assessed,not assessed,short,repeated,0,no,20,middle,yes,yes,yes,highest of phrase
Sunless 06,16,44,3,C#5,73,none resolved,not assessed,0.5,not assessed,not assessed,not assessed,inside,10,-5,not assessed,not assessed,short,leap-down,-4,no,20,middle,no,no,no,
Sunless 06,16,44,4,A4,69,none resolved,not assessed,0.5,not assessed,not assessed,not assessed,inside,6,-9,not assessed,not assessed,short,leap-down,-4,no,20,middle,no,no,no,
Sunless 06,16,45,1,F4,65,none resolved,not assessed,0.75,not assessed,not assessed,not assessed,inside,2,-13,not assessed,not assessed,short,leap-down,-4,no,20,middle,no,no,no,
Sunless 06,16,45,2.5,G4,67,none resolved,not assessed,0.25,not assessed,not assessed,not assessed,inside,4,-11,not assessed,not assessed,short,step,2,no,20,middle,no,no,no,
Sunless 06,16,45,3,A4,69,none resolved,not assessed,0.5,not assessed,not assessed,not assessed,inside,6,-9,not assessed,not assessed,short,step,2,no,20,last,no,no,no,
Sunless 06,16,46,1,G4,67,none resolved,not assessed,0.5,not assessed,not assessed,not assessed,inside,4,-11,not assessed,not assessed,short,step,-2,yes,21,first,no,no,no,
Sunless 06,16,46,2,A#4,70,none resolved,not assessed,0.5,not assessed,not assessed,not assessed,inside,7,-8,not assessed,not assessed,short,leap-up,3,no,21,middle,no,no,no,
Sunless 06,16,46,3,C#5,73,none resolved,not assessed,0.5,not assessed,not assessed,not assessed,inside,10,-5,not assessed,not assessed,short,leap-up,3,no,21,middle,no,no,no,
Sunless 06,16,46,4,A4,69,none resolved,not assessed,0.25,not assessed,not assessed,not assessed,inside,6,-9,not assessed,not assessed,short,leap-down,-4,no,21,middle,no,no,no,
Sunless 06,16,46,4.5,C5,72,none resolved,not assessed,0.25,not assessed,not assessed,not assessed,inside,9,-6,not assessed,not assessed,short,leap-up,3,no,21,middle,no,no,no,
Sunless 06,16,47,1,D#5,75,none resolved,not assessed,0.5,not assessed,not assessed,not assessed,inside,12,-3,not assessed,not assessed,short,leap-up,3,no,21,middle,yes,no,no,highest of phrase
Sunless 06,16,47,2,D#5,75,none resolved,not assessed,0.25,not assessed,not assessed,not assessed,inside,12,-3,not assessed,not assessed,short,tie,0,no,21,last,yes,no,no,highest of phrase
Sunless 06,16,47,3,E5,76,none resolved,not assessed,0.5,not assessed,not assessed,not assessed,inside,13,-2,not assessed,not assessed,short,step,1,yes,22,first,no,no,no,
Sunless 06,16,47,4,F5,77,none resolved,not assessed,0.5,not assessed,not assessed,not assessed,inside,14,-1,not assessed,not assessed,short,step,1,no,22,middle,yes,yes,yes,highest of phrase
Sunless 06,16,48,1,C#5,73,none resolved,not assessed,1,not assessed,not assessed,not assessed,inside,10,-5,not assessed,not assessed,short,leap-down,-4,no,22,middle,no,no,no,
Sunless 06,16,48,3,A4,69,none resolved,not assessed,0.5,not assessed,not assessed,not assessed,inside,6,-9,not assessed,not assessed,short,leap-down,-4,no,22,middle,no,no,no,
Sunless 06,16,48,4,F#4,66,none resolved,not assessed,0.5,not assessed,not assessed,not assessed,inside,3,-12,not assessed,not assessed,short,leap-down,-3,no,22,middle,no,no,no,
Sunless 06,16,49,1,F4,65,none resolved,not assessed,0.75,not assessed,not assessed,not assessed,inside,2,-13,not assessed,not assessed,short,step,-1,no,22,middle,no,no,no,
Sunless 06,16,49,2.5,F4,65,none resolved,not assessed,0.25,not assessed,not assessed,not assessed,inside,2,-13,not assessed,not assessed,short,repeated,0,no,22,middle,no,no,no,
Sunless 06,16,49,3,F4,65,none resolved,not assessed,0.5,not assessed,not assessed,not assessed,inside,2,-13,not assessed,not assessed,short,repeated,0,no,22,last,no,no,no,
Kabalevsky T01,17,4,3,F4,65,i,Bozeman soprano midpoint,0.952,close,G3,10.5,inside,2,-13,none,not assessed,short,first note,,,0,first,no,no,no,
Kabalevsky T01,17,5,1,F4,65,ɛ,Bozeman soprano midpoint,1.905,close,D#4,2.5,inside,2,-13,none,not assessed,short,repeated,0,no,0,middle,no,no,no,
Kabalevsky T01,17,5,3,G4,67,i,Bozeman soprano midpoint,0.952,crossing,G3,12.5,inside,4,-11,none,not assessed,short,step,2,no,0,middle,no,no,no,crossing
Kabalevsky T01,17,6,1,G4,67,ɑ,Bozeman soprano midpoint,1.905,close,E4,2.5,inside,4,-11,none,not assessed,short,repeated,0,no,0,middle,no,no,no,
Kabalevsky T01,17,6,3,A4,69,i,Bozeman soprano midpoint,0.952,above,G3,14.5,inside,6,-9,none,not assessed,short,step,2,no,0,middle,no,no,no,
Kabalevsky T01,17,7,1,A4,69,o,Bozeman soprano midpoint,1.429,close,D4,7.5,inside,6,-9,none,not assessed,short,repeated,0,no,0,middle,no,no,no,
Kabalevsky T01,17,7,2.5,A#4,70,none resolved,not assessed,0.476,not assessed,not assessed,not assessed,inside,7,-8,not assessed,not assessed,short,step,1,no,0,middle,no,no,no,
Kabalevsky T01,17,7,3,C5,72,ʌ,derived from Bozeman soprano,0.476,close,E4,7.5,inside,9,-6,none,not assessed,short,step,2,no,0,middle,no,no,no,
Kabalevsky T01,17,7,3.5,A#4,70,ɑ,Bozeman soprano midpoint,0.476,close,E4,5.5,inside,7,-8,none,not assessed,short,step,-2,no,0,middle,no,no,no,
Kabalevsky T01,17,8,1,D5,74,i,Bozeman soprano midpoint,1.905,above,G3,19.5,inside,11,-4,none,not assessed,short,leap-up,4,no,0,middle,no,no,no,
Kabalevsky T01,17,8,3,G4,67,i,Bozeman soprano midpoint,0.952,crossing,G3,12.5,inside,4,-11,none,not assessed,short,leap-down,-7,no,0,middle,no,no,no,crossing
Kabalevsky T01,17,9,1,D#5,75,ɛ,Bozeman soprano midpoint,1.905,crossing,D#4,12.5,inside,12,-3,none,not assessed,short,leap-up,8,no,0,middle,yes,no,no,highest of phrase; crossing
Kabalevsky T01,17,9,3,A#4,70,i,Bozeman soprano midpoint,0.952,above,G3,15.5,inside,7,-8,none,not assessed,short,leap-down,-5,no,0,middle,no,no,no,
Kabalevsky T01,17,10,1,A4,69,ɑ,Bozeman soprano midpoint,1.905,close,E4,4.5,inside,6,-9,none,not assessed,short,step,-1,no,0,last,no,no,no,
Kabalevsky T01,17,10,3,F4,65,ɪ,derived from Bozeman soprano,0.952,close,D4,2.96,inside,2,-13,none,not assessed,short,leap-down,-4,no,1,first,no,no,no,
Kabalevsky T01,17,11,1,F5,77,ɑ,Bozeman soprano midpoint,1.429,above,E4,12.5,inside,14,-1,none,not assessed,short,leap-up,12,no,1,middle,yes,yes,yes,highest of phrase
Kabalevsky T01,17,11,2.5,D5,74,u,Bozeman soprano midpoint,0.476,above,G#3,18,inside,11,-4,none,not assessed,short,leap-down,-3,no,1,middle,no,no,no,
Kabalevsky T01,17,11,3,D5,74,u,Bozeman soprano midpoint,0.476,above,G#3,18,inside,11,-4,none,not assessed,short,repeated,0,no,1,middle,no,no,no,
Kabalevsky T01,17,11,3.5,C5,72,o,Bozeman soprano midpoint,0.476,close,D4,10.5,inside,9,-6,none,not assessed,short,step,-2,no,1,middle,no,no,no,
Kabalevsky T01,17,12,1,D5,74,i,Bozeman soprano midpoint,1.905,above,G3,19.5,inside,11,-4,none,not assessed,short,step,2,no,1,middle,no,no,no,
Kabalevsky T01,17,12,3,D5,74,ɨ,derived from Bozeman soprano,0.952,above,C4,14.11,inside,11,-4,none,not assessed,short,repeated,0,no,1,last,no,no,no,
Kabalevsky T01,17,13,3,G4,67,o,Bozeman soprano midpoint,0.952,close,D4,5.5,inside,4,-11,none,not assessed,short,leap-down,-7,yes,2,first,no,no,no,
Kabalevsky T01,17,14,1,D#5,75,u,Bozeman soprano midpoint,1.905,above,G#3,19,inside,12,-3,none,not assessed,short,leap-up,8,no,2,middle,no,no,no,
Kabalevsky T01,17,14,3,D5,74,u,Bozeman soprano midpoint,0.952,above,G#3,18,inside,11,-4,none,not assessed,short,step,-1,no,2,middle,no,no,no,
Kabalevsky T01,17,15,1,C5,72,ɨ,derived from Bozeman soprano,0.476,crossing,C4,12.11,inside,9,-6,none,not assessed,short,step,-2,no,2,middle,no,no,no,crossing
Kabalevsky T01,17,15,1.5,A#4,70,ɑ,Bozeman soprano midpoint,0.476,close,E4,5.5,inside,7,-8,none,not assessed,short,step,-2,no,2,middle,no,no,no,
Kabalevsky T01,17,15,2,A4,69,e,Bozeman soprano midpoint,0.952,close,D4,7.5,inside,6,-9,none,not assessed,short,step,-1,no,2,middle,no,no,no,
Kabalevsky T01,17,15,3,D4,62,ɪ,derived from Bozeman soprano,0.952,open,D4,-0.04,below primo,-1,-16,none,not assessed,short,leap-down,-7,no,2,middle,no,yes,no,
Kabalevsky T01,17,16,1,A#4,70,o,Bozeman soprano midpoint,1.905,close,D4,8.5,inside,7,-8,none,not assessed,short,leap-up,8,no,2,middle,no,no,no,
Kabalevsky T01,17,16,3,A4,69,none resolved,not assessed,0.952,not assessed,not assessed,not assessed,inside,6,-9,not assessed,not assessed,short,step,-1,no,2,middle,no,no,no,
Kabalevsky T01,17,17,1,G4,67,i,Bozeman soprano midpoint,1.905,crossing,G3,12.5,inside,4,-11,none,not assessed,short,step,-2,no,2,middle,no,no,no,crossing
Kabalevsky T01,17,17,3,G4,67,o,Bozeman soprano midpoint,0.952,close,D4,5.5,inside,4,-11,none,not assessed,short,repeated,0,no,2,middle,no,no,no,
Kabalevsky T01,17,18,1,G5,79,o,Bozeman soprano midpoint,1.429,above,D4,17.5,above secondo,16,1,none,not assessed,short,leap-up,12,no,2,middle,yes,yes,yes,highest of phrase
Kabalevsky T01,17,18,2.5,F5,77,ɑ,Bozeman soprano midpoint,0.476,above,E4,12.5,inside,14,-1,none,not assessed,short,step,-2,no,2,middle,no,yes,no,
Kabalevsky T01,17,18,3,D#5,75,ɪ,derived from Bozeman soprano,0.476,above,D4,12.96,inside,12,-3,none,not assessed,short,step,-2,no,2,middle,no,no,no,
Kabalevsky T01,17,18,3.5,D5,74,i,Bozeman soprano midpoint,0.476,above,G3,19.5,inside,11,-4,none,not assessed,short,step,-1,no,2,middle,no,no,no,
Kabalevsky T01,17,19,1,D#5,75,e,Bozeman soprano midpoint,1.429,above,D4,13.5,inside,12,-3,none,not assessed,short,step,1,no,2,middle,no,no,no,
Kabalevsky T01,17,19,2.5,D5,74,ɪ,derived from Bozeman soprano,0.476,crossing,D4,11.96,inside,11,-4,none,not assessed,short,step,-1,no,2,middle,no,no,no,crossing
Kabalevsky T01,17,19,3,C5,72,ʌ,derived from Bozeman soprano,0.476,close,E4,7.5,inside,9,-6,none,not assessed,short,step,-2,no,2,middle,no,no,no,
Kabalevsky T01,17,19,3.5,A#4,70,ɑ,Bozeman soprano midpoint,0.476,close,E4,5.5,inside,7,-8,none,not assessed,short,step,-2,no,2,middle,no,no,no,
Kabalevsky T01,17,20,1,C5,72,i,Bozeman soprano midpoint,1.905,above,G3,17.5,inside,9,-6,none,not assessed,short,step,2,no,2,middle,no,no,no,
Kabalevsky T01,17,20,3,C5,72,ʌ,derived from Bozeman soprano,0.952,close,E4,7.5,inside,9,-6,none,not assessed,short,repeated,0,no,2,last,no,no,no,
Kabalevsky T01,17,22,1,G#4,68,ɨ,derived from Bozeman soprano,0.952,close,C4,8.11,inside,5,-10,none,not assessed,short,leap-down,-4,yes,3,first,no,no,no,
Kabalevsky T01,17,22,2,G#4,68,ʌ,derived from Bozeman soprano,0.952,close,E4,3.5,inside,5,-10,none,not assessed,short,repeated,0,no,3,middle,no,no,no,
Kabalevsky T01,17,22,3,G#4,68,ɑ,Bozeman soprano midpoint,0.952,close,E4,3.5,inside,5,-10,none,not assessed,short,repeated,0,no,3,middle,no,no,no,
Kabalevsky T01,17,23,1,A#4,70,i,Bozeman soprano midpoint,1.905,above,G3,15.5,inside,7,-8,none,not assessed,short,step,2,no,3,middle,no,no,no,
Kabalevsky T01,17,23,3,C#5,73,i,Bozeman soprano midpoint,0.952,above,G3,18.5,inside,10,-5,none,not assessed,short,leap-up,3,no,3,middle,no,no,no,
Kabalevsky T01,17,24,1,C5,72,ɨ,derived from Bozeman soprano,1.429,crossing,C4,12.11,inside,9,-6,none,not assessed,short,step,-1,no,3,middle,no,no,no,crossing
Kabalevsky T01,17,24,2.5,A#4,70,i,Bozeman soprano midpoint,0.476,above,G3,15.5,inside,7,-8,none,not assessed,short,step,-2,no,3,middle,no,no,no,
Kabalevsky T01,17,24,3,C5,72,ʌ,derived from Bozeman soprano,0.476,close,E4,7.5,inside,9,-6,none,not assessed,short,step,2,no,3,middle,no,no,no,
Kabalevsky T01,17,24,3.5,D#5,75,ɑ,Bozeman soprano midpoint,0.476,close,E4,10.5,inside,12,-3,none,not assessed,short,leap-up,3,no,3,middle,yes,no,no,highest of phrase
Kabalevsky T01,17,25,1,G#4,68,u,Bozeman soprano midpoint,1.429,crossing,G#3,12,inside,5,-10,none,not assessed,short,leap-down,-7,no,3,middle,no,no,no,crossing
Kabalevsky T01,17,25,2.5,G#4,68,ɑ,Bozeman soprano midpoint,0.476,close,E4,3.5,inside,5,-10,none,not assessed,short,repeated,0,no,3,middle,no,no,no,
Kabalevsky T01,17,25,3,G#4,68,ʌ,derived from Bozeman soprano,0.476,close,E4,3.5,inside,5,-10,none,not assessed,short,repeated,0,no,3,middle,no,no,no,
Kabalevsky T01,17,25,3.5,G#4,68,i,Bozeman soprano midpoint,0.476,above,G3,13.5,inside,5,-10,none,not assessed,short,repeated,0,no,3,middle,no,no,no,
Kabalevsky T01,17,26,1,A4,69,ɑ,Bozeman soprano midpoint,1.905,close,E4,4.5,inside,6,-9,none,not assessed,short,step,1,no,3,middle,no,no,no,
Kabalevsky T01,17,26,3,F#4,66,i,Bozeman soprano midpoint,0.952,close,G3,11.5,inside,3,-12,none,not assessed,short,leap-down,-3,no,3,middle,no,no,no,
Kabalevsky T01,17,27,1,C#5,73,o,Bozeman soprano midpoint,1.429,close,D4,11.5,inside,10,-5,none,not assessed,short,leap-up,7,no,3,middle,no,no,no,
Kabalevsky T01,17,27,2.5,A4,69,ɪ,derived from Bozeman soprano,0.476,close,D4,6.96,inside,6,-9,none,not assessed,short,leap-down,-4,no,3,middle,no,no,no,
Kabalevsky T01,17,27,3,F#4,66,ʌ,derived from Bozeman soprano,0.476,close,E4,1.5,inside,3,-12,none,not assessed,short,leap-down,-3,no,3,middle,no,no,no,turning pitch 0 to 2 st below
Kabalevsky T01,17,27,3.5,D#4,63,ɑ,Bozeman soprano midpoint,0.476,open,E4,-1.5,inside,0,-15,none,not assessed,short,leap-down,-3,no,3,middle,no,yes,no,
Kabalevsky T01,17,28,1,G#4,68,i,Bozeman soprano midpoint,1.905,above,G3,13.5,inside,5,-10,none,not assessed,short,leap-up,5,no,3,middle,no,no,no,
Kabalevsky T01,17,28,3,G#4,68,none resolved,not assessed,0.952,not assessed,not assessed,not assessed,inside,5,-10,not assessed,not assessed,short,repeated,0,no,3,last,no,no,no,
Kabalevsky T01,17,29,3,G#4,68,ɑ,Bozeman soprano midpoint,0.952,close,E4,3.5,inside,5,-10,none,not assessed,short,repeated,0,yes,4,first,no,no,no,
Kabalevsky T01,17,30,1,C#5,73,ɑ,Bozeman soprano midpoint,1.429,close,E4,8.5,inside,10,-5,none,not assessed,short,leap-up,5,no,4,middle,no,no,no,
Kabalevsky T01,17,30,2.5,C#5,73,i,Bozeman soprano midpoint,0.476,above,G3,18.5,inside,10,-5,none,not assessed,short,repeated,0,no,4,middle,no,no,no,
Kabalevsky T01,17,30,3,C#5,73,ɪ,derived from Bozeman soprano,0.476,close,D4,10.96,inside,10,-5,none,not assessed,short,repeated,0,no,4,middle,no,no,no,
Kabalevsky T01,17,30,3.5,C#5,73,ɑ,Bozeman soprano midpoint,0.476,close,E4,8.5,inside,10,-5,none,not assessed,short,repeated,0,no,4,middle,no,no,no,
Kabalevsky T01,17,31,1,C5,72,o,Bozeman soprano midpoint,1.429,close,D4,10.5,inside,9,-6,none,not assessed,short,step,-1,no,4,middle,no,no,no,
Kabalevsky T01,17,31,2.5,G#4,68,ɑ,Bozeman soprano midpoint,0.476,close,E4,3.5,inside,5,-10,none,not assessed,short,leap-down,-4,no,4,middle,no,no,no,
Kabalevsky T01,17,31,3,G#4,68,ʌ,derived from Bozeman soprano,0.476,close,E4,3.5,inside,5,-10,none,not assessed,short,repeated,0,no,4,middle,no,no,no,
Kabalevsky T01,17,31,3.5,G#4,68,ɪ,derived from Bozeman soprano,0.476,close,D4,5.96,inside,5,-10,none,not assessed,short,repeated,0,no,4,middle,no,no,no,
Kabalevsky T01,17,32,1,E5,76,u,Bozeman soprano midpoint,2.857,above,G#3,20,inside,13,-2,none,not assessed,held,leap-up,8,no,4,middle,no,no,no,held
Kabalevsky T01,17,33,1,E5,76,u,Bozeman soprano midpoint,1.905,above,G#3,20,inside,13,-2,none,not assessed,held,tie,0,no,4,middle,no,no,no,held
Kabalevsky T01,17,33,3,E5,76,ɑ,Bozeman soprano midpoint,0.952,crossing,E4,11.5,inside,13,-2,none,not assessed,short,repeated,0,no,4,middle,no,no,no,crossing
Kabalevsky T01,17,34,1,E5,76,o,Bozeman soprano midpoint,1.905,above,D4,14.5,inside,13,-2,none,not assessed,short,repeated,0,no,4,middle,no,no,no,
Kabalevsky T01,17,34,3,C#5,73,i,Bozeman soprano midpoint,0.952,above,G3,18.5,inside,10,-5,none,not assessed,short,leap-down,-3,no,4,middle,no,no,no,
Kabalevsky T01,17,35,1,C#5,73,u,Bozeman soprano midpoint,1.905,above,G#3,17,inside,10,-5,none,not assessed,short,repeated,0,no,4,middle,no,no,no,
Kabalevsky T01,17,35,3,E5,76,ɑ,Bozeman soprano midpoint,0.952,crossing,E4,11.5,inside,13,-2,none,not assessed,short,leap-up,3,no,4,middle,no,no,no,crossing
Kabalevsky T01,17,36,1,E5,76,ɨ,derived from Bozeman soprano,1.429,above,C4,16.11,inside,13,-2,none,not assessed,short,repeated,0,no,4,middle,no,no,no,
Kabalevsky T01,17,36,2.5,C5,72,ɑ,Bozeman soprano midpoint,0.476,close,E4,7.5,inside,9,-6,none,not assessed,short,leap-down,-4,no,4,middle,no,no,no,
Kabalevsky T01,17,36,3,D5,74,ɑ,Bozeman soprano midpoint,0.476,close,E4,9.5,inside,11,-4,none,not assessed,short,step,2,no,4,middle,no,no,no,
Kabalevsky T01,17,36,3.5,C5,72,ɑ,Bozeman soprano midpoint,0.476,close,E4,7.5,inside,9,-6,none,not assessed,short,step,-2,no,4,middle,no,no,no,
Kabalevsky T01,17,37,1,A5,81,i,Bozeman soprano midpoint,2.857,above,G3,26.5,above secondo,18,3,none,not assessed,held,leap-up,9,no,4,middle,yes,no,no,held; highest of phrase
Kabalevsky T01,17,38,1,A5,81,i,Bozeman soprano midpoint,1.429,above,G3,26.5,above secondo,18,3,none,not assessed,held,tie,0,no,4,middle,yes,no,no,held; highest of phrase
Kabalevsky T01,17,38,2.5,F5,77,ɑ,Bozeman soprano midpoint,0.476,above,E4,12.5,inside,14,-1,none,not assessed,short,leap-down,-4,no,4,last,no,yes,no,
Kabalevsky T01,17,40,3,F4,65,o,Bozeman soprano midpoint,0.952,close,D4,3.5,inside,2,-13,none,not assessed,short,leap-down,-12,yes,5,first,yes,no,no,highest of phrase
Kabalevsky T01,17,41,1,F4,65,ɑ,Bozeman soprano midpoint,1.429,close,E4,0.5,inside,2,-13,none,not assessed,short,repeated,0,no,5,middle,yes,no,no,highest of phrase; turning pitch 0 to 2 st below
Kabalevsky T01,17,41,2.5,F4,65,ɑ,Bozeman soprano midpoint,0.476,close,E4,0.5,inside,2,-13,none,not assessed,short,repeated,0,no,5,middle,yes,no,no,highest of phrase; turning pitch 0 to 2 st below
Kabalevsky T01,17,41,3,F4,65,i,Bozeman soprano midpoint,0.476,close,G3,10.5,inside,2,-13,none,not assessed,short,repeated,0,no,5,last,yes,no,no,highest of phrase
Kabalevsky T01,17,41,3.5,G4,67,ɑ,Bozeman soprano midpoint,0.476,close,E4,2.5,inside,4,-11,none,not assessed,short,step,2,no,6,first,no,no,no,
Kabalevsky T01,17,42,1,G4,67,o,Bozeman soprano midpoint,1.429,close,D4,5.5,inside,4,-11,none,not assessed,short,repeated,0,no,6,middle,no,no,no,
Kabalevsky T01,17,42,2.5,A4,69,ɨ,derived from Bozeman soprano,0.476,close,C4,9.11,inside,6,-9,none,not assessed,short,step,2,no,6,middle,no,no,no,
Kabalevsky T01,17,42,3,A#4,70,ɨ,derived from Bozeman soprano,0.476,close,C4,10.11,inside,7,-8,none,not assessed,short,step,1,no,6,middle,no,no,no,
Kabalevsky T01,17,42,3.5,G4,67,o,Bozeman soprano midpoint,0.476,close,D4,5.5,inside,4,-11,none,not assessed,short,leap-down,-3,no,6,middle,no,no,no,
Kabalevsky T01,17,43,1,D5,74,i,Bozeman soprano midpoint,2.857,above,G3,19.5,inside,11,-4,none,not assessed,held,leap-up,7,no,6,middle,no,no,no,held
Kabalevsky T01,17,44,1,D5,74,i,Bozeman soprano midpoint,1.429,above,G3,19.5,inside,11,-4,none,not assessed,held,tie,0,no,6,middle,no,no,no,held
Kabalevsky T01,17,44,2.5,G4,67,o,Bozeman soprano midpoint,0.476,close,D4,5.5,inside,4,-11,none,not assessed,short,leap-down,-7,no,6,middle,no,no,no,
Kabalevsky T01,17,44,3,G4,67,ɪ,derived from Bozeman soprano,0.476,close,D4,4.96,inside,4,-11,none,not assessed,short,repeated,0,no,6,middle,no,no,no,
Kabalevsky T01,17,44,3.5,G4,67,ɑ,Bozeman soprano midpoint,0.476,close,E4,2.5,inside,4,-11,none,not assessed,short,repeated,0,no,6,middle,no,no,no,
Kabalevsky T01,17,45,1,D#5,75,o,Bozeman soprano midpoint,1.905,above,D4,13.5,inside,12,-3,none,not assessed,short,leap-up,8,no,6,middle,no,no,no,
Kabalevsky T01,17,45,3,A#4,70,i,Bozeman soprano midpoint,0.952,above,G3,15.5,inside,7,-8,none,not assessed,short,leap-down,-5,no,6,middle,no,no,no,
Kabalevsky T01,17,46,1,A4,69,o,Bozeman soprano midpoint,1.429,close,D4,7.5,inside,6,-9,none,not assessed,short,step,-1,no,6,middle,no,no,no,
Kabalevsky T01,17,46,2.5,F4,65,ɪ,derived from Bozeman soprano,0.476,close,D4,2.96,inside,2,-13,none,not assessed,short,leap-down,-4,no,6,middle,no,no,no,
Kabalevsky T01,17,46,3,G4,67,o,Bozeman soprano midpoint,0.476,close,D4,5.5,inside,4,-11,none,not assessed,short,step,2,no,6,middle,no,no,no,
Kabalevsky T01,17,46,3.5,F4,65,u,Bozeman soprano midpoint,0.476,close,G#3,9,inside,2,-13,none,not assessed,short,step,-2,no,6,middle,no,no,no,
Kabalevsky T01,17,47,1,F5,77,ɨ,derived from Bozeman soprano,2.857,above,C4,17.11,inside,14,-1,none,not assessed,held,leap-up,12,no,6,middle,yes,yes,yes,held; highest of phrase
Kabalevsky T01,17,48,1,F5,77,ɨ,derived from Bozeman soprano,0.952,above,C4,17.11,inside,14,-1,none,not assessed,held,tie,0,no,6,middle,yes,yes,yes,held; highest of phrase
Kabalevsky T01,17,48,2,D5,74,ɨ,derived from Bozeman soprano,0.952,above,C4,14.11,inside,11,-4,none,not assessed,short,leap-down,-3,no,6,last,no,no,no,
Kabalevsky T01,17,48,3,G4,67,i,Bozeman soprano midpoint,0.952,crossing,G3,12.5,inside,4,-11,none,not assessed,short,leap-down,-7,no,7,first,no,no,no,crossing
Kabalevsky T01,17,49,1,D#5,75,i,Bozeman soprano midpoint,1.905,above,G3,20.5,inside,12,-3,none,not assessed,short,leap-up,8,no,7,middle,no,no,no,
Kabalevsky T01,17,49,3,D5,74,ʌ,derived from Bozeman soprano,0.952,close,E4,9.5,inside,11,-4,none,not assessed,short,step,-1,no,7,middle,no,no,no,
Kabalevsky T01,17,50,1,C5,72,ɑ,Bozeman soprano midpoint,0.476,close,E4,7.5,inside,9,-6,none,not assessed,short,step,-2,no,7,middle,no,no,no,
Kabalevsky T01,17,50,1.5,A#4,70,i,Bozeman soprano midpoint,0.476,above,G3,15.5,inside,7,-8,none,not assessed,short,step,-2,no,7,middle,no,no,no,
Kabalevsky T01,17,50,2,A4,69,o,Bozeman soprano midpoint,0.952,close,D4,7.5,inside,6,-9,none,not assessed,short,step,-1,no,7,middle,no,no,no,
Kabalevsky T01,17,50,3,D4,62,i,Bozeman soprano midpoint,0.952,close,G3,7.5,below primo,-1,-16,none,not assessed,short,leap-down,-7,no,7,middle,no,yes,no,
Kabalevsky T01,17,51,1,A#4,70,e,Bozeman soprano midpoint,1.905,close,D4,8.5,inside,7,-8,none,not assessed,short,leap-up,8,no,7,middle,no,no,no,
Kabalevsky T01,17,51,3,A4,69,ɑ,Bozeman soprano midpoint,0.952,close,E4,4.5,inside,6,-9,none,not assessed,short,step,-1,no,7,middle,no,no,no,
Kabalevsky T01,17,52,1,G4,67,i,Bozeman soprano midpoint,1.429,crossing,G3,12.5,inside,4,-11,none,not assessed,short,step,-2,no,7,middle,no,no,no,crossing
Kabalevsky T01,17,52,2.5,G4,67,ɑ,Bozeman soprano midpoint,0.476,close,E4,2.5,inside,4,-11,none,not assessed,short,repeated,0,no,7,middle,no,no,no,
Kabalevsky T01,17,52,3,G4,67,ɑ,Bozeman soprano midpoint,0.476,close,E4,2.5,inside,4,-11,none,not assessed,short,repeated,0,no,7,middle,no,no,no,
Kabalevsky T01,17,52,3.5,G4,67,u,Bozeman soprano midpoint,0.476,close,G#3,11,inside,4,-11,none,not assessed,short,repeated,0,no,7,middle,no,no,no,
Kabalevsky T01,17,53,1,G5,79,u,Bozeman soprano midpoint,1.905,above,G#3,23,above secondo,16,1,none,not assessed,short,leap-up,12,no,7,middle,yes,yes,yes,highest of phrase
Kabalevsky T01,17,53,3,D5,74,ɛ,Bozeman soprano midpoint,0.952,close,D#4,11.5,inside,11,-4,none,not assessed,short,leap-down,-5,no,7,middle,no,no,no,
Kabalevsky T01,17,54,1,D#5,75,ɛ,Bozeman soprano midpoint,1.429,crossing,D#4,12.5,inside,12,-3,none,not assessed,short,step,1,no,7,middle,no,no,no,crossing
Kabalevsky T01,17,54,2.5,D5,74,o,Bozeman soprano midpoint,0.476,crossing,D4,12.5,inside,11,-4,none,not assessed,short,step,-1,no,7,middle,no,no,no,crossing
Kabalevsky T01,17,54,3,C5,72,ɨ,derived from Bozeman soprano,0.476,crossing,C4,12.11,inside,9,-6,none,not assessed,short,step,-2,no,7,middle,no,no,no,crossing
Kabalevsky T01,17,54,3.5,G4,67,ɪ,derived from Bozeman soprano,0.476,close,D4,4.96,inside,4,-11,none,not assessed,short,leap-down,-5,no,7,middle,no,no,no,
Kabalevsky T01,17,55,1,A#4,70,ɨ,derived from Bozeman soprano,1.905,close,C4,10.11,inside,7,-8,none,not assessed,short,leap-up,3,no,7,middle,no,no,no,
Kabalevsky T01,17,55,3,A4,69,ɨ,derived from Bozeman soprano,0.952,close,C4,9.11,inside,6,-9,none,not assessed,short,step,-1,no,7,last,no,no,no,
Kabalevsky T01,17,57,1,F4,65,ɨ,derived from Bozeman soprano,0.952,close,C4,5.11,inside,2,-13,none,not assessed,short,leap-down,-4,yes,8,first,no,no,no,
Kabalevsky T01,17,57,2,G4,67,u,Bozeman soprano midpoint,0.952,close,G#3,11,inside,4,-11,none,not assessed,short,step,2,no,8,middle,no,no,no,
Kabalevsky T01,17,57,3,F4,65,ɪ,derived from Bozeman soprano,0.952,close,D4,2.96,inside,2,-13,none,not assessed,short,step,-2,no,8,middle,no,no,no,
Kabalevsky T01,17,58,1,A#4,70,ɨ,derived from Bozeman soprano,1.905,close,C4,10.11,inside,7,-8,none,not assessed,short,leap-up,5,no,8,middle,no,no,no,
Kabalevsky T01,17,58,3,F4,65,ɪ,derived from Bozeman soprano,0.952,close,D4,2.96,inside,2,-13,none,not assessed,short,leap-down,-5,no,8,middle,no,no,no,
Kabalevsky T01,17,59,1,F4,65,o,Bozeman soprano midpoint,1.429,close,D4,3.5,inside,2,-13,none,not assessed,short,repeated,0,no,8,middle,no,no,no,
Kabalevsky T01,17,59,2.5,F4,65,ɑ,Bozeman soprano midpoint,0.476,close,E4,0.5,inside,2,-13,none,not assessed,short,repeated,0,no,8,middle,no,no,no,turning pitch 0 to 2 st below
Kabalevsky T01,17,59,3,G4,67,i,Bozeman soprano midpoint,0.476,crossing,G3,12.5,inside,4,-11,none,not assessed,short,step,2,no,8,middle,no,no,no,crossing
Kabalevsky T01,17,59,3.5,F4,65,u,Bozeman soprano midpoint,0.476,close,G#3,9,inside,2,-13,none,not assessed,short,step,-2,no,8,middle,no,no,no,
Kabalevsky T01,17,60,1,D5,74,ɑ,Bozeman soprano midpoint,2.857,close,E4,9.5,inside,11,-4,none,not assessed,held,leap-up,9,no,8,middle,no,no,no,held
Kabalevsky T01,17,61,1,G5,79,ɑ,Bozeman soprano midpoint,2.857,above,E4,14.5,above secondo,16,1,none,not assessed,held,leap-up,5,no,8,middle,yes,yes,yes,held; highest of phrase
Kabalevsky T01,17,62,1,G5,79,ɑ,Bozeman soprano midpoint,0.952,above,E4,14.5,above secondo,16,1,none,not assessed,held,tie,0,no,8,middle,yes,yes,yes,held; highest of phrase
Kabalevsky T01,17,62,2,C5,72,ɛ,Bozeman soprano midpoint,0.952,close,D#4,9.5,inside,9,-6,none,not assessed,short,leap-down,-7,no,8,middle,no,no,no,
Kabalevsky T01,17,62,3,D5,74,ɨ,derived from Bozeman soprano,0.952,above,C4,14.11,inside,11,-4,none,not assessed,short,step,2,no,8,middle,no,no,no,
Kabalevsky T01,17,63,1,D#5,75,o,Bozeman soprano midpoint,1.905,above,D4,13.5,inside,12,-3,none,not assessed,short,step,1,no,8,middle,no,no,no,
Kabalevsky T01,17,63,3,A#4,70,ɨ,derived from Bozeman soprano,0.952,close,C4,10.11,inside,7,-8,none,not assessed,short,leap-down,-5,no,8,middle,no,no,no,
Kabalevsky T01,17,64,1,D5,74,ɑ,Bozeman soprano midpoint,1.905,close,E4,9.5,inside,11,-4,none,not assessed,short,leap-up,4,no,8,middle,no,no,no,
Kabalevsky T01,17,64,3,F5,77,ɪ,derived from Bozeman soprano,0.952,above,D4,14.96,inside,14,-1,none,not assessed,short,leap-up,3,no,8,last,no,yes,no,
Kabalevsky T01,17,65,2,G4,67,ʌ,derived from Bozeman soprano,0.952,close,E4,2.5,inside,4,-11,none,not assessed,short,leap-down,-10,yes,9,first,no,no,no,
Kabalevsky T01,17,65,3,A4,69,u,Bozeman soprano midpoint,0.952,above,G#3,13,inside,6,-9,none,not assessed,short,step,2,no,9,middle,no,no,no,
Kabalevsky T01,17,66,1,D5,74,ɑ,Bozeman soprano midpoint,2.857,close,E4,9.5,inside,11,-4,none,not assessed,held,leap-up,5,no,9,middle,yes,no,no,held; highest of phrase
Kabalevsky T01,17,67,1,D5,74,ɑ,Bozeman soprano midpoint,2.857,close,E4,9.5,inside,11,-4,none,not assessed,held,tie,0,no,9,last,yes,no,no,held; highest of phrase
Kabalevsky T02,17,2,2.5,F5,77,u,Bozeman soprano midpoint,0.417,above,G#3,21,inside,14,-1,none,not assessed,short,first note,,,0,first,yes,yes,yes,highest of phrase
Kabalevsky T02,17,3,1,D#5,75,ɑ,Bozeman soprano midpoint,0.417,close,E4,10.5,inside,12,-3,none,not assessed,short,step,-2,no,0,middle,no,no,no,
Kabalevsky T02,17,3,1.5,C#5,73,i,Bozeman soprano midpoint,0.417,above,G3,18.5,inside,10,-5,none,not assessed,short,step,-2,no,0,middle,no,no,no,
Kabalevsky T02,17,3,2,C5,72,i,Bozeman soprano midpoint,0.417,above,G3,17.5,inside,9,-6,none,not assessed,short,step,-1,no,0,middle,no,no,no,
Kabalevsky T02,17,3,2.5,A#4,70,u,Bozeman soprano midpoint,0.417,above,G#3,14,inside,7,-8,none,not assessed,short,step,-2,no,0,middle,no,no,no,
Kabalevsky T02,17,4,1,A4,69,o,Bozeman soprano midpoint,1.25,close,D4,7.5,inside,6,-9,none,not assessed,short,step,-1,no,0,middle,no,no,no,
Kabalevsky T02,17,4,2.5,A#4,70,ɑ,Bozeman soprano midpoint,0.417,close,E4,5.5,inside,7,-8,none,not assessed,short,step,1,no,0,middle,no,no,no,
Kabalevsky T02,17,5,1,C5,72,u,Bozeman soprano midpoint,0.833,above,G#3,16,inside,9,-6,none,not assessed,short,step,2,no,0,middle,no,no,no,
Kabalevsky T02,17,5,2,F#4,66,u,Bozeman soprano midpoint,0.833,close,G#3,10,inside,3,-12,none,not assessed,short,leap-down,-6,no,0,middle,no,no,no,
Kabalevsky T02,17,6,1,F4,65,u,Bozeman soprano midpoint,1.667,close,G#3,9,inside,2,-13,none,not assessed,short,step,-1,no,0,last,no,no,no,
Kabalevsky T02,17,7,1.5,F5,77,ɑ,Bozeman soprano midpoint,0.417,above,E4,12.5,inside,14,-1,none,not assessed,short,leap-up,12,yes,1,first,yes,yes,yes,highest of phrase
Kabalevsky T02,17,7,2,D#5,75,ɛ,Bozeman soprano midpoint,0.417,crossing,D#4,12.5,inside,12,-3,none,not assessed,short,step,-2,no,1,middle,no,no,no,crossing
Kabalevsky T02,17,7,2.5,C#5,73,ɨ,derived from Bozeman soprano,0.417,above,C4,13.11,inside,10,-5,none,not assessed,short,step,-2,no,1,middle,no,no,no,
Kabalevsky T02,17,8,1,C5,72,o,Bozeman soprano midpoint,0.417,close,D4,10.5,inside,9,-6,none,not assessed,short,step,-1,no,1,middle,no,no,no,
Kabalevsky T02,17,8,1.5,A#4,70,ɨ,derived from Bozeman soprano,0.417,close,C4,10.11,inside,7,-8,none,not assessed,short,step,-2,no,1,middle,no,no,no,
Kabalevsky T02,17,8,2,A4,69,ʌ,derived from Bozeman soprano,0.417,close,E4,4.5,inside,6,-9,none,not assessed,short,step,-1,no,1,middle,no,no,no,
Kabalevsky T02,17,8,2.5,A#4,70,i,Bozeman soprano midpoint,0.417,above,G3,15.5,inside,7,-8,none,not assessed,short,step,1,no,1,middle,no,no,no,
Kabalevsky T02,17,9,1,C5,72,i,Bozeman soprano midpoint,1.25,above,G3,17.5,inside,9,-6,none,not assessed,short,step,2,no,1,middle,no,no,no,
Kabalevsky T02,17,9,2.5,F#4,66,ɑ,Bozeman soprano midpoint,0.417,close,E4,1.5,inside,3,-12,none,not assessed,short,leap-down,-6,no,1,middle,no,no,no,turning pitch 0 to 2 st below
Kabalevsky T02,17,10,1,F4,65,e,Bozeman soprano midpoint,1.25,close,D4,3.5,inside,2,-13,none,not assessed,short,step,-1,no,1,middle,no,no,no,
Kabalevsky T02,17,10,2.5,F4,65,i,Bozeman soprano midpoint,0.417,close,G3,10.5,inside,2,-13,none,not assessed,short,repeated,0,no,1,last,no,no,no,
Kabalevsky T02,17,11,1.5,F4,65,o,Bozeman soprano midpoint,0.417,close,D4,3.5,inside,2,-13,none,not assessed,short,repeated,0,yes,2,first,no,no,no,
Kabalevsky T02,17,11,2,F4,65,o,Bozeman soprano midpoint,0.417,close,D4,3.5,inside,2,-13,none,not assessed,short,repeated,0,no,2,middle,no,no,no,
Kabalevsky T02,17,11,2.5,F4,65,ʌ,derived from Bozeman soprano,0.417,close,E4,0.5,inside,2,-13,none,not assessed,short,repeated,0,no,2,middle,no,no,no,turning pitch 0 to 2 st below
Kabalevsky T02,17,12,1,G#4,68,ɑ,Bozeman soprano midpoint,1.25,close,E4,3.5,inside,5,-10,none,not assessed,short,leap-up,3,no,2,middle,no,no,no,
Kabalevsky T02,17,12,2.5,F4,65,u,Bozeman soprano midpoint,0.417,close,G#3,9,inside,2,-13,none,not assessed,short,leap-down,-3,no,2,middle,no,no,no,
Kabalevsky T02,17,13,1,F#4,66,o,Bozeman soprano midpoint,0.417,close,D4,4.5,inside,3,-12,none,not assessed,short,step,1,no,2,middle,no,no,no,
Kabalevsky T02,17,13,1.5,F4,65,u,Bozeman soprano midpoint,0.417,close,G#3,9,inside,2,-13,none,not assessed,short,step,-1,no,2,middle,no,no,no,
Kabalevsky T02,17,13,2,D#4,63,ɑ,Bozeman soprano midpoint,0.417,open,E4,-1.5,inside,0,-15,none,not assessed,short,step,-2,no,2,middle,no,yes,no,
Kabalevsky T02,17,13,2.5,F#4,66,u,Bozeman soprano midpoint,0.417,close,G#3,10,inside,3,-12,none,not assessed,short,leap-up,3,no,2,middle,no,no,no,
Kabalevsky T02,17,14,1,A#4,70,u,Bozeman soprano midpoint,1.667,above,G#3,14,inside,7,-8,none,not assessed,short,leap-up,4,no,2,middle,no,no,no,
Kabalevsky T02,17,15,1,A#4,70,u,Bozeman soprano midpoint,0.417,above,G#3,14,inside,7,-8,none,not assessed,short,tie,0,no,2,middle,no,no,no,
Kabalevsky T02,17,15,1.5,A#4,70,ɑ,Bozeman soprano midpoint,0.417,close,E4,5.5,inside,7,-8,none,not assessed,short,repeated,0,no,2,middle,no,no,no,
Kabalevsky T02,17,15,2,A#4,70,i,Bozeman soprano midpoint,0.417,above,G3,15.5,inside,7,-8,none,not assessed,short,repeated,0,no,2,middle,no,no,no,
Kabalevsky T02,17,15,2.5,A#4,70,i,Bozeman soprano midpoint,0.417,above,G3,15.5,inside,7,-8,none,not assessed,short,repeated,0,no,2,middle,no,no,no,
Kabalevsky T02,17,16,1,C5,72,ɑ,Bozeman soprano midpoint,1.25,close,E4,7.5,inside,9,-6,none,not assessed,short,step,2,no,2,middle,no,no,no,
Kabalevsky T02,17,16,2.5,C5,72,ɑ,Bozeman soprano midpoint,0.417,close,E4,7.5,inside,9,-6,none,not assessed,short,repeated,0,no,2,middle,no,no,no,
Kabalevsky T02,17,17,1,C#5,73,o,Bozeman soprano midpoint,0.417,close,D4,11.5,inside,10,-5,none,not assessed,short,step,1,no,2,middle,no,no,no,
Kabalevsky T02,17,17,1.5,C5,72,i,Bozeman soprano midpoint,0.417,above,G3,17.5,inside,9,-6,none,not assessed,short,step,-1,no,2,middle,no,no,no,
Kabalevsky T02,17,17,2,C#5,73,o,Bozeman soprano midpoint,0.417,close,D4,11.5,inside,10,-5,none,not assessed,short,step,1,no,2,middle,no,no,no,
Kabalevsky T02,17,17,2.5,D#5,75,ɨ,derived from Bozeman soprano,0.417,above,C4,15.11,inside,12,-3,none,not assessed,short,step,2,no,2,middle,no,no,no,
Kabalevsky T02,17,18,1,F5,77,e,Bozeman soprano midpoint,1.25,above,D4,15.5,inside,14,-1,none,not assessed,short,step,2,no,2,middle,yes,yes,yes,highest of phrase
Kabalevsky T02,17,18,2.5,C5,72,i,Bozeman soprano midpoint,0.417,above,G3,17.5,inside,9,-6,none,not assessed,short,leap-down,-5,no,2,last,no,no,no,
Kabalevsky T02,17,22,1.5,F5,77,ɑ,Bozeman soprano midpoint,0.417,above,E4,12.5,inside,14,-1,none,not assessed,short,leap-up,5,yes,3,first,yes,yes,yes,highest of phrase
Kabalevsky T02,17,22,2,F5,77,i,Bozeman soprano midpoint,0.417,above,G3,22.5,inside,14,-1,none,not assessed,short,repeated,0,no,3,middle,yes,yes,yes,highest of phrase
Kabalevsky T02,17,22,2.5,F5,77,i,Bozeman soprano midpoint,0.417,above,G3,22.5,inside,14,-1,none,not assessed,short,repeated,0,no,3,middle,yes,yes,yes,highest of phrase
Kabalevsky T02,17,23,1,F5,77,ɨ,derived from Bozeman soprano,1.25,above,C4,17.11,inside,14,-1,none,not assessed,short,repeated,0,no,3,middle,yes,yes,yes,highest of phrase
Kabalevsky T02,17,23,2.5,F5,77,i,Bozeman soprano midpoint,0.417,above,G3,22.5,inside,14,-1,none,not assessed,short,repeated,0,no,3,middle,yes,yes,yes,highest of phrase
Kabalevsky T02,17,24,1,F5,77,u,Bozeman soprano midpoint,0.417,above,G#3,21,inside,14,-1,none,not assessed,short,repeated,0,no,3,middle,yes,yes,yes,highest of phrase
Kabalevsky T02,17,24,1.5,D#5,75,ɑ,Bozeman soprano midpoint,0.417,close,E4,10.5,inside,12,-3,none,not assessed,short,step,-2,no,3,middle,no,no,no,
Kabalevsky T02,17,24,2,C#5,73,o,Bozeman soprano midpoint,0.417,close,D4,11.5,inside,10,-5,none,not assessed,short,step,-2,no,3,middle,no,no,no,
Kabalevsky T02,17,24,2.5,D#5,75,ɨ,derived from Bozeman soprano,0.417,above,C4,15.11,inside,12,-3,none,not assessed,short,step,2,no,3,middle,no,no,no,
Kabalevsky T02,17,25,1,C#5,73,ɑ,Bozeman soprano midpoint,1.667,close,E4,8.5,inside,10,-5,none,not assessed,short,step,-2,no,3,middle,no,no,no,
Kabalevsky T02,17,26,1,C#5,73,ɑ,Bozeman soprano midpoint,0.417,close,E4,8.5,inside,10,-5,none,not assessed,short,tie,0,no,3,middle,no,no,no,
Kabalevsky T02,17,26,1.5,C#5,73,i,Bozeman soprano midpoint,0.417,above,G3,18.5,inside,10,-5,none,not assessed,short,repeated,0,no,3,middle,no,no,no,
Kabalevsky T02,17,26,2,C#5,73,u,Bozeman soprano midpoint,0.417,above,G#3,17,inside,10,-5,none,not assessed,short,repeated,0,no,3,middle,no,no,no,
Kabalevsky T02,17,26,2.5,C#5,73,i,Bozeman soprano midpoint,0.417,above,G3,18.5,inside,10,-5,none,not assessed,short,repeated,0,no,3,middle,no,no,no,
Kabalevsky T02,17,27,1,C#5,73,ɛ,Bozeman soprano midpoint,1.25,close,D#4,10.5,inside,10,-5,none,not assessed,short,repeated,0,no,3,middle,no,no,no,
Kabalevsky T02,17,27,2.5,D#5,75,ɑ,Bozeman soprano midpoint,0.417,close,E4,10.5,inside,12,-3,none,not assessed,short,step,2,no,3,middle,no,no,no,
Kabalevsky T02,17,28,1,C#5,73,o,Bozeman soprano midpoint,0.417,close,D4,11.5,inside,10,-5,none,not assessed,short,step,-2,no,3,middle,no,no,no,
Kabalevsky T02,17,28,1.5,G#4,68,ʌ,derived from Bozeman soprano,0.417,close,E4,3.5,inside,5,-10,none,not assessed,short,leap-down,-5,no,3,middle,no,no,no,
Kabalevsky T02,17,28,2,A#4,70,i,Bozeman soprano midpoint,0.417,above,G3,15.5,inside,7,-8,none,not assessed,short,step,2,no,3,middle,no,no,no,
Kabalevsky T02,17,28,2.5,B4,71,i,Bozeman soprano midpoint,0.417,above,G3,16.5,inside,8,-7,none,not assessed,short,step,1,no,3,middle,no,no,no,
Kabalevsky T02,17,29,1,C#5,73,i,Bozeman soprano midpoint,1.25,above,G3,18.5,inside,10,-5,none,not assessed,short,step,2,no,3,middle,no,no,no,
Kabalevsky T02,17,29,2.5,C#5,73,ɑ,Bozeman soprano midpoint,0.417,close,E4,8.5,inside,10,-5,none,not assessed,short,repeated,0,no,3,last,no,no,no,
Kabalevsky T02,17,30,1.5,C#5,73,i,Bozeman soprano midpoint,0.417,above,G3,18.5,inside,10,-5,none,not assessed,short,repeated,0,yes,4,first,no,no,no,
Kabalevsky T02,17,30,2,C#5,73,ɪ,derived from Bozeman soprano,0.417,close,D4,10.96,inside,10,-5,none,not assessed,short,repeated,0,no,4,middle,no,no,no,
Kabalevsky T02,17,30,2.5,C#5,73,ɨ,derived from Bozeman soprano,0.417,above,C4,13.11,inside,10,-5,none,not assessed,short,repeated,0,no,4,middle,no,no,no,
Kabalevsky T02,17,31,1,C#5,73,ɑ,Bozeman soprano midpoint,0.417,close,E4,8.5,inside,10,-5,none,not assessed,short,repeated,0,no,4,middle,no,no,no,
Kabalevsky T02,17,31,1.5,B4,71,ɑ,Bozeman soprano midpoint,0.417,close,E4,6.5,inside,8,-7,none,not assessed,short,step,-2,no,4,middle,no,no,no,
Kabalevsky T02,17,31,2,A#4,70,u,Bozeman soprano midpoint,0.417,above,G#3,14,inside,7,-8,none,not assessed,short,step,-1,no,4,middle,no,no,no,
Kabalevsky T02,17,31,2.5,B4,71,ɑ,Bozeman soprano midpoint,0.417,close,E4,6.5,inside,8,-7,none,not assessed,short,step,1,no,4,middle,no,no,no,
Kabalevsky T02,17,32,1,D#5,75,o,Bozeman soprano midpoint,1.25,above,D4,13.5,inside,12,-3,none,not assessed,short,leap-up,4,no,4,middle,yes,no,no,highest of phrase
Kabalevsky T02,17,32,2.5,A#4,70,ɨ,derived from Bozeman soprano,0.417,close,C4,10.11,inside,7,-8,none,not assessed,short,leap-down,-5,no,4,middle,no,no,no,
Kabalevsky T02,17,33,1,D#5,75,ɑ,Bozeman soprano midpoint,1.667,close,E4,10.5,inside,12,-3,none,not assessed,short,leap-up,5,no,4,middle,yes,no,no,highest of phrase
Kabalevsky T02,17,34,1,D#5,75,ɑ,Bozeman soprano midpoint,0.417,close,E4,10.5,inside,12,-3,none,not assessed,short,tie,0,no,4,middle,yes,no,no,highest of phrase
Kabalevsky T02,17,34,1.5,D#5,75,ɑ,Bozeman soprano midpoint,0.417,close,E4,10.5,inside,12,-3,none,not assessed,short,repeated,0,no,4,middle,yes,no,no,highest of phrase
Kabalevsky T02,17,34,2,B4,71,i,Bozeman soprano midpoint,0.417,above,G3,16.5,inside,8,-7,none,not assessed,short,leap-down,-4,no,4,middle,no,no,no,
Kabalevsky T02,17,34,2.5,G#4,68,u,Bozeman soprano midpoint,0.417,crossing,G#3,12,inside,5,-10,none,not assessed,short,leap-down,-3,no,4,middle,no,no,no,crossing
Kabalevsky T02,17,35,1,B4,71,u,Bozeman soprano midpoint,1.667,above,G#3,15,inside,8,-7,none,not assessed,short,leap-up,3,no,4,middle,no,no,no,
Kabalevsky T02,17,36,1,B4,71,u,Bozeman soprano midpoint,0.417,above,G#3,15,inside,8,-7,none,not assessed,short,tie,0,no,4,middle,no,no,no,
Kabalevsky T02,17,36,1.5,G#4,68,o,Bozeman soprano midpoint,0.417,close,D4,6.5,inside,5,-10,none,not assessed,short,leap-down,-3,no,4,middle,no,no,no,
Kabalevsky T02,17,36,2,F#4,66,i,Bozeman soprano midpoint,0.417,close,G3,11.5,inside,3,-12,none,not assessed,short,step,-2,no,4,middle,no,no,no,
Kabalevsky T02,17,36,2.5,F4,65,ɪ,derived from Bozeman soprano,0.417,close,D4,2.96,inside,2,-13,none,not assessed,short,step,-1,no,4,middle,no,no,no,
Kabalevsky T02,17,37,1,A#4,70,o,Bozeman soprano midpoint,1.25,close,D4,8.5,inside,7,-8,none,not assessed,short,leap-up,5,no,4,middle,no,no,no,
Kabalevsky T02,17,37,2.5,A#4,70,u,Bozeman soprano midpoint,0.417,above,G#3,14,inside,7,-8,none,not assessed,short,repeated,0,no,4,middle,no,no,no,
Kabalevsky T02,17,38,1,A#4,70,i,Bozeman soprano midpoint,0.833,above,G3,15.5,inside,7,-8,none,not assessed,short,repeated,0,no,4,middle,no,no,no,
Kabalevsky T02,17,38,2,A#4,70,ɑ,Bozeman soprano midpoint,0.833,close,E4,5.5,inside,7,-8,none,not assessed,short,repeated,0,no,4,last,no,no,no,
Kabalevsky T02,17,40,1.5,D#5,75,u,Bozeman soprano midpoint,0.417,above,G#3,19,inside,12,-3,none,not assessed,short,leap-up,5,yes,5,first,no,no,no,
Kabalevsky T02,17,40,2,D#5,75,e,Bozeman soprano midpoint,0.417,above,D4,13.5,inside,12,-3,none,not assessed,short,repeated,0,no,5,middle,no,no,no,
Kabalevsky T02,17,40,2.5,D#5,75,ɨ,derived from Bozeman soprano,0.417,above,C4,15.11,inside,12,-3,none,not assessed,short,repeated,0,no,5,middle,no,no,no,
Kabalevsky T02,17,41,1,D#5,75,o,Bozeman soprano midpoint,1.25,above,D4,13.5,inside,12,-3,none,not assessed,short,repeated,0,no,5,middle,no,no,no,
Kabalevsky T02,17,41,2.5,D#5,75,ʌ,derived from Bozeman soprano,0.417,close,E4,10.5,inside,12,-3,none,not assessed,short,repeated,0,no,5,middle,no,no,no,
Kabalevsky T02,17,42,1,D#5,75,ɪ,derived from Bozeman soprano,0.625,above,D4,12.96,inside,12,-3,none,not assessed,short,repeated,0,no,5,middle,no,no,no,
Kabalevsky T02,17,42,1.75,B4,71,ɑ,Bozeman soprano midpoint,0.208,close,E4,6.5,inside,8,-7,none,not assessed,short,leap-down,-4,no,5,middle,no,no,no,
Kabalevsky T02,17,42,2,B4,71,i,Bozeman soprano midpoint,0.417,above,G3,16.5,inside,8,-7,none,not assessed,short,repeated,0,no,5,middle,no,no,no,
Kabalevsky T02,17,42,2.5,C#5,73,u,Bozeman soprano midpoint,0.417,above,G#3,17,inside,10,-5,none,not assessed,short,step,2,no,5,middle,no,no,no,
Kabalevsky T02,17,43,1,D#5,75,ɑ,Bozeman soprano midpoint,1.667,close,E4,10.5,inside,12,-3,none,not assessed,short,step,2,no,5,middle,no,no,no,
Kabalevsky T02,17,44,1,D#5,75,ɑ,Bozeman soprano midpoint,0.417,close,E4,10.5,inside,12,-3,none,not assessed,short,tie,0,no,5,middle,no,no,no,
Kabalevsky T02,17,44,1.5,D#5,75,ɑ,Bozeman soprano midpoint,0.417,close,E4,10.5,inside,12,-3,none,not assessed,short,repeated,0,no,5,middle,no,no,no,
Kabalevsky T02,17,44,2,D#5,75,ɛ,Bozeman soprano midpoint,0.417,crossing,D#4,12.5,inside,12,-3,none,not assessed,short,repeated,0,no,5,middle,no,no,no,crossing
Kabalevsky T02,17,44,2.5,D#5,75,i,Bozeman soprano midpoint,0.417,above,G3,20.5,inside,12,-3,none,not assessed,short,repeated,0,no,5,middle,no,no,no,
Kabalevsky T02,17,45,1,F#5,78,ɑ,Bozeman soprano midpoint,0.625,above,E4,13.5,inside,15,0,none,not assessed,short,leap-up,3,no,5,middle,yes,yes,yes,highest of phrase
Kabalevsky T02,17,45,1.75,D#5,75,i,Bozeman soprano midpoint,0.208,above,G3,20.5,inside,12,-3,none,not assessed,short,leap-down,-3,no,5,middle,no,no,no,
Kabalevsky T02,17,45,2,D#5,75,u,Bozeman soprano midpoint,0.833,above,G#3,19,inside,12,-3,none,not assessed,short,repeated,0,no,5,middle,no,no,no,
Kabalevsky T02,17,46,1,D#5,75,u,Bozeman soprano midpoint,0.417,above,G#3,19,inside,12,-3,none,not assessed,short,tie,0,no,5,middle,no,no,no,
Kabalevsky T02,17,46,1.5,D#5,75,i,Bozeman soprano midpoint,0.417,above,G3,20.5,inside,12,-3,none,not assessed,short,repeated,0,no,5,middle,no,no,no,
Kabalevsky T02,17,46,2,D#5,75,o,Bozeman soprano midpoint,0.417,above,D4,13.5,inside,12,-3,none,not assessed,short,repeated,0,no,5,middle,no,no,no,
Kabalevsky T02,17,46,2.5,D#5,75,ɨ,derived from Bozeman soprano,0.417,above,C4,15.11,inside,12,-3,none,not assessed,short,repeated,0,no,5,middle,no,no,no,
Kabalevsky T02,17,47,1,C5,72,e,Bozeman soprano midpoint,0.833,close,D4,10.5,inside,9,-6,none,not assessed,short,leap-down,-3,no,5,middle,no,no,no,
Kabalevsky T02,17,47,2,C5,72,ɑ,Bozeman soprano midpoint,0.417,close,E4,7.5,inside,9,-6,none,not assessed,short,repeated,0,no,5,last,no,no,no,
Kabalevsky T02,17,47,2.5,C5,72,i,Bozeman soprano midpoint,0.417,above,G3,17.5,inside,9,-6,none,not assessed,short,repeated,0,no,6,first,no,no,no,
Kabalevsky T02,17,48,1,C5,72,ɑ,Bozeman soprano midpoint,1.25,close,E4,7.5,inside,9,-6,none,not assessed,short,repeated,0,no,6,middle,no,no,no,
Kabalevsky T02,17,48,2.5,G#4,68,ɨ,derived from Bozeman soprano,0.417,close,C4,8.11,inside,5,-10,none,not assessed,short,leap-down,-4,no,6,middle,no,no,no,
Kabalevsky T02,17,49,1,A#4,70,none resolved,not assessed,0.417,not assessed,not assessed,not assessed,inside,7,-8,not assessed,not assessed,short,step,2,no,6,middle,no,no,no,
Kabalevsky T02,17,49,1.5,G#4,68,i,Bozeman soprano midpoint,0.417,above,G3,13.5,inside,5,-10,none,not assessed,short,step,-2,no,6,middle,no,no,no,
Kabalevsky T02,17,49,2,A#4,70,i,Bozeman soprano midpoint,0.417,above,G3,15.5,inside,7,-8,none,not assessed,short,step,2,no,6,middle,no,no,no,
Kabalevsky T02,17,49,2.5,C5,72,ɑ,Bozeman soprano midpoint,0.417,close,E4,7.5,inside,9,-6,none,not assessed,short,step,2,no,6,middle,no,no,no,
Kabalevsky T02,17,50,1,G#5,80,ɛ,Bozeman soprano midpoint,1.667,above,D#4,17.5,above secondo,17,2,none,not assessed,held,leap-up,8,no,6,middle,yes,no,no,held; highest of phrase
Kabalevsky T02,17,51,1,G#5,80,ɛ,Bozeman soprano midpoint,1.25,above,D#4,17.5,above secondo,17,2,none,not assessed,held,tie,0,no,6,middle,yes,no,no,held; highest of phrase
Kabalevsky T02,17,51,2.5,C#5,73,ʌ,derived from Bozeman soprano,0.417,close,E4,8.5,inside,10,-5,none,not assessed,short,leap-down,-7,no,6,middle,no,no,no,
Kabalevsky T02,17,52,1,E5,76,ɑ,Bozeman soprano midpoint,1.667,crossing,E4,11.5,inside,13,-2,none,not assessed,short,leap-up,3,no,6,middle,no,no,no,crossing
Kabalevsky T02,17,53,1,E5,76,ɑ,Bozeman soprano midpoint,0.417,crossing,E4,11.5,inside,13,-2,none,not assessed,short,tie,0,no,6,last,no,no,no,crossing
Kabalevsky T02,17,53,1.5,C#5,73,ɑ,Bozeman soprano midpoint,0.417,close,E4,8.5,inside,10,-5,none,not assessed,short,leap-down,-3,no,7,first,no,no,no,
Kabalevsky T02,17,53,2,D#5,75,ɑ,Bozeman soprano midpoint,0.417,close,E4,10.5,inside,12,-3,none,not assessed,short,step,2,no,7,middle,no,no,no,
Kabalevsky T02,17,53,2.5,E5,76,i,Bozeman soprano midpoint,0.417,above,G3,21.5,inside,13,-2,none,not assessed,short,step,1,no,7,middle,no,no,no,
Kabalevsky T02,17,54,1,C#5,73,o,Bozeman soprano midpoint,1.25,close,D4,11.5,inside,10,-5,none,not assessed,short,leap-down,-3,no,7,middle,no,no,no,
Kabalevsky T02,17,54,2.5,C#5,73,ɨ,derived from Bozeman soprano,0.417,above,C4,13.11,inside,10,-5,none,not assessed,short,repeated,0,no,7,middle,no,no,no,
Kabalevsky T02,17,55,1,C#5,73,o,Bozeman soprano midpoint,0.417,close,D4,11.5,inside,10,-5,none,not assessed,short,repeated,0,no,7,middle,no,no,no,
Kabalevsky T02,17,55,1.5,C5,72,i,Bozeman soprano midpoint,0.417,above,G3,17.5,inside,9,-6,none,not assessed,short,step,-1,no,7,middle,no,no,no,
Kabalevsky T02,17,55,2,C#5,73,ɛ,Bozeman soprano midpoint,0.417,close,D#4,10.5,inside,10,-5,none,not assessed,short,step,1,no,7,middle,no,no,no,
Kabalevsky T02,17,55,2.5,D#5,75,ʌ,derived from Bozeman soprano,0.417,close,E4,10.5,inside,12,-3,none,not assessed,short,step,2,no,7,middle,no,no,no,
Kabalevsky T02,17,56,1,F5,77,e,Bozeman soprano midpoint,0.833,above,D4,15.5,inside,14,-1,none,not assessed,short,step,2,no,7,middle,yes,yes,yes,highest of phrase
Kabalevsky T02,17,56,2,F5,77,u,Bozeman soprano midpoint,0.833,above,G#3,21,inside,14,-1,none,not assessed,short,repeated,0,no,7,last,yes,yes,yes,highest of phrase
Kabalevsky T02,17,61,1,F5,77,ɛ,Bozeman soprano midpoint,0.833,above,D#4,14.5,inside,14,-1,none,not assessed,short,repeated,0,yes,8,first,yes,yes,yes,highest of phrase
Kabalevsky T02,17,61,2,D#5,75,ʌ,derived from Bozeman soprano,0.417,close,E4,10.5,inside,12,-3,none,not assessed,short,step,-2,no,8,middle,no,no,no,
Kabalevsky T02,17,61,2.5,C#5,73,u,Bozeman soprano midpoint,0.417,above,G#3,17,inside,10,-5,none,not assessed,short,step,-2,no,8,middle,no,no,no,
Kabalevsky T02,17,62,1,C5,72,i,Bozeman soprano midpoint,1.25,above,G3,17.5,inside,9,-6,none,not assessed,short,step,-1,no,8,middle,no,no,no,
Kabalevsky T02,17,62,2.5,A#4,70,ɑ,Bozeman soprano midpoint,0.417,close,E4,5.5,inside,7,-8,none,not assessed,short,step,-2,no,8,middle,no,no,no,
Kabalevsky T02,17,63,1,A4,69,o,Bozeman soprano midpoint,0.417,close,D4,7.5,inside,6,-9,none,not assessed,short,step,-1,no,8,middle,no,no,no,
Kabalevsky T02,17,63,1.5,A#4,70,ɑ,Bozeman soprano midpoint,0.417,close,E4,5.5,inside,7,-8,none,not assessed,short,step,1,no,8,middle,no,no,no,
Kabalevsky T02,17,63,2,C5,72,ɪ,derived from Bozeman soprano,0.417,close,D4,9.96,inside,9,-6,none,not assessed,short,step,2,no,8,middle,no,no,no,
Kabalevsky T02,17,63,2.5,F#4,66,ɑ,Bozeman soprano midpoint,0.417,close,E4,1.5,inside,3,-12,none,not assessed,short,leap-down,-6,no,8,middle,no,no,no,turning pitch 0 to 2 st below
Kabalevsky T02,17,64,1,F4,65,i,Bozeman soprano midpoint,1.667,close,G3,10.5,inside,2,-13,none,not assessed,short,step,-1,no,8,middle,no,no,no,
Kabalevsky T02,17,65,1,F4,65,i,Bozeman soprano midpoint,0.417,close,G3,10.5,inside,2,-13,none,not assessed,short,tie,0,no,8,last,no,no,no,
Kabalevsky T02,17,66,1.5,F5,77,i,Bozeman soprano midpoint,0.417,above,G3,22.5,inside,14,-1,none,not assessed,short,leap-up,12,yes,9,first,no,yes,no,
Kabalevsky T02,17,66,2,D#5,75,o,Bozeman soprano midpoint,0.417,above,D4,13.5,inside,12,-3,none,not assessed,short,step,-2,no,9,middle,no,no,no,
Kabalevsky T02,17,66,2.5,C#5,73,i,Bozeman soprano midpoint,0.417,above,G3,18.5,inside,10,-5,none,not assessed,short,step,-2,no,9,middle,no,no,no,
Kabalevsky T02,17,67,1,C5,72,o,Bozeman soprano midpoint,1.25,close,D4,10.5,inside,9,-6,none,not assessed,short,step,-1,no,9,middle,no,no,no,
Kabalevsky T02,17,67,2.5,A#4,70,u,Bozeman soprano midpoint,0.417,above,G#3,14,inside,7,-8,none,not assessed,short,step,-2,no,9,middle,no,no,no,
Kabalevsky T02,17,68,1,A4,69,ɑ,Bozeman soprano midpoint,0.417,close,E4,4.5,inside,6,-9,none,not assessed,short,step,-1,no,9,middle,no,no,no,
Kabalevsky T02,17,68,1.5,A#4,70,ɪ,derived from Bozeman soprano,0.417,close,D4,7.96,inside,7,-8,none,not assessed,short,step,1,no,9,middle,no,no,no,
Kabalevsky T02,17,68,2,C5,72,ɑ,Bozeman soprano midpoint,0.278,close,E4,7.5,inside,9,-6,none,not assessed,short,step,2,no,9,middle,no,no,no,
Kabalevsky T02,17,68,2.333,D#5,75,ɑ,Bozeman soprano midpoint,0.278,close,E4,10.5,inside,12,-3,none,not assessed,short,leap-up,3,no,9,middle,no,no,no,
Kabalevsky T02,17,68,2.667,F#5,78,u,Bozeman soprano midpoint,0.278,above,G#3,22,inside,15,0,none,not assessed,short,leap-up,3,no,9,middle,yes,yes,yes,highest of phrase
Kabalevsky T02,17,69,1,F5,77,i,Bozeman soprano midpoint,1.667,above,G3,22.5,inside,14,-1,none,not assessed,held,step,-1,no,9,middle,no,yes,yes,held
Kabalevsky T02,17,70,1,F5,77,i,Bozeman soprano midpoint,0.833,above,G3,22.5,inside,14,-1,none,not assessed,held,tie,0,no,9,last,no,yes,yes,held
Kabalevsky T03,17,2,2.5,G#4,68,u,Bozeman soprano midpoint,0.577,crossing,G#3,12,inside,5,-10,none,not assessed,short,first note,,,0,first,no,no,no,crossing
Kabalevsky T03,17,3,1,G4,67,u,Bozeman soprano midpoint,1.731,close,G#3,11,inside,4,-11,none,not assessed,short,step,-1,no,0,middle,no,no,no,
Kabalevsky T03,17,3,2.5,G#4,68,o,Bozeman soprano midpoint,0.577,close,D4,6.5,inside,5,-10,none,not assessed,short,step,1,no,0,middle,no,no,no,
Kabalevsky T03,17,4,1,G4,67,ɛ,Bozeman soprano midpoint,0.577,close,D#4,4.5,inside,4,-11,none,not assessed,short,step,-1,no,0,middle,no,no,no,
Kabalevsky T03,17,4,1.5,A4,69,ɨ,derived from Bozeman soprano,0.577,close,C4,9.11,inside,6,-9,none,not assessed,short,step,2,no,0,middle,no,no,no,
Kabalevsky T03,17,4,2,B4,71,ʌ,derived from Bozeman soprano,0.577,close,E4,6.5,inside,8,-7,none,not assessed,short,step,2,no,0,middle,no,no,no,
Kabalevsky T03,17,4,2.5,C5,72,ɑ,Bozeman soprano midpoint,0.577,close,E4,7.5,inside,9,-6,none,not assessed,short,step,1,no,0,middle,no,no,no,
Kabalevsky T03,17,5,1,D#5,75,u,Bozeman soprano midpoint,0.865,above,G#3,19,inside,12,-3,none,not assessed,short,leap-up,3,no,0,middle,yes,no,no,highest of phrase
Kabalevsky T03,17,5,1.75,D5,74,ɑ,Bozeman soprano midpoint,0.288,close,E4,9.5,inside,11,-4,none,not assessed,short,step,-1,no,0,middle,no,no,no,
Kabalevsky T03,17,5,2,C5,72,ɛ,Bozeman soprano midpoint,0.577,close,D#4,9.5,inside,9,-6,none,not assessed,short,step,-2,no,0,middle,no,no,no,
Kabalevsky T03,17,5,2.5,G4,67,ʌ,derived from Bozeman soprano,0.577,close,E4,2.5,inside,4,-11,none,not assessed,short,leap-down,-5,no,0,last,no,no,no,
Kabalevsky T03,17,6,1.5,G#4,68,u,Bozeman soprano midpoint,0.577,crossing,G#3,12,inside,5,-10,none,not assessed,short,step,1,yes,1,first,no,no,no,crossing
Kabalevsky T03,17,6,2,G4,67,u,Bozeman soprano midpoint,0.577,close,G#3,11,inside,4,-11,none,not assessed,short,step,-1,no,1,middle,no,no,no,
Kabalevsky T03,17,6,2.5,G#4,68,ɛ,Bozeman soprano midpoint,0.577,close,D#4,5.5,inside,5,-10,none,not assessed,short,step,1,no,1,middle,no,no,no,
Kabalevsky T03,17,7,1,G4,67,e,Bozeman soprano midpoint,1.731,close,D4,5.5,inside,4,-11,none,not assessed,short,step,-1,no,1,middle,no,no,no,
Kabalevsky T03,17,7,2.5,A4,69,o,Bozeman soprano midpoint,0.577,close,D4,7.5,inside,6,-9,none,not assessed,short,step,2,no,1,middle,no,no,no,
Kabalevsky T03,17,8,1,B4,71,ɪ,derived from Bozeman soprano,0.577,close,D4,8.96,inside,8,-7,none,not assessed,short,step,2,no,1,middle,no,no,no,
Kabalevsky T03,17,8,1.5,C5,72,ɪ,derived from Bozeman soprano,0.577,close,D4,9.96,inside,9,-6,none,not assessed,short,step,1,no,1,middle,no,no,no,
Kabalevsky T03,17,8,2,D#5,75,o,Bozeman soprano midpoint,0.865,above,D4,13.5,inside,12,-3,none,not assessed,short,leap-up,3,no,1,middle,yes,no,no,highest of phrase
Kabalevsky T03,17,8,2.75,D5,74,i,Bozeman soprano midpoint,0.288,above,G3,19.5,inside,11,-4,none,not assessed,short,step,-1,no,1,middle,no,no,no,
Kabalevsky T03,17,9,1,C5,72,ɑ,Bozeman soprano midpoint,2.308,close,E4,7.5,inside,9,-6,none,not assessed,held,step,-2,no,1,middle,no,no,no,held
Kabalevsky T03,17,10,1,C5,72,ɑ,Bozeman soprano midpoint,0.577,close,E4,7.5,inside,9,-6,none,not assessed,held,tie,0,no,1,last,no,no,no,held
Kabalevsky T03,17,10,2.5,C5,72,ɑ,Bozeman soprano midpoint,0.577,close,E4,7.5,inside,9,-6,none,not assessed,short,repeated,0,yes,2,first,no,no,no,
Kabalevsky T03,17,11,1,C5,72,u,Bozeman soprano midpoint,0.577,above,G#3,16,inside,9,-6,none,not assessed,short,repeated,0,no,2,middle,no,no,no,
Kabalevsky T03,17,11,1.5,A#4,70,ɪ,derived from Bozeman soprano,0.577,close,D4,7.96,inside,7,-8,none,not assessed,short,step,-2,no,2,middle,no,no,no,
Kabalevsky T03,17,11,2,C5,72,u,Bozeman soprano midpoint,0.577,above,G#3,16,inside,9,-6,none,not assessed,short,step,2,no,2,middle,no,no,no,
Kabalevsky T03,17,11,2.5,G#4,68,ʌ,derived from Bozeman soprano,0.577,close,E4,3.5,inside,5,-10,none,not assessed,short,leap-down,-4,no,2,middle,no,no,no,
Kabalevsky T03,17,12,1,F4,65,o,Bozeman soprano midpoint,0.577,close,D4,3.5,inside,2,-13,none,not assessed,short,leap-down,-3,no,2,middle,no,no,no,
Kabalevsky T03,17,12,1.5,C5,72,o,Bozeman soprano midpoint,0.577,close,D4,10.5,inside,9,-6,none,not assessed,short,leap-up,7,no,2,middle,no,no,no,
Kabalevsky T03,17,12,2,D5,74,i,Bozeman soprano midpoint,0.577,above,G3,19.5,inside,11,-4,none,not assessed,short,step,2,no,2,middle,no,no,no,
Kabalevsky T03,17,12,2.5,D#5,75,ɪ,derived from Bozeman soprano,0.577,above,D4,12.96,inside,12,-3,none,not assessed,short,step,1,no,2,middle,no,no,no,
Kabalevsky T03,17,13,1,D#5,75,ɛ,Bozeman soprano midpoint,1.154,crossing,D#4,12.5,inside,12,-3,none,not assessed,short,repeated,0,no,2,middle,no,no,no,crossing
Kabalevsky T03,17,13,2,C5,72,ʌ,derived from Bozeman soprano,0.577,close,E4,7.5,inside,9,-6,none,not assessed,short,leap-down,-3,no,2,middle,no,no,no,
Kabalevsky T03,17,13,2.5,G#4,68,u,Bozeman soprano midpoint,0.577,crossing,G#3,12,inside,5,-10,none,not assessed,short,leap-down,-4,no,2,middle,no,no,no,crossing
Kabalevsky T03,17,14,1,G4,67,u,Bozeman soprano midpoint,0.577,close,G#3,11,inside,4,-11,none,not assessed,short,step,-1,no,2,middle,no,no,no,
Kabalevsky T03,17,14,1.5,C5,72,u,Bozeman soprano midpoint,0.577,above,G#3,16,inside,9,-6,none,not assessed,short,leap-up,5,no,2,middle,no,no,no,
Kabalevsky T03,17,14,2,D5,74,ɨ,derived from Bozeman soprano,0.577,above,C4,14.11,inside,11,-4,none,not assessed,short,step,2,no,2,middle,no,no,no,
Kabalevsky T03,17,14,2.5,D#5,75,ɑ,Bozeman soprano midpoint,0.577,close,E4,10.5,inside,12,-3,none,not assessed,short,step,1,no,2,middle,no,no,no,
Kabalevsky T03,17,15,1,G5,79,a,derived from Bozeman soprano,0.577,crossing,G4,12.08,above secondo,16,1,none,not assessed,short,leap-up,4,no,2,middle,yes,yes,yes,highest of phrase; crossing
Kabalevsky T03,17,15,1.5,F5,77,ɪ,derived from Bozeman soprano,0.577,above,D4,14.96,inside,14,-1,none,not assessed,short,step,-2,no,2,middle,no,yes,no,
Kabalevsky T03,17,15,2,D#5,75,ʌ,derived from Bozeman soprano,0.577,close,E4,10.5,inside,12,-3,none,not assessed,short,step,-2,no,2,middle,no,no,no,
Kabalevsky T03,17,15,2.5,D5,74,ɑ,Bozeman soprano midpoint,0.577,close,E4,9.5,inside,11,-4,none,not assessed,short,step,-1,no,2,middle,no,no,no,
Kabalevsky T03,17,16,1,C5,72,ɑ,Bozeman soprano midpoint,2.308,close,E4,7.5,inside,9,-6,none,not assessed,held,step,-2,no,2,middle,no,no,no,held
Kabalevsky T03,17,17,1,C5,72,ɑ,Bozeman soprano midpoint,0.577,close,E4,7.5,inside,9,-6,none,not assessed,held,tie,0,no,2,last,no,no,no,held
Kabalevsky T03,17,18,1.25,A#4,70,i,Bozeman soprano midpoint,0.288,above,G3,15.5,inside,7,-8,none,not assessed,short,step,-2,yes,3,first,no,no,no,
Kabalevsky T03,17,18,1.5,D#5,75,ɑ,Bozeman soprano midpoint,0.288,close,E4,10.5,inside,12,-3,none,not assessed,short,leap-up,5,no,3,middle,no,no,no,
Kabalevsky T03,17,18,1.75,G5,79,i,Bozeman soprano midpoint,0.288,above,G3,24.5,above secondo,16,1,none,not assessed,short,leap-up,4,no,3,middle,yes,yes,yes,highest of phrase
Kabalevsky T03,17,18,2,F5,77,ɑ,Bozeman soprano midpoint,0.577,above,E4,12.5,inside,14,-1,none,not assessed,short,step,-2,no,3,middle,no,yes,no,
Kabalevsky T03,17,18,2.5,C5,72,ɑ,Bozeman soprano midpoint,0.577,close,E4,7.5,inside,9,-6,none,not assessed,short,leap-down,-5,no,3,middle,no,no,no,
Kabalevsky T03,17,19,1,D#5,75,e,Bozeman soprano midpoint,0.577,above,D4,13.5,inside,12,-3,none,not assessed,short,leap-up,3,no,3,middle,no,no,no,
Kabalevsky T03,17,19,1.5,A#4,70,i,Bozeman soprano midpoint,0.577,above,G3,15.5,inside,7,-8,none,not assessed,short,leap-down,-5,no,3,middle,no,no,no,
Kabalevsky T03,17,19,2,B4,71,ɑ,Bozeman soprano midpoint,0.288,close,E4,6.5,inside,8,-7,none,not assessed,short,step,1,no,3,middle,no,no,no,
Kabalevsky T03,17,19,2.25,A#4,70,ɑ,Bozeman soprano midpoint,0.288,close,E4,5.5,inside,7,-8,none,not assessed,short,step,-1,no,3,middle,no,no,no,
Kabalevsky T03,17,19,2.5,B4,71,i,Bozeman soprano midpoint,0.288,above,G3,16.5,inside,8,-7,none,not assessed,short,step,1,no,3,middle,no,no,no,
Kabalevsky T03,17,19,2.75,C#5,73,i,Bozeman soprano midpoint,0.288,above,G3,18.5,inside,10,-5,none,not assessed,short,step,2,no,3,middle,no,no,no,
Kabalevsky T03,17,20,1,D#5,75,ɛ,Bozeman soprano midpoint,0.577,crossing,D#4,12.5,inside,12,-3,none,not assessed,short,step,2,no,3,middle,no,no,no,crossing
Kabalevsky T03,17,20,1.5,A#4,70,ʌ,derived from Bozeman soprano,0.577,close,E4,5.5,inside,7,-8,none,not assessed,short,leap-down,-5,no,3,last,no,no,no,
Kabalevsky T03,17,20,2.25,A#4,70,ɑ,Bozeman soprano midpoint,0.288,close,E4,5.5,inside,7,-8,none,not assessed,short,repeated,0,yes,4,first,no,no,no,
Kabalevsky T03,17,20,2.5,D#5,75,ɑ,Bozeman soprano midpoint,0.288,close,E4,10.5,inside,12,-3,none,not assessed,short,leap-up,5,no,4,middle,no,no,no,
Kabalevsky T03,17,20,2.75,G5,79,u,Bozeman soprano midpoint,0.288,above,G#3,23,above secondo,16,1,none,not assessed,short,leap-up,4,no,4,middle,yes,yes,yes,highest of phrase
Kabalevsky T03,17,21,1,F5,77,o,Bozeman soprano midpoint,0.865,above,D4,15.5,inside,14,-1,none,not assessed,short,step,-2,no,4,middle,no,yes,no,
Kabalevsky T03,17,21,1.75,C5,72,ɑ,Bozeman soprano midpoint,0.288,close,E4,7.5,inside,9,-6,none,not assessed,short,leap-down,-5,no,4,middle,no,no,no,
Kabalevsky T03,17,21,2,D#5,75,ɑ,Bozeman soprano midpoint,0.577,close,E4,10.5,inside,12,-3,none,not assessed,short,leap-up,3,no,4,middle,no,no,no,
Kabalevsky T03,17,21,2.5,A#4,70,ɨ,derived from Bozeman soprano,0.577,close,C4,10.11,inside,7,-8,none,not assessed,short,leap-down,-5,no,4,middle,no,no,no,
Kabalevsky T03,17,22,1,B4,71,ɑ,Bozeman soprano midpoint,0.288,close,E4,6.5,inside,8,-7,none,not assessed,short,step,1,no,4,middle,no,no,no,
Kabalevsky T03,17,22,1.25,A#4,70,ɑ,Bozeman soprano midpoint,0.288,close,E4,5.5,inside,7,-8,none,not assessed,short,step,-1,no,4,middle,no,no,no,
Kabalevsky T03,17,22,1.5,B4,71,ɪ,derived from Bozeman soprano,0.577,close,D4,8.96,inside,8,-7,none,not assessed,short,step,1,no,4,middle,no,no,no,
Kabalevsky T03,17,22,2,A#4,70,ɑ,Bozeman soprano midpoint,1.154,close,E4,5.5,inside,7,-8,none,not assessed,short,step,-1,no,4,middle,no,no,no,
Kabalevsky T03,17,23,1,A#4,70,ɑ,Bozeman soprano midpoint,0.288,close,E4,5.5,inside,7,-8,none,not assessed,short,tie,0,no,4,middle,no,no,no,
Kabalevsky T03,17,23,1.25,A4,69,ɑ,Bozeman soprano midpoint,0.288,close,E4,4.5,inside,6,-9,none,not assessed,short,step,-1,no,4,middle,no,no,no,
Kabalevsky T03,17,23,1.5,A#4,70,ʌ,derived from Bozeman soprano,0.288,close,E4,5.5,inside,7,-8,none,not assessed,short,step,1,no,4,middle,no,no,no,
Kabalevsky T03,17,23,1.75,C5,72,ɑ,Bozeman soprano midpoint,0.288,close,E4,7.5,inside,9,-6,none,not assessed,short,step,2,no,4,middle,no,no,no,
Kabalevsky T03,17,23,2,D5,74,e,Bozeman soprano midpoint,0.865,crossing,D4,12.5,inside,11,-4,none,not assessed,short,step,2,no,4,middle,no,no,no,crossing
Kabalevsky T03,17,23,2.75,D#5,75,i,Bozeman soprano midpoint,0.288,above,G3,20.5,inside,12,-3,none,not assessed,short,step,1,no,4,middle,no,no,no,
Kabalevsky T03,17,24,1,D5,74,i,Bozeman soprano midpoint,0.865,above,G3,19.5,inside,11,-4,none,not assessed,short,step,-1,no,4,middle,no,no,no,
Kabalevsky T03,17,24,1.75,D#5,75,ɑ,Bozeman soprano midpoint,0.288,close,E4,10.5,inside,12,-3,none,not assessed,short,step,1,no,4,middle,no,no,no,
Kabalevsky T03,17,24,2,D5,74,o,Bozeman soprano midpoint,0.288,crossing,D4,12.5,inside,11,-4,none,not assessed,short,step,-1,no,4,middle,no,no,no,crossing
Kabalevsky T03,17,24,2.25,E5,76,ɨ,derived from Bozeman soprano,0.288,above,C4,16.11,inside,13,-2,none,not assessed,short,step,2,no,4,middle,no,no,no,
Kabalevsky T03,17,24,2.5,F#5,78,ɑ,Bozeman soprano midpoint,0.288,above,E4,13.5,inside,15,0,none,not assessed,short,step,2,no,4,middle,no,yes,no,
Kabalevsky T03,17,24,2.75,D5,74,ɪ,derived from Bozeman soprano,0.288,crossing,D4,11.96,inside,11,-4,none,not assessed,short,leap-down,-4,no,4,middle,no,no,no,crossing
Kabalevsky T03,17,25,1,G5,79,o,Bozeman soprano midpoint,1.731,above,D4,17.5,above secondo,16,1,none,not assessed,short,leap-up,5,no,4,middle,yes,yes,yes,highest of phrase
Kabalevsky T03,17,25,2.5,F5,77,o,Bozeman soprano midpoint,0.577,above,D4,15.5,inside,14,-1,none,not assessed,short,step,-2,no,4,middle,no,yes,no,
Kabalevsky T03,17,26,1,D#5,75,e,Bozeman soprano midpoint,0.288,above,D4,13.5,inside,12,-3,none,not assessed,short,step,-2,no,4,middle,no,no,no,
Kabalevsky T03,17,26,1.25,D5,74,u,Bozeman soprano midpoint,0.288,above,G#3,18,inside,11,-4,none,not assessed,short,step,-1,no,4,middle,no,no,no,
Kabalevsky T03,17,26,1.5,D#5,75,ʌ,derived from Bozeman soprano,0.288,close,E4,10.5,inside,12,-3,none,not assessed,short,step,1,no,4,middle,no,no,no,
Kabalevsky T03,17,26,1.75,C5,72,ɨ,derived from Bozeman soprano,0.288,crossing,C4,12.11,inside,9,-6,none,not assessed,short,leap-down,-3,no,4,middle,no,no,no,crossing
Kabalevsky T03,17,26,2,D5,74,ɑ,Bozeman soprano midpoint,0.865,close,E4,9.5,inside,11,-4,none,not assessed,short,step,2,no,4,middle,no,no,no,
Kabalevsky T03,17,26,2.75,D#5,75,ɪ,derived from Bozeman soprano,0.288,above,D4,12.96,inside,12,-3,none,not assessed,short,step,1,no,4,middle,no,no,no,
Kabalevsky T03,17,27,1,D5,74,ɛ,Bozeman soprano midpoint,0.577,close,D#4,11.5,inside,11,-4,none,not assessed,short,step,-1,no,4,middle,no,no,no,
Kabalevsky T03,17,27,1.5,A4,69,ʌ,derived from Bozeman soprano,0.577,close,E4,4.5,inside,6,-9,none,not assessed,short,leap-down,-5,no,4,last,no,no,no,
Kabalevsky T03,17,30,1,D5,74,o,Bozeman soprano midpoint,0.577,crossing,D4,12.5,inside,11,-4,none,not assessed,short,leap-up,5,yes,5,first,no,no,no,crossing
Kabalevsky T03,17,30,1.5,D5,74,ɪ,derived from Bozeman soprano,0.288,crossing,D4,11.96,inside,11,-4,none,not assessed,short,repeated,0,no,5,middle,no,no,no,crossing
Kabalevsky T03,17,30,1.75,D#5,75,i,Bozeman soprano midpoint,0.288,above,G3,20.5,inside,12,-3,none,not assessed,short,step,1,no,5,middle,yes,no,no,highest of phrase
Kabalevsky T03,17,30,2,D5,74,ɨ,derived from Bozeman soprano,0.865,above,C4,14.11,inside,11,-4,none,not assessed,short,step,-1,no,5,middle,no,no,no,
Kabalevsky T03,17,30,2.75,D#5,75,none resolved,not assessed,0.288,not assessed,not assessed,not assessed,inside,12,-3,not assessed,not assessed,short,step,1,no,5,middle,yes,no,no,highest of phrase
Kabalevsky T03,17,31,1,D5,74,e,Bozeman soprano midpoint,0.288,crossing,D4,12.5,inside,11,-4,none,not assessed,short,step,-1,no,5,middle,no,no,no,crossing
Kabalevsky T03,17,31,1.25,A4,69,i,Bozeman soprano midpoint,0.288,above,G3,14.5,inside,6,-9,none,not assessed,short,leap-down,-5,no,5,middle,no,no,no,
Kabalevsky T03,17,31,1.5,A#4,70,i,Bozeman soprano midpoint,0.288,above,G3,15.5,inside,7,-8,none,not assessed,short,step,1,no,5,middle,no,no,no,
Kabalevsky T03,17,31,1.75,C5,72,ɑ,Bozeman soprano midpoint,0.288,close,E4,7.5,inside,9,-6,none,not assessed,short,step,2,no,5,middle,no,no,no,
Kabalevsky T03,17,31,2,D5,74,e,Bozeman soprano midpoint,1.154,crossing,D4,12.5,inside,11,-4,none,not assessed,short,step,2,no,5,middle,no,no,no,crossing
Kabalevsky T03,17,32,1,D5,74,e,Bozeman soprano midpoint,0.288,crossing,D4,12.5,inside,11,-4,none,not assessed,short,tie,0,no,5,middle,no,no,no,crossing
Kabalevsky T03,17,32,1.25,D5,74,ɑ,Bozeman soprano midpoint,0.288,close,E4,9.5,inside,11,-4,none,not assessed,short,repeated,0,no,5,middle,no,no,no,
Kabalevsky T03,17,32,1.5,D5,74,ɑ,Bozeman soprano midpoint,0.288,close,E4,9.5,inside,11,-4,none,not assessed,short,repeated,0,no,5,middle,no,no,no,
Kabalevsky T03,17,32,1.75,D#5,75,ɪ,derived from Bozeman soprano,0.288,above,D4,12.96,inside,12,-3,none,not assessed,short,step,1,no,5,middle,yes,no,no,highest of phrase
Kabalevsky T03,17,32,2,D5,74,o,Bozeman soprano midpoint,0.865,crossing,D4,12.5,inside,11,-4,none,not assessed,short,step,-1,no,5,middle,no,no,no,crossing
Kabalevsky T03,17,32,2.75,D#5,75,u,Bozeman soprano midpoint,0.288,above,G#3,19,inside,12,-3,none,not assessed,short,step,1,no,5,middle,yes,no,no,highest of phrase
Kabalevsky T03,17,33,1,D5,74,o,Bozeman soprano midpoint,0.288,crossing,D4,12.5,inside,11,-4,none,not assessed,short,step,-1,no,5,middle,no,no,no,crossing
Kabalevsky T03,17,33,1.25,G4,67,u,Bozeman soprano midpoint,0.288,close,G#3,11,inside,4,-11,none,not assessed,short,leap-down,-7,no,5,middle,no,no,no,
Kabalevsky T03,17,33,1.5,A4,69,i,Bozeman soprano midpoint,0.288,above,G3,14.5,inside,6,-9,none,not assessed,short,step,2,no,5,middle,no,no,no,
Kabalevsky T03,17,33,1.75,B4,71,i,Bozeman soprano midpoint,0.288,above,G3,16.5,inside,8,-7,none,not assessed,short,step,2,no,5,middle,no,no,no,
Kabalevsky T03,17,33,2,C5,72,a,derived from Bozeman soprano,0.865,close,G4,5.08,inside,9,-6,none,not assessed,short,step,1,no,5,middle,no,no,no,
Kabalevsky T03,17,33,2.75,C5,72,ɑ,Bozeman soprano midpoint,0.288,close,E4,7.5,inside,9,-6,none,not assessed,short,repeated,0,no,5,last,no,no,no,
Kabalevsky T03,17,34,2.75,C5,72,o,Bozeman soprano midpoint,0.288,close,D4,10.5,inside,9,-6,none,not assessed,short,repeated,0,yes,6,first,no,no,no,
Kabalevsky T03,17,35,1,F5,77,u,Bozeman soprano midpoint,0.288,above,G#3,21,inside,14,-1,none,not assessed,short,leap-up,5,no,6,middle,yes,yes,yes,highest of phrase
Kabalevsky T03,17,35,1.25,F5,77,ɨ,derived from Bozeman soprano,0.288,above,C4,17.11,inside,14,-1,none,not assessed,short,repeated,0,no,6,middle,yes,yes,yes,highest of phrase
Kabalevsky T03,17,35,1.5,F5,77,ʌ,derived from Bozeman soprano,0.288,above,E4,12.5,inside,14,-1,none,not assessed,short,repeated,0,no,6,middle,yes,yes,yes,highest of phrase
Kabalevsky T03,17,35,1.75,C5,72,u,Bozeman soprano midpoint,0.288,above,G#3,16,inside,9,-6,none,not assessed,short,leap-down,-5,no,6,middle,no,no,no,
Kabalevsky T03,17,35,2,F5,77,ɑ,Bozeman soprano midpoint,0.288,above,E4,12.5,inside,14,-1,none,not assessed,short,leap-up,5,no,6,middle,yes,yes,yes,highest of phrase
Kabalevsky T03,17,35,2.25,D#5,75,ɑ,Bozeman soprano midpoint,0.288,close,E4,10.5,inside,12,-3,none,not assessed,short,step,-2,no,6,middle,no,no,no,
Kabalevsky T03,17,35,2.5,D5,74,ɛ,Bozeman soprano midpoint,0.288,close,D#4,11.5,inside,11,-4,none,not assessed,short,step,-1,no,6,middle,no,no,no,
Kabalevsky T03,17,35,2.75,C5,72,ɪ,derived from Bozeman soprano,0.288,close,D4,9.96,inside,9,-6,none,not assessed,short,step,-2,no,6,middle,no,no,no,
Kabalevsky T03,17,36,1,G4,67,e,Bozeman soprano midpoint,1.154,close,D4,5.5,inside,4,-11,none,not assessed,short,leap-down,-5,no,6,middle,no,no,no,
Kabalevsky T03,17,36,2,G4,67,e,Bozeman soprano midpoint,0.288,close,D4,5.5,inside,4,-11,none,not assessed,short,tie,0,no,6,middle,no,no,no,
Kabalevsky T03,17,36,2.25,G#4,68,ɑ,Bozeman soprano midpoint,0.288,close,E4,3.5,inside,5,-10,none,not assessed,short,step,1,no,6,middle,no,no,no,
Kabalevsky T03,17,36,2.5,G4,67,ɨ,derived from Bozeman soprano,0.288,close,C4,7.11,inside,4,-11,none,not assessed,short,step,-1,no,6,middle,no,no,no,
Kabalevsky T03,17,36,2.75,G#4,68,ʌ,derived from Bozeman soprano,0.288,close,E4,3.5,inside,5,-10,none,not assessed,short,step,1,no,6,middle,no,no,no,
Kabalevsky T03,17,37,1,G4,67,ɑ,Bozeman soprano midpoint,0.865,close,E4,2.5,inside,4,-11,none,not assessed,short,step,-1,no,6,middle,no,no,no,
Kabalevsky T03,17,37,1.75,A4,69,i,Bozeman soprano midpoint,0.288,above,G3,14.5,inside,6,-9,none,not assessed,short,step,2,no,6,middle,no,no,no,
Kabalevsky T03,17,37,2,B4,71,a,derived from Bozeman soprano,0.288,close,G4,4.08,inside,8,-7,none,not assessed,short,step,2,no,6,middle,no,no,no,
Kabalevsky T03,17,37,2.25,C5,72,ɪ,derived from Bozeman soprano,0.288,close,D4,9.96,inside,9,-6,none,not assessed,short,step,1,no,6,middle,no,no,no,
Kabalevsky T03,17,37,2.5,D#5,75,ʌ,derived from Bozeman soprano,0.288,close,E4,10.5,inside,12,-3,none,not assessed,short,leap-up,3,no,6,middle,no,no,no,
Kabalevsky T03,17,37,2.75,D5,74,ɑ,Bozeman soprano midpoint,0.288,close,E4,9.5,inside,11,-4,none,not assessed,short,step,-1,no,6,middle,no,no,no,
Kabalevsky T03,17,38,1,C5,72,a,derived from Bozeman soprano,0.865,close,G4,5.08,inside,9,-6,none,not assessed,short,step,-2,no,6,middle,no,no,no,
Kabalevsky T03,17,38,1.75,C5,72,ɪ,derived from Bozeman soprano,0.288,close,D4,9.96,inside,9,-6,none,not assessed,short,repeated,0,no,6,last,no,no,no,
Kabalevsky T03,17,44,2.5,C5,72,i,Bozeman soprano midpoint,0.577,above,G3,17.5,inside,9,-6,none,not assessed,short,repeated,0,yes,7,first,no,no,no,
Kabalevsky T03,17,45,1,C5,72,ɑ,Bozeman soprano midpoint,1.731,close,E4,7.5,inside,9,-6,none,not assessed,short,repeated,0,no,7,middle,no,no,no,
Kabalevsky T03,17,45,2.5,A#4,70,u,Bozeman soprano midpoint,0.577,above,G#3,14,inside,7,-8,none,not assessed,short,step,-2,no,7,middle,no,no,no,
Kabalevsky T03,17,46,1,C5,72,o,Bozeman soprano midpoint,1.731,close,D4,10.5,inside,9,-6,none,not assessed,short,step,2,no,7,middle,no,no,no,
Kabalevsky T03,17,46,2.5,G#4,68,ɑ,Bozeman soprano midpoint,0.577,close,E4,3.5,inside,5,-10,none,not assessed,short,leap-down,-4,no,7,middle,no,no,no,
Kabalevsky T03,17,47,1,F4,65,o,Bozeman soprano midpoint,0.577,close,D4,3.5,inside,2,-13,none,not assessed,short,leap-down,-3,no,7,middle,no,no,no,
Kabalevsky T03,17,47,1.5,G#4,68,ʌ,derived from Bozeman soprano,0.577,close,E4,3.5,inside,5,-10,none,not assessed,short,leap-up,3,no,7,middle,no,no,no,
Kabalevsky T03,17,47,2,C5,72,ʌ,derived from Bozeman soprano,0.577,close,E4,7.5,inside,9,-6,none,not assessed,short,leap-up,4,no,7,middle,no,no,no,
Kabalevsky T03,17,47,2.5,D5,74,ɑ,Bozeman soprano midpoint,0.577,close,E4,9.5,inside,11,-4,none,not assessed,short,step,2,no,7,middle,no,no,no,
Kabalevsky T03,17,48,1,D#5,75,u,Bozeman soprano midpoint,1.154,above,G#3,19,inside,12,-3,none,not assessed,short,step,1,no,7,middle,yes,no,no,highest of phrase
Kabalevsky T03,17,48,2,D#5,75,u,Bozeman soprano midpoint,0.288,above,G#3,19,inside,12,-3,none,not assessed,short,tie,0,no,7,last,yes,no,no,highest of phrase
Kabalevsky T03,17,48,2.25,C5,72,ɑ,Bozeman soprano midpoint,0.288,close,E4,7.5,inside,9,-6,none,not assessed,short,leap-down,-3,no,8,first,no,no,no,
Kabalevsky T03,17,48,2.5,G#4,68,o,Bozeman soprano midpoint,0.288,close,D4,6.5,inside,5,-10,none,not assessed,short,leap-down,-4,no,8,middle,no,no,no,
Kabalevsky T03,17,48,2.75,C5,72,ɑ,Bozeman soprano midpoint,0.288,close,E4,7.5,inside,9,-6,none,not assessed,short,leap-up,4,no,8,middle,no,no,no,
Kabalevsky T03,17,49,1,G4,67,ɛ,Bozeman soprano midpoint,0.577,close,D#4,4.5,inside,4,-11,none,not assessed,short,leap-down,-5,no,8,middle,no,no,no,
Kabalevsky T03,17,49,1.5,D#5,75,ɛ,Bozeman soprano midpoint,1.154,crossing,D#4,12.5,inside,12,-3,none,not assessed,short,leap-up,8,no,8,last,yes,no,no,highest of phrase; crossing
Kabalevsky T03,17,49,2.5,D#5,75,i,Bozeman soprano midpoint,0.577,above,G3,20.5,inside,12,-3,none,not assessed,short,repeated,0,no,9,first,no,no,no,
Kabalevsky T03,17,50,1,G5,79,o,Bozeman soprano midpoint,0.577,above,D4,17.5,above secondo,16,1,none,not assessed,short,leap-up,4,no,9,middle,yes,yes,yes,highest of phrase
Kabalevsky T03,17,50,1.5,F5,77,ɨ,derived from Bozeman soprano,0.577,above,C4,17.11,inside,14,-1,none,not assessed,short,step,-2,no,9,middle,no,yes,no,
Kabalevsky T03,17,50,2,D#5,75,ɪ,derived from Bozeman soprano,0.577,above,D4,12.96,inside,12,-3,none,not assessed,short,step,-2,no,9,middle,no,no,no,
Kabalevsky T03,17,50,2.5,D5,74,ɑ,Bozeman soprano midpoint,0.577,close,E4,9.5,inside,11,-4,none,not assessed,short,step,-1,no,9,middle,no,no,no,
Kabalevsky T03,17,51,1,C5,72,u,Bozeman soprano midpoint,2.308,above,G#3,16,inside,9,-6,none,not assessed,held,step,-2,no,9,middle,no,no,no,held
Kabalevsky T03,17,52,1,C5,72,u,Bozeman soprano midpoint,0.577,above,G#3,16,inside,9,-6,none,not assessed,held,tie,0,no,9,last,no,no,no,held
Kabalevsky T04,17,4,3.5,F4,65,ɑ,Bozeman soprano midpoint,0.6,close,E4,0.5,inside,2,-13,none,not assessed,short,first note,,,0,first,no,no,no,turning pitch 0 to 2 st below
Kabalevsky T04,17,4,4,G4,67,ɑ,Bozeman soprano midpoint,0.6,close,E4,2.5,inside,4,-11,none,not assessed,short,step,2,no,0,middle,no,no,no,
Kabalevsky T04,17,4,4.5,C5,72,ɑ,Bozeman soprano midpoint,0.6,close,E4,7.5,inside,9,-6,none,not assessed,short,leap-up,5,no,0,middle,no,no,no,
Kabalevsky T04,17,5,1,G#4,68,u,Bozeman soprano midpoint,1.8,crossing,G#3,12,inside,5,-10,none,not assessed,short,leap-down,-4,no,0,middle,no,no,no,crossing
Kabalevsky T04,17,5,2.5,G4,67,ɪ,derived from Bozeman soprano,0.6,close,D4,4.96,inside,4,-11,none,not assessed,short,step,-1,no,0,middle,no,no,no,
Kabalevsky T04,17,5,3,G#4,68,o,Bozeman soprano midpoint,0.6,close,D4,6.5,inside,5,-10,none,not assessed,short,step,1,no,0,middle,no,no,no,
Kabalevsky T04,17,5,3.5,F4,65,ɨ,derived from Bozeman soprano,0.6,close,C4,5.11,inside,2,-13,none,not assessed,short,leap-down,-3,no,0,middle,no,no,no,
Kabalevsky T04,17,5,4,A#4,70,ɑ,Bozeman soprano midpoint,0.6,close,E4,5.5,inside,7,-8,none,not assessed,short,leap-up,5,no,0,middle,no,no,no,
Kabalevsky T04,17,5,4.5,G4,67,ɨ,derived from Bozeman soprano,0.6,close,C4,7.11,inside,4,-11,none,not assessed,short,leap-down,-3,no,0,middle,no,no,no,
Kabalevsky T04,17,6,1,C5,72,u,Bozeman soprano midpoint,2.4,above,G#3,16,inside,9,-6,none,not assessed,held,leap-up,5,no,0,middle,no,no,no,held
Kabalevsky T04,17,6,3,C5,72,u,Bozeman soprano midpoint,0.6,above,G#3,16,inside,9,-6,none,not assessed,held,tie,0,no,0,middle,no,no,no,held
Kabalevsky T04,17,6,3.5,A#4,70,ɑ,Bozeman soprano midpoint,0.6,close,E4,5.5,inside,7,-8,none,not assessed,short,step,-2,no,0,middle,no,no,no,
Kabalevsky T04,17,6,4,C5,72,ɨ,derived from Bozeman soprano,0.6,crossing,C4,12.11,inside,9,-6,none,not assessed,short,step,2,no,0,middle,no,no,no,crossing
Kabalevsky T04,17,6,4.5,C#5,73,ɨ,derived from Bozeman soprano,0.6,above,C4,13.11,inside,10,-5,none,not assessed,short,step,1,no,0,middle,no,no,no,
Kabalevsky T04,17,7,1,D#5,75,ɑ,Bozeman soprano midpoint,0.6,close,E4,10.5,inside,12,-3,none,not assessed,short,step,2,no,0,middle,yes,no,no,highest of phrase
Kabalevsky T04,17,7,1.5,C5,72,u,Bozeman soprano midpoint,0.6,above,G#3,16,inside,9,-6,none,not assessed,short,leap-down,-3,no,0,middle,no,no,no,
Kabalevsky T04,17,7,2,A#4,70,ʌ,derived from Bozeman soprano,0.6,close,E4,5.5,inside,7,-8,none,not assessed,short,step,-2,no,0,middle,no,no,no,
Kabalevsky T04,17,7,2.5,G#4,68,ɑ,Bozeman soprano midpoint,0.6,close,E4,3.5,inside,5,-10,none,not assessed,short,step,-2,no,0,middle,no,no,no,
Kabalevsky T04,17,7,3,A#4,70,ɑ,Bozeman soprano midpoint,1.8,close,E4,5.5,inside,7,-8,none,not assessed,short,step,2,no,0,middle,no,no,no,
Kabalevsky T04,17,7,4.5,G4,67,ɨ,derived from Bozeman soprano,0.6,close,C4,7.11,inside,4,-11,none,not assessed,short,leap-down,-3,no,0,middle,no,no,no,
Kabalevsky T04,17,8,1,C5,72,o,Bozeman soprano midpoint,1.8,close,D4,10.5,inside,9,-6,none,not assessed,short,leap-up,5,no,0,middle,no,no,no,
Kabalevsky T04,17,8,2.5,C5,72,ʌ,derived from Bozeman soprano,0.6,close,E4,7.5,inside,9,-6,none,not assessed,short,repeated,0,no,0,last,no,no,no,
Kabalevsky T04,17,8,3.5,C5,72,u,Bozeman soprano midpoint,0.6,above,G#3,16,inside,9,-6,none,not assessed,short,repeated,0,yes,1,first,no,no,no,
Kabalevsky T04,17,8,4,A#4,70,ɑ,Bozeman soprano midpoint,0.6,close,E4,5.5,inside,7,-8,none,not assessed,short,step,-2,no,1,middle,no,no,no,
Kabalevsky T04,17,8,4.5,G#4,68,ɨ,derived from Bozeman soprano,0.6,close,C4,8.11,inside,5,-10,none,not assessed,short,step,-2,no,1,middle,no,no,no,
Kabalevsky T04,17,9,1,A#4,70,ɛ,Bozeman soprano midpoint,1.8,close,D#4,7.5,inside,7,-8,none,not assessed,short,step,2,no,1,middle,no,no,no,
Kabalevsky T04,17,9,2.5,G4,67,i,Bozeman soprano midpoint,0.6,crossing,G3,12.5,inside,4,-11,none,not assessed,short,leap-down,-3,no,1,middle,no,no,no,crossing
Kabalevsky T04,17,9,3,G#4,68,o,Bozeman soprano midpoint,0.6,close,D4,6.5,inside,5,-10,none,not assessed,short,step,1,no,1,middle,no,no,no,
Kabalevsky T04,17,9,3.5,G4,67,ɑ,Bozeman soprano midpoint,0.6,close,E4,2.5,inside,4,-11,none,not assessed,short,step,-1,no,1,middle,no,no,no,
Kabalevsky T04,17,9,4,G#4,68,ɛ,Bozeman soprano midpoint,0.6,close,D#4,5.5,inside,5,-10,none,not assessed,short,step,1,no,1,middle,no,no,no,
Kabalevsky T04,17,9,4.5,A#4,70,ɑ,Bozeman soprano midpoint,0.6,close,E4,5.5,inside,7,-8,none,not assessed,short,step,2,no,1,middle,no,no,no,
Kabalevsky T04,17,10,1,B4,71,u,Bozeman soprano midpoint,0.6,above,G#3,15,inside,8,-7,none,not assessed,short,step,1,no,1,middle,no,no,no,
Kabalevsky T04,17,10,1.5,C5,72,i,Bozeman soprano midpoint,0.6,above,G3,17.5,inside,9,-6,none,not assessed,short,step,1,no,1,middle,no,no,no,
Kabalevsky T04,17,10,2,F5,77,ɑ,Bozeman soprano midpoint,0.6,above,E4,12.5,inside,14,-1,none,not assessed,short,leap-up,5,no,1,middle,no,yes,no,
Kabalevsky T04,17,10,2.5,G5,79,ʌ,derived from Bozeman soprano,0.6,above,E4,14.5,above secondo,16,1,none,not assessed,short,step,2,no,1,middle,no,yes,no,
Kabalevsky T04,17,10,3,G#5,80,o,Bozeman soprano midpoint,2.4,above,D4,18.5,above secondo,17,2,none,not assessed,held,step,1,no,1,middle,yes,no,no,held; highest of phrase
Kabalevsky T04,17,11,1,G#5,80,o,Bozeman soprano midpoint,0.6,above,D4,18.5,above secondo,17,2,none,not assessed,held,tie,0,no,1,middle,yes,no,no,held; highest of phrase
Kabalevsky T04,17,11,1.5,G5,79,u,Bozeman soprano midpoint,0.6,above,G#3,23,above secondo,16,1,none,not assessed,short,step,-1,no,1,middle,no,yes,no,
Kabalevsky T04,17,11,2,F5,77,ɑ,Bozeman soprano midpoint,0.6,above,E4,12.5,inside,14,-1,none,not assessed,short,step,-2,no,1,middle,no,yes,no,
Kabalevsky T04,17,11,2.5,E5,76,ɑ,Bozeman soprano midpoint,0.6,crossing,E4,11.5,inside,13,-2,none,not assessed,short,step,-1,no,1,middle,no,no,no,crossing
Kabalevsky T04,17,11,3,F5,77,e,Bozeman soprano midpoint,1.8,above,D4,15.5,inside,14,-1,none,not assessed,short,step,1,no,1,middle,no,yes,no,
Kabalevsky T04,17,11,4.5,C#5,73,u,Bozeman soprano midpoint,0.6,above,G#3,17,inside,10,-5,none,not assessed,short,leap-down,-4,no,1,middle,no,no,no,
Kabalevsky T04,17,12,1,G#4,68,o,Bozeman soprano midpoint,1.8,close,D4,6.5,inside,5,-10,none,not assessed,short,leap-down,-5,no,1,middle,no,no,no,
Kabalevsky T04,17,12,2.5,C5,72,ɑ,Bozeman soprano midpoint,0.6,close,E4,7.5,inside,9,-6,none,not assessed,short,leap-up,4,no,1,last,no,no,no,
Kabalevsky T04,17,13,3.5,F4,65,i,Bozeman soprano midpoint,0.6,close,G3,10.5,inside,2,-13,none,not assessed,short,leap-down,-7,yes,2,first,no,no,no,
Kabalevsky T04,17,13,4,G4,67,ɑ,Bozeman soprano midpoint,0.6,close,E4,2.5,inside,4,-11,none,not assessed,short,step,2,no,2,middle,no,no,no,
Kabalevsky T04,17,13,4.5,C5,72,ɪ,derived from Bozeman soprano,0.6,close,D4,9.96,inside,9,-6,none,not assessed,short,leap-up,5,no,2,middle,no,no,no,
Kabalevsky T04,17,14,1,G#4,68,ɑ,Bozeman soprano midpoint,0.6,close,E4,3.5,inside,5,-10,none,not assessed,short,leap-down,-4,no,2,middle,no,no,no,
Kabalevsky T04,17,14,1.5,G4,67,ɨ,derived from Bozeman soprano,0.6,close,C4,7.11,inside,4,-11,none,not assessed,short,step,-1,no,2,middle,no,no,no,
Kabalevsky T04,17,14,2,G#4,68,o,Bozeman soprano midpoint,1.8,close,D4,6.5,inside,5,-10,none,not assessed,short,step,1,no,2,middle,no,no,no,
Kabalevsky T04,17,14,3.5,C5,72,ɑ,Bozeman soprano midpoint,0.6,close,E4,7.5,inside,9,-6,none,not assessed,short,leap-up,4,no,2,middle,no,no,no,
Kabalevsky T04,17,15,1,C5,72,o,Bozeman soprano midpoint,0.6,close,D4,10.5,inside,9,-6,none,not assessed,short,repeated,0,no,2,middle,no,no,no,
Kabalevsky T04,17,15,1.5,B4,71,ɨ,derived from Bozeman soprano,0.6,close,C4,11.11,inside,8,-7,none,not assessed,short,step,-1,no,2,middle,no,no,no,
Kabalevsky T04,17,15,2,B4,71,u,Bozeman soprano midpoint,1.8,above,G#3,15,inside,8,-7,none,not assessed,short,repeated,0,no,2,middle,no,no,no,
Kabalevsky T04,17,15,3.5,D5,74,ɑ,Bozeman soprano midpoint,0.6,close,E4,9.5,inside,11,-4,none,not assessed,short,leap-up,3,no,2,middle,no,no,no,
Kabalevsky T04,17,16,1,D#5,75,ɛ,Bozeman soprano midpoint,0.6,crossing,D#4,12.5,inside,12,-3,none,not assessed,short,step,1,no,2,middle,no,no,no,crossing
Kabalevsky T04,17,16,1.5,C5,72,ɑ,Bozeman soprano midpoint,0.6,close,E4,7.5,inside,9,-6,none,not assessed,short,leap-down,-3,no,2,middle,no,no,no,
Kabalevsky T04,17,16,2,C#5,73,o,Bozeman soprano midpoint,0.6,close,D4,11.5,inside,10,-5,none,not assessed,short,step,1,no,2,middle,no,no,no,
Kabalevsky T04,17,16,2.5,D#5,75,ɑ,Bozeman soprano midpoint,0.6,close,E4,10.5,inside,12,-3,none,not assessed,short,step,2,no,2,middle,no,no,no,
Kabalevsky T04,17,16,3,F5,77,ɛ,Bozeman soprano midpoint,0.6,above,D#4,14.5,inside,14,-1,none,not assessed,short,step,2,no,2,middle,yes,yes,yes,highest of phrase
Kabalevsky T04,17,16,3.5,C5,72,ɑ,Bozeman soprano midpoint,0.6,close,E4,7.5,inside,9,-6,none,not assessed,short,leap-down,-5,no,2,middle,no,no,no,
Kabalevsky T04,17,16,4,C#5,73,i,Bozeman soprano midpoint,0.6,above,G3,18.5,inside,10,-5,none,not assessed,short,step,1,no,2,middle,no,no,no,
Kabalevsky T04,17,16,4.5,C5,72,ɑ,Bozeman soprano midpoint,0.6,close,E4,7.5,inside,9,-6,none,not assessed,short,step,-1,no,2,middle,no,no,no,
Kabalevsky T04,17,17,1,C#5,73,i,Bozeman soprano midpoint,0.6,above,G3,18.5,inside,10,-5,none,not assessed,short,step,1,no,2,middle,no,no,no,
Kabalevsky T04,17,17,1.5,A#4,70,ɑ,Bozeman soprano midpoint,0.6,close,E4,5.5,inside,7,-8,none,not assessed,short,leap-down,-3,no,2,last,no,no,no,
Kabalevsky T04,17,17,2.5,C5,72,i,Bozeman soprano midpoint,0.6,above,G3,17.5,inside,9,-6,none,not assessed,short,step,2,yes,3,first,no,no,no,
Kabalevsky T04,17,17,3,C#5,73,u,Bozeman soprano midpoint,1.8,above,G#3,17,inside,10,-5,none,not assessed,short,step,1,no,3,middle,no,no,no,
Kabalevsky T04,17,17,4.5,A#4,70,u,Bozeman soprano midpoint,0.6,above,G#3,14,inside,7,-8,none,not assessed,short,leap-down,-3,no,3,middle,no,no,no,
Kabalevsky T04,17,18,1,C5,72,o,Bozeman soprano midpoint,1.8,close,D4,10.5,inside,9,-6,none,not assessed,short,step,2,no,3,middle,no,no,no,
Kabalevsky T04,17,18,2.5,C5,72,ɑ,Bozeman soprano midpoint,0.6,close,E4,7.5,inside,9,-6,none,not assessed,short,repeated,0,no,3,middle,no,no,no,
Kabalevsky T04,17,18,3,C#5,73,i,Bozeman soprano midpoint,0.6,above,G3,18.5,inside,10,-5,none,not assessed,short,step,1,no,3,middle,no,no,no,
Kabalevsky T04,17,18,3.5,A#4,70,u,Bozeman soprano midpoint,0.6,above,G#3,14,inside,7,-8,none,not assessed,short,leap-down,-3,no,3,middle,no,no,no,
Kabalevsky T04,17,18,4,A#4,70,u,Bozeman soprano midpoint,0.6,above,G#3,14,inside,7,-8,none,not assessed,short,repeated,0,no,3,middle,no,no,no,
Kabalevsky T04,17,18,4.5,C#5,73,ɑ,Bozeman soprano midpoint,0.6,close,E4,8.5,inside,10,-5,none,not assessed,short,leap-up,3,no,3,middle,no,no,no,
Kabalevsky T04,17,19,1,C5,72,u,Bozeman soprano midpoint,0.6,above,G#3,16,inside,9,-6,none,not assessed,short,step,-1,no,3,middle,no,no,no,
Kabalevsky T04,17,19,1.5,B4,71,i,Bozeman soprano midpoint,0.6,above,G3,16.5,inside,8,-7,none,not assessed,short,step,-1,no,3,middle,no,no,no,
Kabalevsky T04,17,19,2,C5,72,o,Bozeman soprano midpoint,0.6,close,D4,10.5,inside,9,-6,none,not assessed,short,step,1,no,3,middle,no,no,no,
Kabalevsky T04,17,19,2.5,D5,74,o,Bozeman soprano midpoint,0.6,crossing,D4,12.5,inside,11,-4,none,not assessed,short,step,2,no,3,middle,no,no,no,crossing
Kabalevsky T04,17,19,3,D#5,75,ɨ,derived from Bozeman soprano,0.6,above,C4,15.11,inside,12,-3,none,not assessed,short,step,1,no,3,middle,yes,no,no,highest of phrase
Kabalevsky T04,17,19,3.5,C5,72,i,Bozeman soprano midpoint,0.6,above,G3,17.5,inside,9,-6,none,not assessed,short,leap-down,-3,no,3,middle,no,no,no,
Kabalevsky T04,17,19,4,F#4,66,ɛ,Bozeman soprano midpoint,0.6,close,D#4,3.5,inside,3,-12,none,not assessed,short,leap-down,-6,no,3,middle,no,no,no,
Kabalevsky T04,17,19,4.5,G4,67,ɑ,Bozeman soprano midpoint,0.6,close,E4,2.5,inside,4,-11,none,not assessed,short,step,1,no,3,middle,no,no,no,
Kabalevsky T04,17,20,1,G#4,68,ɑ,Bozeman soprano midpoint,1.8,close,E4,3.5,inside,5,-10,none,not assessed,short,step,1,no,3,middle,no,no,no,
Kabalevsky T04,17,20,2.5,C5,72,ʌ,derived from Bozeman soprano,0.6,close,E4,7.5,inside,9,-6,none,not assessed,short,leap-up,4,no,3,middle,no,no,no,
Kabalevsky T04,17,20,3,B4,71,i,Bozeman soprano midpoint,0.6,above,G3,16.5,inside,8,-7,none,not assessed,short,step,-1,no,3,middle,no,no,no,
Kabalevsky T04,17,20,3.5,G4,67,ʌ,derived from Bozeman soprano,0.6,close,E4,2.5,inside,4,-11,none,not assessed,short,leap-down,-4,no,3,last,no,no,no,
Kabalevsky T04,17,21,1.5,G4,67,ɪ,derived from Bozeman soprano,0.6,close,D4,4.96,inside,4,-11,none,not assessed,short,repeated,0,yes,4,first,no,no,no,
Kabalevsky T04,17,21,2,G4,67,u,Bozeman soprano midpoint,0.6,close,G#3,11,inside,4,-11,none,not assessed,short,repeated,0,no,4,middle,no,no,no,
Kabalevsky T04,17,21,2.5,G4,67,ɑ,Bozeman soprano midpoint,0.6,close,E4,2.5,inside,4,-11,none,not assessed,short,repeated,0,no,4,middle,no,no,no,
Kabalevsky T04,17,21,3,G4,67,o,Bozeman soprano midpoint,1.8,close,D4,5.5,inside,4,-11,none,not assessed,short,repeated,0,no,4,middle,no,no,no,
Kabalevsky T04,17,21,4.5,G4,67,ɑ,Bozeman soprano midpoint,0.6,close,E4,2.5,inside,4,-11,none,not assessed,short,repeated,0,no,4,middle,no,no,no,
Kabalevsky T04,17,22,1,G4,67,e,Bozeman soprano midpoint,0.6,close,D4,5.5,inside,4,-11,none,not assessed,short,repeated,0,no,4,middle,no,no,no,
Kabalevsky T04,17,22,1.5,G4,67,ɑ,Bozeman soprano midpoint,0.6,close,E4,2.5,inside,4,-11,none,not assessed,short,repeated,0,no,4,middle,no,no,no,
Kabalevsky T04,17,22,2,G4,67,ʌ,derived from Bozeman soprano,0.6,close,E4,2.5,inside,4,-11,none,not assessed,short,repeated,0,no,4,middle,no,no,no,
Kabalevsky T04,17,22,2.5,A#4,70,u,Bozeman soprano midpoint,0.6,above,G#3,14,inside,7,-8,none,not assessed,short,leap-up,3,no,4,middle,yes,no,no,highest of phrase
Kabalevsky T04,17,22,3,G4,67,o,Bozeman soprano midpoint,2.4,close,D4,5.5,inside,4,-11,none,not assessed,short,leap-down,-3,no,4,last,no,no,no,
Kabalevsky T04,17,23,1.5,G4,67,i,Bozeman soprano midpoint,0.6,crossing,G3,12.5,inside,4,-11,none,not assessed,short,repeated,0,yes,5,first,no,no,no,crossing
Kabalevsky T04,17,23,2,G4,67,u,Bozeman soprano midpoint,0.6,close,G#3,11,inside,4,-11,none,not assessed,short,repeated,0,no,5,middle,no,no,no,
Kabalevsky T04,17,23,2.5,G4,67,ɑ,Bozeman soprano midpoint,0.6,close,E4,2.5,inside,4,-11,none,not assessed,short,repeated,0,no,5,middle,no,no,no,
Kabalevsky T04,17,23,3,G#4,68,ɑ,Bozeman soprano midpoint,1.2,close,E4,3.5,inside,5,-10,none,not assessed,short,step,1,no,5,middle,no,no,no,
Kabalevsky T04,17,23,4,G4,67,u,Bozeman soprano midpoint,1.2,close,G#3,11,inside,4,-11,none,not assessed,short,step,-1,no,5,middle,no,no,no,
Kabalevsky T04,17,24,1,B4,71,o,Bozeman soprano midpoint,0.6,close,D4,9.5,inside,8,-7,none,not assessed,short,leap-up,4,no,5,middle,no,no,no,
Kabalevsky T04,17,24,1.5,G4,67,ɑ,Bozeman soprano midpoint,0.6,close,E4,2.5,inside,4,-11,none,not assessed,short,leap-down,-4,no,5,middle,no,no,no,
Kabalevsky T04,17,24,2,G4,67,e,Bozeman soprano midpoint,0.6,close,D4,5.5,inside,4,-11,none,not assessed,short,repeated,0,no,5,middle,no,no,no,
Kabalevsky T04,17,24,2.5,G4,67,ɪ,derived from Bozeman soprano,0.6,close,D4,4.96,inside,4,-11,none,not assessed,short,repeated,0,no,5,middle,no,no,no,
Kabalevsky T04,17,24,3,D#5,75,ɑ,Bozeman soprano midpoint,1.2,close,E4,10.5,inside,12,-3,none,not assessed,short,leap-up,8,no,5,middle,yes,no,no,highest of phrase
Kabalevsky T04,17,24,4,C5,72,ʌ,derived from Bozeman soprano,0.6,close,E4,7.5,inside,9,-6,none,not assessed,short,leap-down,-3,no,5,last,no,no,no,
Kabalevsky T04,17,24,4.5,C5,72,i,Bozeman soprano midpoint,0.6,above,G3,17.5,inside,9,-6,none,not assessed,short,repeated,0,no,6,first,no,no,no,
Kabalevsky T04,17,25,1,C5,72,o,Bozeman soprano midpoint,1.8,close,D4,10.5,inside,9,-6,none,not assessed,short,repeated,0,no,6,middle,no,no,no,
Kabalevsky T04,17,25,2.5,D5,74,ɑ,Bozeman soprano midpoint,0.6,close,E4,9.5,inside,11,-4,none,not assessed,short,step,2,no,6,middle,no,no,no,
Kabalevsky T04,17,25,3,D#5,75,u,Bozeman soprano midpoint,0.6,above,G#3,19,inside,12,-3,none,not assessed,short,step,1,no,6,middle,no,no,no,
Kabalevsky T04,17,25,3.5,C5,72,ɑ,Bozeman soprano midpoint,0.6,close,E4,7.5,inside,9,-6,none,not assessed,short,leap-down,-3,no,6,middle,no,no,no,
Kabalevsky T04,17,25,4,C5,72,ɑ,Bozeman soprano midpoint,0.6,close,E4,7.5,inside,9,-6,none,not assessed,short,repeated,0,no,6,middle,no,no,no,
Kabalevsky T04,17,25,4.5,C5,72,o,Bozeman soprano midpoint,0.6,close,D4,10.5,inside,9,-6,none,not assessed,short,repeated,0,no,6,middle,no,no,no,
Kabalevsky T04,17,26,1,F5,77,ʌ,derived from Bozeman soprano,1.8,above,E4,12.5,inside,14,-1,none,not assessed,short,leap-up,5,no,6,middle,no,yes,no,
Kabalevsky T04,17,26,2.5,D5,74,ɨ,derived from Bozeman soprano,0.6,above,C4,14.11,inside,11,-4,none,not assessed,short,leap-down,-3,no,6,middle,no,no,no,
Kabalevsky T04,17,26,3,D#5,75,o,Bozeman soprano midpoint,1.8,above,D4,13.5,inside,12,-3,none,not assessed,short,step,1,no,6,middle,no,no,no,
Kabalevsky T04,17,26,4.5,C5,72,ɑ,Bozeman soprano midpoint,0.6,close,E4,7.5,inside,9,-6,none,not assessed,short,leap-down,-3,no,6,middle,no,no,no,
Kabalevsky T04,17,27,1,B4,71,ʌ,derived from Bozeman soprano,0.6,close,E4,6.5,inside,8,-7,none,not assessed,short,step,-1,no,6,middle,no,no,no,
Kabalevsky T04,17,27,1.5,G4,67,ɑ,Bozeman soprano midpoint,0.6,close,E4,2.5,inside,4,-11,none,not assessed,short,leap-down,-4,no,6,middle,no,no,no,
Kabalevsky T04,17,27,2,B4,71,o,Bozeman soprano midpoint,0.6,close,D4,9.5,inside,8,-7,none,not assessed,short,leap-up,4,no,6,middle,no,no,no,
Kabalevsky T04,17,27,2.5,D5,74,ɑ,Bozeman soprano midpoint,0.6,close,E4,9.5,inside,11,-4,none,not assessed,short,leap-up,3,no,6,middle,no,no,no,
Kabalevsky T04,17,27,3,C5,72,i,Bozeman soprano midpoint,0.6,above,G3,17.5,inside,9,-6,none,not assessed,short,step,-2,no,6,middle,no,no,no,
Kabalevsky T04,17,27,3.5,D5,74,u,Bozeman soprano midpoint,0.6,above,G#3,18,inside,11,-4,none,not assessed,short,step,2,no,6,middle,no,no,no,
Kabalevsky T04,17,27,4,D#5,75,ɛ,Bozeman soprano midpoint,0.6,crossing,D#4,12.5,inside,12,-3,none,not assessed,short,step,1,no,6,middle,no,no,no,crossing
Kabalevsky T04,17,27,4.5,F5,77,ɑ,Bozeman soprano midpoint,0.6,above,E4,12.5,inside,14,-1,none,not assessed,short,step,2,no,6,middle,no,yes,no,
Kabalevsky T04,17,28,1,G5,79,ɑ,Bozeman soprano midpoint,3.6,above,E4,14.5,above secondo,16,1,none,not assessed,held,step,2,no,6,middle,yes,yes,yes,held; highest of phrase
Kabalevsky T04,17,28,4,E5,76,ɨ,derived from Bozeman soprano,1.2,above,C4,16.11,inside,13,-2,none,not assessed,short,leap-down,-3,no,6,last,no,no,no,
Kabalevsky T04,17,33,4.5,C5,72,o,Bozeman soprano midpoint,0.6,close,D4,10.5,inside,9,-6,none,not assessed,short,leap-down,-4,yes,7,first,no,no,no,
Kabalevsky T04,17,34,1,F5,77,o,Bozeman soprano midpoint,0.9,above,D4,15.5,inside,14,-1,none,not assessed,short,leap-up,5,no,7,middle,no,yes,no,
Kabalevsky T04,17,34,1.75,C5,72,ʌ,derived from Bozeman soprano,0.3,close,E4,7.5,inside,9,-6,none,not assessed,short,leap-down,-5,no,7,middle,no,no,no,
Kabalevsky T04,17,34,2,C5,72,ɪ,derived from Bozeman soprano,0.6,close,D4,9.96,inside,9,-6,none,not assessed,short,repeated,0,no,7,middle,no,no,no,
Kabalevsky T04,17,34,2.5,F5,77,ɑ,Bozeman soprano midpoint,0.6,above,E4,12.5,inside,14,-1,none,not assessed,short,leap-up,5,no,7,middle,no,yes,no,
Kabalevsky T04,17,34,3,E5,76,ʌ,derived from Bozeman soprano,0.6,crossing,E4,11.5,inside,13,-2,none,not assessed,short,step,-1,no,7,middle,no,no,no,crossing
Kabalevsky T04,17,34,3.5,F5,77,ɑ,Bozeman soprano midpoint,0.6,above,E4,12.5,inside,14,-1,none,not assessed,short,step,1,no,7,middle,no,yes,no,
Kabalevsky T04,17,34,4,G5,79,u,Bozeman soprano midpoint,0.6,above,G#3,23,above secondo,16,1,none,not assessed,short,step,2,no,7,middle,no,yes,no,
Kabalevsky T04,17,34,4.5,E5,76,i,Bozeman soprano midpoint,0.6,above,G3,21.5,inside,13,-2,none,not assessed,short,leap-down,-3,no,7,middle,no,no,no,
Kabalevsky T04,17,35,1,D5,74,ɛ,Bozeman soprano midpoint,1.8,close,D#4,11.5,inside,11,-4,none,not assessed,short,step,-2,no,7,middle,no,no,no,
Kabalevsky T04,17,35,2.5,D5,74,i,Bozeman soprano midpoint,0.6,above,G3,19.5,inside,11,-4,none,not assessed,short,repeated,0,no,7,middle,no,no,no,
Kabalevsky T04,17,36,1,A5,81,o,Bozeman soprano midpoint,2.4,above,D4,19.5,above secondo,18,3,none,not assessed,short,leap-up,7,no,7,middle,yes,no,no,highest of phrase
Kabalevsky T04,17,36,3,G5,79,o,Bozeman soprano midpoint,0.6,above,D4,17.5,above secondo,16,1,none,not assessed,short,step,-2,no,7,middle,no,yes,no,
Kabalevsky T04,17,36,3.5,F5,77,ɑ,Bozeman soprano midpoint,0.6,above,E4,12.5,inside,14,-1,none,not assessed,short,step,-2,no,7,middle,no,yes,no,
Kabalevsky T04,17,36,4,E5,76,o,Bozeman soprano midpoint,0.6,above,D4,14.5,inside,13,-2,none,not assessed,short,step,-1,no,7,middle,no,no,no,
Kabalevsky T04,17,36,4.5,D5,74,ɑ,Bozeman soprano midpoint,0.6,close,E4,9.5,inside,11,-4,none,not assessed,short,step,-2,no,7,middle,no,no,no,
Kabalevsky T04,17,37,1,C5,72,i,Bozeman soprano midpoint,1.8,above,G3,17.5,inside,9,-6,none,not assessed,short,step,-2,no,7,middle,no,no,no,
Kabalevsky T04,17,37,2.5,D5,74,ɑ,Bozeman soprano midpoint,0.6,close,E4,9.5,inside,11,-4,none,not assessed,short,step,2,no,7,middle,no,no,no,
Kabalevsky T04,17,37,3,C5,72,e,Bozeman soprano midpoint,1.2,close,D4,10.5,inside,9,-6,none,not assessed,short,step,-2,no,7,middle,no,no,no,
Kabalevsky T04,17,37,4,G5,79,u,Bozeman soprano midpoint,1.2,above,G#3,23,above secondo,16,1,none,not assessed,short,leap-up,7,no,7,middle,no,yes,no,
Kabalevsky T04,17,38,1,F5,77,ɛ,Bozeman soprano midpoint,4.8,above,D#4,14.5,inside,14,-1,none,not assessed,held,step,-2,no,7,middle,no,yes,yes,held
Kabalevsky T04,17,39,1,F5,77,ɛ,Bozeman soprano midpoint,2.4,above,D#4,14.5,inside,14,-1,none,not assessed,held,tie,0,no,7,middle,no,yes,yes,held
Kabalevsky T04,17,39,3,F5,77,ɛ,Bozeman soprano midpoint,1.2,above,D#4,14.5,inside,14,-1,none,not assessed,held,tie,0,no,7,last,no,yes,yes,held
Kabalevsky T05,16,9,1,D#5,75,o,Bozeman soprano midpoint,0.625,above,D4,13.5,inside,12,-3,none,not assessed,short,first note,,,0,first,yes,no,no,highest of phrase
Kabalevsky T05,16,9,2,C#5,73,u,Bozeman soprano midpoint,0.313,above,G#3,17,inside,10,-5,none,not assessed,short,step,-2,no,0,middle,no,no,no,
Kabalevsky T05,16,9,2.5,B4,71,i,Bozeman soprano midpoint,0.313,above,G3,16.5,inside,8,-7,none,not assessed,short,step,-2,no,0,middle,no,no,no,
Kabalevsky T05,16,10,1,A#4,70,o,Bozeman soprano midpoint,0.938,close,D4,8.5,inside,7,-8,none,not assessed,short,step,-1,no,0,middle,no,no,no,
Kabalevsky T05,16,10,2.5,G#4,68,ɪ,derived from Bozeman soprano,0.313,close,D4,5.96,inside,5,-10,none,not assessed,short,step,-2,no,0,middle,no,no,no,
Kabalevsky T05,16,11,1,G4,67,ɑ,Bozeman soprano midpoint,0.313,close,E4,2.5,inside,4,-11,none,not assessed,short,step,-1,no,0,middle,no,no,no,
Kabalevsky T05,16,11,1.5,D#4,63,i,Bozeman soprano midpoint,0.313,close,G3,8.5,inside,0,-15,none,not assessed,short,leap-down,-4,no,0,middle,no,yes,no,
Kabalevsky T05,16,11,2,B4,71,ɨ,derived from Bozeman soprano,0.313,close,C4,11.11,inside,8,-7,none,not assessed,short,leap-up,8,no,0,middle,no,no,no,
Kabalevsky T05,16,11,2.5,A#4,70,ɪ,derived from Bozeman soprano,0.313,close,D4,7.96,inside,7,-8,none,not assessed,short,step,-1,no,0,middle,no,no,no,
Kabalevsky T05,16,12,1,G#4,68,o,Bozeman soprano midpoint,1.25,close,D4,6.5,inside,5,-10,none,not assessed,short,step,-2,no,0,middle,no,no,no,
Kabalevsky T05,16,13,1,G#4,68,o,Bozeman soprano midpoint,0.313,close,D4,6.5,inside,5,-10,none,not assessed,short,tie,0,no,0,middle,no,no,no,
Kabalevsky T05,16,13,1.5,G#4,68,ɑ,Bozeman soprano midpoint,0.313,close,E4,3.5,inside,5,-10,none,not assessed,short,repeated,0,no,0,middle,no,no,no,
Kabalevsky T05,16,13,2,A#4,70,i,Bozeman soprano midpoint,0.313,above,G3,15.5,inside,7,-8,none,not assessed,short,step,2,no,0,middle,no,no,no,
Kabalevsky T05,16,13,2.5,B4,71,ɑ,Bozeman soprano midpoint,0.313,close,E4,6.5,inside,8,-7,none,not assessed,short,step,1,no,0,middle,no,no,no,
Kabalevsky T05,16,14,1,C#5,73,u,Bozeman soprano midpoint,0.313,above,G#3,17,inside,10,-5,none,not assessed,short,step,2,no,0,middle,no,no,no,
Kabalevsky T05,16,14,1.5,C#5,73,ɑ,Bozeman soprano midpoint,0.313,close,E4,8.5,inside,10,-5,none,not assessed,short,repeated,0,no,0,middle,no,no,no,
Kabalevsky T05,16,14,2,C#5,73,ɑ,Bozeman soprano midpoint,0.625,close,E4,8.5,inside,10,-5,none,not assessed,short,repeated,0,no,0,middle,no,no,no,
Kabalevsky T05,16,15,1,C#5,73,ɑ,Bozeman soprano midpoint,0.313,close,E4,8.5,inside,10,-5,none,not assessed,short,tie,0,no,0,middle,no,no,no,
Kabalevsky T05,16,15,1.5,A#4,70,u,Bozeman soprano midpoint,0.313,above,G#3,14,inside,7,-8,none,not assessed,short,leap-down,-3,no,0,middle,no,no,no,
Kabalevsky T05,16,15,2,B4,71,u,Bozeman soprano midpoint,0.313,above,G#3,15,inside,8,-7,none,not assessed,short,step,1,no,0,middle,no,no,no,
Kabalevsky T05,16,15,2.5,C#5,73,i,Bozeman soprano midpoint,0.313,above,G3,18.5,inside,10,-5,none,not assessed,short,step,2,no,0,middle,no,no,no,
Kabalevsky T05,16,16,1,D#5,75,o,Bozeman soprano midpoint,0.625,above,D4,13.5,inside,12,-3,none,not assessed,short,step,2,no,0,middle,yes,no,no,highest of phrase
Kabalevsky T05,16,16,2,D#5,75,ɑ,Bozeman soprano midpoint,0.313,close,E4,10.5,inside,12,-3,none,not assessed,short,repeated,0,no,0,last,yes,no,no,highest of phrase
Kabalevsky T05,16,16,2.5,D#5,75,ɪ,derived from Bozeman soprano,0.313,above,D4,12.96,inside,12,-3,none,not assessed,short,repeated,0,no,1,first,no,no,no,
Kabalevsky T05,16,17,1,C#5,73,ɑ,Bozeman soprano midpoint,0.313,close,E4,8.5,inside,10,-5,none,not assessed,short,step,-2,no,1,middle,no,no,no,
Kabalevsky T05,16,17,1.5,D#5,75,ɑ,Bozeman soprano midpoint,0.313,close,E4,10.5,inside,12,-3,none,not assessed,short,step,2,no,1,middle,no,no,no,
Kabalevsky T05,16,17,2,E5,76,a,derived from Bozeman soprano,0.313,close,G4,9.08,inside,13,-2,none,not assessed,short,step,1,no,1,middle,yes,no,no,highest of phrase
Kabalevsky T05,16,17,2.5,C#5,73,i,Bozeman soprano midpoint,0.313,above,G3,18.5,inside,10,-5,none,not assessed,short,leap-down,-3,no,1,middle,no,no,no,
Kabalevsky T05,16,18,1,D#5,75,ɑ,Bozeman soprano midpoint,0.313,close,E4,10.5,inside,12,-3,none,not assessed,short,step,2,no,1,middle,no,no,no,
Kabalevsky T05,16,18,1.5,G#4,68,ɪ,derived from Bozeman soprano,0.313,close,D4,5.96,inside,5,-10,none,not assessed,short,leap-down,-7,no,1,middle,no,no,no,
Kabalevsky T05,16,18,2,A#4,70,ʌ,derived from Bozeman soprano,0.313,close,E4,5.5,inside,7,-8,none,not assessed,short,step,2,no,1,middle,no,no,no,
Kabalevsky T05,16,18,2.5,B4,71,ɪ,derived from Bozeman soprano,0.313,close,D4,8.96,inside,8,-7,none,not assessed,short,step,1,no,1,middle,no,no,no,
Kabalevsky T05,16,19,1,C#5,73,o,Bozeman soprano midpoint,1.25,close,D4,11.5,inside,10,-5,none,not assessed,short,step,2,no,1,middle,no,no,no,
Kabalevsky T05,16,20,1,C#5,73,o,Bozeman soprano midpoint,0.313,close,D4,11.5,inside,10,-5,none,not assessed,short,tie,0,no,1,middle,no,no,no,
Kabalevsky T05,16,20,1.5,A#4,70,i,Bozeman soprano midpoint,0.313,above,G3,15.5,inside,7,-8,none,not assessed,short,leap-down,-3,no,1,middle,no,no,no,
Kabalevsky T05,16,20,2,B4,71,ʌ,derived from Bozeman soprano,0.313,close,E4,6.5,inside,8,-7,none,not assessed,short,step,1,no,1,middle,no,no,no,
Kabalevsky T05,16,20,2.5,C#5,73,u,Bozeman soprano midpoint,0.313,above,G#3,17,inside,10,-5,none,not assessed,short,step,2,no,1,middle,no,no,no,
Kabalevsky T05,16,21,1,B4,71,i,Bozeman soprano midpoint,0.313,above,G3,16.5,inside,8,-7,none,not assessed,short,step,-2,no,1,middle,no,no,no,
Kabalevsky T05,16,21,1.5,A#4,70,ɑ,Bozeman soprano midpoint,0.313,close,E4,5.5,inside,7,-8,none,not assessed,short,step,-1,no,1,middle,no,no,no,
Kabalevsky T05,16,21,2,B4,71,u,Bozeman soprano midpoint,0.313,above,G#3,15,inside,8,-7,none,not assessed,short,step,1,no,1,middle,no,no,no,
Kabalevsky T05,16,21,2.5,G#4,68,i,Bozeman soprano midpoint,0.313,above,G3,13.5,inside,5,-10,none,not assessed,short,leap-down,-3,no,1,middle,no,no,no,
Kabalevsky T05,16,22,1,G4,67,o,Bozeman soprano midpoint,0.313,close,D4,5.5,inside,4,-11,none,not assessed,short,step,-1,no,1,middle,no,no,no,
Kabalevsky T05,16,22,1.5,D#4,63,o,Bozeman soprano midpoint,0.313,close,D4,1.5,inside,0,-15,none,not assessed,short,leap-down,-4,no,1,middle,no,yes,yes,turning pitch 0 to 2 st below
Kabalevsky T05,16,22,2,B4,71,o,Bozeman soprano midpoint,0.313,close,D4,9.5,inside,8,-7,none,not assessed,short,leap-up,8,no,1,middle,no,no,no,
Kabalevsky T05,16,22,2.5,A#4,70,u,Bozeman soprano midpoint,0.313,above,G#3,14,inside,7,-8,none,not assessed,short,step,-1,no,1,middle,no,no,no,
Kabalevsky T05,16,23,1,G#4,68,o,Bozeman soprano midpoint,0.938,close,D4,6.5,inside,5,-10,none,not assessed,short,step,-2,no,1,middle,no,no,no,
Kabalevsky T05,16,23,2.5,G#4,68,ɨ,derived from Bozeman soprano,0.313,close,C4,8.11,inside,5,-10,none,not assessed,short,repeated,0,no,1,last,no,no,no,
Kabalevsky T05,16,28,2.5,G#4,68,ɑ,Bozeman soprano midpoint,0.313,close,E4,3.5,inside,5,-10,none,not assessed,short,repeated,0,yes,2,first,no,no,no,
Kabalevsky T05,16,29,1,A#4,70,o,Bozeman soprano midpoint,0.938,close,D4,8.5,inside,7,-8,none,not assessed,short,step,2,no,2,middle,no,no,no,
Kabalevsky T05,16,29,2.5,G#4,68,ɑ,Bozeman soprano midpoint,0.313,close,E4,3.5,inside,5,-10,none,not assessed,short,step,-2,no,2,middle,no,no,no,
Kabalevsky T05,16,30,1,B4,71,ɑ,Bozeman soprano midpoint,1.25,close,E4,6.5,inside,8,-7,none,not assessed,short,leap-up,3,no,2,middle,no,no,no,
Kabalevsky T05,16,31,1,B4,71,ɑ,Bozeman soprano midpoint,0.313,close,E4,6.5,inside,8,-7,none,not assessed,short,tie,0,no,2,middle,no,no,no,
Kabalevsky T05,16,31,1.5,G#4,68,ɑ,Bozeman soprano midpoint,0.313,close,E4,3.5,inside,5,-10,none,not assessed,short,leap-down,-3,no,2,middle,no,no,no,
Kabalevsky T05,16,31,2,A#4,70,u,Bozeman soprano midpoint,0.313,above,G#3,14,inside,7,-8,none,not assessed,short,step,2,no,2,middle,no,no,no,
Kabalevsky T05,16,31,2.5,B4,71,i,Bozeman soprano midpoint,0.313,above,G3,16.5,inside,8,-7,none,not assessed,short,step,1,no,2,middle,no,no,no,
Kabalevsky T05,16,32,1,C5,72,ɛ,Bozeman soprano midpoint,0.938,close,D#4,9.5,inside,9,-6,none,not assessed,short,step,1,no,2,middle,no,no,no,
Kabalevsky T05,16,32,2.5,D#5,75,ɑ,Bozeman soprano midpoint,0.313,close,E4,10.5,inside,12,-3,none,not assessed,short,leap-up,3,no,2,middle,no,no,no,
Kabalevsky T05,16,33,1,D#5,75,ɑ,Bozeman soprano midpoint,0.938,close,E4,10.5,inside,12,-3,none,not assessed,short,repeated,0,no,2,middle,no,no,no,
Kabalevsky T05,16,33,2.5,G#4,68,ɑ,Bozeman soprano midpoint,0.313,close,E4,3.5,inside,5,-10,none,not assessed,short,leap-down,-7,no,2,middle,no,no,no,
Kabalevsky T05,16,34,1,E5,76,ɛ,Bozeman soprano midpoint,0.625,above,D#4,13.5,inside,13,-2,none,not assessed,short,leap-up,8,no,2,middle,yes,no,no,highest of phrase
Kabalevsky T05,16,34,2,C#5,73,ɑ,Bozeman soprano midpoint,0.625,close,E4,8.5,inside,10,-5,none,not assessed,short,leap-down,-3,no,2,last,no,no,no,
Kabalevsky T05,16,35,2,D#5,75,ɑ,Bozeman soprano midpoint,0.313,close,E4,10.5,inside,12,-3,none,not assessed,short,step,2,yes,3,first,no,no,no,
Kabalevsky T05,16,35,2.5,C#5,73,u,Bozeman soprano midpoint,0.313,above,G#3,17,inside,10,-5,none,not assessed,short,step,-2,no,3,middle,no,no,no,
Kabalevsky T05,16,36,1,E5,76,i,Bozeman soprano midpoint,0.938,above,G3,21.5,inside,13,-2,none,not assessed,short,leap-up,3,no,3,middle,yes,no,no,highest of phrase
Kabalevsky T05,16,36,2.5,C#5,73,ɑ,Bozeman soprano midpoint,0.313,close,E4,8.5,inside,10,-5,none,not assessed,short,leap-down,-3,no,3,last,no,no,no,
Kabalevsky T05,16,37,2,D#5,75,ʌ,derived from Bozeman soprano,0.313,close,E4,10.5,inside,12,-3,none,not assessed,short,step,2,yes,4,first,no,no,no,
Kabalevsky T05,16,37,2.5,C#5,73,i,Bozeman soprano midpoint,0.313,above,G3,18.5,inside,10,-5,none,not assessed,short,step,-2,no,4,middle,no,no,no,
Kabalevsky T05,16,38,1,F5,77,ɛ,Bozeman soprano midpoint,1.25,above,D#4,14.5,inside,14,-1,none,not assessed,short,leap-up,4,no,4,middle,yes,yes,yes,highest of phrase
Kabalevsky T05,16,39,1,C#5,73,ɑ,Bozeman soprano midpoint,0.938,close,E4,8.5,inside,10,-5,none,not assessed,short,leap-down,-4,no,4,last,no,no,no,
Kabalevsky T05,16,39,2.5,C#5,73,i,Bozeman soprano midpoint,0.313,above,G3,18.5,inside,10,-5,none,not assessed,short,repeated,0,no,5,first,no,no,no,
Kabalevsky T05,16,40,1,F#5,78,o,Bozeman soprano midpoint,1.25,above,D4,16.5,inside,15,0,none,not assessed,short,leap-up,5,no,5,middle,yes,yes,yes,highest of phrase
Kabalevsky T05,16,41,1,F#5,78,o,Bozeman soprano midpoint,0.625,above,D4,16.5,inside,15,0,none,not assessed,short,tie,0,no,5,middle,yes,yes,yes,highest of phrase
Kabalevsky T05,16,41,2,C#5,73,ɑ,Bozeman soprano midpoint,0.625,close,E4,8.5,inside,10,-5,none,not assessed,short,leap-down,-5,no,5,middle,no,no,no,
Kabalevsky T05,16,42,1,E5,76,ɨ,derived from Bozeman soprano,0.938,above,C4,16.11,inside,13,-2,none,not assessed,short,leap-up,3,no,5,middle,no,no,no,
Kabalevsky T05,16,42,2.5,D#5,75,ɪ,derived from Bozeman soprano,0.313,above,D4,12.96,inside,12,-3,none,not assessed,short,step,-1,no,5,middle,no,no,no,
Kabalevsky T05,16,43,1,C#5,73,o,Bozeman soprano midpoint,0.313,close,D4,11.5,inside,10,-5,none,not assessed,short,step,-2,no,5,middle,no,no,no,
Kabalevsky T05,16,43,1.5,C5,72,ɑ,Bozeman soprano midpoint,0.313,close,E4,7.5,inside,9,-6,none,not assessed,short,step,-1,no,5,middle,no,no,no,
Kabalevsky T05,16,43,2,C#5,73,none resolved,not assessed,0.313,not assessed,not assessed,not assessed,inside,10,-5,not assessed,not assessed,short,step,1,no,5,middle,no,no,no,
Kabalevsky T05,16,43,2.5,D#5,75,u,Bozeman soprano midpoint,0.313,above,G#3,19,inside,12,-3,none,not assessed,short,step,2,no,5,middle,no,no,no,
Kabalevsky T05,16,44,1,C5,72,ɑ,Bozeman soprano midpoint,1.25,close,E4,7.5,inside,9,-6,none,not assessed,short,leap-down,-3,no,5,middle,no,no,no,
Kabalevsky T05,16,45,1,C5,72,ɑ,Bozeman soprano midpoint,0.313,close,E4,7.5,inside,9,-6,none,not assessed,short,tie,0,no,5,middle,no,no,no,
Kabalevsky T05,16,45,1.5,G#4,68,i,Bozeman soprano midpoint,0.313,above,G3,13.5,inside,5,-10,none,not assessed,short,leap-down,-4,no,5,middle,no,no,no,
Kabalevsky T05,16,45,2,C5,72,i,Bozeman soprano midpoint,0.313,above,G3,17.5,inside,9,-6,none,not assessed,short,leap-up,4,no,5,middle,no,no,no,
Kabalevsky T05,16,45,2.5,D#5,75,ɑ,Bozeman soprano midpoint,0.313,close,E4,10.5,inside,12,-3,none,not assessed,short,leap-up,3,no,5,middle,no,no,no,
Kabalevsky T05,16,46,1,E5,76,o,Bozeman soprano midpoint,0.938,above,D4,14.5,inside,13,-2,none,not assessed,short,step,1,no,5,middle,no,no,no,
Kabalevsky T05,16,46,2.5,D#5,75,u,Bozeman soprano midpoint,0.313,above,G#3,19,inside,12,-3,none,not assessed,short,step,-1,no,5,middle,no,no,no,
Kabalevsky T05,16,47,1,C#5,73,ɛ,Bozeman soprano midpoint,0.313,close,D#4,10.5,inside,10,-5,none,not assessed,short,step,-2,no,5,middle,no,no,no,
Kabalevsky T05,16,47,1.5,D#5,75,ʌ,derived from Bozeman soprano,0.313,close,E4,10.5,inside,12,-3,none,not assessed,short,step,2,no,5,middle,no,no,no,
Kabalevsky T05,16,47,2,E5,76,ʌ,derived from Bozeman soprano,0.313,crossing,E4,11.5,inside,13,-2,none,not assessed,short,step,1,no,5,middle,no,no,no,crossing
Kabalevsky T05,16,47,2.5,C#5,73,ɪ,derived from Bozeman soprano,0.313,close,D4,10.96,inside,10,-5,none,not assessed,short,leap-down,-3,no,5,middle,no,no,no,
Kabalevsky T05,16,48,1,D#5,75,ɛ,Bozeman soprano midpoint,1.25,crossing,D#4,12.5,inside,12,-3,none,not assessed,short,step,2,no,5,middle,no,no,no,crossing
Kabalevsky T05,16,49,1,D#5,75,ʌ,derived from Bozeman soprano,0.625,close,E4,10.5,inside,12,-3,none,not assessed,short,repeated,0,no,5,last,no,no,no,
Kabalevsky T05,16,57,1.5,D#5,75,ɑ,Bozeman soprano midpoint,0.313,close,E4,10.5,inside,12,-3,none,not assessed,short,repeated,0,yes,6,first,yes,no,no,highest of phrase
Kabalevsky T05,16,57,2,C#5,73,ɛ,Bozeman soprano midpoint,0.313,close,D#4,10.5,inside,10,-5,none,not assessed,short,step,-2,no,6,middle,no,no,no,
Kabalevsky T05,16,57,2.5,B4,71,u,Bozeman soprano midpoint,0.313,above,G#3,15,inside,8,-7,none,not assessed,short,step,-2,no,6,middle,no,no,no,
Kabalevsky T05,16,58,1,A#4,70,ɛ,Bozeman soprano midpoint,0.938,close,D#4,7.5,inside,7,-8,none,not assessed,short,step,-1,no,6,middle,no,no,no,
Kabalevsky T05,16,58,2.5,G#4,68,u,Bozeman soprano midpoint,0.313,crossing,G#3,12,inside,5,-10,none,not assessed,short,step,-2,no,6,middle,no,no,no,crossing
Kabalevsky T05,16,59,1,G4,67,i,Bozeman soprano midpoint,0.313,crossing,G3,12.5,inside,4,-11,none,not assessed,short,step,-1,no,6,middle,no,no,no,crossing
Kabalevsky T05,16,59,1.5,D#4,63,u,Bozeman soprano midpoint,0.313,close,G#3,7,inside,0,-15,none,not assessed,short,leap-down,-4,no,6,middle,no,yes,no,
Kabalevsky T05,16,59,2,B4,71,ɑ,Bozeman soprano midpoint,0.313,close,E4,6.5,inside,8,-7,none,not assessed,short,leap-up,8,no,6,middle,no,no,no,
Kabalevsky T05,16,59,2.5,A#4,70,ɨ,derived from Bozeman soprano,0.313,close,C4,10.11,inside,7,-8,none,not assessed,short,step,-1,no,6,middle,no,no,no,
Kabalevsky T05,16,60,1,G#4,68,o,Bozeman soprano midpoint,1.25,close,D4,6.5,inside,5,-10,none,not assessed,short,step,-2,no,6,middle,no,no,no,
Kabalevsky T05,16,61,1,G#4,68,o,Bozeman soprano midpoint,0.313,close,D4,6.5,inside,5,-10,none,not assessed,short,tie,0,no,6,middle,no,no,no,
Kabalevsky T05,16,61,1.5,G#4,68,ɑ,Bozeman soprano midpoint,0.313,close,E4,3.5,inside,5,-10,none,not assessed,short,repeated,0,no,6,middle,no,no,no,
Kabalevsky T05,16,61,2,A#4,70,ɨ,derived from Bozeman soprano,0.313,close,C4,10.11,inside,7,-8,none,not assessed,short,step,2,no,6,middle,no,no,no,
Kabalevsky T05,16,61,2.5,B4,71,ɑ,Bozeman soprano midpoint,0.313,close,E4,6.5,inside,8,-7,none,not assessed,short,step,1,no,6,middle,no,no,no,
Kabalevsky T05,16,62,1,C#5,73,o,Bozeman soprano midpoint,0.938,close,D4,11.5,inside,10,-5,none,not assessed,short,step,2,no,6,middle,no,no,no,
Kabalevsky T05,16,62,2.5,C#5,73,i,Bozeman soprano midpoint,0.313,above,G3,18.5,inside,10,-5,none,not assessed,short,repeated,0,no,6,middle,no,no,no,
Kabalevsky T05,16,63,1,C#5,73,ɑ,Bozeman soprano midpoint,0.313,close,E4,8.5,inside,10,-5,none,not assessed,short,repeated,0,no,6,middle,no,no,no,
Kabalevsky T05,16,63,1.5,A#4,70,ɑ,Bozeman soprano midpoint,0.313,close,E4,5.5,inside,7,-8,none,not assessed,short,leap-down,-3,no,6,middle,no,no,no,
Kabalevsky T05,16,63,2,B4,71,e,Bozeman soprano midpoint,0.313,close,D4,9.5,inside,8,-7,none,not assessed,short,step,1,no,6,middle,no,no,no,
Kabalevsky T05,16,63,2.5,C#5,73,ɑ,Bozeman soprano midpoint,0.313,close,E4,8.5,inside,10,-5,none,not assessed,short,step,2,no,6,middle,no,no,no,
Kabalevsky T05,16,64,1,D#5,75,u,Bozeman soprano midpoint,0.625,above,G#3,19,inside,12,-3,none,not assessed,short,step,2,no,6,middle,yes,no,no,highest of phrase
Kabalevsky T05,16,64,2,D#5,75,i,Bozeman soprano midpoint,0.313,above,G3,20.5,inside,12,-3,none,not assessed,short,repeated,0,no,6,last,yes,no,no,highest of phrase
Kabalevsky T05,16,64,2.5,D#5,75,i,Bozeman soprano midpoint,0.313,above,G3,20.5,inside,12,-3,none,not assessed,short,repeated,0,no,7,first,no,no,no,
Kabalevsky T05,16,65,1,C#5,73,ɛ,Bozeman soprano midpoint,0.313,close,D#4,10.5,inside,10,-5,none,not assessed,short,step,-2,no,7,middle,no,no,no,
Kabalevsky T05,16,65,1.5,D#5,75,ɨ,derived from Bozeman soprano,0.313,above,C4,15.11,inside,12,-3,none,not assessed,short,step,2,no,7,middle,no,no,no,
Kabalevsky T05,16,65,2,E5,76,ɛ,Bozeman soprano midpoint,0.313,above,D#4,13.5,inside,13,-2,none,not assessed,short,step,1,no,7,middle,no,no,no,
Kabalevsky T05,16,65,2.5,C#5,73,ɪ,derived from Bozeman soprano,0.313,close,D4,10.96,inside,10,-5,none,not assessed,short,leap-down,-3,no,7,middle,no,no,no,
Kabalevsky T05,16,66,1,D#5,75,o,Bozeman soprano midpoint,0.313,above,D4,13.5,inside,12,-3,none,not assessed,short,step,2,no,7,middle,no,no,no,
Kabalevsky T05,16,66,1.5,G#4,68,ɨ,derived from Bozeman soprano,0.313,close,C4,8.11,inside,5,-10,none,not assessed,short,leap-down,-7,no,7,middle,no,no,no,
Kabalevsky T05,16,66,2,A#4,70,ʌ,derived from Bozeman soprano,0.313,close,E4,5.5,inside,7,-8,none,not assessed,short,step,2,no,7,middle,no,no,no,
Kabalevsky T05,16,66,2.5,B4,71,ɑ,Bozeman soprano midpoint,0.313,close,E4,6.5,inside,8,-7,none,not assessed,short,step,1,no,7,middle,no,no,no,
Kabalevsky T05,16,67,1,C#5,73,o,Bozeman soprano midpoint,1.25,close,D4,11.5,inside,10,-5,none,not assessed,held,step,2,no,7,middle,no,no,no,held
Kabalevsky T05,16,68,1,C#5,73,o,Bozeman soprano midpoint,1.25,close,D4,11.5,inside,10,-5,none,not assessed,held,tie,0,no,7,middle,no,no,no,held
Kabalevsky T05,16,69,1,G#5,80,o,Bozeman soprano midpoint,1.25,above,D4,18.5,above secondo,17,2,none,not assessed,short,leap-up,7,no,7,middle,yes,no,no,highest of phrase
Kabalevsky T05,16,70,1,G#5,80,o,Bozeman soprano midpoint,0.625,above,D4,18.5,above secondo,17,2,none,not assessed,short,tie,0,no,7,last,yes,no,no,highest of phrase
Kabalevsky T05,16,70,2,E5,76,ɑ,Bozeman soprano midpoint,0.313,crossing,E4,11.5,inside,13,-2,none,not assessed,short,leap-down,-4,no,8,first,yes,no,no,highest of phrase; crossing
Kabalevsky T05,16,70,2.5,C#5,73,ɛ,Bozeman soprano midpoint,0.313,close,D#4,10.5,inside,10,-5,none,not assessed,short,leap-down,-3,no,8,middle,no,no,no,
Kabalevsky T05,16,71,1,A#4,70,o,Bozeman soprano midpoint,0.313,close,D4,8.5,inside,7,-8,none,not assessed,short,leap-down,-3,no,8,middle,no,no,no,
Kabalevsky T05,16,71,1.5,A#4,70,i,Bozeman soprano midpoint,0.313,above,G3,15.5,inside,7,-8,none,not assessed,short,repeated,0,no,8,middle,no,no,no,
Kabalevsky T05,16,71,2,B4,71,ɑ,Bozeman soprano midpoint,0.313,close,E4,6.5,inside,8,-7,none,not assessed,short,step,1,no,8,middle,no,no,no,
Kabalevsky T05,16,71,2.5,C#5,73,ɑ,Bozeman soprano midpoint,0.313,close,E4,8.5,inside,10,-5,none,not assessed,short,step,2,no,8,middle,no,no,no,
Kabalevsky T05,16,72,1,D#5,75,ɑ,Bozeman soprano midpoint,0.938,close,E4,10.5,inside,12,-3,none,not assessed,short,step,2,no,8,middle,no,no,no,
Kabalevsky T05,16,72,2.5,E5,76,ɪ,derived from Bozeman soprano,0.313,above,D4,13.96,inside,13,-2,none,not assessed,short,step,1,no,8,middle,yes,no,no,highest of phrase
Kabalevsky T05,16,73,1,D#5,75,u,Bozeman soprano midpoint,0.938,above,G#3,19,inside,12,-3,none,not assessed,short,step,-1,no,8,middle,no,no,no,
Kabalevsky T05,16,73,2.5,D#5,75,i,Bozeman soprano midpoint,0.313,above,G3,20.5,inside,12,-3,none,not assessed,short,repeated,0,no,8,last,no,no,no,
Kabalevsky T05,16,81,1.5,G#4,68,o,Bozeman soprano midpoint,0.313,close,D4,6.5,inside,5,-10,none,not assessed,short,leap-down,-7,yes,9,first,no,no,no,
Kabalevsky T05,16,81,2,G#4,68,i,Bozeman soprano midpoint,0.313,above,G3,13.5,inside,5,-10,none,not assessed,short,repeated,0,no,9,middle,no,no,no,
Kabalevsky T05,16,81,2.5,G#4,68,ɨ,derived from Bozeman soprano,0.313,close,C4,8.11,inside,5,-10,none,not assessed,short,repeated,0,no,9,middle,no,no,no,
Kabalevsky T05,16,82,1,A#4,70,i,Bozeman soprano midpoint,0.938,above,G3,15.5,inside,7,-8,none,not assessed,short,step,2,no,9,middle,no,no,no,
Kabalevsky T05,16,82,2.5,G#4,68,i,Bozeman soprano midpoint,0.313,above,G3,13.5,inside,5,-10,none,not assessed,short,step,-2,no,9,middle,no,no,no,
Kabalevsky T05,16,83,1,B4,71,o,Bozeman soprano midpoint,0.313,close,D4,9.5,inside,8,-7,none,not assessed,short,leap-up,3,no,9,middle,no,no,no,
Kabalevsky T05,16,83,1.5,G#4,68,ɨ,derived from Bozeman soprano,0.313,close,C4,8.11,inside,5,-10,none,not assessed,short,leap-down,-3,no,9,middle,no,no,no,
Kabalevsky T05,16,83,2,B4,71,ɪ,derived from Bozeman soprano,0.313,close,D4,8.96,inside,8,-7,none,not assessed,short,leap-up,3,no,9,middle,no,no,no,
Kabalevsky T05,16,83,2.5,E5,76,u,Bozeman soprano midpoint,0.313,above,G#3,20,inside,13,-2,none,not assessed,short,leap-up,5,no,9,middle,yes,no,no,highest of phrase
Kabalevsky T05,16,84,1,D5,74,e,Bozeman soprano midpoint,1.25,crossing,D4,12.5,inside,11,-4,none,not assessed,short,step,-2,no,9,middle,no,no,no,crossing
Kabalevsky T05,16,85,1,D5,74,e,Bozeman soprano midpoint,0.625,crossing,D4,12.5,inside,11,-4,none,not assessed,short,tie,0,no,9,middle,no,no,no,crossing
Kabalevsky T05,16,85,2,D5,74,ɑ,Bozeman soprano midpoint,0.625,close,E4,9.5,inside,11,-4,none,not assessed,short,repeated,0,no,9,middle,no,no,no,
Kabalevsky T05,16,86,1,D#5,75,o,Bozeman soprano midpoint,0.625,above,D4,13.5,inside,12,-3,none,not assessed,short,step,1,no,9,middle,no,no,no,
Kabalevsky T05,16,86,2,G#4,68,ɨ,derived from Bozeman soprano,0.625,close,C4,8.11,inside,5,-10,none,not assessed,short,leap-down,-7,no,9,middle,no,no,no,
Kabalevsky T05,16,87,1,D#5,75,ɑ,Bozeman soprano midpoint,1.25,close,E4,10.5,inside,12,-3,none,not assessed,short,leap-up,7,no,9,middle,no,no,no,
Kabalevsky T05,16,88,1,C#5,73,ɑ,Bozeman soprano midpoint,0.313,close,E4,8.5,inside,10,-5,none,not assessed,short,step,-2,no,9,last,no,no,no,
Kabalevsky T05,16,88,2.5,C#5,73,ɑ,Bozeman soprano midpoint,0.313,close,E4,8.5,inside,10,-5,none,not assessed,short,repeated,0,yes,10,first,yes,no,no,highest of phrase
Kabalevsky T05,16,89,1,B4,71,o,Bozeman soprano midpoint,0.313,close,D4,9.5,inside,8,-7,none,not assessed,short,step,-2,no,10,middle,no,no,no,
Kabalevsky T05,16,89,1.5,D#4,63,i,Bozeman soprano midpoint,0.313,close,G3,8.5,inside,0,-15,none,not assessed,short,leap-down,-8,no,10,middle,no,yes,no,
Kabalevsky T05,16,89,2,B4,71,o,Bozeman soprano midpoint,0.313,close,D4,9.5,inside,8,-7,none,not assessed,short,leap-up,8,no,10,middle,no,no,no,
Kabalevsky T05,16,89,2.5,A#4,70,ɑ,Bozeman soprano midpoint,0.313,close,E4,5.5,inside,7,-8,none,not assessed,short,step,-1,no,10,middle,no,no,no,
Kabalevsky T05,16,90,1,G#4,68,e,Bozeman soprano midpoint,0.625,close,D4,6.5,inside,5,-10,none,not assessed,short,step,-2,no,10,middle,no,no,no,
Kabalevsky T05,16,90,2,G#4,68,e,Bozeman soprano midpoint,0.313,close,D4,6.5,inside,5,-10,none,not assessed,short,tie,0,no,10,last,no,no,no,
Kabalevsky T06,16,4,3.5,F4,65,ɪ,derived from Bozeman soprano,0.375,close,D4,2.96,inside,2,-13,none,not assessed,short,first note,,,0,first,no,no,no,
Kabalevsky T06,16,4,4,A#4,70,i,Bozeman soprano midpoint,0.375,above,G3,15.5,inside,7,-8,none,not assessed,short,leap-up,5,no,0,middle,no,no,no,
Kabalevsky T06,16,4,4.5,C5,72,i,Bozeman soprano midpoint,0.375,above,G3,17.5,inside,9,-6,none,not assessed,short,step,2,no,0,middle,no,no,no,
Kabalevsky T06,16,5,1,D5,74,a,derived from Bozeman soprano,1.125,close,G4,7.08,inside,11,-4,none,not assessed,short,step,2,no,0,middle,no,no,no,
Kabalevsky T06,16,5,2.5,D5,74,ɑ,Bozeman soprano midpoint,0.375,close,E4,9.5,inside,11,-4,none,not assessed,short,repeated,0,no,0,middle,no,no,no,
Kabalevsky T06,16,5,3,C5,72,u,Bozeman soprano midpoint,0.375,above,G#3,16,inside,9,-6,none,not assessed,short,step,-2,no,0,middle,no,no,no,
Kabalevsky T06,16,5,3.5,D5,74,ɑ,Bozeman soprano midpoint,0.375,close,E4,9.5,inside,11,-4,none,not assessed,short,step,2,no,0,middle,no,no,no,
Kabalevsky T06,16,5,4,D#5,75,i,Bozeman soprano midpoint,0.375,above,G3,20.5,inside,12,-3,none,not assessed,short,step,1,no,0,middle,yes,no,no,highest of phrase
Kabalevsky T06,16,5,4.5,C5,72,ɑ,Bozeman soprano midpoint,0.375,close,E4,7.5,inside,9,-6,none,not assessed,short,leap-down,-3,no,0,middle,no,no,no,
Kabalevsky T06,16,6,1,D5,74,o,Bozeman soprano midpoint,1.5,crossing,D4,12.5,inside,11,-4,none,not assessed,short,step,2,no,0,middle,no,no,no,crossing
Kabalevsky T06,16,6,3,D5,74,o,Bozeman soprano midpoint,0.375,crossing,D4,12.5,inside,11,-4,none,not assessed,short,tie,0,no,0,middle,no,no,no,crossing
Kabalevsky T06,16,6,3.5,D5,74,ɨ,derived from Bozeman soprano,0.375,above,C4,14.11,inside,11,-4,none,not assessed,short,repeated,0,no,0,middle,no,no,no,
Kabalevsky T06,16,6,4,C5,72,o,Bozeman soprano midpoint,0.375,close,D4,10.5,inside,9,-6,none,not assessed,short,step,-2,no,0,middle,no,no,no,
Kabalevsky T06,16,6,4.5,A#4,70,ɨ,derived from Bozeman soprano,0.375,close,C4,10.11,inside,7,-8,none,not assessed,short,step,-2,no,0,middle,no,no,no,
Kabalevsky T06,16,7,1,C5,72,ɨ,derived from Bozeman soprano,0.375,crossing,C4,12.11,inside,9,-6,none,not assessed,short,step,2,no,0,middle,no,no,no,crossing
Kabalevsky T06,16,7,1.5,C5,72,ɑ,Bozeman soprano midpoint,0.375,close,E4,7.5,inside,9,-6,none,not assessed,short,repeated,0,no,0,middle,no,no,no,
Kabalevsky T06,16,7,2,C5,72,o,Bozeman soprano midpoint,0.75,close,D4,10.5,inside,9,-6,none,not assessed,short,repeated,0,no,0,middle,no,no,no,
Kabalevsky T06,16,7,3,C5,72,o,Bozeman soprano midpoint,0.375,close,D4,10.5,inside,9,-6,none,not assessed,short,tie,0,no,0,middle,no,no,no,
Kabalevsky T06,16,7,3.5,C5,72,ɑ,Bozeman soprano midpoint,0.375,close,E4,7.5,inside,9,-6,none,not assessed,short,repeated,0,no,0,middle,no,no,no,
Kabalevsky T06,16,7,4,A#4,70,ɑ,Bozeman soprano midpoint,0.375,close,E4,5.5,inside,7,-8,none,not assessed,short,step,-2,no,0,middle,no,no,no,
Kabalevsky T06,16,7,4.5,A4,69,ɨ,derived from Bozeman soprano,0.375,close,C4,9.11,inside,6,-9,none,not assessed,short,step,-1,no,0,middle,no,no,no,
Kabalevsky T06,16,8,1,A#4,70,o,Bozeman soprano midpoint,1.5,close,D4,8.5,inside,7,-8,none,not assessed,short,step,1,no,0,last,no,no,no,
Kabalevsky T06,16,8,3.5,D4,62,ɑ,Bozeman soprano midpoint,0.375,open,E4,-2.5,below primo,-1,-16,none,not assessed,short,leap-down,-8,yes,1,first,no,yes,no,
Kabalevsky T06,16,8,4,G4,67,ɑ,Bozeman soprano midpoint,0.375,close,E4,2.5,inside,4,-11,none,not assessed,short,leap-up,5,no,1,middle,no,no,no,
Kabalevsky T06,16,8,4.5,A4,69,ɨ,derived from Bozeman soprano,0.375,close,C4,9.11,inside,6,-9,none,not assessed,short,step,2,no,1,middle,no,no,no,
Kabalevsky T06,16,9,1,A#4,70,e,Bozeman soprano midpoint,1.125,close,D4,8.5,inside,7,-8,none,not assessed,short,step,1,no,1,middle,no,no,no,
Kabalevsky T06,16,9,2.5,A#4,70,ɑ,Bozeman soprano midpoint,0.375,close,E4,5.5,inside,7,-8,none,not assessed,short,repeated,0,no,1,middle,no,no,no,
Kabalevsky T06,16,9,3,A4,69,u,Bozeman soprano midpoint,0.375,above,G#3,13,inside,6,-9,none,not assessed,short,step,-1,no,1,middle,no,no,no,
Kabalevsky T06,16,9,3.5,A#4,70,ɨ,derived from Bozeman soprano,0.375,close,C4,10.11,inside,7,-8,none,not assessed,short,step,1,no,1,middle,no,no,no,
Kabalevsky T06,16,9,4,C5,72,o,Bozeman soprano midpoint,0.375,close,D4,10.5,inside,9,-6,none,not assessed,short,step,2,no,1,middle,no,no,no,
Kabalevsky T06,16,9,4.5,A4,69,ɑ,Bozeman soprano midpoint,0.375,close,E4,4.5,inside,6,-9,none,not assessed,short,leap-down,-3,no,1,middle,no,no,no,
Kabalevsky T06,16,10,1,D5,74,o,Bozeman soprano midpoint,1.5,crossing,D4,12.5,inside,11,-4,none,not assessed,short,leap-up,5,no,1,middle,no,no,no,crossing
Kabalevsky T06,16,10,3,D5,74,o,Bozeman soprano midpoint,0.375,crossing,D4,12.5,inside,11,-4,none,not assessed,short,tie,0,no,1,middle,no,no,no,crossing
Kabalevsky T06,16,10,3.5,C#5,73,u,Bozeman soprano midpoint,0.375,above,G#3,17,inside,10,-5,none,not assessed,short,step,-1,no,1,middle,no,no,no,
Kabalevsky T06,16,10,4,D5,74,u,Bozeman soprano midpoint,0.375,above,G#3,18,inside,11,-4,none,not assessed,short,step,1,no,1,middle,no,no,no,
Kabalevsky T06,16,10,4.5,E5,76,ɪ,derived from Bozeman soprano,0.375,above,D4,13.96,inside,13,-2,none,not assessed,short,step,2,no,1,middle,no,no,no,
Kabalevsky T06,16,11,1,F5,77,o,Bozeman soprano midpoint,0.375,above,D4,15.5,inside,14,-1,none,not assessed,short,step,1,no,1,middle,yes,yes,yes,highest of phrase
Kabalevsky T06,16,11,1.5,D5,74,o,Bozeman soprano midpoint,0.375,crossing,D4,12.5,inside,11,-4,none,not assessed,short,leap-down,-3,no,1,middle,no,no,no,crossing
Kabalevsky T06,16,11,2,A4,69,ʌ,derived from Bozeman soprano,0.375,close,E4,4.5,inside,6,-9,none,not assessed,short,leap-down,-5,no,1,middle,no,no,no,
Kabalevsky T06,16,11,2.5,A#4,70,i,Bozeman soprano midpoint,0.375,above,G3,15.5,inside,7,-8,none,not assessed,short,step,1,no,1,middle,no,no,no,
Kabalevsky T06,16,11,3,A4,69,ɑ,Bozeman soprano midpoint,1.125,close,E4,4.5,inside,6,-9,none,not assessed,short,step,-1,no,1,middle,no,no,no,
Kabalevsky T06,16,11,4.5,G4,67,ɑ,Bozeman soprano midpoint,0.375,close,E4,2.5,inside,4,-11,none,not assessed,short,step,-2,no,1,middle,no,no,no,
Kabalevsky T06,16,12,1,A4,69,o,Bozeman soprano midpoint,3,close,D4,7.5,inside,6,-9,none,not assessed,held,step,2,no,1,middle,no,no,no,held
Kabalevsky T06,16,13,1,A4,69,o,Bozeman soprano midpoint,0.375,close,D4,7.5,inside,6,-9,none,not assessed,held,tie,0,no,1,last,no,no,no,held
Kabalevsky T06,16,13,3.5,D5,74,i,Bozeman soprano midpoint,0.375,above,G3,19.5,inside,11,-4,none,not assessed,short,leap-up,5,yes,2,first,no,no,no,
Kabalevsky T06,16,13,4,D5,74,ɛ,Bozeman soprano midpoint,0.375,close,D#4,11.5,inside,11,-4,none,not assessed,short,repeated,0,no,2,middle,no,no,no,
Kabalevsky T06,16,13,4.5,D5,74,i,Bozeman soprano midpoint,0.375,above,G3,19.5,inside,11,-4,none,not assessed,short,repeated,0,no,2,middle,no,no,no,
Kabalevsky T06,16,14,1,D5,74,o,Bozeman soprano midpoint,0.375,crossing,D4,12.5,inside,11,-4,none,not assessed,short,repeated,0,no,2,middle,no,no,no,crossing
Kabalevsky T06,16,14,1.5,D#5,75,ʌ,derived from Bozeman soprano,0.375,close,E4,10.5,inside,12,-3,none,not assessed,short,step,1,no,2,middle,no,no,no,
Kabalevsky T06,16,14,2,D#5,75,ʌ,derived from Bozeman soprano,0.375,close,E4,10.5,inside,12,-3,none,not assessed,short,repeated,0,no,2,middle,no,no,no,
Kabalevsky T06,16,14,2.5,D#5,75,ɑ,Bozeman soprano midpoint,0.375,close,E4,10.5,inside,12,-3,none,not assessed,short,repeated,0,no,2,middle,no,no,no,
Kabalevsky T06,16,14,3,D#5,75,ɑ,Bozeman soprano midpoint,0.375,close,E4,10.5,inside,12,-3,none,not assessed,short,repeated,0,no,2,middle,no,no,no,
Kabalevsky T06,16,14,3.5,D5,74,ɑ,Bozeman soprano midpoint,0.375,close,E4,9.5,inside,11,-4,none,not assessed,short,step,-1,no,2,middle,no,no,no,
Kabalevsky T06,16,14,4,D5,74,ɑ,Bozeman soprano midpoint,0.375,close,E4,9.5,inside,11,-4,none,not assessed,short,repeated,0,no,2,middle,no,no,no,
Kabalevsky T06,16,14,4.5,D5,74,ɑ,Bozeman soprano midpoint,0.375,close,E4,9.5,inside,11,-4,none,not assessed,short,repeated,0,no,2,middle,no,no,no,
Kabalevsky T06,16,15,1,G5,79,o,Bozeman soprano midpoint,0.375,above,D4,17.5,above secondo,16,1,none,not assessed,short,leap-up,5,no,2,middle,yes,yes,yes,highest of phrase
Kabalevsky T06,16,15,1.5,D#5,75,i,Bozeman soprano midpoint,0.375,above,G3,20.5,inside,12,-3,none,not assessed,short,leap-down,-4,no,2,middle,no,no,no,
Kabalevsky T06,16,15,2,D#5,75,ɑ,Bozeman soprano midpoint,0.375,close,E4,10.5,inside,12,-3,none,not assessed,short,repeated,0,no,2,middle,no,no,no,
Kabalevsky T06,16,15,2.5,D5,74,ɨ,derived from Bozeman soprano,0.375,above,C4,14.11,inside,11,-4,none,not assessed,short,step,-1,no,2,middle,no,no,no,
Kabalevsky T06,16,15,3,C5,72,o,Bozeman soprano midpoint,1.5,close,D4,10.5,inside,9,-6,none,not assessed,short,step,-2,no,2,middle,no,no,no,
Kabalevsky T06,16,16,1,C5,72,o,Bozeman soprano midpoint,0.375,close,D4,10.5,inside,9,-6,none,not assessed,short,tie,0,no,2,middle,no,no,no,
Kabalevsky T06,16,16,1.5,C5,72,i,Bozeman soprano midpoint,0.375,above,G3,17.5,inside,9,-6,none,not assessed,short,repeated,0,no,2,middle,no,no,no,
Kabalevsky T06,16,16,2,D5,74,ʌ,derived from Bozeman soprano,0.375,close,E4,9.5,inside,11,-4,none,not assessed,short,step,2,no,2,middle,no,no,no,
Kabalevsky T06,16,16,2.5,D#5,75,ɑ,Bozeman soprano midpoint,0.375,close,E4,10.5,inside,12,-3,none,not assessed,short,step,1,no,2,middle,no,no,no,
Kabalevsky T06,16,16,3,D5,74,u,Bozeman soprano midpoint,0.375,above,G#3,18,inside,11,-4,none,not assessed,short,step,-1,no,2,middle,no,no,no,
Kabalevsky T06,16,16,3.5,C5,72,u,Bozeman soprano midpoint,0.375,above,G#3,16,inside,9,-6,none,not assessed,short,step,-2,no,2,middle,no,no,no,
Kabalevsky T06,16,16,4,C5,72,ɑ,Bozeman soprano midpoint,0.375,close,E4,7.5,inside,9,-6,none,not assessed,short,repeated,0,no,2,middle,no,no,no,
Kabalevsky T06,16,16,4.5,C5,72,ɑ,Bozeman soprano midpoint,0.375,close,E4,7.5,inside,9,-6,none,not assessed,short,repeated,0,no,2,middle,no,no,no,
Kabalevsky T06,16,17,1,F5,77,ɑ,Bozeman soprano midpoint,0.375,above,E4,12.5,inside,14,-1,none,not assessed,short,leap-up,5,no,2,middle,no,yes,no,
Kabalevsky T06,16,17,1.5,A#4,70,u,Bozeman soprano midpoint,0.375,above,G#3,14,inside,7,-8,none,not assessed,short,leap-down,-7,no,2,middle,no,no,no,
Kabalevsky T06,16,17,2,A#4,70,i,Bozeman soprano midpoint,0.375,above,G3,15.5,inside,7,-8,none,not assessed,short,repeated,0,no,2,middle,no,no,no,
Kabalevsky T06,16,17,2.5,A#4,70,i,Bozeman soprano midpoint,0.375,above,G3,15.5,inside,7,-8,none,not assessed,short,repeated,0,no,2,middle,no,no,no,
Kabalevsky T06,16,17,3,A#4,70,o,Bozeman soprano midpoint,0.375,close,D4,8.5,inside,7,-8,none,not assessed,short,repeated,0,no,2,middle,no,no,no,
Kabalevsky T06,16,17,3.5,A4,69,ɑ,Bozeman soprano midpoint,0.375,close,E4,4.5,inside,6,-9,none,not assessed,short,step,-1,no,2,middle,no,no,no,
Kabalevsky T06,16,17,4,A4,69,ɑ,Bozeman soprano midpoint,0.75,close,E4,4.5,inside,6,-9,none,not assessed,short,repeated,0,no,2,middle,no,no,no,
Kabalevsky T06,16,18,1,A4,69,ɑ,Bozeman soprano midpoint,0.75,close,E4,4.5,inside,6,-9,none,not assessed,short,tie,0,no,2,middle,no,no,no,
Kabalevsky T06,16,18,2,A4,69,ɑ,Bozeman soprano midpoint,0.75,close,E4,4.5,inside,6,-9,none,not assessed,short,repeated,0,no,2,middle,no,no,no,
Kabalevsky T06,16,18,3,F5,77,e,Bozeman soprano midpoint,0.375,above,D4,15.5,inside,14,-1,none,not assessed,short,leap-up,8,no,2,middle,no,yes,no,
Kabalevsky T06,16,18,3.5,G4,67,i,Bozeman soprano midpoint,0.375,crossing,G3,12.5,inside,4,-11,none,not assessed,short,leap-down,-10,no,2,middle,no,no,no,crossing
Kabalevsky T06,16,18,4,G4,67,u,Bozeman soprano midpoint,0.375,close,G#3,11,inside,4,-11,none,not assessed,short,repeated,0,no,2,middle,no,no,no,
Kabalevsky T06,16,18,4.5,G4,67,ɪ,derived from Bozeman soprano,0.375,close,D4,4.96,inside,4,-11,none,not assessed,short,repeated,0,no,2,middle,no,no,no,
Kabalevsky T06,16,19,1,A4,69,o,Bozeman soprano midpoint,0.375,close,D4,7.5,inside,6,-9,none,not assessed,short,step,2,no,2,middle,no,no,no,
Kabalevsky T06,16,19,1.5,G4,67,u,Bozeman soprano midpoint,0.375,close,G#3,11,inside,4,-11,none,not assessed,short,step,-2,no,2,middle,no,no,no,
Kabalevsky T06,16,19,2,A#4,70,ʌ,derived from Bozeman soprano,0.375,close,E4,5.5,inside,7,-8,none,not assessed,short,leap-up,3,no,2,middle,no,no,no,
Kabalevsky T06,16,19,2.5,D#5,75,ɪ,derived from Bozeman soprano,0.375,above,D4,12.96,inside,12,-3,none,not assessed,short,leap-up,5,no,2,middle,no,no,no,
Kabalevsky T06,16,19,3,D5,74,u,Bozeman soprano midpoint,1.5,above,G#3,18,inside,11,-4,none,not assessed,short,step,-1,no,2,middle,no,no,no,
Kabalevsky T06,16,20,1,D5,74,u,Bozeman soprano midpoint,0.375,above,G#3,18,inside,11,-4,none,not assessed,short,tie,0,no,2,last,no,no,no,
Kabalevsky T06,16,20,2.5,C5,72,ɑ,Bozeman soprano midpoint,0.375,close,E4,7.5,inside,9,-6,none,not assessed,short,step,-2,yes,3,first,no,no,no,
Kabalevsky T06,16,21,1,D5,74,o,Bozeman soprano midpoint,0.375,crossing,D4,12.5,inside,11,-4,none,not assessed,short,step,2,no,3,middle,no,no,no,crossing
Kabalevsky T06,16,21,1.5,D5,74,i,Bozeman soprano midpoint,0.375,above,G3,19.5,inside,11,-4,none,not assessed,short,repeated,0,no,3,middle,no,no,no,
Kabalevsky T06,16,21,2,D5,74,ɨ,derived from Bozeman soprano,0.375,above,C4,14.11,inside,11,-4,none,not assessed,short,repeated,0,no,3,middle,no,no,no,
Kabalevsky T06,16,21,2.5,D5,74,u,Bozeman soprano midpoint,0.375,above,G#3,18,inside,11,-4,none,not assessed,short,repeated,0,no,3,middle,no,no,no,
Kabalevsky T06,16,21,3,C5,72,ɑ,Bozeman soprano midpoint,0.375,close,E4,7.5,inside,9,-6,none,not assessed,short,step,-2,no,3,middle,no,no,no,
Kabalevsky T06,16,21,3.5,D5,74,ɪ,derived from Bozeman soprano,0.375,crossing,D4,11.96,inside,11,-4,none,not assessed,short,step,2,no,3,middle,no,no,no,crossing
Kabalevsky T06,16,21,4,D#5,75,ɑ,Bozeman soprano midpoint,0.375,close,E4,10.5,inside,12,-3,none,not assessed,short,step,1,no,3,middle,yes,no,no,highest of phrase
Kabalevsky T06,16,21,4.5,C5,72,ɨ,derived from Bozeman soprano,0.375,crossing,C4,12.11,inside,9,-6,none,not assessed,short,leap-down,-3,no,3,middle,no,no,no,crossing
Kabalevsky T06,16,22,1,D5,74,o,Bozeman soprano midpoint,1.125,crossing,D4,12.5,inside,11,-4,none,not assessed,short,step,2,no,3,middle,no,no,no,crossing
Kabalevsky T06,16,22,2.5,D5,74,ɪ,derived from Bozeman soprano,0.375,crossing,D4,11.96,inside,11,-4,none,not assessed,short,repeated,0,no,3,middle,no,no,no,crossing
Kabalevsky T06,16,23,1,C5,72,o,Bozeman soprano midpoint,0.375,close,D4,10.5,inside,9,-6,none,not assessed,short,step,-2,no,3,middle,no,no,no,
Kabalevsky T06,16,23,1.5,C5,72,ɪ,derived from Bozeman soprano,0.375,close,D4,9.96,inside,9,-6,none,not assessed,short,repeated,0,no,3,middle,no,no,no,
Kabalevsky T06,16,23,2,C5,72,i,Bozeman soprano midpoint,0.375,above,G3,17.5,inside,9,-6,none,not assessed,short,repeated,0,no,3,middle,no,no,no,
Kabalevsky T06,16,23,2.5,C5,72,ɪ,derived from Bozeman soprano,0.375,close,D4,9.96,inside,9,-6,none,not assessed,short,repeated,0,no,3,middle,no,no,no,
Kabalevsky T06,16,23,3,C5,72,ɑ,Bozeman soprano midpoint,0.375,close,E4,7.5,inside,9,-6,none,not assessed,short,repeated,0,no,3,middle,no,no,no,
Kabalevsky T06,16,23,3.5,C5,72,i,Bozeman soprano midpoint,0.375,above,G3,17.5,inside,9,-6,none,not assessed,short,repeated,0,no,3,middle,no,no,no,
Kabalevsky T06,16,23,4,A#4,70,ʌ,derived from Bozeman soprano,0.375,close,E4,5.5,inside,7,-8,none,not assessed,short,step,-2,no,3,middle,no,no,no,
Kabalevsky T06,16,23,4.5,A4,69,i,Bozeman soprano midpoint,0.375,above,G3,14.5,inside,6,-9,none,not assessed,short,step,-1,no,3,middle,no,no,no,
Kabalevsky T06,16,24,1,A#4,70,ɨ,derived from Bozeman soprano,1.5,close,C4,10.11,inside,7,-8,none,not assessed,short,step,1,no,3,last,no,no,no,
Kabalevsky T06,16,24,3.5,D4,62,i,Bozeman soprano midpoint,0.375,close,G3,7.5,below primo,-1,-16,none,not assessed,short,leap-down,-8,yes,4,first,no,yes,no,
Kabalevsky T06,16,24,4,G4,67,i,Bozeman soprano midpoint,0.375,crossing,G3,12.5,inside,4,-11,none,not assessed,short,leap-up,5,no,4,middle,no,no,no,crossing
Kabalevsky T06,16,24,4.5,A4,69,ɑ,Bozeman soprano midpoint,0.375,close,E4,4.5,inside,6,-9,none,not assessed,short,step,2,no,4,middle,no,no,no,
Kabalevsky T06,16,25,1,A#4,70,ɑ,Bozeman soprano midpoint,1.125,close,E4,5.5,inside,7,-8,none,not assessed,short,step,1,no,4,middle,no,no,no,
Kabalevsky T06,16,25,2.5,A#4,70,ɪ,derived from Bozeman soprano,0.375,close,D4,7.96,inside,7,-8,none,not assessed,short,repeated,0,no,4,middle,no,no,no,
Kabalevsky T06,16,25,3,A4,69,ʌ,derived from Bozeman soprano,0.375,close,E4,4.5,inside,6,-9,none,not assessed,short,step,-1,no,4,middle,no,no,no,
Kabalevsky T06,16,25,3.5,A#4,70,ɑ,Bozeman soprano midpoint,0.375,close,E4,5.5,inside,7,-8,none,not assessed,short,step,1,no,4,middle,no,no,no,
Kabalevsky T06,16,25,4,C5,72,i,Bozeman soprano midpoint,0.375,above,G3,17.5,inside,9,-6,none,not assessed,short,step,2,no,4,middle,no,no,no,
Kabalevsky T06,16,25,4.5,A4,69,none resolved,not assessed,0.375,not assessed,not assessed,not assessed,inside,6,-9,not assessed,not assessed,short,leap-down,-3,no,4,middle,no,no,no,
Kabalevsky T06,16,26,1,D5,74,o,Bozeman soprano midpoint,1.5,crossing,D4,12.5,inside,11,-4,none,not assessed,short,leap-up,5,no,4,middle,no,no,no,crossing
Kabalevsky T06,16,26,3,D5,74,o,Bozeman soprano midpoint,0.375,crossing,D4,12.5,inside,11,-4,none,not assessed,short,tie,0,no,4,middle,no,no,no,crossing
Kabalevsky T06,16,26,3.5,C#5,73,ɨ,derived from Bozeman soprano,0.375,above,C4,13.11,inside,10,-5,none,not assessed,short,step,-1,no,4,middle,no,no,no,
Kabalevsky T06,16,26,4,D5,74,ɑ,Bozeman soprano midpoint,0.375,close,E4,9.5,inside,11,-4,none,not assessed,short,step,1,no,4,middle,no,no,no,
Kabalevsky T06,16,26,4.5,E5,76,ɪ,derived from Bozeman soprano,0.375,above,D4,13.96,inside,13,-2,none,not assessed,short,step,2,no,4,middle,no,no,no,
Kabalevsky T06,16,27,1,F5,77,e,Bozeman soprano midpoint,1.125,above,D4,15.5,inside,14,-1,none,not assessed,short,step,1,no,4,middle,yes,yes,yes,highest of phrase
Kabalevsky T06,16,27,2.5,D5,74,i,Bozeman soprano midpoint,0.375,above,G3,19.5,inside,11,-4,none,not assessed,short,leap-down,-3,no,4,middle,no,no,no,
Kabalevsky T06,16,27,3,A4,69,ʌ,derived from Bozeman soprano,0.375,close,E4,4.5,inside,6,-9,none,not assessed,short,leap-down,-5,no,4,middle,no,no,no,
Kabalevsky T06,16,27,3.5,A4,69,ɑ,Bozeman soprano midpoint,0.375,close,E4,4.5,inside,6,-9,none,not assessed,short,repeated,0,no,4,middle,no,no,no,
Kabalevsky T06,16,27,4,A4,69,ɑ,Bozeman soprano midpoint,0.375,close,E4,4.5,inside,6,-9,none,not assessed,short,repeated,0,no,4,middle,no,no,no,
Kabalevsky T06,16,27,4.5,A#4,70,i,Bozeman soprano midpoint,0.375,above,G3,15.5,inside,7,-8,none,not assessed,short,step,1,no,4,middle,no,no,no,
Kabalevsky T06,16,28,1,A4,69,ɨ,derived from Bozeman soprano,3,close,C4,9.11,inside,6,-9,none,not assessed,held,step,-1,no,4,middle,no,no,no,held
Kabalevsky T06,16,29,1,A4,69,ɨ,derived from Bozeman soprano,0.375,close,C4,9.11,inside,6,-9,none,not assessed,held,tie,0,no,4,last,no,no,no,held
Kabalevsky T06,16,30,2,F4,65,o,Bozeman soprano midpoint,0.75,close,D4,3.5,inside,2,-13,none,not assessed,short,leap-down,-4,yes,5,first,no,no,no,
Kabalevsky T06,16,30,3,F5,77,u,Bozeman soprano midpoint,1.5,above,G#3,21,inside,14,-1,none,not assessed,short,leap-up,12,no,5,middle,yes,yes,yes,highest of phrase
Kabalevsky T06,16,31,1,F5,77,u,Bozeman soprano midpoint,0.375,above,G#3,21,inside,14,-1,none,not assessed,short,tie,0,no,5,middle,yes,yes,yes,highest of phrase
Kabalevsky T06,16,31,1.5,D5,74,ɑ,Bozeman soprano midpoint,0.375,close,E4,9.5,inside,11,-4,none,not assessed,short,leap-down,-3,no,5,middle,no,no,no,
Kabalevsky T06,16,31,2,C5,72,ɑ,Bozeman soprano midpoint,0.375,close,E4,7.5,inside,9,-6,none,not assessed,short,step,-2,no,5,middle,no,no,no,
Kabalevsky T06,16,31,2.5,A#4,70,ɑ,Bozeman soprano midpoint,0.375,close,E4,5.5,inside,7,-8,none,not assessed,short,step,-2,no,5,middle,no,no,no,
Kabalevsky T06,16,31,3,A4,69,ɑ,Bozeman soprano midpoint,0.375,close,E4,4.5,inside,6,-9,none,not assessed,short,step,-1,no,5,middle,no,no,no,
Kabalevsky T06,16,31,3.5,G4,67,ɪ,derived from Bozeman soprano,0.375,close,D4,4.96,inside,4,-11,none,not assessed,short,step,-2,no,5,middle,no,no,no,
Kabalevsky T06,16,31,4,C5,72,o,Bozeman soprano midpoint,0.375,close,D4,10.5,inside,9,-6,none,not assessed,short,leap-up,5,no,5,middle,no,no,no,
Kabalevsky T06,16,31,4.5,D5,74,ɑ,Bozeman soprano midpoint,0.375,close,E4,9.5,inside,11,-4,none,not assessed,short,step,2,no,5,middle,no,no,no,
Kabalevsky T06,16,32,1,D#5,75,ɛ,Bozeman soprano midpoint,1.5,crossing,D#4,12.5,inside,12,-3,none,not assessed,short,step,1,no,5,middle,no,no,no,crossing
Kabalevsky T06,16,32,3,D#5,75,ɛ,Bozeman soprano midpoint,0.375,crossing,D#4,12.5,inside,12,-3,none,not assessed,short,tie,0,no,5,middle,no,no,no,crossing
Kabalevsky T06,16,32,3.5,D#5,75,u,Bozeman soprano midpoint,0.375,above,G#3,19,inside,12,-3,none,not assessed,short,repeated,0,no,5,middle,no,no,no,
Kabalevsky T06,16,32,4,D5,74,ɑ,Bozeman soprano midpoint,0.375,close,E4,9.5,inside,11,-4,none,not assessed,short,step,-1,no,5,middle,no,no,no,
Kabalevsky T06,16,32,4.5,D#5,75,ɑ,Bozeman soprano midpoint,0.375,close,E4,10.5,inside,12,-3,none,not assessed,short,step,1,no,5,middle,no,no,no,
Kabalevsky T06,16,33,1,C5,72,ɑ,Bozeman soprano midpoint,3,close,E4,7.5,inside,9,-6,none,not assessed,held,leap-down,-3,no,5,middle,no,no,no,held
Kabalevsky T06,16,34,1,F5,77,ɨ,derived from Bozeman soprano,0.75,above,C4,17.11,inside,14,-1,none,not assessed,short,leap-up,5,no,5,middle,yes,yes,yes,highest of phrase
Kabalevsky T06,16,34,2,C5,72,u,Bozeman soprano midpoint,0.375,above,G#3,16,inside,9,-6,none,not assessed,short,leap-down,-5,no,5,middle,no,no,no,
Kabalevsky T06,16,34,2.5,C5,72,i,Bozeman soprano midpoint,0.375,above,G3,17.5,inside,9,-6,none,not assessed,short,repeated,0,no,5,middle,no,no,no,
Kabalevsky T06,16,34,3,D#5,75,ɑ,Bozeman soprano midpoint,1.125,close,E4,10.5,inside,12,-3,none,not assessed,short,leap-up,3,no,5,middle,no,no,no,
Kabalevsky T06,16,34,4.5,A#4,70,ɑ,Bozeman soprano midpoint,0.375,close,E4,5.5,inside,7,-8,none,not assessed,short,leap-down,-5,no,5,middle,no,no,no,
Kabalevsky T06,16,35,1,D5,74,ɛ,Bozeman soprano midpoint,3,close,D#4,11.5,inside,11,-4,none,not assessed,held,leap-up,4,no,5,middle,no,no,no,held
Kabalevsky T06,16,36,1,D5,74,ɛ,Bozeman soprano midpoint,3,close,D#4,11.5,inside,11,-4,none,not assessed,held,tie,0,no,5,middle,no,no,no,held
Kabalevsky T06,16,37,1,D5,74,ɛ,Bozeman soprano midpoint,0.375,close,D#4,11.5,inside,11,-4,none,not assessed,held,tie,0,no,5,last,no,no,no,held
Kabalevsky T07,17,2,6,C5,72,ɨ,derived from Bozeman soprano,0.357,crossing,C4,12.11,inside,9,-6,none,not assessed,short,first note,,,0,first,no,no,no,crossing
Kabalevsky T07,17,3,1,C5,72,u,Bozeman soprano midpoint,0.714,above,G#3,16,inside,9,-6,none,not assessed,short,repeated,0,no,0,middle,no,no,no,
Kabalevsky T07,17,3,3,A4,69,ɨ,derived from Bozeman soprano,0.357,close,C4,9.11,inside,6,-9,none,not assessed,short,leap-down,-3,no,0,middle,no,no,no,
Kabalevsky T07,17,3,4,A4,69,ʌ,derived from Bozeman soprano,0.714,close,E4,4.5,inside,6,-9,none,not assessed,short,repeated,0,no,0,middle,no,no,no,
Kabalevsky T07,17,3,6,C5,72,o,Bozeman soprano midpoint,0.357,close,D4,10.5,inside,9,-6,none,not assessed,short,leap-up,3,no,0,middle,no,no,no,
Kabalevsky T07,17,4,1,F5,77,u,Bozeman soprano midpoint,0.714,above,G#3,21,inside,14,-1,none,not assessed,short,leap-up,5,no,0,middle,yes,yes,yes,highest of phrase
Kabalevsky T07,17,4,3,E5,76,ɑ,Bozeman soprano midpoint,0.357,crossing,E4,11.5,inside,13,-2,none,not assessed,short,step,-1,no,0,middle,no,no,no,crossing
Kabalevsky T07,17,4,4,D5,74,u,Bozeman soprano midpoint,0.714,above,G#3,18,inside,11,-4,none,not assessed,short,step,-2,no,0,middle,no,no,no,
Kabalevsky T07,17,4,6,A4,69,ɨ,derived from Bozeman soprano,0.357,close,C4,9.11,inside,6,-9,none,not assessed,short,leap-down,-5,no,0,middle,no,no,no,
Kabalevsky T07,17,5,1,A#4,70,ɑ,Bozeman soprano midpoint,0.714,close,E4,5.5,inside,7,-8,none,not assessed,short,step,1,no,0,middle,no,no,no,
Kabalevsky T07,17,5,3,A4,69,ɑ,Bozeman soprano midpoint,0.357,close,E4,4.5,inside,6,-9,none,not assessed,short,step,-1,no,0,middle,no,no,no,
Kabalevsky T07,17,5,4,G4,67,ɨ,derived from Bozeman soprano,0.714,close,C4,7.11,inside,4,-11,none,not assessed,short,step,-2,no,0,middle,no,no,no,
Kabalevsky T07,17,5,6,A#4,70,ɨ,derived from Bozeman soprano,0.357,close,C4,10.11,inside,7,-8,none,not assessed,short,leap-up,3,no,0,middle,no,no,no,
Kabalevsky T07,17,6,1,A4,69,ɛ,Bozeman soprano midpoint,0.536,close,D#4,6.5,inside,6,-9,none,not assessed,short,step,-1,no,0,middle,no,no,no,
Kabalevsky T07,17,6,2.5,A4,69,ɪ,derived from Bozeman soprano,0.179,close,D4,6.96,inside,6,-9,none,not assessed,short,repeated,0,no,0,middle,no,no,no,
Kabalevsky T07,17,6,3,A4,69,ɪ,derived from Bozeman soprano,0.179,close,D4,6.96,inside,6,-9,none,not assessed,short,repeated,0,no,0,middle,no,no,no,
Kabalevsky T07,17,6,3.5,A4,69,ɑ,Bozeman soprano midpoint,0.179,close,E4,4.5,inside,6,-9,none,not assessed,short,repeated,0,no,0,middle,no,no,no,
Kabalevsky T07,17,6,4,E5,76,ɑ,Bozeman soprano midpoint,0.536,crossing,E4,11.5,inside,13,-2,none,not assessed,short,leap-up,7,no,0,middle,no,no,no,crossing
Kabalevsky T07,17,6,5.5,A4,69,ʌ,derived from Bozeman soprano,0.179,close,E4,4.5,inside,6,-9,none,not assessed,short,leap-down,-7,no,0,middle,no,no,no,
Kabalevsky T07,17,6,6,A4,69,u,Bozeman soprano midpoint,0.179,above,G#3,13,inside,6,-9,none,not assessed,short,repeated,0,no,0,middle,no,no,no,
Kabalevsky T07,17,6,6.5,A4,69,ɑ,Bozeman soprano midpoint,0.179,close,E4,4.5,inside,6,-9,none,not assessed,short,repeated,0,no,0,middle,no,no,no,
Kabalevsky T07,17,7,1,D5,74,o,Bozeman soprano midpoint,1.071,crossing,D4,12.5,inside,11,-4,none,not assessed,short,leap-up,5,no,0,middle,no,no,no,crossing
Kabalevsky T07,17,7,4,D5,74,o,Bozeman soprano midpoint,0.357,crossing,D4,12.5,inside,11,-4,none,not assessed,short,tie,0,no,0,last,no,no,no,crossing
Kabalevsky T07,17,7,6,D5,74,ɑ,Bozeman soprano midpoint,0.357,close,E4,9.5,inside,11,-4,none,not assessed,short,repeated,0,yes,1,first,no,no,no,
Kabalevsky T07,17,8,1,F5,77,ɛ,Bozeman soprano midpoint,0.714,above,D#4,14.5,inside,14,-1,none,not assessed,short,leap-up,3,no,1,middle,no,yes,no,
Kabalevsky T07,17,8,3,E5,76,ɨ,derived from Bozeman soprano,0.357,above,C4,16.11,inside,13,-2,none,not assessed,short,step,-1,no,1,middle,no,no,no,
Kabalevsky T07,17,8,4,D5,74,u,Bozeman soprano midpoint,0.357,above,G#3,18,inside,11,-4,none,not assessed,short,step,-2,no,1,middle,no,no,no,
Kabalevsky T07,17,8,5,C5,72,u,Bozeman soprano midpoint,0.357,above,G#3,16,inside,9,-6,none,not assessed,short,step,-2,no,1,middle,no,no,no,
Kabalevsky T07,17,8,6,A#4,70,i,Bozeman soprano midpoint,0.357,above,G3,15.5,inside,7,-8,none,not assessed,short,step,-2,no,1,middle,no,no,no,
Kabalevsky T07,17,9,1,A4,69,ʌ,derived from Bozeman soprano,0.714,close,E4,4.5,inside,6,-9,none,not assessed,short,step,-1,no,1,middle,no,no,no,
Kabalevsky T07,17,9,3,C#5,73,o,Bozeman soprano midpoint,0.357,close,D4,11.5,inside,10,-5,none,not assessed,short,leap-up,4,no,1,middle,no,no,no,
Kabalevsky T07,17,9,4,E5,76,ɑ,Bozeman soprano midpoint,0.714,crossing,E4,11.5,inside,13,-2,none,not assessed,short,leap-up,3,no,1,middle,no,no,no,crossing
Kabalevsky T07,17,9,6,G5,79,i,Bozeman soprano midpoint,0.357,above,G3,24.5,above secondo,16,1,none,not assessed,short,leap-up,3,no,1,middle,yes,yes,yes,highest of phrase
Kabalevsky T07,17,10,1,F5,77,a,derived from Bozeman soprano,0.714,close,G4,10.08,inside,14,-1,none,not assessed,short,step,-2,no,1,middle,no,yes,no,
Kabalevsky T07,17,10,3,E5,76,a,derived from Bozeman soprano,0.357,close,G4,9.08,inside,13,-2,none,not assessed,short,step,-1,no,1,middle,no,no,no,
Kabalevsky T07,17,10,4,D5,74,ʌ,derived from Bozeman soprano,0.536,close,E4,9.5,inside,11,-4,none,not assessed,short,step,-2,no,1,middle,no,no,no,
Kabalevsky T07,17,10,5.5,A#4,70,i,Bozeman soprano midpoint,0.179,above,G3,15.5,inside,7,-8,none,not assessed,short,leap-down,-4,no,1,middle,no,no,no,
Kabalevsky T07,17,10,6,A#4,70,a,derived from Bozeman soprano,0.179,close,G4,3.08,inside,7,-8,none,not assessed,short,repeated,0,no,1,middle,no,no,no,
Kabalevsky T07,17,10,6.5,A#4,70,ɪ,derived from Bozeman soprano,0.179,close,D4,7.96,inside,7,-8,none,not assessed,short,repeated,0,no,1,middle,no,no,no,
Kabalevsky T07,17,11,1,A4,69,u,Bozeman soprano midpoint,0.714,above,G#3,13,inside,6,-9,none,not assessed,short,step,-1,no,1,middle,no,no,no,
Kabalevsky T07,17,11,3,A4,69,u,Bozeman soprano midpoint,0.357,above,G#3,13,inside,6,-9,none,not assessed,short,repeated,0,no,1,middle,no,no,no,
Kabalevsky T07,17,11,4,A4,69,ɑ,Bozeman soprano midpoint,0.536,close,E4,4.5,inside,6,-9,none,not assessed,short,repeated,0,no,1,middle,no,no,no,
Kabalevsky T07,17,11,5.5,A4,69,ʌ,derived from Bozeman soprano,0.179,close,E4,4.5,inside,6,-9,none,not assessed,short,repeated,0,no,1,middle,no,no,no,
Kabalevsky T07,17,11,6,A4,69,u,Bozeman soprano midpoint,0.179,above,G#3,13,inside,6,-9,none,not assessed,short,repeated,0,no,1,middle,no,no,no,
Kabalevsky T07,17,11,6.5,A4,69,ɑ,Bozeman soprano midpoint,0.179,close,E4,4.5,inside,6,-9,none,not assessed,short,repeated,0,no,1,middle,no,no,no,
Kabalevsky T07,17,12,1,A4,69,o,Bozeman soprano midpoint,1.071,close,D4,7.5,inside,6,-9,none,not assessed,short,repeated,0,no,1,middle,no,no,no,
Kabalevsky T07,17,12,4,A4,69,o,Bozeman soprano midpoint,0.357,close,D4,7.5,inside,6,-9,none,not assessed,short,tie,0,no,1,last,no,no,no,
Kabalevsky T07,17,13,4,D5,74,ɛ,Bozeman soprano midpoint,1.071,close,D#4,11.5,inside,11,-4,none,not assessed,short,leap-up,5,yes,2,first,no,no,no,
Kabalevsky T07,17,14,1,D#5,75,ɑ,Bozeman soprano midpoint,0.714,close,E4,10.5,inside,12,-3,none,not assessed,short,step,1,no,2,middle,yes,no,no,highest of phrase
Kabalevsky T07,17,14,3,D5,74,ɑ,Bozeman soprano midpoint,0.357,close,E4,9.5,inside,11,-4,none,not assessed,short,step,-1,no,2,middle,no,no,no,
Kabalevsky T07,17,14,4,C5,72,ɑ,Bozeman soprano midpoint,0.714,close,E4,7.5,inside,9,-6,none,not assessed,short,step,-2,no,2,middle,no,no,no,
Kabalevsky T07,17,14,6,A#4,70,i,Bozeman soprano midpoint,0.357,above,G3,15.5,inside,7,-8,none,not assessed,short,step,-2,no,2,middle,no,no,no,
Kabalevsky T07,17,15,1,A4,69,i,Bozeman soprano midpoint,0.714,above,G3,14.5,inside,6,-9,none,not assessed,short,step,-1,no,2,middle,no,no,no,
Kabalevsky T07,17,15,3,D5,74,ɑ,Bozeman soprano midpoint,0.357,close,E4,9.5,inside,11,-4,none,not assessed,short,leap-up,5,no,2,middle,no,no,no,
Kabalevsky T07,17,15,4,D5,74,ɛ,Bozeman soprano midpoint,0.714,close,D#4,11.5,inside,11,-4,none,not assessed,short,repeated,0,no,2,middle,no,no,no,
Kabalevsky T07,17,15,6,C5,72,ʌ,derived from Bozeman soprano,0.357,close,E4,7.5,inside,9,-6,none,not assessed,short,step,-2,no,2,middle,no,no,no,
Kabalevsky T07,17,16,1,A#4,70,u,Bozeman soprano midpoint,1.071,above,G#3,14,inside,7,-8,none,not assessed,short,step,-2,no,2,middle,no,no,no,
Kabalevsky T07,17,16,4,F4,65,i,Bozeman soprano midpoint,0.357,close,G3,10.5,inside,2,-13,none,not assessed,short,leap-down,-5,no,2,last,no,no,no,
Kabalevsky T07,17,16,5.5,F4,65,ɪ,derived from Bozeman soprano,0.179,close,D4,2.96,inside,2,-13,none,not assessed,short,repeated,0,yes,3,first,no,no,no,
Kabalevsky T07,17,16,6,F4,65,ʌ,derived from Bozeman soprano,0.179,close,E4,0.5,inside,2,-13,none,not assessed,short,repeated,0,no,3,middle,no,no,no,turning pitch 0 to 2 st below
Kabalevsky T07,17,16,6.5,F4,65,ɑ,Bozeman soprano midpoint,0.179,close,E4,0.5,inside,2,-13,none,not assessed,short,repeated,0,no,3,middle,no,no,no,turning pitch 0 to 2 st below
Kabalevsky T07,17,17,1,F#4,66,u,Bozeman soprano midpoint,0.714,close,G#3,10,inside,3,-12,none,not assessed,short,step,1,no,3,middle,no,no,no,
Kabalevsky T07,17,17,3,F#4,66,i,Bozeman soprano midpoint,0.357,close,G3,11.5,inside,3,-12,none,not assessed,short,repeated,0,no,3,middle,no,no,no,
Kabalevsky T07,17,17,4,G4,67,u,Bozeman soprano midpoint,0.536,close,G#3,11,inside,4,-11,none,not assessed,short,step,1,no,3,middle,no,no,no,
Kabalevsky T07,17,17,5.5,A4,69,u,Bozeman soprano midpoint,0.179,above,G#3,13,inside,6,-9,none,not assessed,short,step,2,no,3,middle,no,no,no,
Kabalevsky T07,17,17,6,A#4,70,ɨ,derived from Bozeman soprano,0.179,close,C4,10.11,inside,7,-8,none,not assessed,short,step,1,no,3,middle,no,no,no,
Kabalevsky T07,17,17,6.5,D5,74,ɑ,Bozeman soprano midpoint,0.179,close,E4,9.5,inside,11,-4,none,not assessed,short,leap-up,4,no,3,middle,no,no,no,
Kabalevsky T07,17,18,1,E5,76,ɑ,Bozeman soprano midpoint,1.071,crossing,E4,11.5,inside,13,-2,none,not assessed,short,step,2,no,3,middle,no,no,no,crossing
Kabalevsky T07,17,18,4,E5,76,ɑ,Bozeman soprano midpoint,0.714,crossing,E4,11.5,inside,13,-2,none,not assessed,short,tie,0,no,3,middle,no,no,no,crossing
Kabalevsky T07,17,18,6,E5,76,o,Bozeman soprano midpoint,0.357,above,D4,14.5,inside,13,-2,none,not assessed,short,repeated,0,no,3,middle,no,no,no,
Kabalevsky T07,17,19,1,F5,77,o,Bozeman soprano midpoint,0.536,above,D4,15.5,inside,14,-1,none,not assessed,short,step,1,no,3,middle,yes,yes,yes,highest of phrase
Kabalevsky T07,17,19,2.5,E5,76,ʌ,derived from Bozeman soprano,0.179,crossing,E4,11.5,inside,13,-2,none,not assessed,short,step,-1,no,3,middle,no,no,no,crossing
Kabalevsky T07,17,19,3,D5,74,ʌ,derived from Bozeman soprano,0.179,close,E4,9.5,inside,11,-4,none,not assessed,short,step,-2,no,3,middle,no,no,no,
Kabalevsky T07,17,19,3.5,C5,72,ɑ,Bozeman soprano midpoint,0.179,close,E4,7.5,inside,9,-6,none,not assessed,short,step,-2,no,3,middle,no,no,no,
Kabalevsky T07,17,19,4,D5,74,o,Bozeman soprano midpoint,0.536,crossing,D4,12.5,inside,11,-4,none,not assessed,short,step,2,no,3,middle,no,no,no,crossing
Kabalevsky T07,17,19,5.5,C5,72,ɑ,Bozeman soprano midpoint,0.179,close,E4,7.5,inside,9,-6,none,not assessed,short,step,-2,no,3,middle,no,no,no,
Kabalevsky T07,17,19,6,A#4,70,ɨ,derived from Bozeman soprano,0.179,close,C4,10.11,inside,7,-8,none,not assessed,short,step,-2,no,3,middle,no,no,no,
Kabalevsky T07,17,19,6.5,A4,69,ɪ,derived from Bozeman soprano,0.179,close,D4,6.96,inside,6,-9,none,not assessed,short,step,-1,no,3,middle,no,no,no,
Kabalevsky T07,17,20,1,A#4,70,u,Bozeman soprano midpoint,0.714,above,G#3,14,inside,7,-8,none,not assessed,short,step,1,no,3,middle,no,no,no,
Kabalevsky T07,17,20,3,A#4,70,i,Bozeman soprano midpoint,0.357,above,G3,15.5,inside,7,-8,none,not assessed,short,repeated,0,no,3,last,no,no,no,
Kabalevsky T07,17,20,6,A#4,70,u,Bozeman soprano midpoint,0.357,above,G#3,14,inside,7,-8,none,not assessed,short,repeated,0,yes,4,first,no,no,no,
Kabalevsky T07,17,21,1,A4,69,o,Bozeman soprano midpoint,0.536,close,D4,7.5,inside,6,-9,none,not assessed,short,step,-1,no,4,middle,no,no,no,
Kabalevsky T07,17,21,2.5,A4,69,ʌ,derived from Bozeman soprano,0.179,close,E4,4.5,inside,6,-9,none,not assessed,short,repeated,0,no,4,middle,no,no,no,
Kabalevsky T07,17,21,3,A4,69,ʌ,derived from Bozeman soprano,0.179,close,E4,4.5,inside,6,-9,none,not assessed,short,repeated,0,no,4,middle,no,no,no,
Kabalevsky T07,17,21,3.5,A4,69,i,Bozeman soprano midpoint,0.179,above,G3,14.5,inside,6,-9,none,not assessed,short,repeated,0,no,4,middle,no,no,no,
Kabalevsky T07,17,21,4,D5,74,o,Bozeman soprano midpoint,0.536,crossing,D4,12.5,inside,11,-4,none,not assessed,short,leap-up,5,no,4,middle,yes,no,no,highest of phrase; crossing
Kabalevsky T07,17,21,5.5,A#4,70,ɪ,derived from Bozeman soprano,0.179,close,D4,7.96,inside,7,-8,none,not assessed,short,leap-down,-4,no,4,middle,no,no,no,
Kabalevsky T07,17,21,6,A#4,70,u,Bozeman soprano midpoint,0.179,above,G#3,14,inside,7,-8,none,not assessed,short,repeated,0,no,4,middle,no,no,no,
Kabalevsky T07,17,21,6.5,A#4,70,u,Bozeman soprano midpoint,0.179,above,G#3,14,inside,7,-8,none,not assessed,short,repeated,0,no,4,middle,no,no,no,
Kabalevsky T07,17,22,1,A4,69,ɑ,Bozeman soprano midpoint,1.071,close,E4,4.5,inside,6,-9,none,not assessed,short,step,-1,no,4,middle,no,no,no,
Kabalevsky T07,17,22,4,A4,69,ɑ,Bozeman soprano midpoint,0.357,close,E4,4.5,inside,6,-9,none,not assessed,short,tie,0,no,4,last,no,no,no,
Kabalevsky T07,17,29,6,C5,72,i,Bozeman soprano midpoint,0.357,above,G3,17.5,inside,9,-6,none,not assessed,short,leap-up,3,yes,5,first,no,no,no,
Kabalevsky T07,17,30,1,C5,72,u,Bozeman soprano midpoint,0.714,above,G#3,16,inside,9,-6,none,not assessed,short,repeated,0,no,5,middle,no,no,no,
Kabalevsky T07,17,30,3,A4,69,ɑ,Bozeman soprano midpoint,0.357,close,E4,4.5,inside,6,-9,none,not assessed,short,leap-down,-3,no,5,middle,no,no,no,
Kabalevsky T07,17,30,4,A4,69,ɪ,derived from Bozeman soprano,0.714,close,D4,6.96,inside,6,-9,none,not assessed,short,repeated,0,no,5,middle,no,no,no,
Kabalevsky T07,17,30,6,C5,72,ɑ,Bozeman soprano midpoint,0.357,close,E4,7.5,inside,9,-6,none,not assessed,short,leap-up,3,no,5,middle,no,no,no,
Kabalevsky T07,17,31,1,F5,77,u,Bozeman soprano midpoint,0.714,above,G#3,21,inside,14,-1,none,not assessed,short,leap-up,5,no,5,middle,no,yes,no,
Kabalevsky T07,17,31,3,E5,76,ɨ,derived from Bozeman soprano,0.357,above,C4,16.11,inside,13,-2,none,not assessed,short,step,-1,no,5,middle,no,no,no,
Kabalevsky T07,17,31,4,D5,74,ɪ,derived from Bozeman soprano,0.714,crossing,D4,11.96,inside,11,-4,none,not assessed,short,step,-2,no,5,middle,no,no,no,crossing
Kabalevsky T07,17,31,6,A4,69,ʌ,derived from Bozeman soprano,0.357,close,E4,4.5,inside,6,-9,none,not assessed,short,leap-down,-5,no,5,middle,no,no,no,
Kabalevsky T07,17,32,1,A#4,70,u,Bozeman soprano midpoint,0.714,above,G#3,14,inside,7,-8,none,not assessed,short,step,1,no,5,middle,no,no,no,
Kabalevsky T07,17,32,3,A4,69,u,Bozeman soprano midpoint,0.357,above,G#3,13,inside,6,-9,none,not assessed,short,step,-1,no,5,middle,no,no,no,
Kabalevsky T07,17,32,4,G4,67,ɨ,derived from Bozeman soprano,0.536,close,C4,7.11,inside,4,-11,none,not assessed,short,step,-2,no,5,middle,no,no,no,
Kabalevsky T07,17,32,5.5,A#4,70,u,Bozeman soprano midpoint,0.179,above,G#3,14,inside,7,-8,none,not assessed,short,leap-up,3,no,5,middle,no,no,no,
Kabalevsky T07,17,32,6,A#4,70,ɑ,Bozeman soprano midpoint,0.179,close,E4,5.5,inside,7,-8,none,not assessed,short,repeated,0,no,5,middle,no,no,no,
Kabalevsky T07,17,32,6.5,A#4,70,u,Bozeman soprano midpoint,0.179,above,G#3,14,inside,7,-8,none,not assessed,short,repeated,0,no,5,middle,no,no,no,
Kabalevsky T07,17,33,1,A4,69,o,Bozeman soprano midpoint,0.714,close,D4,7.5,inside,6,-9,none,not assessed,short,step,-1,no,5,middle,no,no,no,
Kabalevsky T07,17,33,3,A4,69,i,Bozeman soprano midpoint,0.357,above,G3,14.5,inside,6,-9,none,not assessed,short,repeated,0,no,5,middle,no,no,no,
Kabalevsky T07,17,33,4,E5,76,o,Bozeman soprano midpoint,0.536,above,D4,14.5,inside,13,-2,none,not assessed,short,leap-up,7,no,5,middle,no,no,no,
Kabalevsky T07,17,33,5.5,A4,69,ʌ,derived from Bozeman soprano,0.179,close,E4,4.5,inside,6,-9,none,not assessed,short,leap-down,-7,no,5,middle,no,no,no,
Kabalevsky T07,17,33,6,A4,69,ʌ,derived from Bozeman soprano,0.179,close,E4,4.5,inside,6,-9,none,not assessed,short,repeated,0,no,5,middle,no,no,no,
Kabalevsky T07,17,33,6.5,A4,69,ɑ,Bozeman soprano midpoint,0.179,close,E4,4.5,inside,6,-9,none,not assessed,short,repeated,0,no,5,middle,no,no,no,
Kabalevsky T07,17,34,1,D5,74,u,Bozeman soprano midpoint,1.071,above,G#3,18,inside,11,-4,none,not assessed,short,leap-up,5,no,5,middle,no,no,no,
Kabalevsky T07,17,34,4,D5,74,u,Bozeman soprano midpoint,0.714,above,G#3,18,inside,11,-4,none,not assessed,short,tie,0,no,5,middle,no,no,no,
Kabalevsky T07,17,34,6,D5,74,ɑ,Bozeman soprano midpoint,0.357,close,E4,9.5,inside,11,-4,none,not assessed,short,repeated,0,no,5,middle,no,no,no,
Kabalevsky T07,17,35,1,F5,77,u,Bozeman soprano midpoint,0.714,above,G#3,21,inside,14,-1,none,not assessed,short,leap-up,3,no,5,middle,no,yes,no,
Kabalevsky T07,17,35,3,E5,76,ʌ,derived from Bozeman soprano,0.357,crossing,E4,11.5,inside,13,-2,none,not assessed,short,step,-1,no,5,middle,no,no,no,crossing
Kabalevsky T07,17,35,4,D5,74,ɑ,Bozeman soprano midpoint,0.357,close,E4,9.5,inside,11,-4,none,not assessed,short,step,-2,no,5,middle,no,no,no,
Kabalevsky T07,17,35,5,C5,72,ɑ,Bozeman soprano midpoint,0.357,close,E4,7.5,inside,9,-6,none,not assessed,short,step,-2,no,5,middle,no,no,no,
Kabalevsky T07,17,35,6,A#4,70,ɑ,Bozeman soprano midpoint,0.357,close,E4,5.5,inside,7,-8,none,not assessed,short,step,-2,no,5,middle,no,no,no,
Kabalevsky T07,17,36,1,A4,69,ɛ,Bozeman soprano midpoint,0.714,close,D#4,6.5,inside,6,-9,none,not assessed,short,step,-1,no,5,middle,no,no,no,
Kabalevsky T07,17,36,3,C#5,73,i,Bozeman soprano midpoint,0.357,above,G3,18.5,inside,10,-5,none,not assessed,short,leap-up,4,no,5,middle,no,no,no,
Kabalevsky T07,17,36,4,E5,76,o,Bozeman soprano midpoint,0.714,above,D4,14.5,inside,13,-2,none,not assessed,short,leap-up,3,no,5,middle,no,no,no,
Kabalevsky T07,17,36,6,G5,79,ʌ,derived from Bozeman soprano,0.357,above,E4,14.5,above secondo,16,1,none,not assessed,short,leap-up,3,no,5,middle,yes,yes,yes,highest of phrase
Kabalevsky T07,17,37,1,F5,77,u,Bozeman soprano midpoint,0.714,above,G#3,21,inside,14,-1,none,not assessed,short,step,-2,no,5,middle,no,yes,no,
Kabalevsky T07,17,37,3,E5,76,u,Bozeman soprano midpoint,0.357,above,G#3,20,inside,13,-2,none,not assessed,short,step,-1,no,5,middle,no,no,no,
Kabalevsky T07,17,37,4,D5,74,ɨ,derived from Bozeman soprano,0.714,above,C4,14.11,inside,11,-4,none,not assessed,short,step,-2,no,5,middle,no,no,no,
Kabalevsky T07,17,37,6,F5,77,ɑ,Bozeman soprano midpoint,0.357,above,E4,12.5,inside,14,-1,none,not assessed,short,leap-up,3,no,5,middle,no,yes,no,
Kabalevsky T07,17,38,1,E5,76,i,Bozeman soprano midpoint,0.536,above,G3,21.5,inside,13,-2,none,not assessed,short,step,-1,no,5,middle,no,no,no,
Kabalevsky T07,17,38,2.5,A4,69,ʌ,derived from Bozeman soprano,0.179,close,E4,4.5,inside,6,-9,none,not assessed,short,leap-down,-7,no,5,middle,no,no,no,
Kabalevsky T07,17,38,3,A4,69,i,Bozeman soprano midpoint,0.179,above,G3,14.5,inside,6,-9,none,not assessed,short,repeated,0,no,5,middle,no,no,no,
Kabalevsky T07,17,38,3.5,A4,69,i,Bozeman soprano midpoint,0.179,above,G3,14.5,inside,6,-9,none,not assessed,short,repeated,0,no,5,middle,no,no,no,
Kabalevsky T07,17,38,4,E5,76,e,Bozeman soprano midpoint,0.536,above,D4,14.5,inside,13,-2,none,not assessed,short,leap-up,7,no,5,middle,no,no,no,
Kabalevsky T07,17,38,5.5,C5,72,i,Bozeman soprano midpoint,0.179,above,G3,17.5,inside,9,-6,none,not assessed,short,leap-down,-4,no,5,middle,no,no,no,
Kabalevsky T07,17,38,6,C5,72,i,Bozeman soprano midpoint,0.179,above,G3,17.5,inside,9,-6,none,not assessed,short,repeated,0,no,5,middle,no,no,no,
Kabalevsky T07,17,38,6.5,C5,72,ɑ,Bozeman soprano midpoint,0.179,close,E4,7.5,inside,9,-6,none,not assessed,short,repeated,0,no,5,middle,no,no,no,
Kabalevsky T07,17,39,1,F5,77,u,Bozeman soprano midpoint,0.714,above,G#3,21,inside,14,-1,none,not assessed,short,leap-up,5,no,5,middle,no,yes,no,
Kabalevsky T07,17,39,3,F5,77,u,Bozeman soprano midpoint,0.357,above,G#3,21,inside,14,-1,none,not assessed,short,tie,0,no,5,last,no,yes,no,
Kabalevsky T07,17,44,4,F5,77,ɑ,Bozeman soprano midpoint,0.357,above,E4,12.5,inside,14,-1,none,not assessed,short,repeated,0,yes,6,first,no,yes,no,
Kabalevsky T07,17,44,5,C#5,73,ʌ,derived from Bozeman soprano,0.357,close,E4,8.5,inside,10,-5,none,not assessed,short,leap-down,-4,no,6,middle,no,no,no,
Kabalevsky T07,17,44,6,C5,72,ɑ,Bozeman soprano midpoint,0.357,close,E4,7.5,inside,9,-6,none,not assessed,short,step,-1,no,6,middle,no,no,no,
Kabalevsky T07,17,45,1,A#4,70,i,Bozeman soprano midpoint,0.714,above,G3,15.5,inside,7,-8,none,not assessed,short,step,-2,no,6,middle,no,no,no,
Kabalevsky T07,17,45,3,C5,72,ɑ,Bozeman soprano midpoint,0.357,close,E4,7.5,inside,9,-6,none,not assessed,short,step,2,no,6,middle,no,no,no,
Kabalevsky T07,17,45,4,C#5,73,ɑ,Bozeman soprano midpoint,0.714,close,E4,8.5,inside,10,-5,none,not assessed,short,step,1,no,6,middle,no,no,no,
Kabalevsky T07,17,45,6,F5,77,ɪ,derived from Bozeman soprano,0.357,above,D4,14.96,inside,14,-1,none,not assessed,short,leap-up,4,no,6,middle,no,yes,no,
Kabalevsky T07,17,46,1,F#5,78,u,Bozeman soprano midpoint,0.714,above,G#3,22,inside,15,0,none,not assessed,short,step,1,no,6,middle,yes,yes,yes,highest of phrase
Kabalevsky T07,17,46,3,C#5,73,ɑ,Bozeman soprano midpoint,0.357,close,E4,8.5,inside,10,-5,none,not assessed,short,leap-down,-5,no,6,middle,no,no,no,
Kabalevsky T07,17,46,4,C#5,73,e,Bozeman soprano midpoint,0.714,close,D4,11.5,inside,10,-5,none,not assessed,short,repeated,0,no,6,middle,no,no,no,
Kabalevsky T07,17,46,6,C#5,73,ɪ,derived from Bozeman soprano,0.357,close,D4,10.96,inside,10,-5,none,not assessed,short,repeated,0,no,6,last,no,no,no,
Kabalevsky T07,17,47,4,C#5,73,o,Bozeman soprano midpoint,0.357,close,D4,11.5,inside,10,-5,none,not assessed,short,repeated,0,yes,7,first,no,no,no,
Kabalevsky T07,17,47,5,C5,72,ʌ,derived from Bozeman soprano,0.357,close,E4,7.5,inside,9,-6,none,not assessed,short,step,-1,no,7,middle,no,no,no,
Kabalevsky T07,17,47,6,C#5,73,i,Bozeman soprano midpoint,0.357,above,G3,18.5,inside,10,-5,none,not assessed,short,step,1,no,7,middle,no,no,no,
Kabalevsky T07,17,47,7,D#5,75,o,Bozeman soprano midpoint,0.714,above,D4,13.5,inside,12,-3,none,not assessed,short,step,2,no,7,middle,yes,no,no,highest of phrase
Kabalevsky T07,17,47,9,C#5,73,ɨ,derived from Bozeman soprano,0.357,above,C4,13.11,inside,10,-5,none,not assessed,short,step,-2,no,7,middle,no,no,no,
Kabalevsky T07,17,48,1,C5,72,u,Bozeman soprano midpoint,1.071,above,G#3,16,inside,9,-6,none,not assessed,short,step,-1,no,7,middle,no,no,no,
Kabalevsky T07,17,48,4,C5,72,u,Bozeman soprano midpoint,0.357,above,G#3,16,inside,9,-6,none,not assessed,short,tie,0,no,7,last,no,no,no,
Kabalevsky T07,17,48,6,A4,69,ɑ,Bozeman soprano midpoint,0.357,close,E4,4.5,inside,6,-9,none,not assessed,short,leap-down,-3,yes,8,first,yes,no,no,highest of phrase
Kabalevsky T07,17,49,1,A4,69,o,Bozeman soprano midpoint,1.071,close,D4,7.5,inside,6,-9,none,not assessed,short,repeated,0,no,8,middle,yes,no,no,highest of phrase
Kabalevsky T07,17,49,4,A4,69,o,Bozeman soprano midpoint,0.714,close,D4,7.5,inside,6,-9,none,not assessed,short,tie,0,no,8,middle,yes,no,no,highest of phrase
Kabalevsky T07,17,49,6,E4,64,ɪ,derived from Bozeman soprano,0.357,close,D4,1.96,inside,1,-14,none,not assessed,short,leap-down,-5,no,8,middle,no,yes,yes,turning pitch 0 to 2 st below
Kabalevsky T07,17,50,1,F4,65,e,Bozeman soprano midpoint,1.071,close,D4,3.5,inside,2,-13,none,not assessed,short,step,1,no,8,middle,no,no,no,
Kabalevsky T07,17,50,4,F4,65,e,Bozeman soprano midpoint,0.714,close,D4,3.5,inside,2,-13,none,not assessed,short,tie,0,no,8,middle,no,no,no,
Kabalevsky T07,17,50,6,F4,65,i,Bozeman soprano midpoint,0.357,close,G3,10.5,inside,2,-13,none,not assessed,short,repeated,0,no,8,last,no,no,no,
Kabalevsky T08,18,1,3.5,A4,69,ɨ,derived from Bozeman soprano,0.455,close,C4,9.11,inside,6,-9,none,not assessed,short,first note,,,0,first,no,no,no,
Kabalevsky T08,18,1,4,G#4,68,o,Bozeman soprano midpoint,0.455,close,D4,6.5,inside,5,-10,none,not assessed,short,step,-1,no,0,middle,no,no,no,
Kabalevsky T08,18,1,4.5,B4,71,u,Bozeman soprano midpoint,0.455,above,G#3,15,inside,8,-7,none,not assessed,short,leap-up,3,no,0,middle,no,no,no,
Kabalevsky T08,18,2,1,A4,69,i,Bozeman soprano midpoint,0.455,above,G3,14.5,inside,6,-9,none,not assessed,short,step,-2,no,0,middle,no,no,no,
Kabalevsky T08,18,2,1.5,F#4,66,ɑ,Bozeman soprano midpoint,0.455,close,E4,1.5,inside,3,-12,none,not assessed,short,leap-down,-3,no,0,middle,no,no,no,turning pitch 0 to 2 st below
Kabalevsky T08,18,2,2,F#4,66,ɑ,Bozeman soprano midpoint,0.455,close,E4,1.5,inside,3,-12,none,not assessed,short,repeated,0,no,0,middle,no,no,no,turning pitch 0 to 2 st below
Kabalevsky T08,18,2,2.5,A4,69,u,Bozeman soprano midpoint,0.455,above,G#3,13,inside,6,-9,none,not assessed,short,leap-up,3,no,0,middle,no,no,no,
Kabalevsky T08,18,2,3,D5,74,o,Bozeman soprano midpoint,1.364,crossing,D4,12.5,inside,11,-4,none,not assessed,short,leap-up,5,no,0,middle,no,no,no,crossing
Kabalevsky T08,18,2,4.5,C#5,73,ɑ,Bozeman soprano midpoint,0.455,close,E4,8.5,inside,10,-5,none,not assessed,short,step,-1,no,0,middle,no,no,no,
Kabalevsky T08,18,3,1,B4,71,ɛ,Bozeman soprano midpoint,1.818,close,D#4,8.5,inside,8,-7,none,not assessed,short,step,-2,no,0,middle,no,no,no,
Kabalevsky T08,18,3,3,B4,71,ɛ,Bozeman soprano midpoint,0.455,close,D#4,8.5,inside,8,-7,none,not assessed,short,tie,0,no,0,middle,no,no,no,
Kabalevsky T08,18,3,3.5,B4,71,ɑ,Bozeman soprano midpoint,0.455,close,E4,6.5,inside,8,-7,none,not assessed,short,repeated,0,no,0,middle,no,no,no,
Kabalevsky T08,18,3,4,C#5,73,u,Bozeman soprano midpoint,0.455,above,G#3,17,inside,10,-5,none,not assessed,short,step,2,no,0,middle,no,no,no,
Kabalevsky T08,18,3,4.5,D5,74,ɑ,Bozeman soprano midpoint,0.455,close,E4,9.5,inside,11,-4,none,not assessed,short,step,1,no,0,middle,no,no,no,
Kabalevsky T08,18,4,1,E5,76,o,Bozeman soprano midpoint,1.364,above,D4,14.5,inside,13,-2,none,not assessed,short,step,2,no,0,middle,yes,no,no,highest of phrase
Kabalevsky T08,18,4,2.5,B4,71,i,Bozeman soprano midpoint,0.455,above,G3,16.5,inside,8,-7,none,not assessed,short,leap-down,-5,no,0,middle,no,no,no,
Kabalevsky T08,18,4,3,E5,76,ɑ,Bozeman soprano midpoint,0.455,crossing,E4,11.5,inside,13,-2,none,not assessed,short,leap-up,5,no,0,middle,yes,no,no,highest of phrase; crossing
Kabalevsky T08,18,4,3.5,D5,74,ɨ,derived from Bozeman soprano,0.455,above,C4,14.11,inside,11,-4,none,not assessed,short,step,-2,no,0,middle,no,no,no,
Kabalevsky T08,18,4,4,C#5,73,i,Bozeman soprano midpoint,0.455,above,G3,18.5,inside,10,-5,none,not assessed,short,step,-1,no,0,middle,no,no,no,
Kabalevsky T08,18,4,4.5,B4,71,ɨ,derived from Bozeman soprano,0.455,close,C4,11.11,inside,8,-7,none,not assessed,short,step,-2,no,0,middle,no,no,no,
Kabalevsky T08,18,5,1,C#5,73,e,Bozeman soprano midpoint,1.818,close,D4,11.5,inside,10,-5,none,not assessed,short,step,2,no,0,middle,no,no,no,
Kabalevsky T08,18,5,3,C#5,73,e,Bozeman soprano midpoint,0.455,close,D4,11.5,inside,10,-5,none,not assessed,short,tie,0,no,0,middle,no,no,no,
Kabalevsky T08,18,5,3.5,A4,69,ɪ,derived from Bozeman soprano,0.455,close,D4,6.96,inside,6,-9,none,not assessed,short,leap-down,-4,no,0,middle,no,no,no,
Kabalevsky T08,18,5,4,C#5,73,ʌ,derived from Bozeman soprano,0.455,close,E4,8.5,inside,10,-5,none,not assessed,short,leap-up,4,no,0,middle,no,no,no,
Kabalevsky T08,18,5,4.5,E5,76,i,Bozeman soprano midpoint,0.455,above,G3,21.5,inside,13,-2,none,not assessed,short,leap-up,3,no,0,middle,yes,no,no,highest of phrase
Kabalevsky T08,18,6,1,D5,74,i,Bozeman soprano midpoint,0.455,above,G3,19.5,inside,11,-4,none,not assessed,short,step,-2,no,0,middle,no,no,no,
Kabalevsky T08,18,6,1.5,B4,71,o,Bozeman soprano midpoint,0.455,close,D4,9.5,inside,8,-7,none,not assessed,short,leap-down,-3,no,0,middle,no,no,no,
Kabalevsky T08,18,6,2,A4,69,ɛ,Bozeman soprano midpoint,0.455,close,D#4,6.5,inside,6,-9,none,not assessed,short,step,-2,no,0,middle,no,no,no,
Kabalevsky T08,18,6,2.5,G4,67,ʌ,derived from Bozeman soprano,0.455,close,E4,2.5,inside,4,-11,none,not assessed,short,step,-2,no,0,middle,no,no,no,
Kabalevsky T08,18,6,3,B4,71,i,Bozeman soprano midpoint,1.364,above,G3,16.5,inside,8,-7,none,not assessed,short,leap-up,4,no,0,middle,no,no,no,
Kabalevsky T08,18,6,4.5,F#4,66,ɨ,derived from Bozeman soprano,0.455,close,C4,6.11,inside,3,-12,none,not assessed,short,leap-down,-5,no,0,middle,no,no,no,
Kabalevsky T08,18,7,1,B4,71,ɛ,Bozeman soprano midpoint,1.818,close,D#4,8.5,inside,8,-7,none,not assessed,short,leap-up,5,no,0,middle,no,no,no,
Kabalevsky T08,18,7,3,B4,71,ɛ,Bozeman soprano midpoint,0.455,close,D#4,8.5,inside,8,-7,none,not assessed,short,tie,0,no,0,middle,no,no,no,
Kabalevsky T08,18,7,3.5,E4,64,ɑ,Bozeman soprano midpoint,0.455,open,E4,-0.5,inside,1,-14,none,not assessed,short,leap-down,-7,no,0,middle,no,yes,no,
Kabalevsky T08,18,7,4,G4,67,ʌ,derived from Bozeman soprano,0.455,close,E4,2.5,inside,4,-11,none,not assessed,short,leap-up,3,no,0,middle,no,no,no,
Kabalevsky T08,18,7,4.5,B4,71,i,Bozeman soprano midpoint,0.455,above,G3,16.5,inside,8,-7,none,not assessed,short,leap-up,4,no,0,middle,no,no,no,
Kabalevsky T08,18,8,1,C#5,73,ɑ,Bozeman soprano midpoint,1.364,close,E4,8.5,inside,10,-5,none,not assessed,short,step,2,no,0,middle,no,no,no,
Kabalevsky T08,18,8,2.5,B4,71,ɑ,Bozeman soprano midpoint,0.455,close,E4,6.5,inside,8,-7,none,not assessed,short,step,-2,no,0,middle,no,no,no,
Kabalevsky T08,18,8,3,A4,69,i,Bozeman soprano midpoint,0.455,above,G3,14.5,inside,6,-9,none,not assessed,short,step,-2,no,0,middle,no,no,no,
Kabalevsky T08,18,8,3.5,B4,71,ɨ,derived from Bozeman soprano,0.455,close,C4,11.11,inside,8,-7,none,not assessed,short,step,2,no,0,middle,no,no,no,
Kabalevsky T08,18,8,4,C#5,73,i,Bozeman soprano midpoint,0.455,above,G3,18.5,inside,10,-5,none,not assessed,short,step,2,no,0,middle,no,no,no,
Kabalevsky T08,18,8,4.5,E5,76,ɪ,derived from Bozeman soprano,0.455,above,D4,13.96,inside,13,-2,none,not assessed,short,leap-up,3,no,0,middle,yes,no,no,highest of phrase
Kabalevsky T08,18,9,1,D5,74,e,Bozeman soprano midpoint,1.818,crossing,D4,12.5,inside,11,-4,none,not assessed,short,step,-2,no,0,middle,no,no,no,crossing
Kabalevsky T08,18,9,3,D5,74,e,Bozeman soprano midpoint,0.455,crossing,D4,12.5,inside,11,-4,none,not assessed,short,tie,0,no,0,last,no,no,no,crossing
Kabalevsky T08,18,9,4.5,D5,74,i,Bozeman soprano midpoint,0.455,above,G3,19.5,inside,11,-4,none,not assessed,short,repeated,0,yes,1,first,no,no,no,
Kabalevsky T08,18,10,1,D5,74,ɛ,Bozeman soprano midpoint,0.455,close,D#4,11.5,inside,11,-4,none,not assessed,short,repeated,0,no,1,middle,no,no,no,
Kabalevsky T08,18,10,1.5,B4,71,i,Bozeman soprano midpoint,0.455,above,G3,16.5,inside,8,-7,none,not assessed,short,leap-down,-3,no,1,middle,no,no,no,
Kabalevsky T08,18,10,2,B4,71,i,Bozeman soprano midpoint,0.455,above,G3,16.5,inside,8,-7,none,not assessed,short,repeated,0,no,1,middle,no,no,no,
Kabalevsky T08,18,10,2.5,D5,74,i,Bozeman soprano midpoint,0.455,above,G3,19.5,inside,11,-4,none,not assessed,short,leap-up,3,no,1,middle,no,no,no,
Kabalevsky T08,18,10,3,G5,79,o,Bozeman soprano midpoint,0.455,above,D4,17.5,above secondo,16,1,none,not assessed,short,leap-up,5,no,1,middle,yes,yes,yes,highest of phrase
Kabalevsky T08,18,10,3.5,F#5,78,ɨ,derived from Bozeman soprano,0.455,above,C4,18.11,inside,15,0,none,not assessed,short,step,-1,no,1,middle,no,yes,no,
Kabalevsky T08,18,10,4,F#5,78,o,Bozeman soprano midpoint,0.455,above,D4,16.5,inside,15,0,none,not assessed,short,repeated,0,no,1,middle,no,yes,no,
Kabalevsky T08,18,10,4.5,G5,79,ɑ,Bozeman soprano midpoint,0.455,above,E4,14.5,above secondo,16,1,none,not assessed,short,step,1,no,1,middle,yes,yes,yes,highest of phrase
Kabalevsky T08,18,11,1,E5,76,ɛ,Bozeman soprano midpoint,1.818,above,D#4,13.5,inside,13,-2,none,not assessed,short,leap-down,-3,no,1,middle,no,no,no,
Kabalevsky T08,18,11,3,E5,76,ɛ,Bozeman soprano midpoint,0.455,above,D#4,13.5,inside,13,-2,none,not assessed,short,tie,0,no,1,middle,no,no,no,
Kabalevsky T08,18,11,3.5,B4,71,ɨ,derived from Bozeman soprano,0.455,close,C4,11.11,inside,8,-7,none,not assessed,short,leap-down,-5,no,1,middle,no,no,no,
Kabalevsky T08,18,11,4,B4,71,ʌ,derived from Bozeman soprano,0.455,close,E4,6.5,inside,8,-7,none,not assessed,short,repeated,0,no,1,middle,no,no,no,
Kabalevsky T08,18,11,4.5,B4,71,u,Bozeman soprano midpoint,0.455,above,G#3,15,inside,8,-7,none,not assessed,short,repeated,0,no,1,middle,no,no,no,
Kabalevsky T08,18,12,1,C5,72,ɛ,Bozeman soprano midpoint,1.364,close,D#4,9.5,inside,9,-6,none,not assessed,short,step,1,no,1,middle,no,no,no,
Kabalevsky T08,18,12,2.5,B4,71,ɑ,Bozeman soprano midpoint,0.455,close,E4,6.5,inside,8,-7,none,not assessed,short,step,-1,no,1,middle,no,no,no,
Kabalevsky T08,18,12,3,E5,76,ɨ,derived from Bozeman soprano,0.455,above,C4,16.11,inside,13,-2,none,not assessed,short,leap-up,5,no,1,middle,no,no,no,
Kabalevsky T08,18,12,3.5,C5,72,ɨ,derived from Bozeman soprano,0.455,crossing,C4,12.11,inside,9,-6,none,not assessed,short,leap-down,-4,no,1,middle,no,no,no,crossing
Kabalevsky T08,18,12,4,C5,72,ɪ,derived from Bozeman soprano,0.455,close,D4,9.96,inside,9,-6,none,not assessed,short,repeated,0,no,1,middle,no,no,no,
Kabalevsky T08,18,12,4.5,A4,69,ɑ,Bozeman soprano midpoint,0.455,close,E4,4.5,inside,6,-9,none,not assessed,short,leap-down,-3,no,1,middle,no,no,no,
Kabalevsky T08,18,13,1,B4,71,e,Bozeman soprano midpoint,1.818,close,D4,9.5,inside,8,-7,none,not assessed,short,step,2,no,1,middle,no,no,no,
Kabalevsky T08,18,13,3,B4,71,e,Bozeman soprano midpoint,0.455,close,D4,9.5,inside,8,-7,none,not assessed,short,tie,0,no,1,last,no,no,no,
Kabalevsky T08,18,13,3.5,B4,71,ɑ,Bozeman soprano midpoint,0.455,close,E4,6.5,inside,8,-7,none,not assessed,short,repeated,0,no,2,first,no,no,no,
Kabalevsky T08,18,13,4,D#5,75,ɪ,derived from Bozeman soprano,0.455,above,D4,12.96,inside,12,-3,none,not assessed,short,leap-up,4,no,2,middle,no,no,no,
Kabalevsky T08,18,13,4.5,F#5,78,ɑ,Bozeman soprano midpoint,0.455,above,E4,13.5,inside,15,0,none,not assessed,short,leap-up,3,no,2,middle,no,yes,no,
Kabalevsky T08,18,14,1,E5,76,u,Bozeman soprano midpoint,1.364,above,G#3,20,inside,13,-2,none,not assessed,short,step,-2,no,2,middle,no,no,no,
Kabalevsky T08,18,14,2.5,C5,72,u,Bozeman soprano midpoint,0.455,above,G#3,16,inside,9,-6,none,not assessed,short,leap-down,-4,no,2,middle,no,no,no,
Kabalevsky T08,18,14,3,B4,71,ɑ,Bozeman soprano midpoint,0.455,close,E4,6.5,inside,8,-7,none,not assessed,short,step,-1,no,2,middle,no,no,no,
Kabalevsky T08,18,14,3.5,B4,71,i,Bozeman soprano midpoint,0.455,above,G3,16.5,inside,8,-7,none,not assessed,short,repeated,0,no,2,middle,no,no,no,
Kabalevsky T08,18,14,4,D#5,75,ɛ,Bozeman soprano midpoint,0.455,crossing,D#4,12.5,inside,12,-3,none,not assessed,short,leap-up,4,no,2,middle,no,no,no,crossing
Kabalevsky T08,18,14,4.5,F#5,78,ɨ,derived from Bozeman soprano,0.455,above,C4,18.11,inside,15,0,none,not assessed,short,leap-up,3,no,2,middle,no,yes,no,
Kabalevsky T08,18,15,1,E5,76,ɛ,Bozeman soprano midpoint,1.818,above,D#4,13.5,inside,13,-2,none,not assessed,short,step,-2,no,2,middle,no,no,no,
Kabalevsky T08,18,15,3,E5,76,ɛ,Bozeman soprano midpoint,0.455,above,D#4,13.5,inside,13,-2,none,not assessed,short,tie,0,no,2,middle,no,no,no,
Kabalevsky T08,18,15,3.5,E5,76,ɑ,Bozeman soprano midpoint,0.455,crossing,E4,11.5,inside,13,-2,none,not assessed,short,repeated,0,no,2,middle,no,no,no,crossing
Kabalevsky T08,18,15,4,F#5,78,e,Bozeman soprano midpoint,0.455,above,D4,16.5,inside,15,0,none,not assessed,short,step,2,no,2,middle,no,yes,no,
Kabalevsky T08,18,15,4.5,G5,79,u,Bozeman soprano midpoint,0.455,above,G#3,23,above secondo,16,1,none,not assessed,short,step,1,no,2,middle,yes,yes,yes,highest of phrase
Kabalevsky T08,18,16,1,F#5,78,i,Bozeman soprano midpoint,1.364,above,G3,23.5,inside,15,0,none,not assessed,short,step,-1,no,2,middle,no,yes,no,
Kabalevsky T08,18,16,2.5,C#5,73,ɨ,derived from Bozeman soprano,0.455,above,C4,13.11,inside,10,-5,none,not assessed,short,leap-down,-5,no,2,middle,no,no,no,
Kabalevsky T08,18,16,3,E5,76,ɑ,Bozeman soprano midpoint,0.455,crossing,E4,11.5,inside,13,-2,none,not assessed,short,leap-up,3,no,2,middle,no,no,no,crossing
Kabalevsky T08,18,16,3.5,E5,76,ɑ,Bozeman soprano midpoint,0.455,crossing,E4,11.5,inside,13,-2,none,not assessed,short,repeated,0,no,2,middle,no,no,no,crossing
Kabalevsky T08,18,16,4,F#5,78,u,Bozeman soprano midpoint,0.455,above,G#3,22,inside,15,0,none,not assessed,short,step,2,no,2,middle,no,yes,no,
Kabalevsky T08,18,16,4.5,G5,79,ɑ,Bozeman soprano midpoint,0.455,above,E4,14.5,above secondo,16,1,none,not assessed,short,step,1,no,2,middle,yes,yes,yes,highest of phrase
Kabalevsky T08,18,17,1,F#5,78,e,Bozeman soprano midpoint,3.636,above,D4,16.5,inside,15,0,none,not assessed,held,step,-1,no,2,middle,no,yes,yes,held
Kabalevsky T08,18,18,1,F#5,78,e,Bozeman soprano midpoint,0.455,above,D4,16.5,inside,15,0,none,not assessed,held,tie,0,no,2,last,no,yes,yes,held
Kabalevsky T08,18,18,3.5,A4,69,ɑ,Bozeman soprano midpoint,0.455,close,E4,4.5,inside,6,-9,none,not assessed,short,leap-down,-9,yes,3,first,no,no,no,
Kabalevsky T08,18,18,4,G#4,68,ɪ,derived from Bozeman soprano,0.455,close,D4,5.96,inside,5,-10,none,not assessed,short,step,-1,no,3,middle,no,no,no,
Kabalevsky T08,18,18,4.5,B4,71,ɑ,Bozeman soprano midpoint,0.455,close,E4,6.5,inside,8,-7,none,not assessed,short,leap-up,3,no,3,middle,no,no,no,
Kabalevsky T08,18,19,1,A4,69,u,Bozeman soprano midpoint,1.364,above,G#3,13,inside,6,-9,none,not assessed,short,step,-2,no,3,middle,no,no,no,
Kabalevsky T08,18,19,2.5,F#4,66,o,Bozeman soprano midpoint,0.455,close,D4,4.5,inside,3,-12,none,not assessed,short,leap-down,-3,no,3,middle,no,no,no,
Kabalevsky T08,18,19,3,D5,74,ɛ,Bozeman soprano midpoint,0.455,close,D#4,11.5,inside,11,-4,none,not assessed,short,leap-up,8,no,3,middle,no,no,no,
Kabalevsky T08,18,19,3.5,C#5,73,ʌ,derived from Bozeman soprano,0.455,close,E4,8.5,inside,10,-5,none,not assessed,short,step,-1,no,3,middle,no,no,no,
Kabalevsky T08,18,19,4,C#5,73,e,Bozeman soprano midpoint,0.455,close,D4,11.5,inside,10,-5,none,not assessed,short,repeated,0,no,3,middle,no,no,no,
Kabalevsky T08,18,19,4.5,D5,74,i,Bozeman soprano midpoint,0.455,above,G3,19.5,inside,11,-4,none,not assessed,short,step,1,no,3,middle,no,no,no,
Kabalevsky T08,18,20,1,B4,71,o,Bozeman soprano midpoint,1.818,close,D4,9.5,inside,8,-7,none,not assessed,held,leap-down,-3,no,3,middle,no,no,no,held
Kabalevsky T08,18,20,3,B4,71,o,Bozeman soprano midpoint,1.364,close,D4,9.5,inside,8,-7,none,not assessed,held,tie,0,no,3,middle,no,no,no,held
Kabalevsky T08,18,20,4.5,B4,71,i,Bozeman soprano midpoint,0.455,above,G3,16.5,inside,8,-7,none,not assessed,short,repeated,0,no,3,middle,no,no,no,
Kabalevsky T08,18,21,1,C#5,73,ɑ,Bozeman soprano midpoint,0.455,close,E4,8.5,inside,10,-5,none,not assessed,short,step,2,no,3,middle,no,no,no,
Kabalevsky T08,18,21,1.5,D5,74,ʌ,derived from Bozeman soprano,0.455,close,E4,9.5,inside,11,-4,none,not assessed,short,step,1,no,3,middle,no,no,no,
Kabalevsky T08,18,21,2,C#5,73,ʌ,derived from Bozeman soprano,0.455,close,E4,8.5,inside,10,-5,none,not assessed,short,step,-1,no,3,middle,no,no,no,
Kabalevsky T08,18,21,2.5,B4,71,i,Bozeman soprano midpoint,0.455,above,G3,16.5,inside,8,-7,none,not assessed,short,step,-2,no,3,middle,no,no,no,
Kabalevsky T08,18,21,3,E5,76,ɑ,Bozeman soprano midpoint,0.455,crossing,E4,11.5,inside,13,-2,none,not assessed,short,leap-up,5,no,3,middle,yes,no,no,highest of phrase; crossing
Kabalevsky T08,18,21,3.5,D5,74,ʌ,derived from Bozeman soprano,0.455,close,E4,9.5,inside,11,-4,none,not assessed,short,step,-2,no,3,middle,no,no,no,
Kabalevsky T08,18,21,4,C#5,73,o,Bozeman soprano midpoint,0.455,close,D4,11.5,inside,10,-5,none,not assessed,short,step,-1,no,3,middle,no,no,no,
Kabalevsky T08,18,21,4.5,B4,71,i,Bozeman soprano midpoint,0.455,above,G3,16.5,inside,8,-7,none,not assessed,short,step,-2,no,3,middle,no,no,no,
Kabalevsky T08,18,22,1,C#5,73,o,Bozeman soprano midpoint,1.818,close,D4,11.5,inside,10,-5,none,not assessed,short,step,2,no,3,middle,no,no,no,
Kabalevsky T08,18,22,3,C#5,73,o,Bozeman soprano midpoint,0.455,close,D4,11.5,inside,10,-5,none,not assessed,short,tie,0,no,3,middle,no,no,no,
Kabalevsky T08,18,22,3.5,A4,69,u,Bozeman soprano midpoint,0.455,above,G#3,13,inside,6,-9,none,not assessed,short,leap-down,-4,no,3,middle,no,no,no,
Kabalevsky T08,18,22,4,C#5,73,ɑ,Bozeman soprano midpoint,0.455,close,E4,8.5,inside,10,-5,none,not assessed,short,leap-up,4,no,3,middle,no,no,no,
Kabalevsky T08,18,22,4.5,E5,76,ɑ,Bozeman soprano midpoint,0.455,crossing,E4,11.5,inside,13,-2,none,not assessed,short,leap-up,3,no,3,middle,yes,no,no,highest of phrase; crossing
Kabalevsky T08,18,23,1,D5,74,u,Bozeman soprano midpoint,1.364,above,G#3,18,inside,11,-4,none,not assessed,short,step,-2,no,3,middle,no,no,no,
Kabalevsky T08,18,23,2.5,B4,71,ɑ,Bozeman soprano midpoint,0.455,close,E4,6.5,inside,8,-7,none,not assessed,short,leap-down,-3,no,3,middle,no,no,no,
Kabalevsky T08,18,23,3,A4,69,i,Bozeman soprano midpoint,0.455,above,G3,14.5,inside,6,-9,none,not assessed,short,step,-2,no,3,middle,no,no,no,
Kabalevsky T08,18,23,3.5,G4,67,i,Bozeman soprano midpoint,0.455,crossing,G3,12.5,inside,4,-11,none,not assessed,short,step,-2,no,3,middle,no,no,no,crossing
Kabalevsky T08,18,23,4,B4,71,o,Bozeman soprano midpoint,0.455,close,D4,9.5,inside,8,-7,none,not assessed,short,leap-up,4,no,3,middle,no,no,no,
Kabalevsky T08,18,23,4.5,F#4,66,ɨ,derived from Bozeman soprano,0.455,close,C4,6.11,inside,3,-12,none,not assessed,short,leap-down,-5,no,3,middle,no,no,no,
Kabalevsky T08,18,24,1,B4,71,o,Bozeman soprano midpoint,1.818,close,D4,9.5,inside,8,-7,none,not assessed,short,leap-up,5,no,3,middle,no,no,no,
Kabalevsky T08,18,24,3,B4,71,o,Bozeman soprano midpoint,0.455,close,D4,9.5,inside,8,-7,none,not assessed,short,tie,0,no,3,middle,no,no,no,
Kabalevsky T08,18,24,3.5,E4,64,ɑ,Bozeman soprano midpoint,0.455,open,E4,-0.5,inside,1,-14,none,not assessed,short,leap-down,-7,no,3,middle,no,yes,no,
Kabalevsky T08,18,24,4,G4,67,o,Bozeman soprano midpoint,0.455,close,D4,5.5,inside,4,-11,none,not assessed,short,leap-up,3,no,3,middle,no,no,no,
Kabalevsky T08,18,24,4.5,B4,71,ɨ,derived from Bozeman soprano,0.455,close,C4,11.11,inside,8,-7,none,not assessed,short,leap-up,4,no,3,middle,no,no,no,
Kabalevsky T08,18,25,1,C#5,73,ɑ,Bozeman soprano midpoint,0.455,close,E4,8.5,inside,10,-5,none,not assessed,short,step,2,no,3,middle,no,no,no,
Kabalevsky T08,18,25,1.5,B4,71,ɪ,derived from Bozeman soprano,0.455,close,D4,8.96,inside,8,-7,none,not assessed,short,step,-2,no,3,middle,no,no,no,
Kabalevsky T08,18,25,2,A4,69,i,Bozeman soprano midpoint,0.455,above,G3,14.5,inside,6,-9,none,not assessed,short,step,-2,no,3,middle,no,no,no,
Kabalevsky T08,18,25,2.5,B4,71,ɑ,Bozeman soprano midpoint,0.455,close,E4,6.5,inside,8,-7,none,not assessed,short,step,2,no,3,middle,no,no,no,
Kabalevsky T08,18,25,3,C#5,73,ɑ,Bozeman soprano midpoint,1.364,close,E4,8.5,inside,10,-5,none,not assessed,short,step,2,no,3,middle,no,no,no,
Kabalevsky T08,18,25,4.5,E5,76,u,Bozeman soprano midpoint,0.455,above,G#3,20,inside,13,-2,none,not assessed,short,leap-up,3,no,3,middle,yes,no,no,highest of phrase
Kabalevsky T08,18,26,1,A4,69,o,Bozeman soprano midpoint,1.818,close,D4,7.5,inside,6,-9,none,not assessed,short,leap-down,-7,no,3,middle,no,no,no,
Kabalevsky T08,18,26,3,A4,69,o,Bozeman soprano midpoint,0.455,close,D4,7.5,inside,6,-9,none,not assessed,short,tie,0,no,3,last,no,no,no,
Kabalevsky T08,18,26,3.5,A4,69,ɑ,Bozeman soprano midpoint,0.455,close,E4,4.5,inside,6,-9,none,not assessed,short,repeated,0,no,4,first,no,no,no,
Kabalevsky T08,18,26,4,A4,69,ɪ,derived from Bozeman soprano,0.455,close,D4,6.96,inside,6,-9,none,not assessed,short,repeated,0,no,4,middle,no,no,no,
Kabalevsky T08,18,26,4.5,A4,69,ɑ,Bozeman soprano midpoint,0.455,close,E4,4.5,inside,6,-9,none,not assessed,short,repeated,0,no,4,middle,no,no,no,
Kabalevsky T08,18,27,1,A4,69,u,Bozeman soprano midpoint,1.818,above,G#3,13,inside,6,-9,none,not assessed,short,repeated,0,no,4,middle,no,no,no,
Kabalevsky T08,18,27,3,A4,69,u,Bozeman soprano midpoint,0.455,above,G#3,13,inside,6,-9,none,not assessed,short,tie,0,no,4,middle,no,no,no,
Kabalevsky T08,18,27,3.5,A4,69,o,Bozeman soprano midpoint,0.455,close,D4,7.5,inside,6,-9,none,not assessed,short,repeated,0,no,4,middle,no,no,no,
Kabalevsky T08,18,27,4,A4,69,ɨ,derived from Bozeman soprano,0.455,close,C4,9.11,inside,6,-9,none,not assessed,short,repeated,0,no,4,middle,no,no,no,
Kabalevsky T08,18,27,4.5,A4,69,ɑ,Bozeman soprano midpoint,0.455,close,E4,4.5,inside,6,-9,none,not assessed,short,repeated,0,no,4,middle,no,no,no,
Kabalevsky T08,18,28,1,A4,69,e,Bozeman soprano midpoint,1.364,close,D4,7.5,inside,6,-9,none,not assessed,short,repeated,0,no,4,middle,no,no,no,
Kabalevsky T08,18,28,2.5,G#4,68,ɑ,Bozeman soprano midpoint,0.455,close,E4,3.5,inside,5,-10,none,not assessed,short,step,-1,no,4,middle,no,no,no,
Kabalevsky T08,18,28,3,A4,69,o,Bozeman soprano midpoint,1.818,close,D4,7.5,inside,6,-9,none,not assessed,short,step,1,no,4,middle,no,no,no,
Kabalevsky T08,18,29,1,C5,72,ɨ,derived from Bozeman soprano,0.909,crossing,C4,12.11,inside,9,-6,none,not assessed,short,leap-up,3,no,4,middle,no,no,no,crossing
Kabalevsky T08,18,29,2,B4,71,ɪ,derived from Bozeman soprano,0.455,close,D4,8.96,inside,8,-7,none,not assessed,short,step,-1,no,4,middle,no,no,no,
Kabalevsky T08,18,29,2.5,A4,69,ɑ,Bozeman soprano midpoint,0.455,close,E4,4.5,inside,6,-9,none,not assessed,short,step,-2,no,4,middle,no,no,no,
Kabalevsky T08,18,29,3,B4,71,ɑ,Bozeman soprano midpoint,0.455,close,E4,6.5,inside,8,-7,none,not assessed,short,step,2,no,4,middle,no,no,no,
Kabalevsky T08,18,29,3.5,E5,76,i,Bozeman soprano midpoint,0.455,above,G3,21.5,inside,13,-2,none,not assessed,short,leap-up,5,no,4,middle,no,no,no,
Kabalevsky T08,18,29,4,F#5,78,ɑ,Bozeman soprano midpoint,0.455,above,E4,13.5,inside,15,0,none,not assessed,short,step,2,no,4,middle,no,yes,no,
Kabalevsky T08,18,29,4.5,G5,79,ɑ,Bozeman soprano midpoint,0.455,above,E4,14.5,above secondo,16,1,none,not assessed,short,step,1,no,4,middle,yes,yes,yes,highest of phrase
Kabalevsky T08,18,30,1,F#5,78,ɛ,Bozeman soprano midpoint,1.364,above,D#4,15.5,inside,15,0,none,not assessed,short,step,-1,no,4,middle,no,yes,no,
Kabalevsky T08,18,30,2.5,C#5,73,u,Bozeman soprano midpoint,0.455,above,G#3,17,inside,10,-5,none,not assessed,short,leap-down,-5,no,4,middle,no,no,no,
Kabalevsky T08,18,30,3,D5,74,o,Bozeman soprano midpoint,1.818,crossing,D4,12.5,inside,11,-4,none,not assessed,short,step,1,no,4,middle,no,no,no,crossing
Kabalevsky T08,18,31,1,D5,74,o,Bozeman soprano midpoint,0.455,crossing,D4,12.5,inside,11,-4,none,not assessed,short,tie,0,no,4,last,no,no,no,crossing
Kabalevsky T09,16,4,4.5,D5,74,u,Bozeman soprano midpoint,0.357,above,G#3,18,inside,11,-4,none,not assessed,short,first note,,,0,first,no,no,no,
Kabalevsky T09,16,5,1,D#5,75,ɛ,Bozeman soprano midpoint,0.357,crossing,D#4,12.5,inside,12,-3,none,not assessed,short,step,1,no,0,middle,no,no,no,crossing
Kabalevsky T09,16,5,1.5,D5,74,i,Bozeman soprano midpoint,0.357,above,G3,19.5,inside,11,-4,none,not assessed,short,step,-1,no,0,middle,no,no,no,
Kabalevsky T09,16,5,2,D5,74,ɨ,derived from Bozeman soprano,0.357,above,C4,14.11,inside,11,-4,none,not assessed,short,repeated,0,no,0,middle,no,no,no,
Kabalevsky T09,16,5,2.5,D#5,75,ɑ,Bozeman soprano midpoint,0.357,close,E4,10.5,inside,12,-3,none,not assessed,short,step,1,no,0,middle,no,no,no,
Kabalevsky T09,16,5,3,D#5,75,u,Bozeman soprano midpoint,0.357,above,G#3,19,inside,12,-3,none,not assessed,short,repeated,0,no,0,middle,no,no,no,
Kabalevsky T09,16,5,3.5,C5,72,i,Bozeman soprano midpoint,0.357,above,G3,17.5,inside,9,-6,none,not assessed,short,leap-down,-3,no,0,middle,no,no,no,
Kabalevsky T09,16,5,4,C#5,73,ɑ,Bozeman soprano midpoint,0.357,close,E4,8.5,inside,10,-5,none,not assessed,short,step,1,no,0,middle,no,no,no,
Kabalevsky T09,16,5,4.5,D5,74,i,Bozeman soprano midpoint,0.357,above,G3,19.5,inside,11,-4,none,not assessed,short,step,1,no,0,middle,no,no,no,
Kabalevsky T09,16,6,1,F5,77,e,Bozeman soprano midpoint,2.143,above,D4,15.5,inside,14,-1,none,not assessed,short,leap-up,3,no,0,last,yes,yes,yes,highest of phrase
Kabalevsky T09,16,6,4.5,D5,74,i,Bozeman soprano midpoint,0.357,above,G3,19.5,inside,11,-4,none,not assessed,short,leap-down,-3,yes,1,first,no,no,no,
Kabalevsky T09,16,7,1,F5,77,e,Bozeman soprano midpoint,0.357,above,D4,15.5,inside,14,-1,none,not assessed,short,leap-up,3,no,1,middle,yes,yes,yes,highest of phrase
Kabalevsky T09,16,7,1.5,D#5,75,ɑ,Bozeman soprano midpoint,0.357,close,E4,10.5,inside,12,-3,none,not assessed,short,step,-2,no,1,middle,no,no,no,
Kabalevsky T09,16,7,2,D5,74,ɑ,Bozeman soprano midpoint,0.357,close,E4,9.5,inside,11,-4,none,not assessed,short,step,-1,no,1,middle,no,no,no,
Kabalevsky T09,16,7,2.5,D#5,75,e,Bozeman soprano midpoint,0.357,above,D4,13.5,inside,12,-3,none,not assessed,short,step,1,no,1,middle,no,no,no,
Kabalevsky T09,16,7,3,D5,74,i,Bozeman soprano midpoint,0.357,above,G3,19.5,inside,11,-4,none,not assessed,short,step,-1,no,1,middle,no,no,no,
Kabalevsky T09,16,7,3.5,A#4,70,ɑ,Bozeman soprano midpoint,0.357,close,E4,5.5,inside,7,-8,none,not assessed,short,leap-down,-4,no,1,middle,no,no,no,
Kabalevsky T09,16,7,4,A#4,70,o,Bozeman soprano midpoint,0.357,close,D4,8.5,inside,7,-8,none,not assessed,short,repeated,0,no,1,middle,no,no,no,
Kabalevsky T09,16,7,4.5,C5,72,ɑ,Bozeman soprano midpoint,0.357,close,E4,7.5,inside,9,-6,none,not assessed,short,step,2,no,1,middle,no,no,no,
Kabalevsky T09,16,8,1,G#4,68,o,Bozeman soprano midpoint,1.071,close,D4,6.5,inside,5,-10,none,not assessed,short,leap-down,-4,no,1,middle,no,no,no,
Kabalevsky T09,16,8,2.5,G4,67,ɪ,derived from Bozeman soprano,0.357,close,D4,4.96,inside,4,-11,none,not assessed,short,step,-1,no,1,last,no,no,no,
Kabalevsky T09,16,9,1,D#5,75,u,Bozeman soprano midpoint,0.714,above,G#3,19,inside,12,-3,none,not assessed,short,leap-up,8,yes,2,first,no,no,no,
Kabalevsky T09,16,9,2,D5,74,ɑ,Bozeman soprano midpoint,0.357,close,E4,9.5,inside,11,-4,none,not assessed,short,step,-1,no,2,middle,no,no,no,
Kabalevsky T09,16,9,2.5,D#5,75,o,Bozeman soprano midpoint,0.357,above,D4,13.5,inside,12,-3,none,not assessed,short,step,1,no,2,middle,no,no,no,
Kabalevsky T09,16,9,3,D#5,75,o,Bozeman soprano midpoint,0.357,above,D4,13.5,inside,12,-3,none,not assessed,short,repeated,0,no,2,middle,no,no,no,
Kabalevsky T09,16,9,3.5,C5,72,ʌ,derived from Bozeman soprano,0.357,close,E4,7.5,inside,9,-6,none,not assessed,short,leap-down,-3,no,2,middle,no,no,no,
Kabalevsky T09,16,9,4,C#5,73,i,Bozeman soprano midpoint,0.357,above,G3,18.5,inside,10,-5,none,not assessed,short,step,1,no,2,middle,no,no,no,
Kabalevsky T09,16,9,4.5,D5,74,ɑ,Bozeman soprano midpoint,0.357,close,E4,9.5,inside,11,-4,none,not assessed,short,step,1,no,2,middle,no,no,no,
Kabalevsky T09,16,10,1,F5,77,i,Bozeman soprano midpoint,1.071,above,G3,22.5,inside,14,-1,none,not assessed,short,leap-up,3,no,2,middle,yes,yes,yes,highest of phrase
Kabalevsky T09,16,10,2.5,D#5,75,ɑ,Bozeman soprano midpoint,0.357,close,E4,10.5,inside,12,-3,none,not assessed,short,step,-2,no,2,middle,no,no,no,
Kabalevsky T09,16,10,3,D5,74,e,Bozeman soprano midpoint,0.714,crossing,D4,12.5,inside,11,-4,none,not assessed,short,step,-1,no,2,last,no,no,no,crossing
Kabalevsky T09,16,10,4.5,C5,72,o,Bozeman soprano midpoint,0.357,close,D4,10.5,inside,9,-6,none,not assessed,short,step,-2,yes,3,first,no,no,no,
Kabalevsky T09,16,11,1,A#4,70,o,Bozeman soprano midpoint,0.357,close,D4,8.5,inside,7,-8,none,not assessed,short,step,-2,no,3,middle,no,no,no,
Kabalevsky T09,16,11,1.5,G#4,68,ʌ,derived from Bozeman soprano,0.357,close,E4,3.5,inside,5,-10,none,not assessed,short,step,-2,no,3,middle,no,no,no,
Kabalevsky T09,16,11,2,G4,67,ɪ,derived from Bozeman soprano,0.357,close,D4,4.96,inside,4,-11,none,not assessed,short,step,-1,no,3,middle,no,no,no,
Kabalevsky T09,16,11,2.5,F#4,66,ɑ,Bozeman soprano midpoint,0.357,close,E4,1.5,inside,3,-12,none,not assessed,short,step,-1,no,3,middle,no,no,no,turning pitch 0 to 2 st below
Kabalevsky T09,16,11,3,G4,67,e,Bozeman soprano midpoint,0.357,close,D4,5.5,inside,4,-11,none,not assessed,short,step,1,no,3,middle,no,no,no,
Kabalevsky T09,16,11,3.5,B4,71,i,Bozeman soprano midpoint,0.357,above,G3,16.5,inside,8,-7,none,not assessed,short,leap-up,4,no,3,middle,no,no,no,
Kabalevsky T09,16,11,4,D5,74,ɑ,Bozeman soprano midpoint,0.357,close,E4,9.5,inside,11,-4,none,not assessed,short,leap-up,3,no,3,middle,yes,no,no,highest of phrase
Kabalevsky T09,16,11,4.5,F4,65,i,Bozeman soprano midpoint,0.357,close,G3,10.5,inside,2,-13,none,not assessed,short,leap-down,-9,no,3,middle,no,no,no,
Kabalevsky T09,16,12,1,D#4,63,o,Bozeman soprano midpoint,1.071,close,D4,1.5,inside,0,-15,none,not assessed,short,step,-2,no,3,middle,no,yes,yes,turning pitch 0 to 2 st below
Kabalevsky T09,16,12,2.5,D#4,63,ɑ,Bozeman soprano midpoint,0.357,open,E4,-1.5,inside,0,-15,none,not assessed,short,repeated,0,no,3,last,no,yes,no,
Kabalevsky T09,16,13,3.5,D#4,63,i,Bozeman soprano midpoint,0.357,close,G3,8.5,inside,0,-15,none,not assessed,short,repeated,0,yes,4,first,no,yes,no,
Kabalevsky T09,16,13,4,D#4,63,ɛ,Bozeman soprano midpoint,0.357,close,D#4,0.5,inside,0,-15,none,not assessed,short,repeated,0,no,4,middle,no,yes,yes,turning pitch 0 to 2 st below
Kabalevsky T09,16,13,4.5,D#4,63,i,Bozeman soprano midpoint,0.357,close,G3,8.5,inside,0,-15,none,not assessed,short,repeated,0,no,4,middle,no,yes,no,
Kabalevsky T09,16,14,1,C5,72,o,Bozeman soprano midpoint,1.071,close,D4,10.5,inside,9,-6,none,not assessed,short,leap-up,9,no,4,middle,no,no,no,
Kabalevsky T09,16,14,2.5,C5,72,ɑ,Bozeman soprano midpoint,0.357,close,E4,7.5,inside,9,-6,none,not assessed,short,repeated,0,no,4,middle,no,no,no,
Kabalevsky T09,16,14,3,C5,72,o,Bozeman soprano midpoint,0.357,close,D4,10.5,inside,9,-6,none,not assessed,short,repeated,0,no,4,middle,no,no,no,
Kabalevsky T09,16,14,3.5,A#4,70,ɛ,Bozeman soprano midpoint,0.357,close,D#4,7.5,inside,7,-8,none,not assessed,short,step,-2,no,4,middle,no,no,no,
Kabalevsky T09,16,14,4,G#4,68,ɪ,derived from Bozeman soprano,0.357,close,D4,5.96,inside,5,-10,none,not assessed,short,step,-2,no,4,middle,no,no,no,
Kabalevsky T09,16,14,4.5,G4,67,ɑ,Bozeman soprano midpoint,0.357,close,E4,2.5,inside,4,-11,none,not assessed,short,step,-1,no,4,middle,no,no,no,
Kabalevsky T09,16,15,1,G#4,68,o,Bozeman soprano midpoint,1.429,close,D4,6.5,inside,5,-10,none,not assessed,short,step,1,no,4,middle,no,no,no,
Kabalevsky T09,16,15,3,G#4,68,o,Bozeman soprano midpoint,0.357,close,D4,6.5,inside,5,-10,none,not assessed,short,tie,0,no,4,middle,no,no,no,
Kabalevsky T09,16,15,3.5,F4,65,ɪ,derived from Bozeman soprano,0.357,close,D4,2.96,inside,2,-13,none,not assessed,short,leap-down,-3,no,4,middle,no,no,no,
Kabalevsky T09,16,15,4,F4,65,ʌ,derived from Bozeman soprano,0.357,close,E4,0.5,inside,2,-13,none,not assessed,short,repeated,0,no,4,middle,no,no,no,turning pitch 0 to 2 st below
Kabalevsky T09,16,15,4.5,F4,65,ɑ,Bozeman soprano midpoint,0.357,close,E4,0.5,inside,2,-13,none,not assessed,short,repeated,0,no,4,middle,no,no,no,turning pitch 0 to 2 st below
Kabalevsky T09,16,16,1,F5,77,i,Bozeman soprano midpoint,1.071,above,G3,22.5,inside,14,-1,none,not assessed,short,leap-up,12,no,4,middle,no,yes,no,
Kabalevsky T09,16,16,2.5,F#5,78,u,Bozeman soprano midpoint,0.357,above,G#3,22,inside,15,0,none,not assessed,short,step,1,no,4,middle,yes,yes,yes,highest of phrase
Kabalevsky T09,16,16,3,F5,77,ɑ,Bozeman soprano midpoint,0.357,above,E4,12.5,inside,14,-1,none,not assessed,short,step,-1,no,4,middle,no,yes,no,
Kabalevsky T09,16,16,3.5,C5,72,ɑ,Bozeman soprano midpoint,0.357,close,E4,7.5,inside,9,-6,none,not assessed,short,leap-down,-5,no,4,middle,no,no,no,
Kabalevsky T09,16,16,4,C#5,73,i,Bozeman soprano midpoint,0.357,above,G3,18.5,inside,10,-5,none,not assessed,short,step,1,no,4,middle,no,no,no,
Kabalevsky T09,16,16,4.5,C5,72,ɑ,Bozeman soprano midpoint,0.357,close,E4,7.5,inside,9,-6,none,not assessed,short,step,-1,no,4,middle,no,no,no,
Kabalevsky T09,16,17,1,C#5,73,ɑ,Bozeman soprano midpoint,1.071,close,E4,8.5,inside,10,-5,none,not assessed,short,step,1,no,4,middle,no,no,no,
Kabalevsky T09,16,17,2.5,A#4,70,ɨ,derived from Bozeman soprano,0.357,close,C4,10.11,inside,7,-8,none,not assessed,short,leap-down,-3,no,4,last,no,no,no,
Kabalevsky T09,16,17,4.5,G4,67,u,Bozeman soprano midpoint,0.357,close,G#3,11,inside,4,-11,none,not assessed,short,leap-down,-3,yes,5,first,no,no,no,
Kabalevsky T09,16,18,1,G#4,68,u,Bozeman soprano midpoint,0.536,crossing,G#3,12,inside,5,-10,none,not assessed,short,step,1,no,5,middle,no,no,no,crossing
Kabalevsky T09,16,18,1.75,G4,67,ɑ,Bozeman soprano midpoint,0.179,close,E4,2.5,inside,4,-11,none,not assessed,short,step,-1,no,5,middle,no,no,no,
Kabalevsky T09,16,18,2,G4,67,ɑ,Bozeman soprano midpoint,0.714,close,E4,2.5,inside,4,-11,none,not assessed,short,repeated,0,no,5,middle,no,no,no,
Kabalevsky T09,16,18,3,G4,67,ɑ,Bozeman soprano midpoint,0.357,close,E4,2.5,inside,4,-11,none,not assessed,short,tie,0,no,5,middle,no,no,no,
Kabalevsky T09,16,18,3.5,F#4,66,ɪ,derived from Bozeman soprano,0.357,close,D4,3.96,inside,3,-12,none,not assessed,short,step,-1,no,5,middle,no,no,no,
Kabalevsky T09,16,18,4,F#4,66,ʌ,derived from Bozeman soprano,0.357,close,E4,1.5,inside,3,-12,none,not assessed,short,repeated,0,no,5,middle,no,no,no,turning pitch 0 to 2 st below
Kabalevsky T09,16,18,4.5,G4,67,ɪ,derived from Bozeman soprano,0.357,close,D4,4.96,inside,4,-11,none,not assessed,short,step,1,no,5,middle,no,no,no,
Kabalevsky T09,16,19,1,C#5,73,ɨ,derived from Bozeman soprano,1.071,above,C4,13.11,inside,10,-5,none,not assessed,short,leap-up,6,no,5,middle,no,no,no,
Kabalevsky T09,16,19,2.5,G4,67,none resolved,not assessed,0.357,not assessed,not assessed,not assessed,inside,4,-11,not assessed,not assessed,short,leap-down,-6,no,5,middle,no,no,no,
Kabalevsky T09,16,19,3,C5,72,o,Bozeman soprano midpoint,1.071,close,D4,10.5,inside,9,-6,none,not assessed,short,leap-up,5,no,5,middle,no,no,no,
Kabalevsky T09,16,19,4.5,C5,72,ɑ,Bozeman soprano midpoint,0.357,close,E4,7.5,inside,9,-6,none,not assessed,short,repeated,0,no,5,middle,no,no,no,
Kabalevsky T09,16,20,1,F5,77,i,Bozeman soprano midpoint,1.071,above,G3,22.5,inside,14,-1,none,not assessed,short,leap-up,5,no,5,middle,yes,yes,yes,highest of phrase
Kabalevsky T09,16,20,2.5,C#5,73,ɨ,derived from Bozeman soprano,0.357,above,C4,13.11,inside,10,-5,none,not assessed,short,leap-down,-4,no,5,middle,no,no,no,
Kabalevsky T09,16,20,3,C5,72,u,Bozeman soprano midpoint,0.714,above,G#3,16,inside,9,-6,none,not assessed,short,step,-1,no,5,middle,no,no,no,
Kabalevsky T09,16,20,4,G#4,68,ʌ,derived from Bozeman soprano,0.714,close,E4,3.5,inside,5,-10,none,not assessed,short,leap-down,-4,no,5,middle,no,no,no,
Kabalevsky T09,16,21,1,F5,77,u,Bozeman soprano midpoint,0.357,above,G#3,21,inside,14,-1,none,not assessed,short,leap-up,9,no,5,middle,yes,yes,yes,highest of phrase
Kabalevsky T09,16,21,1.5,C#5,73,ʌ,derived from Bozeman soprano,0.357,close,E4,8.5,inside,10,-5,none,not assessed,short,leap-down,-4,no,5,middle,no,no,no,
Kabalevsky T09,16,21,2,C5,72,ɪ,derived from Bozeman soprano,0.357,close,D4,9.96,inside,9,-6,none,not assessed,short,step,-1,no,5,middle,no,no,no,
Kabalevsky T09,16,21,2.5,C#5,73,ɑ,Bozeman soprano midpoint,0.357,close,E4,8.5,inside,10,-5,none,not assessed,short,step,1,no,5,middle,no,no,no,
Kabalevsky T09,16,21,3,C5,72,ɑ,Bozeman soprano midpoint,1.071,close,E4,7.5,inside,9,-6,none,not assessed,short,step,-1,no,5,middle,no,no,no,
Kabalevsky T09,16,21,4.5,C5,72,ɨ,derived from Bozeman soprano,0.357,crossing,C4,12.11,inside,9,-6,none,not assessed,short,repeated,0,no,5,last,no,no,no,crossing
Kabalevsky T09,16,24,4.5,D5,74,ɑ,Bozeman soprano midpoint,0.357,close,E4,9.5,inside,11,-4,none,not assessed,short,step,2,yes,6,first,no,no,no,
Kabalevsky T09,16,25,1,D#5,75,ɑ,Bozeman soprano midpoint,1.071,close,E4,10.5,inside,12,-3,none,not assessed,short,step,1,no,6,middle,no,no,no,
Kabalevsky T09,16,25,2.5,D#5,75,i,Bozeman soprano midpoint,0.357,above,G3,20.5,inside,12,-3,none,not assessed,short,repeated,0,no,6,middle,no,no,no,
Kabalevsky T09,16,25,3,D#5,75,ɑ,Bozeman soprano midpoint,0.357,close,E4,10.5,inside,12,-3,none,not assessed,short,repeated,0,no,6,middle,no,no,no,
Kabalevsky T09,16,25,3.5,C5,72,o,Bozeman soprano midpoint,0.357,close,D4,10.5,inside,9,-6,none,not assessed,short,leap-down,-3,no,6,middle,no,no,no,
Kabalevsky T09,16,25,4,C#5,73,ɪ,derived from Bozeman soprano,0.357,close,D4,10.96,inside,10,-5,none,not assessed,short,step,1,no,6,middle,no,no,no,
Kabalevsky T09,16,25,4.5,D5,74,ɑ,Bozeman soprano midpoint,0.357,close,E4,9.5,inside,11,-4,none,not assessed,short,step,1,no,6,middle,no,no,no,
Kabalevsky T09,16,26,1,F5,77,e,Bozeman soprano midpoint,1.071,above,D4,15.5,inside,14,-1,none,not assessed,short,leap-up,3,no,6,middle,yes,yes,yes,highest of phrase
Kabalevsky T09,16,26,2.5,D#5,75,i,Bozeman soprano midpoint,0.357,above,G3,20.5,inside,12,-3,none,not assessed,short,step,-2,no,6,middle,no,no,no,
Kabalevsky T09,16,26,3,D5,74,i,Bozeman soprano midpoint,0.714,above,G3,19.5,inside,11,-4,none,not assessed,short,step,-1,no,6,last,no,no,no,
Kabalevsky T09,16,26,4.5,D5,74,ɑ,Bozeman soprano midpoint,0.357,close,E4,9.5,inside,11,-4,none,not assessed,short,repeated,0,yes,7,first,no,no,no,
Kabalevsky T09,16,27,1,F5,77,ɑ,Bozeman soprano midpoint,0.357,above,E4,12.5,inside,14,-1,none,not assessed,short,leap-up,3,no,7,middle,yes,yes,yes,highest of phrase
Kabalevsky T09,16,27,1.5,D#5,75,ɑ,Bozeman soprano midpoint,0.357,close,E4,10.5,inside,12,-3,none,not assessed,short,step,-2,no,7,middle,no,no,no,
Kabalevsky T09,16,27,2,D5,74,ɛ,Bozeman soprano midpoint,0.357,close,D#4,11.5,inside,11,-4,none,not assessed,short,step,-1,no,7,middle,no,no,no,
Kabalevsky T09,16,27,2.5,D#5,75,i,Bozeman soprano midpoint,0.357,above,G3,20.5,inside,12,-3,none,not assessed,short,step,1,no,7,middle,no,no,no,
Kabalevsky T09,16,27,3,D5,74,ɛ,Bozeman soprano midpoint,0.357,close,D#4,11.5,inside,11,-4,none,not assessed,short,step,-1,no,7,middle,no,no,no,
Kabalevsky T09,16,27,3.5,A#4,70,ɑ,Bozeman soprano midpoint,0.357,close,E4,5.5,inside,7,-8,none,not assessed,short,leap-down,-4,no,7,middle,no,no,no,
Kabalevsky T09,16,27,4,A#4,70,ʌ,derived from Bozeman soprano,0.357,close,E4,5.5,inside,7,-8,none,not assessed,short,repeated,0,no,7,middle,no,no,no,
Kabalevsky T09,16,27,4.5,C5,72,ɑ,Bozeman soprano midpoint,0.357,close,E4,7.5,inside,9,-6,none,not assessed,short,step,2,no,7,middle,no,no,no,
Kabalevsky T09,16,28,1,G#4,68,e,Bozeman soprano midpoint,1.071,close,D4,6.5,inside,5,-10,none,not assessed,short,leap-down,-4,no,7,middle,no,no,no,
Kabalevsky T09,16,28,2.5,G4,67,u,Bozeman soprano midpoint,0.357,close,G#3,11,inside,4,-11,none,not assessed,short,step,-1,no,7,last,no,no,no,
Kabalevsky T09,16,28,4.5,G4,67,ɑ,Bozeman soprano midpoint,0.357,close,E4,2.5,inside,4,-11,none,not assessed,short,repeated,0,yes,8,first,no,no,no,
Kabalevsky T09,16,29,1,G#4,68,ɑ,Bozeman soprano midpoint,1.071,close,E4,3.5,inside,5,-10,none,not assessed,short,step,1,no,8,middle,no,no,no,
Kabalevsky T09,16,29,2.5,F4,65,i,Bozeman soprano midpoint,0.357,close,G3,10.5,inside,2,-13,none,not assessed,short,leap-down,-3,no,8,middle,no,no,no,
Kabalevsky T09,16,29,3,C5,72,ɑ,Bozeman soprano midpoint,1.071,close,E4,7.5,inside,9,-6,none,not assessed,short,leap-up,7,no,8,last,yes,no,no,highest of phrase
Kabalevsky T09,16,29,4.5,G4,67,o,Bozeman soprano midpoint,0.357,close,D4,5.5,inside,4,-11,none,not assessed,short,leap-down,-5,no,9,first,no,no,no,
Kabalevsky T09,16,30,1,G#4,68,ɑ,Bozeman soprano midpoint,0.357,close,E4,3.5,inside,5,-10,none,not assessed,short,step,1,no,9,middle,no,no,no,
Kabalevsky T09,16,30,1.25,F4,65,u,Bozeman soprano midpoint,0.357,close,G#3,9,inside,2,-13,none,not assessed,short,leap-down,-3,no,9,middle,no,no,no,
Kabalevsky T09,16,30,1.5,G#4,68,ɑ,Bozeman soprano midpoint,0.357,close,E4,3.5,inside,5,-10,none,not assessed,short,leap-up,3,no,9,middle,no,no,no,
Kabalevsky T09,16,30,1.75,C5,72,ɑ,Bozeman soprano midpoint,0.357,close,E4,7.5,inside,9,-6,none,not assessed,short,leap-up,4,no,9,middle,no,no,no,
Kabalevsky T09,16,30,2,D5,74,i,Bozeman soprano midpoint,1.429,above,G3,19.5,inside,11,-4,none,not assessed,short,step,2,no,9,middle,no,no,no,
Kabalevsky T09,16,30,3,D5,74,i,Bozeman soprano midpoint,0.357,above,G3,19.5,inside,11,-4,none,not assessed,short,tie,0,no,9,middle,no,no,no,
Kabalevsky T09,16,30,3.25,D5,74,o,Bozeman soprano midpoint,0.357,crossing,D4,12.5,inside,11,-4,none,not assessed,short,repeated,0,no,9,middle,no,no,no,crossing
Kabalevsky T09,16,30,3.5,C#5,73,ɛ,Bozeman soprano midpoint,0.357,close,D#4,10.5,inside,10,-5,none,not assessed,short,step,-1,no,9,middle,no,no,no,
Kabalevsky T09,16,30,3.75,D5,74,ʌ,derived from Bozeman soprano,0.357,close,E4,9.5,inside,11,-4,none,not assessed,short,step,1,no,9,middle,no,no,no,
Kabalevsky T09,16,31,1,F5,77,ɑ,Bozeman soprano midpoint,1.071,above,E4,12.5,inside,14,-1,none,not assessed,short,leap-up,3,no,9,middle,yes,yes,yes,highest of phrase
Kabalevsky T09,16,31,2.5,D#5,75,ɛ,Bozeman soprano midpoint,0.357,crossing,D#4,12.5,inside,12,-3,none,not assessed,short,step,-2,no,9,middle,no,no,no,crossing
Kabalevsky T09,16,31,3,D5,74,ɛ,Bozeman soprano midpoint,0.357,close,D#4,11.5,inside,11,-4,none,not assessed,short,step,-1,no,9,middle,no,no,no,
Kabalevsky T09,16,31,3.5,D#5,75,ɪ,derived from Bozeman soprano,0.357,above,D4,12.96,inside,12,-3,none,not assessed,short,step,1,no,9,middle,no,no,no,
Kabalevsky T09,16,31,4,D5,74,o,Bozeman soprano midpoint,0.357,crossing,D4,12.5,inside,11,-4,none,not assessed,short,step,-1,no,9,middle,no,no,no,crossing
Kabalevsky T09,16,31,4.5,C5,72,o,Bozeman soprano midpoint,0.357,close,D4,10.5,inside,9,-6,none,not assessed,short,step,-2,no,9,middle,no,no,no,
Kabalevsky T09,16,32,1,B4,71,e,Bozeman soprano midpoint,1.071,close,D4,9.5,inside,8,-7,none,not assessed,short,step,-1,no,9,middle,no,no,no,
Kabalevsky T09,16,32,2.5,G4,67,ɛ,Bozeman soprano midpoint,0.357,close,D#4,4.5,inside,4,-11,none,not assessed,short,leap-down,-4,no,9,last,no,no,no,
Kabalevsky T09,16,32,4.5,G4,67,o,Bozeman soprano midpoint,0.357,close,D4,5.5,inside,4,-11,none,not assessed,short,repeated,0,yes,10,first,no,no,no,
Kabalevsky T09,16,33,1,G#4,68,ɛ,Bozeman soprano midpoint,1.071,close,D#4,5.5,inside,5,-10,none,not assessed,short,step,1,no,10,middle,no,no,no,
Kabalevsky T09,16,33,2.5,C5,72,ɪ,derived from Bozeman soprano,0.357,close,D4,9.96,inside,9,-6,none,not assessed,short,leap-up,4,no,10,middle,no,no,no,
Kabalevsky T09,16,33,3,B4,71,o,Bozeman soprano midpoint,1.071,close,D4,9.5,inside,8,-7,none,not assessed,short,step,-1,no,10,middle,no,no,no,
Kabalevsky T09,16,33,4.5,G4,67,ɑ,Bozeman soprano midpoint,0.357,close,E4,2.5,inside,4,-11,none,not assessed,short,leap-down,-4,no,10,middle,no,no,no,
Kabalevsky T09,16,34,1,G#4,68,e,Bozeman soprano midpoint,0.357,close,D4,6.5,inside,5,-10,none,not assessed,short,step,1,no,10,middle,no,no,no,
Kabalevsky T09,16,34,1.5,F4,65,ɑ,Bozeman soprano midpoint,0.357,close,E4,0.5,inside,2,-13,none,not assessed,short,leap-down,-3,no,10,middle,no,no,no,turning pitch 0 to 2 st below
Kabalevsky T09,16,34,2,C5,72,ɑ,Bozeman soprano midpoint,0.357,close,E4,7.5,inside,9,-6,none,not assessed,short,leap-up,7,no,10,middle,no,no,no,
Kabalevsky T09,16,34,2.5,D#5,75,ɪ,derived from Bozeman soprano,0.357,above,D4,12.96,inside,12,-3,none,not assessed,short,leap-up,3,no,10,middle,no,no,no,
Kabalevsky T09,16,34,3,D5,74,ɑ,Bozeman soprano midpoint,1.071,close,E4,9.5,inside,11,-4,none,not assessed,short,step,-1,no,10,middle,no,no,no,
Kabalevsky T09,16,34,4.5,G4,67,ɑ,Bozeman soprano midpoint,0.357,close,E4,2.5,inside,4,-11,none,not assessed,short,leap-down,-7,no,10,middle,no,no,no,
Kabalevsky T09,16,35,1,G5,79,e,Bozeman soprano midpoint,1.071,above,D4,17.5,above secondo,16,1,none,not assessed,short,leap-up,12,no,10,middle,yes,yes,yes,highest of phrase
Kabalevsky T09,16,35,2.5,F#5,78,u,Bozeman soprano midpoint,0.357,above,G#3,22,inside,15,0,none,not assessed,short,step,-1,no,10,middle,no,yes,no,
Kabalevsky T09,16,35,3,F5,77,i,Bozeman soprano midpoint,1.071,above,G3,22.5,inside,14,-1,none,not assessed,short,step,-1,no,10,middle,no,yes,no,
Kabalevsky T09,16,35,4.5,E5,76,i,Bozeman soprano midpoint,0.357,above,G3,21.5,inside,13,-2,none,not assessed,short,step,-1,no,10,middle,no,no,no,
Kabalevsky T09,16,36,1,D#5,75,ɨ,derived from Bozeman soprano,0.357,above,C4,15.11,inside,12,-3,none,not assessed,short,step,-1,no,10,middle,no,no,no,
Kabalevsky T09,16,36,1.5,D#5,75,none resolved,not assessed,0.357,not assessed,not assessed,not assessed,inside,12,-3,not assessed,not assessed,short,repeated,0,no,10,middle,no,no,no,
Kabalevsky T09,16,36,2,D#5,75,ʌ,derived from Bozeman soprano,0.357,close,E4,10.5,inside,12,-3,none,not assessed,short,repeated,0,no,10,middle,no,no,no,
Kabalevsky T09,16,36,2.5,D5,74,ɪ,derived from Bozeman soprano,0.357,crossing,D4,11.96,inside,11,-4,none,not assessed,short,step,-1,no,10,middle,no,no,no,crossing
Kabalevsky T09,16,36,3,C5,72,ɑ,Bozeman soprano midpoint,1.429,close,E4,7.5,inside,9,-6,none,not assessed,short,step,-2,no,10,last,no,no,no,
Kabalevsky T10,16,3,3,E4,64,u,Bozeman soprano midpoint,0.357,close,G#3,8,inside,1,-14,none,not assessed,short,first note,,,0,first,no,yes,no,
Kabalevsky T10,16,4,1,A4,69,ɨ,derived from Bozeman soprano,0.714,close,C4,9.11,inside,6,-9,none,not assessed,short,leap-up,5,no,0,middle,no,no,no,
Kabalevsky T10,16,4,3,B4,71,o,Bozeman soprano midpoint,0.357,close,D4,9.5,inside,8,-7,none,not assessed,short,step,2,no,0,middle,no,no,no,
Kabalevsky T10,16,5,1,C#5,73,i,Bozeman soprano midpoint,1.071,above,G3,18.5,inside,10,-5,none,not assessed,short,step,2,no,0,middle,no,no,no,
Kabalevsky T10,16,6,1,C#5,73,i,Bozeman soprano midpoint,0.714,above,G3,18.5,inside,10,-5,none,not assessed,short,tie,0,no,0,middle,no,no,no,
Kabalevsky T10,16,6,3,D5,74,ɪ,derived from Bozeman soprano,0.357,crossing,D4,11.96,inside,11,-4,none,not assessed,short,step,1,no,0,middle,yes,no,no,highest of phrase; crossing
Kabalevsky T10,16,7,1,C#5,73,e,Bozeman soprano midpoint,0.714,close,D4,11.5,inside,10,-5,none,not assessed,short,step,-1,no,0,middle,no,no,no,
Kabalevsky T10,16,7,3,B4,71,ɪ,derived from Bozeman soprano,0.357,close,D4,8.96,inside,8,-7,none,not assessed,short,step,-2,no,0,middle,no,no,no,
Kabalevsky T10,16,8,1,A4,69,ʌ,derived from Bozeman soprano,0.714,close,E4,4.5,inside,6,-9,none,not assessed,short,step,-2,no,0,middle,no,no,no,
Kabalevsky T10,16,8,3,G#4,68,i,Bozeman soprano midpoint,0.357,above,G3,13.5,inside,5,-10,none,not assessed,short,step,-1,no,0,middle,no,no,no,
Kabalevsky T10,16,9,1,F#4,66,o,Bozeman soprano midpoint,1.071,close,D4,4.5,inside,3,-12,none,not assessed,short,step,-2,no,0,middle,no,no,no,
Kabalevsky T10,16,10,1,F#4,66,o,Bozeman soprano midpoint,0.357,close,D4,4.5,inside,3,-12,none,not assessed,short,tie,0,no,0,last,no,no,no,
Kabalevsky T10,16,10,2.5,F#4,66,ʌ,derived from Bozeman soprano,0.179,close,E4,1.5,inside,3,-12,none,not assessed,short,repeated,0,yes,1,first,no,no,no,turning pitch 0 to 2 st below
Kabalevsky T10,16,10,3,F#4,66,ʌ,derived from Bozeman soprano,0.179,close,E4,1.5,inside,3,-12,none,not assessed,short,repeated,0,no,1,middle,no,no,no,turning pitch 0 to 2 st below
Kabalevsky T10,16,10,3.5,F#4,66,ɑ,Bozeman soprano midpoint,0.179,close,E4,1.5,inside,3,-12,none,not assessed,short,repeated,0,no,1,middle,no,no,no,turning pitch 0 to 2 st below
Kabalevsky T10,16,11,1,D5,74,ɑ,Bozeman soprano midpoint,0.536,close,E4,9.5,inside,11,-4,none,not assessed,short,leap-up,8,no,1,middle,yes,no,no,highest of phrase
Kabalevsky T10,16,11,2.5,C#5,73,ɪ,derived from Bozeman soprano,0.179,close,D4,10.96,inside,10,-5,none,not assessed,short,step,-1,no,1,middle,no,no,no,
Kabalevsky T10,16,11,3,B4,71,i,Bozeman soprano midpoint,0.179,above,G3,16.5,inside,8,-7,none,not assessed,short,step,-2,no,1,middle,no,no,no,
Kabalevsky T10,16,11,3.5,A4,69,i,Bozeman soprano midpoint,0.179,above,G3,14.5,inside,6,-9,none,not assessed,short,step,-2,no,1,middle,no,no,no,
Kabalevsky T10,16,12,1,G#4,68,ɛ,Bozeman soprano midpoint,0.714,close,D#4,5.5,inside,5,-10,none,not assessed,short,step,-1,no,1,middle,no,no,no,
Kabalevsky T10,16,12,3,F#4,66,ɪ,derived from Bozeman soprano,0.357,close,D4,3.96,inside,3,-12,none,not assessed,short,step,-2,no,1,middle,no,no,no,
Kabalevsky T10,16,13,1,G#4,68,ɑ,Bozeman soprano midpoint,0.714,close,E4,3.5,inside,5,-10,none,not assessed,short,step,2,no,1,middle,no,no,no,
Kabalevsky T10,16,13,3,G#4,68,ɨ,derived from Bozeman soprano,0.357,close,C4,8.11,inside,5,-10,none,not assessed,short,repeated,0,no,1,last,no,no,no,
Kabalevsky T10,16,14,2.5,G#4,68,ɪ,derived from Bozeman soprano,0.179,close,D4,5.96,inside,5,-10,none,not assessed,short,repeated,0,yes,2,first,no,no,no,
Kabalevsky T10,16,14,3,G#4,68,ʌ,derived from Bozeman soprano,0.179,close,E4,3.5,inside,5,-10,none,not assessed,short,repeated,0,no,2,middle,no,no,no,
Kabalevsky T10,16,14,3.5,G#4,68,i,Bozeman soprano midpoint,0.179,above,G3,13.5,inside,5,-10,none,not assessed,short,repeated,0,no,2,middle,no,no,no,
Kabalevsky T10,16,15,1,C#5,73,ɑ,Bozeman soprano midpoint,0.714,close,E4,8.5,inside,10,-5,none,not assessed,short,leap-up,5,no,2,middle,no,no,no,
Kabalevsky T10,16,15,3,C#5,73,i,Bozeman soprano midpoint,0.357,above,G3,18.5,inside,10,-5,none,not assessed,short,repeated,0,no,2,middle,no,no,no,
Kabalevsky T10,16,16,1,G4,67,ɛ,Bozeman soprano midpoint,0.714,close,D#4,4.5,inside,4,-11,none,not assessed,short,leap-down,-6,no,2,middle,no,no,no,
Kabalevsky T10,16,16,3,G4,67,o,Bozeman soprano midpoint,0.357,close,D4,5.5,inside,4,-11,none,not assessed,short,repeated,0,no,2,middle,no,no,no,
Kabalevsky T10,16,17,1,C#5,73,ɨ,derived from Bozeman soprano,0.714,above,C4,13.11,inside,10,-5,none,not assessed,short,leap-up,6,no,2,middle,no,no,no,
Kabalevsky T10,16,17,3,C#5,73,i,Bozeman soprano midpoint,0.357,above,G3,18.5,inside,10,-5,none,not assessed,short,repeated,0,no,2,middle,no,no,no,
Kabalevsky T10,16,18,1,G4,67,o,Bozeman soprano midpoint,0.714,close,D4,5.5,inside,4,-11,none,not assessed,short,leap-down,-6,no,2,middle,no,no,no,
Kabalevsky T10,16,18,3,G#4,68,i,Bozeman soprano midpoint,0.357,above,G3,13.5,inside,5,-10,none,not assessed,short,step,1,no,2,middle,no,no,no,
Kabalevsky T10,16,19,1,D#5,75,o,Bozeman soprano midpoint,0.714,above,D4,13.5,inside,12,-3,none,not assessed,short,leap-up,7,no,2,middle,yes,no,no,highest of phrase
Kabalevsky T10,16,19,3,C#5,73,ʌ,derived from Bozeman soprano,0.357,close,E4,8.5,inside,10,-5,none,not assessed,short,step,-2,no,2,middle,no,no,no,
Kabalevsky T10,16,20,1,G#4,68,o,Bozeman soprano midpoint,0.536,close,D4,6.5,inside,5,-10,none,not assessed,short,leap-down,-5,no,2,middle,no,no,no,
Kabalevsky T10,16,20,2.5,G#4,68,ɨ,derived from Bozeman soprano,0.179,close,C4,8.11,inside,5,-10,none,not assessed,short,repeated,0,no,2,middle,no,no,no,
Kabalevsky T10,16,20,3,G#4,68,ʌ,derived from Bozeman soprano,0.179,close,E4,3.5,inside,5,-10,none,not assessed,short,repeated,0,no,2,middle,no,no,no,
Kabalevsky T10,16,20,3.5,G#4,68,ɪ,derived from Bozeman soprano,0.179,close,D4,5.96,inside,5,-10,none,not assessed,short,repeated,0,no,2,middle,no,no,no,
Kabalevsky T10,16,21,1,D#5,75,ɑ,Bozeman soprano midpoint,0.714,close,E4,10.5,inside,12,-3,none,not assessed,short,leap-up,7,no,2,middle,yes,no,no,highest of phrase
Kabalevsky T10,16,21,3,C#5,73,i,Bozeman soprano midpoint,0.357,above,G3,18.5,inside,10,-5,none,not assessed,short,step,-2,no,2,middle,no,no,no,
Kabalevsky T10,16,22,1,G#4,68,ɑ,Bozeman soprano midpoint,0.714,close,E4,3.5,inside,5,-10,none,not assessed,short,leap-down,-5,no,2,middle,no,no,no,
Kabalevsky T10,16,22,3,G#4,68,ɨ,derived from Bozeman soprano,0.357,close,C4,8.11,inside,5,-10,none,not assessed,short,repeated,0,no,2,last,no,no,no,
Kabalevsky T10,16,28,1,G#4,68,ɑ,Bozeman soprano midpoint,0.357,close,E4,3.5,inside,5,-10,none,not assessed,short,repeated,0,yes,3,first,no,no,no,
Kabalevsky T10,16,28,2,C#5,73,ʌ,derived from Bozeman soprano,0.357,close,E4,8.5,inside,10,-5,none,not assessed,short,leap-up,5,no,3,middle,no,no,no,
Kabalevsky T10,16,28,3,D#5,75,ɑ,Bozeman soprano midpoint,0.357,close,E4,10.5,inside,12,-3,none,not assessed,short,step,2,no,3,middle,no,no,no,
Kabalevsky T10,16,29,1,F5,77,a,derived from Bozeman soprano,1.071,close,G4,10.08,inside,14,-1,none,not assessed,short,step,2,no,3,middle,no,yes,no,
Kabalevsky T10,16,30,1,F5,77,a,derived from Bozeman soprano,0.714,close,G4,10.08,inside,14,-1,none,not assessed,short,tie,0,no,3,middle,no,yes,no,
Kabalevsky T10,16,30,3,F#5,78,u,Bozeman soprano midpoint,0.357,above,G#3,22,inside,15,0,none,not assessed,short,step,1,no,3,middle,yes,yes,yes,highest of phrase
Kabalevsky T10,16,31,1,F5,77,ɛ,Bozeman soprano midpoint,0.714,above,D#4,14.5,inside,14,-1,none,not assessed,short,step,-1,no,3,middle,no,yes,no,
Kabalevsky T10,16,31,3,D#5,75,i,Bozeman soprano midpoint,0.357,above,G3,20.5,inside,12,-3,none,not assessed,short,step,-2,no,3,middle,no,no,no,
Kabalevsky T10,16,32,1,C#5,73,ɪ,derived from Bozeman soprano,0.714,close,D4,10.96,inside,10,-5,none,not assessed,short,step,-2,no,3,middle,no,no,no,
Kabalevsky T10,16,32,3,C5,72,ɑ,Bozeman soprano midpoint,0.357,close,E4,7.5,inside,9,-6,none,not assessed,short,step,-1,no,3,middle,no,no,no,
Kabalevsky T10,16,33,1,A#4,70,a,derived from Bozeman soprano,1.071,close,G4,3.08,inside,7,-8,none,not assessed,short,step,-2,no,3,middle,no,no,no,
Kabalevsky T10,16,34,1,A#4,70,a,derived from Bozeman soprano,0.536,close,G4,3.08,inside,7,-8,none,not assessed,short,tie,0,no,3,middle,no,no,no,
Kabalevsky T10,16,34,2.5,A#4,70,ɑ,Bozeman soprano midpoint,0.179,close,E4,5.5,inside,7,-8,none,not assessed,short,repeated,0,no,3,middle,no,no,no,
Kabalevsky T10,16,34,3,A#4,70,ɛ,Bozeman soprano midpoint,0.179,close,D#4,7.5,inside,7,-8,none,not assessed,short,repeated,0,no,3,middle,no,no,no,
Kabalevsky T10,16,34,3.5,A#4,70,ɪ,derived from Bozeman soprano,0.179,close,D4,7.96,inside,7,-8,none,not assessed,short,repeated,0,no,3,middle,no,no,no,
Kabalevsky T10,16,35,1,F#5,78,ɑ,Bozeman soprano midpoint,0.536,above,E4,13.5,inside,15,0,none,not assessed,short,leap-up,8,no,3,middle,yes,yes,yes,highest of phrase
Kabalevsky T10,16,35,2.5,F5,77,ʌ,derived from Bozeman soprano,0.179,above,E4,12.5,inside,14,-1,none,not assessed,short,step,-1,no,3,middle,no,yes,no,
Kabalevsky T10,16,35,3,D#5,75,ʌ,derived from Bozeman soprano,0.179,close,E4,10.5,inside,12,-3,none,not assessed,short,step,-2,no,3,middle,no,no,no,
Kabalevsky T10,16,35,3.5,C#5,73,ɪ,derived from Bozeman soprano,0.179,close,D4,10.96,inside,10,-5,none,not assessed,short,step,-2,no,3,middle,no,no,no,
Kabalevsky T10,16,36,1,C5,72,a,derived from Bozeman soprano,0.714,close,G4,5.08,inside,9,-6,none,not assessed,short,step,-1,no,3,middle,no,no,no,
Kabalevsky T10,16,36,3,A#4,70,u,Bozeman soprano midpoint,0.357,above,G#3,14,inside,7,-8,none,not assessed,short,step,-2,no,3,middle,no,no,no,
Kabalevsky T10,16,37,1,C5,72,o,Bozeman soprano midpoint,0.714,close,D4,10.5,inside,9,-6,none,not assessed,short,step,2,no,3,middle,no,no,no,
Kabalevsky T10,16,37,3,C5,72,ɑ,Bozeman soprano midpoint,0.357,close,E4,7.5,inside,9,-6,none,not assessed,short,repeated,0,no,3,last,no,no,no,
Kabalevsky T10,16,38,3,C5,72,i,Bozeman soprano midpoint,0.357,above,G3,17.5,inside,9,-6,none,not assessed,short,repeated,0,yes,4,first,no,no,no,
Kabalevsky T10,16,39,1,F5,77,ɑ,Bozeman soprano midpoint,0.536,above,E4,12.5,inside,14,-1,none,not assessed,short,leap-up,5,no,4,middle,yes,yes,yes,highest of phrase
Kabalevsky T10,16,39,2.5,F5,77,ɨ,derived from Bozeman soprano,0.179,above,C4,17.11,inside,14,-1,none,not assessed,short,repeated,0,no,4,middle,yes,yes,yes,highest of phrase
Kabalevsky T10,16,39,3,F5,77,none resolved,not assessed,0.179,not assessed,not assessed,not assessed,inside,14,-1,not assessed,not assessed,short,repeated,0,no,4,middle,yes,yes,yes,highest of phrase
Kabalevsky T10,16,39,3.5,F5,77,ɑ,Bozeman soprano midpoint,0.179,above,E4,12.5,inside,14,-1,none,not assessed,short,repeated,0,no,4,middle,yes,yes,yes,highest of phrase
Kabalevsky T10,16,40,1,B4,71,i,Bozeman soprano midpoint,0.536,above,G3,16.5,inside,8,-7,none,not assessed,short,leap-down,-6,no,4,middle,no,no,no,
Kabalevsky T10,16,40,2.5,B4,71,i,Bozeman soprano midpoint,0.179,above,G3,16.5,inside,8,-7,none,not assessed,short,repeated,0,no,4,middle,no,no,no,
Kabalevsky T10,16,40,3,B4,71,i,Bozeman soprano midpoint,0.179,above,G3,16.5,inside,8,-7,none,not assessed,short,repeated,0,no,4,middle,no,no,no,
Kabalevsky T10,16,40,3.5,B4,71,ɑ,Bozeman soprano midpoint,0.179,close,E4,6.5,inside,8,-7,none,not assessed,short,repeated,0,no,4,middle,no,no,no,
Kabalevsky T10,16,41,1,C5,72,ɑ,Bozeman soprano midpoint,1.071,close,E4,7.5,inside,9,-6,none,not assessed,short,step,1,no,4,middle,no,no,no,
Kabalevsky T10,16,42,1,C5,72,ɑ,Bozeman soprano midpoint,0.536,close,E4,7.5,inside,9,-6,none,not assessed,short,tie,0,no,4,middle,no,no,no,
Kabalevsky T10,16,42,2.5,C5,72,i,Bozeman soprano midpoint,0.179,above,G3,17.5,inside,9,-6,none,not assessed,short,repeated,0,no,4,middle,no,no,no,
Kabalevsky T10,16,42,3,C5,72,ɑ,Bozeman soprano midpoint,0.179,close,E4,7.5,inside,9,-6,none,not assessed,short,repeated,0,no,4,middle,no,no,no,
Kabalevsky T10,16,42,3.5,C5,72,i,Bozeman soprano midpoint,0.179,above,G3,17.5,inside,9,-6,none,not assessed,short,repeated,0,no,4,middle,no,no,no,
Kabalevsky T10,16,43,1,B4,71,ɑ,Bozeman soprano midpoint,0.714,close,E4,6.5,inside,8,-7,none,not assessed,short,step,-1,no,4,middle,no,no,no,
Kabalevsky T10,16,43,3,B4,71,u,Bozeman soprano midpoint,0.357,above,G#3,15,inside,8,-7,none,not assessed,short,repeated,0,no,4,middle,no,no,no,
Kabalevsky T10,16,44,1,A#4,70,o,Bozeman soprano midpoint,0.536,close,D4,8.5,inside,7,-8,none,not assessed,short,step,-1,no,4,middle,no,no,no,
Kabalevsky T10,16,44,2.5,A#4,70,ɪ,derived from Bozeman soprano,0.179,close,D4,7.96,inside,7,-8,none,not assessed,short,repeated,0,no,4,middle,no,no,no,
Kabalevsky T10,16,44,3,A#4,70,o,Bozeman soprano midpoint,0.179,close,D4,8.5,inside,7,-8,none,not assessed,short,repeated,0,no,4,middle,no,no,no,
Kabalevsky T10,16,44,3.5,A#4,70,ɨ,derived from Bozeman soprano,0.179,close,C4,10.11,inside,7,-8,none,not assessed,short,repeated,0,no,4,middle,no,no,no,
Kabalevsky T10,16,45,1,A4,69,o,Bozeman soprano midpoint,0.714,close,D4,7.5,inside,6,-9,none,not assessed,short,step,-1,no,4,middle,no,no,no,
Kabalevsky T10,16,45,3,A4,69,ʌ,derived from Bozeman soprano,0.357,close,E4,4.5,inside,6,-9,none,not assessed,short,repeated,0,no,4,last,no,no,no,
Kabalevsky T10,16,46,3,A4,69,o,Bozeman soprano midpoint,0.357,close,D4,7.5,inside,6,-9,none,not assessed,short,repeated,0,yes,5,first,no,no,no,
Kabalevsky T10,16,47,1,B4,71,ɛ,Bozeman soprano midpoint,0.536,close,D#4,8.5,inside,8,-7,none,not assessed,short,step,2,no,5,middle,no,no,no,
Kabalevsky T10,16,47,2.5,B4,71,ʌ,derived from Bozeman soprano,0.179,close,E4,6.5,inside,8,-7,none,not assessed,short,repeated,0,no,5,middle,no,no,no,
Kabalevsky T10,16,47,3,A4,69,ʌ,derived from Bozeman soprano,0.179,close,E4,4.5,inside,6,-9,none,not assessed,short,step,-2,no,5,middle,no,no,no,
Kabalevsky T10,16,47,3.5,B4,71,ɑ,Bozeman soprano midpoint,0.179,close,E4,6.5,inside,8,-7,none,not assessed,short,step,2,no,5,middle,no,no,no,
Kabalevsky T10,16,48,1,C5,72,o,Bozeman soprano midpoint,0.714,close,D4,10.5,inside,9,-6,none,not assessed,short,step,1,no,5,middle,no,no,no,
Kabalevsky T10,16,48,3,A4,69,o,Bozeman soprano midpoint,0.357,close,D4,7.5,inside,6,-9,none,not assessed,short,leap-down,-3,no,5,middle,no,no,no,
Kabalevsky T10,16,49,1,B4,71,o,Bozeman soprano midpoint,0.714,close,D4,9.5,inside,8,-7,none,not assessed,short,step,2,no,5,middle,no,no,no,
Kabalevsky T10,16,49,3,D5,74,i,Bozeman soprano midpoint,0.357,above,G3,19.5,inside,11,-4,none,not assessed,short,leap-up,3,no,5,middle,no,no,no,
Kabalevsky T10,16,50,1,C5,72,o,Bozeman soprano midpoint,0.536,close,D4,10.5,inside,9,-6,none,not assessed,short,step,-2,no,5,middle,no,no,no,
Kabalevsky T10,16,50,2.5,C5,72,ɪ,derived from Bozeman soprano,0.179,close,D4,9.96,inside,9,-6,none,not assessed,short,repeated,0,no,5,middle,no,no,no,
Kabalevsky T10,16,50,3,C5,72,ɑ,Bozeman soprano midpoint,0.179,close,E4,7.5,inside,9,-6,none,not assessed,short,repeated,0,no,5,middle,no,no,no,
Kabalevsky T10,16,50,3.5,C5,72,u,Bozeman soprano midpoint,0.179,above,G#3,16,inside,9,-6,none,not assessed,short,repeated,0,no,5,middle,no,no,no,
Kabalevsky T10,16,51,1,C#5,73,ɑ,Bozeman soprano midpoint,0.714,close,E4,8.5,inside,10,-5,none,not assessed,short,step,1,no,5,middle,no,no,no,
Kabalevsky T10,16,51,3,A4,69,ɑ,Bozeman soprano midpoint,0.357,close,E4,4.5,inside,6,-9,none,not assessed,short,leap-down,-4,no,5,middle,no,no,no,
Kabalevsky T10,16,52,1,E5,76,u,Bozeman soprano midpoint,0.536,above,G#3,20,inside,13,-2,none,not assessed,short,leap-up,7,no,5,middle,no,no,no,
Kabalevsky T10,16,52,2.5,E5,76,ɑ,Bozeman soprano midpoint,0.179,crossing,E4,11.5,inside,13,-2,none,not assessed,short,repeated,0,no,5,middle,no,no,no,crossing
Kabalevsky T10,16,52,3,E5,76,u,Bozeman soprano midpoint,0.179,above,G#3,20,inside,13,-2,none,not assessed,short,repeated,0,no,5,middle,no,no,no,
Kabalevsky T10,16,52,3.5,F5,77,ɑ,Bozeman soprano midpoint,0.179,above,E4,12.5,inside,14,-1,none,not assessed,short,step,1,no,5,middle,yes,yes,yes,highest of phrase
Kabalevsky T10,16,53,1,D5,74,ɑ,Bozeman soprano midpoint,0.714,close,E4,9.5,inside,11,-4,none,not assessed,short,leap-down,-3,no,5,middle,no,no,no,
Kabalevsky T10,16,53,3,D5,74,u,Bozeman soprano midpoint,0.357,above,G#3,18,inside,11,-4,none,not assessed,short,repeated,0,no,5,last,no,no,no,
Kabalevsky T10,16,54,2.5,E5,76,ɑ,Bozeman soprano midpoint,0.179,crossing,E4,11.5,inside,13,-2,none,not assessed,short,step,2,yes,6,first,no,no,no,crossing
Kabalevsky T10,16,54,3,E5,76,ʌ,derived from Bozeman soprano,0.179,crossing,E4,11.5,inside,13,-2,none,not assessed,short,repeated,0,no,6,middle,no,no,no,crossing
Kabalevsky T10,16,54,3.5,E5,76,i,Bozeman soprano midpoint,0.179,above,G3,21.5,inside,13,-2,none,not assessed,short,repeated,0,no,6,middle,no,no,no,
Kabalevsky T10,16,55,1,G#5,80,ɛ,Bozeman soprano midpoint,0.714,above,D#4,17.5,above secondo,17,2,none,not assessed,short,leap-up,4,no,6,middle,yes,no,no,highest of phrase
Kabalevsky T10,16,55,3,F5,77,ɑ,Bozeman soprano midpoint,0.357,above,E4,12.5,inside,14,-1,none,not assessed,short,leap-down,-3,no,6,middle,no,yes,no,
Kabalevsky T10,16,56,1,D5,74,u,Bozeman soprano midpoint,0.714,above,G#3,18,inside,11,-4,none,not assessed,short,leap-down,-3,no,6,middle,no,no,no,
Kabalevsky T10,16,56,3,E5,76,ɑ,Bozeman soprano midpoint,0.357,crossing,E4,11.5,inside,13,-2,none,not assessed,short,step,2,no,6,middle,no,no,no,crossing
Kabalevsky T10,16,57,1,C5,72,ɑ,Bozeman soprano midpoint,0.714,close,E4,7.5,inside,9,-6,none,not assessed,short,leap-down,-4,no,6,middle,no,no,no,
Kabalevsky T10,16,57,3,B4,71,u,Bozeman soprano midpoint,0.357,above,G#3,15,inside,8,-7,none,not assessed,short,step,-1,no,6,middle,no,no,no,
Kabalevsky T10,16,58,1,D5,74,o,Bozeman soprano midpoint,0.714,crossing,D4,12.5,inside,11,-4,none,not assessed,short,leap-up,3,no,6,last,no,no,no,crossing
Kabalevsky T10,16,58,3,D5,74,i,Bozeman soprano midpoint,0.357,above,G3,19.5,inside,11,-4,none,not assessed,short,repeated,0,no,7,first,no,no,no,
Kabalevsky T10,16,59,1,B4,71,ʌ,derived from Bozeman soprano,0.714,close,E4,6.5,inside,8,-7,none,not assessed,short,leap-down,-3,no,7,middle,no,no,no,
Kabalevsky T10,16,59,3,A4,69,ɨ,derived from Bozeman soprano,0.357,close,C4,9.11,inside,6,-9,none,not assessed,short,step,-2,no,7,middle,no,no,no,
Kabalevsky T10,16,60,1,E5,76,ɛ,Bozeman soprano midpoint,0.714,above,D#4,13.5,inside,13,-2,none,not assessed,short,leap-up,7,no,7,middle,yes,no,no,highest of phrase
Kabalevsky T10,16,60,3,E5,76,ɨ,derived from Bozeman soprano,0.357,above,C4,16.11,inside,13,-2,none,not assessed,short,repeated,0,no,7,middle,yes,no,no,highest of phrase
Kabalevsky T10,16,61,1,B4,71,ɛ,Bozeman soprano midpoint,0.536,close,D#4,8.5,inside,8,-7,none,not assessed,short,leap-down,-5,no,7,middle,no,no,no,
Kabalevsky T10,16,61,2.5,B4,71,ɨ,derived from Bozeman soprano,0.179,close,C4,11.11,inside,8,-7,none,not assessed,short,repeated,0,no,7,middle,no,no,no,
Kabalevsky T10,16,61,3,C5,72,i,Bozeman soprano midpoint,0.179,above,G3,17.5,inside,9,-6,none,not assessed,short,step,1,no,7,middle,no,no,no,
Kabalevsky T10,16,61,3.5,B4,71,ɨ,derived from Bozeman soprano,0.179,close,C4,11.11,inside,8,-7,none,not assessed,short,step,-1,no,7,middle,no,no,no,
Kabalevsky T10,16,62,1,E5,76,ɑ,Bozeman soprano midpoint,0.714,crossing,E4,11.5,inside,13,-2,none,not assessed,short,leap-up,5,no,7,middle,yes,no,no,highest of phrase; crossing
Kabalevsky T10,16,62,3,E5,76,u,Bozeman soprano midpoint,0.357,above,G#3,20,inside,13,-2,none,not assessed,short,repeated,0,no,7,last,yes,no,no,highest of phrase
Kabalevsky T10,16,65,3,E4,64,o,Bozeman soprano midpoint,0.357,close,D4,2.5,inside,1,-14,none,not assessed,short,leap-down,-12,yes,8,first,no,yes,no,
Kabalevsky T10,16,66,1,A4,69,ʌ,derived from Bozeman soprano,0.714,close,E4,4.5,inside,6,-9,none,not assessed,short,leap-up,5,no,8,middle,no,no,no,
Kabalevsky T10,16,66,3,B4,71,ɨ,derived from Bozeman soprano,0.357,close,C4,11.11,inside,8,-7,none,not assessed,short,step,2,no,8,middle,no,no,no,
Kabalevsky T10,16,67,1,C#5,73,o,Bozeman soprano midpoint,1.071,close,D4,11.5,inside,10,-5,none,not assessed,short,step,2,no,8,middle,no,no,no,
Kabalevsky T10,16,68,1,C#5,73,o,Bozeman soprano midpoint,0.714,close,D4,11.5,inside,10,-5,none,not assessed,short,tie,0,no,8,middle,no,no,no,
Kabalevsky T10,16,68,3,D5,74,ɨ,derived from Bozeman soprano,0.357,above,C4,14.11,inside,11,-4,none,not assessed,short,step,1,no,8,middle,no,no,no,
Kabalevsky T10,16,69,1,C#5,73,o,Bozeman soprano midpoint,0.714,close,D4,11.5,inside,10,-5,none,not assessed,short,step,-1,no,8,middle,no,no,no,
Kabalevsky T10,16,69,3,B4,71,i,Bozeman soprano midpoint,0.357,above,G3,16.5,inside,8,-7,none,not assessed,short,step,-2,no,8,middle,no,no,no,
Kabalevsky T10,16,70,1,A4,69,ɑ,Bozeman soprano midpoint,0.714,close,E4,4.5,inside,6,-9,none,not assessed,short,step,-2,no,8,middle,no,no,no,
Kabalevsky T10,16,70,3,G#4,68,ɑ,Bozeman soprano midpoint,0.357,close,E4,3.5,inside,5,-10,none,not assessed,short,step,-1,no,8,middle,no,no,no,
Kabalevsky T10,16,71,1,F#4,66,o,Bozeman soprano midpoint,1.071,close,D4,4.5,inside,3,-12,none,not assessed,short,step,-2,no,8,middle,no,no,no,
Kabalevsky T10,16,72,1,F#4,66,o,Bozeman soprano midpoint,0.536,close,D4,4.5,inside,3,-12,none,not assessed,short,tie,0,no,8,middle,no,no,no,
Kabalevsky T10,16,72,2.5,F#4,66,o,Bozeman soprano midpoint,0.179,close,D4,4.5,inside,3,-12,none,not assessed,short,repeated,0,no,8,middle,no,no,no,
Kabalevsky T10,16,72,3,F#4,66,i,Bozeman soprano midpoint,0.179,close,G3,11.5,inside,3,-12,none,not assessed,short,repeated,0,no,8,middle,no,no,no,
Kabalevsky T10,16,72,3.5,F#4,66,ɑ,Bozeman soprano midpoint,0.179,close,E4,1.5,inside,3,-12,none,not assessed,short,repeated,0,no,8,middle,no,no,no,turning pitch 0 to 2 st below
Kabalevsky T10,16,73,1,F#5,78,o,Bozeman soprano midpoint,1.071,above,D4,16.5,inside,15,0,none,not assessed,short,leap-up,12,no,8,middle,yes,yes,yes,highest of phrase
Kabalevsky T10,16,74,1,F#5,78,o,Bozeman soprano midpoint,0.714,above,D4,16.5,inside,15,0,none,not assessed,short,tie,0,no,8,middle,yes,yes,yes,highest of phrase
Kabalevsky T10,16,74,3,C#5,73,ɪ,derived from Bozeman soprano,0.357,close,D4,10.96,inside,10,-5,none,not assessed,short,leap-down,-5,no,8,middle,no,no,no,
Kabalevsky T10,16,75,1,D5,74,e,Bozeman soprano midpoint,0.714,crossing,D4,12.5,inside,11,-4,none,not assessed,short,step,1,no,8,middle,no,no,no,crossing
Kabalevsky T10,16,75,3,C#5,73,ɪ,derived from Bozeman soprano,0.357,close,D4,10.96,inside,10,-5,none,not assessed,short,step,-1,no,8,middle,no,no,no,
Kabalevsky T10,16,76,1,B4,71,ʌ,derived from Bozeman soprano,0.714,close,E4,6.5,inside,8,-7,none,not assessed,short,step,-2,no,8,middle,no,no,no,
Kabalevsky T10,16,76,3,F#4,66,i,Bozeman soprano midpoint,0.357,close,G3,11.5,inside,3,-12,none,not assessed,short,leap-down,-5,no,8,middle,no,no,no,
Kabalevsky T10,16,77,1,A4,69,o,Bozeman soprano midpoint,1.071,close,D4,7.5,inside,6,-9,none,not assessed,short,leap-up,3,no,8,middle,no,no,no,
Kabalevsky T10,16,78,1,A4,69,o,Bozeman soprano midpoint,1.071,close,D4,7.5,inside,6,-9,none,not assessed,short,tie,0,no,8,middle,no,no,no,
Kabalevsky T10,16,79,1,A4,69,o,Bozeman soprano midpoint,0.179,close,D4,7.5,inside,6,-9,none,not assessed,short,tie,0,no,8,last,no,no,no,
