song,shift,bar,beat,pitch,midi,vowel,fR1_source,seconds,fR1_band,turning_pitch,semitones_from_turning,passaggio,semitones_to_primo,semitones_to_secondo,fR1_rung,fR2_rung,held,approach,approach_semitones,after_rest,phrase_index,phrase_position,highest_of_phrase,p1a_near,p1a_fires,p1a_clauses
Sunless 01,14,2,1,B4,71,o,Bozeman tenor-mezzo midpoint,0.732,close,C#4,10.5,inside,7,-5,none,not assessed,short,first note,,,0,first,no,no,no,
Sunless 01,14,2,2,B4,71,ɑ,Bozeman tenor-mezzo midpoint,0.732,close,E4,6.5,inside,7,-5,none,not assessed,short,repeated,0,no,0,middle,no,no,no,
Sunless 01,14,2,3,B4,71,ʌ,derived from Bozeman tenor-mezzo,0.732,close,E4,6.5,inside,7,-5,none,not assessed,short,repeated,0,no,0,middle,no,no,no,
Sunless 01,14,2,4,C5,72,ɛ,Bozeman tenor-mezzo midpoint,0.732,close,D#4,9.5,inside,8,-4,none,not assessed,short,step,1,no,0,middle,yes,no,no,highest of phrase
Sunless 01,14,2,5,G4,67,ɑ,Bozeman tenor-mezzo midpoint,0.732,close,E4,2.5,inside,3,-9,none,not assessed,short,leap-down,-5,no,0,middle,no,no,no,
Sunless 01,14,2,6,G4,67,ɑ,Bozeman tenor-mezzo midpoint,0.366,close,E4,2.5,inside,3,-9,none,not assessed,short,repeated,0,no,0,last,no,no,no,
Sunless 01,14,3,1,C#5,73,i,Bozeman tenor-mezzo midpoint,0.732,above,E3,20.5,inside,9,-3,none,not assessed,short,leap-up,6,yes,1,first,yes,no,no,highest of phrase
Sunless 01,14,3,2,A4,69,ɑ,Bozeman tenor-mezzo midpoint,0.732,close,E4,4.5,inside,5,-7,none,not assessed,short,leap-down,-4,no,1,middle,no,no,no,
Sunless 01,14,3,3,A4,69,ɑ,Bozeman tenor-mezzo midpoint,0.366,close,E4,4.5,inside,5,-7,none,not assessed,short,repeated,0,no,1,last,no,no,no,
Sunless 01,14,3,4,D#5,75,i,Bozeman tenor-mezzo midpoint,1.098,above,E3,22.5,inside,11,-1,none,not assessed,short,leap-up,6,yes,2,first,yes,yes,yes,highest of phrase
Sunless 01,14,3,5.5,B4,71,ɑ,Bozeman tenor-mezzo midpoint,0.366,close,E4,6.5,inside,7,-5,none,not assessed,short,leap-down,-4,no,2,middle,no,no,no,
Sunless 01,14,3,6,B4,71,ɑ,Bozeman tenor-mezzo midpoint,0.366,close,E4,6.5,inside,7,-5,none,not assessed,short,repeated,0,no,2,last,no,no,no,
Sunless 01,14,4,1,C5,72,e,Bozeman tenor-mezzo midpoint,0.732,close,D4,10.5,inside,8,-4,none,not assessed,short,step,1,yes,3,first,yes,no,no,highest of phrase
Sunless 01,14,4,2,F#4,66,ɪ,derived from Bozeman tenor-mezzo,0.732,close,D4,3.96,inside,2,-10,none,not assessed,short,leap-down,-6,no,3,middle,no,no,no,
Sunless 01,14,4,3,E4,64,o,Bozeman tenor-mezzo midpoint,0.732,close,C#4,3.5,inside,0,-12,none,not assessed,short,step,-2,no,3,middle,no,yes,no,
Sunless 01,14,4,4,B4,71,ɑ,Bozeman tenor-mezzo midpoint,1.098,close,E4,6.5,inside,7,-5,none,not assessed,short,leap-up,7,no,3,middle,no,no,no,
Sunless 01,14,4,5.5,F#4,66,ɑ,Bozeman tenor-mezzo midpoint,0.366,close,E4,1.5,inside,2,-10,none,not assessed,short,leap-down,-5,no,3,middle,no,no,no,turning pitch 0 to 2 st below
Sunless 01,14,4,6,F#4,66,ɑ,Bozeman tenor-mezzo midpoint,0.732,close,E4,1.5,inside,2,-10,none,not assessed,short,repeated,0,no,3,middle,no,no,no,turning pitch 0 to 2 st below
Sunless 01,14,5,1,A4,69,e,Bozeman tenor-mezzo midpoint,0.732,close,D4,7.5,inside,5,-7,none,not assessed,short,leap-up,3,no,3,middle,no,no,no,
Sunless 01,14,5,2,E4,64,ɪ,derived from Bozeman tenor-mezzo,0.732,close,D4,1.96,inside,0,-12,none,not assessed,short,leap-down,-5,no,3,middle,no,yes,yes,turning pitch 0 to 2 st below
Sunless 01,14,5,3,D#4,63,ɑ,Bozeman tenor-mezzo midpoint,0.732,open,E4,-1.5,below primo,-1,-13,none,not assessed,short,step,-1,no,3,middle,no,yes,no,
Sunless 01,14,5,4,G4,67,ɛ,Bozeman tenor-mezzo midpoint,1.098,close,D#4,4.5,inside,3,-9,none,not assessed,short,leap-up,4,no,3,middle,no,no,no,
Sunless 01,14,5,5.5,E4,64,ɑ,Bozeman tenor-mezzo midpoint,0.366,open,E4,-0.5,inside,0,-12,none,not assessed,short,leap-down,-3,no,3,middle,no,yes,no,
Sunless 01,14,5,6,E4,64,ɑ,Bozeman tenor-mezzo midpoint,0.366,open,E4,-0.5,inside,0,-12,none,not assessed,short,repeated,0,no,3,last,no,yes,no,
Sunless 01,14,6,1,B4,71,u,Bozeman tenor-mezzo midpoint,0.732,above,G3,16.5,inside,7,-5,none,not assessed,short,leap-up,7,yes,4,first,yes,no,no,highest of phrase
Sunless 01,14,6,2,G#4,68,ɑ,Bozeman tenor-mezzo midpoint,0.366,close,E4,3.5,inside,4,-8,none,not assessed,short,leap-down,-3,no,4,last,no,no,no,
Sunless 01,14,6,3,B4,71,u,Bozeman tenor-mezzo midpoint,0.732,above,G3,16.5,inside,7,-5,none,not assessed,short,leap-up,3,yes,5,first,no,no,no,
Sunless 01,14,6,4,E5,76,o,Bozeman tenor-mezzo midpoint,1.098,above,C#4,15.5,inside,12,0,none,not assessed,short,leap-up,5,no,5,middle,yes,yes,yes,highest of phrase
Sunless 01,14,6,5.5,A#4,70,ɑ,Bozeman tenor-mezzo midpoint,0.366,close,E4,5.5,inside,6,-6,none,not assessed,short,leap-down,-6,no,5,middle,no,no,no,
Sunless 01,14,6,6,A#4,70,ɑ,Bozeman tenor-mezzo midpoint,0.366,close,E4,5.5,inside,6,-6,none,not assessed,short,repeated,0,no,5,last,no,no,no,
Sunless 01,14,7,1,A4,69,e,Bozeman tenor-mezzo midpoint,0.732,close,D4,7.5,inside,5,-7,none,not assessed,short,step,-1,yes,6,first,no,no,no,
Sunless 01,14,7,2,A4,69,ɑ,Bozeman tenor-mezzo midpoint,0.732,close,E4,4.5,inside,5,-7,none,not assessed,short,repeated,0,no,6,middle,no,no,no,
Sunless 01,14,7,3,A4,69,u,Bozeman tenor-mezzo midpoint,0.732,above,G3,14.5,inside,5,-7,none,not assessed,short,repeated,0,no,6,middle,no,no,no,
Sunless 01,14,7,4,C5,72,ɨ,derived from Bozeman tenor-mezzo,1.098,above,A#3,14.11,inside,8,-4,none,not assessed,short,leap-up,3,no,6,middle,yes,no,no,highest of phrase
Sunless 01,14,7,5.5,E4,64,ɑ,Bozeman tenor-mezzo midpoint,0.366,open,E4,-0.5,inside,0,-12,none,not assessed,short,leap-down,-8,no,6,middle,no,yes,no,
Sunless 01,14,7,6,E4,64,ɑ,Bozeman tenor-mezzo midpoint,0.366,open,E4,-0.5,inside,0,-12,none,not assessed,short,repeated,0,no,6,last,no,yes,no,
Sunless 01,14,8,1,F#4,66,u,Bozeman tenor-mezzo midpoint,0.732,close,G3,11.5,inside,2,-10,none,not assessed,short,step,2,yes,7,first,no,no,no,
Sunless 01,14,8,2,D#4,63,ɪ,derived from Bozeman tenor-mezzo,0.732,close,D4,0.96,below primo,-1,-13,none,not assessed,short,leap-down,-3,no,7,middle,no,yes,yes,turning pitch 0 to 2 st below
Sunless 01,14,8,3,E4,64,ɪ,derived from Bozeman tenor-mezzo,0.732,close,D4,1.96,inside,0,-12,none,not assessed,short,step,1,no,7,middle,no,yes,yes,turning pitch 0 to 2 st below
Sunless 01,14,8,4,G#4,68,ɛ,Bozeman tenor-mezzo midpoint,0.732,close,D#4,5.5,inside,4,-8,none,not assessed,short,leap-up,4,no,7,middle,yes,no,no,highest of phrase
Sunless 01,14,8,5,E4,64,ɨ,derived from Bozeman tenor-mezzo,0.366,close,A#3,6.11,inside,0,-12,none,not assessed,short,leap-down,-4,no,7,last,no,yes,no,
Sunless 01,14,8,6.5,D#4,63,ɑ,Bozeman tenor-mezzo midpoint,0.366,open,E4,-1.5,below primo,-1,-13,none,not assessed,short,step,-1,yes,8,first,no,yes,no,
Sunless 01,14,9,1,F#4,66,ɛ,Bozeman tenor-mezzo midpoint,0.732,close,D#4,3.5,inside,2,-10,none,not assessed,short,leap-up,3,no,8,middle,no,no,no,
Sunless 01,14,9,2,D#4,63,ɑ,Bozeman tenor-mezzo midpoint,0.732,open,E4,-1.5,below primo,-1,-13,none,not assessed,short,leap-down,-3,no,8,middle,no,yes,no,
Sunless 01,14,9,3,E4,64,ɑ,Bozeman tenor-mezzo midpoint,0.732,open,E4,-0.5,inside,0,-12,none,not assessed,short,step,1,no,8,middle,no,yes,no,
Sunless 01,14,9,4,B4,71,ɛ,Bozeman tenor-mezzo midpoint,1.098,close,D#4,8.5,inside,7,-5,none,not assessed,short,leap-up,7,no,8,middle,yes,no,no,highest of phrase
Sunless 01,14,9,5.5,G#4,68,ɑ,Bozeman tenor-mezzo midpoint,0.366,close,E4,3.5,inside,4,-8,none,not assessed,short,leap-down,-3,no,8,middle,no,no,no,
Sunless 01,14,9,6,G#4,68,ɑ,Bozeman tenor-mezzo midpoint,0.366,close,E4,3.5,inside,4,-8,none,not assessed,short,repeated,0,no,8,last,no,no,no,
Sunless 01,14,10,1,C5,72,ɨ,derived from Bozeman tenor-mezzo,0.732,above,A#3,14.11,inside,8,-4,none,not assessed,short,leap-up,4,yes,9,first,no,no,no,
Sunless 01,14,10,2,F#4,66,ɨ,derived from Bozeman tenor-mezzo,0.732,close,A#3,8.11,inside,2,-10,none,not assessed,short,leap-down,-6,no,9,middle,no,no,no,
Sunless 01,14,10,3,G4,67,ɑ,Bozeman tenor-mezzo midpoint,0.732,close,E4,2.5,inside,3,-9,none,not assessed,short,step,1,no,9,middle,no,no,no,
Sunless 01,14,10,4,A4,69,o,Bozeman tenor-mezzo midpoint,0.732,close,C#4,8.5,inside,5,-7,none,not assessed,short,step,2,no,9,middle,no,no,no,
Sunless 01,14,10,5,B4,71,ʌ,derived from Bozeman tenor-mezzo,0.732,close,E4,6.5,inside,7,-5,none,not assessed,short,step,2,no,9,middle,no,no,no,
Sunless 01,14,10,6,C5,72,ɑ,Bozeman tenor-mezzo midpoint,0.732,close,E4,7.5,inside,8,-4,none,not assessed,short,step,1,no,9,middle,no,no,no,
Sunless 01,14,11,1,D5,74,e,Bozeman tenor-mezzo midpoint,0.732,crossing,D4,12.5,inside,10,-2,none,not assessed,short,step,2,no,9,middle,yes,no,no,highest of phrase; crossing
Sunless 01,14,11,2,C5,72,ɪ,derived from Bozeman tenor-mezzo,0.732,close,D4,9.96,inside,8,-4,none,not assessed,short,step,-2,no,9,middle,no,no,no,
Sunless 01,14,11,3,D5,74,ɑ,Bozeman tenor-mezzo midpoint,0.732,close,E4,9.5,inside,10,-2,none,not assessed,short,step,2,no,9,middle,yes,no,no,highest of phrase
Sunless 01,14,11,4,A#4,70,e,Bozeman tenor-mezzo midpoint,1.098,close,D4,8.5,inside,6,-6,none,not assessed,short,leap-down,-4,no,9,middle,no,no,no,
Sunless 01,14,11,5.5,A#4,70,i,Bozeman tenor-mezzo midpoint,0.366,above,E3,17.5,inside,6,-6,none,not assessed,short,repeated,0,no,9,middle,no,no,no,
Sunless 01,14,11,6,A#4,70,ɪ,derived from Bozeman tenor-mezzo,0.366,close,D4,7.96,inside,6,-6,none,not assessed,short,repeated,0,no,9,last,no,no,no,
Sunless 01,14,12,1,A4,69,o,Bozeman tenor-mezzo midpoint,0.732,close,C#4,8.5,inside,5,-7,none,not assessed,short,step,-1,yes,10,first,no,no,no,
Sunless 01,14,12,2,F#4,66,ɪ,derived from Bozeman tenor-mezzo,0.732,close,D4,3.96,inside,2,-10,none,not assessed,short,leap-down,-3,no,10,middle,no,no,no,
Sunless 01,14,12,3,A4,69,ɑ,Bozeman tenor-mezzo midpoint,0.732,close,E4,4.5,inside,5,-7,none,not assessed,short,leap-up,3,no,10,middle,no,no,no,
Sunless 01,14,12,4,C5,72,i,Bozeman tenor-mezzo midpoint,0.732,above,E3,19.5,inside,8,-4,none,not assessed,short,leap-up,3,no,10,middle,yes,no,no,highest of phrase
Sunless 01,14,12,5,A4,69,ɨ,derived from Bozeman tenor-mezzo,0.366,close,A#3,11.11,inside,5,-7,none,not assessed,short,leap-down,-3,no,10,last,no,no,no,
Sunless 01,14,12,6,A4,69,ɑ,Bozeman tenor-mezzo midpoint,0.732,close,E4,4.5,inside,5,-7,none,not assessed,short,repeated,0,yes,11,first,no,no,no,
Sunless 01,14,13,1,F#4,66,ɑ,Bozeman tenor-mezzo midpoint,0.732,close,E4,1.5,inside,2,-10,none,not assessed,short,leap-down,-3,no,11,middle,no,no,no,turning pitch 0 to 2 st below
Sunless 01,14,13,2,E4,64,ɪ,derived from Bozeman tenor-mezzo,0.732,close,D4,1.96,inside,0,-12,none,not assessed,short,step,-2,no,11,middle,no,yes,yes,turning pitch 0 to 2 st below
Sunless 01,14,13,3,F#4,66,ɑ,Bozeman tenor-mezzo midpoint,0.732,close,E4,1.5,inside,2,-10,none,not assessed,short,step,2,no,11,middle,no,no,no,turning pitch 0 to 2 st below
Sunless 01,14,13,4,C5,72,o,Bozeman tenor-mezzo midpoint,1.098,close,C#4,11.5,inside,8,-4,none,not assessed,short,leap-up,6,no,11,middle,yes,no,no,highest of phrase
Sunless 01,14,13,5.5,A4,69,ʌ,derived from Bozeman tenor-mezzo,0.366,close,E4,4.5,inside,5,-7,none,not assessed,short,leap-down,-3,no,11,middle,no,no,no,
Sunless 01,14,13,6,A4,69,ɪ,derived from Bozeman tenor-mezzo,0.366,close,D4,6.96,inside,5,-7,none,not assessed,short,repeated,0,no,11,last,no,no,no,
Sunless 01,14,14,1,C5,72,o,Bozeman tenor-mezzo midpoint,0.732,close,C#4,11.5,inside,8,-4,none,not assessed,short,leap-up,3,yes,12,first,no,no,no,
Sunless 01,14,14,2,B4,71,ʌ,derived from Bozeman tenor-mezzo,0.732,close,E4,6.5,inside,7,-5,none,not assessed,short,step,-1,no,12,middle,no,no,no,
Sunless 01,14,14,3,A4,69,ɑ,Bozeman tenor-mezzo midpoint,0.732,close,E4,4.5,inside,5,-7,none,not assessed,short,step,-2,no,12,middle,no,no,no,
Sunless 01,14,14,4,C5,72,e,Bozeman tenor-mezzo midpoint,1.098,close,D4,10.5,inside,8,-4,none,not assessed,short,leap-up,3,no,12,middle,no,no,no,
Sunless 01,14,14,5.5,B4,71,i,Bozeman tenor-mezzo midpoint,0.366,above,E3,18.5,inside,7,-5,none,not assessed,short,step,-1,no,12,middle,no,no,no,
Sunless 01,14,14,6,B4,71,ɪ,derived from Bozeman tenor-mezzo,0.732,close,D4,8.96,inside,7,-5,none,not assessed,short,repeated,0,no,12,middle,no,no,no,
Sunless 01,14,15,1,C5,72,o,Bozeman tenor-mezzo midpoint,0.732,close,C#4,11.5,inside,8,-4,none,not assessed,short,step,1,no,12,middle,no,no,no,
Sunless 01,14,15,2,B4,71,ʌ,derived from Bozeman tenor-mezzo,0.732,close,E4,6.5,inside,7,-5,none,not assessed,short,step,-1,no,12,middle,no,no,no,
Sunless 01,14,15,3,A4,69,ɪ,derived from Bozeman tenor-mezzo,0.732,close,D4,6.96,inside,5,-7,none,not assessed,short,step,-2,no,12,middle,no,no,no,
Sunless 01,14,15,4,D#5,75,e,Bozeman tenor-mezzo midpoint,1.098,above,D4,13.5,inside,11,-1,none,not assessed,short,leap-up,6,no,12,middle,yes,yes,yes,highest of phrase
Sunless 01,14,15,5.5,B4,71,i,Bozeman tenor-mezzo midpoint,0.366,above,E3,18.5,inside,7,-5,none,not assessed,short,leap-down,-4,no,12,middle,no,no,no,
Sunless 01,14,15,6,B4,71,ɪ,derived from Bozeman tenor-mezzo,0.366,close,D4,8.96,inside,7,-5,none,not assessed,short,repeated,0,no,12,last,no,no,no,
Sunless 01,14,16,1,B4,71,o,Bozeman tenor-mezzo midpoint,1.098,close,C#4,10.5,inside,7,-5,none,not assessed,short,repeated,0,yes,13,first,yes,no,no,highest of phrase
Sunless 01,14,16,2.5,G4,67,ɑ,Bozeman tenor-mezzo midpoint,0.366,close,E4,2.5,inside,3,-9,none,not assessed,short,leap-down,-4,no,13,middle,no,no,no,
Sunless 01,14,16,3,G4,67,ɑ,Bozeman tenor-mezzo midpoint,0.366,close,E4,2.5,inside,3,-9,none,not assessed,short,repeated,0,no,13,last,no,no,no,
Sunless 01,14,16,4,A4,69,o,Bozeman tenor-mezzo midpoint,0.732,close,C#4,8.5,inside,5,-7,none,not assessed,short,step,2,yes,14,first,yes,no,no,highest of phrase
Sunless 01,14,16,5,E4,64,ɑ,Bozeman tenor-mezzo midpoint,0.732,open,E4,-0.5,inside,0,-12,none,not assessed,short,leap-down,-5,no,14,middle,no,yes,no,
Sunless 01,14,16,6,E4,64,ɑ,Bozeman tenor-mezzo midpoint,0.366,open,E4,-0.5,inside,0,-12,none,not assessed,short,repeated,0,no,14,last,no,yes,no,
Sunless 01,14,17,1,F#4,66,o,Bozeman tenor-mezzo midpoint,1.463,close,C#4,5.5,inside,2,-10,none,not assessed,short,step,2,yes,15,only,yes,no,no,highest of phrase
Sunless 01,14,17,4,F#4,66,ʌ,derived from Bozeman tenor-mezzo,1.098,close,E4,1.5,inside,2,-10,none,not assessed,short,repeated,0,yes,16,first,no,no,no,turning pitch 0 to 2 st below
Sunless 01,14,17,5.5,F#4,66,i,Bozeman tenor-mezzo midpoint,1.098,above,E3,13.5,inside,2,-10,none,not assessed,short,repeated,0,no,16,middle,no,no,no,
Sunless 01,14,18,1,G#4,68,o,Bozeman tenor-mezzo midpoint,1.098,close,C#4,7.5,inside,4,-8,none,not assessed,short,step,2,no,16,middle,yes,no,no,highest of phrase
Sunless 01,14,18,2.5,E4,64,ɑ,Bozeman tenor-mezzo midpoint,0.366,open,E4,-0.5,inside,0,-12,none,not assessed,short,leap-down,-4,no,16,middle,no,yes,no,
Sunless 01,14,18,3,E4,64,ɑ,Bozeman tenor-mezzo midpoint,0.732,open,E4,-0.5,inside,0,-12,none,not assessed,short,repeated,0,no,16,last,no,yes,no,
Sunless 02,15,1,2.5,C#5,73,i,Bozeman tenor-mezzo midpoint,0.25,above,E3,20.5,inside,9,-3,none,not assessed,short,first note,,,0,first,yes,no,no,highest of phrase
Sunless 02,15,2,1,C5,72,ɑ,Bozeman tenor-mezzo midpoint,0.25,close,E4,7.5,inside,8,-4,none,not assessed,short,step,-1,no,0,last,no,no,no,
Sunless 02,15,2,2,A4,69,ɨ,derived from Bozeman tenor-mezzo,0.375,close,A#3,11.11,inside,5,-7,none,not assessed,short,leap-down,-3,yes,1,first,yes,no,no,highest of phrase
Sunless 02,15,2,2.75,F4,65,ɑ,Bozeman tenor-mezzo midpoint,0.125,close,E4,0.5,inside,1,-11,none,not assessed,short,leap-down,-4,no,1,middle,no,yes,yes,turning pitch 0 to 2 st below
Sunless 02,15,2,3,E4,64,ɛ,Bozeman tenor-mezzo midpoint,0.5,close,D#4,1.5,inside,0,-12,none,not assessed,short,step,-1,no,1,middle,no,yes,yes,turning pitch 0 to 2 st below
Sunless 02,15,2,4,F4,65,ɪ,derived from Bozeman tenor-mezzo,0.25,close,D4,2.96,inside,1,-11,none,not assessed,short,step,1,no,1,middle,no,yes,no,
Sunless 02,15,2,4.5,F4,65,u,Bozeman tenor-mezzo midpoint,0.25,close,G3,10.5,inside,1,-11,none,not assessed,short,repeated,0,no,1,middle,no,yes,no,
Sunless 02,15,3,1,A4,69,ɑ,Bozeman tenor-mezzo midpoint,0.5,close,E4,4.5,inside,5,-7,none,not assessed,short,leap-up,4,no,1,middle,yes,no,no,highest of phrase
Sunless 02,15,3,2,F4,65,ɑ,Bozeman tenor-mezzo midpoint,0.25,close,E4,0.5,inside,1,-11,none,not assessed,short,leap-down,-4,no,1,last,no,yes,yes,turning pitch 0 to 2 st below
Sunless 02,15,3,2.75,F4,65,o,Bozeman tenor-mezzo midpoint,0.125,close,C#4,4.5,inside,1,-11,none,not assessed,short,repeated,0,yes,2,first,no,yes,no,
Sunless 02,15,3,3,G#4,68,ɑ,Bozeman tenor-mezzo midpoint,0.167,close,E4,3.5,inside,4,-8,none,not assessed,short,leap-up,3,no,2,middle,yes,no,no,highest of phrase
Sunless 02,15,3,3.333,F4,65,ɪ,derived from Bozeman tenor-mezzo,0.167,close,D4,2.96,inside,1,-11,none,not assessed,short,leap-down,-3,no,2,middle,no,yes,no,
Sunless 02,15,3,3.667,G#4,68,ɑ,Bozeman tenor-mezzo midpoint,0.167,close,E4,3.5,inside,4,-8,none,not assessed,short,leap-up,3,no,2,middle,yes,no,no,highest of phrase
Sunless 02,15,3,4,G4,67,ɑ,Bozeman tenor-mezzo midpoint,0.167,close,E4,2.5,inside,3,-9,none,not assessed,short,step,-1,no,2,middle,no,no,no,
Sunless 02,15,3,4.333,G4,67,i,Bozeman tenor-mezzo midpoint,0.167,above,E3,14.5,inside,3,-9,none,not assessed,short,repeated,0,no,2,middle,no,no,no,
Sunless 02,15,3,4.667,G#4,68,ɪ,derived from Bozeman tenor-mezzo,0.167,close,D4,5.96,inside,4,-8,none,not assessed,short,step,1,no,2,middle,yes,no,no,highest of phrase
Sunless 02,15,4,1,F4,65,o,Bozeman tenor-mezzo midpoint,0.25,close,C#4,4.5,inside,1,-11,none,not assessed,short,leap-down,-3,no,2,last,no,yes,no,
Sunless 02,15,4,2,F4,65,o,Bozeman tenor-mezzo midpoint,0.5,close,C#4,4.5,inside,1,-11,none,not assessed,short,repeated,0,yes,3,first,no,yes,no,
Sunless 02,15,4,3,E4,64,u,Bozeman tenor-mezzo midpoint,0.5,close,G3,9.5,inside,0,-12,none,not assessed,short,step,-1,no,3,middle,no,yes,no,
Sunless 02,15,4,4,E4,64,ʌ,derived from Bozeman tenor-mezzo,0.375,open,E4,-0.5,inside,0,-12,none,not assessed,short,repeated,0,no,3,middle,no,yes,no,
Sunless 02,15,4,4.75,E4,64,i,Bozeman tenor-mezzo midpoint,0.125,crossing,E3,11.5,inside,0,-12,none,not assessed,short,repeated,0,no,3,middle,no,yes,yes,crossing
Sunless 02,15,5,1,A#4,70,ɑ,Bozeman tenor-mezzo midpoint,0.5,close,E4,5.5,inside,6,-6,none,not assessed,short,leap-up,6,no,3,middle,yes,no,no,highest of phrase
Sunless 02,15,5,2,D#4,63,ʌ,derived from Bozeman tenor-mezzo,0.375,open,E4,-1.5,below primo,-1,-13,none,not assessed,short,leap-down,-7,no,3,middle,no,yes,no,
Sunless 02,15,5,2.75,D#4,63,ɛ,Bozeman tenor-mezzo midpoint,0.125,close,D#4,0.5,below primo,-1,-13,none,not assessed,short,repeated,0,no,3,middle,no,yes,yes,turning pitch 0 to 2 st below
Sunless 02,15,5,3,D4,62,ɑ,Bozeman tenor-mezzo midpoint,0.5,open,E4,-2.5,below primo,-2,-14,none,not assessed,short,step,-1,no,3,middle,no,no,no,
Sunless 02,15,5,4,C4,60,ʌ,derived from Bozeman tenor-mezzo,0.25,open,E4,-4.5,below primo,-4,-16,none,not assessed,short,step,-2,no,3,last,no,no,no,
Sunless 02,15,5,4.75,C4,60,ɑ,Bozeman tenor-mezzo midpoint,0.125,open,E4,-4.5,below primo,-4,-16,none,not assessed,short,repeated,0,yes,4,first,no,no,no,
Sunless 02,15,6,1,F4,65,ɑ,Bozeman tenor-mezzo midpoint,0.167,close,E4,0.5,inside,1,-11,none,not assessed,short,leap-up,5,no,4,middle,no,yes,yes,turning pitch 0 to 2 st below
Sunless 02,15,6,1.333,G4,67,u,Bozeman tenor-mezzo midpoint,0.167,crossing,G3,12.5,inside,3,-9,none,not assessed,short,step,2,no,4,middle,no,no,no,crossing
Sunless 02,15,6,1.667,F4,65,ɑ,Bozeman tenor-mezzo midpoint,0.167,close,E4,0.5,inside,1,-11,none,not assessed,short,step,-2,no,4,middle,no,yes,yes,turning pitch 0 to 2 st below
Sunless 02,15,6,2,C#5,73,i,Bozeman tenor-mezzo midpoint,0.167,above,E3,20.5,inside,9,-3,none,not assessed,short,leap-up,8,no,4,middle,yes,no,no,highest of phrase
Sunless 02,15,6,2.333,F4,65,ɑ,Bozeman tenor-mezzo midpoint,0.167,close,E4,0.5,inside,1,-11,none,not assessed,short,leap-down,-8,no,4,middle,no,yes,yes,turning pitch 0 to 2 st below
Sunless 02,15,6,2.667,G4,67,ɪ,derived from Bozeman tenor-mezzo,0.167,close,D4,4.96,inside,3,-9,none,not assessed,short,step,2,no,4,middle,no,no,no,
Sunless 02,15,6,3,G#4,68,o,Bozeman tenor-mezzo midpoint,0.5,close,C#4,7.5,inside,4,-8,none,not assessed,short,step,1,no,4,last,no,no,no,
Sunless 02,15,6,4.5,G#4,68,o,Bozeman tenor-mezzo midpoint,0.25,close,C#4,7.5,inside,4,-8,none,not assessed,short,repeated,0,yes,5,first,no,no,no,
Sunless 02,15,7,1,A#4,70,ɨ,derived from Bozeman tenor-mezzo,0.167,crossing,A#3,12.11,inside,6,-6,none,not assessed,short,step,2,no,5,middle,no,no,no,crossing
Sunless 02,15,7,1.333,F4,65,ʌ,derived from Bozeman tenor-mezzo,0.167,close,E4,0.5,inside,1,-11,none,not assessed,short,leap-down,-5,no,5,middle,no,yes,yes,turning pitch 0 to 2 st below
Sunless 02,15,7,1.667,G4,67,ɑ,Bozeman tenor-mezzo midpoint,0.167,close,E4,2.5,inside,3,-9,none,not assessed,short,step,2,no,5,middle,no,no,no,
Sunless 02,15,7,2,A#4,70,o,Bozeman tenor-mezzo midpoint,0.167,close,C#4,9.5,inside,6,-6,none,not assessed,short,leap-up,3,no,5,middle,no,no,no,
Sunless 02,15,7,2.333,G4,67,i,Bozeman tenor-mezzo midpoint,0.167,above,E3,14.5,inside,3,-9,none,not assessed,short,leap-down,-3,no,5,middle,no,no,no,
Sunless 02,15,7,2.667,A#4,70,ɑ,Bozeman tenor-mezzo midpoint,0.167,close,E4,5.5,inside,6,-6,none,not assessed,short,leap-up,3,no,5,middle,no,no,no,
Sunless 02,15,7,3,C5,72,e,Bozeman tenor-mezzo midpoint,0.25,close,D4,10.5,inside,8,-4,none,not assessed,short,step,2,no,5,middle,yes,no,no,highest of phrase
Sunless 02,15,7,3.5,G4,67,ɪ,derived from Bozeman tenor-mezzo,0.25,close,D4,4.96,inside,3,-9,none,not assessed,short,leap-down,-5,no,5,last,no,no,no,
Sunless 02,15,7,4.75,C5,72,o,Bozeman tenor-mezzo midpoint,0.125,close,C#4,11.5,inside,8,-4,none,not assessed,short,leap-up,5,yes,6,first,no,no,no,
Sunless 02,15,8,1,C#5,73,e,Bozeman tenor-mezzo midpoint,0.5,close,D4,11.5,inside,9,-3,none,not assessed,short,step,1,no,6,middle,yes,no,no,highest of phrase
Sunless 02,15,8,2,G#4,68,ɛ,Bozeman tenor-mezzo midpoint,0.25,close,D#4,5.5,inside,4,-8,none,not assessed,short,leap-down,-5,no,6,last,no,no,no,
Sunless 02,15,8,2.75,G#4,68,ɑ,Bozeman tenor-mezzo midpoint,0.125,close,E4,3.5,inside,4,-8,none,not assessed,short,repeated,0,yes,7,first,no,no,no,
Sunless 02,15,8,3,A#4,70,o,Bozeman tenor-mezzo midpoint,0.167,close,C#4,9.5,inside,6,-6,none,not assessed,short,step,2,no,7,middle,no,no,no,
Sunless 02,15,8,3.333,F4,65,i,Bozeman tenor-mezzo midpoint,0.167,above,E3,12.5,inside,1,-11,none,not assessed,short,leap-down,-5,no,7,middle,no,yes,no,
Sunless 02,15,8,3.667,G4,67,i,Bozeman tenor-mezzo midpoint,0.167,above,E3,14.5,inside,3,-9,none,not assessed,short,step,2,no,7,middle,no,no,no,
Sunless 02,15,8,4,C#5,73,o,Bozeman tenor-mezzo midpoint,0.5,crossing,C#4,12.5,inside,9,-3,none,not assessed,short,leap-up,6,no,7,middle,no,no,no,crossing
Sunless 02,15,9,1,F#5,78,e,Bozeman tenor-mezzo midpoint,0.5,above,D4,16.5,above secondo,14,2,none,not assessed,short,leap-up,5,no,7,middle,yes,no,no,highest of phrase
Sunless 02,15,9,2,F5,77,o,Bozeman tenor-mezzo midpoint,0.167,above,C#4,16.5,above secondo,13,1,none,not assessed,short,step,-1,no,7,middle,no,yes,no,
Sunless 02,15,9,2.333,E5,76,ʌ,derived from Bozeman tenor-mezzo,0.167,crossing,E4,11.5,inside,12,0,none,not assessed,short,step,-1,no,7,middle,no,yes,yes,crossing
Sunless 02,15,9,2.667,F5,77,u,Bozeman tenor-mezzo midpoint,0.167,above,G3,22.5,above secondo,13,1,none,not assessed,short,step,1,no,7,middle,no,yes,no,
Sunless 02,15,9,3,D#5,75,i,Bozeman tenor-mezzo midpoint,0.333,above,E3,22.5,inside,11,-1,none,not assessed,short,step,-2,no,7,middle,no,yes,no,
Sunless 02,15,9,3.667,D5,74,ʌ,derived from Bozeman tenor-mezzo,0.333,close,E4,9.5,inside,10,-2,none,not assessed,short,step,-1,no,7,middle,no,no,no,
Sunless 02,15,9,4.333,A#4,70,ɑ,Bozeman tenor-mezzo midpoint,0.333,close,E4,5.5,inside,6,-6,none,not assessed,short,leap-down,-4,no,7,middle,no,no,no,
Sunless 02,15,10,1,C#5,73,e,Bozeman tenor-mezzo midpoint,0.5,close,D4,11.5,inside,9,-3,none,not assessed,short,leap-up,3,no,7,middle,no,no,no,
Sunless 02,15,10,2,B4,71,ɪ,derived from Bozeman tenor-mezzo,0.25,close,D4,8.96,inside,7,-5,none,not assessed,short,step,-2,no,7,last,no,no,no,
Sunless 02,15,10,3,C#5,73,u,Bozeman tenor-mezzo midpoint,1,above,G3,18.5,inside,9,-3,none,not assessed,short,step,2,yes,8,first,yes,no,no,highest of phrase
Sunless 02,15,11,1,C5,72,o,Bozeman tenor-mezzo midpoint,0.5,close,C#4,11.5,inside,8,-4,none,not assessed,short,step,-1,no,8,middle,no,no,no,
Sunless 02,15,11,2,G#4,68,i,Bozeman tenor-mezzo midpoint,0.25,above,E3,15.5,inside,4,-8,none,not assessed,short,leap-down,-4,no,8,last,no,no,no,
Sunless 02,15,11,2.75,F4,65,ɑ,Bozeman tenor-mezzo midpoint,0.125,close,E4,0.5,inside,1,-11,none,not assessed,short,leap-down,-3,yes,9,first,no,yes,yes,turning pitch 0 to 2 st below
Sunless 02,15,11,3,E4,64,e,Bozeman tenor-mezzo midpoint,0.5,close,D4,2.5,inside,0,-12,none,not assessed,short,step,-1,no,9,middle,no,yes,no,
Sunless 02,15,11,4,F4,65,ɑ,Bozeman tenor-mezzo midpoint,0.25,close,E4,0.5,inside,1,-11,none,not assessed,short,step,1,no,9,middle,no,yes,yes,turning pitch 0 to 2 st below
Sunless 02,15,11,4.5,F4,65,i,Bozeman tenor-mezzo midpoint,0.25,above,E3,12.5,inside,1,-11,none,not assessed,short,repeated,0,no,9,middle,no,yes,no,
Sunless 02,15,12,1,C#5,73,o,Bozeman tenor-mezzo midpoint,0.5,crossing,C#4,12.5,inside,9,-3,none,not assessed,short,leap-up,8,no,9,last,yes,no,no,highest of phrase; crossing
Sunless 03,14,1,2,D5,74,ɑ,Bozeman tenor-mezzo midpoint,0.612,close,E4,9.5,inside,10,-2,none,not assessed,short,first note,,,0,first,yes,no,no,highest of phrase
Sunless 03,14,2,1,D5,74,o,Bozeman tenor-mezzo midpoint,0.918,above,C#4,13.5,inside,10,-2,none,not assessed,short,repeated,0,no,0,middle,yes,no,no,highest of phrase
Sunless 03,14,2,2.5,E4,64,ɪ,derived from Bozeman tenor-mezzo,0.306,close,D4,1.96,inside,0,-12,none,not assessed,short,leap-down,-10,no,0,middle,no,yes,yes,turning pitch 0 to 2 st below
Sunless 03,14,2,3,F#4,66,ɑ,Bozeman tenor-mezzo midpoint,0.612,close,E4,1.5,inside,2,-10,none,not assessed,short,step,2,no,0,middle,no,no,no,turning pitch 0 to 2 st below
Sunless 03,14,2,4,D4,62,ɨ,derived from Bozeman tenor-mezzo,0.306,close,A#3,4.11,below primo,-2,-14,none,not assessed,short,leap-down,-4,no,0,last,no,no,no,
Sunless 03,14,3,1,A#4,70,u,Bozeman tenor-mezzo midpoint,0.918,above,G3,15.5,inside,6,-6,none,not assessed,short,leap-up,8,yes,1,first,yes,no,no,highest of phrase
Sunless 03,14,3,2.5,A#4,70,ɨ,derived from Bozeman tenor-mezzo,0.306,crossing,A#3,12.11,inside,6,-6,none,not assessed,short,repeated,0,no,1,middle,yes,no,no,highest of phrase; crossing
Sunless 03,14,3,3,A4,69,e,Bozeman tenor-mezzo midpoint,0.612,close,D4,7.5,inside,5,-7,none,not assessed,short,step,-1,no,1,last,no,no,no,
Sunless 03,14,4,1.5,A4,69,u,Bozeman tenor-mezzo midpoint,0.306,above,G3,14.5,inside,5,-7,none,not assessed,short,repeated,0,yes,2,first,yes,no,no,highest of phrase
Sunless 03,14,4,2,A4,69,ɑ,Bozeman tenor-mezzo midpoint,0.306,close,E4,4.5,inside,5,-7,none,not assessed,short,repeated,0,no,2,middle,yes,no,no,highest of phrase
Sunless 03,14,4,2.5,A4,69,ɑ,Bozeman tenor-mezzo midpoint,0.306,close,E4,4.5,inside,5,-7,none,not assessed,short,repeated,0,no,2,middle,yes,no,no,highest of phrase
Sunless 03,14,4,3,D4,62,ɨ,derived from Bozeman tenor-mezzo,0.918,close,A#3,4.11,below primo,-2,-14,none,not assessed,short,leap-down,-7,no,2,middle,no,no,no,
Sunless 03,14,4,4.5,D4,62,u,Bozeman tenor-mezzo midpoint,0.306,close,G3,7.5,below primo,-2,-14,none,not assessed,short,repeated,0,no,2,middle,no,no,no,
Sunless 03,14,5,1,E4,64,o,Bozeman tenor-mezzo midpoint,0.612,close,C#4,3.5,inside,0,-12,none,not assessed,short,step,2,no,2,middle,no,yes,no,
Sunless 03,14,5,2,E4,64,u,Bozeman tenor-mezzo midpoint,0.306,close,G3,9.5,inside,0,-12,none,not assessed,short,repeated,0,no,2,last,no,yes,no,
Sunless 03,14,5,3,F#4,66,ɛ,Bozeman tenor-mezzo midpoint,0.612,close,D#4,3.5,inside,2,-10,none,not assessed,short,step,2,yes,3,first,yes,no,no,highest of phrase
Sunless 03,14,5,4,D4,62,ɪ,derived from Bozeman tenor-mezzo,0.306,open,D4,-0.04,below primo,-2,-14,none,not assessed,short,leap-down,-4,no,3,last,no,no,no,
Sunless 03,14,6,1,B4,71,o,Bozeman tenor-mezzo midpoint,1.224,close,C#4,10.5,inside,7,-5,none,not assessed,short,leap-up,9,yes,4,first,yes,no,no,highest of phrase
Sunless 03,14,6,3,G4,67,i,Bozeman tenor-mezzo midpoint,0.612,above,E3,14.5,inside,3,-9,none,not assessed,short,leap-down,-4,no,4,middle,no,no,no,
Sunless 03,14,6,4,G4,67,ʌ,derived from Bozeman tenor-mezzo,0.306,close,E4,2.5,inside,3,-9,none,not assessed,short,repeated,0,no,4,last,no,no,no,
Sunless 03,14,7,1,G4,67,ɑ,Bozeman tenor-mezzo midpoint,0.459,close,E4,2.5,inside,3,-9,none,not assessed,short,repeated,0,yes,5,first,no,no,no,
Sunless 03,14,7,1.75,G#4,68,ʌ,derived from Bozeman tenor-mezzo,0.153,close,E4,3.5,inside,4,-8,none,not assessed,short,step,1,no,5,middle,no,no,no,
Sunless 03,14,7,2,A#4,70,o,Bozeman tenor-mezzo midpoint,0.306,close,C#4,9.5,inside,6,-6,none,not assessed,short,step,2,no,5,middle,no,no,no,
Sunless 03,14,7,2.5,D#5,75,i,Bozeman tenor-mezzo midpoint,0.306,above,E3,22.5,inside,11,-1,none,not assessed,short,leap-up,5,no,5,middle,yes,yes,yes,highest of phrase
Sunless 03,14,7,3,C5,72,e,Bozeman tenor-mezzo midpoint,0.459,close,D4,10.5,inside,8,-4,none,not assessed,short,leap-down,-3,no,5,middle,no,no,no,
Sunless 03,14,7,3.75,C5,72,ɑ,Bozeman tenor-mezzo midpoint,0.153,close,E4,7.5,inside,8,-4,none,not assessed,short,repeated,0,no,5,middle,no,no,no,
Sunless 03,14,7,4,C5,72,i,Bozeman tenor-mezzo midpoint,0.306,above,E3,19.5,inside,8,-4,none,not assessed,short,repeated,0,no,5,middle,no,no,no,
Sunless 03,14,7,4.5,C5,72,u,Bozeman tenor-mezzo midpoint,0.306,above,G3,17.5,inside,8,-4,none,not assessed,short,repeated,0,no,5,middle,no,no,no,
Sunless 03,14,8,1,C#5,73,a,derived from Bozeman tenor-mezzo,0.918,close,G4,6.08,inside,9,-3,none,not assessed,short,step,1,no,5,middle,no,no,no,
Sunless 03,14,8,2.5,A4,69,u,Bozeman tenor-mezzo midpoint,0.306,above,G3,14.5,inside,5,-7,none,not assessed,short,leap-down,-4,no,5,middle,no,no,no,
Sunless 03,14,8,3,A4,69,u,Bozeman tenor-mezzo midpoint,0.612,above,G3,14.5,inside,5,-7,none,not assessed,short,repeated,0,no,5,middle,no,no,no,
Sunless 03,14,8,4,A4,69,ɑ,Bozeman tenor-mezzo midpoint,0.612,close,E4,4.5,inside,5,-7,none,not assessed,short,repeated,0,no,5,middle,no,no,no,
Sunless 03,14,9,1,A4,69,ɛ,Bozeman tenor-mezzo midpoint,0.612,close,D#4,6.5,inside,5,-7,none,not assessed,short,repeated,0,no,5,middle,no,no,no,
Sunless 03,14,9,2,D4,62,ɪ,derived from Bozeman tenor-mezzo,0.612,open,D4,-0.04,below primo,-2,-14,none,not assessed,short,leap-down,-7,no,5,last,no,no,no,
Sunless 03,14,9,4.5,D5,74,o,Bozeman tenor-mezzo midpoint,0.306,above,C#4,13.5,inside,10,-2,none,not assessed,short,leap-up,12,yes,6,first,yes,no,no,highest of phrase
Sunless 03,14,10,1,A#4,70,o,Bozeman tenor-mezzo midpoint,0.918,close,C#4,9.5,inside,6,-6,none,not assessed,short,leap-down,-4,no,6,middle,no,no,no,
Sunless 03,14,10,2.5,C#4,61,ɑ,Bozeman tenor-mezzo midpoint,0.306,open,E4,-3.5,below primo,-3,-15,none,not assessed,short,leap-down,-9,no,6,middle,no,no,no,
Sunless 03,14,10,3,E4,64,ɑ,Bozeman tenor-mezzo midpoint,0.306,open,E4,-0.5,inside,0,-12,none,not assessed,short,leap-up,3,no,6,middle,no,yes,no,
Sunless 03,14,10,3.5,A#4,70,ɑ,Bozeman tenor-mezzo midpoint,0.306,close,E4,5.5,inside,6,-6,none,not assessed,short,leap-up,6,no,6,middle,no,no,no,
Sunless 03,14,10,4,A4,69,i,Bozeman tenor-mezzo midpoint,0.306,above,E3,16.5,inside,5,-7,none,not assessed,short,step,-1,no,6,middle,no,no,no,
Sunless 03,14,10,4.5,G4,67,ɪ,derived from Bozeman tenor-mezzo,0.306,close,D4,4.96,inside,3,-9,none,not assessed,short,step,-2,no,6,middle,no,no,no,
Sunless 03,14,11,1,F#4,66,ɨ,derived from Bozeman tenor-mezzo,0.306,close,A#3,8.11,inside,2,-10,none,not assessed,short,step,-1,no,6,last,no,no,no,
Sunless 03,14,11,3.5,F#4,66,i,Bozeman tenor-mezzo midpoint,0.306,above,E3,13.5,inside,2,-10,none,not assessed,short,repeated,0,yes,7,first,no,no,no,
Sunless 03,14,11,4,F#4,66,i,Bozeman tenor-mezzo midpoint,0.306,above,E3,13.5,inside,2,-10,none,not assessed,short,repeated,0,no,7,middle,no,no,no,
Sunless 03,14,11,4.5,A4,69,u,Bozeman tenor-mezzo midpoint,0.306,above,G3,14.5,inside,5,-7,none,not assessed,short,leap-up,3,no,7,middle,no,no,no,
Sunless 03,14,12,1,G#4,68,ɑ,Bozeman tenor-mezzo midpoint,0.918,close,E4,3.5,inside,4,-8,none,not assessed,short,step,-1,no,7,middle,no,no,no,
Sunless 03,14,12,2.5,G#4,68,i,Bozeman tenor-mezzo midpoint,0.306,above,E3,15.5,inside,4,-8,none,not assessed,short,repeated,0,no,7,middle,no,no,no,
Sunless 03,14,12,3,C#5,73,o,Bozeman tenor-mezzo midpoint,0.918,crossing,C#4,12.5,inside,9,-3,none,not assessed,short,leap-up,5,no,7,middle,yes,no,no,highest of phrase; crossing
Sunless 03,14,12,4.5,B4,71,i,Bozeman tenor-mezzo midpoint,0.306,above,E3,18.5,inside,7,-5,none,not assessed,short,step,-2,no,7,middle,no,no,no,
Sunless 03,14,13,1,A4,69,i,Bozeman tenor-mezzo midpoint,0.612,above,E3,16.5,inside,5,-7,none,not assessed,short,step,-2,no,7,middle,no,no,no,
Sunless 03,14,13,2,G#4,68,ɨ,derived from Bozeman tenor-mezzo,0.306,close,A#3,10.11,inside,4,-8,none,not assessed,short,step,-1,no,7,last,no,no,no,
Sunless 03,14,13,3.5,G4,67,ʌ,derived from Bozeman tenor-mezzo,0.306,close,E4,2.5,inside,3,-9,none,not assessed,short,step,-1,yes,8,first,no,no,no,
Sunless 03,14,13,4,F#4,66,ʌ,derived from Bozeman tenor-mezzo,0.306,close,E4,1.5,inside,2,-10,none,not assessed,short,step,-1,no,8,middle,no,no,no,turning pitch 0 to 2 st below
Sunless 03,14,13,4.5,F#4,66,ɑ,Bozeman tenor-mezzo midpoint,0.306,close,E4,1.5,inside,2,-10,none,not assessed,short,repeated,0,no,8,middle,no,no,no,turning pitch 0 to 2 st below
Sunless 03,14,14,1,F4,65,e,Bozeman tenor-mezzo midpoint,0.306,close,D4,3.5,inside,1,-11,none,not assessed,short,step,-1,no,8,middle,no,yes,no,
Sunless 03,14,14,1.5,F4,65,i,Bozeman tenor-mezzo midpoint,0.306,above,E3,12.5,inside,1,-11,none,not assessed,short,repeated,0,no,8,middle,no,yes,no,
Sunless 03,14,14,2,G#4,68,ɪ,derived from Bozeman tenor-mezzo,0.306,close,D4,5.96,inside,4,-8,none,not assessed,short,leap-up,3,no,8,middle,no,no,no,
Sunless 03,14,14,2.5,G#4,68,e,Bozeman tenor-mezzo midpoint,0.306,close,D4,6.5,inside,4,-8,none,not assessed,short,repeated,0,no,8,middle,no,no,no,
Sunless 03,14,14,3,A#4,70,i,Bozeman tenor-mezzo midpoint,0.306,above,E3,17.5,inside,6,-6,none,not assessed,short,step,2,no,8,last,yes,no,no,highest of phrase
Sunless 03,14,14,4,A#4,70,ɑ,Bozeman tenor-mezzo midpoint,0.612,close,E4,5.5,inside,6,-6,none,not assessed,short,repeated,0,yes,9,first,no,no,no,
Sunless 03,14,15,1,C5,72,o,Bozeman tenor-mezzo midpoint,0.918,close,C#4,11.5,inside,8,-4,none,not assessed,short,step,2,no,9,middle,no,no,no,
Sunless 03,14,15,2.5,C5,72,u,Bozeman tenor-mezzo midpoint,0.306,above,G3,17.5,inside,8,-4,none,not assessed,short,repeated,0,no,9,middle,no,no,no,
Sunless 03,14,15,3,C#5,73,ɑ,Bozeman tenor-mezzo midpoint,0.459,close,E4,8.5,inside,9,-3,none,not assessed,short,step,1,no,9,middle,yes,no,no,highest of phrase
Sunless 03,14,15,3.75,A4,69,ɪ,derived from Bozeman tenor-mezzo,0.153,close,D4,6.96,inside,5,-7,none,not assessed,short,leap-down,-4,no,9,middle,no,no,no,
Sunless 03,14,15,4,E4,64,ɨ,derived from Bozeman tenor-mezzo,0.306,close,A#3,6.11,inside,0,-12,none,not assessed,short,leap-down,-5,no,9,middle,no,yes,no,
Sunless 03,14,15,4.5,E4,64,ɑ,Bozeman tenor-mezzo midpoint,0.306,open,E4,-0.5,inside,0,-12,none,not assessed,short,repeated,0,no,9,middle,no,yes,no,
Sunless 03,14,16,1,F#4,66,i,Bozeman tenor-mezzo midpoint,0.612,above,E3,13.5,inside,2,-10,none,not assessed,short,step,2,no,9,middle,no,no,no,
Sunless 03,14,16,2,D4,62,ɨ,derived from Bozeman tenor-mezzo,0.306,close,A#3,4.11,below primo,-2,-14,none,not assessed,short,leap-down,-4,no,9,last,no,no,no,
Sunless 03,14,16,3.5,A4,69,ɑ,Bozeman tenor-mezzo midpoint,0.306,close,E4,4.5,inside,5,-7,none,not assessed,short,leap-up,7,yes,10,first,no,no,no,
Sunless 03,14,16,4,D5,74,u,Bozeman tenor-mezzo midpoint,0.306,above,G3,19.5,inside,10,-2,none,not assessed,short,leap-up,5,no,10,middle,yes,no,no,highest of phrase
Sunless 03,14,16,4.5,A4,69,ʌ,derived from Bozeman tenor-mezzo,0.306,close,E4,4.5,inside,5,-7,none,not assessed,short,leap-down,-5,no,10,middle,no,no,no,
Sunless 03,14,17,1,C5,72,o,Bozeman tenor-mezzo midpoint,0.816,close,C#4,11.5,inside,8,-4,none,not assessed,short,leap-up,3,no,10,middle,no,no,no,
Sunless 03,14,17,2.333,C5,72,ɨ,derived from Bozeman tenor-mezzo,0.408,above,A#3,14.11,inside,8,-4,none,not assessed,short,repeated,0,no,10,middle,no,no,no,
Sunless 03,14,17,3,A#4,70,ɑ,Bozeman tenor-mezzo midpoint,0.816,close,E4,5.5,inside,6,-6,none,not assessed,short,step,-2,no,10,middle,no,no,no,
Sunless 03,14,17,4.333,C#5,73,ɑ,Bozeman tenor-mezzo midpoint,0.408,close,E4,8.5,inside,9,-3,none,not assessed,short,leap-up,3,no,10,middle,no,no,no,
Sunless 03,14,18,1,A#4,70,ɑ,Bozeman tenor-mezzo midpoint,0.816,close,E4,5.5,inside,6,-6,none,not assessed,short,leap-down,-3,no,10,middle,no,no,no,
Sunless 03,14,18,2.333,A#4,70,ɑ,Bozeman tenor-mezzo midpoint,0.408,close,E4,5.5,inside,6,-6,none,not assessed,short,tie,0,no,10,last,no,no,no,
Sunless 03,14,18,4.333,A4,69,i,Bozeman tenor-mezzo midpoint,0.408,above,E3,16.5,inside,5,-7,none,not assessed,short,step,-1,yes,11,first,no,no,no,
Sunless 03,14,19,1,C5,72,e,Bozeman tenor-mezzo midpoint,0.816,close,D4,10.5,inside,8,-4,none,not assessed,short,leap-up,3,no,11,middle,no,no,no,
Sunless 03,14,19,2.333,C5,72,i,Bozeman tenor-mezzo midpoint,0.408,above,E3,19.5,inside,8,-4,none,not assessed,short,repeated,0,no,11,middle,no,no,no,
Sunless 03,14,19,3,A#4,70,ɑ,Bozeman tenor-mezzo midpoint,0.816,close,E4,5.5,inside,6,-6,none,not assessed,short,step,-2,no,11,middle,no,no,no,
Sunless 03,14,19,4.333,C#5,73,ɨ,derived from Bozeman tenor-mezzo,0.408,above,A#3,15.11,inside,9,-3,none,not assessed,short,leap-up,3,no,11,middle,yes,no,no,highest of phrase
Sunless 03,14,20,1,A#4,70,o,Bozeman tenor-mezzo midpoint,0.816,close,C#4,9.5,inside,6,-6,none,not assessed,short,leap-down,-3,no,11,middle,no,no,no,
Sunless 03,14,20,2.333,A#4,70,i,Bozeman tenor-mezzo midpoint,0.408,above,E3,17.5,inside,6,-6,none,not assessed,short,repeated,0,no,11,middle,no,no,no,
Sunless 03,14,20,3,G4,67,e,Bozeman tenor-mezzo midpoint,0.408,close,D4,5.5,inside,3,-9,none,not assessed,short,leap-down,-3,no,11,middle,no,no,no,
Sunless 03,14,20,3.667,A4,69,i,Bozeman tenor-mezzo midpoint,0.204,above,E3,16.5,inside,5,-7,none,not assessed,short,step,2,no,11,last,no,no,no,
Sunless 03,14,20,4.333,A4,69,u,Bozeman tenor-mezzo midpoint,0.408,above,G3,14.5,inside,5,-7,none,not assessed,short,repeated,0,yes,12,first,no,no,no,
Sunless 03,14,21,1,A#4,70,ɨ,derived from Bozeman tenor-mezzo,0.816,crossing,A#3,12.11,inside,6,-6,none,not assessed,short,step,1,no,12,middle,no,no,no,crossing
Sunless 03,14,21,2.333,A#4,70,ɑ,Bozeman tenor-mezzo midpoint,0.408,close,E4,5.5,inside,6,-6,none,not assessed,short,repeated,0,no,12,middle,no,no,no,
Sunless 03,14,21,3,G4,67,ʌ,derived from Bozeman tenor-mezzo,0.816,close,E4,2.5,inside,3,-9,none,not assessed,short,leap-down,-3,no,12,middle,no,no,no,
Sunless 03,14,21,4.333,A4,69,ɪ,derived from Bozeman tenor-mezzo,0.408,close,D4,6.96,inside,5,-7,none,not assessed,short,step,2,no,12,middle,no,no,no,
Sunless 03,14,22,1,A#4,70,ɑ,Bozeman tenor-mezzo midpoint,0.816,close,E4,5.5,inside,6,-6,none,not assessed,short,step,1,no,12,middle,no,no,no,
Sunless 03,14,22,2.333,A#4,70,u,Bozeman tenor-mezzo midpoint,0.408,above,G3,15.5,inside,6,-6,none,not assessed,short,repeated,0,no,12,middle,no,no,no,
Sunless 03,14,22,3,G4,67,ɑ,Bozeman tenor-mezzo midpoint,0.816,close,E4,2.5,inside,3,-9,none,not assessed,short,leap-down,-3,no,12,middle,no,no,no,
Sunless 03,14,22,4.333,A4,69,ɑ,Bozeman tenor-mezzo midpoint,0.408,close,E4,4.5,inside,5,-7,none,not assessed,short,step,2,no,12,middle,no,no,no,
Sunless 03,14,23,1,D5,74,ɛ,Bozeman tenor-mezzo midpoint,0.408,close,D#4,11.5,inside,10,-2,none,not assessed,short,leap-up,5,no,12,middle,yes,no,no,highest of phrase
Sunless 03,14,23,1.667,D5,74,ɛ,Bozeman tenor-mezzo midpoint,0.204,close,D#4,11.5,inside,10,-2,none,not assessed,short,tie,0,no,12,last,yes,no,no,highest of phrase
Sunless 03,14,23,2.333,A#4,70,ɑ,Bozeman tenor-mezzo midpoint,0.408,close,E4,5.5,inside,6,-6,none,not assessed,short,leap-down,-4,yes,13,first,no,no,no,
Sunless 03,14,23,3,C#5,73,ɨ,derived from Bozeman tenor-mezzo,0.408,above,A#3,15.11,inside,9,-3,none,not assessed,short,leap-up,3,no,13,middle,yes,no,no,highest of phrase
Sunless 03,14,23,3.667,A4,69,ʌ,derived from Bozeman tenor-mezzo,0.408,close,E4,4.5,inside,5,-7,none,not assessed,short,leap-down,-4,no,13,last,no,no,no,
Sunless 03,14,24,1.667,G4,67,ɑ,Bozeman tenor-mezzo midpoint,0.408,close,E4,2.5,inside,3,-9,none,not assessed,short,step,-2,yes,14,first,no,no,no,
Sunless 03,14,24,2.333,G4,67,u,Bozeman tenor-mezzo midpoint,0.408,crossing,G3,12.5,inside,3,-9,none,not assessed,short,repeated,0,no,14,middle,no,no,no,crossing
Sunless 03,14,24,3,A#4,70,e,Bozeman tenor-mezzo midpoint,0.816,close,D4,8.5,inside,6,-6,none,not assessed,short,leap-up,3,no,14,middle,yes,no,no,highest of phrase
Sunless 03,14,24,4.333,A4,69,i,Bozeman tenor-mezzo midpoint,0.204,above,E3,16.5,inside,5,-7,none,not assessed,short,step,-1,no,14,last,no,no,no,
Sunless 03,14,24,4.833,E4,64,u,Bozeman tenor-mezzo midpoint,0.102,close,G3,9.5,inside,0,-12,none,not assessed,short,leap-down,-5,yes,15,first,yes,yes,yes,highest of phrase
Sunless 03,14,25,1,D4,62,ɨ,derived from Bozeman tenor-mezzo,0.306,close,A#3,4.11,below primo,-2,-14,none,not assessed,short,step,-2,no,15,last,no,no,no,
Sunless 03,14,25,2.5,D4,62,o,Bozeman tenor-mezzo midpoint,0.306,close,C#4,1.5,below primo,-2,-14,none,not assessed,short,repeated,0,yes,16,first,no,no,no,turning pitch 0 to 2 st below
Sunless 03,14,25,3,G#4,68,i,Bozeman tenor-mezzo midpoint,0.306,above,E3,15.5,inside,4,-8,none,not assessed,short,leap-up,6,no,16,middle,yes,no,no,highest of phrase
Sunless 03,14,25,3.5,F4,65,ɑ,Bozeman tenor-mezzo midpoint,0.306,close,E4,0.5,inside,1,-11,none,not assessed,short,leap-down,-3,no,16,middle,no,yes,yes,turning pitch 0 to 2 st below
Sunless 03,14,25,4,E4,64,i,Bozeman tenor-mezzo midpoint,0.306,crossing,E3,11.5,inside,0,-12,none,not assessed,short,step,-1,no,16,middle,no,yes,yes,crossing
Sunless 03,14,25,4.5,F4,65,ɑ,Bozeman tenor-mezzo midpoint,0.306,close,E4,0.5,inside,1,-11,none,not assessed,short,step,1,no,16,middle,no,yes,yes,turning pitch 0 to 2 st below
Sunless 03,14,26,1,D4,62,i,Bozeman tenor-mezzo midpoint,0.612,close,E3,9.5,below primo,-2,-14,none,not assessed,short,leap-down,-3,no,16,last,no,no,no,
Sunless 03,14,26,2.5,D4,62,ɛ,Bozeman tenor-mezzo midpoint,0.306,open,D#4,-0.5,below primo,-2,-14,none,not assessed,short,repeated,0,yes,17,first,no,no,no,
Sunless 03,14,26,3,D5,74,u,Bozeman tenor-mezzo midpoint,0.918,above,G3,19.5,inside,10,-2,none,not assessed,short,leap-up,12,no,17,middle,yes,no,no,highest of phrase
Sunless 03,14,26,4.5,E4,64,ʌ,derived from Bozeman tenor-mezzo,0.306,open,E4,-0.5,inside,0,-12,none,not assessed,short,leap-down,-10,no,17,middle,no,yes,no,
Sunless 03,14,27,1,F#4,66,o,Bozeman tenor-mezzo midpoint,0.306,close,C#4,5.5,inside,2,-10,none,not assessed,short,step,2,no,17,middle,no,no,no,
Sunless 03,14,27,1.5,F#4,66,ʌ,derived from Bozeman tenor-mezzo,0.306,close,E4,1.5,inside,2,-10,none,not assessed,short,repeated,0,no,17,middle,no,no,no,turning pitch 0 to 2 st below
Sunless 03,14,27,2,E4,64,i,Bozeman tenor-mezzo midpoint,0.306,crossing,E3,11.5,inside,0,-12,none,not assessed,short,step,-2,no,17,middle,no,yes,yes,crossing
Sunless 03,14,27,2.5,D4,62,ɑ,Bozeman tenor-mezzo midpoint,0.306,open,E4,-2.5,below primo,-2,-14,none,not assessed,short,step,-2,no,17,middle,no,no,no,
Sunless 03,14,27,3,A#4,70,o,Bozeman tenor-mezzo midpoint,0.612,close,C#4,9.5,inside,6,-6,none,not assessed,short,leap-up,8,no,17,middle,no,no,no,
Sunless 03,14,27,4,G4,67,u,Bozeman tenor-mezzo midpoint,0.306,crossing,G3,12.5,inside,3,-9,none,not assessed,short,leap-down,-3,no,17,last,no,no,no,crossing
Sunless 03,14,27,4.75,G4,67,i,Bozeman tenor-mezzo midpoint,0.153,above,E3,14.5,inside,3,-9,none,not assessed,short,repeated,0,yes,18,first,no,no,no,
Sunless 03,14,28,1,D5,74,u,Bozeman tenor-mezzo midpoint,0.816,above,G3,19.5,inside,10,-2,none,not assessed,short,leap-up,7,no,18,middle,yes,no,no,highest of phrase
Sunless 03,14,28,2.333,C#5,73,i,Bozeman tenor-mezzo midpoint,0.408,above,E3,20.5,inside,9,-3,none,not assessed,short,step,-1,no,18,middle,no,no,no,
Sunless 03,14,28,3,A#4,70,ɑ,Bozeman tenor-mezzo midpoint,0.816,close,E4,5.5,inside,6,-6,none,not assessed,short,leap-down,-3,no,18,middle,no,no,no,
Sunless 03,14,28,4.333,A4,69,ʌ,derived from Bozeman tenor-mezzo,0.408,close,E4,4.5,inside,5,-7,none,not assessed,short,step,-1,no,18,middle,no,no,no,
Sunless 03,14,29,1,D5,74,ʌ,derived from Bozeman tenor-mezzo,0.816,close,E4,9.5,inside,10,-2,none,not assessed,short,leap-up,5,no,18,middle,yes,no,no,highest of phrase
Sunless 03,14,29,2.333,C#5,73,ɑ,Bozeman tenor-mezzo midpoint,0.408,close,E4,8.5,inside,9,-3,none,not assessed,short,step,-1,no,18,middle,no,no,no,
Sunless 03,14,29,3,A#4,70,i,Bozeman tenor-mezzo midpoint,0.816,above,E3,17.5,inside,6,-6,none,not assessed,short,leap-down,-3,no,18,middle,no,no,no,
Sunless 03,14,29,4.333,A4,69,u,Bozeman tenor-mezzo midpoint,0.408,above,G3,14.5,inside,5,-7,none,not assessed,short,step,-1,no,18,middle,no,no,no,
Sunless 03,14,30,1,D4,62,ɛ,Bozeman tenor-mezzo midpoint,0.918,open,D#4,-0.5,below primo,-2,-14,none,not assessed,short,leap-down,-7,no,18,middle,no,no,no,
Sunless 03,14,30,2.5,D4,62,ɪ,derived from Bozeman tenor-mezzo,0.306,open,D4,-0.04,below primo,-2,-14,none,not assessed,short,repeated,0,no,18,middle,no,no,no,
Sunless 03,14,30,3,E4,64,ɑ,Bozeman tenor-mezzo midpoint,0.306,open,E4,-0.5,inside,0,-12,none,not assessed,short,step,2,no,18,middle,no,yes,no,
Sunless 03,14,30,3.5,E4,64,ɪ,derived from Bozeman tenor-mezzo,0.306,close,D4,1.96,inside,0,-12,none,not assessed,short,repeated,0,no,18,middle,no,yes,yes,turning pitch 0 to 2 st below
Sunless 03,14,30,4,D4,62,ɑ,Bozeman tenor-mezzo midpoint,0.306,open,E4,-2.5,below primo,-2,-14,none,not assessed,short,step,-2,no,18,middle,no,no,no,
Sunless 03,14,30,4.5,E4,64,ɑ,Bozeman tenor-mezzo midpoint,0.306,open,E4,-0.5,inside,0,-12,none,not assessed,short,step,2,no,18,middle,no,yes,no,
Sunless 03,14,31,1,F#4,66,o,Bozeman tenor-mezzo midpoint,0.612,close,C#4,5.5,inside,2,-10,none,not assessed,short,step,2,no,18,middle,no,no,no,
Sunless 03,14,31,2,A4,69,u,Bozeman tenor-mezzo midpoint,0.306,above,G3,14.5,inside,5,-7,none,not assessed,short,leap-up,3,no,18,last,no,no,no,
Sunless 03,14,31,4,A4,69,i,Bozeman tenor-mezzo midpoint,0.612,above,E3,16.5,inside,5,-7,none,not assessed,short,repeated,0,yes,19,first,no,no,no,
Sunless 03,14,32,1,C5,72,e,Bozeman tenor-mezzo midpoint,0.204,close,D4,10.5,inside,8,-4,none,not assessed,short,leap-up,3,no,19,middle,no,no,no,
Sunless 03,14,32,1.333,D5,74,e,Bozeman tenor-mezzo midpoint,0.204,crossing,D4,12.5,inside,10,-2,none,not assessed,short,step,2,no,19,middle,no,no,no,crossing
Sunless 03,14,32,1.667,E5,76,ɑ,Bozeman tenor-mezzo midpoint,0.204,crossing,E4,11.5,inside,12,0,none,not assessed,short,step,2,no,19,middle,no,yes,yes,crossing
Sunless 03,14,32,2,D5,74,ɑ,Bozeman tenor-mezzo midpoint,0.204,close,E4,9.5,inside,10,-2,none,not assessed,short,step,-2,no,19,middle,no,no,no,
Sunless 03,14,32,2.333,E5,76,ɑ,Bozeman tenor-mezzo midpoint,0.204,crossing,E4,11.5,inside,12,0,none,not assessed,short,step,2,no,19,middle,no,yes,yes,crossing
Sunless 03,14,32,2.667,A4,69,i,Bozeman tenor-mezzo midpoint,0.204,above,E3,16.5,inside,5,-7,none,not assessed,short,leap-down,-7,no,19,middle,no,no,no,
Sunless 03,14,32,3,C5,72,ɛ,Bozeman tenor-mezzo midpoint,0.204,close,D#4,9.5,inside,8,-4,none,not assessed,short,leap-up,3,no,19,middle,no,no,no,
Sunless 03,14,32,3.333,A#4,70,ɛ,Bozeman tenor-mezzo midpoint,0.204,close,D#4,7.5,inside,6,-6,none,not assessed,short,step,-2,no,19,middle,no,no,no,
Sunless 03,14,32,3.667,A4,69,i,Bozeman tenor-mezzo midpoint,0.204,above,E3,16.5,inside,5,-7,none,not assessed,short,step,-1,no,19,middle,no,no,no,
Sunless 03,14,32,4,C5,72,e,Bozeman tenor-mezzo midpoint,0.408,close,D4,10.5,inside,8,-4,none,not assessed,short,leap-up,3,no,19,middle,no,no,no,
Sunless 03,14,32,4.667,C5,72,i,Bozeman tenor-mezzo midpoint,0.204,above,E3,19.5,inside,8,-4,none,not assessed,short,repeated,0,no,19,middle,no,no,no,
Sunless 03,14,33,1,C5,72,i,Bozeman tenor-mezzo midpoint,0.204,above,E3,19.5,inside,8,-4,none,not assessed,short,repeated,0,no,19,middle,no,no,no,
Sunless 03,14,33,1.333,D5,74,i,Bozeman tenor-mezzo midpoint,0.204,above,E3,21.5,inside,10,-2,none,not assessed,short,step,2,no,19,middle,no,no,no,
Sunless 03,14,33,1.667,E5,76,ɑ,Bozeman tenor-mezzo midpoint,0.204,crossing,E4,11.5,inside,12,0,none,not assessed,short,step,2,no,19,middle,no,yes,yes,crossing
Sunless 03,14,33,2,D5,74,ɛ,Bozeman tenor-mezzo midpoint,0.204,close,D#4,11.5,inside,10,-2,none,not assessed,short,step,-2,no,19,middle,no,no,no,
Sunless 03,14,33,2.333,E5,76,ɛ,Bozeman tenor-mezzo midpoint,0.204,above,D#4,13.5,inside,12,0,none,not assessed,short,step,2,no,19,middle,no,yes,no,
Sunless 03,14,33,2.667,A4,69,ɨ,derived from Bozeman tenor-mezzo,0.204,close,A#3,11.11,inside,5,-7,none,not assessed,short,leap-down,-7,no,19,middle,no,no,no,
Sunless 03,14,33,3,C5,72,ɑ,Bozeman tenor-mezzo midpoint,0.204,close,E4,7.5,inside,8,-4,none,not assessed,short,leap-up,3,no,19,middle,no,no,no,
Sunless 03,14,33,3.333,A#4,70,ɑ,Bozeman tenor-mezzo midpoint,0.204,close,E4,5.5,inside,6,-6,none,not assessed,short,step,-2,no,19,middle,no,no,no,
Sunless 03,14,33,3.667,A4,69,u,Bozeman tenor-mezzo midpoint,0.204,above,G3,14.5,inside,5,-7,none,not assessed,short,step,-1,no,19,middle,no,no,no,
Sunless 03,14,33,4,C5,72,o,Bozeman tenor-mezzo midpoint,0.204,close,C#4,11.5,inside,8,-4,none,not assessed,short,leap-up,3,no,19,middle,no,no,no,
Sunless 03,14,33,4.333,C5,72,u,Bozeman tenor-mezzo midpoint,0.204,above,G3,17.5,inside,8,-4,none,not assessed,short,repeated,0,no,19,middle,no,no,no,
Sunless 03,14,33,4.667,A#4,70,i,Bozeman tenor-mezzo midpoint,0.204,above,E3,17.5,inside,6,-6,none,not assessed,short,step,-2,no,19,middle,no,no,no,
Sunless 03,14,34,1,C#5,73,e,Bozeman tenor-mezzo midpoint,0.204,close,D4,11.5,inside,9,-3,none,not assessed,short,leap-up,3,no,19,middle,no,no,no,
Sunless 03,14,34,1.333,F4,65,e,Bozeman tenor-mezzo midpoint,0.204,close,D4,3.5,inside,1,-11,none,not assessed,short,leap-down,-8,no,19,middle,no,yes,no,
Sunless 03,14,34,1.667,G#4,68,ɨ,derived from Bozeman tenor-mezzo,0.204,close,A#3,10.11,inside,4,-8,none,not assessed,short,leap-up,3,no,19,middle,no,no,no,
Sunless 03,14,34,2,C5,72,u,Bozeman tenor-mezzo midpoint,0.408,above,G3,17.5,inside,8,-4,none,not assessed,short,leap-up,4,no,19,middle,no,no,no,
Sunless 03,14,34,2.667,A#4,70,i,Bozeman tenor-mezzo midpoint,0.204,above,E3,17.5,inside,6,-6,none,not assessed,short,step,-2,no,19,middle,no,no,no,
Sunless 03,14,34,3,C#5,73,u,Bozeman tenor-mezzo midpoint,0.204,above,G3,18.5,inside,9,-3,none,not assessed,short,leap-up,3,no,19,middle,no,no,no,
Sunless 03,14,34,3.333,F4,65,u,Bozeman tenor-mezzo midpoint,0.204,close,G3,10.5,inside,1,-11,none,not assessed,short,leap-down,-8,no,19,middle,no,yes,no,
Sunless 03,14,34,3.667,G#4,68,ɨ,derived from Bozeman tenor-mezzo,0.204,close,A#3,10.11,inside,4,-8,none,not assessed,short,leap-up,3,no,19,middle,no,no,no,
Sunless 03,14,34,4,C5,72,e,Bozeman tenor-mezzo midpoint,0.408,close,D4,10.5,inside,8,-4,none,not assessed,short,leap-up,4,no,19,middle,no,no,no,
Sunless 03,14,34,4.667,A#4,70,ɑ,Bozeman tenor-mezzo midpoint,0.204,close,E4,5.5,inside,6,-6,none,not assessed,short,step,-2,no,19,middle,no,no,no,
Sunless 03,14,35,1,C5,72,i,Bozeman tenor-mezzo midpoint,0.204,above,E3,19.5,inside,8,-4,none,not assessed,short,step,2,no,19,middle,no,no,no,
Sunless 03,14,35,1.333,D5,74,i,Bozeman tenor-mezzo midpoint,0.204,above,E3,21.5,inside,10,-2,none,not assessed,short,step,2,no,19,middle,no,no,no,
Sunless 03,14,35,1.667,E5,76,ɑ,Bozeman tenor-mezzo midpoint,0.204,crossing,E4,11.5,inside,12,0,none,not assessed,short,step,2,no,19,middle,no,yes,yes,crossing
Sunless 03,14,35,2,F5,77,i,Bozeman tenor-mezzo midpoint,0.204,above,E3,24.5,above secondo,13,1,none,not assessed,short,step,1,no,19,middle,yes,yes,yes,highest of phrase
Sunless 03,14,35,2.333,E5,76,i,Bozeman tenor-mezzo midpoint,0.204,above,E3,23.5,inside,12,0,none,not assessed,short,step,-1,no,19,middle,no,yes,no,
Sunless 03,14,35,2.667,A4,69,ʌ,derived from Bozeman tenor-mezzo,0.204,close,E4,4.5,inside,5,-7,none,not assessed,short,leap-down,-7,no,19,middle,no,no,no,
Sunless 03,14,35,3,C5,72,i,Bozeman tenor-mezzo midpoint,0.204,above,E3,19.5,inside,8,-4,none,not assessed,short,leap-up,3,no,19,middle,no,no,no,
Sunless 03,14,35,3.333,A#4,70,i,Bozeman tenor-mezzo midpoint,0.204,above,E3,17.5,inside,6,-6,none,not assessed,short,step,-2,no,19,middle,no,no,no,
Sunless 03,14,35,3.667,A4,69,ɑ,Bozeman tenor-mezzo midpoint,0.204,close,E4,4.5,inside,5,-7,none,not assessed,short,step,-1,no,19,middle,no,no,no,
Sunless 03,14,35,4,C5,72,o,Bozeman tenor-mezzo midpoint,0.204,close,C#4,11.5,inside,8,-4,none,not assessed,short,leap-up,3,no,19,middle,no,no,no,
Sunless 03,14,35,4.333,G4,67,u,Bozeman tenor-mezzo midpoint,0.204,crossing,G3,12.5,inside,3,-9,none,not assessed,short,leap-down,-5,no,19,middle,no,no,no,crossing
Sunless 03,14,35,4.667,A4,69,i,Bozeman tenor-mezzo midpoint,0.204,above,E3,16.5,inside,5,-7,none,not assessed,short,step,2,no,19,middle,no,no,no,
Sunless 03,14,36,1,D5,74,ɛ,Bozeman tenor-mezzo midpoint,0.204,close,D#4,11.5,inside,10,-2,none,not assessed,short,leap-up,5,no,19,middle,no,no,no,
Sunless 03,14,36,1.167,C#5,73,ɛ,Bozeman tenor-mezzo midpoint,0.204,close,D#4,10.5,inside,9,-3,none,not assessed,short,step,-1,no,19,middle,no,no,no,
Sunless 03,14,36,1.333,D5,74,ʌ,derived from Bozeman tenor-mezzo,0.204,close,E4,9.5,inside,10,-2,none,not assessed,short,step,1,no,19,middle,no,no,no,
Sunless 03,14,36,1.5,B4,71,ɑ,Bozeman tenor-mezzo midpoint,0.204,close,E4,6.5,inside,7,-5,none,not assessed,short,leap-down,-3,no,19,middle,no,no,no,
Sunless 03,14,36,1.667,C#5,73,ɑ,Bozeman tenor-mezzo midpoint,0.204,close,E4,8.5,inside,9,-3,none,not assessed,short,step,2,no,19,middle,no,no,no,
Sunless 03,14,36,1.833,A4,69,ɑ,Bozeman tenor-mezzo midpoint,0.204,close,E4,4.5,inside,5,-7,none,not assessed,short,leap-down,-4,no,19,middle,no,no,no,
Sunless 03,14,36,2,C5,72,e,Bozeman tenor-mezzo midpoint,0.408,close,D4,10.5,inside,8,-4,none,not assessed,short,leap-up,3,no,19,middle,no,no,no,
Sunless 03,14,36,2.333,A#4,70,ɑ,Bozeman tenor-mezzo midpoint,0.204,close,E4,5.5,inside,6,-6,none,not assessed,short,step,-2,no,19,middle,no,no,no,
Sunless 03,14,36,2.5,G#4,68,o,Bozeman tenor-mezzo midpoint,0.204,close,C#4,7.5,inside,4,-8,none,not assessed,short,step,-2,no,19,last,no,no,no,
Sunless 03,14,36,2.833,D5,74,u,Bozeman tenor-mezzo midpoint,0.204,above,G3,19.5,inside,10,-2,none,not assessed,short,leap-up,6,yes,20,first,no,no,no,
Sunless 03,14,36,3,F#5,78,u,Bozeman tenor-mezzo midpoint,0.204,above,G3,23.5,above secondo,14,2,none,not assessed,short,leap-up,4,no,20,middle,yes,no,no,highest of phrase
Sunless 03,14,36,3.167,E5,76,u,Bozeman tenor-mezzo midpoint,0.204,above,G3,21.5,inside,12,0,none,not assessed,short,step,-2,no,20,middle,no,yes,no,
Sunless 03,14,36,3.333,D5,74,u,Bozeman tenor-mezzo midpoint,0.204,above,G3,19.5,inside,10,-2,none,not assessed,short,step,-2,no,20,middle,no,no,no,
Sunless 03,14,36,3.5,C#5,73,ɑ,Bozeman tenor-mezzo midpoint,0.204,close,E4,8.5,inside,9,-3,none,not assessed,short,step,-1,no,20,middle,no,no,no,
Sunless 03,14,36,3.667,D5,74,ɑ,Bozeman tenor-mezzo midpoint,0.204,close,E4,9.5,inside,10,-2,none,not assessed,short,step,1,no,20,middle,no,no,no,
Sunless 03,14,36,3.833,A4,69,i,Bozeman tenor-mezzo midpoint,0.204,above,E3,16.5,inside,5,-7,none,not assessed,short,leap-down,-5,no,20,middle,no,no,no,
Sunless 03,14,37,1,C5,72,ɛ,Bozeman tenor-mezzo midpoint,0.204,close,D#4,9.5,inside,8,-4,none,not assessed,short,leap-up,3,no,20,last,no,no,no,
Sunless 03,14,37,1.667,G4,67,ɪ,derived from Bozeman tenor-mezzo,0.204,close,D4,4.96,inside,3,-9,none,not assessed,short,leap-down,-5,yes,21,first,no,no,no,
Sunless 03,14,37,2,A#4,70,o,Bozeman tenor-mezzo midpoint,0.204,close,C#4,9.5,inside,6,-6,none,not assessed,short,leap-up,3,no,21,middle,yes,no,no,highest of phrase
Sunless 03,14,37,2.333,A4,69,ʌ,derived from Bozeman tenor-mezzo,0.204,close,E4,4.5,inside,5,-7,none,not assessed,short,step,-1,no,21,last,no,no,no,
Sunless 03,14,37,3.5,D4,62,i,Bozeman tenor-mezzo midpoint,0.306,close,E3,9.5,below primo,-2,-14,none,not assessed,short,leap-down,-7,yes,22,first,no,no,no,
Sunless 03,14,37,4,D4,62,ɛ,Bozeman tenor-mezzo midpoint,0.306,open,D#4,-0.5,below primo,-2,-14,none,not assessed,short,repeated,0,no,22,middle,no,no,no,
Sunless 03,14,37,4.5,D4,62,ɪ,derived from Bozeman tenor-mezzo,0.306,open,D4,-0.04,below primo,-2,-14,none,not assessed,short,repeated,0,no,22,middle,no,no,no,
Sunless 03,14,38,1,F4,65,i,Bozeman tenor-mezzo midpoint,0.612,above,E3,12.5,inside,1,-11,none,not assessed,short,leap-up,3,no,22,middle,yes,yes,yes,highest of phrase
Sunless 03,14,38,2,D4,62,ʌ,derived from Bozeman tenor-mezzo,0.306,open,E4,-2.5,below primo,-2,-14,none,not assessed,short,leap-down,-3,no,22,last,no,no,no,
Sunless 03,14,38,3,D5,74,ɑ,Bozeman tenor-mezzo midpoint,0.918,close,E4,9.5,inside,10,-2,none,not assessed,short,leap-up,12,yes,23,first,yes,no,no,highest of phrase
Sunless 03,14,38,4.5,B4,71,ɑ,Bozeman tenor-mezzo midpoint,0.306,close,E4,6.5,inside,7,-5,none,not assessed,short,leap-down,-3,no,23,middle,no,no,no,
Sunless 03,14,39,1,A4,69,o,Bozeman tenor-mezzo midpoint,0.612,close,C#4,8.5,inside,5,-7,none,not assessed,short,step,-2,no,23,middle,no,no,no,
Sunless 03,14,39,2,G4,67,ʌ,derived from Bozeman tenor-mezzo,0.306,close,E4,2.5,inside,3,-9,none,not assessed,short,step,-2,no,23,last,no,no,no,
Sunless 03,14,39,4.5,D4,62,i,Bozeman tenor-mezzo midpoint,0.306,close,E3,9.5,below primo,-2,-14,none,not assessed,short,leap-down,-5,yes,24,first,no,no,no,
Sunless 03,14,40,1,A4,69,ɛ,Bozeman tenor-mezzo midpoint,0.918,close,D#4,6.5,inside,5,-7,none,not assessed,short,leap-up,7,no,24,middle,no,no,no,
Sunless 03,14,40,2.5,D5,74,ɑ,Bozeman tenor-mezzo midpoint,0.306,close,E4,9.5,inside,10,-2,none,not assessed,short,leap-up,5,no,24,middle,yes,no,no,highest of phrase
Sunless 03,14,40,3,A#4,70,o,Bozeman tenor-mezzo midpoint,0.459,close,C#4,9.5,inside,6,-6,none,not assessed,short,leap-down,-4,no,24,middle,no,no,no,
Sunless 03,14,40,3.75,A#4,70,ɑ,Bozeman tenor-mezzo midpoint,0.153,close,E4,5.5,inside,6,-6,none,not assessed,short,repeated,0,no,24,middle,no,no,no,
Sunless 03,14,40,4,A4,69,i,Bozeman tenor-mezzo midpoint,0.306,above,E3,16.5,inside,5,-7,none,not assessed,short,step,-1,no,24,middle,no,no,no,
Sunless 03,14,40,4.5,C#5,73,ʌ,derived from Bozeman tenor-mezzo,0.306,close,E4,8.5,inside,9,-3,none,not assessed,short,leap-up,4,no,24,middle,no,no,no,
Sunless 03,14,41,1,F#4,66,o,Bozeman tenor-mezzo midpoint,0.612,close,C#4,5.5,inside,2,-10,none,not assessed,short,leap-down,-7,no,24,middle,no,no,no,
Sunless 03,14,41,2,F#4,66,o,Bozeman tenor-mezzo midpoint,0.306,close,C#4,5.5,inside,2,-10,none,not assessed,short,tie,0,no,24,last,no,no,no,
Sunless 04,13,2,2.5,G4,67,u,Bozeman tenor-mezzo midpoint,0.395,crossing,G3,12.5,inside,3,-9,none,not assessed,short,first note,,,0,first,yes,no,no,highest of phrase; crossing
Sunless 04,13,2,3,F4,65,a,derived from Bozeman tenor-mezzo,0.789,open,G4,-1.92,inside,1,-11,none,not assessed,short,step,-2,no,0,middle,no,yes,no,
Sunless 04,13,2,4,F4,65,a,derived from Bozeman tenor-mezzo,0.395,open,G4,-1.92,inside,1,-11,none,not assessed,short,tie,0,no,0,last,no,yes,no,
Sunless 04,13,3,1.5,G4,67,ɨ,derived from Bozeman tenor-mezzo,0.395,close,A#3,9.11,inside,3,-9,none,not assessed,short,step,2,yes,1,first,no,no,no,
Sunless 04,13,3,2,G4,67,ʌ,derived from Bozeman tenor-mezzo,0.395,close,E4,2.5,inside,3,-9,none,not assessed,short,repeated,0,no,1,middle,no,no,no,
Sunless 04,13,3,2.5,G4,67,ɑ,Bozeman tenor-mezzo midpoint,0.395,close,E4,2.5,inside,3,-9,none,not assessed,short,repeated,0,no,1,middle,no,no,no,
Sunless 04,13,3,3,G#4,68,ɑ,Bozeman tenor-mezzo midpoint,1.184,close,E4,3.5,inside,4,-8,none,not assessed,short,step,1,no,1,middle,yes,no,no,highest of phrase
Sunless 04,13,3,4.5,G#4,68,ɪ,derived from Bozeman tenor-mezzo,0.395,close,D4,5.96,inside,4,-8,none,not assessed,short,repeated,0,no,1,middle,yes,no,no,highest of phrase
Sunless 04,13,4,1,G4,67,u,Bozeman tenor-mezzo midpoint,0.789,crossing,G3,12.5,inside,3,-9,none,not assessed,short,step,-1,no,1,middle,no,no,no,crossing
Sunless 04,13,4,2,G4,67,i,Bozeman tenor-mezzo midpoint,0.395,above,E3,14.5,inside,3,-9,none,not assessed,short,repeated,0,no,1,last,no,no,no,
Sunless 04,13,4,4,G4,67,ɪ,derived from Bozeman tenor-mezzo,0.789,close,D4,4.96,inside,3,-9,none,not assessed,short,repeated,0,yes,2,first,no,no,no,
Sunless 04,13,5,1,A4,69,u,Bozeman tenor-mezzo midpoint,1.184,above,G3,14.5,inside,5,-7,none,not assessed,short,step,2,no,2,middle,no,no,no,
Sunless 04,13,5,2.5,E5,76,i,Bozeman tenor-mezzo midpoint,0.395,above,E3,23.5,inside,12,0,none,not assessed,short,leap-up,7,no,2,middle,yes,yes,yes,highest of phrase
Sunless 04,13,5,3,D5,74,u,Bozeman tenor-mezzo midpoint,0.395,above,G3,19.5,inside,10,-2,none,not assessed,short,step,-2,no,2,middle,no,no,no,
Sunless 04,13,5,3.5,A4,69,ɑ,Bozeman tenor-mezzo midpoint,0.395,close,E4,4.5,inside,5,-7,none,not assessed,short,leap-down,-5,no,2,middle,no,no,no,
Sunless 04,13,5,4,D5,74,ɑ,Bozeman tenor-mezzo midpoint,0.395,close,E4,9.5,inside,10,-2,none,not assessed,short,leap-up,5,no,2,middle,no,no,no,
Sunless 04,13,5,4.5,C5,72,ɨ,derived from Bozeman tenor-mezzo,0.395,above,A#3,14.11,inside,8,-4,none,not assessed,short,step,-2,no,2,middle,no,no,no,
Sunless 04,13,6,1,B4,71,ɛ,Bozeman tenor-mezzo midpoint,0.395,close,D#4,8.5,inside,7,-5,none,not assessed,short,step,-1,no,2,last,no,no,no,
Sunless 04,13,6,2,B4,71,ɑ,Bozeman tenor-mezzo midpoint,0.789,close,E4,6.5,inside,7,-5,none,not assessed,short,repeated,0,yes,3,first,no,no,no,
Sunless 04,13,6,3,D#5,75,ɛ,Bozeman tenor-mezzo midpoint,1.184,crossing,D#4,12.5,inside,11,-1,none,not assessed,short,leap-up,4,no,3,middle,yes,yes,yes,highest of phrase; crossing
Sunless 04,13,6,4.5,D#5,75,ɑ,Bozeman tenor-mezzo midpoint,0.395,close,E4,10.5,inside,11,-1,none,not assessed,short,repeated,0,no,3,middle,yes,yes,yes,highest of phrase
Sunless 04,13,7,1,C5,72,ɑ,Bozeman tenor-mezzo midpoint,0.395,close,E4,7.5,inside,8,-4,none,not assessed,short,leap-down,-3,no,3,middle,no,no,no,
Sunless 04,13,7,1.5,G4,67,ɑ,Bozeman tenor-mezzo midpoint,0.395,close,E4,2.5,inside,3,-9,none,not assessed,short,leap-down,-5,no,3,middle,no,no,no,
Sunless 04,13,7,2,C5,72,ɪ,derived from Bozeman tenor-mezzo,0.395,close,D4,9.96,inside,8,-4,none,not assessed,short,leap-up,5,no,3,middle,no,no,no,
Sunless 04,13,7,2.5,D5,74,ɑ,Bozeman tenor-mezzo midpoint,0.395,close,E4,9.5,inside,10,-2,none,not assessed,short,step,2,no,3,middle,no,no,no,
Sunless 04,13,7,3,A#4,70,u,Bozeman tenor-mezzo midpoint,0.789,above,G3,15.5,inside,6,-6,none,not assessed,short,leap-down,-4,no,3,middle,no,no,no,
Sunless 04,13,7,4,G4,67,i,Bozeman tenor-mezzo midpoint,0.789,above,E3,14.5,inside,3,-9,none,not assessed,short,leap-down,-3,no,3,last,no,no,no,
Sunless 04,13,8,1.5,G4,67,ɑ,Bozeman tenor-mezzo midpoint,0.395,close,E4,2.5,inside,3,-9,none,not assessed,short,repeated,0,yes,4,first,no,no,no,
Sunless 04,13,8,2,A#4,70,ɪ,derived from Bozeman tenor-mezzo,0.395,close,D4,7.96,inside,6,-6,none,not assessed,short,leap-up,3,no,4,middle,no,no,no,
Sunless 04,13,8,2.5,G4,67,ɑ,Bozeman tenor-mezzo midpoint,0.395,close,E4,2.5,inside,3,-9,none,not assessed,short,leap-down,-3,no,4,middle,no,no,no,
Sunless 04,13,8,3,C5,72,e,Bozeman tenor-mezzo midpoint,0.789,close,D4,10.5,inside,8,-4,none,not assessed,short,leap-up,5,no,4,middle,no,no,no,
Sunless 04,13,8,4,G#4,68,ɑ,Bozeman tenor-mezzo midpoint,0.789,close,E4,3.5,inside,4,-8,none,not assessed,short,leap-down,-4,no,4,middle,no,no,no,
Sunless 04,13,9,1,D5,74,ɛ,Bozeman tenor-mezzo midpoint,1.184,close,D#4,11.5,inside,10,-2,none,not assessed,short,leap-up,6,no,4,middle,yes,no,no,highest of phrase
Sunless 04,13,9,2.5,D5,74,ɑ,Bozeman tenor-mezzo midpoint,0.395,close,E4,9.5,inside,10,-2,none,not assessed,short,repeated,0,no,4,middle,yes,no,no,highest of phrase
Sunless 04,13,9,3,B4,71,ɛ,Bozeman tenor-mezzo midpoint,0.789,close,D#4,8.5,inside,7,-5,none,not assessed,short,leap-down,-3,no,4,last,no,no,no,
Sunless 04,13,11,2.5,G4,67,u,Bozeman tenor-mezzo midpoint,0.395,crossing,G3,12.5,inside,3,-9,none,not assessed,short,leap-down,-4,yes,5,first,yes,no,no,highest of phrase; crossing
Sunless 04,13,11,3,F4,65,a,derived from Bozeman tenor-mezzo,0.789,open,G4,-1.92,inside,1,-11,none,not assessed,short,step,-2,no,5,last,no,yes,no,
Sunless 04,13,11,4.5,G4,67,u,Bozeman tenor-mezzo midpoint,0.395,crossing,G3,12.5,inside,3,-9,none,not assessed,short,step,2,yes,6,first,no,no,no,crossing
Sunless 04,13,12,1,G4,67,a,derived from Bozeman tenor-mezzo,1.184,close,G4,0.08,inside,3,-9,none,not assessed,short,repeated,0,no,6,middle,no,no,no,turning pitch 0 to 2 st below
Sunless 04,13,12,2.5,G4,67,ɑ,Bozeman tenor-mezzo midpoint,0.395,close,E4,2.5,inside,3,-9,none,not assessed,short,repeated,0,no,6,middle,no,no,no,
Sunless 04,13,12,3,A4,69,ɑ,Bozeman tenor-mezzo midpoint,0.789,close,E4,4.5,inside,5,-7,none,not assessed,short,step,2,no,6,middle,no,no,no,
Sunless 04,13,12,4,G4,67,u,Bozeman tenor-mezzo midpoint,0.395,crossing,G3,12.5,inside,3,-9,none,not assessed,short,step,-2,no,6,middle,no,no,no,crossing
Sunless 04,13,12,4.5,A4,69,u,Bozeman tenor-mezzo midpoint,0.395,above,G3,14.5,inside,5,-7,none,not assessed,short,step,2,no,6,middle,no,no,no,
Sunless 04,13,13,1,G4,67,i,Bozeman tenor-mezzo midpoint,0.789,above,E3,14.5,inside,3,-9,none,not assessed,short,step,-2,no,6,middle,no,no,no,
Sunless 04,13,13,2,A4,69,i,Bozeman tenor-mezzo midpoint,0.395,above,E3,16.5,inside,5,-7,none,not assessed,short,step,2,no,6,middle,no,no,no,
Sunless 04,13,13,2.5,G4,67,i,Bozeman tenor-mezzo midpoint,0.395,above,E3,14.5,inside,3,-9,none,not assessed,short,step,-2,no,6,middle,no,no,no,
Sunless 04,13,13,3,D4,62,ɑ,Bozeman tenor-mezzo midpoint,0.789,open,E4,-2.5,below primo,-2,-14,none,not assessed,short,leap-down,-5,no,6,middle,no,no,no,
Sunless 04,13,13,4,D4,62,ɑ,Bozeman tenor-mezzo midpoint,0.395,open,E4,-2.5,below primo,-2,-14,none,not assessed,short,repeated,0,no,6,middle,no,no,no,
Sunless 04,13,13,4.5,G#4,68,i,Bozeman tenor-mezzo midpoint,0.395,above,E3,15.5,inside,4,-8,none,not assessed,short,leap-up,6,no,6,middle,no,no,no,
Sunless 04,13,14,1,G4,67,ɨ,derived from Bozeman tenor-mezzo,0.789,close,A#3,9.11,inside,3,-9,none,not assessed,short,step,-1,no,6,middle,no,no,no,
Sunless 04,13,14,2,G4,67,ɪ,derived from Bozeman tenor-mezzo,0.789,close,D4,4.96,inside,3,-9,none,not assessed,short,repeated,0,no,6,middle,no,no,no,
Sunless 04,13,14,3,A4,69,e,Bozeman tenor-mezzo midpoint,0.789,close,D4,7.5,inside,5,-7,none,not assessed,short,step,2,no,6,middle,no,no,no,
Sunless 04,13,14,4,G4,67,ʌ,derived from Bozeman tenor-mezzo,0.395,close,E4,2.5,inside,3,-9,none,not assessed,short,step,-2,no,6,middle,no,no,no,
Sunless 04,13,14,4.5,A4,69,ʌ,derived from Bozeman tenor-mezzo,0.395,close,E4,4.5,inside,5,-7,none,not assessed,short,step,2,no,6,middle,no,no,no,
Sunless 04,13,15,1,G4,67,u,Bozeman tenor-mezzo midpoint,1.184,crossing,G3,12.5,inside,3,-9,none,not assessed,short,step,-2,no,6,middle,no,no,no,crossing
Sunless 04,13,15,2.5,E4,64,o,Bozeman tenor-mezzo midpoint,0.395,close,C#4,3.5,inside,0,-12,none,not assessed,short,leap-down,-3,no,6,middle,no,yes,no,
Sunless 04,13,15,3,B4,71,ɨ,derived from Bozeman tenor-mezzo,0.395,above,A#3,13.11,inside,7,-5,none,not assessed,short,leap-up,7,no,6,last,yes,no,no,highest of phrase
Sunless 04,13,15,4.5,G4,67,i,Bozeman tenor-mezzo midpoint,0.395,above,E3,14.5,inside,3,-9,none,not assessed,short,leap-down,-4,yes,7,first,no,no,no,
Sunless 04,13,16,1,C#5,73,ɛ,Bozeman tenor-mezzo midpoint,0.789,close,D#4,10.5,inside,9,-3,none,not assessed,short,leap-up,6,no,7,middle,no,no,no,
Sunless 04,13,16,2,C5,72,ʌ,derived from Bozeman tenor-mezzo,0.395,close,E4,7.5,inside,8,-4,none,not assessed,short,step,-1,no,7,middle,no,no,no,
Sunless 04,13,16,2.5,C#5,73,ʌ,derived from Bozeman tenor-mezzo,0.395,close,E4,8.5,inside,9,-3,none,not assessed,short,step,1,no,7,middle,no,no,no,
Sunless 04,13,16,3,F4,65,ɨ,derived from Bozeman tenor-mezzo,0.789,close,A#3,7.11,inside,1,-11,none,not assessed,short,leap-down,-8,no,7,middle,no,yes,no,
Sunless 04,13,16,4,G4,67,ɨ,derived from Bozeman tenor-mezzo,0.395,close,A#3,9.11,inside,3,-9,none,not assessed,short,step,2,no,7,middle,no,no,no,
Sunless 04,13,16,4.5,G#4,68,ɨ,derived from Bozeman tenor-mezzo,0.395,close,A#3,10.11,inside,4,-8,none,not assessed,short,step,1,no,7,middle,no,no,no,
Sunless 04,13,17,1,C#5,73,ʌ,derived from Bozeman tenor-mezzo,0.789,close,E4,8.5,inside,9,-3,none,not assessed,short,leap-up,5,no,7,middle,no,no,no,
Sunless 04,13,17,2,C5,72,i,Bozeman tenor-mezzo midpoint,0.395,above,E3,19.5,inside,8,-4,none,not assessed,short,step,-1,no,7,middle,no,no,no,
Sunless 04,13,17,2.5,C#5,73,i,Bozeman tenor-mezzo midpoint,0.395,above,E3,20.5,inside,9,-3,none,not assessed,short,step,1,no,7,middle,no,no,no,
Sunless 04,13,17,3,F4,65,ɑ,Bozeman tenor-mezzo midpoint,0.789,close,E4,0.5,inside,1,-11,none,not assessed,short,leap-down,-8,no,7,middle,no,yes,yes,turning pitch 0 to 2 st below
Sunless 04,13,17,4,G4,67,ɑ,Bozeman tenor-mezzo midpoint,0.395,close,E4,2.5,inside,3,-9,none,not assessed,short,step,2,no,7,middle,no,no,no,
Sunless 04,13,17,4.5,G#4,68,ɑ,Bozeman tenor-mezzo midpoint,0.395,close,E4,3.5,inside,4,-8,none,not assessed,short,step,1,no,7,middle,no,no,no,
Sunless 04,13,18,1,G4,67,ɑ,Bozeman tenor-mezzo midpoint,1.184,close,E4,2.5,inside,3,-9,none,not assessed,short,step,-1,no,7,middle,no,no,no,
Sunless 04,13,18,2.5,E4,64,u,Bozeman tenor-mezzo midpoint,0.395,close,G3,9.5,inside,0,-12,none,not assessed,short,leap-down,-3,no,7,middle,no,yes,no,
Sunless 04,13,18,3,B4,71,ɛ,Bozeman tenor-mezzo midpoint,0.789,close,D#4,8.5,inside,7,-5,none,not assessed,short,leap-up,7,no,7,middle,no,no,no,
Sunless 04,13,18,4,C5,72,ɛ,Bozeman tenor-mezzo midpoint,0.395,close,D#4,9.5,inside,8,-4,none,not assessed,short,step,1,no,7,middle,no,no,no,
Sunless 04,13,18,4.5,D5,74,ɪ,derived from Bozeman tenor-mezzo,0.395,crossing,D4,11.96,inside,10,-2,none,not assessed,short,step,2,no,7,middle,yes,no,no,highest of phrase; crossing
Sunless 04,13,19,1,G4,67,ʌ,derived from Bozeman tenor-mezzo,0.789,close,E4,2.5,inside,3,-9,none,not assessed,short,leap-down,-7,no,7,middle,no,no,no,
Sunless 04,13,19,2,D5,74,i,Bozeman tenor-mezzo midpoint,0.789,above,E3,21.5,inside,10,-2,none,not assessed,short,leap-up,7,no,7,middle,yes,no,no,highest of phrase
Sunless 04,13,19,3,B4,71,ɨ,derived from Bozeman tenor-mezzo,0.395,above,A#3,13.11,inside,7,-5,none,not assessed,short,leap-down,-3,no,7,last,no,no,no,
Sunless 04,13,20,4,G#4,68,u,Bozeman tenor-mezzo midpoint,0.789,above,G3,13.5,inside,4,-8,none,not assessed,short,leap-down,-3,yes,8,first,yes,no,no,highest of phrase
Sunless 04,13,21,1,G4,67,a,derived from Bozeman tenor-mezzo,0.789,close,G4,0.08,inside,3,-9,none,not assessed,short,step,-1,no,8,last,no,no,no,turning pitch 0 to 2 st below
Sunless 04,13,21,2.5,G4,67,ɑ,Bozeman tenor-mezzo midpoint,0.395,close,E4,2.5,inside,3,-9,none,not assessed,short,repeated,0,yes,9,first,no,no,no,
Sunless 04,13,21,3,G#4,68,e,Bozeman tenor-mezzo midpoint,0.395,close,D4,6.5,inside,4,-8,none,not assessed,short,step,1,no,9,middle,no,no,no,
Sunless 04,13,21,3.5,G4,67,ɑ,Bozeman tenor-mezzo midpoint,0.395,close,E4,2.5,inside,3,-9,none,not assessed,short,step,-1,no,9,middle,no,no,no,
Sunless 04,13,21,4,F4,65,ʌ,derived from Bozeman tenor-mezzo,0.395,close,E4,0.5,inside,1,-11,none,not assessed,short,step,-2,no,9,middle,no,yes,yes,turning pitch 0 to 2 st below
Sunless 04,13,21,4.5,G#4,68,ɑ,Bozeman tenor-mezzo midpoint,0.395,close,E4,3.5,inside,4,-8,none,not assessed,short,leap-up,3,no,9,middle,no,no,no,
Sunless 04,13,22,1,A#4,70,i,Bozeman tenor-mezzo midpoint,0.789,above,E3,17.5,inside,6,-6,none,not assessed,short,step,2,no,9,middle,no,no,no,
Sunless 04,13,22,2,G4,67,ɨ,derived from Bozeman tenor-mezzo,0.395,close,A#3,9.11,inside,3,-9,none,not assessed,short,leap-down,-3,no,9,middle,no,no,no,
Sunless 04,13,22,2.5,A#4,70,ɑ,Bozeman tenor-mezzo midpoint,0.395,close,E4,5.5,inside,6,-6,none,not assessed,short,leap-up,3,no,9,middle,no,no,no,
Sunless 04,13,23,1,C#5,73,ɑ,Bozeman tenor-mezzo midpoint,1.184,close,E4,8.5,inside,9,-3,none,not assessed,short,leap-up,3,no,9,middle,yes,no,no,highest of phrase
Sunless 04,13,23,2.5,A#4,70,ɛ,Bozeman tenor-mezzo midpoint,0.395,close,D#4,7.5,inside,6,-6,none,not assessed,short,leap-down,-3,no,9,middle,no,no,no,
Sunless 04,13,23,3,C5,72,u,Bozeman tenor-mezzo midpoint,0.395,above,G3,17.5,inside,8,-4,none,not assessed,short,step,2,no,9,middle,no,no,no,
Sunless 04,13,23,3.5,G4,67,ɑ,Bozeman tenor-mezzo midpoint,0.395,close,E4,2.5,inside,3,-9,none,not assessed,short,leap-down,-5,no,9,middle,no,no,no,
Sunless 04,13,23,4,G#4,68,e,Bozeman tenor-mezzo midpoint,0.395,close,D4,6.5,inside,4,-8,none,not assessed,short,step,1,no,9,middle,no,no,no,
Sunless 04,13,23,4.5,A#4,70,ɑ,Bozeman tenor-mezzo midpoint,0.395,close,E4,5.5,inside,6,-6,none,not assessed,short,step,2,no,9,middle,no,no,no,
Sunless 04,13,24,1,C5,72,o,Bozeman tenor-mezzo midpoint,0.395,close,C#4,11.5,inside,8,-4,none,not assessed,short,step,2,no,9,last,no,no,no,
Sunless 04,13,24,2,F4,65,ɑ,Bozeman tenor-mezzo midpoint,0.789,close,E4,0.5,inside,1,-11,none,not assessed,short,leap-down,-7,yes,10,first,no,yes,yes,turning pitch 0 to 2 st below
Sunless 04,13,24,3,C5,72,ɑ,Bozeman tenor-mezzo midpoint,1.184,close,E4,7.5,inside,8,-4,none,not assessed,short,leap-up,7,no,10,middle,yes,no,no,highest of phrase
Sunless 04,13,24,4.5,B4,71,ɪ,derived from Bozeman tenor-mezzo,0.395,close,D4,8.96,inside,7,-5,none,not assessed,short,step,-1,no,10,middle,no,no,no,
Sunless 04,13,25,1,G#4,68,ɨ,derived from Bozeman tenor-mezzo,0.395,close,A#3,10.11,inside,4,-8,none,not assessed,short,leap-down,-3,no,10,middle,no,no,no,
Sunless 04,13,25,1.5,B4,71,i,Bozeman tenor-mezzo midpoint,0.395,above,E3,18.5,inside,7,-5,none,not assessed,short,leap-up,3,no,10,middle,no,no,no,
Sunless 04,13,25,2,G4,67,ɑ,Bozeman tenor-mezzo midpoint,0.395,close,E4,2.5,inside,3,-9,none,not assessed,short,leap-down,-4,no,10,middle,no,no,no,
Sunless 04,13,25,2.5,F4,65,i,Bozeman tenor-mezzo midpoint,0.395,above,E3,12.5,inside,1,-11,none,not assessed,short,step,-2,no,10,middle,no,yes,no,
Sunless 04,13,25,3,G#4,68,i,Bozeman tenor-mezzo midpoint,0.789,above,E3,15.5,inside,4,-8,none,not assessed,short,leap-up,3,no,10,middle,no,no,no,
Sunless 04,13,25,4,F4,65,ɨ,derived from Bozeman tenor-mezzo,0.395,close,A#3,7.11,inside,1,-11,none,not assessed,short,leap-down,-3,no,10,last,no,yes,no,
Sunless 04,13,26,1.5,F4,65,ɑ,Bozeman tenor-mezzo midpoint,0.395,close,E4,0.5,inside,1,-11,none,not assessed,short,repeated,0,yes,11,first,no,yes,yes,turning pitch 0 to 2 st below
Sunless 04,13,26,2,A#4,70,o,Bozeman tenor-mezzo midpoint,0.395,close,C#4,9.5,inside,6,-6,none,not assessed,short,leap-up,5,no,11,middle,no,no,no,
Sunless 04,13,26,2.5,C5,72,u,Bozeman tenor-mezzo midpoint,0.395,above,G3,17.5,inside,8,-4,none,not assessed,short,step,2,no,11,middle,no,no,no,
Sunless 04,13,26,3,C#5,73,o,Bozeman tenor-mezzo midpoint,0.789,crossing,C#4,12.5,inside,9,-3,none,not assessed,short,step,1,no,11,last,yes,no,no,highest of phrase; crossing
Sunless 04,13,27,2,G4,67,i,Bozeman tenor-mezzo midpoint,0.789,above,E3,14.5,inside,3,-9,none,not assessed,short,leap-down,-6,yes,12,first,no,no,no,
Sunless 04,13,27,3,C5,72,o,Bozeman tenor-mezzo midpoint,0.592,close,C#4,11.5,inside,8,-4,none,not assessed,short,leap-up,5,no,12,middle,yes,no,no,highest of phrase
Sunless 04,13,27,3.75,E4,64,ɑ,Bozeman tenor-mezzo midpoint,0.197,open,E4,-0.5,inside,0,-12,none,not assessed,short,leap-down,-8,no,12,middle,no,yes,no,
Sunless 04,13,27,4,E4,64,o,Bozeman tenor-mezzo midpoint,0.395,close,C#4,3.5,inside,0,-12,none,not assessed,short,repeated,0,no,12,last,no,yes,no,
Sunless 04,13,28,4,G4,67,i,Bozeman tenor-mezzo midpoint,0.789,above,E3,14.5,inside,3,-9,none,not assessed,short,leap-up,3,yes,13,first,yes,no,no,highest of phrase
Sunless 04,13,29,1,G4,67,o,Bozeman tenor-mezzo midpoint,0.592,close,C#4,6.5,inside,3,-9,none,not assessed,short,repeated,0,no,13,middle,yes,no,no,highest of phrase
Sunless 04,13,29,1.75,C4,60,ɑ,Bozeman tenor-mezzo midpoint,0.197,open,E4,-4.5,below primo,-4,-16,none,not assessed,short,leap-down,-7,no,13,middle,no,no,no,
Sunless 04,13,29,2,C4,60,o,Bozeman tenor-mezzo midpoint,0.395,open,C#4,-0.5,below primo,-4,-16,none,not assessed,short,repeated,0,no,13,last,no,no,no,
Sunless 05,13,1,4.333,E4,64,u,Bozeman tenor-mezzo midpoint,0.37,close,G3,9.5,inside,0,-12,none,not assessed,short,first note,,,0,first,yes,yes,yes,highest of phrase
Sunless 05,13,2,1,D#4,63,ɑ,Bozeman tenor-mezzo midpoint,0.556,open,E4,-1.5,below primo,-1,-13,none,not assessed,short,step,-1,no,0,middle,no,yes,no,
Sunless 05,13,2,2,D#4,63,ɪ,derived from Bozeman tenor-mezzo,0.278,close,D4,0.96,below primo,-1,-13,none,not assessed,short,repeated,0,no,0,last,no,yes,yes,turning pitch 0 to 2 st below
Sunless 05,13,2,3,D#4,63,ɛ,Bozeman tenor-mezzo midpoint,0.833,close,D#4,0.5,below primo,-1,-13,none,not assessed,short,repeated,0,yes,1,first,no,yes,yes,turning pitch 0 to 2 st below
Sunless 05,13,2,4.5,D#4,63,ɪ,derived from Bozeman tenor-mezzo,0.278,close,D4,0.96,below primo,-1,-13,none,not assessed,short,repeated,0,no,1,middle,no,yes,yes,turning pitch 0 to 2 st below
Sunless 05,13,3,1,F4,65,o,Bozeman tenor-mezzo midpoint,0.556,close,C#4,4.5,inside,1,-11,none,not assessed,short,step,2,no,1,middle,yes,yes,yes,highest of phrase
Sunless 05,13,3,2,F4,65,o,Bozeman tenor-mezzo midpoint,0.278,close,C#4,4.5,inside,1,-11,none,not assessed,short,tie,0,no,1,last,yes,yes,yes,highest of phrase
Sunless 05,13,3,4.5,F4,65,ɪ,derived from Bozeman tenor-mezzo,0.278,close,D4,2.96,inside,1,-11,none,not assessed,short,repeated,0,yes,2,first,no,yes,no,
Sunless 05,13,4,1,F4,65,o,Bozeman tenor-mezzo midpoint,0.417,close,C#4,4.5,inside,1,-11,none,not assessed,short,repeated,0,no,2,middle,no,yes,no,
Sunless 05,13,4,1.75,A4,69,ɑ,Bozeman tenor-mezzo midpoint,0.139,close,E4,4.5,inside,5,-7,none,not assessed,short,leap-up,4,no,2,middle,no,no,no,
Sunless 05,13,4,2,E4,64,ɑ,Bozeman tenor-mezzo midpoint,0.278,open,E4,-0.5,inside,0,-12,none,not assessed,short,leap-down,-5,no,2,middle,no,yes,no,
Sunless 05,13,4,2.5,F4,65,ɪ,derived from Bozeman tenor-mezzo,0.278,close,D4,2.96,inside,1,-11,none,not assessed,short,step,1,no,2,middle,no,yes,no,
Sunless 05,13,4,3,F#4,66,ɑ,Bozeman tenor-mezzo midpoint,0.833,close,E4,1.5,inside,2,-10,none,not assessed,short,step,1,no,2,middle,no,no,no,turning pitch 0 to 2 st below
Sunless 05,13,4,4.5,F#4,66,o,Bozeman tenor-mezzo midpoint,0.278,close,C#4,5.5,inside,2,-10,none,not assessed,short,repeated,0,no,2,middle,no,no,no,
Sunless 05,13,5,1,G4,67,ɨ,derived from Bozeman tenor-mezzo,0.278,close,A#3,9.11,inside,3,-9,none,not assessed,short,step,1,no,2,middle,no,no,no,
Sunless 05,13,5,1.5,G4,67,u,Bozeman tenor-mezzo midpoint,0.278,crossing,G3,12.5,inside,3,-9,none,not assessed,short,repeated,0,no,2,middle,no,no,no,crossing
Sunless 05,13,5,2,F#4,66,ʌ,derived from Bozeman tenor-mezzo,0.278,close,E4,1.5,inside,2,-10,none,not assessed,short,step,-1,no,2,middle,no,no,no,turning pitch 0 to 2 st below
Sunless 05,13,5,2.5,E4,64,ɑ,Bozeman tenor-mezzo midpoint,0.278,open,E4,-0.5,inside,0,-12,none,not assessed,short,step,-2,no,2,middle,no,yes,no,
Sunless 05,13,5,3,G4,67,o,Bozeman tenor-mezzo midpoint,0.833,close,C#4,6.5,inside,3,-9,none,not assessed,short,leap-up,3,no,2,middle,no,no,no,
Sunless 05,13,5,4.5,G4,67,ɪ,derived from Bozeman tenor-mezzo,0.278,close,D4,4.96,inside,3,-9,none,not assessed,short,repeated,0,no,2,middle,no,no,no,
Sunless 05,13,6,1,A4,69,ɑ,Bozeman tenor-mezzo midpoint,0.833,close,E4,4.5,inside,5,-7,none,not assessed,short,step,2,no,2,middle,no,no,no,
Sunless 05,13,6,2.5,A4,69,ɪ,derived from Bozeman tenor-mezzo,0.278,close,D4,6.96,inside,5,-7,none,not assessed,short,repeated,0,no,2,middle,no,no,no,
Sunless 05,13,6,3,A4,69,ʌ,derived from Bozeman tenor-mezzo,0.556,close,E4,4.5,inside,5,-7,none,not assessed,short,repeated,0,no,2,middle,no,no,no,
Sunless 05,13,6,4,A4,69,i,Bozeman tenor-mezzo midpoint,0.556,above,E3,16.5,inside,5,-7,none,not assessed,short,repeated,0,no,2,middle,no,no,no,
Sunless 05,13,7,1,A#4,70,o,Bozeman tenor-mezzo midpoint,1.111,close,C#4,9.5,inside,6,-6,none,not assessed,short,step,1,no,2,middle,yes,no,no,highest of phrase
Sunless 05,13,7,3,G4,67,ʌ,derived from Bozeman tenor-mezzo,0.556,close,E4,2.5,inside,3,-9,none,not assessed,short,leap-down,-3,no,2,last,no,no,no,
Sunless 05,13,7,4.5,D4,62,i,Bozeman tenor-mezzo midpoint,0.278,close,E3,9.5,below primo,-2,-14,none,not assessed,short,leap-down,-5,yes,3,first,no,no,no,
Sunless 05,13,8,1,F#4,66,ɑ,Bozeman tenor-mezzo midpoint,0.833,close,E4,1.5,inside,2,-10,none,not assessed,short,leap-up,4,no,3,middle,no,no,no,turning pitch 0 to 2 st below
Sunless 05,13,8,2.5,A4,69,u,Bozeman tenor-mezzo midpoint,0.278,above,G3,14.5,inside,5,-7,none,not assessed,short,leap-up,3,no,3,middle,no,no,no,
Sunless 05,13,8,3,G#4,68,ɪ,derived from Bozeman tenor-mezzo,0.417,close,D4,5.96,inside,4,-8,none,not assessed,short,step,-1,no,3,middle,no,no,no,
Sunless 05,13,8,3.75,G#4,68,ɑ,Bozeman tenor-mezzo midpoint,0.139,close,E4,3.5,inside,4,-8,none,not assessed,short,repeated,0,no,3,middle,no,no,no,
Sunless 05,13,8,4,F4,65,i,Bozeman tenor-mezzo midpoint,0.278,above,E3,12.5,inside,1,-11,none,not assessed,short,leap-down,-3,no,3,middle,no,yes,no,
Sunless 05,13,8,4.5,A#4,70,u,Bozeman tenor-mezzo midpoint,0.278,above,G3,15.5,inside,6,-6,none,not assessed,short,leap-up,5,no,3,middle,no,no,no,
Sunless 05,13,9,1,C5,72,ɨ,derived from Bozeman tenor-mezzo,0.417,above,A#3,14.11,inside,8,-4,none,not assessed,short,step,2,no,3,middle,no,no,no,
Sunless 05,13,9,1.75,A4,69,ʌ,derived from Bozeman tenor-mezzo,0.139,close,E4,4.5,inside,5,-7,none,not assessed,short,leap-down,-3,no,3,middle,no,no,no,
Sunless 05,13,9,2,A#4,70,i,Bozeman tenor-mezzo midpoint,0.278,above,E3,17.5,inside,6,-6,none,not assessed,short,step,1,no,3,middle,no,no,no,
Sunless 05,13,9,2.5,C5,72,ɑ,Bozeman tenor-mezzo midpoint,0.278,close,E4,7.5,inside,8,-4,none,not assessed,short,step,2,no,3,middle,no,no,no,
Sunless 05,13,9,3,D5,74,o,Bozeman tenor-mezzo midpoint,0.556,above,C#4,13.5,inside,10,-2,none,not assessed,short,step,2,no,3,middle,yes,no,no,highest of phrase
Sunless 05,13,9,4,A#4,70,ʌ,derived from Bozeman tenor-mezzo,0.185,close,E4,5.5,inside,6,-6,none,not assessed,short,leap-down,-4,no,3,last,no,no,no,
Sunless 05,13,9,4.667,A#4,70,ɑ,Bozeman tenor-mezzo midpoint,0.185,close,E4,5.5,inside,6,-6,none,not assessed,short,repeated,0,yes,4,first,no,no,no,
Sunless 05,13,10,1,A4,69,e,Bozeman tenor-mezzo midpoint,0.556,close,D4,7.5,inside,5,-7,none,not assessed,short,step,-1,no,4,middle,no,no,no,
Sunless 05,13,10,2,C5,72,ɑ,Bozeman tenor-mezzo midpoint,0.556,close,E4,7.5,inside,8,-4,none,not assessed,short,leap-up,3,no,4,middle,yes,no,no,highest of phrase
Sunless 05,13,10,3,A#4,70,u,Bozeman tenor-mezzo midpoint,0.417,above,G3,15.5,inside,6,-6,none,not assessed,short,step,-2,no,4,middle,no,no,no,
Sunless 05,13,10,3.75,A#4,70,i,Bozeman tenor-mezzo midpoint,0.139,above,E3,17.5,inside,6,-6,none,not assessed,short,repeated,0,no,4,middle,no,no,no,
Sunless 05,13,10,4,F4,65,ɪ,derived from Bozeman tenor-mezzo,0.278,close,D4,2.96,inside,1,-11,none,not assessed,short,leap-down,-5,no,4,middle,no,yes,no,
Sunless 05,13,10,4.5,D4,62,ɑ,Bozeman tenor-mezzo midpoint,0.278,open,E4,-2.5,below primo,-2,-14,none,not assessed,short,leap-down,-3,no,4,middle,no,no,no,
Sunless 05,13,11,1,A4,69,ɑ,Bozeman tenor-mezzo midpoint,0.556,close,E4,4.5,inside,5,-7,none,not assessed,short,leap-up,7,no,4,middle,no,no,no,
Sunless 05,13,11,2,A4,69,ɑ,Bozeman tenor-mezzo midpoint,0.278,close,E4,4.5,inside,5,-7,none,not assessed,short,tie,0,no,4,last,no,no,no,
Sunless 05,13,11,4.5,D5,74,ɑ,Bozeman tenor-mezzo midpoint,0.278,close,E4,9.5,inside,10,-2,none,not assessed,short,leap-up,5,yes,5,first,no,no,no,
Sunless 05,13,12,1,D#5,75,o,Bozeman tenor-mezzo midpoint,0.278,above,C#4,14.5,inside,11,-1,none,not assessed,short,step,1,no,5,middle,yes,yes,yes,highest of phrase
Sunless 05,13,12,1.5,G4,67,i,Bozeman tenor-mezzo midpoint,0.278,above,E3,14.5,inside,3,-9,none,not assessed,short,leap-down,-8,no,5,middle,no,no,no,
Sunless 05,13,12,2,F#4,66,ʌ,derived from Bozeman tenor-mezzo,0.278,close,E4,1.5,inside,2,-10,none,not assessed,short,step,-1,no,5,middle,no,no,no,turning pitch 0 to 2 st below
Sunless 05,13,12,2.5,G4,67,ɑ,Bozeman tenor-mezzo midpoint,0.278,close,E4,2.5,inside,3,-9,none,not assessed,short,step,1,no,5,middle,no,no,no,
Sunless 05,13,12,3,C5,72,ɑ,Bozeman tenor-mezzo midpoint,0.556,close,E4,7.5,inside,8,-4,none,not assessed,short,leap-up,5,no,5,last,no,no,no,
Sunless 05,13,12,4.5,D5,74,i,Bozeman tenor-mezzo midpoint,0.278,above,E3,21.5,inside,10,-2,none,not assessed,short,step,2,yes,6,first,no,no,no,
Sunless 05,13,13,1,D#4,63,ɛ,Bozeman tenor-mezzo midpoint,0.278,close,D#4,0.5,below primo,-1,-13,none,not assessed,short,leap-down,-11,no,6,middle,no,yes,yes,turning pitch 0 to 2 st below
Sunless 05,13,13,1.5,D4,62,i,Bozeman tenor-mezzo midpoint,0.278,close,E3,9.5,below primo,-2,-14,none,not assessed,short,step,-1,no,6,middle,no,no,no,
Sunless 05,13,13,2,F4,65,ɨ,derived from Bozeman tenor-mezzo,0.278,close,A#3,7.11,inside,1,-11,none,not assessed,short,leap-up,3,no,6,middle,no,yes,no,
Sunless 05,13,13,2.5,D#4,63,ɪ,derived from Bozeman tenor-mezzo,0.278,close,D4,0.96,below primo,-1,-13,none,not assessed,short,step,-2,no,6,middle,no,yes,yes,turning pitch 0 to 2 st below
Sunless 05,13,13,3,C5,72,u,Bozeman tenor-mezzo midpoint,0.556,above,G3,17.5,inside,8,-4,none,not assessed,short,leap-up,9,no,6,middle,no,no,no,
Sunless 05,13,13,4,G4,67,ɨ,derived from Bozeman tenor-mezzo,0.278,close,A#3,9.11,inside,3,-9,none,not assessed,short,leap-down,-5,no,6,middle,no,no,no,
Sunless 05,13,13,4.5,G4,67,ɪ,derived from Bozeman tenor-mezzo,0.278,close,D4,4.96,inside,3,-9,none,not assessed,short,repeated,0,no,6,middle,no,no,no,
Sunless 05,13,14,1,G#4,68,u,Bozeman tenor-mezzo midpoint,0.278,above,G3,13.5,inside,4,-8,none,not assessed,short,step,1,no,6,middle,no,no,no,
Sunless 05,13,14,1.5,G4,67,none resolved,not assessed,0.278,not assessed,not assessed,not assessed,inside,3,-9,not assessed,not assessed,short,step,-1,no,6,middle,no,no,no,
Sunless 05,13,14,2,F#4,66,ɑ,Bozeman tenor-mezzo midpoint,0.278,close,E4,1.5,inside,2,-10,none,not assessed,short,step,-1,no,6,middle,no,no,no,turning pitch 0 to 2 st below
Sunless 05,13,14,2.5,G4,67,ɑ,Bozeman tenor-mezzo midpoint,0.278,close,E4,2.5,inside,3,-9,none,not assessed,short,step,1,no,6,middle,no,no,no,
Sunless 05,13,14,3,C5,72,o,Bozeman tenor-mezzo midpoint,0.833,close,C#4,11.5,inside,8,-4,none,not assessed,short,leap-up,5,no,6,middle,no,no,no,
Sunless 05,13,14,4.5,D5,74,ɪ,derived from Bozeman tenor-mezzo,0.278,crossing,D4,11.96,inside,10,-2,none,not assessed,short,step,2,no,6,middle,no,no,no,crossing
Sunless 05,13,15,1,D#5,75,o,Bozeman tenor-mezzo midpoint,0.278,above,C#4,14.5,inside,11,-1,none,not assessed,short,step,1,no,6,middle,yes,yes,yes,highest of phrase
Sunless 05,13,15,1.5,A4,69,ɨ,derived from Bozeman tenor-mezzo,0.278,close,A#3,11.11,inside,5,-7,none,not assessed,short,leap-down,-6,no,6,middle,no,no,no,
Sunless 05,13,15,2,G#4,68,i,Bozeman tenor-mezzo midpoint,0.278,above,E3,15.5,inside,4,-8,none,not assessed,short,step,-1,no,6,middle,no,no,no,
Sunless 05,13,15,2.5,C5,72,u,Bozeman tenor-mezzo midpoint,0.278,above,G3,17.5,inside,8,-4,none,not assessed,short,leap-up,4,no,6,middle,no,no,no,
Sunless 05,13,15,3,D5,74,u,Bozeman tenor-mezzo midpoint,0.556,above,G3,19.5,inside,10,-2,none,not assessed,short,step,2,no,6,middle,no,no,no,
Sunless 05,13,15,4,B4,71,ɨ,derived from Bozeman tenor-mezzo,0.278,above,A#3,13.11,inside,7,-5,none,not assessed,short,leap-down,-3,no,6,middle,no,no,no,
Sunless 05,13,15,4.5,G4,67,i,Bozeman tenor-mezzo midpoint,0.278,above,E3,14.5,inside,3,-9,none,not assessed,short,leap-down,-4,no,6,middle,no,no,no,
Sunless 05,13,16,1,G#4,68,o,Bozeman tenor-mezzo midpoint,0.833,close,C#4,7.5,inside,4,-8,none,not assessed,short,step,1,no,6,middle,no,no,no,
Sunless 05,13,16,2.5,G#4,68,ɪ,derived from Bozeman tenor-mezzo,0.278,close,D4,5.96,inside,4,-8,none,not assessed,short,repeated,0,no,6,middle,no,no,no,
Sunless 05,13,16,3,B4,71,i,Bozeman tenor-mezzo midpoint,0.556,above,E3,18.5,inside,7,-5,none,not assessed,short,leap-up,3,no,6,middle,no,no,no,
Sunless 05,13,16,4,D5,74,ɑ,Bozeman tenor-mezzo midpoint,0.556,close,E4,9.5,inside,10,-2,none,not assessed,short,leap-up,3,no,6,middle,no,no,no,
Sunless 05,13,17,1,A#4,70,ɛ,Bozeman tenor-mezzo midpoint,0.556,close,D#4,7.5,inside,6,-6,none,not assessed,short,leap-down,-4,no,6,last,no,no,no,
Sunless 05,13,17,4,A#4,70,o,Bozeman tenor-mezzo midpoint,0.556,close,C#4,9.5,inside,6,-6,none,not assessed,short,repeated,0,yes,7,first,no,no,no,
Sunless 05,13,18,1,C5,72,ɑ,Bozeman tenor-mezzo midpoint,0.833,close,E4,7.5,inside,8,-4,none,not assessed,short,step,2,no,7,middle,yes,no,no,highest of phrase
Sunless 05,13,18,2.5,G4,67,o,Bozeman tenor-mezzo midpoint,0.278,close,C#4,6.5,inside,3,-9,none,not assessed,short,leap-down,-5,no,7,middle,no,no,no,
Sunless 05,13,18,3,G4,67,ʌ,derived from Bozeman tenor-mezzo,0.556,close,E4,2.5,inside,3,-9,none,not assessed,short,repeated,0,no,7,middle,no,no,no,
Sunless 05,13,18,4,G#4,68,ɑ,Bozeman tenor-mezzo midpoint,0.556,close,E4,3.5,inside,4,-8,none,not assessed,short,step,1,no,7,middle,no,no,no,
Sunless 05,13,19,1,C5,72,i,Bozeman tenor-mezzo midpoint,0.556,above,E3,19.5,inside,8,-4,none,not assessed,short,leap-up,4,no,7,last,yes,no,no,highest of phrase
Sunless 05,13,19,4,A#4,70,ɑ,Bozeman tenor-mezzo midpoint,0.556,close,E4,5.5,inside,6,-6,none,not assessed,short,step,-2,yes,8,first,no,no,no,
Sunless 05,13,20,1,B4,71,o,Bozeman tenor-mezzo midpoint,0.278,close,C#4,10.5,inside,7,-5,none,not assessed,short,step,1,no,8,middle,no,no,no,
Sunless 05,13,20,1.5,A#4,70,o,Bozeman tenor-mezzo midpoint,0.556,close,C#4,9.5,inside,6,-6,none,not assessed,short,step,-1,no,8,middle,no,no,no,
Sunless 05,13,20,2.5,D#4,63,ɑ,Bozeman tenor-mezzo midpoint,0.278,open,E4,-1.5,below primo,-1,-13,none,not assessed,short,leap-down,-7,no,8,middle,no,yes,no,
Sunless 05,13,20,3,D#4,63,e,Bozeman tenor-mezzo midpoint,0.417,close,D4,1.5,below primo,-1,-13,none,not assessed,short,repeated,0,no,8,middle,no,yes,yes,turning pitch 0 to 2 st below
Sunless 05,13,20,3.75,D4,62,ɑ,Bozeman tenor-mezzo midpoint,0.139,open,E4,-2.5,below primo,-2,-14,none,not assessed,short,step,-1,no,8,middle,no,no,no,
Sunless 05,13,20,4,D4,62,ɨ,derived from Bozeman tenor-mezzo,0.278,close,A#3,4.11,below primo,-2,-14,none,not assessed,short,repeated,0,no,8,middle,no,no,no,
Sunless 05,13,20,4.5,D5,74,ɑ,Bozeman tenor-mezzo midpoint,0.278,close,E4,9.5,inside,10,-2,none,not assessed,short,leap-up,12,no,8,middle,no,no,no,
Sunless 05,13,21,1,D#5,75,o,Bozeman tenor-mezzo midpoint,0.278,above,C#4,14.5,inside,11,-1,none,not assessed,short,step,1,no,8,middle,yes,yes,yes,highest of phrase
Sunless 05,13,21,1.5,A#4,70,u,Bozeman tenor-mezzo midpoint,0.278,above,G3,15.5,inside,6,-6,none,not assessed,short,leap-down,-5,no,8,middle,no,no,no,
Sunless 05,13,21,2,A#4,70,ɪ,derived from Bozeman tenor-mezzo,0.278,close,D4,7.96,inside,6,-6,none,not assessed,short,repeated,0,no,8,middle,no,no,no,
Sunless 05,13,21,2.5,A#4,70,ɨ,derived from Bozeman tenor-mezzo,0.278,crossing,A#3,12.11,inside,6,-6,none,not assessed,short,repeated,0,no,8,middle,no,no,no,crossing
Sunless 05,13,21,3,G#4,68,ɨ,derived from Bozeman tenor-mezzo,0.556,close,A#3,10.11,inside,4,-8,none,not assessed,short,step,-2,no,8,last,no,no,no,
Sunless 05,13,22,1,A#4,70,i,Bozeman tenor-mezzo midpoint,0.556,above,E3,17.5,inside,6,-6,none,not assessed,short,step,2,yes,9,first,yes,no,no,highest of phrase
Sunless 05,13,22,2,G4,67,o,Bozeman tenor-mezzo midpoint,0.278,close,C#4,6.5,inside,3,-9,none,not assessed,short,leap-down,-3,no,9,middle,no,no,no,
Sunless 05,13,22,2.5,D#4,63,ɑ,Bozeman tenor-mezzo midpoint,0.278,open,E4,-1.5,below primo,-1,-13,none,not assessed,short,leap-down,-4,no,9,middle,no,yes,no,
Sunless 05,13,22,3,A4,69,e,Bozeman tenor-mezzo midpoint,0.417,close,D4,7.5,inside,5,-7,none,not assessed,short,leap-up,6,no,9,middle,no,no,no,
Sunless 05,13,22,3.75,F#4,66,i,Bozeman tenor-mezzo midpoint,0.139,above,E3,13.5,inside,2,-10,none,not assessed,short,leap-down,-3,no,9,middle,no,no,no,
Sunless 05,13,22,4,F#4,66,ɑ,Bozeman tenor-mezzo midpoint,0.278,close,E4,1.5,inside,2,-10,none,not assessed,short,repeated,0,no,9,last,no,no,no,turning pitch 0 to 2 st below
Sunless 05,13,23,2,A#4,70,i,Bozeman tenor-mezzo midpoint,0.556,above,E3,17.5,inside,6,-6,none,not assessed,short,leap-up,4,yes,10,first,no,no,no,
Sunless 05,13,23,3,D#5,75,o,Bozeman tenor-mezzo midpoint,0.556,above,C#4,14.5,inside,11,-1,none,not assessed,short,leap-up,5,no,10,middle,yes,yes,yes,highest of phrase
Sunless 05,13,23,4,C#5,73,o,Bozeman tenor-mezzo midpoint,0.278,crossing,C#4,12.5,inside,9,-3,none,not assessed,short,step,-2,no,10,middle,no,no,no,crossing
Sunless 05,13,23,4.5,B4,71,ɨ,derived from Bozeman tenor-mezzo,0.278,above,A#3,13.11,inside,7,-5,none,not assessed,short,step,-2,no,10,last,no,no,no,
Sunless 05,13,24,4.5,D#4,63,ɪ,derived from Bozeman tenor-mezzo,0.278,close,D4,0.96,below primo,-1,-13,none,not assessed,short,leap-down,-8,yes,11,first,no,yes,yes,turning pitch 0 to 2 st below
Sunless 05,13,25,1,A#4,70,u,Bozeman tenor-mezzo midpoint,0.833,above,G3,15.5,inside,6,-6,none,not assessed,short,leap-up,7,no,11,middle,no,no,no,
Sunless 05,13,25,2.5,F#4,66,none resolved,not assessed,0.278,not assessed,not assessed,not assessed,inside,2,-10,not assessed,not assessed,short,leap-down,-4,no,11,middle,no,no,no,
Sunless 05,13,25,3,G#4,68,u,Bozeman tenor-mezzo midpoint,0.417,above,G3,13.5,inside,4,-8,none,not assessed,short,step,2,no,11,middle,no,no,no,
Sunless 05,13,25,3.75,F4,65,ɨ,derived from Bozeman tenor-mezzo,0.139,close,A#3,7.11,inside,1,-11,none,not assessed,short,leap-down,-3,no,11,middle,no,yes,no,
Sunless 05,13,25,4,F4,65,ɛ,Bozeman tenor-mezzo midpoint,0.278,close,D#4,2.5,inside,1,-11,none,not assessed,short,repeated,0,no,11,middle,no,yes,no,
Sunless 05,13,25,4.5,G#4,68,ɪ,derived from Bozeman tenor-mezzo,0.278,close,D4,5.96,inside,4,-8,none,not assessed,short,leap-up,3,no,11,middle,no,no,no,
Sunless 05,13,26,1,A#4,70,e,Bozeman tenor-mezzo midpoint,0.278,close,D4,8.5,inside,6,-6,none,not assessed,short,step,2,no,11,middle,no,no,no,
Sunless 05,13,26,1.5,F#4,66,i,Bozeman tenor-mezzo midpoint,0.278,above,E3,13.5,inside,2,-10,none,not assessed,short,leap-down,-4,no,11,middle,no,no,no,
Sunless 05,13,26,2,G#4,68,i,Bozeman tenor-mezzo midpoint,0.278,above,E3,15.5,inside,4,-8,none,not assessed,short,step,2,no,11,middle,no,no,no,
Sunless 05,13,26,2.5,A#4,70,ɑ,Bozeman tenor-mezzo midpoint,0.278,close,E4,5.5,inside,6,-6,none,not assessed,short,step,2,no,11,middle,no,no,no,
Sunless 05,13,26,3,C5,72,ɑ,Bozeman tenor-mezzo midpoint,0.556,close,E4,7.5,inside,8,-4,none,not assessed,short,step,2,no,11,middle,yes,no,no,highest of phrase
Sunless 05,13,26,4,C5,72,ɑ,Bozeman tenor-mezzo midpoint,0.278,close,E4,7.5,inside,8,-4,none,not assessed,short,tie,0,no,11,last,yes,no,no,highest of phrase
Sunless 05,13,27,1,G4,67,o,Bozeman tenor-mezzo midpoint,0.556,close,C#4,6.5,inside,3,-9,none,not assessed,short,leap-down,-5,yes,12,first,no,no,no,
Sunless 05,13,27,2,F#4,66,ɛ,Bozeman tenor-mezzo midpoint,0.278,close,D#4,3.5,inside,2,-10,none,not assessed,short,step,-1,no,12,middle,no,no,no,
Sunless 05,13,27,2.5,G4,67,ɑ,Bozeman tenor-mezzo midpoint,0.278,close,E4,2.5,inside,3,-9,none,not assessed,short,step,1,no,12,middle,no,no,no,
Sunless 05,13,27,3,D#4,63,a,derived from Bozeman tenor-mezzo,0.278,open,G4,-3.92,below primo,-1,-13,none,not assessed,short,leap-down,-4,no,12,middle,no,yes,no,
Sunless 05,13,27,3.5,E4,64,ɪ,derived from Bozeman tenor-mezzo,0.278,close,D4,1.96,inside,0,-12,none,not assessed,short,step,1,no,12,middle,no,yes,yes,turning pitch 0 to 2 st below
Sunless 05,13,27,4,A4,69,ɨ,derived from Bozeman tenor-mezzo,0.278,close,A#3,11.11,inside,5,-7,none,not assessed,short,leap-up,5,no,12,middle,yes,no,no,highest of phrase
Sunless 05,13,27,4.5,A4,69,u,Bozeman tenor-mezzo midpoint,0.278,above,G3,14.5,inside,5,-7,none,not assessed,short,repeated,0,no,12,middle,yes,no,no,highest of phrase
Sunless 05,13,28,1,A4,69,i,Bozeman tenor-mezzo midpoint,0.278,above,E3,16.5,inside,5,-7,none,not assessed,short,repeated,0,no,12,middle,yes,no,no,highest of phrase
Sunless 05,13,28,1.5,F4,65,ʌ,derived from Bozeman tenor-mezzo,0.278,close,E4,0.5,inside,1,-11,none,not assessed,short,leap-down,-4,no,12,middle,no,yes,yes,turning pitch 0 to 2 st below
Sunless 05,13,28,2,E4,64,ʌ,derived from Bozeman tenor-mezzo,0.278,open,E4,-0.5,inside,0,-12,none,not assessed,short,step,-1,no,12,middle,no,yes,no,
Sunless 05,13,28,2.5,D4,62,i,Bozeman tenor-mezzo midpoint,0.278,close,E3,9.5,below primo,-2,-14,none,not assessed,short,step,-2,no,12,middle,no,no,no,
Sunless 05,13,28,3,G4,67,ɑ,Bozeman tenor-mezzo midpoint,0.556,close,E4,2.5,inside,3,-9,none,not assessed,short,leap-up,5,no,12,last,no,no,no,
Sunless 05,13,28,4.5,G4,67,ɑ,Bozeman tenor-mezzo midpoint,0.278,close,E4,2.5,inside,3,-9,none,not assessed,short,repeated,0,yes,13,first,no,no,no,
Sunless 05,13,29,1,A#4,70,u,Bozeman tenor-mezzo midpoint,0.417,above,G3,15.5,inside,6,-6,none,not assessed,short,leap-up,3,no,13,middle,no,no,no,
Sunless 05,13,29,1.75,A#4,70,ɑ,Bozeman tenor-mezzo midpoint,0.139,close,E4,5.5,inside,6,-6,none,not assessed,short,repeated,0,no,13,middle,no,no,no,
Sunless 05,13,29,2,A4,69,ɑ,Bozeman tenor-mezzo midpoint,0.278,close,E4,4.5,inside,5,-7,none,not assessed,short,step,-1,no,13,middle,no,no,no,
Sunless 05,13,29,2.5,A#4,70,ɑ,Bozeman tenor-mezzo midpoint,0.278,close,E4,5.5,inside,6,-6,none,not assessed,short,step,1,no,13,middle,no,no,no,
Sunless 05,13,29,3,C5,72,o,Bozeman tenor-mezzo midpoint,0.278,close,C#4,11.5,inside,8,-4,none,not assessed,short,step,2,no,13,middle,no,no,no,
Sunless 05,13,29,3.5,A4,69,u,Bozeman tenor-mezzo midpoint,0.278,above,G3,14.5,inside,5,-7,none,not assessed,short,leap-down,-3,no,13,middle,no,no,no,
Sunless 05,13,29,4,D5,74,ɨ,derived from Bozeman tenor-mezzo,0.556,above,A#3,16.11,inside,10,-2,none,not assessed,short,leap-up,5,no,13,last,yes,no,no,highest of phrase
Sunless 05,13,30,1.5,D5,74,ɨ,derived from Bozeman tenor-mezzo,0.278,above,A#3,16.11,inside,10,-2,none,not assessed,short,repeated,0,yes,14,first,no,no,no,
Sunless 05,13,30,2,C#5,73,ɨ,derived from Bozeman tenor-mezzo,0.278,above,A#3,15.11,inside,9,-3,none,not assessed,short,step,-1,no,14,middle,no,no,no,
Sunless 05,13,30,2.5,A#4,70,ɪ,derived from Bozeman tenor-mezzo,0.278,close,D4,7.96,inside,6,-6,none,not assessed,short,leap-down,-3,no,14,middle,no,no,no,
Sunless 05,13,30,3,B4,71,o,Bozeman tenor-mezzo midpoint,0.556,close,C#4,10.5,inside,7,-5,none,not assessed,short,step,1,no,14,middle,no,no,no,
Sunless 05,13,30,4,G4,67,ɨ,derived from Bozeman tenor-mezzo,0.278,close,A#3,9.11,inside,3,-9,none,not assessed,short,leap-down,-4,no,14,middle,no,no,no,
Sunless 05,13,30,4.5,D5,74,o,Bozeman tenor-mezzo midpoint,0.278,above,C#4,13.5,inside,10,-2,none,not assessed,short,leap-up,7,no,14,middle,no,no,no,
Sunless 05,13,31,1,D#5,75,i,Bozeman tenor-mezzo midpoint,0.278,above,E3,22.5,inside,11,-1,none,not assessed,short,step,1,no,14,middle,yes,yes,yes,highest of phrase
Sunless 05,13,31,1.5,G4,67,ɨ,derived from Bozeman tenor-mezzo,0.278,close,A#3,9.11,inside,3,-9,none,not assessed,short,leap-down,-8,no,14,middle,no,no,no,
Sunless 05,13,31,2,F#4,66,o,Bozeman tenor-mezzo midpoint,0.278,close,C#4,5.5,inside,2,-10,none,not assessed,short,step,-1,no,14,middle,no,no,no,
Sunless 05,13,31,2.5,G4,67,ɨ,derived from Bozeman tenor-mezzo,0.278,close,A#3,9.11,inside,3,-9,none,not assessed,short,step,1,no,14,middle,no,no,no,
Sunless 05,13,31,3,C5,72,ɑ,Bozeman tenor-mezzo midpoint,0.556,close,E4,7.5,inside,8,-4,none,not assessed,short,leap-up,5,no,14,last,no,no,no,
Sunless 05,13,31,4.5,D5,74,ɑ,Bozeman tenor-mezzo midpoint,0.278,close,E4,9.5,inside,10,-2,none,not assessed,short,step,2,yes,15,first,no,no,no,
Sunless 05,13,32,1,D#4,63,ɨ,derived from Bozeman tenor-mezzo,0.278,close,A#3,5.11,below primo,-1,-13,none,not assessed,short,leap-down,-11,no,15,middle,no,yes,no,
Sunless 05,13,32,1.5,D4,62,ɪ,derived from Bozeman tenor-mezzo,0.278,open,D4,-0.04,below primo,-2,-14,none,not assessed,short,step,-1,no,15,middle,no,no,no,
Sunless 05,13,32,2,F4,65,o,Bozeman tenor-mezzo midpoint,0.278,close,C#4,4.5,inside,1,-11,none,not assessed,short,leap-up,3,no,15,middle,no,yes,no,
Sunless 05,13,32,2.5,D#4,63,u,Bozeman tenor-mezzo midpoint,0.278,close,G3,8.5,below primo,-1,-13,none,not assessed,short,step,-2,no,15,middle,no,yes,no,
Sunless 05,13,32,3,C5,72,o,Bozeman tenor-mezzo midpoint,0.556,close,C#4,11.5,inside,8,-4,none,not assessed,short,leap-up,9,no,15,middle,no,no,no,
Sunless 05,13,32,4,G4,67,ɨ,derived from Bozeman tenor-mezzo,0.278,close,A#3,9.11,inside,3,-9,none,not assessed,short,leap-down,-5,no,15,middle,no,no,no,
Sunless 05,13,32,4.5,G4,67,ɪ,derived from Bozeman tenor-mezzo,0.278,close,D4,4.96,inside,3,-9,none,not assessed,short,repeated,0,no,15,middle,no,no,no,
Sunless 05,13,33,1,G#4,68,u,Bozeman tenor-mezzo midpoint,0.278,above,G3,13.5,inside,4,-8,none,not assessed,short,step,1,no,15,middle,no,no,no,
Sunless 05,13,33,1.5,G4,67,ɪ,derived from Bozeman tenor-mezzo,0.278,close,D4,4.96,inside,3,-9,none,not assessed,short,step,-1,no,15,middle,no,no,no,
Sunless 05,13,33,2,F#4,66,ʌ,derived from Bozeman tenor-mezzo,0.278,close,E4,1.5,inside,2,-10,none,not assessed,short,step,-1,no,15,middle,no,no,no,turning pitch 0 to 2 st below
Sunless 05,13,33,2.5,G4,67,ɑ,Bozeman tenor-mezzo midpoint,0.278,close,E4,2.5,inside,3,-9,none,not assessed,short,step,1,no,15,middle,no,no,no,
Sunless 05,13,33,3,C5,72,o,Bozeman tenor-mezzo midpoint,0.833,close,C#4,11.5,inside,8,-4,none,not assessed,short,leap-up,5,no,15,middle,no,no,no,
Sunless 05,13,33,4.5,D5,74,u,Bozeman tenor-mezzo midpoint,0.278,above,G3,19.5,inside,10,-2,none,not assessed,short,step,2,no,15,middle,no,no,no,
Sunless 05,13,34,1,D#5,75,ɑ,Bozeman tenor-mezzo midpoint,0.278,close,E4,10.5,inside,11,-1,none,not assessed,short,step,1,no,15,middle,yes,yes,yes,highest of phrase
Sunless 05,13,34,1.5,A4,69,u,Bozeman tenor-mezzo midpoint,0.278,above,G3,14.5,inside,5,-7,none,not assessed,short,leap-down,-6,no,15,middle,no,no,no,
Sunless 05,13,34,2,G#4,68,o,Bozeman tenor-mezzo midpoint,0.278,close,C#4,7.5,inside,4,-8,none,not assessed,short,step,-1,no,15,middle,no,no,no,
Sunless 05,13,34,2.5,C5,72,ɨ,derived from Bozeman tenor-mezzo,0.278,above,A#3,14.11,inside,8,-4,none,not assessed,short,leap-up,4,no,15,middle,no,no,no,
Sunless 05,13,34,3,D5,74,u,Bozeman tenor-mezzo midpoint,0.278,above,G3,19.5,inside,10,-2,none,not assessed,short,step,2,no,15,last,no,no,no,
Sunless 05,13,34,4,D5,74,i,Bozeman tenor-mezzo midpoint,0.556,above,E3,21.5,inside,10,-2,none,not assessed,short,repeated,0,yes,16,first,no,no,no,
Sunless 05,13,35,1,D#5,75,ɨ,derived from Bozeman tenor-mezzo,0.556,above,A#3,17.11,inside,11,-1,none,not assessed,short,step,1,no,16,middle,yes,yes,yes,highest of phrase
Sunless 05,13,35,2,A#4,70,ɨ,derived from Bozeman tenor-mezzo,0.556,crossing,A#3,12.11,inside,6,-6,none,not assessed,short,leap-down,-5,no,16,middle,no,no,no,crossing
Sunless 05,13,35,3,B4,71,none resolved,not assessed,0.833,not assessed,not assessed,not assessed,inside,7,-5,not assessed,not assessed,short,step,1,no,16,middle,no,no,no,
Sunless 05,13,35,4.5,C#5,73,ɑ,Bozeman tenor-mezzo midpoint,0.278,close,E4,8.5,inside,9,-3,none,not assessed,short,step,2,no,16,middle,no,no,no,
Sunless 05,13,36,1,D#5,75,i,Bozeman tenor-mezzo midpoint,0.556,above,E3,22.5,inside,11,-1,none,not assessed,short,step,2,no,16,last,yes,yes,yes,highest of phrase
Sunless 05,13,36,3.5,D#5,75,ɛ,Bozeman tenor-mezzo midpoint,0.278,crossing,D#4,12.5,inside,11,-1,none,not assessed,short,repeated,0,yes,17,first,yes,yes,yes,highest of phrase; crossing
Sunless 05,13,36,4,C#5,73,o,Bozeman tenor-mezzo midpoint,0.278,crossing,C#4,12.5,inside,9,-3,none,not assessed,short,step,-2,no,17,middle,no,no,no,crossing
Sunless 05,13,36,4.5,C5,72,o,Bozeman tenor-mezzo midpoint,0.278,close,C#4,11.5,inside,8,-4,none,not assessed,short,step,-1,no,17,middle,no,no,no,
Sunless 05,13,37,1,C#5,73,ɨ,derived from Bozeman tenor-mezzo,0.833,above,A#3,15.11,inside,9,-3,none,not assessed,short,step,1,no,17,middle,no,no,no,
Sunless 05,13,37,2.5,C5,72,i,Bozeman tenor-mezzo midpoint,0.278,above,E3,19.5,inside,8,-4,none,not assessed,short,step,-1,no,17,middle,no,no,no,
Sunless 05,13,37,3,A#4,70,u,Bozeman tenor-mezzo midpoint,0.556,above,G3,15.5,inside,6,-6,none,not assessed,short,step,-2,no,17,last,no,no,no,
Sunless 05,13,37,4.5,G4,67,o,Bozeman tenor-mezzo midpoint,0.278,close,C#4,6.5,inside,3,-9,none,not assessed,short,leap-down,-3,yes,18,first,no,no,no,
Sunless 05,13,38,1,G#4,68,ɨ,derived from Bozeman tenor-mezzo,0.556,close,A#3,10.11,inside,4,-8,none,not assessed,short,step,1,no,18,middle,no,no,no,
Sunless 05,13,38,2,G#4,68,ɪ,derived from Bozeman tenor-mezzo,0.556,close,D4,5.96,inside,4,-8,none,not assessed,short,repeated,0,no,18,middle,no,no,no,
Sunless 05,13,38,3,C#5,73,u,Bozeman tenor-mezzo midpoint,0.833,above,G3,18.5,inside,9,-3,none,not assessed,short,leap-up,5,no,18,middle,no,no,no,
Sunless 05,13,38,4.5,C5,72,ʌ,derived from Bozeman tenor-mezzo,0.278,close,E4,7.5,inside,8,-4,none,not assessed,short,step,-1,no,18,middle,no,no,no,
Sunless 05,13,39,1,F5,77,ɛ,Bozeman tenor-mezzo midpoint,0.556,above,D#4,14.5,above secondo,13,1,none,not assessed,short,leap-up,5,no,18,last,yes,yes,yes,highest of phrase
Sunless 05,13,39,3,C#5,73,ɑ,Bozeman tenor-mezzo midpoint,1.111,close,E4,8.5,inside,9,-3,none,not assessed,short,leap-down,-4,yes,19,first,yes,no,no,highest of phrase
Sunless 05,13,40,1,F4,65,ɨ,derived from Bozeman tenor-mezzo,0.278,close,A#3,7.11,inside,1,-11,none,not assessed,short,leap-down,-8,no,19,middle,no,yes,no,
Sunless 05,13,40,1.5,E4,64,ɑ,Bozeman tenor-mezzo midpoint,0.278,open,E4,-0.5,inside,0,-12,none,not assessed,short,step,-1,no,19,middle,no,yes,no,
Sunless 05,13,40,2,G#4,68,ɑ,Bozeman tenor-mezzo midpoint,0.278,close,E4,3.5,inside,4,-8,none,not assessed,short,leap-up,4,no,19,middle,no,no,no,
Sunless 05,13,40,2.5,G4,67,ɨ,derived from Bozeman tenor-mezzo,0.278,close,A#3,9.11,inside,3,-9,none,not assessed,short,step,-1,no,19,middle,no,no,no,
Sunless 05,13,40,3,B4,71,o,Bozeman tenor-mezzo midpoint,0.278,close,C#4,10.5,inside,7,-5,none,not assessed,short,leap-up,4,no,19,middle,no,no,no,
Sunless 05,13,40,3.5,B4,71,ʌ,derived from Bozeman tenor-mezzo,0.278,close,E4,6.5,inside,7,-5,none,not assessed,short,repeated,0,no,19,last,no,no,no,
Sunless 05,13,40,4.5,B4,71,ɨ,derived from Bozeman tenor-mezzo,0.278,above,A#3,13.11,inside,7,-5,none,not assessed,short,repeated,0,yes,20,first,no,no,no,
Sunless 05,13,41,1,C5,72,e,Bozeman tenor-mezzo midpoint,0.556,close,D4,10.5,inside,8,-4,none,not assessed,short,step,1,no,20,middle,no,no,no,
Sunless 05,13,41,2,C#5,73,ʌ,derived from Bozeman tenor-mezzo,0.556,close,E4,8.5,inside,9,-3,none,not assessed,short,step,1,no,20,middle,no,no,no,
Sunless 05,13,41,3,F5,77,ɛ,Bozeman tenor-mezzo midpoint,0.278,above,D#4,14.5,above secondo,13,1,none,not assessed,short,leap-up,4,no,20,middle,yes,yes,yes,highest of phrase
Sunless 05,13,41,3.5,D#5,75,ʌ,derived from Bozeman tenor-mezzo,0.278,close,E4,10.5,inside,11,-1,none,not assessed,short,step,-2,no,20,middle,no,yes,no,
Sunless 05,13,41,4,D#5,75,i,Bozeman tenor-mezzo midpoint,0.278,above,E3,22.5,inside,11,-1,none,not assessed,short,repeated,0,no,20,last,no,yes,no,
Sunless 05,13,42,1.5,G#4,68,ɛ,Bozeman tenor-mezzo midpoint,0.278,close,D#4,5.5,inside,4,-8,none,not assessed,short,leap-down,-7,yes,21,first,no,no,no,
Sunless 05,13,42,2,C#5,73,ɑ,Bozeman tenor-mezzo midpoint,0.278,close,E4,8.5,inside,9,-3,none,not assessed,short,leap-up,5,no,21,middle,yes,no,no,highest of phrase
Sunless 05,13,42,2.5,C#5,73,u,Bozeman tenor-mezzo midpoint,0.278,above,G3,18.5,inside,9,-3,none,not assessed,short,repeated,0,no,21,middle,yes,no,no,highest of phrase
Sunless 05,13,42,3,F4,65,ɨ,derived from Bozeman tenor-mezzo,0.556,close,A#3,7.11,inside,1,-11,none,not assessed,short,leap-down,-8,no,21,middle,no,yes,no,
Sunless 05,13,42,4,G#4,68,ɨ,derived from Bozeman tenor-mezzo,0.556,close,A#3,10.11,inside,4,-8,none,not assessed,short,leap-up,3,no,21,middle,no,no,no,
Sunless 05,13,43,1,B4,71,o,Bozeman tenor-mezzo midpoint,0.556,close,C#4,10.5,inside,7,-5,none,not assessed,short,leap-up,3,no,21,middle,no,no,no,
Sunless 05,13,43,2,B4,71,o,Bozeman tenor-mezzo midpoint,0.278,close,C#4,10.5,inside,7,-5,none,not assessed,short,repeated,0,no,21,last,no,no,no,
Sunless 05,13,43,4.5,B4,71,u,Bozeman tenor-mezzo midpoint,0.278,above,G3,16.5,inside,7,-5,none,not assessed,short,repeated,0,yes,22,first,yes,no,no,highest of phrase
Sunless 05,13,44,1,B4,71,ɨ,derived from Bozeman tenor-mezzo,1.111,above,A#3,13.11,inside,7,-5,none,not assessed,short,repeated,0,no,22,middle,yes,no,no,highest of phrase
Sunless 05,13,44,3,A#4,70,ɨ,derived from Bozeman tenor-mezzo,0.556,crossing,A#3,12.11,inside,6,-6,none,not assessed,short,step,-1,no,22,middle,no,no,no,crossing
Sunless 05,13,44,4,A#4,70,ɨ,derived from Bozeman tenor-mezzo,0.278,crossing,A#3,12.11,inside,6,-6,none,not assessed,short,tie,0,no,22,last,no,no,no,crossing
Sunless 05,13,45,1,G4,67,e,Bozeman tenor-mezzo midpoint,1.667,close,D4,5.5,inside,3,-9,none,not assessed,short,leap-down,-3,yes,23,first,yes,no,no,highest of phrase
Sunless 05,13,45,4,G4,67,i,Bozeman tenor-mezzo midpoint,0.556,above,E3,14.5,inside,3,-9,none,not assessed,short,repeated,0,no,23,middle,yes,no,no,highest of phrase
Sunless 05,13,46,1,G4,67,o,Bozeman tenor-mezzo midpoint,1.111,close,C#4,6.5,inside,3,-9,none,not assessed,short,repeated,0,no,23,last,yes,no,no,highest of phrase
Sunless 05,13,48,4,G4,67,ɪ,derived from Bozeman tenor-mezzo,0.556,close,D4,4.96,inside,3,-9,none,not assessed,short,repeated,0,yes,24,first,no,no,no,
Sunless 05,13,49,1,G4,67,e,Bozeman tenor-mezzo midpoint,0.833,close,D4,5.5,inside,3,-9,none,not assessed,short,repeated,0,no,24,middle,no,no,no,
Sunless 05,13,49,2.5,G4,67,i,Bozeman tenor-mezzo midpoint,0.278,above,E3,14.5,inside,3,-9,none,not assessed,short,repeated,0,no,24,middle,no,no,no,
Sunless 05,13,49,3,A4,69,ʌ,derived from Bozeman tenor-mezzo,0.556,close,E4,4.5,inside,5,-7,none,not assessed,short,step,2,no,24,middle,no,no,no,
Sunless 05,13,49,4,G4,67,ɪ,derived from Bozeman tenor-mezzo,0.556,close,D4,4.96,inside,3,-9,none,not assessed,short,step,-2,no,24,middle,no,no,no,
Sunless 05,13,50,1,B4,71,ɑ,Bozeman tenor-mezzo midpoint,0.278,close,E4,6.5,inside,7,-5,none,not assessed,short,leap-up,4,no,24,last,yes,no,no,highest of phrase
Sunless 05,13,50,2,B4,71,ɑ,Bozeman tenor-mezzo midpoint,0.556,close,E4,6.5,inside,7,-5,none,not assessed,short,repeated,0,yes,25,first,no,no,no,
Sunless 05,13,50,3,C5,72,u,Bozeman tenor-mezzo midpoint,0.556,above,G3,17.5,inside,8,-4,none,not assessed,short,step,1,no,25,middle,yes,no,no,highest of phrase
Sunless 05,13,50,4,D#4,63,ʌ,derived from Bozeman tenor-mezzo,0.556,open,E4,-1.5,below primo,-1,-13,none,not assessed,short,leap-down,-9,no,25,middle,no,yes,no,
Sunless 05,13,51,1,F4,65,o,Bozeman tenor-mezzo midpoint,0.278,close,C#4,4.5,inside,1,-11,none,not assessed,short,step,2,no,25,middle,no,yes,no,
Sunless 05,13,51,1.5,D#4,63,ɑ,Bozeman tenor-mezzo midpoint,0.278,open,E4,-1.5,below primo,-1,-13,none,not assessed,short,step,-2,no,25,middle,no,yes,no,
Sunless 05,13,51,2,G4,67,ɑ,Bozeman tenor-mezzo midpoint,0.278,close,E4,2.5,inside,3,-9,none,not assessed,short,leap-up,4,no,25,middle,no,no,no,
Sunless 05,13,51,2.5,A#4,70,ɨ,derived from Bozeman tenor-mezzo,0.278,crossing,A#3,12.11,inside,6,-6,none,not assessed,short,leap-up,3,no,25,middle,no,no,no,crossing
Sunless 05,13,51,3,C5,72,ɑ,Bozeman tenor-mezzo midpoint,0.556,close,E4,7.5,inside,8,-4,none,not assessed,short,step,2,no,25,last,yes,no,no,highest of phrase
Sunless 05,13,51,4.5,C5,72,ɨ,derived from Bozeman tenor-mezzo,0.278,above,A#3,14.11,inside,8,-4,none,not assessed,short,repeated,0,yes,26,first,yes,no,no,highest of phrase
Sunless 05,13,52,1,G4,67,ɑ,Bozeman tenor-mezzo midpoint,0.278,close,E4,2.5,inside,3,-9,none,not assessed,short,leap-down,-5,no,26,middle,no,no,no,
Sunless 05,13,52,1.5,G4,67,ɪ,derived from Bozeman tenor-mezzo,0.278,close,D4,4.96,inside,3,-9,none,not assessed,short,repeated,0,no,26,middle,no,no,no,
Sunless 05,13,52,2,F4,65,ɛ,Bozeman tenor-mezzo midpoint,0.278,close,D#4,2.5,inside,1,-11,none,not assessed,short,step,-2,no,26,middle,no,yes,no,
Sunless 05,13,52,2.5,E4,64,ɨ,derived from Bozeman tenor-mezzo,0.278,close,A#3,6.11,inside,0,-12,none,not assessed,short,step,-1,no,26,middle,no,yes,no,
Sunless 05,13,52,3,G4,67,i,Bozeman tenor-mezzo midpoint,0.833,above,E3,14.5,inside,3,-9,none,not assessed,short,leap-up,3,no,26,middle,no,no,no,
Sunless 05,13,52,4.5,G4,67,u,Bozeman tenor-mezzo midpoint,0.278,crossing,G3,12.5,inside,3,-9,none,not assessed,short,repeated,0,no,26,middle,no,no,no,crossing
Sunless 05,13,53,1,A4,69,ɑ,Bozeman tenor-mezzo midpoint,0.833,close,E4,4.5,inside,5,-7,none,not assessed,short,step,2,no,26,middle,no,no,no,
Sunless 05,13,53,2.5,A4,69,ɪ,derived from Bozeman tenor-mezzo,0.278,close,D4,6.96,inside,5,-7,none,not assessed,short,repeated,0,no,26,middle,no,no,no,
Sunless 05,13,53,3,A4,69,ɪ,derived from Bozeman tenor-mezzo,0.556,close,D4,6.96,inside,5,-7,none,not assessed,short,repeated,0,no,26,middle,no,no,no,
Sunless 05,13,53,4,A4,69,ɑ,Bozeman tenor-mezzo midpoint,0.556,close,E4,4.5,inside,5,-7,none,not assessed,short,repeated,0,no,26,middle,no,no,no,
Sunless 05,13,54,1,A#4,70,ɑ,Bozeman tenor-mezzo midpoint,1.111,close,E4,5.5,inside,6,-6,none,not assessed,short,step,1,no,26,middle,no,no,no,
Sunless 05,13,54,3,G4,67,ʌ,derived from Bozeman tenor-mezzo,0.278,close,E4,2.5,inside,3,-9,none,not assessed,short,leap-down,-3,no,26,last,no,no,no,
Sunless 05,13,54,4,G4,67,ɑ,Bozeman tenor-mezzo midpoint,0.556,close,E4,2.5,inside,3,-9,none,not assessed,short,repeated,0,yes,27,first,no,no,no,
Sunless 05,13,55,1,G4,67,u,Bozeman tenor-mezzo midpoint,0.833,crossing,G3,12.5,inside,3,-9,none,not assessed,short,repeated,0,no,27,middle,no,no,no,crossing
Sunless 05,13,55,2.5,G4,67,u,Bozeman tenor-mezzo midpoint,0.278,crossing,G3,12.5,inside,3,-9,none,not assessed,short,repeated,0,no,27,middle,no,no,no,crossing
Sunless 05,13,55,3,B4,71,ʌ,derived from Bozeman tenor-mezzo,0.556,close,E4,6.5,inside,7,-5,none,not assessed,short,leap-up,4,no,27,middle,no,no,no,
Sunless 05,13,55,4,D5,74,ɑ,Bozeman tenor-mezzo midpoint,0.556,close,E4,9.5,inside,10,-2,none,not assessed,short,leap-up,3,no,27,middle,no,no,no,
Sunless 05,13,56,1,D#5,75,ɑ,Bozeman tenor-mezzo midpoint,0.556,close,E4,10.5,inside,11,-1,none,not assessed,short,step,1,no,27,middle,yes,yes,yes,highest of phrase
Sunless 05,13,56,2,D#5,75,ɑ,Bozeman tenor-mezzo midpoint,0.278,close,E4,10.5,inside,11,-1,none,not assessed,short,tie,0,no,27,last,yes,yes,yes,highest of phrase
Sunless 05,13,56,4,D#4,63,ɪ,derived from Bozeman tenor-mezzo,0.556,close,D4,0.96,below primo,-1,-13,none,not assessed,short,leap-down,-12,yes,28,first,no,yes,yes,turning pitch 0 to 2 st below
Sunless 05,13,57,1,G4,67,o,Bozeman tenor-mezzo midpoint,1.667,close,C#4,6.5,inside,3,-9,none,not assessed,short,leap-up,4,no,28,middle,no,no,no,
Sunless 05,13,57,4,G4,67,i,Bozeman tenor-mezzo midpoint,0.556,above,E3,14.5,inside,3,-9,none,not assessed,short,repeated,0,no,28,middle,no,no,no,
Sunless 05,13,58,1,G4,67,ɪ,derived from Bozeman tenor-mezzo,1.111,close,D4,4.96,inside,3,-9,none,not assessed,short,repeated,0,no,28,middle,no,no,no,
Sunless 05,13,58,3,C5,72,ɑ,Bozeman tenor-mezzo midpoint,1.111,close,E4,7.5,inside,8,-4,none,not assessed,short,leap-up,5,no,28,middle,yes,no,no,highest of phrase
Sunless 05,13,59,1,G4,67,ɑ,Bozeman tenor-mezzo midpoint,1.111,close,E4,2.5,inside,3,-9,none,not assessed,short,leap-down,-5,no,28,middle,no,no,no,
Sunless 05,13,59,3,G4,67,ʌ,derived from Bozeman tenor-mezzo,0.556,close,E4,2.5,inside,3,-9,none,not assessed,short,repeated,0,no,28,last,no,no,no,
Sunless 06,13,2,1,D4,62,e,Bozeman tenor-mezzo midpoint,1,close,D4,0.5,below primo,-2,-14,none,not assessed,short,first note,,,0,first,no,no,no,turning pitch 0 to 2 st below
Sunless 06,13,2,3,E4,64,ɑ,Bozeman tenor-mezzo midpoint,0.5,open,E4,-0.5,inside,0,-12,none,not assessed,short,step,2,no,0,middle,no,yes,no,
Sunless 06,13,2,4,F#4,66,ɑ,Bozeman tenor-mezzo midpoint,0.5,close,E4,1.5,inside,2,-10,none,not assessed,short,step,2,no,0,middle,no,no,no,turning pitch 0 to 2 st below
Sunless 06,13,3,1,G4,67,u,Bozeman tenor-mezzo midpoint,1,crossing,G3,12.5,inside,3,-9,none,not assessed,short,step,1,no,0,middle,no,no,no,crossing
Sunless 06,13,3,3,E4,64,i,Bozeman tenor-mezzo midpoint,0.5,crossing,E3,11.5,inside,0,-12,none,not assessed,short,leap-down,-3,no,0,middle,no,yes,yes,crossing
Sunless 06,13,3,4,G4,67,ɨ,derived from Bozeman tenor-mezzo,0.5,close,A#3,9.11,inside,3,-9,none,not assessed,short,leap-up,3,no,0,middle,no,no,no,
Sunless 06,13,4,1,A4,69,o,Bozeman tenor-mezzo midpoint,1,close,C#4,8.5,inside,5,-7,none,not assessed,short,step,2,no,0,middle,no,no,no,
Sunless 06,13,4,3,A#4,70,ɨ,derived from Bozeman tenor-mezzo,0.5,crossing,A#3,12.11,inside,6,-6,none,not assessed,short,step,1,no,0,middle,no,no,no,crossing
Sunless 06,13,4,4,A4,69,ɑ,Bozeman tenor-mezzo midpoint,0.5,close,E4,4.5,inside,5,-7,none,not assessed,short,step,-1,no,0,middle,no,no,no,
Sunless 06,13,5,1,D5,74,o,Bozeman tenor-mezzo midpoint,0.75,above,C#4,13.5,inside,10,-2,none,not assessed,short,leap-up,5,no,0,middle,yes,no,no,highest of phrase
Sunless 06,13,5,2.5,G4,67,i,Bozeman tenor-mezzo midpoint,0.25,above,E3,14.5,inside,3,-9,none,not assessed,short,leap-down,-7,no,0,middle,no,no,no,
Sunless 06,13,5,3,G4,67,ɪ,derived from Bozeman tenor-mezzo,0.5,close,D4,4.96,inside,3,-9,none,not assessed,short,repeated,0,no,0,last,no,no,no,
Sunless 06,13,6,1,A#4,70,i,Bozeman tenor-mezzo midpoint,1,above,E3,17.5,inside,6,-6,none,not assessed,short,leap-up,3,yes,1,first,yes,no,no,highest of phrase
Sunless 06,13,6,3,F4,65,ɪ,derived from Bozeman tenor-mezzo,0.5,close,D4,2.96,inside,1,-11,none,not assessed,short,leap-down,-5,no,1,middle,no,yes,no,
Sunless 06,13,6,4,G4,67,ʌ,derived from Bozeman tenor-mezzo,0.5,close,E4,2.5,inside,3,-9,none,not assessed,short,step,2,no,1,middle,no,no,no,
Sunless 06,13,7,1,A#4,70,ɛ,Bozeman tenor-mezzo midpoint,1,close,D#4,7.5,inside,6,-6,none,not assessed,short,leap-up,3,no,1,middle,yes,no,no,highest of phrase
Sunless 06,13,7,3,F4,65,ɑ,Bozeman tenor-mezzo midpoint,0.25,close,E4,0.5,inside,1,-11,none,not assessed,short,leap-down,-5,no,1,last,no,yes,yes,turning pitch 0 to 2 st below
Sunless 06,13,7,4,G4,67,o,Bozeman tenor-mezzo midpoint,0.5,close,C#4,6.5,inside,3,-9,none,not assessed,short,step,2,yes,2,first,no,no,no,
Sunless 06,13,8,1,A4,69,ɑ,Bozeman tenor-mezzo midpoint,1,close,E4,4.5,inside,5,-7,none,not assessed,short,step,2,no,2,middle,yes,no,no,highest of phrase
Sunless 06,13,8,3,E4,64,i,Bozeman tenor-mezzo midpoint,0.5,crossing,E3,11.5,inside,0,-12,none,not assessed,short,leap-down,-5,no,2,middle,no,yes,yes,crossing
Sunless 06,13,8,4,F#4,66,u,Bozeman tenor-mezzo midpoint,0.5,close,G3,11.5,inside,2,-10,none,not assessed,short,step,2,no,2,middle,no,no,no,
Sunless 06,13,9,1,A4,69,u,Bozeman tenor-mezzo midpoint,0.75,above,G3,14.5,inside,5,-7,none,not assessed,short,leap-up,3,no,2,middle,yes,no,no,highest of phrase
Sunless 06,13,9,2.5,F#4,66,u,Bozeman tenor-mezzo midpoint,0.25,close,G3,11.5,inside,2,-10,none,not assessed,short,leap-down,-3,no,2,middle,no,no,no,
Sunless 06,13,9,3,F#4,66,none resolved,not assessed,0.5,not assessed,not assessed,not assessed,inside,2,-10,not assessed,not assessed,short,repeated,0,no,2,last,no,no,no,
Sunless 06,13,10,1,A#4,70,o,Bozeman tenor-mezzo midpoint,1,close,C#4,9.5,inside,6,-6,none,not assessed,short,leap-up,4,yes,3,first,no,no,no,
Sunless 06,13,10,3,F4,65,ɑ,Bozeman tenor-mezzo midpoint,0.25,close,E4,0.5,inside,1,-11,none,not assessed,short,leap-down,-5,no,3,middle,no,yes,yes,turning pitch 0 to 2 st below
Sunless 06,13,10,3.5,G4,67,ɑ,Bozeman tenor-mezzo midpoint,0.25,close,E4,2.5,inside,3,-9,none,not assessed,short,step,2,no,3,middle,no,no,no,
Sunless 06,13,10,4,F4,65,ɑ,Bozeman tenor-mezzo midpoint,0.25,close,E4,0.5,inside,1,-11,none,not assessed,short,step,-2,no,3,middle,no,yes,yes,turning pitch 0 to 2 st below
Sunless 06,13,10,4.5,D4,62,ɑ,Bozeman tenor-mezzo midpoint,0.25,open,E4,-2.5,below primo,-2,-14,none,not assessed,short,leap-down,-3,no,3,middle,no,no,no,
Sunless 06,13,11,1,A4,69,u,Bozeman tenor-mezzo midpoint,0.5,above,G3,14.5,inside,5,-7,none,not assessed,short,leap-up,7,no,3,middle,no,no,no,
Sunless 06,13,11,2,B4,71,u,Bozeman tenor-mezzo midpoint,0.5,above,G3,16.5,inside,7,-5,none,not assessed,short,step,2,no,3,middle,yes,no,no,highest of phrase
Sunless 06,13,11,3,F#4,66,ɑ,Bozeman tenor-mezzo midpoint,0.25,close,E4,1.5,inside,2,-10,none,not assessed,short,leap-down,-5,no,3,last,no,no,no,turning pitch 0 to 2 st below
Sunless 06,13,11,4,A4,69,ɑ,Bozeman tenor-mezzo midpoint,0.5,close,E4,4.5,inside,5,-7,none,not assessed,short,leap-up,3,yes,4,first,no,no,no,
Sunless 06,13,12,1,A#4,70,o,Bozeman tenor-mezzo midpoint,1,close,C#4,9.5,inside,6,-6,none,not assessed,short,step,1,no,4,middle,no,no,no,
Sunless 06,13,12,3,F4,65,ɨ,derived from Bozeman tenor-mezzo,0.25,close,A#3,7.11,inside,1,-11,none,not assessed,short,leap-down,-5,no,4,middle,no,yes,no,
Sunless 06,13,12,3.5,G4,67,ɨ,derived from Bozeman tenor-mezzo,0.25,close,A#3,9.11,inside,3,-9,none,not assessed,short,step,2,no,4,middle,no,no,no,
Sunless 06,13,12,4,F4,65,u,Bozeman tenor-mezzo midpoint,0.25,close,G3,10.5,inside,1,-11,none,not assessed,short,step,-2,no,4,middle,no,yes,no,
Sunless 06,13,12,4.5,D4,62,u,Bozeman tenor-mezzo midpoint,0.25,close,G3,7.5,below primo,-2,-14,none,not assessed,short,leap-down,-3,no,4,middle,no,no,no,
Sunless 06,13,13,1,A4,69,o,Bozeman tenor-mezzo midpoint,0.5,close,C#4,8.5,inside,5,-7,none,not assessed,short,leap-up,7,no,4,middle,no,no,no,
Sunless 06,13,13,2,B4,71,o,Bozeman tenor-mezzo midpoint,0.25,close,C#4,10.5,inside,7,-5,none,not assessed,short,step,2,no,4,middle,yes,no,no,highest of phrase
Sunless 06,13,13,2.5,F#4,66,i,Bozeman tenor-mezzo midpoint,0.25,above,E3,13.5,inside,2,-10,none,not assessed,short,leap-down,-5,no,4,middle,no,no,no,
Sunless 06,13,13,3,F#4,66,ɪ,derived from Bozeman tenor-mezzo,0.5,close,D4,3.96,inside,2,-10,none,not assessed,short,repeated,0,no,4,last,no,no,no,
Sunless 06,13,14,1,G4,67,ɑ,Bozeman tenor-mezzo midpoint,1,close,E4,2.5,inside,3,-9,none,not assessed,short,step,1,yes,5,first,no,no,no,
Sunless 06,13,14,3,F4,65,ɨ,derived from Bozeman tenor-mezzo,0.5,close,A#3,7.11,inside,1,-11,none,not assessed,short,step,-2,no,5,middle,no,yes,no,
Sunless 06,13,14,4,D#4,63,ɑ,Bozeman tenor-mezzo midpoint,0.5,open,E4,-1.5,below primo,-1,-13,none,not assessed,short,step,-2,no,5,middle,no,yes,no,
Sunless 06,13,15,1,G4,67,ɛ,Bozeman tenor-mezzo midpoint,1,close,D#4,4.5,inside,3,-9,none,not assessed,short,leap-up,4,no,5,middle,no,no,no,
Sunless 06,13,15,3,F4,65,ɨ,derived from Bozeman tenor-mezzo,0.5,close,A#3,7.11,inside,1,-11,none,not assessed,short,step,-2,no,5,middle,no,yes,no,
Sunless 06,13,15,4,D#4,63,ɪ,derived from Bozeman tenor-mezzo,0.5,close,D4,0.96,below primo,-1,-13,none,not assessed,short,step,-2,no,5,middle,no,yes,yes,turning pitch 0 to 2 st below
Sunless 06,13,16,1,D4,62,ɛ,Bozeman tenor-mezzo midpoint,0.5,open,D#4,-0.5,below primo,-2,-14,none,not assessed,short,step,-1,no,5,middle,no,no,no,
Sunless 06,13,16,2,D5,74,ɛ,Bozeman tenor-mezzo midpoint,0.5,close,D#4,11.5,inside,10,-2,none,not assessed,short,leap-up,12,no,5,middle,yes,no,no,highest of phrase
Sunless 06,13,16,3,A#4,70,ɨ,derived from Bozeman tenor-mezzo,0.5,crossing,A#3,12.11,inside,6,-6,none,not assessed,short,leap-down,-4,no,5,middle,no,no,no,crossing
Sunless 06,13,16,4,F#4,66,i,Bozeman tenor-mezzo midpoint,0.5,above,E3,13.5,inside,2,-10,none,not assessed,short,leap-down,-4,no,5,middle,no,no,no,
Sunless 06,13,17,1,D4,62,u,Bozeman tenor-mezzo midpoint,0.75,close,G3,7.5,below primo,-2,-14,none,not assessed,short,leap-down,-4,no,5,middle,no,no,no,
Sunless 06,13,17,2.5,E4,64,u,Bozeman tenor-mezzo midpoint,0.25,close,G3,9.5,inside,0,-12,none,not assessed,short,step,2,no,5,middle,no,yes,no,
Sunless 06,13,17,3,F#4,66,none resolved,not assessed,0.5,not assessed,not assessed,not assessed,inside,2,-10,not assessed,not assessed,short,step,2,no,5,last,no,no,no,
Sunless 06,13,18,1,D5,74,ɛ,Bozeman tenor-mezzo midpoint,1,close,D#4,11.5,inside,10,-2,none,not assessed,short,leap-up,8,yes,6,first,yes,no,no,highest of phrase
Sunless 06,13,18,3,C#5,73,u,Bozeman tenor-mezzo midpoint,0.25,above,G3,18.5,inside,9,-3,none,not assessed,short,step,-1,no,6,last,no,no,no,
Sunless 06,13,18,4,F#4,66,ɑ,Bozeman tenor-mezzo midpoint,0.5,close,E4,1.5,inside,2,-10,none,not assessed,short,leap-down,-7,yes,7,first,no,no,no,turning pitch 0 to 2 st below
Sunless 06,13,19,1,A4,69,ɑ,Bozeman tenor-mezzo midpoint,1,close,E4,4.5,inside,5,-7,none,not assessed,short,leap-up,3,no,7,middle,yes,no,no,highest of phrase
Sunless 06,13,19,3,D4,62,none resolved,not assessed,0.25,not assessed,not assessed,not assessed,below primo,-2,-14,not assessed,not assessed,short,leap-down,-7,no,7,last,no,no,no,
Sunless 06,13,19,4,F#4,66,ɑ,Bozeman tenor-mezzo midpoint,0.25,close,E4,1.5,inside,2,-10,none,not assessed,short,leap-up,4,yes,8,first,no,no,no,turning pitch 0 to 2 st below
Sunless 06,13,19,4.5,A4,69,ɑ,Bozeman tenor-mezzo midpoint,0.25,close,E4,4.5,inside,5,-7,none,not assessed,short,leap-up,3,no,8,middle,no,no,no,
Sunless 06,13,20,1,D5,74,ɑ,Bozeman tenor-mezzo midpoint,1,close,E4,9.5,inside,10,-2,none,not assessed,short,leap-up,5,no,8,middle,yes,no,no,highest of phrase
Sunless 06,13,20,3,C#5,73,e,Bozeman tenor-mezzo midpoint,0.25,close,D4,11.5,inside,9,-3,none,not assessed,short,step,-1,no,8,middle,no,no,no,
Sunless 06,13,20,3.5,D5,74,e,Bozeman tenor-mezzo midpoint,0.25,crossing,D4,12.5,inside,10,-2,none,not assessed,short,step,1,no,8,middle,yes,no,no,highest of phrase; crossing
Sunless 06,13,20,4,C#5,73,o,Bozeman tenor-mezzo midpoint,0.25,crossing,C#4,12.5,inside,9,-3,none,not assessed,short,step,-1,no,8,middle,no,no,no,crossing
Sunless 06,13,20,4.5,F#4,66,o,Bozeman tenor-mezzo midpoint,0.25,close,C#4,5.5,inside,2,-10,none,not assessed,short,leap-down,-7,no,8,middle,no,no,no,
Sunless 06,13,21,1,B4,71,ɛ,Bozeman tenor-mezzo midpoint,0.5,close,D#4,8.5,inside,7,-5,none,not assessed,short,leap-up,5,no,8,middle,no,no,no,
Sunless 06,13,21,2,A4,69,ɨ,derived from Bozeman tenor-mezzo,0.25,close,A#3,11.11,inside,5,-7,none,not assessed,short,step,-2,no,8,middle,no,no,no,
Sunless 06,13,21,2.5,G#4,68,ɨ,derived from Bozeman tenor-mezzo,0.25,close,A#3,10.11,inside,4,-8,none,not assessed,short,step,-1,no,8,middle,no,no,no,
Sunless 06,13,21,3,F#4,66,ɪ,derived from Bozeman tenor-mezzo,0.5,close,D4,3.96,inside,2,-10,none,not assessed,short,step,-2,no,8,last,no,no,no,
Sunless 06,13,22,1,G4,67,o,Bozeman tenor-mezzo midpoint,1,close,C#4,6.5,inside,3,-9,none,not assessed,short,step,1,yes,9,first,no,no,no,
Sunless 06,13,22,3,A#4,70,ʌ,derived from Bozeman tenor-mezzo,0.5,close,E4,5.5,inside,6,-6,none,not assessed,short,leap-up,3,no,9,middle,no,no,no,
Sunless 06,13,22,4,B4,71,i,Bozeman tenor-mezzo midpoint,0.5,above,E3,18.5,inside,7,-5,none,not assessed,short,step,1,no,9,middle,no,no,no,
Sunless 06,13,23,1,B4,71,o,Bozeman tenor-mezzo midpoint,1,close,C#4,10.5,inside,7,-5,none,not assessed,short,repeated,0,no,9,middle,no,no,no,
Sunless 06,13,23,3,A#4,70,ʌ,derived from Bozeman tenor-mezzo,0.5,close,E4,5.5,inside,6,-6,none,not assessed,short,step,-1,no,9,middle,no,no,no,
Sunless 06,13,23,4,A4,69,ɪ,derived from Bozeman tenor-mezzo,0.5,close,D4,6.96,inside,5,-7,none,not assessed,short,step,-1,no,9,middle,no,no,no,
Sunless 06,13,24,1,C5,72,i,Bozeman tenor-mezzo midpoint,0.5,above,E3,19.5,inside,8,-4,none,not assessed,short,leap-up,3,no,9,middle,no,no,no,
Sunless 06,13,24,2,D5,74,i,Bozeman tenor-mezzo midpoint,0.5,above,E3,21.5,inside,10,-2,none,not assessed,short,step,2,no,9,middle,yes,no,no,highest of phrase
Sunless 06,13,24,3,A#4,70,ɨ,derived from Bozeman tenor-mezzo,0.5,crossing,A#3,12.11,inside,6,-6,none,not assessed,short,leap-down,-4,no,9,middle,no,no,no,crossing
Sunless 06,13,24,4,F#4,66,ɑ,Bozeman tenor-mezzo midpoint,0.5,close,E4,1.5,inside,2,-10,none,not assessed,short,leap-down,-4,no,9,middle,no,no,no,turning pitch 0 to 2 st below
Sunless 06,13,25,1,A4,69,u,Bozeman tenor-mezzo midpoint,0.75,above,G3,14.5,inside,5,-7,none,not assessed,short,leap-up,3,no,9,middle,no,no,no,
Sunless 06,13,25,2.5,F#4,66,u,Bozeman tenor-mezzo midpoint,0.25,close,G3,11.5,inside,2,-10,none,not assessed,short,leap-down,-3,no,9,middle,no,no,no,
Sunless 06,13,25,3,F#4,66,e,Bozeman tenor-mezzo midpoint,0.5,close,D4,4.5,inside,2,-10,none,not assessed,short,repeated,0,no,9,last,no,no,no,
Sunless 06,13,26,1,C5,72,ɨ,derived from Bozeman tenor-mezzo,1,above,A#3,14.11,inside,8,-4,none,not assessed,short,leap-up,6,yes,10,first,yes,no,no,highest of phrase
Sunless 06,13,26,3,A#4,70,ɑ,Bozeman tenor-mezzo midpoint,0.5,close,E4,5.5,inside,6,-6,none,not assessed,short,step,-2,no,10,middle,no,no,no,
Sunless 06,13,26,4,G4,67,none resolved,not assessed,0.5,not assessed,not assessed,not assessed,inside,3,-9,not assessed,not assessed,short,leap-down,-3,no,10,middle,no,no,no,
Sunless 06,13,27,1,A#4,70,u,Bozeman tenor-mezzo midpoint,1,above,G3,15.5,inside,6,-6,none,not assessed,short,leap-up,3,no,10,middle,no,no,no,
Sunless 06,13,27,3,A4,69,ɨ,derived from Bozeman tenor-mezzo,0.25,close,A#3,11.11,inside,5,-7,none,not assessed,short,step,-1,no,10,last,no,no,no,
Sunless 06,13,27,4,D5,74,i,Bozeman tenor-mezzo midpoint,0.5,above,E3,21.5,inside,10,-2,none,not assessed,short,leap-up,5,yes,11,first,no,no,no,
Sunless 06,13,28,1,D#5,75,ɑ,Bozeman tenor-mezzo midpoint,1,close,E4,10.5,inside,11,-1,none,not assessed,short,step,1,no,11,middle,yes,yes,yes,highest of phrase
Sunless 06,13,28,3,C#5,73,i,Bozeman tenor-mezzo midpoint,0.5,above,E3,20.5,inside,9,-3,none,not assessed,short,step,-2,no,11,middle,no,no,no,
Sunless 06,13,28,4,A#4,70,ɛ,Bozeman tenor-mezzo midpoint,0.5,close,D#4,7.5,inside,6,-6,none,not assessed,short,leap-down,-3,no,11,middle,no,no,no,
Sunless 06,13,29,1,C#5,73,ɛ,Bozeman tenor-mezzo midpoint,0.75,close,D#4,10.5,inside,9,-3,none,not assessed,short,leap-up,3,no,11,middle,no,no,no,
Sunless 06,13,29,2.5,A#4,70,ɨ,derived from Bozeman tenor-mezzo,0.25,crossing,A#3,12.11,inside,6,-6,none,not assessed,short,leap-down,-3,no,11,middle,no,no,no,crossing
Sunless 06,13,29,3,A4,69,ɛ,Bozeman tenor-mezzo midpoint,0.5,close,D#4,6.5,inside,5,-7,none,not assessed,short,step,-1,no,11,last,no,no,no,
Sunless 06,13,30,1,E4,64,o,Bozeman tenor-mezzo midpoint,0.5,close,C#4,3.5,inside,0,-12,none,not assessed,short,leap-down,-5,yes,12,first,no,yes,no,
Sunless 06,13,30,2,G4,67,o,Bozeman tenor-mezzo midpoint,0.5,close,C#4,6.5,inside,3,-9,none,not assessed,short,leap-up,3,no,12,middle,no,no,no,
Sunless 06,13,30,3,A#4,70,ʌ,derived from Bozeman tenor-mezzo,0.5,close,E4,5.5,inside,6,-6,none,not assessed,short,leap-up,3,no,12,middle,no,no,no,
Sunless 06,13,30,4,F#4,66,i,Bozeman tenor-mezzo midpoint,0.25,above,E3,13.5,inside,2,-10,none,not assessed,short,leap-down,-4,no,12,middle,no,no,no,
Sunless 06,13,30,4.5,A4,69,i,Bozeman tenor-mezzo midpoint,0.25,above,E3,16.5,inside,5,-7,none,not assessed,short,leap-up,3,no,12,middle,no,no,no,
Sunless 06,13,31,1,C5,72,ɛ,Bozeman tenor-mezzo midpoint,0.75,close,D#4,9.5,inside,8,-4,none,not assessed,short,leap-up,3,no,12,middle,yes,no,no,highest of phrase
Sunless 06,13,31,2.5,F#4,66,ʌ,derived from Bozeman tenor-mezzo,0.25,close,E4,1.5,inside,2,-10,none,not assessed,short,leap-down,-6,no,12,middle,no,no,no,turning pitch 0 to 2 st below
Sunless 06,13,31,3,F#4,66,ɨ,derived from Bozeman tenor-mezzo,0.5,close,A#3,8.11,inside,2,-10,none,not assessed,short,repeated,0,no,12,last,no,no,no,
Sunless 06,13,32,1,D5,74,u,Bozeman tenor-mezzo midpoint,1,above,G3,19.5,inside,10,-2,none,not assessed,short,leap-up,8,yes,13,first,yes,no,no,highest of phrase
Sunless 06,13,32,3,A#4,70,u,Bozeman tenor-mezzo midpoint,0.5,above,G3,15.5,inside,6,-6,none,not assessed,short,leap-down,-4,no,13,middle,no,no,no,
Sunless 06,13,32,4,F#4,66,ɑ,Bozeman tenor-mezzo midpoint,0.5,close,E4,1.5,inside,2,-10,none,not assessed,short,leap-down,-4,no,13,middle,no,no,no,turning pitch 0 to 2 st below
Sunless 06,13,33,1,A4,69,u,Bozeman tenor-mezzo midpoint,0.75,above,G3,14.5,inside,5,-7,none,not assessed,short,leap-up,3,no,13,middle,no,no,no,
Sunless 06,13,33,2.5,D4,62,u,Bozeman tenor-mezzo midpoint,0.25,close,G3,7.5,below primo,-2,-14,none,not assessed,short,leap-down,-7,no,13,middle,no,no,no,
Sunless 06,13,33,3,D4,62,i,Bozeman tenor-mezzo midpoint,0.5,close,E3,9.5,below primo,-2,-14,none,not assessed,short,repeated,0,no,13,last,no,no,no,
Sunless 06,13,34,1,G4,67,ɛ,Bozeman tenor-mezzo midpoint,1,close,D#4,4.5,inside,3,-9,none,not assessed,short,leap-up,5,yes,14,first,yes,no,no,highest of phrase
Sunless 06,13,34,3,E4,64,ɨ,derived from Bozeman tenor-mezzo,0.5,close,A#3,6.11,inside,0,-12,none,not assessed,short,leap-down,-3,no,14,last,no,yes,no,
Sunless 06,13,34,4.5,G4,67,u,Bozeman tenor-mezzo midpoint,0.25,crossing,G3,12.5,inside,3,-9,none,not assessed,short,leap-up,3,yes,15,first,no,no,no,crossing
Sunless 06,13,35,1,A#4,70,ɑ,Bozeman tenor-mezzo midpoint,1,close,E4,5.5,inside,6,-6,none,not assessed,short,leap-up,3,no,15,middle,yes,no,no,highest of phrase
Sunless 06,13,35,3,G4,67,ɪ,derived from Bozeman tenor-mezzo,0.25,close,D4,4.96,inside,3,-9,none,not assessed,short,leap-down,-3,no,15,last,no,no,no,
Sunless 06,13,35,4.5,G4,67,ʌ,derived from Bozeman tenor-mezzo,0.25,close,E4,2.5,inside,3,-9,none,not assessed,short,repeated,0,yes,16,first,no,no,no,
Sunless 06,13,36,1,C5,72,ɑ,Bozeman tenor-mezzo midpoint,1,close,E4,7.5,inside,8,-4,none,not assessed,short,leap-up,5,no,16,middle,yes,no,no,highest of phrase
Sunless 06,13,36,3,A4,69,i,Bozeman tenor-mezzo midpoint,0.5,above,E3,16.5,inside,5,-7,none,not assessed,short,leap-down,-3,no,16,middle,no,no,no,
Sunless 06,13,36,4,C5,72,ɑ,Bozeman tenor-mezzo midpoint,0.5,close,E4,7.5,inside,8,-4,none,not assessed,short,leap-up,3,no,16,middle,yes,no,no,highest of phrase
Sunless 06,13,37,1,B4,71,e,Bozeman tenor-mezzo midpoint,0.75,close,D4,9.5,inside,7,-5,none,not assessed,short,step,-1,no,16,middle,no,no,no,
Sunless 06,13,37,2.5,E4,64,i,Bozeman tenor-mezzo midpoint,0.25,crossing,E3,11.5,inside,0,-12,none,not assessed,short,leap-down,-7,no,16,middle,no,yes,yes,crossing
Sunless 06,13,37,3,E4,64,ɪ,derived from Bozeman tenor-mezzo,0.5,close,D4,1.96,inside,0,-12,none,not assessed,short,repeated,0,no,16,last,no,yes,yes,turning pitch 0 to 2 st below
Sunless 06,13,38,3,A#4,70,u,Bozeman tenor-mezzo midpoint,0.5,above,G3,15.5,inside,6,-6,none,not assessed,short,leap-up,6,yes,17,first,no,no,no,
Sunless 06,13,38,4,F#4,66,ɑ,Bozeman tenor-mezzo midpoint,0.25,close,E4,1.5,inside,2,-10,none,not assessed,short,leap-down,-4,no,17,middle,no,no,no,turning pitch 0 to 2 st below
Sunless 06,13,38,4.5,A4,69,e,Bozeman tenor-mezzo midpoint,0.25,close,D4,7.5,inside,5,-7,none,not assessed,short,leap-up,3,no,17,middle,no,no,no,
Sunless 06,13,39,1,C5,72,i,Bozeman tenor-mezzo midpoint,0.75,above,E3,19.5,inside,8,-4,none,not assessed,short,leap-up,3,no,17,middle,yes,no,no,highest of phrase
Sunless 06,13,39,2.5,A4,69,i,Bozeman tenor-mezzo midpoint,0.25,above,E3,16.5,inside,5,-7,none,not assessed,short,leap-down,-3,no,17,middle,no,no,no,
Sunless 06,13,39,3,A4,69,o,Bozeman tenor-mezzo midpoint,0.5,close,C#4,8.5,inside,5,-7,none,not assessed,short,repeated,0,no,17,last,no,no,no,
Sunless 06,13,40,1,D5,74,none resolved,not assessed,1,not assessed,not assessed,not assessed,inside,10,-2,not assessed,not assessed,short,leap-up,5,yes,18,first,yes,no,no,highest of phrase
Sunless 06,13,40,3,A#4,70,none resolved,not assessed,0.5,not assessed,not assessed,not assessed,inside,6,-6,not assessed,not assessed,short,leap-down,-4,no,18,middle,no,no,no,
Sunless 06,13,40,4,F#4,66,none resolved,not assessed,0.5,not assessed,not assessed,not assessed,inside,2,-10,not assessed,not assessed,short,leap-down,-4,no,18,middle,no,no,no,
Sunless 06,13,41,1,A4,69,none resolved,not assessed,0.75,not assessed,not assessed,not assessed,inside,5,-7,not assessed,not assessed,short,leap-up,3,no,18,middle,no,no,no,
Sunless 06,13,41,2.5,F#4,66,none resolved,not assessed,0.25,not assessed,not assessed,not assessed,inside,2,-10,not assessed,not assessed,short,leap-down,-3,no,18,middle,no,no,no,
Sunless 06,13,41,3,F#4,66,none resolved,not assessed,0.5,not assessed,not assessed,not assessed,inside,2,-10,not assessed,not assessed,short,repeated,0,no,18,last,no,no,no,
Sunless 06,13,42,3,A#4,70,none resolved,not assessed,0.5,not assessed,not assessed,not assessed,inside,6,-6,not assessed,not assessed,short,leap-up,4,yes,19,first,no,no,no,
Sunless 06,13,42,4,F#4,66,none resolved,not assessed,0.25,not assessed,not assessed,not assessed,inside,2,-10,not assessed,not assessed,short,leap-down,-4,no,19,middle,no,no,no,
Sunless 06,13,42,4.5,A4,69,none resolved,not assessed,0.25,not assessed,not assessed,not assessed,inside,5,-7,not assessed,not assessed,short,leap-up,3,no,19,middle,no,no,no,
Sunless 06,13,43,1,C5,72,none resolved,not assessed,0.5,not assessed,not assessed,not assessed,inside,8,-4,not assessed,not assessed,short,leap-up,3,no,19,last,yes,no,no,highest of phrase
Sunless 06,13,43,3,C#5,73,none resolved,not assessed,0.75,not assessed,not assessed,not assessed,inside,9,-3,not assessed,not assessed,short,step,1,yes,20,first,no,no,no,
Sunless 06,13,43,4.5,D5,74,none resolved,not assessed,0.25,not assessed,not assessed,not assessed,inside,10,-2,not assessed,not assessed,short,step,1,no,20,middle,yes,no,no,highest of phrase
Sunless 06,13,44,1,D5,74,none resolved,not assessed,1,not assessed,not assessed,not assessed,inside,10,-2,not assessed,not assessed,short,repeated,0,no,20,middle,yes,no,no,highest of phrase
Sunless 06,13,44,3,A#4,70,none resolved,not assessed,0.5,not assessed,not assessed,not assessed,inside,6,-6,not assessed,not assessed,short,leap-down,-4,no,20,middle,no,no,no,
Sunless 06,13,44,4,F#4,66,none resolved,not assessed,0.5,not assessed,not assessed,not assessed,inside,2,-10,not assessed,not assessed,short,leap-down,-4,no,20,middle,no,no,no,
Sunless 06,13,45,1,D4,62,none resolved,not assessed,0.75,not assessed,not assessed,not assessed,below primo,-2,-14,not assessed,not assessed,short,leap-down,-4,no,20,middle,no,no,no,
Sunless 06,13,45,2.5,E4,64,none resolved,not assessed,0.25,not assessed,not assessed,not assessed,inside,0,-12,not assessed,not assessed,short,step,2,no,20,middle,no,yes,no,
Sunless 06,13,45,3,F#4,66,none resolved,not assessed,0.5,not assessed,not assessed,not assessed,inside,2,-10,not assessed,not assessed,short,step,2,no,20,last,no,no,no,
Sunless 06,13,46,1,E4,64,none resolved,not assessed,0.5,not assessed,not assessed,not assessed,inside,0,-12,not assessed,not assessed,short,step,-2,yes,21,first,no,yes,no,
Sunless 06,13,46,2,G4,67,none resolved,not assessed,0.5,not assessed,not assessed,not assessed,inside,3,-9,not assessed,not assessed,short,leap-up,3,no,21,middle,no,no,no,
Sunless 06,13,46,3,A#4,70,none resolved,not assessed,0.5,not assessed,not assessed,not assessed,inside,6,-6,not assessed,not assessed,short,leap-up,3,no,21,middle,no,no,no,
Sunless 06,13,46,4,F#4,66,none resolved,not assessed,0.25,not assessed,not assessed,not assessed,inside,2,-10,not assessed,not assessed,short,leap-down,-4,no,21,middle,no,no,no,
Sunless 06,13,46,4.5,A4,69,none resolved,not assessed,0.25,not assessed,not assessed,not assessed,inside,5,-7,not assessed,not assessed,short,leap-up,3,no,21,middle,no,no,no,
Sunless 06,13,47,1,C5,72,none resolved,not assessed,0.5,not assessed,not assessed,not assessed,inside,8,-4,not assessed,not assessed,short,leap-up,3,no,21,middle,yes,no,no,highest of phrase
Sunless 06,13,47,2,C5,72,none resolved,not assessed,0.25,not assessed,not assessed,not assessed,inside,8,-4,not assessed,not assessed,short,tie,0,no,21,last,yes,no,no,highest of phrase
Sunless 06,13,47,3,C#5,73,none resolved,not assessed,0.5,not assessed,not assessed,not assessed,inside,9,-3,not assessed,not assessed,short,step,1,yes,22,first,no,no,no,
Sunless 06,13,47,4,D5,74,none resolved,not assessed,0.5,not assessed,not assessed,not assessed,inside,10,-2,not assessed,not assessed,short,step,1,no,22,middle,yes,no,no,highest of phrase
Sunless 06,13,48,1,A#4,70,none resolved,not assessed,1,not assessed,not assessed,not assessed,inside,6,-6,not assessed,not assessed,short,leap-down,-4,no,22,middle,no,no,no,
Sunless 06,13,48,3,F#4,66,none resolved,not assessed,0.5,not assessed,not assessed,not assessed,inside,2,-10,not assessed,not assessed,short,leap-down,-4,no,22,middle,no,no,no,
Sunless 06,13,48,4,D#4,63,none resolved,not assessed,0.5,not assessed,not assessed,not assessed,below primo,-1,-13,not assessed,not assessed,short,leap-down,-3,no,22,middle,no,yes,no,
Sunless 06,13,49,1,D4,62,none resolved,not assessed,0.75,not assessed,not assessed,not assessed,below primo,-2,-14,not assessed,not assessed,short,step,-1,no,22,middle,no,no,no,
Sunless 06,13,49,2.5,D4,62,none resolved,not assessed,0.25,not assessed,not assessed,not assessed,below primo,-2,-14,not assessed,not assessed,short,repeated,0,no,22,middle,no,no,no,
Sunless 06,13,49,3,D4,62,none resolved,not assessed,0.5,not assessed,not assessed,not assessed,below primo,-2,-14,not assessed,not assessed,short,repeated,0,no,22,last,no,no,no,
Kabalevsky T01,14,4,3,D4,62,i,Bozeman tenor-mezzo midpoint,0.952,close,E3,9.5,below primo,-2,-14,none,not assessed,short,first note,,,0,first,no,no,no,
Kabalevsky T01,14,5,1,D4,62,ɛ,Bozeman tenor-mezzo midpoint,1.905,open,D#4,-0.5,below primo,-2,-14,none,not assessed,short,repeated,0,no,0,middle,no,no,no,
Kabalevsky T01,14,5,3,E4,64,i,Bozeman tenor-mezzo midpoint,0.952,crossing,E3,11.5,inside,0,-12,none,not assessed,short,step,2,no,0,middle,no,yes,yes,crossing
Kabalevsky T01,14,6,1,E4,64,ɑ,Bozeman tenor-mezzo midpoint,1.905,open,E4,-0.5,inside,0,-12,none,not assessed,short,repeated,0,no,0,middle,no,yes,no,
Kabalevsky T01,14,6,3,F#4,66,i,Bozeman tenor-mezzo midpoint,0.952,above,E3,13.5,inside,2,-10,none,not assessed,short,step,2,no,0,middle,no,no,no,
Kabalevsky T01,14,7,1,F#4,66,o,Bozeman tenor-mezzo midpoint,1.429,close,C#4,5.5,inside,2,-10,none,not assessed,short,repeated,0,no,0,middle,no,no,no,
Kabalevsky T01,14,7,2.5,G4,67,none resolved,not assessed,0.476,not assessed,not assessed,not assessed,inside,3,-9,not assessed,not assessed,short,step,1,no,0,middle,no,no,no,
Kabalevsky T01,14,7,3,A4,69,ʌ,derived from Bozeman tenor-mezzo,0.476,close,E4,4.5,inside,5,-7,none,not assessed,short,step,2,no,0,middle,no,no,no,
Kabalevsky T01,14,7,3.5,G4,67,ɑ,Bozeman tenor-mezzo midpoint,0.476,close,E4,2.5,inside,3,-9,none,not assessed,short,step,-2,no,0,middle,no,no,no,
Kabalevsky T01,14,8,1,B4,71,i,Bozeman tenor-mezzo midpoint,1.905,above,E3,18.5,inside,7,-5,none,not assessed,short,leap-up,4,no,0,middle,no,no,no,
Kabalevsky T01,14,8,3,E4,64,i,Bozeman tenor-mezzo midpoint,0.952,crossing,E3,11.5,inside,0,-12,none,not assessed,short,leap-down,-7,no,0,middle,no,yes,yes,crossing
Kabalevsky T01,14,9,1,C5,72,ɛ,Bozeman tenor-mezzo midpoint,1.905,close,D#4,9.5,inside,8,-4,none,not assessed,short,leap-up,8,no,0,middle,yes,no,no,highest of phrase
Kabalevsky T01,14,9,3,G4,67,i,Bozeman tenor-mezzo midpoint,0.952,above,E3,14.5,inside,3,-9,none,not assessed,short,leap-down,-5,no,0,middle,no,no,no,
Kabalevsky T01,14,10,1,F#4,66,ɑ,Bozeman tenor-mezzo midpoint,1.905,close,E4,1.5,inside,2,-10,none,not assessed,short,step,-1,no,0,last,no,no,no,turning pitch 0 to 2 st below
Kabalevsky T01,14,10,3,D4,62,ɪ,derived from Bozeman tenor-mezzo,0.952,open,D4,-0.04,below primo,-2,-14,none,not assessed,short,leap-down,-4,no,1,first,no,no,no,
Kabalevsky T01,14,11,1,D5,74,ɑ,Bozeman tenor-mezzo midpoint,1.429,close,E4,9.5,inside,10,-2,none,not assessed,short,leap-up,12,no,1,middle,yes,no,no,highest of phrase
Kabalevsky T01,14,11,2.5,B4,71,u,Bozeman tenor-mezzo midpoint,0.476,above,G3,16.5,inside,7,-5,none,not assessed,short,leap-down,-3,no,1,middle,no,no,no,
Kabalevsky T01,14,11,3,B4,71,u,Bozeman tenor-mezzo midpoint,0.476,above,G3,16.5,inside,7,-5,none,not assessed,short,repeated,0,no,1,middle,no,no,no,
Kabalevsky T01,14,11,3.5,A4,69,o,Bozeman tenor-mezzo midpoint,0.476,close,C#4,8.5,inside,5,-7,none,not assessed,short,step,-2,no,1,middle,no,no,no,
Kabalevsky T01,14,12,1,B4,71,i,Bozeman tenor-mezzo midpoint,1.905,above,E3,18.5,inside,7,-5,none,not assessed,short,step,2,no,1,middle,no,no,no,
Kabalevsky T01,14,12,3,B4,71,ɨ,derived from Bozeman tenor-mezzo,0.952,above,A#3,13.11,inside,7,-5,none,not assessed,short,repeated,0,no,1,last,no,no,no,
Kabalevsky T01,14,13,3,E4,64,o,Bozeman tenor-mezzo midpoint,0.952,close,C#4,3.5,inside,0,-12,none,not assessed,short,leap-down,-7,yes,2,first,no,yes,no,
Kabalevsky T01,14,14,1,C5,72,u,Bozeman tenor-mezzo midpoint,1.905,above,G3,17.5,inside,8,-4,none,not assessed,short,leap-up,8,no,2,middle,no,no,no,
Kabalevsky T01,14,14,3,B4,71,u,Bozeman tenor-mezzo midpoint,0.952,above,G3,16.5,inside,7,-5,none,not assessed,short,step,-1,no,2,middle,no,no,no,
Kabalevsky T01,14,15,1,A4,69,ɨ,derived from Bozeman tenor-mezzo,0.476,close,A#3,11.11,inside,5,-7,none,not assessed,short,step,-2,no,2,middle,no,no,no,
Kabalevsky T01,14,15,1.5,G4,67,ɑ,Bozeman tenor-mezzo midpoint,0.476,close,E4,2.5,inside,3,-9,none,not assessed,short,step,-2,no,2,middle,no,no,no,
Kabalevsky T01,14,15,2,F#4,66,e,Bozeman tenor-mezzo midpoint,0.952,close,D4,4.5,inside,2,-10,none,not assessed,short,step,-1,no,2,middle,no,no,no,
Kabalevsky T01,14,15,3,B3,59,ɪ,derived from Bozeman tenor-mezzo,0.952,open,D4,-3.04,below primo,-5,-17,none,not assessed,short,leap-down,-7,no,2,middle,no,no,no,
Kabalevsky T01,14,16,1,G4,67,o,Bozeman tenor-mezzo midpoint,1.905,close,C#4,6.5,inside,3,-9,none,not assessed,short,leap-up,8,no,2,middle,no,no,no,
Kabalevsky T01,14,16,3,F#4,66,none resolved,not assessed,0.952,not assessed,not assessed,not assessed,inside,2,-10,not assessed,not assessed,short,step,-1,no,2,middle,no,no,no,
Kabalevsky T01,14,17,1,E4,64,i,Bozeman tenor-mezzo midpoint,1.905,crossing,E3,11.5,inside,0,-12,none,not assessed,short,step,-2,no,2,middle,no,yes,yes,crossing
Kabalevsky T01,14,17,3,E4,64,o,Bozeman tenor-mezzo midpoint,0.952,close,C#4,3.5,inside,0,-12,none,not assessed,short,repeated,0,no,2,middle,no,yes,no,
Kabalevsky T01,14,18,1,E5,76,o,Bozeman tenor-mezzo midpoint,1.429,above,C#4,15.5,inside,12,0,none,not assessed,short,leap-up,12,no,2,middle,yes,yes,yes,highest of phrase
Kabalevsky T01,14,18,2.5,D5,74,ɑ,Bozeman tenor-mezzo midpoint,0.476,close,E4,9.5,inside,10,-2,none,not assessed,short,step,-2,no,2,middle,no,no,no,
Kabalevsky T01,14,18,3,C5,72,ɪ,derived from Bozeman tenor-mezzo,0.476,close,D4,9.96,inside,8,-4,none,not assessed,short,step,-2,no,2,middle,no,no,no,
Kabalevsky T01,14,18,3.5,B4,71,i,Bozeman tenor-mezzo midpoint,0.476,above,E3,18.5,inside,7,-5,none,not assessed,short,step,-1,no,2,middle,no,no,no,
Kabalevsky T01,14,19,1,C5,72,e,Bozeman tenor-mezzo midpoint,1.429,close,D4,10.5,inside,8,-4,none,not assessed,short,step,1,no,2,middle,no,no,no,
Kabalevsky T01,14,19,2.5,B4,71,ɪ,derived from Bozeman tenor-mezzo,0.476,close,D4,8.96,inside,7,-5,none,not assessed,short,step,-1,no,2,middle,no,no,no,
Kabalevsky T01,14,19,3,A4,69,ʌ,derived from Bozeman tenor-mezzo,0.476,close,E4,4.5,inside,5,-7,none,not assessed,short,step,-2,no,2,middle,no,no,no,
Kabalevsky T01,14,19,3.5,G4,67,ɑ,Bozeman tenor-mezzo midpoint,0.476,close,E4,2.5,inside,3,-9,none,not assessed,short,step,-2,no,2,middle,no,no,no,
Kabalevsky T01,14,20,1,A4,69,i,Bozeman tenor-mezzo midpoint,1.905,above,E3,16.5,inside,5,-7,none,not assessed,short,step,2,no,2,middle,no,no,no,
Kabalevsky T01,14,20,3,A4,69,ʌ,derived from Bozeman tenor-mezzo,0.952,close,E4,4.5,inside,5,-7,none,not assessed,short,repeated,0,no,2,last,no,no,no,
Kabalevsky T01,14,22,1,F4,65,ɨ,derived from Bozeman tenor-mezzo,0.952,close,A#3,7.11,inside,1,-11,none,not assessed,short,leap-down,-4,yes,3,first,no,yes,no,
Kabalevsky T01,14,22,2,F4,65,ʌ,derived from Bozeman tenor-mezzo,0.952,close,E4,0.5,inside,1,-11,none,not assessed,short,repeated,0,no,3,middle,no,yes,yes,turning pitch 0 to 2 st below
Kabalevsky T01,14,22,3,F4,65,ɑ,Bozeman tenor-mezzo midpoint,0.952,close,E4,0.5,inside,1,-11,none,not assessed,short,repeated,0,no,3,middle,no,yes,yes,turning pitch 0 to 2 st below
Kabalevsky T01,14,23,1,G4,67,i,Bozeman tenor-mezzo midpoint,1.905,above,E3,14.5,inside,3,-9,none,not assessed,short,step,2,no,3,middle,no,no,no,
Kabalevsky T01,14,23,3,A#4,70,i,Bozeman tenor-mezzo midpoint,0.952,above,E3,17.5,inside,6,-6,none,not assessed,short,leap-up,3,no,3,middle,no,no,no,
Kabalevsky T01,14,24,1,A4,69,ɨ,derived from Bozeman tenor-mezzo,1.429,close,A#3,11.11,inside,5,-7,none,not assessed,short,step,-1,no,3,middle,no,no,no,
Kabalevsky T01,14,24,2.5,G4,67,i,Bozeman tenor-mezzo midpoint,0.476,above,E3,14.5,inside,3,-9,none,not assessed,short,step,-2,no,3,middle,no,no,no,
Kabalevsky T01,14,24,3,A4,69,ʌ,derived from Bozeman tenor-mezzo,0.476,close,E4,4.5,inside,5,-7,none,not assessed,short,step,2,no,3,middle,no,no,no,
Kabalevsky T01,14,24,3.5,C5,72,ɑ,Bozeman tenor-mezzo midpoint,0.476,close,E4,7.5,inside,8,-4,none,not assessed,short,leap-up,3,no,3,middle,yes,no,no,highest of phrase
Kabalevsky T01,14,25,1,F4,65,u,Bozeman tenor-mezzo midpoint,1.429,close,G3,10.5,inside,1,-11,none,not assessed,short,leap-down,-7,no,3,middle,no,yes,no,
Kabalevsky T01,14,25,2.5,F4,65,ɑ,Bozeman tenor-mezzo midpoint,0.476,close,E4,0.5,inside,1,-11,none,not assessed,short,repeated,0,no,3,middle,no,yes,yes,turning pitch 0 to 2 st below
Kabalevsky T01,14,25,3,F4,65,ʌ,derived from Bozeman tenor-mezzo,0.476,close,E4,0.5,inside,1,-11,none,not assessed,short,repeated,0,no,3,middle,no,yes,yes,turning pitch 0 to 2 st below
Kabalevsky T01,14,25,3.5,F4,65,i,Bozeman tenor-mezzo midpoint,0.476,above,E3,12.5,inside,1,-11,none,not assessed,short,repeated,0,no,3,middle,no,yes,no,
Kabalevsky T01,14,26,1,F#4,66,ɑ,Bozeman tenor-mezzo midpoint,1.905,close,E4,1.5,inside,2,-10,none,not assessed,short,step,1,no,3,middle,no,no,no,turning pitch 0 to 2 st below
Kabalevsky T01,14,26,3,D#4,63,i,Bozeman tenor-mezzo midpoint,0.952,close,E3,10.5,below primo,-1,-13,none,not assessed,short,leap-down,-3,no,3,middle,no,yes,no,
Kabalevsky T01,14,27,1,A#4,70,o,Bozeman tenor-mezzo midpoint,1.429,close,C#4,9.5,inside,6,-6,none,not assessed,short,leap-up,7,no,3,middle,no,no,no,
Kabalevsky T01,14,27,2.5,F#4,66,ɪ,derived from Bozeman tenor-mezzo,0.476,close,D4,3.96,inside,2,-10,none,not assessed,short,leap-down,-4,no,3,middle,no,no,no,
Kabalevsky T01,14,27,3,D#4,63,ʌ,derived from Bozeman tenor-mezzo,0.476,open,E4,-1.5,below primo,-1,-13,none,not assessed,short,leap-down,-3,no,3,middle,no,yes,no,
Kabalevsky T01,14,27,3.5,C4,60,ɑ,Bozeman tenor-mezzo midpoint,0.476,open,E4,-4.5,below primo,-4,-16,none,not assessed,short,leap-down,-3,no,3,middle,no,no,no,
Kabalevsky T01,14,28,1,F4,65,i,Bozeman tenor-mezzo midpoint,1.905,above,E3,12.5,inside,1,-11,none,not assessed,short,leap-up,5,no,3,middle,no,yes,no,
Kabalevsky T01,14,28,3,F4,65,none resolved,not assessed,0.952,not assessed,not assessed,not assessed,inside,1,-11,not assessed,not assessed,short,repeated,0,no,3,last,no,yes,no,
Kabalevsky T01,14,29,3,F4,65,ɑ,Bozeman tenor-mezzo midpoint,0.952,close,E4,0.5,inside,1,-11,none,not assessed,short,repeated,0,yes,4,first,no,yes,yes,turning pitch 0 to 2 st below
Kabalevsky T01,14,30,1,A#4,70,ɑ,Bozeman tenor-mezzo midpoint,1.429,close,E4,5.5,inside,6,-6,none,not assessed,short,leap-up,5,no,4,middle,no,no,no,
Kabalevsky T01,14,30,2.5,A#4,70,i,Bozeman tenor-mezzo midpoint,0.476,above,E3,17.5,inside,6,-6,none,not assessed,short,repeated,0,no,4,middle,no,no,no,
Kabalevsky T01,14,30,3,A#4,70,ɪ,derived from Bozeman tenor-mezzo,0.476,close,D4,7.96,inside,6,-6,none,not assessed,short,repeated,0,no,4,middle,no,no,no,
Kabalevsky T01,14,30,3.5,A#4,70,ɑ,Bozeman tenor-mezzo midpoint,0.476,close,E4,5.5,inside,6,-6,none,not assessed,short,repeated,0,no,4,middle,no,no,no,
Kabalevsky T01,14,31,1,A4,69,o,Bozeman tenor-mezzo midpoint,1.429,close,C#4,8.5,inside,5,-7,none,not assessed,short,step,-1,no,4,middle,no,no,no,
Kabalevsky T01,14,31,2.5,F4,65,ɑ,Bozeman tenor-mezzo midpoint,0.476,close,E4,0.5,inside,1,-11,none,not assessed,short,leap-down,-4,no,4,middle,no,yes,yes,turning pitch 0 to 2 st below
Kabalevsky T01,14,31,3,F4,65,ʌ,derived from Bozeman tenor-mezzo,0.476,close,E4,0.5,inside,1,-11,none,not assessed,short,repeated,0,no,4,middle,no,yes,yes,turning pitch 0 to 2 st below
Kabalevsky T01,14,31,3.5,F4,65,ɪ,derived from Bozeman tenor-mezzo,0.476,close,D4,2.96,inside,1,-11,none,not assessed,short,repeated,0,no,4,middle,no,yes,no,
Kabalevsky T01,14,32,1,C#5,73,u,Bozeman tenor-mezzo midpoint,2.857,above,G3,18.5,inside,9,-3,none,not assessed,held,leap-up,8,no,4,middle,no,no,no,held
Kabalevsky T01,14,33,1,C#5,73,u,Bozeman tenor-mezzo midpoint,1.905,above,G3,18.5,inside,9,-3,none,not assessed,held,tie,0,no,4,middle,no,no,no,held
Kabalevsky T01,14,33,3,C#5,73,ɑ,Bozeman tenor-mezzo midpoint,0.952,close,E4,8.5,inside,9,-3,none,not assessed,short,repeated,0,no,4,middle,no,no,no,
Kabalevsky T01,14,34,1,C#5,73,o,Bozeman tenor-mezzo midpoint,1.905,crossing,C#4,12.5,inside,9,-3,none,not assessed,short,repeated,0,no,4,middle,no,no,no,crossing
Kabalevsky T01,14,34,3,A#4,70,i,Bozeman tenor-mezzo midpoint,0.952,above,E3,17.5,inside,6,-6,none,not assessed,short,leap-down,-3,no,4,middle,no,no,no,
Kabalevsky T01,14,35,1,A#4,70,u,Bozeman tenor-mezzo midpoint,1.905,above,G3,15.5,inside,6,-6,none,not assessed,short,repeated,0,no,4,middle,no,no,no,
Kabalevsky T01,14,35,3,C#5,73,ɑ,Bozeman tenor-mezzo midpoint,0.952,close,E4,8.5,inside,9,-3,none,not assessed,short,leap-up,3,no,4,middle,no,no,no,
Kabalevsky T01,14,36,1,C#5,73,ɨ,derived from Bozeman tenor-mezzo,1.429,above,A#3,15.11,inside,9,-3,none,not assessed,short,repeated,0,no,4,middle,no,no,no,
Kabalevsky T01,14,36,2.5,A4,69,ɑ,Bozeman tenor-mezzo midpoint,0.476,close,E4,4.5,inside,5,-7,none,not assessed,short,leap-down,-4,no,4,middle,no,no,no,
Kabalevsky T01,14,36,3,B4,71,ɑ,Bozeman tenor-mezzo midpoint,0.476,close,E4,6.5,inside,7,-5,none,not assessed,short,step,2,no,4,middle,no,no,no,
Kabalevsky T01,14,36,3.5,A4,69,ɑ,Bozeman tenor-mezzo midpoint,0.476,close,E4,4.5,inside,5,-7,none,not assessed,short,step,-2,no,4,middle,no,no,no,
Kabalevsky T01,14,37,1,F#5,78,i,Bozeman tenor-mezzo midpoint,2.857,above,E3,25.5,above secondo,14,2,none,not assessed,held,leap-up,9,no,4,middle,yes,no,no,held; highest of phrase
Kabalevsky T01,14,38,1,F#5,78,i,Bozeman tenor-mezzo midpoint,1.429,above,E3,25.5,above secondo,14,2,none,not assessed,held,tie,0,no,4,middle,yes,no,no,held; highest of phrase
Kabalevsky T01,14,38,2.5,D5,74,ɑ,Bozeman tenor-mezzo midpoint,0.476,close,E4,9.5,inside,10,-2,none,not assessed,short,leap-down,-4,no,4,last,no,no,no,
Kabalevsky T01,14,40,3,D4,62,o,Bozeman tenor-mezzo midpoint,0.952,close,C#4,1.5,below primo,-2,-14,none,not assessed,short,leap-down,-12,yes,5,first,yes,no,no,highest of phrase; turning pitch 0 to 2 st below
Kabalevsky T01,14,41,1,D4,62,ɑ,Bozeman tenor-mezzo midpoint,1.429,open,E4,-2.5,below primo,-2,-14,none,not assessed,short,repeated,0,no,5,middle,yes,no,no,highest of phrase
Kabalevsky T01,14,41,2.5,D4,62,ɑ,Bozeman tenor-mezzo midpoint,0.476,open,E4,-2.5,below primo,-2,-14,none,not assessed,short,repeated,0,no,5,middle,yes,no,no,highest of phrase
Kabalevsky T01,14,41,3,D4,62,i,Bozeman tenor-mezzo midpoint,0.476,close,E3,9.5,below primo,-2,-14,none,not assessed,short,repeated,0,no,5,last,yes,no,no,highest of phrase
Kabalevsky T01,14,41,3.5,E4,64,ɑ,Bozeman tenor-mezzo midpoint,0.476,open,E4,-0.5,inside,0,-12,none,not assessed,short,step,2,no,6,first,no,yes,no,
Kabalevsky T01,14,42,1,E4,64,o,Bozeman tenor-mezzo midpoint,1.429,close,C#4,3.5,inside,0,-12,none,not assessed,short,repeated,0,no,6,middle,no,yes,no,
Kabalevsky T01,14,42,2.5,F#4,66,ɨ,derived from Bozeman tenor-mezzo,0.476,close,A#3,8.11,inside,2,-10,none,not assessed,short,step,2,no,6,middle,no,no,no,
Kabalevsky T01,14,42,3,G4,67,ɨ,derived from Bozeman tenor-mezzo,0.476,close,A#3,9.11,inside,3,-9,none,not assessed,short,step,1,no,6,middle,no,no,no,
Kabalevsky T01,14,42,3.5,E4,64,o,Bozeman tenor-mezzo midpoint,0.476,close,C#4,3.5,inside,0,-12,none,not assessed,short,leap-down,-3,no,6,middle,no,yes,no,
Kabalevsky T01,14,43,1,B4,71,i,Bozeman tenor-mezzo midpoint,2.857,above,E3,18.5,inside,7,-5,none,not assessed,held,leap-up,7,no,6,middle,no,no,no,held
Kabalevsky T01,14,44,1,B4,71,i,Bozeman tenor-mezzo midpoint,1.429,above,E3,18.5,inside,7,-5,none,not assessed,held,tie,0,no,6,middle,no,no,no,held
Kabalevsky T01,14,44,2.5,E4,64,o,Bozeman tenor-mezzo midpoint,0.476,close,C#4,3.5,inside,0,-12,none,not assessed,short,leap-down,-7,no,6,middle,no,yes,no,
Kabalevsky T01,14,44,3,E4,64,ɪ,derived from Bozeman tenor-mezzo,0.476,close,D4,1.96,inside,0,-12,none,not assessed,short,repeated,0,no,6,middle,no,yes,yes,turning pitch 0 to 2 st below
Kabalevsky T01,14,44,3.5,E4,64,ɑ,Bozeman tenor-mezzo midpoint,0.476,open,E4,-0.5,inside,0,-12,none,not assessed,short,repeated,0,no,6,middle,no,yes,no,
Kabalevsky T01,14,45,1,C5,72,o,Bozeman tenor-mezzo midpoint,1.905,close,C#4,11.5,inside,8,-4,none,not assessed,short,leap-up,8,no,6,middle,no,no,no,
Kabalevsky T01,14,45,3,G4,67,i,Bozeman tenor-mezzo midpoint,0.952,above,E3,14.5,inside,3,-9,none,not assessed,short,leap-down,-5,no,6,middle,no,no,no,
Kabalevsky T01,14,46,1,F#4,66,o,Bozeman tenor-mezzo midpoint,1.429,close,C#4,5.5,inside,2,-10,none,not assessed,short,step,-1,no,6,middle,no,no,no,
Kabalevsky T01,14,46,2.5,D4,62,ɪ,derived from Bozeman tenor-mezzo,0.476,open,D4,-0.04,below primo,-2,-14,none,not assessed,short,leap-down,-4,no,6,middle,no,no,no,
Kabalevsky T01,14,46,3,E4,64,o,Bozeman tenor-mezzo midpoint,0.476,close,C#4,3.5,inside,0,-12,none,not assessed,short,step,2,no,6,middle,no,yes,no,
Kabalevsky T01,14,46,3.5,D4,62,u,Bozeman tenor-mezzo midpoint,0.476,close,G3,7.5,below primo,-2,-14,none,not assessed,short,step,-2,no,6,middle,no,no,no,
Kabalevsky T01,14,47,1,D5,74,ɨ,derived from Bozeman tenor-mezzo,2.857,above,A#3,16.11,inside,10,-2,none,not assessed,held,leap-up,12,no,6,middle,yes,no,no,held; highest of phrase
Kabalevsky T01,14,48,1,D5,74,ɨ,derived from Bozeman tenor-mezzo,0.952,above,A#3,16.11,inside,10,-2,none,not assessed,held,tie,0,no,6,middle,yes,no,no,held; highest of phrase
Kabalevsky T01,14,48,2,B4,71,ɨ,derived from Bozeman tenor-mezzo,0.952,above,A#3,13.11,inside,7,-5,none,not assessed,short,leap-down,-3,no,6,last,no,no,no,
Kabalevsky T01,14,48,3,E4,64,i,Bozeman tenor-mezzo midpoint,0.952,crossing,E3,11.5,inside,0,-12,none,not assessed,short,leap-down,-7,no,7,first,no,yes,yes,crossing
Kabalevsky T01,14,49,1,C5,72,i,Bozeman tenor-mezzo midpoint,1.905,above,E3,19.5,inside,8,-4,none,not assessed,short,leap-up,8,no,7,middle,no,no,no,
Kabalevsky T01,14,49,3,B4,71,ʌ,derived from Bozeman tenor-mezzo,0.952,close,E4,6.5,inside,7,-5,none,not assessed,short,step,-1,no,7,middle,no,no,no,
Kabalevsky T01,14,50,1,A4,69,ɑ,Bozeman tenor-mezzo midpoint,0.476,close,E4,4.5,inside,5,-7,none,not assessed,short,step,-2,no,7,middle,no,no,no,
Kabalevsky T01,14,50,1.5,G4,67,i,Bozeman tenor-mezzo midpoint,0.476,above,E3,14.5,inside,3,-9,none,not assessed,short,step,-2,no,7,middle,no,no,no,
Kabalevsky T01,14,50,2,F#4,66,o,Bozeman tenor-mezzo midpoint,0.952,close,C#4,5.5,inside,2,-10,none,not assessed,short,step,-1,no,7,middle,no,no,no,
Kabalevsky T01,14,50,3,B3,59,i,Bozeman tenor-mezzo midpoint,0.952,close,E3,6.5,below primo,-5,-17,none,not assessed,short,leap-down,-7,no,7,middle,no,no,no,
Kabalevsky T01,14,51,1,G4,67,e,Bozeman tenor-mezzo midpoint,1.905,close,D4,5.5,inside,3,-9,none,not assessed,short,leap-up,8,no,7,middle,no,no,no,
Kabalevsky T01,14,51,3,F#4,66,ɑ,Bozeman tenor-mezzo midpoint,0.952,close,E4,1.5,inside,2,-10,none,not assessed,short,step,-1,no,7,middle,no,no,no,turning pitch 0 to 2 st below
Kabalevsky T01,14,52,1,E4,64,i,Bozeman tenor-mezzo midpoint,1.429,crossing,E3,11.5,inside,0,-12,none,not assessed,short,step,-2,no,7,middle,no,yes,yes,crossing
Kabalevsky T01,14,52,2.5,E4,64,ɑ,Bozeman tenor-mezzo midpoint,0.476,open,E4,-0.5,inside,0,-12,none,not assessed,short,repeated,0,no,7,middle,no,yes,no,
Kabalevsky T01,14,52,3,E4,64,ɑ,Bozeman tenor-mezzo midpoint,0.476,open,E4,-0.5,inside,0,-12,none,not assessed,short,repeated,0,no,7,middle,no,yes,no,
Kabalevsky T01,14,52,3.5,E4,64,u,Bozeman tenor-mezzo midpoint,0.476,close,G3,9.5,inside,0,-12,none,not assessed,short,repeated,0,no,7,middle,no,yes,no,
Kabalevsky T01,14,53,1,E5,76,u,Bozeman tenor-mezzo midpoint,1.905,above,G3,21.5,inside,12,0,none,not assessed,short,leap-up,12,no,7,middle,yes,yes,yes,highest of phrase
Kabalevsky T01,14,53,3,B4,71,ɛ,Bozeman tenor-mezzo midpoint,0.952,close,D#4,8.5,inside,7,-5,none,not assessed,short,leap-down,-5,no,7,middle,no,no,no,
Kabalevsky T01,14,54,1,C5,72,ɛ,Bozeman tenor-mezzo midpoint,1.429,close,D#4,9.5,inside,8,-4,none,not assessed,short,step,1,no,7,middle,no,no,no,
Kabalevsky T01,14,54,2.5,B4,71,o,Bozeman tenor-mezzo midpoint,0.476,close,C#4,10.5,inside,7,-5,none,not assessed,short,step,-1,no,7,middle,no,no,no,
Kabalevsky T01,14,54,3,A4,69,ɨ,derived from Bozeman tenor-mezzo,0.476,close,A#3,11.11,inside,5,-7,none,not assessed,short,step,-2,no,7,middle,no,no,no,
Kabalevsky T01,14,54,3.5,E4,64,ɪ,derived from Bozeman tenor-mezzo,0.476,close,D4,1.96,inside,0,-12,none,not assessed,short,leap-down,-5,no,7,middle,no,yes,yes,turning pitch 0 to 2 st below
Kabalevsky T01,14,55,1,G4,67,ɨ,derived from Bozeman tenor-mezzo,1.905,close,A#3,9.11,inside,3,-9,none,not assessed,short,leap-up,3,no,7,middle,no,no,no,
Kabalevsky T01,14,55,3,F#4,66,ɨ,derived from Bozeman tenor-mezzo,0.952,close,A#3,8.11,inside,2,-10,none,not assessed,short,step,-1,no,7,last,no,no,no,
Kabalevsky T01,14,57,1,D4,62,ɨ,derived from Bozeman tenor-mezzo,0.952,close,A#3,4.11,below primo,-2,-14,none,not assessed,short,leap-down,-4,yes,8,first,no,no,no,
Kabalevsky T01,14,57,2,E4,64,u,Bozeman tenor-mezzo midpoint,0.952,close,G3,9.5,inside,0,-12,none,not assessed,short,step,2,no,8,middle,no,yes,no,
Kabalevsky T01,14,57,3,D4,62,ɪ,derived from Bozeman tenor-mezzo,0.952,open,D4,-0.04,below primo,-2,-14,none,not assessed,short,step,-2,no,8,middle,no,no,no,
Kabalevsky T01,14,58,1,G4,67,ɨ,derived from Bozeman tenor-mezzo,1.905,close,A#3,9.11,inside,3,-9,none,not assessed,short,leap-up,5,no,8,middle,no,no,no,
Kabalevsky T01,14,58,3,D4,62,ɪ,derived from Bozeman tenor-mezzo,0.952,open,D4,-0.04,below primo,-2,-14,none,not assessed,short,leap-down,-5,no,8,middle,no,no,no,
Kabalevsky T01,14,59,1,D4,62,o,Bozeman tenor-mezzo midpoint,1.429,close,C#4,1.5,below primo,-2,-14,none,not assessed,short,repeated,0,no,8,middle,no,no,no,turning pitch 0 to 2 st below
Kabalevsky T01,14,59,2.5,D4,62,ɑ,Bozeman tenor-mezzo midpoint,0.476,open,E4,-2.5,below primo,-2,-14,none,not assessed,short,repeated,0,no,8,middle,no,no,no,
Kabalevsky T01,14,59,3,E4,64,i,Bozeman tenor-mezzo midpoint,0.476,crossing,E3,11.5,inside,0,-12,none,not assessed,short,step,2,no,8,middle,no,yes,yes,crossing
Kabalevsky T01,14,59,3.5,D4,62,u,Bozeman tenor-mezzo midpoint,0.476,close,G3,7.5,below primo,-2,-14,none,not assessed,short,step,-2,no,8,middle,no,no,no,
Kabalevsky T01,14,60,1,B4,71,ɑ,Bozeman tenor-mezzo midpoint,2.857,close,E4,6.5,inside,7,-5,none,not assessed,held,leap-up,9,no,8,middle,no,no,no,held
Kabalevsky T01,14,61,1,E5,76,ɑ,Bozeman tenor-mezzo midpoint,2.857,crossing,E4,11.5,inside,12,0,none,not assessed,held,leap-up,5,no,8,middle,yes,yes,yes,held; highest of phrase; crossing
Kabalevsky T01,14,62,1,E5,76,ɑ,Bozeman tenor-mezzo midpoint,0.952,crossing,E4,11.5,inside,12,0,none,not assessed,held,tie,0,no,8,middle,yes,yes,yes,held; highest of phrase; crossing
Kabalevsky T01,14,62,2,A4,69,ɛ,Bozeman tenor-mezzo midpoint,0.952,close,D#4,6.5,inside,5,-7,none,not assessed,short,leap-down,-7,no,8,middle,no,no,no,
Kabalevsky T01,14,62,3,B4,71,ɨ,derived from Bozeman tenor-mezzo,0.952,above,A#3,13.11,inside,7,-5,none,not assessed,short,step,2,no,8,middle,no,no,no,
Kabalevsky T01,14,63,1,C5,72,o,Bozeman tenor-mezzo midpoint,1.905,close,C#4,11.5,inside,8,-4,none,not assessed,short,step,1,no,8,middle,no,no,no,
Kabalevsky T01,14,63,3,G4,67,ɨ,derived from Bozeman tenor-mezzo,0.952,close,A#3,9.11,inside,3,-9,none,not assessed,short,leap-down,-5,no,8,middle,no,no,no,
Kabalevsky T01,14,64,1,B4,71,ɑ,Bozeman tenor-mezzo midpoint,1.905,close,E4,6.5,inside,7,-5,none,not assessed,short,leap-up,4,no,8,middle,no,no,no,
Kabalevsky T01,14,64,3,D5,74,ɪ,derived from Bozeman tenor-mezzo,0.952,crossing,D4,11.96,inside,10,-2,none,not assessed,short,leap-up,3,no,8,last,no,no,no,crossing
Kabalevsky T01,14,65,2,E4,64,ʌ,derived from Bozeman tenor-mezzo,0.952,open,E4,-0.5,inside,0,-12,none,not assessed,short,leap-down,-10,yes,9,first,no,yes,no,
Kabalevsky T01,14,65,3,F#4,66,u,Bozeman tenor-mezzo midpoint,0.952,close,G3,11.5,inside,2,-10,none,not assessed,short,step,2,no,9,middle,no,no,no,
Kabalevsky T01,14,66,1,B4,71,ɑ,Bozeman tenor-mezzo midpoint,2.857,close,E4,6.5,inside,7,-5,none,not assessed,held,leap-up,5,no,9,middle,yes,no,no,held; highest of phrase
Kabalevsky T01,14,67,1,B4,71,ɑ,Bozeman tenor-mezzo midpoint,2.857,close,E4,6.5,inside,7,-5,none,not assessed,held,tie,0,no,9,last,yes,no,no,held; highest of phrase
Kabalevsky T02,14,2,2.5,D5,74,u,Bozeman tenor-mezzo midpoint,0.417,above,G3,19.5,inside,10,-2,none,not assessed,short,first note,,,0,first,yes,no,no,highest of phrase
Kabalevsky T02,14,3,1,C5,72,ɑ,Bozeman tenor-mezzo midpoint,0.417,close,E4,7.5,inside,8,-4,none,not assessed,short,step,-2,no,0,middle,no,no,no,
Kabalevsky T02,14,3,1.5,A#4,70,i,Bozeman tenor-mezzo midpoint,0.417,above,E3,17.5,inside,6,-6,none,not assessed,short,step,-2,no,0,middle,no,no,no,
Kabalevsky T02,14,3,2,A4,69,i,Bozeman tenor-mezzo midpoint,0.417,above,E3,16.5,inside,5,-7,none,not assessed,short,step,-1,no,0,middle,no,no,no,
Kabalevsky T02,14,3,2.5,G4,67,u,Bozeman tenor-mezzo midpoint,0.417,crossing,G3,12.5,inside,3,-9,none,not assessed,short,step,-2,no,0,middle,no,no,no,crossing
Kabalevsky T02,14,4,1,F#4,66,o,Bozeman tenor-mezzo midpoint,1.25,close,C#4,5.5,inside,2,-10,none,not assessed,short,step,-1,no,0,middle,no,no,no,
Kabalevsky T02,14,4,2.5,G4,67,ɑ,Bozeman tenor-mezzo midpoint,0.417,close,E4,2.5,inside,3,-9,none,not assessed,short,step,1,no,0,middle,no,no,no,
Kabalevsky T02,14,5,1,A4,69,u,Bozeman tenor-mezzo midpoint,0.833,above,G3,14.5,inside,5,-7,none,not assessed,short,step,2,no,0,middle,no,no,no,
Kabalevsky T02,14,5,2,D#4,63,u,Bozeman tenor-mezzo midpoint,0.833,close,G3,8.5,below primo,-1,-13,none,not assessed,short,leap-down,-6,no,0,middle,no,yes,no,
Kabalevsky T02,14,6,1,D4,62,u,Bozeman tenor-mezzo midpoint,1.667,close,G3,7.5,below primo,-2,-14,none,not assessed,short,step,-1,no,0,last,no,no,no,
Kabalevsky T02,14,7,1.5,D5,74,ɑ,Bozeman tenor-mezzo midpoint,0.417,close,E4,9.5,inside,10,-2,none,not assessed,short,leap-up,12,yes,1,first,yes,no,no,highest of phrase
Kabalevsky T02,14,7,2,C5,72,ɛ,Bozeman tenor-mezzo midpoint,0.417,close,D#4,9.5,inside,8,-4,none,not assessed,short,step,-2,no,1,middle,no,no,no,
Kabalevsky T02,14,7,2.5,A#4,70,ɨ,derived from Bozeman tenor-mezzo,0.417,crossing,A#3,12.11,inside,6,-6,none,not assessed,short,step,-2,no,1,middle,no,no,no,crossing
Kabalevsky T02,14,8,1,A4,69,o,Bozeman tenor-mezzo midpoint,0.417,close,C#4,8.5,inside,5,-7,none,not assessed,short,step,-1,no,1,middle,no,no,no,
Kabalevsky T02,14,8,1.5,G4,67,ɨ,derived from Bozeman tenor-mezzo,0.417,close,A#3,9.11,inside,3,-9,none,not assessed,short,step,-2,no,1,middle,no,no,no,
Kabalevsky T02,14,8,2,F#4,66,ʌ,derived from Bozeman tenor-mezzo,0.417,close,E4,1.5,inside,2,-10,none,not assessed,short,step,-1,no,1,middle,no,no,no,turning pitch 0 to 2 st below
Kabalevsky T02,14,8,2.5,G4,67,i,Bozeman tenor-mezzo midpoint,0.417,above,E3,14.5,inside,3,-9,none,not assessed,short,step,1,no,1,middle,no,no,no,
Kabalevsky T02,14,9,1,A4,69,i,Bozeman tenor-mezzo midpoint,1.25,above,E3,16.5,inside,5,-7,none,not assessed,short,step,2,no,1,middle,no,no,no,
Kabalevsky T02,14,9,2.5,D#4,63,ɑ,Bozeman tenor-mezzo midpoint,0.417,open,E4,-1.5,below primo,-1,-13,none,not assessed,short,leap-down,-6,no,1,middle,no,yes,no,
Kabalevsky T02,14,10,1,D4,62,e,Bozeman tenor-mezzo midpoint,1.25,close,D4,0.5,below primo,-2,-14,none,not assessed,short,step,-1,no,1,middle,no,no,no,turning pitch 0 to 2 st below
Kabalevsky T02,14,10,2.5,D4,62,i,Bozeman tenor-mezzo midpoint,0.417,close,E3,9.5,below primo,-2,-14,none,not assessed,short,repeated,0,no,1,last,no,no,no,
Kabalevsky T02,14,11,1.5,D4,62,o,Bozeman tenor-mezzo midpoint,0.417,close,C#4,1.5,below primo,-2,-14,none,not assessed,short,repeated,0,yes,2,first,no,no,no,turning pitch 0 to 2 st below
Kabalevsky T02,14,11,2,D4,62,o,Bozeman tenor-mezzo midpoint,0.417,close,C#4,1.5,below primo,-2,-14,none,not assessed,short,repeated,0,no,2,middle,no,no,no,turning pitch 0 to 2 st below
Kabalevsky T02,14,11,2.5,D4,62,ʌ,derived from Bozeman tenor-mezzo,0.417,open,E4,-2.5,below primo,-2,-14,none,not assessed,short,repeated,0,no,2,middle,no,no,no,
Kabalevsky T02,14,12,1,F4,65,ɑ,Bozeman tenor-mezzo midpoint,1.25,close,E4,0.5,inside,1,-11,none,not assessed,short,leap-up,3,no,2,middle,no,yes,yes,turning pitch 0 to 2 st below
Kabalevsky T02,14,12,2.5,D4,62,u,Bozeman tenor-mezzo midpoint,0.417,close,G3,7.5,below primo,-2,-14,none,not assessed,short,leap-down,-3,no,2,middle,no,no,no,
Kabalevsky T02,14,13,1,D#4,63,o,Bozeman tenor-mezzo midpoint,0.417,close,C#4,2.5,below primo,-1,-13,none,not assessed,short,step,1,no,2,middle,no,yes,no,
Kabalevsky T02,14,13,1.5,D4,62,u,Bozeman tenor-mezzo midpoint,0.417,close,G3,7.5,below primo,-2,-14,none,not assessed,short,step,-1,no,2,middle,no,no,no,
Kabalevsky T02,14,13,2,C4,60,ɑ,Bozeman tenor-mezzo midpoint,0.417,open,E4,-4.5,below primo,-4,-16,none,not assessed,short,step,-2,no,2,middle,no,no,no,
Kabalevsky T02,14,13,2.5,D#4,63,u,Bozeman tenor-mezzo midpoint,0.417,close,G3,8.5,below primo,-1,-13,none,not assessed,short,leap-up,3,no,2,middle,no,yes,no,
Kabalevsky T02,14,14,1,G4,67,u,Bozeman tenor-mezzo midpoint,1.667,crossing,G3,12.5,inside,3,-9,none,not assessed,short,leap-up,4,no,2,middle,no,no,no,crossing
Kabalevsky T02,14,15,1,G4,67,u,Bozeman tenor-mezzo midpoint,0.417,crossing,G3,12.5,inside,3,-9,none,not assessed,short,tie,0,no,2,middle,no,no,no,crossing
Kabalevsky T02,14,15,1.5,G4,67,ɑ,Bozeman tenor-mezzo midpoint,0.417,close,E4,2.5,inside,3,-9,none,not assessed,short,repeated,0,no,2,middle,no,no,no,
Kabalevsky T02,14,15,2,G4,67,i,Bozeman tenor-mezzo midpoint,0.417,above,E3,14.5,inside,3,-9,none,not assessed,short,repeated,0,no,2,middle,no,no,no,
Kabalevsky T02,14,15,2.5,G4,67,i,Bozeman tenor-mezzo midpoint,0.417,above,E3,14.5,inside,3,-9,none,not assessed,short,repeated,0,no,2,middle,no,no,no,
Kabalevsky T02,14,16,1,A4,69,ɑ,Bozeman tenor-mezzo midpoint,1.25,close,E4,4.5,inside,5,-7,none,not assessed,short,step,2,no,2,middle,no,no,no,
Kabalevsky T02,14,16,2.5,A4,69,ɑ,Bozeman tenor-mezzo midpoint,0.417,close,E4,4.5,inside,5,-7,none,not assessed,short,repeated,0,no,2,middle,no,no,no,
Kabalevsky T02,14,17,1,A#4,70,o,Bozeman tenor-mezzo midpoint,0.417,close,C#4,9.5,inside,6,-6,none,not assessed,short,step,1,no,2,middle,no,no,no,
Kabalevsky T02,14,17,1.5,A4,69,i,Bozeman tenor-mezzo midpoint,0.417,above,E3,16.5,inside,5,-7,none,not assessed,short,step,-1,no,2,middle,no,no,no,
Kabalevsky T02,14,17,2,A#4,70,o,Bozeman tenor-mezzo midpoint,0.417,close,C#4,9.5,inside,6,-6,none,not assessed,short,step,1,no,2,middle,no,no,no,
Kabalevsky T02,14,17,2.5,C5,72,ɨ,derived from Bozeman tenor-mezzo,0.417,above,A#3,14.11,inside,8,-4,none,not assessed,short,step,2,no,2,middle,no,no,no,
Kabalevsky T02,14,18,1,D5,74,e,Bozeman tenor-mezzo midpoint,1.25,crossing,D4,12.5,inside,10,-2,none,not assessed,short,step,2,no,2,middle,yes,no,no,highest of phrase; crossing
Kabalevsky T02,14,18,2.5,A4,69,i,Bozeman tenor-mezzo midpoint,0.417,above,E3,16.5,inside,5,-7,none,not assessed,short,leap-down,-5,no,2,last,no,no,no,
Kabalevsky T02,14,22,1.5,D5,74,ɑ,Bozeman tenor-mezzo midpoint,0.417,close,E4,9.5,inside,10,-2,none,not assessed,short,leap-up,5,yes,3,first,yes,no,no,highest of phrase
Kabalevsky T02,14,22,2,D5,74,i,Bozeman tenor-mezzo midpoint,0.417,above,E3,21.5,inside,10,-2,none,not assessed,short,repeated,0,no,3,middle,yes,no,no,highest of phrase
Kabalevsky T02,14,22,2.5,D5,74,i,Bozeman tenor-mezzo midpoint,0.417,above,E3,21.5,inside,10,-2,none,not assessed,short,repeated,0,no,3,middle,yes,no,no,highest of phrase
Kabalevsky T02,14,23,1,D5,74,ɨ,derived from Bozeman tenor-mezzo,1.25,above,A#3,16.11,inside,10,-2,none,not assessed,short,repeated,0,no,3,middle,yes,no,no,highest of phrase
Kabalevsky T02,14,23,2.5,D5,74,i,Bozeman tenor-mezzo midpoint,0.417,above,E3,21.5,inside,10,-2,none,not assessed,short,repeated,0,no,3,middle,yes,no,no,highest of phrase
Kabalevsky T02,14,24,1,D5,74,u,Bozeman tenor-mezzo midpoint,0.417,above,G3,19.5,inside,10,-2,none,not assessed,short,repeated,0,no,3,middle,yes,no,no,highest of phrase
Kabalevsky T02,14,24,1.5,C5,72,ɑ,Bozeman tenor-mezzo midpoint,0.417,close,E4,7.5,inside,8,-4,none,not assessed,short,step,-2,no,3,middle,no,no,no,
Kabalevsky T02,14,24,2,A#4,70,o,Bozeman tenor-mezzo midpoint,0.417,close,C#4,9.5,inside,6,-6,none,not assessed,short,step,-2,no,3,middle,no,no,no,
Kabalevsky T02,14,24,2.5,C5,72,ɨ,derived from Bozeman tenor-mezzo,0.417,above,A#3,14.11,inside,8,-4,none,not assessed,short,step,2,no,3,middle,no,no,no,
Kabalevsky T02,14,25,1,A#4,70,ɑ,Bozeman tenor-mezzo midpoint,1.667,close,E4,5.5,inside,6,-6,none,not assessed,short,step,-2,no,3,middle,no,no,no,
Kabalevsky T02,14,26,1,A#4,70,ɑ,Bozeman tenor-mezzo midpoint,0.417,close,E4,5.5,inside,6,-6,none,not assessed,short,tie,0,no,3,middle,no,no,no,
Kabalevsky T02,14,26,1.5,A#4,70,i,Bozeman tenor-mezzo midpoint,0.417,above,E3,17.5,inside,6,-6,none,not assessed,short,repeated,0,no,3,middle,no,no,no,
Kabalevsky T02,14,26,2,A#4,70,u,Bozeman tenor-mezzo midpoint,0.417,above,G3,15.5,inside,6,-6,none,not assessed,short,repeated,0,no,3,middle,no,no,no,
Kabalevsky T02,14,26,2.5,A#4,70,i,Bozeman tenor-mezzo midpoint,0.417,above,E3,17.5,inside,6,-6,none,not assessed,short,repeated,0,no,3,middle,no,no,no,
Kabalevsky T02,14,27,1,A#4,70,ɛ,Bozeman tenor-mezzo midpoint,1.25,close,D#4,7.5,inside,6,-6,none,not assessed,short,repeated,0,no,3,middle,no,no,no,
Kabalevsky T02,14,27,2.5,C5,72,ɑ,Bozeman tenor-mezzo midpoint,0.417,close,E4,7.5,inside,8,-4,none,not assessed,short,step,2,no,3,middle,no,no,no,
Kabalevsky T02,14,28,1,A#4,70,o,Bozeman tenor-mezzo midpoint,0.417,close,C#4,9.5,inside,6,-6,none,not assessed,short,step,-2,no,3,middle,no,no,no,
Kabalevsky T02,14,28,1.5,F4,65,ʌ,derived from Bozeman tenor-mezzo,0.417,close,E4,0.5,inside,1,-11,none,not assessed,short,leap-down,-5,no,3,middle,no,yes,yes,turning pitch 0 to 2 st below
Kabalevsky T02,14,28,2,G4,67,i,Bozeman tenor-mezzo midpoint,0.417,above,E3,14.5,inside,3,-9,none,not assessed,short,step,2,no,3,middle,no,no,no,
Kabalevsky T02,14,28,2.5,G#4,68,i,Bozeman tenor-mezzo midpoint,0.417,above,E3,15.5,inside,4,-8,none,not assessed,short,step,1,no,3,middle,no,no,no,
Kabalevsky T02,14,29,1,A#4,70,i,Bozeman tenor-mezzo midpoint,1.25,above,E3,17.5,inside,6,-6,none,not assessed,short,step,2,no,3,middle,no,no,no,
Kabalevsky T02,14,29,2.5,A#4,70,ɑ,Bozeman tenor-mezzo midpoint,0.417,close,E4,5.5,inside,6,-6,none,not assessed,short,repeated,0,no,3,last,no,no,no,
Kabalevsky T02,14,30,1.5,A#4,70,i,Bozeman tenor-mezzo midpoint,0.417,above,E3,17.5,inside,6,-6,none,not assessed,short,repeated,0,yes,4,first,no,no,no,
Kabalevsky T02,14,30,2,A#4,70,ɪ,derived from Bozeman tenor-mezzo,0.417,close,D4,7.96,inside,6,-6,none,not assessed,short,repeated,0,no,4,middle,no,no,no,
Kabalevsky T02,14,30,2.5,A#4,70,ɨ,derived from Bozeman tenor-mezzo,0.417,crossing,A#3,12.11,inside,6,-6,none,not assessed,short,repeated,0,no,4,middle,no,no,no,crossing
Kabalevsky T02,14,31,1,A#4,70,ɑ,Bozeman tenor-mezzo midpoint,0.417,close,E4,5.5,inside,6,-6,none,not assessed,short,repeated,0,no,4,middle,no,no,no,
Kabalevsky T02,14,31,1.5,G#4,68,ɑ,Bozeman tenor-mezzo midpoint,0.417,close,E4,3.5,inside,4,-8,none,not assessed,short,step,-2,no,4,middle,no,no,no,
Kabalevsky T02,14,31,2,G4,67,u,Bozeman tenor-mezzo midpoint,0.417,crossing,G3,12.5,inside,3,-9,none,not assessed,short,step,-1,no,4,middle,no,no,no,crossing
Kabalevsky T02,14,31,2.5,G#4,68,ɑ,Bozeman tenor-mezzo midpoint,0.417,close,E4,3.5,inside,4,-8,none,not assessed,short,step,1,no,4,middle,no,no,no,
Kabalevsky T02,14,32,1,C5,72,o,Bozeman tenor-mezzo midpoint,1.25,close,C#4,11.5,inside,8,-4,none,not assessed,short,leap-up,4,no,4,middle,yes,no,no,highest of phrase
Kabalevsky T02,14,32,2.5,G4,67,ɨ,derived from Bozeman tenor-mezzo,0.417,close,A#3,9.11,inside,3,-9,none,not assessed,short,leap-down,-5,no,4,middle,no,no,no,
Kabalevsky T02,14,33,1,C5,72,ɑ,Bozeman tenor-mezzo midpoint,1.667,close,E4,7.5,inside,8,-4,none,not assessed,short,leap-up,5,no,4,middle,yes,no,no,highest of phrase
Kabalevsky T02,14,34,1,C5,72,ɑ,Bozeman tenor-mezzo midpoint,0.417,close,E4,7.5,inside,8,-4,none,not assessed,short,tie,0,no,4,middle,yes,no,no,highest of phrase
Kabalevsky T02,14,34,1.5,C5,72,ɑ,Bozeman tenor-mezzo midpoint,0.417,close,E4,7.5,inside,8,-4,none,not assessed,short,repeated,0,no,4,middle,yes,no,no,highest of phrase
Kabalevsky T02,14,34,2,G#4,68,i,Bozeman tenor-mezzo midpoint,0.417,above,E3,15.5,inside,4,-8,none,not assessed,short,leap-down,-4,no,4,middle,no,no,no,
Kabalevsky T02,14,34,2.5,F4,65,u,Bozeman tenor-mezzo midpoint,0.417,close,G3,10.5,inside,1,-11,none,not assessed,short,leap-down,-3,no,4,middle,no,yes,no,
Kabalevsky T02,14,35,1,G#4,68,u,Bozeman tenor-mezzo midpoint,1.667,above,G3,13.5,inside,4,-8,none,not assessed,short,leap-up,3,no,4,middle,no,no,no,
Kabalevsky T02,14,36,1,G#4,68,u,Bozeman tenor-mezzo midpoint,0.417,above,G3,13.5,inside,4,-8,none,not assessed,short,tie,0,no,4,middle,no,no,no,
Kabalevsky T02,14,36,1.5,F4,65,o,Bozeman tenor-mezzo midpoint,0.417,close,C#4,4.5,inside,1,-11,none,not assessed,short,leap-down,-3,no,4,middle,no,yes,no,
Kabalevsky T02,14,36,2,D#4,63,i,Bozeman tenor-mezzo midpoint,0.417,close,E3,10.5,below primo,-1,-13,none,not assessed,short,step,-2,no,4,middle,no,yes,no,
Kabalevsky T02,14,36,2.5,D4,62,ɪ,derived from Bozeman tenor-mezzo,0.417,open,D4,-0.04,below primo,-2,-14,none,not assessed,short,step,-1,no,4,middle,no,no,no,
Kabalevsky T02,14,37,1,G4,67,o,Bozeman tenor-mezzo midpoint,1.25,close,C#4,6.5,inside,3,-9,none,not assessed,short,leap-up,5,no,4,middle,no,no,no,
Kabalevsky T02,14,37,2.5,G4,67,u,Bozeman tenor-mezzo midpoint,0.417,crossing,G3,12.5,inside,3,-9,none,not assessed,short,repeated,0,no,4,middle,no,no,no,crossing
Kabalevsky T02,14,38,1,G4,67,i,Bozeman tenor-mezzo midpoint,0.833,above,E3,14.5,inside,3,-9,none,not assessed,short,repeated,0,no,4,middle,no,no,no,
Kabalevsky T02,14,38,2,G4,67,ɑ,Bozeman tenor-mezzo midpoint,0.833,close,E4,2.5,inside,3,-9,none,not assessed,short,repeated,0,no,4,last,no,no,no,
Kabalevsky T02,14,40,1.5,C5,72,u,Bozeman tenor-mezzo midpoint,0.417,above,G3,17.5,inside,8,-4,none,not assessed,short,leap-up,5,yes,5,first,no,no,no,
Kabalevsky T02,14,40,2,C5,72,e,Bozeman tenor-mezzo midpoint,0.417,close,D4,10.5,inside,8,-4,none,not assessed,short,repeated,0,no,5,middle,no,no,no,
Kabalevsky T02,14,40,2.5,C5,72,ɨ,derived from Bozeman tenor-mezzo,0.417,above,A#3,14.11,inside,8,-4,none,not assessed,short,repeated,0,no,5,middle,no,no,no,
Kabalevsky T02,14,41,1,C5,72,o,Bozeman tenor-mezzo midpoint,1.25,close,C#4,11.5,inside,8,-4,none,not assessed,short,repeated,0,no,5,middle,no,no,no,
Kabalevsky T02,14,41,2.5,C5,72,ʌ,derived from Bozeman tenor-mezzo,0.417,close,E4,7.5,inside,8,-4,none,not assessed,short,repeated,0,no,5,middle,no,no,no,
Kabalevsky T02,14,42,1,C5,72,ɪ,derived from Bozeman tenor-mezzo,0.625,close,D4,9.96,inside,8,-4,none,not assessed,short,repeated,0,no,5,middle,no,no,no,
Kabalevsky T02,14,42,1.75,G#4,68,ɑ,Bozeman tenor-mezzo midpoint,0.208,close,E4,3.5,inside,4,-8,none,not assessed,short,leap-down,-4,no,5,middle,no,no,no,
Kabalevsky T02,14,42,2,G#4,68,i,Bozeman tenor-mezzo midpoint,0.417,above,E3,15.5,inside,4,-8,none,not assessed,short,repeated,0,no,5,middle,no,no,no,
Kabalevsky T02,14,42,2.5,A#4,70,u,Bozeman tenor-mezzo midpoint,0.417,above,G3,15.5,inside,6,-6,none,not assessed,short,step,2,no,5,middle,no,no,no,
Kabalevsky T02,14,43,1,C5,72,ɑ,Bozeman tenor-mezzo midpoint,1.667,close,E4,7.5,inside,8,-4,none,not assessed,short,step,2,no,5,middle,no,no,no,
Kabalevsky T02,14,44,1,C5,72,ɑ,Bozeman tenor-mezzo midpoint,0.417,close,E4,7.5,inside,8,-4,none,not assessed,short,tie,0,no,5,middle,no,no,no,
Kabalevsky T02,14,44,1.5,C5,72,ɑ,Bozeman tenor-mezzo midpoint,0.417,close,E4,7.5,inside,8,-4,none,not assessed,short,repeated,0,no,5,middle,no,no,no,
Kabalevsky T02,14,44,2,C5,72,ɛ,Bozeman tenor-mezzo midpoint,0.417,close,D#4,9.5,inside,8,-4,none,not assessed,short,repeated,0,no,5,middle,no,no,no,
Kabalevsky T02,14,44,2.5,C5,72,i,Bozeman tenor-mezzo midpoint,0.417,above,E3,19.5,inside,8,-4,none,not assessed,short,repeated,0,no,5,middle,no,no,no,
Kabalevsky T02,14,45,1,D#5,75,ɑ,Bozeman tenor-mezzo midpoint,0.625,close,E4,10.5,inside,11,-1,none,not assessed,short,leap-up,3,no,5,middle,yes,yes,yes,highest of phrase
Kabalevsky T02,14,45,1.75,C5,72,i,Bozeman tenor-mezzo midpoint,0.208,above,E3,19.5,inside,8,-4,none,not assessed,short,leap-down,-3,no,5,middle,no,no,no,
Kabalevsky T02,14,45,2,C5,72,u,Bozeman tenor-mezzo midpoint,0.833,above,G3,17.5,inside,8,-4,none,not assessed,short,repeated,0,no,5,middle,no,no,no,
Kabalevsky T02,14,46,1,C5,72,u,Bozeman tenor-mezzo midpoint,0.417,above,G3,17.5,inside,8,-4,none,not assessed,short,tie,0,no,5,middle,no,no,no,
Kabalevsky T02,14,46,1.5,C5,72,i,Bozeman tenor-mezzo midpoint,0.417,above,E3,19.5,inside,8,-4,none,not assessed,short,repeated,0,no,5,middle,no,no,no,
Kabalevsky T02,14,46,2,C5,72,o,Bozeman tenor-mezzo midpoint,0.417,close,C#4,11.5,inside,8,-4,none,not assessed,short,repeated,0,no,5,middle,no,no,no,
Kabalevsky T02,14,46,2.5,C5,72,ɨ,derived from Bozeman tenor-mezzo,0.417,above,A#3,14.11,inside,8,-4,none,not assessed,short,repeated,0,no,5,middle,no,no,no,
Kabalevsky T02,14,47,1,A4,69,e,Bozeman tenor-mezzo midpoint,0.833,close,D4,7.5,inside,5,-7,none,not assessed,short,leap-down,-3,no,5,middle,no,no,no,
Kabalevsky T02,14,47,2,A4,69,ɑ,Bozeman tenor-mezzo midpoint,0.417,close,E4,4.5,inside,5,-7,none,not assessed,short,repeated,0,no,5,last,no,no,no,
Kabalevsky T02,14,47,2.5,A4,69,i,Bozeman tenor-mezzo midpoint,0.417,above,E3,16.5,inside,5,-7,none,not assessed,short,repeated,0,no,6,first,no,no,no,
Kabalevsky T02,14,48,1,A4,69,ɑ,Bozeman tenor-mezzo midpoint,1.25,close,E4,4.5,inside,5,-7,none,not assessed,short,repeated,0,no,6,middle,no,no,no,
Kabalevsky T02,14,48,2.5,F4,65,ɨ,derived from Bozeman tenor-mezzo,0.417,close,A#3,7.11,inside,1,-11,none,not assessed,short,leap-down,-4,no,6,middle,no,yes,no,
Kabalevsky T02,14,49,1,G4,67,none resolved,not assessed,0.417,not assessed,not assessed,not assessed,inside,3,-9,not assessed,not assessed,short,step,2,no,6,middle,no,no,no,
Kabalevsky T02,14,49,1.5,F4,65,i,Bozeman tenor-mezzo midpoint,0.417,above,E3,12.5,inside,1,-11,none,not assessed,short,step,-2,no,6,middle,no,yes,no,
Kabalevsky T02,14,49,2,G4,67,i,Bozeman tenor-mezzo midpoint,0.417,above,E3,14.5,inside,3,-9,none,not assessed,short,step,2,no,6,middle,no,no,no,
Kabalevsky T02,14,49,2.5,A4,69,ɑ,Bozeman tenor-mezzo midpoint,0.417,close,E4,4.5,inside,5,-7,none,not assessed,short,step,2,no,6,middle,no,no,no,
Kabalevsky T02,14,50,1,F5,77,ɛ,Bozeman tenor-mezzo midpoint,1.667,above,D#4,14.5,above secondo,13,1,none,not assessed,held,leap-up,8,no,6,middle,yes,yes,yes,held; highest of phrase
Kabalevsky T02,14,51,1,F5,77,ɛ,Bozeman tenor-mezzo midpoint,1.25,above,D#4,14.5,above secondo,13,1,none,not assessed,held,tie,0,no,6,middle,yes,yes,yes,held; highest of phrase
Kabalevsky T02,14,51,2.5,A#4,70,ʌ,derived from Bozeman tenor-mezzo,0.417,close,E4,5.5,inside,6,-6,none,not assessed,short,leap-down,-7,no,6,middle,no,no,no,
Kabalevsky T02,14,52,1,C#5,73,ɑ,Bozeman tenor-mezzo midpoint,1.667,close,E4,8.5,inside,9,-3,none,not assessed,short,leap-up,3,no,6,middle,no,no,no,
Kabalevsky T02,14,53,1,C#5,73,ɑ,Bozeman tenor-mezzo midpoint,0.417,close,E4,8.5,inside,9,-3,none,not assessed,short,tie,0,no,6,last,no,no,no,
Kabalevsky T02,14,53,1.5,A#4,70,ɑ,Bozeman tenor-mezzo midpoint,0.417,close,E4,5.5,inside,6,-6,none,not assessed,short,leap-down,-3,no,7,first,no,no,no,
Kabalevsky T02,14,53,2,C5,72,ɑ,Bozeman tenor-mezzo midpoint,0.417,close,E4,7.5,inside,8,-4,none,not assessed,short,step,2,no,7,middle,no,no,no,
Kabalevsky T02,14,53,2.5,C#5,73,i,Bozeman tenor-mezzo midpoint,0.417,above,E3,20.5,inside,9,-3,none,not assessed,short,step,1,no,7,middle,no,no,no,
Kabalevsky T02,14,54,1,A#4,70,o,Bozeman tenor-mezzo midpoint,1.25,close,C#4,9.5,inside,6,-6,none,not assessed,short,leap-down,-3,no,7,middle,no,no,no,
Kabalevsky T02,14,54,2.5,A#4,70,ɨ,derived from Bozeman tenor-mezzo,0.417,crossing,A#3,12.11,inside,6,-6,none,not assessed,short,repeated,0,no,7,middle,no,no,no,crossing
Kabalevsky T02,14,55,1,A#4,70,o,Bozeman tenor-mezzo midpoint,0.417,close,C#4,9.5,inside,6,-6,none,not assessed,short,repeated,0,no,7,middle,no,no,no,
Kabalevsky T02,14,55,1.5,A4,69,i,Bozeman tenor-mezzo midpoint,0.417,above,E3,16.5,inside,5,-7,none,not assessed,short,step,-1,no,7,middle,no,no,no,
Kabalevsky T02,14,55,2,A#4,70,ɛ,Bozeman tenor-mezzo midpoint,0.417,close,D#4,7.5,inside,6,-6,none,not assessed,short,step,1,no,7,middle,no,no,no,
Kabalevsky T02,14,55,2.5,C5,72,ʌ,derived from Bozeman tenor-mezzo,0.417,close,E4,7.5,inside,8,-4,none,not assessed,short,step,2,no,7,middle,no,no,no,
Kabalevsky T02,14,56,1,D5,74,e,Bozeman tenor-mezzo midpoint,0.833,crossing,D4,12.5,inside,10,-2,none,not assessed,short,step,2,no,7,middle,yes,no,no,highest of phrase; crossing
Kabalevsky T02,14,56,2,D5,74,u,Bozeman tenor-mezzo midpoint,0.833,above,G3,19.5,inside,10,-2,none,not assessed,short,repeated,0,no,7,last,yes,no,no,highest of phrase
Kabalevsky T02,14,61,1,D5,74,ɛ,Bozeman tenor-mezzo midpoint,0.833,close,D#4,11.5,inside,10,-2,none,not assessed,short,repeated,0,yes,8,first,yes,no,no,highest of phrase
Kabalevsky T02,14,61,2,C5,72,ʌ,derived from Bozeman tenor-mezzo,0.417,close,E4,7.5,inside,8,-4,none,not assessed,short,step,-2,no,8,middle,no,no,no,
Kabalevsky T02,14,61,2.5,A#4,70,u,Bozeman tenor-mezzo midpoint,0.417,above,G3,15.5,inside,6,-6,none,not assessed,short,step,-2,no,8,middle,no,no,no,
Kabalevsky T02,14,62,1,A4,69,i,Bozeman tenor-mezzo midpoint,1.25,above,E3,16.5,inside,5,-7,none,not assessed,short,step,-1,no,8,middle,no,no,no,
Kabalevsky T02,14,62,2.5,G4,67,ɑ,Bozeman tenor-mezzo midpoint,0.417,close,E4,2.5,inside,3,-9,none,not assessed,short,step,-2,no,8,middle,no,no,no,
Kabalevsky T02,14,63,1,F#4,66,o,Bozeman tenor-mezzo midpoint,0.417,close,C#4,5.5,inside,2,-10,none,not assessed,short,step,-1,no,8,middle,no,no,no,
Kabalevsky T02,14,63,1.5,G4,67,ɑ,Bozeman tenor-mezzo midpoint,0.417,close,E4,2.5,inside,3,-9,none,not assessed,short,step,1,no,8,middle,no,no,no,
Kabalevsky T02,14,63,2,A4,69,ɪ,derived from Bozeman tenor-mezzo,0.417,close,D4,6.96,inside,5,-7,none,not assessed,short,step,2,no,8,middle,no,no,no,
Kabalevsky T02,14,63,2.5,D#4,63,ɑ,Bozeman tenor-mezzo midpoint,0.417,open,E4,-1.5,below primo,-1,-13,none,not assessed,short,leap-down,-6,no,8,middle,no,yes,no,
Kabalevsky T02,14,64,1,D4,62,i,Bozeman tenor-mezzo midpoint,1.667,close,E3,9.5,below primo,-2,-14,none,not assessed,short,step,-1,no,8,middle,no,no,no,
Kabalevsky T02,14,65,1,D4,62,i,Bozeman tenor-mezzo midpoint,0.417,close,E3,9.5,below primo,-2,-14,none,not assessed,short,tie,0,no,8,last,no,no,no,
Kabalevsky T02,14,66,1.5,D5,74,i,Bozeman tenor-mezzo midpoint,0.417,above,E3,21.5,inside,10,-2,none,not assessed,short,leap-up,12,yes,9,first,no,no,no,
Kabalevsky T02,14,66,2,C5,72,o,Bozeman tenor-mezzo midpoint,0.417,close,C#4,11.5,inside,8,-4,none,not assessed,short,step,-2,no,9,middle,no,no,no,
Kabalevsky T02,14,66,2.5,A#4,70,i,Bozeman tenor-mezzo midpoint,0.417,above,E3,17.5,inside,6,-6,none,not assessed,short,step,-2,no,9,middle,no,no,no,
Kabalevsky T02,14,67,1,A4,69,o,Bozeman tenor-mezzo midpoint,1.25,close,C#4,8.5,inside,5,-7,none,not assessed,short,step,-1,no,9,middle,no,no,no,
Kabalevsky T02,14,67,2.5,G4,67,u,Bozeman tenor-mezzo midpoint,0.417,crossing,G3,12.5,inside,3,-9,none,not assessed,short,step,-2,no,9,middle,no,no,no,crossing
Kabalevsky T02,14,68,1,F#4,66,ɑ,Bozeman tenor-mezzo midpoint,0.417,close,E4,1.5,inside,2,-10,none,not assessed,short,step,-1,no,9,middle,no,no,no,turning pitch 0 to 2 st below
Kabalevsky T02,14,68,1.5,G4,67,ɪ,derived from Bozeman tenor-mezzo,0.417,close,D4,4.96,inside,3,-9,none,not assessed,short,step,1,no,9,middle,no,no,no,
Kabalevsky T02,14,68,2,A4,69,ɑ,Bozeman tenor-mezzo midpoint,0.278,close,E4,4.5,inside,5,-7,none,not assessed,short,step,2,no,9,middle,no,no,no,
Kabalevsky T02,14,68,2.333,C5,72,ɑ,Bozeman tenor-mezzo midpoint,0.278,close,E4,7.5,inside,8,-4,none,not assessed,short,leap-up,3,no,9,middle,no,no,no,
Kabalevsky T02,14,68,2.667,D#5,75,u,Bozeman tenor-mezzo midpoint,0.278,above,G3,20.5,inside,11,-1,none,not assessed,short,leap-up,3,no,9,middle,yes,yes,yes,highest of phrase
Kabalevsky T02,14,69,1,D5,74,i,Bozeman tenor-mezzo midpoint,1.667,above,E3,21.5,inside,10,-2,none,not assessed,held,step,-1,no,9,middle,no,no,no,held
Kabalevsky T02,14,70,1,D5,74,i,Bozeman tenor-mezzo midpoint,0.833,above,E3,21.5,inside,10,-2,none,not assessed,held,tie,0,no,9,last,no,no,no,held
Kabalevsky T03,14,2,2.5,F4,65,u,Bozeman tenor-mezzo midpoint,0.577,close,G3,10.5,inside,1,-11,none,not assessed,short,first note,,,0,first,no,yes,no,
Kabalevsky T03,14,3,1,E4,64,u,Bozeman tenor-mezzo midpoint,1.731,close,G3,9.5,inside,0,-12,none,not assessed,short,step,-1,no,0,middle,no,yes,no,
Kabalevsky T03,14,3,2.5,F4,65,o,Bozeman tenor-mezzo midpoint,0.577,close,C#4,4.5,inside,1,-11,none,not assessed,short,step,1,no,0,middle,no,yes,no,
Kabalevsky T03,14,4,1,E4,64,ɛ,Bozeman tenor-mezzo midpoint,0.577,close,D#4,1.5,inside,0,-12,none,not assessed,short,step,-1,no,0,middle,no,yes,yes,turning pitch 0 to 2 st below
Kabalevsky T03,14,4,1.5,F#4,66,ɨ,derived from Bozeman tenor-mezzo,0.577,close,A#3,8.11,inside,2,-10,none,not assessed,short,step,2,no,0,middle,no,no,no,
Kabalevsky T03,14,4,2,G#4,68,ʌ,derived from Bozeman tenor-mezzo,0.577,close,E4,3.5,inside,4,-8,none,not assessed,short,step,2,no,0,middle,no,no,no,
Kabalevsky T03,14,4,2.5,A4,69,ɑ,Bozeman tenor-mezzo midpoint,0.577,close,E4,4.5,inside,5,-7,none,not assessed,short,step,1,no,0,middle,no,no,no,
Kabalevsky T03,14,5,1,C5,72,u,Bozeman tenor-mezzo midpoint,0.865,above,G3,17.5,inside,8,-4,none,not assessed,short,leap-up,3,no,0,middle,yes,no,no,highest of phrase
Kabalevsky T03,14,5,1.75,B4,71,ɑ,Bozeman tenor-mezzo midpoint,0.288,close,E4,6.5,inside,7,-5,none,not assessed,short,step,-1,no,0,middle,no,no,no,
Kabalevsky T03,14,5,2,A4,69,ɛ,Bozeman tenor-mezzo midpoint,0.577,close,D#4,6.5,inside,5,-7,none,not assessed,short,step,-2,no,0,middle,no,no,no,
Kabalevsky T03,14,5,2.5,E4,64,ʌ,derived from Bozeman tenor-mezzo,0.577,open,E4,-0.5,inside,0,-12,none,not assessed,short,leap-down,-5,no,0,last,no,yes,no,
Kabalevsky T03,14,6,1.5,F4,65,u,Bozeman tenor-mezzo midpoint,0.577,close,G3,10.5,inside,1,-11,none,not assessed,short,step,1,yes,1,first,no,yes,no,
Kabalevsky T03,14,6,2,E4,64,u,Bozeman tenor-mezzo midpoint,0.577,close,G3,9.5,inside,0,-12,none,not assessed,short,step,-1,no,1,middle,no,yes,no,
Kabalevsky T03,14,6,2.5,F4,65,ɛ,Bozeman tenor-mezzo midpoint,0.577,close,D#4,2.5,inside,1,-11,none,not assessed,short,step,1,no,1,middle,no,yes,no,
Kabalevsky T03,14,7,1,E4,64,e,Bozeman tenor-mezzo midpoint,1.731,close,D4,2.5,inside,0,-12,none,not assessed,short,step,-1,no,1,middle,no,yes,no,
Kabalevsky T03,14,7,2.5,F#4,66,o,Bozeman tenor-mezzo midpoint,0.577,close,C#4,5.5,inside,2,-10,none,not assessed,short,step,2,no,1,middle,no,no,no,
Kabalevsky T03,14,8,1,G#4,68,ɪ,derived from Bozeman tenor-mezzo,0.577,close,D4,5.96,inside,4,-8,none,not assessed,short,step,2,no,1,middle,no,no,no,
Kabalevsky T03,14,8,1.5,A4,69,ɪ,derived from Bozeman tenor-mezzo,0.577,close,D4,6.96,inside,5,-7,none,not assessed,short,step,1,no,1,middle,no,no,no,
Kabalevsky T03,14,8,2,C5,72,o,Bozeman tenor-mezzo midpoint,0.865,close,C#4,11.5,inside,8,-4,none,not assessed,short,leap-up,3,no,1,middle,yes,no,no,highest of phrase
Kabalevsky T03,14,8,2.75,B4,71,i,Bozeman tenor-mezzo midpoint,0.288,above,E3,18.5,inside,7,-5,none,not assessed,short,step,-1,no,1,middle,no,no,no,
Kabalevsky T03,14,9,1,A4,69,ɑ,Bozeman tenor-mezzo midpoint,2.308,close,E4,4.5,inside,5,-7,none,not assessed,held,step,-2,no,1,middle,no,no,no,held
Kabalevsky T03,14,10,1,A4,69,ɑ,Bozeman tenor-mezzo midpoint,0.577,close,E4,4.5,inside,5,-7,none,not assessed,held,tie,0,no,1,last,no,no,no,held
Kabalevsky T03,14,10,2.5,A4,69,ɑ,Bozeman tenor-mezzo midpoint,0.577,close,E4,4.5,inside,5,-7,none,not assessed,short,repeated,0,yes,2,first,no,no,no,
Kabalevsky T03,14,11,1,A4,69,u,Bozeman tenor-mezzo midpoint,0.577,above,G3,14.5,inside,5,-7,none,not assessed,short,repeated,0,no,2,middle,no,no,no,
Kabalevsky T03,14,11,1.5,G4,67,ɪ,derived from Bozeman tenor-mezzo,0.577,close,D4,4.96,inside,3,-9,none,not assessed,short,step,-2,no,2,middle,no,no,no,
Kabalevsky T03,14,11,2,A4,69,u,Bozeman tenor-mezzo midpoint,0.577,above,G3,14.5,inside,5,-7,none,not assessed,short,step,2,no,2,middle,no,no,no,
Kabalevsky T03,14,11,2.5,F4,65,ʌ,derived from Bozeman tenor-mezzo,0.577,close,E4,0.5,inside,1,-11,none,not assessed,short,leap-down,-4,no,2,middle,no,yes,yes,turning pitch 0 to 2 st below
Kabalevsky T03,14,12,1,D4,62,o,Bozeman tenor-mezzo midpoint,0.577,close,C#4,1.5,below primo,-2,-14,none,not assessed,short,leap-down,-3,no,2,middle,no,no,no,turning pitch 0 to 2 st below
Kabalevsky T03,14,12,1.5,A4,69,o,Bozeman tenor-mezzo midpoint,0.577,close,C#4,8.5,inside,5,-7,none,not assessed,short,leap-up,7,no,2,middle,no,no,no,
Kabalevsky T03,14,12,2,B4,71,i,Bozeman tenor-mezzo midpoint,0.577,above,E3,18.5,inside,7,-5,none,not assessed,short,step,2,no,2,middle,no,no,no,
Kabalevsky T03,14,12,2.5,C5,72,ɪ,derived from Bozeman tenor-mezzo,0.577,close,D4,9.96,inside,8,-4,none,not assessed,short,step,1,no,2,middle,no,no,no,
Kabalevsky T03,14,13,1,C5,72,ɛ,Bozeman tenor-mezzo midpoint,1.154,close,D#4,9.5,inside,8,-4,none,not assessed,short,repeated,0,no,2,middle,no,no,no,
Kabalevsky T03,14,13,2,A4,69,ʌ,derived from Bozeman tenor-mezzo,0.577,close,E4,4.5,inside,5,-7,none,not assessed,short,leap-down,-3,no,2,middle,no,no,no,
Kabalevsky T03,14,13,2.5,F4,65,u,Bozeman tenor-mezzo midpoint,0.577,close,G3,10.5,inside,1,-11,none,not assessed,short,leap-down,-4,no,2,middle,no,yes,no,
Kabalevsky T03,14,14,1,E4,64,u,Bozeman tenor-mezzo midpoint,0.577,close,G3,9.5,inside,0,-12,none,not assessed,short,step,-1,no,2,middle,no,yes,no,
Kabalevsky T03,14,14,1.5,A4,69,u,Bozeman tenor-mezzo midpoint,0.577,above,G3,14.5,inside,5,-7,none,not assessed,short,leap-up,5,no,2,middle,no,no,no,
Kabalevsky T03,14,14,2,B4,71,ɨ,derived from Bozeman tenor-mezzo,0.577,above,A#3,13.11,inside,7,-5,none,not assessed,short,step,2,no,2,middle,no,no,no,
Kabalevsky T03,14,14,2.5,C5,72,ɑ,Bozeman tenor-mezzo midpoint,0.577,close,E4,7.5,inside,8,-4,none,not assessed,short,step,1,no,2,middle,no,no,no,
Kabalevsky T03,14,15,1,E5,76,a,derived from Bozeman tenor-mezzo,0.577,close,G4,9.08,inside,12,0,none,not assessed,short,leap-up,4,no,2,middle,yes,yes,yes,highest of phrase
Kabalevsky T03,14,15,1.5,D5,74,ɪ,derived from Bozeman tenor-mezzo,0.577,crossing,D4,11.96,inside,10,-2,none,not assessed,short,step,-2,no,2,middle,no,no,no,crossing
Kabalevsky T03,14,15,2,C5,72,ʌ,derived from Bozeman tenor-mezzo,0.577,close,E4,7.5,inside,8,-4,none,not assessed,short,step,-2,no,2,middle,no,no,no,
Kabalevsky T03,14,15,2.5,B4,71,ɑ,Bozeman tenor-mezzo midpoint,0.577,close,E4,6.5,inside,7,-5,none,not assessed,short,step,-1,no,2,middle,no,no,no,
Kabalevsky T03,14,16,1,A4,69,ɑ,Bozeman tenor-mezzo midpoint,2.308,close,E4,4.5,inside,5,-7,none,not assessed,held,step,-2,no,2,middle,no,no,no,held
Kabalevsky T03,14,17,1,A4,69,ɑ,Bozeman tenor-mezzo midpoint,0.577,close,E4,4.5,inside,5,-7,none,not assessed,held,tie,0,no,2,last,no,no,no,held
Kabalevsky T03,14,18,1.25,G4,67,i,Bozeman tenor-mezzo midpoint,0.288,above,E3,14.5,inside,3,-9,none,not assessed,short,step,-2,yes,3,first,no,no,no,
Kabalevsky T03,14,18,1.5,C5,72,ɑ,Bozeman tenor-mezzo midpoint,0.288,close,E4,7.5,inside,8,-4,none,not assessed,short,leap-up,5,no,3,middle,no,no,no,
Kabalevsky T03,14,18,1.75,E5,76,i,Bozeman tenor-mezzo midpoint,0.288,above,E3,23.5,inside,12,0,none,not assessed,short,leap-up,4,no,3,middle,yes,yes,yes,highest of phrase
Kabalevsky T03,14,18,2,D5,74,ɑ,Bozeman tenor-mezzo midpoint,0.577,close,E4,9.5,inside,10,-2,none,not assessed,short,step,-2,no,3,middle,no,no,no,
Kabalevsky T03,14,18,2.5,A4,69,ɑ,Bozeman tenor-mezzo midpoint,0.577,close,E4,4.5,inside,5,-7,none,not assessed,short,leap-down,-5,no,3,middle,no,no,no,
Kabalevsky T03,14,19,1,C5,72,e,Bozeman tenor-mezzo midpoint,0.577,close,D4,10.5,inside,8,-4,none,not assessed,short,leap-up,3,no,3,middle,no,no,no,
Kabalevsky T03,14,19,1.5,G4,67,i,Bozeman tenor-mezzo midpoint,0.577,above,E3,14.5,inside,3,-9,none,not assessed,short,leap-down,-5,no,3,middle,no,no,no,
Kabalevsky T03,14,19,2,G#4,68,ɑ,Bozeman tenor-mezzo midpoint,0.288,close,E4,3.5,inside,4,-8,none,not assessed,short,step,1,no,3,middle,no,no,no,
Kabalevsky T03,14,19,2.25,G4,67,ɑ,Bozeman tenor-mezzo midpoint,0.288,close,E4,2.5,inside,3,-9,none,not assessed,short,step,-1,no,3,middle,no,no,no,
Kabalevsky T03,14,19,2.5,G#4,68,i,Bozeman tenor-mezzo midpoint,0.288,above,E3,15.5,inside,4,-8,none,not assessed,short,step,1,no,3,middle,no,no,no,
Kabalevsky T03,14,19,2.75,A#4,70,i,Bozeman tenor-mezzo midpoint,0.288,above,E3,17.5,inside,6,-6,none,not assessed,short,step,2,no,3,middle,no,no,no,
Kabalevsky T03,14,20,1,C5,72,ɛ,Bozeman tenor-mezzo midpoint,0.577,close,D#4,9.5,inside,8,-4,none,not assessed,short,step,2,no,3,middle,no,no,no,
Kabalevsky T03,14,20,1.5,G4,67,ʌ,derived from Bozeman tenor-mezzo,0.577,close,E4,2.5,inside,3,-9,none,not assessed,short,leap-down,-5,no,3,last,no,no,no,
Kabalevsky T03,14,20,2.25,G4,67,ɑ,Bozeman tenor-mezzo midpoint,0.288,close,E4,2.5,inside,3,-9,none,not assessed,short,repeated,0,yes,4,first,no,no,no,
Kabalevsky T03,14,20,2.5,C5,72,ɑ,Bozeman tenor-mezzo midpoint,0.288,close,E4,7.5,inside,8,-4,none,not assessed,short,leap-up,5,no,4,middle,no,no,no,
Kabalevsky T03,14,20,2.75,E5,76,u,Bozeman tenor-mezzo midpoint,0.288,above,G3,21.5,inside,12,0,none,not assessed,short,leap-up,4,no,4,middle,yes,yes,yes,highest of phrase
Kabalevsky T03,14,21,1,D5,74,o,Bozeman tenor-mezzo midpoint,0.865,above,C#4,13.5,inside,10,-2,none,not assessed,short,step,-2,no,4,middle,no,no,no,
Kabalevsky T03,14,21,1.75,A4,69,ɑ,Bozeman tenor-mezzo midpoint,0.288,close,E4,4.5,inside,5,-7,none,not assessed,short,leap-down,-5,no,4,middle,no,no,no,
Kabalevsky T03,14,21,2,C5,72,ɑ,Bozeman tenor-mezzo midpoint,0.577,close,E4,7.5,inside,8,-4,none,not assessed,short,leap-up,3,no,4,middle,no,no,no,
Kabalevsky T03,14,21,2.5,G4,67,ɨ,derived from Bozeman tenor-mezzo,0.577,close,A#3,9.11,inside,3,-9,none,not assessed,short,leap-down,-5,no,4,middle,no,no,no,
Kabalevsky T03,14,22,1,G#4,68,ɑ,Bozeman tenor-mezzo midpoint,0.288,close,E4,3.5,inside,4,-8,none,not assessed,short,step,1,no,4,middle,no,no,no,
Kabalevsky T03,14,22,1.25,G4,67,ɑ,Bozeman tenor-mezzo midpoint,0.288,close,E4,2.5,inside,3,-9,none,not assessed,short,step,-1,no,4,middle,no,no,no,
Kabalevsky T03,14,22,1.5,G#4,68,ɪ,derived from Bozeman tenor-mezzo,0.577,close,D4,5.96,inside,4,-8,none,not assessed,short,step,1,no,4,middle,no,no,no,
Kabalevsky T03,14,22,2,G4,67,ɑ,Bozeman tenor-mezzo midpoint,1.154,close,E4,2.5,inside,3,-9,none,not assessed,short,step,-1,no,4,middle,no,no,no,
Kabalevsky T03,14,23,1,G4,67,ɑ,Bozeman tenor-mezzo midpoint,0.288,close,E4,2.5,inside,3,-9,none,not assessed,short,tie,0,no,4,middle,no,no,no,
Kabalevsky T03,14,23,1.25,F#4,66,ɑ,Bozeman tenor-mezzo midpoint,0.288,close,E4,1.5,inside,2,-10,none,not assessed,short,step,-1,no,4,middle,no,no,no,turning pitch 0 to 2 st below
Kabalevsky T03,14,23,1.5,G4,67,ʌ,derived from Bozeman tenor-mezzo,0.288,close,E4,2.5,inside,3,-9,none,not assessed,short,step,1,no,4,middle,no,no,no,
Kabalevsky T03,14,23,1.75,A4,69,ɑ,Bozeman tenor-mezzo midpoint,0.288,close,E4,4.5,inside,5,-7,none,not assessed,short,step,2,no,4,middle,no,no,no,
Kabalevsky T03,14,23,2,B4,71,e,Bozeman tenor-mezzo midpoint,0.865,close,D4,9.5,inside,7,-5,none,not assessed,short,step,2,no,4,middle,no,no,no,
Kabalevsky T03,14,23,2.75,C5,72,i,Bozeman tenor-mezzo midpoint,0.288,above,E3,19.5,inside,8,-4,none,not assessed,short,step,1,no,4,middle,no,no,no,
Kabalevsky T03,14,24,1,B4,71,i,Bozeman tenor-mezzo midpoint,0.865,above,E3,18.5,inside,7,-5,none,not assessed,short,step,-1,no,4,middle,no,no,no,
Kabalevsky T03,14,24,1.75,C5,72,ɑ,Bozeman tenor-mezzo midpoint,0.288,close,E4,7.5,inside,8,-4,none,not assessed,short,step,1,no,4,middle,no,no,no,
Kabalevsky T03,14,24,2,B4,71,o,Bozeman tenor-mezzo midpoint,0.288,close,C#4,10.5,inside,7,-5,none,not assessed,short,step,-1,no,4,middle,no,no,no,
Kabalevsky T03,14,24,2.25,C#5,73,ɨ,derived from Bozeman tenor-mezzo,0.288,above,A#3,15.11,inside,9,-3,none,not assessed,short,step,2,no,4,middle,no,no,no,
Kabalevsky T03,14,24,2.5,D#5,75,ɑ,Bozeman tenor-mezzo midpoint,0.288,close,E4,10.5,inside,11,-1,none,not assessed,short,step,2,no,4,middle,no,yes,no,
Kabalevsky T03,14,24,2.75,B4,71,ɪ,derived from Bozeman tenor-mezzo,0.288,close,D4,8.96,inside,7,-5,none,not assessed,short,leap-down,-4,no,4,middle,no,no,no,
Kabalevsky T03,14,25,1,E5,76,o,Bozeman tenor-mezzo midpoint,1.731,above,C#4,15.5,inside,12,0,none,not assessed,short,leap-up,5,no,4,middle,yes,yes,yes,highest of phrase
Kabalevsky T03,14,25,2.5,D5,74,o,Bozeman tenor-mezzo midpoint,0.577,above,C#4,13.5,inside,10,-2,none,not assessed,short,step,-2,no,4,middle,no,no,no,
Kabalevsky T03,14,26,1,C5,72,e,Bozeman tenor-mezzo midpoint,0.288,close,D4,10.5,inside,8,-4,none,not assessed,short,step,-2,no,4,middle,no,no,no,
Kabalevsky T03,14,26,1.25,B4,71,u,Bozeman tenor-mezzo midpoint,0.288,above,G3,16.5,inside,7,-5,none,not assessed,short,step,-1,no,4,middle,no,no,no,
Kabalevsky T03,14,26,1.5,C5,72,ʌ,derived from Bozeman tenor-mezzo,0.288,close,E4,7.5,inside,8,-4,none,not assessed,short,step,1,no,4,middle,no,no,no,
Kabalevsky T03,14,26,1.75,A4,69,ɨ,derived from Bozeman tenor-mezzo,0.288,close,A#3,11.11,inside,5,-7,none,not assessed,short,leap-down,-3,no,4,middle,no,no,no,
Kabalevsky T03,14,26,2,B4,71,ɑ,Bozeman tenor-mezzo midpoint,0.865,close,E4,6.5,inside,7,-5,none,not assessed,short,step,2,no,4,middle,no,no,no,
Kabalevsky T03,14,26,2.75,C5,72,ɪ,derived from Bozeman tenor-mezzo,0.288,close,D4,9.96,inside,8,-4,none,not assessed,short,step,1,no,4,middle,no,no,no,
Kabalevsky T03,14,27,1,B4,71,ɛ,Bozeman tenor-mezzo midpoint,0.577,close,D#4,8.5,inside,7,-5,none,not assessed,short,step,-1,no,4,middle,no,no,no,
Kabalevsky T03,14,27,1.5,F#4,66,ʌ,derived from Bozeman tenor-mezzo,0.577,close,E4,1.5,inside,2,-10,none,not assessed,short,leap-down,-5,no,4,last,no,no,no,turning pitch 0 to 2 st below
Kabalevsky T03,14,30,1,B4,71,o,Bozeman tenor-mezzo midpoint,0.577,close,C#4,10.5,inside,7,-5,none,not assessed,short,leap-up,5,yes,5,first,no,no,no,
Kabalevsky T03,14,30,1.5,B4,71,ɪ,derived from Bozeman tenor-mezzo,0.288,close,D4,8.96,inside,7,-5,none,not assessed,short,repeated,0,no,5,middle,no,no,no,
Kabalevsky T03,14,30,1.75,C5,72,i,Bozeman tenor-mezzo midpoint,0.288,above,E3,19.5,inside,8,-4,none,not assessed,short,step,1,no,5,middle,yes,no,no,highest of phrase
Kabalevsky T03,14,30,2,B4,71,ɨ,derived from Bozeman tenor-mezzo,0.865,above,A#3,13.11,inside,7,-5,none,not assessed,short,step,-1,no,5,middle,no,no,no,
Kabalevsky T03,14,30,2.75,C5,72,none resolved,not assessed,0.288,not assessed,not assessed,not assessed,inside,8,-4,not assessed,not assessed,short,step,1,no,5,middle,yes,no,no,highest of phrase
Kabalevsky T03,14,31,1,B4,71,e,Bozeman tenor-mezzo midpoint,0.288,close,D4,9.5,inside,7,-5,none,not assessed,short,step,-1,no,5,middle,no,no,no,
Kabalevsky T03,14,31,1.25,F#4,66,i,Bozeman tenor-mezzo midpoint,0.288,above,E3,13.5,inside,2,-10,none,not assessed,short,leap-down,-5,no,5,middle,no,no,no,
Kabalevsky T03,14,31,1.5,G4,67,i,Bozeman tenor-mezzo midpoint,0.288,above,E3,14.5,inside,3,-9,none,not assessed,short,step,1,no,5,middle,no,no,no,
Kabalevsky T03,14,31,1.75,A4,69,ɑ,Bozeman tenor-mezzo midpoint,0.288,close,E4,4.5,inside,5,-7,none,not assessed,short,step,2,no,5,middle,no,no,no,
Kabalevsky T03,14,31,2,B4,71,e,Bozeman tenor-mezzo midpoint,1.154,close,D4,9.5,inside,7,-5,none,not assessed,short,step,2,no,5,middle,no,no,no,
Kabalevsky T03,14,32,1,B4,71,e,Bozeman tenor-mezzo midpoint,0.288,close,D4,9.5,inside,7,-5,none,not assessed,short,tie,0,no,5,middle,no,no,no,
Kabalevsky T03,14,32,1.25,B4,71,ɑ,Bozeman tenor-mezzo midpoint,0.288,close,E4,6.5,inside,7,-5,none,not assessed,short,repeated,0,no,5,middle,no,no,no,
Kabalevsky T03,14,32,1.5,B4,71,ɑ,Bozeman tenor-mezzo midpoint,0.288,close,E4,6.5,inside,7,-5,none,not assessed,short,repeated,0,no,5,middle,no,no,no,
Kabalevsky T03,14,32,1.75,C5,72,ɪ,derived from Bozeman tenor-mezzo,0.288,close,D4,9.96,inside,8,-4,none,not assessed,short,step,1,no,5,middle,yes,no,no,highest of phrase
Kabalevsky T03,14,32,2,B4,71,o,Bozeman tenor-mezzo midpoint,0.865,close,C#4,10.5,inside,7,-5,none,not assessed,short,step,-1,no,5,middle,no,no,no,
Kabalevsky T03,14,32,2.75,C5,72,u,Bozeman tenor-mezzo midpoint,0.288,above,G3,17.5,inside,8,-4,none,not assessed,short,step,1,no,5,middle,yes,no,no,highest of phrase
Kabalevsky T03,14,33,1,B4,71,o,Bozeman tenor-mezzo midpoint,0.288,close,C#4,10.5,inside,7,-5,none,not assessed,short,step,-1,no,5,middle,no,no,no,
Kabalevsky T03,14,33,1.25,E4,64,u,Bozeman tenor-mezzo midpoint,0.288,close,G3,9.5,inside,0,-12,none,not assessed,short,leap-down,-7,no,5,middle,no,yes,no,
Kabalevsky T03,14,33,1.5,F#4,66,i,Bozeman tenor-mezzo midpoint,0.288,above,E3,13.5,inside,2,-10,none,not assessed,short,step,2,no,5,middle,no,no,no,
Kabalevsky T03,14,33,1.75,G#4,68,i,Bozeman tenor-mezzo midpoint,0.288,above,E3,15.5,inside,4,-8,none,not assessed,short,step,2,no,5,middle,no,no,no,
Kabalevsky T03,14,33,2,A4,69,a,derived from Bozeman tenor-mezzo,0.865,close,G4,2.08,inside,5,-7,none,not assessed,short,step,1,no,5,middle,no,no,no,
Kabalevsky T03,14,33,2.75,A4,69,ɑ,Bozeman tenor-mezzo midpoint,0.288,close,E4,4.5,inside,5,-7,none,not assessed,short,repeated,0,no,5,last,no,no,no,
Kabalevsky T03,14,34,2.75,A4,69,o,Bozeman tenor-mezzo midpoint,0.288,close,C#4,8.5,inside,5,-7,none,not assessed,short,repeated,0,yes,6,first,no,no,no,
Kabalevsky T03,14,35,1,D5,74,u,Bozeman tenor-mezzo midpoint,0.288,above,G3,19.5,inside,10,-2,none,not assessed,short,leap-up,5,no,6,middle,yes,no,no,highest of phrase
Kabalevsky T03,14,35,1.25,D5,74,ɨ,derived from Bozeman tenor-mezzo,0.288,above,A#3,16.11,inside,10,-2,none,not assessed,short,repeated,0,no,6,middle,yes,no,no,highest of phrase
Kabalevsky T03,14,35,1.5,D5,74,ʌ,derived from Bozeman tenor-mezzo,0.288,close,E4,9.5,inside,10,-2,none,not assessed,short,repeated,0,no,6,middle,yes,no,no,highest of phrase
Kabalevsky T03,14,35,1.75,A4,69,u,Bozeman tenor-mezzo midpoint,0.288,above,G3,14.5,inside,5,-7,none,not assessed,short,leap-down,-5,no,6,middle,no,no,no,
Kabalevsky T03,14,35,2,D5,74,ɑ,Bozeman tenor-mezzo midpoint,0.288,close,E4,9.5,inside,10,-2,none,not assessed,short,leap-up,5,no,6,middle,yes,no,no,highest of phrase
Kabalevsky T03,14,35,2.25,C5,72,ɑ,Bozeman tenor-mezzo midpoint,0.288,close,E4,7.5,inside,8,-4,none,not assessed,short,step,-2,no,6,middle,no,no,no,
Kabalevsky T03,14,35,2.5,B4,71,ɛ,Bozeman tenor-mezzo midpoint,0.288,close,D#4,8.5,inside,7,-5,none,not assessed,short,step,-1,no,6,middle,no,no,no,
Kabalevsky T03,14,35,2.75,A4,69,ɪ,derived from Bozeman tenor-mezzo,0.288,close,D4,6.96,inside,5,-7,none,not assessed,short,step,-2,no,6,middle,no,no,no,
Kabalevsky T03,14,36,1,E4,64,e,Bozeman tenor-mezzo midpoint,1.154,close,D4,2.5,inside,0,-12,none,not assessed,short,leap-down,-5,no,6,middle,no,yes,no,
Kabalevsky T03,14,36,2,E4,64,e,Bozeman tenor-mezzo midpoint,0.288,close,D4,2.5,inside,0,-12,none,not assessed,short,tie,0,no,6,middle,no,yes,no,
Kabalevsky T03,14,36,2.25,F4,65,ɑ,Bozeman tenor-mezzo midpoint,0.288,close,E4,0.5,inside,1,-11,none,not assessed,short,step,1,no,6,middle,no,yes,yes,turning pitch 0 to 2 st below
Kabalevsky T03,14,36,2.5,E4,64,ɨ,derived from Bozeman tenor-mezzo,0.288,close,A#3,6.11,inside,0,-12,none,not assessed,short,step,-1,no,6,middle,no,yes,no,
Kabalevsky T03,14,36,2.75,F4,65,ʌ,derived from Bozeman tenor-mezzo,0.288,close,E4,0.5,inside,1,-11,none,not assessed,short,step,1,no,6,middle,no,yes,yes,turning pitch 0 to 2 st below
Kabalevsky T03,14,37,1,E4,64,ɑ,Bozeman tenor-mezzo midpoint,0.865,open,E4,-0.5,inside,0,-12,none,not assessed,short,step,-1,no,6,middle,no,yes,no,
Kabalevsky T03,14,37,1.75,F#4,66,i,Bozeman tenor-mezzo midpoint,0.288,above,E3,13.5,inside,2,-10,none,not assessed,short,step,2,no,6,middle,no,no,no,
Kabalevsky T03,14,37,2,G#4,68,a,derived from Bozeman tenor-mezzo,0.288,close,G4,1.08,inside,4,-8,none,not assessed,short,step,2,no,6,middle,no,no,no,turning pitch 0 to 2 st below
Kabalevsky T03,14,37,2.25,A4,69,ɪ,derived from Bozeman tenor-mezzo,0.288,close,D4,6.96,inside,5,-7,none,not assessed,short,step,1,no,6,middle,no,no,no,
Kabalevsky T03,14,37,2.5,C5,72,ʌ,derived from Bozeman tenor-mezzo,0.288,close,E4,7.5,inside,8,-4,none,not assessed,short,leap-up,3,no,6,middle,no,no,no,
Kabalevsky T03,14,37,2.75,B4,71,ɑ,Bozeman tenor-mezzo midpoint,0.288,close,E4,6.5,inside,7,-5,none,not assessed,short,step,-1,no,6,middle,no,no,no,
Kabalevsky T03,14,38,1,A4,69,a,derived from Bozeman tenor-mezzo,0.865,close,G4,2.08,inside,5,-7,none,not assessed,short,step,-2,no,6,middle,no,no,no,
Kabalevsky T03,14,38,1.75,A4,69,ɪ,derived from Bozeman tenor-mezzo,0.288,close,D4,6.96,inside,5,-7,none,not assessed,short,repeated,0,no,6,last,no,no,no,
Kabalevsky T03,14,44,2.5,A4,69,i,Bozeman tenor-mezzo midpoint,0.577,above,E3,16.5,inside,5,-7,none,not assessed,short,repeated,0,yes,7,first,no,no,no,
Kabalevsky T03,14,45,1,A4,69,ɑ,Bozeman tenor-mezzo midpoint,1.731,close,E4,4.5,inside,5,-7,none,not assessed,short,repeated,0,no,7,middle,no,no,no,
Kabalevsky T03,14,45,2.5,G4,67,u,Bozeman tenor-mezzo midpoint,0.577,crossing,G3,12.5,inside,3,-9,none,not assessed,short,step,-2,no,7,middle,no,no,no,crossing
Kabalevsky T03,14,46,1,A4,69,o,Bozeman tenor-mezzo midpoint,1.731,close,C#4,8.5,inside,5,-7,none,not assessed,short,step,2,no,7,middle,no,no,no,
Kabalevsky T03,14,46,2.5,F4,65,ɑ,Bozeman tenor-mezzo midpoint,0.577,close,E4,0.5,inside,1,-11,none,not assessed,short,leap-down,-4,no,7,middle,no,yes,yes,turning pitch 0 to 2 st below
Kabalevsky T03,14,47,1,D4,62,o,Bozeman tenor-mezzo midpoint,0.577,close,C#4,1.5,below primo,-2,-14,none,not assessed,short,leap-down,-3,no,7,middle,no,no,no,turning pitch 0 to 2 st below
Kabalevsky T03,14,47,1.5,F4,65,ʌ,derived from Bozeman tenor-mezzo,0.577,close,E4,0.5,inside,1,-11,none,not assessed,short,leap-up,3,no,7,middle,no,yes,yes,turning pitch 0 to 2 st below
Kabalevsky T03,14,47,2,A4,69,ʌ,derived from Bozeman tenor-mezzo,0.577,close,E4,4.5,inside,5,-7,none,not assessed,short,leap-up,4,no,7,middle,no,no,no,
Kabalevsky T03,14,47,2.5,B4,71,ɑ,Bozeman tenor-mezzo midpoint,0.577,close,E4,6.5,inside,7,-5,none,not assessed,short,step,2,no,7,middle,no,no,no,
Kabalevsky T03,14,48,1,C5,72,u,Bozeman tenor-mezzo midpoint,1.154,above,G3,17.5,inside,8,-4,none,not assessed,short,step,1,no,7,middle,yes,no,no,highest of phrase
Kabalevsky T03,14,48,2,C5,72,u,Bozeman tenor-mezzo midpoint,0.288,above,G3,17.5,inside,8,-4,none,not assessed,short,tie,0,no,7,last,yes,no,no,highest of phrase
Kabalevsky T03,14,48,2.25,A4,69,ɑ,Bozeman tenor-mezzo midpoint,0.288,close,E4,4.5,inside,5,-7,none,not assessed,short,leap-down,-3,no,8,first,no,no,no,
Kabalevsky T03,14,48,2.5,F4,65,o,Bozeman tenor-mezzo midpoint,0.288,close,C#4,4.5,inside,1,-11,none,not assessed,short,leap-down,-4,no,8,middle,no,yes,no,
Kabalevsky T03,14,48,2.75,A4,69,ɑ,Bozeman tenor-mezzo midpoint,0.288,close,E4,4.5,inside,5,-7,none,not assessed,short,leap-up,4,no,8,middle,no,no,no,
Kabalevsky T03,14,49,1,E4,64,ɛ,Bozeman tenor-mezzo midpoint,0.577,close,D#4,1.5,inside,0,-12,none,not assessed,short,leap-down,-5,no,8,middle,no,yes,yes,turning pitch 0 to 2 st below
Kabalevsky T03,14,49,1.5,C5,72,ɛ,Bozeman tenor-mezzo midpoint,1.154,close,D#4,9.5,inside,8,-4,none,not assessed,short,leap-up,8,no,8,last,yes,no,no,highest of phrase
Kabalevsky T03,14,49,2.5,C5,72,i,Bozeman tenor-mezzo midpoint,0.577,above,E3,19.5,inside,8,-4,none,not assessed,short,repeated,0,no,9,first,no,no,no,
Kabalevsky T03,14,50,1,E5,76,o,Bozeman tenor-mezzo midpoint,0.577,above,C#4,15.5,inside,12,0,none,not assessed,short,leap-up,4,no,9,middle,yes,yes,yes,highest of phrase
Kabalevsky T03,14,50,1.5,D5,74,ɨ,derived from Bozeman tenor-mezzo,0.577,above,A#3,16.11,inside,10,-2,none,not assessed,short,step,-2,no,9,middle,no,no,no,
Kabalevsky T03,14,50,2,C5,72,ɪ,derived from Bozeman tenor-mezzo,0.577,close,D4,9.96,inside,8,-4,none,not assessed,short,step,-2,no,9,middle,no,no,no,
Kabalevsky T03,14,50,2.5,B4,71,ɑ,Bozeman tenor-mezzo midpoint,0.577,close,E4,6.5,inside,7,-5,none,not assessed,short,step,-1,no,9,middle,no,no,no,
Kabalevsky T03,14,51,1,A4,69,u,Bozeman tenor-mezzo midpoint,2.308,above,G3,14.5,inside,5,-7,none,not assessed,held,step,-2,no,9,middle,no,no,no,held
Kabalevsky T03,14,52,1,A4,69,u,Bozeman tenor-mezzo midpoint,0.577,above,G3,14.5,inside,5,-7,none,not assessed,held,tie,0,no,9,last,no,no,no,held
Kabalevsky T04,14,4,3.5,D4,62,ɑ,Bozeman tenor-mezzo midpoint,0.6,open,E4,-2.5,below primo,-2,-14,none,not assessed,short,first note,,,0,first,no,no,no,
Kabalevsky T04,14,4,4,E4,64,ɑ,Bozeman tenor-mezzo midpoint,0.6,open,E4,-0.5,inside,0,-12,none,not assessed,short,step,2,no,0,middle,no,yes,no,
Kabalevsky T04,14,4,4.5,A4,69,ɑ,Bozeman tenor-mezzo midpoint,0.6,close,E4,4.5,inside,5,-7,none,not assessed,short,leap-up,5,no,0,middle,no,no,no,
Kabalevsky T04,14,5,1,F4,65,u,Bozeman tenor-mezzo midpoint,1.8,close,G3,10.5,inside,1,-11,none,not assessed,short,leap-down,-4,no,0,middle,no,yes,no,
Kabalevsky T04,14,5,2.5,E4,64,ɪ,derived from Bozeman tenor-mezzo,0.6,close,D4,1.96,inside,0,-12,none,not assessed,short,step,-1,no,0,middle,no,yes,yes,turning pitch 0 to 2 st below
Kabalevsky T04,14,5,3,F4,65,o,Bozeman tenor-mezzo midpoint,0.6,close,C#4,4.5,inside,1,-11,none,not assessed,short,step,1,no,0,middle,no,yes,no,
Kabalevsky T04,14,5,3.5,D4,62,ɨ,derived from Bozeman tenor-mezzo,0.6,close,A#3,4.11,below primo,-2,-14,none,not assessed,short,leap-down,-3,no,0,middle,no,no,no,
Kabalevsky T04,14,5,4,G4,67,ɑ,Bozeman tenor-mezzo midpoint,0.6,close,E4,2.5,inside,3,-9,none,not assessed,short,leap-up,5,no,0,middle,no,no,no,
Kabalevsky T04,14,5,4.5,E4,64,ɨ,derived from Bozeman tenor-mezzo,0.6,close,A#3,6.11,inside,0,-12,none,not assessed,short,leap-down,-3,no,0,middle,no,yes,no,
Kabalevsky T04,14,6,1,A4,69,u,Bozeman tenor-mezzo midpoint,2.4,above,G3,14.5,inside,5,-7,none,not assessed,held,leap-up,5,no,0,middle,no,no,no,held
Kabalevsky T04,14,6,3,A4,69,u,Bozeman tenor-mezzo midpoint,0.6,above,G3,14.5,inside,5,-7,none,not assessed,held,tie,0,no,0,middle,no,no,no,held
Kabalevsky T04,14,6,3.5,G4,67,ɑ,Bozeman tenor-mezzo midpoint,0.6,close,E4,2.5,inside,3,-9,none,not assessed,short,step,-2,no,0,middle,no,no,no,
Kabalevsky T04,14,6,4,A4,69,ɨ,derived from Bozeman tenor-mezzo,0.6,close,A#3,11.11,inside,5,-7,none,not assessed,short,step,2,no,0,middle,no,no,no,
Kabalevsky T04,14,6,4.5,A#4,70,ɨ,derived from Bozeman tenor-mezzo,0.6,crossing,A#3,12.11,inside,6,-6,none,not assessed,short,step,1,no,0,middle,no,no,no,crossing
Kabalevsky T04,14,7,1,C5,72,ɑ,Bozeman tenor-mezzo midpoint,0.6,close,E4,7.5,inside,8,-4,none,not assessed,short,step,2,no,0,middle,yes,no,no,highest of phrase
Kabalevsky T04,14,7,1.5,A4,69,u,Bozeman tenor-mezzo midpoint,0.6,above,G3,14.5,inside,5,-7,none,not assessed,short,leap-down,-3,no,0,middle,no,no,no,
Kabalevsky T04,14,7,2,G4,67,ʌ,derived from Bozeman tenor-mezzo,0.6,close,E4,2.5,inside,3,-9,none,not assessed,short,step,-2,no,0,middle,no,no,no,
Kabalevsky T04,14,7,2.5,F4,65,ɑ,Bozeman tenor-mezzo midpoint,0.6,close,E4,0.5,inside,1,-11,none,not assessed,short,step,-2,no,0,middle,no,yes,yes,turning pitch 0 to 2 st below
Kabalevsky T04,14,7,3,G4,67,ɑ,Bozeman tenor-mezzo midpoint,1.8,close,E4,2.5,inside,3,-9,none,not assessed,short,step,2,no,0,middle,no,no,no,
Kabalevsky T04,14,7,4.5,E4,64,ɨ,derived from Bozeman tenor-mezzo,0.6,close,A#3,6.11,inside,0,-12,none,not assessed,short,leap-down,-3,no,0,middle,no,yes,no,
Kabalevsky T04,14,8,1,A4,69,o,Bozeman tenor-mezzo midpoint,1.8,close,C#4,8.5,inside,5,-7,none,not assessed,short,leap-up,5,no,0,middle,no,no,no,
Kabalevsky T04,14,8,2.5,A4,69,ʌ,derived from Bozeman tenor-mezzo,0.6,close,E4,4.5,inside,5,-7,none,not assessed,short,repeated,0,no,0,last,no,no,no,
Kabalevsky T04,14,8,3.5,A4,69,u,Bozeman tenor-mezzo midpoint,0.6,above,G3,14.5,inside,5,-7,none,not assessed,short,repeated,0,yes,1,first,no,no,no,
Kabalevsky T04,14,8,4,G4,67,ɑ,Bozeman tenor-mezzo midpoint,0.6,close,E4,2.5,inside,3,-9,none,not assessed,short,step,-2,no,1,middle,no,no,no,
Kabalevsky T04,14,8,4.5,F4,65,ɨ,derived from Bozeman tenor-mezzo,0.6,close,A#3,7.11,inside,1,-11,none,not assessed,short,step,-2,no,1,middle,no,yes,no,
Kabalevsky T04,14,9,1,G4,67,ɛ,Bozeman tenor-mezzo midpoint,1.8,close,D#4,4.5,inside,3,-9,none,not assessed,short,step,2,no,1,middle,no,no,no,
Kabalevsky T04,14,9,2.5,E4,64,i,Bozeman tenor-mezzo midpoint,0.6,crossing,E3,11.5,inside,0,-12,none,not assessed,short,leap-down,-3,no,1,middle,no,yes,yes,crossing
Kabalevsky T04,14,9,3,F4,65,o,Bozeman tenor-mezzo midpoint,0.6,close,C#4,4.5,inside,1,-11,none,not assessed,short,step,1,no,1,middle,no,yes,no,
Kabalevsky T04,14,9,3.5,E4,64,ɑ,Bozeman tenor-mezzo midpoint,0.6,open,E4,-0.5,inside,0,-12,none,not assessed,short,step,-1,no,1,middle,no,yes,no,
Kabalevsky T04,14,9,4,F4,65,ɛ,Bozeman tenor-mezzo midpoint,0.6,close,D#4,2.5,inside,1,-11,none,not assessed,short,step,1,no,1,middle,no,yes,no,
Kabalevsky T04,14,9,4.5,G4,67,ɑ,Bozeman tenor-mezzo midpoint,0.6,close,E4,2.5,inside,3,-9,none,not assessed,short,step,2,no,1,middle,no,no,no,
Kabalevsky T04,14,10,1,G#4,68,u,Bozeman tenor-mezzo midpoint,0.6,above,G3,13.5,inside,4,-8,none,not assessed,short,step,1,no,1,middle,no,no,no,
Kabalevsky T04,14,10,1.5,A4,69,i,Bozeman tenor-mezzo midpoint,0.6,above,E3,16.5,inside,5,-7,none,not assessed,short,step,1,no,1,middle,no,no,no,
Kabalevsky T04,14,10,2,D5,74,ɑ,Bozeman tenor-mezzo midpoint,0.6,close,E4,9.5,inside,10,-2,none,not assessed,short,leap-up,5,no,1,middle,no,no,no,
Kabalevsky T04,14,10,2.5,E5,76,ʌ,derived from Bozeman tenor-mezzo,0.6,crossing,E4,11.5,inside,12,0,none,not assessed,short,step,2,no,1,middle,no,yes,yes,crossing
Kabalevsky T04,14,10,3,F5,77,o,Bozeman tenor-mezzo midpoint,2.4,above,C#4,16.5,above secondo,13,1,none,not assessed,held,step,1,no,1,middle,yes,yes,yes,held; highest of phrase
Kabalevsky T04,14,11,1,F5,77,o,Bozeman tenor-mezzo midpoint,0.6,above,C#4,16.5,above secondo,13,1,none,not assessed,held,tie,0,no,1,middle,yes,yes,yes,held; highest of phrase
Kabalevsky T04,14,11,1.5,E5,76,u,Bozeman tenor-mezzo midpoint,0.6,above,G3,21.5,inside,12,0,none,not assessed,short,step,-1,no,1,middle,no,yes,no,
Kabalevsky T04,14,11,2,D5,74,ɑ,Bozeman tenor-mezzo midpoint,0.6,close,E4,9.5,inside,10,-2,none,not assessed,short,step,-2,no,1,middle,no,no,no,
Kabalevsky T04,14,11,2.5,C#5,73,ɑ,Bozeman tenor-mezzo midpoint,0.6,close,E4,8.5,inside,9,-3,none,not assessed,short,step,-1,no,1,middle,no,no,no,
Kabalevsky T04,14,11,3,D5,74,e,Bozeman tenor-mezzo midpoint,1.8,crossing,D4,12.5,inside,10,-2,none,not assessed,short,step,1,no,1,middle,no,no,no,crossing
Kabalevsky T04,14,11,4.5,A#4,70,u,Bozeman tenor-mezzo midpoint,0.6,above,G3,15.5,inside,6,-6,none,not assessed,short,leap-down,-4,no,1,middle,no,no,no,
Kabalevsky T04,14,12,1,F4,65,o,Bozeman tenor-mezzo midpoint,1.8,close,C#4,4.5,inside,1,-11,none,not assessed,short,leap-down,-5,no,1,middle,no,yes,no,
Kabalevsky T04,14,12,2.5,A4,69,ɑ,Bozeman tenor-mezzo midpoint,0.6,close,E4,4.5,inside,5,-7,none,not assessed,short,leap-up,4,no,1,last,no,no,no,
Kabalevsky T04,14,13,3.5,D4,62,i,Bozeman tenor-mezzo midpoint,0.6,close,E3,9.5,below primo,-2,-14,none,not assessed,short,leap-down,-7,yes,2,first,no,no,no,
Kabalevsky T04,14,13,4,E4,64,ɑ,Bozeman tenor-mezzo midpoint,0.6,open,E4,-0.5,inside,0,-12,none,not assessed,short,step,2,no,2,middle,no,yes,no,
Kabalevsky T04,14,13,4.5,A4,69,ɪ,derived from Bozeman tenor-mezzo,0.6,close,D4,6.96,inside,5,-7,none,not assessed,short,leap-up,5,no,2,middle,no,no,no,
Kabalevsky T04,14,14,1,F4,65,ɑ,Bozeman tenor-mezzo midpoint,0.6,close,E4,0.5,inside,1,-11,none,not assessed,short,leap-down,-4,no,2,middle,no,yes,yes,turning pitch 0 to 2 st below
Kabalevsky T04,14,14,1.5,E4,64,ɨ,derived from Bozeman tenor-mezzo,0.6,close,A#3,6.11,inside,0,-12,none,not assessed,short,step,-1,no,2,middle,no,yes,no,
Kabalevsky T04,14,14,2,F4,65,o,Bozeman tenor-mezzo midpoint,1.8,close,C#4,4.5,inside,1,-11,none,not assessed,short,step,1,no,2,middle,no,yes,no,
Kabalevsky T04,14,14,3.5,A4,69,ɑ,Bozeman tenor-mezzo midpoint,0.6,close,E4,4.5,inside,5,-7,none,not assessed,short,leap-up,4,no,2,middle,no,no,no,
Kabalevsky T04,14,15,1,A4,69,o,Bozeman tenor-mezzo midpoint,0.6,close,C#4,8.5,inside,5,-7,none,not assessed,short,repeated,0,no,2,middle,no,no,no,
Kabalevsky T04,14,15,1.5,G#4,68,ɨ,derived from Bozeman tenor-mezzo,0.6,close,A#3,10.11,inside,4,-8,none,not assessed,short,step,-1,no,2,middle,no,no,no,
Kabalevsky T04,14,15,2,G#4,68,u,Bozeman tenor-mezzo midpoint,1.8,above,G3,13.5,inside,4,-8,none,not assessed,short,repeated,0,no,2,middle,no,no,no,
Kabalevsky T04,14,15,3.5,B4,71,ɑ,Bozeman tenor-mezzo midpoint,0.6,close,E4,6.5,inside,7,-5,none,not assessed,short,leap-up,3,no,2,middle,no,no,no,
Kabalevsky T04,14,16,1,C5,72,ɛ,Bozeman tenor-mezzo midpoint,0.6,close,D#4,9.5,inside,8,-4,none,not assessed,short,step,1,no,2,middle,no,no,no,
Kabalevsky T04,14,16,1.5,A4,69,ɑ,Bozeman tenor-mezzo midpoint,0.6,close,E4,4.5,inside,5,-7,none,not assessed,short,leap-down,-3,no,2,middle,no,no,no,
Kabalevsky T04,14,16,2,A#4,70,o,Bozeman tenor-mezzo midpoint,0.6,close,C#4,9.5,inside,6,-6,none,not assessed,short,step,1,no,2,middle,no,no,no,
Kabalevsky T04,14,16,2.5,C5,72,ɑ,Bozeman tenor-mezzo midpoint,0.6,close,E4,7.5,inside,8,-4,none,not assessed,short,step,2,no,2,middle,no,no,no,
Kabalevsky T04,14,16,3,D5,74,ɛ,Bozeman tenor-mezzo midpoint,0.6,close,D#4,11.5,inside,10,-2,none,not assessed,short,step,2,no,2,middle,yes,no,no,highest of phrase
Kabalevsky T04,14,16,3.5,A4,69,ɑ,Bozeman tenor-mezzo midpoint,0.6,close,E4,4.5,inside,5,-7,none,not assessed,short,leap-down,-5,no,2,middle,no,no,no,
Kabalevsky T04,14,16,4,A#4,70,i,Bozeman tenor-mezzo midpoint,0.6,above,E3,17.5,inside,6,-6,none,not assessed,short,step,1,no,2,middle,no,no,no,
Kabalevsky T04,14,16,4.5,A4,69,ɑ,Bozeman tenor-mezzo midpoint,0.6,close,E4,4.5,inside,5,-7,none,not assessed,short,step,-1,no,2,middle,no,no,no,
Kabalevsky T04,14,17,1,A#4,70,i,Bozeman tenor-mezzo midpoint,0.6,above,E3,17.5,inside,6,-6,none,not assessed,short,step,1,no,2,middle,no,no,no,
Kabalevsky T04,14,17,1.5,G4,67,ɑ,Bozeman tenor-mezzo midpoint,0.6,close,E4,2.5,inside,3,-9,none,not assessed,short,leap-down,-3,no,2,last,no,no,no,
Kabalevsky T04,14,17,2.5,A4,69,i,Bozeman tenor-mezzo midpoint,0.6,above,E3,16.5,inside,5,-7,none,not assessed,short,step,2,yes,3,first,no,no,no,
Kabalevsky T04,14,17,3,A#4,70,u,Bozeman tenor-mezzo midpoint,1.8,above,G3,15.5,inside,6,-6,none,not assessed,short,step,1,no,3,middle,no,no,no,
Kabalevsky T04,14,17,4.5,G4,67,u,Bozeman tenor-mezzo midpoint,0.6,crossing,G3,12.5,inside,3,-9,none,not assessed,short,leap-down,-3,no,3,middle,no,no,no,crossing
Kabalevsky T04,14,18,1,A4,69,o,Bozeman tenor-mezzo midpoint,1.8,close,C#4,8.5,inside,5,-7,none,not assessed,short,step,2,no,3,middle,no,no,no,
Kabalevsky T04,14,18,2.5,A4,69,ɑ,Bozeman tenor-mezzo midpoint,0.6,close,E4,4.5,inside,5,-7,none,not assessed,short,repeated,0,no,3,middle,no,no,no,
Kabalevsky T04,14,18,3,A#4,70,i,Bozeman tenor-mezzo midpoint,0.6,above,E3,17.5,inside,6,-6,none,not assessed,short,step,1,no,3,middle,no,no,no,
Kabalevsky T04,14,18,3.5,G4,67,u,Bozeman tenor-mezzo midpoint,0.6,crossing,G3,12.5,inside,3,-9,none,not assessed,short,leap-down,-3,no,3,middle,no,no,no,crossing
Kabalevsky T04,14,18,4,G4,67,u,Bozeman tenor-mezzo midpoint,0.6,crossing,G3,12.5,inside,3,-9,none,not assessed,short,repeated,0,no,3,middle,no,no,no,crossing
Kabalevsky T04,14,18,4.5,A#4,70,ɑ,Bozeman tenor-mezzo midpoint,0.6,close,E4,5.5,inside,6,-6,none,not assessed,short,leap-up,3,no,3,middle,no,no,no,
Kabalevsky T04,14,19,1,A4,69,u,Bozeman tenor-mezzo midpoint,0.6,above,G3,14.5,inside,5,-7,none,not assessed,short,step,-1,no,3,middle,no,no,no,
Kabalevsky T04,14,19,1.5,G#4,68,i,Bozeman tenor-mezzo midpoint,0.6,above,E3,15.5,inside,4,-8,none,not assessed,short,step,-1,no,3,middle,no,no,no,
Kabalevsky T04,14,19,2,A4,69,o,Bozeman tenor-mezzo midpoint,0.6,close,C#4,8.5,inside,5,-7,none,not assessed,short,step,1,no,3,middle,no,no,no,
Kabalevsky T04,14,19,2.5,B4,71,o,Bozeman tenor-mezzo midpoint,0.6,close,C#4,10.5,inside,7,-5,none,not assessed,short,step,2,no,3,middle,no,no,no,
Kabalevsky T04,14,19,3,C5,72,ɨ,derived from Bozeman tenor-mezzo,0.6,above,A#3,14.11,inside,8,-4,none,not assessed,short,step,1,no,3,middle,yes,no,no,highest of phrase
Kabalevsky T04,14,19,3.5,A4,69,i,Bozeman tenor-mezzo midpoint,0.6,above,E3,16.5,inside,5,-7,none,not assessed,short,leap-down,-3,no,3,middle,no,no,no,
Kabalevsky T04,14,19,4,D#4,63,ɛ,Bozeman tenor-mezzo midpoint,0.6,close,D#4,0.5,below primo,-1,-13,none,not assessed,short,leap-down,-6,no,3,middle,no,yes,yes,turning pitch 0 to 2 st below
Kabalevsky T04,14,19,4.5,E4,64,ɑ,Bozeman tenor-mezzo midpoint,0.6,open,E4,-0.5,inside,0,-12,none,not assessed,short,step,1,no,3,middle,no,yes,no,
Kabalevsky T04,14,20,1,F4,65,ɑ,Bozeman tenor-mezzo midpoint,1.8,close,E4,0.5,inside,1,-11,none,not assessed,short,step,1,no,3,middle,no,yes,yes,turning pitch 0 to 2 st below
Kabalevsky T04,14,20,2.5,A4,69,ʌ,derived from Bozeman tenor-mezzo,0.6,close,E4,4.5,inside,5,-7,none,not assessed,short,leap-up,4,no,3,middle,no,no,no,
Kabalevsky T04,14,20,3,G#4,68,i,Bozeman tenor-mezzo midpoint,0.6,above,E3,15.5,inside,4,-8,none,not assessed,short,step,-1,no,3,middle,no,no,no,
Kabalevsky T04,14,20,3.5,E4,64,ʌ,derived from Bozeman tenor-mezzo,0.6,open,E4,-0.5,inside,0,-12,none,not assessed,short,leap-down,-4,no,3,last,no,yes,no,
Kabalevsky T04,14,21,1.5,E4,64,ɪ,derived from Bozeman tenor-mezzo,0.6,close,D4,1.96,inside,0,-12,none,not assessed,short,repeated,0,yes,4,first,no,yes,yes,turning pitch 0 to 2 st below
Kabalevsky T04,14,21,2,E4,64,u,Bozeman tenor-mezzo midpoint,0.6,close,G3,9.5,inside,0,-12,none,not assessed,short,repeated,0,no,4,middle,no,yes,no,
Kabalevsky T04,14,21,2.5,E4,64,ɑ,Bozeman tenor-mezzo midpoint,0.6,open,E4,-0.5,inside,0,-12,none,not assessed,short,repeated,0,no,4,middle,no,yes,no,
Kabalevsky T04,14,21,3,E4,64,o,Bozeman tenor-mezzo midpoint,1.8,close,C#4,3.5,inside,0,-12,none,not assessed,short,repeated,0,no,4,middle,no,yes,no,
Kabalevsky T04,14,21,4.5,E4,64,ɑ,Bozeman tenor-mezzo midpoint,0.6,open,E4,-0.5,inside,0,-12,none,not assessed,short,repeated,0,no,4,middle,no,yes,no,
Kabalevsky T04,14,22,1,E4,64,e,Bozeman tenor-mezzo midpoint,0.6,close,D4,2.5,inside,0,-12,none,not assessed,short,repeated,0,no,4,middle,no,yes,no,
Kabalevsky T04,14,22,1.5,E4,64,ɑ,Bozeman tenor-mezzo midpoint,0.6,open,E4,-0.5,inside,0,-12,none,not assessed,short,repeated,0,no,4,middle,no,yes,no,
Kabalevsky T04,14,22,2,E4,64,ʌ,derived from Bozeman tenor-mezzo,0.6,open,E4,-0.5,inside,0,-12,none,not assessed,short,repeated,0,no,4,middle,no,yes,no,
Kabalevsky T04,14,22,2.5,G4,67,u,Bozeman tenor-mezzo midpoint,0.6,crossing,G3,12.5,inside,3,-9,none,not assessed,short,leap-up,3,no,4,middle,yes,no,no,highest of phrase; crossing
Kabalevsky T04,14,22,3,E4,64,o,Bozeman tenor-mezzo midpoint,2.4,close,C#4,3.5,inside,0,-12,none,not assessed,short,leap-down,-3,no,4,last,no,yes,no,
Kabalevsky T04,14,23,1.5,E4,64,i,Bozeman tenor-mezzo midpoint,0.6,crossing,E3,11.5,inside,0,-12,none,not assessed,short,repeated,0,yes,5,first,no,yes,yes,crossing
Kabalevsky T04,14,23,2,E4,64,u,Bozeman tenor-mezzo midpoint,0.6,close,G3,9.5,inside,0,-12,none,not assessed,short,repeated,0,no,5,middle,no,yes,no,
Kabalevsky T04,14,23,2.5,E4,64,ɑ,Bozeman tenor-mezzo midpoint,0.6,open,E4,-0.5,inside,0,-12,none,not assessed,short,repeated,0,no,5,middle,no,yes,no,
Kabalevsky T04,14,23,3,F4,65,ɑ,Bozeman tenor-mezzo midpoint,1.2,close,E4,0.5,inside,1,-11,none,not assessed,short,step,1,no,5,middle,no,yes,yes,turning pitch 0 to 2 st below
Kabalevsky T04,14,23,4,E4,64,u,Bozeman tenor-mezzo midpoint,1.2,close,G3,9.5,inside,0,-12,none,not assessed,short,step,-1,no,5,middle,no,yes,no,
Kabalevsky T04,14,24,1,G#4,68,o,Bozeman tenor-mezzo midpoint,0.6,close,C#4,7.5,inside,4,-8,none,not assessed,short,leap-up,4,no,5,middle,no,no,no,
Kabalevsky T04,14,24,1.5,E4,64,ɑ,Bozeman tenor-mezzo midpoint,0.6,open,E4,-0.5,inside,0,-12,none,not assessed,short,leap-down,-4,no,5,middle,no,yes,no,
Kabalevsky T04,14,24,2,E4,64,e,Bozeman tenor-mezzo midpoint,0.6,close,D4,2.5,inside,0,-12,none,not assessed,short,repeated,0,no,5,middle,no,yes,no,
Kabalevsky T04,14,24,2.5,E4,64,ɪ,derived from Bozeman tenor-mezzo,0.6,close,D4,1.96,inside,0,-12,none,not assessed,short,repeated,0,no,5,middle,no,yes,yes,turning pitch 0 to 2 st below
Kabalevsky T04,14,24,3,C5,72,ɑ,Bozeman tenor-mezzo midpoint,1.2,close,E4,7.5,inside,8,-4,none,not assessed,short,leap-up,8,no,5,middle,yes,no,no,highest of phrase
Kabalevsky T04,14,24,4,A4,69,ʌ,derived from Bozeman tenor-mezzo,0.6,close,E4,4.5,inside,5,-7,none,not assessed,short,leap-down,-3,no,5,last,no,no,no,
Kabalevsky T04,14,24,4.5,A4,69,i,Bozeman tenor-mezzo midpoint,0.6,above,E3,16.5,inside,5,-7,none,not assessed,short,repeated,0,no,6,first,no,no,no,
Kabalevsky T04,14,25,1,A4,69,o,Bozeman tenor-mezzo midpoint,1.8,close,C#4,8.5,inside,5,-7,none,not assessed,short,repeated,0,no,6,middle,no,no,no,
Kabalevsky T04,14,25,2.5,B4,71,ɑ,Bozeman tenor-mezzo midpoint,0.6,close,E4,6.5,inside,7,-5,none,not assessed,short,step,2,no,6,middle,no,no,no,
Kabalevsky T04,14,25,3,C5,72,u,Bozeman tenor-mezzo midpoint,0.6,above,G3,17.5,inside,8,-4,none,not assessed,short,step,1,no,6,middle,no,no,no,
Kabalevsky T04,14,25,3.5,A4,69,ɑ,Bozeman tenor-mezzo midpoint,0.6,close,E4,4.5,inside,5,-7,none,not assessed,short,leap-down,-3,no,6,middle,no,no,no,
Kabalevsky T04,14,25,4,A4,69,ɑ,Bozeman tenor-mezzo midpoint,0.6,close,E4,4.5,inside,5,-7,none,not assessed,short,repeated,0,no,6,middle,no,no,no,
Kabalevsky T04,14,25,4.5,A4,69,o,Bozeman tenor-mezzo midpoint,0.6,close,C#4,8.5,inside,5,-7,none,not assessed,short,repeated,0,no,6,middle,no,no,no,
Kabalevsky T04,14,26,1,D5,74,ʌ,derived from Bozeman tenor-mezzo,1.8,close,E4,9.5,inside,10,-2,none,not assessed,short,leap-up,5,no,6,middle,no,no,no,
Kabalevsky T04,14,26,2.5,B4,71,ɨ,derived from Bozeman tenor-mezzo,0.6,above,A#3,13.11,inside,7,-5,none,not assessed,short,leap-down,-3,no,6,middle,no,no,no,
Kabalevsky T04,14,26,3,C5,72,o,Bozeman tenor-mezzo midpoint,1.8,close,C#4,11.5,inside,8,-4,none,not assessed,short,step,1,no,6,middle,no,no,no,
Kabalevsky T04,14,26,4.5,A4,69,ɑ,Bozeman tenor-mezzo midpoint,0.6,close,E4,4.5,inside,5,-7,none,not assessed,short,leap-down,-3,no,6,middle,no,no,no,
Kabalevsky T04,14,27,1,G#4,68,ʌ,derived from Bozeman tenor-mezzo,0.6,close,E4,3.5,inside,4,-8,none,not assessed,short,step,-1,no,6,middle,no,no,no,
Kabalevsky T04,14,27,1.5,E4,64,ɑ,Bozeman tenor-mezzo midpoint,0.6,open,E4,-0.5,inside,0,-12,none,not assessed,short,leap-down,-4,no,6,middle,no,yes,no,
Kabalevsky T04,14,27,2,G#4,68,o,Bozeman tenor-mezzo midpoint,0.6,close,C#4,7.5,inside,4,-8,none,not assessed,short,leap-up,4,no,6,middle,no,no,no,
Kabalevsky T04,14,27,2.5,B4,71,ɑ,Bozeman tenor-mezzo midpoint,0.6,close,E4,6.5,inside,7,-5,none,not assessed,short,leap-up,3,no,6,middle,no,no,no,
Kabalevsky T04,14,27,3,A4,69,i,Bozeman tenor-mezzo midpoint,0.6,above,E3,16.5,inside,5,-7,none,not assessed,short,step,-2,no,6,middle,no,no,no,
Kabalevsky T04,14,27,3.5,B4,71,u,Bozeman tenor-mezzo midpoint,0.6,above,G3,16.5,inside,7,-5,none,not assessed,short,step,2,no,6,middle,no,no,no,
Kabalevsky T04,14,27,4,C5,72,ɛ,Bozeman tenor-mezzo midpoint,0.6,close,D#4,9.5,inside,8,-4,none,not assessed,short,step,1,no,6,middle,no,no,no,
Kabalevsky T04,14,27,4.5,D5,74,ɑ,Bozeman tenor-mezzo midpoint,0.6,close,E4,9.5,inside,10,-2,none,not assessed,short,step,2,no,6,middle,no,no,no,
Kabalevsky T04,14,28,1,E5,76,ɑ,Bozeman tenor-mezzo midpoint,3.6,crossing,E4,11.5,inside,12,0,none,not assessed,held,step,2,no,6,middle,yes,yes,yes,held; highest of phrase; crossing
Kabalevsky T04,14,28,4,C#5,73,ɨ,derived from Bozeman tenor-mezzo,1.2,above,A#3,15.11,inside,9,-3,none,not assessed,short,leap-down,-3,no,6,last,no,no,no,
Kabalevsky T04,14,33,4.5,A4,69,o,Bozeman tenor-mezzo midpoint,0.6,close,C#4,8.5,inside,5,-7,none,not assessed,short,leap-down,-4,yes,7,first,no,no,no,
Kabalevsky T04,14,34,1,D5,74,o,Bozeman tenor-mezzo midpoint,0.9,above,C#4,13.5,inside,10,-2,none,not assessed,short,leap-up,5,no,7,middle,no,no,no,
Kabalevsky T04,14,34,1.75,A4,69,ʌ,derived from Bozeman tenor-mezzo,0.3,close,E4,4.5,inside,5,-7,none,not assessed,short,leap-down,-5,no,7,middle,no,no,no,
Kabalevsky T04,14,34,2,A4,69,ɪ,derived from Bozeman tenor-mezzo,0.6,close,D4,6.96,inside,5,-7,none,not assessed,short,repeated,0,no,7,middle,no,no,no,
Kabalevsky T04,14,34,2.5,D5,74,ɑ,Bozeman tenor-mezzo midpoint,0.6,close,E4,9.5,inside,10,-2,none,not assessed,short,leap-up,5,no,7,middle,no,no,no,
Kabalevsky T04,14,34,3,C#5,73,ʌ,derived from Bozeman tenor-mezzo,0.6,close,E4,8.5,inside,9,-3,none,not assessed,short,step,-1,no,7,middle,no,no,no,
Kabalevsky T04,14,34,3.5,D5,74,ɑ,Bozeman tenor-mezzo midpoint,0.6,close,E4,9.5,inside,10,-2,none,not assessed,short,step,1,no,7,middle,no,no,no,
Kabalevsky T04,14,34,4,E5,76,u,Bozeman tenor-mezzo midpoint,0.6,above,G3,21.5,inside,12,0,none,not assessed,short,step,2,no,7,middle,no,yes,no,
Kabalevsky T04,14,34,4.5,C#5,73,i,Bozeman tenor-mezzo midpoint,0.6,above,E3,20.5,inside,9,-3,none,not assessed,short,leap-down,-3,no,7,middle,no,no,no,
Kabalevsky T04,14,35,1,B4,71,ɛ,Bozeman tenor-mezzo midpoint,1.8,close,D#4,8.5,inside,7,-5,none,not assessed,short,step,-2,no,7,middle,no,no,no,
Kabalevsky T04,14,35,2.5,B4,71,i,Bozeman tenor-mezzo midpoint,0.6,above,E3,18.5,inside,7,-5,none,not assessed,short,repeated,0,no,7,middle,no,no,no,
Kabalevsky T04,14,36,1,F#5,78,o,Bozeman tenor-mezzo midpoint,2.4,above,C#4,17.5,above secondo,14,2,none,not assessed,short,leap-up,7,no,7,middle,yes,no,no,highest of phrase
Kabalevsky T04,14,36,3,E5,76,o,Bozeman tenor-mezzo midpoint,0.6,above,C#4,15.5,inside,12,0,none,not assessed,short,step,-2,no,7,middle,no,yes,no,
Kabalevsky T04,14,36,3.5,D5,74,ɑ,Bozeman tenor-mezzo midpoint,0.6,close,E4,9.5,inside,10,-2,none,not assessed,short,step,-2,no,7,middle,no,no,no,
Kabalevsky T04,14,36,4,C#5,73,o,Bozeman tenor-mezzo midpoint,0.6,crossing,C#4,12.5,inside,9,-3,none,not assessed,short,step,-1,no,7,middle,no,no,no,crossing
Kabalevsky T04,14,36,4.5,B4,71,ɑ,Bozeman tenor-mezzo midpoint,0.6,close,E4,6.5,inside,7,-5,none,not assessed,short,step,-2,no,7,middle,no,no,no,
Kabalevsky T04,14,37,1,A4,69,i,Bozeman tenor-mezzo midpoint,1.8,above,E3,16.5,inside,5,-7,none,not assessed,short,step,-2,no,7,middle,no,no,no,
Kabalevsky T04,14,37,2.5,B4,71,ɑ,Bozeman tenor-mezzo midpoint,0.6,close,E4,6.5,inside,7,-5,none,not assessed,short,step,2,no,7,middle,no,no,no,
Kabalevsky T04,14,37,3,A4,69,e,Bozeman tenor-mezzo midpoint,1.2,close,D4,7.5,inside,5,-7,none,not assessed,short,step,-2,no,7,middle,no,no,no,
Kabalevsky T04,14,37,4,E5,76,u,Bozeman tenor-mezzo midpoint,1.2,above,G3,21.5,inside,12,0,none,not assessed,short,leap-up,7,no,7,middle,no,yes,no,
Kabalevsky T04,14,38,1,D5,74,ɛ,Bozeman tenor-mezzo midpoint,4.8,close,D#4,11.5,inside,10,-2,none,not assessed,held,step,-2,no,7,middle,no,no,no,held
Kabalevsky T04,14,39,1,D5,74,ɛ,Bozeman tenor-mezzo midpoint,2.4,close,D#4,11.5,inside,10,-2,none,not assessed,held,tie,0,no,7,middle,no,no,no,held
Kabalevsky T04,14,39,3,D5,74,ɛ,Bozeman tenor-mezzo midpoint,1.2,close,D#4,11.5,inside,10,-2,none,not assessed,held,tie,0,no,7,last,no,no,no,held
Kabalevsky T05,13,9,1,C5,72,o,Bozeman tenor-mezzo midpoint,0.625,close,C#4,11.5,inside,8,-4,none,not assessed,short,first note,,,0,first,yes,no,no,highest of phrase
Kabalevsky T05,13,9,2,A#4,70,u,Bozeman tenor-mezzo midpoint,0.313,above,G3,15.5,inside,6,-6,none,not assessed,short,step,-2,no,0,middle,no,no,no,
Kabalevsky T05,13,9,2.5,G#4,68,i,Bozeman tenor-mezzo midpoint,0.313,above,E3,15.5,inside,4,-8,none,not assessed,short,step,-2,no,0,middle,no,no,no,
Kabalevsky T05,13,10,1,G4,67,o,Bozeman tenor-mezzo midpoint,0.938,close,C#4,6.5,inside,3,-9,none,not assessed,short,step,-1,no,0,middle,no,no,no,
Kabalevsky T05,13,10,2.5,F4,65,ɪ,derived from Bozeman tenor-mezzo,0.313,close,D4,2.96,inside,1,-11,none,not assessed,short,step,-2,no,0,middle,no,yes,no,
Kabalevsky T05,13,11,1,E4,64,ɑ,Bozeman tenor-mezzo midpoint,0.313,open,E4,-0.5,inside,0,-12,none,not assessed,short,step,-1,no,0,middle,no,yes,no,
Kabalevsky T05,13,11,1.5,C4,60,i,Bozeman tenor-mezzo midpoint,0.313,close,E3,7.5,below primo,-4,-16,none,not assessed,short,leap-down,-4,no,0,middle,no,no,no,
Kabalevsky T05,13,11,2,G#4,68,ɨ,derived from Bozeman tenor-mezzo,0.313,close,A#3,10.11,inside,4,-8,none,not assessed,short,leap-up,8,no,0,middle,no,no,no,
Kabalevsky T05,13,11,2.5,G4,67,ɪ,derived from Bozeman tenor-mezzo,0.313,close,D4,4.96,inside,3,-9,none,not assessed,short,step,-1,no,0,middle,no,no,no,
Kabalevsky T05,13,12,1,F4,65,o,Bozeman tenor-mezzo midpoint,1.25,close,C#4,4.5,inside,1,-11,none,not assessed,short,step,-2,no,0,middle,no,yes,no,
Kabalevsky T05,13,13,1,F4,65,o,Bozeman tenor-mezzo midpoint,0.313,close,C#4,4.5,inside,1,-11,none,not assessed,short,tie,0,no,0,middle,no,yes,no,
Kabalevsky T05,13,13,1.5,F4,65,ɑ,Bozeman tenor-mezzo midpoint,0.313,close,E4,0.5,inside,1,-11,none,not assessed,short,repeated,0,no,0,middle,no,yes,yes,turning pitch 0 to 2 st below
Kabalevsky T05,13,13,2,G4,67,i,Bozeman tenor-mezzo midpoint,0.313,above,E3,14.5,inside,3,-9,none,not assessed,short,step,2,no,0,middle,no,no,no,
Kabalevsky T05,13,13,2.5,G#4,68,ɑ,Bozeman tenor-mezzo midpoint,0.313,close,E4,3.5,inside,4,-8,none,not assessed,short,step,1,no,0,middle,no,no,no,
Kabalevsky T05,13,14,1,A#4,70,u,Bozeman tenor-mezzo midpoint,0.313,above,G3,15.5,inside,6,-6,none,not assessed,short,step,2,no,0,middle,no,no,no,
Kabalevsky T05,13,14,1.5,A#4,70,ɑ,Bozeman tenor-mezzo midpoint,0.313,close,E4,5.5,inside,6,-6,none,not assessed,short,repeated,0,no,0,middle,no,no,no,
Kabalevsky T05,13,14,2,A#4,70,ɑ,Bozeman tenor-mezzo midpoint,0.625,close,E4,5.5,inside,6,-6,none,not assessed,short,repeated,0,no,0,middle,no,no,no,
Kabalevsky T05,13,15,1,A#4,70,ɑ,Bozeman tenor-mezzo midpoint,0.313,close,E4,5.5,inside,6,-6,none,not assessed,short,tie,0,no,0,middle,no,no,no,
Kabalevsky T05,13,15,1.5,G4,67,u,Bozeman tenor-mezzo midpoint,0.313,crossing,G3,12.5,inside,3,-9,none,not assessed,short,leap-down,-3,no,0,middle,no,no,no,crossing
Kabalevsky T05,13,15,2,G#4,68,u,Bozeman tenor-mezzo midpoint,0.313,above,G3,13.5,inside,4,-8,none,not assessed,short,step,1,no,0,middle,no,no,no,
Kabalevsky T05,13,15,2.5,A#4,70,i,Bozeman tenor-mezzo midpoint,0.313,above,E3,17.5,inside,6,-6,none,not assessed,short,step,2,no,0,middle,no,no,no,
Kabalevsky T05,13,16,1,C5,72,o,Bozeman tenor-mezzo midpoint,0.625,close,C#4,11.5,inside,8,-4,none,not assessed,short,step,2,no,0,middle,yes,no,no,highest of phrase
Kabalevsky T05,13,16,2,C5,72,ɑ,Bozeman tenor-mezzo midpoint,0.313,close,E4,7.5,inside,8,-4,none,not assessed,short,repeated,0,no,0,last,yes,no,no,highest of phrase
Kabalevsky T05,13,16,2.5,C5,72,ɪ,derived from Bozeman tenor-mezzo,0.313,close,D4,9.96,inside,8,-4,none,not assessed,short,repeated,0,no,1,first,no,no,no,
Kabalevsky T05,13,17,1,A#4,70,ɑ,Bozeman tenor-mezzo midpoint,0.313,close,E4,5.5,inside,6,-6,none,not assessed,short,step,-2,no,1,middle,no,no,no,
Kabalevsky T05,13,17,1.5,C5,72,ɑ,Bozeman tenor-mezzo midpoint,0.313,close,E4,7.5,inside,8,-4,none,not assessed,short,step,2,no,1,middle,no,no,no,
Kabalevsky T05,13,17,2,C#5,73,a,derived from Bozeman tenor-mezzo,0.313,close,G4,6.08,inside,9,-3,none,not assessed,short,step,1,no,1,middle,yes,no,no,highest of phrase
Kabalevsky T05,13,17,2.5,A#4,70,i,Bozeman tenor-mezzo midpoint,0.313,above,E3,17.5,inside,6,-6,none,not assessed,short,leap-down,-3,no,1,middle,no,no,no,
Kabalevsky T05,13,18,1,C5,72,ɑ,Bozeman tenor-mezzo midpoint,0.313,close,E4,7.5,inside,8,-4,none,not assessed,short,step,2,no,1,middle,no,no,no,
Kabalevsky T05,13,18,1.5,F4,65,ɪ,derived from Bozeman tenor-mezzo,0.313,close,D4,2.96,inside,1,-11,none,not assessed,short,leap-down,-7,no,1,middle,no,yes,no,
Kabalevsky T05,13,18,2,G4,67,ʌ,derived from Bozeman tenor-mezzo,0.313,close,E4,2.5,inside,3,-9,none,not assessed,short,step,2,no,1,middle,no,no,no,
Kabalevsky T05,13,18,2.5,G#4,68,ɪ,derived from Bozeman tenor-mezzo,0.313,close,D4,5.96,inside,4,-8,none,not assessed,short,step,1,no,1,middle,no,no,no,
Kabalevsky T05,13,19,1,A#4,70,o,Bozeman tenor-mezzo midpoint,1.25,close,C#4,9.5,inside,6,-6,none,not assessed,short,step,2,no,1,middle,no,no,no,
Kabalevsky T05,13,20,1,A#4,70,o,Bozeman tenor-mezzo midpoint,0.313,close,C#4,9.5,inside,6,-6,none,not assessed,short,tie,0,no,1,middle,no,no,no,
Kabalevsky T05,13,20,1.5,G4,67,i,Bozeman tenor-mezzo midpoint,0.313,above,E3,14.5,inside,3,-9,none,not assessed,short,leap-down,-3,no,1,middle,no,no,no,
Kabalevsky T05,13,20,2,G#4,68,ʌ,derived from Bozeman tenor-mezzo,0.313,close,E4,3.5,inside,4,-8,none,not assessed,short,step,1,no,1,middle,no,no,no,
Kabalevsky T05,13,20,2.5,A#4,70,u,Bozeman tenor-mezzo midpoint,0.313,above,G3,15.5,inside,6,-6,none,not assessed,short,step,2,no,1,middle,no,no,no,
Kabalevsky T05,13,21,1,G#4,68,i,Bozeman tenor-mezzo midpoint,0.313,above,E3,15.5,inside,4,-8,none,not assessed,short,step,-2,no,1,middle,no,no,no,
Kabalevsky T05,13,21,1.5,G4,67,ɑ,Bozeman tenor-mezzo midpoint,0.313,close,E4,2.5,inside,3,-9,none,not assessed,short,step,-1,no,1,middle,no,no,no,
Kabalevsky T05,13,21,2,G#4,68,u,Bozeman tenor-mezzo midpoint,0.313,above,G3,13.5,inside,4,-8,none,not assessed,short,step,1,no,1,middle,no,no,no,
Kabalevsky T05,13,21,2.5,F4,65,i,Bozeman tenor-mezzo midpoint,0.313,above,E3,12.5,inside,1,-11,none,not assessed,short,leap-down,-3,no,1,middle,no,yes,no,
Kabalevsky T05,13,22,1,E4,64,o,Bozeman tenor-mezzo midpoint,0.313,close,C#4,3.5,inside,0,-12,none,not assessed,short,step,-1,no,1,middle,no,yes,no,
Kabalevsky T05,13,22,1.5,C4,60,o,Bozeman tenor-mezzo midpoint,0.313,open,C#4,-0.5,below primo,-4,-16,none,not assessed,short,leap-down,-4,no,1,middle,no,no,no,
Kabalevsky T05,13,22,2,G#4,68,o,Bozeman tenor-mezzo midpoint,0.313,close,C#4,7.5,inside,4,-8,none,not assessed,short,leap-up,8,no,1,middle,no,no,no,
Kabalevsky T05,13,22,2.5,G4,67,u,Bozeman tenor-mezzo midpoint,0.313,crossing,G3,12.5,inside,3,-9,none,not assessed,short,step,-1,no,1,middle,no,no,no,crossing
Kabalevsky T05,13,23,1,F4,65,o,Bozeman tenor-mezzo midpoint,0.938,close,C#4,4.5,inside,1,-11,none,not assessed,short,step,-2,no,1,middle,no,yes,no,
Kabalevsky T05,13,23,2.5,F4,65,ɨ,derived from Bozeman tenor-mezzo,0.313,close,A#3,7.11,inside,1,-11,none,not assessed,short,repeated,0,no,1,last,no,yes,no,
Kabalevsky T05,13,28,2.5,F4,65,ɑ,Bozeman tenor-mezzo midpoint,0.313,close,E4,0.5,inside,1,-11,none,not assessed,short,repeated,0,yes,2,first,no,yes,yes,turning pitch 0 to 2 st below
Kabalevsky T05,13,29,1,G4,67,o,Bozeman tenor-mezzo midpoint,0.938,close,C#4,6.5,inside,3,-9,none,not assessed,short,step,2,no,2,middle,no,no,no,
Kabalevsky T05,13,29,2.5,F4,65,ɑ,Bozeman tenor-mezzo midpoint,0.313,close,E4,0.5,inside,1,-11,none,not assessed,short,step,-2,no,2,middle,no,yes,yes,turning pitch 0 to 2 st below
Kabalevsky T05,13,30,1,G#4,68,ɑ,Bozeman tenor-mezzo midpoint,1.25,close,E4,3.5,inside,4,-8,none,not assessed,short,leap-up,3,no,2,middle,no,no,no,
Kabalevsky T05,13,31,1,G#4,68,ɑ,Bozeman tenor-mezzo midpoint,0.313,close,E4,3.5,inside,4,-8,none,not assessed,short,tie,0,no,2,middle,no,no,no,
Kabalevsky T05,13,31,1.5,F4,65,ɑ,Bozeman tenor-mezzo midpoint,0.313,close,E4,0.5,inside,1,-11,none,not assessed,short,leap-down,-3,no,2,middle,no,yes,yes,turning pitch 0 to 2 st below
Kabalevsky T05,13,31,2,G4,67,u,Bozeman tenor-mezzo midpoint,0.313,crossing,G3,12.5,inside,3,-9,none,not assessed,short,step,2,no,2,middle,no,no,no,crossing
Kabalevsky T05,13,31,2.5,G#4,68,i,Bozeman tenor-mezzo midpoint,0.313,above,E3,15.5,inside,4,-8,none,not assessed,short,step,1,no,2,middle,no,no,no,
Kabalevsky T05,13,32,1,A4,69,ɛ,Bozeman tenor-mezzo midpoint,0.938,close,D#4,6.5,inside,5,-7,none,not assessed,short,step,1,no,2,middle,no,no,no,
Kabalevsky T05,13,32,2.5,C5,72,ɑ,Bozeman tenor-mezzo midpoint,0.313,close,E4,7.5,inside,8,-4,none,not assessed,short,leap-up,3,no,2,middle,no,no,no,
Kabalevsky T05,13,33,1,C5,72,ɑ,Bozeman tenor-mezzo midpoint,0.938,close,E4,7.5,inside,8,-4,none,not assessed,short,repeated,0,no,2,middle,no,no,no,
Kabalevsky T05,13,33,2.5,F4,65,ɑ,Bozeman tenor-mezzo midpoint,0.313,close,E4,0.5,inside,1,-11,none,not assessed,short,leap-down,-7,no,2,middle,no,yes,yes,turning pitch 0 to 2 st below
Kabalevsky T05,13,34,1,C#5,73,ɛ,Bozeman tenor-mezzo midpoint,0.625,close,D#4,10.5,inside,9,-3,none,not assessed,short,leap-up,8,no,2,middle,yes,no,no,highest of phrase
Kabalevsky T05,13,34,2,A#4,70,ɑ,Bozeman tenor-mezzo midpoint,0.625,close,E4,5.5,inside,6,-6,none,not assessed,short,leap-down,-3,no,2,last,no,no,no,
Kabalevsky T05,13,35,2,C5,72,ɑ,Bozeman tenor-mezzo midpoint,0.313,close,E4,7.5,inside,8,-4,none,not assessed,short,step,2,yes,3,first,no,no,no,
Kabalevsky T05,13,35,2.5,A#4,70,u,Bozeman tenor-mezzo midpoint,0.313,above,G3,15.5,inside,6,-6,none,not assessed,short,step,-2,no,3,middle,no,no,no,
Kabalevsky T05,13,36,1,C#5,73,i,Bozeman tenor-mezzo midpoint,0.938,above,E3,20.5,inside,9,-3,none,not assessed,short,leap-up,3,no,3,middle,yes,no,no,highest of phrase
Kabalevsky T05,13,36,2.5,A#4,70,ɑ,Bozeman tenor-mezzo midpoint,0.313,close,E4,5.5,inside,6,-6,none,not assessed,short,leap-down,-3,no,3,last,no,no,no,
Kabalevsky T05,13,37,2,C5,72,ʌ,derived from Bozeman tenor-mezzo,0.313,close,E4,7.5,inside,8,-4,none,not assessed,short,step,2,yes,4,first,no,no,no,
Kabalevsky T05,13,37,2.5,A#4,70,i,Bozeman tenor-mezzo midpoint,0.313,above,E3,17.5,inside,6,-6,none,not assessed,short,step,-2,no,4,middle,no,no,no,
Kabalevsky T05,13,38,1,D5,74,ɛ,Bozeman tenor-mezzo midpoint,1.25,close,D#4,11.5,inside,10,-2,none,not assessed,short,leap-up,4,no,4,middle,yes,no,no,highest of phrase
Kabalevsky T05,13,39,1,A#4,70,ɑ,Bozeman tenor-mezzo midpoint,0.938,close,E4,5.5,inside,6,-6,none,not assessed,short,leap-down,-4,no,4,last,no,no,no,
Kabalevsky T05,13,39,2.5,A#4,70,i,Bozeman tenor-mezzo midpoint,0.313,above,E3,17.5,inside,6,-6,none,not assessed,short,repeated,0,no,5,first,no,no,no,
Kabalevsky T05,13,40,1,D#5,75,o,Bozeman tenor-mezzo midpoint,1.25,above,C#4,14.5,inside,11,-1,none,not assessed,short,leap-up,5,no,5,middle,yes,yes,yes,highest of phrase
Kabalevsky T05,13,41,1,D#5,75,o,Bozeman tenor-mezzo midpoint,0.625,above,C#4,14.5,inside,11,-1,none,not assessed,short,tie,0,no,5,middle,yes,yes,yes,highest of phrase
Kabalevsky T05,13,41,2,A#4,70,ɑ,Bozeman tenor-mezzo midpoint,0.625,close,E4,5.5,inside,6,-6,none,not assessed,short,leap-down,-5,no,5,middle,no,no,no,
Kabalevsky T05,13,42,1,C#5,73,ɨ,derived from Bozeman tenor-mezzo,0.938,above,A#3,15.11,inside,9,-3,none,not assessed,short,leap-up,3,no,5,middle,no,no,no,
Kabalevsky T05,13,42,2.5,C5,72,ɪ,derived from Bozeman tenor-mezzo,0.313,close,D4,9.96,inside,8,-4,none,not assessed,short,step,-1,no,5,middle,no,no,no,
Kabalevsky T05,13,43,1,A#4,70,o,Bozeman tenor-mezzo midpoint,0.313,close,C#4,9.5,inside,6,-6,none,not assessed,short,step,-2,no,5,middle,no,no,no,
Kabalevsky T05,13,43,1.5,A4,69,ɑ,Bozeman tenor-mezzo midpoint,0.313,close,E4,4.5,inside,5,-7,none,not assessed,short,step,-1,no,5,middle,no,no,no,
Kabalevsky T05,13,43,2,A#4,70,none resolved,not assessed,0.313,not assessed,not assessed,not assessed,inside,6,-6,not assessed,not assessed,short,step,1,no,5,middle,no,no,no,
Kabalevsky T05,13,43,2.5,C5,72,u,Bozeman tenor-mezzo midpoint,0.313,above,G3,17.5,inside,8,-4,none,not assessed,short,step,2,no,5,middle,no,no,no,
Kabalevsky T05,13,44,1,A4,69,ɑ,Bozeman tenor-mezzo midpoint,1.25,close,E4,4.5,inside,5,-7,none,not assessed,short,leap-down,-3,no,5,middle,no,no,no,
Kabalevsky T05,13,45,1,A4,69,ɑ,Bozeman tenor-mezzo midpoint,0.313,close,E4,4.5,inside,5,-7,none,not assessed,short,tie,0,no,5,middle,no,no,no,
Kabalevsky T05,13,45,1.5,F4,65,i,Bozeman tenor-mezzo midpoint,0.313,above,E3,12.5,inside,1,-11,none,not assessed,short,leap-down,-4,no,5,middle,no,yes,no,
Kabalevsky T05,13,45,2,A4,69,i,Bozeman tenor-mezzo midpoint,0.313,above,E3,16.5,inside,5,-7,none,not assessed,short,leap-up,4,no,5,middle,no,no,no,
Kabalevsky T05,13,45,2.5,C5,72,ɑ,Bozeman tenor-mezzo midpoint,0.313,close,E4,7.5,inside,8,-4,none,not assessed,short,leap-up,3,no,5,middle,no,no,no,
Kabalevsky T05,13,46,1,C#5,73,o,Bozeman tenor-mezzo midpoint,0.938,crossing,C#4,12.5,inside,9,-3,none,not assessed,short,step,1,no,5,middle,no,no,no,crossing
Kabalevsky T05,13,46,2.5,C5,72,u,Bozeman tenor-mezzo midpoint,0.313,above,G3,17.5,inside,8,-4,none,not assessed,short,step,-1,no,5,middle,no,no,no,
Kabalevsky T05,13,47,1,A#4,70,ɛ,Bozeman tenor-mezzo midpoint,0.313,close,D#4,7.5,inside,6,-6,none,not assessed,short,step,-2,no,5,middle,no,no,no,
Kabalevsky T05,13,47,1.5,C5,72,ʌ,derived from Bozeman tenor-mezzo,0.313,close,E4,7.5,inside,8,-4,none,not assessed,short,step,2,no,5,middle,no,no,no,
Kabalevsky T05,13,47,2,C#5,73,ʌ,derived from Bozeman tenor-mezzo,0.313,close,E4,8.5,inside,9,-3,none,not assessed,short,step,1,no,5,middle,no,no,no,
Kabalevsky T05,13,47,2.5,A#4,70,ɪ,derived from Bozeman tenor-mezzo,0.313,close,D4,7.96,inside,6,-6,none,not assessed,short,leap-down,-3,no,5,middle,no,no,no,
Kabalevsky T05,13,48,1,C5,72,ɛ,Bozeman tenor-mezzo midpoint,1.25,close,D#4,9.5,inside,8,-4,none,not assessed,short,step,2,no,5,middle,no,no,no,
Kabalevsky T05,13,49,1,C5,72,ʌ,derived from Bozeman tenor-mezzo,0.625,close,E4,7.5,inside,8,-4,none,not assessed,short,repeated,0,no,5,last,no,no,no,
Kabalevsky T05,13,57,1.5,C5,72,ɑ,Bozeman tenor-mezzo midpoint,0.313,close,E4,7.5,inside,8,-4,none,not assessed,short,repeated,0,yes,6,first,yes,no,no,highest of phrase
Kabalevsky T05,13,57,2,A#4,70,ɛ,Bozeman tenor-mezzo midpoint,0.313,close,D#4,7.5,inside,6,-6,none,not assessed,short,step,-2,no,6,middle,no,no,no,
Kabalevsky T05,13,57,2.5,G#4,68,u,Bozeman tenor-mezzo midpoint,0.313,above,G3,13.5,inside,4,-8,none,not assessed,short,step,-2,no,6,middle,no,no,no,
Kabalevsky T05,13,58,1,G4,67,ɛ,Bozeman tenor-mezzo midpoint,0.938,close,D#4,4.5,inside,3,-9,none,not assessed,short,step,-1,no,6,middle,no,no,no,
Kabalevsky T05,13,58,2.5,F4,65,u,Bozeman tenor-mezzo midpoint,0.313,close,G3,10.5,inside,1,-11,none,not assessed,short,step,-2,no,6,middle,no,yes,no,
Kabalevsky T05,13,59,1,E4,64,i,Bozeman tenor-mezzo midpoint,0.313,crossing,E3,11.5,inside,0,-12,none,not assessed,short,step,-1,no,6,middle,no,yes,yes,crossing
Kabalevsky T05,13,59,1.5,C4,60,u,Bozeman tenor-mezzo midpoint,0.313,close,G3,5.5,below primo,-4,-16,none,not assessed,short,leap-down,-4,no,6,middle,no,no,no,
Kabalevsky T05,13,59,2,G#4,68,ɑ,Bozeman tenor-mezzo midpoint,0.313,close,E4,3.5,inside,4,-8,none,not assessed,short,leap-up,8,no,6,middle,no,no,no,
Kabalevsky T05,13,59,2.5,G4,67,ɨ,derived from Bozeman tenor-mezzo,0.313,close,A#3,9.11,inside,3,-9,none,not assessed,short,step,-1,no,6,middle,no,no,no,
Kabalevsky T05,13,60,1,F4,65,o,Bozeman tenor-mezzo midpoint,1.25,close,C#4,4.5,inside,1,-11,none,not assessed,short,step,-2,no,6,middle,no,yes,no,
Kabalevsky T05,13,61,1,F4,65,o,Bozeman tenor-mezzo midpoint,0.313,close,C#4,4.5,inside,1,-11,none,not assessed,short,tie,0,no,6,middle,no,yes,no,
Kabalevsky T05,13,61,1.5,F4,65,ɑ,Bozeman tenor-mezzo midpoint,0.313,close,E4,0.5,inside,1,-11,none,not assessed,short,repeated,0,no,6,middle,no,yes,yes,turning pitch 0 to 2 st below
Kabalevsky T05,13,61,2,G4,67,ɨ,derived from Bozeman tenor-mezzo,0.313,close,A#3,9.11,inside,3,-9,none,not assessed,short,step,2,no,6,middle,no,no,no,
Kabalevsky T05,13,61,2.5,G#4,68,ɑ,Bozeman tenor-mezzo midpoint,0.313,close,E4,3.5,inside,4,-8,none,not assessed,short,step,1,no,6,middle,no,no,no,
Kabalevsky T05,13,62,1,A#4,70,o,Bozeman tenor-mezzo midpoint,0.938,close,C#4,9.5,inside,6,-6,none,not assessed,short,step,2,no,6,middle,no,no,no,
Kabalevsky T05,13,62,2.5,A#4,70,i,Bozeman tenor-mezzo midpoint,0.313,above,E3,17.5,inside,6,-6,none,not assessed,short,repeated,0,no,6,middle,no,no,no,
Kabalevsky T05,13,63,1,A#4,70,ɑ,Bozeman tenor-mezzo midpoint,0.313,close,E4,5.5,inside,6,-6,none,not assessed,short,repeated,0,no,6,middle,no,no,no,
Kabalevsky T05,13,63,1.5,G4,67,ɑ,Bozeman tenor-mezzo midpoint,0.313,close,E4,2.5,inside,3,-9,none,not assessed,short,leap-down,-3,no,6,middle,no,no,no,
Kabalevsky T05,13,63,2,G#4,68,e,Bozeman tenor-mezzo midpoint,0.313,close,D4,6.5,inside,4,-8,none,not assessed,short,step,1,no,6,middle,no,no,no,
Kabalevsky T05,13,63,2.5,A#4,70,ɑ,Bozeman tenor-mezzo midpoint,0.313,close,E4,5.5,inside,6,-6,none,not assessed,short,step,2,no,6,middle,no,no,no,
Kabalevsky T05,13,64,1,C5,72,u,Bozeman tenor-mezzo midpoint,0.625,above,G3,17.5,inside,8,-4,none,not assessed,short,step,2,no,6,middle,yes,no,no,highest of phrase
Kabalevsky T05,13,64,2,C5,72,i,Bozeman tenor-mezzo midpoint,0.313,above,E3,19.5,inside,8,-4,none,not assessed,short,repeated,0,no,6,last,yes,no,no,highest of phrase
Kabalevsky T05,13,64,2.5,C5,72,i,Bozeman tenor-mezzo midpoint,0.313,above,E3,19.5,inside,8,-4,none,not assessed,short,repeated,0,no,7,first,no,no,no,
Kabalevsky T05,13,65,1,A#4,70,ɛ,Bozeman tenor-mezzo midpoint,0.313,close,D#4,7.5,inside,6,-6,none,not assessed,short,step,-2,no,7,middle,no,no,no,
Kabalevsky T05,13,65,1.5,C5,72,ɨ,derived from Bozeman tenor-mezzo,0.313,above,A#3,14.11,inside,8,-4,none,not assessed,short,step,2,no,7,middle,no,no,no,
Kabalevsky T05,13,65,2,C#5,73,ɛ,Bozeman tenor-mezzo midpoint,0.313,close,D#4,10.5,inside,9,-3,none,not assessed,short,step,1,no,7,middle,no,no,no,
Kabalevsky T05,13,65,2.5,A#4,70,ɪ,derived from Bozeman tenor-mezzo,0.313,close,D4,7.96,inside,6,-6,none,not assessed,short,leap-down,-3,no,7,middle,no,no,no,
Kabalevsky T05,13,66,1,C5,72,o,Bozeman tenor-mezzo midpoint,0.313,close,C#4,11.5,inside,8,-4,none,not assessed,short,step,2,no,7,middle,no,no,no,
Kabalevsky T05,13,66,1.5,F4,65,ɨ,derived from Bozeman tenor-mezzo,0.313,close,A#3,7.11,inside,1,-11,none,not assessed,short,leap-down,-7,no,7,middle,no,yes,no,
Kabalevsky T05,13,66,2,G4,67,ʌ,derived from Bozeman tenor-mezzo,0.313,close,E4,2.5,inside,3,-9,none,not assessed,short,step,2,no,7,middle,no,no,no,
Kabalevsky T05,13,66,2.5,G#4,68,ɑ,Bozeman tenor-mezzo midpoint,0.313,close,E4,3.5,inside,4,-8,none,not assessed,short,step,1,no,7,middle,no,no,no,
Kabalevsky T05,13,67,1,A#4,70,o,Bozeman tenor-mezzo midpoint,1.25,close,C#4,9.5,inside,6,-6,none,not assessed,held,step,2,no,7,middle,no,no,no,held
Kabalevsky T05,13,68,1,A#4,70,o,Bozeman tenor-mezzo midpoint,1.25,close,C#4,9.5,inside,6,-6,none,not assessed,held,tie,0,no,7,middle,no,no,no,held
Kabalevsky T05,13,69,1,F5,77,o,Bozeman tenor-mezzo midpoint,1.25,above,C#4,16.5,above secondo,13,1,none,not assessed,short,leap-up,7,no,7,middle,yes,yes,yes,highest of phrase
Kabalevsky T05,13,70,1,F5,77,o,Bozeman tenor-mezzo midpoint,0.625,above,C#4,16.5,above secondo,13,1,none,not assessed,short,tie,0,no,7,last,yes,yes,yes,highest of phrase
Kabalevsky T05,13,70,2,C#5,73,ɑ,Bozeman tenor-mezzo midpoint,0.313,close,E4,8.5,inside,9,-3,none,not assessed,short,leap-down,-4,no,8,first,yes,no,no,highest of phrase
Kabalevsky T05,13,70,2.5,A#4,70,ɛ,Bozeman tenor-mezzo midpoint,0.313,close,D#4,7.5,inside,6,-6,none,not assessed,short,leap-down,-3,no,8,middle,no,no,no,
Kabalevsky T05,13,71,1,G4,67,o,Bozeman tenor-mezzo midpoint,0.313,close,C#4,6.5,inside,3,-9,none,not assessed,short,leap-down,-3,no,8,middle,no,no,no,
Kabalevsky T05,13,71,1.5,G4,67,i,Bozeman tenor-mezzo midpoint,0.313,above,E3,14.5,inside,3,-9,none,not assessed,short,repeated,0,no,8,middle,no,no,no,
Kabalevsky T05,13,71,2,G#4,68,ɑ,Bozeman tenor-mezzo midpoint,0.313,close,E4,3.5,inside,4,-8,none,not assessed,short,step,1,no,8,middle,no,no,no,
Kabalevsky T05,13,71,2.5,A#4,70,ɑ,Bozeman tenor-mezzo midpoint,0.313,close,E4,5.5,inside,6,-6,none,not assessed,short,step,2,no,8,middle,no,no,no,
Kabalevsky T05,13,72,1,C5,72,ɑ,Bozeman tenor-mezzo midpoint,0.938,close,E4,7.5,inside,8,-4,none,not assessed,short,step,2,no,8,middle,no,no,no,
Kabalevsky T05,13,72,2.5,C#5,73,ɪ,derived from Bozeman tenor-mezzo,0.313,close,D4,10.96,inside,9,-3,none,not assessed,short,step,1,no,8,middle,yes,no,no,highest of phrase
Kabalevsky T05,13,73,1,C5,72,u,Bozeman tenor-mezzo midpoint,0.938,above,G3,17.5,inside,8,-4,none,not assessed,short,step,-1,no,8,middle,no,no,no,
Kabalevsky T05,13,73,2.5,C5,72,i,Bozeman tenor-mezzo midpoint,0.313,above,E3,19.5,inside,8,-4,none,not assessed,short,repeated,0,no,8,last,no,no,no,
Kabalevsky T05,13,81,1.5,F4,65,o,Bozeman tenor-mezzo midpoint,0.313,close,C#4,4.5,inside,1,-11,none,not assessed,short,leap-down,-7,yes,9,first,no,yes,no,
Kabalevsky T05,13,81,2,F4,65,i,Bozeman tenor-mezzo midpoint,0.313,above,E3,12.5,inside,1,-11,none,not assessed,short,repeated,0,no,9,middle,no,yes,no,
Kabalevsky T05,13,81,2.5,F4,65,ɨ,derived from Bozeman tenor-mezzo,0.313,close,A#3,7.11,inside,1,-11,none,not assessed,short,repeated,0,no,9,middle,no,yes,no,
Kabalevsky T05,13,82,1,G4,67,i,Bozeman tenor-mezzo midpoint,0.938,above,E3,14.5,inside,3,-9,none,not assessed,short,step,2,no,9,middle,no,no,no,
Kabalevsky T05,13,82,2.5,F4,65,i,Bozeman tenor-mezzo midpoint,0.313,above,E3,12.5,inside,1,-11,none,not assessed,short,step,-2,no,9,middle,no,yes,no,
Kabalevsky T05,13,83,1,G#4,68,o,Bozeman tenor-mezzo midpoint,0.313,close,C#4,7.5,inside,4,-8,none,not assessed,short,leap-up,3,no,9,middle,no,no,no,
Kabalevsky T05,13,83,1.5,F4,65,ɨ,derived from Bozeman tenor-mezzo,0.313,close,A#3,7.11,inside,1,-11,none,not assessed,short,leap-down,-3,no,9,middle,no,yes,no,
Kabalevsky T05,13,83,2,G#4,68,ɪ,derived from Bozeman tenor-mezzo,0.313,close,D4,5.96,inside,4,-8,none,not assessed,short,leap-up,3,no,9,middle,no,no,no,
Kabalevsky T05,13,83,2.5,C#5,73,u,Bozeman tenor-mezzo midpoint,0.313,above,G3,18.5,inside,9,-3,none,not assessed,short,leap-up,5,no,9,middle,yes,no,no,highest of phrase
Kabalevsky T05,13,84,1,B4,71,e,Bozeman tenor-mezzo midpoint,1.25,close,D4,9.5,inside,7,-5,none,not assessed,short,step,-2,no,9,middle,no,no,no,
Kabalevsky T05,13,85,1,B4,71,e,Bozeman tenor-mezzo midpoint,0.625,close,D4,9.5,inside,7,-5,none,not assessed,short,tie,0,no,9,middle,no,no,no,
Kabalevsky T05,13,85,2,B4,71,ɑ,Bozeman tenor-mezzo midpoint,0.625,close,E4,6.5,inside,7,-5,none,not assessed,short,repeated,0,no,9,middle,no,no,no,
Kabalevsky T05,13,86,1,C5,72,o,Bozeman tenor-mezzo midpoint,0.625,close,C#4,11.5,inside,8,-4,none,not assessed,short,step,1,no,9,middle,no,no,no,
Kabalevsky T05,13,86,2,F4,65,ɨ,derived from Bozeman tenor-mezzo,0.625,close,A#3,7.11,inside,1,-11,none,not assessed,short,leap-down,-7,no,9,middle,no,yes,no,
Kabalevsky T05,13,87,1,C5,72,ɑ,Bozeman tenor-mezzo midpoint,1.25,close,E4,7.5,inside,8,-4,none,not assessed,short,leap-up,7,no,9,middle,no,no,no,
Kabalevsky T05,13,88,1,A#4,70,ɑ,Bozeman tenor-mezzo midpoint,0.313,close,E4,5.5,inside,6,-6,none,not assessed,short,step,-2,no,9,last,no,no,no,
Kabalevsky T05,13,88,2.5,A#4,70,ɑ,Bozeman tenor-mezzo midpoint,0.313,close,E4,5.5,inside,6,-6,none,not assessed,short,repeated,0,yes,10,first,yes,no,no,highest of phrase
Kabalevsky T05,13,89,1,G#4,68,o,Bozeman tenor-mezzo midpoint,0.313,close,C#4,7.5,inside,4,-8,none,not assessed,short,step,-2,no,10,middle,no,no,no,
Kabalevsky T05,13,89,1.5,C4,60,i,Bozeman tenor-mezzo midpoint,0.313,close,E3,7.5,below primo,-4,-16,none,not assessed,short,leap-down,-8,no,10,middle,no,no,no,
Kabalevsky T05,13,89,2,G#4,68,o,Bozeman tenor-mezzo midpoint,0.313,close,C#4,7.5,inside,4,-8,none,not assessed,short,leap-up,8,no,10,middle,no,no,no,
Kabalevsky T05,13,89,2.5,G4,67,ɑ,Bozeman tenor-mezzo midpoint,0.313,close,E4,2.5,inside,3,-9,none,not assessed,short,step,-1,no,10,middle,no,no,no,
Kabalevsky T05,13,90,1,F4,65,e,Bozeman tenor-mezzo midpoint,0.625,close,D4,3.5,inside,1,-11,none,not assessed,short,step,-2,no,10,middle,no,yes,no,
Kabalevsky T05,13,90,2,F4,65,e,Bozeman tenor-mezzo midpoint,0.313,close,D4,3.5,inside,1,-11,none,not assessed,short,tie,0,no,10,last,no,yes,no,
Kabalevsky T06,13,4,3.5,D4,62,ɪ,derived from Bozeman tenor-mezzo,0.375,open,D4,-0.04,below primo,-2,-14,none,not assessed,short,first note,,,0,first,no,no,no,
Kabalevsky T06,13,4,4,G4,67,i,Bozeman tenor-mezzo midpoint,0.375,above,E3,14.5,inside,3,-9,none,not assessed,short,leap-up,5,no,0,middle,no,no,no,
Kabalevsky T06,13,4,4.5,A4,69,i,Bozeman tenor-mezzo midpoint,0.375,above,E3,16.5,inside,5,-7,none,not assessed,short,step,2,no,0,middle,no,no,no,
Kabalevsky T06,13,5,1,B4,71,a,derived from Bozeman tenor-mezzo,1.125,close,G4,4.08,inside,7,-5,none,not assessed,short,step,2,no,0,middle,no,no,no,
Kabalevsky T06,13,5,2.5,B4,71,ɑ,Bozeman tenor-mezzo midpoint,0.375,close,E4,6.5,inside,7,-5,none,not assessed,short,repeated,0,no,0,middle,no,no,no,
Kabalevsky T06,13,5,3,A4,69,u,Bozeman tenor-mezzo midpoint,0.375,above,G3,14.5,inside,5,-7,none,not assessed,short,step,-2,no,0,middle,no,no,no,
Kabalevsky T06,13,5,3.5,B4,71,ɑ,Bozeman tenor-mezzo midpoint,0.375,close,E4,6.5,inside,7,-5,none,not assessed,short,step,2,no,0,middle,no,no,no,
Kabalevsky T06,13,5,4,C5,72,i,Bozeman tenor-mezzo midpoint,0.375,above,E3,19.5,inside,8,-4,none,not assessed,short,step,1,no,0,middle,yes,no,no,highest of phrase
Kabalevsky T06,13,5,4.5,A4,69,ɑ,Bozeman tenor-mezzo midpoint,0.375,close,E4,4.5,inside,5,-7,none,not assessed,short,leap-down,-3,no,0,middle,no,no,no,
Kabalevsky T06,13,6,1,B4,71,o,Bozeman tenor-mezzo midpoint,1.5,close,C#4,10.5,inside,7,-5,none,not assessed,short,step,2,no,0,middle,no,no,no,
Kabalevsky T06,13,6,3,B4,71,o,Bozeman tenor-mezzo midpoint,0.375,close,C#4,10.5,inside,7,-5,none,not assessed,short,tie,0,no,0,middle,no,no,no,
Kabalevsky T06,13,6,3.5,B4,71,ɨ,derived from Bozeman tenor-mezzo,0.375,above,A#3,13.11,inside,7,-5,none,not assessed,short,repeated,0,no,0,middle,no,no,no,
Kabalevsky T06,13,6,4,A4,69,o,Bozeman tenor-mezzo midpoint,0.375,close,C#4,8.5,inside,5,-7,none,not assessed,short,step,-2,no,0,middle,no,no,no,
Kabalevsky T06,13,6,4.5,G4,67,ɨ,derived from Bozeman tenor-mezzo,0.375,close,A#3,9.11,inside,3,-9,none,not assessed,short,step,-2,no,0,middle,no,no,no,
Kabalevsky T06,13,7,1,A4,69,ɨ,derived from Bozeman tenor-mezzo,0.375,close,A#3,11.11,inside,5,-7,none,not assessed,short,step,2,no,0,middle,no,no,no,
Kabalevsky T06,13,7,1.5,A4,69,ɑ,Bozeman tenor-mezzo midpoint,0.375,close,E4,4.5,inside,5,-7,none,not assessed,short,repeated,0,no,0,middle,no,no,no,
Kabalevsky T06,13,7,2,A4,69,o,Bozeman tenor-mezzo midpoint,0.75,close,C#4,8.5,inside,5,-7,none,not assessed,short,repeated,0,no,0,middle,no,no,no,
Kabalevsky T06,13,7,3,A4,69,o,Bozeman tenor-mezzo midpoint,0.375,close,C#4,8.5,inside,5,-7,none,not assessed,short,tie,0,no,0,middle,no,no,no,
Kabalevsky T06,13,7,3.5,A4,69,ɑ,Bozeman tenor-mezzo midpoint,0.375,close,E4,4.5,inside,5,-7,none,not assessed,short,repeated,0,no,0,middle,no,no,no,
Kabalevsky T06,13,7,4,G4,67,ɑ,Bozeman tenor-mezzo midpoint,0.375,close,E4,2.5,inside,3,-9,none,not assessed,short,step,-2,no,0,middle,no,no,no,
Kabalevsky T06,13,7,4.5,F#4,66,ɨ,derived from Bozeman tenor-mezzo,0.375,close,A#3,8.11,inside,2,-10,none,not assessed,short,step,-1,no,0,middle,no,no,no,
Kabalevsky T06,13,8,1,G4,67,o,Bozeman tenor-mezzo midpoint,1.5,close,C#4,6.5,inside,3,-9,none,not assessed,short,step,1,no,0,last,no,no,no,
Kabalevsky T06,13,8,3.5,B3,59,ɑ,Bozeman tenor-mezzo midpoint,0.375,open,E4,-5.5,below primo,-5,-17,none,not assessed,short,leap-down,-8,yes,1,first,no,no,no,
Kabalevsky T06,13,8,4,E4,64,ɑ,Bozeman tenor-mezzo midpoint,0.375,open,E4,-0.5,inside,0,-12,none,not assessed,short,leap-up,5,no,1,middle,no,yes,no,
Kabalevsky T06,13,8,4.5,F#4,66,ɨ,derived from Bozeman tenor-mezzo,0.375,close,A#3,8.11,inside,2,-10,none,not assessed,short,step,2,no,1,middle,no,no,no,
Kabalevsky T06,13,9,1,G4,67,e,Bozeman tenor-mezzo midpoint,1.125,close,D4,5.5,inside,3,-9,none,not assessed,short,step,1,no,1,middle,no,no,no,
Kabalevsky T06,13,9,2.5,G4,67,ɑ,Bozeman tenor-mezzo midpoint,0.375,close,E4,2.5,inside,3,-9,none,not assessed,short,repeated,0,no,1,middle,no,no,no,
Kabalevsky T06,13,9,3,F#4,66,u,Bozeman tenor-mezzo midpoint,0.375,close,G3,11.5,inside,2,-10,none,not assessed,short,step,-1,no,1,middle,no,no,no,
Kabalevsky T06,13,9,3.5,G4,67,ɨ,derived from Bozeman tenor-mezzo,0.375,close,A#3,9.11,inside,3,-9,none,not assessed,short,step,1,no,1,middle,no,no,no,
Kabalevsky T06,13,9,4,A4,69,o,Bozeman tenor-mezzo midpoint,0.375,close,C#4,8.5,inside,5,-7,none,not assessed,short,step,2,no,1,middle,no,no,no,
Kabalevsky T06,13,9,4.5,F#4,66,ɑ,Bozeman tenor-mezzo midpoint,0.375,close,E4,1.5,inside,2,-10,none,not assessed,short,leap-down,-3,no,1,middle,no,no,no,turning pitch 0 to 2 st below
Kabalevsky T06,13,10,1,B4,71,o,Bozeman tenor-mezzo midpoint,1.5,close,C#4,10.5,inside,7,-5,none,not assessed,short,leap-up,5,no,1,middle,no,no,no,
Kabalevsky T06,13,10,3,B4,71,o,Bozeman tenor-mezzo midpoint,0.375,close,C#4,10.5,inside,7,-5,none,not assessed,short,tie,0,no,1,middle,no,no,no,
Kabalevsky T06,13,10,3.5,A#4,70,u,Bozeman tenor-mezzo midpoint,0.375,above,G3,15.5,inside,6,-6,none,not assessed,short,step,-1,no,1,middle,no,no,no,
Kabalevsky T06,13,10,4,B4,71,u,Bozeman tenor-mezzo midpoint,0.375,above,G3,16.5,inside,7,-5,none,not assessed,short,step,1,no,1,middle,no,no,no,
Kabalevsky T06,13,10,4.5,C#5,73,ɪ,derived from Bozeman tenor-mezzo,0.375,close,D4,10.96,inside,9,-3,none,not assessed,short,step,2,no,1,middle,no,no,no,
Kabalevsky T06,13,11,1,D5,74,o,Bozeman tenor-mezzo midpoint,0.375,above,C#4,13.5,inside,10,-2,none,not assessed,short,step,1,no,1,middle,yes,no,no,highest of phrase
Kabalevsky T06,13,11,1.5,B4,71,o,Bozeman tenor-mezzo midpoint,0.375,close,C#4,10.5,inside,7,-5,none,not assessed,short,leap-down,-3,no,1,middle,no,no,no,
Kabalevsky T06,13,11,2,F#4,66,ʌ,derived from Bozeman tenor-mezzo,0.375,close,E4,1.5,inside,2,-10,none,not assessed,short,leap-down,-5,no,1,middle,no,no,no,turning pitch 0 to 2 st below
Kabalevsky T06,13,11,2.5,G4,67,i,Bozeman tenor-mezzo midpoint,0.375,above,E3,14.5,inside,3,-9,none,not assessed,short,step,1,no,1,middle,no,no,no,
Kabalevsky T06,13,11,3,F#4,66,ɑ,Bozeman tenor-mezzo midpoint,1.125,close,E4,1.5,inside,2,-10,none,not assessed,short,step,-1,no,1,middle,no,no,no,turning pitch 0 to 2 st below
Kabalevsky T06,13,11,4.5,E4,64,ɑ,Bozeman tenor-mezzo midpoint,0.375,open,E4,-0.5,inside,0,-12,none,not assessed,short,step,-2,no,1,middle,no,yes,no,
Kabalevsky T06,13,12,1,F#4,66,o,Bozeman tenor-mezzo midpoint,3,close,C#4,5.5,inside,2,-10,none,not assessed,held,step,2,no,1,middle,no,no,no,held
Kabalevsky T06,13,13,1,F#4,66,o,Bozeman tenor-mezzo midpoint,0.375,close,C#4,5.5,inside,2,-10,none,not assessed,held,tie,0,no,1,last,no,no,no,held
Kabalevsky T06,13,13,3.5,B4,71,i,Bozeman tenor-mezzo midpoint,0.375,above,E3,18.5,inside,7,-5,none,not assessed,short,leap-up,5,yes,2,first,no,no,no,
Kabalevsky T06,13,13,4,B4,71,ɛ,Bozeman tenor-mezzo midpoint,0.375,close,D#4,8.5,inside,7,-5,none,not assessed,short,repeated,0,no,2,middle,no,no,no,
Kabalevsky T06,13,13,4.5,B4,71,i,Bozeman tenor-mezzo midpoint,0.375,above,E3,18.5,inside,7,-5,none,not assessed,short,repeated,0,no,2,middle,no,no,no,
Kabalevsky T06,13,14,1,B4,71,o,Bozeman tenor-mezzo midpoint,0.375,close,C#4,10.5,inside,7,-5,none,not assessed,short,repeated,0,no,2,middle,no,no,no,
Kabalevsky T06,13,14,1.5,C5,72,ʌ,derived from Bozeman tenor-mezzo,0.375,close,E4,7.5,inside,8,-4,none,not assessed,short,step,1,no,2,middle,no,no,no,
Kabalevsky T06,13,14,2,C5,72,ʌ,derived from Bozeman tenor-mezzo,0.375,close,E4,7.5,inside,8,-4,none,not assessed,short,repeated,0,no,2,middle,no,no,no,
Kabalevsky T06,13,14,2.5,C5,72,ɑ,Bozeman tenor-mezzo midpoint,0.375,close,E4,7.5,inside,8,-4,none,not assessed,short,repeated,0,no,2,middle,no,no,no,
Kabalevsky T06,13,14,3,C5,72,ɑ,Bozeman tenor-mezzo midpoint,0.375,close,E4,7.5,inside,8,-4,none,not assessed,short,repeated,0,no,2,middle,no,no,no,
Kabalevsky T06,13,14,3.5,B4,71,ɑ,Bozeman tenor-mezzo midpoint,0.375,close,E4,6.5,inside,7,-5,none,not assessed,short,step,-1,no,2,middle,no,no,no,
Kabalevsky T06,13,14,4,B4,71,ɑ,Bozeman tenor-mezzo midpoint,0.375,close,E4,6.5,inside,7,-5,none,not assessed,short,repeated,0,no,2,middle,no,no,no,
Kabalevsky T06,13,14,4.5,B4,71,ɑ,Bozeman tenor-mezzo midpoint,0.375,close,E4,6.5,inside,7,-5,none,not assessed,short,repeated,0,no,2,middle,no,no,no,
Kabalevsky T06,13,15,1,E5,76,o,Bozeman tenor-mezzo midpoint,0.375,above,C#4,15.5,inside,12,0,none,not assessed,short,leap-up,5,no,2,middle,yes,yes,yes,highest of phrase
Kabalevsky T06,13,15,1.5,C5,72,i,Bozeman tenor-mezzo midpoint,0.375,above,E3,19.5,inside,8,-4,none,not assessed,short,leap-down,-4,no,2,middle,no,no,no,
Kabalevsky T06,13,15,2,C5,72,ɑ,Bozeman tenor-mezzo midpoint,0.375,close,E4,7.5,inside,8,-4,none,not assessed,short,repeated,0,no,2,middle,no,no,no,
Kabalevsky T06,13,15,2.5,B4,71,ɨ,derived from Bozeman tenor-mezzo,0.375,above,A#3,13.11,inside,7,-5,none,not assessed,short,step,-1,no,2,middle,no,no,no,
Kabalevsky T06,13,15,3,A4,69,o,Bozeman tenor-mezzo midpoint,1.5,close,C#4,8.5,inside,5,-7,none,not assessed,short,step,-2,no,2,middle,no,no,no,
Kabalevsky T06,13,16,1,A4,69,o,Bozeman tenor-mezzo midpoint,0.375,close,C#4,8.5,inside,5,-7,none,not assessed,short,tie,0,no,2,middle,no,no,no,
Kabalevsky T06,13,16,1.5,A4,69,i,Bozeman tenor-mezzo midpoint,0.375,above,E3,16.5,inside,5,-7,none,not assessed,short,repeated,0,no,2,middle,no,no,no,
Kabalevsky T06,13,16,2,B4,71,ʌ,derived from Bozeman tenor-mezzo,0.375,close,E4,6.5,inside,7,-5,none,not assessed,short,step,2,no,2,middle,no,no,no,
Kabalevsky T06,13,16,2.5,C5,72,ɑ,Bozeman tenor-mezzo midpoint,0.375,close,E4,7.5,inside,8,-4,none,not assessed,short,step,1,no,2,middle,no,no,no,
Kabalevsky T06,13,16,3,B4,71,u,Bozeman tenor-mezzo midpoint,0.375,above,G3,16.5,inside,7,-5,none,not assessed,short,step,-1,no,2,middle,no,no,no,
Kabalevsky T06,13,16,3.5,A4,69,u,Bozeman tenor-mezzo midpoint,0.375,above,G3,14.5,inside,5,-7,none,not assessed,short,step,-2,no,2,middle,no,no,no,
Kabalevsky T06,13,16,4,A4,69,ɑ,Bozeman tenor-mezzo midpoint,0.375,close,E4,4.5,inside,5,-7,none,not assessed,short,repeated,0,no,2,middle,no,no,no,
Kabalevsky T06,13,16,4.5,A4,69,ɑ,Bozeman tenor-mezzo midpoint,0.375,close,E4,4.5,inside,5,-7,none,not assessed,short,repeated,0,no,2,middle,no,no,no,
Kabalevsky T06,13,17,1,D5,74,ɑ,Bozeman tenor-mezzo midpoint,0.375,close,E4,9.5,inside,10,-2,none,not assessed,short,leap-up,5,no,2,middle,no,no,no,
Kabalevsky T06,13,17,1.5,G4,67,u,Bozeman tenor-mezzo midpoint,0.375,crossing,G3,12.5,inside,3,-9,none,not assessed,short,leap-down,-7,no,2,middle,no,no,no,crossing
Kabalevsky T06,13,17,2,G4,67,i,Bozeman tenor-mezzo midpoint,0.375,above,E3,14.5,inside,3,-9,none,not assessed,short,repeated,0,no,2,middle,no,no,no,
Kabalevsky T06,13,17,2.5,G4,67,i,Bozeman tenor-mezzo midpoint,0.375,above,E3,14.5,inside,3,-9,none,not assessed,short,repeated,0,no,2,middle,no,no,no,
Kabalevsky T06,13,17,3,G4,67,o,Bozeman tenor-mezzo midpoint,0.375,close,C#4,6.5,inside,3,-9,none,not assessed,short,repeated,0,no,2,middle,no,no,no,
Kabalevsky T06,13,17,3.5,F#4,66,ɑ,Bozeman tenor-mezzo midpoint,0.375,close,E4,1.5,inside,2,-10,none,not assessed,short,step,-1,no,2,middle,no,no,no,turning pitch 0 to 2 st below
Kabalevsky T06,13,17,4,F#4,66,ɑ,Bozeman tenor-mezzo midpoint,0.75,close,E4,1.5,inside,2,-10,none,not assessed,short,repeated,0,no,2,middle,no,no,no,turning pitch 0 to 2 st below
Kabalevsky T06,13,18,1,F#4,66,ɑ,Bozeman tenor-mezzo midpoint,0.75,close,E4,1.5,inside,2,-10,none,not assessed,short,tie,0,no,2,middle,no,no,no,turning pitch 0 to 2 st below
Kabalevsky T06,13,18,2,F#4,66,ɑ,Bozeman tenor-mezzo midpoint,0.75,close,E4,1.5,inside,2,-10,none,not assessed,short,repeated,0,no,2,middle,no,no,no,turning pitch 0 to 2 st below
Kabalevsky T06,13,18,3,D5,74,e,Bozeman tenor-mezzo midpoint,0.375,crossing,D4,12.5,inside,10,-2,none,not assessed,short,leap-up,8,no,2,middle,no,no,no,crossing
Kabalevsky T06,13,18,3.5,E4,64,i,Bozeman tenor-mezzo midpoint,0.375,crossing,E3,11.5,inside,0,-12,none,not assessed,short,leap-down,-10,no,2,middle,no,yes,yes,crossing
Kabalevsky T06,13,18,4,E4,64,u,Bozeman tenor-mezzo midpoint,0.375,close,G3,9.5,inside,0,-12,none,not assessed,short,repeated,0,no,2,middle,no,yes,no,
Kabalevsky T06,13,18,4.5,E4,64,ɪ,derived from Bozeman tenor-mezzo,0.375,close,D4,1.96,inside,0,-12,none,not assessed,short,repeated,0,no,2,middle,no,yes,yes,turning pitch 0 to 2 st below
Kabalevsky T06,13,19,1,F#4,66,o,Bozeman tenor-mezzo midpoint,0.375,close,C#4,5.5,inside,2,-10,none,not assessed,short,step,2,no,2,middle,no,no,no,
Kabalevsky T06,13,19,1.5,E4,64,u,Bozeman tenor-mezzo midpoint,0.375,close,G3,9.5,inside,0,-12,none,not assessed,short,step,-2,no,2,middle,no,yes,no,
Kabalevsky T06,13,19,2,G4,67,ʌ,derived from Bozeman tenor-mezzo,0.375,close,E4,2.5,inside,3,-9,none,not assessed,short,leap-up,3,no,2,middle,no,no,no,
Kabalevsky T06,13,19,2.5,C5,72,ɪ,derived from Bozeman tenor-mezzo,0.375,close,D4,9.96,inside,8,-4,none,not assessed,short,leap-up,5,no,2,middle,no,no,no,
Kabalevsky T06,13,19,3,B4,71,u,Bozeman tenor-mezzo midpoint,1.5,above,G3,16.5,inside,7,-5,none,not assessed,short,step,-1,no,2,middle,no,no,no,
Kabalevsky T06,13,20,1,B4,71,u,Bozeman tenor-mezzo midpoint,0.375,above,G3,16.5,inside,7,-5,none,not assessed,short,tie,0,no,2,last,no,no,no,
Kabalevsky T06,13,20,2.5,A4,69,ɑ,Bozeman tenor-mezzo midpoint,0.375,close,E4,4.5,inside,5,-7,none,not assessed,short,step,-2,yes,3,first,no,no,no,
Kabalevsky T06,13,21,1,B4,71,o,Bozeman tenor-mezzo midpoint,0.375,close,C#4,10.5,inside,7,-5,none,not assessed,short,step,2,no,3,middle,no,no,no,
Kabalevsky T06,13,21,1.5,B4,71,i,Bozeman tenor-mezzo midpoint,0.375,above,E3,18.5,inside,7,-5,none,not assessed,short,repeated,0,no,3,middle,no,no,no,
Kabalevsky T06,13,21,2,B4,71,ɨ,derived from Bozeman tenor-mezzo,0.375,above,A#3,13.11,inside,7,-5,none,not assessed,short,repeated,0,no,3,middle,no,no,no,
Kabalevsky T06,13,21,2.5,B4,71,u,Bozeman tenor-mezzo midpoint,0.375,above,G3,16.5,inside,7,-5,none,not assessed,short,repeated,0,no,3,middle,no,no,no,
Kabalevsky T06,13,21,3,A4,69,ɑ,Bozeman tenor-mezzo midpoint,0.375,close,E4,4.5,inside,5,-7,none,not assessed,short,step,-2,no,3,middle,no,no,no,
Kabalevsky T06,13,21,3.5,B4,71,ɪ,derived from Bozeman tenor-mezzo,0.375,close,D4,8.96,inside,7,-5,none,not assessed,short,step,2,no,3,middle,no,no,no,
Kabalevsky T06,13,21,4,C5,72,ɑ,Bozeman tenor-mezzo midpoint,0.375,close,E4,7.5,inside,8,-4,none,not assessed,short,step,1,no,3,middle,yes,no,no,highest of phrase
Kabalevsky T06,13,21,4.5,A4,69,ɨ,derived from Bozeman tenor-mezzo,0.375,close,A#3,11.11,inside,5,-7,none,not assessed,short,leap-down,-3,no,3,middle,no,no,no,
Kabalevsky T06,13,22,1,B4,71,o,Bozeman tenor-mezzo midpoint,1.125,close,C#4,10.5,inside,7,-5,none,not assessed,short,step,2,no,3,middle,no,no,no,
Kabalevsky T06,13,22,2.5,B4,71,ɪ,derived from Bozeman tenor-mezzo,0.375,close,D4,8.96,inside,7,-5,none,not assessed,short,repeated,0,no,3,middle,no,no,no,
Kabalevsky T06,13,23,1,A4,69,o,Bozeman tenor-mezzo midpoint,0.375,close,C#4,8.5,inside,5,-7,none,not assessed,short,step,-2,no,3,middle,no,no,no,
Kabalevsky T06,13,23,1.5,A4,69,ɪ,derived from Bozeman tenor-mezzo,0.375,close,D4,6.96,inside,5,-7,none,not assessed,short,repeated,0,no,3,middle,no,no,no,
Kabalevsky T06,13,23,2,A4,69,i,Bozeman tenor-mezzo midpoint,0.375,above,E3,16.5,inside,5,-7,none,not assessed,short,repeated,0,no,3,middle,no,no,no,
Kabalevsky T06,13,23,2.5,A4,69,ɪ,derived from Bozeman tenor-mezzo,0.375,close,D4,6.96,inside,5,-7,none,not assessed,short,repeated,0,no,3,middle,no,no,no,
Kabalevsky T06,13,23,3,A4,69,ɑ,Bozeman tenor-mezzo midpoint,0.375,close,E4,4.5,inside,5,-7,none,not assessed,short,repeated,0,no,3,middle,no,no,no,
Kabalevsky T06,13,23,3.5,A4,69,i,Bozeman tenor-mezzo midpoint,0.375,above,E3,16.5,inside,5,-7,none,not assessed,short,repeated,0,no,3,middle,no,no,no,
Kabalevsky T06,13,23,4,G4,67,ʌ,derived from Bozeman tenor-mezzo,0.375,close,E4,2.5,inside,3,-9,none,not assessed,short,step,-2,no,3,middle,no,no,no,
Kabalevsky T06,13,23,4.5,F#4,66,i,Bozeman tenor-mezzo midpoint,0.375,above,E3,13.5,inside,2,-10,none,not assessed,short,step,-1,no,3,middle,no,no,no,
Kabalevsky T06,13,24,1,G4,67,ɨ,derived from Bozeman tenor-mezzo,1.5,close,A#3,9.11,inside,3,-9,none,not assessed,short,step,1,no,3,last,no,no,no,
Kabalevsky T06,13,24,3.5,B3,59,i,Bozeman tenor-mezzo midpoint,0.375,close,E3,6.5,below primo,-5,-17,none,not assessed,short,leap-down,-8,yes,4,first,no,no,no,
Kabalevsky T06,13,24,4,E4,64,i,Bozeman tenor-mezzo midpoint,0.375,crossing,E3,11.5,inside,0,-12,none,not assessed,short,leap-up,5,no,4,middle,no,yes,yes,crossing
Kabalevsky T06,13,24,4.5,F#4,66,ɑ,Bozeman tenor-mezzo midpoint,0.375,close,E4,1.5,inside,2,-10,none,not assessed,short,step,2,no,4,middle,no,no,no,turning pitch 0 to 2 st below
Kabalevsky T06,13,25,1,G4,67,ɑ,Bozeman tenor-mezzo midpoint,1.125,close,E4,2.5,inside,3,-9,none,not assessed,short,step,1,no,4,middle,no,no,no,
Kabalevsky T06,13,25,2.5,G4,67,ɪ,derived from Bozeman tenor-mezzo,0.375,close,D4,4.96,inside,3,-9,none,not assessed,short,repeated,0,no,4,middle,no,no,no,
Kabalevsky T06,13,25,3,F#4,66,ʌ,derived from Bozeman tenor-mezzo,0.375,close,E4,1.5,inside,2,-10,none,not assessed,short,step,-1,no,4,middle,no,no,no,turning pitch 0 to 2 st below
Kabalevsky T06,13,25,3.5,G4,67,ɑ,Bozeman tenor-mezzo midpoint,0.375,close,E4,2.5,inside,3,-9,none,not assessed,short,step,1,no,4,middle,no,no,no,
Kabalevsky T06,13,25,4,A4,69,i,Bozeman tenor-mezzo midpoint,0.375,above,E3,16.5,inside,5,-7,none,not assessed,short,step,2,no,4,middle,no,no,no,
Kabalevsky T06,13,25,4.5,F#4,66,none resolved,not assessed,0.375,not assessed,not assessed,not assessed,inside,2,-10,not assessed,not assessed,short,leap-down,-3,no,4,middle,no,no,no,
Kabalevsky T06,13,26,1,B4,71,o,Bozeman tenor-mezzo midpoint,1.5,close,C#4,10.5,inside,7,-5,none,not assessed,short,leap-up,5,no,4,middle,no,no,no,
Kabalevsky T06,13,26,3,B4,71,o,Bozeman tenor-mezzo midpoint,0.375,close,C#4,10.5,inside,7,-5,none,not assessed,short,tie,0,no,4,middle,no,no,no,
Kabalevsky T06,13,26,3.5,A#4,70,ɨ,derived from Bozeman tenor-mezzo,0.375,crossing,A#3,12.11,inside,6,-6,none,not assessed,short,step,-1,no,4,middle,no,no,no,crossing
Kabalevsky T06,13,26,4,B4,71,ɑ,Bozeman tenor-mezzo midpoint,0.375,close,E4,6.5,inside,7,-5,none,not assessed,short,step,1,no,4,middle,no,no,no,
Kabalevsky T06,13,26,4.5,C#5,73,ɪ,derived from Bozeman tenor-mezzo,0.375,close,D4,10.96,inside,9,-3,none,not assessed,short,step,2,no,4,middle,no,no,no,
Kabalevsky T06,13,27,1,D5,74,e,Bozeman tenor-mezzo midpoint,1.125,crossing,D4,12.5,inside,10,-2,none,not assessed,short,step,1,no,4,middle,yes,no,no,highest of phrase; crossing
Kabalevsky T06,13,27,2.5,B4,71,i,Bozeman tenor-mezzo midpoint,0.375,above,E3,18.5,inside,7,-5,none,not assessed,short,leap-down,-3,no,4,middle,no,no,no,
Kabalevsky T06,13,27,3,F#4,66,ʌ,derived from Bozeman tenor-mezzo,0.375,close,E4,1.5,inside,2,-10,none,not assessed,short,leap-down,-5,no,4,middle,no,no,no,turning pitch 0 to 2 st below
Kabalevsky T06,13,27,3.5,F#4,66,ɑ,Bozeman tenor-mezzo midpoint,0.375,close,E4,1.5,inside,2,-10,none,not assessed,short,repeated,0,no,4,middle,no,no,no,turning pitch 0 to 2 st below
Kabalevsky T06,13,27,4,F#4,66,ɑ,Bozeman tenor-mezzo midpoint,0.375,close,E4,1.5,inside,2,-10,none,not assessed,short,repeated,0,no,4,middle,no,no,no,turning pitch 0 to 2 st below
Kabalevsky T06,13,27,4.5,G4,67,i,Bozeman tenor-mezzo midpoint,0.375,above,E3,14.5,inside,3,-9,none,not assessed,short,step,1,no,4,middle,no,no,no,
Kabalevsky T06,13,28,1,F#4,66,ɨ,derived from Bozeman tenor-mezzo,3,close,A#3,8.11,inside,2,-10,none,not assessed,held,step,-1,no,4,middle,no,no,no,held
Kabalevsky T06,13,29,1,F#4,66,ɨ,derived from Bozeman tenor-mezzo,0.375,close,A#3,8.11,inside,2,-10,none,not assessed,held,tie,0,no,4,last,no,no,no,held
Kabalevsky T06,13,30,2,D4,62,o,Bozeman tenor-mezzo midpoint,0.75,close,C#4,1.5,below primo,-2,-14,none,not assessed,short,leap-down,-4,yes,5,first,no,no,no,turning pitch 0 to 2 st below
Kabalevsky T06,13,30,3,D5,74,u,Bozeman tenor-mezzo midpoint,1.5,above,G3,19.5,inside,10,-2,none,not assessed,short,leap-up,12,no,5,middle,yes,no,no,highest of phrase
Kabalevsky T06,13,31,1,D5,74,u,Bozeman tenor-mezzo midpoint,0.375,above,G3,19.5,inside,10,-2,none,not assessed,short,tie,0,no,5,middle,yes,no,no,highest of phrase
Kabalevsky T06,13,31,1.5,B4,71,ɑ,Bozeman tenor-mezzo midpoint,0.375,close,E4,6.5,inside,7,-5,none,not assessed,short,leap-down,-3,no,5,middle,no,no,no,
Kabalevsky T06,13,31,2,A4,69,ɑ,Bozeman tenor-mezzo midpoint,0.375,close,E4,4.5,inside,5,-7,none,not assessed,short,step,-2,no,5,middle,no,no,no,
Kabalevsky T06,13,31,2.5,G4,67,ɑ,Bozeman tenor-mezzo midpoint,0.375,close,E4,2.5,inside,3,-9,none,not assessed,short,step,-2,no,5,middle,no,no,no,
Kabalevsky T06,13,31,3,F#4,66,ɑ,Bozeman tenor-mezzo midpoint,0.375,close,E4,1.5,inside,2,-10,none,not assessed,short,step,-1,no,5,middle,no,no,no,turning pitch 0 to 2 st below
Kabalevsky T06,13,31,3.5,E4,64,ɪ,derived from Bozeman tenor-mezzo,0.375,close,D4,1.96,inside,0,-12,none,not assessed,short,step,-2,no,5,middle,no,yes,yes,turning pitch 0 to 2 st below
Kabalevsky T06,13,31,4,A4,69,o,Bozeman tenor-mezzo midpoint,0.375,close,C#4,8.5,inside,5,-7,none,not assessed,short,leap-up,5,no,5,middle,no,no,no,
Kabalevsky T06,13,31,4.5,B4,71,ɑ,Bozeman tenor-mezzo midpoint,0.375,close,E4,6.5,inside,7,-5,none,not assessed,short,step,2,no,5,middle,no,no,no,
Kabalevsky T06,13,32,1,C5,72,ɛ,Bozeman tenor-mezzo midpoint,1.5,close,D#4,9.5,inside,8,-4,none,not assessed,short,step,1,no,5,middle,no,no,no,
Kabalevsky T06,13,32,3,C5,72,ɛ,Bozeman tenor-mezzo midpoint,0.375,close,D#4,9.5,inside,8,-4,none,not assessed,short,tie,0,no,5,middle,no,no,no,
Kabalevsky T06,13,32,3.5,C5,72,u,Bozeman tenor-mezzo midpoint,0.375,above,G3,17.5,inside,8,-4,none,not assessed,short,repeated,0,no,5,middle,no,no,no,
Kabalevsky T06,13,32,4,B4,71,ɑ,Bozeman tenor-mezzo midpoint,0.375,close,E4,6.5,inside,7,-5,none,not assessed,short,step,-1,no,5,middle,no,no,no,
Kabalevsky T06,13,32,4.5,C5,72,ɑ,Bozeman tenor-mezzo midpoint,0.375,close,E4,7.5,inside,8,-4,none,not assessed,short,step,1,no,5,middle,no,no,no,
Kabalevsky T06,13,33,1,A4,69,ɑ,Bozeman tenor-mezzo midpoint,3,close,E4,4.5,inside,5,-7,none,not assessed,held,leap-down,-3,no,5,middle,no,no,no,held
Kabalevsky T06,13,34,1,D5,74,ɨ,derived from Bozeman tenor-mezzo,0.75,above,A#3,16.11,inside,10,-2,none,not assessed,short,leap-up,5,no,5,middle,yes,no,no,highest of phrase
Kabalevsky T06,13,34,2,A4,69,u,Bozeman tenor-mezzo midpoint,0.375,above,G3,14.5,inside,5,-7,none,not assessed,short,leap-down,-5,no,5,middle,no,no,no,
Kabalevsky T06,13,34,2.5,A4,69,i,Bozeman tenor-mezzo midpoint,0.375,above,E3,16.5,inside,5,-7,none,not assessed,short,repeated,0,no,5,middle,no,no,no,
Kabalevsky T06,13,34,3,C5,72,ɑ,Bozeman tenor-mezzo midpoint,1.125,close,E4,7.5,inside,8,-4,none,not assessed,short,leap-up,3,no,5,middle,no,no,no,
Kabalevsky T06,13,34,4.5,G4,67,ɑ,Bozeman tenor-mezzo midpoint,0.375,close,E4,2.5,inside,3,-9,none,not assessed,short,leap-down,-5,no,5,middle,no,no,no,
Kabalevsky T06,13,35,1,B4,71,ɛ,Bozeman tenor-mezzo midpoint,3,close,D#4,8.5,inside,7,-5,none,not assessed,held,leap-up,4,no,5,middle,no,no,no,held
Kabalevsky T06,13,36,1,B4,71,ɛ,Bozeman tenor-mezzo midpoint,3,close,D#4,8.5,inside,7,-5,none,not assessed,held,tie,0,no,5,middle,no,no,no,held
Kabalevsky T06,13,37,1,B4,71,ɛ,Bozeman tenor-mezzo midpoint,0.375,close,D#4,8.5,inside,7,-5,none,not assessed,held,tie,0,no,5,last,no,no,no,held
Kabalevsky T07,14,2,6,A4,69,ɨ,derived from Bozeman tenor-mezzo,0.357,close,A#3,11.11,inside,5,-7,none,not assessed,short,first note,,,0,first,no,no,no,
Kabalevsky T07,14,3,1,A4,69,u,Bozeman tenor-mezzo midpoint,0.714,above,G3,14.5,inside,5,-7,none,not assessed,short,repeated,0,no,0,middle,no,no,no,
Kabalevsky T07,14,3,3,F#4,66,ɨ,derived from Bozeman tenor-mezzo,0.357,close,A#3,8.11,inside,2,-10,none,not assessed,short,leap-down,-3,no,0,middle,no,no,no,
Kabalevsky T07,14,3,4,F#4,66,ʌ,derived from Bozeman tenor-mezzo,0.714,close,E4,1.5,inside,2,-10,none,not assessed,short,repeated,0,no,0,middle,no,no,no,turning pitch 0 to 2 st below
Kabalevsky T07,14,3,6,A4,69,o,Bozeman tenor-mezzo midpoint,0.357,close,C#4,8.5,inside,5,-7,none,not assessed,short,leap-up,3,no,0,middle,no,no,no,
Kabalevsky T07,14,4,1,D5,74,u,Bozeman tenor-mezzo midpoint,0.714,above,G3,19.5,inside,10,-2,none,not assessed,short,leap-up,5,no,0,middle,yes,no,no,highest of phrase
Kabalevsky T07,14,4,3,C#5,73,ɑ,Bozeman tenor-mezzo midpoint,0.357,close,E4,8.5,inside,9,-3,none,not assessed,short,step,-1,no,0,middle,no,no,no,
Kabalevsky T07,14,4,4,B4,71,u,Bozeman tenor-mezzo midpoint,0.714,above,G3,16.5,inside,7,-5,none,not assessed,short,step,-2,no,0,middle,no,no,no,
Kabalevsky T07,14,4,6,F#4,66,ɨ,derived from Bozeman tenor-mezzo,0.357,close,A#3,8.11,inside,2,-10,none,not assessed,short,leap-down,-5,no,0,middle,no,no,no,
Kabalevsky T07,14,5,1,G4,67,ɑ,Bozeman tenor-mezzo midpoint,0.714,close,E4,2.5,inside,3,-9,none,not assessed,short,step,1,no,0,middle,no,no,no,
Kabalevsky T07,14,5,3,F#4,66,ɑ,Bozeman tenor-mezzo midpoint,0.357,close,E4,1.5,inside,2,-10,none,not assessed,short,step,-1,no,0,middle,no,no,no,turning pitch 0 to 2 st below
Kabalevsky T07,14,5,4,E4,64,ɨ,derived from Bozeman tenor-mezzo,0.714,close,A#3,6.11,inside,0,-12,none,not assessed,short,step,-2,no,0,middle,no,yes,no,
Kabalevsky T07,14,5,6,G4,67,ɨ,derived from Bozeman tenor-mezzo,0.357,close,A#3,9.11,inside,3,-9,none,not assessed,short,leap-up,3,no,0,middle,no,no,no,
Kabalevsky T07,14,6,1,F#4,66,ɛ,Bozeman tenor-mezzo midpoint,0.536,close,D#4,3.5,inside,2,-10,none,not assessed,short,step,-1,no,0,middle,no,no,no,
Kabalevsky T07,14,6,2.5,F#4,66,ɪ,derived from Bozeman tenor-mezzo,0.179,close,D4,3.96,inside,2,-10,none,not assessed,short,repeated,0,no,0,middle,no,no,no,
Kabalevsky T07,14,6,3,F#4,66,ɪ,derived from Bozeman tenor-mezzo,0.179,close,D4,3.96,inside,2,-10,none,not assessed,short,repeated,0,no,0,middle,no,no,no,
Kabalevsky T07,14,6,3.5,F#4,66,ɑ,Bozeman tenor-mezzo midpoint,0.179,close,E4,1.5,inside,2,-10,none,not assessed,short,repeated,0,no,0,middle,no,no,no,turning pitch 0 to 2 st below
Kabalevsky T07,14,6,4,C#5,73,ɑ,Bozeman tenor-mezzo midpoint,0.536,close,E4,8.5,inside,9,-3,none,not assessed,short,leap-up,7,no,0,middle,no,no,no,
Kabalevsky T07,14,6,5.5,F#4,66,ʌ,derived from Bozeman tenor-mezzo,0.179,close,E4,1.5,inside,2,-10,none,not assessed,short,leap-down,-7,no,0,middle,no,no,no,turning pitch 0 to 2 st below
Kabalevsky T07,14,6,6,F#4,66,u,Bozeman tenor-mezzo midpoint,0.179,close,G3,11.5,inside,2,-10,none,not assessed,short,repeated,0,no,0,middle,no,no,no,
Kabalevsky T07,14,6,6.5,F#4,66,ɑ,Bozeman tenor-mezzo midpoint,0.179,close,E4,1.5,inside,2,-10,none,not assessed,short,repeated,0,no,0,middle,no,no,no,turning pitch 0 to 2 st below
Kabalevsky T07,14,7,1,B4,71,o,Bozeman tenor-mezzo midpoint,1.071,close,C#4,10.5,inside,7,-5,none,not assessed,short,leap-up,5,no,0,middle,no,no,no,
Kabalevsky T07,14,7,4,B4,71,o,Bozeman tenor-mezzo midpoint,0.357,close,C#4,10.5,inside,7,-5,none,not assessed,short,tie,0,no,0,last,no,no,no,
Kabalevsky T07,14,7,6,B4,71,ɑ,Bozeman tenor-mezzo midpoint,0.357,close,E4,6.5,inside,7,-5,none,not assessed,short,repeated,0,yes,1,first,no,no,no,
Kabalevsky T07,14,8,1,D5,74,ɛ,Bozeman tenor-mezzo midpoint,0.714,close,D#4,11.5,inside,10,-2,none,not assessed,short,leap-up,3,no,1,middle,no,no,no,
Kabalevsky T07,14,8,3,C#5,73,ɨ,derived from Bozeman tenor-mezzo,0.357,above,A#3,15.11,inside,9,-3,none,not assessed,short,step,-1,no,1,middle,no,no,no,
Kabalevsky T07,14,8,4,B4,71,u,Bozeman tenor-mezzo midpoint,0.357,above,G3,16.5,inside,7,-5,none,not assessed,short,step,-2,no,1,middle,no,no,no,
Kabalevsky T07,14,8,5,A4,69,u,Bozeman tenor-mezzo midpoint,0.357,above,G3,14.5,inside,5,-7,none,not assessed,short,step,-2,no,1,middle,no,no,no,
Kabalevsky T07,14,8,6,G4,67,i,Bozeman tenor-mezzo midpoint,0.357,above,E3,14.5,inside,3,-9,none,not assessed,short,step,-2,no,1,middle,no,no,no,
Kabalevsky T07,14,9,1,F#4,66,ʌ,derived from Bozeman tenor-mezzo,0.714,close,E4,1.5,inside,2,-10,none,not assessed,short,step,-1,no,1,middle,no,no,no,turning pitch 0 to 2 st below
Kabalevsky T07,14,9,3,A#4,70,o,Bozeman tenor-mezzo midpoint,0.357,close,C#4,9.5,inside,6,-6,none,not assessed,short,leap-up,4,no,1,middle,no,no,no,
Kabalevsky T07,14,9,4,C#5,73,ɑ,Bozeman tenor-mezzo midpoint,0.714,close,E4,8.5,inside,9,-3,none,not assessed,short,leap-up,3,no,1,middle,no,no,no,
Kabalevsky T07,14,9,6,E5,76,i,Bozeman tenor-mezzo midpoint,0.357,above,E3,23.5,inside,12,0,none,not assessed,short,leap-up,3,no,1,middle,yes,yes,yes,highest of phrase
Kabalevsky T07,14,10,1,D5,74,a,derived from Bozeman tenor-mezzo,0.714,close,G4,7.08,inside,10,-2,none,not assessed,short,step,-2,no,1,middle,no,no,no,
Kabalevsky T07,14,10,3,C#5,73,a,derived from Bozeman tenor-mezzo,0.357,close,G4,6.08,inside,9,-3,none,not assessed,short,step,-1,no,1,middle,no,no,no,
Kabalevsky T07,14,10,4,B4,71,ʌ,derived from Bozeman tenor-mezzo,0.536,close,E4,6.5,inside,7,-5,none,not assessed,short,step,-2,no,1,middle,no,no,no,
Kabalevsky T07,14,10,5.5,G4,67,i,Bozeman tenor-mezzo midpoint,0.179,above,E3,14.5,inside,3,-9,none,not assessed,short,leap-down,-4,no,1,middle,no,no,no,
Kabalevsky T07,14,10,6,G4,67,a,derived from Bozeman tenor-mezzo,0.179,close,G4,0.08,inside,3,-9,none,not assessed,short,repeated,0,no,1,middle,no,no,no,turning pitch 0 to 2 st below
Kabalevsky T07,14,10,6.5,G4,67,ɪ,derived from Bozeman tenor-mezzo,0.179,close,D4,4.96,inside,3,-9,none,not assessed,short,repeated,0,no,1,middle,no,no,no,
Kabalevsky T07,14,11,1,F#4,66,u,Bozeman tenor-mezzo midpoint,0.714,close,G3,11.5,inside,2,-10,none,not assessed,short,step,-1,no,1,middle,no,no,no,
Kabalevsky T07,14,11,3,F#4,66,u,Bozeman tenor-mezzo midpoint,0.357,close,G3,11.5,inside,2,-10,none,not assessed,short,repeated,0,no,1,middle,no,no,no,
Kabalevsky T07,14,11,4,F#4,66,ɑ,Bozeman tenor-mezzo midpoint,0.536,close,E4,1.5,inside,2,-10,none,not assessed,short,repeated,0,no,1,middle,no,no,no,turning pitch 0 to 2 st below
Kabalevsky T07,14,11,5.5,F#4,66,ʌ,derived from Bozeman tenor-mezzo,0.179,close,E4,1.5,inside,2,-10,none,not assessed,short,repeated,0,no,1,middle,no,no,no,turning pitch 0 to 2 st below
Kabalevsky T07,14,11,6,F#4,66,u,Bozeman tenor-mezzo midpoint,0.179,close,G3,11.5,inside,2,-10,none,not assessed,short,repeated,0,no,1,middle,no,no,no,
Kabalevsky T07,14,11,6.5,F#4,66,ɑ,Bozeman tenor-mezzo midpoint,0.179,close,E4,1.5,inside,2,-10,none,not assessed,short,repeated,0,no,1,middle,no,no,no,turning pitch 0 to 2 st below
Kabalevsky T07,14,12,1,F#4,66,o,Bozeman tenor-mezzo midpoint,1.071,close,C#4,5.5,inside,2,-10,none,not assessed,short,repeated,0,no,1,middle,no,no,no,
Kabalevsky T07,14,12,4,F#4,66,o,Bozeman tenor-mezzo midpoint,0.357,close,C#4,5.5,inside,2,-10,none,not assessed,short,tie,0,no,1,last,no,no,no,
Kabalevsky T07,14,13,4,B4,71,ɛ,Bozeman tenor-mezzo midpoint,1.071,close,D#4,8.5,inside,7,-5,none,not assessed,short,leap-up,5,yes,2,first,no,no,no,
Kabalevsky T07,14,14,1,C5,72,ɑ,Bozeman tenor-mezzo midpoint,0.714,close,E4,7.5,inside,8,-4,none,not assessed,short,step,1,no,2,middle,yes,no,no,highest of phrase
Kabalevsky T07,14,14,3,B4,71,ɑ,Bozeman tenor-mezzo midpoint,0.357,close,E4,6.5,inside,7,-5,none,not assessed,short,step,-1,no,2,middle,no,no,no,
Kabalevsky T07,14,14,4,A4,69,ɑ,Bozeman tenor-mezzo midpoint,0.714,close,E4,4.5,inside,5,-7,none,not assessed,short,step,-2,no,2,middle,no,no,no,
Kabalevsky T07,14,14,6,G4,67,i,Bozeman tenor-mezzo midpoint,0.357,above,E3,14.5,inside,3,-9,none,not assessed,short,step,-2,no,2,middle,no,no,no,
Kabalevsky T07,14,15,1,F#4,66,i,Bozeman tenor-mezzo midpoint,0.714,above,E3,13.5,inside,2,-10,none,not assessed,short,step,-1,no,2,middle,no,no,no,
Kabalevsky T07,14,15,3,B4,71,ɑ,Bozeman tenor-mezzo midpoint,0.357,close,E4,6.5,inside,7,-5,none,not assessed,short,leap-up,5,no,2,middle,no,no,no,
Kabalevsky T07,14,15,4,B4,71,ɛ,Bozeman tenor-mezzo midpoint,0.714,close,D#4,8.5,inside,7,-5,none,not assessed,short,repeated,0,no,2,middle,no,no,no,
Kabalevsky T07,14,15,6,A4,69,ʌ,derived from Bozeman tenor-mezzo,0.357,close,E4,4.5,inside,5,-7,none,not assessed,short,step,-2,no,2,middle,no,no,no,
Kabalevsky T07,14,16,1,G4,67,u,Bozeman tenor-mezzo midpoint,1.071,crossing,G3,12.5,inside,3,-9,none,not assessed,short,step,-2,no,2,middle,no,no,no,crossing
Kabalevsky T07,14,16,4,D4,62,i,Bozeman tenor-mezzo midpoint,0.357,close,E3,9.5,below primo,-2,-14,none,not assessed,short,leap-down,-5,no,2,last,no,no,no,
Kabalevsky T07,14,16,5.5,D4,62,ɪ,derived from Bozeman tenor-mezzo,0.179,open,D4,-0.04,below primo,-2,-14,none,not assessed,short,repeated,0,yes,3,first,no,no,no,
Kabalevsky T07,14,16,6,D4,62,ʌ,derived from Bozeman tenor-mezzo,0.179,open,E4,-2.5,below primo,-2,-14,none,not assessed,short,repeated,0,no,3,middle,no,no,no,
Kabalevsky T07,14,16,6.5,D4,62,ɑ,Bozeman tenor-mezzo midpoint,0.179,open,E4,-2.5,below primo,-2,-14,none,not assessed,short,repeated,0,no,3,middle,no,no,no,
Kabalevsky T07,14,17,1,D#4,63,u,Bozeman tenor-mezzo midpoint,0.714,close,G3,8.5,below primo,-1,-13,none,not assessed,short,step,1,no,3,middle,no,yes,no,
Kabalevsky T07,14,17,3,D#4,63,i,Bozeman tenor-mezzo midpoint,0.357,close,E3,10.5,below primo,-1,-13,none,not assessed,short,repeated,0,no,3,middle,no,yes,no,
Kabalevsky T07,14,17,4,E4,64,u,Bozeman tenor-mezzo midpoint,0.536,close,G3,9.5,inside,0,-12,none,not assessed,short,step,1,no,3,middle,no,yes,no,
Kabalevsky T07,14,17,5.5,F#4,66,u,Bozeman tenor-mezzo midpoint,0.179,close,G3,11.5,inside,2,-10,none,not assessed,short,step,2,no,3,middle,no,no,no,
Kabalevsky T07,14,17,6,G4,67,ɨ,derived from Bozeman tenor-mezzo,0.179,close,A#3,9.11,inside,3,-9,none,not assessed,short,step,1,no,3,middle,no,no,no,
Kabalevsky T07,14,17,6.5,B4,71,ɑ,Bozeman tenor-mezzo midpoint,0.179,close,E4,6.5,inside,7,-5,none,not assessed,short,leap-up,4,no,3,middle,no,no,no,
Kabalevsky T07,14,18,1,C#5,73,ɑ,Bozeman tenor-mezzo midpoint,1.071,close,E4,8.5,inside,9,-3,none,not assessed,short,step,2,no,3,middle,no,no,no,
Kabalevsky T07,14,18,4,C#5,73,ɑ,Bozeman tenor-mezzo midpoint,0.714,close,E4,8.5,inside,9,-3,none,not assessed,short,tie,0,no,3,middle,no,no,no,
Kabalevsky T07,14,18,6,C#5,73,o,Bozeman tenor-mezzo midpoint,0.357,crossing,C#4,12.5,inside,9,-3,none,not assessed,short,repeated,0,no,3,middle,no,no,no,crossing
Kabalevsky T07,14,19,1,D5,74,o,Bozeman tenor-mezzo midpoint,0.536,above,C#4,13.5,inside,10,-2,none,not assessed,short,step,1,no,3,middle,yes,no,no,highest of phrase
Kabalevsky T07,14,19,2.5,C#5,73,ʌ,derived from Bozeman tenor-mezzo,0.179,close,E4,8.5,inside,9,-3,none,not assessed,short,step,-1,no,3,middle,no,no,no,
Kabalevsky T07,14,19,3,B4,71,ʌ,derived from Bozeman tenor-mezzo,0.179,close,E4,6.5,inside,7,-5,none,not assessed,short,step,-2,no,3,middle,no,no,no,
Kabalevsky T07,14,19,3.5,A4,69,ɑ,Bozeman tenor-mezzo midpoint,0.179,close,E4,4.5,inside,5,-7,none,not assessed,short,step,-2,no,3,middle,no,no,no,
Kabalevsky T07,14,19,4,B4,71,o,Bozeman tenor-mezzo midpoint,0.536,close,C#4,10.5,inside,7,-5,none,not assessed,short,step,2,no,3,middle,no,no,no,
Kabalevsky T07,14,19,5.5,A4,69,ɑ,Bozeman tenor-mezzo midpoint,0.179,close,E4,4.5,inside,5,-7,none,not assessed,short,step,-2,no,3,middle,no,no,no,
Kabalevsky T07,14,19,6,G4,67,ɨ,derived from Bozeman tenor-mezzo,0.179,close,A#3,9.11,inside,3,-9,none,not assessed,short,step,-2,no,3,middle,no,no,no,
Kabalevsky T07,14,19,6.5,F#4,66,ɪ,derived from Bozeman tenor-mezzo,0.179,close,D4,3.96,inside,2,-10,none,not assessed,short,step,-1,no,3,middle,no,no,no,
Kabalevsky T07,14,20,1,G4,67,u,Bozeman tenor-mezzo midpoint,0.714,crossing,G3,12.5,inside,3,-9,none,not assessed,short,step,1,no,3,middle,no,no,no,crossing
Kabalevsky T07,14,20,3,G4,67,i,Bozeman tenor-mezzo midpoint,0.357,above,E3,14.5,inside,3,-9,none,not assessed,short,repeated,0,no,3,last,no,no,no,
Kabalevsky T07,14,20,6,G4,67,u,Bozeman tenor-mezzo midpoint,0.357,crossing,G3,12.5,inside,3,-9,none,not assessed,short,repeated,0,yes,4,first,no,no,no,crossing
Kabalevsky T07,14,21,1,F#4,66,o,Bozeman tenor-mezzo midpoint,0.536,close,C#4,5.5,inside,2,-10,none,not assessed,short,step,-1,no,4,middle,no,no,no,
Kabalevsky T07,14,21,2.5,F#4,66,ʌ,derived from Bozeman tenor-mezzo,0.179,close,E4,1.5,inside,2,-10,none,not assessed,short,repeated,0,no,4,middle,no,no,no,turning pitch 0 to 2 st below
Kabalevsky T07,14,21,3,F#4,66,ʌ,derived from Bozeman tenor-mezzo,0.179,close,E4,1.5,inside,2,-10,none,not assessed,short,repeated,0,no,4,middle,no,no,no,turning pitch 0 to 2 st below
Kabalevsky T07,14,21,3.5,F#4,66,i,Bozeman tenor-mezzo midpoint,0.179,above,E3,13.5,inside,2,-10,none,not assessed,short,repeated,0,no,4,middle,no,no,no,
Kabalevsky T07,14,21,4,B4,71,o,Bozeman tenor-mezzo midpoint,0.536,close,C#4,10.5,inside,7,-5,none,not assessed,short,leap-up,5,no,4,middle,yes,no,no,highest of phrase
Kabalevsky T07,14,21,5.5,G4,67,ɪ,derived from Bozeman tenor-mezzo,0.179,close,D4,4.96,inside,3,-9,none,not assessed,short,leap-down,-4,no,4,middle,no,no,no,
Kabalevsky T07,14,21,6,G4,67,u,Bozeman tenor-mezzo midpoint,0.179,crossing,G3,12.5,inside,3,-9,none,not assessed,short,repeated,0,no,4,middle,no,no,no,crossing
Kabalevsky T07,14,21,6.5,G4,67,u,Bozeman tenor-mezzo midpoint,0.179,crossing,G3,12.5,inside,3,-9,none,not assessed,short,repeated,0,no,4,middle,no,no,no,crossing
Kabalevsky T07,14,22,1,F#4,66,ɑ,Bozeman tenor-mezzo midpoint,1.071,close,E4,1.5,inside,2,-10,none,not assessed,short,step,-1,no,4,middle,no,no,no,turning pitch 0 to 2 st below
Kabalevsky T07,14,22,4,F#4,66,ɑ,Bozeman tenor-mezzo midpoint,0.357,close,E4,1.5,inside,2,-10,none,not assessed,short,tie,0,no,4,last,no,no,no,turning pitch 0 to 2 st below
Kabalevsky T07,14,29,6,A4,69,i,Bozeman tenor-mezzo midpoint,0.357,above,E3,16.5,inside,5,-7,none,not assessed,short,leap-up,3,yes,5,first,no,no,no,
Kabalevsky T07,14,30,1,A4,69,u,Bozeman tenor-mezzo midpoint,0.714,above,G3,14.5,inside,5,-7,none,not assessed,short,repeated,0,no,5,middle,no,no,no,
Kabalevsky T07,14,30,3,F#4,66,ɑ,Bozeman tenor-mezzo midpoint,0.357,close,E4,1.5,inside,2,-10,none,not assessed,short,leap-down,-3,no,5,middle,no,no,no,turning pitch 0 to 2 st below
Kabalevsky T07,14,30,4,F#4,66,ɪ,derived from Bozeman tenor-mezzo,0.714,close,D4,3.96,inside,2,-10,none,not assessed,short,repeated,0,no,5,middle,no,no,no,
Kabalevsky T07,14,30,6,A4,69,ɑ,Bozeman tenor-mezzo midpoint,0.357,close,E4,4.5,inside,5,-7,none,not assessed,short,leap-up,3,no,5,middle,no,no,no,
Kabalevsky T07,14,31,1,D5,74,u,Bozeman tenor-mezzo midpoint,0.714,above,G3,19.5,inside,10,-2,none,not assessed,short,leap-up,5,no,5,middle,no,no,no,
Kabalevsky T07,14,31,3,C#5,73,ɨ,derived from Bozeman tenor-mezzo,0.357,above,A#3,15.11,inside,9,-3,none,not assessed,short,step,-1,no,5,middle,no,no,no,
Kabalevsky T07,14,31,4,B4,71,ɪ,derived from Bozeman tenor-mezzo,0.714,close,D4,8.96,inside,7,-5,none,not assessed,short,step,-2,no,5,middle,no,no,no,
Kabalevsky T07,14,31,6,F#4,66,ʌ,derived from Bozeman tenor-mezzo,0.357,close,E4,1.5,inside,2,-10,none,not assessed,short,leap-down,-5,no,5,middle,no,no,no,turning pitch 0 to 2 st below
Kabalevsky T07,14,32,1,G4,67,u,Bozeman tenor-mezzo midpoint,0.714,crossing,G3,12.5,inside,3,-9,none,not assessed,short,step,1,no,5,middle,no,no,no,crossing
Kabalevsky T07,14,32,3,F#4,66,u,Bozeman tenor-mezzo midpoint,0.357,close,G3,11.5,inside,2,-10,none,not assessed,short,step,-1,no,5,middle,no,no,no,
Kabalevsky T07,14,32,4,E4,64,ɨ,derived from Bozeman tenor-mezzo,0.536,close,A#3,6.11,inside,0,-12,none,not assessed,short,step,-2,no,5,middle,no,yes,no,
Kabalevsky T07,14,32,5.5,G4,67,u,Bozeman tenor-mezzo midpoint,0.179,crossing,G3,12.5,inside,3,-9,none,not assessed,short,leap-up,3,no,5,middle,no,no,no,crossing
Kabalevsky T07,14,32,6,G4,67,ɑ,Bozeman tenor-mezzo midpoint,0.179,close,E4,2.5,inside,3,-9,none,not assessed,short,repeated,0,no,5,middle,no,no,no,
Kabalevsky T07,14,32,6.5,G4,67,u,Bozeman tenor-mezzo midpoint,0.179,crossing,G3,12.5,inside,3,-9,none,not assessed,short,repeated,0,no,5,middle,no,no,no,crossing
Kabalevsky T07,14,33,1,F#4,66,o,Bozeman tenor-mezzo midpoint,0.714,close,C#4,5.5,inside,2,-10,none,not assessed,short,step,-1,no,5,middle,no,no,no,
Kabalevsky T07,14,33,3,F#4,66,i,Bozeman tenor-mezzo midpoint,0.357,above,E3,13.5,inside,2,-10,none,not assessed,short,repeated,0,no,5,middle,no,no,no,
Kabalevsky T07,14,33,4,C#5,73,o,Bozeman tenor-mezzo midpoint,0.536,crossing,C#4,12.5,inside,9,-3,none,not assessed,short,leap-up,7,no,5,middle,no,no,no,crossing
Kabalevsky T07,14,33,5.5,F#4,66,ʌ,derived from Bozeman tenor-mezzo,0.179,close,E4,1.5,inside,2,-10,none,not assessed,short,leap-down,-7,no,5,middle,no,no,no,turning pitch 0 to 2 st below
Kabalevsky T07,14,33,6,F#4,66,ʌ,derived from Bozeman tenor-mezzo,0.179,close,E4,1.5,inside,2,-10,none,not assessed,short,repeated,0,no,5,middle,no,no,no,turning pitch 0 to 2 st below
Kabalevsky T07,14,33,6.5,F#4,66,ɑ,Bozeman tenor-mezzo midpoint,0.179,close,E4,1.5,inside,2,-10,none,not assessed,short,repeated,0,no,5,middle,no,no,no,turning pitch 0 to 2 st below
Kabalevsky T07,14,34,1,B4,71,u,Bozeman tenor-mezzo midpoint,1.071,above,G3,16.5,inside,7,-5,none,not assessed,short,leap-up,5,no,5,middle,no,no,no,
Kabalevsky T07,14,34,4,B4,71,u,Bozeman tenor-mezzo midpoint,0.714,above,G3,16.5,inside,7,-5,none,not assessed,short,tie,0,no,5,middle,no,no,no,
Kabalevsky T07,14,34,6,B4,71,ɑ,Bozeman tenor-mezzo midpoint,0.357,close,E4,6.5,inside,7,-5,none,not assessed,short,repeated,0,no,5,middle,no,no,no,
Kabalevsky T07,14,35,1,D5,74,u,Bozeman tenor-mezzo midpoint,0.714,above,G3,19.5,inside,10,-2,none,not assessed,short,leap-up,3,no,5,middle,no,no,no,
Kabalevsky T07,14,35,3,C#5,73,ʌ,derived from Bozeman tenor-mezzo,0.357,close,E4,8.5,inside,9,-3,none,not assessed,short,step,-1,no,5,middle,no,no,no,
Kabalevsky T07,14,35,4,B4,71,ɑ,Bozeman tenor-mezzo midpoint,0.357,close,E4,6.5,inside,7,-5,none,not assessed,short,step,-2,no,5,middle,no,no,no,
Kabalevsky T07,14,35,5,A4,69,ɑ,Bozeman tenor-mezzo midpoint,0.357,close,E4,4.5,inside,5,-7,none,not assessed,short,step,-2,no,5,middle,no,no,no,
Kabalevsky T07,14,35,6,G4,67,ɑ,Bozeman tenor-mezzo midpoint,0.357,close,E4,2.5,inside,3,-9,none,not assessed,short,step,-2,no,5,middle,no,no,no,
Kabalevsky T07,14,36,1,F#4,66,ɛ,Bozeman tenor-mezzo midpoint,0.714,close,D#4,3.5,inside,2,-10,none,not assessed,short,step,-1,no,5,middle,no,no,no,
Kabalevsky T07,14,36,3,A#4,70,i,Bozeman tenor-mezzo midpoint,0.357,above,E3,17.5,inside,6,-6,none,not assessed,short,leap-up,4,no,5,middle,no,no,no,
Kabalevsky T07,14,36,4,C#5,73,o,Bozeman tenor-mezzo midpoint,0.714,crossing,C#4,12.5,inside,9,-3,none,not assessed,short,leap-up,3,no,5,middle,no,no,no,crossing
Kabalevsky T07,14,36,6,E5,76,ʌ,derived from Bozeman tenor-mezzo,0.357,crossing,E4,11.5,inside,12,0,none,not assessed,short,leap-up,3,no,5,middle,yes,yes,yes,highest of phrase; crossing
Kabalevsky T07,14,37,1,D5,74,u,Bozeman tenor-mezzo midpoint,0.714,above,G3,19.5,inside,10,-2,none,not assessed,short,step,-2,no,5,middle,no,no,no,
Kabalevsky T07,14,37,3,C#5,73,u,Bozeman tenor-mezzo midpoint,0.357,above,G3,18.5,inside,9,-3,none,not assessed,short,step,-1,no,5,middle,no,no,no,
Kabalevsky T07,14,37,4,B4,71,ɨ,derived from Bozeman tenor-mezzo,0.714,above,A#3,13.11,inside,7,-5,none,not assessed,short,step,-2,no,5,middle,no,no,no,
Kabalevsky T07,14,37,6,D5,74,ɑ,Bozeman tenor-mezzo midpoint,0.357,close,E4,9.5,inside,10,-2,none,not assessed,short,leap-up,3,no,5,middle,no,no,no,
Kabalevsky T07,14,38,1,C#5,73,i,Bozeman tenor-mezzo midpoint,0.536,above,E3,20.5,inside,9,-3,none,not assessed,short,step,-1,no,5,middle,no,no,no,
Kabalevsky T07,14,38,2.5,F#4,66,ʌ,derived from Bozeman tenor-mezzo,0.179,close,E4,1.5,inside,2,-10,none,not assessed,short,leap-down,-7,no,5,middle,no,no,no,turning pitch 0 to 2 st below
Kabalevsky T07,14,38,3,F#4,66,i,Bozeman tenor-mezzo midpoint,0.179,above,E3,13.5,inside,2,-10,none,not assessed,short,repeated,0,no,5,middle,no,no,no,
Kabalevsky T07,14,38,3.5,F#4,66,i,Bozeman tenor-mezzo midpoint,0.179,above,E3,13.5,inside,2,-10,none,not assessed,short,repeated,0,no,5,middle,no,no,no,
Kabalevsky T07,14,38,4,C#5,73,e,Bozeman tenor-mezzo midpoint,0.536,close,D4,11.5,inside,9,-3,none,not assessed,short,leap-up,7,no,5,middle,no,no,no,
Kabalevsky T07,14,38,5.5,A4,69,i,Bozeman tenor-mezzo midpoint,0.179,above,E3,16.5,inside,5,-7,none,not assessed,short,leap-down,-4,no,5,middle,no,no,no,
Kabalevsky T07,14,38,6,A4,69,i,Bozeman tenor-mezzo midpoint,0.179,above,E3,16.5,inside,5,-7,none,not assessed,short,repeated,0,no,5,middle,no,no,no,
Kabalevsky T07,14,38,6.5,A4,69,ɑ,Bozeman tenor-mezzo midpoint,0.179,close,E4,4.5,inside,5,-7,none,not assessed,short,repeated,0,no,5,middle,no,no,no,
Kabalevsky T07,14,39,1,D5,74,u,Bozeman tenor-mezzo midpoint,0.714,above,G3,19.5,inside,10,-2,none,not assessed,short,leap-up,5,no,5,middle,no,no,no,
Kabalevsky T07,14,39,3,D5,74,u,Bozeman tenor-mezzo midpoint,0.357,above,G3,19.5,inside,10,-2,none,not assessed,short,tie,0,no,5,last,no,no,no,
Kabalevsky T07,14,44,4,D5,74,ɑ,Bozeman tenor-mezzo midpoint,0.357,close,E4,9.5,inside,10,-2,none,not assessed,short,repeated,0,yes,6,first,no,no,no,
Kabalevsky T07,14,44,5,A#4,70,ʌ,derived from Bozeman tenor-mezzo,0.357,close,E4,5.5,inside,6,-6,none,not assessed,short,leap-down,-4,no,6,middle,no,no,no,
Kabalevsky T07,14,44,6,A4,69,ɑ,Bozeman tenor-mezzo midpoint,0.357,close,E4,4.5,inside,5,-7,none,not assessed,short,step,-1,no,6,middle,no,no,no,
Kabalevsky T07,14,45,1,G4,67,i,Bozeman tenor-mezzo midpoint,0.714,above,E3,14.5,inside,3,-9,none,not assessed,short,step,-2,no,6,middle,no,no,no,
Kabalevsky T07,14,45,3,A4,69,ɑ,Bozeman tenor-mezzo midpoint,0.357,close,E4,4.5,inside,5,-7,none,not assessed,short,step,2,no,6,middle,no,no,no,
Kabalevsky T07,14,45,4,A#4,70,ɑ,Bozeman tenor-mezzo midpoint,0.714,close,E4,5.5,inside,6,-6,none,not assessed,short,step,1,no,6,middle,no,no,no,
Kabalevsky T07,14,45,6,D5,74,ɪ,derived from Bozeman tenor-mezzo,0.357,crossing,D4,11.96,inside,10,-2,none,not assessed,short,leap-up,4,no,6,middle,no,no,no,crossing
Kabalevsky T07,14,46,1,D#5,75,u,Bozeman tenor-mezzo midpoint,0.714,above,G3,20.5,inside,11,-1,none,not assessed,short,step,1,no,6,middle,yes,yes,yes,highest of phrase
Kabalevsky T07,14,46,3,A#4,70,ɑ,Bozeman tenor-mezzo midpoint,0.357,close,E4,5.5,inside,6,-6,none,not assessed,short,leap-down,-5,no,6,middle,no,no,no,
Kabalevsky T07,14,46,4,A#4,70,e,Bozeman tenor-mezzo midpoint,0.714,close,D4,8.5,inside,6,-6,none,not assessed,short,repeated,0,no,6,middle,no,no,no,
Kabalevsky T07,14,46,6,A#4,70,ɪ,derived from Bozeman tenor-mezzo,0.357,close,D4,7.96,inside,6,-6,none,not assessed,short,repeated,0,no,6,last,no,no,no,
Kabalevsky T07,14,47,4,A#4,70,o,Bozeman tenor-mezzo midpoint,0.357,close,C#4,9.5,inside,6,-6,none,not assessed,short,repeated,0,yes,7,first,no,no,no,
Kabalevsky T07,14,47,5,A4,69,ʌ,derived from Bozeman tenor-mezzo,0.357,close,E4,4.5,inside,5,-7,none,not assessed,short,step,-1,no,7,middle,no,no,no,
Kabalevsky T07,14,47,6,A#4,70,i,Bozeman tenor-mezzo midpoint,0.357,above,E3,17.5,inside,6,-6,none,not assessed,short,step,1,no,7,middle,no,no,no,
Kabalevsky T07,14,47,7,C5,72,o,Bozeman tenor-mezzo midpoint,0.714,close,C#4,11.5,inside,8,-4,none,not assessed,short,step,2,no,7,middle,yes,no,no,highest of phrase
Kabalevsky T07,14,47,9,A#4,70,ɨ,derived from Bozeman tenor-mezzo,0.357,crossing,A#3,12.11,inside,6,-6,none,not assessed,short,step,-2,no,7,middle,no,no,no,crossing
Kabalevsky T07,14,48,1,A4,69,u,Bozeman tenor-mezzo midpoint,1.071,above,G3,14.5,inside,5,-7,none,not assessed,short,step,-1,no,7,middle,no,no,no,
Kabalevsky T07,14,48,4,A4,69,u,Bozeman tenor-mezzo midpoint,0.357,above,G3,14.5,inside,5,-7,none,not assessed,short,tie,0,no,7,last,no,no,no,
Kabalevsky T07,14,48,6,F#4,66,ɑ,Bozeman tenor-mezzo midpoint,0.357,close,E4,1.5,inside,2,-10,none,not assessed,short,leap-down,-3,yes,8,first,yes,no,no,highest of phrase; turning pitch 0 to 2 st below
Kabalevsky T07,14,49,1,F#4,66,o,Bozeman tenor-mezzo midpoint,1.071,close,C#4,5.5,inside,2,-10,none,not assessed,short,repeated,0,no,8,middle,yes,no,no,highest of phrase
Kabalevsky T07,14,49,4,F#4,66,o,Bozeman tenor-mezzo midpoint,0.714,close,C#4,5.5,inside,2,-10,none,not assessed,short,tie,0,no,8,middle,yes,no,no,highest of phrase
Kabalevsky T07,14,49,6,C#4,61,ɪ,derived from Bozeman tenor-mezzo,0.357,open,D4,-1.04,below primo,-3,-15,none,not assessed,short,leap-down,-5,no,8,middle,no,no,no,
Kabalevsky T07,14,50,1,D4,62,e,Bozeman tenor-mezzo midpoint,1.071,close,D4,0.5,below primo,-2,-14,none,not assessed,short,step,1,no,8,middle,no,no,no,turning pitch 0 to 2 st below
Kabalevsky T07,14,50,4,D4,62,e,Bozeman tenor-mezzo midpoint,0.714,close,D4,0.5,below primo,-2,-14,none,not assessed,short,tie,0,no,8,middle,no,no,no,turning pitch 0 to 2 st below
Kabalevsky T07,14,50,6,D4,62,i,Bozeman tenor-mezzo midpoint,0.357,close,E3,9.5,below primo,-2,-14,none,not assessed,short,repeated,0,no,8,last,no,no,no,
Kabalevsky T08,15,1,3.5,F#4,66,ɨ,derived from Bozeman tenor-mezzo,0.455,close,A#3,8.11,inside,2,-10,none,not assessed,short,first note,,,0,first,no,no,no,
Kabalevsky T08,15,1,4,F4,65,o,Bozeman tenor-mezzo midpoint,0.455,close,C#4,4.5,inside,1,-11,none,not assessed,short,step,-1,no,0,middle,no,yes,no,
Kabalevsky T08,15,1,4.5,G#4,68,u,Bozeman tenor-mezzo midpoint,0.455,above,G3,13.5,inside,4,-8,none,not assessed,short,leap-up,3,no,0,middle,no,no,no,
Kabalevsky T08,15,2,1,F#4,66,i,Bozeman tenor-mezzo midpoint,0.455,above,E3,13.5,inside,2,-10,none,not assessed,short,step,-2,no,0,middle,no,no,no,
Kabalevsky T08,15,2,1.5,D#4,63,ɑ,Bozeman tenor-mezzo midpoint,0.455,open,E4,-1.5,below primo,-1,-13,none,not assessed,short,leap-down,-3,no,0,middle,no,yes,no,
Kabalevsky T08,15,2,2,D#4,63,ɑ,Bozeman tenor-mezzo midpoint,0.455,open,E4,-1.5,below primo,-1,-13,none,not assessed,short,repeated,0,no,0,middle,no,yes,no,
Kabalevsky T08,15,2,2.5,F#4,66,u,Bozeman tenor-mezzo midpoint,0.455,close,G3,11.5,inside,2,-10,none,not assessed,short,leap-up,3,no,0,middle,no,no,no,
Kabalevsky T08,15,2,3,B4,71,o,Bozeman tenor-mezzo midpoint,1.364,close,C#4,10.5,inside,7,-5,none,not assessed,short,leap-up,5,no,0,middle,no,no,no,
Kabalevsky T08,15,2,4.5,A#4,70,ɑ,Bozeman tenor-mezzo midpoint,0.455,close,E4,5.5,inside,6,-6,none,not assessed,short,step,-1,no,0,middle,no,no,no,
Kabalevsky T08,15,3,1,G#4,68,ɛ,Bozeman tenor-mezzo midpoint,1.818,close,D#4,5.5,inside,4,-8,none,not assessed,short,step,-2,no,0,middle,no,no,no,
Kabalevsky T08,15,3,3,G#4,68,ɛ,Bozeman tenor-mezzo midpoint,0.455,close,D#4,5.5,inside,4,-8,none,not assessed,short,tie,0,no,0,middle,no,no,no,
Kabalevsky T08,15,3,3.5,G#4,68,ɑ,Bozeman tenor-mezzo midpoint,0.455,close,E4,3.5,inside,4,-8,none,not assessed,short,repeated,0,no,0,middle,no,no,no,
Kabalevsky T08,15,3,4,A#4,70,u,Bozeman tenor-mezzo midpoint,0.455,above,G3,15.5,inside,6,-6,none,not assessed,short,step,2,no,0,middle,no,no,no,
Kabalevsky T08,15,3,4.5,B4,71,ɑ,Bozeman tenor-mezzo midpoint,0.455,close,E4,6.5,inside,7,-5,none,not assessed,short,step,1,no,0,middle,no,no,no,
Kabalevsky T08,15,4,1,C#5,73,o,Bozeman tenor-mezzo midpoint,1.364,crossing,C#4,12.5,inside,9,-3,none,not assessed,short,step,2,no,0,middle,yes,no,no,highest of phrase; crossing
Kabalevsky T08,15,4,2.5,G#4,68,i,Bozeman tenor-mezzo midpoint,0.455,above,E3,15.5,inside,4,-8,none,not assessed,short,leap-down,-5,no,0,middle,no,no,no,
Kabalevsky T08,15,4,3,C#5,73,ɑ,Bozeman tenor-mezzo midpoint,0.455,close,E4,8.5,inside,9,-3,none,not assessed,short,leap-up,5,no,0,middle,yes,no,no,highest of phrase
Kabalevsky T08,15,4,3.5,B4,71,ɨ,derived from Bozeman tenor-mezzo,0.455,above,A#3,13.11,inside,7,-5,none,not assessed,short,step,-2,no,0,middle,no,no,no,
Kabalevsky T08,15,4,4,A#4,70,i,Bozeman tenor-mezzo midpoint,0.455,above,E3,17.5,inside,6,-6,none,not assessed,short,step,-1,no,0,middle,no,no,no,
Kabalevsky T08,15,4,4.5,G#4,68,ɨ,derived from Bozeman tenor-mezzo,0.455,close,A#3,10.11,inside,4,-8,none,not assessed,short,step,-2,no,0,middle,no,no,no,
Kabalevsky T08,15,5,1,A#4,70,e,Bozeman tenor-mezzo midpoint,1.818,close,D4,8.5,inside,6,-6,none,not assessed,short,step,2,no,0,middle,no,no,no,
Kabalevsky T08,15,5,3,A#4,70,e,Bozeman tenor-mezzo midpoint,0.455,close,D4,8.5,inside,6,-6,none,not assessed,short,tie,0,no,0,middle,no,no,no,
Kabalevsky T08,15,5,3.5,F#4,66,ɪ,derived from Bozeman tenor-mezzo,0.455,close,D4,3.96,inside,2,-10,none,not assessed,short,leap-down,-4,no,0,middle,no,no,no,
Kabalevsky T08,15,5,4,A#4,70,ʌ,derived from Bozeman tenor-mezzo,0.455,close,E4,5.5,inside,6,-6,none,not assessed,short,leap-up,4,no,0,middle,no,no,no,
Kabalevsky T08,15,5,4.5,C#5,73,i,Bozeman tenor-mezzo midpoint,0.455,above,E3,20.5,inside,9,-3,none,not assessed,short,leap-up,3,no,0,middle,yes,no,no,highest of phrase
Kabalevsky T08,15,6,1,B4,71,i,Bozeman tenor-mezzo midpoint,0.455,above,E3,18.5,inside,7,-5,none,not assessed,short,step,-2,no,0,middle,no,no,no,
Kabalevsky T08,15,6,1.5,G#4,68,o,Bozeman tenor-mezzo midpoint,0.455,close,C#4,7.5,inside,4,-8,none,not assessed,short,leap-down,-3,no,0,middle,no,no,no,
Kabalevsky T08,15,6,2,F#4,66,ɛ,Bozeman tenor-mezzo midpoint,0.455,close,D#4,3.5,inside,2,-10,none,not assessed,short,step,-2,no,0,middle,no,no,no,
Kabalevsky T08,15,6,2.5,E4,64,ʌ,derived from Bozeman tenor-mezzo,0.455,open,E4,-0.5,inside,0,-12,none,not assessed,short,step,-2,no,0,middle,no,yes,no,
Kabalevsky T08,15,6,3,G#4,68,i,Bozeman tenor-mezzo midpoint,1.364,above,E3,15.5,inside,4,-8,none,not assessed,short,leap-up,4,no,0,middle,no,no,no,
Kabalevsky T08,15,6,4.5,D#4,63,ɨ,derived from Bozeman tenor-mezzo,0.455,close,A#3,5.11,below primo,-1,-13,none,not assessed,short,leap-down,-5,no,0,middle,no,yes,no,
Kabalevsky T08,15,7,1,G#4,68,ɛ,Bozeman tenor-mezzo midpoint,1.818,close,D#4,5.5,inside,4,-8,none,not assessed,short,leap-up,5,no,0,middle,no,no,no,
Kabalevsky T08,15,7,3,G#4,68,ɛ,Bozeman tenor-mezzo midpoint,0.455,close,D#4,5.5,inside,4,-8,none,not assessed,short,tie,0,no,0,middle,no,no,no,
Kabalevsky T08,15,7,3.5,C#4,61,ɑ,Bozeman tenor-mezzo midpoint,0.455,open,E4,-3.5,below primo,-3,-15,none,not assessed,short,leap-down,-7,no,0,middle,no,no,no,
Kabalevsky T08,15,7,4,E4,64,ʌ,derived from Bozeman tenor-mezzo,0.455,open,E4,-0.5,inside,0,-12,none,not assessed,short,leap-up,3,no,0,middle,no,yes,no,
Kabalevsky T08,15,7,4.5,G#4,68,i,Bozeman tenor-mezzo midpoint,0.455,above,E3,15.5,inside,4,-8,none,not assessed,short,leap-up,4,no,0,middle,no,no,no,
Kabalevsky T08,15,8,1,A#4,70,ɑ,Bozeman tenor-mezzo midpoint,1.364,close,E4,5.5,inside,6,-6,none,not assessed,short,step,2,no,0,middle,no,no,no,
Kabalevsky T08,15,8,2.5,G#4,68,ɑ,Bozeman tenor-mezzo midpoint,0.455,close,E4,3.5,inside,4,-8,none,not assessed,short,step,-2,no,0,middle,no,no,no,
Kabalevsky T08,15,8,3,F#4,66,i,Bozeman tenor-mezzo midpoint,0.455,above,E3,13.5,inside,2,-10,none,not assessed,short,step,-2,no,0,middle,no,no,no,
Kabalevsky T08,15,8,3.5,G#4,68,ɨ,derived from Bozeman tenor-mezzo,0.455,close,A#3,10.11,inside,4,-8,none,not assessed,short,step,2,no,0,middle,no,no,no,
Kabalevsky T08,15,8,4,A#4,70,i,Bozeman tenor-mezzo midpoint,0.455,above,E3,17.5,inside,6,-6,none,not assessed,short,step,2,no,0,middle,no,no,no,
Kabalevsky T08,15,8,4.5,C#5,73,ɪ,derived from Bozeman tenor-mezzo,0.455,close,D4,10.96,inside,9,-3,none,not assessed,short,leap-up,3,no,0,middle,yes,no,no,highest of phrase
Kabalevsky T08,15,9,1,B4,71,e,Bozeman tenor-mezzo midpoint,1.818,close,D4,9.5,inside,7,-5,none,not assessed,short,step,-2,no,0,middle,no,no,no,
Kabalevsky T08,15,9,3,B4,71,e,Bozeman tenor-mezzo midpoint,0.455,close,D4,9.5,inside,7,-5,none,not assessed,short,tie,0,no,0,last,no,no,no,
Kabalevsky T08,15,9,4.5,B4,71,i,Bozeman tenor-mezzo midpoint,0.455,above,E3,18.5,inside,7,-5,none,not assessed,short,repeated,0,yes,1,first,no,no,no,
Kabalevsky T08,15,10,1,B4,71,ɛ,Bozeman tenor-mezzo midpoint,0.455,close,D#4,8.5,inside,7,-5,none,not assessed,short,repeated,0,no,1,middle,no,no,no,
Kabalevsky T08,15,10,1.5,G#4,68,i,Bozeman tenor-mezzo midpoint,0.455,above,E3,15.5,inside,4,-8,none,not assessed,short,leap-down,-3,no,1,middle,no,no,no,
Kabalevsky T08,15,10,2,G#4,68,i,Bozeman tenor-mezzo midpoint,0.455,above,E3,15.5,inside,4,-8,none,not assessed,short,repeated,0,no,1,middle,no,no,no,
Kabalevsky T08,15,10,2.5,B4,71,i,Bozeman tenor-mezzo midpoint,0.455,above,E3,18.5,inside,7,-5,none,not assessed,short,leap-up,3,no,1,middle,no,no,no,
Kabalevsky T08,15,10,3,E5,76,o,Bozeman tenor-mezzo midpoint,0.455,above,C#4,15.5,inside,12,0,none,not assessed,short,leap-up,5,no,1,middle,yes,yes,yes,highest of phrase
Kabalevsky T08,15,10,3.5,D#5,75,ɨ,derived from Bozeman tenor-mezzo,0.455,above,A#3,17.11,inside,11,-1,none,not assessed,short,step,-1,no,1,middle,no,yes,no,
Kabalevsky T08,15,10,4,D#5,75,o,Bozeman tenor-mezzo midpoint,0.455,above,C#4,14.5,inside,11,-1,none,not assessed,short,repeated,0,no,1,middle,no,yes,no,
Kabalevsky T08,15,10,4.5,E5,76,ɑ,Bozeman tenor-mezzo midpoint,0.455,crossing,E4,11.5,inside,12,0,none,not assessed,short,step,1,no,1,middle,yes,yes,yes,highest of phrase; crossing
Kabalevsky T08,15,11,1,C#5,73,ɛ,Bozeman tenor-mezzo midpoint,1.818,close,D#4,10.5,inside,9,-3,none,not assessed,short,leap-down,-3,no,1,middle,no,no,no,
Kabalevsky T08,15,11,3,C#5,73,ɛ,Bozeman tenor-mezzo midpoint,0.455,close,D#4,10.5,inside,9,-3,none,not assessed,short,tie,0,no,1,middle,no,no,no,
Kabalevsky T08,15,11,3.5,G#4,68,ɨ,derived from Bozeman tenor-mezzo,0.455,close,A#3,10.11,inside,4,-8,none,not assessed,short,leap-down,-5,no,1,middle,no,no,no,
Kabalevsky T08,15,11,4,G#4,68,ʌ,derived from Bozeman tenor-mezzo,0.455,close,E4,3.5,inside,4,-8,none,not assessed,short,repeated,0,no,1,middle,no,no,no,
Kabalevsky T08,15,11,4.5,G#4,68,u,Bozeman tenor-mezzo midpoint,0.455,above,G3,13.5,inside,4,-8,none,not assessed,short,repeated,0,no,1,middle,no,no,no,
Kabalevsky T08,15,12,1,A4,69,ɛ,Bozeman tenor-mezzo midpoint,1.364,close,D#4,6.5,inside,5,-7,none,not assessed,short,step,1,no,1,middle,no,no,no,
Kabalevsky T08,15,12,2.5,G#4,68,ɑ,Bozeman tenor-mezzo midpoint,0.455,close,E4,3.5,inside,4,-8,none,not assessed,short,step,-1,no,1,middle,no,no,no,
Kabalevsky T08,15,12,3,C#5,73,ɨ,derived from Bozeman tenor-mezzo,0.455,above,A#3,15.11,inside,9,-3,none,not assessed,short,leap-up,5,no,1,middle,no,no,no,
Kabalevsky T08,15,12,3.5,A4,69,ɨ,derived from Bozeman tenor-mezzo,0.455,close,A#3,11.11,inside,5,-7,none,not assessed,short,leap-down,-4,no,1,middle,no,no,no,
Kabalevsky T08,15,12,4,A4,69,ɪ,derived from Bozeman tenor-mezzo,0.455,close,D4,6.96,inside,5,-7,none,not assessed,short,repeated,0,no,1,middle,no,no,no,
Kabalevsky T08,15,12,4.5,F#4,66,ɑ,Bozeman tenor-mezzo midpoint,0.455,close,E4,1.5,inside,2,-10,none,not assessed,short,leap-down,-3,no,1,middle,no,no,no,turning pitch 0 to 2 st below
Kabalevsky T08,15,13,1,G#4,68,e,Bozeman tenor-mezzo midpoint,1.818,close,D4,6.5,inside,4,-8,none,not assessed,short,step,2,no,1,middle,no,no,no,
Kabalevsky T08,15,13,3,G#4,68,e,Bozeman tenor-mezzo midpoint,0.455,close,D4,6.5,inside,4,-8,none,not assessed,short,tie,0,no,1,last,no,no,no,
Kabalevsky T08,15,13,3.5,G#4,68,ɑ,Bozeman tenor-mezzo midpoint,0.455,close,E4,3.5,inside,4,-8,none,not assessed,short,repeated,0,no,2,first,no,no,no,
Kabalevsky T08,15,13,4,C5,72,ɪ,derived from Bozeman tenor-mezzo,0.455,close,D4,9.96,inside,8,-4,none,not assessed,short,leap-up,4,no,2,middle,no,no,no,
Kabalevsky T08,15,13,4.5,D#5,75,ɑ,Bozeman tenor-mezzo midpoint,0.455,close,E4,10.5,inside,11,-1,none,not assessed,short,leap-up,3,no,2,middle,no,yes,no,
Kabalevsky T08,15,14,1,C#5,73,u,Bozeman tenor-mezzo midpoint,1.364,above,G3,18.5,inside,9,-3,none,not assessed,short,step,-2,no,2,middle,no,no,no,
Kabalevsky T08,15,14,2.5,A4,69,u,Bozeman tenor-mezzo midpoint,0.455,above,G3,14.5,inside,5,-7,none,not assessed,short,leap-down,-4,no,2,middle,no,no,no,
Kabalevsky T08,15,14,3,G#4,68,ɑ,Bozeman tenor-mezzo midpoint,0.455,close,E4,3.5,inside,4,-8,none,not assessed,short,step,-1,no,2,middle,no,no,no,
Kabalevsky T08,15,14,3.5,G#4,68,i,Bozeman tenor-mezzo midpoint,0.455,above,E3,15.5,inside,4,-8,none,not assessed,short,repeated,0,no,2,middle,no,no,no,
Kabalevsky T08,15,14,4,C5,72,ɛ,Bozeman tenor-mezzo midpoint,0.455,close,D#4,9.5,inside,8,-4,none,not assessed,short,leap-up,4,no,2,middle,no,no,no,
Kabalevsky T08,15,14,4.5,D#5,75,ɨ,derived from Bozeman tenor-mezzo,0.455,above,A#3,17.11,inside,11,-1,none,not assessed,short,leap-up,3,no,2,middle,no,yes,no,
Kabalevsky T08,15,15,1,C#5,73,ɛ,Bozeman tenor-mezzo midpoint,1.818,close,D#4,10.5,inside,9,-3,none,not assessed,short,step,-2,no,2,middle,no,no,no,
Kabalevsky T08,15,15,3,C#5,73,ɛ,Bozeman tenor-mezzo midpoint,0.455,close,D#4,10.5,inside,9,-3,none,not assessed,short,tie,0,no,2,middle,no,no,no,
Kabalevsky T08,15,15,3.5,C#5,73,ɑ,Bozeman tenor-mezzo midpoint,0.455,close,E4,8.5,inside,9,-3,none,not assessed,short,repeated,0,no,2,middle,no,no,no,
Kabalevsky T08,15,15,4,D#5,75,e,Bozeman tenor-mezzo midpoint,0.455,above,D4,13.5,inside,11,-1,none,not assessed,short,step,2,no,2,middle,no,yes,no,
Kabalevsky T08,15,15,4.5,E5,76,u,Bozeman tenor-mezzo midpoint,0.455,above,G3,21.5,inside,12,0,none,not assessed,short,step,1,no,2,middle,yes,yes,yes,highest of phrase
Kabalevsky T08,15,16,1,D#5,75,i,Bozeman tenor-mezzo midpoint,1.364,above,E3,22.5,inside,11,-1,none,not assessed,short,step,-1,no,2,middle,no,yes,no,
Kabalevsky T08,15,16,2.5,A#4,70,ɨ,derived from Bozeman tenor-mezzo,0.455,crossing,A#3,12.11,inside,6,-6,none,not assessed,short,leap-down,-5,no,2,middle,no,no,no,crossing
Kabalevsky T08,15,16,3,C#5,73,ɑ,Bozeman tenor-mezzo midpoint,0.455,close,E4,8.5,inside,9,-3,none,not assessed,short,leap-up,3,no,2,middle,no,no,no,
Kabalevsky T08,15,16,3.5,C#5,73,ɑ,Bozeman tenor-mezzo midpoint,0.455,close,E4,8.5,inside,9,-3,none,not assessed,short,repeated,0,no,2,middle,no,no,no,
Kabalevsky T08,15,16,4,D#5,75,u,Bozeman tenor-mezzo midpoint,0.455,above,G3,20.5,inside,11,-1,none,not assessed,short,step,2,no,2,middle,no,yes,no,
Kabalevsky T08,15,16,4.5,E5,76,ɑ,Bozeman tenor-mezzo midpoint,0.455,crossing,E4,11.5,inside,12,0,none,not assessed,short,step,1,no,2,middle,yes,yes,yes,highest of phrase; crossing
Kabalevsky T08,15,17,1,D#5,75,e,Bozeman tenor-mezzo midpoint,3.636,above,D4,13.5,inside,11,-1,none,not assessed,held,step,-1,no,2,middle,no,yes,yes,held
Kabalevsky T08,15,18,1,D#5,75,e,Bozeman tenor-mezzo midpoint,0.455,above,D4,13.5,inside,11,-1,none,not assessed,held,tie,0,no,2,last,no,yes,yes,held
Kabalevsky T08,15,18,3.5,F#4,66,ɑ,Bozeman tenor-mezzo midpoint,0.455,close,E4,1.5,inside,2,-10,none,not assessed,short,leap-down,-9,yes,3,first,no,no,no,turning pitch 0 to 2 st below
Kabalevsky T08,15,18,4,F4,65,ɪ,derived from Bozeman tenor-mezzo,0.455,close,D4,2.96,inside,1,-11,none,not assessed,short,step,-1,no,3,middle,no,yes,no,
Kabalevsky T08,15,18,4.5,G#4,68,ɑ,Bozeman tenor-mezzo midpoint,0.455,close,E4,3.5,inside,4,-8,none,not assessed,short,leap-up,3,no,3,middle,no,no,no,
Kabalevsky T08,15,19,1,F#4,66,u,Bozeman tenor-mezzo midpoint,1.364,close,G3,11.5,inside,2,-10,none,not assessed,short,step,-2,no,3,middle,no,no,no,
Kabalevsky T08,15,19,2.5,D#4,63,o,Bozeman tenor-mezzo midpoint,0.455,close,C#4,2.5,below primo,-1,-13,none,not assessed,short,leap-down,-3,no,3,middle,no,yes,no,
Kabalevsky T08,15,19,3,B4,71,ɛ,Bozeman tenor-mezzo midpoint,0.455,close,D#4,8.5,inside,7,-5,none,not assessed,short,leap-up,8,no,3,middle,no,no,no,
Kabalevsky T08,15,19,3.5,A#4,70,ʌ,derived from Bozeman tenor-mezzo,0.455,close,E4,5.5,inside,6,-6,none,not assessed,short,step,-1,no,3,middle,no,no,no,
Kabalevsky T08,15,19,4,A#4,70,e,Bozeman tenor-mezzo midpoint,0.455,close,D4,8.5,inside,6,-6,none,not assessed,short,repeated,0,no,3,middle,no,no,no,
Kabalevsky T08,15,19,4.5,B4,71,i,Bozeman tenor-mezzo midpoint,0.455,above,E3,18.5,inside,7,-5,none,not assessed,short,step,1,no,3,middle,no,no,no,
Kabalevsky T08,15,20,1,G#4,68,o,Bozeman tenor-mezzo midpoint,1.818,close,C#4,7.5,inside,4,-8,none,not assessed,held,leap-down,-3,no,3,middle,no,no,no,held
Kabalevsky T08,15,20,3,G#4,68,o,Bozeman tenor-mezzo midpoint,1.364,close,C#4,7.5,inside,4,-8,none,not assessed,held,tie,0,no,3,middle,no,no,no,held
Kabalevsky T08,15,20,4.5,G#4,68,i,Bozeman tenor-mezzo midpoint,0.455,above,E3,15.5,inside,4,-8,none,not assessed,short,repeated,0,no,3,middle,no,no,no,
Kabalevsky T08,15,21,1,A#4,70,ɑ,Bozeman tenor-mezzo midpoint,0.455,close,E4,5.5,inside,6,-6,none,not assessed,short,step,2,no,3,middle,no,no,no,
Kabalevsky T08,15,21,1.5,B4,71,ʌ,derived from Bozeman tenor-mezzo,0.455,close,E4,6.5,inside,7,-5,none,not assessed,short,step,1,no,3,middle,no,no,no,
Kabalevsky T08,15,21,2,A#4,70,ʌ,derived from Bozeman tenor-mezzo,0.455,close,E4,5.5,inside,6,-6,none,not assessed,short,step,-1,no,3,middle,no,no,no,
Kabalevsky T08,15,21,2.5,G#4,68,i,Bozeman tenor-mezzo midpoint,0.455,above,E3,15.5,inside,4,-8,none,not assessed,short,step,-2,no,3,middle,no,no,no,
Kabalevsky T08,15,21,3,C#5,73,ɑ,Bozeman tenor-mezzo midpoint,0.455,close,E4,8.5,inside,9,-3,none,not assessed,short,leap-up,5,no,3,middle,yes,no,no,highest of phrase
Kabalevsky T08,15,21,3.5,B4,71,ʌ,derived from Bozeman tenor-mezzo,0.455,close,E4,6.5,inside,7,-5,none,not assessed,short,step,-2,no,3,middle,no,no,no,
Kabalevsky T08,15,21,4,A#4,70,o,Bozeman tenor-mezzo midpoint,0.455,close,C#4,9.5,inside,6,-6,none,not assessed,short,step,-1,no,3,middle,no,no,no,
Kabalevsky T08,15,21,4.5,G#4,68,i,Bozeman tenor-mezzo midpoint,0.455,above,E3,15.5,inside,4,-8,none,not assessed,short,step,-2,no,3,middle,no,no,no,
Kabalevsky T08,15,22,1,A#4,70,o,Bozeman tenor-mezzo midpoint,1.818,close,C#4,9.5,inside,6,-6,none,not assessed,short,step,2,no,3,middle,no,no,no,
Kabalevsky T08,15,22,3,A#4,70,o,Bozeman tenor-mezzo midpoint,0.455,close,C#4,9.5,inside,6,-6,none,not assessed,short,tie,0,no,3,middle,no,no,no,
Kabalevsky T08,15,22,3.5,F#4,66,u,Bozeman tenor-mezzo midpoint,0.455,close,G3,11.5,inside,2,-10,none,not assessed,short,leap-down,-4,no,3,middle,no,no,no,
Kabalevsky T08,15,22,4,A#4,70,ɑ,Bozeman tenor-mezzo midpoint,0.455,close,E4,5.5,inside,6,-6,none,not assessed,short,leap-up,4,no,3,middle,no,no,no,
Kabalevsky T08,15,22,4.5,C#5,73,ɑ,Bozeman tenor-mezzo midpoint,0.455,close,E4,8.5,inside,9,-3,none,not assessed,short,leap-up,3,no,3,middle,yes,no,no,highest of phrase
Kabalevsky T08,15,23,1,B4,71,u,Bozeman tenor-mezzo midpoint,1.364,above,G3,16.5,inside,7,-5,none,not assessed,short,step,-2,no,3,middle,no,no,no,
Kabalevsky T08,15,23,2.5,G#4,68,ɑ,Bozeman tenor-mezzo midpoint,0.455,close,E4,3.5,inside,4,-8,none,not assessed,short,leap-down,-3,no,3,middle,no,no,no,
Kabalevsky T08,15,23,3,F#4,66,i,Bozeman tenor-mezzo midpoint,0.455,above,E3,13.5,inside,2,-10,none,not assessed,short,step,-2,no,3,middle,no,no,no,
Kabalevsky T08,15,23,3.5,E4,64,i,Bozeman tenor-mezzo midpoint,0.455,crossing,E3,11.5,inside,0,-12,none,not assessed,short,step,-2,no,3,middle,no,yes,yes,crossing
Kabalevsky T08,15,23,4,G#4,68,o,Bozeman tenor-mezzo midpoint,0.455,close,C#4,7.5,inside,4,-8,none,not assessed,short,leap-up,4,no,3,middle,no,no,no,
Kabalevsky T08,15,23,4.5,D#4,63,ɨ,derived from Bozeman tenor-mezzo,0.455,close,A#3,5.11,below primo,-1,-13,none,not assessed,short,leap-down,-5,no,3,middle,no,yes,no,
Kabalevsky T08,15,24,1,G#4,68,o,Bozeman tenor-mezzo midpoint,1.818,close,C#4,7.5,inside,4,-8,none,not assessed,short,leap-up,5,no,3,middle,no,no,no,
Kabalevsky T08,15,24,3,G#4,68,o,Bozeman tenor-mezzo midpoint,0.455,close,C#4,7.5,inside,4,-8,none,not assessed,short,tie,0,no,3,middle,no,no,no,
Kabalevsky T08,15,24,3.5,C#4,61,ɑ,Bozeman tenor-mezzo midpoint,0.455,open,E4,-3.5,below primo,-3,-15,none,not assessed,short,leap-down,-7,no,3,middle,no,no,no,
Kabalevsky T08,15,24,4,E4,64,o,Bozeman tenor-mezzo midpoint,0.455,close,C#4,3.5,inside,0,-12,none,not assessed,short,leap-up,3,no,3,middle,no,yes,no,
Kabalevsky T08,15,24,4.5,G#4,68,ɨ,derived from Bozeman tenor-mezzo,0.455,close,A#3,10.11,inside,4,-8,none,not assessed,short,leap-up,4,no,3,middle,no,no,no,
Kabalevsky T08,15,25,1,A#4,70,ɑ,Bozeman tenor-mezzo midpoint,0.455,close,E4,5.5,inside,6,-6,none,not assessed,short,step,2,no,3,middle,no,no,no,
Kabalevsky T08,15,25,1.5,G#4,68,ɪ,derived from Bozeman tenor-mezzo,0.455,close,D4,5.96,inside,4,-8,none,not assessed,short,step,-2,no,3,middle,no,no,no,
Kabalevsky T08,15,25,2,F#4,66,i,Bozeman tenor-mezzo midpoint,0.455,above,E3,13.5,inside,2,-10,none,not assessed,short,step,-2,no,3,middle,no,no,no,
Kabalevsky T08,15,25,2.5,G#4,68,ɑ,Bozeman tenor-mezzo midpoint,0.455,close,E4,3.5,inside,4,-8,none,not assessed,short,step,2,no,3,middle,no,no,no,
Kabalevsky T08,15,25,3,A#4,70,ɑ,Bozeman tenor-mezzo midpoint,1.364,close,E4,5.5,inside,6,-6,none,not assessed,short,step,2,no,3,middle,no,no,no,
Kabalevsky T08,15,25,4.5,C#5,73,u,Bozeman tenor-mezzo midpoint,0.455,above,G3,18.5,inside,9,-3,none,not assessed,short,leap-up,3,no,3,middle,yes,no,no,highest of phrase
Kabalevsky T08,15,26,1,F#4,66,o,Bozeman tenor-mezzo midpoint,1.818,close,C#4,5.5,inside,2,-10,none,not assessed,short,leap-down,-7,no,3,middle,no,no,no,
Kabalevsky T08,15,26,3,F#4,66,o,Bozeman tenor-mezzo midpoint,0.455,close,C#4,5.5,inside,2,-10,none,not assessed,short,tie,0,no,3,last,no,no,no,
Kabalevsky T08,15,26,3.5,F#4,66,ɑ,Bozeman tenor-mezzo midpoint,0.455,close,E4,1.5,inside,2,-10,none,not assessed,short,repeated,0,no,4,first,no,no,no,turning pitch 0 to 2 st below
Kabalevsky T08,15,26,4,F#4,66,ɪ,derived from Bozeman tenor-mezzo,0.455,close,D4,3.96,inside,2,-10,none,not assessed,short,repeated,0,no,4,middle,no,no,no,
Kabalevsky T08,15,26,4.5,F#4,66,ɑ,Bozeman tenor-mezzo midpoint,0.455,close,E4,1.5,inside,2,-10,none,not assessed,short,repeated,0,no,4,middle,no,no,no,turning pitch 0 to 2 st below
Kabalevsky T08,15,27,1,F#4,66,u,Bozeman tenor-mezzo midpoint,1.818,close,G3,11.5,inside,2,-10,none,not assessed,short,repeated,0,no,4,middle,no,no,no,
Kabalevsky T08,15,27,3,F#4,66,u,Bozeman tenor-mezzo midpoint,0.455,close,G3,11.5,inside,2,-10,none,not assessed,short,tie,0,no,4,middle,no,no,no,
Kabalevsky T08,15,27,3.5,F#4,66,o,Bozeman tenor-mezzo midpoint,0.455,close,C#4,5.5,inside,2,-10,none,not assessed,short,repeated,0,no,4,middle,no,no,no,
Kabalevsky T08,15,27,4,F#4,66,ɨ,derived from Bozeman tenor-mezzo,0.455,close,A#3,8.11,inside,2,-10,none,not assessed,short,repeated,0,no,4,middle,no,no,no,
Kabalevsky T08,15,27,4.5,F#4,66,ɑ,Bozeman tenor-mezzo midpoint,0.455,close,E4,1.5,inside,2,-10,none,not assessed,short,repeated,0,no,4,middle,no,no,no,turning pitch 0 to 2 st below
Kabalevsky T08,15,28,1,F#4,66,e,Bozeman tenor-mezzo midpoint,1.364,close,D4,4.5,inside,2,-10,none,not assessed,short,repeated,0,no,4,middle,no,no,no,
Kabalevsky T08,15,28,2.5,F4,65,ɑ,Bozeman tenor-mezzo midpoint,0.455,close,E4,0.5,inside,1,-11,none,not assessed,short,step,-1,no,4,middle,no,yes,yes,turning pitch 0 to 2 st below
Kabalevsky T08,15,28,3,F#4,66,o,Bozeman tenor-mezzo midpoint,1.818,close,C#4,5.5,inside,2,-10,none,not assessed,short,step,1,no,4,middle,no,no,no,
Kabalevsky T08,15,29,1,A4,69,ɨ,derived from Bozeman tenor-mezzo,0.909,close,A#3,11.11,inside,5,-7,none,not assessed,short,leap-up,3,no,4,middle,no,no,no,
Kabalevsky T08,15,29,2,G#4,68,ɪ,derived from Bozeman tenor-mezzo,0.455,close,D4,5.96,inside,4,-8,none,not assessed,short,step,-1,no,4,middle,no,no,no,
Kabalevsky T08,15,29,2.5,F#4,66,ɑ,Bozeman tenor-mezzo midpoint,0.455,close,E4,1.5,inside,2,-10,none,not assessed,short,step,-2,no,4,middle,no,no,no,turning pitch 0 to 2 st below
Kabalevsky T08,15,29,3,G#4,68,ɑ,Bozeman tenor-mezzo midpoint,0.455,close,E4,3.5,inside,4,-8,none,not assessed,short,step,2,no,4,middle,no,no,no,
Kabalevsky T08,15,29,3.5,C#5,73,i,Bozeman tenor-mezzo midpoint,0.455,above,E3,20.5,inside,9,-3,none,not assessed,short,leap-up,5,no,4,middle,no,no,no,
Kabalevsky T08,15,29,4,D#5,75,ɑ,Bozeman tenor-mezzo midpoint,0.455,close,E4,10.5,inside,11,-1,none,not assessed,short,step,2,no,4,middle,no,yes,no,
Kabalevsky T08,15,29,4.5,E5,76,ɑ,Bozeman tenor-mezzo midpoint,0.455,crossing,E4,11.5,inside,12,0,none,not assessed,short,step,1,no,4,middle,yes,yes,yes,highest of phrase; crossing
Kabalevsky T08,15,30,1,D#5,75,ɛ,Bozeman tenor-mezzo midpoint,1.364,crossing,D#4,12.5,inside,11,-1,none,not assessed,short,step,-1,no,4,middle,no,yes,yes,crossing
Kabalevsky T08,15,30,2.5,A#4,70,u,Bozeman tenor-mezzo midpoint,0.455,above,G3,15.5,inside,6,-6,none,not assessed,short,leap-down,-5,no,4,middle,no,no,no,
Kabalevsky T08,15,30,3,B4,71,o,Bozeman tenor-mezzo midpoint,1.818,close,C#4,10.5,inside,7,-5,none,not assessed,short,step,1,no,4,middle,no,no,no,
Kabalevsky T08,15,31,1,B4,71,o,Bozeman tenor-mezzo midpoint,0.455,close,C#4,10.5,inside,7,-5,none,not assessed,short,tie,0,no,4,last,no,no,no,
Kabalevsky T09,13,4,4.5,B4,71,u,Bozeman tenor-mezzo midpoint,0.357,above,G3,16.5,inside,7,-5,none,not assessed,short,first note,,,0,first,no,no,no,
Kabalevsky T09,13,5,1,C5,72,ɛ,Bozeman tenor-mezzo midpoint,0.357,close,D#4,9.5,inside,8,-4,none,not assessed,short,step,1,no,0,middle,no,no,no,
Kabalevsky T09,13,5,1.5,B4,71,i,Bozeman tenor-mezzo midpoint,0.357,above,E3,18.5,inside,7,-5,none,not assessed,short,step,-1,no,0,middle,no,no,no,
Kabalevsky T09,13,5,2,B4,71,ɨ,derived from Bozeman tenor-mezzo,0.357,above,A#3,13.11,inside,7,-5,none,not assessed,short,repeated,0,no,0,middle,no,no,no,
Kabalevsky T09,13,5,2.5,C5,72,ɑ,Bozeman tenor-mezzo midpoint,0.357,close,E4,7.5,inside,8,-4,none,not assessed,short,step,1,no,0,middle,no,no,no,
Kabalevsky T09,13,5,3,C5,72,u,Bozeman tenor-mezzo midpoint,0.357,above,G3,17.5,inside,8,-4,none,not assessed,short,repeated,0,no,0,middle,no,no,no,
Kabalevsky T09,13,5,3.5,A4,69,i,Bozeman tenor-mezzo midpoint,0.357,above,E3,16.5,inside,5,-7,none,not assessed,short,leap-down,-3,no,0,middle,no,no,no,
Kabalevsky T09,13,5,4,A#4,70,ɑ,Bozeman tenor-mezzo midpoint,0.357,close,E4,5.5,inside,6,-6,none,not assessed,short,step,1,no,0,middle,no,no,no,
Kabalevsky T09,13,5,4.5,B4,71,i,Bozeman tenor-mezzo midpoint,0.357,above,E3,18.5,inside,7,-5,none,not assessed,short,step,1,no,0,middle,no,no,no,
Kabalevsky T09,13,6,1,D5,74,e,Bozeman tenor-mezzo midpoint,2.143,crossing,D4,12.5,inside,10,-2,none,not assessed,short,leap-up,3,no,0,last,yes,no,no,highest of phrase; crossing
Kabalevsky T09,13,6,4.5,B4,71,i,Bozeman tenor-mezzo midpoint,0.357,above,E3,18.5,inside,7,-5,none,not assessed,short,leap-down,-3,yes,1,first,no,no,no,
Kabalevsky T09,13,7,1,D5,74,e,Bozeman tenor-mezzo midpoint,0.357,crossing,D4,12.5,inside,10,-2,none,not assessed,short,leap-up,3,no,1,middle,yes,no,no,highest of phrase; crossing
Kabalevsky T09,13,7,1.5,C5,72,ɑ,Bozeman tenor-mezzo midpoint,0.357,close,E4,7.5,inside,8,-4,none,not assessed,short,step,-2,no,1,middle,no,no,no,
Kabalevsky T09,13,7,2,B4,71,ɑ,Bozeman tenor-mezzo midpoint,0.357,close,E4,6.5,inside,7,-5,none,not assessed,short,step,-1,no,1,middle,no,no,no,
Kabalevsky T09,13,7,2.5,C5,72,e,Bozeman tenor-mezzo midpoint,0.357,close,D4,10.5,inside,8,-4,none,not assessed,short,step,1,no,1,middle,no,no,no,
Kabalevsky T09,13,7,3,B4,71,i,Bozeman tenor-mezzo midpoint,0.357,above,E3,18.5,inside,7,-5,none,not assessed,short,step,-1,no,1,middle,no,no,no,
Kabalevsky T09,13,7,3.5,G4,67,ɑ,Bozeman tenor-mezzo midpoint,0.357,close,E4,2.5,inside,3,-9,none,not assessed,short,leap-down,-4,no,1,middle,no,no,no,
Kabalevsky T09,13,7,4,G4,67,o,Bozeman tenor-mezzo midpoint,0.357,close,C#4,6.5,inside,3,-9,none,not assessed,short,repeated,0,no,1,middle,no,no,no,
Kabalevsky T09,13,7,4.5,A4,69,ɑ,Bozeman tenor-mezzo midpoint,0.357,close,E4,4.5,inside,5,-7,none,not assessed,short,step,2,no,1,middle,no,no,no,
Kabalevsky T09,13,8,1,F4,65,o,Bozeman tenor-mezzo midpoint,1.071,close,C#4,4.5,inside,1,-11,none,not assessed,short,leap-down,-4,no,1,middle,no,yes,no,
Kabalevsky T09,13,8,2.5,E4,64,ɪ,derived from Bozeman tenor-mezzo,0.357,close,D4,1.96,inside,0,-12,none,not assessed,short,step,-1,no,1,last,no,yes,yes,turning pitch 0 to 2 st below
Kabalevsky T09,13,9,1,C5,72,u,Bozeman tenor-mezzo midpoint,0.714,above,G3,17.5,inside,8,-4,none,not assessed,short,leap-up,8,yes,2,first,no,no,no,
Kabalevsky T09,13,9,2,B4,71,ɑ,Bozeman tenor-mezzo midpoint,0.357,close,E4,6.5,inside,7,-5,none,not assessed,short,step,-1,no,2,middle,no,no,no,
Kabalevsky T09,13,9,2.5,C5,72,o,Bozeman tenor-mezzo midpoint,0.357,close,C#4,11.5,inside,8,-4,none,not assessed,short,step,1,no,2,middle,no,no,no,
Kabalevsky T09,13,9,3,C5,72,o,Bozeman tenor-mezzo midpoint,0.357,close,C#4,11.5,inside,8,-4,none,not assessed,short,repeated,0,no,2,middle,no,no,no,
Kabalevsky T09,13,9,3.5,A4,69,ʌ,derived from Bozeman tenor-mezzo,0.357,close,E4,4.5,inside,5,-7,none,not assessed,short,leap-down,-3,no,2,middle,no,no,no,
Kabalevsky T09,13,9,4,A#4,70,i,Bozeman tenor-mezzo midpoint,0.357,above,E3,17.5,inside,6,-6,none,not assessed,short,step,1,no,2,middle,no,no,no,
Kabalevsky T09,13,9,4.5,B4,71,ɑ,Bozeman tenor-mezzo midpoint,0.357,close,E4,6.5,inside,7,-5,none,not assessed,short,step,1,no,2,middle,no,no,no,
Kabalevsky T09,13,10,1,D5,74,i,Bozeman tenor-mezzo midpoint,1.071,above,E3,21.5,inside,10,-2,none,not assessed,short,leap-up,3,no,2,middle,yes,no,no,highest of phrase
Kabalevsky T09,13,10,2.5,C5,72,ɑ,Bozeman tenor-mezzo midpoint,0.357,close,E4,7.5,inside,8,-4,none,not assessed,short,step,-2,no,2,middle,no,no,no,
Kabalevsky T09,13,10,3,B4,71,e,Bozeman tenor-mezzo midpoint,0.714,close,D4,9.5,inside,7,-5,none,not assessed,short,step,-1,no,2,last,no,no,no,
Kabalevsky T09,13,10,4.5,A4,69,o,Bozeman tenor-mezzo midpoint,0.357,close,C#4,8.5,inside,5,-7,none,not assessed,short,step,-2,yes,3,first,no,no,no,
Kabalevsky T09,13,11,1,G4,67,o,Bozeman tenor-mezzo midpoint,0.357,close,C#4,6.5,inside,3,-9,none,not assessed,short,step,-2,no,3,middle,no,no,no,
Kabalevsky T09,13,11,1.5,F4,65,ʌ,derived from Bozeman tenor-mezzo,0.357,close,E4,0.5,inside,1,-11,none,not assessed,short,step,-2,no,3,middle,no,yes,yes,turning pitch 0 to 2 st below
Kabalevsky T09,13,11,2,E4,64,ɪ,derived from Bozeman tenor-mezzo,0.357,close,D4,1.96,inside,0,-12,none,not assessed,short,step,-1,no,3,middle,no,yes,yes,turning pitch 0 to 2 st below
Kabalevsky T09,13,11,2.5,D#4,63,ɑ,Bozeman tenor-mezzo midpoint,0.357,open,E4,-1.5,below primo,-1,-13,none,not assessed,short,step,-1,no,3,middle,no,yes,no,
Kabalevsky T09,13,11,3,E4,64,e,Bozeman tenor-mezzo midpoint,0.357,close,D4,2.5,inside,0,-12,none,not assessed,short,step,1,no,3,middle,no,yes,no,
Kabalevsky T09,13,11,3.5,G#4,68,i,Bozeman tenor-mezzo midpoint,0.357,above,E3,15.5,inside,4,-8,none,not assessed,short,leap-up,4,no,3,middle,no,no,no,
Kabalevsky T09,13,11,4,B4,71,ɑ,Bozeman tenor-mezzo midpoint,0.357,close,E4,6.5,inside,7,-5,none,not assessed,short,leap-up,3,no,3,middle,yes,no,no,highest of phrase
Kabalevsky T09,13,11,4.5,D4,62,i,Bozeman tenor-mezzo midpoint,0.357,close,E3,9.5,below primo,-2,-14,none,not assessed,short,leap-down,-9,no,3,middle,no,no,no,
Kabalevsky T09,13,12,1,C4,60,o,Bozeman tenor-mezzo midpoint,1.071,open,C#4,-0.5,below primo,-4,-16,none,not assessed,short,step,-2,no,3,middle,no,no,no,
Kabalevsky T09,13,12,2.5,C4,60,ɑ,Bozeman tenor-mezzo midpoint,0.357,open,E4,-4.5,below primo,-4,-16,none,not assessed,short,repeated,0,no,3,last,no,no,no,
Kabalevsky T09,13,13,3.5,C4,60,i,Bozeman tenor-mezzo midpoint,0.357,close,E3,7.5,below primo,-4,-16,none,not assessed,short,repeated,0,yes,4,first,no,no,no,
Kabalevsky T09,13,13,4,C4,60,ɛ,Bozeman tenor-mezzo midpoint,0.357,open,D#4,-2.5,below primo,-4,-16,none,not assessed,short,repeated,0,no,4,middle,no,no,no,
Kabalevsky T09,13,13,4.5,C4,60,i,Bozeman tenor-mezzo midpoint,0.357,close,E3,7.5,below primo,-4,-16,none,not assessed,short,repeated,0,no,4,middle,no,no,no,
Kabalevsky T09,13,14,1,A4,69,o,Bozeman tenor-mezzo midpoint,1.071,close,C#4,8.5,inside,5,-7,none,not assessed,short,leap-up,9,no,4,middle,no,no,no,
Kabalevsky T09,13,14,2.5,A4,69,ɑ,Bozeman tenor-mezzo midpoint,0.357,close,E4,4.5,inside,5,-7,none,not assessed,short,repeated,0,no,4,middle,no,no,no,
Kabalevsky T09,13,14,3,A4,69,o,Bozeman tenor-mezzo midpoint,0.357,close,C#4,8.5,inside,5,-7,none,not assessed,short,repeated,0,no,4,middle,no,no,no,
Kabalevsky T09,13,14,3.5,G4,67,ɛ,Bozeman tenor-mezzo midpoint,0.357,close,D#4,4.5,inside,3,-9,none,not assessed,short,step,-2,no,4,middle,no,no,no,
Kabalevsky T09,13,14,4,F4,65,ɪ,derived from Bozeman tenor-mezzo,0.357,close,D4,2.96,inside,1,-11,none,not assessed,short,step,-2,no,4,middle,no,yes,no,
Kabalevsky T09,13,14,4.5,E4,64,ɑ,Bozeman tenor-mezzo midpoint,0.357,open,E4,-0.5,inside,0,-12,none,not assessed,short,step,-1,no,4,middle,no,yes,no,
Kabalevsky T09,13,15,1,F4,65,o,Bozeman tenor-mezzo midpoint,1.429,close,C#4,4.5,inside,1,-11,none,not assessed,short,step,1,no,4,middle,no,yes,no,
Kabalevsky T09,13,15,3,F4,65,o,Bozeman tenor-mezzo midpoint,0.357,close,C#4,4.5,inside,1,-11,none,not assessed,short,tie,0,no,4,middle,no,yes,no,
Kabalevsky T09,13,15,3.5,D4,62,ɪ,derived from Bozeman tenor-mezzo,0.357,open,D4,-0.04,below primo,-2,-14,none,not assessed,short,leap-down,-3,no,4,middle,no,no,no,
Kabalevsky T09,13,15,4,D4,62,ʌ,derived from Bozeman tenor-mezzo,0.357,open,E4,-2.5,below primo,-2,-14,none,not assessed,short,repeated,0,no,4,middle,no,no,no,
Kabalevsky T09,13,15,4.5,D4,62,ɑ,Bozeman tenor-mezzo midpoint,0.357,open,E4,-2.5,below primo,-2,-14,none,not assessed,short,repeated,0,no,4,middle,no,no,no,
Kabalevsky T09,13,16,1,D5,74,i,Bozeman tenor-mezzo midpoint,1.071,above,E3,21.5,inside,10,-2,none,not assessed,short,leap-up,12,no,4,middle,no,no,no,
Kabalevsky T09,13,16,2.5,D#5,75,u,Bozeman tenor-mezzo midpoint,0.357,above,G3,20.5,inside,11,-1,none,not assessed,short,step,1,no,4,middle,yes,yes,yes,highest of phrase
Kabalevsky T09,13,16,3,D5,74,ɑ,Bozeman tenor-mezzo midpoint,0.357,close,E4,9.5,inside,10,-2,none,not assessed,short,step,-1,no,4,middle,no,no,no,
Kabalevsky T09,13,16,3.5,A4,69,ɑ,Bozeman tenor-mezzo midpoint,0.357,close,E4,4.5,inside,5,-7,none,not assessed,short,leap-down,-5,no,4,middle,no,no,no,
Kabalevsky T09,13,16,4,A#4,70,i,Bozeman tenor-mezzo midpoint,0.357,above,E3,17.5,inside,6,-6,none,not assessed,short,step,1,no,4,middle,no,no,no,
Kabalevsky T09,13,16,4.5,A4,69,ɑ,Bozeman tenor-mezzo midpoint,0.357,close,E4,4.5,inside,5,-7,none,not assessed,short,step,-1,no,4,middle,no,no,no,
Kabalevsky T09,13,17,1,A#4,70,ɑ,Bozeman tenor-mezzo midpoint,1.071,close,E4,5.5,inside,6,-6,none,not assessed,short,step,1,no,4,middle,no,no,no,
Kabalevsky T09,13,17,2.5,G4,67,ɨ,derived from Bozeman tenor-mezzo,0.357,close,A#3,9.11,inside,3,-9,none,not assessed,short,leap-down,-3,no,4,last,no,no,no,
Kabalevsky T09,13,17,4.5,E4,64,u,Bozeman tenor-mezzo midpoint,0.357,close,G3,9.5,inside,0,-12,none,not assessed,short,leap-down,-3,yes,5,first,no,yes,no,
Kabalevsky T09,13,18,1,F4,65,u,Bozeman tenor-mezzo midpoint,0.536,close,G3,10.5,inside,1,-11,none,not assessed,short,step,1,no,5,middle,no,yes,no,
Kabalevsky T09,13,18,1.75,E4,64,ɑ,Bozeman tenor-mezzo midpoint,0.179,open,E4,-0.5,inside,0,-12,none,not assessed,short,step,-1,no,5,middle,no,yes,no,
Kabalevsky T09,13,18,2,E4,64,ɑ,Bozeman tenor-mezzo midpoint,0.714,open,E4,-0.5,inside,0,-12,none,not assessed,short,repeated,0,no,5,middle,no,yes,no,
Kabalevsky T09,13,18,3,E4,64,ɑ,Bozeman tenor-mezzo midpoint,0.357,open,E4,-0.5,inside,0,-12,none,not assessed,short,tie,0,no,5,middle,no,yes,no,
Kabalevsky T09,13,18,3.5,D#4,63,ɪ,derived from Bozeman tenor-mezzo,0.357,close,D4,0.96,below primo,-1,-13,none,not assessed,short,step,-1,no,5,middle,no,yes,yes,turning pitch 0 to 2 st below
Kabalevsky T09,13,18,4,D#4,63,ʌ,derived from Bozeman tenor-mezzo,0.357,open,E4,-1.5,below primo,-1,-13,none,not assessed,short,repeated,0,no,5,middle,no,yes,no,
Kabalevsky T09,13,18,4.5,E4,64,ɪ,derived from Bozeman tenor-mezzo,0.357,close,D4,1.96,inside,0,-12,none,not assessed,short,step,1,no,5,middle,no,yes,yes,turning pitch 0 to 2 st below
Kabalevsky T09,13,19,1,A#4,70,ɨ,derived from Bozeman tenor-mezzo,1.071,crossing,A#3,12.11,inside,6,-6,none,not assessed,short,leap-up,6,no,5,middle,no,no,no,crossing
Kabalevsky T09,13,19,2.5,E4,64,none resolved,not assessed,0.357,not assessed,not assessed,not assessed,inside,0,-12,not assessed,not assessed,short,leap-down,-6,no,5,middle,no,yes,no,
Kabalevsky T09,13,19,3,A4,69,o,Bozeman tenor-mezzo midpoint,1.071,close,C#4,8.5,inside,5,-7,none,not assessed,short,leap-up,5,no,5,middle,no,no,no,
Kabalevsky T09,13,19,4.5,A4,69,ɑ,Bozeman tenor-mezzo midpoint,0.357,close,E4,4.5,inside,5,-7,none,not assessed,short,repeated,0,no,5,middle,no,no,no,
Kabalevsky T09,13,20,1,D5,74,i,Bozeman tenor-mezzo midpoint,1.071,above,E3,21.5,inside,10,-2,none,not assessed,short,leap-up,5,no,5,middle,yes,no,no,highest of phrase
Kabalevsky T09,13,20,2.5,A#4,70,ɨ,derived from Bozeman tenor-mezzo,0.357,crossing,A#3,12.11,inside,6,-6,none,not assessed,short,leap-down,-4,no,5,middle,no,no,no,crossing
Kabalevsky T09,13,20,3,A4,69,u,Bozeman tenor-mezzo midpoint,0.714,above,G3,14.5,inside,5,-7,none,not assessed,short,step,-1,no,5,middle,no,no,no,
Kabalevsky T09,13,20,4,F4,65,ʌ,derived from Bozeman tenor-mezzo,0.714,close,E4,0.5,inside,1,-11,none,not assessed,short,leap-down,-4,no,5,middle,no,yes,yes,turning pitch 0 to 2 st below
Kabalevsky T09,13,21,1,D5,74,u,Bozeman tenor-mezzo midpoint,0.357,above,G3,19.5,inside,10,-2,none,not assessed,short,leap-up,9,no,5,middle,yes,no,no,highest of phrase
Kabalevsky T09,13,21,1.5,A#4,70,ʌ,derived from Bozeman tenor-mezzo,0.357,close,E4,5.5,inside,6,-6,none,not assessed,short,leap-down,-4,no,5,middle,no,no,no,
Kabalevsky T09,13,21,2,A4,69,ɪ,derived from Bozeman tenor-mezzo,0.357,close,D4,6.96,inside,5,-7,none,not assessed,short,step,-1,no,5,middle,no,no,no,
Kabalevsky T09,13,21,2.5,A#4,70,ɑ,Bozeman tenor-mezzo midpoint,0.357,close,E4,5.5,inside,6,-6,none,not assessed,short,step,1,no,5,middle,no,no,no,
Kabalevsky T09,13,21,3,A4,69,ɑ,Bozeman tenor-mezzo midpoint,1.071,close,E4,4.5,inside,5,-7,none,not assessed,short,step,-1,no,5,middle,no,no,no,
Kabalevsky T09,13,21,4.5,A4,69,ɨ,derived from Bozeman tenor-mezzo,0.357,close,A#3,11.11,inside,5,-7,none,not assessed,short,repeated,0,no,5,last,no,no,no,
Kabalevsky T09,13,24,4.5,B4,71,ɑ,Bozeman tenor-mezzo midpoint,0.357,close,E4,6.5,inside,7,-5,none,not assessed,short,step,2,yes,6,first,no,no,no,
Kabalevsky T09,13,25,1,C5,72,ɑ,Bozeman tenor-mezzo midpoint,1.071,close,E4,7.5,inside,8,-4,none,not assessed,short,step,1,no,6,middle,no,no,no,
Kabalevsky T09,13,25,2.5,C5,72,i,Bozeman tenor-mezzo midpoint,0.357,above,E3,19.5,inside,8,-4,none,not assessed,short,repeated,0,no,6,middle,no,no,no,
Kabalevsky T09,13,25,3,C5,72,ɑ,Bozeman tenor-mezzo midpoint,0.357,close,E4,7.5,inside,8,-4,none,not assessed,short,repeated,0,no,6,middle,no,no,no,
Kabalevsky T09,13,25,3.5,A4,69,o,Bozeman tenor-mezzo midpoint,0.357,close,C#4,8.5,inside,5,-7,none,not assessed,short,leap-down,-3,no,6,middle,no,no,no,
Kabalevsky T09,13,25,4,A#4,70,ɪ,derived from Bozeman tenor-mezzo,0.357,close,D4,7.96,inside,6,-6,none,not assessed,short,step,1,no,6,middle,no,no,no,
Kabalevsky T09,13,25,4.5,B4,71,ɑ,Bozeman tenor-mezzo midpoint,0.357,close,E4,6.5,inside,7,-5,none,not assessed,short,step,1,no,6,middle,no,no,no,
Kabalevsky T09,13,26,1,D5,74,e,Bozeman tenor-mezzo midpoint,1.071,crossing,D4,12.5,inside,10,-2,none,not assessed,short,leap-up,3,no,6,middle,yes,no,no,highest of phrase; crossing
Kabalevsky T09,13,26,2.5,C5,72,i,Bozeman tenor-mezzo midpoint,0.357,above,E3,19.5,inside,8,-4,none,not assessed,short,step,-2,no,6,middle,no,no,no,
Kabalevsky T09,13,26,3,B4,71,i,Bozeman tenor-mezzo midpoint,0.714,above,E3,18.5,inside,7,-5,none,not assessed,short,step,-1,no,6,last,no,no,no,
Kabalevsky T09,13,26,4.5,B4,71,ɑ,Bozeman tenor-mezzo midpoint,0.357,close,E4,6.5,inside,7,-5,none,not assessed,short,repeated,0,yes,7,first,no,no,no,
Kabalevsky T09,13,27,1,D5,74,ɑ,Bozeman tenor-mezzo midpoint,0.357,close,E4,9.5,inside,10,-2,none,not assessed,short,leap-up,3,no,7,middle,yes,no,no,highest of phrase
Kabalevsky T09,13,27,1.5,C5,72,ɑ,Bozeman tenor-mezzo midpoint,0.357,close,E4,7.5,inside,8,-4,none,not assessed,short,step,-2,no,7,middle,no,no,no,
Kabalevsky T09,13,27,2,B4,71,ɛ,Bozeman tenor-mezzo midpoint,0.357,close,D#4,8.5,inside,7,-5,none,not assessed,short,step,-1,no,7,middle,no,no,no,
Kabalevsky T09,13,27,2.5,C5,72,i,Bozeman tenor-mezzo midpoint,0.357,above,E3,19.5,inside,8,-4,none,not assessed,short,step,1,no,7,middle,no,no,no,
Kabalevsky T09,13,27,3,B4,71,ɛ,Bozeman tenor-mezzo midpoint,0.357,close,D#4,8.5,inside,7,-5,none,not assessed,short,step,-1,no,7,middle,no,no,no,
Kabalevsky T09,13,27,3.5,G4,67,ɑ,Bozeman tenor-mezzo midpoint,0.357,close,E4,2.5,inside,3,-9,none,not assessed,short,leap-down,-4,no,7,middle,no,no,no,
Kabalevsky T09,13,27,4,G4,67,ʌ,derived from Bozeman tenor-mezzo,0.357,close,E4,2.5,inside,3,-9,none,not assessed,short,repeated,0,no,7,middle,no,no,no,
Kabalevsky T09,13,27,4.5,A4,69,ɑ,Bozeman tenor-mezzo midpoint,0.357,close,E4,4.5,inside,5,-7,none,not assessed,short,step,2,no,7,middle,no,no,no,
Kabalevsky T09,13,28,1,F4,65,e,Bozeman tenor-mezzo midpoint,1.071,close,D4,3.5,inside,1,-11,none,not assessed,short,leap-down,-4,no,7,middle,no,yes,no,
Kabalevsky T09,13,28,2.5,E4,64,u,Bozeman tenor-mezzo midpoint,0.357,close,G3,9.5,inside,0,-12,none,not assessed,short,step,-1,no,7,last,no,yes,no,
Kabalevsky T09,13,28,4.5,E4,64,ɑ,Bozeman tenor-mezzo midpoint,0.357,open,E4,-0.5,inside,0,-12,none,not assessed,short,repeated,0,yes,8,first,no,yes,no,
Kabalevsky T09,13,29,1,F4,65,ɑ,Bozeman tenor-mezzo midpoint,1.071,close,E4,0.5,inside,1,-11,none,not assessed,short,step,1,no,8,middle,no,yes,yes,turning pitch 0 to 2 st below
Kabalevsky T09,13,29,2.5,D4,62,i,Bozeman tenor-mezzo midpoint,0.357,close,E3,9.5,below primo,-2,-14,none,not assessed,short,leap-down,-3,no,8,middle,no,no,no,
Kabalevsky T09,13,29,3,A4,69,ɑ,Bozeman tenor-mezzo midpoint,1.071,close,E4,4.5,inside,5,-7,none,not assessed,short,leap-up,7,no,8,last,yes,no,no,highest of phrase
Kabalevsky T09,13,29,4.5,E4,64,o,Bozeman tenor-mezzo midpoint,0.357,close,C#4,3.5,inside,0,-12,none,not assessed,short,leap-down,-5,no,9,first,no,yes,no,
Kabalevsky T09,13,30,1,F4,65,ɑ,Bozeman tenor-mezzo midpoint,0.357,close,E4,0.5,inside,1,-11,none,not assessed,short,step,1,no,9,middle,no,yes,yes,turning pitch 0 to 2 st below
Kabalevsky T09,13,30,1.25,D4,62,u,Bozeman tenor-mezzo midpoint,0.357,close,G3,7.5,below primo,-2,-14,none,not assessed,short,leap-down,-3,no,9,middle,no,no,no,
Kabalevsky T09,13,30,1.5,F4,65,ɑ,Bozeman tenor-mezzo midpoint,0.357,close,E4,0.5,inside,1,-11,none,not assessed,short,leap-up,3,no,9,middle,no,yes,yes,turning pitch 0 to 2 st below
Kabalevsky T09,13,30,1.75,A4,69,ɑ,Bozeman tenor-mezzo midpoint,0.357,close,E4,4.5,inside,5,-7,none,not assessed,short,leap-up,4,no,9,middle,no,no,no,
Kabalevsky T09,13,30,2,B4,71,i,Bozeman tenor-mezzo midpoint,1.429,above,E3,18.5,inside,7,-5,none,not assessed,short,step,2,no,9,middle,no,no,no,
Kabalevsky T09,13,30,3,B4,71,i,Bozeman tenor-mezzo midpoint,0.357,above,E3,18.5,inside,7,-5,none,not assessed,short,tie,0,no,9,middle,no,no,no,
Kabalevsky T09,13,30,3.25,B4,71,o,Bozeman tenor-mezzo midpoint,0.357,close,C#4,10.5,inside,7,-5,none,not assessed,short,repeated,0,no,9,middle,no,no,no,
Kabalevsky T09,13,30,3.5,A#4,70,ɛ,Bozeman tenor-mezzo midpoint,0.357,close,D#4,7.5,inside,6,-6,none,not assessed,short,step,-1,no,9,middle,no,no,no,
Kabalevsky T09,13,30,3.75,B4,71,ʌ,derived from Bozeman tenor-mezzo,0.357,close,E4,6.5,inside,7,-5,none,not assessed,short,step,1,no,9,middle,no,no,no,
Kabalevsky T09,13,31,1,D5,74,ɑ,Bozeman tenor-mezzo midpoint,1.071,close,E4,9.5,inside,10,-2,none,not assessed,short,leap-up,3,no,9,middle,yes,no,no,highest of phrase
Kabalevsky T09,13,31,2.5,C5,72,ɛ,Bozeman tenor-mezzo midpoint,0.357,close,D#4,9.5,inside,8,-4,none,not assessed,short,step,-2,no,9,middle,no,no,no,
Kabalevsky T09,13,31,3,B4,71,ɛ,Bozeman tenor-mezzo midpoint,0.357,close,D#4,8.5,inside,7,-5,none,not assessed,short,step,-1,no,9,middle,no,no,no,
Kabalevsky T09,13,31,3.5,C5,72,ɪ,derived from Bozeman tenor-mezzo,0.357,close,D4,9.96,inside,8,-4,none,not assessed,short,step,1,no,9,middle,no,no,no,
Kabalevsky T09,13,31,4,B4,71,o,Bozeman tenor-mezzo midpoint,0.357,close,C#4,10.5,inside,7,-5,none,not assessed,short,step,-1,no,9,middle,no,no,no,
Kabalevsky T09,13,31,4.5,A4,69,o,Bozeman tenor-mezzo midpoint,0.357,close,C#4,8.5,inside,5,-7,none,not assessed,short,step,-2,no,9,middle,no,no,no,
Kabalevsky T09,13,32,1,G#4,68,e,Bozeman tenor-mezzo midpoint,1.071,close,D4,6.5,inside,4,-8,none,not assessed,short,step,-1,no,9,middle,no,no,no,
Kabalevsky T09,13,32,2.5,E4,64,ɛ,Bozeman tenor-mezzo midpoint,0.357,close,D#4,1.5,inside,0,-12,none,not assessed,short,leap-down,-4,no,9,last,no,yes,yes,turning pitch 0 to 2 st below
Kabalevsky T09,13,32,4.5,E4,64,o,Bozeman tenor-mezzo midpoint,0.357,close,C#4,3.5,inside,0,-12,none,not assessed,short,repeated,0,yes,10,first,no,yes,no,
Kabalevsky T09,13,33,1,F4,65,ɛ,Bozeman tenor-mezzo midpoint,1.071,close,D#4,2.5,inside,1,-11,none,not assessed,short,step,1,no,10,middle,no,yes,no,
Kabalevsky T09,13,33,2.5,A4,69,ɪ,derived from Bozeman tenor-mezzo,0.357,close,D4,6.96,inside,5,-7,none,not assessed,short,leap-up,4,no,10,middle,no,no,no,
Kabalevsky T09,13,33,3,G#4,68,o,Bozeman tenor-mezzo midpoint,1.071,close,C#4,7.5,inside,4,-8,none,not assessed,short,step,-1,no,10,middle,no,no,no,
Kabalevsky T09,13,33,4.5,E4,64,ɑ,Bozeman tenor-mezzo midpoint,0.357,open,E4,-0.5,inside,0,-12,none,not assessed,short,leap-down,-4,no,10,middle,no,yes,no,
Kabalevsky T09,13,34,1,F4,65,e,Bozeman tenor-mezzo midpoint,0.357,close,D4,3.5,inside,1,-11,none,not assessed,short,step,1,no,10,middle,no,yes,no,
Kabalevsky T09,13,34,1.5,D4,62,ɑ,Bozeman tenor-mezzo midpoint,0.357,open,E4,-2.5,below primo,-2,-14,none,not assessed,short,leap-down,-3,no,10,middle,no,no,no,
Kabalevsky T09,13,34,2,A4,69,ɑ,Bozeman tenor-mezzo midpoint,0.357,close,E4,4.5,inside,5,-7,none,not assessed,short,leap-up,7,no,10,middle,no,no,no,
Kabalevsky T09,13,34,2.5,C5,72,ɪ,derived from Bozeman tenor-mezzo,0.357,close,D4,9.96,inside,8,-4,none,not assessed,short,leap-up,3,no,10,middle,no,no,no,
Kabalevsky T09,13,34,3,B4,71,ɑ,Bozeman tenor-mezzo midpoint,1.071,close,E4,6.5,inside,7,-5,none,not assessed,short,step,-1,no,10,middle,no,no,no,
Kabalevsky T09,13,34,4.5,E4,64,ɑ,Bozeman tenor-mezzo midpoint,0.357,open,E4,-0.5,inside,0,-12,none,not assessed,short,leap-down,-7,no,10,middle,no,yes,no,
Kabalevsky T09,13,35,1,E5,76,e,Bozeman tenor-mezzo midpoint,1.071,above,D4,14.5,inside,12,0,none,not assessed,short,leap-up,12,no,10,middle,yes,yes,yes,highest of phrase
Kabalevsky T09,13,35,2.5,D#5,75,u,Bozeman tenor-mezzo midpoint,0.357,above,G3,20.5,inside,11,-1,none,not assessed,short,step,-1,no,10,middle,no,yes,no,
Kabalevsky T09,13,35,3,D5,74,i,Bozeman tenor-mezzo midpoint,1.071,above,E3,21.5,inside,10,-2,none,not assessed,short,step,-1,no,10,middle,no,no,no,
Kabalevsky T09,13,35,4.5,C#5,73,i,Bozeman tenor-mezzo midpoint,0.357,above,E3,20.5,inside,9,-3,none,not assessed,short,step,-1,no,10,middle,no,no,no,
Kabalevsky T09,13,36,1,C5,72,ɨ,derived from Bozeman tenor-mezzo,0.357,above,A#3,14.11,inside,8,-4,none,not assessed,short,step,-1,no,10,middle,no,no,no,
Kabalevsky T09,13,36,1.5,C5,72,none resolved,not assessed,0.357,not assessed,not assessed,not assessed,inside,8,-4,not assessed,not assessed,short,repeated,0,no,10,middle,no,no,no,
Kabalevsky T09,13,36,2,C5,72,ʌ,derived from Bozeman tenor-mezzo,0.357,close,E4,7.5,inside,8,-4,none,not assessed,short,repeated,0,no,10,middle,no,no,no,
Kabalevsky T09,13,36,2.5,B4,71,ɪ,derived from Bozeman tenor-mezzo,0.357,close,D4,8.96,inside,7,-5,none,not assessed,short,step,-1,no,10,middle,no,no,no,
Kabalevsky T09,13,36,3,A4,69,ɑ,Bozeman tenor-mezzo midpoint,1.429,close,E4,4.5,inside,5,-7,none,not assessed,short,step,-2,no,10,last,no,no,no,
Kabalevsky T10,13,3,3,C#4,61,u,Bozeman tenor-mezzo midpoint,0.357,close,G3,6.5,below primo,-3,-15,none,not assessed,short,first note,,,0,first,no,no,no,
Kabalevsky T10,13,4,1,F#4,66,ɨ,derived from Bozeman tenor-mezzo,0.714,close,A#3,8.11,inside,2,-10,none,not assessed,short,leap-up,5,no,0,middle,no,no,no,
Kabalevsky T10,13,4,3,G#4,68,o,Bozeman tenor-mezzo midpoint,0.357,close,C#4,7.5,inside,4,-8,none,not assessed,short,step,2,no,0,middle,no,no,no,
Kabalevsky T10,13,5,1,A#4,70,i,Bozeman tenor-mezzo midpoint,1.071,above,E3,17.5,inside,6,-6,none,not assessed,short,step,2,no,0,middle,no,no,no,
Kabalevsky T10,13,6,1,A#4,70,i,Bozeman tenor-mezzo midpoint,0.714,above,E3,17.5,inside,6,-6,none,not assessed,short,tie,0,no,0,middle,no,no,no,
Kabalevsky T10,13,6,3,B4,71,ɪ,derived from Bozeman tenor-mezzo,0.357,close,D4,8.96,inside,7,-5,none,not assessed,short,step,1,no,0,middle,yes,no,no,highest of phrase
Kabalevsky T10,13,7,1,A#4,70,e,Bozeman tenor-mezzo midpoint,0.714,close,D4,8.5,inside,6,-6,none,not assessed,short,step,-1,no,0,middle,no,no,no,
Kabalevsky T10,13,7,3,G#4,68,ɪ,derived from Bozeman tenor-mezzo,0.357,close,D4,5.96,inside,4,-8,none,not assessed,short,step,-2,no,0,middle,no,no,no,
Kabalevsky T10,13,8,1,F#4,66,ʌ,derived from Bozeman tenor-mezzo,0.714,close,E4,1.5,inside,2,-10,none,not assessed,short,step,-2,no,0,middle,no,no,no,turning pitch 0 to 2 st below
Kabalevsky T10,13,8,3,F4,65,i,Bozeman tenor-mezzo midpoint,0.357,above,E3,12.5,inside,1,-11,none,not assessed,short,step,-1,no,0,middle,no,yes,no,
Kabalevsky T10,13,9,1,D#4,63,o,Bozeman tenor-mezzo midpoint,1.071,close,C#4,2.5,below primo,-1,-13,none,not assessed,short,step,-2,no,0,middle,no,yes,no,
Kabalevsky T10,13,10,1,D#4,63,o,Bozeman tenor-mezzo midpoint,0.357,close,C#4,2.5,below primo,-1,-13,none,not assessed,short,tie,0,no,0,last,no,yes,no,
Kabalevsky T10,13,10,2.5,D#4,63,ʌ,derived from Bozeman tenor-mezzo,0.179,open,E4,-1.5,below primo,-1,-13,none,not assessed,short,repeated,0,yes,1,first,no,yes,no,
Kabalevsky T10,13,10,3,D#4,63,ʌ,derived from Bozeman tenor-mezzo,0.179,open,E4,-1.5,below primo,-1,-13,none,not assessed,short,repeated,0,no,1,middle,no,yes,no,
Kabalevsky T10,13,10,3.5,D#4,63,ɑ,Bozeman tenor-mezzo midpoint,0.179,open,E4,-1.5,below primo,-1,-13,none,not assessed,short,repeated,0,no,1,middle,no,yes,no,
Kabalevsky T10,13,11,1,B4,71,ɑ,Bozeman tenor-mezzo midpoint,0.536,close,E4,6.5,inside,7,-5,none,not assessed,short,leap-up,8,no,1,middle,yes,no,no,highest of phrase
Kabalevsky T10,13,11,2.5,A#4,70,ɪ,derived from Bozeman tenor-mezzo,0.179,close,D4,7.96,inside,6,-6,none,not assessed,short,step,-1,no,1,middle,no,no,no,
Kabalevsky T10,13,11,3,G#4,68,i,Bozeman tenor-mezzo midpoint,0.179,above,E3,15.5,inside,4,-8,none,not assessed,short,step,-2,no,1,middle,no,no,no,
Kabalevsky T10,13,11,3.5,F#4,66,i,Bozeman tenor-mezzo midpoint,0.179,above,E3,13.5,inside,2,-10,none,not assessed,short,step,-2,no,1,middle,no,no,no,
Kabalevsky T10,13,12,1,F4,65,ɛ,Bozeman tenor-mezzo midpoint,0.714,close,D#4,2.5,inside,1,-11,none,not assessed,short,step,-1,no,1,middle,no,yes,no,
Kabalevsky T10,13,12,3,D#4,63,ɪ,derived from Bozeman tenor-mezzo,0.357,close,D4,0.96,below primo,-1,-13,none,not assessed,short,step,-2,no,1,middle,no,yes,yes,turning pitch 0 to 2 st below
Kabalevsky T10,13,13,1,F4,65,ɑ,Bozeman tenor-mezzo midpoint,0.714,close,E4,0.5,inside,1,-11,none,not assessed,short,step,2,no,1,middle,no,yes,yes,turning pitch 0 to 2 st below
Kabalevsky T10,13,13,3,F4,65,ɨ,derived from Bozeman tenor-mezzo,0.357,close,A#3,7.11,inside,1,-11,none,not assessed,short,repeated,0,no,1,last,no,yes,no,
Kabalevsky T10,13,14,2.5,F4,65,ɪ,derived from Bozeman tenor-mezzo,0.179,close,D4,2.96,inside,1,-11,none,not assessed,short,repeated,0,yes,2,first,no,yes,no,
Kabalevsky T10,13,14,3,F4,65,ʌ,derived from Bozeman tenor-mezzo,0.179,close,E4,0.5,inside,1,-11,none,not assessed,short,repeated,0,no,2,middle,no,yes,yes,turning pitch 0 to 2 st below
Kabalevsky T10,13,14,3.5,F4,65,i,Bozeman tenor-mezzo midpoint,0.179,above,E3,12.5,inside,1,-11,none,not assessed,short,repeated,0,no,2,middle,no,yes,no,
Kabalevsky T10,13,15,1,A#4,70,ɑ,Bozeman tenor-mezzo midpoint,0.714,close,E4,5.5,inside,6,-6,none,not assessed,short,leap-up,5,no,2,middle,no,no,no,
Kabalevsky T10,13,15,3,A#4,70,i,Bozeman tenor-mezzo midpoint,0.357,above,E3,17.5,inside,6,-6,none,not assessed,short,repeated,0,no,2,middle,no,no,no,
Kabalevsky T10,13,16,1,E4,64,ɛ,Bozeman tenor-mezzo midpoint,0.714,close,D#4,1.5,inside,0,-12,none,not assessed,short,leap-down,-6,no,2,middle,no,yes,yes,turning pitch 0 to 2 st below
Kabalevsky T10,13,16,3,E4,64,o,Bozeman tenor-mezzo midpoint,0.357,close,C#4,3.5,inside,0,-12,none,not assessed,short,repeated,0,no,2,middle,no,yes,no,
Kabalevsky T10,13,17,1,A#4,70,ɨ,derived from Bozeman tenor-mezzo,0.714,crossing,A#3,12.11,inside,6,-6,none,not assessed,short,leap-up,6,no,2,middle,no,no,no,crossing
Kabalevsky T10,13,17,3,A#4,70,i,Bozeman tenor-mezzo midpoint,0.357,above,E3,17.5,inside,6,-6,none,not assessed,short,repeated,0,no,2,middle,no,no,no,
Kabalevsky T10,13,18,1,E4,64,o,Bozeman tenor-mezzo midpoint,0.714,close,C#4,3.5,inside,0,-12,none,not assessed,short,leap-down,-6,no,2,middle,no,yes,no,
Kabalevsky T10,13,18,3,F4,65,i,Bozeman tenor-mezzo midpoint,0.357,above,E3,12.5,inside,1,-11,none,not assessed,short,step,1,no,2,middle,no,yes,no,
Kabalevsky T10,13,19,1,C5,72,o,Bozeman tenor-mezzo midpoint,0.714,close,C#4,11.5,inside,8,-4,none,not assessed,short,leap-up,7,no,2,middle,yes,no,no,highest of phrase
Kabalevsky T10,13,19,3,A#4,70,ʌ,derived from Bozeman tenor-mezzo,0.357,close,E4,5.5,inside,6,-6,none,not assessed,short,step,-2,no,2,middle,no,no,no,
Kabalevsky T10,13,20,1,F4,65,o,Bozeman tenor-mezzo midpoint,0.536,close,C#4,4.5,inside,1,-11,none,not assessed,short,leap-down,-5,no,2,middle,no,yes,no,
Kabalevsky T10,13,20,2.5,F4,65,ɨ,derived from Bozeman tenor-mezzo,0.179,close,A#3,7.11,inside,1,-11,none,not assessed,short,repeated,0,no,2,middle,no,yes,no,
Kabalevsky T10,13,20,3,F4,65,ʌ,derived from Bozeman tenor-mezzo,0.179,close,E4,0.5,inside,1,-11,none,not assessed,short,repeated,0,no,2,middle,no,yes,yes,turning pitch 0 to 2 st below
Kabalevsky T10,13,20,3.5,F4,65,ɪ,derived from Bozeman tenor-mezzo,0.179,close,D4,2.96,inside,1,-11,none,not assessed,short,repeated,0,no,2,middle,no,yes,no,
Kabalevsky T10,13,21,1,C5,72,ɑ,Bozeman tenor-mezzo midpoint,0.714,close,E4,7.5,inside,8,-4,none,not assessed,short,leap-up,7,no,2,middle,yes,no,no,highest of phrase
Kabalevsky T10,13,21,3,A#4,70,i,Bozeman tenor-mezzo midpoint,0.357,above,E3,17.5,inside,6,-6,none,not assessed,short,step,-2,no,2,middle,no,no,no,
Kabalevsky T10,13,22,1,F4,65,ɑ,Bozeman tenor-mezzo midpoint,0.714,close,E4,0.5,inside,1,-11,none,not assessed,short,leap-down,-5,no,2,middle,no,yes,yes,turning pitch 0 to 2 st below
Kabalevsky T10,13,22,3,F4,65,ɨ,derived from Bozeman tenor-mezzo,0.357,close,A#3,7.11,inside,1,-11,none,not assessed,short,repeated,0,no,2,last,no,yes,no,
Kabalevsky T10,13,28,1,F4,65,ɑ,Bozeman tenor-mezzo midpoint,0.357,close,E4,0.5,inside,1,-11,none,not assessed,short,repeated,0,yes,3,first,no,yes,yes,turning pitch 0 to 2 st below
Kabalevsky T10,13,28,2,A#4,70,ʌ,derived from Bozeman tenor-mezzo,0.357,close,E4,5.5,inside,6,-6,none,not assessed,short,leap-up,5,no,3,middle,no,no,no,
Kabalevsky T10,13,28,3,C5,72,ɑ,Bozeman tenor-mezzo midpoint,0.357,close,E4,7.5,inside,8,-4,none,not assessed,short,step,2,no,3,middle,no,no,no,
Kabalevsky T10,13,29,1,D5,74,a,derived from Bozeman tenor-mezzo,1.071,close,G4,7.08,inside,10,-2,none,not assessed,short,step,2,no,3,middle,no,no,no,
Kabalevsky T10,13,30,1,D5,74,a,derived from Bozeman tenor-mezzo,0.714,close,G4,7.08,inside,10,-2,none,not assessed,short,tie,0,no,3,middle,no,no,no,
Kabalevsky T10,13,30,3,D#5,75,u,Bozeman tenor-mezzo midpoint,0.357,above,G3,20.5,inside,11,-1,none,not assessed,short,step,1,no,3,middle,yes,yes,yes,highest of phrase
Kabalevsky T10,13,31,1,D5,74,ɛ,Bozeman tenor-mezzo midpoint,0.714,close,D#4,11.5,inside,10,-2,none,not assessed,short,step,-1,no,3,middle,no,no,no,
Kabalevsky T10,13,31,3,C5,72,i,Bozeman tenor-mezzo midpoint,0.357,above,E3,19.5,inside,8,-4,none,not assessed,short,step,-2,no,3,middle,no,no,no,
Kabalevsky T10,13,32,1,A#4,70,ɪ,derived from Bozeman tenor-mezzo,0.714,close,D4,7.96,inside,6,-6,none,not assessed,short,step,-2,no,3,middle,no,no,no,
Kabalevsky T10,13,32,3,A4,69,ɑ,Bozeman tenor-mezzo midpoint,0.357,close,E4,4.5,inside,5,-7,none,not assessed,short,step,-1,no,3,middle,no,no,no,
Kabalevsky T10,13,33,1,G4,67,a,derived from Bozeman tenor-mezzo,1.071,close,G4,0.08,inside,3,-9,none,not assessed,short,step,-2,no,3,middle,no,no,no,turning pitch 0 to 2 st below
Kabalevsky T10,13,34,1,G4,67,a,derived from Bozeman tenor-mezzo,0.536,close,G4,0.08,inside,3,-9,none,not assessed,short,tie,0,no,3,middle,no,no,no,turning pitch 0 to 2 st below
Kabalevsky T10,13,34,2.5,G4,67,ɑ,Bozeman tenor-mezzo midpoint,0.179,close,E4,2.5,inside,3,-9,none,not assessed,short,repeated,0,no,3,middle,no,no,no,
Kabalevsky T10,13,34,3,G4,67,ɛ,Bozeman tenor-mezzo midpoint,0.179,close,D#4,4.5,inside,3,-9,none,not assessed,short,repeated,0,no,3,middle,no,no,no,
Kabalevsky T10,13,34,3.5,G4,67,ɪ,derived from Bozeman tenor-mezzo,0.179,close,D4,4.96,inside,3,-9,none,not assessed,short,repeated,0,no,3,middle,no,no,no,
Kabalevsky T10,13,35,1,D#5,75,ɑ,Bozeman tenor-mezzo midpoint,0.536,close,E4,10.5,inside,11,-1,none,not assessed,short,leap-up,8,no,3,middle,yes,yes,yes,highest of phrase
Kabalevsky T10,13,35,2.5,D5,74,ʌ,derived from Bozeman tenor-mezzo,0.179,close,E4,9.5,inside,10,-2,none,not assessed,short,step,-1,no,3,middle,no,no,no,
Kabalevsky T10,13,35,3,C5,72,ʌ,derived from Bozeman tenor-mezzo,0.179,close,E4,7.5,inside,8,-4,none,not assessed,short,step,-2,no,3,middle,no,no,no,
Kabalevsky T10,13,35,3.5,A#4,70,ɪ,derived from Bozeman tenor-mezzo,0.179,close,D4,7.96,inside,6,-6,none,not assessed,short,step,-2,no,3,middle,no,no,no,
Kabalevsky T10,13,36,1,A4,69,a,derived from Bozeman tenor-mezzo,0.714,close,G4,2.08,inside,5,-7,none,not assessed,short,step,-1,no,3,middle,no,no,no,
Kabalevsky T10,13,36,3,G4,67,u,Bozeman tenor-mezzo midpoint,0.357,crossing,G3,12.5,inside,3,-9,none,not assessed,short,step,-2,no,3,middle,no,no,no,crossing
Kabalevsky T10,13,37,1,A4,69,o,Bozeman tenor-mezzo midpoint,0.714,close,C#4,8.5,inside,5,-7,none,not assessed,short,step,2,no,3,middle,no,no,no,
Kabalevsky T10,13,37,3,A4,69,ɑ,Bozeman tenor-mezzo midpoint,0.357,close,E4,4.5,inside,5,-7,none,not assessed,short,repeated,0,no,3,last,no,no,no,
Kabalevsky T10,13,38,3,A4,69,i,Bozeman tenor-mezzo midpoint,0.357,above,E3,16.5,inside,5,-7,none,not assessed,short,repeated,0,yes,4,first,no,no,no,
Kabalevsky T10,13,39,1,D5,74,ɑ,Bozeman tenor-mezzo midpoint,0.536,close,E4,9.5,inside,10,-2,none,not assessed,short,leap-up,5,no,4,middle,yes,no,no,highest of phrase
Kabalevsky T10,13,39,2.5,D5,74,ɨ,derived from Bozeman tenor-mezzo,0.179,above,A#3,16.11,inside,10,-2,none,not assessed,short,repeated,0,no,4,middle,yes,no,no,highest of phrase
Kabalevsky T10,13,39,3,D5,74,none resolved,not assessed,0.179,not assessed,not assessed,not assessed,inside,10,-2,not assessed,not assessed,short,repeated,0,no,4,middle,yes,no,no,highest of phrase
Kabalevsky T10,13,39,3.5,D5,74,ɑ,Bozeman tenor-mezzo midpoint,0.179,close,E4,9.5,inside,10,-2,none,not assessed,short,repeated,0,no,4,middle,yes,no,no,highest of phrase
Kabalevsky T10,13,40,1,G#4,68,i,Bozeman tenor-mezzo midpoint,0.536,above,E3,15.5,inside,4,-8,none,not assessed,short,leap-down,-6,no,4,middle,no,no,no,
Kabalevsky T10,13,40,2.5,G#4,68,i,Bozeman tenor-mezzo midpoint,0.179,above,E3,15.5,inside,4,-8,none,not assessed,short,repeated,0,no,4,middle,no,no,no,
Kabalevsky T10,13,40,3,G#4,68,i,Bozeman tenor-mezzo midpoint,0.179,above,E3,15.5,inside,4,-8,none,not assessed,short,repeated,0,no,4,middle,no,no,no,
Kabalevsky T10,13,40,3.5,G#4,68,ɑ,Bozeman tenor-mezzo midpoint,0.179,close,E4,3.5,inside,4,-8,none,not assessed,short,repeated,0,no,4,middle,no,no,no,
Kabalevsky T10,13,41,1,A4,69,ɑ,Bozeman tenor-mezzo midpoint,1.071,close,E4,4.5,inside,5,-7,none,not assessed,short,step,1,no,4,middle,no,no,no,
Kabalevsky T10,13,42,1,A4,69,ɑ,Bozeman tenor-mezzo midpoint,0.536,close,E4,4.5,inside,5,-7,none,not assessed,short,tie,0,no,4,middle,no,no,no,
Kabalevsky T10,13,42,2.5,A4,69,i,Bozeman tenor-mezzo midpoint,0.179,above,E3,16.5,inside,5,-7,none,not assessed,short,repeated,0,no,4,middle,no,no,no,
Kabalevsky T10,13,42,3,A4,69,ɑ,Bozeman tenor-mezzo midpoint,0.179,close,E4,4.5,inside,5,-7,none,not assessed,short,repeated,0,no,4,middle,no,no,no,
Kabalevsky T10,13,42,3.5,A4,69,i,Bozeman tenor-mezzo midpoint,0.179,above,E3,16.5,inside,5,-7,none,not assessed,short,repeated,0,no,4,middle,no,no,no,
Kabalevsky T10,13,43,1,G#4,68,ɑ,Bozeman tenor-mezzo midpoint,0.714,close,E4,3.5,inside,4,-8,none,not assessed,short,step,-1,no,4,middle,no,no,no,
Kabalevsky T10,13,43,3,G#4,68,u,Bozeman tenor-mezzo midpoint,0.357,above,G3,13.5,inside,4,-8,none,not assessed,short,repeated,0,no,4,middle,no,no,no,
Kabalevsky T10,13,44,1,G4,67,o,Bozeman tenor-mezzo midpoint,0.536,close,C#4,6.5,inside,3,-9,none,not assessed,short,step,-1,no,4,middle,no,no,no,
Kabalevsky T10,13,44,2.5,G4,67,ɪ,derived from Bozeman tenor-mezzo,0.179,close,D4,4.96,inside,3,-9,none,not assessed,short,repeated,0,no,4,middle,no,no,no,
Kabalevsky T10,13,44,3,G4,67,o,Bozeman tenor-mezzo midpoint,0.179,close,C#4,6.5,inside,3,-9,none,not assessed,short,repeated,0,no,4,middle,no,no,no,
Kabalevsky T10,13,44,3.5,G4,67,ɨ,derived from Bozeman tenor-mezzo,0.179,close,A#3,9.11,inside,3,-9,none,not assessed,short,repeated,0,no,4,middle,no,no,no,
Kabalevsky T10,13,45,1,F#4,66,o,Bozeman tenor-mezzo midpoint,0.714,close,C#4,5.5,inside,2,-10,none,not assessed,short,step,-1,no,4,middle,no,no,no,
Kabalevsky T10,13,45,3,F#4,66,ʌ,derived from Bozeman tenor-mezzo,0.357,close,E4,1.5,inside,2,-10,none,not assessed,short,repeated,0,no,4,last,no,no,no,turning pitch 0 to 2 st below
Kabalevsky T10,13,46,3,F#4,66,o,Bozeman tenor-mezzo midpoint,0.357,close,C#4,5.5,inside,2,-10,none,not assessed,short,repeated,0,yes,5,first,no,no,no,
Kabalevsky T10,13,47,1,G#4,68,ɛ,Bozeman tenor-mezzo midpoint,0.536,close,D#4,5.5,inside,4,-8,none,not assessed,short,step,2,no,5,middle,no,no,no,
Kabalevsky T10,13,47,2.5,G#4,68,ʌ,derived from Bozeman tenor-mezzo,0.179,close,E4,3.5,inside,4,-8,none,not assessed,short,repeated,0,no,5,middle,no,no,no,
Kabalevsky T10,13,47,3,F#4,66,ʌ,derived from Bozeman tenor-mezzo,0.179,close,E4,1.5,inside,2,-10,none,not assessed,short,step,-2,no,5,middle,no,no,no,turning pitch 0 to 2 st below
Kabalevsky T10,13,47,3.5,G#4,68,ɑ,Bozeman tenor-mezzo midpoint,0.179,close,E4,3.5,inside,4,-8,none,not assessed,short,step,2,no,5,middle,no,no,no,
Kabalevsky T10,13,48,1,A4,69,o,Bozeman tenor-mezzo midpoint,0.714,close,C#4,8.5,inside,5,-7,none,not assessed,short,step,1,no,5,middle,no,no,no,
Kabalevsky T10,13,48,3,F#4,66,o,Bozeman tenor-mezzo midpoint,0.357,close,C#4,5.5,inside,2,-10,none,not assessed,short,leap-down,-3,no,5,middle,no,no,no,
Kabalevsky T10,13,49,1,G#4,68,o,Bozeman tenor-mezzo midpoint,0.714,close,C#4,7.5,inside,4,-8,none,not assessed,short,step,2,no,5,middle,no,no,no,
Kabalevsky T10,13,49,3,B4,71,i,Bozeman tenor-mezzo midpoint,0.357,above,E3,18.5,inside,7,-5,none,not assessed,short,leap-up,3,no,5,middle,no,no,no,
Kabalevsky T10,13,50,1,A4,69,o,Bozeman tenor-mezzo midpoint,0.536,close,C#4,8.5,inside,5,-7,none,not assessed,short,step,-2,no,5,middle,no,no,no,
Kabalevsky T10,13,50,2.5,A4,69,ɪ,derived from Bozeman tenor-mezzo,0.179,close,D4,6.96,inside,5,-7,none,not assessed,short,repeated,0,no,5,middle,no,no,no,
Kabalevsky T10,13,50,3,A4,69,ɑ,Bozeman tenor-mezzo midpoint,0.179,close,E4,4.5,inside,5,-7,none,not assessed,short,repeated,0,no,5,middle,no,no,no,
Kabalevsky T10,13,50,3.5,A4,69,u,Bozeman tenor-mezzo midpoint,0.179,above,G3,14.5,inside,5,-7,none,not assessed,short,repeated,0,no,5,middle,no,no,no,
Kabalevsky T10,13,51,1,A#4,70,ɑ,Bozeman tenor-mezzo midpoint,0.714,close,E4,5.5,inside,6,-6,none,not assessed,short,step,1,no,5,middle,no,no,no,
Kabalevsky T10,13,51,3,F#4,66,ɑ,Bozeman tenor-mezzo midpoint,0.357,close,E4,1.5,inside,2,-10,none,not assessed,short,leap-down,-4,no,5,middle,no,no,no,turning pitch 0 to 2 st below
Kabalevsky T10,13,52,1,C#5,73,u,Bozeman tenor-mezzo midpoint,0.536,above,G3,18.5,inside,9,-3,none,not assessed,short,leap-up,7,no,5,middle,no,no,no,
Kabalevsky T10,13,52,2.5,C#5,73,ɑ,Bozeman tenor-mezzo midpoint,0.179,close,E4,8.5,inside,9,-3,none,not assessed,short,repeated,0,no,5,middle,no,no,no,
Kabalevsky T10,13,52,3,C#5,73,u,Bozeman tenor-mezzo midpoint,0.179,above,G3,18.5,inside,9,-3,none,not assessed,short,repeated,0,no,5,middle,no,no,no,
Kabalevsky T10,13,52,3.5,D5,74,ɑ,Bozeman tenor-mezzo midpoint,0.179,close,E4,9.5,inside,10,-2,none,not assessed,short,step,1,no,5,middle,yes,no,no,highest of phrase
Kabalevsky T10,13,53,1,B4,71,ɑ,Bozeman tenor-mezzo midpoint,0.714,close,E4,6.5,inside,7,-5,none,not assessed,short,leap-down,-3,no,5,middle,no,no,no,
Kabalevsky T10,13,53,3,B4,71,u,Bozeman tenor-mezzo midpoint,0.357,above,G3,16.5,inside,7,-5,none,not assessed,short,repeated,0,no,5,last,no,no,no,
Kabalevsky T10,13,54,2.5,C#5,73,ɑ,Bozeman tenor-mezzo midpoint,0.179,close,E4,8.5,inside,9,-3,none,not assessed,short,step,2,yes,6,first,no,no,no,
Kabalevsky T10,13,54,3,C#5,73,ʌ,derived from Bozeman tenor-mezzo,0.179,close,E4,8.5,inside,9,-3,none,not assessed,short,repeated,0,no,6,middle,no,no,no,
Kabalevsky T10,13,54,3.5,C#5,73,i,Bozeman tenor-mezzo midpoint,0.179,above,E3,20.5,inside,9,-3,none,not assessed,short,repeated,0,no,6,middle,no,no,no,
Kabalevsky T10,13,55,1,F5,77,ɛ,Bozeman tenor-mezzo midpoint,0.714,above,D#4,14.5,above secondo,13,1,none,not assessed,short,leap-up,4,no,6,middle,yes,yes,yes,highest of phrase
Kabalevsky T10,13,55,3,D5,74,ɑ,Bozeman tenor-mezzo midpoint,0.357,close,E4,9.5,inside,10,-2,none,not assessed,short,leap-down,-3,no,6,middle,no,no,no,
Kabalevsky T10,13,56,1,B4,71,u,Bozeman tenor-mezzo midpoint,0.714,above,G3,16.5,inside,7,-5,none,not assessed,short,leap-down,-3,no,6,middle,no,no,no,
Kabalevsky T10,13,56,3,C#5,73,ɑ,Bozeman tenor-mezzo midpoint,0.357,close,E4,8.5,inside,9,-3,none,not assessed,short,step,2,no,6,middle,no,no,no,
Kabalevsky T10,13,57,1,A4,69,ɑ,Bozeman tenor-mezzo midpoint,0.714,close,E4,4.5,inside,5,-7,none,not assessed,short,leap-down,-4,no,6,middle,no,no,no,
Kabalevsky T10,13,57,3,G#4,68,u,Bozeman tenor-mezzo midpoint,0.357,above,G3,13.5,inside,4,-8,none,not assessed,short,step,-1,no,6,middle,no,no,no,
Kabalevsky T10,13,58,1,B4,71,o,Bozeman tenor-mezzo midpoint,0.714,close,C#4,10.5,inside,7,-5,none,not assessed,short,leap-up,3,no,6,last,no,no,no,
Kabalevsky T10,13,58,3,B4,71,i,Bozeman tenor-mezzo midpoint,0.357,above,E3,18.5,inside,7,-5,none,not assessed,short,repeated,0,no,7,first,no,no,no,
Kabalevsky T10,13,59,1,G#4,68,ʌ,derived from Bozeman tenor-mezzo,0.714,close,E4,3.5,inside,4,-8,none,not assessed,short,leap-down,-3,no,7,middle,no,no,no,
Kabalevsky T10,13,59,3,F#4,66,ɨ,derived from Bozeman tenor-mezzo,0.357,close,A#3,8.11,inside,2,-10,none,not assessed,short,step,-2,no,7,middle,no,no,no,
Kabalevsky T10,13,60,1,C#5,73,ɛ,Bozeman tenor-mezzo midpoint,0.714,close,D#4,10.5,inside,9,-3,none,not assessed,short,leap-up,7,no,7,middle,yes,no,no,highest of phrase
Kabalevsky T10,13,60,3,C#5,73,ɨ,derived from Bozeman tenor-mezzo,0.357,above,A#3,15.11,inside,9,-3,none,not assessed,short,repeated,0,no,7,middle,yes,no,no,highest of phrase
Kabalevsky T10,13,61,1,G#4,68,ɛ,Bozeman tenor-mezzo midpoint,0.536,close,D#4,5.5,inside,4,-8,none,not assessed,short,leap-down,-5,no,7,middle,no,no,no,
Kabalevsky T10,13,61,2.5,G#4,68,ɨ,derived from Bozeman tenor-mezzo,0.179,close,A#3,10.11,inside,4,-8,none,not assessed,short,repeated,0,no,7,middle,no,no,no,
Kabalevsky T10,13,61,3,A4,69,i,Bozeman tenor-mezzo midpoint,0.179,above,E3,16.5,inside,5,-7,none,not assessed,short,step,1,no,7,middle,no,no,no,
Kabalevsky T10,13,61,3.5,G#4,68,ɨ,derived from Bozeman tenor-mezzo,0.179,close,A#3,10.11,inside,4,-8,none,not assessed,short,step,-1,no,7,middle,no,no,no,
Kabalevsky T10,13,62,1,C#5,73,ɑ,Bozeman tenor-mezzo midpoint,0.714,close,E4,8.5,inside,9,-3,none,not assessed,short,leap-up,5,no,7,middle,yes,no,no,highest of phrase
Kabalevsky T10,13,62,3,C#5,73,u,Bozeman tenor-mezzo midpoint,0.357,above,G3,18.5,inside,9,-3,none,not assessed,short,repeated,0,no,7,last,yes,no,no,highest of phrase
Kabalevsky T10,13,65,3,C#4,61,o,Bozeman tenor-mezzo midpoint,0.357,close,C#4,0.5,below primo,-3,-15,none,not assessed,short,leap-down,-12,yes,8,first,no,no,no,turning pitch 0 to 2 st below
Kabalevsky T10,13,66,1,F#4,66,ʌ,derived from Bozeman tenor-mezzo,0.714,close,E4,1.5,inside,2,-10,none,not assessed,short,leap-up,5,no,8,middle,no,no,no,turning pitch 0 to 2 st below
Kabalevsky T10,13,66,3,G#4,68,ɨ,derived from Bozeman tenor-mezzo,0.357,close,A#3,10.11,inside,4,-8,none,not assessed,short,step,2,no,8,middle,no,no,no,
Kabalevsky T10,13,67,1,A#4,70,o,Bozeman tenor-mezzo midpoint,1.071,close,C#4,9.5,inside,6,-6,none,not assessed,short,step,2,no,8,middle,no,no,no,
Kabalevsky T10,13,68,1,A#4,70,o,Bozeman tenor-mezzo midpoint,0.714,close,C#4,9.5,inside,6,-6,none,not assessed,short,tie,0,no,8,middle,no,no,no,
Kabalevsky T10,13,68,3,B4,71,ɨ,derived from Bozeman tenor-mezzo,0.357,above,A#3,13.11,inside,7,-5,none,not assessed,short,step,1,no,8,middle,no,no,no,
Kabalevsky T10,13,69,1,A#4,70,o,Bozeman tenor-mezzo midpoint,0.714,close,C#4,9.5,inside,6,-6,none,not assessed,short,step,-1,no,8,middle,no,no,no,
Kabalevsky T10,13,69,3,G#4,68,i,Bozeman tenor-mezzo midpoint,0.357,above,E3,15.5,inside,4,-8,none,not assessed,short,step,-2,no,8,middle,no,no,no,
Kabalevsky T10,13,70,1,F#4,66,ɑ,Bozeman tenor-mezzo midpoint,0.714,close,E4,1.5,inside,2,-10,none,not assessed,short,step,-2,no,8,middle,no,no,no,turning pitch 0 to 2 st below
Kabalevsky T10,13,70,3,F4,65,ɑ,Bozeman tenor-mezzo midpoint,0.357,close,E4,0.5,inside,1,-11,none,not assessed,short,step,-1,no,8,middle,no,yes,yes,turning pitch 0 to 2 st below
Kabalevsky T10,13,71,1,D#4,63,o,Bozeman tenor-mezzo midpoint,1.071,close,C#4,2.5,below primo,-1,-13,none,not assessed,short,step,-2,no,8,middle,no,yes,no,
Kabalevsky T10,13,72,1,D#4,63,o,Bozeman tenor-mezzo midpoint,0.536,close,C#4,2.5,below primo,-1,-13,none,not assessed,short,tie,0,no,8,middle,no,yes,no,
Kabalevsky T10,13,72,2.5,D#4,63,o,Bozeman tenor-mezzo midpoint,0.179,close,C#4,2.5,below primo,-1,-13,none,not assessed,short,repeated,0,no,8,middle,no,yes,no,
Kabalevsky T10,13,72,3,D#4,63,i,Bozeman tenor-mezzo midpoint,0.179,close,E3,10.5,below primo,-1,-13,none,not assessed,short,repeated,0,no,8,middle,no,yes,no,
Kabalevsky T10,13,72,3.5,D#4,63,ɑ,Bozeman tenor-mezzo midpoint,0.179,open,E4,-1.5,below primo,-1,-13,none,not assessed,short,repeated,0,no,8,middle,no,yes,no,
Kabalevsky T10,13,73,1,D#5,75,o,Bozeman tenor-mezzo midpoint,1.071,above,C#4,14.5,inside,11,-1,none,not assessed,short,leap-up,12,no,8,middle,yes,yes,yes,highest of phrase
Kabalevsky T10,13,74,1,D#5,75,o,Bozeman tenor-mezzo midpoint,0.714,above,C#4,14.5,inside,11,-1,none,not assessed,short,tie,0,no,8,middle,yes,yes,yes,highest of phrase
Kabalevsky T10,13,74,3,A#4,70,ɪ,derived from Bozeman tenor-mezzo,0.357,close,D4,7.96,inside,6,-6,none,not assessed,short,leap-down,-5,no,8,middle,no,no,no,
Kabalevsky T10,13,75,1,B4,71,e,Bozeman tenor-mezzo midpoint,0.714,close,D4,9.5,inside,7,-5,none,not assessed,short,step,1,no,8,middle,no,no,no,
Kabalevsky T10,13,75,3,A#4,70,ɪ,derived from Bozeman tenor-mezzo,0.357,close,D4,7.96,inside,6,-6,none,not assessed,short,step,-1,no,8,middle,no,no,no,
Kabalevsky T10,13,76,1,G#4,68,ʌ,derived from Bozeman tenor-mezzo,0.714,close,E4,3.5,inside,4,-8,none,not assessed,short,step,-2,no,8,middle,no,no,no,
Kabalevsky T10,13,76,3,D#4,63,i,Bozeman tenor-mezzo midpoint,0.357,close,E3,10.5,below primo,-1,-13,none,not assessed,short,leap-down,-5,no,8,middle,no,yes,no,
Kabalevsky T10,13,77,1,F#4,66,o,Bozeman tenor-mezzo midpoint,1.071,close,C#4,5.5,inside,2,-10,none,not assessed,short,leap-up,3,no,8,middle,no,no,no,
Kabalevsky T10,13,78,1,F#4,66,o,Bozeman tenor-mezzo midpoint,1.071,close,C#4,5.5,inside,2,-10,none,not assessed,short,tie,0,no,8,middle,no,no,no,
Kabalevsky T10,13,79,1,F#4,66,o,Bozeman tenor-mezzo midpoint,0.179,close,C#4,5.5,inside,2,-10,none,not assessed,short,tie,0,no,8,last,no,no,no,
