[0.7s] debug: [vite] connecting...
[0.7s] debug: [vite] connected.
[10.2s] info: WebGPU is experimental on this platform. See https://github.com/gpuweb/gpuweb/wiki/Implementation-Status#implementation-status
[11.1s] debug: [vite] connecting...
[11.1s] debug: [vite] connected.
[17.1s] error: An uncaught WebGPU validation error was raised: Error while parsing WGSL: :33:68 error: 'f16' type used without 'f16' extension enabled
        @group(0) @binding(0) var<storage, read> aData: array<vec4<f16>>;
                                                                   ^^^


 - While calling [Device].CreateShaderModule([ShaderModuleDescriptor ""Sub""]).

[17.1s] error: An uncaught WebGPU validation error was raised: [Invalid ShaderModule "Sub"] is invalid.
 - While validating compute stage ([Invalid ShaderModule "Sub"], entryPoint: "main").
 - While calling [Device].CreateComputePipeline([ComputePipelineDescriptor ""Sub""]).

[17.1s] error: An uncaught WebGPU validation error was raised: [Invalid ComputePipeline "Sub"] is invalid.
 - While Validating GetBindGroupLayout (0) on [Invalid ComputePipeline "Sub"]

[17.1s] error: An uncaught WebGPU validation error was raised: [Invalid BindGroupLayout (unlabeled)] is invalid.
 - While validating [BindGroupDescriptor ""Sub""] against [Invalid BindGroupLayout (unlabeled)]
 - While calling [Device].CreateBindGroup([BindGroupDescriptor ""Sub""]).

[17.1s] error: An uncaught WebGPU validation error was raised: Error while parsing WGSL: :33:68 error: 'f16' type used without 'f16' extension enabled
        @group(0) @binding(0) var<storage, read> aData: array<vec4<f16>>;
                                                                   ^^^


 - While calling [Device].CreateShaderModule([ShaderModuleDescriptor ""Div""]).

[17.1s] error: An uncaught WebGPU validation error was raised: [Invalid ShaderModule "Div"] is invalid.
 - While validating compute stage ([Invalid ShaderModule "Div"], entryPoint: "main").
 - While calling [Device].CreateComputePipeline([ComputePipelineDescriptor ""Div""]).

[17.1s] error: An uncaught WebGPU validation error was raised: [Invalid ComputePipeline "Div"] is invalid.
 - While Validating GetBindGroupLayout (0) on [Invalid ComputePipeline "Div"]

[17.1s] error: An uncaught WebGPU validation error was raised: [Invalid BindGroupLayout (unlabeled)] is invalid.
 - While validating [BindGroupDescriptor ""Div""] against [Invalid BindGroupLayout (unlabeled)]
 - While calling [Device].CreateBindGroup([BindGroupDescriptor ""Div""]).

[17.1s] error: An uncaught WebGPU validation error was raised: Error while parsing WGSL: :35:53 error: 'f16' type used without 'f16' extension enabled
  @group(0) @binding(0) var<storage, read> a: array<f16>;
                                                    ^^^


 - While calling [Device].CreateShaderModule([ShaderModuleDescriptor ""Transpose""]).

[17.1s] error: An uncaught WebGPU validation error was raised: [Invalid ShaderModule "Transpose"] is invalid.
 - While validating compute stage ([Invalid ShaderModule "Transpose"], entryPoint: "main").
 - While calling [Device].CreateComputePipeline([ComputePipelineDescriptor ""Transpose""]).

[17.1s] error: An uncaught WebGPU validation error was raised: [Invalid ComputePipeline "Transpose"] is invalid.
 - While Validating GetBindGroupLayout (0) on [Invalid ComputePipeline "Transpose"]

[17.2s] error: An uncaught WebGPU validation error was raised: [Invalid BindGroupLayout (unlabeled)] is invalid.
 - While validating [BindGroupDescriptor ""Transpose""] against [Invalid BindGroupLayout (unlabeled)]
 - While calling [Device].CreateBindGroup([BindGroupDescriptor ""Transpose""]).

[17.2s] error: An uncaught WebGPU validation error was raised: Error while parsing WGSL: :35:53 error: 'f16' type used without 'f16' extension enabled
  @group(0) @binding(0) var<storage, read> a: array<f16>;
                                                    ^^^


 - While calling [Device].CreateShaderModule([ShaderModuleDescriptor ""Transpose""]).

[17.2s] error: An uncaught WebGPU validation error was raised: [Invalid ShaderModule "Transpose"] is invalid.
 - While validating compute stage ([Invalid ShaderModule "Transpose"], entryPoint: "main").
 - While calling [Device].CreateComputePipeline([ComputePipelineDescriptor ""Transpose""]).

[17.2s] error: An uncaught WebGPU validation error was raised: [Invalid ComputePipeline "Transpose"] is invalid.
 - While Validating GetBindGroupLayout (0) on [Invalid ComputePipeline "Transpose"]

[17.2s] error: An uncaught WebGPU validation error was raised: [Invalid BindGroupLayout (unlabeled)] is invalid.
 - While validating [BindGroupDescriptor ""Transpose""] against [Invalid BindGroupLayout (unlabeled)]
 - While calling [Device].CreateBindGroup([BindGroupDescriptor ""Transpose""]).

[17.2s] error: An uncaught WebGPU validation error was raised: Error while parsing WGSL: :22:59 error: 'f16' type used without 'f16' extension enabled
        @group(0) @binding(0) var<storage, read> x: array<f16>;
                                                          ^^^


 - While calling [Device].CreateShaderModule([ShaderModuleDescriptor ""Conv2DMatMul""]).

[17.2s] error: An uncaught WebGPU validation error was raised: [Invalid ShaderModule "Conv2DMatMul"] is invalid.
 - While validating compute stage ([Invalid ShaderModule "Conv2DMatMul"], entryPoint: "main").
 - While calling [Device].CreateComputePipeline([ComputePipelineDescriptor ""Conv2DMatMul""]).

[17.2s] error: An uncaught WebGPU validation error was raised: [Invalid ComputePipeline "Conv2DMatMul"] is invalid.
 - While Validating GetBindGroupLayout (0) on [Invalid ComputePipeline "Conv2DMatMul"]

[17.2s] error: An uncaught WebGPU validation error was raised: [Invalid BindGroupLayout (unlabeled)] is invalid.
 - While validating [BindGroupDescriptor ""Conv2DMatMul""] against [Invalid BindGroupLayout (unlabeled)]
 - While calling [Device].CreateBindGroup([BindGroupDescriptor ""Conv2DMatMul""]).

[17.2s] error: An uncaught WebGPU validation error was raised: Error while parsing WGSL: :35:53 error: 'f16' type used without 'f16' extension enabled
  @group(0) @binding(0) var<storage, read> a: array<f16>;
                                                    ^^^


 - While calling [Device].CreateShaderModule([ShaderModuleDescriptor ""Transpose""]).

[17.2s] error: An uncaught WebGPU validation error was raised: [Invalid ShaderModule "Transpose"] is invalid.
 - While validating compute stage ([Invalid ShaderModule "Transpose"], entryPoint: "main").
 - While calling [Device].CreateComputePipeline([ComputePipelineDescriptor ""Transpose""]).

[17.2s] error: An uncaught WebGPU validation error was raised: [Invalid ComputePipeline "Transpose"] is invalid.
 - While Validating GetBindGroupLayout (0) on [Invalid ComputePipeline "Transpose"]

[17.2s] error: An uncaught WebGPU validation error was raised: [Invalid BindGroupLayout (unlabeled)] is invalid.
 - While validating [BindGroupDescriptor ""Transpose""] against [Invalid BindGroupLayout (unlabeled)]
 - While calling [Device].CreateBindGroup([BindGroupDescriptor ""Transpose""]).

[17.2s] error: An uncaught WebGPU validation error was raised: Error while parsing WGSL: :31:63 error: 'f16' type used without 'f16' extension enabled
            @group(0) @binding(0) var<storage, read> x: array<f16>;
                                                              ^^^


 - While calling [Device].CreateShaderModule([ShaderModuleDescriptor ""MaxPool""]).

[17.2s] error: An uncaught WebGPU validation error was raised: [Invalid ShaderModule "MaxPool"] is invalid.
 - While validating compute stage ([Invalid ShaderModule "MaxPool"], entryPoint: "main").
 - While calling [Device].CreateComputePipeline([ComputePipelineDescriptor ""MaxPool""]).

[17.2s] error: An uncaught WebGPU validation error was raised: [Invalid ComputePipeline "MaxPool"] is invalid.
 - While Validating GetBindGroupLayout (0) on [Invalid ComputePipeline "MaxPool"]

[17.2s] error: An uncaught WebGPU validation error was raised: [Invalid BindGroupLayout (unlabeled)] is invalid.
 - While validating [BindGroupDescriptor ""MaxPool""] against [Invalid BindGroupLayout (unlabeled)]
 - While calling [Device].CreateBindGroup([BindGroupDescriptor ""MaxPool""]).

[17.2s] error: An uncaught WebGPU validation error was raised: [Invalid ComputePipeline "Transpose"] is invalid.
 - While Validating GetBindGroupLayout (0) on [Invalid ComputePipeline "Transpose"]

[17.2s] error: An uncaught WebGPU validation error was raised: [Invalid BindGroupLayout (unlabeled)] is invalid.
 - While validating [BindGroupDescriptor ""Transpose""] against [Invalid BindGroupLayout (unlabeled)]
 - While calling [Device].CreateBindGroup([BindGroupDescriptor ""Transpose""]).

[17.2s] error: An uncaught WebGPU validation error was raised: Error while parsing WGSL: :22:64 error: 'f16' type used without 'f16' extension enabled
        @group(0) @binding(0) var<storage, read> x: array<vec4<f16>>;
                                                               ^^^


 - While calling [Device].CreateShaderModule([ShaderModuleDescriptor ""Conv2DMatMul""]).

[17.2s] error: An uncaught WebGPU validation error was raised: [Invalid ShaderModule "Conv2DMatMul"] is invalid.
 - While validating compute stage ([Invalid ShaderModule "Conv2DMatMul"], entryPoint: "main").
 - While calling [Device].CreateComputePipeline([ComputePipelineDescriptor ""Conv2DMatMul""]).

[17.2s] error: An uncaught WebGPU validation error was raised: [Invalid ComputePipeline "Conv2DMatMul"] is invalid.
 - While Validating GetBindGroupLayout (0) on [Invalid ComputePipeline "Conv2DMatMul"]

[17.2s] error: An uncaught WebGPU validation error was raised: [Invalid BindGroupLayout (unlabeled)] is invalid.
 - While validating [BindGroupDescriptor ""Conv2DMatMul""] against [Invalid BindGroupLayout (unlabeled)]
 - While calling [Device].CreateBindGroup([BindGroupDescriptor ""Conv2DMatMul""]).

[17.2s] error: An uncaught WebGPU validation error was raised: [Invalid ComputePipeline "Transpose"] is invalid.
 - While Validating GetBindGroupLayout (0) on [Invalid ComputePipeline "Transpose"]

[17.2s] error: An uncaught WebGPU validation error was raised: [Invalid BindGroupLayout (unlabeled)] is invalid.
 - While validating [BindGroupDescriptor ""Transpose""] against [Invalid BindGroupLayout (unlabeled)]
 - While calling [Device].CreateBindGroup([BindGroupDescriptor ""Transpose""]).

[17.2s] error: An uncaught WebGPU validation error was raised: Error while parsing WGSL: :22:64 error: 'f16' type used without 'f16' extension enabled
        @group(0) @binding(0) var<storage, read> x: array<vec4<f16>>;
                                                               ^^^


 - While calling [Device].CreateShaderModule([ShaderModuleDescriptor ""Conv2DMatMul""]).

[17.2s] error: An uncaught WebGPU validation error was raised: [Invalid ShaderModule "Conv2DMatMul"] is invalid.
 - While validating compute stage ([Invalid ShaderModule "Conv2DMatMul"], entryPoint: "main").
 - While calling [Device].CreateComputePipeline([ComputePipelineDescriptor ""Conv2DMatMul""]).

[17.2s] error: An uncaught WebGPU validation error was raised: [Invalid ComputePipeline "Conv2DMatMul"] is invalid.
 - While Validating GetBindGroupLayout (0) on [Invalid ComputePipeline "Conv2DMatMul"]

[17.3s] error: An uncaught WebGPU validation error was raised: [Invalid BindGroupLayout (unlabeled)] is invalid.
 - While validating [BindGroupDescriptor ""Conv2DMatMul""] against [Invalid BindGroupLayout (unlabeled)]
 - While calling [Device].CreateBindGroup([BindGroupDescriptor ""Conv2DMatMul""]).

[17.3s] error: An uncaught WebGPU validation error was raised: Error while parsing WGSL: :8:68 error: 'f16' type used without 'f16' extension enabled
        @group(0) @binding(0) var<storage, read> aData: array<vec4<f16>>;
                                                                   ^^^


 - While calling [Device].CreateShaderModule([ShaderModuleDescriptor ""Add""]).

[17.3s] error: An uncaught WebGPU validation error was raised: [Invalid ShaderModule "Add"] is invalid.
 - While validating compute stage ([Invalid ShaderModule "Add"], entryPoint: "main").
 - While calling [Device].CreateComputePipeline([ComputePipelineDescriptor ""Add""]).

[17.3s] error: An uncaught WebGPU validation error was raised: [Invalid ComputePipeline "Add"] is invalid.
 - While Validating GetBindGroupLayout (0) on [Invalid ComputePipeline "Add"]

[17.3s] error: An uncaught WebGPU validation error was raised: [Invalid BindGroupLayout (unlabeled)] is invalid.
 - While validating [BindGroupDescriptor ""Add""] against [Invalid BindGroupLayout (unlabeled)]
 - While calling [Device].CreateBindGroup([BindGroupDescriptor ""Add""]).

[17.3s] error: An uncaught WebGPU validation error was raised: Error while parsing WGSL: :7:70 error: 'f16' type used without 'f16' extension enabled
      @group(0) @binding(0) var<storage, read> inputData: array<vec4<f16>>;
                                                                     ^^^


 - While calling [Device].CreateShaderModule([ShaderModuleDescriptor ""Relu""]).

[17.3s] error: An uncaught WebGPU validation error was raised: [Invalid ShaderModule "Relu"] is invalid.
 - While validating compute stage ([Invalid ShaderModule "Relu"], entryPoint: "main").
 - While calling [Device].CreateComputePipeline([ComputePipelineDescriptor ""Relu""]).

[17.3s] error: An uncaught WebGPU validation error was raised: [Invalid ComputePipeline "Relu"] is invalid.
 - While Validating GetBindGroupLayout (0) on [Invalid ComputePipeline "Relu"]

[17.3s] error: An uncaught WebGPU validation error was raised: [Invalid BindGroupLayout (unlabeled)] is invalid.
 - While validating [BindGroupDescriptor ""Relu""] against [Invalid BindGroupLayout (unlabeled)]
 - While calling [Device].CreateBindGroup([BindGroupDescriptor ""Relu""]).

[17.3s] error: An uncaught WebGPU validation error was raised: [Invalid ComputePipeline "Transpose"] is invalid.
 - While Validating GetBindGroupLayout (0) on [Invalid ComputePipeline "Transpose"]

[17.3s] error: An uncaught WebGPU validation error was raised: [Invalid BindGroupLayout (unlabeled)] is invalid.
 - While validating [BindGroupDescriptor ""Transpose""] against [Invalid BindGroupLayout (unlabeled)]
 - While calling [Device].CreateBindGroup([BindGroupDescriptor ""Transpose""]).

[17.3s] error: An uncaught WebGPU validation error was raised: [Invalid ComputePipeline "Conv2DMatMul"] is invalid.
 - While Validating GetBindGroupLayout (0) on [Invalid ComputePipeline "Conv2DMatMul"]

[17.3s] error: An uncaught WebGPU validation error was raised: [Invalid BindGroupLayout (unlabeled)] is invalid.
 - While validating [BindGroupDescriptor ""Conv2DMatMul""] against [Invalid BindGroupLayout (unlabeled)]
 - While calling [Device].CreateBindGroup([BindGroupDescriptor ""Conv2DMatMul""]).

[17.3s] error: An uncaught WebGPU validation error was raised: [Invalid ComputePipeline "Transpose"] is invalid.
 - While Validating GetBindGroupLayout (0) on [Invalid ComputePipeline "Transpose"]

[17.3s] error: An uncaught WebGPU validation error was raised: [Invalid BindGroupLayout (unlabeled)] is invalid.
 - While validating [BindGroupDescriptor ""Transpose""] against [Invalid BindGroupLayout (unlabeled)]
 - While calling [Device].CreateBindGroup([BindGroupDescriptor ""Transpose""]).

[17.3s] error: An uncaught WebGPU validation error was raised: [Invalid ComputePipeline "Sub"] is invalid.
 - While encoding [ComputePassEncoder (unlabeled)].SetPipeline([Invalid ComputePipeline "Sub"]).
 - While finishing [CommandEncoder (unlabeled)].

[17.3s] error: An uncaught WebGPU validation error was raised: [Invalid CommandBuffer] is invalid.
 - While calling [Queue].Submit([[Invalid CommandBuffer]])

[17.3s] error: An uncaught WebGPU validation error was raised: [Invalid ComputePipeline "Conv2DMatMul"] is invalid.
 - While Validating GetBindGroupLayout (0) on [Invalid ComputePipeline "Conv2DMatMul"]

[17.3s] error: An uncaught WebGPU validation error was raised: [Invalid BindGroupLayout (unlabeled)] is invalid.
 - While validating [BindGroupDescriptor ""Conv2DMatMul""] against [Invalid BindGroupLayout (unlabeled)]
 - While calling [Device].CreateBindGroup([BindGroupDescriptor ""Conv2DMatMul""]).

[17.3s] error: An uncaught WebGPU validation error was raised: [Invalid ComputePipeline "Add"] is invalid.
 - While Validating GetBindGroupLayout (0) on [Invalid ComputePipeline "Add"]

[17.3s] error: An uncaught WebGPU validation error was raised: [Invalid BindGroupLayout (unlabeled)] is invalid.
 - While validating [BindGroupDescriptor ""Add""] against [Invalid BindGroupLayout (unlabeled)]
 - While calling [Device].CreateBindGroup([BindGroupDescriptor ""Add""]).

[17.3s] error: An uncaught WebGPU validation error was raised: [Invalid ComputePipeline "Relu"] is invalid.
 - While Validating GetBindGroupLayout (0) on [Invalid ComputePipeline "Relu"]

[17.3s] error: An uncaught WebGPU validation error was raised: [Invalid BindGroupLayout (unlabeled)] is invalid.
 - While validating [BindGroupDescriptor ""Relu""] against [Invalid BindGroupLayout (unlabeled)]
 - While calling [Device].CreateBindGroup([BindGroupDescriptor ""Relu""]).

[17.3s] error: An uncaught WebGPU validation error was raised: Error while parsing WGSL: :35:53 error: 'f16' type used without 'f16' extension enabled
  @group(0) @binding(0) var<storage, read> a: array<f16>;
                                                    ^^^


 - While calling [Device].CreateShaderModule([ShaderModuleDescriptor ""Transpose""]).

[17.3s] error: An uncaught WebGPU validation error was raised: [Invalid ShaderModule "Transpose"] is invalid.
 - While validating compute stage ([Invalid ShaderModule "Transpose"], entryPoint: "main").
 - While calling [Device].CreateComputePipeline([ComputePipelineDescriptor ""Transpose""]).

[17.3s] error: An uncaught WebGPU validation error was raised: [Invalid ComputePipeline "Transpose"] is invalid.
 - While Validating GetBindGroupLayout (0) on [Invalid ComputePipeline "Transpose"]

[17.3s] error: An uncaught WebGPU validation error was raised: [Invalid BindGroupLayout (unlabeled)] is invalid.
 - While validating [BindGroupDescriptor ""Transpose""] against [Invalid BindGroupLayout (unlabeled)]
 - While calling [Device].CreateBindGroup([BindGroupDescriptor ""Transpose""]).

[17.3s] error: An uncaught WebGPU validation error was raised: [Invalid ComputePipeline "Transpose"] is invalid.
 - While Validating GetBindGroupLayout (0) on [Invalid ComputePipeline "Transpose"]

[17.3s] error: An uncaught WebGPU validation error was raised: [Invalid BindGroupLayout (unlabeled)] is invalid.
 - While validating [BindGroupDescriptor ""Transpose""] against [Invalid BindGroupLayout (unlabeled)]
 - While calling [Device].CreateBindGroup([BindGroupDescriptor ""Transpose""]).

[17.3s] error: An uncaught WebGPU validation error was raised: [Invalid ComputePipeline "Conv2DMatMul"] is invalid.
 - While Validating GetBindGroupLayout (0) on [Invalid ComputePipeline "Conv2DMatMul"]

[17.3s] error: An uncaught WebGPU validation error was raised: [Invalid BindGroupLayout (unlabeled)] is invalid.
 - While validating [BindGroupDescriptor ""Conv2DMatMul""] against [Invalid BindGroupLayout (unlabeled)]
 - While calling [Device].CreateBindGroup([BindGroupDescriptor ""Conv2DMatMul""]).

[17.3s] error: An uncaught WebGPU validation error was raised: [Invalid ComputePipeline "Transpose"] is invalid.
 - While Validating GetBindGroupLayout (0) on [Invalid ComputePipeline "Transpose"]

[17.3s] error: An uncaught WebGPU validation error was raised: [Invalid BindGroupLayout (unlabeled)] is invalid.
 - While validating [BindGroupDescriptor ""Transpose""] against [Invalid BindGroupLayout (unlabeled)]
 - While calling [Device].CreateBindGroup([BindGroupDescriptor ""Transpose""]).

[17.3s] error: An uncaught WebGPU validation error was raised: [Invalid ComputePipeline "Conv2DMatMul"] is invalid.
 - While Validating GetBindGroupLayout (0) on [Invalid ComputePipeline "Conv2DMatMul"]

[17.3s] error: An uncaught WebGPU validation error was raised: [Invalid BindGroupLayout (unlabeled)] is invalid.
 - While validating [BindGroupDescriptor ""Conv2DMatMul""] against [Invalid BindGroupLayout (unlabeled)]
 - While calling [Device].CreateBindGroup([BindGroupDescriptor ""Conv2DMatMul""]).

[17.3s] error: An uncaught WebGPU validation error was raised: Error while parsing WGSL: :21:53 error: 'f16' type used without 'f16' extension enabled
  @group(0) @binding(0) var<storage, read> a: array<f16>;
                                                    ^^^


 - While calling [Device].CreateShaderModule([ShaderModuleDescriptor ""TransposeShared""]).

[17.3s] error: An uncaught WebGPU validation error was raised: [Invalid ShaderModule "TransposeShared"] is invalid.
 - While validating compute stage ([Invalid ShaderModule "TransposeShared"], entryPoint: "main").
 - While calling [Device].CreateComputePipeline([ComputePipelineDescriptor ""TransposeShared""]).

[17.4s] error: An uncaught WebGPU validation error was raised: [Invalid ComputePipeline "TransposeShared"] is invalid.
 - While Validating GetBindGroupLayout (0) on [Invalid ComputePipeline "TransposeShared"]

[17.4s] error: An uncaught WebGPU validation error was raised: [Invalid BindGroupLayout (unlabeled)] is invalid.
 - While validating [BindGroupDescriptor ""TransposeShared""] against [Invalid BindGroupLayout (unlabeled)]
 - While calling [Device].CreateBindGroup([BindGroupDescriptor ""TransposeShared""]).

[17.4s] error: An uncaught WebGPU validation error was raised: [Invalid ComputePipeline "Conv2DMatMul"] is invalid.
 - While Validating GetBindGroupLayout (0) on [Invalid ComputePipeline "Conv2DMatMul"]

[17.4s] error: An uncaught WebGPU validation error was raised: [Invalid BindGroupLayout (unlabeled)] is invalid.
 - While validating [BindGroupDescriptor ""Conv2DMatMul""] against [Invalid BindGroupLayout (unlabeled)]
 - While calling [Device].CreateBindGroup([BindGroupDescriptor ""Conv2DMatMul""]).

[17.4s] error: An uncaught WebGPU validation error was raised: [Invalid ComputePipeline "Add"] is invalid.
 - While Validating GetBindGroupLayout (0) on [Invalid ComputePipeline "Add"]

[17.4s] error: An uncaught WebGPU validation error was raised: [Invalid BindGroupLayout (unlabeled)] is invalid.
 - While validating [BindGroupDescriptor ""Add""] against [Invalid BindGroupLayout (unlabeled)]
 - While calling [Device].CreateBindGroup([BindGroupDescriptor ""Add""]).

[17.4s] error: An uncaught WebGPU validation error was raised: [Invalid ComputePipeline "Relu"] is invalid.
 - While Validating GetBindGroupLayout (0) on [Invalid ComputePipeline "Relu"]

[17.4s] error: An uncaught WebGPU validation error was raised: [Invalid BindGroupLayout (unlabeled)] is invalid.
 - While validating [BindGroupDescriptor ""Relu""] against [Invalid BindGroupLayout (unlabeled)]
 - While calling [Device].CreateBindGroup([BindGroupDescriptor ""Relu""]).

[17.4s] error: An uncaught WebGPU validation error was raised: [Invalid ComputePipeline "Transpose"] is invalid.
 - While Validating GetBindGroupLayout (0) on [Invalid ComputePipeline "Transpose"]

[17.4s] error: An uncaught WebGPU validation error was raised: [Invalid BindGroupLayout (unlabeled)] is invalid.
 - While validating [BindGroupDescriptor ""Transpose""] against [Invalid BindGroupLayout (unlabeled)]
 - While calling [Device].CreateBindGroup([BindGroupDescriptor ""Transpose""]).

[17.4s] error: An uncaught WebGPU validation error was raised: [Invalid ComputePipeline "Conv2DMatMul"] is invalid.
 - While Validating GetBindGroupLayout (0) on [Invalid ComputePipeline "Conv2DMatMul"]

[17.4s] error: An uncaught WebGPU validation error was raised: [Invalid BindGroupLayout (unlabeled)] is invalid.
 - While validating [BindGroupDescriptor ""Conv2DMatMul""] against [Invalid BindGroupLayout (unlabeled)]
 - While calling [Device].CreateBindGroup([BindGroupDescriptor ""Conv2DMatMul""]).

[17.4s] error: An uncaught WebGPU validation error was raised: [Invalid ComputePipeline "Transpose"] is invalid.
 - While Validating GetBindGroupLayout (0) on [Invalid ComputePipeline "Transpose"]

[17.4s] error: An uncaught WebGPU validation error was raised: [Invalid BindGroupLayout (unlabeled)] is invalid.
 - While validating [BindGroupDescriptor ""Transpose""] against [Invalid BindGroupLayout (unlabeled)]
 - While calling [Device].CreateBindGroup([BindGroupDescriptor ""Transpose""]).

[17.4s] error: An uncaught WebGPU validation error was raised: [Invalid ComputePipeline "Conv2DMatMul"] is invalid.
 - While Validating GetBindGroupLayout (0) on [Invalid ComputePipeline "Conv2DMatMul"]

[17.4s] error: An uncaught WebGPU validation error was raised: [Invalid BindGroupLayout (unlabeled)] is invalid.
 - While validating [BindGroupDescriptor ""Conv2DMatMul""] against [Invalid BindGroupLayout (unlabeled)]
 - While calling [Device].CreateBindGroup([BindGroupDescriptor ""Conv2DMatMul""]).

[17.4s] error: An uncaught WebGPU validation error was raised: [Invalid ComputePipeline "Conv2DMatMul"] is invalid.
 - While encoding [ComputePassEncoder (unlabeled)].SetPipeline([Invalid ComputePipeline "Conv2DMatMul"]).
 - While finishing [CommandEncoder (unlabeled)].

[17.4s] error: An uncaught WebGPU validation error was raised: [Invalid CommandBuffer] is invalid.
 - While calling [Queue].Submit([[Invalid CommandBuffer]])

[17.4s] error: An uncaught WebGPU validation error was raised: [Invalid ComputePipeline "Add"] is invalid.
 - While Validating GetBindGroupLayout (0) on [Invalid ComputePipeline "Add"]

[17.4s] error: An uncaught WebGPU validation error was raised: [Invalid BindGroupLayout (unlabeled)] is invalid.
 - While validating [BindGroupDescriptor ""Add""] against [Invalid BindGroupLayout (unlabeled)]
 - While calling [Device].CreateBindGroup([BindGroupDescriptor ""Add""]).

[17.4s] error: An uncaught WebGPU validation error was raised: [Invalid ComputePipeline "Relu"] is invalid.
 - While Validating GetBindGroupLayout (0) on [Invalid ComputePipeline "Relu"]

[17.4s] error: An uncaught WebGPU validation error was raised: [Invalid BindGroupLayout (unlabeled)] is invalid.
 - While validating [BindGroupDescriptor ""Relu""] against [Invalid BindGroupLayout (unlabeled)]
 - While calling [Device].CreateBindGroup([BindGroupDescriptor ""Relu""]).

[17.4s] error: An uncaught WebGPU validation error was raised: [Invalid ComputePipeline "Transpose"] is invalid.
 - While Validating GetBindGroupLayout (0) on [Invalid ComputePipeline "Transpose"]

[17.4s] error: An uncaught WebGPU validation error was raised: [Invalid BindGroupLayout (unlabeled)] is invalid.
 - While validating [BindGroupDescriptor ""Transpose""] against [Invalid BindGroupLayout (unlabeled)]
 - While calling [Device].CreateBindGroup([BindGroupDescriptor ""Transpose""]).

[17.4s] error: An uncaught WebGPU validation error was raised: [Invalid ComputePipeline "Transpose"] is invalid.
 - While Validating GetBindGroupLayout (0) on [Invalid ComputePipeline "Transpose"]

[17.4s] error: An uncaught WebGPU validation error was raised: [Invalid BindGroupLayout (unlabeled)] is invalid.
 - While validating [BindGroupDescriptor ""Transpose""] against [Invalid BindGroupLayout (unlabeled)]
 - While calling [Device].CreateBindGroup([BindGroupDescriptor ""Transpose""]).

[17.4s] error: An uncaught WebGPU validation error was raised: Error while parsing WGSL: :22:64 error: 'f16' type used without 'f16' extension enabled
        @group(0) @binding(0) var<storage, read> x: array<vec4<f16>>;
                                                               ^^^


 - While calling [Device].CreateShaderModule([ShaderModuleDescriptor ""Conv2DMatMul""]).

[17.4s] error: An uncaught WebGPU validation error was raised: [Invalid ShaderModule "Conv2DMatMul"] is invalid.
 - While validating compute stage ([Invalid ShaderModule "Conv2DMatMul"], entryPoint: "main").
 - While calling [Device].CreateComputePipeline([ComputePipelineDescriptor ""Conv2DMatMul""]).

[17.4s] error: An uncaught WebGPU validation error was raised: [Invalid ComputePipeline "Conv2DMatMul"] is invalid.
 - While Validating GetBindGroupLayout (0) on [Invalid ComputePipeline "Conv2DMatMul"]

[17.4s] error: An uncaught WebGPU validation error was raised: [Invalid BindGroupLayout (unlabeled)] is invalid.
 - While validating [BindGroupDescriptor ""Conv2DMatMul""] against [Invalid BindGroupLayout (unlabeled)]
 - While calling [Device].CreateBindGroup([BindGroupDescriptor ""Conv2DMatMul""]).

[17.4s] error: An uncaught WebGPU validation error was raised: [Invalid ComputePipeline "Transpose"] is invalid.
 - While Validating GetBindGroupLayout (0) on [Invalid ComputePipeline "Transpose"]

[17.4s] error: An uncaught WebGPU validation error was raised: [Invalid BindGroupLayout (unlabeled)] is invalid.
 - While validating [BindGroupDescriptor ""Transpose""] against [Invalid BindGroupLayout (unlabeled)]
 - While calling [Device].CreateBindGroup([BindGroupDescriptor ""Transpose""]).

[17.4s] error: An uncaught WebGPU validation error was raised: Error while parsing WGSL: :22:64 error: 'f16' type used without 'f16' extension enabled
        @group(0) @binding(0) var<storage, read> x: array<vec4<f16>>;
                                                               ^^^


 - While calling [Device].CreateShaderModule([ShaderModuleDescriptor ""Conv2DMatMul""]).

[17.4s] error: An uncaught WebGPU validation error was raised: [Invalid ShaderModule "Conv2DMatMul"] is invalid.
 - While validating compute stage ([Invalid ShaderModule "Conv2DMatMul"], entryPoint: "main").
 - While calling [Device].CreateComputePipeline([ComputePipelineDescriptor ""Conv2DMatMul""]).

[17.4s] error: An uncaught WebGPU validation error was raised: [Invalid ComputePipeline "Conv2DMatMul"] is invalid.
 - While Validating GetBindGroupLayout (0) on [Invalid ComputePipeline "Conv2DMatMul"]

[17.4s] error: An uncaught WebGPU validation error was raised: [Invalid BindGroupLayout (unlabeled)] is invalid.
 - While validating [BindGroupDescriptor ""Conv2DMatMul""] against [Invalid BindGroupLayout (unlabeled)]
 - While calling [Device].CreateBindGroup([BindGroupDescriptor ""Conv2DMatMul""]).

[17.4s] error: An uncaught WebGPU validation error was raised: [Invalid ComputePipeline "TransposeShared"] is invalid.
 - While Validating GetBindGroupLayout (0) on [Invalid ComputePipeline "TransposeShared"]

[17.4s] error: An uncaught WebGPU validation error was raised: [Invalid BindGroupLayout (unlabeled)] is invalid.
 - While validating [BindGroupDescriptor ""TransposeShared""] against [Invalid BindGroupLayout (unlabeled)]
 - While calling [Device].CreateBindGroup([BindGroupDescriptor ""TransposeShared""]).

[17.4s] error: An uncaught WebGPU validation error was raised: [Invalid ComputePipeline "Conv2DMatMul"] is invalid.
 - While Validating GetBindGroupLayout (0) on [Invalid ComputePipeline "Conv2DMatMul"]

[17.4s] error: An uncaught WebGPU validation error was raised: [Invalid BindGroupLayout (unlabeled)] is invalid.
 - While validating [BindGroupDescriptor ""Conv2DMatMul""] against [Invalid BindGroupLayout (unlabeled)]
 - While calling [Device].CreateBindGroup([BindGroupDescriptor ""Conv2DMatMul""]).

[17.4s] error: An uncaught WebGPU validation error was raised: [Invalid ComputePipeline "Add"] is invalid.
 - While Validating GetBindGroupLayout (0) on [Invalid ComputePipeline "Add"]

[17.4s] error: An uncaught WebGPU validation error was raised: [Invalid BindGroupLayout (unlabeled)] is invalid.
 - While validating [BindGroupDescriptor ""Add""] against [Invalid BindGroupLayout (unlabeled)]
 - While calling [Device].CreateBindGroup([BindGroupDescriptor ""Add""]).

[17.4s] error: An uncaught WebGPU validation error was raised: [Invalid ComputePipeline "Relu"] is invalid.
 - While Validating GetBindGroupLayout (0) on [Invalid ComputePipeline "Relu"]

[17.4s] error: An uncaught WebGPU validation error was raised: [Invalid BindGroupLayout (unlabeled)] is invalid.
 - While validating [BindGroupDescriptor ""Relu""] against [Invalid BindGroupLayout (unlabeled)]
 - While calling [Device].CreateBindGroup([BindGroupDescriptor ""Relu""]).

[17.4s] error: An uncaught WebGPU validation error was raised: [Invalid ComputePipeline "Transpose"] is invalid.
 - While Validating GetBindGroupLayout (0) on [Invalid ComputePipeline "Transpose"]

[17.4s] error: An uncaught WebGPU validation error was raised: [Invalid BindGroupLayout (unlabeled)] is invalid.
 - While validating [BindGroupDescriptor ""Transpose""] against [Invalid BindGroupLayout (unlabeled)]
 - While calling [Device].CreateBindGroup([BindGroupDescriptor ""Transpose""]).

[17.4s] error: An uncaught WebGPU validation error was raised: [Invalid ComputePipeline "Conv2DMatMul"] is invalid.
 - While Validating GetBindGroupLayout (0) on [Invalid ComputePipeline "Conv2DMatMul"]

[17.4s] error: An uncaught WebGPU validation error was raised: [Invalid BindGroupLayout (unlabeled)] is invalid.
 - While validating [BindGroupDescriptor ""Conv2DMatMul""] against [Invalid BindGroupLayout (unlabeled)]
 - While calling [Device].CreateBindGroup([BindGroupDescriptor ""Conv2DMatMul""]).

[17.4s] error: An uncaught WebGPU validation error was raised: [Invalid ComputePipeline "Transpose"] is invalid.
 - While Validating GetBindGroupLayout (0) on [Invalid ComputePipeline "Transpose"]

[17.4s] error: An uncaught WebGPU validation error was raised: [Invalid BindGroupLayout (unlabeled)] is invalid.
 - While validating [BindGroupDescriptor ""Transpose""] against [Invalid BindGroupLayout (unlabeled)]
 - While calling [Device].CreateBindGroup([BindGroupDescriptor ""Transpose""]).

[17.4s] error: An uncaught WebGPU validation error was raised: [Invalid ComputePipeline "Conv2DMatMul"] is invalid.
 - While Validating GetBindGroupLayout (0) on [Invalid ComputePipeline "Conv2DMatMul"]

[17.4s] error: An uncaught WebGPU validation error was raised: [Invalid BindGroupLayout (unlabeled)] is invalid.
 - While validating [BindGroupDescriptor ""Conv2DMatMul""] against [Invalid BindGroupLayout (unlabeled)]
 - While calling [Device].CreateBindGroup([BindGroupDescriptor ""Conv2DMatMul""]).

[17.4s] error: An uncaught WebGPU validation error was raised: [Invalid ComputePipeline "Add"] is invalid.
 - While Validating GetBindGroupLayout (0) on [Invalid ComputePipeline "Add"]

[17.4s] error: An uncaught WebGPU validation error was raised: [Invalid BindGroupLayout (unlabeled)] is invalid.
 - While validating [BindGroupDescriptor ""Add""] against [Invalid BindGroupLayout (unlabeled)]
 - While calling [Device].CreateBindGroup([BindGroupDescriptor ""Add""]).

[17.4s] error: An uncaught WebGPU validation error was raised: [Invalid ComputePipeline "Add"] is invalid.
 - While encoding [ComputePassEncoder (unlabeled)].SetPipeline([Invalid ComputePipeline "Add"]).
 - While finishing [CommandEncoder (unlabeled)].

[17.4s] error: An uncaught WebGPU validation error was raised: [Invalid CommandBuffer] is invalid.
 - While calling [Queue].Submit([[Invalid CommandBuffer]])

[17.4s] error: An uncaught WebGPU validation error was raised: [Invalid ComputePipeline "Relu"] is invalid.
 - While Validating GetBindGroupLayout (0) on [Invalid ComputePipeline "Relu"]

[17.4s] error: An uncaught WebGPU validation error was raised: [Invalid BindGroupLayout (unlabeled)] is invalid.
 - While validating [BindGroupDescriptor ""Relu""] against [Invalid BindGroupLayout (unlabeled)]
 - While calling [Device].CreateBindGroup([BindGroupDescriptor ""Relu""]).

[17.4s] error: An uncaught WebGPU validation error was raised: [Invalid ComputePipeline "Transpose"] is invalid.
 - While Validating GetBindGroupLayout (0) on [Invalid ComputePipeline "Transpose"]

[17.4s] error: An uncaught WebGPU validation error was raised: [Invalid BindGroupLayout (unlabeled)] is invalid.
 - While validating [BindGroupDescriptor ""Transpose""] against [Invalid BindGroupLayout (unlabeled)]
 - While calling [Device].CreateBindGroup([BindGroupDescriptor ""Transpose""]).

[17.4s] error: An uncaught WebGPU validation error was raised: [Invalid ComputePipeline "Transpose"] is invalid.
 - While Validating GetBindGroupLayout (0) on [Invalid ComputePipeline "Transpose"]

[17.4s] error: An uncaught WebGPU validation error was raised: [Invalid BindGroupLayout (unlabeled)] is invalid.
 - While validating [BindGroupDescriptor ""Transpose""] against [Invalid BindGroupLayout (unlabeled)]
 - While calling [Device].CreateBindGroup([BindGroupDescriptor ""Transpose""]).

[17.4s] error: An uncaught WebGPU validation error was raised: [Invalid ComputePipeline "Conv2DMatMul"] is invalid.
 - While Validating GetBindGroupLayout (0) on [Invalid ComputePipeline "Conv2DMatMul"]

[17.4s] error: An uncaught WebGPU validation error was raised: [Invalid BindGroupLayout (unlabeled)] is invalid.
 - While validating [BindGroupDescriptor ""Conv2DMatMul""] against [Invalid BindGroupLayout (unlabeled)]
 - While calling [Device].CreateBindGroup([BindGroupDescriptor ""Conv2DMatMul""]).

[17.4s] error: An uncaught WebGPU validation error was raised: [Invalid ComputePipeline "Transpose"] is invalid.
 - While Validating GetBindGroupLayout (0) on [Invalid ComputePipeline "Transpose"]

[17.4s] error: An uncaught WebGPU validation error was raised: [Invalid BindGroupLayout (unlabeled)] is invalid.
 - While validating [BindGroupDescriptor ""Transpose""] against [Invalid BindGroupLayout (unlabeled)]
 - While calling [Device].CreateBindGroup([BindGroupDescriptor ""Transpose""]).

[17.4s] error: An uncaught WebGPU validation error was raised: [Invalid ComputePipeline "Conv2DMatMul"] is invalid.
 - While Validating GetBindGroupLayout (0) on [Invalid ComputePipeline "Conv2DMatMul"]

[17.4s] error: An uncaught WebGPU validation error was raised: [Invalid BindGroupLayout (unlabeled)] is invalid.
 - While validating [BindGroupDescriptor ""Conv2DMatMul""] against [Invalid BindGroupLayout (unlabeled)]
 - While calling [Device].CreateBindGroup([BindGroupDescriptor ""Conv2DMatMul""]).

[17.4s] error: An uncaught WebGPU validation error was raised: [Invalid ComputePipeline "TransposeShared"] is invalid.
 - While Validating GetBindGroupLayout (0) on [Invalid ComputePipeline "TransposeShared"]

[17.4s] error: An uncaught WebGPU validation error was raised: [Invalid BindGroupLayout (unlabeled)] is invalid.
 - While validating [BindGroupDescriptor ""TransposeShared""] against [Invalid BindGroupLayout (unlabeled)]
 - While calling [Device].CreateBindGroup([BindGroupDescriptor ""TransposeShared""]).

[17.4s] error: An uncaught WebGPU validation error was raised: [Invalid ComputePipeline "Conv2DMatMul"] is invalid.
 - While Validating GetBindGroupLayout (0) on [Invalid ComputePipeline "Conv2DMatMul"]

[17.4s] error: An uncaught WebGPU validation error was raised: [Invalid BindGroupLayout (unlabeled)] is invalid.
 - While validating [BindGroupDescriptor ""Conv2DMatMul""] against [Invalid BindGroupLayout (unlabeled)]
 - While calling [Device].CreateBindGroup([BindGroupDescriptor ""Conv2DMatMul""]).

[17.4s] error: An uncaught WebGPU validation error was raised: [Invalid ComputePipeline "Add"] is invalid.
 - While Validating GetBindGroupLayout (0) on [Invalid ComputePipeline "Add"]

[17.4s] error: An uncaught WebGPU validation error was raised: [Invalid BindGroupLayout (unlabeled)] is invalid.
 - While validating [BindGroupDescriptor ""Add""] against [Invalid BindGroupLayout (unlabeled)]
 - While calling [Device].CreateBindGroup([BindGroupDescriptor ""Add""]).

[17.4s] error: An uncaught WebGPU validation error was raised: [Invalid ComputePipeline "Relu"] is invalid.
 - While Validating GetBindGroupLayout (0) on [Invalid ComputePipeline "Relu"]

[17.4s] error: An uncaught WebGPU validation error was raised: [Invalid BindGroupLayout (unlabeled)] is invalid.
 - While validating [BindGroupDescriptor ""Relu""] against [Invalid BindGroupLayout (unlabeled)]
 - While calling [Device].CreateBindGroup([BindGroupDescriptor ""Relu""]).

[17.4s] error: An uncaught WebGPU validation error was raised: [Invalid ComputePipeline "Transpose"] is invalid.
 - While Validating GetBindGroupLayout (0) on [Invalid ComputePipeline "Transpose"]

[17.4s] error: An uncaught WebGPU validation error was raised: [Invalid BindGroupLayout (unlabeled)] is invalid.
 - While validating [BindGroupDescriptor ""Transpose""] against [Invalid BindGroupLayout (unlabeled)]
 - While calling [Device].CreateBindGroup([BindGroupDescriptor ""Transpose""]).

[17.4s] error: An uncaught WebGPU validation error was raised: [Invalid ComputePipeline "Conv2DMatMul"] is invalid.
 - While Validating GetBindGroupLayout (0) on [Invalid ComputePipeline "Conv2DMatMul"]

[17.4s] error: An uncaught WebGPU validation error was raised: [Invalid BindGroupLayout (unlabeled)] is invalid.
 - While validating [BindGroupDescriptor ""Conv2DMatMul""] against [Invalid BindGroupLayout (unlabeled)]
 - While calling [Device].CreateBindGroup([BindGroupDescriptor ""Conv2DMatMul""]).

[17.4s] error: An uncaught WebGPU validation error was raised: [Invalid ComputePipeline "Transpose"] is invalid.
 - While Validating GetBindGroupLayout (0) on [Invalid ComputePipeline "Transpose"]

[17.4s] error: An uncaught WebGPU validation error was raised: [Invalid BindGroupLayout (unlabeled)] is invalid.
 - While validating [BindGroupDescriptor ""Transpose""] against [Invalid BindGroupLayout (unlabeled)]
 - While calling [Device].CreateBindGroup([BindGroupDescriptor ""Transpose""]).

[17.4s] error: An uncaught WebGPU validation error was raised: [Invalid ComputePipeline "Conv2DMatMul"] is invalid.
 - While Validating GetBindGroupLayout (0) on [Invalid ComputePipeline "Conv2DMatMul"]

[17.4s] error: An uncaught WebGPU validation error was raised: [Invalid BindGroupLayout (unlabeled)] is invalid.
 - While validating [BindGroupDescriptor ""Conv2DMatMul""] against [Invalid BindGroupLayout (unlabeled)]
 - While calling [Device].CreateBindGroup([BindGroupDescriptor ""Conv2DMatMul""]).

[17.4s] error: An uncaught WebGPU validation error was raised: [Invalid ComputePipeline "Add"] is invalid.
 - While Validating GetBindGroupLayout (0) on [Invalid ComputePipeline "Add"]

[17.4s] error: An uncaught WebGPU validation error was raised: [Invalid BindGroupLayout (unlabeled)] is invalid.
 - While validating [BindGroupDescriptor ""Add""] against [Invalid BindGroupLayout (unlabeled)]
 - While calling [Device].CreateBindGroup([BindGroupDescriptor ""Add""]).

[17.4s] error: An uncaught WebGPU validation error was raised: [Invalid ComputePipeline "Relu"] is invalid.
 - While Validating GetBindGroupLayout (0) on [Invalid ComputePipeline "Relu"]

[17.4s] error: An uncaught WebGPU validation error was raised: [Invalid BindGroupLayout (unlabeled)] is invalid.
 - While validating [BindGroupDescriptor ""Relu""] against [Invalid BindGroupLayout (unlabeled)]
 - While calling [Device].CreateBindGroup([BindGroupDescriptor ""Relu""]).

[17.4s] error: An uncaught WebGPU validation error was raised: [Invalid ComputePipeline "Relu"] is invalid.
 - While encoding [ComputePassEncoder (unlabeled)].SetPipeline([Invalid ComputePipeline "Relu"]).
 - While finishing [CommandEncoder (unlabeled)].

[17.4s] error: An uncaught WebGPU validation error was raised: [Invalid CommandBuffer] is invalid.
 - While calling [Queue].Submit([[Invalid CommandBuffer]])

[17.4s] error: An uncaught WebGPU validation error was raised: Error while parsing WGSL: :7:70 error: 'f16' type used without 'f16' extension enabled
      @group(0) @binding(0) var<storage, read> inputData: array<vec4<f16>>;
                                                                     ^^^


 - While calling [Device].CreateShaderModule([ShaderModuleDescriptor ""Cast""]).

[17.4s] error: An uncaught WebGPU validation error was raised: [Invalid ShaderModule "Cast"] is invalid.
 - While validating compute stage ([Invalid ShaderModule "Cast"], entryPoint: "main").
 - While calling [Device].CreateComputePipeline([ComputePipelineDescriptor ""Cast""]).

[17.4s] error: An uncaught WebGPU validation error was raised: [Invalid ComputePipeline "Cast"] is invalid.
 - While Validating GetBindGroupLayout (0) on [Invalid ComputePipeline "Cast"]

[17.4s] error: An uncaught WebGPU validation error was raised: [Invalid BindGroupLayout (unlabeled)] is invalid.
 - While validating [BindGroupDescriptor ""Cast""] against [Invalid BindGroupLayout (unlabeled)]
 - While calling [Device].CreateBindGroup([BindGroupDescriptor ""Cast""]).

[17.4s] error: An uncaught WebGPU validation error was raised: Error while parsing WGSL: :8:71 error: 'f16' type used without 'f16' extension enabled
@group(0) @binding(1) var<storage, read_write> outputData: array<vec4<f16>>;
                                                                      ^^^


 - While calling [Device].CreateShaderModule([ShaderModuleDescriptor ""Cast""]).

[17.4s] error: An uncaught WebGPU validation error was raised: [Invalid ShaderModule "Cast"] is invalid.
 - While validating compute stage ([Invalid ShaderModule "Cast"], entryPoint: "main").
 - While calling [Device].CreateComputePipeline([ComputePipelineDescriptor ""Cast""]).

[17.4s] error: An uncaught WebGPU validation error was raised: [Invalid ComputePipeline "Cast"] is invalid.
 - While Validating GetBindGroupLayout (0) on [Invalid ComputePipeline "Cast"]

[17.4s] error: An uncaught WebGPU validation error was raised: [Invalid BindGroupLayout (unlabeled)] is invalid.
 - While validating [BindGroupDescriptor ""Cast""] against [Invalid BindGroupLayout (unlabeled)]
 - While calling [Device].CreateBindGroup([BindGroupDescriptor ""Cast""]).

[17.4s] error: An uncaught WebGPU validation error was raised: Error while parsing WGSL: :44:58 error: 'f16' type used without 'f16' extension enabled
  @group(0) @binding(0) var<storage, read> input0: array<f16>;
                                                         ^^^


 - While calling [Device].CreateShaderModule([ShaderModuleDescriptor ""Concat""]).

[17.4s] error: An uncaught WebGPU validation error was raised: [Invalid ShaderModule "Concat"] is invalid.
 - While validating compute stage ([Invalid ShaderModule "Concat"], entryPoint: "main").
 - While calling [Device].CreateComputePipeline([ComputePipelineDescriptor ""Concat""]).

[17.4s] error: An uncaught WebGPU validation error was raised: [Invalid ComputePipeline "Concat"] is invalid.
 - While Validating GetBindGroupLayout (0) on [Invalid ComputePipeline "Concat"]

[17.4s] error: An uncaught WebGPU validation error was raised: [Invalid BindGroupLayout (unlabeled)] is invalid.
 - While validating [BindGroupDescriptor ""Concat""] against [Invalid BindGroupLayout (unlabeled)]
 - While calling [Device].CreateBindGroup([BindGroupDescriptor ""Concat""]).

[17.4s] error: An uncaught WebGPU validation error was raised: [Invalid ComputePipeline "Transpose"] is invalid.
 - While Validating GetBindGroupLayout (0) on [Invalid ComputePipeline "Transpose"]

[17.4s] error: An uncaught WebGPU validation error was raised: [Invalid BindGroupLayout (unlabeled)] is invalid.
 - While validating [BindGroupDescriptor ""Transpose""] against [Invalid BindGroupLayout (unlabeled)]
 - While calling [Device].CreateBindGroup([BindGroupDescriptor ""Transpose""]).

[17.4s] error: An uncaught WebGPU validation error was raised: [Invalid ComputePipeline "Transpose"] is invalid.
 - While Validating GetBindGroupLayout (0) on [Invalid ComputePipeline "Transpose"]

[17.4s] error: An uncaught WebGPU validation error was raised: [Invalid BindGroupLayout (unlabeled)] is invalid.
 - While validating [BindGroupDescriptor ""Transpose""] against [Invalid BindGroupLayout (unlabeled)]
 - While calling [Device].CreateBindGroup([BindGroupDescriptor ""Transpose""]).

[17.4s] error: An uncaught WebGPU validation error was raised: [Invalid ComputePipeline "Conv2DMatMul"] is invalid.
 - While Validating GetBindGroupLayout (0) on [Invalid ComputePipeline "Conv2DMatMul"]

[17.4s] error: An uncaught WebGPU validation error was raised: [Invalid BindGroupLayout (unlabeled)] is invalid.
 - While validating [BindGroupDescriptor ""Conv2DMatMul""] against [Invalid BindGroupLayout (unlabeled)]
 - While calling [Device].CreateBindGroup([BindGroupDescriptor ""Conv2DMatMul""]).

[17.4s] error: An uncaught WebGPU validation error was raised: [Invalid ComputePipeline "Transpose"] is invalid.
 - While Validating GetBindGroupLayout (0) on [Invalid ComputePipeline "Transpose"]

[17.4s] error: An uncaught WebGPU validation error was raised: [Invalid BindGroupLayout (unlabeled)] is invalid.
 - While validating [BindGroupDescriptor ""Transpose""] against [Invalid BindGroupLayout (unlabeled)]
 - While calling [Device].CreateBindGroup([BindGroupDescriptor ""Transpose""]).

[17.4s] error: An uncaught WebGPU validation error was raised: [Invalid ComputePipeline "Conv2DMatMul"] is invalid.
 - While Validating GetBindGroupLayout (0) on [Invalid ComputePipeline "Conv2DMatMul"]

[17.4s] error: An uncaught WebGPU validation error was raised: [Invalid BindGroupLayout (unlabeled)] is invalid.
 - While validating [BindGroupDescriptor ""Conv2DMatMul""] against [Invalid BindGroupLayout (unlabeled)]
 - While calling [Device].CreateBindGroup([BindGroupDescriptor ""Conv2DMatMul""]).

[17.4s] error: An uncaught WebGPU validation error was raised: [Invalid ComputePipeline "Cast"] is invalid.
 - While Validating GetBindGroupLayout (0) on [Invalid ComputePipeline "Cast"]

[17.4s] error: An uncaught WebGPU validation error was raised: [Invalid BindGroupLayout (unlabeled)] is invalid.
 - While validating [BindGroupDescriptor ""Cast""] against [Invalid BindGroupLayout (unlabeled)]
 - While calling [Device].CreateBindGroup([BindGroupDescriptor ""Cast""]).

[17.4s] error: An uncaught WebGPU validation error was raised: [Invalid ComputePipeline "Cast"] is invalid.
 - While Validating GetBindGroupLayout (0) on [Invalid ComputePipeline "Cast"]

[17.4s] error: An uncaught WebGPU validation error was raised: [Invalid BindGroupLayout (unlabeled)] is invalid.
 - While validating [BindGroupDescriptor ""Cast""] against [Invalid BindGroupLayout (unlabeled)]
 - While calling [Device].CreateBindGroup([BindGroupDescriptor ""Cast""]).

[17.4s] error: An uncaught WebGPU validation error was raised: Error while parsing WGSL: :44:58 error: 'f16' type used without 'f16' extension enabled
  @group(0) @binding(0) var<storage, read> input0: array<f16>;
                                                         ^^^


 - While calling [Device].CreateShaderModule([ShaderModuleDescriptor ""Concat""]).

[17.4s] error: An uncaught WebGPU validation error was raised: [Invalid ShaderModule "Concat"] is invalid.
 - While validating compute stage ([Invalid ShaderModule "Concat"], entryPoint: "main").
 - While calling [Device].CreateComputePipeline([ComputePipelineDescriptor ""Concat""]).

[17.4s] error: An uncaught WebGPU validation error was raised: [Invalid ComputePipeline "Concat"] is invalid.
 - While Validating GetBindGroupLayout (0) on [Invalid ComputePipeline "Concat"]

[17.4s] error: An uncaught WebGPU validation error was raised: [Invalid BindGroupLayout (unlabeled)] is invalid.
 - While validating [BindGroupDescriptor ""Concat""] against [Invalid BindGroupLayout (unlabeled)]
 - While calling [Device].CreateBindGroup([BindGroupDescriptor ""Concat""]).

[17.4s] error: An uncaught WebGPU validation error was raised: Error while parsing WGSL: :35:53 error: 'f16' type used without 'f16' extension enabled
  @group(0) @binding(0) var<storage, read> a: array<f16>;
                                                    ^^^


 - While calling [Device].CreateShaderModule([ShaderModuleDescriptor ""Transpose""]).

[17.4s] error: An uncaught WebGPU validation error was raised: [Invalid ShaderModule "Transpose"] is invalid.
 - While validating compute stage ([Invalid ShaderModule "Transpose"], entryPoint: "main").
 - While calling [Device].CreateComputePipeline([ComputePipelineDescriptor ""Transpose""]).

[17.4s] error: An uncaught WebGPU validation error was raised: [Invalid ComputePipeline "Transpose"] is invalid.
 - While Validating GetBindGroupLayout (0) on [Invalid ComputePipeline "Transpose"]

[17.4s] error: An uncaught WebGPU validation error was raised: [Invalid BindGroupLayout (unlabeled)] is invalid.
 - While validating [BindGroupDescriptor ""Transpose""] against [Invalid BindGroupLayout (unlabeled)]
 - While calling [Device].CreateBindGroup([BindGroupDescriptor ""Transpose""]).

[17.4s] error: An uncaught WebGPU validation error was raised: [Invalid ComputePipeline "Cast"] is invalid.
 - While encoding [ComputePassEncoder (unlabeled)].SetPipeline([Invalid ComputePipeline "Cast"]).
 - While finishing [CommandEncoder (unlabeled)].

[17.4s] error: An uncaught WebGPU validation error was raised: [Invalid CommandBuffer] is invalid.
 - While calling [Queue].Submit([[Invalid CommandBuffer]])

[17.4s] error: An uncaught WebGPU validation error was raised: [Invalid ComputePipeline "Transpose"] is invalid.
 - While Validating GetBindGroupLayout (0) on [Invalid ComputePipeline "Transpose"]

[17.4s] error: An uncaught WebGPU validation error was raised: [Invalid BindGroupLayout (unlabeled)] is invalid.
 - While validating [BindGroupDescriptor ""Transpose""] against [Invalid BindGroupLayout (unlabeled)]
 - While calling [Device].CreateBindGroup([BindGroupDescriptor ""Transpose""]).

[17.4s] error: An uncaught WebGPU validation error was raised: [Invalid ComputePipeline "Conv2DMatMul"] is invalid.
 - While Validating GetBindGroupLayout (0) on [Invalid ComputePipeline "Conv2DMatMul"]

[17.4s] error: An uncaught WebGPU validation error was raised: [Invalid BindGroupLayout (unlabeled)] is invalid.
 - While validating [BindGroupDescriptor ""Conv2DMatMul""] against [Invalid BindGroupLayout (unlabeled)]
 - While calling [Device].CreateBindGroup([BindGroupDescriptor ""Conv2DMatMul""]).

[17.4s] error: An uncaught WebGPU validation error was raised: [Invalid ComputePipeline "Transpose"] is invalid.
 - While Validating GetBindGroupLayout (0) on [Invalid ComputePipeline "Transpose"]

[17.4s] error: An uncaught WebGPU validation error was raised: [Invalid BindGroupLayout (unlabeled)] is invalid.
 - While validating [BindGroupDescriptor ""Transpose""] against [Invalid BindGroupLayout (unlabeled)]
 - While calling [Device].CreateBindGroup([BindGroupDescriptor ""Transpose""]).

[17.4s] error: An uncaught WebGPU validation error was raised: [Invalid ComputePipeline "Conv2DMatMul"] is invalid.
 - While Validating GetBindGroupLayout (0) on [Invalid ComputePipeline "Conv2DMatMul"]

[17.4s] error: An uncaught WebGPU validation error was raised: [Invalid BindGroupLayout (unlabeled)] is invalid.
 - While validating [BindGroupDescriptor ""Conv2DMatMul""] against [Invalid BindGroupLayout (unlabeled)]
 - While calling [Device].CreateBindGroup([BindGroupDescriptor ""Conv2DMatMul""]).

[17.4s] error: An uncaught WebGPU validation error was raised: [Invalid ComputePipeline "Cast"] is invalid.
 - While Validating GetBindGroupLayout (0) on [Invalid ComputePipeline "Cast"]

[17.4s] error: An uncaught WebGPU validation error was raised: [Invalid BindGroupLayout (unlabeled)] is invalid.
 - While validating [BindGroupDescriptor ""Cast""] against [Invalid BindGroupLayout (unlabeled)]
 - While calling [Device].CreateBindGroup([BindGroupDescriptor ""Cast""]).

[17.4s] error: An uncaught WebGPU validation error was raised: [Invalid ComputePipeline "Cast"] is invalid.
 - While Validating GetBindGroupLayout (0) on [Invalid ComputePipeline "Cast"]

[17.4s] error: An uncaught WebGPU validation error was raised: [Invalid BindGroupLayout (unlabeled)] is invalid.
 - While validating [BindGroupDescriptor ""Cast""] against [Invalid BindGroupLayout (unlabeled)]
 - While calling [Device].CreateBindGroup([BindGroupDescriptor ""Cast""]).

[17.4s] error: An uncaught WebGPU validation error was raised: [Invalid ComputePipeline "Concat"] is invalid.
 - While Validating GetBindGroupLayout (0) on [Invalid ComputePipeline "Concat"]

[17.4s] error: An uncaught WebGPU validation error was raised: [Invalid BindGroupLayout (unlabeled)] is invalid.
 - While validating [BindGroupDescriptor ""Concat""] against [Invalid BindGroupLayout (unlabeled)]
 - While calling [Device].CreateBindGroup([BindGroupDescriptor ""Concat""]).

[17.4s] error: An uncaught WebGPU validation error was raised: [Invalid ComputePipeline "Transpose"] is invalid.
 - While Validating GetBindGroupLayout (0) on [Invalid ComputePipeline "Transpose"]

[17.4s] error: An uncaught WebGPU validation error was raised: [Invalid BindGroupLayout (unlabeled)] is invalid.
 - While validating [BindGroupDescriptor ""Transpose""] against [Invalid BindGroupLayout (unlabeled)]
 - While calling [Device].CreateBindGroup([BindGroupDescriptor ""Transpose""]).

[17.4s] error: An uncaught WebGPU validation error was raised: [Invalid ComputePipeline "Transpose"] is invalid.
 - While Validating GetBindGroupLayout (0) on [Invalid ComputePipeline "Transpose"]

[17.4s] error: An uncaught WebGPU validation error was raised: [Invalid BindGroupLayout (unlabeled)] is invalid.
 - While validating [BindGroupDescriptor ""Transpose""] against [Invalid BindGroupLayout (unlabeled)]
 - While calling [Device].CreateBindGroup([BindGroupDescriptor ""Transpose""]).

[17.4s] error: An uncaught WebGPU validation error was raised: [Invalid ComputePipeline "Conv2DMatMul"] is invalid.
 - While Validating GetBindGroupLayout (0) on [Invalid ComputePipeline "Conv2DMatMul"]

[17.4s] error: An uncaught WebGPU validation error was raised: [Invalid BindGroupLayout (unlabeled)] is invalid.
 - While validating [BindGroupDescriptor ""Conv2DMatMul""] against [Invalid BindGroupLayout (unlabeled)]
 - While calling [Device].CreateBindGroup([BindGroupDescriptor ""Conv2DMatMul""]).

[17.4s] error: An uncaught WebGPU validation error was raised: [Invalid ComputePipeline "Transpose"] is invalid.
 - While Validating GetBindGroupLayout (0) on [Invalid ComputePipeline "Transpose"]

[17.4s] error: An uncaught WebGPU validation error was raised: [Invalid BindGroupLayout (unlabeled)] is invalid.
 - While validating [BindGroupDescriptor ""Transpose""] against [Invalid BindGroupLayout (unlabeled)]
 - While calling [Device].CreateBindGroup([BindGroupDescriptor ""Transpose""]).

[17.4s] error: An uncaught WebGPU validation error was raised: [Invalid ComputePipeline "Conv2DMatMul"] is invalid.
 - While Validating GetBindGroupLayout (0) on [Invalid ComputePipeline "Conv2DMatMul"]

[17.4s] error: An uncaught WebGPU validation error was raised: [Invalid BindGroupLayout (unlabeled)] is invalid.
 - While validating [BindGroupDescriptor ""Conv2DMatMul""] against [Invalid BindGroupLayout (unlabeled)]
 - While calling [Device].CreateBindGroup([BindGroupDescriptor ""Conv2DMatMul""]).

[17.4s] error: An uncaught WebGPU validation error was raised: [Invalid ComputePipeline "Cast"] is invalid.
 - While Validating GetBindGroupLayout (0) on [Invalid ComputePipeline "Cast"]

[17.4s] error: An uncaught WebGPU validation error was raised: [Invalid BindGroupLayout (unlabeled)] is invalid.
 - While validating [BindGroupDescriptor ""Cast""] against [Invalid BindGroupLayout (unlabeled)]
 - While calling [Device].CreateBindGroup([BindGroupDescriptor ""Cast""]).

[17.4s] error: An uncaught WebGPU validation error was raised: [Invalid ComputePipeline "Transpose"] is invalid.
 - While encoding [ComputePassEncoder (unlabeled)].SetPipeline([Invalid ComputePipeline "Transpose"]).
 - While finishing [CommandEncoder (unlabeled)].

[17.4s] error: An uncaught WebGPU validation error was raised: [Invalid CommandBuffer] is invalid.
 - While calling [Queue].Submit([[Invalid CommandBuffer]])

[17.4s] error: An uncaught WebGPU validation error was raised: [Invalid ComputePipeline "Cast"] is invalid.
 - While Validating GetBindGroupLayout (0) on [Invalid ComputePipeline "Cast"]

[17.4s] error: An uncaught WebGPU validation error was raised: [Invalid BindGroupLayout (unlabeled)] is invalid.
 - While validating [BindGroupDescriptor ""Cast""] against [Invalid BindGroupLayout (unlabeled)]
 - While calling [Device].CreateBindGroup([BindGroupDescriptor ""Cast""]).

[17.4s] error: An uncaught WebGPU validation error was raised: [Invalid ComputePipeline "Concat"] is invalid.
 - While Validating GetBindGroupLayout (0) on [Invalid ComputePipeline "Concat"]

[17.4s] error: An uncaught WebGPU validation error was raised: [Invalid BindGroupLayout (unlabeled)] is invalid.
 - While validating [BindGroupDescriptor ""Concat""] against [Invalid BindGroupLayout (unlabeled)]
 - While calling [Device].CreateBindGroup([BindGroupDescriptor ""Concat""]).

[17.4s] error: An uncaught WebGPU validation error was raised: [Invalid ComputePipeline "Transpose"] is invalid.
 - While Validating GetBindGroupLayout (0) on [Invalid ComputePipeline "Transpose"]

[17.4s] error: An uncaught WebGPU validation error was raised: [Invalid BindGroupLayout (unlabeled)] is invalid.
 - While validating [BindGroupDescriptor ""Transpose""] against [Invalid BindGroupLayout (unlabeled)]
 - While calling [Device].CreateBindGroup([BindGroupDescriptor ""Transpose""]).

[17.4s] error: An uncaught WebGPU validation error was raised: [Invalid ComputePipeline "Transpose"] is invalid.
 - While Validating GetBindGroupLayout (0) on [Invalid ComputePipeline "Transpose"]

[17.4s] error: An uncaught WebGPU validation error was raised: [Invalid BindGroupLayout (unlabeled)] is invalid.
 - While validating [BindGroupDescriptor ""Transpose""] against [Invalid BindGroupLayout (unlabeled)]
 - While calling [Device].CreateBindGroup([BindGroupDescriptor ""Transpose""]).

[17.4s] error: An uncaught WebGPU validation error was raised: [Invalid ComputePipeline "Conv2DMatMul"] is invalid.
 - While Validating GetBindGroupLayout (0) on [Invalid ComputePipeline "Conv2DMatMul"]

[17.4s] error: An uncaught WebGPU validation error was raised: [Invalid BindGroupLayout (unlabeled)] is invalid.
 - While validating [BindGroupDescriptor ""Conv2DMatMul""] against [Invalid BindGroupLayout (unlabeled)]
 - While calling [Device].CreateBindGroup([BindGroupDescriptor ""Conv2DMatMul""]).

[17.4s] error: An uncaught WebGPU validation error was raised: [Invalid ComputePipeline "Transpose"] is invalid.
 - While Validating GetBindGroupLayout (0) on [Invalid ComputePipeline "Transpose"]

[17.4s] error: An uncaught WebGPU validation error was raised: [Invalid BindGroupLayout (unlabeled)] is invalid.
 - While validating [BindGroupDescriptor ""Transpose""] against [Invalid BindGroupLayout (unlabeled)]
 - While calling [Device].CreateBindGroup([BindGroupDescriptor ""Transpose""]).

[17.4s] error: An uncaught WebGPU validation error was raised: [Invalid ComputePipeline "Conv2DMatMul"] is invalid.
 - While Validating GetBindGroupLayout (0) on [Invalid ComputePipeline "Conv2DMatMul"]

[17.4s] error: An uncaught WebGPU validation error was raised: [Invalid BindGroupLayout (unlabeled)] is invalid.
 - While validating [BindGroupDescriptor ""Conv2DMatMul""] against [Invalid BindGroupLayout (unlabeled)]
 - While calling [Device].CreateBindGroup([BindGroupDescriptor ""Conv2DMatMul""]).

[17.4s] error: An uncaught WebGPU validation error was raised: [Invalid ComputePipeline "Cast"] is invalid.
 - While Validating GetBindGroupLayout (0) on [Invalid ComputePipeline "Cast"]

[17.4s] error: An uncaught WebGPU validation error was raised: [Invalid BindGroupLayout (unlabeled)] is invalid.
 - While validating [BindGroupDescriptor ""Cast""] against [Invalid BindGroupLayout (unlabeled)]
 - While calling [Device].CreateBindGroup([BindGroupDescriptor ""Cast""]).

[17.4s] error: An uncaught WebGPU validation error was raised: Error while parsing WGSL: :8:71 error: 'f16' type used without 'f16' extension enabled
@group(0) @binding(1) var<storage, read_write> outputData: array<vec4<f16>>;
                                                                      ^^^


 - While calling [Device].CreateShaderModule([ShaderModuleDescriptor ""Cast""]).

[17.4s] error: An uncaught WebGPU validation error was raised: [Invalid ShaderModule "Cast"] is invalid.
 - While validating compute stage ([Invalid ShaderModule "Cast"], entryPoint: "main").
 - While calling [Device].CreateComputePipeline([ComputePipelineDescriptor ""Cast""]).

[17.4s] error: An uncaught WebGPU validation error was raised: [Invalid ComputePipeline "Cast"] is invalid.
 - While Validating GetBindGroupLayout (0) on [Invalid ComputePipeline "Cast"]

[17.4s] error: An uncaught WebGPU validation error was raised: [Invalid BindGroupLayout (unlabeled)] is invalid.
 - While validating [BindGroupDescriptor ""Cast""] against [Invalid BindGroupLayout (unlabeled)]
 - While calling [Device].CreateBindGroup([BindGroupDescriptor ""Cast""]).

[17.4s] error: An uncaught WebGPU validation error was raised: [Invalid ComputePipeline "Transpose"] is invalid.
 - While Validating GetBindGroupLayout (0) on [Invalid ComputePipeline "Transpose"]

[17.4s] error: An uncaught WebGPU validation error was raised: [Invalid BindGroupLayout (unlabeled)] is invalid.
 - While validating [BindGroupDescriptor ""Transpose""] against [Invalid BindGroupLayout (unlabeled)]
 - While calling [Device].CreateBindGroup([BindGroupDescriptor ""Transpose""]).

[17.4s] error: An uncaught WebGPU validation error was raised: [Invalid ComputePipeline "Transpose"] is invalid.
 - While Validating GetBindGroupLayout (0) on [Invalid ComputePipeline "Transpose"]

[17.4s] error: An uncaught WebGPU validation error was raised: [Invalid BindGroupLayout (unlabeled)] is invalid.
 - While validating [BindGroupDescriptor ""Transpose""] against [Invalid BindGroupLayout (unlabeled)]
 - While calling [Device].CreateBindGroup([BindGroupDescriptor ""Transpose""]).

[17.4s] error: An uncaught WebGPU validation error was raised: Error while parsing WGSL: :22:64 error: 'f16' type used without 'f16' extension enabled
        @group(0) @binding(0) var<storage, read> x: array<vec4<f16>>;
                                                               ^^^


 - While calling [Device].CreateShaderModule([ShaderModuleDescriptor ""Conv2DMatMul""]).

[17.4s] error: An uncaught WebGPU validation error was raised: [Invalid ShaderModule "Conv2DMatMul"] is invalid.
 - While validating compute stage ([Invalid ShaderModule "Conv2DMatMul"], entryPoint: "main").
 - While calling [Device].CreateComputePipeline([ComputePipelineDescriptor ""Conv2DMatMul""]).

[17.4s] error: An uncaught WebGPU validation error was raised: [Invalid ComputePipeline "Conv2DMatMul"] is invalid.
 - While Validating GetBindGroupLayout (0) on [Invalid ComputePipeline "Conv2DMatMul"]

[17.4s] error: An uncaught WebGPU validation error was raised: [Invalid BindGroupLayout (unlabeled)] is invalid.
 - While validating [BindGroupDescriptor ""Conv2DMatMul""] against [Invalid BindGroupLayout (unlabeled)]
 - While calling [Device].CreateBindGroup([BindGroupDescriptor ""Conv2DMatMul""]).

[17.4s] error: An uncaught WebGPU validation error was raised: [Invalid ComputePipeline "Transpose"] is invalid.
 - While Validating GetBindGroupLayout (0) on [Invalid ComputePipeline "Transpose"]

[17.4s] error: An uncaught WebGPU validation error was raised: [Invalid BindGroupLayout (unlabeled)] is invalid.
 - While validating [BindGroupDescriptor ""Transpose""] against [Invalid BindGroupLayout (unlabeled)]
 - While calling [Device].CreateBindGroup([BindGroupDescriptor ""Transpose""]).

[17.4s] error: An uncaught WebGPU validation error was raised: [Invalid ComputePipeline "Cast"] is invalid.
 - While encoding [ComputePassEncoder (unlabeled)].SetPipeline([Invalid ComputePipeline "Cast"]).
 - While finishing [CommandEncoder (unlabeled)].

[17.4s] error: An uncaught WebGPU validation error was raised: [Invalid CommandBuffer] is invalid.
 - While calling [Queue].Submit([[Invalid CommandBuffer]])

[17.4s] error: An uncaught WebGPU validation error was raised: Error while parsing WGSL: :22:64 error: 'f16' type used without 'f16' extension enabled
        @group(0) @binding(0) var<storage, read> x: array<vec4<f16>>;
                                                               ^^^


 - While calling [Device].CreateShaderModule([ShaderModuleDescriptor ""Conv2DMatMul""]).

[17.4s] error: An uncaught WebGPU validation error was raised: [Invalid ShaderModule "Conv2DMatMul"] is invalid.
 - While validating compute stage ([Invalid ShaderModule "Conv2DMatMul"], entryPoint: "main").
 - While calling [Device].CreateComputePipeline([ComputePipelineDescriptor ""Conv2DMatMul""]).

[17.4s] error: An uncaught WebGPU validation error was raised: [Invalid ComputePipeline "Conv2DMatMul"] is invalid.
 - While Validating GetBindGroupLayout (0) on [Invalid ComputePipeline "Conv2DMatMul"]

[17.4s] error: An uncaught WebGPU validation error was raised: [Invalid BindGroupLayout (unlabeled)] is invalid.
 - While validating [BindGroupDescriptor ""Conv2DMatMul""] against [Invalid BindGroupLayout (unlabeled)]
 - While calling [Device].CreateBindGroup([BindGroupDescriptor ""Conv2DMatMul""]).

[17.4s] error: An uncaught WebGPU validation error was raised: [Invalid ComputePipeline "Transpose"] is invalid.
 - While Validating GetBindGroupLayout (0) on [Invalid ComputePipeline "Transpose"]

[17.4s] error: An uncaught WebGPU validation error was raised: [Invalid BindGroupLayout (unlabeled)] is invalid.
 - While validating [BindGroupDescriptor ""Transpose""] against [Invalid BindGroupLayout (unlabeled)]
 - While calling [Device].CreateBindGroup([BindGroupDescriptor ""Transpose""]).

[17.4s] error: An uncaught WebGPU validation error was raised: Error while parsing WGSL: :22:59 error: 'f16' type used without 'f16' extension enabled
        @group(0) @binding(0) var<storage, read> x: array<f16>;
                                                          ^^^


 - While calling [Device].CreateShaderModule([ShaderModuleDescriptor ""Conv2DMatMul""]).

[17.4s] error: An uncaught WebGPU validation error was raised: [Invalid ShaderModule "Conv2DMatMul"] is invalid.
 - While validating compute stage ([Invalid ShaderModule "Conv2DMatMul"], entryPoint: "main").
 - While calling [Device].CreateComputePipeline([ComputePipelineDescriptor ""Conv2DMatMul""]).

[17.4s] error: An uncaught WebGPU validation error was raised: [Invalid ComputePipeline "Conv2DMatMul"] is invalid.
 - While Validating GetBindGroupLayout (0) on [Invalid ComputePipeline "Conv2DMatMul"]

[17.4s] error: An uncaught WebGPU validation error was raised: [Invalid BindGroupLayout (unlabeled)] is invalid.
 - While validating [BindGroupDescriptor ""Conv2DMatMul""] against [Invalid BindGroupLayout (unlabeled)]
 - While calling [Device].CreateBindGroup([BindGroupDescriptor ""Conv2DMatMul""]).

[17.4s] error: An uncaught WebGPU validation error was raised: [Invalid ComputePipeline "Transpose"] is invalid.
 - While Validating GetBindGroupLayout (0) on [Invalid ComputePipeline "Transpose"]

[17.4s] error: An uncaught WebGPU validation error was raised: [Invalid BindGroupLayout (unlabeled)] is invalid.
 - While validating [BindGroupDescriptor ""Transpose""] against [Invalid BindGroupLayout (unlabeled)]
 - While calling [Device].CreateBindGroup([BindGroupDescriptor ""Transpose""]).

[17.4s] error: An uncaught WebGPU validation error was raised: [Invalid ComputePipeline "Conv2DMatMul"] is invalid.
 - While encoding [ComputePassEncoder (unlabeled)].SetPipeline([Invalid ComputePipeline "Conv2DMatMul"]).
 - While finishing [CommandEncoder (unlabeled)].

[17.4s] error: An uncaught WebGPU validation error was raised: [Invalid CommandBuffer] is invalid.
 - While calling [Queue].Submit([[Invalid CommandBuffer]])

[17.7s] error: An uncaught WebGPU validation error was raised: [Invalid ComputePipeline "Sub"] is invalid.
 - While Validating GetBindGroupLayout (0) on [Invalid ComputePipeline "Sub"]

[17.7s] error: An uncaught WebGPU validation error was raised: [Invalid BindGroupLayout (unlabeled)] is invalid.
 - While validating [BindGroupDescriptor ""Sub""] against [Invalid BindGroupLayout (unlabeled)]
 - While calling [Device].CreateBindGroup([BindGroupDescriptor ""Sub""]).

[17.7s] error: An uncaught WebGPU validation error was raised: [Invalid ComputePipeline "Div"] is invalid.
 - While Validating GetBindGroupLayout (0) on [Invalid ComputePipeline "Div"]

[17.7s] error: An uncaught WebGPU validation error was raised: [Invalid BindGroupLayout (unlabeled)] is invalid.
 - While validating [BindGroupDescriptor ""Div""] against [Invalid BindGroupLayout (unlabeled)]
 - While calling [Device].CreateBindGroup([BindGroupDescriptor ""Div""]).

[17.7s] error: An uncaught WebGPU validation error was raised: [Invalid ComputePipeline "Transpose"] is invalid.
 - While Validating GetBindGroupLayout (0) on [Invalid ComputePipeline "Transpose"]

[17.7s] error: An uncaught WebGPU validation error was raised: [Invalid BindGroupLayout (unlabeled)] is invalid.
 - While validating [BindGroupDescriptor ""Transpose""] against [Invalid BindGroupLayout (unlabeled)]
 - While calling [Device].CreateBindGroup([BindGroupDescriptor ""Transpose""]).

[17.7s] error: An uncaught WebGPU validation error was raised: [Invalid ComputePipeline "Conv2DMatMul"] is invalid.
 - While Validating GetBindGroupLayout (0) on [Invalid ComputePipeline "Conv2DMatMul"]

[17.7s] error: An uncaught WebGPU validation error was raised: [Invalid BindGroupLayout (unlabeled)] is invalid.
 - While validating [BindGroupDescriptor ""Conv2DMatMul""] against [Invalid BindGroupLayout (unlabeled)]
 - While calling [Device].CreateBindGroup([BindGroupDescriptor ""Conv2DMatMul""]).

[17.7s] error: An uncaught WebGPU validation error was raised: [Invalid ComputePipeline "Transpose"] is invalid.
 - While Validating GetBindGroupLayout (0) on [Invalid ComputePipeline "Transpose"]

[17.7s] error: An uncaught WebGPU validation error was raised: [Invalid BindGroupLayout (unlabeled)] is invalid.
 - While validating [BindGroupDescriptor ""Transpose""] against [Invalid BindGroupLayout (unlabeled)]
 - While calling [Device].CreateBindGroup([BindGroupDescriptor ""Transpose""]).

[17.7s] error: An uncaught WebGPU validation error was raised: [Invalid ComputePipeline "MaxPool"] is invalid.
 - While Validating GetBindGroupLayout (0) on [Invalid ComputePipeline "MaxPool"]

[17.7s] error: An uncaught WebGPU validation error was raised: [Invalid BindGroupLayout (unlabeled)] is invalid.
 - While validating [BindGroupDescriptor ""MaxPool""] against [Invalid BindGroupLayout (unlabeled)]
 - While calling [Device].CreateBindGroup([BindGroupDescriptor ""MaxPool""]).

[17.7s] error: An uncaught WebGPU validation error was raised: [Invalid ComputePipeline "Conv2DMatMul"] is invalid.
 - While Validating GetBindGroupLayout (0) on [Invalid ComputePipeline "Conv2DMatMul"]

[17.7s] error: An uncaught WebGPU validation error was raised: [Invalid BindGroupLayout (unlabeled)] is invalid.
 - While validating [BindGroupDescriptor ""Conv2DMatMul""] against [Invalid BindGroupLayout (unlabeled)]
 - While calling [Device].CreateBindGroup([BindGroupDescriptor ""Conv2DMatMul""]).

[17.7s] error: An uncaught WebGPU validation error was raised: [Invalid ComputePipeline "Conv2DMatMul"] is invalid.
 - While Validating GetBindGroupLayout (0) on [Invalid ComputePipeline "Conv2DMatMul"]

[17.7s] error: An uncaught WebGPU validation error was raised: [Invalid BindGroupLayout (unlabeled)] is invalid.
 - While validating [BindGroupDescriptor ""Conv2DMatMul""] against [Invalid BindGroupLayout (unlabeled)]
 - While calling [Device].CreateBindGroup([BindGroupDescriptor ""Conv2DMatMul""]).

[17.7s] error: An uncaught WebGPU validation error was raised: [Invalid ComputePipeline "Add"] is invalid.
 - While Validating GetBindGroupLayout (0) on [Invalid ComputePipeline "Add"]

[17.7s] error: An uncaught WebGPU validation error was raised: [Invalid BindGroupLayout (unlabeled)] is invalid.
 - While validating [BindGroupDescriptor ""Add""] against [Invalid BindGroupLayout (unlabeled)]
 - While calling [Device].CreateBindGroup([BindGroupDescriptor ""Add""]).

[17.7s] error: An uncaught WebGPU validation error was raised: [Invalid ComputePipeline "Relu"] is invalid.
 - While Validating GetBindGroupLayout (0) on [Invalid ComputePipeline "Relu"]

[17.7s] error: An uncaught WebGPU validation error was raised: [Invalid BindGroupLayout (unlabeled)] is invalid.
 - While validating [BindGroupDescriptor ""Relu""] against [Invalid BindGroupLayout (unlabeled)]
 - While calling [Device].CreateBindGroup([BindGroupDescriptor ""Relu""]).

[17.7s] error: An uncaught WebGPU validation error was raised: [Invalid ComputePipeline "Conv2DMatMul"] is invalid.
 - While Validating GetBindGroupLayout (0) on [Invalid ComputePipeline "Conv2DMatMul"]

[17.7s] error: An uncaught WebGPU validation error was raised: [Invalid BindGroupLayout (unlabeled)] is invalid.
 - While validating [BindGroupDescriptor ""Conv2DMatMul""] against [Invalid BindGroupLayout (unlabeled)]
 - While calling [Device].CreateBindGroup([BindGroupDescriptor ""Conv2DMatMul""]).

[17.7s] error: An uncaught WebGPU validation error was raised: [Invalid ComputePipeline "Conv2DMatMul"] is invalid.
 - While Validating GetBindGroupLayout (0) on [Invalid ComputePipeline "Conv2DMatMul"]

[17.7s] error: An uncaught WebGPU validation error was raised: [Invalid BindGroupLayout (unlabeled)] is invalid.
 - While validating [BindGroupDescriptor ""Conv2DMatMul""] against [Invalid BindGroupLayout (unlabeled)]
 - While calling [Device].CreateBindGroup([BindGroupDescriptor ""Conv2DMatMul""]).

[17.7s] error: An uncaught WebGPU validation error was raised: [Invalid ComputePipeline "Add"] is invalid.
 - While Validating GetBindGroupLayout (0) on [Invalid ComputePipeline "Add"]

[17.7s] error: An uncaught WebGPU validation error was raised: [Invalid BindGroupLayout (unlabeled)] is invalid.
 - While validating [BindGroupDescriptor ""Add""] against [Invalid BindGroupLayout (unlabeled)]
 - While calling [Device].CreateBindGroup([BindGroupDescriptor ""Add""]).

[17.7s] error: An uncaught WebGPU validation error was raised: [Invalid ComputePipeline "Relu"] is invalid.
 - While Validating GetBindGroupLayout (0) on [Invalid ComputePipeline "Relu"]

[17.7s] error: An uncaught WebGPU validation error was raised: [Invalid BindGroupLayout (unlabeled)] is invalid.
 - While validating [BindGroupDescriptor ""Relu""] against [Invalid BindGroupLayout (unlabeled)]
 - While calling [Device].CreateBindGroup([BindGroupDescriptor ""Relu""]).

[17.7s] error: An uncaught WebGPU validation error was raised: [Invalid ComputePipeline "Transpose"] is invalid.
 - While Validating GetBindGroupLayout (0) on [Invalid ComputePipeline "Transpose"]

[17.7s] error: An uncaught WebGPU validation error was raised: [Invalid BindGroupLayout (unlabeled)] is invalid.
 - While validating [BindGroupDescriptor ""Transpose""] against [Invalid BindGroupLayout (unlabeled)]
 - While calling [Device].CreateBindGroup([BindGroupDescriptor ""Transpose""]).

[17.7s] error: An uncaught WebGPU validation error was raised: [Invalid ComputePipeline "Conv2DMatMul"] is invalid.
 - While Validating GetBindGroupLayout (0) on [Invalid ComputePipeline "Conv2DMatMul"]

[17.7s] error: An uncaught WebGPU validation error was raised: [Invalid BindGroupLayout (unlabeled)] is invalid.
 - While validating [BindGroupDescriptor ""Conv2DMatMul""] against [Invalid BindGroupLayout (unlabeled)]
 - While calling [Device].CreateBindGroup([BindGroupDescriptor ""Conv2DMatMul""]).

[17.7s] error: An uncaught WebGPU validation error was raised: [Invalid ComputePipeline "Sub"] is invalid.
 - While encoding [ComputePassEncoder (unlabeled)].SetPipeline([Invalid ComputePipeline "Sub"]).
 - While finishing [CommandEncoder (unlabeled)].

[17.7s] error: An uncaught WebGPU validation error was raised: [Invalid CommandBuffer] is invalid.
 - While calling [Queue].Submit([[Invalid CommandBuffer]])

[17.7s] error: An uncaught WebGPU validation error was raised: [Invalid ComputePipeline "Conv2DMatMul"] is invalid.
 - While Validating GetBindGroupLayout (0) on [Invalid ComputePipeline "Conv2DMatMul"]

[17.7s] error: An uncaught WebGPU validation error was raised: [Invalid BindGroupLayout (unlabeled)] is invalid.
 - While validating [BindGroupDescriptor ""Conv2DMatMul""] against [Invalid BindGroupLayout (unlabeled)]
 - While calling [Device].CreateBindGroup([BindGroupDescriptor ""Conv2DMatMul""]).

[17.7s] error: An uncaught WebGPU validation error was raised: [Invalid ComputePipeline "Conv2DMatMul"] is invalid.
 - While Validating GetBindGroupLayout (0) on [Invalid ComputePipeline "Conv2DMatMul"]

[17.7s] error: An uncaught WebGPU validation error was raised: [Invalid BindGroupLayout (unlabeled)] is invalid.
 - While validating [BindGroupDescriptor ""Conv2DMatMul""] against [Invalid BindGroupLayout (unlabeled)]
 - While calling [Device].CreateBindGroup([BindGroupDescriptor ""Conv2DMatMul""]).

[17.7s] error: An uncaught WebGPU validation error was raised: [Invalid ComputePipeline "Add"] is invalid.
 - While Validating GetBindGroupLayout (0) on [Invalid ComputePipeline "Add"]

[17.7s] error: An uncaught WebGPU validation error was raised: [Invalid BindGroupLayout (unlabeled)] is invalid.
 - While validating [BindGroupDescriptor ""Add""] against [Invalid BindGroupLayout (unlabeled)]
 - While calling [Device].CreateBindGroup([BindGroupDescriptor ""Add""]).

[17.7s] error: An uncaught WebGPU validation error was raised: [Invalid ComputePipeline "Relu"] is invalid.
 - While Validating GetBindGroupLayout (0) on [Invalid ComputePipeline "Relu"]

[17.7s] error: An uncaught WebGPU validation error was raised: [Invalid BindGroupLayout (unlabeled)] is invalid.
 - While validating [BindGroupDescriptor ""Relu""] against [Invalid BindGroupLayout (unlabeled)]
 - While calling [Device].CreateBindGroup([BindGroupDescriptor ""Relu""]).

[17.7s] error: An uncaught WebGPU validation error was raised: [Invalid ComputePipeline "Conv2DMatMul"] is invalid.
 - While Validating GetBindGroupLayout (0) on [Invalid ComputePipeline "Conv2DMatMul"]

[17.7s] error: An uncaught WebGPU validation error was raised: [Invalid BindGroupLayout (unlabeled)] is invalid.
 - While validating [BindGroupDescriptor ""Conv2DMatMul""] against [Invalid BindGroupLayout (unlabeled)]
 - While calling [Device].CreateBindGroup([BindGroupDescriptor ""Conv2DMatMul""]).

[17.7s] error: An uncaught WebGPU validation error was raised: [Invalid ComputePipeline "Conv2DMatMul"] is invalid.
 - While Validating GetBindGroupLayout (0) on [Invalid ComputePipeline "Conv2DMatMul"]

[17.7s] error: An uncaught WebGPU validation error was raised: [Invalid BindGroupLayout (unlabeled)] is invalid.
 - While validating [BindGroupDescriptor ""Conv2DMatMul""] against [Invalid BindGroupLayout (unlabeled)]
 - While calling [Device].CreateBindGroup([BindGroupDescriptor ""Conv2DMatMul""]).

[17.7s] error: An uncaught WebGPU validation error was raised: [Invalid ComputePipeline "Add"] is invalid.
 - While Validating GetBindGroupLayout (0) on [Invalid ComputePipeline "Add"]

[17.7s] error: An uncaught WebGPU validation error was raised: [Invalid BindGroupLayout (unlabeled)] is invalid.
 - While validating [BindGroupDescriptor ""Add""] against [Invalid BindGroupLayout (unlabeled)]
 - While calling [Device].CreateBindGroup([BindGroupDescriptor ""Add""]).

[17.7s] error: An uncaught WebGPU validation error was raised: [Invalid ComputePipeline "Relu"] is invalid.
 - While Validating GetBindGroupLayout (0) on [Invalid ComputePipeline "Relu"]

[17.7s] error: An uncaught WebGPU validation error was raised: [Invalid BindGroupLayout (unlabeled)] is invalid.
 - While validating [BindGroupDescriptor ""Relu""] against [Invalid BindGroupLayout (unlabeled)]
 - While calling [Device].CreateBindGroup([BindGroupDescriptor ""Relu""]).

[17.7s] error: An uncaught WebGPU validation error was raised: [Invalid ComputePipeline "Transpose"] is invalid.
 - While Validating GetBindGroupLayout (0) on [Invalid ComputePipeline "Transpose"]

[17.7s] error: An uncaught WebGPU validation error was raised: [Invalid BindGroupLayout (unlabeled)] is invalid.
 - While validating [BindGroupDescriptor ""Transpose""] against [Invalid BindGroupLayout (unlabeled)]
 - While calling [Device].CreateBindGroup([BindGroupDescriptor ""Transpose""]).

[17.7s] error: An uncaught WebGPU validation error was raised: [Invalid ComputePipeline "Conv2DMatMul"] is invalid.
 - While Validating GetBindGroupLayout (0) on [Invalid ComputePipeline "Conv2DMatMul"]

[17.7s] error: An uncaught WebGPU validation error was raised: [Invalid BindGroupLayout (unlabeled)] is invalid.
 - While validating [BindGroupDescriptor ""Conv2DMatMul""] against [Invalid BindGroupLayout (unlabeled)]
 - While calling [Device].CreateBindGroup([BindGroupDescriptor ""Conv2DMatMul""]).

[17.7s] error: An uncaught WebGPU validation error was raised: [Invalid ComputePipeline "Conv2DMatMul"] is invalid.
 - While Validating GetBindGroupLayout (0) on [Invalid ComputePipeline "Conv2DMatMul"]

[17.7s] error: An uncaught WebGPU validation error was raised: [Invalid BindGroupLayout (unlabeled)] is invalid.
 - While validating [BindGroupDescriptor ""Conv2DMatMul""] against [Invalid BindGroupLayout (unlabeled)]
 - While calling [Device].CreateBindGroup([BindGroupDescriptor ""Conv2DMatMul""]).

[17.7s] error: An uncaught WebGPU validation error was raised: [Invalid ComputePipeline "Conv2DMatMul"] is invalid.
 - While Validating GetBindGroupLayout (0) on [Invalid ComputePipeline "Conv2DMatMul"]

[17.7s] error: An uncaught WebGPU validation error was raised: [Invalid BindGroupLayout (unlabeled)] is invalid.
 - While validating [BindGroupDescriptor ""Conv2DMatMul""] against [Invalid BindGroupLayout (unlabeled)]
 - While calling [Device].CreateBindGroup([BindGroupDescriptor ""Conv2DMatMul""]).

[17.7s] error: An uncaught WebGPU validation error was raised: [Invalid ComputePipeline "Add"] is invalid.
 - While Validating GetBindGroupLayout (0) on [Invalid ComputePipeline "Add"]

[17.7s] error: An uncaught WebGPU validation error was raised: [Invalid BindGroupLayout (unlabeled)] is invalid.
 - While validating [BindGroupDescriptor ""Add""] against [Invalid BindGroupLayout (unlabeled)]
 - While calling [Device].CreateBindGroup([BindGroupDescriptor ""Add""]).

[17.7s] error: An uncaught WebGPU validation error was raised: [Invalid ComputePipeline "Relu"] is invalid.
 - While Validating GetBindGroupLayout (0) on [Invalid ComputePipeline "Relu"]

[17.7s] error: An uncaught WebGPU validation error was raised: [Invalid BindGroupLayout (unlabeled)] is invalid.
 - While validating [BindGroupDescriptor ""Relu""] against [Invalid BindGroupLayout (unlabeled)]
 - While calling [Device].CreateBindGroup([BindGroupDescriptor ""Relu""]).

[17.7s] error: An uncaught WebGPU validation error was raised: [Invalid ComputePipeline "Conv2DMatMul"] is invalid.
 - While Validating GetBindGroupLayout (0) on [Invalid ComputePipeline "Conv2DMatMul"]

[17.7s] error: An uncaught WebGPU validation error was raised: [Invalid BindGroupLayout (unlabeled)] is invalid.
 - While validating [BindGroupDescriptor ""Conv2DMatMul""] against [Invalid BindGroupLayout (unlabeled)]
 - While calling [Device].CreateBindGroup([BindGroupDescriptor ""Conv2DMatMul""]).

[17.7s] error: An uncaught WebGPU validation error was raised: [Invalid ComputePipeline "Conv2DMatMul"] is invalid.
 - While Validating GetBindGroupLayout (0) on [Invalid ComputePipeline "Conv2DMatMul"]

[17.7s] error: An uncaught WebGPU validation error was raised: [Invalid BindGroupLayout (unlabeled)] is invalid.
 - While validating [BindGroupDescriptor ""Conv2DMatMul""] against [Invalid BindGroupLayout (unlabeled)]
 - While calling [Device].CreateBindGroup([BindGroupDescriptor ""Conv2DMatMul""]).

[17.7s] error: An uncaught WebGPU validation error was raised: [Invalid ComputePipeline "Conv2DMatMul"] is invalid.
 - While encoding [ComputePassEncoder (unlabeled)].SetPipeline([Invalid ComputePipeline "Conv2DMatMul"]).
 - While finishing [CommandEncoder (unlabeled)].

[17.7s] error: An uncaught WebGPU validation error was raised: [Invalid CommandBuffer] is invalid.
 - While calling [Queue].Submit([[Invalid CommandBuffer]])

[17.7s] error: An uncaught WebGPU validation error was raised: [Invalid ComputePipeline "Add"] is invalid.
 - While Validating GetBindGroupLayout (0) on [Invalid ComputePipeline "Add"]

[17.7s] error: An uncaught WebGPU validation error was raised: [Invalid BindGroupLayout (unlabeled)] is invalid.
 - While validating [BindGroupDescriptor ""Add""] against [Invalid BindGroupLayout (unlabeled)]
 - While calling [Device].CreateBindGroup([BindGroupDescriptor ""Add""]).

[17.7s] error: An uncaught WebGPU validation error was raised: [Invalid ComputePipeline "Relu"] is invalid.
 - While Validating GetBindGroupLayout (0) on [Invalid ComputePipeline "Relu"]

[17.7s] error: An uncaught WebGPU validation error was raised: [Invalid BindGroupLayout (unlabeled)] is invalid.
 - While validating [BindGroupDescriptor ""Relu""] against [Invalid BindGroupLayout (unlabeled)]
 - While calling [Device].CreateBindGroup([BindGroupDescriptor ""Relu""]).

[17.7s] error: An uncaught WebGPU validation error was raised: [Invalid ComputePipeline "Transpose"] is invalid.
 - While Validating GetBindGroupLayout (0) on [Invalid ComputePipeline "Transpose"]

[17.7s] error: An uncaught WebGPU validation error was raised: [Invalid BindGroupLayout (unlabeled)] is invalid.
 - While validating [BindGroupDescriptor ""Transpose""] against [Invalid BindGroupLayout (unlabeled)]
 - While calling [Device].CreateBindGroup([BindGroupDescriptor ""Transpose""]).

[17.7s] error: An uncaught WebGPU validation error was raised: [Invalid ComputePipeline "Conv2DMatMul"] is invalid.
 - While Validating GetBindGroupLayout (0) on [Invalid ComputePipeline "Conv2DMatMul"]

[17.7s] error: An uncaught WebGPU validation error was raised: [Invalid BindGroupLayout (unlabeled)] is invalid.
 - While validating [BindGroupDescriptor ""Conv2DMatMul""] against [Invalid BindGroupLayout (unlabeled)]
 - While calling [Device].CreateBindGroup([BindGroupDescriptor ""Conv2DMatMul""]).

[17.7s] error: An uncaught WebGPU validation error was raised: [Invalid ComputePipeline "Conv2DMatMul"] is invalid.
 - While Validating GetBindGroupLayout (0) on [Invalid ComputePipeline "Conv2DMatMul"]

[17.7s] error: An uncaught WebGPU validation error was raised: [Invalid BindGroupLayout (unlabeled)] is invalid.
 - While validating [BindGroupDescriptor ""Conv2DMatMul""] against [Invalid BindGroupLayout (unlabeled)]
 - While calling [Device].CreateBindGroup([BindGroupDescriptor ""Conv2DMatMul""]).

[17.7s] error: An uncaught WebGPU validation error was raised: [Invalid ComputePipeline "Conv2DMatMul"] is invalid.
 - While Validating GetBindGroupLayout (0) on [Invalid ComputePipeline "Conv2DMatMul"]

[17.7s] error: An uncaught WebGPU validation error was raised: [Invalid BindGroupLayout (unlabeled)] is invalid.
 - While validating [BindGroupDescriptor ""Conv2DMatMul""] against [Invalid BindGroupLayout (unlabeled)]
 - While calling [Device].CreateBindGroup([BindGroupDescriptor ""Conv2DMatMul""]).

[17.7s] error: An uncaught WebGPU validation error was raised: [Invalid ComputePipeline "Add"] is invalid.
 - While Validating GetBindGroupLayout (0) on [Invalid ComputePipeline "Add"]

[17.7s] error: An uncaught WebGPU validation error was raised: [Invalid BindGroupLayout (unlabeled)] is invalid.
 - While validating [BindGroupDescriptor ""Add""] against [Invalid BindGroupLayout (unlabeled)]
 - While calling [Device].CreateBindGroup([BindGroupDescriptor ""Add""]).

[17.7s] error: An uncaught WebGPU validation error was raised: [Invalid ComputePipeline "Relu"] is invalid.
 - While Validating GetBindGroupLayout (0) on [Invalid ComputePipeline "Relu"]

[17.7s] error: An uncaught WebGPU validation error was raised: [Invalid BindGroupLayout (unlabeled)] is invalid.
 - While validating [BindGroupDescriptor ""Relu""] against [Invalid BindGroupLayout (unlabeled)]
 - While calling [Device].CreateBindGroup([BindGroupDescriptor ""Relu""]).

[17.7s] error: An uncaught WebGPU validation error was raised: [Invalid ComputePipeline "Conv2DMatMul"] is invalid.
 - While Validating GetBindGroupLayout (0) on [Invalid ComputePipeline "Conv2DMatMul"]

[17.7s] error: An uncaught WebGPU validation error was raised: [Invalid BindGroupLayout (unlabeled)] is invalid.
 - While validating [BindGroupDescriptor ""Conv2DMatMul""] against [Invalid BindGroupLayout (unlabeled)]
 - While calling [Device].CreateBindGroup([BindGroupDescriptor ""Conv2DMatMul""]).

[17.7s] error: An uncaught WebGPU validation error was raised: [Invalid ComputePipeline "Conv2DMatMul"] is invalid.
 - While Validating GetBindGroupLayout (0) on [Invalid ComputePipeline "Conv2DMatMul"]

[17.7s] error: An uncaught WebGPU validation error was raised: [Invalid BindGroupLayout (unlabeled)] is invalid.
 - While validating [BindGroupDescriptor ""Conv2DMatMul""] against [Invalid BindGroupLayout (unlabeled)]
 - While calling [Device].CreateBindGroup([BindGroupDescriptor ""Conv2DMatMul""]).

[17.7s] error: An uncaught WebGPU validation error was raised: [Invalid ComputePipeline "Add"] is invalid.
 - While Validating GetBindGroupLayout (0) on [Invalid ComputePipeline "Add"]

[17.7s] error: An uncaught WebGPU validation error was raised: [Invalid BindGroupLayout (unlabeled)] is invalid.
 - While validating [BindGroupDescriptor ""Add""] against [Invalid BindGroupLayout (unlabeled)]
 - While calling [Device].CreateBindGroup([BindGroupDescriptor ""Add""]).

[17.7s] error: An uncaught WebGPU validation error was raised: [Invalid ComputePipeline "Relu"] is invalid.
 - While Validating GetBindGroupLayout (0) on [Invalid ComputePipeline "Relu"]

[17.7s] error: An uncaught WebGPU validation error was raised: [Invalid BindGroupLayout (unlabeled)] is invalid.
 - While validating [BindGroupDescriptor ""Relu""] against [Invalid BindGroupLayout (unlabeled)]
 - While calling [Device].CreateBindGroup([BindGroupDescriptor ""Relu""]).

[17.7s] error: An uncaught WebGPU validation error was raised: [Invalid ComputePipeline "Cast"] is invalid.
 - While Validating GetBindGroupLayout (0) on [Invalid ComputePipeline "Cast"]

[17.7s] error: An uncaught WebGPU validation error was raised: [Invalid BindGroupLayout (unlabeled)] is invalid.
 - While validating [BindGroupDescriptor ""Cast""] against [Invalid BindGroupLayout (unlabeled)]
 - While calling [Device].CreateBindGroup([BindGroupDescriptor ""Cast""]).

[17.7s] error: An uncaught WebGPU validation error was raised: [Invalid ComputePipeline "Cast"] is invalid.
 - While Validating GetBindGroupLayout (0) on [Invalid ComputePipeline "Cast"]

[17.7s] error: An uncaught WebGPU validation error was raised: [Invalid BindGroupLayout (unlabeled)] is invalid.
 - While validating [BindGroupDescriptor ""Cast""] against [Invalid BindGroupLayout (unlabeled)]
 - While calling [Device].CreateBindGroup([BindGroupDescriptor ""Cast""]).

[17.7s] error: An uncaught WebGPU validation error was raised: [Invalid ComputePipeline "Add"] is invalid.
 - While encoding [ComputePassEncoder (unlabeled)].SetPipeline([Invalid ComputePipeline "Add"]).
 - While finishing [CommandEncoder (unlabeled)].

[17.7s] error: An uncaught WebGPU validation error was raised: [Invalid CommandBuffer] is invalid.
 - While calling [Queue].Submit([[Invalid CommandBuffer]])

[17.7s] error: An uncaught WebGPU validation error was raised: [Invalid ComputePipeline "Concat"] is invalid.
 - While Validating GetBindGroupLayout (0) on [Invalid ComputePipeline "Concat"]

[17.7s] error: An uncaught WebGPU validation error was raised: [Invalid BindGroupLayout (unlabeled)] is invalid.
 - While validating [BindGroupDescriptor ""Concat""] against [Invalid BindGroupLayout (unlabeled)]
 - While calling [Device].CreateBindGroup([BindGroupDescriptor ""Concat""]).

[17.7s] error: An uncaught WebGPU validation error was raised: [Invalid ComputePipeline "Transpose"] is invalid.
 - While Validating GetBindGroupLayout (0) on [Invalid ComputePipeline "Transpose"]

[17.7s] error: An uncaught WebGPU validation error was raised: [Invalid BindGroupLayout (unlabeled)] is invalid.
 - While validating [BindGroupDescriptor ""Transpose""] against [Invalid BindGroupLayout (unlabeled)]
 - While calling [Device].CreateBindGroup([BindGroupDescriptor ""Transpose""]).

[17.7s] error: An uncaught WebGPU validation error was raised: [Invalid ComputePipeline "Conv2DMatMul"] is invalid.
 - While Validating GetBindGroupLayout (0) on [Invalid ComputePipeline "Conv2DMatMul"]

[17.7s] error: An uncaught WebGPU validation error was raised: [Invalid BindGroupLayout (unlabeled)] is invalid.
 - While validating [BindGroupDescriptor ""Conv2DMatMul""] against [Invalid BindGroupLayout (unlabeled)]
 - While calling [Device].CreateBindGroup([BindGroupDescriptor ""Conv2DMatMul""]).

[17.7s] error: An uncaught WebGPU validation error was raised: [Invalid ComputePipeline "Conv2DMatMul"] is invalid.
 - While Validating GetBindGroupLayout (0) on [Invalid ComputePipeline "Conv2DMatMul"]

[17.7s] error: An uncaught WebGPU validation error was raised: [Invalid BindGroupLayout (unlabeled)] is invalid.
 - While validating [BindGroupDescriptor ""Conv2DMatMul""] against [Invalid BindGroupLayout (unlabeled)]
 - While calling [Device].CreateBindGroup([BindGroupDescriptor ""Conv2DMatMul""]).

[17.7s] error: An uncaught WebGPU validation error was raised: [Invalid ComputePipeline "Cast"] is invalid.
 - While Validating GetBindGroupLayout (0) on [Invalid ComputePipeline "Cast"]

[17.7s] error: An uncaught WebGPU validation error was raised: [Invalid BindGroupLayout (unlabeled)] is invalid.
 - While validating [BindGroupDescriptor ""Cast""] against [Invalid BindGroupLayout (unlabeled)]
 - While calling [Device].CreateBindGroup([BindGroupDescriptor ""Cast""]).

[17.7s] error: An uncaught WebGPU validation error was raised: [Invalid ComputePipeline "Cast"] is invalid.
 - While Validating GetBindGroupLayout (0) on [Invalid ComputePipeline "Cast"]

[17.7s] error: An uncaught WebGPU validation error was raised: [Invalid BindGroupLayout (unlabeled)] is invalid.
 - While validating [BindGroupDescriptor ""Cast""] against [Invalid BindGroupLayout (unlabeled)]
 - While calling [Device].CreateBindGroup([BindGroupDescriptor ""Cast""]).

[17.7s] error: An uncaught WebGPU validation error was raised: [Invalid ComputePipeline "Concat"] is invalid.
 - While Validating GetBindGroupLayout (0) on [Invalid ComputePipeline "Concat"]

[17.7s] error: An uncaught WebGPU validation error was raised: [Invalid BindGroupLayout (unlabeled)] is invalid.
 - While validating [BindGroupDescriptor ""Concat""] against [Invalid BindGroupLayout (unlabeled)]
 - While calling [Device].CreateBindGroup([BindGroupDescriptor ""Concat""]).

[17.7s] error: An uncaught WebGPU validation error was raised: [Invalid ComputePipeline "Transpose"] is invalid.
 - While Validating GetBindGroupLayout (0) on [Invalid ComputePipeline "Transpose"]

[17.7s] error: An uncaught WebGPU validation error was raised: [Invalid BindGroupLayout (unlabeled)] is invalid.
 - While validating [BindGroupDescriptor ""Transpose""] against [Invalid BindGroupLayout (unlabeled)]
 - While calling [Device].CreateBindGroup([BindGroupDescriptor ""Transpose""]).

[17.7s] error: An uncaught WebGPU validation error was raised: [Invalid ComputePipeline "Conv2DMatMul"] is invalid.
 - While Validating GetBindGroupLayout (0) on [Invalid ComputePipeline "Conv2DMatMul"]

[17.7s] error: An uncaught WebGPU validation error was raised: [Invalid BindGroupLayout (unlabeled)] is invalid.
 - While validating [BindGroupDescriptor ""Conv2DMatMul""] against [Invalid BindGroupLayout (unlabeled)]
 - While calling [Device].CreateBindGroup([BindGroupDescriptor ""Conv2DMatMul""]).

[17.7s] error: An uncaught WebGPU validation error was raised: [Invalid ComputePipeline "Conv2DMatMul"] is invalid.
 - While Validating GetBindGroupLayout (0) on [Invalid ComputePipeline "Conv2DMatMul"]

[17.7s] error: An uncaught WebGPU validation error was raised: [Invalid BindGroupLayout (unlabeled)] is invalid.
 - While validating [BindGroupDescriptor ""Conv2DMatMul""] against [Invalid BindGroupLayout (unlabeled)]
 - While calling [Device].CreateBindGroup([BindGroupDescriptor ""Conv2DMatMul""]).

[17.7s] error: An uncaught WebGPU validation error was raised: [Invalid ComputePipeline "Cast"] is invalid.
 - While Validating GetBindGroupLayout (0) on [Invalid ComputePipeline "Cast"]

[17.7s] error: An uncaught WebGPU validation error was raised: [Invalid BindGroupLayout (unlabeled)] is invalid.
 - While validating [BindGroupDescriptor ""Cast""] against [Invalid BindGroupLayout (unlabeled)]
 - While calling [Device].CreateBindGroup([BindGroupDescriptor ""Cast""]).

[17.7s] error: An uncaught WebGPU validation error was raised: [Invalid ComputePipeline "Cast"] is invalid.
 - While Validating GetBindGroupLayout (0) on [Invalid ComputePipeline "Cast"]

[17.7s] error: An uncaught WebGPU validation error was raised: [Invalid BindGroupLayout (unlabeled)] is invalid.
 - While validating [BindGroupDescriptor ""Cast""] against [Invalid BindGroupLayout (unlabeled)]
 - While calling [Device].CreateBindGroup([BindGroupDescriptor ""Cast""]).

[17.7s] error: An uncaught WebGPU validation error was raised: [Invalid ComputePipeline "Concat"] is invalid.
 - While encoding [ComputePassEncoder (unlabeled)].SetPipeline([Invalid ComputePipeline "Concat"]).
 - While finishing [CommandEncoder (unlabeled)].

[17.7s] error: An uncaught WebGPU validation error was raised: [Invalid CommandBuffer] is invalid.
 - While calling [Queue].Submit([[Invalid CommandBuffer]])

[17.7s] error: An uncaught WebGPU validation error was raised: [Invalid ComputePipeline "Concat"] is invalid.
 - While Validating GetBindGroupLayout (0) on [Invalid ComputePipeline "Concat"]

[17.7s] error: An uncaught WebGPU validation error was raised: [Invalid BindGroupLayout (unlabeled)] is invalid.
 - While validating [BindGroupDescriptor ""Concat""] against [Invalid BindGroupLayout (unlabeled)]
 - While calling [Device].CreateBindGroup([BindGroupDescriptor ""Concat""]).

[17.7s] error: An uncaught WebGPU validation error was raised: [Invalid ComputePipeline "Transpose"] is invalid.
 - While Validating GetBindGroupLayout (0) on [Invalid ComputePipeline "Transpose"]

[17.7s] error: An uncaught WebGPU validation error was raised: [Invalid BindGroupLayout (unlabeled)] is invalid.
 - While validating [BindGroupDescriptor ""Transpose""] against [Invalid BindGroupLayout (unlabeled)]
 - While calling [Device].CreateBindGroup([BindGroupDescriptor ""Transpose""]).

[17.7s] error: An uncaught WebGPU validation error was raised: [Invalid ComputePipeline "Conv2DMatMul"] is invalid.
 - While Validating GetBindGroupLayout (0) on [Invalid ComputePipeline "Conv2DMatMul"]

[17.7s] error: An uncaught WebGPU validation error was raised: [Invalid BindGroupLayout (unlabeled)] is invalid.
 - While validating [BindGroupDescriptor ""Conv2DMatMul""] against [Invalid BindGroupLayout (unlabeled)]
 - While calling [Device].CreateBindGroup([BindGroupDescriptor ""Conv2DMatMul""]).

[17.7s] error: An uncaught WebGPU validation error was raised: [Invalid ComputePipeline "Conv2DMatMul"] is invalid.
 - While Validating GetBindGroupLayout (0) on [Invalid ComputePipeline "Conv2DMatMul"]

[17.7s] error: An uncaught WebGPU validation error was raised: [Invalid BindGroupLayout (unlabeled)] is invalid.
 - While validating [BindGroupDescriptor ""Conv2DMatMul""] against [Invalid BindGroupLayout (unlabeled)]
 - While calling [Device].CreateBindGroup([BindGroupDescriptor ""Conv2DMatMul""]).

[17.7s] error: An uncaught WebGPU validation error was raised: [Invalid ComputePipeline "Cast"] is invalid.
 - While Validating GetBindGroupLayout (0) on [Invalid ComputePipeline "Cast"]

[17.7s] error: An uncaught WebGPU validation error was raised: [Invalid BindGroupLayout (unlabeled)] is invalid.
 - While validating [BindGroupDescriptor ""Cast""] against [Invalid BindGroupLayout (unlabeled)]
 - While calling [Device].CreateBindGroup([BindGroupDescriptor ""Cast""]).

[17.7s] error: An uncaught WebGPU validation error was raised: [Invalid ComputePipeline "Cast"] is invalid.
 - While Validating GetBindGroupLayout (0) on [Invalid ComputePipeline "Cast"]

[17.7s] error: An uncaught WebGPU validation error was raised: [Invalid BindGroupLayout (unlabeled)] is invalid.
 - While validating [BindGroupDescriptor ""Cast""] against [Invalid BindGroupLayout (unlabeled)]
 - While calling [Device].CreateBindGroup([BindGroupDescriptor ""Cast""]).

[17.7s] error: An uncaught WebGPU validation error was raised: [Invalid ComputePipeline "Concat"] is invalid.
 - While Validating GetBindGroupLayout (0) on [Invalid ComputePipeline "Concat"]

[17.7s] error: An uncaught WebGPU validation error was raised: [Invalid BindGroupLayout (unlabeled)] is invalid.
 - While validating [BindGroupDescriptor ""Concat""] against [Invalid BindGroupLayout (unlabeled)]
 - While calling [Device].CreateBindGroup([BindGroupDescriptor ""Concat""]).

[17.8s] error: An uncaught WebGPU validation error was raised: [Invalid ComputePipeline "Transpose"] is invalid.
 - While Validating GetBindGroupLayout (0) on [Invalid ComputePipeline "Transpose"]

[17.8s] error: An uncaught WebGPU validation error was raised: [Invalid BindGroupLayout (unlabeled)] is invalid.
 - While validating [BindGroupDescriptor ""Transpose""] against [Invalid BindGroupLayout (unlabeled)]
 - While calling [Device].CreateBindGroup([BindGroupDescriptor ""Transpose""]).

[17.8s] error: An uncaught WebGPU validation error was raised: [Invalid ComputePipeline "Conv2DMatMul"] is invalid.
 - While Validating GetBindGroupLayout (0) on [Invalid ComputePipeline "Conv2DMatMul"]

[17.8s] error: An uncaught WebGPU validation error was raised: [Invalid BindGroupLayout (unlabeled)] is invalid.
 - While validating [BindGroupDescriptor ""Conv2DMatMul""] against [Invalid BindGroupLayout (unlabeled)]
 - While calling [Device].CreateBindGroup([BindGroupDescriptor ""Conv2DMatMul""]).

[17.8s] error: An uncaught WebGPU validation error was raised: [Invalid ComputePipeline "Conv2DMatMul"] is invalid.
 - While Validating GetBindGroupLayout (0) on [Invalid ComputePipeline "Conv2DMatMul"]

[17.8s] error: An uncaught WebGPU validation error was raised: [Invalid BindGroupLayout (unlabeled)] is invalid.
 - While validating [BindGroupDescriptor ""Conv2DMatMul""] against [Invalid BindGroupLayout (unlabeled)]
 - While calling [Device].CreateBindGroup([BindGroupDescriptor ""Conv2DMatMul""]).

[17.8s] error: An uncaught WebGPU validation error was raised: [Invalid ComputePipeline "Cast"] is invalid.
 - While Validating GetBindGroupLayout (0) on [Invalid ComputePipeline "Cast"]

[17.8s] error: An uncaught WebGPU validation error was raised: [Invalid BindGroupLayout (unlabeled)] is invalid.
 - While validating [BindGroupDescriptor ""Cast""] against [Invalid BindGroupLayout (unlabeled)]
 - While calling [Device].CreateBindGroup([BindGroupDescriptor ""Cast""]).

[17.8s] error: An uncaught WebGPU validation error was raised: [Invalid ComputePipeline "Cast"] is invalid.
 - While Validating GetBindGroupLayout (0) on [Invalid ComputePipeline "Cast"]

[17.8s] error: An uncaught WebGPU validation error was raised: [Invalid BindGroupLayout (unlabeled)] is invalid.
 - While validating [BindGroupDescriptor ""Cast""] against [Invalid BindGroupLayout (unlabeled)]
 - While calling [Device].CreateBindGroup([BindGroupDescriptor ""Cast""]).

[17.8s] error: An uncaught WebGPU validation error was raised: [Invalid ComputePipeline "Concat"] is invalid.
 - While encoding [ComputePassEncoder (unlabeled)].SetPipeline([Invalid ComputePipeline "Concat"]).
 - While finishing [CommandEncoder (unlabeled)].

[17.8s] error: An uncaught WebGPU validation error was raised: [Invalid CommandBuffer] is invalid.
 - While calling [Queue].Submit([[Invalid CommandBuffer]])

[17.8s] error: An uncaught WebGPU validation error was raised: [Invalid ComputePipeline "Transpose"] is invalid.
 - While Validating GetBindGroupLayout (0) on [Invalid ComputePipeline "Transpose"]

[17.8s] error: An uncaught WebGPU validation error was raised: [Invalid BindGroupLayout (unlabeled)] is invalid.
 - While validating [BindGroupDescriptor ""Transpose""] against [Invalid BindGroupLayout (unlabeled)]
 - While calling [Device].CreateBindGroup([BindGroupDescriptor ""Transpose""]).

[17.8s] error: An uncaught WebGPU validation error was raised: [Invalid ComputePipeline "Conv2DMatMul"] is invalid.
 - While Validating GetBindGroupLayout (0) on [Invalid ComputePipeline "Conv2DMatMul"]

[17.8s] error: An uncaught WebGPU validation error was raised: [Invalid BindGroupLayout (unlabeled)] is invalid.
 - While validating [BindGroupDescriptor ""Conv2DMatMul""] against [Invalid BindGroupLayout (unlabeled)]
 - While calling [Device].CreateBindGroup([BindGroupDescriptor ""Conv2DMatMul""]).

[17.8s] error: An uncaught WebGPU validation error was raised: [Invalid ComputePipeline "Conv2DMatMul"] is invalid.
 - While Validating GetBindGroupLayout (0) on [Invalid ComputePipeline "Conv2DMatMul"]

[17.8s] error: An uncaught WebGPU validation error was raised: [Invalid BindGroupLayout (unlabeled)] is invalid.
 - While validating [BindGroupDescriptor ""Conv2DMatMul""] against [Invalid BindGroupLayout (unlabeled)]
 - While calling [Device].CreateBindGroup([BindGroupDescriptor ""Conv2DMatMul""]).

[17.8s] error: An uncaught WebGPU validation error was raised: [Invalid ComputePipeline "Conv2DMatMul"] is invalid.
 - While Validating GetBindGroupLayout (0) on [Invalid ComputePipeline "Conv2DMatMul"]

[17.8s] error: An uncaught WebGPU validation error was raised: [Invalid BindGroupLayout (unlabeled)] is invalid.
 - While validating [BindGroupDescriptor ""Conv2DMatMul""] against [Invalid BindGroupLayout (unlabeled)]
 - While calling [Device].CreateBindGroup([BindGroupDescriptor ""Conv2DMatMul""]).

[17.8s] error: An uncaught WebGPU validation error was raised: [Invalid ComputePipeline "Transpose"] is invalid.
 - While Validating GetBindGroupLayout (0) on [Invalid ComputePipeline "Transpose"]

[17.8s] error: An uncaught WebGPU validation error was raised: [Invalid BindGroupLayout (unlabeled)] is invalid.
 - While validating [BindGroupDescriptor ""Transpose""] against [Invalid BindGroupLayout (unlabeled)]
 - While calling [Device].CreateBindGroup([BindGroupDescriptor ""Transpose""]).

[17.8s] error: An uncaught WebGPU validation error was raised: [Invalid ComputePipeline "Transpose"] is invalid.
 - While encoding [ComputePassEncoder (unlabeled)].SetPipeline([Invalid ComputePipeline "Transpose"]).
 - While finishing [CommandEncoder (unlabeled)].

[17.8s] error: An uncaught WebGPU validation error was raised: [Invalid CommandBuffer] is invalid.
 - While calling [Queue].Submit([[Invalid CommandBuffer]])

[17.8s] error: An uncaught WebGPU validation error was raised: [Invalid ComputePipeline "Sub"] is invalid.
 - While Validating GetBindGroupLayout (0) on [Invalid ComputePipeline "Sub"]

[17.8s] error: An uncaught WebGPU validation error was raised: [Invalid BindGroupLayout (unlabeled)] is invalid.
 - While validating [BindGroupDescriptor ""Sub""] against [Invalid BindGroupLayout (unlabeled)]
 - While calling [Device].CreateBindGroup([BindGroupDescriptor ""Sub""]).

[17.8s] error: An uncaught WebGPU validation error was raised: [Invalid ComputePipeline "Div"] is invalid.
 - While Validating GetBindGroupLayout (0) on [Invalid ComputePipeline "Div"]

[17.8s] error: An uncaught WebGPU validation error was raised: [Invalid BindGroupLayout (unlabeled)] is invalid.
 - While validating [BindGroupDescriptor ""Div""] against [Invalid BindGroupLayout (unlabeled)]
 - While calling [Device].CreateBindGroup([BindGroupDescriptor ""Div""]).

[17.8s] error: An uncaught WebGPU validation error was raised: [Invalid ComputePipeline "Transpose"] is invalid.
 - While Validating GetBindGroupLayout (0) on [Invalid ComputePipeline "Transpose"]

[17.8s] error: An uncaught WebGPU validation error was raised: [Invalid BindGroupLayout (unlabeled)] is invalid.
 - While validating [BindGroupDescriptor ""Transpose""] against [Invalid BindGroupLayout (unlabeled)]
 - While calling [Device].CreateBindGroup([BindGroupDescriptor ""Transpose""]).

[17.8s] error: An uncaught WebGPU validation error was raised: [Invalid ComputePipeline "Conv2DMatMul"] is invalid.
 - While Validating GetBindGroupLayout (0) on [Invalid ComputePipeline "Conv2DMatMul"]

[17.8s] error: An uncaught WebGPU validation error was raised: [Invalid BindGroupLayout (unlabeled)] is invalid.
 - While validating [BindGroupDescriptor ""Conv2DMatMul""] against [Invalid BindGroupLayout (unlabeled)]
 - While calling [Device].CreateBindGroup([BindGroupDescriptor ""Conv2DMatMul""]).

[17.8s] error: An uncaught WebGPU validation error was raised: [Invalid ComputePipeline "Transpose"] is invalid.
 - While Validating GetBindGroupLayout (0) on [Invalid ComputePipeline "Transpose"]

[17.8s] error: An uncaught WebGPU validation error was raised: [Invalid BindGroupLayout (unlabeled)] is invalid.
 - While validating [BindGroupDescriptor ""Transpose""] against [Invalid BindGroupLayout (unlabeled)]
 - While calling [Device].CreateBindGroup([BindGroupDescriptor ""Transpose""]).

[17.8s] error: An uncaught WebGPU validation error was raised: [Invalid ComputePipeline "MaxPool"] is invalid.
 - While Validating GetBindGroupLayout (0) on [Invalid ComputePipeline "MaxPool"]

[17.8s] error: An uncaught WebGPU validation error was raised: [Invalid BindGroupLayout (unlabeled)] is invalid.
 - While validating [BindGroupDescriptor ""MaxPool""] against [Invalid BindGroupLayout (unlabeled)]
 - While calling [Device].CreateBindGroup([BindGroupDescriptor ""MaxPool""]).

[17.8s] error: An uncaught WebGPU validation error was raised: [Invalid ComputePipeline "Conv2DMatMul"] is invalid.
 - While Validating GetBindGroupLayout (0) on [Invalid ComputePipeline "Conv2DMatMul"]

[17.8s] error: An uncaught WebGPU validation error was raised: [Invalid BindGroupLayout (unlabeled)] is invalid.
 - While validating [BindGroupDescriptor ""Conv2DMatMul""] against [Invalid BindGroupLayout (unlabeled)]
 - While calling [Device].CreateBindGroup([BindGroupDescriptor ""Conv2DMatMul""]).

[17.8s] error: An uncaught WebGPU validation error was raised: [Invalid ComputePipeline "Conv2DMatMul"] is invalid.
 - While Validating GetBindGroupLayout (0) on [Invalid ComputePipeline "Conv2DMatMul"]

[17.8s] error: An uncaught WebGPU validation error was raised: [Invalid BindGroupLayout (unlabeled)] is invalid.
 - While validating [BindGroupDescriptor ""Conv2DMatMul""] against [Invalid BindGroupLayout (unlabeled)]
 - While calling [Device].CreateBindGroup([BindGroupDescriptor ""Conv2DMatMul""]).

[17.8s] error: An uncaught WebGPU validation error was raised: [Invalid ComputePipeline "Add"] is invalid.
 - While Validating GetBindGroupLayout (0) on [Invalid ComputePipeline "Add"]

[17.8s] error: An uncaught WebGPU validation error was raised: [Invalid BindGroupLayout (unlabeled)] is invalid.
 - While validating [BindGroupDescriptor ""Add""] against [Invalid BindGroupLayout (unlabeled)]
 - While calling [Device].CreateBindGroup([BindGroupDescriptor ""Add""]).

[17.8s] error: An uncaught WebGPU validation error was raised: [Invalid ComputePipeline "Relu"] is invalid.
 - While Validating GetBindGroupLayout (0) on [Invalid ComputePipeline "Relu"]

[17.8s] error: An uncaught WebGPU validation error was raised: [Invalid BindGroupLayout (unlabeled)] is invalid.
 - While validating [BindGroupDescriptor ""Relu""] against [Invalid BindGroupLayout (unlabeled)]
 - While calling [Device].CreateBindGroup([BindGroupDescriptor ""Relu""]).

[17.8s] error: An uncaught WebGPU validation error was raised: [Invalid ComputePipeline "Conv2DMatMul"] is invalid.
 - While Validating GetBindGroupLayout (0) on [Invalid ComputePipeline "Conv2DMatMul"]

[17.8s] error: An uncaught WebGPU validation error was raised: [Invalid BindGroupLayout (unlabeled)] is invalid.
 - While validating [BindGroupDescriptor ""Conv2DMatMul""] against [Invalid BindGroupLayout (unlabeled)]
 - While calling [Device].CreateBindGroup([BindGroupDescriptor ""Conv2DMatMul""]).

[17.8s] error: An uncaught WebGPU validation error was raised: [Invalid ComputePipeline "Conv2DMatMul"] is invalid.
 - While Validating GetBindGroupLayout (0) on [Invalid ComputePipeline "Conv2DMatMul"]

[17.8s] error: An uncaught WebGPU validation error was raised: [Invalid BindGroupLayout (unlabeled)] is invalid.
 - While validating [BindGroupDescriptor ""Conv2DMatMul""] against [Invalid BindGroupLayout (unlabeled)]
 - While calling [Device].CreateBindGroup([BindGroupDescriptor ""Conv2DMatMul""]).

[17.9s] error: An uncaught WebGPU validation error was raised: [Invalid ComputePipeline "Add"] is invalid.
 - While Validating GetBindGroupLayout (0) on [Invalid ComputePipeline "Add"]

[17.9s] error: An uncaught WebGPU validation error was raised: [Invalid BindGroupLayout (unlabeled)] is invalid.
 - While validating [BindGroupDescriptor ""Add""] against [Invalid BindGroupLayout (unlabeled)]
 - While calling [Device].CreateBindGroup([BindGroupDescriptor ""Add""]).

[17.9s] error: An uncaught WebGPU validation error was raised: [Invalid ComputePipeline "Relu"] is invalid.
 - While Validating GetBindGroupLayout (0) on [Invalid ComputePipeline "Relu"]

[17.9s] error: An uncaught WebGPU validation error was raised: [Invalid BindGroupLayout (unlabeled)] is invalid.
 - While validating [BindGroupDescriptor ""Relu""] against [Invalid BindGroupLayout (unlabeled)]
 - While calling [Device].CreateBindGroup([BindGroupDescriptor ""Relu""]).

[17.9s] error: An uncaught WebGPU validation error was raised: [Invalid ComputePipeline "Transpose"] is invalid.
 - While Validating GetBindGroupLayout (0) on [Invalid ComputePipeline "Transpose"]

[17.9s] error: An uncaught WebGPU validation error was raised: [Invalid BindGroupLayout (unlabeled)] is invalid.
 - While validating [BindGroupDescriptor ""Transpose""] against [Invalid BindGroupLayout (unlabeled)]
 - While calling [Device].CreateBindGroup([BindGroupDescriptor ""Transpose""]).

[17.9s] error: An uncaught WebGPU validation error was raised: [Invalid ComputePipeline "Conv2DMatMul"] is invalid.
 - While Validating GetBindGroupLayout (0) on [Invalid ComputePipeline "Conv2DMatMul"]

[17.9s] error: An uncaught WebGPU validation error was raised: [Invalid BindGroupLayout (unlabeled)] is invalid.
 - While validating [BindGroupDescriptor ""Conv2DMatMul""] against [Invalid BindGroupLayout (unlabeled)]
 - While calling [Device].CreateBindGroup([BindGroupDescriptor ""Conv2DMatMul""]).

[17.9s] error: An uncaught WebGPU validation error was raised: [Invalid ComputePipeline "Sub"] is invalid.
 - While encoding [ComputePassEncoder (unlabeled)].SetPipeline([Invalid ComputePipeline "Sub"]).
 - While finishing [CommandEncoder (unlabeled)].

[17.9s] error: An uncaught WebGPU validation error was raised: [Invalid CommandBuffer] is invalid.
 - While calling [Queue].Submit([[Invalid CommandBuffer]])

[17.9s] error: An uncaught WebGPU validation error was raised: [Invalid ComputePipeline "Conv2DMatMul"] is invalid.
 - While Validating GetBindGroupLayout (0) on [Invalid ComputePipeline "Conv2DMatMul"]

[17.9s] error: An uncaught WebGPU validation error was raised: [Invalid BindGroupLayout (unlabeled)] is invalid.
 - While validating [BindGroupDescriptor ""Conv2DMatMul""] against [Invalid BindGroupLayout (unlabeled)]
 - While calling [Device].CreateBindGroup([BindGroupDescriptor ""Conv2DMatMul""]).

[17.9s] error: An uncaught WebGPU validation error was raised: [Invalid ComputePipeline "Conv2DMatMul"] is invalid.
 - While Validating GetBindGroupLayout (0) on [Invalid ComputePipeline "Conv2DMatMul"]

[17.9s] error: An uncaught WebGPU validation error was raised: [Invalid BindGroupLayout (unlabeled)] is invalid.
 - While validating [BindGroupDescriptor ""Conv2DMatMul""] against [Invalid BindGroupLayout (unlabeled)]
 - While calling [Device].CreateBindGroup([BindGroupDescriptor ""Conv2DMatMul""]).

[17.9s] error: An uncaught WebGPU validation error was raised: [Invalid ComputePipeline "Add"] is invalid.
 - While Validating GetBindGroupLayout (0) on [Invalid ComputePipeline "Add"]

[17.9s] error: An uncaught WebGPU validation error was raised: [Invalid BindGroupLayout (unlabeled)] is invalid.
 - While validating [BindGroupDescriptor ""Add""] against [Invalid BindGroupLayout (unlabeled)]
 - While calling [Device].CreateBindGroup([BindGroupDescriptor ""Add""]).

[17.9s] error: An uncaught WebGPU validation error was raised: [Invalid ComputePipeline "Relu"] is invalid.
 - While Validating GetBindGroupLayout (0) on [Invalid ComputePipeline "Relu"]

[17.9s] error: An uncaught WebGPU validation error was raised: [Invalid BindGroupLayout (unlabeled)] is invalid.
 - While validating [BindGroupDescriptor ""Relu""] against [Invalid BindGroupLayout (unlabeled)]
 - While calling [Device].CreateBindGroup([BindGroupDescriptor ""Relu""]).

[17.9s] error: An uncaught WebGPU validation error was raised: [Invalid ComputePipeline "Conv2DMatMul"] is invalid.
 - While Validating GetBindGroupLayout (0) on [Invalid ComputePipeline "Conv2DMatMul"]

[17.9s] error: An uncaught WebGPU validation error was raised: [Invalid BindGroupLayout (unlabeled)] is invalid.
 - While validating [BindGroupDescriptor ""Conv2DMatMul""] against [Invalid BindGroupLayout (unlabeled)]
 - While calling [Device].CreateBindGroup([BindGroupDescriptor ""Conv2DMatMul""]).

[17.9s] error: An uncaught WebGPU validation error was raised: [Invalid ComputePipeline "Conv2DMatMul"] is invalid.
 - While Validating GetBindGroupLayout (0) on [Invalid ComputePipeline "Conv2DMatMul"]

[17.9s] error: An uncaught WebGPU validation error was raised: [Invalid BindGroupLayout (unlabeled)] is invalid.
 - While validating [BindGroupDescriptor ""Conv2DMatMul""] against [Invalid BindGroupLayout (unlabeled)]
 - While calling [Device].CreateBindGroup([BindGroupDescriptor ""Conv2DMatMul""]).

[17.9s] error: An uncaught WebGPU validation error was raised: [Invalid ComputePipeline "Add"] is invalid.
 - While Validating GetBindGroupLayout (0) on [Invalid ComputePipeline "Add"]

[17.9s] error: An uncaught WebGPU validation error was raised: [Invalid BindGroupLayout (unlabeled)] is invalid.
 - While validating [BindGroupDescriptor ""Add""] against [Invalid BindGroupLayout (unlabeled)]
 - While calling [Device].CreateBindGroup([BindGroupDescriptor ""Add""]).

[17.9s] error: An uncaught WebGPU validation error was raised: [Invalid ComputePipeline "Relu"] is invalid.
 - While Validating GetBindGroupLayout (0) on [Invalid ComputePipeline "Relu"]

[17.9s] error: An uncaught WebGPU validation error was raised: [Invalid BindGroupLayout (unlabeled)] is invalid.
 - While validating [BindGroupDescriptor ""Relu""] against [Invalid BindGroupLayout (unlabeled)]
 - While calling [Device].CreateBindGroup([BindGroupDescriptor ""Relu""]).

[17.9s] error: An uncaught WebGPU validation error was raised: [Invalid ComputePipeline "Transpose"] is invalid.
 - While Validating GetBindGroupLayout (0) on [Invalid ComputePipeline "Transpose"]

[17.9s] error: An uncaught WebGPU validation error was raised: [Invalid BindGroupLayout (unlabeled)] is invalid.
 - While validating [BindGroupDescriptor ""Transpose""] against [Invalid BindGroupLayout (unlabeled)]
 - While calling [Device].CreateBindGroup([BindGroupDescriptor ""Transpose""]).

[17.9s] error: An uncaught WebGPU validation error was raised: [Invalid ComputePipeline "Conv2DMatMul"] is invalid.
 - While Validating GetBindGroupLayout (0) on [Invalid ComputePipeline "Conv2DMatMul"]

[17.9s] error: An uncaught WebGPU validation error was raised: [Invalid BindGroupLayout (unlabeled)] is invalid.
 - While validating [BindGroupDescriptor ""Conv2DMatMul""] against [Invalid BindGroupLayout (unlabeled)]
 - While calling [Device].CreateBindGroup([BindGroupDescriptor ""Conv2DMatMul""]).

[17.9s] error: An uncaught WebGPU validation error was raised: [Invalid ComputePipeline "Conv2DMatMul"] is invalid.
 - While Validating GetBindGroupLayout (0) on [Invalid ComputePipeline "Conv2DMatMul"]

[17.9s] error: An uncaught WebGPU validation error was raised: [Invalid BindGroupLayout (unlabeled)] is invalid.
 - While validating [BindGroupDescriptor ""Conv2DMatMul""] against [Invalid BindGroupLayout (unlabeled)]
 - While calling [Device].CreateBindGroup([BindGroupDescriptor ""Conv2DMatMul""]).

[17.9s] error: An uncaught WebGPU validation error was raised: [Invalid ComputePipeline "Conv2DMatMul"] is invalid.
 - While Validating GetBindGroupLayout (0) on [Invalid ComputePipeline "Conv2DMatMul"]

[17.9s] error: An uncaught WebGPU validation error was raised: [Invalid BindGroupLayout (unlabeled)] is invalid.
 - While validating [BindGroupDescriptor ""Conv2DMatMul""] against [Invalid BindGroupLayout (unlabeled)]
 - While calling [Device].CreateBindGroup([BindGroupDescriptor ""Conv2DMatMul""]).

[17.9s] error: An uncaught WebGPU validation error was raised: [Invalid ComputePipeline "Add"] is invalid.
 - While Validating GetBindGroupLayout (0) on [Invalid ComputePipeline "Add"]

[17.9s] error: An uncaught WebGPU validation error was raised: [Invalid BindGroupLayout (unlabeled)] is invalid.
 - While validating [BindGroupDescriptor ""Add""] against [Invalid BindGroupLayout (unlabeled)]
 - While calling [Device].CreateBindGroup([BindGroupDescriptor ""Add""]).

[17.9s] error: An uncaught WebGPU validation error was raised: [Invalid ComputePipeline "Relu"] is invalid.
 - While Validating GetBindGroupLayout (0) on [Invalid ComputePipeline "Relu"]

[17.9s] error: An uncaught WebGPU validation error was raised: [Invalid BindGroupLayout (unlabeled)] is invalid.
 - While validating [BindGroupDescriptor ""Relu""] against [Invalid BindGroupLayout (unlabeled)]
 - While calling [Device].CreateBindGroup([BindGroupDescriptor ""Relu""]).

[17.9s] error: An uncaught WebGPU validation error was raised: [Invalid ComputePipeline "Conv2DMatMul"] is invalid.
 - While Validating GetBindGroupLayout (0) on [Invalid ComputePipeline "Conv2DMatMul"]

[17.9s] error: An uncaught WebGPU validation error was raised: [Invalid BindGroupLayout (unlabeled)] is invalid.
 - While validating [BindGroupDescriptor ""Conv2DMatMul""] against [Invalid BindGroupLayout (unlabeled)]
 - While calling [Device].CreateBindGroup([BindGroupDescriptor ""Conv2DMatMul""]).

[17.9s] error: An uncaught WebGPU validation error was raised: [Invalid ComputePipeline "Conv2DMatMul"] is invalid.
 - While Validating GetBindGroupLayout (0) on [Invalid ComputePipeline "Conv2DMatMul"]

[17.9s] error: An uncaught WebGPU validation error was raised: [Invalid BindGroupLayout (unlabeled)] is invalid.
 - While validating [BindGroupDescriptor ""Conv2DMatMul""] against [Invalid BindGroupLayout (unlabeled)]
 - While calling [Device].CreateBindGroup([BindGroupDescriptor ""Conv2DMatMul""]).

[17.9s] error: An uncaught WebGPU validation error was raised: [Invalid ComputePipeline "Conv2DMatMul"] is invalid.
 - While encoding [ComputePassEncoder (unlabeled)].SetPipeline([Invalid ComputePipeline "Conv2DMatMul"]).
 - While finishing [CommandEncoder (unlabeled)].

[17.9s] error: An uncaught WebGPU validation error was raised: [Invalid CommandBuffer] is invalid.
 - While calling [Queue].Submit([[Invalid CommandBuffer]])

[17.9s] error: An uncaught WebGPU validation error was raised: [Invalid ComputePipeline "Add"] is invalid.
 - While Validating GetBindGroupLayout (0) on [Invalid ComputePipeline "Add"]

[17.9s] error: An uncaught WebGPU validation error was raised: [Invalid BindGroupLayout (unlabeled)] is invalid.
 - While validating [BindGroupDescriptor ""Add""] against [Invalid BindGroupLayout (unlabeled)]
 - While calling [Device].CreateBindGroup([BindGroupDescriptor ""Add""]).

[17.9s] error: An uncaught WebGPU validation error was raised: [Invalid ComputePipeline "Relu"] is invalid.
 - While Validating GetBindGroupLayout (0) on [Invalid ComputePipeline "Relu"]

[17.9s] error: An uncaught WebGPU validation error was raised: [Invalid BindGroupLayout (unlabeled)] is invalid.
 - While validating [BindGroupDescriptor ""Relu""] against [Invalid BindGroupLayout (unlabeled)]
 - While calling [Device].CreateBindGroup([BindGroupDescriptor ""Relu""]).

[17.9s] error: An uncaught WebGPU validation error was raised: [Invalid ComputePipeline "Transpose"] is invalid.
 - While Validating GetBindGroupLayout (0) on [Invalid ComputePipeline "Transpose"]

[17.9s] error: An uncaught WebGPU validation error was raised: [Invalid BindGroupLayout (unlabeled)] is invalid.
 - While validating [BindGroupDescriptor ""Transpose""] against [Invalid BindGroupLayout (unlabeled)]
 - While calling [Device].CreateBindGroup([BindGroupDescriptor ""Transpose""]).

[17.9s] error: An uncaught WebGPU validation error was raised: [Invalid ComputePipeline "Conv2DMatMul"] is invalid.
 - While Validating GetBindGroupLayout (0) on [Invalid ComputePipeline "Conv2DMatMul"]

[17.9s] error: An uncaught WebGPU validation error was raised: [Invalid BindGroupLayout (unlabeled)] is invalid.
 - While validating [BindGroupDescriptor ""Conv2DMatMul""] against [Invalid BindGroupLayout (unlabeled)]
 - While calling [Device].CreateBindGroup([BindGroupDescriptor ""Conv2DMatMul""]).

[17.9s] error: An uncaught WebGPU validation error was raised: [Invalid ComputePipeline "Conv2DMatMul"] is invalid.
 - While Validating GetBindGroupLayout (0) on [Invalid ComputePipeline "Conv2DMatMul"]

[17.9s] error: An uncaught WebGPU validation error was raised: [Invalid BindGroupLayout (unlabeled)] is invalid.
 - While validating [BindGroupDescriptor ""Conv2DMatMul""] against [Invalid BindGroupLayout (unlabeled)]
 - While calling [Device].CreateBindGroup([BindGroupDescriptor ""Conv2DMatMul""]).

[17.9s] error: An uncaught WebGPU validation error was raised: [Invalid ComputePipeline "Conv2DMatMul"] is invalid.
 - While Validating GetBindGroupLayout (0) on [Invalid ComputePipeline "Conv2DMatMul"]

[17.9s] error: An uncaught WebGPU validation error was raised: [Invalid BindGroupLayout (unlabeled)] is invalid.
 - While validating [BindGroupDescriptor ""Conv2DMatMul""] against [Invalid BindGroupLayout (unlabeled)]
 - While calling [Device].CreateBindGroup([BindGroupDescriptor ""Conv2DMatMul""]).

[17.9s] error: An uncaught WebGPU validation error was raised: [Invalid ComputePipeline "Add"] is invalid.
 - While Validating GetBindGroupLayout (0) on [Invalid ComputePipeline "Add"]

[17.9s] error: An uncaught WebGPU validation error was raised: [Invalid BindGroupLayout (unlabeled)] is invalid.
 - While validating [BindGroupDescriptor ""Add""] against [Invalid BindGroupLayout (unlabeled)]
 - While calling [Device].CreateBindGroup([BindGroupDescriptor ""Add""]).

[17.9s] error: An uncaught WebGPU validation error was raised: [Invalid ComputePipeline "Relu"] is invalid.
 - While Validating GetBindGroupLayout (0) on [Invalid ComputePipeline "Relu"]

[17.9s] error: An uncaught WebGPU validation error was raised: [Invalid BindGroupLayout (unlabeled)] is invalid.
 - While validating [BindGroupDescriptor ""Relu""] against [Invalid BindGroupLayout (unlabeled)]
 - While calling [Device].CreateBindGroup([BindGroupDescriptor ""Relu""]).

[17.9s] error: An uncaught WebGPU validation error was raised: [Invalid ComputePipeline "Conv2DMatMul"] is invalid.
 - While Validating GetBindGroupLayout (0) on [Invalid ComputePipeline "Conv2DMatMul"]

[17.9s] error: An uncaught WebGPU validation error was raised: [Invalid BindGroupLayout (unlabeled)] is invalid.
 - While validating [BindGroupDescriptor ""Conv2DMatMul""] against [Invalid BindGroupLayout (unlabeled)]
 - While calling [Device].CreateBindGroup([BindGroupDescriptor ""Conv2DMatMul""]).

[17.9s] error: An uncaught WebGPU validation error was raised: [Invalid ComputePipeline "Conv2DMatMul"] is invalid.
 - While Validating GetBindGroupLayout (0) on [Invalid ComputePipeline "Conv2DMatMul"]

[17.9s] error: An uncaught WebGPU validation error was raised: [Invalid BindGroupLayout (unlabeled)] is invalid.
 - While validating [BindGroupDescriptor ""Conv2DMatMul""] against [Invalid BindGroupLayout (unlabeled)]
 - While calling [Device].CreateBindGroup([BindGroupDescriptor ""Conv2DMatMul""]).

[17.9s] error: An uncaught WebGPU validation error was raised: [Invalid ComputePipeline "Add"] is invalid.
 - While Validating GetBindGroupLayout (0) on [Invalid ComputePipeline "Add"]

[17.9s] error: An uncaught WebGPU validation error was raised: [Invalid BindGroupLayout (unlabeled)] is invalid.
 - While validating [BindGroupDescriptor ""Add""] against [Invalid BindGroupLayout (unlabeled)]
 - While calling [Device].CreateBindGroup([BindGroupDescriptor ""Add""]).

[17.9s] error: An uncaught WebGPU validation error was raised: [Invalid ComputePipeline "Relu"] is invalid.
 - While Validating GetBindGroupLayout (0) on [Invalid ComputePipeline "Relu"]

[17.9s] error: An uncaught WebGPU validation error was raised: [Invalid BindGroupLayout (unlabeled)] is invalid.
 - While validating [BindGroupDescriptor ""Relu""] against [Invalid BindGroupLayout (unlabeled)]
 - While calling [Device].CreateBindGroup([BindGroupDescriptor ""Relu""]).

[17.9s] error: An uncaught WebGPU validation error was raised: [Invalid ComputePipeline "Cast"] is invalid.
 - While Validating GetBindGroupLayout (0) on [Invalid ComputePipeline "Cast"]

[17.9s] error: An uncaught WebGPU validation error was raised: [Invalid BindGroupLayout (unlabeled)] is invalid.
 - While validating [BindGroupDescriptor ""Cast""] against [Invalid BindGroupLayout (unlabeled)]
 - While calling [Device].CreateBindGroup([BindGroupDescriptor ""Cast""]).

[17.9s] error: An uncaught WebGPU validation error was raised: [Invalid ComputePipeline "Cast"] is invalid.
 - While Validating GetBindGroupLayout (0) on [Invalid ComputePipeline "Cast"]

[17.9s] error: An uncaught WebGPU validation error was raised: [Invalid BindGroupLayout (unlabeled)] is invalid.
 - While validating [BindGroupDescriptor ""Cast""] against [Invalid BindGroupLayout (unlabeled)]
 - While calling [Device].CreateBindGroup([BindGroupDescriptor ""Cast""]).

[17.9s] error: An uncaught WebGPU validation error was raised: [Invalid ComputePipeline "Add"] is invalid.
 - While encoding [ComputePassEncoder (unlabeled)].SetPipeline([Invalid ComputePipeline "Add"]).
 - While finishing [CommandEncoder (unlabeled)].

[17.9s] error: An uncaught WebGPU validation error was raised: [Invalid CommandBuffer] is invalid.
 - While calling [Queue].Submit([[Invalid CommandBuffer]])

[17.9s] error: An uncaught WebGPU validation error was raised: [Invalid ComputePipeline "Concat"] is invalid.
 - While Validating GetBindGroupLayout (0) on [Invalid ComputePipeline "Concat"]

[17.9s] error: An uncaught WebGPU validation error was raised: [Invalid BindGroupLayout (unlabeled)] is invalid.
 - While validating [BindGroupDescriptor ""Concat""] against [Invalid BindGroupLayout (unlabeled)]
 - While calling [Device].CreateBindGroup([BindGroupDescriptor ""Concat""]).

[17.9s] error: An uncaught WebGPU validation error was raised: [Invalid ComputePipeline "Transpose"] is invalid.
 - While Validating GetBindGroupLayout (0) on [Invalid ComputePipeline "Transpose"]

[17.9s] error: An uncaught WebGPU validation error was raised: [Invalid BindGroupLayout (unlabeled)] is invalid.
 - While validating [BindGroupDescriptor ""Transpose""] against [Invalid BindGroupLayout (unlabeled)]
 - While calling [Device].CreateBindGroup([BindGroupDescriptor ""Transpose""]).

[17.9s] error: An uncaught WebGPU validation error was raised: [Invalid ComputePipeline "Conv2DMatMul"] is invalid.
 - While Validating GetBindGroupLayout (0) on [Invalid ComputePipeline "Conv2DMatMul"]

[17.9s] error: An uncaught WebGPU validation error was raised: [Invalid BindGroupLayout (unlabeled)] is invalid.
 - While validating [BindGroupDescriptor ""Conv2DMatMul""] against [Invalid BindGroupLayout (unlabeled)]
 - While calling [Device].CreateBindGroup([BindGroupDescriptor ""Conv2DMatMul""]).

[17.9s] error: An uncaught WebGPU validation error was raised: [Invalid ComputePipeline "Conv2DMatMul"] is invalid.
 - While Validating GetBindGroupLayout (0) on [Invalid ComputePipeline "Conv2DMatMul"]

[17.9s] error: An uncaught WebGPU validation error was raised: [Invalid BindGroupLayout (unlabeled)] is invalid.
 - While validating [BindGroupDescriptor ""Conv2DMatMul""] against [Invalid BindGroupLayout (unlabeled)]
 - While calling [Device].CreateBindGroup([BindGroupDescriptor ""Conv2DMatMul""]).

[17.9s] error: An uncaught WebGPU validation error was raised: [Invalid ComputePipeline "Cast"] is invalid.
 - While Validating GetBindGroupLayout (0) on [Invalid ComputePipeline "Cast"]

[17.9s] error: An uncaught WebGPU validation error was raised: [Invalid BindGroupLayout (unlabeled)] is invalid.
 - While validating [BindGroupDescriptor ""Cast""] against [Invalid BindGroupLayout (unlabeled)]
 - While calling [Device].CreateBindGroup([BindGroupDescriptor ""Cast""]).

[17.9s] error: An uncaught WebGPU validation error was raised: [Invalid ComputePipeline "Cast"] is invalid.
 - While Validating GetBindGroupLayout (0) on [Invalid ComputePipeline "Cast"]

[17.9s] error: An uncaught WebGPU validation error was raised: [Invalid BindGroupLayout (unlabeled)] is invalid.
 - While validating [BindGroupDescriptor ""Cast""] against [Invalid BindGroupLayout (unlabeled)]
 - While calling [Device].CreateBindGroup([BindGroupDescriptor ""Cast""]).

[17.9s] error: An uncaught WebGPU validation error was raised: [Invalid ComputePipeline "Concat"] is invalid.
 - While Validating GetBindGroupLayout (0) on [Invalid ComputePipeline "Concat"]

[17.9s] error: An uncaught WebGPU validation error was raised: [Invalid BindGroupLayout (unlabeled)] is invalid.
 - While validating [BindGroupDescriptor ""Concat""] against [Invalid BindGroupLayout (unlabeled)]
 - While calling [Device].CreateBindGroup([BindGroupDescriptor ""Concat""]).

[17.9s] error: An uncaught WebGPU validation error was raised: [Invalid ComputePipeline "Transpose"] is invalid.
 - While Validating GetBindGroupLayout (0) on [Invalid ComputePipeline "Transpose"]

[17.9s] error: An uncaught WebGPU validation error was raised: [Invalid BindGroupLayout (unlabeled)] is invalid.
 - While validating [BindGroupDescriptor ""Transpose""] against [Invalid BindGroupLayout (unlabeled)]
 - While calling [Device].CreateBindGroup([BindGroupDescriptor ""Transpose""]).

[17.9s] error: An uncaught WebGPU validation error was raised: [Invalid ComputePipeline "Conv2DMatMul"] is invalid.
 - While Validating GetBindGroupLayout (0) on [Invalid ComputePipeline "Conv2DMatMul"]

[17.9s] error: An uncaught WebGPU validation error was raised: [Invalid BindGroupLayout (unlabeled)] is invalid.
 - While validating [BindGroupDescriptor ""Conv2DMatMul""] against [Invalid BindGroupLayout (unlabeled)]
 - While calling [Device].CreateBindGroup([BindGroupDescriptor ""Conv2DMatMul""]).

[17.9s] error: An uncaught WebGPU validation error was raised: [Invalid ComputePipeline "Conv2DMatMul"] is invalid.
 - While Validating GetBindGroupLayout (0) on [Invalid ComputePipeline "Conv2DMatMul"]

[17.9s] error: An uncaught WebGPU validation error was raised: [Invalid BindGroupLayout (unlabeled)] is invalid.
 - While validating [BindGroupDescriptor ""Conv2DMatMul""] against [Invalid BindGroupLayout (unlabeled)]
 - While calling [Device].CreateBindGroup([BindGroupDescriptor ""Conv2DMatMul""]).

[17.9s] error: An uncaught WebGPU validation error was raised: [Invalid ComputePipeline "Cast"] is invalid.
 - While Validating GetBindGroupLayout (0) on [Invalid ComputePipeline "Cast"]

[17.9s] error: An uncaught WebGPU validation error was raised: [Invalid BindGroupLayout (unlabeled)] is invalid.
 - While validating [BindGroupDescriptor ""Cast""] against [Invalid BindGroupLayout (unlabeled)]
 - While calling [Device].CreateBindGroup([BindGroupDescriptor ""Cast""]).

[17.9s] error: An uncaught WebGPU validation error was raised: [Invalid ComputePipeline "Cast"] is invalid.
 - While Validating GetBindGroupLayout (0) on [Invalid ComputePipeline "Cast"]

[17.9s] error: An uncaught WebGPU validation error was raised: [Invalid BindGroupLayout (unlabeled)] is invalid.
 - While validating [BindGroupDescriptor ""Cast""] against [Invalid BindGroupLayout (unlabeled)]
 - While calling [Device].CreateBindGroup([BindGroupDescriptor ""Cast""]).

[17.9s] error: An uncaught WebGPU validation error was raised: [Invalid ComputePipeline "Concat"] is invalid.
 - While encoding [ComputePassEncoder (unlabeled)].SetPipeline([Invalid ComputePipeline "Concat"]).
 - While finishing [CommandEncoder (unlabeled)].

[17.9s] error: An uncaught WebGPU validation error was raised: [Invalid CommandBuffer] is invalid.
 - While calling [Queue].Submit([[Invalid CommandBuffer]])

[17.9s] error: An uncaught WebGPU validation error was raised: [Invalid ComputePipeline "Concat"] is invalid.
 - While Validating GetBindGroupLayout (0) on [Invalid ComputePipeline "Concat"]

[17.9s] error: An uncaught WebGPU validation error was raised: [Invalid BindGroupLayout (unlabeled)] is invalid.
 - While validating [BindGroupDescriptor ""Concat""] against [Invalid BindGroupLayout (unlabeled)]
 - While calling [Device].CreateBindGroup([BindGroupDescriptor ""Concat""]).

[17.9s] error: An uncaught WebGPU validation error was raised: [Invalid ComputePipeline "Transpose"] is invalid.
 - While Validating GetBindGroupLayout (0) on [Invalid ComputePipeline "Transpose"]

[17.9s] error: An uncaught WebGPU validation error was raised: [Invalid BindGroupLayout (unlabeled)] is invalid.
 - While validating [BindGroupDescriptor ""Transpose""] against [Invalid BindGroupLayout (unlabeled)]
 - While calling [Device].CreateBindGroup([BindGroupDescriptor ""Transpose""]).

[17.9s] error: An uncaught WebGPU validation error was raised: [Invalid ComputePipeline "Conv2DMatMul"] is invalid.
 - While Validating GetBindGroupLayout (0) on [Invalid ComputePipeline "Conv2DMatMul"]

[17.9s] error: An uncaught WebGPU validation error was raised: [Invalid BindGroupLayout (unlabeled)] is invalid.
 - While validating [BindGroupDescriptor ""Conv2DMatMul""] against [Invalid BindGroupLayout (unlabeled)]
 - While calling [Device].CreateBindGroup([BindGroupDescriptor ""Conv2DMatMul""]).

[17.9s] error: An uncaught WebGPU validation error was raised: [Invalid ComputePipeline "Conv2DMatMul"] is invalid.
 - While Validating GetBindGroupLayout (0) on [Invalid ComputePipeline "Conv2DMatMul"]

[17.9s] error: An uncaught WebGPU validation error was raised: [Invalid BindGroupLayout (unlabeled)] is invalid.
 - While validating [BindGroupDescriptor ""Conv2DMatMul""] against [Invalid BindGroupLayout (unlabeled)]
 - While calling [Device].CreateBindGroup([BindGroupDescriptor ""Conv2DMatMul""]).

[17.9s] error: An uncaught WebGPU validation error was raised: [Invalid ComputePipeline "Cast"] is invalid.
 - While Validating GetBindGroupLayout (0) on [Invalid ComputePipeline "Cast"]

[17.9s] error: An uncaught WebGPU validation error was raised: [Invalid BindGroupLayout (unlabeled)] is invalid.
 - While validating [BindGroupDescriptor ""Cast""] against [Invalid BindGroupLayout (unlabeled)]
 - While calling [Device].CreateBindGroup([BindGroupDescriptor ""Cast""]).

[17.9s] error: An uncaught WebGPU validation error was raised: [Invalid ComputePipeline "Cast"] is invalid.
 - While Validating GetBindGroupLayout (0) on [Invalid ComputePipeline "Cast"]

[17.9s] error: An uncaught WebGPU validation error was raised: [Invalid BindGroupLayout (unlabeled)] is invalid.
 - While validating [BindGroupDescriptor ""Cast""] against [Invalid BindGroupLayout (unlabeled)]
 - While calling [Device].CreateBindGroup([BindGroupDescriptor ""Cast""]).

[17.9s] error: An uncaught WebGPU validation error was raised: [Invalid ComputePipeline "Concat"] is invalid.
 - While Validating GetBindGroupLayout (0) on [Invalid ComputePipeline "Concat"]

[17.9s] error: An uncaught WebGPU validation error was raised: [Invalid BindGroupLayout (unlabeled)] is invalid.
 - While validating [BindGroupDescriptor ""Concat""] against [Invalid BindGroupLayout (unlabeled)]
 - While calling [Device].CreateBindGroup([BindGroupDescriptor ""Concat""]).

[17.9s] error: An uncaught WebGPU validation error was raised: [Invalid ComputePipeline "Transpose"] is invalid.
 - While Validating GetBindGroupLayout (0) on [Invalid ComputePipeline "Transpose"]

[17.9s] error: An uncaught WebGPU validation error was raised: [Invalid BindGroupLayout (unlabeled)] is invalid.
 - While validating [BindGroupDescriptor ""Transpose""] against [Invalid BindGroupLayout (unlabeled)]
 - While calling [Device].CreateBindGroup([BindGroupDescriptor ""Transpose""]).

[17.9s] error: An uncaught WebGPU validation error was raised: [Invalid ComputePipeline "Conv2DMatMul"] is invalid.
 - While Validating GetBindGroupLayout (0) on [Invalid ComputePipeline "Conv2DMatMul"]

[17.9s] error: An uncaught WebGPU validation error was raised: [Invalid BindGroupLayout (unlabeled)] is invalid.
 - While validating [BindGroupDescriptor ""Conv2DMatMul""] against [Invalid BindGroupLayout (unlabeled)]
 - While calling [Device].CreateBindGroup([BindGroupDescriptor ""Conv2DMatMul""]).

[17.9s] error: An uncaught WebGPU validation error was raised: [Invalid ComputePipeline "Conv2DMatMul"] is invalid.
 - While Validating GetBindGroupLayout (0) on [Invalid ComputePipeline "Conv2DMatMul"]

[17.9s] error: An uncaught WebGPU validation error was raised: [Invalid BindGroupLayout (unlabeled)] is invalid.
 - While validating [BindGroupDescriptor ""Conv2DMatMul""] against [Invalid BindGroupLayout (unlabeled)]
 - While calling [Device].CreateBindGroup([BindGroupDescriptor ""Conv2DMatMul""]).

[17.9s] error: An uncaught WebGPU validation error was raised: [Invalid ComputePipeline "Cast"] is invalid.
 - While Validating GetBindGroupLayout (0) on [Invalid ComputePipeline "Cast"]

[17.9s] error: An uncaught WebGPU validation error was raised: [Invalid BindGroupLayout (unlabeled)] is invalid.
 - While validating [BindGroupDescriptor ""Cast""] against [Invalid BindGroupLayout (unlabeled)]
 - While calling [Device].CreateBindGroup([BindGroupDescriptor ""Cast""]).

[17.9s] error: An uncaught WebGPU validation error was raised: [Invalid ComputePipeline "Cast"] is invalid.
 - While Validating GetBindGroupLayout (0) on [Invalid ComputePipeline "Cast"]

[17.9s] error: An uncaught WebGPU validation error was raised: [Invalid BindGroupLayout (unlabeled)] is invalid.
 - While validating [BindGroupDescriptor ""Cast""] against [Invalid BindGroupLayout (unlabeled)]
 - While calling [Device].CreateBindGroup([BindGroupDescriptor ""Cast""]).

[17.9s] error: An uncaught WebGPU validation error was raised: [Invalid ComputePipeline "Concat"] is invalid.
 - While encoding [ComputePassEncoder (unlabeled)].SetPipeline([Invalid ComputePipeline "Concat"]).
 - While finishing [CommandEncoder (unlabeled)].

[17.9s] error: An uncaught WebGPU validation error was raised: [Invalid CommandBuffer] is invalid.
 - While calling [Queue].Submit([[Invalid CommandBuffer]])

[17.9s] error: An uncaught WebGPU validation error was raised: [Invalid ComputePipeline "Transpose"] is invalid.
 - While Validating GetBindGroupLayout (0) on [Invalid ComputePipeline "Transpose"]

[17.9s] error: An uncaught WebGPU validation error was raised: [Invalid BindGroupLayout (unlabeled)] is invalid.
 - While validating [BindGroupDescriptor ""Transpose""] against [Invalid BindGroupLayout (unlabeled)]
 - While calling [Device].CreateBindGroup([BindGroupDescriptor ""Transpose""]).

[17.9s] error: An uncaught WebGPU validation error was raised: [Invalid ComputePipeline "Conv2DMatMul"] is invalid.
 - While Validating GetBindGroupLayout (0) on [Invalid ComputePipeline "Conv2DMatMul"]

[17.9s] error: An uncaught WebGPU validation error was raised: [Invalid BindGroupLayout (unlabeled)] is invalid.
 - While validating [BindGroupDescriptor ""Conv2DMatMul""] against [Invalid BindGroupLayout (unlabeled)]
 - While calling [Device].CreateBindGroup([BindGroupDescriptor ""Conv2DMatMul""]).

[17.9s] error: An uncaught WebGPU validation error was raised: [Invalid ComputePipeline "Conv2DMatMul"] is invalid.
 - While Validating GetBindGroupLayout (0) on [Invalid ComputePipeline "Conv2DMatMul"]

[17.9s] error: An uncaught WebGPU validation error was raised: [Invalid BindGroupLayout (unlabeled)] is invalid.
 - While validating [BindGroupDescriptor ""Conv2DMatMul""] against [Invalid BindGroupLayout (unlabeled)]
 - While calling [Device].CreateBindGroup([BindGroupDescriptor ""Conv2DMatMul""]).

[17.9s] error: An uncaught WebGPU validation error was raised: [Invalid ComputePipeline "Conv2DMatMul"] is invalid.
 - While Validating GetBindGroupLayout (0) on [Invalid ComputePipeline "Conv2DMatMul"]

[17.9s] error: An uncaught WebGPU validation error was raised: [Invalid BindGroupLayout (unlabeled)] is invalid.
 - While validating [BindGroupDescriptor ""Conv2DMatMul""] against [Invalid BindGroupLayout (unlabeled)]
 - While calling [Device].CreateBindGroup([BindGroupDescriptor ""Conv2DMatMul""]).

[17.9s] error: An uncaught WebGPU validation error was raised: [Invalid ComputePipeline "Transpose"] is invalid.
 - While Validating GetBindGroupLayout (0) on [Invalid ComputePipeline "Transpose"]

[17.9s] error: An uncaught WebGPU validation error was raised: [Invalid BindGroupLayout (unlabeled)] is invalid.
 - While validating [BindGroupDescriptor ""Transpose""] against [Invalid BindGroupLayout (unlabeled)]
 - While calling [Device].CreateBindGroup([BindGroupDescriptor ""Transpose""]).

[17.9s] error: An uncaught WebGPU validation error was raised: [Invalid ComputePipeline "Transpose"] is invalid.
 - While encoding [ComputePassEncoder (unlabeled)].SetPipeline([Invalid ComputePipeline "Transpose"]).
 - While finishing [CommandEncoder (unlabeled)].

[17.9s] error: An uncaught WebGPU validation error was raised: [Invalid CommandBuffer] is invalid.
 - While calling [Queue].Submit([[Invalid CommandBuffer]])

[18.1s] error: An uncaught WebGPU validation error was raised: [Invalid ComputePipeline "Sub"] is invalid.
 - While Validating GetBindGroupLayout (0) on [Invalid ComputePipeline "Sub"]

[18.2s] error: An uncaught WebGPU validation error was raised: [Invalid BindGroupLayout (unlabeled)] is invalid.
 - While validating [BindGroupDescriptor ""Sub""] against [Invalid BindGroupLayout (unlabeled)]
 - While calling [Device].CreateBindGroup([BindGroupDescriptor ""Sub""]).

[18.2s] error: An uncaught WebGPU validation error was raised: [Invalid ComputePipeline "Div"] is invalid.
 - While Validating GetBindGroupLayout (0) on [Invalid ComputePipeline "Div"]

[18.2s] error: An uncaught WebGPU validation error was raised: [Invalid BindGroupLayout (unlabeled)] is invalid.
 - While validating [BindGroupDescriptor ""Div""] against [Invalid BindGroupLayout (unlabeled)]
 - While calling [Device].CreateBindGroup([BindGroupDescriptor ""Div""]).

[18.2s] error: An uncaught WebGPU validation error was raised: [Invalid ComputePipeline "Transpose"] is invalid.
 - While Validating GetBindGroupLayout (0) on [Invalid ComputePipeline "Transpose"]

[18.2s] error: An uncaught WebGPU validation error was raised: [Invalid BindGroupLayout (unlabeled)] is invalid.
 - While validating [BindGroupDescriptor ""Transpose""] against [Invalid BindGroupLayout (unlabeled)]
 - While calling [Device].CreateBindGroup([BindGroupDescriptor ""Transpose""]).

[18.2s] error: An uncaught WebGPU validation error was raised: [Invalid ComputePipeline "Conv2DMatMul"] is invalid.
 - While Validating GetBindGroupLayout (0) on [Invalid ComputePipeline "Conv2DMatMul"]

[18.2s] error: An uncaught WebGPU validation error was raised: [Invalid BindGroupLayout (unlabeled)] is invalid.
 - While validating [BindGroupDescriptor ""Conv2DMatMul""] against [Invalid BindGroupLayout (unlabeled)]
 - While calling [Device].CreateBindGroup([BindGroupDescriptor ""Conv2DMatMul""]).

[18.2s] error: An uncaught WebGPU validation error was raised: [Invalid ComputePipeline "Transpose"] is invalid.
 - While Validating GetBindGroupLayout (0) on [Invalid ComputePipeline "Transpose"]

[18.2s] error: An uncaught WebGPU validation error was raised: [Invalid BindGroupLayout (unlabeled)] is invalid.
 - While validating [BindGroupDescriptor ""Transpose""] against [Invalid BindGroupLayout (unlabeled)]
 - While calling [Device].CreateBindGroup([BindGroupDescriptor ""Transpose""]).

[18.2s] error: An uncaught WebGPU validation error was raised: [Invalid ComputePipeline "MaxPool"] is invalid.
 - While Validating GetBindGroupLayout (0) on [Invalid ComputePipeline "MaxPool"]

[18.2s] error: An uncaught WebGPU validation error was raised: [Invalid BindGroupLayout (unlabeled)] is invalid.
 - While validating [BindGroupDescriptor ""MaxPool""] against [Invalid BindGroupLayout (unlabeled)]
 - While calling [Device].CreateBindGroup([BindGroupDescriptor ""MaxPool""]).

[18.2s] error: An uncaught WebGPU validation error was raised: [Invalid ComputePipeline "Conv2DMatMul"] is invalid.
 - While Validating GetBindGroupLayout (0) on [Invalid ComputePipeline "Conv2DMatMul"]

[18.2s] error: An uncaught WebGPU validation error was raised: [Invalid BindGroupLayout (unlabeled)] is invalid.
 - While validating [BindGroupDescriptor ""Conv2DMatMul""] against [Invalid BindGroupLayout (unlabeled)]
 - While calling [Device].CreateBindGroup([BindGroupDescriptor ""Conv2DMatMul""]).

[18.2s] error: An uncaught WebGPU validation error was raised: [Invalid ComputePipeline "Conv2DMatMul"] is invalid.
 - While Validating GetBindGroupLayout (0) on [Invalid ComputePipeline "Conv2DMatMul"]

[18.2s] error: An uncaught WebGPU validation error was raised: [Invalid BindGroupLayout (unlabeled)] is invalid.
 - While validating [BindGroupDescriptor ""Conv2DMatMul""] against [Invalid BindGroupLayout (unlabeled)]
 - While calling [Device].CreateBindGroup([BindGroupDescriptor ""Conv2DMatMul""]).

[18.2s] error: An uncaught WebGPU validation error was raised: [Invalid ComputePipeline "Add"] is invalid.
 - While Validating GetBindGroupLayout (0) on [Invalid ComputePipeline "Add"]

[18.2s] error: An uncaught WebGPU validation error was raised: [Invalid BindGroupLayout (unlabeled)] is invalid.
 - While validating [BindGroupDescriptor ""Add""] against [Invalid BindGroupLayout (unlabeled)]
 - While calling [Device].CreateBindGroup([BindGroupDescriptor ""Add""]).

[18.2s] error: An uncaught WebGPU validation error was raised: [Invalid ComputePipeline "Relu"] is invalid.
 - While Validating GetBindGroupLayout (0) on [Invalid ComputePipeline "Relu"]

[18.2s] error: An uncaught WebGPU validation error was raised: [Invalid BindGroupLayout (unlabeled)] is invalid.
 - While validating [BindGroupDescriptor ""Relu""] against [Invalid BindGroupLayout (unlabeled)]
 - While calling [Device].CreateBindGroup([BindGroupDescriptor ""Relu""]).

[18.2s] error: An uncaught WebGPU validation error was raised: [Invalid ComputePipeline "Conv2DMatMul"] is invalid.
 - While Validating GetBindGroupLayout (0) on [Invalid ComputePipeline "Conv2DMatMul"]

[18.2s] error: An uncaught WebGPU validation error was raised: [Invalid BindGroupLayout (unlabeled)] is invalid.
 - While validating [BindGroupDescriptor ""Conv2DMatMul""] against [Invalid BindGroupLayout (unlabeled)]
 - While calling [Device].CreateBindGroup([BindGroupDescriptor ""Conv2DMatMul""]).

[18.2s] error: An uncaught WebGPU validation error was raised: [Invalid ComputePipeline "Conv2DMatMul"] is invalid.
 - While Validating GetBindGroupLayout (0) on [Invalid ComputePipeline "Conv2DMatMul"]

[18.2s] error: An uncaught WebGPU validation error was raised: [Invalid BindGroupLayout (unlabeled)] is invalid.
 - While validating [BindGroupDescriptor ""Conv2DMatMul""] against [Invalid BindGroupLayout (unlabeled)]
 - While calling [Device].CreateBindGroup([BindGroupDescriptor ""Conv2DMatMul""]).

[18.2s] error: An uncaught WebGPU validation error was raised: [Invalid ComputePipeline "Add"] is invalid.
 - While Validating GetBindGroupLayout (0) on [Invalid ComputePipeline "Add"]

[18.2s] error: An uncaught WebGPU validation error was raised: [Invalid BindGroupLayout (unlabeled)] is invalid.
 - While validating [BindGroupDescriptor ""Add""] against [Invalid BindGroupLayout (unlabeled)]
 - While calling [Device].CreateBindGroup([BindGroupDescriptor ""Add""]).

[18.2s] error: An uncaught WebGPU validation error was raised: [Invalid ComputePipeline "Relu"] is invalid.
 - While Validating GetBindGroupLayout (0) on [Invalid ComputePipeline "Relu"]

[18.2s] error: An uncaught WebGPU validation error was raised: [Invalid BindGroupLayout (unlabeled)] is invalid.
 - While validating [BindGroupDescriptor ""Relu""] against [Invalid BindGroupLayout (unlabeled)]
 - While calling [Device].CreateBindGroup([BindGroupDescriptor ""Relu""]).

[18.2s] error: An uncaught WebGPU validation error was raised: [Invalid ComputePipeline "Transpose"] is invalid.
 - While Validating GetBindGroupLayout (0) on [Invalid ComputePipeline "Transpose"]

[18.2s] error: An uncaught WebGPU validation error was raised: [Invalid BindGroupLayout (unlabeled)] is invalid.
 - While validating [BindGroupDescriptor ""Transpose""] against [Invalid BindGroupLayout (unlabeled)]
 - While calling [Device].CreateBindGroup([BindGroupDescriptor ""Transpose""]).

[18.2s] error: An uncaught WebGPU validation error was raised: [Invalid ComputePipeline "Conv2DMatMul"] is invalid.
 - While Validating GetBindGroupLayout (0) on [Invalid ComputePipeline "Conv2DMatMul"]

[18.2s] error: An uncaught WebGPU validation error was raised: [Invalid BindGroupLayout (unlabeled)] is invalid.
 - While validating [BindGroupDescriptor ""Conv2DMatMul""] against [Invalid BindGroupLayout (unlabeled)]
 - While calling [Device].CreateBindGroup([BindGroupDescriptor ""Conv2DMatMul""]).

[18.2s] error: An uncaught WebGPU validation error was raised: [Invalid ComputePipeline "Sub"] is invalid.
 - While encoding [ComputePassEncoder (unlabeled)].SetPipeline([Invalid ComputePipeline "Sub"]).
 - While finishing [CommandEncoder (unlabeled)].

[18.2s] error: An uncaught WebGPU validation error was raised: [Invalid CommandBuffer] is invalid.
 - While calling [Queue].Submit([[Invalid CommandBuffer]])

[18.2s] error: An uncaught WebGPU validation error was raised: [Invalid ComputePipeline "Conv2DMatMul"] is invalid.
 - While Validating GetBindGroupLayout (0) on [Invalid ComputePipeline "Conv2DMatMul"]

[18.2s] error: An uncaught WebGPU validation error was raised: [Invalid BindGroupLayout (unlabeled)] is invalid.
 - While validating [BindGroupDescriptor ""Conv2DMatMul""] against [Invalid BindGroupLayout (unlabeled)]
 - While calling [Device].CreateBindGroup([BindGroupDescriptor ""Conv2DMatMul""]).

[18.2s] error: An uncaught WebGPU validation error was raised: [Invalid ComputePipeline "Conv2DMatMul"] is invalid.
 - While Validating GetBindGroupLayout (0) on [Invalid ComputePipeline "Conv2DMatMul"]

[18.2s] error: An uncaught WebGPU validation error was raised: [Invalid BindGroupLayout (unlabeled)] is invalid.
 - While validating [BindGroupDescriptor ""Conv2DMatMul""] against [Invalid BindGroupLayout (unlabeled)]
 - While calling [Device].CreateBindGroup([BindGroupDescriptor ""Conv2DMatMul""]).

[18.2s] error: An uncaught WebGPU validation error was raised: [Invalid ComputePipeline "Add"] is invalid.
 - While Validating GetBindGroupLayout (0) on [Invalid ComputePipeline "Add"]

[18.2s] error: An uncaught WebGPU validation error was raised: [Invalid BindGroupLayout (unlabeled)] is invalid.
 - While validating [BindGroupDescriptor ""Add""] against [Invalid BindGroupLayout (unlabeled)]
 - While calling [Device].CreateBindGroup([BindGroupDescriptor ""Add""]).

[18.2s] error: An uncaught WebGPU validation error was raised: [Invalid ComputePipeline "Relu"] is invalid.
 - While Validating GetBindGroupLayout (0) on [Invalid ComputePipeline "Relu"]

[18.2s] error: An uncaught WebGPU validation error was raised: [Invalid BindGroupLayout (unlabeled)] is invalid.
 - While validating [BindGroupDescriptor ""Relu""] against [Invalid BindGroupLayout (unlabeled)]
 - While calling [Device].CreateBindGroup([BindGroupDescriptor ""Relu""]).

[18.2s] error: An uncaught WebGPU validation error was raised: [Invalid ComputePipeline "Conv2DMatMul"] is invalid.
 - While Validating GetBindGroupLayout (0) on [Invalid ComputePipeline "Conv2DMatMul"]

[18.2s] error: An uncaught WebGPU validation error was raised: [Invalid BindGroupLayout (unlabeled)] is invalid.
 - While validating [BindGroupDescriptor ""Conv2DMatMul""] against [Invalid BindGroupLayout (unlabeled)]
 - While calling [Device].CreateBindGroup([BindGroupDescriptor ""Conv2DMatMul""]).

[18.2s] error: An uncaught WebGPU validation error was raised: [Invalid ComputePipeline "Conv2DMatMul"] is invalid.
 - While Validating GetBindGroupLayout (0) on [Invalid ComputePipeline "Conv2DMatMul"]

[18.2s] error: An uncaught WebGPU validation error was raised: [Invalid BindGroupLayout (unlabeled)] is invalid.
 - While validating [BindGroupDescriptor ""Conv2DMatMul""] against [Invalid BindGroupLayout (unlabeled)]
 - While calling [Device].CreateBindGroup([BindGroupDescriptor ""Conv2DMatMul""]).

[18.2s] error: An uncaught WebGPU validation error was raised: [Invalid ComputePipeline "Add"] is invalid.
 - While Validating GetBindGroupLayout (0) on [Invalid ComputePipeline "Add"]

[18.2s] error: An uncaught WebGPU validation error was raised: [Invalid BindGroupLayout (unlabeled)] is invalid.
 - While validating [BindGroupDescriptor ""Add""] against [Invalid BindGroupLayout (unlabeled)]
 - While calling [Device].CreateBindGroup([BindGroupDescriptor ""Add""]).

[18.2s] error: An uncaught WebGPU validation error was raised: [Invalid ComputePipeline "Relu"] is invalid.
 - While Validating GetBindGroupLayout (0) on [Invalid ComputePipeline "Relu"]

[18.2s] error: An uncaught WebGPU validation error was raised: [Invalid BindGroupLayout (unlabeled)] is invalid.
 - While validating [BindGroupDescriptor ""Relu""] against [Invalid BindGroupLayout (unlabeled)]
 - While calling [Device].CreateBindGroup([BindGroupDescriptor ""Relu""]).

[18.2s] error: An uncaught WebGPU validation error was raised: [Invalid ComputePipeline "Transpose"] is invalid.
 - While Validating GetBindGroupLayout (0) on [Invalid ComputePipeline "Transpose"]

[18.2s] error: An uncaught WebGPU validation error was raised: [Invalid BindGroupLayout (unlabeled)] is invalid.
 - While validating [BindGroupDescriptor ""Transpose""] against [Invalid BindGroupLayout (unlabeled)]
 - While calling [Device].CreateBindGroup([BindGroupDescriptor ""Transpose""]).

[18.2s] error: An uncaught WebGPU validation error was raised: [Invalid ComputePipeline "Conv2DMatMul"] is invalid.
 - While Validating GetBindGroupLayout (0) on [Invalid ComputePipeline "Conv2DMatMul"]

[18.2s] error: An uncaught WebGPU validation error was raised: [Invalid BindGroupLayout (unlabeled)] is invalid.
 - While validating [BindGroupDescriptor ""Conv2DMatMul""] against [Invalid BindGroupLayout (unlabeled)]
 - While calling [Device].CreateBindGroup([BindGroupDescriptor ""Conv2DMatMul""]).

[18.2s] error: An uncaught WebGPU validation error was raised: [Invalid ComputePipeline "Conv2DMatMul"] is invalid.
 - While Validating GetBindGroupLayout (0) on [Invalid ComputePipeline "Conv2DMatMul"]

[18.2s] error: An uncaught WebGPU validation error was raised: [Invalid BindGroupLayout (unlabeled)] is invalid.
 - While validating [BindGroupDescriptor ""Conv2DMatMul""] against [Invalid BindGroupLayout (unlabeled)]
 - While calling [Device].CreateBindGroup([BindGroupDescriptor ""Conv2DMatMul""]).

[18.2s] error: An uncaught WebGPU validation error was raised: [Invalid ComputePipeline "Conv2DMatMul"] is invalid.
 - While Validating GetBindGroupLayout (0) on [Invalid ComputePipeline "Conv2DMatMul"]

[18.2s] error: An uncaught WebGPU validation error was raised: [Invalid BindGroupLayout (unlabeled)] is invalid.
 - While validating [BindGroupDescriptor ""Conv2DMatMul""] against [Invalid BindGroupLayout (unlabeled)]
 - While calling [Device].CreateBindGroup([BindGroupDescriptor ""Conv2DMatMul""]).

[18.2s] error: An uncaught WebGPU validation error was raised: [Invalid ComputePipeline "Add"] is invalid.
 - While Validating GetBindGroupLayout (0) on [Invalid ComputePipeline "Add"]

[18.2s] error: An uncaught WebGPU validation error was raised: [Invalid BindGroupLayout (unlabeled)] is invalid.
 - While validating [BindGroupDescriptor ""Add""] against [Invalid BindGroupLayout (unlabeled)]
 - While calling [Device].CreateBindGroup([BindGroupDescriptor ""Add""]).

[18.2s] error: An uncaught WebGPU validation error was raised: [Invalid ComputePipeline "Relu"] is invalid.
 - While Validating GetBindGroupLayout (0) on [Invalid ComputePipeline "Relu"]

[18.2s] error: An uncaught WebGPU validation error was raised: [Invalid BindGroupLayout (unlabeled)] is invalid.
 - While validating [BindGroupDescriptor ""Relu""] against [Invalid BindGroupLayout (unlabeled)]
 - While calling [Device].CreateBindGroup([BindGroupDescriptor ""Relu""]).

[18.2s] error: An uncaught WebGPU validation error was raised: [Invalid ComputePipeline "Conv2DMatMul"] is invalid.
 - While Validating GetBindGroupLayout (0) on [Invalid ComputePipeline "Conv2DMatMul"]

[18.2s] error: An uncaught WebGPU validation error was raised: [Invalid BindGroupLayout (unlabeled)] is invalid.
 - While validating [BindGroupDescriptor ""Conv2DMatMul""] against [Invalid BindGroupLayout (unlabeled)]
 - While calling [Device].CreateBindGroup([BindGroupDescriptor ""Conv2DMatMul""]).

[18.2s] error: An uncaught WebGPU validation error was raised: [Invalid ComputePipeline "Conv2DMatMul"] is invalid.
 - While Validating GetBindGroupLayout (0) on [Invalid ComputePipeline "Conv2DMatMul"]

[18.2s] error: An uncaught WebGPU validation error was raised: [Invalid BindGroupLayout (unlabeled)] is invalid.
 - While validating [BindGroupDescriptor ""Conv2DMatMul""] against [Invalid BindGroupLayout (unlabeled)]
 - While calling [Device].CreateBindGroup([BindGroupDescriptor ""Conv2DMatMul""]).

[18.2s] error: An uncaught WebGPU validation error was raised: [Invalid ComputePipeline "Conv2DMatMul"] is invalid.
 - While encoding [ComputePassEncoder (unlabeled)].SetPipeline([Invalid ComputePipeline "Conv2DMatMul"]).
 - While finishing [CommandEncoder (unlabeled)].

[18.2s] error: An uncaught WebGPU validation error was raised: [Invalid CommandBuffer] is invalid.
 - While calling [Queue].Submit([[Invalid CommandBuffer]])

[18.2s] error: An uncaught WebGPU validation error was raised: [Invalid ComputePipeline "Add"] is invalid.
 - While Validating GetBindGroupLayout (0) on [Invalid ComputePipeline "Add"]

[18.2s] error: An uncaught WebGPU validation error was raised: [Invalid BindGroupLayout (unlabeled)] is invalid.
 - While validating [BindGroupDescriptor ""Add""] against [Invalid BindGroupLayout (unlabeled)]
 - While calling [Device].CreateBindGroup([BindGroupDescriptor ""Add""]).

[18.2s] error: An uncaught WebGPU validation error was raised: [Invalid ComputePipeline "Relu"] is invalid.
 - While Validating GetBindGroupLayout (0) on [Invalid ComputePipeline "Relu"]

[18.2s] error: An uncaught WebGPU validation error was raised: [Invalid BindGroupLayout (unlabeled)] is invalid.
 - While validating [BindGroupDescriptor ""Relu""] against [Invalid BindGroupLayout (unlabeled)]
 - While calling [Device].CreateBindGroup([BindGroupDescriptor ""Relu""]).

[18.2s] error: An uncaught WebGPU validation error was raised: [Invalid ComputePipeline "Transpose"] is invalid.
 - While Validating GetBindGroupLayout (0) on [Invalid ComputePipeline "Transpose"]

[18.2s] error: An uncaught WebGPU validation error was raised: [Invalid BindGroupLayout (unlabeled)] is invalid.
 - While validating [BindGroupDescriptor ""Transpose""] against [Invalid BindGroupLayout (unlabeled)]
 - While calling [Device].CreateBindGroup([BindGroupDescriptor ""Transpose""]).

[18.2s] error: An uncaught WebGPU validation error was raised: [Invalid ComputePipeline "Conv2DMatMul"] is invalid.
 - While Validating GetBindGroupLayout (0) on [Invalid ComputePipeline "Conv2DMatMul"]

[18.2s] error: An uncaught WebGPU validation error was raised: [Invalid BindGroupLayout (unlabeled)] is invalid.
 - While validating [BindGroupDescriptor ""Conv2DMatMul""] against [Invalid BindGroupLayout (unlabeled)]
 - While calling [Device].CreateBindGroup([BindGroupDescriptor ""Conv2DMatMul""]).

[18.2s] error: An uncaught WebGPU validation error was raised: [Invalid ComputePipeline "Conv2DMatMul"] is invalid.
 - While Validating GetBindGroupLayout (0) on [Invalid ComputePipeline "Conv2DMatMul"]

[18.2s] error: An uncaught WebGPU validation error was raised: [Invalid BindGroupLayout (unlabeled)] is invalid.
 - While validating [BindGroupDescriptor ""Conv2DMatMul""] against [Invalid BindGroupLayout (unlabeled)]
 - While calling [Device].CreateBindGroup([BindGroupDescriptor ""Conv2DMatMul""]).

[18.2s] error: An uncaught WebGPU validation error was raised: [Invalid ComputePipeline "Conv2DMatMul"] is invalid.
 - While Validating GetBindGroupLayout (0) on [Invalid ComputePipeline "Conv2DMatMul"]

[18.2s] error: An uncaught WebGPU validation error was raised: [Invalid BindGroupLayout (unlabeled)] is invalid.
 - While validating [BindGroupDescriptor ""Conv2DMatMul""] against [Invalid BindGroupLayout (unlabeled)]
 - While calling [Device].CreateBindGroup([BindGroupDescriptor ""Conv2DMatMul""]).

[18.2s] error: An uncaught WebGPU validation error was raised: [Invalid ComputePipeline "Add"] is invalid.
 - While Validating GetBindGroupLayout (0) on [Invalid ComputePipeline "Add"]

[18.2s] error: An uncaught WebGPU validation error was raised: [Invalid BindGroupLayout (unlabeled)] is invalid.
 - While validating [BindGroupDescriptor ""Add""] against [Invalid BindGroupLayout (unlabeled)]
 - While calling [Device].CreateBindGroup([BindGroupDescriptor ""Add""]).

[18.2s] error: An uncaught WebGPU validation error was raised: [Invalid ComputePipeline "Relu"] is invalid.
 - While Validating GetBindGroupLayout (0) on [Invalid ComputePipeline "Relu"]

[18.2s] error: An uncaught WebGPU validation error was raised: [Invalid BindGroupLayout (unlabeled)] is invalid.
 - While validating [BindGroupDescriptor ""Relu""] against [Invalid BindGroupLayout (unlabeled)]
 - While calling [Device].CreateBindGroup([BindGroupDescriptor ""Relu""]).

[18.2s] error: An uncaught WebGPU validation error was raised: [Invalid ComputePipeline "Conv2DMatMul"] is invalid.
 - While Validating GetBindGroupLayout (0) on [Invalid ComputePipeline "Conv2DMatMul"]

[18.2s] error: An uncaught WebGPU validation error was raised: [Invalid BindGroupLayout (unlabeled)] is invalid.
 - While validating [BindGroupDescriptor ""Conv2DMatMul""] against [Invalid BindGroupLayout (unlabeled)]
 - While calling [Device].CreateBindGroup([BindGroupDescriptor ""Conv2DMatMul""]).

[18.2s] error: An uncaught WebGPU validation error was raised: [Invalid ComputePipeline "Conv2DMatMul"] is invalid.
 - While Validating GetBindGroupLayout (0) on [Invalid ComputePipeline "Conv2DMatMul"]

[18.2s] error: An uncaught WebGPU validation error was raised: [Invalid BindGroupLayout (unlabeled)] is invalid.
 - While validating [BindGroupDescriptor ""Conv2DMatMul""] against [Invalid BindGroupLayout (unlabeled)]
 - While calling [Device].CreateBindGroup([BindGroupDescriptor ""Conv2DMatMul""]).

[18.2s] error: An uncaught WebGPU validation error was raised: [Invalid ComputePipeline "Add"] is invalid.
 - While Validating GetBindGroupLayout (0) on [Invalid ComputePipeline "Add"]

[18.2s] error: An uncaught WebGPU validation error was raised: [Invalid BindGroupLayout (unlabeled)] is invalid.
 - While validating [BindGroupDescriptor ""Add""] against [Invalid BindGroupLayout (unlabeled)]
 - While calling [Device].CreateBindGroup([BindGroupDescriptor ""Add""]).

[18.2s] error: An uncaught WebGPU validation error was raised: [Invalid ComputePipeline "Relu"] is invalid.
 - While Validating GetBindGroupLayout (0) on [Invalid ComputePipeline "Relu"]

[18.2s] error: An uncaught WebGPU validation error was raised: [Invalid BindGroupLayout (unlabeled)] is invalid.
 - While validating [BindGroupDescriptor ""Relu""] against [Invalid BindGroupLayout (unlabeled)]
 - While calling [Device].CreateBindGroup([BindGroupDescriptor ""Relu""]).

[18.2s] error: An uncaught WebGPU validation error was raised: [Invalid ComputePipeline "Cast"] is invalid.
 - While Validating GetBindGroupLayout (0) on [Invalid ComputePipeline "Cast"]

[18.2s] error: An uncaught WebGPU validation error was raised: [Invalid BindGroupLayout (unlabeled)] is invalid.
 - While validating [BindGroupDescriptor ""Cast""] against [Invalid BindGroupLayout (unlabeled)]
 - While calling [Device].CreateBindGroup([BindGroupDescriptor ""Cast""]).

[18.2s] error: An uncaught WebGPU validation error was raised: [Invalid ComputePipeline "Cast"] is invalid.
 - While Validating GetBindGroupLayout (0) on [Invalid ComputePipeline "Cast"]

[18.2s] error: An uncaught WebGPU validation error was raised: [Invalid BindGroupLayout (unlabeled)] is invalid.
 - While validating [BindGroupDescriptor ""Cast""] against [Invalid BindGroupLayout (unlabeled)]
 - While calling [Device].CreateBindGroup([BindGroupDescriptor ""Cast""]).

[18.2s] error: An uncaught WebGPU validation error was raised: [Invalid ComputePipeline "Add"] is invalid.
 - While encoding [ComputePassEncoder (unlabeled)].SetPipeline([Invalid ComputePipeline "Add"]).
 - While finishing [CommandEncoder (unlabeled)].

[18.2s] error: An uncaught WebGPU validation error was raised: [Invalid CommandBuffer] is invalid.
 - While calling [Queue].Submit([[Invalid CommandBuffer]])

[18.2s] error: An uncaught WebGPU validation error was raised: [Invalid ComputePipeline "Concat"] is invalid.
 - While Validating GetBindGroupLayout (0) on [Invalid ComputePipeline "Concat"]

[18.2s] error: An uncaught WebGPU validation error was raised: [Invalid BindGroupLayout (unlabeled)] is invalid.
 - While validating [BindGroupDescriptor ""Concat""] against [Invalid BindGroupLayout (unlabeled)]
 - While calling [Device].CreateBindGroup([BindGroupDescriptor ""Concat""]).

[18.2s] error: An uncaught WebGPU validation error was raised: [Invalid ComputePipeline "Transpose"] is invalid.
 - While Validating GetBindGroupLayout (0) on [Invalid ComputePipeline "Transpose"]

[18.2s] error: An uncaught WebGPU validation error was raised: [Invalid BindGroupLayout (unlabeled)] is invalid.
 - While validating [BindGroupDescriptor ""Transpose""] against [Invalid BindGroupLayout (unlabeled)]
 - While calling [Device].CreateBindGroup([BindGroupDescriptor ""Transpose""]).

[18.2s] error: An uncaught WebGPU validation error was raised: [Invalid ComputePipeline "Conv2DMatMul"] is invalid.
 - While Validating GetBindGroupLayout (0) on [Invalid ComputePipeline "Conv2DMatMul"]

[18.2s] error: An uncaught WebGPU validation error was raised: [Invalid BindGroupLayout (unlabeled)] is invalid.
 - While validating [BindGroupDescriptor ""Conv2DMatMul""] against [Invalid BindGroupLayout (unlabeled)]
 - While calling [Device].CreateBindGroup([BindGroupDescriptor ""Conv2DMatMul""]).

[18.2s] error: An uncaught WebGPU validation error was raised: [Invalid ComputePipeline "Conv2DMatMul"] is invalid.
 - While Validating GetBindGroupLayout (0) on [Invalid ComputePipeline "Conv2DMatMul"]

[18.2s] error: An uncaught WebGPU validation error was raised: [Invalid BindGroupLayout (unlabeled)] is invalid.
 - While validating [BindGroupDescriptor ""Conv2DMatMul""] against [Invalid BindGroupLayout (unlabeled)]
 - While calling [Device].CreateBindGroup([BindGroupDescriptor ""Conv2DMatMul""]).

[18.2s] error: An uncaught WebGPU validation error was raised: [Invalid ComputePipeline "Cast"] is invalid.
 - While Validating GetBindGroupLayout (0) on [Invalid ComputePipeline "Cast"]

[18.2s] error: An uncaught WebGPU validation error was raised: [Invalid BindGroupLayout (unlabeled)] is invalid.
 - While validating [BindGroupDescriptor ""Cast""] against [Invalid BindGroupLayout (unlabeled)]
 - While calling [Device].CreateBindGroup([BindGroupDescriptor ""Cast""]).

[18.2s] error: An uncaught WebGPU validation error was raised: [Invalid ComputePipeline "Cast"] is invalid.
 - While Validating GetBindGroupLayout (0) on [Invalid ComputePipeline "Cast"]

[18.2s] error: An uncaught WebGPU validation error was raised: [Invalid BindGroupLayout (unlabeled)] is invalid.
 - While validating [BindGroupDescriptor ""Cast""] against [Invalid BindGroupLayout (unlabeled)]
 - While calling [Device].CreateBindGroup([BindGroupDescriptor ""Cast""]).

[18.2s] error: An uncaught WebGPU validation error was raised: [Invalid ComputePipeline "Concat"] is invalid.
 - While Validating GetBindGroupLayout (0) on [Invalid ComputePipeline "Concat"]

[18.2s] error: An uncaught WebGPU validation error was raised: [Invalid BindGroupLayout (unlabeled)] is invalid.
 - While validating [BindGroupDescriptor ""Concat""] against [Invalid BindGroupLayout (unlabeled)]
 - While calling [Device].CreateBindGroup([BindGroupDescriptor ""Concat""]).

[18.2s] error: An uncaught WebGPU validation error was raised: [Invalid ComputePipeline "Transpose"] is invalid.
 - While Validating GetBindGroupLayout (0) on [Invalid ComputePipeline "Transpose"]

[18.2s] error: An uncaught WebGPU validation error was raised: [Invalid BindGroupLayout (unlabeled)] is invalid.
 - While validating [BindGroupDescriptor ""Transpose""] against [Invalid BindGroupLayout (unlabeled)]
 - While calling [Device].CreateBindGroup([BindGroupDescriptor ""Transpose""]).

[18.2s] error: An uncaught WebGPU validation error was raised: [Invalid ComputePipeline "Conv2DMatMul"] is invalid.
 - While Validating GetBindGroupLayout (0) on [Invalid ComputePipeline "Conv2DMatMul"]

[18.2s] error: An uncaught WebGPU validation error was raised: [Invalid BindGroupLayout (unlabeled)] is invalid.
 - While validating [BindGroupDescriptor ""Conv2DMatMul""] against [Invalid BindGroupLayout (unlabeled)]
 - While calling [Device].CreateBindGroup([BindGroupDescriptor ""Conv2DMatMul""]).

[18.2s] error: An uncaught WebGPU validation error was raised: [Invalid ComputePipeline "Conv2DMatMul"] is invalid.
 - While Validating GetBindGroupLayout (0) on [Invalid ComputePipeline "Conv2DMatMul"]

[18.2s] error: An uncaught WebGPU validation error was raised: [Invalid BindGroupLayout (unlabeled)] is invalid.
 - While validating [BindGroupDescriptor ""Conv2DMatMul""] against [Invalid BindGroupLayout (unlabeled)]
 - While calling [Device].CreateBindGroup([BindGroupDescriptor ""Conv2DMatMul""]).

[18.2s] error: An uncaught WebGPU validation error was raised: [Invalid ComputePipeline "Cast"] is invalid.
 - While Validating GetBindGroupLayout (0) on [Invalid ComputePipeline "Cast"]

[18.2s] error: An uncaught WebGPU validation error was raised: [Invalid BindGroupLayout (unlabeled)] is invalid.
 - While validating [BindGroupDescriptor ""Cast""] against [Invalid BindGroupLayout (unlabeled)]
 - While calling [Device].CreateBindGroup([BindGroupDescriptor ""Cast""]).

[18.2s] error: An uncaught WebGPU validation error was raised: [Invalid ComputePipeline "Cast"] is invalid.
 - While Validating GetBindGroupLayout (0) on [Invalid ComputePipeline "Cast"]

[18.2s] error: An uncaught WebGPU validation error was raised: [Invalid BindGroupLayout (unlabeled)] is invalid.
 - While validating [BindGroupDescriptor ""Cast""] against [Invalid BindGroupLayout (unlabeled)]
 - While calling [Device].CreateBindGroup([BindGroupDescriptor ""Cast""]).

[18.2s] error: An uncaught WebGPU validation error was raised: [Invalid ComputePipeline "Concat"] is invalid.
 - While encoding [ComputePassEncoder (unlabeled)].SetPipeline([Invalid ComputePipeline "Concat"]).
 - While finishing [CommandEncoder (unlabeled)].

[18.2s] error: An uncaught WebGPU validation error was raised: [Invalid CommandBuffer] is invalid.
 - While calling [Queue].Submit([[Invalid CommandBuffer]])

[18.2s] error: An uncaught WebGPU validation error was raised: [Invalid ComputePipeline "Concat"] is invalid.
 - While Validating GetBindGroupLayout (0) on [Invalid ComputePipeline "Concat"]

[18.2s] error: An uncaught WebGPU validation error was raised: [Invalid BindGroupLayout (unlabeled)] is invalid.
 - While validating [BindGroupDescriptor ""Concat""] against [Invalid BindGroupLayout (unlabeled)]
 - While calling [Device].CreateBindGroup([BindGroupDescriptor ""Concat""]).

[18.2s] error: An uncaught WebGPU validation error was raised: [Invalid ComputePipeline "Transpose"] is invalid.
 - While Validating GetBindGroupLayout (0) on [Invalid ComputePipeline "Transpose"]

[18.2s] error: An uncaught WebGPU validation error was raised: [Invalid BindGroupLayout (unlabeled)] is invalid.
 - While validating [BindGroupDescriptor ""Transpose""] against [Invalid BindGroupLayout (unlabeled)]
 - While calling [Device].CreateBindGroup([BindGroupDescriptor ""Transpose""]).

[18.2s] error: An uncaught WebGPU validation error was raised: [Invalid ComputePipeline "Conv2DMatMul"] is invalid.
 - While Validating GetBindGroupLayout (0) on [Invalid ComputePipeline "Conv2DMatMul"]

[18.2s] error: An uncaught WebGPU validation error was raised: [Invalid BindGroupLayout (unlabeled)] is invalid.
 - While validating [BindGroupDescriptor ""Conv2DMatMul""] against [Invalid BindGroupLayout (unlabeled)]
 - While calling [Device].CreateBindGroup([BindGroupDescriptor ""Conv2DMatMul""]).

[18.2s] error: An uncaught WebGPU validation error was raised: [Invalid ComputePipeline "Conv2DMatMul"] is invalid.
 - While Validating GetBindGroupLayout (0) on [Invalid ComputePipeline "Conv2DMatMul"]

[18.2s] error: An uncaught WebGPU validation error was raised: [Invalid BindGroupLayout (unlabeled)] is invalid.
 - While validating [BindGroupDescriptor ""Conv2DMatMul""] against [Invalid BindGroupLayout (unlabeled)]
 - While calling [Device].CreateBindGroup([BindGroupDescriptor ""Conv2DMatMul""]).

[18.2s] error: An uncaught WebGPU validation error was raised: [Invalid ComputePipeline "Cast"] is invalid.
 - While Validating GetBindGroupLayout (0) on [Invalid ComputePipeline "Cast"]

[18.2s] error: An uncaught WebGPU validation error was raised: [Invalid BindGroupLayout (unlabeled)] is invalid.
 - While validating [BindGroupDescriptor ""Cast""] against [Invalid BindGroupLayout (unlabeled)]
 - While calling [Device].CreateBindGroup([BindGroupDescriptor ""Cast""]).

[18.2s] error: An uncaught WebGPU validation error was raised: [Invalid ComputePipeline "Cast"] is invalid.
 - While Validating GetBindGroupLayout (0) on [Invalid ComputePipeline "Cast"]

[18.2s] error: An uncaught WebGPU validation error was raised: [Invalid BindGroupLayout (unlabeled)] is invalid.
 - While validating [BindGroupDescriptor ""Cast""] against [Invalid BindGroupLayout (unlabeled)]
 - While calling [Device].CreateBindGroup([BindGroupDescriptor ""Cast""]).

[18.2s] error: An uncaught WebGPU validation error was raised: [Invalid ComputePipeline "Concat"] is invalid.
 - While Validating GetBindGroupLayout (0) on [Invalid ComputePipeline "Concat"]

[18.2s] error: An uncaught WebGPU validation error was raised: [Invalid BindGroupLayout (unlabeled)] is invalid.
 - While validating [BindGroupDescriptor ""Concat""] against [Invalid BindGroupLayout (unlabeled)]
 - While calling [Device].CreateBindGroup([BindGroupDescriptor ""Concat""]).

[18.2s] error: An uncaught WebGPU validation error was raised: [Invalid ComputePipeline "Transpose"] is invalid.
 - While Validating GetBindGroupLayout (0) on [Invalid ComputePipeline "Transpose"]

[18.2s] error: An uncaught WebGPU validation error was raised: [Invalid BindGroupLayout (unlabeled)] is invalid.
 - While validating [BindGroupDescriptor ""Transpose""] against [Invalid BindGroupLayout (unlabeled)]
 - While calling [Device].CreateBindGroup([BindGroupDescriptor ""Transpose""]).

[18.2s] error: An uncaught WebGPU validation error was raised: [Invalid ComputePipeline "Conv2DMatMul"] is invalid.
 - While Validating GetBindGroupLayout (0) on [Invalid ComputePipeline "Conv2DMatMul"]

[18.3s] error: An uncaught WebGPU validation error was raised: [Invalid BindGroupLayout (unlabeled)] is invalid.
 - While validating [BindGroupDescriptor ""Conv2DMatMul""] against [Invalid BindGroupLayout (unlabeled)]
 - While calling [Device].CreateBindGroup([BindGroupDescriptor ""Conv2DMatMul""]).

[18.3s] error: An uncaught WebGPU validation error was raised: [Invalid ComputePipeline "Conv2DMatMul"] is invalid.
 - While Validating GetBindGroupLayout (0) on [Invalid ComputePipeline "Conv2DMatMul"]

[18.3s] error: An uncaught WebGPU validation error was raised: [Invalid BindGroupLayout (unlabeled)] is invalid.
 - While validating [BindGroupDescriptor ""Conv2DMatMul""] against [Invalid BindGroupLayout (unlabeled)]
 - While calling [Device].CreateBindGroup([BindGroupDescriptor ""Conv2DMatMul""]).

[18.3s] error: An uncaught WebGPU validation error was raised: [Invalid ComputePipeline "Cast"] is invalid.
 - While Validating GetBindGroupLayout (0) on [Invalid ComputePipeline "Cast"]

[18.3s] error: An uncaught WebGPU validation error was raised: [Invalid BindGroupLayout (unlabeled)] is invalid.
 - While validating [BindGroupDescriptor ""Cast""] against [Invalid BindGroupLayout (unlabeled)]
 - While calling [Device].CreateBindGroup([BindGroupDescriptor ""Cast""]).

[18.3s] error: An uncaught WebGPU validation error was raised: [Invalid ComputePipeline "Cast"] is invalid.
 - While Validating GetBindGroupLayout (0) on [Invalid ComputePipeline "Cast"]

[18.3s] error: An uncaught WebGPU validation error was raised: [Invalid BindGroupLayout (unlabeled)] is invalid.
 - While validating [BindGroupDescriptor ""Cast""] against [Invalid BindGroupLayout (unlabeled)]
 - While calling [Device].CreateBindGroup([BindGroupDescriptor ""Cast""]).

[18.3s] error: An uncaught WebGPU validation error was raised: [Invalid ComputePipeline "Concat"] is invalid.
 - While encoding [ComputePassEncoder (unlabeled)].SetPipeline([Invalid ComputePipeline "Concat"]).
 - While finishing [CommandEncoder (unlabeled)].

[18.3s] error: An uncaught WebGPU validation error was raised: [Invalid CommandBuffer] is invalid.
 - While calling [Queue].Submit([[Invalid CommandBuffer]])

[18.3s] error: An uncaught WebGPU validation error was raised: [Invalid ComputePipeline "Transpose"] is invalid.
 - While Validating GetBindGroupLayout (0) on [Invalid ComputePipeline "Transpose"]

[18.3s] error: An uncaught WebGPU validation error was raised: [Invalid BindGroupLayout (unlabeled)] is invalid.
 - While validating [BindGroupDescriptor ""Transpose""] against [Invalid BindGroupLayout (unlabeled)]
 - While calling [Device].CreateBindGroup([BindGroupDescriptor ""Transpose""]).

[18.3s] error: An uncaught WebGPU validation error was raised: [Invalid ComputePipeline "Conv2DMatMul"] is invalid.
 - While Validating GetBindGroupLayout (0) on [Invalid ComputePipeline "Conv2DMatMul"]

[18.3s] error: An uncaught WebGPU validation error was raised: [Invalid BindGroupLayout (unlabeled)] is invalid.
 - While validating [BindGroupDescriptor ""Conv2DMatMul""] against [Invalid BindGroupLayout (unlabeled)]
 - While calling [Device].CreateBindGroup([BindGroupDescriptor ""Conv2DMatMul""]).

[18.3s] error: An uncaught WebGPU validation error was raised: [Invalid ComputePipeline "Conv2DMatMul"] is invalid.
 - While Validating GetBindGroupLayout (0) on [Invalid ComputePipeline "Conv2DMatMul"]

[18.3s] error: An uncaught WebGPU validation error was raised: [Invalid BindGroupLayout (unlabeled)] is invalid.
 - While validating [BindGroupDescriptor ""Conv2DMatMul""] against [Invalid BindGroupLayout (unlabeled)]
 - While calling [Device].CreateBindGroup([BindGroupDescriptor ""Conv2DMatMul""]).

[18.3s] error: An uncaught WebGPU validation error was raised: [Invalid ComputePipeline "Conv2DMatMul"] is invalid.
 - While Validating GetBindGroupLayout (0) on [Invalid ComputePipeline "Conv2DMatMul"]

[18.3s] error: An uncaught WebGPU validation error was raised: [Invalid BindGroupLayout (unlabeled)] is invalid.
 - While validating [BindGroupDescriptor ""Conv2DMatMul""] against [Invalid BindGroupLayout (unlabeled)]
 - While calling [Device].CreateBindGroup([BindGroupDescriptor ""Conv2DMatMul""]).

[18.3s] error: An uncaught WebGPU validation error was raised: [Invalid ComputePipeline "Transpose"] is invalid.
 - While Validating GetBindGroupLayout (0) on [Invalid ComputePipeline "Transpose"]

[18.3s] error: An uncaught WebGPU validation error was raised: [Invalid BindGroupLayout (unlabeled)] is invalid.
 - While validating [BindGroupDescriptor ""Transpose""] against [Invalid BindGroupLayout (unlabeled)]
 - While calling [Device].CreateBindGroup([BindGroupDescriptor ""Transpose""]).

[18.3s] error: An uncaught WebGPU validation error was raised: [Invalid ComputePipeline "Transpose"] is invalid.
 - While encoding [ComputePassEncoder (unlabeled)].SetPipeline([Invalid ComputePipeline "Transpose"]).
 - While finishing [CommandEncoder (unlabeled)].

[18.3s] error: An uncaught WebGPU validation error was raised: [Invalid CommandBuffer] is invalid.
 - While calling [Queue].Submit([[Invalid CommandBuffer]])

[18.3s] error: An uncaught WebGPU validation error was raised: [Invalid ComputePipeline "Sub"] is invalid.
 - While Validating GetBindGroupLayout (0) on [Invalid ComputePipeline "Sub"]

[18.3s] error: An uncaught WebGPU validation error was raised: [Invalid BindGroupLayout (unlabeled)] is invalid.
 - While validating [BindGroupDescriptor ""Sub""] against [Invalid BindGroupLayout (unlabeled)]
 - While calling [Device].CreateBindGroup([BindGroupDescriptor ""Sub""]).

[18.3s] error: An uncaught WebGPU validation error was raised: [Invalid ComputePipeline "Div"] is invalid.
 - While Validating GetBindGroupLayout (0) on [Invalid ComputePipeline "Div"]

[18.3s] error: An uncaught WebGPU validation error was raised: [Invalid BindGroupLayout (unlabeled)] is invalid.
 - While validating [BindGroupDescriptor ""Div""] against [Invalid BindGroupLayout (unlabeled)]
 - While calling [Device].CreateBindGroup([BindGroupDescriptor ""Div""]).

[18.3s] error: An uncaught WebGPU validation error was raised: [Invalid ComputePipeline "Transpose"] is invalid.
 - While Validating GetBindGroupLayout (0) on [Invalid ComputePipeline "Transpose"]

[18.3s] error: An uncaught WebGPU validation error was raised: [Invalid BindGroupLayout (unlabeled)] is invalid.
 - While validating [BindGroupDescriptor ""Transpose""] against [Invalid BindGroupLayout (unlabeled)]
 - While calling [Device].CreateBindGroup([BindGroupDescriptor ""Transpose""]).

[18.3s] error: An uncaught WebGPU validation error was raised: [Invalid ComputePipeline "Conv2DMatMul"] is invalid.
 - While Validating GetBindGroupLayout (0) on [Invalid ComputePipeline "Conv2DMatMul"]

[18.3s] error: An uncaught WebGPU validation error was raised: [Invalid BindGroupLayout (unlabeled)] is invalid.
 - While validating [BindGroupDescriptor ""Conv2DMatMul""] against [Invalid BindGroupLayout (unlabeled)]
 - While calling [Device].CreateBindGroup([BindGroupDescriptor ""Conv2DMatMul""]).

[18.3s] error: An uncaught WebGPU validation error was raised: [Invalid ComputePipeline "Transpose"] is invalid.
 - While Validating GetBindGroupLayout (0) on [Invalid ComputePipeline "Transpose"]

[18.3s] error: An uncaught WebGPU validation error was raised: [Invalid BindGroupLayout (unlabeled)] is invalid.
 - While validating [BindGroupDescriptor ""Transpose""] against [Invalid BindGroupLayout (unlabeled)]
 - While calling [Device].CreateBindGroup([BindGroupDescriptor ""Transpose""]).

[18.3s] error: An uncaught WebGPU validation error was raised: [Invalid ComputePipeline "MaxPool"] is invalid.
 - While Validating GetBindGroupLayout (0) on [Invalid ComputePipeline "MaxPool"]

[18.3s] error: An uncaught WebGPU validation error was raised: [Invalid BindGroupLayout (unlabeled)] is invalid.
 - While validating [BindGroupDescriptor ""MaxPool""] against [Invalid BindGroupLayout (unlabeled)]
 - While calling [Device].CreateBindGroup([BindGroupDescriptor ""MaxPool""]).

[18.4s] error: An uncaught WebGPU validation error was raised: [Invalid ComputePipeline "Conv2DMatMul"] is invalid.
 - While Validating GetBindGroupLayout (0) on [Invalid ComputePipeline "Conv2DMatMul"]

[18.4s] error: An uncaught WebGPU validation error was raised: [Invalid BindGroupLayout (unlabeled)] is invalid.
 - While validating [BindGroupDescriptor ""Conv2DMatMul""] against [Invalid BindGroupLayout (unlabeled)]
 - While calling [Device].CreateBindGroup([BindGroupDescriptor ""Conv2DMatMul""]).

[18.4s] error: An uncaught WebGPU validation error was raised: [Invalid ComputePipeline "Conv2DMatMul"] is invalid.
 - While Validating GetBindGroupLayout (0) on [Invalid ComputePipeline "Conv2DMatMul"]

[18.4s] error: An uncaught WebGPU validation error was raised: [Invalid BindGroupLayout (unlabeled)] is invalid.
 - While validating [BindGroupDescriptor ""Conv2DMatMul""] against [Invalid BindGroupLayout (unlabeled)]
 - While calling [Device].CreateBindGroup([BindGroupDescriptor ""Conv2DMatMul""]).

[18.4s] error: An uncaught WebGPU validation error was raised: [Invalid ComputePipeline "Add"] is invalid.
 - While Validating GetBindGroupLayout (0) on [Invalid ComputePipeline "Add"]

[18.4s] error: An uncaught WebGPU validation error was raised: [Invalid BindGroupLayout (unlabeled)] is invalid.
 - While validating [BindGroupDescriptor ""Add""] against [Invalid BindGroupLayout (unlabeled)]
 - While calling [Device].CreateBindGroup([BindGroupDescriptor ""Add""]).

[18.4s] error: An uncaught WebGPU validation error was raised: [Invalid ComputePipeline "Relu"] is invalid.
 - While Validating GetBindGroupLayout (0) on [Invalid ComputePipeline "Relu"]

[18.4s] error: An uncaught WebGPU validation error was raised: [Invalid BindGroupLayout (unlabeled)] is invalid.
 - While validating [BindGroupDescriptor ""Relu""] against [Invalid BindGroupLayout (unlabeled)]
 - While calling [Device].CreateBindGroup([BindGroupDescriptor ""Relu""]).

[18.4s] error: An uncaught WebGPU validation error was raised: [Invalid ComputePipeline "Conv2DMatMul"] is invalid.
 - While Validating GetBindGroupLayout (0) on [Invalid ComputePipeline "Conv2DMatMul"]

[18.4s] error: An uncaught WebGPU validation error was raised: [Invalid BindGroupLayout (unlabeled)] is invalid.
 - While validating [BindGroupDescriptor ""Conv2DMatMul""] against [Invalid BindGroupLayout (unlabeled)]
 - While calling [Device].CreateBindGroup([BindGroupDescriptor ""Conv2DMatMul""]).

[18.4s] error: An uncaught WebGPU validation error was raised: [Invalid ComputePipeline "Conv2DMatMul"] is invalid.
 - While Validating GetBindGroupLayout (0) on [Invalid ComputePipeline "Conv2DMatMul"]

[18.4s] error: An uncaught WebGPU validation error was raised: [Invalid BindGroupLayout (unlabeled)] is invalid.
 - While validating [BindGroupDescriptor ""Conv2DMatMul""] against [Invalid BindGroupLayout (unlabeled)]
 - While calling [Device].CreateBindGroup([BindGroupDescriptor ""Conv2DMatMul""]).

[18.4s] error: An uncaught WebGPU validation error was raised: [Invalid ComputePipeline "Add"] is invalid.
 - While Validating GetBindGroupLayout (0) on [Invalid ComputePipeline "Add"]

[18.4s] error: An uncaught WebGPU validation error was raised: [Invalid BindGroupLayout (unlabeled)] is invalid.
 - While validating [BindGroupDescriptor ""Add""] against [Invalid BindGroupLayout (unlabeled)]
 - While calling [Device].CreateBindGroup([BindGroupDescriptor ""Add""]).

[18.4s] error: An uncaught WebGPU validation error was raised: [Invalid ComputePipeline "Relu"] is invalid.
 - While Validating GetBindGroupLayout (0) on [Invalid ComputePipeline "Relu"]

[18.4s] error: An uncaught WebGPU validation error was raised: [Invalid BindGroupLayout (unlabeled)] is invalid.
 - While validating [BindGroupDescriptor ""Relu""] against [Invalid BindGroupLayout (unlabeled)]
 - While calling [Device].CreateBindGroup([BindGroupDescriptor ""Relu""]).

[18.4s] error: An uncaught WebGPU validation error was raised: [Invalid ComputePipeline "Transpose"] is invalid.
 - While Validating GetBindGroupLayout (0) on [Invalid ComputePipeline "Transpose"]

[18.4s] error: An uncaught WebGPU validation error was raised: [Invalid BindGroupLayout (unlabeled)] is invalid.
 - While validating [BindGroupDescriptor ""Transpose""] against [Invalid BindGroupLayout (unlabeled)]
 - While calling [Device].CreateBindGroup([BindGroupDescriptor ""Transpose""]).

[18.4s] error: An uncaught WebGPU validation error was raised: [Invalid ComputePipeline "Conv2DMatMul"] is invalid.
 - While Validating GetBindGroupLayout (0) on [Invalid ComputePipeline "Conv2DMatMul"]

[18.4s] error: An uncaught WebGPU validation error was raised: [Invalid BindGroupLayout (unlabeled)] is invalid.
 - While validating [BindGroupDescriptor ""Conv2DMatMul""] against [Invalid BindGroupLayout (unlabeled)]
 - While calling [Device].CreateBindGroup([BindGroupDescriptor ""Conv2DMatMul""]).

[18.4s] error: An uncaught WebGPU validation error was raised: [Invalid ComputePipeline "Sub"] is invalid.
 - While encoding [ComputePassEncoder (unlabeled)].SetPipeline([Invalid ComputePipeline "Sub"]).
 - While finishing [CommandEncoder (unlabeled)].

[18.4s] error: An uncaught WebGPU validation error was raised: [Invalid CommandBuffer] is invalid.
 - While calling [Queue].Submit([[Invalid CommandBuffer]])

[18.4s] error: An uncaught WebGPU validation error was raised: [Invalid ComputePipeline "Conv2DMatMul"] is invalid.
 - While Validating GetBindGroupLayout (0) on [Invalid ComputePipeline "Conv2DMatMul"]

[18.4s] error: An uncaught WebGPU validation error was raised: [Invalid BindGroupLayout (unlabeled)] is invalid.
 - While validating [BindGroupDescriptor ""Conv2DMatMul""] against [Invalid BindGroupLayout (unlabeled)]
 - While calling [Device].CreateBindGroup([BindGroupDescriptor ""Conv2DMatMul""]).

[18.4s] error: An uncaught WebGPU validation error was raised: [Invalid ComputePipeline "Conv2DMatMul"] is invalid.
 - While Validating GetBindGroupLayout (0) on [Invalid ComputePipeline "Conv2DMatMul"]

[18.4s] error: An uncaught WebGPU validation error was raised: [Invalid BindGroupLayout (unlabeled)] is invalid.
 - While validating [BindGroupDescriptor ""Conv2DMatMul""] against [Invalid BindGroupLayout (unlabeled)]
 - While calling [Device].CreateBindGroup([BindGroupDescriptor ""Conv2DMatMul""]).

[18.4s] error: An uncaught WebGPU validation error was raised: [Invalid ComputePipeline "Add"] is invalid.
 - While Validating GetBindGroupLayout (0) on [Invalid ComputePipeline "Add"]

[18.4s] error: An uncaught WebGPU validation error was raised: [Invalid BindGroupLayout (unlabeled)] is invalid.
 - While validating [BindGroupDescriptor ""Add""] against [Invalid BindGroupLayout (unlabeled)]
 - While calling [Device].CreateBindGroup([BindGroupDescriptor ""Add""]).

[18.4s] error: An uncaught WebGPU validation error was raised: [Invalid ComputePipeline "Relu"] is invalid.
 - While Validating GetBindGroupLayout (0) on [Invalid ComputePipeline "Relu"]

[18.4s] error: An uncaught WebGPU validation error was raised: [Invalid BindGroupLayout (unlabeled)] is invalid.
 - While validating [BindGroupDescriptor ""Relu""] against [Invalid BindGroupLayout (unlabeled)]
 - While calling [Device].CreateBindGroup([BindGroupDescriptor ""Relu""]).

[18.4s] error: An uncaught WebGPU validation error was raised: [Invalid ComputePipeline "Conv2DMatMul"] is invalid.
 - While Validating GetBindGroupLayout (0) on [Invalid ComputePipeline "Conv2DMatMul"]

[18.4s] error: An uncaught WebGPU validation error was raised: [Invalid BindGroupLayout (unlabeled)] is invalid.
 - While validating [BindGroupDescriptor ""Conv2DMatMul""] against [Invalid BindGroupLayout (unlabeled)]
 - While calling [Device].CreateBindGroup([BindGroupDescriptor ""Conv2DMatMul""]).

[18.4s] error: An uncaught WebGPU validation error was raised: [Invalid ComputePipeline "Conv2DMatMul"] is invalid.
 - While Validating GetBindGroupLayout (0) on [Invalid ComputePipeline "Conv2DMatMul"]

[18.4s] error: An uncaught WebGPU validation error was raised: [Invalid BindGroupLayout (unlabeled)] is invalid.
 - While validating [BindGroupDescriptor ""Conv2DMatMul""] against [Invalid BindGroupLayout (unlabeled)]
 - While calling [Device].CreateBindGroup([BindGroupDescriptor ""Conv2DMatMul""]).

[18.4s] error: An uncaught WebGPU validation error was raised: [Invalid ComputePipeline "Add"] is invalid.
 - While Validating GetBindGroupLayout (0) on [Invalid ComputePipeline "Add"]

[18.4s] error: An uncaught WebGPU validation error was raised: [Invalid BindGroupLayout (unlabeled)] is invalid.
 - While validating [BindGroupDescriptor ""Add""] against [Invalid BindGroupLayout (unlabeled)]
 - While calling [Device].CreateBindGroup([BindGroupDescriptor ""Add""]).

[18.4s] error: An uncaught WebGPU validation error was raised: [Invalid ComputePipeline "Relu"] is invalid.
 - While Validating GetBindGroupLayout (0) on [Invalid ComputePipeline "Relu"]

[18.4s] error: An uncaught WebGPU validation error was raised: [Invalid BindGroupLayout (unlabeled)] is invalid.
 - While validating [BindGroupDescriptor ""Relu""] against [Invalid BindGroupLayout (unlabeled)]
 - While calling [Device].CreateBindGroup([BindGroupDescriptor ""Relu""]).

[18.4s] error: An uncaught WebGPU validation error was raised: [Invalid ComputePipeline "Transpose"] is invalid.
 - While Validating GetBindGroupLayout (0) on [Invalid ComputePipeline "Transpose"]

[18.4s] error: An uncaught WebGPU validation error was raised: [Invalid BindGroupLayout (unlabeled)] is invalid.
 - While validating [BindGroupDescriptor ""Transpose""] against [Invalid BindGroupLayout (unlabeled)]
 - While calling [Device].CreateBindGroup([BindGroupDescriptor ""Transpose""]).

[18.4s] error: An uncaught WebGPU validation error was raised: [Invalid ComputePipeline "Conv2DMatMul"] is invalid.
 - While Validating GetBindGroupLayout (0) on [Invalid ComputePipeline "Conv2DMatMul"]

[18.4s] error: An uncaught WebGPU validation error was raised: [Invalid BindGroupLayout (unlabeled)] is invalid.
 - While validating [BindGroupDescriptor ""Conv2DMatMul""] against [Invalid BindGroupLayout (unlabeled)]
 - While calling [Device].CreateBindGroup([BindGroupDescriptor ""Conv2DMatMul""]).

[18.4s] error: An uncaught WebGPU validation error was raised: [Invalid ComputePipeline "Conv2DMatMul"] is invalid.
 - While Validating GetBindGroupLayout (0) on [Invalid ComputePipeline "Conv2DMatMul"]

[18.4s] error: An uncaught WebGPU validation error was raised: [Invalid BindGroupLayout (unlabeled)] is invalid.
 - While validating [BindGroupDescriptor ""Conv2DMatMul""] against [Invalid BindGroupLayout (unlabeled)]
 - While calling [Device].CreateBindGroup([BindGroupDescriptor ""Conv2DMatMul""]).

[18.4s] error: An uncaught WebGPU validation error was raised: [Invalid ComputePipeline "Conv2DMatMul"] is invalid.
 - While Validating GetBindGroupLayout (0) on [Invalid ComputePipeline "Conv2DMatMul"]

[18.4s] error: An uncaught WebGPU validation error was raised: [Invalid BindGroupLayout (unlabeled)] is invalid.
 - While validating [BindGroupDescriptor ""Conv2DMatMul""] against [Invalid BindGroupLayout (unlabeled)]
 - While calling [Device].CreateBindGroup([BindGroupDescriptor ""Conv2DMatMul""]).

[18.4s] error: An uncaught WebGPU validation error was raised: [Invalid ComputePipeline "Add"] is invalid.
 - While Validating GetBindGroupLayout (0) on [Invalid ComputePipeline "Add"]

[18.4s] error: An uncaught WebGPU validation error was raised: [Invalid BindGroupLayout (unlabeled)] is invalid.
 - While validating [BindGroupDescriptor ""Add""] against [Invalid BindGroupLayout (unlabeled)]
 - While calling [Device].CreateBindGroup([BindGroupDescriptor ""Add""]).

[18.4s] error: An uncaught WebGPU validation error was raised: [Invalid ComputePipeline "Relu"] is invalid.
 - While Validating GetBindGroupLayout (0) on [Invalid ComputePipeline "Relu"]

[18.4s] error: An uncaught WebGPU validation error was raised: [Invalid BindGroupLayout (unlabeled)] is invalid.
 - While validating [BindGroupDescriptor ""Relu""] against [Invalid BindGroupLayout (unlabeled)]
 - While calling [Device].CreateBindGroup([BindGroupDescriptor ""Relu""]).

[18.4s] error: An uncaught WebGPU validation error was raised: [Invalid ComputePipeline "Conv2DMatMul"] is invalid.
 - While Validating GetBindGroupLayout (0) on [Invalid ComputePipeline "Conv2DMatMul"]

[18.4s] error: An uncaught WebGPU validation error was raised: [Invalid BindGroupLayout (unlabeled)] is invalid.
 - While validating [BindGroupDescriptor ""Conv2DMatMul""] against [Invalid BindGroupLayout (unlabeled)]
 - While calling [Device].CreateBindGroup([BindGroupDescriptor ""Conv2DMatMul""]).

[18.4s] error: An uncaught WebGPU validation error was raised: [Invalid ComputePipeline "Conv2DMatMul"] is invalid.
 - While Validating GetBindGroupLayout (0) on [Invalid ComputePipeline "Conv2DMatMul"]

[18.4s] error: An uncaught WebGPU validation error was raised: [Invalid BindGroupLayout (unlabeled)] is invalid.
 - While validating [BindGroupDescriptor ""Conv2DMatMul""] against [Invalid BindGroupLayout (unlabeled)]
 - While calling [Device].CreateBindGroup([BindGroupDescriptor ""Conv2DMatMul""]).

[18.4s] error: An uncaught WebGPU validation error was raised: [Invalid ComputePipeline "Conv2DMatMul"] is invalid.
 - While encoding [ComputePassEncoder (unlabeled)].SetPipeline([Invalid ComputePipeline "Conv2DMatMul"]).
 - While finishing [CommandEncoder (unlabeled)].

[18.4s] error: An uncaught WebGPU validation error was raised: [Invalid CommandBuffer] is invalid.
 - While calling [Queue].Submit([[Invalid CommandBuffer]])

[18.4s] error: An uncaught WebGPU validation error was raised: [Invalid ComputePipeline "Add"] is invalid.
 - While Validating GetBindGroupLayout (0) on [Invalid ComputePipeline "Add"]

[18.4s] error: An uncaught WebGPU validation error was raised: [Invalid BindGroupLayout (unlabeled)] is invalid.
 - While validating [BindGroupDescriptor ""Add""] against [Invalid BindGroupLayout (unlabeled)]
 - While calling [Device].CreateBindGroup([BindGroupDescriptor ""Add""]).

[18.4s] error: An uncaught WebGPU validation error was raised: [Invalid ComputePipeline "Relu"] is invalid.
 - While Validating GetBindGroupLayout (0) on [Invalid ComputePipeline "Relu"]

[18.4s] error: An uncaught WebGPU validation error was raised: [Invalid BindGroupLayout (unlabeled)] is invalid.
 - While validating [BindGroupDescriptor ""Relu""] against [Invalid BindGroupLayout (unlabeled)]
 - While calling [Device].CreateBindGroup([BindGroupDescriptor ""Relu""]).

[18.4s] error: An uncaught WebGPU validation error was raised: [Invalid ComputePipeline "Transpose"] is invalid.
 - While Validating GetBindGroupLayout (0) on [Invalid ComputePipeline "Transpose"]

[18.4s] error: An uncaught WebGPU validation error was raised: [Invalid BindGroupLayout (unlabeled)] is invalid.
 - While validating [BindGroupDescriptor ""Transpose""] against [Invalid BindGroupLayout (unlabeled)]
 - While calling [Device].CreateBindGroup([BindGroupDescriptor ""Transpose""]).

[18.4s] error: An uncaught WebGPU validation error was raised: [Invalid ComputePipeline "Conv2DMatMul"] is invalid.
 - While Validating GetBindGroupLayout (0) on [Invalid ComputePipeline "Conv2DMatMul"]

[18.4s] error: An uncaught WebGPU validation error was raised: [Invalid BindGroupLayout (unlabeled)] is invalid.
 - While validating [BindGroupDescriptor ""Conv2DMatMul""] against [Invalid BindGroupLayout (unlabeled)]
 - While calling [Device].CreateBindGroup([BindGroupDescriptor ""Conv2DMatMul""]).

[18.4s] error: An uncaught WebGPU validation error was raised: [Invalid ComputePipeline "Conv2DMatMul"] is invalid.
 - While Validating GetBindGroupLayout (0) on [Invalid ComputePipeline "Conv2DMatMul"]

[18.4s] error: An uncaught WebGPU validation error was raised: [Invalid BindGroupLayout (unlabeled)] is invalid.
 - While validating [BindGroupDescriptor ""Conv2DMatMul""] against [Invalid BindGroupLayout (unlabeled)]
 - While calling [Device].CreateBindGroup([BindGroupDescriptor ""Conv2DMatMul""]).

[18.4s] error: An uncaught WebGPU validation error was raised: [Invalid ComputePipeline "Conv2DMatMul"] is invalid.
 - While Validating GetBindGroupLayout (0) on [Invalid ComputePipeline "Conv2DMatMul"]

[18.4s] error: An uncaught WebGPU validation error was raised: [Invalid BindGroupLayout (unlabeled)] is invalid.
 - While validating [BindGroupDescriptor ""Conv2DMatMul""] against [Invalid BindGroupLayout (unlabeled)]
 - While calling [Device].CreateBindGroup([BindGroupDescriptor ""Conv2DMatMul""]).

[18.4s] error: An uncaught WebGPU validation error was raised: [Invalid ComputePipeline "Add"] is invalid.
 - While Validating GetBindGroupLayout (0) on [Invalid ComputePipeline "Add"]

[18.4s] error: An uncaught WebGPU validation error was raised: [Invalid BindGroupLayout (unlabeled)] is invalid.
 - While validating [BindGroupDescriptor ""Add""] against [Invalid BindGroupLayout (unlabeled)]
 - While calling [Device].CreateBindGroup([BindGroupDescriptor ""Add""]).

[18.4s] error: An uncaught WebGPU validation error was raised: [Invalid ComputePipeline "Relu"] is invalid.
 - While Validating GetBindGroupLayout (0) on [Invalid ComputePipeline "Relu"]

[18.4s] error: An uncaught WebGPU validation error was raised: [Invalid BindGroupLayout (unlabeled)] is invalid.
 - While validating [BindGroupDescriptor ""Relu""] against [Invalid BindGroupLayout (unlabeled)]
 - While calling [Device].CreateBindGroup([BindGroupDescriptor ""Relu""]).

[18.4s] error: An uncaught WebGPU validation error was raised: [Invalid ComputePipeline "Conv2DMatMul"] is invalid.
 - While Validating GetBindGroupLayout (0) on [Invalid ComputePipeline "Conv2DMatMul"]

[18.4s] error: An uncaught WebGPU validation error was raised: [Invalid BindGroupLayout (unlabeled)] is invalid.
 - While validating [BindGroupDescriptor ""Conv2DMatMul""] against [Invalid BindGroupLayout (unlabeled)]
 - While calling [Device].CreateBindGroup([BindGroupDescriptor ""Conv2DMatMul""]).

[18.4s] error: An uncaught WebGPU validation error was raised: [Invalid ComputePipeline "Conv2DMatMul"] is invalid.
 - While Validating GetBindGroupLayout (0) on [Invalid ComputePipeline "Conv2DMatMul"]

[18.4s] error: An uncaught WebGPU validation error was raised: [Invalid BindGroupLayout (unlabeled)] is invalid.
 - While validating [BindGroupDescriptor ""Conv2DMatMul""] against [Invalid BindGroupLayout (unlabeled)]
 - While calling [Device].CreateBindGroup([BindGroupDescriptor ""Conv2DMatMul""]).

[18.4s] error: An uncaught WebGPU validation error was raised: [Invalid ComputePipeline "Add"] is invalid.
 - While Validating GetBindGroupLayout (0) on [Invalid ComputePipeline "Add"]

[18.4s] error: An uncaught WebGPU validation error was raised: [Invalid BindGroupLayout (unlabeled)] is invalid.
 - While validating [BindGroupDescriptor ""Add""] against [Invalid BindGroupLayout (unlabeled)]
 - While calling [Device].CreateBindGroup([BindGroupDescriptor ""Add""]).

[18.4s] error: An uncaught WebGPU validation error was raised: [Invalid ComputePipeline "Relu"] is invalid.
 - While Validating GetBindGroupLayout (0) on [Invalid ComputePipeline "Relu"]

[18.4s] error: An uncaught WebGPU validation error was raised: [Invalid BindGroupLayout (unlabeled)] is invalid.
 - While validating [BindGroupDescriptor ""Relu""] against [Invalid BindGroupLayout (unlabeled)]
 - While calling [Device].CreateBindGroup([BindGroupDescriptor ""Relu""]).

[18.4s] error: An uncaught WebGPU validation error was raised: [Invalid ComputePipeline "Cast"] is invalid.
 - While Validating GetBindGroupLayout (0) on [Invalid ComputePipeline "Cast"]

[18.4s] error: An uncaught WebGPU validation error was raised: [Invalid BindGroupLayout (unlabeled)] is invalid.
 - While validating [BindGroupDescriptor ""Cast""] against [Invalid BindGroupLayout (unlabeled)]
 - While calling [Device].CreateBindGroup([BindGroupDescriptor ""Cast""]).

[18.4s] error: An uncaught WebGPU validation error was raised: [Invalid ComputePipeline "Cast"] is invalid.
 - While Validating GetBindGroupLayout (0) on [Invalid ComputePipeline "Cast"]

[18.4s] error: An uncaught WebGPU validation error was raised: [Invalid BindGroupLayout (unlabeled)] is invalid.
 - While validating [BindGroupDescriptor ""Cast""] against [Invalid BindGroupLayout (unlabeled)]
 - While calling [Device].CreateBindGroup([BindGroupDescriptor ""Cast""]).

[18.4s] error: An uncaught WebGPU validation error was raised: [Invalid ComputePipeline "Add"] is invalid.
 - While encoding [ComputePassEncoder (unlabeled)].SetPipeline([Invalid ComputePipeline "Add"]).
 - While finishing [CommandEncoder (unlabeled)].

[18.4s] error: An uncaught WebGPU validation error was raised: [Invalid CommandBuffer] is invalid.
 - While calling [Queue].Submit([[Invalid CommandBuffer]])

[18.4s] error: An uncaught WebGPU validation error was raised: [Invalid ComputePipeline "Concat"] is invalid.
 - While Validating GetBindGroupLayout (0) on [Invalid ComputePipeline "Concat"]

[18.4s] error: An uncaught WebGPU validation error was raised: [Invalid BindGroupLayout (unlabeled)] is invalid.
 - While validating [BindGroupDescriptor ""Concat""] against [Invalid BindGroupLayout (unlabeled)]
 - While calling [Device].CreateBindGroup([BindGroupDescriptor ""Concat""]).

[18.4s] error: An uncaught WebGPU validation error was raised: [Invalid ComputePipeline "Transpose"] is invalid.
 - While Validating GetBindGroupLayout (0) on [Invalid ComputePipeline "Transpose"]

[18.4s] error: An uncaught WebGPU validation error was raised: [Invalid BindGroupLayout (unlabeled)] is invalid.
 - While validating [BindGroupDescriptor ""Transpose""] against [Invalid BindGroupLayout (unlabeled)]
 - While calling [Device].CreateBindGroup([BindGroupDescriptor ""Transpose""]).

[18.4s] error: An uncaught WebGPU validation error was raised: [Invalid ComputePipeline "Conv2DMatMul"] is invalid.
 - While Validating GetBindGroupLayout (0) on [Invalid ComputePipeline "Conv2DMatMul"]

[18.4s] error: An uncaught WebGPU validation error was raised: [Invalid BindGroupLayout (unlabeled)] is invalid.
 - While validating [BindGroupDescriptor ""Conv2DMatMul""] against [Invalid BindGroupLayout (unlabeled)]
 - While calling [Device].CreateBindGroup([BindGroupDescriptor ""Conv2DMatMul""]).

[18.4s] error: An uncaught WebGPU validation error was raised: [Invalid ComputePipeline "Conv2DMatMul"] is invalid.
 - While Validating GetBindGroupLayout (0) on [Invalid ComputePipeline "Conv2DMatMul"]

[18.4s] error: An uncaught WebGPU validation error was raised: [Invalid BindGroupLayout (unlabeled)] is invalid.
 - While validating [BindGroupDescriptor ""Conv2DMatMul""] against [Invalid BindGroupLayout (unlabeled)]
 - While calling [Device].CreateBindGroup([BindGroupDescriptor ""Conv2DMatMul""]).

[18.4s] error: An uncaught WebGPU validation error was raised: [Invalid ComputePipeline "Cast"] is invalid.
 - While Validating GetBindGroupLayout (0) on [Invalid ComputePipeline "Cast"]

[18.4s] error: An uncaught WebGPU validation error was raised: [Invalid BindGroupLayout (unlabeled)] is invalid.
 - While validating [BindGroupDescriptor ""Cast""] against [Invalid BindGroupLayout (unlabeled)]
 - While calling [Device].CreateBindGroup([BindGroupDescriptor ""Cast""]).

[18.4s] error: An uncaught WebGPU validation error was raised: [Invalid ComputePipeline "Cast"] is invalid.
 - While Validating GetBindGroupLayout (0) on [Invalid ComputePipeline "Cast"]

[18.4s] error: An uncaught WebGPU validation error was raised: [Invalid BindGroupLayout (unlabeled)] is invalid.
 - While validating [BindGroupDescriptor ""Cast""] against [Invalid BindGroupLayout (unlabeled)]
 - While calling [Device].CreateBindGroup([BindGroupDescriptor ""Cast""]).

[18.4s] error: An uncaught WebGPU validation error was raised: [Invalid ComputePipeline "Concat"] is invalid.
 - While Validating GetBindGroupLayout (0) on [Invalid ComputePipeline "Concat"]

[18.4s] error: An uncaught WebGPU validation error was raised: [Invalid BindGroupLayout (unlabeled)] is invalid.
 - While validating [BindGroupDescriptor ""Concat""] against [Invalid BindGroupLayout (unlabeled)]
 - While calling [Device].CreateBindGroup([BindGroupDescriptor ""Concat""]).

[18.4s] error: An uncaught WebGPU validation error was raised: [Invalid ComputePipeline "Transpose"] is invalid.
 - While Validating GetBindGroupLayout (0) on [Invalid ComputePipeline "Transpose"]

[18.4s] error: An uncaught WebGPU validation error was raised: [Invalid BindGroupLayout (unlabeled)] is invalid.
 - While validating [BindGroupDescriptor ""Transpose""] against [Invalid BindGroupLayout (unlabeled)]
 - While calling [Device].CreateBindGroup([BindGroupDescriptor ""Transpose""]).

[18.4s] error: An uncaught WebGPU validation error was raised: [Invalid ComputePipeline "Conv2DMatMul"] is invalid.
 - While Validating GetBindGroupLayout (0) on [Invalid ComputePipeline "Conv2DMatMul"]

[18.4s] error: An uncaught WebGPU validation error was raised: [Invalid BindGroupLayout (unlabeled)] is invalid.
 - While validating [BindGroupDescriptor ""Conv2DMatMul""] against [Invalid BindGroupLayout (unlabeled)]
 - While calling [Device].CreateBindGroup([BindGroupDescriptor ""Conv2DMatMul""]).

[18.4s] error: An uncaught WebGPU validation error was raised: [Invalid ComputePipeline "Conv2DMatMul"] is invalid.
 - While Validating GetBindGroupLayout (0) on [Invalid ComputePipeline "Conv2DMatMul"]

[18.4s] error: An uncaught WebGPU validation error was raised: [Invalid BindGroupLayout (unlabeled)] is invalid.
 - While validating [BindGroupDescriptor ""Conv2DMatMul""] against [Invalid BindGroupLayout (unlabeled)]
 - While calling [Device].CreateBindGroup([BindGroupDescriptor ""Conv2DMatMul""]).

[18.4s] error: An uncaught WebGPU validation error was raised: [Invalid ComputePipeline "Cast"] is invalid.
 - While Validating GetBindGroupLayout (0) on [Invalid ComputePipeline "Cast"]

[18.4s] error: An uncaught WebGPU validation error was raised: [Invalid BindGroupLayout (unlabeled)] is invalid.
 - While validating [BindGroupDescriptor ""Cast""] against [Invalid BindGroupLayout (unlabeled)]
 - While calling [Device].CreateBindGroup([BindGroupDescriptor ""Cast""]).

[18.4s] error: An uncaught WebGPU validation error was raised: [Invalid ComputePipeline "Cast"] is invalid.
 - While Validating GetBindGroupLayout (0) on [Invalid ComputePipeline "Cast"]

[18.4s] error: An uncaught WebGPU validation error was raised: [Invalid BindGroupLayout (unlabeled)] is invalid.
 - While validating [BindGroupDescriptor ""Cast""] against [Invalid BindGroupLayout (unlabeled)]
 - While calling [Device].CreateBindGroup([BindGroupDescriptor ""Cast""]).

[18.4s] error: An uncaught WebGPU validation error was raised: [Invalid ComputePipeline "Concat"] is invalid.
 - While encoding [ComputePassEncoder (unlabeled)].SetPipeline([Invalid ComputePipeline "Concat"]).
 - While finishing [CommandEncoder (unlabeled)].

[18.4s] error: An uncaught WebGPU validation error was raised: [Invalid CommandBuffer] is invalid.
 - While calling [Queue].Submit([[Invalid CommandBuffer]])

[18.4s] error: An uncaught WebGPU validation error was raised: [Invalid ComputePipeline "Concat"] is invalid.
 - While Validating GetBindGroupLayout (0) on [Invalid ComputePipeline "Concat"]

[18.4s] error: An uncaught WebGPU validation error was raised: [Invalid BindGroupLayout (unlabeled)] is invalid.
 - While validating [BindGroupDescriptor ""Concat""] against [Invalid BindGroupLayout (unlabeled)]
 - While calling [Device].CreateBindGroup([BindGroupDescriptor ""Concat""]).

[18.4s] error: An uncaught WebGPU validation error was raised: [Invalid ComputePipeline "Transpose"] is invalid.
 - While Validating GetBindGroupLayout (0) on [Invalid ComputePipeline "Transpose"]

[18.4s] error: An uncaught WebGPU validation error was raised: [Invalid BindGroupLayout (unlabeled)] is invalid.
 - While validating [BindGroupDescriptor ""Transpose""] against [Invalid BindGroupLayout (unlabeled)]
 - While calling [Device].CreateBindGroup([BindGroupDescriptor ""Transpose""]).

[18.4s] error: An uncaught WebGPU validation error was raised: [Invalid ComputePipeline "Conv2DMatMul"] is invalid.
 - While Validating GetBindGroupLayout (0) on [Invalid ComputePipeline "Conv2DMatMul"]

[18.4s] error: An uncaught WebGPU validation error was raised: [Invalid BindGroupLayout (unlabeled)] is invalid.
 - While validating [BindGroupDescriptor ""Conv2DMatMul""] against [Invalid BindGroupLayout (unlabeled)]
 - While calling [Device].CreateBindGroup([BindGroupDescriptor ""Conv2DMatMul""]).

[18.4s] error: An uncaught WebGPU validation error was raised: [Invalid ComputePipeline "Conv2DMatMul"] is invalid.
 - While Validating GetBindGroupLayout (0) on [Invalid ComputePipeline "Conv2DMatMul"]

[18.4s] error: An uncaught WebGPU validation error was raised: [Invalid BindGroupLayout (unlabeled)] is invalid.
 - While validating [BindGroupDescriptor ""Conv2DMatMul""] against [Invalid BindGroupLayout (unlabeled)]
 - While calling [Device].CreateBindGroup([BindGroupDescriptor ""Conv2DMatMul""]).

[18.4s] error: An uncaught WebGPU validation error was raised: [Invalid ComputePipeline "Cast"] is invalid.
 - While Validating GetBindGroupLayout (0) on [Invalid ComputePipeline "Cast"]

[18.4s] error: An uncaught WebGPU validation error was raised: [Invalid BindGroupLayout (unlabeled)] is invalid.
 - While validating [BindGroupDescriptor ""Cast""] against [Invalid BindGroupLayout (unlabeled)]
 - While calling [Device].CreateBindGroup([BindGroupDescriptor ""Cast""]).

[18.4s] error: An uncaught WebGPU validation error was raised: [Invalid ComputePipeline "Cast"] is invalid.
 - While Validating GetBindGroupLayout (0) on [Invalid ComputePipeline "Cast"]

[18.4s] error: An uncaught WebGPU validation error was raised: [Invalid BindGroupLayout (unlabeled)] is invalid.
 - While validating [BindGroupDescriptor ""Cast""] against [Invalid BindGroupLayout (unlabeled)]
 - While calling [Device].CreateBindGroup([BindGroupDescriptor ""Cast""]).

[18.4s] error: An uncaught WebGPU validation error was raised: [Invalid ComputePipeline "Concat"] is invalid.
 - While Validating GetBindGroupLayout (0) on [Invalid ComputePipeline "Concat"]

[18.4s] error: An uncaught WebGPU validation error was raised: [Invalid BindGroupLayout (unlabeled)] is invalid.
 - While validating [BindGroupDescriptor ""Concat""] against [Invalid BindGroupLayout (unlabeled)]
 - While calling [Device].CreateBindGroup([BindGroupDescriptor ""Concat""]).

[18.4s] error: An uncaught WebGPU validation error was raised: [Invalid ComputePipeline "Transpose"] is invalid.
 - While Validating GetBindGroupLayout (0) on [Invalid ComputePipeline "Transpose"]

[18.4s] error: An uncaught WebGPU validation error was raised: [Invalid BindGroupLayout (unlabeled)] is invalid.
 - While validating [BindGroupDescriptor ""Transpose""] against [Invalid BindGroupLayout (unlabeled)]
 - While calling [Device].CreateBindGroup([BindGroupDescriptor ""Transpose""]).

[18.4s] error: An uncaught WebGPU validation error was raised: [Invalid ComputePipeline "Conv2DMatMul"] is invalid.
 - While Validating GetBindGroupLayout (0) on [Invalid ComputePipeline "Conv2DMatMul"]

[18.4s] error: An uncaught WebGPU validation error was raised: [Invalid BindGroupLayout (unlabeled)] is invalid.
 - While validating [BindGroupDescriptor ""Conv2DMatMul""] against [Invalid BindGroupLayout (unlabeled)]
 - While calling [Device].CreateBindGroup([BindGroupDescriptor ""Conv2DMatMul""]).

[18.4s] error: An uncaught WebGPU validation error was raised: [Invalid ComputePipeline "Conv2DMatMul"] is invalid.
 - While Validating GetBindGroupLayout (0) on [Invalid ComputePipeline "Conv2DMatMul"]

[18.4s] error: An uncaught WebGPU validation error was raised: [Invalid BindGroupLayout (unlabeled)] is invalid.
 - While validating [BindGroupDescriptor ""Conv2DMatMul""] against [Invalid BindGroupLayout (unlabeled)]
 - While calling [Device].CreateBindGroup([BindGroupDescriptor ""Conv2DMatMul""]).

[18.4s] error: An uncaught WebGPU validation error was raised: [Invalid ComputePipeline "Cast"] is invalid.
 - While Validating GetBindGroupLayout (0) on [Invalid ComputePipeline "Cast"]

[18.4s] error: An uncaught WebGPU validation error was raised: [Invalid BindGroupLayout (unlabeled)] is invalid.
 - While validating [BindGroupDescriptor ""Cast""] against [Invalid BindGroupLayout (unlabeled)]
 - While calling [Device].CreateBindGroup([BindGroupDescriptor ""Cast""]).

[18.4s] error: An uncaught WebGPU validation error was raised: [Invalid ComputePipeline "Cast"] is invalid.
 - While Validating GetBindGroupLayout (0) on [Invalid ComputePipeline "Cast"]

[18.4s] error: An uncaught WebGPU validation error was raised: [Invalid BindGroupLayout (unlabeled)] is invalid.
 - While validating [BindGroupDescriptor ""Cast""] against [Invalid BindGroupLayout (unlabeled)]
 - While calling [Device].CreateBindGroup([BindGroupDescriptor ""Cast""]).

[18.4s] error: An uncaught WebGPU validation error was raised: [Invalid ComputePipeline "Concat"] is invalid.
 - While encoding [ComputePassEncoder (unlabeled)].SetPipeline([Invalid ComputePipeline "Concat"]).
 - While finishing [CommandEncoder (unlabeled)].

[18.4s] error: An uncaught WebGPU validation error was raised: [Invalid CommandBuffer] is invalid.
 - While calling [Queue].Submit([[Invalid CommandBuffer]])

[18.4s] error: An uncaught WebGPU validation error was raised: [Invalid ComputePipeline "Transpose"] is invalid.
 - While Validating GetBindGroupLayout (0) on [Invalid ComputePipeline "Transpose"]

[18.4s] error: An uncaught WebGPU validation error was raised: [Invalid BindGroupLayout (unlabeled)] is invalid.
 - While validating [BindGroupDescriptor ""Transpose""] against [Invalid BindGroupLayout (unlabeled)]
 - While calling [Device].CreateBindGroup([BindGroupDescriptor ""Transpose""]).

[18.4s] error: An uncaught WebGPU validation error was raised: [Invalid ComputePipeline "Conv2DMatMul"] is invalid.
 - While Validating GetBindGroupLayout (0) on [Invalid ComputePipeline "Conv2DMatMul"]

[18.4s] error: An uncaught WebGPU validation error was raised: [Invalid BindGroupLayout (unlabeled)] is invalid.
 - While validating [BindGroupDescriptor ""Conv2DMatMul""] against [Invalid BindGroupLayout (unlabeled)]
 - While calling [Device].CreateBindGroup([BindGroupDescriptor ""Conv2DMatMul""]).

[18.4s] error: An uncaught WebGPU validation error was raised: [Invalid ComputePipeline "Conv2DMatMul"] is invalid.
 - While Validating GetBindGroupLayout (0) on [Invalid ComputePipeline "Conv2DMatMul"]

[18.4s] error: An uncaught WebGPU validation error was raised: [Invalid BindGroupLayout (unlabeled)] is invalid.
 - While validating [BindGroupDescriptor ""Conv2DMatMul""] against [Invalid BindGroupLayout (unlabeled)]
 - While calling [Device].CreateBindGroup([BindGroupDescriptor ""Conv2DMatMul""]).

[18.4s] error: An uncaught WebGPU validation error was raised: [Invalid ComputePipeline "Conv2DMatMul"] is invalid.
 - While Validating GetBindGroupLayout (0) on [Invalid ComputePipeline "Conv2DMatMul"]

[18.4s] error: An uncaught WebGPU validation error was raised: [Invalid BindGroupLayout (unlabeled)] is invalid.
 - While validating [BindGroupDescriptor ""Conv2DMatMul""] against [Invalid BindGroupLayout (unlabeled)]
 - While calling [Device].CreateBindGroup([BindGroupDescriptor ""Conv2DMatMul""]).

[18.4s] error: An uncaught WebGPU validation error was raised: [Invalid ComputePipeline "Transpose"] is invalid.
 - While Validating GetBindGroupLayout (0) on [Invalid ComputePipeline "Transpose"]

[18.4s] error: An uncaught WebGPU validation error was raised: [Invalid BindGroupLayout (unlabeled)] is invalid.
 - While validating [BindGroupDescriptor ""Transpose""] against [Invalid BindGroupLayout (unlabeled)]
 - While calling [Device].CreateBindGroup([BindGroupDescriptor ""Transpose""]).

[18.4s] error: An uncaught WebGPU validation error was raised: [Invalid ComputePipeline "Transpose"] is invalid.
 - While encoding [ComputePassEncoder (unlabeled)].SetPipeline([Invalid ComputePipeline "Transpose"]).
 - While finishing [CommandEncoder (unlabeled)].

[18.4s] error: An uncaught WebGPU validation error was raised: [Invalid CommandBuffer] is invalid.
 - While calling [Queue].Submit([[Invalid CommandBuffer]])

[18.4s] error: An uncaught WebGPU validation error was raised: [Invalid ComputePipeline "Sub"] is invalid.
 - While Validating GetBindGroupLayout (0) on [Invalid ComputePipeline "Sub"]

[18.4s] error: An uncaught WebGPU validation error was raised: [Invalid BindGroupLayout (unlabeled)] is invalid.
 - While validating [BindGroupDescriptor ""Sub""] against [Invalid BindGroupLayout (unlabeled)]
 - While calling [Device].CreateBindGroup([BindGroupDescriptor ""Sub""]).

[18.4s] error: An uncaught WebGPU validation error was raised: [Invalid ComputePipeline "Div"] is invalid.
 - While Validating GetBindGroupLayout (0) on [Invalid ComputePipeline "Div"]

[18.4s] error: An uncaught WebGPU validation error was raised: [Invalid BindGroupLayout (unlabeled)] is invalid.
 - While validating [BindGroupDescriptor ""Div""] against [Invalid BindGroupLayout (unlabeled)]
 - While calling [Device].CreateBindGroup([BindGroupDescriptor ""Div""]).

[18.4s] error: An uncaught WebGPU validation error was raised: [Invalid ComputePipeline "Transpose"] is invalid.
 - While Validating GetBindGroupLayout (0) on [Invalid ComputePipeline "Transpose"]

[18.4s] error: An uncaught WebGPU validation error was raised: [Invalid BindGroupLayout (unlabeled)] is invalid.
 - While validating [BindGroupDescriptor ""Transpose""] against [Invalid BindGroupLayout (unlabeled)]
 - While calling [Device].CreateBindGroup([BindGroupDescriptor ""Transpose""]).

[18.4s] error: An uncaught WebGPU validation error was raised: [Invalid ComputePipeline "Conv2DMatMul"] is invalid.
 - While Validating GetBindGroupLayout (0) on [Invalid ComputePipeline "Conv2DMatMul"]

[18.4s] error: An uncaught WebGPU validation error was raised: [Invalid BindGroupLayout (unlabeled)] is invalid.
 - While validating [BindGroupDescriptor ""Conv2DMatMul""] against [Invalid BindGroupLayout (unlabeled)]
 - While calling [Device].CreateBindGroup([BindGroupDescriptor ""Conv2DMatMul""]).

[18.4s] error: An uncaught WebGPU validation error was raised: [Invalid ComputePipeline "Transpose"] is invalid.
 - While Validating GetBindGroupLayout (0) on [Invalid ComputePipeline "Transpose"]

[18.4s] error: An uncaught WebGPU validation error was raised: [Invalid BindGroupLayout (unlabeled)] is invalid.
 - While validating [BindGroupDescriptor ""Transpose""] against [Invalid BindGroupLayout (unlabeled)]
 - While calling [Device].CreateBindGroup([BindGroupDescriptor ""Transpose""]).

[18.4s] error: An uncaught WebGPU validation error was raised: [Invalid ComputePipeline "MaxPool"] is invalid.
 - While Validating GetBindGroupLayout (0) on [Invalid ComputePipeline "MaxPool"]

[18.4s] error: An uncaught WebGPU validation error was raised: [Invalid BindGroupLayout (unlabeled)] is invalid.
 - While validating [BindGroupDescriptor ""MaxPool""] against [Invalid BindGroupLayout (unlabeled)]
 - While calling [Device].CreateBindGroup([BindGroupDescriptor ""MaxPool""]).

[18.4s] error: An uncaught WebGPU validation error was raised: [Invalid ComputePipeline "Conv2DMatMul"] is invalid.
 - While Validating GetBindGroupLayout (0) on [Invalid ComputePipeline "Conv2DMatMul"]

[18.4s] error: An uncaught WebGPU validation error was raised: [Invalid BindGroupLayout (unlabeled)] is invalid.
 - While validating [BindGroupDescriptor ""Conv2DMatMul""] against [Invalid BindGroupLayout (unlabeled)]
 - While calling [Device].CreateBindGroup([BindGroupDescriptor ""Conv2DMatMul""]).

[18.4s] error: An uncaught WebGPU validation error was raised: [Invalid ComputePipeline "Conv2DMatMul"] is invalid.
 - While Validating GetBindGroupLayout (0) on [Invalid ComputePipeline "Conv2DMatMul"]

[18.4s] error: An uncaught WebGPU validation error was raised: [Invalid BindGroupLayout (unlabeled)] is invalid.
 - While validating [BindGroupDescriptor ""Conv2DMatMul""] against [Invalid BindGroupLayout (unlabeled)]
 - While calling [Device].CreateBindGroup([BindGroupDescriptor ""Conv2DMatMul""]).

[18.4s] error: An uncaught WebGPU validation error was raised: [Invalid ComputePipeline "Add"] is invalid.
 - While Validating GetBindGroupLayout (0) on [Invalid ComputePipeline "Add"]

[18.4s] error: An uncaught WebGPU validation error was raised: [Invalid BindGroupLayout (unlabeled)] is invalid.
 - While validating [BindGroupDescriptor ""Add""] against [Invalid BindGroupLayout (unlabeled)]
 - While calling [Device].CreateBindGroup([BindGroupDescriptor ""Add""]).

[18.4s] error: An uncaught WebGPU validation error was raised: [Invalid ComputePipeline "Relu"] is invalid.
 - While Validating GetBindGroupLayout (0) on [Invalid ComputePipeline "Relu"]

[18.4s] error: An uncaught WebGPU validation error was raised: [Invalid BindGroupLayout (unlabeled)] is invalid.
 - While validating [BindGroupDescriptor ""Relu""] against [Invalid BindGroupLayout (unlabeled)]
 - While calling [Device].CreateBindGroup([BindGroupDescriptor ""Relu""]).

[18.4s] error: An uncaught WebGPU validation error was raised: [Invalid ComputePipeline "Conv2DMatMul"] is invalid.
 - While Validating GetBindGroupLayout (0) on [Invalid ComputePipeline "Conv2DMatMul"]

[18.4s] error: An uncaught WebGPU validation error was raised: [Invalid BindGroupLayout (unlabeled)] is invalid.
 - While validating [BindGroupDescriptor ""Conv2DMatMul""] against [Invalid BindGroupLayout (unlabeled)]
 - While calling [Device].CreateBindGroup([BindGroupDescriptor ""Conv2DMatMul""]).

[18.4s] error: An uncaught WebGPU validation error was raised: [Invalid ComputePipeline "Conv2DMatMul"] is invalid.
 - While Validating GetBindGroupLayout (0) on [Invalid ComputePipeline "Conv2DMatMul"]

[18.4s] error: An uncaught WebGPU validation error was raised: [Invalid BindGroupLayout (unlabeled)] is invalid.
 - While validating [BindGroupDescriptor ""Conv2DMatMul""] against [Invalid BindGroupLayout (unlabeled)]
 - While calling [Device].CreateBindGroup([BindGroupDescriptor ""Conv2DMatMul""]).

[18.4s] error: An uncaught WebGPU validation error was raised: [Invalid ComputePipeline "Add"] is invalid.
 - While Validating GetBindGroupLayout (0) on [Invalid ComputePipeline "Add"]

[18.4s] error: An uncaught WebGPU validation error was raised: [Invalid BindGroupLayout (unlabeled)] is invalid.
 - While validating [BindGroupDescriptor ""Add""] against [Invalid BindGroupLayout (unlabeled)]
 - While calling [Device].CreateBindGroup([BindGroupDescriptor ""Add""]).

[18.4s] error: An uncaught WebGPU validation error was raised: [Invalid ComputePipeline "Relu"] is invalid.
 - While Validating GetBindGroupLayout (0) on [Invalid ComputePipeline "Relu"]

[18.4s] error: An uncaught WebGPU validation error was raised: [Invalid BindGroupLayout (unlabeled)] is invalid.
 - While validating [BindGroupDescriptor ""Relu""] against [Invalid BindGroupLayout (unlabeled)]
 - While calling [Device].CreateBindGroup([BindGroupDescriptor ""Relu""]).

[18.4s] error: An uncaught WebGPU validation error was raised: [Invalid ComputePipeline "Transpose"] is invalid.
 - While Validating GetBindGroupLayout (0) on [Invalid ComputePipeline "Transpose"]

[18.4s] error: An uncaught WebGPU validation error was raised: [Invalid BindGroupLayout (unlabeled)] is invalid.
 - While validating [BindGroupDescriptor ""Transpose""] against [Invalid BindGroupLayout (unlabeled)]
 - While calling [Device].CreateBindGroup([BindGroupDescriptor ""Transpose""]).

[18.4s] error: An uncaught WebGPU validation error was raised: [Invalid ComputePipeline "Conv2DMatMul"] is invalid.
 - While Validating GetBindGroupLayout (0) on [Invalid ComputePipeline "Conv2DMatMul"]

[18.4s] error: An uncaught WebGPU validation error was raised: [Invalid BindGroupLayout (unlabeled)] is invalid.
 - While validating [BindGroupDescriptor ""Conv2DMatMul""] against [Invalid BindGroupLayout (unlabeled)]
 - While calling [Device].CreateBindGroup([BindGroupDescriptor ""Conv2DMatMul""]).

[18.4s] error: An uncaught WebGPU validation error was raised: [Invalid ComputePipeline "Sub"] is invalid.
 - While encoding [ComputePassEncoder (unlabeled)].SetPipeline([Invalid ComputePipeline "Sub"]).
 - While finishing [CommandEncoder (unlabeled)].

[18.4s] error: An uncaught WebGPU validation error was raised: [Invalid CommandBuffer] is invalid.
 - While calling [Queue].Submit([[Invalid CommandBuffer]])

[18.4s] error: An uncaught WebGPU validation error was raised: [Invalid ComputePipeline "Conv2DMatMul"] is invalid.
 - While Validating GetBindGroupLayout (0) on [Invalid ComputePipeline "Conv2DMatMul"]

[18.4s] error: An uncaught WebGPU validation error was raised: [Invalid BindGroupLayout (unlabeled)] is invalid.
 - While validating [BindGroupDescriptor ""Conv2DMatMul""] against [Invalid BindGroupLayout (unlabeled)]
 - While calling [Device].CreateBindGroup([BindGroupDescriptor ""Conv2DMatMul""]).

[18.4s] error: An uncaught WebGPU validation error was raised: [Invalid ComputePipeline "Conv2DMatMul"] is invalid.
 - While Validating GetBindGroupLayout (0) on [Invalid ComputePipeline "Conv2DMatMul"]

[18.4s] error: An uncaught WebGPU validation error was raised: [Invalid BindGroupLayout (unlabeled)] is invalid.
 - While validating [BindGroupDescriptor ""Conv2DMatMul""] against [Invalid BindGroupLayout (unlabeled)]
 - While calling [Device].CreateBindGroup([BindGroupDescriptor ""Conv2DMatMul""]).

[18.4s] error: An uncaught WebGPU validation error was raised: [Invalid ComputePipeline "Add"] is invalid.
 - While Validating GetBindGroupLayout (0) on [Invalid ComputePipeline "Add"]

[18.4s] error: An uncaught WebGPU validation error was raised: [Invalid BindGroupLayout (unlabeled)] is invalid.
 - While validating [BindGroupDescriptor ""Add""] against [Invalid BindGroupLayout (unlabeled)]
 - While calling [Device].CreateBindGroup([BindGroupDescriptor ""Add""]).

[18.4s] error: An uncaught WebGPU validation error was raised: [Invalid ComputePipeline "Relu"] is invalid.
 - While Validating GetBindGroupLayout (0) on [Invalid ComputePipeline "Relu"]

[18.4s] error: An uncaught WebGPU validation error was raised: [Invalid BindGroupLayout (unlabeled)] is invalid.
 - While validating [BindGroupDescriptor ""Relu""] against [Invalid BindGroupLayout (unlabeled)]
 - While calling [Device].CreateBindGroup([BindGroupDescriptor ""Relu""]).

[18.4s] error: An uncaught WebGPU validation error was raised: [Invalid ComputePipeline "Conv2DMatMul"] is invalid.
 - While Validating GetBindGroupLayout (0) on [Invalid ComputePipeline "Conv2DMatMul"]

[18.4s] error: An uncaught WebGPU validation error was raised: [Invalid BindGroupLayout (unlabeled)] is invalid.
 - While validating [BindGroupDescriptor ""Conv2DMatMul""] against [Invalid BindGroupLayout (unlabeled)]
 - While calling [Device].CreateBindGroup([BindGroupDescriptor ""Conv2DMatMul""]).

[18.4s] error: An uncaught WebGPU validation error was raised: [Invalid ComputePipeline "Conv2DMatMul"] is invalid.
 - While Validating GetBindGroupLayout (0) on [Invalid ComputePipeline "Conv2DMatMul"]

[18.4s] error: An uncaught WebGPU validation error was raised: [Invalid BindGroupLayout (unlabeled)] is invalid.
 - While validating [BindGroupDescriptor ""Conv2DMatMul""] against [Invalid BindGroupLayout (unlabeled)]
 - While calling [Device].CreateBindGroup([BindGroupDescriptor ""Conv2DMatMul""]).

[18.4s] error: An uncaught WebGPU validation error was raised: [Invalid ComputePipeline "Add"] is invalid.
 - While Validating GetBindGroupLayout (0) on [Invalid ComputePipeline "Add"]

[18.4s] error: An uncaught WebGPU validation error was raised: [Invalid BindGroupLayout (unlabeled)] is invalid.
 - While validating [BindGroupDescriptor ""Add""] against [Invalid BindGroupLayout (unlabeled)]
 - While calling [Device].CreateBindGroup([BindGroupDescriptor ""Add""]).

[18.4s] error: An uncaught WebGPU validation error was raised: [Invalid ComputePipeline "Relu"] is invalid.
 - While Validating GetBindGroupLayout (0) on [Invalid ComputePipeline "Relu"]

[18.4s] error: An uncaught WebGPU validation error was raised: [Invalid BindGroupLayout (unlabeled)] is invalid.
 - While validating [BindGroupDescriptor ""Relu""] against [Invalid BindGroupLayout (unlabeled)]
 - While calling [Device].CreateBindGroup([BindGroupDescriptor ""Relu""]).

[18.4s] error: An uncaught WebGPU validation error was raised: [Invalid ComputePipeline "Transpose"] is invalid.
 - While Validating GetBindGroupLayout (0) on [Invalid ComputePipeline "Transpose"]

[18.4s] error: An uncaught WebGPU validation error was raised: [Invalid BindGroupLayout (unlabeled)] is invalid.
 - While validating [BindGroupDescriptor ""Transpose""] against [Invalid BindGroupLayout (unlabeled)]
 - While calling [Device].CreateBindGroup([BindGroupDescriptor ""Transpose""]).

[18.4s] error: An uncaught WebGPU validation error was raised: [Invalid ComputePipeline "Conv2DMatMul"] is invalid.
 - While Validating GetBindGroupLayout (0) on [Invalid ComputePipeline "Conv2DMatMul"]

[18.4s] error: An uncaught WebGPU validation error was raised: [Invalid BindGroupLayout (unlabeled)] is invalid.
 - While validating [BindGroupDescriptor ""Conv2DMatMul""] against [Invalid BindGroupLayout (unlabeled)]
 - While calling [Device].CreateBindGroup([BindGroupDescriptor ""Conv2DMatMul""]).

[18.4s] error: An uncaught WebGPU validation error was raised: [Invalid ComputePipeline "Conv2DMatMul"] is invalid.
 - While Validating GetBindGroupLayout (0) on [Invalid ComputePipeline "Conv2DMatMul"]

[18.4s] error: An uncaught WebGPU validation error was raised: [Invalid BindGroupLayout (unlabeled)] is invalid.
 - While validating [BindGroupDescriptor ""Conv2DMatMul""] against [Invalid BindGroupLayout (unlabeled)]
 - While calling [Device].CreateBindGroup([BindGroupDescriptor ""Conv2DMatMul""]).

[18.4s] error: An uncaught WebGPU validation error was raised: [Invalid ComputePipeline "Conv2DMatMul"] is invalid.
 - While Validating GetBindGroupLayout (0) on [Invalid ComputePipeline "Conv2DMatMul"]

[18.4s] error: An uncaught WebGPU validation error was raised: [Invalid BindGroupLayout (unlabeled)] is invalid.
 - While validating [BindGroupDescriptor ""Conv2DMatMul""] against [Invalid BindGroupLayout (unlabeled)]
 - While calling [Device].CreateBindGroup([BindGroupDescriptor ""Conv2DMatMul""]).

[18.4s] error: An uncaught WebGPU validation error was raised: [Invalid ComputePipeline "Add"] is invalid.
 - While Validating GetBindGroupLayout (0) on [Invalid ComputePipeline "Add"]

[18.4s] error: An uncaught WebGPU validation error was raised: [Invalid BindGroupLayout (unlabeled)] is invalid.
 - While validating [BindGroupDescriptor ""Add""] against [Invalid BindGroupLayout (unlabeled)]
 - While calling [Device].CreateBindGroup([BindGroupDescriptor ""Add""]).

[18.4s] error: An uncaught WebGPU validation error was raised: [Invalid ComputePipeline "Relu"] is invalid.
 - While Validating GetBindGroupLayout (0) on [Invalid ComputePipeline "Relu"]

[18.4s] error: An uncaught WebGPU validation error was raised: [Invalid BindGroupLayout (unlabeled)] is invalid.
 - While validating [BindGroupDescriptor ""Relu""] against [Invalid BindGroupLayout (unlabeled)]
 - While calling [Device].CreateBindGroup([BindGroupDescriptor ""Relu""]).

[18.4s] error: An uncaught WebGPU validation error was raised: [Invalid ComputePipeline "Conv2DMatMul"] is invalid.
 - While Validating GetBindGroupLayout (0) on [Invalid ComputePipeline "Conv2DMatMul"]

[18.4s] error: An uncaught WebGPU validation error was raised: [Invalid BindGroupLayout (unlabeled)] is invalid.
 - While validating [BindGroupDescriptor ""Conv2DMatMul""] against [Invalid BindGroupLayout (unlabeled)]
 - While calling [Device].CreateBindGroup([BindGroupDescriptor ""Conv2DMatMul""]).

[18.4s] error: An uncaught WebGPU validation error was raised: [Invalid ComputePipeline "Conv2DMatMul"] is invalid.
 - While Validating GetBindGroupLayout (0) on [Invalid ComputePipeline "Conv2DMatMul"]

[18.4s] error: An uncaught WebGPU validation error was raised: [Invalid BindGroupLayout (unlabeled)] is invalid.
 - While validating [BindGroupDescriptor ""Conv2DMatMul""] against [Invalid BindGroupLayout (unlabeled)]
 - While calling [Device].CreateBindGroup([BindGroupDescriptor ""Conv2DMatMul""]).

[18.4s] error: An uncaught WebGPU validation error was raised: [Invalid ComputePipeline "Conv2DMatMul"] is invalid.
 - While encoding [ComputePassEncoder (unlabeled)].SetPipeline([Invalid ComputePipeline "Conv2DMatMul"]).
 - While finishing [CommandEncoder (unlabeled)].

[18.4s] error: An uncaught WebGPU validation error was raised: [Invalid CommandBuffer] is invalid.
 - While calling [Queue].Submit([[Invalid CommandBuffer]])

[18.4s] error: An uncaught WebGPU validation error was raised: [Invalid ComputePipeline "Add"] is invalid.
 - While Validating GetBindGroupLayout (0) on [Invalid ComputePipeline "Add"]

[18.4s] error: An uncaught WebGPU validation error was raised: [Invalid BindGroupLayout (unlabeled)] is invalid.
 - While validating [BindGroupDescriptor ""Add""] against [Invalid BindGroupLayout (unlabeled)]
 - While calling [Device].CreateBindGroup([BindGroupDescriptor ""Add""]).

[18.4s] error: An uncaught WebGPU validation error was raised: [Invalid ComputePipeline "Relu"] is invalid.
 - While Validating GetBindGroupLayout (0) on [Invalid ComputePipeline "Relu"]

[18.4s] error: An uncaught WebGPU validation error was raised: [Invalid BindGroupLayout (unlabeled)] is invalid.
 - While validating [BindGroupDescriptor ""Relu""] against [Invalid BindGroupLayout (unlabeled)]
 - While calling [Device].CreateBindGroup([BindGroupDescriptor ""Relu""]).

[18.4s] error: An uncaught WebGPU validation error was raised: [Invalid ComputePipeline "Transpose"] is invalid.
 - While Validating GetBindGroupLayout (0) on [Invalid ComputePipeline "Transpose"]

[18.4s] error: An uncaught WebGPU validation error was raised: [Invalid BindGroupLayout (unlabeled)] is invalid.
 - While validating [BindGroupDescriptor ""Transpose""] against [Invalid BindGroupLayout (unlabeled)]
 - While calling [Device].CreateBindGroup([BindGroupDescriptor ""Transpose""]).

[18.4s] error: An uncaught WebGPU validation error was raised: [Invalid ComputePipeline "Conv2DMatMul"] is invalid.
 - While Validating GetBindGroupLayout (0) on [Invalid ComputePipeline "Conv2DMatMul"]

[18.4s] error: An uncaught WebGPU validation error was raised: [Invalid BindGroupLayout (unlabeled)] is invalid.
 - While validating [BindGroupDescriptor ""Conv2DMatMul""] against [Invalid BindGroupLayout (unlabeled)]
 - While calling [Device].CreateBindGroup([BindGroupDescriptor ""Conv2DMatMul""]).

[18.4s] error: An uncaught WebGPU validation error was raised: [Invalid ComputePipeline "Conv2DMatMul"] is invalid.
 - While Validating GetBindGroupLayout (0) on [Invalid ComputePipeline "Conv2DMatMul"]

[18.4s] error: An uncaught WebGPU validation error was raised: [Invalid BindGroupLayout (unlabeled)] is invalid.
 - While validating [BindGroupDescriptor ""Conv2DMatMul""] against [Invalid BindGroupLayout (unlabeled)]
 - While calling [Device].CreateBindGroup([BindGroupDescriptor ""Conv2DMatMul""]).

[18.4s] error: An uncaught WebGPU validation error was raised: [Invalid ComputePipeline "Conv2DMatMul"] is invalid.
 - While Validating GetBindGroupLayout (0) on [Invalid ComputePipeline "Conv2DMatMul"]

[18.4s] error: An uncaught WebGPU validation error was raised: [Invalid BindGroupLayout (unlabeled)] is invalid.
 - While validating [BindGroupDescriptor ""Conv2DMatMul""] against [Invalid BindGroupLayout (unlabeled)]
 - While calling [Device].CreateBindGroup([BindGroupDescriptor ""Conv2DMatMul""]).

[18.4s] error: An uncaught WebGPU validation error was raised: [Invalid ComputePipeline "Add"] is invalid.
 - While Validating GetBindGroupLayout (0) on [Invalid ComputePipeline "Add"]

[18.4s] error: An uncaught WebGPU validation error was raised: [Invalid BindGroupLayout (unlabeled)] is invalid.
 - While validating [BindGroupDescriptor ""Add""] against [Invalid BindGroupLayout (unlabeled)]
 - While calling [Device].CreateBindGroup([BindGroupDescriptor ""Add""]).

[18.4s] error: An uncaught WebGPU validation error was raised: [Invalid ComputePipeline "Relu"] is invalid.
 - While Validating GetBindGroupLayout (0) on [Invalid ComputePipeline "Relu"]

[18.4s] error: An uncaught WebGPU validation error was raised: [Invalid BindGroupLayout (unlabeled)] is invalid.
 - While validating [BindGroupDescriptor ""Relu""] against [Invalid BindGroupLayout (unlabeled)]
 - While calling [Device].CreateBindGroup([BindGroupDescriptor ""Relu""]).

[18.4s] error: An uncaught WebGPU validation error was raised: [Invalid ComputePipeline "Conv2DMatMul"] is invalid.
 - While Validating GetBindGroupLayout (0) on [Invalid ComputePipeline "Conv2DMatMul"]

[18.4s] error: An uncaught WebGPU validation error was raised: [Invalid BindGroupLayout (unlabeled)] is invalid.
 - While validating [BindGroupDescriptor ""Conv2DMatMul""] against [Invalid BindGroupLayout (unlabeled)]
 - While calling [Device].CreateBindGroup([BindGroupDescriptor ""Conv2DMatMul""]).

[18.4s] error: An uncaught WebGPU validation error was raised: [Invalid ComputePipeline "Conv2DMatMul"] is invalid.
 - While Validating GetBindGroupLayout (0) on [Invalid ComputePipeline "Conv2DMatMul"]

[18.4s] error: An uncaught WebGPU validation error was raised: [Invalid BindGroupLayout (unlabeled)] is invalid.
 - While validating [BindGroupDescriptor ""Conv2DMatMul""] against [Invalid BindGroupLayout (unlabeled)]
 - While calling [Device].CreateBindGroup([BindGroupDescriptor ""Conv2DMatMul""]).

[18.4s] error: An uncaught WebGPU validation error was raised: [Invalid ComputePipeline "Add"] is invalid.
 - While Validating GetBindGroupLayout (0) on [Invalid ComputePipeline "Add"]

[18.4s] error: An uncaught WebGPU validation error was raised: [Invalid BindGroupLayout (unlabeled)] is invalid.
 - While validating [BindGroupDescriptor ""Add""] against [Invalid BindGroupLayout (unlabeled)]
 - While calling [Device].CreateBindGroup([BindGroupDescriptor ""Add""]).

[18.4s] error: An uncaught WebGPU validation error was raised: [Invalid ComputePipeline "Relu"] is invalid.
 - While Validating GetBindGroupLayout (0) on [Invalid ComputePipeline "Relu"]

[18.4s] error: An uncaught WebGPU validation error was raised: [Invalid BindGroupLayout (unlabeled)] is invalid.
 - While validating [BindGroupDescriptor ""Relu""] against [Invalid BindGroupLayout (unlabeled)]
 - While calling [Device].CreateBindGroup([BindGroupDescriptor ""Relu""]).

[18.4s] error: An uncaught WebGPU validation error was raised: [Invalid ComputePipeline "Cast"] is invalid.
 - While Validating GetBindGroupLayout (0) on [Invalid ComputePipeline "Cast"]

[18.4s] error: An uncaught WebGPU validation error was raised: [Invalid BindGroupLayout (unlabeled)] is invalid.
 - While validating [BindGroupDescriptor ""Cast""] against [Invalid BindGroupLayout (unlabeled)]
 - While calling [Device].CreateBindGroup([BindGroupDescriptor ""Cast""]).

[18.4s] error: An uncaught WebGPU validation error was raised: [Invalid ComputePipeline "Cast"] is invalid.
 - While Validating GetBindGroupLayout (0) on [Invalid ComputePipeline "Cast"]

[18.4s] error: An uncaught WebGPU validation error was raised: [Invalid BindGroupLayout (unlabeled)] is invalid.
 - While validating [BindGroupDescriptor ""Cast""] against [Invalid BindGroupLayout (unlabeled)]
 - While calling [Device].CreateBindGroup([BindGroupDescriptor ""Cast""]).

[18.4s] error: An uncaught WebGPU validation error was raised: [Invalid ComputePipeline "Add"] is invalid.
 - While encoding [ComputePassEncoder (unlabeled)].SetPipeline([Invalid ComputePipeline "Add"]).
 - While finishing [CommandEncoder (unlabeled)].

[18.4s] error: An uncaught WebGPU validation error was raised: [Invalid CommandBuffer] is invalid.
 - While calling [Queue].Submit([[Invalid CommandBuffer]])

[18.4s] error: An uncaught WebGPU validation error was raised: [Invalid ComputePipeline "Concat"] is invalid.
 - While Validating GetBindGroupLayout (0) on [Invalid ComputePipeline "Concat"]

[18.4s] error: An uncaught WebGPU validation error was raised: [Invalid BindGroupLayout (unlabeled)] is invalid.
 - While validating [BindGroupDescriptor ""Concat""] against [Invalid BindGroupLayout (unlabeled)]
 - While calling [Device].CreateBindGroup([BindGroupDescriptor ""Concat""]).

[18.4s] error: An uncaught WebGPU validation error was raised: [Invalid ComputePipeline "Transpose"] is invalid.
 - While Validating GetBindGroupLayout (0) on [Invalid ComputePipeline "Transpose"]

[18.4s] error: An uncaught WebGPU validation error was raised: [Invalid BindGroupLayout (unlabeled)] is invalid.
 - While validating [BindGroupDescriptor ""Transpose""] against [Invalid BindGroupLayout (unlabeled)]
 - While calling [Device].CreateBindGroup([BindGroupDescriptor ""Transpose""]).

[18.5s] error: An uncaught WebGPU validation error was raised: [Invalid ComputePipeline "Conv2DMatMul"] is invalid.
 - While Validating GetBindGroupLayout (0) on [Invalid ComputePipeline "Conv2DMatMul"]

[18.5s] error: An uncaught WebGPU validation error was raised: [Invalid BindGroupLayout (unlabeled)] is invalid.
 - While validating [BindGroupDescriptor ""Conv2DMatMul""] against [Invalid BindGroupLayout (unlabeled)]
 - While calling [Device].CreateBindGroup([BindGroupDescriptor ""Conv2DMatMul""]).

[18.5s] error: An uncaught WebGPU validation error was raised: [Invalid ComputePipeline "Conv2DMatMul"] is invalid.
 - While Validating GetBindGroupLayout (0) on [Invalid ComputePipeline "Conv2DMatMul"]

[18.5s] error: An uncaught WebGPU validation error was raised: [Invalid BindGroupLayout (unlabeled)] is invalid.
 - While validating [BindGroupDescriptor ""Conv2DMatMul""] against [Invalid BindGroupLayout (unlabeled)]
 - While calling [Device].CreateBindGroup([BindGroupDescriptor ""Conv2DMatMul""]).

[18.5s] error: An uncaught WebGPU validation error was raised: [Invalid ComputePipeline "Cast"] is invalid.
 - While Validating GetBindGroupLayout (0) on [Invalid ComputePipeline "Cast"]

[18.5s] error: An uncaught WebGPU validation error was raised: [Invalid BindGroupLayout (unlabeled)] is invalid.
 - While validating [BindGroupDescriptor ""Cast""] against [Invalid BindGroupLayout (unlabeled)]
 - While calling [Device].CreateBindGroup([BindGroupDescriptor ""Cast""]).

[18.5s] error: An uncaught WebGPU validation error was raised: [Invalid ComputePipeline "Cast"] is invalid.
 - While Validating GetBindGroupLayout (0) on [Invalid ComputePipeline "Cast"]

[18.5s] error: An uncaught WebGPU validation error was raised: [Invalid BindGroupLayout (unlabeled)] is invalid.
 - While validating [BindGroupDescriptor ""Cast""] against [Invalid BindGroupLayout (unlabeled)]
 - While calling [Device].CreateBindGroup([BindGroupDescriptor ""Cast""]).

[18.5s] error: An uncaught WebGPU validation error was raised: [Invalid ComputePipeline "Concat"] is invalid.
 - While Validating GetBindGroupLayout (0) on [Invalid ComputePipeline "Concat"]

[18.5s] error: An uncaught WebGPU validation error was raised: [Invalid BindGroupLayout (unlabeled)] is invalid.
 - While validating [BindGroupDescriptor ""Concat""] against [Invalid BindGroupLayout (unlabeled)]
 - While calling [Device].CreateBindGroup([BindGroupDescriptor ""Concat""]).

[18.5s] error: An uncaught WebGPU validation error was raised: [Invalid ComputePipeline "Transpose"] is invalid.
 - While Validating GetBindGroupLayout (0) on [Invalid ComputePipeline "Transpose"]

[18.5s] error: An uncaught WebGPU validation error was raised: [Invalid BindGroupLayout (unlabeled)] is invalid.
 - While validating [BindGroupDescriptor ""Transpose""] against [Invalid BindGroupLayout (unlabeled)]
 - While calling [Device].CreateBindGroup([BindGroupDescriptor ""Transpose""]).

[18.5s] error: An uncaught WebGPU validation error was raised: [Invalid ComputePipeline "Conv2DMatMul"] is invalid.
 - While Validating GetBindGroupLayout (0) on [Invalid ComputePipeline "Conv2DMatMul"]

[18.5s] error: An uncaught WebGPU validation error was raised: [Invalid BindGroupLayout (unlabeled)] is invalid.
 - While validating [BindGroupDescriptor ""Conv2DMatMul""] against [Invalid BindGroupLayout (unlabeled)]
 - While calling [Device].CreateBindGroup([BindGroupDescriptor ""Conv2DMatMul""]).

[18.5s] error: An uncaught WebGPU validation error was raised: [Invalid ComputePipeline "Conv2DMatMul"] is invalid.
 - While Validating GetBindGroupLayout (0) on [Invalid ComputePipeline "Conv2DMatMul"]

[18.5s] error: An uncaught WebGPU validation error was raised: [Invalid BindGroupLayout (unlabeled)] is invalid.
 - While validating [BindGroupDescriptor ""Conv2DMatMul""] against [Invalid BindGroupLayout (unlabeled)]
 - While calling [Device].CreateBindGroup([BindGroupDescriptor ""Conv2DMatMul""]).

[18.5s] error: An uncaught WebGPU validation error was raised: [Invalid ComputePipeline "Cast"] is invalid.
 - While Validating GetBindGroupLayout (0) on [Invalid ComputePipeline "Cast"]

[18.5s] error: An uncaught WebGPU validation error was raised: [Invalid BindGroupLayout (unlabeled)] is invalid.
 - While validating [BindGroupDescriptor ""Cast""] against [Invalid BindGroupLayout (unlabeled)]
 - While calling [Device].CreateBindGroup([BindGroupDescriptor ""Cast""]).

[18.5s] error: An uncaught WebGPU validation error was raised: [Invalid ComputePipeline "Cast"] is invalid.
 - While Validating GetBindGroupLayout (0) on [Invalid ComputePipeline "Cast"]

[18.5s] error: An uncaught WebGPU validation error was raised: [Invalid BindGroupLayout (unlabeled)] is invalid.
 - While validating [BindGroupDescriptor ""Cast""] against [Invalid BindGroupLayout (unlabeled)]
 - While calling [Device].CreateBindGroup([BindGroupDescriptor ""Cast""]).

[18.5s] error: An uncaught WebGPU validation error was raised: [Invalid ComputePipeline "Concat"] is invalid.
 - While encoding [ComputePassEncoder (unlabeled)].SetPipeline([Invalid ComputePipeline "Concat"]).
 - While finishing [CommandEncoder (unlabeled)].

[18.5s] error: An uncaught WebGPU validation error was raised: [Invalid CommandBuffer] is invalid.
 - While calling [Queue].Submit([[Invalid CommandBuffer]])

[18.5s] error: An uncaught WebGPU validation error was raised: [Invalid ComputePipeline "Concat"] is invalid.
 - While Validating GetBindGroupLayout (0) on [Invalid ComputePipeline "Concat"]

[18.5s] error: An uncaught WebGPU validation error was raised: [Invalid BindGroupLayout (unlabeled)] is invalid.
 - While validating [BindGroupDescriptor ""Concat""] against [Invalid BindGroupLayout (unlabeled)]
 - While calling [Device].CreateBindGroup([BindGroupDescriptor ""Concat""]).

[18.5s] error: An uncaught WebGPU validation error was raised: [Invalid ComputePipeline "Transpose"] is invalid.
 - While Validating GetBindGroupLayout (0) on [Invalid ComputePipeline "Transpose"]

[18.5s] error: An uncaught WebGPU validation error was raised: [Invalid BindGroupLayout (unlabeled)] is invalid.
 - While validating [BindGroupDescriptor ""Transpose""] against [Invalid BindGroupLayout (unlabeled)]
 - While calling [Device].CreateBindGroup([BindGroupDescriptor ""Transpose""]).

[18.5s] error: An uncaught WebGPU validation error was raised: [Invalid ComputePipeline "Conv2DMatMul"] is invalid.
 - While Validating GetBindGroupLayout (0) on [Invalid ComputePipeline "Conv2DMatMul"]

[18.5s] error: An uncaught WebGPU validation error was raised: [Invalid BindGroupLayout (unlabeled)] is invalid.
 - While validating [BindGroupDescriptor ""Conv2DMatMul""] against [Invalid BindGroupLayout (unlabeled)]
 - While calling [Device].CreateBindGroup([BindGroupDescriptor ""Conv2DMatMul""]).

[18.5s] error: An uncaught WebGPU validation error was raised: [Invalid ComputePipeline "Conv2DMatMul"] is invalid.
 - While Validating GetBindGroupLayout (0) on [Invalid ComputePipeline "Conv2DMatMul"]

[18.5s] error: An uncaught WebGPU validation error was raised: [Invalid BindGroupLayout (unlabeled)] is invalid.
 - While validating [BindGroupDescriptor ""Conv2DMatMul""] against [Invalid BindGroupLayout (unlabeled)]
 - While calling [Device].CreateBindGroup([BindGroupDescriptor ""Conv2DMatMul""]).

[18.5s] error: An uncaught WebGPU validation error was raised: [Invalid ComputePipeline "Cast"] is invalid.
 - While Validating GetBindGroupLayout (0) on [Invalid ComputePipeline "Cast"]

[18.5s] error: An uncaught WebGPU validation error was raised: [Invalid BindGroupLayout (unlabeled)] is invalid.
 - While validating [BindGroupDescriptor ""Cast""] against [Invalid BindGroupLayout (unlabeled)]
 - While calling [Device].CreateBindGroup([BindGroupDescriptor ""Cast""]).

[18.5s] error: An uncaught WebGPU validation error was raised: [Invalid ComputePipeline "Cast"] is invalid.
 - While Validating GetBindGroupLayout (0) on [Invalid ComputePipeline "Cast"]

[18.5s] error: An uncaught WebGPU validation error was raised: [Invalid BindGroupLayout (unlabeled)] is invalid.
 - While validating [BindGroupDescriptor ""Cast""] against [Invalid BindGroupLayout (unlabeled)]
 - While calling [Device].CreateBindGroup([BindGroupDescriptor ""Cast""]).

[18.5s] error: An uncaught WebGPU validation error was raised: [Invalid ComputePipeline "Concat"] is invalid.
 - While Validating GetBindGroupLayout (0) on [Invalid ComputePipeline "Concat"]

[18.5s] error: An uncaught WebGPU validation error was raised: [Invalid BindGroupLayout (unlabeled)] is invalid.
 - While validating [BindGroupDescriptor ""Concat""] against [Invalid BindGroupLayout (unlabeled)]
 - While calling [Device].CreateBindGroup([BindGroupDescriptor ""Concat""]).

[18.5s] error: An uncaught WebGPU validation error was raised: [Invalid ComputePipeline "Transpose"] is invalid.
 - While Validating GetBindGroupLayout (0) on [Invalid ComputePipeline "Transpose"]

[18.5s] error: An uncaught WebGPU validation error was raised: [Invalid BindGroupLayout (unlabeled)] is invalid.
 - While validating [BindGroupDescriptor ""Transpose""] against [Invalid BindGroupLayout (unlabeled)]
 - While calling [Device].CreateBindGroup([BindGroupDescriptor ""Transpose""]).

[18.5s] error: An uncaught WebGPU validation error was raised: [Invalid ComputePipeline "Conv2DMatMul"] is invalid.
 - While Validating GetBindGroupLayout (0) on [Invalid ComputePipeline "Conv2DMatMul"]

[18.5s] error: An uncaught WebGPU validation error was raised: [Invalid BindGroupLayout (unlabeled)] is invalid.
 - While validating [BindGroupDescriptor ""Conv2DMatMul""] against [Invalid BindGroupLayout (unlabeled)]
 - While calling [Device].CreateBindGroup([BindGroupDescriptor ""Conv2DMatMul""]).

[18.5s] error: An uncaught WebGPU validation error was raised: [Invalid ComputePipeline "Conv2DMatMul"] is invalid.
 - While Validating GetBindGroupLayout (0) on [Invalid ComputePipeline "Conv2DMatMul"]

[18.5s] error: An uncaught WebGPU validation error was raised: [Invalid BindGroupLayout (unlabeled)] is invalid.
 - While validating [BindGroupDescriptor ""Conv2DMatMul""] against [Invalid BindGroupLayout (unlabeled)]
 - While calling [Device].CreateBindGroup([BindGroupDescriptor ""Conv2DMatMul""]).

[18.5s] error: An uncaught WebGPU validation error was raised: [Invalid ComputePipeline "Cast"] is invalid.
 - While Validating GetBindGroupLayout (0) on [Invalid ComputePipeline "Cast"]

[18.5s] error: An uncaught WebGPU validation error was raised: [Invalid BindGroupLayout (unlabeled)] is invalid.
 - While validating [BindGroupDescriptor ""Cast""] against [Invalid BindGroupLayout (unlabeled)]
 - While calling [Device].CreateBindGroup([BindGroupDescriptor ""Cast""]).

[18.5s] error: An uncaught WebGPU validation error was raised: [Invalid ComputePipeline "Cast"] is invalid.
 - While Validating GetBindGroupLayout (0) on [Invalid ComputePipeline "Cast"]

[18.5s] error: An uncaught WebGPU validation error was raised: [Invalid BindGroupLayout (unlabeled)] is invalid.
 - While validating [BindGroupDescriptor ""Cast""] against [Invalid BindGroupLayout (unlabeled)]
 - While calling [Device].CreateBindGroup([BindGroupDescriptor ""Cast""]).

[18.5s] error: An uncaught WebGPU validation error was raised: [Invalid ComputePipeline "Concat"] is invalid.
 - While encoding [ComputePassEncoder (unlabeled)].SetPipeline([Invalid ComputePipeline "Concat"]).
 - While finishing [CommandEncoder (unlabeled)].

[18.5s] error: An uncaught WebGPU validation error was raised: [Invalid CommandBuffer] is invalid.
 - While calling [Queue].Submit([[Invalid CommandBuffer]])

[18.5s] error: An uncaught WebGPU validation error was raised: [Invalid ComputePipeline "Transpose"] is invalid.
 - While Validating GetBindGroupLayout (0) on [Invalid ComputePipeline "Transpose"]

[18.5s] error: An uncaught WebGPU validation error was raised: [Invalid BindGroupLayout (unlabeled)] is invalid.
 - While validating [BindGroupDescriptor ""Transpose""] against [Invalid BindGroupLayout (unlabeled)]
 - While calling [Device].CreateBindGroup([BindGroupDescriptor ""Transpose""]).

[18.5s] error: An uncaught WebGPU validation error was raised: [Invalid ComputePipeline "Conv2DMatMul"] is invalid.
 - While Validating GetBindGroupLayout (0) on [Invalid ComputePipeline "Conv2DMatMul"]

[18.5s] error: An uncaught WebGPU validation error was raised: [Invalid BindGroupLayout (unlabeled)] is invalid.
 - While validating [BindGroupDescriptor ""Conv2DMatMul""] against [Invalid BindGroupLayout (unlabeled)]
 - While calling [Device].CreateBindGroup([BindGroupDescriptor ""Conv2DMatMul""]).

[18.5s] error: An uncaught WebGPU validation error was raised: [Invalid ComputePipeline "Conv2DMatMul"] is invalid.
 - While Validating GetBindGroupLayout (0) on [Invalid ComputePipeline "Conv2DMatMul"]

[18.5s] error: An uncaught WebGPU validation error was raised: [Invalid BindGroupLayout (unlabeled)] is invalid.
 - While validating [BindGroupDescriptor ""Conv2DMatMul""] against [Invalid BindGroupLayout (unlabeled)]
 - While calling [Device].CreateBindGroup([BindGroupDescriptor ""Conv2DMatMul""]).

[18.5s] error: An uncaught WebGPU validation error was raised: [Invalid ComputePipeline "Conv2DMatMul"] is invalid.
 - While Validating GetBindGroupLayout (0) on [Invalid ComputePipeline "Conv2DMatMul"]

[18.5s] error: An uncaught WebGPU validation error was raised: [Invalid BindGroupLayout (unlabeled)] is invalid.
 - While validating [BindGroupDescriptor ""Conv2DMatMul""] against [Invalid BindGroupLayout (unlabeled)]
 - While calling [Device].CreateBindGroup([BindGroupDescriptor ""Conv2DMatMul""]).

[18.5s] error: An uncaught WebGPU validation error was raised: [Invalid ComputePipeline "Transpose"] is invalid.
 - While Validating GetBindGroupLayout (0) on [Invalid ComputePipeline "Transpose"]

[18.5s] error: An uncaught WebGPU validation error was raised: [Invalid BindGroupLayout (unlabeled)] is invalid.
 - While validating [BindGroupDescriptor ""Transpose""] against [Invalid BindGroupLayout (unlabeled)]
 - While calling [Device].CreateBindGroup([BindGroupDescriptor ""Transpose""]).

[18.5s] error: An uncaught WebGPU validation error was raised: [Invalid ComputePipeline "Transpose"] is invalid.
 - While encoding [ComputePassEncoder (unlabeled)].SetPipeline([Invalid ComputePipeline "Transpose"]).
 - While finishing [CommandEncoder (unlabeled)].

[18.5s] error: An uncaught WebGPU validation error was raised: [Invalid CommandBuffer] is invalid.
 - While calling [Queue].Submit([[Invalid CommandBuffer]])

[18.5s] error: An uncaught WebGPU validation error was raised: [Invalid ComputePipeline "Sub"] is invalid.
 - While Validating GetBindGroupLayout (0) on [Invalid ComputePipeline "Sub"]

[18.6s] error: An uncaught WebGPU validation error was raised: [Invalid BindGroupLayout (unlabeled)] is invalid.
 - While validating [BindGroupDescriptor ""Sub""] against [Invalid BindGroupLayout (unlabeled)]
 - While calling [Device].CreateBindGroup([BindGroupDescriptor ""Sub""]).

[18.6s] error: An uncaught WebGPU validation error was raised: [Invalid ComputePipeline "Div"] is invalid.
 - While Validating GetBindGroupLayout (0) on [Invalid ComputePipeline "Div"]

[18.6s] error: An uncaught WebGPU validation error was raised: [Invalid BindGroupLayout (unlabeled)] is invalid.
 - While validating [BindGroupDescriptor ""Div""] against [Invalid BindGroupLayout (unlabeled)]
 - While calling [Device].CreateBindGroup([BindGroupDescriptor ""Div""]).

[18.6s] error: An uncaught WebGPU validation error was raised: [Invalid ComputePipeline "Transpose"] is invalid.
 - While Validating GetBindGroupLayout (0) on [Invalid ComputePipeline "Transpose"]

[18.6s] error: An uncaught WebGPU validation error was raised: [Invalid BindGroupLayout (unlabeled)] is invalid.
 - While validating [BindGroupDescriptor ""Transpose""] against [Invalid BindGroupLayout (unlabeled)]
 - While calling [Device].CreateBindGroup([BindGroupDescriptor ""Transpose""]).

[18.6s] error: An uncaught WebGPU validation error was raised: [Invalid ComputePipeline "Conv2DMatMul"] is invalid.
 - While Validating GetBindGroupLayout (0) on [Invalid ComputePipeline "Conv2DMatMul"]

[18.6s] error: An uncaught WebGPU validation error was raised: [Invalid BindGroupLayout (unlabeled)] is invalid.
 - While validating [BindGroupDescriptor ""Conv2DMatMul""] against [Invalid BindGroupLayout (unlabeled)]
 - While calling [Device].CreateBindGroup([BindGroupDescriptor ""Conv2DMatMul""]).

[18.6s] error: An uncaught WebGPU validation error was raised: [Invalid ComputePipeline "Transpose"] is invalid.
 - While Validating GetBindGroupLayout (0) on [Invalid ComputePipeline "Transpose"]

[18.6s] error: An uncaught WebGPU validation error was raised: [Invalid BindGroupLayout (unlabeled)] is invalid.
 - While validating [BindGroupDescriptor ""Transpose""] against [Invalid BindGroupLayout (unlabeled)]
 - While calling [Device].CreateBindGroup([BindGroupDescriptor ""Transpose""]).

[18.6s] error: An uncaught WebGPU validation error was raised: [Invalid ComputePipeline "MaxPool"] is invalid.
 - While Validating GetBindGroupLayout (0) on [Invalid ComputePipeline "MaxPool"]

[18.6s] error: An uncaught WebGPU validation error was raised: [Invalid BindGroupLayout (unlabeled)] is invalid.
 - While validating [BindGroupDescriptor ""MaxPool""] against [Invalid BindGroupLayout (unlabeled)]
 - While calling [Device].CreateBindGroup([BindGroupDescriptor ""MaxPool""]).

[18.6s] error: An uncaught WebGPU validation error was raised: [Invalid ComputePipeline "Conv2DMatMul"] is invalid.
 - While Validating GetBindGroupLayout (0) on [Invalid ComputePipeline "Conv2DMatMul"]

[18.6s] error: An uncaught WebGPU validation error was raised: [Invalid BindGroupLayout (unlabeled)] is invalid.
 - While validating [BindGroupDescriptor ""Conv2DMatMul""] against [Invalid BindGroupLayout (unlabeled)]
 - While calling [Device].CreateBindGroup([BindGroupDescriptor ""Conv2DMatMul""]).

[18.6s] error: An uncaught WebGPU validation error was raised: [Invalid ComputePipeline "Conv2DMatMul"] is invalid.
 - While Validating GetBindGroupLayout (0) on [Invalid ComputePipeline "Conv2DMatMul"]

[18.6s] error: An uncaught WebGPU validation error was raised: [Invalid BindGroupLayout (unlabeled)] is invalid.
 - While validating [BindGroupDescriptor ""Conv2DMatMul""] against [Invalid BindGroupLayout (unlabeled)]
 - While calling [Device].CreateBindGroup([BindGroupDescriptor ""Conv2DMatMul""]).

[18.6s] error: An uncaught WebGPU validation error was raised: [Invalid ComputePipeline "Add"] is invalid.
 - While Validating GetBindGroupLayout (0) on [Invalid ComputePipeline "Add"]

[18.6s] error: An uncaught WebGPU validation error was raised: [Invalid BindGroupLayout (unlabeled)] is invalid.
 - While validating [BindGroupDescriptor ""Add""] against [Invalid BindGroupLayout (unlabeled)]
 - While calling [Device].CreateBindGroup([BindGroupDescriptor ""Add""]).

[18.6s] error: An uncaught WebGPU validation error was raised: [Invalid ComputePipeline "Relu"] is invalid.
 - While Validating GetBindGroupLayout (0) on [Invalid ComputePipeline "Relu"]

[18.6s] error: An uncaught WebGPU validation error was raised: [Invalid BindGroupLayout (unlabeled)] is invalid.
 - While validating [BindGroupDescriptor ""Relu""] against [Invalid BindGroupLayout (unlabeled)]
 - While calling [Device].CreateBindGroup([BindGroupDescriptor ""Relu""]).

[18.6s] error: An uncaught WebGPU validation error was raised: [Invalid ComputePipeline "Conv2DMatMul"] is invalid.
 - While Validating GetBindGroupLayout (0) on [Invalid ComputePipeline "Conv2DMatMul"]

[18.6s] error: An uncaught WebGPU validation error was raised: [Invalid BindGroupLayout (unlabeled)] is invalid.
 - While validating [BindGroupDescriptor ""Conv2DMatMul""] against [Invalid BindGroupLayout (unlabeled)]
 - While calling [Device].CreateBindGroup([BindGroupDescriptor ""Conv2DMatMul""]).

[18.6s] error: An uncaught WebGPU validation error was raised: [Invalid ComputePipeline "Conv2DMatMul"] is invalid.
 - While Validating GetBindGroupLayout (0) on [Invalid ComputePipeline "Conv2DMatMul"]

[18.6s] error: An uncaught WebGPU validation error was raised: [Invalid BindGroupLayout (unlabeled)] is invalid.
 - While validating [BindGroupDescriptor ""Conv2DMatMul""] against [Invalid BindGroupLayout (unlabeled)]
 - While calling [Device].CreateBindGroup([BindGroupDescriptor ""Conv2DMatMul""]).

[18.6s] error: An uncaught WebGPU validation error was raised: [Invalid ComputePipeline "Add"] is invalid.
 - While Validating GetBindGroupLayout (0) on [Invalid ComputePipeline "Add"]

[18.6s] error: An uncaught WebGPU validation error was raised: [Invalid BindGroupLayout (unlabeled)] is invalid.
 - While validating [BindGroupDescriptor ""Add""] against [Invalid BindGroupLayout (unlabeled)]
 - While calling [Device].CreateBindGroup([BindGroupDescriptor ""Add""]).

[18.6s] error: An uncaught WebGPU validation error was raised: [Invalid ComputePipeline "Relu"] is invalid.
 - While Validating GetBindGroupLayout (0) on [Invalid ComputePipeline "Relu"]

[18.6s] error: An uncaught WebGPU validation error was raised: [Invalid BindGroupLayout (unlabeled)] is invalid.
 - While validating [BindGroupDescriptor ""Relu""] against [Invalid BindGroupLayout (unlabeled)]
 - While calling [Device].CreateBindGroup([BindGroupDescriptor ""Relu""]).

[18.6s] error: An uncaught WebGPU validation error was raised: [Invalid ComputePipeline "Transpose"] is invalid.
 - While Validating GetBindGroupLayout (0) on [Invalid ComputePipeline "Transpose"]

[18.6s] error: An uncaught WebGPU validation error was raised: [Invalid BindGroupLayout (unlabeled)] is invalid.
 - While validating [BindGroupDescriptor ""Transpose""] against [Invalid BindGroupLayout (unlabeled)]
 - While calling [Device].CreateBindGroup([BindGroupDescriptor ""Transpose""]).

[18.6s] error: An uncaught WebGPU validation error was raised: [Invalid ComputePipeline "Conv2DMatMul"] is invalid.
 - While Validating GetBindGroupLayout (0) on [Invalid ComputePipeline "Conv2DMatMul"]

[18.6s] error: An uncaught WebGPU validation error was raised: [Invalid BindGroupLayout (unlabeled)] is invalid.
 - While validating [BindGroupDescriptor ""Conv2DMatMul""] against [Invalid BindGroupLayout (unlabeled)]
 - While calling [Device].CreateBindGroup([BindGroupDescriptor ""Conv2DMatMul""]).

[18.6s] error: An uncaught WebGPU validation error was raised: [Invalid ComputePipeline "Sub"] is invalid.
 - While encoding [ComputePassEncoder (unlabeled)].SetPipeline([Invalid ComputePipeline "Sub"]).
 - While finishing [CommandEncoder (unlabeled)].

[18.6s] error: An uncaught WebGPU validation error was raised: [Invalid CommandBuffer] is invalid.
 - While calling [Queue].Submit([[Invalid CommandBuffer]])

[18.6s] error: An uncaught WebGPU validation error was raised: [Invalid ComputePipeline "Conv2DMatMul"] is invalid.
 - While Validating GetBindGroupLayout (0) on [Invalid ComputePipeline "Conv2DMatMul"]

[18.6s] error: An uncaught WebGPU validation error was raised: [Invalid BindGroupLayout (unlabeled)] is invalid.
 - While validating [BindGroupDescriptor ""Conv2DMatMul""] against [Invalid BindGroupLayout (unlabeled)]
 - While calling [Device].CreateBindGroup([BindGroupDescriptor ""Conv2DMatMul""]).

[18.6s] error: An uncaught WebGPU validation error was raised: [Invalid ComputePipeline "Conv2DMatMul"] is invalid.
 - While Validating GetBindGroupLayout (0) on [Invalid ComputePipeline "Conv2DMatMul"]

[18.6s] error: An uncaught WebGPU validation error was raised: [Invalid BindGroupLayout (unlabeled)] is invalid.
 - While validating [BindGroupDescriptor ""Conv2DMatMul""] against [Invalid BindGroupLayout (unlabeled)]
 - While calling [Device].CreateBindGroup([BindGroupDescriptor ""Conv2DMatMul""]).

[18.6s] error: An uncaught WebGPU validation error was raised: [Invalid ComputePipeline "Add"] is invalid.
 - While Validating GetBindGroupLayout (0) on [Invalid ComputePipeline "Add"]

[18.6s] error: An uncaught WebGPU validation error was raised: [Invalid BindGroupLayout (unlabeled)] is invalid.
 - While validating [BindGroupDescriptor ""Add""] against [Invalid BindGroupLayout (unlabeled)]
 - While calling [Device].CreateBindGroup([BindGroupDescriptor ""Add""]).

[18.6s] error: An uncaught WebGPU validation error was raised: [Invalid ComputePipeline "Relu"] is invalid.
 - While Validating GetBindGroupLayout (0) on [Invalid ComputePipeline "Relu"]

[18.6s] error: An uncaught WebGPU validation error was raised: [Invalid BindGroupLayout (unlabeled)] is invalid.
 - While validating [BindGroupDescriptor ""Relu""] against [Invalid BindGroupLayout (unlabeled)]
 - While calling [Device].CreateBindGroup([BindGroupDescriptor ""Relu""]).

[18.6s] error: An uncaught WebGPU validation error was raised: [Invalid ComputePipeline "Conv2DMatMul"] is invalid.
 - While Validating GetBindGroupLayout (0) on [Invalid ComputePipeline "Conv2DMatMul"]

[18.6s] error: An uncaught WebGPU validation error was raised: [Invalid BindGroupLayout (unlabeled)] is invalid.
 - While validating [BindGroupDescriptor ""Conv2DMatMul""] against [Invalid BindGroupLayout (unlabeled)]
 - While calling [Device].CreateBindGroup([BindGroupDescriptor ""Conv2DMatMul""]).

[18.6s] error: An uncaught WebGPU validation error was raised: [Invalid ComputePipeline "Conv2DMatMul"] is invalid.
 - While Validating GetBindGroupLayout (0) on [Invalid ComputePipeline "Conv2DMatMul"]

[18.6s] error: An uncaught WebGPU validation error was raised: [Invalid BindGroupLayout (unlabeled)] is invalid.
 - While validating [BindGroupDescriptor ""Conv2DMatMul""] against [Invalid BindGroupLayout (unlabeled)]
 - While calling [Device].CreateBindGroup([BindGroupDescriptor ""Conv2DMatMul""]).

[18.6s] error: An uncaught WebGPU validation error was raised: [Invalid ComputePipeline "Add"] is invalid.
 - While Validating GetBindGroupLayout (0) on [Invalid ComputePipeline "Add"]

[18.6s] error: An uncaught WebGPU validation error was raised: [Invalid BindGroupLayout (unlabeled)] is invalid.
 - While validating [BindGroupDescriptor ""Add""] against [Invalid BindGroupLayout (unlabeled)]
 - While calling [Device].CreateBindGroup([BindGroupDescriptor ""Add""]).

[18.6s] error: An uncaught WebGPU validation error was raised: [Invalid ComputePipeline "Relu"] is invalid.
 - While Validating GetBindGroupLayout (0) on [Invalid ComputePipeline "Relu"]

[18.6s] error: An uncaught WebGPU validation error was raised: [Invalid BindGroupLayout (unlabeled)] is invalid.
 - While validating [BindGroupDescriptor ""Relu""] against [Invalid BindGroupLayout (unlabeled)]
 - While calling [Device].CreateBindGroup([BindGroupDescriptor ""Relu""]).

[18.6s] error: An uncaught WebGPU validation error was raised: [Invalid ComputePipeline "Transpose"] is invalid.
 - While Validating GetBindGroupLayout (0) on [Invalid ComputePipeline "Transpose"]

[18.6s] error: An uncaught WebGPU validation error was raised: [Invalid BindGroupLayout (unlabeled)] is invalid.
 - While validating [BindGroupDescriptor ""Transpose""] against [Invalid BindGroupLayout (unlabeled)]
 - While calling [Device].CreateBindGroup([BindGroupDescriptor ""Transpose""]).

[18.6s] error: An uncaught WebGPU validation error was raised: [Invalid ComputePipeline "Conv2DMatMul"] is invalid.
 - While Validating GetBindGroupLayout (0) on [Invalid ComputePipeline "Conv2DMatMul"]

[18.6s] error: An uncaught WebGPU validation error was raised: [Invalid BindGroupLayout (unlabeled)] is invalid.
 - While validating [BindGroupDescriptor ""Conv2DMatMul""] against [Invalid BindGroupLayout (unlabeled)]
 - While calling [Device].CreateBindGroup([BindGroupDescriptor ""Conv2DMatMul""]).

[18.6s] error: An uncaught WebGPU validation error was raised: [Invalid ComputePipeline "Conv2DMatMul"] is invalid.
 - While Validating GetBindGroupLayout (0) on [Invalid ComputePipeline "Conv2DMatMul"]

[18.6s] error: An uncaught WebGPU validation error was raised: [Invalid BindGroupLayout (unlabeled)] is invalid.
 - While validating [BindGroupDescriptor ""Conv2DMatMul""] against [Invalid BindGroupLayout (unlabeled)]
 - While calling [Device].CreateBindGroup([BindGroupDescriptor ""Conv2DMatMul""]).

[18.6s] error: An uncaught WebGPU validation error was raised: [Invalid ComputePipeline "Conv2DMatMul"] is invalid.
 - While Validating GetBindGroupLayout (0) on [Invalid ComputePipeline "Conv2DMatMul"]

[18.6s] error: An uncaught WebGPU validation error was raised: [Invalid BindGroupLayout (unlabeled)] is invalid.
 - While validating [BindGroupDescriptor ""Conv2DMatMul""] against [Invalid BindGroupLayout (unlabeled)]
 - While calling [Device].CreateBindGroup([BindGroupDescriptor ""Conv2DMatMul""]).

[18.6s] error: An uncaught WebGPU validation error was raised: [Invalid ComputePipeline "Add"] is invalid.
 - While Validating GetBindGroupLayout (0) on [Invalid ComputePipeline "Add"]

[18.6s] error: An uncaught WebGPU validation error was raised: [Invalid BindGroupLayout (unlabeled)] is invalid.
 - While validating [BindGroupDescriptor ""Add""] against [Invalid BindGroupLayout (unlabeled)]
 - While calling [Device].CreateBindGroup([BindGroupDescriptor ""Add""]).

[18.6s] error: An uncaught WebGPU validation error was raised: [Invalid ComputePipeline "Relu"] is invalid.
 - While Validating GetBindGroupLayout (0) on [Invalid ComputePipeline "Relu"]

[18.6s] error: An uncaught WebGPU validation error was raised: [Invalid BindGroupLayout (unlabeled)] is invalid.
 - While validating [BindGroupDescriptor ""Relu""] against [Invalid BindGroupLayout (unlabeled)]
 - While calling [Device].CreateBindGroup([BindGroupDescriptor ""Relu""]).

[18.6s] error: An uncaught WebGPU validation error was raised: [Invalid ComputePipeline "Conv2DMatMul"] is invalid.
 - While Validating GetBindGroupLayout (0) on [Invalid ComputePipeline "Conv2DMatMul"]

[18.6s] error: An uncaught WebGPU validation error was raised: [Invalid BindGroupLayout (unlabeled)] is invalid.
 - While validating [BindGroupDescriptor ""Conv2DMatMul""] against [Invalid BindGroupLayout (unlabeled)]
 - While calling [Device].CreateBindGroup([BindGroupDescriptor ""Conv2DMatMul""]).

[18.6s] error: An uncaught WebGPU validation error was raised: [Invalid ComputePipeline "Conv2DMatMul"] is invalid.
 - While Validating GetBindGroupLayout (0) on [Invalid ComputePipeline "Conv2DMatMul"]

[18.6s] error: An uncaught WebGPU validation error was raised: [Invalid BindGroupLayout (unlabeled)] is invalid.
 - While validating [BindGroupDescriptor ""Conv2DMatMul""] against [Invalid BindGroupLayout (unlabeled)]
 - While calling [Device].CreateBindGroup([BindGroupDescriptor ""Conv2DMatMul""]).

[18.6s] error: An uncaught WebGPU validation error was raised: [Invalid ComputePipeline "Conv2DMatMul"] is invalid.
 - While encoding [ComputePassEncoder (unlabeled)].SetPipeline([Invalid ComputePipeline "Conv2DMatMul"]).
 - While finishing [CommandEncoder (unlabeled)].

[18.6s] error: An uncaught WebGPU validation error was raised: [Invalid CommandBuffer] is invalid.
 - While calling [Queue].Submit([[Invalid CommandBuffer]])

[18.6s] error: An uncaught WebGPU validation error was raised: [Invalid ComputePipeline "Add"] is invalid.
 - While Validating GetBindGroupLayout (0) on [Invalid ComputePipeline "Add"]

[18.6s] error: An uncaught WebGPU validation error was raised: [Invalid BindGroupLayout (unlabeled)] is invalid.
 - While validating [BindGroupDescriptor ""Add""] against [Invalid BindGroupLayout (unlabeled)]
 - While calling [Device].CreateBindGroup([BindGroupDescriptor ""Add""]).

[18.6s] error: An uncaught WebGPU validation error was raised: [Invalid ComputePipeline "Relu"] is invalid.
 - While Validating GetBindGroupLayout (0) on [Invalid ComputePipeline "Relu"]

[18.6s] error: An uncaught WebGPU validation error was raised: [Invalid BindGroupLayout (unlabeled)] is invalid.
 - While validating [BindGroupDescriptor ""Relu""] against [Invalid BindGroupLayout (unlabeled)]
 - While calling [Device].CreateBindGroup([BindGroupDescriptor ""Relu""]).

[18.6s] error: An uncaught WebGPU validation error was raised: [Invalid ComputePipeline "Transpose"] is invalid.
 - While Validating GetBindGroupLayout (0) on [Invalid ComputePipeline "Transpose"]

[18.6s] error: An uncaught WebGPU validation error was raised: [Invalid BindGroupLayout (unlabeled)] is invalid.
 - While validating [BindGroupDescriptor ""Transpose""] against [Invalid BindGroupLayout (unlabeled)]
 - While calling [Device].CreateBindGroup([BindGroupDescriptor ""Transpose""]).

[18.6s] error: An uncaught WebGPU validation error was raised: [Invalid ComputePipeline "Conv2DMatMul"] is invalid.
 - While Validating GetBindGroupLayout (0) on [Invalid ComputePipeline "Conv2DMatMul"]

[18.6s] error: An uncaught WebGPU validation error was raised: [Invalid BindGroupLayout (unlabeled)] is invalid.
 - While validating [BindGroupDescriptor ""Conv2DMatMul""] against [Invalid BindGroupLayout (unlabeled)]
 - While calling [Device].CreateBindGroup([BindGroupDescriptor ""Conv2DMatMul""]).

[18.6s] error: An uncaught WebGPU validation error was raised: [Invalid ComputePipeline "Conv2DMatMul"] is invalid.
 - While Validating GetBindGroupLayout (0) on [Invalid ComputePipeline "Conv2DMatMul"]

[18.6s] error: An uncaught WebGPU validation error was raised: [Invalid BindGroupLayout (unlabeled)] is invalid.
 - While validating [BindGroupDescriptor ""Conv2DMatMul""] against [Invalid BindGroupLayout (unlabeled)]
 - While calling [Device].CreateBindGroup([BindGroupDescriptor ""Conv2DMatMul""]).

[18.6s] error: An uncaught WebGPU validation error was raised: [Invalid ComputePipeline "Conv2DMatMul"] is invalid.
 - While Validating GetBindGroupLayout (0) on [Invalid ComputePipeline "Conv2DMatMul"]

[18.6s] error: An uncaught WebGPU validation error was raised: [Invalid BindGroupLayout (unlabeled)] is invalid.
 - While validating [BindGroupDescriptor ""Conv2DMatMul""] against [Invalid BindGroupLayout (unlabeled)]
 - While calling [Device].CreateBindGroup([BindGroupDescriptor ""Conv2DMatMul""]).

[18.6s] error: An uncaught WebGPU validation error was raised: [Invalid ComputePipeline "Add"] is invalid.
 - While Validating GetBindGroupLayout (0) on [Invalid ComputePipeline "Add"]

[18.6s] error: An uncaught WebGPU validation error was raised: [Invalid BindGroupLayout (unlabeled)] is invalid.
 - While validating [BindGroupDescriptor ""Add""] against [Invalid BindGroupLayout (unlabeled)]
 - While calling [Device].CreateBindGroup([BindGroupDescriptor ""Add""]).

[18.6s] error: An uncaught WebGPU validation error was raised: [Invalid ComputePipeline "Relu"] is invalid.
 - While Validating GetBindGroupLayout (0) on [Invalid ComputePipeline "Relu"]

[18.6s] error: An uncaught WebGPU validation error was raised: [Invalid BindGroupLayout (unlabeled)] is invalid.
 - While validating [BindGroupDescriptor ""Relu""] against [Invalid BindGroupLayout (unlabeled)]
 - While calling [Device].CreateBindGroup([BindGroupDescriptor ""Relu""]).

[18.6s] error: An uncaught WebGPU validation error was raised: [Invalid ComputePipeline "Conv2DMatMul"] is invalid.
 - While Validating GetBindGroupLayout (0) on [Invalid ComputePipeline "Conv2DMatMul"]

[18.6s] error: An uncaught WebGPU validation error was raised: [Invalid BindGroupLayout (unlabeled)] is invalid.
 - While validating [BindGroupDescriptor ""Conv2DMatMul""] against [Invalid BindGroupLayout (unlabeled)]
 - While calling [Device].CreateBindGroup([BindGroupDescriptor ""Conv2DMatMul""]).

[18.6s] error: An uncaught WebGPU validation error was raised: [Invalid ComputePipeline "Conv2DMatMul"] is invalid.
 - While Validating GetBindGroupLayout (0) on [Invalid ComputePipeline "Conv2DMatMul"]

[18.6s] error: An uncaught WebGPU validation error was raised: [Invalid BindGroupLayout (unlabeled)] is invalid.
 - While validating [BindGroupDescriptor ""Conv2DMatMul""] against [Invalid BindGroupLayout (unlabeled)]
 - While calling [Device].CreateBindGroup([BindGroupDescriptor ""Conv2DMatMul""]).

[18.6s] error: An uncaught WebGPU validation error was raised: [Invalid ComputePipeline "Add"] is invalid.
 - While Validating GetBindGroupLayout (0) on [Invalid ComputePipeline "Add"]

[18.6s] error: An uncaught WebGPU validation error was raised: [Invalid BindGroupLayout (unlabeled)] is invalid.
 - While validating [BindGroupDescriptor ""Add""] against [Invalid BindGroupLayout (unlabeled)]
 - While calling [Device].CreateBindGroup([BindGroupDescriptor ""Add""]).

[18.6s] error: An uncaught WebGPU validation error was raised: [Invalid ComputePipeline "Relu"] is invalid.
 - While Validating GetBindGroupLayout (0) on [Invalid ComputePipeline "Relu"]

[18.6s] error: An uncaught WebGPU validation error was raised: [Invalid BindGroupLayout (unlabeled)] is invalid.
 - While validating [BindGroupDescriptor ""Relu""] against [Invalid BindGroupLayout (unlabeled)]
 - While calling [Device].CreateBindGroup([BindGroupDescriptor ""Relu""]).

[18.6s] error: An uncaught WebGPU validation error was raised: [Invalid ComputePipeline "Cast"] is invalid.
 - While Validating GetBindGroupLayout (0) on [Invalid ComputePipeline "Cast"]

[18.6s] error: An uncaught WebGPU validation error was raised: [Invalid BindGroupLayout (unlabeled)] is invalid.
 - While validating [BindGroupDescriptor ""Cast""] against [Invalid BindGroupLayout (unlabeled)]
 - While calling [Device].CreateBindGroup([BindGroupDescriptor ""Cast""]).

[18.6s] error: An uncaught WebGPU validation error was raised: [Invalid ComputePipeline "Cast"] is invalid.
 - While Validating GetBindGroupLayout (0) on [Invalid ComputePipeline "Cast"]

[18.6s] error: An uncaught WebGPU validation error was raised: [Invalid BindGroupLayout (unlabeled)] is invalid.
 - While validating [BindGroupDescriptor ""Cast""] against [Invalid BindGroupLayout (unlabeled)]
 - While calling [Device].CreateBindGroup([BindGroupDescriptor ""Cast""]).

[18.6s] error: An uncaught WebGPU validation error was raised: [Invalid ComputePipeline "Add"] is invalid.
 - While encoding [ComputePassEncoder (unlabeled)].SetPipeline([Invalid ComputePipeline "Add"]).
 - While finishing [CommandEncoder (unlabeled)].

[18.6s] error: An uncaught WebGPU validation error was raised: [Invalid CommandBuffer] is invalid.
 - While calling [Queue].Submit([[Invalid CommandBuffer]])

[18.6s] error: An uncaught WebGPU validation error was raised: [Invalid ComputePipeline "Concat"] is invalid.
 - While Validating GetBindGroupLayout (0) on [Invalid ComputePipeline "Concat"]

[18.6s] error: An uncaught WebGPU validation error was raised: [Invalid BindGroupLayout (unlabeled)] is invalid.
 - While validating [BindGroupDescriptor ""Concat""] against [Invalid BindGroupLayout (unlabeled)]
 - While calling [Device].CreateBindGroup([BindGroupDescriptor ""Concat""]).

[18.6s] error: An uncaught WebGPU validation error was raised: [Invalid ComputePipeline "Transpose"] is invalid.
 - While Validating GetBindGroupLayout (0) on [Invalid ComputePipeline "Transpose"]

[18.6s] error: An uncaught WebGPU validation error was raised: [Invalid BindGroupLayout (unlabeled)] is invalid.
 - While validating [BindGroupDescriptor ""Transpose""] against [Invalid BindGroupLayout (unlabeled)]
 - While calling [Device].CreateBindGroup([BindGroupDescriptor ""Transpose""]).

[18.6s] error: An uncaught WebGPU validation error was raised: [Invalid ComputePipeline "Conv2DMatMul"] is invalid.
 - While Validating GetBindGroupLayout (0) on [Invalid ComputePipeline "Conv2DMatMul"]

[18.6s] error: An uncaught WebGPU validation error was raised: [Invalid BindGroupLayout (unlabeled)] is invalid.
 - While validating [BindGroupDescriptor ""Conv2DMatMul""] against [Invalid BindGroupLayout (unlabeled)]
 - While calling [Device].CreateBindGroup([BindGroupDescriptor ""Conv2DMatMul""]).

[18.6s] error: An uncaught WebGPU validation error was raised: [Invalid ComputePipeline "Conv2DMatMul"] is invalid.
 - While Validating GetBindGroupLayout (0) on [Invalid ComputePipeline "Conv2DMatMul"]

[18.6s] error: An uncaught WebGPU validation error was raised: [Invalid BindGroupLayout (unlabeled)] is invalid.
 - While validating [BindGroupDescriptor ""Conv2DMatMul""] against [Invalid BindGroupLayout (unlabeled)]
 - While calling [Device].CreateBindGroup([BindGroupDescriptor ""Conv2DMatMul""]).

[18.6s] error: An uncaught WebGPU validation error was raised: [Invalid ComputePipeline "Cast"] is invalid.
 - While Validating GetBindGroupLayout (0) on [Invalid ComputePipeline "Cast"]

[18.6s] error: An uncaught WebGPU validation error was raised: [Invalid BindGroupLayout (unlabeled)] is invalid.
 - While validating [BindGroupDescriptor ""Cast""] against [Invalid BindGroupLayout (unlabeled)]
 - While calling [Device].CreateBindGroup([BindGroupDescriptor ""Cast""]).

[18.6s] error: An uncaught WebGPU validation error was raised: [Invalid ComputePipeline "Cast"] is invalid.
 - While Validating GetBindGroupLayout (0) on [Invalid ComputePipeline "Cast"]

[18.6s] error: An uncaught WebGPU validation error was raised: [Invalid BindGroupLayout (unlabeled)] is invalid.
 - While validating [BindGroupDescriptor ""Cast""] against [Invalid BindGroupLayout (unlabeled)]
 - While calling [Device].CreateBindGroup([BindGroupDescriptor ""Cast""]).

[18.6s] error: An uncaught WebGPU validation error was raised: [Invalid ComputePipeline "Concat"] is invalid.
 - While Validating GetBindGroupLayout (0) on [Invalid ComputePipeline "Concat"]

[18.6s] error: An uncaught WebGPU validation error was raised: [Invalid BindGroupLayout (unlabeled)] is invalid.
 - While validating [BindGroupDescriptor ""Concat""] against [Invalid BindGroupLayout (unlabeled)]
 - While calling [Device].CreateBindGroup([BindGroupDescriptor ""Concat""]).

[18.6s] error: An uncaught WebGPU validation error was raised: [Invalid ComputePipeline "Transpose"] is invalid.
 - While Validating GetBindGroupLayout (0) on [Invalid ComputePipeline "Transpose"]

[18.6s] error: An uncaught WebGPU validation error was raised: [Invalid BindGroupLayout (unlabeled)] is invalid.
 - While validating [BindGroupDescriptor ""Transpose""] against [Invalid BindGroupLayout (unlabeled)]
 - While calling [Device].CreateBindGroup([BindGroupDescriptor ""Transpose""]).

[18.6s] error: An uncaught WebGPU validation error was raised: [Invalid ComputePipeline "Conv2DMatMul"] is invalid.
 - While Validating GetBindGroupLayout (0) on [Invalid ComputePipeline "Conv2DMatMul"]

[18.6s] error: An uncaught WebGPU validation error was raised: [Invalid BindGroupLayout (unlabeled)] is invalid.
 - While validating [BindGroupDescriptor ""Conv2DMatMul""] against [Invalid BindGroupLayout (unlabeled)]
 - While calling [Device].CreateBindGroup([BindGroupDescriptor ""Conv2DMatMul""]).

[18.6s] error: An uncaught WebGPU validation error was raised: [Invalid ComputePipeline "Conv2DMatMul"] is invalid.
 - While Validating GetBindGroupLayout (0) on [Invalid ComputePipeline "Conv2DMatMul"]

[18.6s] error: An uncaught WebGPU validation error was raised: [Invalid BindGroupLayout (unlabeled)] is invalid.
 - While validating [BindGroupDescriptor ""Conv2DMatMul""] against [Invalid BindGroupLayout (unlabeled)]
 - While calling [Device].CreateBindGroup([BindGroupDescriptor ""Conv2DMatMul""]).

[18.6s] error: An uncaught WebGPU validation error was raised: [Invalid ComputePipeline "Cast"] is invalid.
 - While Validating GetBindGroupLayout (0) on [Invalid ComputePipeline "Cast"]

[18.6s] error: An uncaught WebGPU validation error was raised: [Invalid BindGroupLayout (unlabeled)] is invalid.
 - While validating [BindGroupDescriptor ""Cast""] against [Invalid BindGroupLayout (unlabeled)]
 - While calling [Device].CreateBindGroup([BindGroupDescriptor ""Cast""]).

[18.6s] error: An uncaught WebGPU validation error was raised: [Invalid ComputePipeline "Cast"] is invalid.
 - While Validating GetBindGroupLayout (0) on [Invalid ComputePipeline "Cast"]

[18.6s] error: An uncaught WebGPU validation error was raised: [Invalid BindGroupLayout (unlabeled)] is invalid.
 - While validating [BindGroupDescriptor ""Cast""] against [Invalid BindGroupLayout (unlabeled)]
 - While calling [Device].CreateBindGroup([BindGroupDescriptor ""Cast""]).

[18.6s] error: An uncaught WebGPU validation error was raised: [Invalid ComputePipeline "Concat"] is invalid.
 - While encoding [ComputePassEncoder (unlabeled)].SetPipeline([Invalid ComputePipeline "Concat"]).
 - While finishing [CommandEncoder (unlabeled)].

[18.6s] error: An uncaught WebGPU validation error was raised: [Invalid CommandBuffer] is invalid.
 - While calling [Queue].Submit([[Invalid CommandBuffer]])

[18.6s] error: An uncaught WebGPU validation error was raised: [Invalid ComputePipeline "Concat"] is invalid.
 - While Validating GetBindGroupLayout (0) on [Invalid ComputePipeline "Concat"]

[18.6s] error: An uncaught WebGPU validation error was raised: [Invalid BindGroupLayout (unlabeled)] is invalid.
 - While validating [BindGroupDescriptor ""Concat""] against [Invalid BindGroupLayout (unlabeled)]
 - While calling [Device].CreateBindGroup([BindGroupDescriptor ""Concat""]).

[18.6s] error: An uncaught WebGPU validation error was raised: [Invalid ComputePipeline "Transpose"] is invalid.
 - While Validating GetBindGroupLayout (0) on [Invalid ComputePipeline "Transpose"]

[18.6s] error: An uncaught WebGPU validation error was raised: [Invalid BindGroupLayout (unlabeled)] is invalid.
 - While validating [BindGroupDescriptor ""Transpose""] against [Invalid BindGroupLayout (unlabeled)]
 - While calling [Device].CreateBindGroup([BindGroupDescriptor ""Transpose""]).

[18.6s] error: An uncaught WebGPU validation error was raised: [Invalid ComputePipeline "Conv2DMatMul"] is invalid.
 - While Validating GetBindGroupLayout (0) on [Invalid ComputePipeline "Conv2DMatMul"]

[18.6s] error: An uncaught WebGPU validation error was raised: [Invalid BindGroupLayout (unlabeled)] is invalid.
 - While validating [BindGroupDescriptor ""Conv2DMatMul""] against [Invalid BindGroupLayout (unlabeled)]
 - While calling [Device].CreateBindGroup([BindGroupDescriptor ""Conv2DMatMul""]).

[18.6s] error: An uncaught WebGPU validation error was raised: [Invalid ComputePipeline "Conv2DMatMul"] is invalid.
 - While Validating GetBindGroupLayout (0) on [Invalid ComputePipeline "Conv2DMatMul"]

[18.6s] error: An uncaught WebGPU validation error was raised: [Invalid BindGroupLayout (unlabeled)] is invalid.
 - While validating [BindGroupDescriptor ""Conv2DMatMul""] against [Invalid BindGroupLayout (unlabeled)]
 - While calling [Device].CreateBindGroup([BindGroupDescriptor ""Conv2DMatMul""]).

[18.6s] error: An uncaught WebGPU validation error was raised: [Invalid ComputePipeline "Cast"] is invalid.
 - While Validating GetBindGroupLayout (0) on [Invalid ComputePipeline "Cast"]

[18.6s] error: An uncaught WebGPU validation error was raised: [Invalid BindGroupLayout (unlabeled)] is invalid.
 - While validating [BindGroupDescriptor ""Cast""] against [Invalid BindGroupLayout (unlabeled)]
 - While calling [Device].CreateBindGroup([BindGroupDescriptor ""Cast""]).

[18.6s] error: An uncaught WebGPU validation error was raised: [Invalid ComputePipeline "Cast"] is invalid.
 - While Validating GetBindGroupLayout (0) on [Invalid ComputePipeline "Cast"]

[18.6s] error: An uncaught WebGPU validation error was raised: [Invalid BindGroupLayout (unlabeled)] is invalid.
 - While validating [BindGroupDescriptor ""Cast""] against [Invalid BindGroupLayout (unlabeled)]
 - While calling [Device].CreateBindGroup([BindGroupDescriptor ""Cast""]).

[18.6s] error: An uncaught WebGPU validation error was raised: [Invalid ComputePipeline "Concat"] is invalid.
 - While Validating GetBindGroupLayout (0) on [Invalid ComputePipeline "Concat"]

[18.6s] error: An uncaught WebGPU validation error was raised: [Invalid BindGroupLayout (unlabeled)] is invalid.
 - While validating [BindGroupDescriptor ""Concat""] against [Invalid BindGroupLayout (unlabeled)]
 - While calling [Device].CreateBindGroup([BindGroupDescriptor ""Concat""]).

[18.6s] error: An uncaught WebGPU validation error was raised: [Invalid ComputePipeline "Transpose"] is invalid.
 - While Validating GetBindGroupLayout (0) on [Invalid ComputePipeline "Transpose"]

[18.6s] error: An uncaught WebGPU validation error was raised: [Invalid BindGroupLayout (unlabeled)] is invalid.
 - While validating [BindGroupDescriptor ""Transpose""] against [Invalid BindGroupLayout (unlabeled)]
 - While calling [Device].CreateBindGroup([BindGroupDescriptor ""Transpose""]).

[18.6s] error: An uncaught WebGPU validation error was raised: [Invalid ComputePipeline "Conv2DMatMul"] is invalid.
 - While Validating GetBindGroupLayout (0) on [Invalid ComputePipeline "Conv2DMatMul"]

[18.6s] error: An uncaught WebGPU validation error was raised: [Invalid BindGroupLayout (unlabeled)] is invalid.
 - While validating [BindGroupDescriptor ""Conv2DMatMul""] against [Invalid BindGroupLayout (unlabeled)]
 - While calling [Device].CreateBindGroup([BindGroupDescriptor ""Conv2DMatMul""]).

[18.6s] error: An uncaught WebGPU validation error was raised: [Invalid ComputePipeline "Conv2DMatMul"] is invalid.
 - While Validating GetBindGroupLayout (0) on [Invalid ComputePipeline "Conv2DMatMul"]

[18.6s] error: An uncaught WebGPU validation error was raised: [Invalid BindGroupLayout (unlabeled)] is invalid.
 - While validating [BindGroupDescriptor ""Conv2DMatMul""] against [Invalid BindGroupLayout (unlabeled)]
 - While calling [Device].CreateBindGroup([BindGroupDescriptor ""Conv2DMatMul""]).

[18.6s] error: An uncaught WebGPU validation error was raised: [Invalid ComputePipeline "Cast"] is invalid.
 - While Validating GetBindGroupLayout (0) on [Invalid ComputePipeline "Cast"]

[18.6s] error: An uncaught WebGPU validation error was raised: [Invalid BindGroupLayout (unlabeled)] is invalid.
 - While validating [BindGroupDescriptor ""Cast""] against [Invalid BindGroupLayout (unlabeled)]
 - While calling [Device].CreateBindGroup([BindGroupDescriptor ""Cast""]).

[18.6s] error: An uncaught WebGPU validation error was raised: [Invalid ComputePipeline "Cast"] is invalid.
 - While Validating GetBindGroupLayout (0) on [Invalid ComputePipeline "Cast"]

[18.6s] error: An uncaught WebGPU validation error was raised: [Invalid BindGroupLayout (unlabeled)] is invalid.
 - While validating [BindGroupDescriptor ""Cast""] against [Invalid BindGroupLayout (unlabeled)]
 - While calling [Device].CreateBindGroup([BindGroupDescriptor ""Cast""]).

[18.6s] error: An uncaught WebGPU validation error was raised: [Invalid ComputePipeline "Concat"] is invalid.
 - While encoding [ComputePassEncoder (unlabeled)].SetPipeline([Invalid ComputePipeline "Concat"]).
 - While finishing [CommandEncoder (unlabeled)].

[18.6s] error: An uncaught WebGPU validation error was raised: [Invalid CommandBuffer] is invalid.
 - While calling [Queue].Submit([[Invalid CommandBuffer]])

[18.6s] error: An uncaught WebGPU validation error was raised: [Invalid ComputePipeline "Transpose"] is invalid.
 - While Validating GetBindGroupLayout (0) on [Invalid ComputePipeline "Transpose"]

[18.6s] error: An uncaught WebGPU validation error was raised: [Invalid BindGroupLayout (unlabeled)] is invalid.
 - While validating [BindGroupDescriptor ""Transpose""] against [Invalid BindGroupLayout (unlabeled)]
 - While calling [Device].CreateBindGroup([BindGroupDescriptor ""Transpose""]).

[18.6s] error: An uncaught WebGPU validation error was raised: [Invalid ComputePipeline "Conv2DMatMul"] is invalid.
 - While Validating GetBindGroupLayout (0) on [Invalid ComputePipeline "Conv2DMatMul"]

[18.6s] error: An uncaught WebGPU validation error was raised: [Invalid BindGroupLayout (unlabeled)] is invalid.
 - While validating [BindGroupDescriptor ""Conv2DMatMul""] against [Invalid BindGroupLayout (unlabeled)]
 - While calling [Device].CreateBindGroup([BindGroupDescriptor ""Conv2DMatMul""]).

[18.6s] error: An uncaught WebGPU validation error was raised: [Invalid ComputePipeline "Conv2DMatMul"] is invalid.
 - While Validating GetBindGroupLayout (0) on [Invalid ComputePipeline "Conv2DMatMul"]

[18.6s] error: An uncaught WebGPU validation error was raised: [Invalid BindGroupLayout (unlabeled)] is invalid.
 - While validating [BindGroupDescriptor ""Conv2DMatMul""] against [Invalid BindGroupLayout (unlabeled)]
 - While calling [Device].CreateBindGroup([BindGroupDescriptor ""Conv2DMatMul""]).

[18.6s] error: An uncaught WebGPU validation error was raised: [Invalid ComputePipeline "Conv2DMatMul"] is invalid.
 - While Validating GetBindGroupLayout (0) on [Invalid ComputePipeline "Conv2DMatMul"]

[18.6s] error: An uncaught WebGPU validation error was raised: [Invalid BindGroupLayout (unlabeled)] is invalid.
 - While validating [BindGroupDescriptor ""Conv2DMatMul""] against [Invalid BindGroupLayout (unlabeled)]
 - While calling [Device].CreateBindGroup([BindGroupDescriptor ""Conv2DMatMul""]).

[18.6s] error: An uncaught WebGPU validation error was raised: [Invalid ComputePipeline "Transpose"] is invalid.
 - While Validating GetBindGroupLayout (0) on [Invalid ComputePipeline "Transpose"]

[18.6s] error: An uncaught WebGPU validation error was raised: [Invalid BindGroupLayout (unlabeled)] is invalid.
 - While validating [BindGroupDescriptor ""Transpose""] against [Invalid BindGroupLayout (unlabeled)]
 - While calling [Device].CreateBindGroup([BindGroupDescriptor ""Transpose""]).

[18.6s] error: An uncaught WebGPU validation error was raised: [Invalid ComputePipeline "Transpose"] is invalid.
 - While encoding [ComputePassEncoder (unlabeled)].SetPipeline([Invalid ComputePipeline "Transpose"]).
 - While finishing [CommandEncoder (unlabeled)].

[18.6s] error: An uncaught WebGPU validation error was raised: [Invalid CommandBuffer] is invalid.
 - While calling [Queue].Submit([[Invalid CommandBuffer]])

[19.4s] debug: [vite] connecting...
[19.4s] debug: [vite] connected.
[125.1s] info: [omr] homr read 1 of 1 pages of tch-1.png in 114978 ms on wasm (the WebGPU read ended with every page answered not_music, so the pages were read again on WebAssembly)
[129.9s] warning: [BlurbComposer] Missing process: "stressed-interpalatal:а"
[129.9s] warning: [BlurbComposer] Missing process: "stressed-interpalatal:и"
[129.9s] info: [Ilya] N.160 seats: 34 drawn live, 0 kept as stored, of 34 seated
[129.9s] info: [Ilya] N.160 dry run: 34 seated = 34 address + 0 anchor + 0 joined + 0 rejected + 0 unfound. Nothing written.
[129.9s] info: [Ilya] N.160 dry run, address (34): note 1 m7-1-4 «Средь» of «Средь» 0-0.0 | note 2 m8-0-1 «шум» of «шумного» 0-1.0 | note 3 m8-1-8 «но» of «шумного» 0-1.1 | note 4 m8-1-4 «го» of «шумного» 0-1.2 | note 5 m9-0-1 «ба» of «бала» 0-2.0 | note 6 m9-1-4 «ла,» of «бала» 0-2.1 | note 7 m10-1-4 «слу» of «случайно» 0-3.0 | note 8 m11-0-1 «чай» of «случайно» 0-3.1 | note 9 m11-1-4 «но,» of «случайно» 0-3.2 