[1.7s] debug: [vite] connecting...
[1.7s] debug: [vite] connected.
[17.3s] debug: [vite] connecting...
[17.4s] debug: [vite] connected.
[22.7s] error: An uncaught WebGPU validation error was raised: Error while parsing WGSL: :33:68 error: 'f16' type used without 'f16' extension enabled
        @group(0) @binding(0) var<storage, read> aData: array<vec4<f16>>;
                                                                   ^^^


 - While calling [Device].CreateShaderModule([ShaderModuleDescriptor ""Sub""]).

[22.7s] error: An uncaught WebGPU validation error was raised: [Invalid ShaderModule "Sub"] is invalid.
 - While validating compute stage ([Invalid ShaderModule "Sub"], entryPoint: "main").
 - While calling [Device].CreateComputePipeline([ComputePipelineDescriptor ""Sub""]).

[22.7s] error: An uncaught WebGPU validation error was raised: [Invalid ComputePipeline "Sub"] is invalid.
 - While Validating GetBindGroupLayout (0) on [Invalid ComputePipeline "Sub"]

[22.7s] error: An uncaught WebGPU validation error was raised: [Invalid BindGroupLayout (unlabeled)] is invalid.
 - While validating [BindGroupDescriptor ""Sub""] against [Invalid BindGroupLayout (unlabeled)]
 - While calling [Device].CreateBindGroup([BindGroupDescriptor ""Sub""]).

[22.7s] error: An uncaught WebGPU validation error was raised: Error while parsing WGSL: :33:68 error: 'f16' type used without 'f16' extension enabled
        @group(0) @binding(0) var<storage, read> aData: array<vec4<f16>>;
                                                                   ^^^


 - While calling [Device].CreateShaderModule([ShaderModuleDescriptor ""Div""]).

[22.7s] error: An uncaught WebGPU validation error was raised: [Invalid ShaderModule "Div"] is invalid.
 - While validating compute stage ([Invalid ShaderModule "Div"], entryPoint: "main").
 - While calling [Device].CreateComputePipeline([ComputePipelineDescriptor ""Div""]).

[22.7s] error: An uncaught WebGPU validation error was raised: [Invalid ComputePipeline "Div"] is invalid.
 - While Validating GetBindGroupLayout (0) on [Invalid ComputePipeline "Div"]

[22.7s] error: An uncaught WebGPU validation error was raised: [Invalid BindGroupLayout (unlabeled)] is invalid.
 - While validating [BindGroupDescriptor ""Div""] against [Invalid BindGroupLayout (unlabeled)]
 - While calling [Device].CreateBindGroup([BindGroupDescriptor ""Div""]).

[22.7s] error: An uncaught WebGPU validation error was raised: Error while parsing WGSL: :35:53 error: 'f16' type used without 'f16' extension enabled
  @group(0) @binding(0) var<storage, read> a: array<f16>;
                                                    ^^^


 - While calling [Device].CreateShaderModule([ShaderModuleDescriptor ""Transpose""]).

[22.7s] error: An uncaught WebGPU validation error was raised: [Invalid ShaderModule "Transpose"] is invalid.
 - While validating compute stage ([Invalid ShaderModule "Transpose"], entryPoint: "main").
 - While calling [Device].CreateComputePipeline([ComputePipelineDescriptor ""Transpose""]).

[22.7s] error: An uncaught WebGPU validation error was raised: [Invalid ComputePipeline "Transpose"] is invalid.
 - While Validating GetBindGroupLayout (0) on [Invalid ComputePipeline "Transpose"]

[22.7s] error: An uncaught WebGPU validation error was raised: [Invalid BindGroupLayout (unlabeled)] is invalid.
 - While validating [BindGroupDescriptor ""Transpose""] against [Invalid BindGroupLayout (unlabeled)]
 - While calling [Device].CreateBindGroup([BindGroupDescriptor ""Transpose""]).

[22.7s] error: An uncaught WebGPU validation error was raised: Error while parsing WGSL: :35:53 error: 'f16' type used without 'f16' extension enabled
  @group(0) @binding(0) var<storage, read> a: array<f16>;
                                                    ^^^


 - While calling [Device].CreateShaderModule([ShaderModuleDescriptor ""Transpose""]).

[22.7s] error: An uncaught WebGPU validation error was raised: [Invalid ShaderModule "Transpose"] is invalid.
 - While validating compute stage ([Invalid ShaderModule "Transpose"], entryPoint: "main").
 - While calling [Device].CreateComputePipeline([ComputePipelineDescriptor ""Transpose""]).

[22.7s] error: An uncaught WebGPU validation error was raised: [Invalid ComputePipeline "Transpose"] is invalid.
 - While Validating GetBindGroupLayout (0) on [Invalid ComputePipeline "Transpose"]

[22.7s] error: An uncaught WebGPU validation error was raised: [Invalid BindGroupLayout (unlabeled)] is invalid.
 - While validating [BindGroupDescriptor ""Transpose""] against [Invalid BindGroupLayout (unlabeled)]
 - While calling [Device].CreateBindGroup([BindGroupDescriptor ""Transpose""]).

[22.7s] error: An uncaught WebGPU validation error was raised: Error while parsing WGSL: :22:59 error: 'f16' type used without 'f16' extension enabled
        @group(0) @binding(0) var<storage, read> x: array<f16>;
                                                          ^^^


 - While calling [Device].CreateShaderModule([ShaderModuleDescriptor ""Conv2DMatMul""]).

[22.7s] error: An uncaught WebGPU validation error was raised: [Invalid ShaderModule "Conv2DMatMul"] is invalid.
 - While validating compute stage ([Invalid ShaderModule "Conv2DMatMul"], entryPoint: "main").
 - While calling [Device].CreateComputePipeline([ComputePipelineDescriptor ""Conv2DMatMul""]).

[22.7s] error: An uncaught WebGPU validation error was raised: [Invalid ComputePipeline "Conv2DMatMul"] is invalid.
 - While Validating GetBindGroupLayout (0) on [Invalid ComputePipeline "Conv2DMatMul"]

[22.7s] error: An uncaught WebGPU validation error was raised: [Invalid BindGroupLayout (unlabeled)] is invalid.
 - While validating [BindGroupDescriptor ""Conv2DMatMul""] against [Invalid BindGroupLayout (unlabeled)]
 - While calling [Device].CreateBindGroup([BindGroupDescriptor ""Conv2DMatMul""]).

[22.7s] error: An uncaught WebGPU validation error was raised: Error while parsing WGSL: :35:53 error: 'f16' type used without 'f16' extension enabled
  @group(0) @binding(0) var<storage, read> a: array<f16>;
                                                    ^^^


 - While calling [Device].CreateShaderModule([ShaderModuleDescriptor ""Transpose""]).

[22.7s] error: An uncaught WebGPU validation error was raised: [Invalid ShaderModule "Transpose"] is invalid.
 - While validating compute stage ([Invalid ShaderModule "Transpose"], entryPoint: "main").
 - While calling [Device].CreateComputePipeline([ComputePipelineDescriptor ""Transpose""]).

[22.7s] error: An uncaught WebGPU validation error was raised: [Invalid ComputePipeline "Transpose"] is invalid.
 - While Validating GetBindGroupLayout (0) on [Invalid ComputePipeline "Transpose"]

[22.7s] error: An uncaught WebGPU validation error was raised: [Invalid BindGroupLayout (unlabeled)] is invalid.
 - While validating [BindGroupDescriptor ""Transpose""] against [Invalid BindGroupLayout (unlabeled)]
 - While calling [Device].CreateBindGroup([BindGroupDescriptor ""Transpose""]).

[22.7s] error: An uncaught WebGPU validation error was raised: Error while parsing WGSL: :31:63 error: 'f16' type used without 'f16' extension enabled
            @group(0) @binding(0) var<storage, read> x: array<f16>;
                                                              ^^^


 - While calling [Device].CreateShaderModule([ShaderModuleDescriptor ""MaxPool""]).

[22.7s] error: An uncaught WebGPU validation error was raised: [Invalid ShaderModule "MaxPool"] is invalid.
 - While validating compute stage ([Invalid ShaderModule "MaxPool"], entryPoint: "main").
 - While calling [Device].CreateComputePipeline([ComputePipelineDescriptor ""MaxPool""]).

[22.7s] error: An uncaught WebGPU validation error was raised: [Invalid ComputePipeline "MaxPool"] is invalid.
 - While Validating GetBindGroupLayout (0) on [Invalid ComputePipeline "MaxPool"]

[22.7s] error: An uncaught WebGPU validation error was raised: [Invalid BindGroupLayout (unlabeled)] is invalid.
 - While validating [BindGroupDescriptor ""MaxPool""] against [Invalid BindGroupLayout (unlabeled)]
 - While calling [Device].CreateBindGroup([BindGroupDescriptor ""MaxPool""]).

[22.7s] error: An uncaught WebGPU validation error was raised: [Invalid ComputePipeline "Transpose"] is invalid.
 - While Validating GetBindGroupLayout (0) on [Invalid ComputePipeline "Transpose"]

[22.7s] error: An uncaught WebGPU validation error was raised: [Invalid BindGroupLayout (unlabeled)] is invalid.
 - While validating [BindGroupDescriptor ""Transpose""] against [Invalid BindGroupLayout (unlabeled)]
 - While calling [Device].CreateBindGroup([BindGroupDescriptor ""Transpose""]).

[22.7s] error: An uncaught WebGPU validation error was raised: Error while parsing WGSL: :22:64 error: 'f16' type used without 'f16' extension enabled
        @group(0) @binding(0) var<storage, read> x: array<vec4<f16>>;
                                                               ^^^


 - While calling [Device].CreateShaderModule([ShaderModuleDescriptor ""Conv2DMatMul""]).

[22.7s] error: An uncaught WebGPU validation error was raised: [Invalid ShaderModule "Conv2DMatMul"] is invalid.
 - While validating compute stage ([Invalid ShaderModule "Conv2DMatMul"], entryPoint: "main").
 - While calling [Device].CreateComputePipeline([ComputePipelineDescriptor ""Conv2DMatMul""]).

[22.7s] error: An uncaught WebGPU validation error was raised: [Invalid ComputePipeline "Conv2DMatMul"] is invalid.
 - While Validating GetBindGroupLayout (0) on [Invalid ComputePipeline "Conv2DMatMul"]

[22.7s] error: An uncaught WebGPU validation error was raised: [Invalid BindGroupLayout (unlabeled)] is invalid.
 - While validating [BindGroupDescriptor ""Conv2DMatMul""] against [Invalid BindGroupLayout (unlabeled)]
 - While calling [Device].CreateBindGroup([BindGroupDescriptor ""Conv2DMatMul""]).

[22.7s] error: An uncaught WebGPU validation error was raised: [Invalid ComputePipeline "Transpose"] is invalid.
 - While Validating GetBindGroupLayout (0) on [Invalid ComputePipeline "Transpose"]

[22.7s] error: An uncaught WebGPU validation error was raised: [Invalid BindGroupLayout (unlabeled)] is invalid.
 - While validating [BindGroupDescriptor ""Transpose""] against [Invalid BindGroupLayout (unlabeled)]
 - While calling [Device].CreateBindGroup([BindGroupDescriptor ""Transpose""]).

[22.7s] error: An uncaught WebGPU validation error was raised: Error while parsing WGSL: :22:64 error: 'f16' type used without 'f16' extension enabled
        @group(0) @binding(0) var<storage, read> x: array<vec4<f16>>;
                                                               ^^^


 - While calling [Device].CreateShaderModule([ShaderModuleDescriptor ""Conv2DMatMul""]).

[22.7s] error: An uncaught WebGPU validation error was raised: [Invalid ShaderModule "Conv2DMatMul"] is invalid.
 - While validating compute stage ([Invalid ShaderModule "Conv2DMatMul"], entryPoint: "main").
 - While calling [Device].CreateComputePipeline([ComputePipelineDescriptor ""Conv2DMatMul""]).

[22.7s] error: An uncaught WebGPU validation error was raised: [Invalid ComputePipeline "Conv2DMatMul"] is invalid.
 - While Validating GetBindGroupLayout (0) on [Invalid ComputePipeline "Conv2DMatMul"]

[22.7s] error: An uncaught WebGPU validation error was raised: [Invalid BindGroupLayout (unlabeled)] is invalid.
 - While validating [BindGroupDescriptor ""Conv2DMatMul""] against [Invalid BindGroupLayout (unlabeled)]
 - While calling [Device].CreateBindGroup([BindGroupDescriptor ""Conv2DMatMul""]).

[22.7s] error: An uncaught WebGPU validation error was raised: Error while parsing WGSL: :8:68 error: 'f16' type used without 'f16' extension enabled
        @group(0) @binding(0) var<storage, read> aData: array<vec4<f16>>;
                                                                   ^^^


 - While calling [Device].CreateShaderModule([ShaderModuleDescriptor ""Add""]).

[22.7s] error: An uncaught WebGPU validation error was raised: [Invalid ShaderModule "Add"] is invalid.
 - While validating compute stage ([Invalid ShaderModule "Add"], entryPoint: "main").
 - While calling [Device].CreateComputePipeline([ComputePipelineDescriptor ""Add""]).

[22.7s] error: An uncaught WebGPU validation error was raised: [Invalid ComputePipeline "Add"] is invalid.
 - While Validating GetBindGroupLayout (0) on [Invalid ComputePipeline "Add"]

[22.7s] error: An uncaught WebGPU validation error was raised: [Invalid BindGroupLayout (unlabeled)] is invalid.
 - While validating [BindGroupDescriptor ""Add""] against [Invalid BindGroupLayout (unlabeled)]
 - While calling [Device].CreateBindGroup([BindGroupDescriptor ""Add""]).

[22.7s] error: An uncaught WebGPU validation error was raised: Error while parsing WGSL: :7:70 error: 'f16' type used without 'f16' extension enabled
      @group(0) @binding(0) var<storage, read> inputData: array<vec4<f16>>;
                                                                     ^^^


 - While calling [Device].CreateShaderModule([ShaderModuleDescriptor ""Relu""]).

[22.7s] error: An uncaught WebGPU validation error was raised: [Invalid ShaderModule "Relu"] is invalid.
 - While validating compute stage ([Invalid ShaderModule "Relu"], entryPoint: "main").
 - While calling [Device].CreateComputePipeline([ComputePipelineDescriptor ""Relu""]).

[22.7s] error: An uncaught WebGPU validation error was raised: [Invalid ComputePipeline "Relu"] is invalid.
 - While Validating GetBindGroupLayout (0) on [Invalid ComputePipeline "Relu"]

[22.7s] error: An uncaught WebGPU validation error was raised: [Invalid BindGroupLayout (unlabeled)] is invalid.
 - While validating [BindGroupDescriptor ""Relu""] against [Invalid BindGroupLayout (unlabeled)]
 - While calling [Device].CreateBindGroup([BindGroupDescriptor ""Relu""]).

[22.7s] error: An uncaught WebGPU validation error was raised: [Invalid ComputePipeline "Transpose"] is invalid.
 - While Validating GetBindGroupLayout (0) on [Invalid ComputePipeline "Transpose"]

[22.7s] error: An uncaught WebGPU validation error was raised: [Invalid BindGroupLayout (unlabeled)] is invalid.
 - While validating [BindGroupDescriptor ""Transpose""] against [Invalid BindGroupLayout (unlabeled)]
 - While calling [Device].CreateBindGroup([BindGroupDescriptor ""Transpose""]).

[22.7s] error: An uncaught WebGPU validation error was raised: [Invalid ComputePipeline "Conv2DMatMul"] is invalid.
 - While Validating GetBindGroupLayout (0) on [Invalid ComputePipeline "Conv2DMatMul"]

[22.7s] error: An uncaught WebGPU validation error was raised: [Invalid BindGroupLayout (unlabeled)] is invalid.
 - While validating [BindGroupDescriptor ""Conv2DMatMul""] against [Invalid BindGroupLayout (unlabeled)]
 - While calling [Device].CreateBindGroup([BindGroupDescriptor ""Conv2DMatMul""]).

[22.8s] error: An uncaught WebGPU validation error was raised: [Invalid ComputePipeline "Transpose"] is invalid.
 - While Validating GetBindGroupLayout (0) on [Invalid ComputePipeline "Transpose"]

[22.8s] error: An uncaught WebGPU validation error was raised: [Invalid BindGroupLayout (unlabeled)] is invalid.
 - While validating [BindGroupDescriptor ""Transpose""] against [Invalid BindGroupLayout (unlabeled)]
 - While calling [Device].CreateBindGroup([BindGroupDescriptor ""Transpose""]).

[22.8s] error: An uncaught WebGPU validation error was raised: [Invalid ComputePipeline "Sub"] is invalid.
 - While encoding [ComputePassEncoder (unlabeled)].SetPipeline([Invalid ComputePipeline "Sub"]).
 - While finishing [CommandEncoder (unlabeled)].

[22.8s] error: An uncaught WebGPU validation error was raised: [Invalid CommandBuffer] is invalid.
 - While calling [Queue].Submit([[Invalid CommandBuffer]])

[22.8s] error: An uncaught WebGPU validation error was raised: [Invalid ComputePipeline "Conv2DMatMul"] is invalid.
 - While Validating GetBindGroupLayout (0) on [Invalid ComputePipeline "Conv2DMatMul"]

[22.8s] error: An uncaught WebGPU validation error was raised: [Invalid BindGroupLayout (unlabeled)] is invalid.
 - While validating [BindGroupDescriptor ""Conv2DMatMul""] against [Invalid BindGroupLayout (unlabeled)]
 - While calling [Device].CreateBindGroup([BindGroupDescriptor ""Conv2DMatMul""]).

[22.8s] error: An uncaught WebGPU validation error was raised: [Invalid ComputePipeline "Add"] is invalid.
 - While Validating GetBindGroupLayout (0) on [Invalid ComputePipeline "Add"]

[22.8s] error: An uncaught WebGPU validation error was raised: [Invalid BindGroupLayout (unlabeled)] is invalid.
 - While validating [BindGroupDescriptor ""Add""] against [Invalid BindGroupLayout (unlabeled)]
 - While calling [Device].CreateBindGroup([BindGroupDescriptor ""Add""]).

[22.8s] error: An uncaught WebGPU validation error was raised: [Invalid ComputePipeline "Relu"] is invalid.
 - While Validating GetBindGroupLayout (0) on [Invalid ComputePipeline "Relu"]

[22.8s] error: An uncaught WebGPU validation error was raised: [Invalid BindGroupLayout (unlabeled)] is invalid.
 - While validating [BindGroupDescriptor ""Relu""] against [Invalid BindGroupLayout (unlabeled)]
 - While calling [Device].CreateBindGroup([BindGroupDescriptor ""Relu""]).

[22.8s] error: An uncaught WebGPU validation error was raised: Error while parsing WGSL: :35:53 error: 'f16' type used without 'f16' extension enabled
  @group(0) @binding(0) var<storage, read> a: array<f16>;
                                                    ^^^


 - While calling [Device].CreateShaderModule([ShaderModuleDescriptor ""Transpose""]).

[22.8s] error: An uncaught WebGPU validation error was raised: [Invalid ShaderModule "Transpose"] is invalid.
 - While validating compute stage ([Invalid ShaderModule "Transpose"], entryPoint: "main").
 - While calling [Device].CreateComputePipeline([ComputePipelineDescriptor ""Transpose""]).

[22.8s] error: An uncaught WebGPU validation error was raised: [Invalid ComputePipeline "Transpose"] is invalid.
 - While Validating GetBindGroupLayout (0) on [Invalid ComputePipeline "Transpose"]

[22.8s] error: An uncaught WebGPU validation error was raised: [Invalid BindGroupLayout (unlabeled)] is invalid.
 - While validating [BindGroupDescriptor ""Transpose""] against [Invalid BindGroupLayout (unlabeled)]
 - While calling [Device].CreateBindGroup([BindGroupDescriptor ""Transpose""]).

[22.8s] error: An uncaught WebGPU validation error was raised: [Invalid ComputePipeline "Transpose"] is invalid.
 - While Validating GetBindGroupLayout (0) on [Invalid ComputePipeline "Transpose"]

[22.8s] error: An uncaught WebGPU validation error was raised: [Invalid BindGroupLayout (unlabeled)] is invalid.
 - While validating [BindGroupDescriptor ""Transpose""] against [Invalid BindGroupLayout (unlabeled)]
 - While calling [Device].CreateBindGroup([BindGroupDescriptor ""Transpose""]).

[22.8s] error: An uncaught WebGPU validation error was raised: [Invalid ComputePipeline "Conv2DMatMul"] is invalid.
 - While Validating GetBindGroupLayout (0) on [Invalid ComputePipeline "Conv2DMatMul"]

[22.8s] error: An uncaught WebGPU validation error was raised: [Invalid BindGroupLayout (unlabeled)] is invalid.
 - While validating [BindGroupDescriptor ""Conv2DMatMul""] against [Invalid BindGroupLayout (unlabeled)]
 - While calling [Device].CreateBindGroup([BindGroupDescriptor ""Conv2DMatMul""]).

[22.8s] error: An uncaught WebGPU validation error was raised: [Invalid ComputePipeline "Transpose"] is invalid.
 - While Validating GetBindGroupLayout (0) on [Invalid ComputePipeline "Transpose"]

[22.8s] error: An uncaught WebGPU validation error was raised: [Invalid BindGroupLayout (unlabeled)] is invalid.
 - While validating [BindGroupDescriptor ""Transpose""] against [Invalid BindGroupLayout (unlabeled)]
 - While calling [Device].CreateBindGroup([BindGroupDescriptor ""Transpose""]).

[22.8s] error: An uncaught WebGPU validation error was raised: [Invalid ComputePipeline "Conv2DMatMul"] is invalid.
 - While Validating GetBindGroupLayout (0) on [Invalid ComputePipeline "Conv2DMatMul"]

[22.8s] error: An uncaught WebGPU validation error was raised: [Invalid BindGroupLayout (unlabeled)] is invalid.
 - While validating [BindGroupDescriptor ""Conv2DMatMul""] against [Invalid BindGroupLayout (unlabeled)]
 - While calling [Device].CreateBindGroup([BindGroupDescriptor ""Conv2DMatMul""]).

[22.8s] error: An uncaught WebGPU validation error was raised: Error while parsing WGSL: :21:53 error: 'f16' type used without 'f16' extension enabled
  @group(0) @binding(0) var<storage, read> a: array<f16>;
                                                    ^^^


 - While calling [Device].CreateShaderModule([ShaderModuleDescriptor ""TransposeShared""]).

[22.8s] error: An uncaught WebGPU validation error was raised: [Invalid ShaderModule "TransposeShared"] is invalid.
 - While validating compute stage ([Invalid ShaderModule "TransposeShared"], entryPoint: "main").
 - While calling [Device].CreateComputePipeline([ComputePipelineDescriptor ""TransposeShared""]).

[22.8s] error: An uncaught WebGPU validation error was raised: [Invalid ComputePipeline "TransposeShared"] is invalid.
 - While Validating GetBindGroupLayout (0) on [Invalid ComputePipeline "TransposeShared"]

[22.8s] error: An uncaught WebGPU validation error was raised: [Invalid BindGroupLayout (unlabeled)] is invalid.
 - While validating [BindGroupDescriptor ""TransposeShared""] against [Invalid BindGroupLayout (unlabeled)]
 - While calling [Device].CreateBindGroup([BindGroupDescriptor ""TransposeShared""]).

[22.8s] error: An uncaught WebGPU validation error was raised: [Invalid ComputePipeline "Conv2DMatMul"] is invalid.
 - While Validating GetBindGroupLayout (0) on [Invalid ComputePipeline "Conv2DMatMul"]

[22.8s] error: An uncaught WebGPU validation error was raised: [Invalid BindGroupLayout (unlabeled)] is invalid.
 - While validating [BindGroupDescriptor ""Conv2DMatMul""] against [Invalid BindGroupLayout (unlabeled)]
 - While calling [Device].CreateBindGroup([BindGroupDescriptor ""Conv2DMatMul""]).

[22.8s] error: An uncaught WebGPU validation error was raised: [Invalid ComputePipeline "Add"] is invalid.
 - While Validating GetBindGroupLayout (0) on [Invalid ComputePipeline "Add"]

[22.8s] error: An uncaught WebGPU validation error was raised: [Invalid BindGroupLayout (unlabeled)] is invalid.
 - While validating [BindGroupDescriptor ""Add""] against [Invalid BindGroupLayout (unlabeled)]
 - While calling [Device].CreateBindGroup([BindGroupDescriptor ""Add""]).

[22.8s] error: An uncaught WebGPU validation error was raised: [Invalid ComputePipeline "Relu"] is invalid.
 - While Validating GetBindGroupLayout (0) on [Invalid ComputePipeline "Relu"]

[22.8s] error: An uncaught WebGPU validation error was raised: [Invalid BindGroupLayout (unlabeled)] is invalid.
 - While validating [BindGroupDescriptor ""Relu""] against [Invalid BindGroupLayout (unlabeled)]
 - While calling [Device].CreateBindGroup([BindGroupDescriptor ""Relu""]).

[22.8s] error: An uncaught WebGPU validation error was raised: [Invalid ComputePipeline "Transpose"] is invalid.
 - While Validating GetBindGroupLayout (0) on [Invalid ComputePipeline "Transpose"]

[22.8s] error: An uncaught WebGPU validation error was raised: [Invalid BindGroupLayout (unlabeled)] is invalid.
 - While validating [BindGroupDescriptor ""Transpose""] against [Invalid BindGroupLayout (unlabeled)]
 - While calling [Device].CreateBindGroup([BindGroupDescriptor ""Transpose""]).

[22.8s] error: An uncaught WebGPU validation error was raised: [Invalid ComputePipeline "Conv2DMatMul"] is invalid.
 - While Validating GetBindGroupLayout (0) on [Invalid ComputePipeline "Conv2DMatMul"]

[22.8s] error: An uncaught WebGPU validation error was raised: [Invalid BindGroupLayout (unlabeled)] is invalid.
 - While validating [BindGroupDescriptor ""Conv2DMatMul""] against [Invalid BindGroupLayout (unlabeled)]
 - While calling [Device].CreateBindGroup([BindGroupDescriptor ""Conv2DMatMul""]).

[22.8s] error: An uncaught WebGPU validation error was raised: [Invalid ComputePipeline "Transpose"] is invalid.
 - While Validating GetBindGroupLayout (0) on [Invalid ComputePipeline "Transpose"]

[22.8s] error: An uncaught WebGPU validation error was raised: [Invalid BindGroupLayout (unlabeled)] is invalid.
 - While validating [BindGroupDescriptor ""Transpose""] against [Invalid BindGroupLayout (unlabeled)]
 - While calling [Device].CreateBindGroup([BindGroupDescriptor ""Transpose""]).

[22.8s] error: An uncaught WebGPU validation error was raised: [Invalid ComputePipeline "Conv2DMatMul"] is invalid.
 - While Validating GetBindGroupLayout (0) on [Invalid ComputePipeline "Conv2DMatMul"]

[22.8s] error: An uncaught WebGPU validation error was raised: [Invalid BindGroupLayout (unlabeled)] is invalid.
 - While validating [BindGroupDescriptor ""Conv2DMatMul""] against [Invalid BindGroupLayout (unlabeled)]
 - While calling [Device].CreateBindGroup([BindGroupDescriptor ""Conv2DMatMul""]).

[22.8s] error: An uncaught WebGPU validation error was raised: [Invalid ComputePipeline "Conv2DMatMul"] is invalid.
 - While encoding [ComputePassEncoder (unlabeled)].SetPipeline([Invalid ComputePipeline "Conv2DMatMul"]).
 - While finishing [CommandEncoder (unlabeled)].

[22.8s] error: An uncaught WebGPU validation error was raised: [Invalid CommandBuffer] is invalid.
 - While calling [Queue].Submit([[Invalid CommandBuffer]])

[22.9s] error: An uncaught WebGPU validation error was raised: [Invalid ComputePipeline "Add"] is invalid.
 - While Validating GetBindGroupLayout (0) on [Invalid ComputePipeline "Add"]

[22.9s] error: An uncaught WebGPU validation error was raised: [Invalid BindGroupLayout (unlabeled)] is invalid.
 - While validating [BindGroupDescriptor ""Add""] against [Invalid BindGroupLayout (unlabeled)]
 - While calling [Device].CreateBindGroup([BindGroupDescriptor ""Add""]).

[22.9s] error: An uncaught WebGPU validation error was raised: [Invalid ComputePipeline "Relu"] is invalid.
 - While Validating GetBindGroupLayout (0) on [Invalid ComputePipeline "Relu"]

[22.9s] error: An uncaught WebGPU validation error was raised: [Invalid BindGroupLayout (unlabeled)] is invalid.
 - While validating [BindGroupDescriptor ""Relu""] against [Invalid BindGroupLayout (unlabeled)]
 - While calling [Device].CreateBindGroup([BindGroupDescriptor ""Relu""]).

[22.9s] error: An uncaught WebGPU validation error was raised: [Invalid ComputePipeline "Transpose"] is invalid.
 - While Validating GetBindGroupLayout (0) on [Invalid ComputePipeline "Transpose"]

[22.9s] error: An uncaught WebGPU validation error was raised: [Invalid BindGroupLayout (unlabeled)] is invalid.
 - While validating [BindGroupDescriptor ""Transpose""] against [Invalid BindGroupLayout (unlabeled)]
 - While calling [Device].CreateBindGroup([BindGroupDescriptor ""Transpose""]).

[22.9s] error: An uncaught WebGPU validation error was raised: [Invalid ComputePipeline "Transpose"] is invalid.
 - While Validating GetBindGroupLayout (0) on [Invalid ComputePipeline "Transpose"]

[22.9s] error: An uncaught WebGPU validation error was raised: [Invalid BindGroupLayout (unlabeled)] is invalid.
 - While validating [BindGroupDescriptor ""Transpose""] against [Invalid BindGroupLayout (unlabeled)]
 - While calling [Device].CreateBindGroup([BindGroupDescriptor ""Transpose""]).

[22.9s] error: An uncaught WebGPU validation error was raised: Error while parsing WGSL: :22:64 error: 'f16' type used without 'f16' extension enabled
        @group(0) @binding(0) var<storage, read> x: array<vec4<f16>>;
                                                               ^^^


 - While calling [Device].CreateShaderModule([ShaderModuleDescriptor ""Conv2DMatMul""]).

[22.9s] error: An uncaught WebGPU validation error was raised: [Invalid ShaderModule "Conv2DMatMul"] is invalid.
 - While validating compute stage ([Invalid ShaderModule "Conv2DMatMul"], entryPoint: "main").
 - While calling [Device].CreateComputePipeline([ComputePipelineDescriptor ""Conv2DMatMul""]).

[22.9s] error: An uncaught WebGPU validation error was raised: [Invalid ComputePipeline "Conv2DMatMul"] is invalid.
 - While Validating GetBindGroupLayout (0) on [Invalid ComputePipeline "Conv2DMatMul"]

[22.9s] error: An uncaught WebGPU validation error was raised: [Invalid BindGroupLayout (unlabeled)] is invalid.
 - While validating [BindGroupDescriptor ""Conv2DMatMul""] against [Invalid BindGroupLayout (unlabeled)]
 - While calling [Device].CreateBindGroup([BindGroupDescriptor ""Conv2DMatMul""]).

[22.9s] error: An uncaught WebGPU validation error was raised: [Invalid ComputePipeline "Transpose"] is invalid.
 - While Validating GetBindGroupLayout (0) on [Invalid ComputePipeline "Transpose"]

[22.9s] error: An uncaught WebGPU validation error was raised: [Invalid BindGroupLayout (unlabeled)] is invalid.
 - While validating [BindGroupDescriptor ""Transpose""] against [Invalid BindGroupLayout (unlabeled)]
 - While calling [Device].CreateBindGroup([BindGroupDescriptor ""Transpose""]).

[22.9s] error: An uncaught WebGPU validation error was raised: Error while parsing WGSL: :22:64 error: 'f16' type used without 'f16' extension enabled
        @group(0) @binding(0) var<storage, read> x: array<vec4<f16>>;
                                                               ^^^


 - While calling [Device].CreateShaderModule([ShaderModuleDescriptor ""Conv2DMatMul""]).

[22.9s] error: An uncaught WebGPU validation error was raised: [Invalid ShaderModule "Conv2DMatMul"] is invalid.
 - While validating compute stage ([Invalid ShaderModule "Conv2DMatMul"], entryPoint: "main").
 - While calling [Device].CreateComputePipeline([ComputePipelineDescriptor ""Conv2DMatMul""]).

[22.9s] error: An uncaught WebGPU validation error was raised: [Invalid ComputePipeline "Conv2DMatMul"] is invalid.
 - While Validating GetBindGroupLayout (0) on [Invalid ComputePipeline "Conv2DMatMul"]

[22.9s] error: An uncaught WebGPU validation error was raised: [Invalid BindGroupLayout (unlabeled)] is invalid.
 - While validating [BindGroupDescriptor ""Conv2DMatMul""] against [Invalid BindGroupLayout (unlabeled)]
 - While calling [Device].CreateBindGroup([BindGroupDescriptor ""Conv2DMatMul""]).

[22.9s] error: An uncaught WebGPU validation error was raised: [Invalid ComputePipeline "TransposeShared"] is invalid.
 - While Validating GetBindGroupLayout (0) on [Invalid ComputePipeline "TransposeShared"]

[22.9s] error: An uncaught WebGPU validation error was raised: [Invalid BindGroupLayout (unlabeled)] is invalid.
 - While validating [BindGroupDescriptor ""TransposeShared""] against [Invalid BindGroupLayout (unlabeled)]
 - While calling [Device].CreateBindGroup([BindGroupDescriptor ""TransposeShared""]).

[22.9s] error: An uncaught WebGPU validation error was raised: [Invalid ComputePipeline "Conv2DMatMul"] is invalid.
 - While Validating GetBindGroupLayout (0) on [Invalid ComputePipeline "Conv2DMatMul"]

[23.0s] error: An uncaught WebGPU validation error was raised: [Invalid BindGroupLayout (unlabeled)] is invalid.
 - While validating [BindGroupDescriptor ""Conv2DMatMul""] against [Invalid BindGroupLayout (unlabeled)]
 - While calling [Device].CreateBindGroup([BindGroupDescriptor ""Conv2DMatMul""]).

[23.0s] error: An uncaught WebGPU validation error was raised: [Invalid ComputePipeline "Add"] is invalid.
 - While Validating GetBindGroupLayout (0) on [Invalid ComputePipeline "Add"]

[23.0s] error: An uncaught WebGPU validation error was raised: [Invalid BindGroupLayout (unlabeled)] is invalid.
 - While validating [BindGroupDescriptor ""Add""] against [Invalid BindGroupLayout (unlabeled)]
 - While calling [Device].CreateBindGroup([BindGroupDescriptor ""Add""]).

[23.0s] error: An uncaught WebGPU validation error was raised: [Invalid ComputePipeline "Relu"] is invalid.
 - While Validating GetBindGroupLayout (0) on [Invalid ComputePipeline "Relu"]

[23.0s] error: An uncaught WebGPU validation error was raised: [Invalid BindGroupLayout (unlabeled)] is invalid.
 - While validating [BindGroupDescriptor ""Relu""] against [Invalid BindGroupLayout (unlabeled)]
 - While calling [Device].CreateBindGroup([BindGroupDescriptor ""Relu""]).

[23.0s] error: An uncaught WebGPU validation error was raised: [Invalid ComputePipeline "Transpose"] is invalid.
 - While Validating GetBindGroupLayout (0) on [Invalid ComputePipeline "Transpose"]

[23.0s] error: An uncaught WebGPU validation error was raised: [Invalid BindGroupLayout (unlabeled)] is invalid.
 - While validating [BindGroupDescriptor ""Transpose""] against [Invalid BindGroupLayout (unlabeled)]
 - While calling [Device].CreateBindGroup([BindGroupDescriptor ""Transpose""]).

[23.0s] error: An uncaught WebGPU validation error was raised: [Invalid ComputePipeline "Conv2DMatMul"] is invalid.
 - While Validating GetBindGroupLayout (0) on [Invalid ComputePipeline "Conv2DMatMul"]

[23.0s] error: An uncaught WebGPU validation error was raised: [Invalid BindGroupLayout (unlabeled)] is invalid.
 - While validating [BindGroupDescriptor ""Conv2DMatMul""] against [Invalid BindGroupLayout (unlabeled)]
 - While calling [Device].CreateBindGroup([BindGroupDescriptor ""Conv2DMatMul""]).

[23.0s] error: An uncaught WebGPU validation error was raised: [Invalid ComputePipeline "Transpose"] is invalid.
 - While Validating GetBindGroupLayout (0) on [Invalid ComputePipeline "Transpose"]

[23.0s] error: An uncaught WebGPU validation error was raised: [Invalid BindGroupLayout (unlabeled)] is invalid.
 - While validating [BindGroupDescriptor ""Transpose""] against [Invalid BindGroupLayout (unlabeled)]
 - While calling [Device].CreateBindGroup([BindGroupDescriptor ""Transpose""]).

[23.0s] error: An uncaught WebGPU validation error was raised: [Invalid ComputePipeline "Conv2DMatMul"] is invalid.
 - While Validating GetBindGroupLayout (0) on [Invalid ComputePipeline "Conv2DMatMul"]

[23.0s] error: An uncaught WebGPU validation error was raised: [Invalid BindGroupLayout (unlabeled)] is invalid.
 - While validating [BindGroupDescriptor ""Conv2DMatMul""] against [Invalid BindGroupLayout (unlabeled)]
 - While calling [Device].CreateBindGroup([BindGroupDescriptor ""Conv2DMatMul""]).

[23.0s] error: An uncaught WebGPU validation error was raised: [Invalid ComputePipeline "Add"] is invalid.
 - While Validating GetBindGroupLayout (0) on [Invalid ComputePipeline "Add"]

[23.0s] error: An uncaught WebGPU validation error was raised: [Invalid BindGroupLayout (unlabeled)] is invalid.
 - While validating [BindGroupDescriptor ""Add""] against [Invalid BindGroupLayout (unlabeled)]
 - While calling [Device].CreateBindGroup([BindGroupDescriptor ""Add""]).

[23.0s] error: An uncaught WebGPU validation error was raised: [Invalid ComputePipeline "Add"] is invalid.
 - While encoding [ComputePassEncoder (unlabeled)].SetPipeline([Invalid ComputePipeline "Add"]).
 - While finishing [CommandEncoder (unlabeled)].

[23.0s] error: An uncaught WebGPU validation error was raised: [Invalid CommandBuffer] is invalid.
 - While calling [Queue].Submit([[Invalid CommandBuffer]])

[23.0s] error: An uncaught WebGPU validation error was raised: [Invalid ComputePipeline "Relu"] is invalid.
 - While Validating GetBindGroupLayout (0) on [Invalid ComputePipeline "Relu"]

[23.0s] error: An uncaught WebGPU validation error was raised: [Invalid BindGroupLayout (unlabeled)] is invalid.
 - While validating [BindGroupDescriptor ""Relu""] against [Invalid BindGroupLayout (unlabeled)]
 - While calling [Device].CreateBindGroup([BindGroupDescriptor ""Relu""]).

[23.0s] error: An uncaught WebGPU validation error was raised: [Invalid ComputePipeline "Transpose"] is invalid.
 - While Validating GetBindGroupLayout (0) on [Invalid ComputePipeline "Transpose"]

[23.0s] error: An uncaught WebGPU validation error was raised: [Invalid BindGroupLayout (unlabeled)] is invalid.
 - While validating [BindGroupDescriptor ""Transpose""] against [Invalid BindGroupLayout (unlabeled)]
 - While calling [Device].CreateBindGroup([BindGroupDescriptor ""Transpose""]).

[23.0s] error: An uncaught WebGPU validation error was raised: [Invalid ComputePipeline "Transpose"] is invalid.
 - While Validating GetBindGroupLayout (0) on [Invalid ComputePipeline "Transpose"]

[23.0s] error: An uncaught WebGPU validation error was raised: [Invalid BindGroupLayout (unlabeled)] is invalid.
 - While validating [BindGroupDescriptor ""Transpose""] against [Invalid BindGroupLayout (unlabeled)]
 - While calling [Device].CreateBindGroup([BindGroupDescriptor ""Transpose""]).

[23.0s] error: An uncaught WebGPU validation error was raised: [Invalid ComputePipeline "Conv2DMatMul"] is invalid.
 - While Validating GetBindGroupLayout (0) on [Invalid ComputePipeline "Conv2DMatMul"]

[23.0s] error: An uncaught WebGPU validation error was raised: [Invalid BindGroupLayout (unlabeled)] is invalid.
 - While validating [BindGroupDescriptor ""Conv2DMatMul""] against [Invalid BindGroupLayout (unlabeled)]
 - While calling [Device].CreateBindGroup([BindGroupDescriptor ""Conv2DMatMul""]).

[23.0s] error: An uncaught WebGPU validation error was raised: [Invalid ComputePipeline "Transpose"] is invalid.
 - While Validating GetBindGroupLayout (0) on [Invalid ComputePipeline "Transpose"]

[23.0s] error: An uncaught WebGPU validation error was raised: [Invalid BindGroupLayout (unlabeled)] is invalid.
 - While validating [BindGroupDescriptor ""Transpose""] against [Invalid BindGroupLayout (unlabeled)]
 - While calling [Device].CreateBindGroup([BindGroupDescriptor ""Transpose""]).

[23.0s] error: An uncaught WebGPU validation error was raised: [Invalid ComputePipeline "Conv2DMatMul"] is invalid.
 - While Validating GetBindGroupLayout (0) on [Invalid ComputePipeline "Conv2DMatMul"]

[23.0s] error: An uncaught WebGPU validation error was raised: [Invalid BindGroupLayout (unlabeled)] is invalid.
 - While validating [BindGroupDescriptor ""Conv2DMatMul""] against [Invalid BindGroupLayout (unlabeled)]
 - While calling [Device].CreateBindGroup([BindGroupDescriptor ""Conv2DMatMul""]).

[23.0s] error: An uncaught WebGPU validation error was raised: [Invalid ComputePipeline "TransposeShared"] is invalid.
 - While Validating GetBindGroupLayout (0) on [Invalid ComputePipeline "TransposeShared"]

[23.0s] error: An uncaught WebGPU validation error was raised: [Invalid BindGroupLayout (unlabeled)] is invalid.
 - While validating [BindGroupDescriptor ""TransposeShared""] against [Invalid BindGroupLayout (unlabeled)]
 - While calling [Device].CreateBindGroup([BindGroupDescriptor ""TransposeShared""]).

[23.0s] error: An uncaught WebGPU validation error was raised: [Invalid ComputePipeline "Conv2DMatMul"] is invalid.
 - While Validating GetBindGroupLayout (0) on [Invalid ComputePipeline "Conv2DMatMul"]

[23.0s] error: An uncaught WebGPU validation error was raised: [Invalid BindGroupLayout (unlabeled)] is invalid.
 - While validating [BindGroupDescriptor ""Conv2DMatMul""] against [Invalid BindGroupLayout (unlabeled)]
 - While calling [Device].CreateBindGroup([BindGroupDescriptor ""Conv2DMatMul""]).

[23.0s] error: An uncaught WebGPU validation error was raised: [Invalid ComputePipeline "Add"] is invalid.
 - While Validating GetBindGroupLayout (0) on [Invalid ComputePipeline "Add"]

[23.0s] error: An uncaught WebGPU validation error was raised: [Invalid BindGroupLayout (unlabeled)] is invalid.
 - While validating [BindGroupDescriptor ""Add""] against [Invalid BindGroupLayout (unlabeled)]
 - While calling [Device].CreateBindGroup([BindGroupDescriptor ""Add""]).

[23.0s] error: An uncaught WebGPU validation error was raised: [Invalid ComputePipeline "Relu"] is invalid.
 - While Validating GetBindGroupLayout (0) on [Invalid ComputePipeline "Relu"]

[23.0s] error: An uncaught WebGPU validation error was raised: [Invalid BindGroupLayout (unlabeled)] is invalid.
 - While validating [BindGroupDescriptor ""Relu""] against [Invalid BindGroupLayout (unlabeled)]
 - While calling [Device].CreateBindGroup([BindGroupDescriptor ""Relu""]).

[23.0s] error: An uncaught WebGPU validation error was raised: [Invalid ComputePipeline "Transpose"] is invalid.
 - While Validating GetBindGroupLayout (0) on [Invalid ComputePipeline "Transpose"]

[23.0s] error: An uncaught WebGPU validation error was raised: [Invalid BindGroupLayout (unlabeled)] is invalid.
 - While validating [BindGroupDescriptor ""Transpose""] against [Invalid BindGroupLayout (unlabeled)]
 - While calling [Device].CreateBindGroup([BindGroupDescriptor ""Transpose""]).

[23.0s] error: An uncaught WebGPU validation error was raised: [Invalid ComputePipeline "Conv2DMatMul"] is invalid.
 - While Validating GetBindGroupLayout (0) on [Invalid ComputePipeline "Conv2DMatMul"]

[23.0s] error: An uncaught WebGPU validation error was raised: [Invalid BindGroupLayout (unlabeled)] is invalid.
 - While validating [BindGroupDescriptor ""Conv2DMatMul""] against [Invalid BindGroupLayout (unlabeled)]
 - While calling [Device].CreateBindGroup([BindGroupDescriptor ""Conv2DMatMul""]).

[23.0s] error: An uncaught WebGPU validation error was raised: [Invalid ComputePipeline "Transpose"] is invalid.
 - While Validating GetBindGroupLayout (0) on [Invalid ComputePipeline "Transpose"]

[23.0s] error: An uncaught WebGPU validation error was raised: [Invalid BindGroupLayout (unlabeled)] is invalid.
 - While validating [BindGroupDescriptor ""Transpose""] against [Invalid BindGroupLayout (unlabeled)]
 - While calling [Device].CreateBindGroup([BindGroupDescriptor ""Transpose""]).

[23.0s] error: An uncaught WebGPU validation error was raised: [Invalid ComputePipeline "Conv2DMatMul"] is invalid.
 - While Validating GetBindGroupLayout (0) on [Invalid ComputePipeline "Conv2DMatMul"]

[23.0s] error: An uncaught WebGPU validation error was raised: [Invalid BindGroupLayout (unlabeled)] is invalid.
 - While validating [BindGroupDescriptor ""Conv2DMatMul""] against [Invalid BindGroupLayout (unlabeled)]
 - While calling [Device].CreateBindGroup([BindGroupDescriptor ""Conv2DMatMul""]).

[23.0s] error: An uncaught WebGPU validation error was raised: [Invalid ComputePipeline "Add"] is invalid.
 - While Validating GetBindGroupLayout (0) on [Invalid ComputePipeline "Add"]

[23.0s] error: An uncaught WebGPU validation error was raised: [Invalid BindGroupLayout (unlabeled)] is invalid.
 - While validating [BindGroupDescriptor ""Add""] against [Invalid BindGroupLayout (unlabeled)]
 - While calling [Device].CreateBindGroup([BindGroupDescriptor ""Add""]).

[23.0s] error: An uncaught WebGPU validation error was raised: [Invalid ComputePipeline "Relu"] is invalid.
 - While Validating GetBindGroupLayout (0) on [Invalid ComputePipeline "Relu"]

[23.0s] error: An uncaught WebGPU validation error was raised: [Invalid BindGroupLayout (unlabeled)] is invalid.
 - While validating [BindGroupDescriptor ""Relu""] against [Invalid BindGroupLayout (unlabeled)]
 - While calling [Device].CreateBindGroup([BindGroupDescriptor ""Relu""]).

[23.0s] error: An uncaught WebGPU validation error was raised: [Invalid ComputePipeline "Relu"] is invalid.
 - While encoding [ComputePassEncoder (unlabeled)].SetPipeline([Invalid ComputePipeline "Relu"]).
 - While finishing [CommandEncoder (unlabeled)].

[23.0s] error: An uncaught WebGPU validation error was raised: [Invalid CommandBuffer] is invalid.
 - While calling [Queue].Submit([[Invalid CommandBuffer]])

[23.0s] error: An uncaught WebGPU validation error was raised: Error while parsing WGSL: :7:70 error: 'f16' type used without 'f16' extension enabled
      @group(0) @binding(0) var<storage, read> inputData: array<vec4<f16>>;
                                                                     ^^^


 - While calling [Device].CreateShaderModule([ShaderModuleDescriptor ""Cast""]).

[23.0s] error: An uncaught WebGPU validation error was raised: [Invalid ShaderModule "Cast"] is invalid.
 - While validating compute stage ([Invalid ShaderModule "Cast"], entryPoint: "main").
 - While calling [Device].CreateComputePipeline([ComputePipelineDescriptor ""Cast""]).

[23.0s] error: An uncaught WebGPU validation error was raised: [Invalid ComputePipeline "Cast"] is invalid.
 - While Validating GetBindGroupLayout (0) on [Invalid ComputePipeline "Cast"]

[23.0s] error: An uncaught WebGPU validation error was raised: [Invalid BindGroupLayout (unlabeled)] is invalid.
 - While validating [BindGroupDescriptor ""Cast""] against [Invalid BindGroupLayout (unlabeled)]
 - While calling [Device].CreateBindGroup([BindGroupDescriptor ""Cast""]).

[23.0s] error: An uncaught WebGPU validation error was raised: Error while parsing WGSL: :8:71 error: 'f16' type used without 'f16' extension enabled
@group(0) @binding(1) var<storage, read_write> outputData: array<vec4<f16>>;
                                                                      ^^^


 - While calling [Device].CreateShaderModule([ShaderModuleDescriptor ""Cast""]).

[23.0s] error: An uncaught WebGPU validation error was raised: [Invalid ShaderModule "Cast"] is invalid.
 - While validating compute stage ([Invalid ShaderModule "Cast"], entryPoint: "main").
 - While calling [Device].CreateComputePipeline([ComputePipelineDescriptor ""Cast""]).

[23.0s] error: An uncaught WebGPU validation error was raised: [Invalid ComputePipeline "Cast"] is invalid.
 - While Validating GetBindGroupLayout (0) on [Invalid ComputePipeline "Cast"]

[23.0s] error: An uncaught WebGPU validation error was raised: [Invalid BindGroupLayout (unlabeled)] is invalid.
 - While validating [BindGroupDescriptor ""Cast""] against [Invalid BindGroupLayout (unlabeled)]
 - While calling [Device].CreateBindGroup([BindGroupDescriptor ""Cast""]).

[23.0s] error: An uncaught WebGPU validation error was raised: Error while parsing WGSL: :44:58 error: 'f16' type used without 'f16' extension enabled
  @group(0) @binding(0) var<storage, read> input0: array<f16>;
                                                         ^^^


 - While calling [Device].CreateShaderModule([ShaderModuleDescriptor ""Concat""]).

[23.0s] error: An uncaught WebGPU validation error was raised: [Invalid ShaderModule "Concat"] is invalid.
 - While validating compute stage ([Invalid ShaderModule "Concat"], entryPoint: "main").
 - While calling [Device].CreateComputePipeline([ComputePipelineDescriptor ""Concat""]).

[23.0s] error: An uncaught WebGPU validation error was raised: [Invalid ComputePipeline "Concat"] is invalid.
 - While Validating GetBindGroupLayout (0) on [Invalid ComputePipeline "Concat"]

[23.0s] error: An uncaught WebGPU validation error was raised: [Invalid BindGroupLayout (unlabeled)] is invalid.
 - While validating [BindGroupDescriptor ""Concat""] against [Invalid BindGroupLayout (unlabeled)]
 - While calling [Device].CreateBindGroup([BindGroupDescriptor ""Concat""]).

[23.0s] error: An uncaught WebGPU validation error was raised: [Invalid ComputePipeline "Transpose"] is invalid.
 - While Validating GetBindGroupLayout (0) on [Invalid ComputePipeline "Transpose"]

[23.0s] error: An uncaught WebGPU validation error was raised: [Invalid BindGroupLayout (unlabeled)] is invalid.
 - While validating [BindGroupDescriptor ""Transpose""] against [Invalid BindGroupLayout (unlabeled)]
 - While calling [Device].CreateBindGroup([BindGroupDescriptor ""Transpose""]).

[23.0s] error: An uncaught WebGPU validation error was raised: [Invalid ComputePipeline "Transpose"] is invalid.
 - While Validating GetBindGroupLayout (0) on [Invalid ComputePipeline "Transpose"]

[23.0s] error: An uncaught WebGPU validation error was raised: [Invalid BindGroupLayout (unlabeled)] is invalid.
 - While validating [BindGroupDescriptor ""Transpose""] against [Invalid BindGroupLayout (unlabeled)]
 - While calling [Device].CreateBindGroup([BindGroupDescriptor ""Transpose""]).

[23.0s] error: An uncaught WebGPU validation error was raised: [Invalid ComputePipeline "Conv2DMatMul"] is invalid.
 - While Validating GetBindGroupLayout (0) on [Invalid ComputePipeline "Conv2DMatMul"]

[23.0s] error: An uncaught WebGPU validation error was raised: [Invalid BindGroupLayout (unlabeled)] is invalid.
 - While validating [BindGroupDescriptor ""Conv2DMatMul""] against [Invalid BindGroupLayout (unlabeled)]
 - While calling [Device].CreateBindGroup([BindGroupDescriptor ""Conv2DMatMul""]).

[23.0s] error: An uncaught WebGPU validation error was raised: [Invalid ComputePipeline "Transpose"] is invalid.
 - While Validating GetBindGroupLayout (0) on [Invalid ComputePipeline "Transpose"]

[23.0s] error: An uncaught WebGPU validation error was raised: [Invalid BindGroupLayout (unlabeled)] is invalid.
 - While validating [BindGroupDescriptor ""Transpose""] against [Invalid BindGroupLayout (unlabeled)]
 - While calling [Device].CreateBindGroup([BindGroupDescriptor ""Transpose""]).

[23.0s] error: An uncaught WebGPU validation error was raised: [Invalid ComputePipeline "Conv2DMatMul"] is invalid.
 - While Validating GetBindGroupLayout (0) on [Invalid ComputePipeline "Conv2DMatMul"]

[23.0s] error: An uncaught WebGPU validation error was raised: [Invalid BindGroupLayout (unlabeled)] is invalid.
 - While validating [BindGroupDescriptor ""Conv2DMatMul""] against [Invalid BindGroupLayout (unlabeled)]
 - While calling [Device].CreateBindGroup([BindGroupDescriptor ""Conv2DMatMul""]).

[23.0s] error: An uncaught WebGPU validation error was raised: [Invalid ComputePipeline "Cast"] is invalid.
 - While Validating GetBindGroupLayout (0) on [Invalid ComputePipeline "Cast"]

[23.0s] error: An uncaught WebGPU validation error was raised: [Invalid BindGroupLayout (unlabeled)] is invalid.
 - While validating [BindGroupDescriptor ""Cast""] against [Invalid BindGroupLayout (unlabeled)]
 - While calling [Device].CreateBindGroup([BindGroupDescriptor ""Cast""]).

[23.0s] error: An uncaught WebGPU validation error was raised: [Invalid ComputePipeline "Cast"] is invalid.
 - While Validating GetBindGroupLayout (0) on [Invalid ComputePipeline "Cast"]

[23.0s] error: An uncaught WebGPU validation error was raised: [Invalid BindGroupLayout (unlabeled)] is invalid.
 - While validating [BindGroupDescriptor ""Cast""] against [Invalid BindGroupLayout (unlabeled)]
 - While calling [Device].CreateBindGroup([BindGroupDescriptor ""Cast""]).

[23.0s] error: An uncaught WebGPU validation error was raised: Error while parsing WGSL: :44:58 error: 'f16' type used without 'f16' extension enabled
  @group(0) @binding(0) var<storage, read> input0: array<f16>;
                                                         ^^^


 - While calling [Device].CreateShaderModule([ShaderModuleDescriptor ""Concat""]).

[23.0s] error: An uncaught WebGPU validation error was raised: [Invalid ShaderModule "Concat"] is invalid.
 - While validating compute stage ([Invalid ShaderModule "Concat"], entryPoint: "main").
 - While calling [Device].CreateComputePipeline([ComputePipelineDescriptor ""Concat""]).

[23.0s] error: An uncaught WebGPU validation error was raised: [Invalid ComputePipeline "Concat"] is invalid.
 - While Validating GetBindGroupLayout (0) on [Invalid ComputePipeline "Concat"]

[23.0s] error: An uncaught WebGPU validation error was raised: [Invalid BindGroupLayout (unlabeled)] is invalid.
 - While validating [BindGroupDescriptor ""Concat""] against [Invalid BindGroupLayout (unlabeled)]
 - While calling [Device].CreateBindGroup([BindGroupDescriptor ""Concat""]).

[23.0s] error: An uncaught WebGPU validation error was raised: Error while parsing WGSL: :35:53 error: 'f16' type used without 'f16' extension enabled
  @group(0) @binding(0) var<storage, read> a: array<f16>;
                                                    ^^^


 - While calling [Device].CreateShaderModule([ShaderModuleDescriptor ""Transpose""]).

[23.0s] error: An uncaught WebGPU validation error was raised: [Invalid ShaderModule "Transpose"] is invalid.
 - While validating compute stage ([Invalid ShaderModule "Transpose"], entryPoint: "main").
 - While calling [Device].CreateComputePipeline([ComputePipelineDescriptor ""Transpose""]).

[23.0s] error: An uncaught WebGPU validation error was raised: [Invalid ComputePipeline "Transpose"] is invalid.
 - While Validating GetBindGroupLayout (0) on [Invalid ComputePipeline "Transpose"]

[23.0s] error: An uncaught WebGPU validation error was raised: [Invalid BindGroupLayout (unlabeled)] is invalid.
 - While validating [BindGroupDescriptor ""Transpose""] against [Invalid BindGroupLayout (unlabeled)]
 - While calling [Device].CreateBindGroup([BindGroupDescriptor ""Transpose""]).

[23.0s] error: An uncaught WebGPU validation error was raised: [Invalid ComputePipeline "Cast"] is invalid.
 - While encoding [ComputePassEncoder (unlabeled)].SetPipeline([Invalid ComputePipeline "Cast"]).
 - While finishing [CommandEncoder (unlabeled)].

[23.0s] error: An uncaught WebGPU validation error was raised: [Invalid CommandBuffer] is invalid.
 - While calling [Queue].Submit([[Invalid CommandBuffer]])

[23.0s] error: An uncaught WebGPU validation error was raised: [Invalid ComputePipeline "Transpose"] is invalid.
 - While Validating GetBindGroupLayout (0) on [Invalid ComputePipeline "Transpose"]

[23.0s] error: An uncaught WebGPU validation error was raised: [Invalid BindGroupLayout (unlabeled)] is invalid.
 - While validating [BindGroupDescriptor ""Transpose""] against [Invalid BindGroupLayout (unlabeled)]
 - While calling [Device].CreateBindGroup([BindGroupDescriptor ""Transpose""]).

[23.0s] error: An uncaught WebGPU validation error was raised: [Invalid ComputePipeline "Conv2DMatMul"] is invalid.
 - While Validating GetBindGroupLayout (0) on [Invalid ComputePipeline "Conv2DMatMul"]

[23.0s] error: An uncaught WebGPU validation error was raised: [Invalid BindGroupLayout (unlabeled)] is invalid.
 - While validating [BindGroupDescriptor ""Conv2DMatMul""] against [Invalid BindGroupLayout (unlabeled)]
 - While calling [Device].CreateBindGroup([BindGroupDescriptor ""Conv2DMatMul""]).

[23.0s] error: An uncaught WebGPU validation error was raised: [Invalid ComputePipeline "Transpose"] is invalid.
 - While Validating GetBindGroupLayout (0) on [Invalid ComputePipeline "Transpose"]

[23.0s] error: An uncaught WebGPU validation error was raised: [Invalid BindGroupLayout (unlabeled)] is invalid.
 - While validating [BindGroupDescriptor ""Transpose""] against [Invalid BindGroupLayout (unlabeled)]
 - While calling [Device].CreateBindGroup([BindGroupDescriptor ""Transpose""]).

[23.0s] error: An uncaught WebGPU validation error was raised: [Invalid ComputePipeline "Conv2DMatMul"] is invalid.
 - While Validating GetBindGroupLayout (0) on [Invalid ComputePipeline "Conv2DMatMul"]

[23.0s] error: An uncaught WebGPU validation error was raised: [Invalid BindGroupLayout (unlabeled)] is invalid.
 - While validating [BindGroupDescriptor ""Conv2DMatMul""] against [Invalid BindGroupLayout (unlabeled)]
 - While calling [Device].CreateBindGroup([BindGroupDescriptor ""Conv2DMatMul""]).

[23.0s] error: An uncaught WebGPU validation error was raised: [Invalid ComputePipeline "Cast"] is invalid.
 - While Validating GetBindGroupLayout (0) on [Invalid ComputePipeline "Cast"]

[23.0s] error: An uncaught WebGPU validation error was raised: [Invalid BindGroupLayout (unlabeled)] is invalid.
 - While validating [BindGroupDescriptor ""Cast""] against [Invalid BindGroupLayout (unlabeled)]
 - While calling [Device].CreateBindGroup([BindGroupDescriptor ""Cast""]).

[23.0s] error: An uncaught WebGPU validation error was raised: [Invalid ComputePipeline "Cast"] is invalid.
 - While Validating GetBindGroupLayout (0) on [Invalid ComputePipeline "Cast"]

[23.0s] error: An uncaught WebGPU validation error was raised: [Invalid BindGroupLayout (unlabeled)] is invalid.
 - While validating [BindGroupDescriptor ""Cast""] against [Invalid BindGroupLayout (unlabeled)]
 - While calling [Device].CreateBindGroup([BindGroupDescriptor ""Cast""]).

[23.0s] error: An uncaught WebGPU validation error was raised: [Invalid ComputePipeline "Concat"] is invalid.
 - While Validating GetBindGroupLayout (0) on [Invalid ComputePipeline "Concat"]

[23.0s] error: An uncaught WebGPU validation error was raised: [Invalid BindGroupLayout (unlabeled)] is invalid.
 - While validating [BindGroupDescriptor ""Concat""] against [Invalid BindGroupLayout (unlabeled)]
 - While calling [Device].CreateBindGroup([BindGroupDescriptor ""Concat""]).

[23.0s] error: An uncaught WebGPU validation error was raised: [Invalid ComputePipeline "Transpose"] is invalid.
 - While Validating GetBindGroupLayout (0) on [Invalid ComputePipeline "Transpose"]

[23.0s] error: An uncaught WebGPU validation error was raised: [Invalid BindGroupLayout (unlabeled)] is invalid.
 - While validating [BindGroupDescriptor ""Transpose""] against [Invalid BindGroupLayout (unlabeled)]
 - While calling [Device].CreateBindGroup([BindGroupDescriptor ""Transpose""]).

[23.0s] error: An uncaught WebGPU validation error was raised: [Invalid ComputePipeline "Transpose"] is invalid.
 - While Validating GetBindGroupLayout (0) on [Invalid ComputePipeline "Transpose"]

[23.0s] error: An uncaught WebGPU validation error was raised: [Invalid BindGroupLayout (unlabeled)] is invalid.
 - While validating [BindGroupDescriptor ""Transpose""] against [Invalid BindGroupLayout (unlabeled)]
 - While calling [Device].CreateBindGroup([BindGroupDescriptor ""Transpose""]).

[23.0s] error: An uncaught WebGPU validation error was raised: [Invalid ComputePipeline "Conv2DMatMul"] is invalid.
 - While Validating GetBindGroupLayout (0) on [Invalid ComputePipeline "Conv2DMatMul"]

[23.0s] error: An uncaught WebGPU validation error was raised: [Invalid BindGroupLayout (unlabeled)] is invalid.
 - While validating [BindGroupDescriptor ""Conv2DMatMul""] against [Invalid BindGroupLayout (unlabeled)]
 - While calling [Device].CreateBindGroup([BindGroupDescriptor ""Conv2DMatMul""]).

[23.0s] error: An uncaught WebGPU validation error was raised: [Invalid ComputePipeline "Transpose"] is invalid.
 - While Validating GetBindGroupLayout (0) on [Invalid ComputePipeline "Transpose"]

[23.0s] error: An uncaught WebGPU validation error was raised: [Invalid BindGroupLayout (unlabeled)] is invalid.
 - While validating [BindGroupDescriptor ""Transpose""] against [Invalid BindGroupLayout (unlabeled)]
 - While calling [Device].CreateBindGroup([BindGroupDescriptor ""Transpose""]).

[23.0s] error: An uncaught WebGPU validation error was raised: [Invalid ComputePipeline "Conv2DMatMul"] is invalid.
 - While Validating GetBindGroupLayout (0) on [Invalid ComputePipeline "Conv2DMatMul"]

[23.0s] error: An uncaught WebGPU validation error was raised: [Invalid BindGroupLayout (unlabeled)] is invalid.
 - While validating [BindGroupDescriptor ""Conv2DMatMul""] against [Invalid BindGroupLayout (unlabeled)]
 - While calling [Device].CreateBindGroup([BindGroupDescriptor ""Conv2DMatMul""]).

[23.0s] error: An uncaught WebGPU validation error was raised: [Invalid ComputePipeline "Cast"] is invalid.
 - While Validating GetBindGroupLayout (0) on [Invalid ComputePipeline "Cast"]

[23.0s] error: An uncaught WebGPU validation error was raised: [Invalid BindGroupLayout (unlabeled)] is invalid.
 - While validating [BindGroupDescriptor ""Cast""] against [Invalid BindGroupLayout (unlabeled)]
 - While calling [Device].CreateBindGroup([BindGroupDescriptor ""Cast""]).

[23.0s] error: An uncaught WebGPU validation error was raised: [Invalid ComputePipeline "Transpose"] is invalid.
 - While encoding [ComputePassEncoder (unlabeled)].SetPipeline([Invalid ComputePipeline "Transpose"]).
 - While finishing [CommandEncoder (unlabeled)].

[23.0s] error: An uncaught WebGPU validation error was raised: [Invalid CommandBuffer] is invalid.
 - While calling [Queue].Submit([[Invalid CommandBuffer]])

[23.0s] error: An uncaught WebGPU validation error was raised: [Invalid ComputePipeline "Cast"] is invalid.
 - While Validating GetBindGroupLayout (0) on [Invalid ComputePipeline "Cast"]

[23.0s] error: An uncaught WebGPU validation error was raised: [Invalid BindGroupLayout (unlabeled)] is invalid.
 - While validating [BindGroupDescriptor ""Cast""] against [Invalid BindGroupLayout (unlabeled)]
 - While calling [Device].CreateBindGroup([BindGroupDescriptor ""Cast""]).

[23.0s] error: An uncaught WebGPU validation error was raised: [Invalid ComputePipeline "Concat"] is invalid.
 - While Validating GetBindGroupLayout (0) on [Invalid ComputePipeline "Concat"]

[23.0s] error: An uncaught WebGPU validation error was raised: [Invalid BindGroupLayout (unlabeled)] is invalid.
 - While validating [BindGroupDescriptor ""Concat""] against [Invalid BindGroupLayout (unlabeled)]
 - While calling [Device].CreateBindGroup([BindGroupDescriptor ""Concat""]).

[23.0s] error: An uncaught WebGPU validation error was raised: [Invalid ComputePipeline "Transpose"] is invalid.
 - While Validating GetBindGroupLayout (0) on [Invalid ComputePipeline "Transpose"]

[23.0s] error: An uncaught WebGPU validation error was raised: [Invalid BindGroupLayout (unlabeled)] is invalid.
 - While validating [BindGroupDescriptor ""Transpose""] against [Invalid BindGroupLayout (unlabeled)]
 - While calling [Device].CreateBindGroup([BindGroupDescriptor ""Transpose""]).

[23.0s] error: An uncaught WebGPU validation error was raised: [Invalid ComputePipeline "Transpose"] is invalid.
 - While Validating GetBindGroupLayout (0) on [Invalid ComputePipeline "Transpose"]

[23.0s] error: An uncaught WebGPU validation error was raised: [Invalid BindGroupLayout (unlabeled)] is invalid.
 - While validating [BindGroupDescriptor ""Transpose""] against [Invalid BindGroupLayout (unlabeled)]
 - While calling [Device].CreateBindGroup([BindGroupDescriptor ""Transpose""]).

[23.0s] error: An uncaught WebGPU validation error was raised: [Invalid ComputePipeline "Conv2DMatMul"] is invalid.
 - While Validating GetBindGroupLayout (0) on [Invalid ComputePipeline "Conv2DMatMul"]

[23.0s] error: An uncaught WebGPU validation error was raised: [Invalid BindGroupLayout (unlabeled)] is invalid.
 - While validating [BindGroupDescriptor ""Conv2DMatMul""] against [Invalid BindGroupLayout (unlabeled)]
 - While calling [Device].CreateBindGroup([BindGroupDescriptor ""Conv2DMatMul""]).

[23.0s] error: An uncaught WebGPU validation error was raised: [Invalid ComputePipeline "Transpose"] is invalid.
 - While Validating GetBindGroupLayout (0) on [Invalid ComputePipeline "Transpose"]

[23.0s] error: An uncaught WebGPU validation error was raised: [Invalid BindGroupLayout (unlabeled)] is invalid.
 - While validating [BindGroupDescriptor ""Transpose""] against [Invalid BindGroupLayout (unlabeled)]
 - While calling [Device].CreateBindGroup([BindGroupDescriptor ""Transpose""]).

[23.0s] error: An uncaught WebGPU validation error was raised: [Invalid ComputePipeline "Conv2DMatMul"] is invalid.
 - While Validating GetBindGroupLayout (0) on [Invalid ComputePipeline "Conv2DMatMul"]

[23.0s] error: An uncaught WebGPU validation error was raised: [Invalid BindGroupLayout (unlabeled)] is invalid.
 - While validating [BindGroupDescriptor ""Conv2DMatMul""] against [Invalid BindGroupLayout (unlabeled)]
 - While calling [Device].CreateBindGroup([BindGroupDescriptor ""Conv2DMatMul""]).

[23.0s] error: An uncaught WebGPU validation error was raised: [Invalid ComputePipeline "Cast"] is invalid.
 - While Validating GetBindGroupLayout (0) on [Invalid ComputePipeline "Cast"]

[23.0s] error: An uncaught WebGPU validation error was raised: [Invalid BindGroupLayout (unlabeled)] is invalid.
 - While validating [BindGroupDescriptor ""Cast""] against [Invalid BindGroupLayout (unlabeled)]
 - While calling [Device].CreateBindGroup([BindGroupDescriptor ""Cast""]).

[23.0s] error: An uncaught WebGPU validation error was raised: Error while parsing WGSL: :8:71 error: 'f16' type used without 'f16' extension enabled
@group(0) @binding(1) var<storage, read_write> outputData: array<vec4<f16>>;
                                                                      ^^^


 - While calling [Device].CreateShaderModule([ShaderModuleDescriptor ""Cast""]).

[23.0s] error: An uncaught WebGPU validation error was raised: [Invalid ShaderModule "Cast"] is invalid.
 - While validating compute stage ([Invalid ShaderModule "Cast"], entryPoint: "main").
 - While calling [Device].CreateComputePipeline([ComputePipelineDescriptor ""Cast""]).

[23.0s] error: An uncaught WebGPU validation error was raised: [Invalid ComputePipeline "Cast"] is invalid.
 - While Validating GetBindGroupLayout (0) on [Invalid ComputePipeline "Cast"]

[23.0s] error: An uncaught WebGPU validation error was raised: [Invalid BindGroupLayout (unlabeled)] is invalid.
 - While validating [BindGroupDescriptor ""Cast""] against [Invalid BindGroupLayout (unlabeled)]
 - While calling [Device].CreateBindGroup([BindGroupDescriptor ""Cast""]).

[23.0s] error: An uncaught WebGPU validation error was raised: [Invalid ComputePipeline "Transpose"] is invalid.
 - While Validating GetBindGroupLayout (0) on [Invalid ComputePipeline "Transpose"]

[23.0s] error: An uncaught WebGPU validation error was raised: [Invalid BindGroupLayout (unlabeled)] is invalid.
 - While validating [BindGroupDescriptor ""Transpose""] against [Invalid BindGroupLayout (unlabeled)]
 - While calling [Device].CreateBindGroup([BindGroupDescriptor ""Transpose""]).

[23.0s] error: An uncaught WebGPU validation error was raised: [Invalid ComputePipeline "Transpose"] is invalid.
 - While Validating GetBindGroupLayout (0) on [Invalid ComputePipeline "Transpose"]

[23.0s] error: An uncaught WebGPU validation error was raised: [Invalid BindGroupLayout (unlabeled)] is invalid.
 - While validating [BindGroupDescriptor ""Transpose""] against [Invalid BindGroupLayout (unlabeled)]
 - While calling [Device].CreateBindGroup([BindGroupDescriptor ""Transpose""]).

[23.0s] error: An uncaught WebGPU validation error was raised: Error while parsing WGSL: :22:64 error: 'f16' type used without 'f16' extension enabled
        @group(0) @binding(0) var<storage, read> x: array<vec4<f16>>;
                                                               ^^^


 - While calling [Device].CreateShaderModule([ShaderModuleDescriptor ""Conv2DMatMul""]).

[23.0s] error: An uncaught WebGPU validation error was raised: [Invalid ShaderModule "Conv2DMatMul"] is invalid.
 - While validating compute stage ([Invalid ShaderModule "Conv2DMatMul"], entryPoint: "main").
 - While calling [Device].CreateComputePipeline([ComputePipelineDescriptor ""Conv2DMatMul""]).

[23.0s] error: An uncaught WebGPU validation error was raised: [Invalid ComputePipeline "Conv2DMatMul"] is invalid.
 - While Validating GetBindGroupLayout (0) on [Invalid ComputePipeline "Conv2DMatMul"]

[23.0s] error: An uncaught WebGPU validation error was raised: [Invalid BindGroupLayout (unlabeled)] is invalid.
 - While validating [BindGroupDescriptor ""Conv2DMatMul""] against [Invalid BindGroupLayout (unlabeled)]
 - While calling [Device].CreateBindGroup([BindGroupDescriptor ""Conv2DMatMul""]).

[23.0s] error: An uncaught WebGPU validation error was raised: [Invalid ComputePipeline "Transpose"] is invalid.
 - While Validating GetBindGroupLayout (0) on [Invalid ComputePipeline "Transpose"]

[23.0s] error: An uncaught WebGPU validation error was raised: [Invalid BindGroupLayout (unlabeled)] is invalid.
 - While validating [BindGroupDescriptor ""Transpose""] against [Invalid BindGroupLayout (unlabeled)]
 - While calling [Device].CreateBindGroup([BindGroupDescriptor ""Transpose""]).

[23.0s] error: An uncaught WebGPU validation error was raised: [Invalid ComputePipeline "Cast"] is invalid.
 - While encoding [ComputePassEncoder (unlabeled)].SetPipeline([Invalid ComputePipeline "Cast"]).
 - While finishing [CommandEncoder (unlabeled)].

[23.1s] error: An uncaught WebGPU validation error was raised: [Invalid CommandBuffer] is invalid.
 - While calling [Queue].Submit([[Invalid CommandBuffer]])

[23.1s] error: An uncaught WebGPU validation error was raised: Error while parsing WGSL: :22:64 error: 'f16' type used without 'f16' extension enabled
        @group(0) @binding(0) var<storage, read> x: array<vec4<f16>>;
                                                               ^^^


 - While calling [Device].CreateShaderModule([ShaderModuleDescriptor ""Conv2DMatMul""]).

[23.1s] error: An uncaught WebGPU validation error was raised: [Invalid ShaderModule "Conv2DMatMul"] is invalid.
 - While validating compute stage ([Invalid ShaderModule "Conv2DMatMul"], entryPoint: "main").
 - While calling [Device].CreateComputePipeline([ComputePipelineDescriptor ""Conv2DMatMul""]).

[23.1s] error: An uncaught WebGPU validation error was raised: [Invalid ComputePipeline "Conv2DMatMul"] is invalid.
 - While Validating GetBindGroupLayout (0) on [Invalid ComputePipeline "Conv2DMatMul"]

[23.1s] error: An uncaught WebGPU validation error was raised: [Invalid BindGroupLayout (unlabeled)] is invalid.
 - While validating [BindGroupDescriptor ""Conv2DMatMul""] against [Invalid BindGroupLayout (unlabeled)]
 - While calling [Device].CreateBindGroup([BindGroupDescriptor ""Conv2DMatMul""]).

[23.1s] error: An uncaught WebGPU validation error was raised: [Invalid ComputePipeline "Transpose"] is invalid.
 - While Validating GetBindGroupLayout (0) on [Invalid ComputePipeline "Transpose"]

[23.1s] error: An uncaught WebGPU validation error was raised: [Invalid BindGroupLayout (unlabeled)] is invalid.
 - While validating [BindGroupDescriptor ""Transpose""] against [Invalid BindGroupLayout (unlabeled)]
 - While calling [Device].CreateBindGroup([BindGroupDescriptor ""Transpose""]).

[23.1s] error: An uncaught WebGPU validation error was raised: Error while parsing WGSL: :22:59 error: 'f16' type used without 'f16' extension enabled
        @group(0) @binding(0) var<storage, read> x: array<f16>;
                                                          ^^^


 - While calling [Device].CreateShaderModule([ShaderModuleDescriptor ""Conv2DMatMul""]).

[23.1s] error: An uncaught WebGPU validation error was raised: [Invalid ShaderModule "Conv2DMatMul"] is invalid.
 - While validating compute stage ([Invalid ShaderModule "Conv2DMatMul"], entryPoint: "main").
 - While calling [Device].CreateComputePipeline([ComputePipelineDescriptor ""Conv2DMatMul""]).

[23.1s] error: An uncaught WebGPU validation error was raised: [Invalid ComputePipeline "Conv2DMatMul"] is invalid.
 - While Validating GetBindGroupLayout (0) on [Invalid ComputePipeline "Conv2DMatMul"]

[23.1s] error: An uncaught WebGPU validation error was raised: [Invalid BindGroupLayout (unlabeled)] is invalid.
 - While validating [BindGroupDescriptor ""Conv2DMatMul""] against [Invalid BindGroupLayout (unlabeled)]
 - While calling [Device].CreateBindGroup([BindGroupDescriptor ""Conv2DMatMul""]).

[23.1s] error: An uncaught WebGPU validation error was raised: [Invalid ComputePipeline "Transpose"] is invalid.
 - While Validating GetBindGroupLayout (0) on [Invalid ComputePipeline "Transpose"]

[23.1s] error: An uncaught WebGPU validation error was raised: [Invalid BindGroupLayout (unlabeled)] is invalid.
 - While validating [BindGroupDescriptor ""Transpose""] against [Invalid BindGroupLayout (unlabeled)]
 - While calling [Device].CreateBindGroup([BindGroupDescriptor ""Transpose""]).

[23.1s] error: An uncaught WebGPU validation error was raised: [Invalid ComputePipeline "Conv2DMatMul"] is invalid.
 - While encoding [ComputePassEncoder (unlabeled)].SetPipeline([Invalid ComputePipeline "Conv2DMatMul"]).
 - While finishing [CommandEncoder (unlabeled)].

[23.1s] error: An uncaught WebGPU validation error was raised: [Invalid CommandBuffer] is invalid.
 - While calling [Queue].Submit([[Invalid CommandBuffer]])

[23.3s] error: An uncaught WebGPU validation error was raised: [Invalid ComputePipeline "Sub"] is invalid.
 - While Validating GetBindGroupLayout (0) on [Invalid ComputePipeline "Sub"]

[23.3s] error: An uncaught WebGPU validation error was raised: [Invalid BindGroupLayout (unlabeled)] is invalid.
 - While validating [BindGroupDescriptor ""Sub""] against [Invalid BindGroupLayout (unlabeled)]
 - While calling [Device].CreateBindGroup([BindGroupDescriptor ""Sub""]).

[23.4s] error: An uncaught WebGPU validation error was raised: [Invalid ComputePipeline "Div"] is invalid.
 - While Validating GetBindGroupLayout (0) on [Invalid ComputePipeline "Div"]

[23.4s] error: An uncaught WebGPU validation error was raised: [Invalid BindGroupLayout (unlabeled)] is invalid.
 - While validating [BindGroupDescriptor ""Div""] against [Invalid BindGroupLayout (unlabeled)]
 - While calling [Device].CreateBindGroup([BindGroupDescriptor ""Div""]).

[23.4s] error: An uncaught WebGPU validation error was raised: [Invalid ComputePipeline "Transpose"] is invalid.
 - While Validating GetBindGroupLayout (0) on [Invalid ComputePipeline "Transpose"]

[23.4s] error: An uncaught WebGPU validation error was raised: [Invalid BindGroupLayout (unlabeled)] is invalid.
 - While validating [BindGroupDescriptor ""Transpose""] against [Invalid BindGroupLayout (unlabeled)]
 - While calling [Device].CreateBindGroup([BindGroupDescriptor ""Transpose""]).

[23.4s] error: An uncaught WebGPU validation error was raised: [Invalid ComputePipeline "Conv2DMatMul"] is invalid.
 - While Validating GetBindGroupLayout (0) on [Invalid ComputePipeline "Conv2DMatMul"]

[23.4s] error: An uncaught WebGPU validation error was raised: [Invalid BindGroupLayout (unlabeled)] is invalid.
 - While validating [BindGroupDescriptor ""Conv2DMatMul""] against [Invalid BindGroupLayout (unlabeled)]
 - While calling [Device].CreateBindGroup([BindGroupDescriptor ""Conv2DMatMul""]).

[23.4s] error: An uncaught WebGPU validation error was raised: [Invalid ComputePipeline "Transpose"] is invalid.
 - While Validating GetBindGroupLayout (0) on [Invalid ComputePipeline "Transpose"]

[23.4s] error: An uncaught WebGPU validation error was raised: [Invalid BindGroupLayout (unlabeled)] is invalid.
 - While validating [BindGroupDescriptor ""Transpose""] against [Invalid BindGroupLayout (unlabeled)]
 - While calling [Device].CreateBindGroup([BindGroupDescriptor ""Transpose""]).

[23.4s] error: An uncaught WebGPU validation error was raised: [Invalid ComputePipeline "MaxPool"] is invalid.
 - While Validating GetBindGroupLayout (0) on [Invalid ComputePipeline "MaxPool"]

[23.4s] error: An uncaught WebGPU validation error was raised: [Invalid BindGroupLayout (unlabeled)] is invalid.
 - While validating [BindGroupDescriptor ""MaxPool""] against [Invalid BindGroupLayout (unlabeled)]
 - While calling [Device].CreateBindGroup([BindGroupDescriptor ""MaxPool""]).

[23.4s] error: An uncaught WebGPU validation error was raised: [Invalid ComputePipeline "Conv2DMatMul"] is invalid.
 - While Validating GetBindGroupLayout (0) on [Invalid ComputePipeline "Conv2DMatMul"]

[23.4s] error: An uncaught WebGPU validation error was raised: [Invalid BindGroupLayout (unlabeled)] is invalid.
 - While validating [BindGroupDescriptor ""Conv2DMatMul""] against [Invalid BindGroupLayout (unlabeled)]
 - While calling [Device].CreateBindGroup([BindGroupDescriptor ""Conv2DMatMul""]).

[23.4s] error: An uncaught WebGPU validation error was raised: [Invalid ComputePipeline "Conv2DMatMul"] is invalid.
 - While Validating GetBindGroupLayout (0) on [Invalid ComputePipeline "Conv2DMatMul"]

[23.4s] error: An uncaught WebGPU validation error was raised: [Invalid BindGroupLayout (unlabeled)] is invalid.
 - While validating [BindGroupDescriptor ""Conv2DMatMul""] against [Invalid BindGroupLayout (unlabeled)]
 - While calling [Device].CreateBindGroup([BindGroupDescriptor ""Conv2DMatMul""]).

[23.4s] error: An uncaught WebGPU validation error was raised: [Invalid ComputePipeline "Add"] is invalid.
 - While Validating GetBindGroupLayout (0) on [Invalid ComputePipeline "Add"]

[23.4s] error: An uncaught WebGPU validation error was raised: [Invalid BindGroupLayout (unlabeled)] is invalid.
 - While validating [BindGroupDescriptor ""Add""] against [Invalid BindGroupLayout (unlabeled)]
 - While calling [Device].CreateBindGroup([BindGroupDescriptor ""Add""]).

[23.4s] error: An uncaught WebGPU validation error was raised: [Invalid ComputePipeline "Relu"] is invalid.
 - While Validating GetBindGroupLayout (0) on [Invalid ComputePipeline "Relu"]

[23.4s] error: An uncaught WebGPU validation error was raised: [Invalid BindGroupLayout (unlabeled)] is invalid.
 - While validating [BindGroupDescriptor ""Relu""] against [Invalid BindGroupLayout (unlabeled)]
 - While calling [Device].CreateBindGroup([BindGroupDescriptor ""Relu""]).

[23.4s] error: An uncaught WebGPU validation error was raised: [Invalid ComputePipeline "Conv2DMatMul"] is invalid.
 - While Validating GetBindGroupLayout (0) on [Invalid ComputePipeline "Conv2DMatMul"]

[23.4s] error: An uncaught WebGPU validation error was raised: [Invalid BindGroupLayout (unlabeled)] is invalid.
 - While validating [BindGroupDescriptor ""Conv2DMatMul""] against [Invalid BindGroupLayout (unlabeled)]
 - While calling [Device].CreateBindGroup([BindGroupDescriptor ""Conv2DMatMul""]).

[23.4s] error: An uncaught WebGPU validation error was raised: [Invalid ComputePipeline "Conv2DMatMul"] is invalid.
 - While Validating GetBindGroupLayout (0) on [Invalid ComputePipeline "Conv2DMatMul"]

[23.4s] error: An uncaught WebGPU validation error was raised: [Invalid BindGroupLayout (unlabeled)] is invalid.
 - While validating [BindGroupDescriptor ""Conv2DMatMul""] against [Invalid BindGroupLayout (unlabeled)]
 - While calling [Device].CreateBindGroup([BindGroupDescriptor ""Conv2DMatMul""]).

[23.4s] error: An uncaught WebGPU validation error was raised: [Invalid ComputePipeline "Add"] is invalid.
 - While Validating GetBindGroupLayout (0) on [Invalid ComputePipeline "Add"]

[23.4s] error: An uncaught WebGPU validation error was raised: [Invalid BindGroupLayout (unlabeled)] is invalid.
 - While validating [BindGroupDescriptor ""Add""] against [Invalid BindGroupLayout (unlabeled)]
 - While calling [Device].CreateBindGroup([BindGroupDescriptor ""Add""]).

[23.4s] error: An uncaught WebGPU validation error was raised: [Invalid ComputePipeline "Relu"] is invalid.
 - While Validating GetBindGroupLayout (0) on [Invalid ComputePipeline "Relu"]

[23.4s] error: An uncaught WebGPU validation error was raised: [Invalid BindGroupLayout (unlabeled)] is invalid.
 - While validating [BindGroupDescriptor ""Relu""] against [Invalid BindGroupLayout (unlabeled)]
 - While calling [Device].CreateBindGroup([BindGroupDescriptor ""Relu""]).

[23.4s] error: An uncaught WebGPU validation error was raised: [Invalid ComputePipeline "Transpose"] is invalid.
 - While Validating GetBindGroupLayout (0) on [Invalid ComputePipeline "Transpose"]

[23.4s] error: An uncaught WebGPU validation error was raised: [Invalid BindGroupLayout (unlabeled)] is invalid.
 - While validating [BindGroupDescriptor ""Transpose""] against [Invalid BindGroupLayout (unlabeled)]
 - While calling [Device].CreateBindGroup([BindGroupDescriptor ""Transpose""]).

[23.4s] error: An uncaught WebGPU validation error was raised: [Invalid ComputePipeline "Conv2DMatMul"] is invalid.
 - While Validating GetBindGroupLayout (0) on [Invalid ComputePipeline "Conv2DMatMul"]

[23.4s] error: An uncaught WebGPU validation error was raised: [Invalid BindGroupLayout (unlabeled)] is invalid.
 - While validating [BindGroupDescriptor ""Conv2DMatMul""] against [Invalid BindGroupLayout (unlabeled)]
 - While calling [Device].CreateBindGroup([BindGroupDescriptor ""Conv2DMatMul""]).

[23.4s] error: An uncaught WebGPU validation error was raised: [Invalid ComputePipeline "Sub"] is invalid.
 - While encoding [ComputePassEncoder (unlabeled)].SetPipeline([Invalid ComputePipeline "Sub"]).
 - While finishing [CommandEncoder (unlabeled)].

[23.4s] error: An uncaught WebGPU validation error was raised: [Invalid CommandBuffer] is invalid.
 - While calling [Queue].Submit([[Invalid CommandBuffer]])

[23.4s] error: An uncaught WebGPU validation error was raised: [Invalid ComputePipeline "Conv2DMatMul"] is invalid.
 - While Validating GetBindGroupLayout (0) on [Invalid ComputePipeline "Conv2DMatMul"]

[23.4s] error: An uncaught WebGPU validation error was raised: [Invalid BindGroupLayout (unlabeled)] is invalid.
 - While validating [BindGroupDescriptor ""Conv2DMatMul""] against [Invalid BindGroupLayout (unlabeled)]
 - While calling [Device].CreateBindGroup([BindGroupDescriptor ""Conv2DMatMul""]).

[23.4s] error: An uncaught WebGPU validation error was raised: [Invalid ComputePipeline "Conv2DMatMul"] is invalid.
 - While Validating GetBindGroupLayout (0) on [Invalid ComputePipeline "Conv2DMatMul"]

[23.4s] error: An uncaught WebGPU validation error was raised: [Invalid BindGroupLayout (unlabeled)] is invalid.
 - While validating [BindGroupDescriptor ""Conv2DMatMul""] against [Invalid BindGroupLayout (unlabeled)]
 - While calling [Device].CreateBindGroup([BindGroupDescriptor ""Conv2DMatMul""]).

[23.4s] error: An uncaught WebGPU validation error was raised: [Invalid ComputePipeline "Add"] is invalid.
 - While Validating GetBindGroupLayout (0) on [Invalid ComputePipeline "Add"]

[23.4s] error: An uncaught WebGPU validation error was raised: [Invalid BindGroupLayout (unlabeled)] is invalid.
 - While validating [BindGroupDescriptor ""Add""] against [Invalid BindGroupLayout (unlabeled)]
 - While calling [Device].CreateBindGroup([BindGroupDescriptor ""Add""]).

[23.4s] error: An uncaught WebGPU validation error was raised: [Invalid ComputePipeline "Relu"] is invalid.
 - While Validating GetBindGroupLayout (0) on [Invalid ComputePipeline "Relu"]

[23.4s] error: An uncaught WebGPU validation error was raised: [Invalid BindGroupLayout (unlabeled)] is invalid.
 - While validating [BindGroupDescriptor ""Relu""] against [Invalid BindGroupLayout (unlabeled)]
 - While calling [Device].CreateBindGroup([BindGroupDescriptor ""Relu""]).

[23.4s] error: An uncaught WebGPU validation error was raised: [Invalid ComputePipeline "Conv2DMatMul"] is invalid.
 - While Validating GetBindGroupLayout (0) on [Invalid ComputePipeline "Conv2DMatMul"]

[23.4s] error: An uncaught WebGPU validation error was raised: [Invalid BindGroupLayout (unlabeled)] is invalid.
 - While validating [BindGroupDescriptor ""Conv2DMatMul""] against [Invalid BindGroupLayout (unlabeled)]
 - While calling [Device].CreateBindGroup([BindGroupDescriptor ""Conv2DMatMul""]).

[23.4s] error: An uncaught WebGPU validation error was raised: [Invalid ComputePipeline "Conv2DMatMul"] is invalid.
 - While Validating GetBindGroupLayout (0) on [Invalid ComputePipeline "Conv2DMatMul"]

[23.4s] error: An uncaught WebGPU validation error was raised: [Invalid BindGroupLayout (unlabeled)] is invalid.
 - While validating [BindGroupDescriptor ""Conv2DMatMul""] against [Invalid BindGroupLayout (unlabeled)]
 - While calling [Device].CreateBindGroup([BindGroupDescriptor ""Conv2DMatMul""]).

[23.4s] error: An uncaught WebGPU validation error was raised: [Invalid ComputePipeline "Add"] is invalid.
 - While Validating GetBindGroupLayout (0) on [Invalid ComputePipeline "Add"]

[23.4s] error: An uncaught WebGPU validation error was raised: [Invalid BindGroupLayout (unlabeled)] is invalid.
 - While validating [BindGroupDescriptor ""Add""] against [Invalid BindGroupLayout (unlabeled)]
 - While calling [Device].CreateBindGroup([BindGroupDescriptor ""Add""]).

[23.4s] error: An uncaught WebGPU validation error was raised: [Invalid ComputePipeline "Relu"] is invalid.
 - While Validating GetBindGroupLayout (0) on [Invalid ComputePipeline "Relu"]

[23.4s] error: An uncaught WebGPU validation error was raised: [Invalid BindGroupLayout (unlabeled)] is invalid.
 - While validating [BindGroupDescriptor ""Relu""] against [Invalid BindGroupLayout (unlabeled)]
 - While calling [Device].CreateBindGroup([BindGroupDescriptor ""Relu""]).

[23.4s] error: An uncaught WebGPU validation error was raised: [Invalid ComputePipeline "Transpose"] is invalid.
 - While Validating GetBindGroupLayout (0) on [Invalid ComputePipeline "Transpose"]

[23.4s] error: An uncaught WebGPU validation error was raised: [Invalid BindGroupLayout (unlabeled)] is invalid.
 - While validating [BindGroupDescriptor ""Transpose""] against [Invalid BindGroupLayout (unlabeled)]
 - While calling [Device].CreateBindGroup([BindGroupDescriptor ""Transpose""]).

[23.4s] error: An uncaught WebGPU validation error was raised: [Invalid ComputePipeline "Conv2DMatMul"] is invalid.
 - While Validating GetBindGroupLayout (0) on [Invalid ComputePipeline "Conv2DMatMul"]

[23.4s] error: An uncaught WebGPU validation error was raised: [Invalid BindGroupLayout (unlabeled)] is invalid.
 - While validating [BindGroupDescriptor ""Conv2DMatMul""] against [Invalid BindGroupLayout (unlabeled)]
 - While calling [Device].CreateBindGroup([BindGroupDescriptor ""Conv2DMatMul""]).

[23.4s] error: An uncaught WebGPU validation error was raised: [Invalid ComputePipeline "Conv2DMatMul"] is invalid.
 - While Validating GetBindGroupLayout (0) on [Invalid ComputePipeline "Conv2DMatMul"]

[23.4s] error: An uncaught WebGPU validation error was raised: [Invalid BindGroupLayout (unlabeled)] is invalid.
 - While validating [BindGroupDescriptor ""Conv2DMatMul""] against [Invalid BindGroupLayout (unlabeled)]
 - While calling [Device].CreateBindGroup([BindGroupDescriptor ""Conv2DMatMul""]).

[23.4s] error: An uncaught WebGPU validation error was raised: [Invalid ComputePipeline "Conv2DMatMul"] is invalid.
 - While Validating GetBindGroupLayout (0) on [Invalid ComputePipeline "Conv2DMatMul"]

[23.4s] error: An uncaught WebGPU validation error was raised: [Invalid BindGroupLayout (unlabeled)] is invalid.
 - While validating [BindGroupDescriptor ""Conv2DMatMul""] against [Invalid BindGroupLayout (unlabeled)]
 - While calling [Device].CreateBindGroup([BindGroupDescriptor ""Conv2DMatMul""]).

[23.4s] error: An uncaught WebGPU validation error was raised: [Invalid ComputePipeline "Add"] is invalid.
 - While Validating GetBindGroupLayout (0) on [Invalid ComputePipeline "Add"]

[23.4s] error: An uncaught WebGPU validation error was raised: [Invalid BindGroupLayout (unlabeled)] is invalid.
 - While validating [BindGroupDescriptor ""Add""] against [Invalid BindGroupLayout (unlabeled)]
 - While calling [Device].CreateBindGroup([BindGroupDescriptor ""Add""]).

[23.4s] error: An uncaught WebGPU validation error was raised: [Invalid ComputePipeline "Relu"] is invalid.
 - While Validating GetBindGroupLayout (0) on [Invalid ComputePipeline "Relu"]

[23.4s] error: An uncaught WebGPU validation error was raised: [Invalid BindGroupLayout (unlabeled)] is invalid.
 - While validating [BindGroupDescriptor ""Relu""] against [Invalid BindGroupLayout (unlabeled)]
 - While calling [Device].CreateBindGroup([BindGroupDescriptor ""Relu""]).

[23.4s] error: An uncaught WebGPU validation error was raised: [Invalid ComputePipeline "Conv2DMatMul"] is invalid.
 - While Validating GetBindGroupLayout (0) on [Invalid ComputePipeline "Conv2DMatMul"]

[23.4s] error: An uncaught WebGPU validation error was raised: [Invalid BindGroupLayout (unlabeled)] is invalid.
 - While validating [BindGroupDescriptor ""Conv2DMatMul""] against [Invalid BindGroupLayout (unlabeled)]
 - While calling [Device].CreateBindGroup([BindGroupDescriptor ""Conv2DMatMul""]).

[23.4s] error: An uncaught WebGPU validation error was raised: [Invalid ComputePipeline "Conv2DMatMul"] is invalid.
 - While Validating GetBindGroupLayout (0) on [Invalid ComputePipeline "Conv2DMatMul"]

[23.4s] error: An uncaught WebGPU validation error was raised: [Invalid BindGroupLayout (unlabeled)] is invalid.
 - While validating [BindGroupDescriptor ""Conv2DMatMul""] against [Invalid BindGroupLayout (unlabeled)]
 - While calling [Device].CreateBindGroup([BindGroupDescriptor ""Conv2DMatMul""]).

[23.4s] error: An uncaught WebGPU validation error was raised: [Invalid ComputePipeline "Conv2DMatMul"] is invalid.
 - While encoding [ComputePassEncoder (unlabeled)].SetPipeline([Invalid ComputePipeline "Conv2DMatMul"]).
 - While finishing [CommandEncoder (unlabeled)].

[23.4s] error: An uncaught WebGPU validation error was raised: [Invalid CommandBuffer] is invalid.
 - While calling [Queue].Submit([[Invalid CommandBuffer]])

[23.4s] error: An uncaught WebGPU validation error was raised: [Invalid ComputePipeline "Add"] is invalid.
 - While Validating GetBindGroupLayout (0) on [Invalid ComputePipeline "Add"]

[23.4s] error: An uncaught WebGPU validation error was raised: [Invalid BindGroupLayout (unlabeled)] is invalid.
 - While validating [BindGroupDescriptor ""Add""] against [Invalid BindGroupLayout (unlabeled)]
 - While calling [Device].CreateBindGroup([BindGroupDescriptor ""Add""]).

[23.4s] error: An uncaught WebGPU validation error was raised: [Invalid ComputePipeline "Relu"] is invalid.
 - While Validating GetBindGroupLayout (0) on [Invalid ComputePipeline "Relu"]

[23.4s] error: An uncaught WebGPU validation error was raised: [Invalid BindGroupLayout (unlabeled)] is invalid.
 - While validating [BindGroupDescriptor ""Relu""] against [Invalid BindGroupLayout (unlabeled)]
 - While calling [Device].CreateBindGroup([BindGroupDescriptor ""Relu""]).

[23.4s] error: An uncaught WebGPU validation error was raised: [Invalid ComputePipeline "Transpose"] is invalid.
 - While Validating GetBindGroupLayout (0) on [Invalid ComputePipeline "Transpose"]

[23.4s] error: An uncaught WebGPU validation error was raised: [Invalid BindGroupLayout (unlabeled)] is invalid.
 - While validating [BindGroupDescriptor ""Transpose""] against [Invalid BindGroupLayout (unlabeled)]
 - While calling [Device].CreateBindGroup([BindGroupDescriptor ""Transpose""]).

[23.4s] error: An uncaught WebGPU validation error was raised: [Invalid ComputePipeline "Conv2DMatMul"] is invalid.
 - While Validating GetBindGroupLayout (0) on [Invalid ComputePipeline "Conv2DMatMul"]

[23.4s] error: An uncaught WebGPU validation error was raised: [Invalid BindGroupLayout (unlabeled)] is invalid.
 - While validating [BindGroupDescriptor ""Conv2DMatMul""] against [Invalid BindGroupLayout (unlabeled)]
 - While calling [Device].CreateBindGroup([BindGroupDescriptor ""Conv2DMatMul""]).

[23.4s] error: An uncaught WebGPU validation error was raised: [Invalid ComputePipeline "Conv2DMatMul"] is invalid.
 - While Validating GetBindGroupLayout (0) on [Invalid ComputePipeline "Conv2DMatMul"]

[23.4s] error: An uncaught WebGPU validation error was raised: [Invalid BindGroupLayout (unlabeled)] is invalid.
 - While validating [BindGroupDescriptor ""Conv2DMatMul""] against [Invalid BindGroupLayout (unlabeled)]
 - While calling [Device].CreateBindGroup([BindGroupDescriptor ""Conv2DMatMul""]).

[23.4s] error: An uncaught WebGPU validation error was raised: [Invalid ComputePipeline "Conv2DMatMul"] is invalid.
 - While Validating GetBindGroupLayout (0) on [Invalid ComputePipeline "Conv2DMatMul"]

[23.4s] error: An uncaught WebGPU validation error was raised: [Invalid BindGroupLayout (unlabeled)] is invalid.
 - While validating [BindGroupDescriptor ""Conv2DMatMul""] against [Invalid BindGroupLayout (unlabeled)]
 - While calling [Device].CreateBindGroup([BindGroupDescriptor ""Conv2DMatMul""]).

[23.4s] error: An uncaught WebGPU validation error was raised: [Invalid ComputePipeline "Add"] is invalid.
 - While Validating GetBindGroupLayout (0) on [Invalid ComputePipeline "Add"]

[23.4s] error: An uncaught WebGPU validation error was raised: [Invalid BindGroupLayout (unlabeled)] is invalid.
 - While validating [BindGroupDescriptor ""Add""] against [Invalid BindGroupLayout (unlabeled)]
 - While calling [Device].CreateBindGroup([BindGroupDescriptor ""Add""]).

[23.4s] error: An uncaught WebGPU validation error was raised: [Invalid ComputePipeline "Relu"] is invalid.
 - While Validating GetBindGroupLayout (0) on [Invalid ComputePipeline "Relu"]

[23.4s] error: An uncaught WebGPU validation error was raised: [Invalid BindGroupLayout (unlabeled)] is invalid.
 - While validating [BindGroupDescriptor ""Relu""] against [Invalid BindGroupLayout (unlabeled)]
 - While calling [Device].CreateBindGroup([BindGroupDescriptor ""Relu""]).

[23.4s] error: An uncaught WebGPU validation error was raised: [Invalid ComputePipeline "Conv2DMatMul"] is invalid.
 - While Validating GetBindGroupLayout (0) on [Invalid ComputePipeline "Conv2DMatMul"]

[23.4s] error: An uncaught WebGPU validation error was raised: [Invalid BindGroupLayout (unlabeled)] is invalid.
 - While validating [BindGroupDescriptor ""Conv2DMatMul""] against [Invalid BindGroupLayout (unlabeled)]
 - While calling [Device].CreateBindGroup([BindGroupDescriptor ""Conv2DMatMul""]).

[23.4s] error: An uncaught WebGPU validation error was raised: [Invalid ComputePipeline "Conv2DMatMul"] is invalid.
 - While Validating GetBindGroupLayout (0) on [Invalid ComputePipeline "Conv2DMatMul"]

[23.4s] error: An uncaught WebGPU validation error was raised: [Invalid BindGroupLayout (unlabeled)] is invalid.
 - While validating [BindGroupDescriptor ""Conv2DMatMul""] against [Invalid BindGroupLayout (unlabeled)]
 - While calling [Device].CreateBindGroup([BindGroupDescriptor ""Conv2DMatMul""]).

[23.4s] error: An uncaught WebGPU validation error was raised: [Invalid ComputePipeline "Add"] is invalid.
 - While Validating GetBindGroupLayout (0) on [Invalid ComputePipeline "Add"]

[23.4s] error: An uncaught WebGPU validation error was raised: [Invalid BindGroupLayout (unlabeled)] is invalid.
 - While validating [BindGroupDescriptor ""Add""] against [Invalid BindGroupLayout (unlabeled)]
 - While calling [Device].CreateBindGroup([BindGroupDescriptor ""Add""]).

[23.4s] error: An uncaught WebGPU validation error was raised: [Invalid ComputePipeline "Relu"] is invalid.
 - While Validating GetBindGroupLayout (0) on [Invalid ComputePipeline "Relu"]

[23.4s] error: An uncaught WebGPU validation error was raised: [Invalid BindGroupLayout (unlabeled)] is invalid.
 - While validating [BindGroupDescriptor ""Relu""] against [Invalid BindGroupLayout (unlabeled)]
 - While calling [Device].CreateBindGroup([BindGroupDescriptor ""Relu""]).

[23.4s] error: An uncaught WebGPU validation error was raised: [Invalid ComputePipeline "Cast"] is invalid.
 - While Validating GetBindGroupLayout (0) on [Invalid ComputePipeline "Cast"]

[23.4s] error: An uncaught WebGPU validation error was raised: [Invalid BindGroupLayout (unlabeled)] is invalid.
 - While validating [BindGroupDescriptor ""Cast""] against [Invalid BindGroupLayout (unlabeled)]
 - While calling [Device].CreateBindGroup([BindGroupDescriptor ""Cast""]).

[23.4s] error: An uncaught WebGPU validation error was raised: [Invalid ComputePipeline "Cast"] is invalid.
 - While Validating GetBindGroupLayout (0) on [Invalid ComputePipeline "Cast"]

[23.4s] error: An uncaught WebGPU validation error was raised: [Invalid BindGroupLayout (unlabeled)] is invalid.
 - While validating [BindGroupDescriptor ""Cast""] against [Invalid BindGroupLayout (unlabeled)]
 - While calling [Device].CreateBindGroup([BindGroupDescriptor ""Cast""]).

[23.4s] error: An uncaught WebGPU validation error was raised: [Invalid ComputePipeline "Add"] is invalid.
 - While encoding [ComputePassEncoder (unlabeled)].SetPipeline([Invalid ComputePipeline "Add"]).
 - While finishing [CommandEncoder (unlabeled)].

[23.4s] error: An uncaught WebGPU validation error was raised: [Invalid CommandBuffer] is invalid.
 - While calling [Queue].Submit([[Invalid CommandBuffer]])

[23.4s] error: An uncaught WebGPU validation error was raised: [Invalid ComputePipeline "Concat"] is invalid.
 - While Validating GetBindGroupLayout (0) on [Invalid ComputePipeline "Concat"]

[23.4s] error: An uncaught WebGPU validation error was raised: [Invalid BindGroupLayout (unlabeled)] is invalid.
 - While validating [BindGroupDescriptor ""Concat""] against [Invalid BindGroupLayout (unlabeled)]
 - While calling [Device].CreateBindGroup([BindGroupDescriptor ""Concat""]).

[23.4s] error: An uncaught WebGPU validation error was raised: [Invalid ComputePipeline "Transpose"] is invalid.
 - While Validating GetBindGroupLayout (0) on [Invalid ComputePipeline "Transpose"]

[23.4s] error: An uncaught WebGPU validation error was raised: [Invalid BindGroupLayout (unlabeled)] is invalid.
 - While validating [BindGroupDescriptor ""Transpose""] against [Invalid BindGroupLayout (unlabeled)]
 - While calling [Device].CreateBindGroup([BindGroupDescriptor ""Transpose""]).

[23.4s] error: An uncaught WebGPU validation error was raised: [Invalid ComputePipeline "Conv2DMatMul"] is invalid.
 - While Validating GetBindGroupLayout (0) on [Invalid ComputePipeline "Conv2DMatMul"]

[23.4s] error: An uncaught WebGPU validation error was raised: [Invalid BindGroupLayout (unlabeled)] is invalid.
 - While validating [BindGroupDescriptor ""Conv2DMatMul""] against [Invalid BindGroupLayout (unlabeled)]
 - While calling [Device].CreateBindGroup([BindGroupDescriptor ""Conv2DMatMul""]).

[23.4s] error: An uncaught WebGPU validation error was raised: [Invalid ComputePipeline "Conv2DMatMul"] is invalid.
 - While Validating GetBindGroupLayout (0) on [Invalid ComputePipeline "Conv2DMatMul"]

[23.4s] error: An uncaught WebGPU validation error was raised: [Invalid BindGroupLayout (unlabeled)] is invalid.
 - While validating [BindGroupDescriptor ""Conv2DMatMul""] against [Invalid BindGroupLayout (unlabeled)]
 - While calling [Device].CreateBindGroup([BindGroupDescriptor ""Conv2DMatMul""]).

[23.4s] error: An uncaught WebGPU validation error was raised: [Invalid ComputePipeline "Cast"] is invalid.
 - While Validating GetBindGroupLayout (0) on [Invalid ComputePipeline "Cast"]

[23.4s] error: An uncaught WebGPU validation error was raised: [Invalid BindGroupLayout (unlabeled)] is invalid.
 - While validating [BindGroupDescriptor ""Cast""] against [Invalid BindGroupLayout (unlabeled)]
 - While calling [Device].CreateBindGroup([BindGroupDescriptor ""Cast""]).

[23.4s] error: An uncaught WebGPU validation error was raised: [Invalid ComputePipeline "Cast"] is invalid.
 - While Validating GetBindGroupLayout (0) on [Invalid ComputePipeline "Cast"]

[23.4s] error: An uncaught WebGPU validation error was raised: [Invalid BindGroupLayout (unlabeled)] is invalid.
 - While validating [BindGroupDescriptor ""Cast""] against [Invalid BindGroupLayout (unlabeled)]
 - While calling [Device].CreateBindGroup([BindGroupDescriptor ""Cast""]).

[23.4s] error: An uncaught WebGPU validation error was raised: [Invalid ComputePipeline "Concat"] is invalid.
 - While Validating GetBindGroupLayout (0) on [Invalid ComputePipeline "Concat"]

[23.4s] error: An uncaught WebGPU validation error was raised: [Invalid BindGroupLayout (unlabeled)] is invalid.
 - While validating [BindGroupDescriptor ""Concat""] against [Invalid BindGroupLayout (unlabeled)]
 - While calling [Device].CreateBindGroup([BindGroupDescriptor ""Concat""]).

[23.4s] error: An uncaught WebGPU validation error was raised: [Invalid ComputePipeline "Transpose"] is invalid.
 - While Validating GetBindGroupLayout (0) on [Invalid ComputePipeline "Transpose"]

[23.4s] error: An uncaught WebGPU validation error was raised: [Invalid BindGroupLayout (unlabeled)] is invalid.
 - While validating [BindGroupDescriptor ""Transpose""] against [Invalid BindGroupLayout (unlabeled)]
 - While calling [Device].CreateBindGroup([BindGroupDescriptor ""Transpose""]).

[23.4s] error: An uncaught WebGPU validation error was raised: [Invalid ComputePipeline "Conv2DMatMul"] is invalid.
 - While Validating GetBindGroupLayout (0) on [Invalid ComputePipeline "Conv2DMatMul"]

[23.4s] error: An uncaught WebGPU validation error was raised: [Invalid BindGroupLayout (unlabeled)] is invalid.
 - While validating [BindGroupDescriptor ""Conv2DMatMul""] against [Invalid BindGroupLayout (unlabeled)]
 - While calling [Device].CreateBindGroup([BindGroupDescriptor ""Conv2DMatMul""]).

[23.4s] error: An uncaught WebGPU validation error was raised: [Invalid ComputePipeline "Conv2DMatMul"] is invalid.
 - While Validating GetBindGroupLayout (0) on [Invalid ComputePipeline "Conv2DMatMul"]

[23.4s] error: An uncaught WebGPU validation error was raised: [Invalid BindGroupLayout (unlabeled)] is invalid.
 - While validating [BindGroupDescriptor ""Conv2DMatMul""] against [Invalid BindGroupLayout (unlabeled)]
 - While calling [Device].CreateBindGroup([BindGroupDescriptor ""Conv2DMatMul""]).

[23.4s] error: An uncaught WebGPU validation error was raised: [Invalid ComputePipeline "Cast"] is invalid.
 - While Validating GetBindGroupLayout (0) on [Invalid ComputePipeline "Cast"]

[23.4s] error: An uncaught WebGPU validation error was raised: [Invalid BindGroupLayout (unlabeled)] is invalid.
 - While validating [BindGroupDescriptor ""Cast""] against [Invalid BindGroupLayout (unlabeled)]
 - While calling [Device].CreateBindGroup([BindGroupDescriptor ""Cast""]).

[23.4s] error: An uncaught WebGPU validation error was raised: [Invalid ComputePipeline "Cast"] is invalid.
 - While Validating GetBindGroupLayout (0) on [Invalid ComputePipeline "Cast"]

[23.4s] error: An uncaught WebGPU validation error was raised: [Invalid BindGroupLayout (unlabeled)] is invalid.
 - While validating [BindGroupDescriptor ""Cast""] against [Invalid BindGroupLayout (unlabeled)]
 - While calling [Device].CreateBindGroup([BindGroupDescriptor ""Cast""]).

[23.4s] error: An uncaught WebGPU validation error was raised: [Invalid ComputePipeline "Concat"] is invalid.
 - While encoding [ComputePassEncoder (unlabeled)].SetPipeline([Invalid ComputePipeline "Concat"]).
 - While finishing [CommandEncoder (unlabeled)].

[23.4s] error: An uncaught WebGPU validation error was raised: [Invalid CommandBuffer] is invalid.
 - While calling [Queue].Submit([[Invalid CommandBuffer]])

[23.4s] error: An uncaught WebGPU validation error was raised: [Invalid ComputePipeline "Concat"] is invalid.
 - While Validating GetBindGroupLayout (0) on [Invalid ComputePipeline "Concat"]

[23.4s] error: An uncaught WebGPU validation error was raised: [Invalid BindGroupLayout (unlabeled)] is invalid.
 - While validating [BindGroupDescriptor ""Concat""] against [Invalid BindGroupLayout (unlabeled)]
 - While calling [Device].CreateBindGroup([BindGroupDescriptor ""Concat""]).

[23.4s] error: An uncaught WebGPU validation error was raised: [Invalid ComputePipeline "Transpose"] is invalid.
 - While Validating GetBindGroupLayout (0) on [Invalid ComputePipeline "Transpose"]

[23.4s] error: An uncaught WebGPU validation error was raised: [Invalid BindGroupLayout (unlabeled)] is invalid.
 - While validating [BindGroupDescriptor ""Transpose""] against [Invalid BindGroupLayout (unlabeled)]
 - While calling [Device].CreateBindGroup([BindGroupDescriptor ""Transpose""]).

[23.4s] error: An uncaught WebGPU validation error was raised: [Invalid ComputePipeline "Conv2DMatMul"] is invalid.
 - While Validating GetBindGroupLayout (0) on [Invalid ComputePipeline "Conv2DMatMul"]

[23.4s] error: An uncaught WebGPU validation error was raised: [Invalid BindGroupLayout (unlabeled)] is invalid.
 - While validating [BindGroupDescriptor ""Conv2DMatMul""] against [Invalid BindGroupLayout (unlabeled)]
 - While calling [Device].CreateBindGroup([BindGroupDescriptor ""Conv2DMatMul""]).

[23.4s] error: An uncaught WebGPU validation error was raised: [Invalid ComputePipeline "Conv2DMatMul"] is invalid.
 - While Validating GetBindGroupLayout (0) on [Invalid ComputePipeline "Conv2DMatMul"]

[23.4s] error: An uncaught WebGPU validation error was raised: [Invalid BindGroupLayout (unlabeled)] is invalid.
 - While validating [BindGroupDescriptor ""Conv2DMatMul""] against [Invalid BindGroupLayout (unlabeled)]
 - While calling [Device].CreateBindGroup([BindGroupDescriptor ""Conv2DMatMul""]).

[23.4s] error: An uncaught WebGPU validation error was raised: [Invalid ComputePipeline "Cast"] is invalid.
 - While Validating GetBindGroupLayout (0) on [Invalid ComputePipeline "Cast"]

[23.4s] error: An uncaught WebGPU validation error was raised: [Invalid BindGroupLayout (unlabeled)] is invalid.
 - While validating [BindGroupDescriptor ""Cast""] against [Invalid BindGroupLayout (unlabeled)]
 - While calling [Device].CreateBindGroup([BindGroupDescriptor ""Cast""]).

[23.4s] error: An uncaught WebGPU validation error was raised: [Invalid ComputePipeline "Cast"] is invalid.
 - While Validating GetBindGroupLayout (0) on [Invalid ComputePipeline "Cast"]

[23.4s] error: An uncaught WebGPU validation error was raised: [Invalid BindGroupLayout (unlabeled)] is invalid.
 - While validating [BindGroupDescriptor ""Cast""] against [Invalid BindGroupLayout (unlabeled)]
 - While calling [Device].CreateBindGroup([BindGroupDescriptor ""Cast""]).

[23.4s] error: An uncaught WebGPU validation error was raised: [Invalid ComputePipeline "Concat"] is invalid.
 - While Validating GetBindGroupLayout (0) on [Invalid ComputePipeline "Concat"]

[23.5s] error: An uncaught WebGPU validation error was raised: [Invalid BindGroupLayout (unlabeled)] is invalid.
 - While validating [BindGroupDescriptor ""Concat""] against [Invalid BindGroupLayout (unlabeled)]
 - While calling [Device].CreateBindGroup([BindGroupDescriptor ""Concat""]).

[23.5s] error: An uncaught WebGPU validation error was raised: [Invalid ComputePipeline "Transpose"] is invalid.
 - While Validating GetBindGroupLayout (0) on [Invalid ComputePipeline "Transpose"]

[23.5s] error: An uncaught WebGPU validation error was raised: [Invalid BindGroupLayout (unlabeled)] is invalid.
 - While validating [BindGroupDescriptor ""Transpose""] against [Invalid BindGroupLayout (unlabeled)]
 - While calling [Device].CreateBindGroup([BindGroupDescriptor ""Transpose""]).

[23.5s] error: An uncaught WebGPU validation error was raised: [Invalid ComputePipeline "Conv2DMatMul"] is invalid.
 - While Validating GetBindGroupLayout (0) on [Invalid ComputePipeline "Conv2DMatMul"]

[23.5s] error: An uncaught WebGPU validation error was raised: [Invalid BindGroupLayout (unlabeled)] is invalid.
 - While validating [BindGroupDescriptor ""Conv2DMatMul""] against [Invalid BindGroupLayout (unlabeled)]
 - While calling [Device].CreateBindGroup([BindGroupDescriptor ""Conv2DMatMul""]).

[23.5s] error: An uncaught WebGPU validation error was raised: [Invalid ComputePipeline "Conv2DMatMul"] is invalid.
 - While Validating GetBindGroupLayout (0) on [Invalid ComputePipeline "Conv2DMatMul"]

[23.5s] error: An uncaught WebGPU validation error was raised: [Invalid BindGroupLayout (unlabeled)] is invalid.
 - While validating [BindGroupDescriptor ""Conv2DMatMul""] against [Invalid BindGroupLayout (unlabeled)]
 - While calling [Device].CreateBindGroup([BindGroupDescriptor ""Conv2DMatMul""]).

[23.5s] error: An uncaught WebGPU validation error was raised: [Invalid ComputePipeline "Cast"] is invalid.
 - While Validating GetBindGroupLayout (0) on [Invalid ComputePipeline "Cast"]

[23.5s] error: An uncaught WebGPU validation error was raised: [Invalid BindGroupLayout (unlabeled)] is invalid.
 - While validating [BindGroupDescriptor ""Cast""] against [Invalid BindGroupLayout (unlabeled)]
 - While calling [Device].CreateBindGroup([BindGroupDescriptor ""Cast""]).

[23.5s] error: An uncaught WebGPU validation error was raised: [Invalid ComputePipeline "Cast"] is invalid.
 - While Validating GetBindGroupLayout (0) on [Invalid ComputePipeline "Cast"]

[23.5s] error: An uncaught WebGPU validation error was raised: [Invalid BindGroupLayout (unlabeled)] is invalid.
 - While validating [BindGroupDescriptor ""Cast""] against [Invalid BindGroupLayout (unlabeled)]
 - While calling [Device].CreateBindGroup([BindGroupDescriptor ""Cast""]).

[23.5s] error: An uncaught WebGPU validation error was raised: [Invalid ComputePipeline "Concat"] is invalid.
 - While encoding [ComputePassEncoder (unlabeled)].SetPipeline([Invalid ComputePipeline "Concat"]).
 - While finishing [CommandEncoder (unlabeled)].

[23.5s] error: An uncaught WebGPU validation error was raised: [Invalid CommandBuffer] is invalid.
 - While calling [Queue].Submit([[Invalid CommandBuffer]])

[23.5s] error: An uncaught WebGPU validation error was raised: [Invalid ComputePipeline "Transpose"] is invalid.
 - While Validating GetBindGroupLayout (0) on [Invalid ComputePipeline "Transpose"]

[23.5s] error: An uncaught WebGPU validation error was raised: [Invalid BindGroupLayout (unlabeled)] is invalid.
 - While validating [BindGroupDescriptor ""Transpose""] against [Invalid BindGroupLayout (unlabeled)]
 - While calling [Device].CreateBindGroup([BindGroupDescriptor ""Transpose""]).

[23.5s] error: An uncaught WebGPU validation error was raised: [Invalid ComputePipeline "Conv2DMatMul"] is invalid.
 - While Validating GetBindGroupLayout (0) on [Invalid ComputePipeline "Conv2DMatMul"]

[23.5s] error: An uncaught WebGPU validation error was raised: [Invalid BindGroupLayout (unlabeled)] is invalid.
 - While validating [BindGroupDescriptor ""Conv2DMatMul""] against [Invalid BindGroupLayout (unlabeled)]
 - While calling [Device].CreateBindGroup([BindGroupDescriptor ""Conv2DMatMul""]).

[23.5s] error: An uncaught WebGPU validation error was raised: [Invalid ComputePipeline "Conv2DMatMul"] is invalid.
 - While Validating GetBindGroupLayout (0) on [Invalid ComputePipeline "Conv2DMatMul"]

[23.5s] error: An uncaught WebGPU validation error was raised: [Invalid BindGroupLayout (unlabeled)] is invalid.
 - While validating [BindGroupDescriptor ""Conv2DMatMul""] against [Invalid BindGroupLayout (unlabeled)]
 - While calling [Device].CreateBindGroup([BindGroupDescriptor ""Conv2DMatMul""]).

[23.5s] error: An uncaught WebGPU validation error was raised: [Invalid ComputePipeline "Conv2DMatMul"] is invalid.
 - While Validating GetBindGroupLayout (0) on [Invalid ComputePipeline "Conv2DMatMul"]

[23.5s] error: An uncaught WebGPU validation error was raised: [Invalid BindGroupLayout (unlabeled)] is invalid.
 - While validating [BindGroupDescriptor ""Conv2DMatMul""] against [Invalid BindGroupLayout (unlabeled)]
 - While calling [Device].CreateBindGroup([BindGroupDescriptor ""Conv2DMatMul""]).

[23.5s] error: An uncaught WebGPU validation error was raised: [Invalid ComputePipeline "Transpose"] is invalid.
 - While Validating GetBindGroupLayout (0) on [Invalid ComputePipeline "Transpose"]

[23.5s] error: An uncaught WebGPU validation error was raised: [Invalid BindGroupLayout (unlabeled)] is invalid.
 - While validating [BindGroupDescriptor ""Transpose""] against [Invalid BindGroupLayout (unlabeled)]
 - While calling [Device].CreateBindGroup([BindGroupDescriptor ""Transpose""]).

[23.5s] error: An uncaught WebGPU validation error was raised: [Invalid ComputePipeline "Transpose"] is invalid.
 - While encoding [ComputePassEncoder (unlabeled)].SetPipeline([Invalid ComputePipeline "Transpose"]).
 - While finishing [CommandEncoder (unlabeled)].

[23.5s] error: An uncaught WebGPU validation error was raised: [Invalid CommandBuffer] is invalid.
 - While calling [Queue].Submit([[Invalid CommandBuffer]])

[23.5s] error: An uncaught WebGPU validation error was raised: [Invalid ComputePipeline "Sub"] is invalid.
 - While Validating GetBindGroupLayout (0) on [Invalid ComputePipeline "Sub"]

[23.5s] error: An uncaught WebGPU validation error was raised: [Invalid BindGroupLayout (unlabeled)] is invalid.
 - While validating [BindGroupDescriptor ""Sub""] against [Invalid BindGroupLayout (unlabeled)]
 - While calling [Device].CreateBindGroup([BindGroupDescriptor ""Sub""]).

[23.5s] error: An uncaught WebGPU validation error was raised: [Invalid ComputePipeline "Div"] is invalid.
 - While Validating GetBindGroupLayout (0) on [Invalid ComputePipeline "Div"]

[23.6s] error: An uncaught WebGPU validation error was raised: [Invalid BindGroupLayout (unlabeled)] is invalid.
 - While validating [BindGroupDescriptor ""Div""] against [Invalid BindGroupLayout (unlabeled)]
 - While calling [Device].CreateBindGroup([BindGroupDescriptor ""Div""]).

[23.6s] error: An uncaught WebGPU validation error was raised: [Invalid ComputePipeline "Transpose"] is invalid.
 - While Validating GetBindGroupLayout (0) on [Invalid ComputePipeline "Transpose"]

[23.6s] error: An uncaught WebGPU validation error was raised: [Invalid BindGroupLayout (unlabeled)] is invalid.
 - While validating [BindGroupDescriptor ""Transpose""] against [Invalid BindGroupLayout (unlabeled)]
 - While calling [Device].CreateBindGroup([BindGroupDescriptor ""Transpose""]).

[23.6s] error: An uncaught WebGPU validation error was raised: [Invalid ComputePipeline "Conv2DMatMul"] is invalid.
 - While Validating GetBindGroupLayout (0) on [Invalid ComputePipeline "Conv2DMatMul"]

[23.6s] error: An uncaught WebGPU validation error was raised: [Invalid BindGroupLayout (unlabeled)] is invalid.
 - While validating [BindGroupDescriptor ""Conv2DMatMul""] against [Invalid BindGroupLayout (unlabeled)]
 - While calling [Device].CreateBindGroup([BindGroupDescriptor ""Conv2DMatMul""]).

[23.6s] error: An uncaught WebGPU validation error was raised: [Invalid ComputePipeline "Transpose"] is invalid.
 - While Validating GetBindGroupLayout (0) on [Invalid ComputePipeline "Transpose"]

[23.6s] error: An uncaught WebGPU validation error was raised: [Invalid BindGroupLayout (unlabeled)] is invalid.
 - While validating [BindGroupDescriptor ""Transpose""] against [Invalid BindGroupLayout (unlabeled)]
 - While calling [Device].CreateBindGroup([BindGroupDescriptor ""Transpose""]).

[23.6s] error: An uncaught WebGPU validation error was raised: [Invalid ComputePipeline "MaxPool"] is invalid.
 - While Validating GetBindGroupLayout (0) on [Invalid ComputePipeline "MaxPool"]

[23.6s] error: An uncaught WebGPU validation error was raised: [Invalid BindGroupLayout (unlabeled)] is invalid.
 - While validating [BindGroupDescriptor ""MaxPool""] against [Invalid BindGroupLayout (unlabeled)]
 - While calling [Device].CreateBindGroup([BindGroupDescriptor ""MaxPool""]).

[23.6s] error: An uncaught WebGPU validation error was raised: [Invalid ComputePipeline "Conv2DMatMul"] is invalid.
 - While Validating GetBindGroupLayout (0) on [Invalid ComputePipeline "Conv2DMatMul"]

[23.6s] error: An uncaught WebGPU validation error was raised: [Invalid BindGroupLayout (unlabeled)] is invalid.
 - While validating [BindGroupDescriptor ""Conv2DMatMul""] against [Invalid BindGroupLayout (unlabeled)]
 - While calling [Device].CreateBindGroup([BindGroupDescriptor ""Conv2DMatMul""]).

[23.6s] error: An uncaught WebGPU validation error was raised: [Invalid ComputePipeline "Conv2DMatMul"] is invalid.
 - While Validating GetBindGroupLayout (0) on [Invalid ComputePipeline "Conv2DMatMul"]

[23.6s] error: An uncaught WebGPU validation error was raised: [Invalid BindGroupLayout (unlabeled)] is invalid.
 - While validating [BindGroupDescriptor ""Conv2DMatMul""] against [Invalid BindGroupLayout (unlabeled)]
 - While calling [Device].CreateBindGroup([BindGroupDescriptor ""Conv2DMatMul""]).

[23.6s] error: An uncaught WebGPU validation error was raised: [Invalid ComputePipeline "Add"] is invalid.
 - While Validating GetBindGroupLayout (0) on [Invalid ComputePipeline "Add"]

[23.6s] error: An uncaught WebGPU validation error was raised: [Invalid BindGroupLayout (unlabeled)] is invalid.
 - While validating [BindGroupDescriptor ""Add""] against [Invalid BindGroupLayout (unlabeled)]
 - While calling [Device].CreateBindGroup([BindGroupDescriptor ""Add""]).

[23.6s] error: An uncaught WebGPU validation error was raised: [Invalid ComputePipeline "Relu"] is invalid.
 - While Validating GetBindGroupLayout (0) on [Invalid ComputePipeline "Relu"]

[23.6s] error: An uncaught WebGPU validation error was raised: [Invalid BindGroupLayout (unlabeled)] is invalid.
 - While validating [BindGroupDescriptor ""Relu""] against [Invalid BindGroupLayout (unlabeled)]
 - While calling [Device].CreateBindGroup([BindGroupDescriptor ""Relu""]).

[23.6s] error: An uncaught WebGPU validation error was raised: [Invalid ComputePipeline "Conv2DMatMul"] is invalid.
 - While Validating GetBindGroupLayout (0) on [Invalid ComputePipeline "Conv2DMatMul"]

[23.6s] error: An uncaught WebGPU validation error was raised: [Invalid BindGroupLayout (unlabeled)] is invalid.
 - While validating [BindGroupDescriptor ""Conv2DMatMul""] against [Invalid BindGroupLayout (unlabeled)]
 - While calling [Device].CreateBindGroup([BindGroupDescriptor ""Conv2DMatMul""]).

[23.6s] error: An uncaught WebGPU validation error was raised: [Invalid ComputePipeline "Conv2DMatMul"] is invalid.
 - While Validating GetBindGroupLayout (0) on [Invalid ComputePipeline "Conv2DMatMul"]

[23.6s] error: An uncaught WebGPU validation error was raised: [Invalid BindGroupLayout (unlabeled)] is invalid.
 - While validating [BindGroupDescriptor ""Conv2DMatMul""] against [Invalid BindGroupLayout (unlabeled)]
 - While calling [Device].CreateBindGroup([BindGroupDescriptor ""Conv2DMatMul""]).

[23.6s] error: An uncaught WebGPU validation error was raised: [Invalid ComputePipeline "Add"] is invalid.
 - While Validating GetBindGroupLayout (0) on [Invalid ComputePipeline "Add"]

[23.6s] error: An uncaught WebGPU validation error was raised: [Invalid BindGroupLayout (unlabeled)] is invalid.
 - While validating [BindGroupDescriptor ""Add""] against [Invalid BindGroupLayout (unlabeled)]
 - While calling [Device].CreateBindGroup([BindGroupDescriptor ""Add""]).

[23.6s] error: An uncaught WebGPU validation error was raised: [Invalid ComputePipeline "Relu"] is invalid.
 - While Validating GetBindGroupLayout (0) on [Invalid ComputePipeline "Relu"]

[23.6s] error: An uncaught WebGPU validation error was raised: [Invalid BindGroupLayout (unlabeled)] is invalid.
 - While validating [BindGroupDescriptor ""Relu""] against [Invalid BindGroupLayout (unlabeled)]
 - While calling [Device].CreateBindGroup([BindGroupDescriptor ""Relu""]).

[23.6s] error: An uncaught WebGPU validation error was raised: [Invalid ComputePipeline "Transpose"] is invalid.
 - While Validating GetBindGroupLayout (0) on [Invalid ComputePipeline "Transpose"]

[23.6s] error: An uncaught WebGPU validation error was raised: [Invalid BindGroupLayout (unlabeled)] is invalid.
 - While validating [BindGroupDescriptor ""Transpose""] against [Invalid BindGroupLayout (unlabeled)]
 - While calling [Device].CreateBindGroup([BindGroupDescriptor ""Transpose""]).

[23.6s] error: An uncaught WebGPU validation error was raised: [Invalid ComputePipeline "Conv2DMatMul"] is invalid.
 - While Validating GetBindGroupLayout (0) on [Invalid ComputePipeline "Conv2DMatMul"]

[23.6s] error: An uncaught WebGPU validation error was raised: [Invalid BindGroupLayout (unlabeled)] is invalid.
 - While validating [BindGroupDescriptor ""Conv2DMatMul""] against [Invalid BindGroupLayout (unlabeled)]
 - While calling [Device].CreateBindGroup([BindGroupDescriptor ""Conv2DMatMul""]).

[23.6s] error: An uncaught WebGPU validation error was raised: [Invalid ComputePipeline "Sub"] is invalid.
 - While encoding [ComputePassEncoder (unlabeled)].SetPipeline([Invalid ComputePipeline "Sub"]).
 - While finishing [CommandEncoder (unlabeled)].

[23.6s] error: An uncaught WebGPU validation error was raised: [Invalid CommandBuffer] is invalid.
 - While calling [Queue].Submit([[Invalid CommandBuffer]])

[23.6s] error: An uncaught WebGPU validation error was raised: [Invalid ComputePipeline "Conv2DMatMul"] is invalid.
 - While Validating GetBindGroupLayout (0) on [Invalid ComputePipeline "Conv2DMatMul"]

[23.6s] error: An uncaught WebGPU validation error was raised: [Invalid BindGroupLayout (unlabeled)] is invalid.
 - While validating [BindGroupDescriptor ""Conv2DMatMul""] against [Invalid BindGroupLayout (unlabeled)]
 - While calling [Device].CreateBindGroup([BindGroupDescriptor ""Conv2DMatMul""]).

[23.6s] error: An uncaught WebGPU validation error was raised: [Invalid ComputePipeline "Conv2DMatMul"] is invalid.
 - While Validating GetBindGroupLayout (0) on [Invalid ComputePipeline "Conv2DMatMul"]

[23.6s] error: An uncaught WebGPU validation error was raised: [Invalid BindGroupLayout (unlabeled)] is invalid.
 - While validating [BindGroupDescriptor ""Conv2DMatMul""] against [Invalid BindGroupLayout (unlabeled)]
 - While calling [Device].CreateBindGroup([BindGroupDescriptor ""Conv2DMatMul""]).

[23.6s] error: An uncaught WebGPU validation error was raised: [Invalid ComputePipeline "Add"] is invalid.
 - While Validating GetBindGroupLayout (0) on [Invalid ComputePipeline "Add"]

[23.6s] error: An uncaught WebGPU validation error was raised: [Invalid BindGroupLayout (unlabeled)] is invalid.
 - While validating [BindGroupDescriptor ""Add""] against [Invalid BindGroupLayout (unlabeled)]
 - While calling [Device].CreateBindGroup([BindGroupDescriptor ""Add""]).

[23.6s] error: An uncaught WebGPU validation error was raised: [Invalid ComputePipeline "Relu"] is invalid.
 - While Validating GetBindGroupLayout (0) on [Invalid ComputePipeline "Relu"]

[23.6s] error: An uncaught WebGPU validation error was raised: [Invalid BindGroupLayout (unlabeled)] is invalid.
 - While validating [BindGroupDescriptor ""Relu""] against [Invalid BindGroupLayout (unlabeled)]
 - While calling [Device].CreateBindGroup([BindGroupDescriptor ""Relu""]).

[23.6s] error: An uncaught WebGPU validation error was raised: [Invalid ComputePipeline "Conv2DMatMul"] is invalid.
 - While Validating GetBindGroupLayout (0) on [Invalid ComputePipeline "Conv2DMatMul"]

[23.6s] error: An uncaught WebGPU validation error was raised: [Invalid BindGroupLayout (unlabeled)] is invalid.
 - While validating [BindGroupDescriptor ""Conv2DMatMul""] against [Invalid BindGroupLayout (unlabeled)]
 - While calling [Device].CreateBindGroup([BindGroupDescriptor ""Conv2DMatMul""]).

[23.6s] error: An uncaught WebGPU validation error was raised: [Invalid ComputePipeline "Conv2DMatMul"] is invalid.
 - While Validating GetBindGroupLayout (0) on [Invalid ComputePipeline "Conv2DMatMul"]

[23.6s] error: An uncaught WebGPU validation error was raised: [Invalid BindGroupLayout (unlabeled)] is invalid.
 - While validating [BindGroupDescriptor ""Conv2DMatMul""] against [Invalid BindGroupLayout (unlabeled)]
 - While calling [Device].CreateBindGroup([BindGroupDescriptor ""Conv2DMatMul""]).

[23.6s] error: An uncaught WebGPU validation error was raised: [Invalid ComputePipeline "Add"] is invalid.
 - While Validating GetBindGroupLayout (0) on [Invalid ComputePipeline "Add"]

[23.6s] error: An uncaught WebGPU validation error was raised: [Invalid BindGroupLayout (unlabeled)] is invalid.
 - While validating [BindGroupDescriptor ""Add""] against [Invalid BindGroupLayout (unlabeled)]
 - While calling [Device].CreateBindGroup([BindGroupDescriptor ""Add""]).

[23.6s] error: An uncaught WebGPU validation error was raised: [Invalid ComputePipeline "Relu"] is invalid.
 - While Validating GetBindGroupLayout (0) on [Invalid ComputePipeline "Relu"]

[23.6s] error: An uncaught WebGPU validation error was raised: [Invalid BindGroupLayout (unlabeled)] is invalid.
 - While validating [BindGroupDescriptor ""Relu""] against [Invalid BindGroupLayout (unlabeled)]
 - While calling [Device].CreateBindGroup([BindGroupDescriptor ""Relu""]).

[23.6s] error: An uncaught WebGPU validation error was raised: [Invalid ComputePipeline "Transpose"] is invalid.
 - While Validating GetBindGroupLayout (0) on [Invalid ComputePipeline "Transpose"]

[23.6s] error: An uncaught WebGPU validation error was raised: [Invalid BindGroupLayout (unlabeled)] is invalid.
 - While validating [BindGroupDescriptor ""Transpose""] against [Invalid BindGroupLayout (unlabeled)]
 - While calling [Device].CreateBindGroup([BindGroupDescriptor ""Transpose""]).

[23.6s] error: An uncaught WebGPU validation error was raised: [Invalid ComputePipeline "Conv2DMatMul"] is invalid.
 - While Validating GetBindGroupLayout (0) on [Invalid ComputePipeline "Conv2DMatMul"]

[23.6s] error: An uncaught WebGPU validation error was raised: [Invalid BindGroupLayout (unlabeled)] is invalid.
 - While validating [BindGroupDescriptor ""Conv2DMatMul""] against [Invalid BindGroupLayout (unlabeled)]
 - While calling [Device].CreateBindGroup([BindGroupDescriptor ""Conv2DMatMul""]).

[23.6s] error: An uncaught WebGPU validation error was raised: [Invalid ComputePipeline "Conv2DMatMul"] is invalid.
 - While Validating GetBindGroupLayout (0) on [Invalid ComputePipeline "Conv2DMatMul"]

[23.6s] error: An uncaught WebGPU validation error was raised: [Invalid BindGroupLayout (unlabeled)] is invalid.
 - While validating [BindGroupDescriptor ""Conv2DMatMul""] against [Invalid BindGroupLayout (unlabeled)]
 - While calling [Device].CreateBindGroup([BindGroupDescriptor ""Conv2DMatMul""]).

[23.6s] error: An uncaught WebGPU validation error was raised: [Invalid ComputePipeline "Conv2DMatMul"] is invalid.
 - While Validating GetBindGroupLayout (0) on [Invalid ComputePipeline "Conv2DMatMul"]

[23.6s] error: An uncaught WebGPU validation error was raised: [Invalid BindGroupLayout (unlabeled)] is invalid.
 - While validating [BindGroupDescriptor ""Conv2DMatMul""] against [Invalid BindGroupLayout (unlabeled)]
 - While calling [Device].CreateBindGroup([BindGroupDescriptor ""Conv2DMatMul""]).

[23.6s] error: An uncaught WebGPU validation error was raised: [Invalid ComputePipeline "Add"] is invalid.
 - While Validating GetBindGroupLayout (0) on [Invalid ComputePipeline "Add"]

[23.6s] error: An uncaught WebGPU validation error was raised: [Invalid BindGroupLayout (unlabeled)] is invalid.
 - While validating [BindGroupDescriptor ""Add""] against [Invalid BindGroupLayout (unlabeled)]
 - While calling [Device].CreateBindGroup([BindGroupDescriptor ""Add""]).

[23.6s] error: An uncaught WebGPU validation error was raised: [Invalid ComputePipeline "Relu"] is invalid.
 - While Validating GetBindGroupLayout (0) on [Invalid ComputePipeline "Relu"]

[23.6s] error: An uncaught WebGPU validation error was raised: [Invalid BindGroupLayout (unlabeled)] is invalid.
 - While validating [BindGroupDescriptor ""Relu""] against [Invalid BindGroupLayout (unlabeled)]
 - While calling [Device].CreateBindGroup([BindGroupDescriptor ""Relu""]).

[23.6s] error: An uncaught WebGPU validation error was raised: [Invalid ComputePipeline "Conv2DMatMul"] is invalid.
 - While Validating GetBindGroupLayout (0) on [Invalid ComputePipeline "Conv2DMatMul"]

[23.6s] error: An uncaught WebGPU validation error was raised: [Invalid BindGroupLayout (unlabeled)] is invalid.
 - While validating [BindGroupDescriptor ""Conv2DMatMul""] against [Invalid BindGroupLayout (unlabeled)]
 - While calling [Device].CreateBindGroup([BindGroupDescriptor ""Conv2DMatMul""]).

[23.6s] error: An uncaught WebGPU validation error was raised: [Invalid ComputePipeline "Conv2DMatMul"] is invalid.
 - While Validating GetBindGroupLayout (0) on [Invalid ComputePipeline "Conv2DMatMul"]

[23.6s] error: An uncaught WebGPU validation error was raised: [Invalid BindGroupLayout (unlabeled)] is invalid.
 - While validating [BindGroupDescriptor ""Conv2DMatMul""] against [Invalid BindGroupLayout (unlabeled)]
 - While calling [Device].CreateBindGroup([BindGroupDescriptor ""Conv2DMatMul""]).

[23.6s] error: An uncaught WebGPU validation error was raised: [Invalid ComputePipeline "Conv2DMatMul"] is invalid.
 - While encoding [ComputePassEncoder (unlabeled)].SetPipeline([Invalid ComputePipeline "Conv2DMatMul"]).
 - While finishing [CommandEncoder (unlabeled)].

[23.6s] error: An uncaught WebGPU validation error was raised: [Invalid CommandBuffer] is invalid.
 - While calling [Queue].Submit([[Invalid CommandBuffer]])

[23.6s] error: An uncaught WebGPU validation error was raised: [Invalid ComputePipeline "Add"] is invalid.
 - While Validating GetBindGroupLayout (0) on [Invalid ComputePipeline "Add"]

[23.6s] error: An uncaught WebGPU validation error was raised: [Invalid BindGroupLayout (unlabeled)] is invalid.
 - While validating [BindGroupDescriptor ""Add""] against [Invalid BindGroupLayout (unlabeled)]
 - While calling [Device].CreateBindGroup([BindGroupDescriptor ""Add""]).

[23.6s] error: An uncaught WebGPU validation error was raised: [Invalid ComputePipeline "Relu"] is invalid.
 - While Validating GetBindGroupLayout (0) on [Invalid ComputePipeline "Relu"]

[23.6s] error: An uncaught WebGPU validation error was raised: [Invalid BindGroupLayout (unlabeled)] is invalid.
 - While validating [BindGroupDescriptor ""Relu""] against [Invalid BindGroupLayout (unlabeled)]
 - While calling [Device].CreateBindGroup([BindGroupDescriptor ""Relu""]).

[23.6s] error: An uncaught WebGPU validation error was raised: [Invalid ComputePipeline "Transpose"] is invalid.
 - While Validating GetBindGroupLayout (0) on [Invalid ComputePipeline "Transpose"]

[23.6s] error: An uncaught WebGPU validation error was raised: [Invalid BindGroupLayout (unlabeled)] is invalid.
 - While validating [BindGroupDescriptor ""Transpose""] against [Invalid BindGroupLayout (unlabeled)]
 - While calling [Device].CreateBindGroup([BindGroupDescriptor ""Transpose""]).

[23.6s] error: An uncaught WebGPU validation error was raised: [Invalid ComputePipeline "Conv2DMatMul"] is invalid.
 - While Validating GetBindGroupLayout (0) on [Invalid ComputePipeline "Conv2DMatMul"]

[23.6s] error: An uncaught WebGPU validation error was raised: [Invalid BindGroupLayout (unlabeled)] is invalid.
 - While validating [BindGroupDescriptor ""Conv2DMatMul""] against [Invalid BindGroupLayout (unlabeled)]
 - While calling [Device].CreateBindGroup([BindGroupDescriptor ""Conv2DMatMul""]).

[23.6s] error: An uncaught WebGPU validation error was raised: [Invalid ComputePipeline "Conv2DMatMul"] is invalid.
 - While Validating GetBindGroupLayout (0) on [Invalid ComputePipeline "Conv2DMatMul"]

[23.6s] error: An uncaught WebGPU validation error was raised: [Invalid BindGroupLayout (unlabeled)] is invalid.
 - While validating [BindGroupDescriptor ""Conv2DMatMul""] against [Invalid BindGroupLayout (unlabeled)]
 - While calling [Device].CreateBindGroup([BindGroupDescriptor ""Conv2DMatMul""]).

[23.6s] error: An uncaught WebGPU validation error was raised: [Invalid ComputePipeline "Conv2DMatMul"] is invalid.
 - While Validating GetBindGroupLayout (0) on [Invalid ComputePipeline "Conv2DMatMul"]

[23.6s] error: An uncaught WebGPU validation error was raised: [Invalid BindGroupLayout (unlabeled)] is invalid.
 - While validating [BindGroupDescriptor ""Conv2DMatMul""] against [Invalid BindGroupLayout (unlabeled)]
 - While calling [Device].CreateBindGroup([BindGroupDescriptor ""Conv2DMatMul""]).

[23.6s] error: An uncaught WebGPU validation error was raised: [Invalid ComputePipeline "Add"] is invalid.
 - While Validating GetBindGroupLayout (0) on [Invalid ComputePipeline "Add"]

[23.6s] error: An uncaught WebGPU validation error was raised: [Invalid BindGroupLayout (unlabeled)] is invalid.
 - While validating [BindGroupDescriptor ""Add""] against [Invalid BindGroupLayout (unlabeled)]
 - While calling [Device].CreateBindGroup([BindGroupDescriptor ""Add""]).

[23.6s] error: An uncaught WebGPU validation error was raised: [Invalid ComputePipeline "Relu"] is invalid.
 - While Validating GetBindGroupLayout (0) on [Invalid ComputePipeline "Relu"]

[23.6s] error: An uncaught WebGPU validation error was raised: [Invalid BindGroupLayout (unlabeled)] is invalid.
 - While validating [BindGroupDescriptor ""Relu""] against [Invalid BindGroupLayout (unlabeled)]
 - While calling [Device].CreateBindGroup([BindGroupDescriptor ""Relu""]).

[23.6s] error: An uncaught WebGPU validation error was raised: [Invalid ComputePipeline "Conv2DMatMul"] is invalid.
 - While Validating GetBindGroupLayout (0) on [Invalid ComputePipeline "Conv2DMatMul"]

[23.6s] error: An uncaught WebGPU validation error was raised: [Invalid BindGroupLayout (unlabeled)] is invalid.
 - While validating [BindGroupDescriptor ""Conv2DMatMul""] against [Invalid BindGroupLayout (unlabeled)]
 - While calling [Device].CreateBindGroup([BindGroupDescriptor ""Conv2DMatMul""]).

[23.6s] error: An uncaught WebGPU validation error was raised: [Invalid ComputePipeline "Conv2DMatMul"] is invalid.
 - While Validating GetBindGroupLayout (0) on [Invalid ComputePipeline "Conv2DMatMul"]

[23.6s] error: An uncaught WebGPU validation error was raised: [Invalid BindGroupLayout (unlabeled)] is invalid.
 - While validating [BindGroupDescriptor ""Conv2DMatMul""] against [Invalid BindGroupLayout (unlabeled)]
 - While calling [Device].CreateBindGroup([BindGroupDescriptor ""Conv2DMatMul""]).

[23.6s] error: An uncaught WebGPU validation error was raised: [Invalid ComputePipeline "Add"] is invalid.
 - While Validating GetBindGroupLayout (0) on [Invalid ComputePipeline "Add"]

[23.6s] error: An uncaught WebGPU validation error was raised: [Invalid BindGroupLayout (unlabeled)] is invalid.
 - While validating [BindGroupDescriptor ""Add""] against [Invalid BindGroupLayout (unlabeled)]
 - While calling [Device].CreateBindGroup([BindGroupDescriptor ""Add""]).

[23.6s] error: An uncaught WebGPU validation error was raised: [Invalid ComputePipeline "Relu"] is invalid.
 - While Validating GetBindGroupLayout (0) on [Invalid ComputePipeline "Relu"]

[23.6s] error: An uncaught WebGPU validation error was raised: [Invalid BindGroupLayout (unlabeled)] is invalid.
 - While validating [BindGroupDescriptor ""Relu""] against [Invalid BindGroupLayout (unlabeled)]
 - While calling [Device].CreateBindGroup([BindGroupDescriptor ""Relu""]).

[23.6s] error: An uncaught WebGPU validation error was raised: [Invalid ComputePipeline "Cast"] is invalid.
 - While Validating GetBindGroupLayout (0) on [Invalid ComputePipeline "Cast"]

[23.6s] error: An uncaught WebGPU validation error was raised: [Invalid BindGroupLayout (unlabeled)] is invalid.
 - While validating [BindGroupDescriptor ""Cast""] against [Invalid BindGroupLayout (unlabeled)]
 - While calling [Device].CreateBindGroup([BindGroupDescriptor ""Cast""]).

[23.6s] error: An uncaught WebGPU validation error was raised: [Invalid ComputePipeline "Cast"] is invalid.
 - While Validating GetBindGroupLayout (0) on [Invalid ComputePipeline "Cast"]

[23.6s] error: An uncaught WebGPU validation error was raised: [Invalid BindGroupLayout (unlabeled)] is invalid.
 - While validating [BindGroupDescriptor ""Cast""] against [Invalid BindGroupLayout (unlabeled)]
 - While calling [Device].CreateBindGroup([BindGroupDescriptor ""Cast""]).

[23.6s] error: An uncaught WebGPU validation error was raised: [Invalid ComputePipeline "Add"] is invalid.
 - While encoding [ComputePassEncoder (unlabeled)].SetPipeline([Invalid ComputePipeline "Add"]).
 - While finishing [CommandEncoder (unlabeled)].

[23.6s] error: An uncaught WebGPU validation error was raised: [Invalid CommandBuffer] is invalid.
 - While calling [Queue].Submit([[Invalid CommandBuffer]])

[23.6s] error: An uncaught WebGPU validation error was raised: [Invalid ComputePipeline "Concat"] is invalid.
 - While Validating GetBindGroupLayout (0) on [Invalid ComputePipeline "Concat"]

[23.6s] error: An uncaught WebGPU validation error was raised: [Invalid BindGroupLayout (unlabeled)] is invalid.
 - While validating [BindGroupDescriptor ""Concat""] against [Invalid BindGroupLayout (unlabeled)]
 - While calling [Device].CreateBindGroup([BindGroupDescriptor ""Concat""]).

[23.6s] error: An uncaught WebGPU validation error was raised: [Invalid ComputePipeline "Transpose"] is invalid.
 - While Validating GetBindGroupLayout (0) on [Invalid ComputePipeline "Transpose"]

[23.6s] error: An uncaught WebGPU validation error was raised: [Invalid BindGroupLayout (unlabeled)] is invalid.
 - While validating [BindGroupDescriptor ""Transpose""] against [Invalid BindGroupLayout (unlabeled)]
 - While calling [Device].CreateBindGroup([BindGroupDescriptor ""Transpose""]).

[23.6s] error: An uncaught WebGPU validation error was raised: [Invalid ComputePipeline "Conv2DMatMul"] is invalid.
 - While Validating GetBindGroupLayout (0) on [Invalid ComputePipeline "Conv2DMatMul"]

[23.6s] error: An uncaught WebGPU validation error was raised: [Invalid BindGroupLayout (unlabeled)] is invalid.
 - While validating [BindGroupDescriptor ""Conv2DMatMul""] against [Invalid BindGroupLayout (unlabeled)]
 - While calling [Device].CreateBindGroup([BindGroupDescriptor ""Conv2DMatMul""]).

[23.6s] error: An uncaught WebGPU validation error was raised: [Invalid ComputePipeline "Conv2DMatMul"] is invalid.
 - While Validating GetBindGroupLayout (0) on [Invalid ComputePipeline "Conv2DMatMul"]

[23.6s] error: An uncaught WebGPU validation error was raised: [Invalid BindGroupLayout (unlabeled)] is invalid.
 - While validating [BindGroupDescriptor ""Conv2DMatMul""] against [Invalid BindGroupLayout (unlabeled)]
 - While calling [Device].CreateBindGroup([BindGroupDescriptor ""Conv2DMatMul""]).

[23.6s] error: An uncaught WebGPU validation error was raised: [Invalid ComputePipeline "Cast"] is invalid.
 - While Validating GetBindGroupLayout (0) on [Invalid ComputePipeline "Cast"]

[23.6s] error: An uncaught WebGPU validation error was raised: [Invalid BindGroupLayout (unlabeled)] is invalid.
 - While validating [BindGroupDescriptor ""Cast""] against [Invalid BindGroupLayout (unlabeled)]
 - While calling [Device].CreateBindGroup([BindGroupDescriptor ""Cast""]).

[23.6s] error: An uncaught WebGPU validation error was raised: [Invalid ComputePipeline "Cast"] is invalid.
 - While Validating GetBindGroupLayout (0) on [Invalid ComputePipeline "Cast"]

[23.6s] error: An uncaught WebGPU validation error was raised: [Invalid BindGroupLayout (unlabeled)] is invalid.
 - While validating [BindGroupDescriptor ""Cast""] against [Invalid BindGroupLayout (unlabeled)]
 - While calling [Device].CreateBindGroup([BindGroupDescriptor ""Cast""]).

[23.6s] error: An uncaught WebGPU validation error was raised: [Invalid ComputePipeline "Concat"] is invalid.
 - While Validating GetBindGroupLayout (0) on [Invalid ComputePipeline "Concat"]

[23.6s] error: An uncaught WebGPU validation error was raised: [Invalid BindGroupLayout (unlabeled)] is invalid.
 - While validating [BindGroupDescriptor ""Concat""] against [Invalid BindGroupLayout (unlabeled)]
 - While calling [Device].CreateBindGroup([BindGroupDescriptor ""Concat""]).

[23.6s] error: An uncaught WebGPU validation error was raised: [Invalid ComputePipeline "Transpose"] is invalid.
 - While Validating GetBindGroupLayout (0) on [Invalid ComputePipeline "Transpose"]

[23.6s] error: An uncaught WebGPU validation error was raised: [Invalid BindGroupLayout (unlabeled)] is invalid.
 - While validating [BindGroupDescriptor ""Transpose""] against [Invalid BindGroupLayout (unlabeled)]
 - While calling [Device].CreateBindGroup([BindGroupDescriptor ""Transpose""]).

[23.6s] error: An uncaught WebGPU validation error was raised: [Invalid ComputePipeline "Conv2DMatMul"] is invalid.
 - While Validating GetBindGroupLayout (0) on [Invalid ComputePipeline "Conv2DMatMul"]

[23.6s] error: An uncaught WebGPU validation error was raised: [Invalid BindGroupLayout (unlabeled)] is invalid.
 - While validating [BindGroupDescriptor ""Conv2DMatMul""] against [Invalid BindGroupLayout (unlabeled)]
 - While calling [Device].CreateBindGroup([BindGroupDescriptor ""Conv2DMatMul""]).

[23.6s] error: An uncaught WebGPU validation error was raised: [Invalid ComputePipeline "Conv2DMatMul"] is invalid.
 - While Validating GetBindGroupLayout (0) on [Invalid ComputePipeline "Conv2DMatMul"]

[23.6s] error: An uncaught WebGPU validation error was raised: [Invalid BindGroupLayout (unlabeled)] is invalid.
 - While validating [BindGroupDescriptor ""Conv2DMatMul""] against [Invalid BindGroupLayout (unlabeled)]
 - While calling [Device].CreateBindGroup([BindGroupDescriptor ""Conv2DMatMul""]).

[23.6s] error: An uncaught WebGPU validation error was raised: [Invalid ComputePipeline "Cast"] is invalid.
 - While Validating GetBindGroupLayout (0) on [Invalid ComputePipeline "Cast"]

[23.6s] error: An uncaught WebGPU validation error was raised: [Invalid BindGroupLayout (unlabeled)] is invalid.
 - While validating [BindGroupDescriptor ""Cast""] against [Invalid BindGroupLayout (unlabeled)]
 - While calling [Device].CreateBindGroup([BindGroupDescriptor ""Cast""]).

[23.6s] error: An uncaught WebGPU validation error was raised: [Invalid ComputePipeline "Cast"] is invalid.
 - While Validating GetBindGroupLayout (0) on [Invalid ComputePipeline "Cast"]

[23.6s] error: An uncaught WebGPU validation error was raised: [Invalid BindGroupLayout (unlabeled)] is invalid.
 - While validating [BindGroupDescriptor ""Cast""] against [Invalid BindGroupLayout (unlabeled)]
 - While calling [Device].CreateBindGroup([BindGroupDescriptor ""Cast""]).

[23.6s] error: An uncaught WebGPU validation error was raised: [Invalid ComputePipeline "Concat"] is invalid.
 - While encoding [ComputePassEncoder (unlabeled)].SetPipeline([Invalid ComputePipeline "Concat"]).
 - While finishing [CommandEncoder (unlabeled)].

[23.6s] error: An uncaught WebGPU validation error was raised: [Invalid CommandBuffer] is invalid.
 - While calling [Queue].Submit([[Invalid CommandBuffer]])

[23.6s] error: An uncaught WebGPU validation error was raised: [Invalid ComputePipeline "Concat"] is invalid.
 - While Validating GetBindGroupLayout (0) on [Invalid ComputePipeline "Concat"]

[23.6s] error: An uncaught WebGPU validation error was raised: [Invalid BindGroupLayout (unlabeled)] is invalid.
 - While validating [BindGroupDescriptor ""Concat""] against [Invalid BindGroupLayout (unlabeled)]
 - While calling [Device].CreateBindGroup([BindGroupDescriptor ""Concat""]).

[23.6s] error: An uncaught WebGPU validation error was raised: [Invalid ComputePipeline "Transpose"] is invalid.
 - While Validating GetBindGroupLayout (0) on [Invalid ComputePipeline "Transpose"]

[23.6s] error: An uncaught WebGPU validation error was raised: [Invalid BindGroupLayout (unlabeled)] is invalid.
 - While validating [BindGroupDescriptor ""Transpose""] against [Invalid BindGroupLayout (unlabeled)]
 - While calling [Device].CreateBindGroup([BindGroupDescriptor ""Transpose""]).

[23.6s] error: An uncaught WebGPU validation error was raised: [Invalid ComputePipeline "Conv2DMatMul"] is invalid.
 - While Validating GetBindGroupLayout (0) on [Invalid ComputePipeline "Conv2DMatMul"]

[23.6s] error: An uncaught WebGPU validation error was raised: [Invalid BindGroupLayout (unlabeled)] is invalid.
 - While validating [BindGroupDescriptor ""Conv2DMatMul""] against [Invalid BindGroupLayout (unlabeled)]
 - While calling [Device].CreateBindGroup([BindGroupDescriptor ""Conv2DMatMul""]).

[23.6s] error: An uncaught WebGPU validation error was raised: [Invalid ComputePipeline "Conv2DMatMul"] is invalid.
 - While Validating GetBindGroupLayout (0) on [Invalid ComputePipeline "Conv2DMatMul"]

[23.6s] error: An uncaught WebGPU validation error was raised: [Invalid BindGroupLayout (unlabeled)] is invalid.
 - While validating [BindGroupDescriptor ""Conv2DMatMul""] against [Invalid BindGroupLayout (unlabeled)]
 - While calling [Device].CreateBindGroup([BindGroupDescriptor ""Conv2DMatMul""]).

[23.6s] error: An uncaught WebGPU validation error was raised: [Invalid ComputePipeline "Cast"] is invalid.
 - While Validating GetBindGroupLayout (0) on [Invalid ComputePipeline "Cast"]

[23.6s] error: An uncaught WebGPU validation error was raised: [Invalid BindGroupLayout (unlabeled)] is invalid.
 - While validating [BindGroupDescriptor ""Cast""] against [Invalid BindGroupLayout (unlabeled)]
 - While calling [Device].CreateBindGroup([BindGroupDescriptor ""Cast""]).

[23.6s] error: An uncaught WebGPU validation error was raised: [Invalid ComputePipeline "Cast"] is invalid.
 - While Validating GetBindGroupLayout (0) on [Invalid ComputePipeline "Cast"]

[23.6s] error: An uncaught WebGPU validation error was raised: [Invalid BindGroupLayout (unlabeled)] is invalid.
 - While validating [BindGroupDescriptor ""Cast""] against [Invalid BindGroupLayout (unlabeled)]
 - While calling [Device].CreateBindGroup([BindGroupDescriptor ""Cast""]).

[23.6s] error: An uncaught WebGPU validation error was raised: [Invalid ComputePipeline "Concat"] is invalid.
 - While Validating GetBindGroupLayout (0) on [Invalid ComputePipeline "Concat"]

[23.6s] error: An uncaught WebGPU validation error was raised: [Invalid BindGroupLayout (unlabeled)] is invalid.
 - While validating [BindGroupDescriptor ""Concat""] against [Invalid BindGroupLayout (unlabeled)]
 - While calling [Device].CreateBindGroup([BindGroupDescriptor ""Concat""]).

[23.6s] error: An uncaught WebGPU validation error was raised: [Invalid ComputePipeline "Transpose"] is invalid.
 - While Validating GetBindGroupLayout (0) on [Invalid ComputePipeline "Transpose"]

[23.6s] error: An uncaught WebGPU validation error was raised: [Invalid BindGroupLayout (unlabeled)] is invalid.
 - While validating [BindGroupDescriptor ""Transpose""] against [Invalid BindGroupLayout (unlabeled)]
 - While calling [Device].CreateBindGroup([BindGroupDescriptor ""Transpose""]).

[23.6s] error: An uncaught WebGPU validation error was raised: [Invalid ComputePipeline "Conv2DMatMul"] is invalid.
 - While Validating GetBindGroupLayout (0) on [Invalid ComputePipeline "Conv2DMatMul"]

[23.6s] error: An uncaught WebGPU validation error was raised: [Invalid BindGroupLayout (unlabeled)] is invalid.
 - While validating [BindGroupDescriptor ""Conv2DMatMul""] against [Invalid BindGroupLayout (unlabeled)]
 - While calling [Device].CreateBindGroup([BindGroupDescriptor ""Conv2DMatMul""]).

[23.6s] error: An uncaught WebGPU validation error was raised: [Invalid ComputePipeline "Conv2DMatMul"] is invalid.
 - While Validating GetBindGroupLayout (0) on [Invalid ComputePipeline "Conv2DMatMul"]

[23.6s] error: An uncaught WebGPU validation error was raised: [Invalid BindGroupLayout (unlabeled)] is invalid.
 - While validating [BindGroupDescriptor ""Conv2DMatMul""] against [Invalid BindGroupLayout (unlabeled)]
 - While calling [Device].CreateBindGroup([BindGroupDescriptor ""Conv2DMatMul""]).

[23.6s] error: An uncaught WebGPU validation error was raised: [Invalid ComputePipeline "Cast"] is invalid.
 - While Validating GetBindGroupLayout (0) on [Invalid ComputePipeline "Cast"]

[23.6s] error: An uncaught WebGPU validation error was raised: [Invalid BindGroupLayout (unlabeled)] is invalid.
 - While validating [BindGroupDescriptor ""Cast""] against [Invalid BindGroupLayout (unlabeled)]
 - While calling [Device].CreateBindGroup([BindGroupDescriptor ""Cast""]).

[23.6s] error: An uncaught WebGPU validation error was raised: [Invalid ComputePipeline "Cast"] is invalid.
 - While Validating GetBindGroupLayout (0) on [Invalid ComputePipeline "Cast"]

[23.6s] error: An uncaught WebGPU validation error was raised: [Invalid BindGroupLayout (unlabeled)] is invalid.
 - While validating [BindGroupDescriptor ""Cast""] against [Invalid BindGroupLayout (unlabeled)]
 - While calling [Device].CreateBindGroup([BindGroupDescriptor ""Cast""]).

[23.6s] error: An uncaught WebGPU validation error was raised: [Invalid ComputePipeline "Concat"] is invalid.
 - While encoding [ComputePassEncoder (unlabeled)].SetPipeline([Invalid ComputePipeline "Concat"]).
 - While finishing [CommandEncoder (unlabeled)].

[23.6s] error: An uncaught WebGPU validation error was raised: [Invalid CommandBuffer] is invalid.
 - While calling [Queue].Submit([[Invalid CommandBuffer]])

[23.6s] error: An uncaught WebGPU validation error was raised: [Invalid ComputePipeline "Transpose"] is invalid.
 - While Validating GetBindGroupLayout (0) on [Invalid ComputePipeline "Transpose"]

[23.6s] error: An uncaught WebGPU validation error was raised: [Invalid BindGroupLayout (unlabeled)] is invalid.
 - While validating [BindGroupDescriptor ""Transpose""] against [Invalid BindGroupLayout (unlabeled)]
 - While calling [Device].CreateBindGroup([BindGroupDescriptor ""Transpose""]).

[23.6s] error: An uncaught WebGPU validation error was raised: [Invalid ComputePipeline "Conv2DMatMul"] is invalid.
 - While Validating GetBindGroupLayout (0) on [Invalid ComputePipeline "Conv2DMatMul"]

[23.6s] error: An uncaught WebGPU validation error was raised: [Invalid BindGroupLayout (unlabeled)] is invalid.
 - While validating [BindGroupDescriptor ""Conv2DMatMul""] against [Invalid BindGroupLayout (unlabeled)]
 - While calling [Device].CreateBindGroup([BindGroupDescriptor ""Conv2DMatMul""]).

[23.6s] error: An uncaught WebGPU validation error was raised: [Invalid ComputePipeline "Conv2DMatMul"] is invalid.
 - While Validating GetBindGroupLayout (0) on [Invalid ComputePipeline "Conv2DMatMul"]

[23.6s] error: An uncaught WebGPU validation error was raised: [Invalid BindGroupLayout (unlabeled)] is invalid.
 - While validating [BindGroupDescriptor ""Conv2DMatMul""] against [Invalid BindGroupLayout (unlabeled)]
 - While calling [Device].CreateBindGroup([BindGroupDescriptor ""Conv2DMatMul""]).

[23.6s] error: An uncaught WebGPU validation error was raised: [Invalid ComputePipeline "Conv2DMatMul"] is invalid.
 - While Validating GetBindGroupLayout (0) on [Invalid ComputePipeline "Conv2DMatMul"]

[23.6s] error: An uncaught WebGPU validation error was raised: [Invalid BindGroupLayout (unlabeled)] is invalid.
 - While validating [BindGroupDescriptor ""Conv2DMatMul""] against [Invalid BindGroupLayout (unlabeled)]
 - While calling [Device].CreateBindGroup([BindGroupDescriptor ""Conv2DMatMul""]).

[23.6s] error: An uncaught WebGPU validation error was raised: [Invalid ComputePipeline "Transpose"] is invalid.
 - While Validating GetBindGroupLayout (0) on [Invalid ComputePipeline "Transpose"]

[23.6s] error: An uncaught WebGPU validation error was raised: [Invalid BindGroupLayout (unlabeled)] is invalid.
 - While validating [BindGroupDescriptor ""Transpose""] against [Invalid BindGroupLayout (unlabeled)]
 - While calling [Device].CreateBindGroup([BindGroupDescriptor ""Transpose""]).

[23.6s] error: An uncaught WebGPU validation error was raised: [Invalid ComputePipeline "Transpose"] is invalid.
 - While encoding [ComputePassEncoder (unlabeled)].SetPipeline([Invalid ComputePipeline "Transpose"]).
 - While finishing [CommandEncoder (unlabeled)].

[23.6s] error: An uncaught WebGPU validation error was raised: [Invalid CommandBuffer] is invalid.
 - While calling [Queue].Submit([[Invalid CommandBuffer]])

[23.7s] error: An uncaught WebGPU validation error was raised: [Invalid ComputePipeline "Sub"] is invalid.
 - While Validating GetBindGroupLayout (0) on [Invalid ComputePipeline "Sub"]

[23.7s] error: An uncaught WebGPU validation error was raised: [Invalid BindGroupLayout (unlabeled)] is invalid.
 - While validating [BindGroupDescriptor ""Sub""] against [Invalid BindGroupLayout (unlabeled)]
 - While calling [Device].CreateBindGroup([BindGroupDescriptor ""Sub""]).

[23.7s] error: An uncaught WebGPU validation error was raised: [Invalid ComputePipeline "Div"] is invalid.
 - While Validating GetBindGroupLayout (0) on [Invalid ComputePipeline "Div"]

[23.7s] error: An uncaught WebGPU validation error was raised: [Invalid BindGroupLayout (unlabeled)] is invalid.
 - While validating [BindGroupDescriptor ""Div""] against [Invalid BindGroupLayout (unlabeled)]
 - While calling [Device].CreateBindGroup([BindGroupDescriptor ""Div""]).

[23.7s] error: An uncaught WebGPU validation error was raised: [Invalid ComputePipeline "Transpose"] is invalid.
 - While Validating GetBindGroupLayout (0) on [Invalid ComputePipeline "Transpose"]

[23.7s] error: An uncaught WebGPU validation error was raised: [Invalid BindGroupLayout (unlabeled)] is invalid.
 - While validating [BindGroupDescriptor ""Transpose""] against [Invalid BindGroupLayout (unlabeled)]
 - While calling [Device].CreateBindGroup([BindGroupDescriptor ""Transpose""]).

[23.7s] error: An uncaught WebGPU validation error was raised: [Invalid ComputePipeline "Conv2DMatMul"] is invalid.
 - While Validating GetBindGroupLayout (0) on [Invalid ComputePipeline "Conv2DMatMul"]

[23.7s] error: An uncaught WebGPU validation error was raised: [Invalid BindGroupLayout (unlabeled)] is invalid.
 - While validating [BindGroupDescriptor ""Conv2DMatMul""] against [Invalid BindGroupLayout (unlabeled)]
 - While calling [Device].CreateBindGroup([BindGroupDescriptor ""Conv2DMatMul""]).

[23.7s] error: An uncaught WebGPU validation error was raised: [Invalid ComputePipeline "Transpose"] is invalid.
 - While Validating GetBindGroupLayout (0) on [Invalid ComputePipeline "Transpose"]

[23.7s] error: An uncaught WebGPU validation error was raised: [Invalid BindGroupLayout (unlabeled)] is invalid.
 - While validating [BindGroupDescriptor ""Transpose""] against [Invalid BindGroupLayout (unlabeled)]
 - While calling [Device].CreateBindGroup([BindGroupDescriptor ""Transpose""]).

[23.7s] error: An uncaught WebGPU validation error was raised: [Invalid ComputePipeline "MaxPool"] is invalid.
 - While Validating GetBindGroupLayout (0) on [Invalid ComputePipeline "MaxPool"]

[23.7s] error: An uncaught WebGPU validation error was raised: [Invalid BindGroupLayout (unlabeled)] is invalid.
 - While validating [BindGroupDescriptor ""MaxPool""] against [Invalid BindGroupLayout (unlabeled)]
 - While calling [Device].CreateBindGroup([BindGroupDescriptor ""MaxPool""]).

[23.7s] error: An uncaught WebGPU validation error was raised: [Invalid ComputePipeline "Conv2DMatMul"] is invalid.
 - While Validating GetBindGroupLayout (0) on [Invalid ComputePipeline "Conv2DMatMul"]

[23.7s] error: An uncaught WebGPU validation error was raised: [Invalid BindGroupLayout (unlabeled)] is invalid.
 - While validating [BindGroupDescriptor ""Conv2DMatMul""] against [Invalid BindGroupLayout (unlabeled)]
 - While calling [Device].CreateBindGroup([BindGroupDescriptor ""Conv2DMatMul""]).

[23.8s] error: An uncaught WebGPU validation error was raised: [Invalid ComputePipeline "Conv2DMatMul"] is invalid.
 - While Validating GetBindGroupLayout (0) on [Invalid ComputePipeline "Conv2DMatMul"]

[23.8s] error: An uncaught WebGPU validation error was raised: [Invalid BindGroupLayout (unlabeled)] is invalid.
 - While validating [BindGroupDescriptor ""Conv2DMatMul""] against [Invalid BindGroupLayout (unlabeled)]
 - While calling [Device].CreateBindGroup([BindGroupDescriptor ""Conv2DMatMul""]).

[23.8s] error: An uncaught WebGPU validation error was raised: [Invalid ComputePipeline "Add"] is invalid.
 - While Validating GetBindGroupLayout (0) on [Invalid ComputePipeline "Add"]

[23.8s] error: An uncaught WebGPU validation error was raised: [Invalid BindGroupLayout (unlabeled)] is invalid.
 - While validating [BindGroupDescriptor ""Add""] against [Invalid BindGroupLayout (unlabeled)]
 - While calling [Device].CreateBindGroup([BindGroupDescriptor ""Add""]).

[23.8s] error: An uncaught WebGPU validation error was raised: [Invalid ComputePipeline "Relu"] is invalid.
 - While Validating GetBindGroupLayout (0) on [Invalid ComputePipeline "Relu"]

[23.8s] error: An uncaught WebGPU validation error was raised: [Invalid BindGroupLayout (unlabeled)] is invalid.
 - While validating [BindGroupDescriptor ""Relu""] against [Invalid BindGroupLayout (unlabeled)]
 - While calling [Device].CreateBindGroup([BindGroupDescriptor ""Relu""]).

[23.8s] error: An uncaught WebGPU validation error was raised: [Invalid ComputePipeline "Conv2DMatMul"] is invalid.
 - While Validating GetBindGroupLayout (0) on [Invalid ComputePipeline "Conv2DMatMul"]

[23.8s] error: An uncaught WebGPU validation error was raised: [Invalid BindGroupLayout (unlabeled)] is invalid.
 - While validating [BindGroupDescriptor ""Conv2DMatMul""] against [Invalid BindGroupLayout (unlabeled)]
 - While calling [Device].CreateBindGroup([BindGroupDescriptor ""Conv2DMatMul""]).

[23.8s] error: An uncaught WebGPU validation error was raised: [Invalid ComputePipeline "Conv2DMatMul"] is invalid.
 - While Validating GetBindGroupLayout (0) on [Invalid ComputePipeline "Conv2DMatMul"]

[23.8s] error: An uncaught WebGPU validation error was raised: [Invalid BindGroupLayout (unlabeled)] is invalid.
 - While validating [BindGroupDescriptor ""Conv2DMatMul""] against [Invalid BindGroupLayout (unlabeled)]
 - While calling [Device].CreateBindGroup([BindGroupDescriptor ""Conv2DMatMul""]).

[23.8s] error: An uncaught WebGPU validation error was raised: [Invalid ComputePipeline "Add"] is invalid.
 - While Validating GetBindGroupLayout (0) on [Invalid ComputePipeline "Add"]

[23.8s] error: An uncaught WebGPU validation error was raised: [Invalid BindGroupLayout (unlabeled)] is invalid.
 - While validating [BindGroupDescriptor ""Add""] against [Invalid BindGroupLayout (unlabeled)]
 - While calling [Device].CreateBindGroup([BindGroupDescriptor ""Add""]).

[23.8s] error: An uncaught WebGPU validation error was raised: [Invalid ComputePipeline "Relu"] is invalid.
 - While Validating GetBindGroupLayout (0) on [Invalid ComputePipeline "Relu"]

[23.8s] error: An uncaught WebGPU validation error was raised: [Invalid BindGroupLayout (unlabeled)] is invalid.
 - While validating [BindGroupDescriptor ""Relu""] against [Invalid BindGroupLayout (unlabeled)]
 - While calling [Device].CreateBindGroup([BindGroupDescriptor ""Relu""]).

[23.8s] error: An uncaught WebGPU validation error was raised: [Invalid ComputePipeline "Transpose"] is invalid.
 - While Validating GetBindGroupLayout (0) on [Invalid ComputePipeline "Transpose"]

[23.8s] error: An uncaught WebGPU validation error was raised: [Invalid BindGroupLayout (unlabeled)] is invalid.
 - While validating [BindGroupDescriptor ""Transpose""] against [Invalid BindGroupLayout (unlabeled)]
 - While calling [Device].CreateBindGroup([BindGroupDescriptor ""Transpose""]).

[23.8s] error: An uncaught WebGPU validation error was raised: [Invalid ComputePipeline "Conv2DMatMul"] is invalid.
 - While Validating GetBindGroupLayout (0) on [Invalid ComputePipeline "Conv2DMatMul"]

[23.8s] error: An uncaught WebGPU validation error was raised: [Invalid BindGroupLayout (unlabeled)] is invalid.
 - While validating [BindGroupDescriptor ""Conv2DMatMul""] against [Invalid BindGroupLayout (unlabeled)]
 - While calling [Device].CreateBindGroup([BindGroupDescriptor ""Conv2DMatMul""]).

[23.8s] error: An uncaught WebGPU validation error was raised: [Invalid ComputePipeline "Sub"] is invalid.
 - While encoding [ComputePassEncoder (unlabeled)].SetPipeline([Invalid ComputePipeline "Sub"]).
 - While finishing [CommandEncoder (unlabeled)].

[23.8s] error: An uncaught WebGPU validation error was raised: [Invalid CommandBuffer] is invalid.
 - While calling [Queue].Submit([[Invalid CommandBuffer]])

[23.8s] error: An uncaught WebGPU validation error was raised: [Invalid ComputePipeline "Conv2DMatMul"] is invalid.
 - While Validating GetBindGroupLayout (0) on [Invalid ComputePipeline "Conv2DMatMul"]

[23.8s] error: An uncaught WebGPU validation error was raised: [Invalid BindGroupLayout (unlabeled)] is invalid.
 - While validating [BindGroupDescriptor ""Conv2DMatMul""] against [Invalid BindGroupLayout (unlabeled)]
 - While calling [Device].CreateBindGroup([BindGroupDescriptor ""Conv2DMatMul""]).

[23.8s] error: An uncaught WebGPU validation error was raised: [Invalid ComputePipeline "Conv2DMatMul"] is invalid.
 - While Validating GetBindGroupLayout (0) on [Invalid ComputePipeline "Conv2DMatMul"]

[23.8s] error: An uncaught WebGPU validation error was raised: [Invalid BindGroupLayout (unlabeled)] is invalid.
 - While validating [BindGroupDescriptor ""Conv2DMatMul""] against [Invalid BindGroupLayout (unlabeled)]
 - While calling [Device].CreateBindGroup([BindGroupDescriptor ""Conv2DMatMul""]).

[23.8s] error: An uncaught WebGPU validation error was raised: [Invalid ComputePipeline "Add"] is invalid.
 - While Validating GetBindGroupLayout (0) on [Invalid ComputePipeline "Add"]

[23.8s] error: An uncaught WebGPU validation error was raised: [Invalid BindGroupLayout (unlabeled)] is invalid.
 - While validating [BindGroupDescriptor ""Add""] against [Invalid BindGroupLayout (unlabeled)]
 - While calling [Device].CreateBindGroup([BindGroupDescriptor ""Add""]).

[23.8s] error: An uncaught WebGPU validation error was raised: [Invalid ComputePipeline "Relu"] is invalid.
 - While Validating GetBindGroupLayout (0) on [Invalid ComputePipeline "Relu"]

[23.8s] error: An uncaught WebGPU validation error was raised: [Invalid BindGroupLayout (unlabeled)] is invalid.
 - While validating [BindGroupDescriptor ""Relu""] against [Invalid BindGroupLayout (unlabeled)]
 - While calling [Device].CreateBindGroup([BindGroupDescriptor ""Relu""]).

[23.8s] error: An uncaught WebGPU validation error was raised: [Invalid ComputePipeline "Conv2DMatMul"] is invalid.
 - While Validating GetBindGroupLayout (0) on [Invalid ComputePipeline "Conv2DMatMul"]

[23.8s] error: An uncaught WebGPU validation error was raised: [Invalid BindGroupLayout (unlabeled)] is invalid.
 - While validating [BindGroupDescriptor ""Conv2DMatMul""] against [Invalid BindGroupLayout (unlabeled)]
 - While calling [Device].CreateBindGroup([BindGroupDescriptor ""Conv2DMatMul""]).

[23.8s] error: An uncaught WebGPU validation error was raised: [Invalid ComputePipeline "Conv2DMatMul"] is invalid.
 - While Validating GetBindGroupLayout (0) on [Invalid ComputePipeline "Conv2DMatMul"]

[23.8s] error: An uncaught WebGPU validation error was raised: [Invalid BindGroupLayout (unlabeled)] is invalid.
 - While validating [BindGroupDescriptor ""Conv2DMatMul""] against [Invalid BindGroupLayout (unlabeled)]
 - While calling [Device].CreateBindGroup([BindGroupDescriptor ""Conv2DMatMul""]).

[23.8s] error: An uncaught WebGPU validation error was raised: [Invalid ComputePipeline "Add"] is invalid.
 - While Validating GetBindGroupLayout (0) on [Invalid ComputePipeline "Add"]

[23.8s] error: An uncaught WebGPU validation error was raised: [Invalid BindGroupLayout (unlabeled)] is invalid.
 - While validating [BindGroupDescriptor ""Add""] against [Invalid BindGroupLayout (unlabeled)]
 - While calling [Device].CreateBindGroup([BindGroupDescriptor ""Add""]).

[23.8s] error: An uncaught WebGPU validation error was raised: [Invalid ComputePipeline "Relu"] is invalid.
 - While Validating GetBindGroupLayout (0) on [Invalid ComputePipeline "Relu"]

[23.8s] error: An uncaught WebGPU validation error was raised: [Invalid BindGroupLayout (unlabeled)] is invalid.
 - While validating [BindGroupDescriptor ""Relu""] against [Invalid BindGroupLayout (unlabeled)]
 - While calling [Device].CreateBindGroup([BindGroupDescriptor ""Relu""]).

[23.8s] error: An uncaught WebGPU validation error was raised: [Invalid ComputePipeline "Transpose"] is invalid.
 - While Validating GetBindGroupLayout (0) on [Invalid ComputePipeline "Transpose"]

[23.8s] error: An uncaught WebGPU validation error was raised: [Invalid BindGroupLayout (unlabeled)] is invalid.
 - While validating [BindGroupDescriptor ""Transpose""] against [Invalid BindGroupLayout (unlabeled)]
 - While calling [Device].CreateBindGroup([BindGroupDescriptor ""Transpose""]).

[23.8s] error: An uncaught WebGPU validation error was raised: [Invalid ComputePipeline "Conv2DMatMul"] is invalid.
 - While Validating GetBindGroupLayout (0) on [Invalid ComputePipeline "Conv2DMatMul"]

[23.8s] error: An uncaught WebGPU validation error was raised: [Invalid BindGroupLayout (unlabeled)] is invalid.
 - While validating [BindGroupDescriptor ""Conv2DMatMul""] against [Invalid BindGroupLayout (unlabeled)]
 - While calling [Device].CreateBindGroup([BindGroupDescriptor ""Conv2DMatMul""]).

[23.8s] error: An uncaught WebGPU validation error was raised: [Invalid ComputePipeline "Conv2DMatMul"] is invalid.
 - While Validating GetBindGroupLayout (0) on [Invalid ComputePipeline "Conv2DMatMul"]

[23.8s] error: An uncaught WebGPU validation error was raised: [Invalid BindGroupLayout (unlabeled)] is invalid.
 - While validating [BindGroupDescriptor ""Conv2DMatMul""] against [Invalid BindGroupLayout (unlabeled)]
 - While calling [Device].CreateBindGroup([BindGroupDescriptor ""Conv2DMatMul""]).

[23.8s] error: An uncaught WebGPU validation error was raised: [Invalid ComputePipeline "Conv2DMatMul"] is invalid.
 - While Validating GetBindGroupLayout (0) on [Invalid ComputePipeline "Conv2DMatMul"]

[23.8s] error: An uncaught WebGPU validation error was raised: [Invalid BindGroupLayout (unlabeled)] is invalid.
 - While validating [BindGroupDescriptor ""Conv2DMatMul""] against [Invalid BindGroupLayout (unlabeled)]
 - While calling [Device].CreateBindGroup([BindGroupDescriptor ""Conv2DMatMul""]).

[23.8s] error: An uncaught WebGPU validation error was raised: [Invalid ComputePipeline "Add"] is invalid.
 - While Validating GetBindGroupLayout (0) on [Invalid ComputePipeline "Add"]

[23.8s] error: An uncaught WebGPU validation error was raised: [Invalid BindGroupLayout (unlabeled)] is invalid.
 - While validating [BindGroupDescriptor ""Add""] against [Invalid BindGroupLayout (unlabeled)]
 - While calling [Device].CreateBindGroup([BindGroupDescriptor ""Add""]).

[23.8s] error: An uncaught WebGPU validation error was raised: [Invalid ComputePipeline "Relu"] is invalid.
 - While Validating GetBindGroupLayout (0) on [Invalid ComputePipeline "Relu"]

[23.8s] error: An uncaught WebGPU validation error was raised: [Invalid BindGroupLayout (unlabeled)] is invalid.
 - While validating [BindGroupDescriptor ""Relu""] against [Invalid BindGroupLayout (unlabeled)]
 - While calling [Device].CreateBindGroup([BindGroupDescriptor ""Relu""]).

[23.8s] error: An uncaught WebGPU validation error was raised: [Invalid ComputePipeline "Conv2DMatMul"] is invalid.
 - While Validating GetBindGroupLayout (0) on [Invalid ComputePipeline "Conv2DMatMul"]

[23.8s] error: An uncaught WebGPU validation error was raised: [Invalid BindGroupLayout (unlabeled)] is invalid.
 - While validating [BindGroupDescriptor ""Conv2DMatMul""] against [Invalid BindGroupLayout (unlabeled)]
 - While calling [Device].CreateBindGroup([BindGroupDescriptor ""Conv2DMatMul""]).

[23.8s] error: An uncaught WebGPU validation error was raised: [Invalid ComputePipeline "Conv2DMatMul"] is invalid.
 - While Validating GetBindGroupLayout (0) on [Invalid ComputePipeline "Conv2DMatMul"]

[23.8s] error: An uncaught WebGPU validation error was raised: [Invalid BindGroupLayout (unlabeled)] is invalid.
 - While validating [BindGroupDescriptor ""Conv2DMatMul""] against [Invalid BindGroupLayout (unlabeled)]
 - While calling [Device].CreateBindGroup([BindGroupDescriptor ""Conv2DMatMul""]).

[23.8s] error: An uncaught WebGPU validation error was raised: [Invalid ComputePipeline "Conv2DMatMul"] is invalid.
 - While encoding [ComputePassEncoder (unlabeled)].SetPipeline([Invalid ComputePipeline "Conv2DMatMul"]).
 - While finishing [CommandEncoder (unlabeled)].

[23.8s] error: An uncaught WebGPU validation error was raised: [Invalid CommandBuffer] is invalid.
 - While calling [Queue].Submit([[Invalid CommandBuffer]])

[23.8s] error: An uncaught WebGPU validation error was raised: [Invalid ComputePipeline "Add"] is invalid.
 - While Validating GetBindGroupLayout (0) on [Invalid ComputePipeline "Add"]

[23.8s] error: An uncaught WebGPU validation error was raised: [Invalid BindGroupLayout (unlabeled)] is invalid.
 - While validating [BindGroupDescriptor ""Add""] against [Invalid BindGroupLayout (unlabeled)]
 - While calling [Device].CreateBindGroup([BindGroupDescriptor ""Add""]).

[23.8s] error: An uncaught WebGPU validation error was raised: [Invalid ComputePipeline "Relu"] is invalid.
 - While Validating GetBindGroupLayout (0) on [Invalid ComputePipeline "Relu"]

[23.8s] error: An uncaught WebGPU validation error was raised: [Invalid BindGroupLayout (unlabeled)] is invalid.
 - While validating [BindGroupDescriptor ""Relu""] against [Invalid BindGroupLayout (unlabeled)]
 - While calling [Device].CreateBindGroup([BindGroupDescriptor ""Relu""]).

[23.8s] error: An uncaught WebGPU validation error was raised: [Invalid ComputePipeline "Transpose"] is invalid.
 - While Validating GetBindGroupLayout (0) on [Invalid ComputePipeline "Transpose"]

[23.8s] error: An uncaught WebGPU validation error was raised: [Invalid BindGroupLayout (unlabeled)] is invalid.
 - While validating [BindGroupDescriptor ""Transpose""] against [Invalid BindGroupLayout (unlabeled)]
 - While calling [Device].CreateBindGroup([BindGroupDescriptor ""Transpose""]).

[23.8s] error: An uncaught WebGPU validation error was raised: [Invalid ComputePipeline "Conv2DMatMul"] is invalid.
 - While Validating GetBindGroupLayout (0) on [Invalid ComputePipeline "Conv2DMatMul"]

[23.8s] error: An uncaught WebGPU validation error was raised: [Invalid BindGroupLayout (unlabeled)] is invalid.
 - While validating [BindGroupDescriptor ""Conv2DMatMul""] against [Invalid BindGroupLayout (unlabeled)]
 - While calling [Device].CreateBindGroup([BindGroupDescriptor ""Conv2DMatMul""]).

[23.8s] error: An uncaught WebGPU validation error was raised: [Invalid ComputePipeline "Conv2DMatMul"] is invalid.
 - While Validating GetBindGroupLayout (0) on [Invalid ComputePipeline "Conv2DMatMul"]

[23.8s] error: An uncaught WebGPU validation error was raised: [Invalid BindGroupLayout (unlabeled)] is invalid.
 - While validating [BindGroupDescriptor ""Conv2DMatMul""] against [Invalid BindGroupLayout (unlabeled)]
 - While calling [Device].CreateBindGroup([BindGroupDescriptor ""Conv2DMatMul""]).

[23.8s] error: An uncaught WebGPU validation error was raised: [Invalid ComputePipeline "Conv2DMatMul"] is invalid.
 - While Validating GetBindGroupLayout (0) on [Invalid ComputePipeline "Conv2DMatMul"]

[23.8s] error: An uncaught WebGPU validation error was raised: [Invalid BindGroupLayout (unlabeled)] is invalid.
 - While validating [BindGroupDescriptor ""Conv2DMatMul""] against [Invalid BindGroupLayout (unlabeled)]
 - While calling [Device].CreateBindGroup([BindGroupDescriptor ""Conv2DMatMul""]).

[23.8s] error: An uncaught WebGPU validation error was raised: [Invalid ComputePipeline "Add"] is invalid.
 - While Validating GetBindGroupLayout (0) on [Invalid ComputePipeline "Add"]

[23.8s] error: An uncaught WebGPU validation error was raised: [Invalid BindGroupLayout (unlabeled)] is invalid.
 - While validating [BindGroupDescriptor ""Add""] against [Invalid BindGroupLayout (unlabeled)]
 - While calling [Device].CreateBindGroup([BindGroupDescriptor ""Add""]).

[23.8s] error: An uncaught WebGPU validation error was raised: [Invalid ComputePipeline "Relu"] is invalid.
 - While Validating GetBindGroupLayout (0) on [Invalid ComputePipeline "Relu"]

[23.8s] error: An uncaught WebGPU validation error was raised: [Invalid BindGroupLayout (unlabeled)] is invalid.
 - While validating [BindGroupDescriptor ""Relu""] against [Invalid BindGroupLayout (unlabeled)]
 - While calling [Device].CreateBindGroup([BindGroupDescriptor ""Relu""]).

[23.8s] error: An uncaught WebGPU validation error was raised: [Invalid ComputePipeline "Conv2DMatMul"] is invalid.
 - While Validating GetBindGroupLayout (0) on [Invalid ComputePipeline "Conv2DMatMul"]

[23.8s] error: An uncaught WebGPU validation error was raised: [Invalid BindGroupLayout (unlabeled)] is invalid.
 - While validating [BindGroupDescriptor ""Conv2DMatMul""] against [Invalid BindGroupLayout (unlabeled)]
 - While calling [Device].CreateBindGroup([BindGroupDescriptor ""Conv2DMatMul""]).

[23.8s] error: An uncaught WebGPU validation error was raised: [Invalid ComputePipeline "Conv2DMatMul"] is invalid.
 - While Validating GetBindGroupLayout (0) on [Invalid ComputePipeline "Conv2DMatMul"]

[23.8s] error: An uncaught WebGPU validation error was raised: [Invalid BindGroupLayout (unlabeled)] is invalid.
 - While validating [BindGroupDescriptor ""Conv2DMatMul""] against [Invalid BindGroupLayout (unlabeled)]
 - While calling [Device].CreateBindGroup([BindGroupDescriptor ""Conv2DMatMul""]).

[23.8s] error: An uncaught WebGPU validation error was raised: [Invalid ComputePipeline "Add"] is invalid.
 - While Validating GetBindGroupLayout (0) on [Invalid ComputePipeline "Add"]

[23.8s] error: An uncaught WebGPU validation error was raised: [Invalid BindGroupLayout (unlabeled)] is invalid.
 - While validating [BindGroupDescriptor ""Add""] against [Invalid BindGroupLayout (unlabeled)]
 - While calling [Device].CreateBindGroup([BindGroupDescriptor ""Add""]).

[23.8s] error: An uncaught WebGPU validation error was raised: [Invalid ComputePipeline "Relu"] is invalid.
 - While Validating GetBindGroupLayout (0) on [Invalid ComputePipeline "Relu"]

[23.8s] error: An uncaught WebGPU validation error was raised: [Invalid BindGroupLayout (unlabeled)] is invalid.
 - While validating [BindGroupDescriptor ""Relu""] against [Invalid BindGroupLayout (unlabeled)]
 - While calling [Device].CreateBindGroup([BindGroupDescriptor ""Relu""]).

[23.8s] error: An uncaught WebGPU validation error was raised: [Invalid ComputePipeline "Cast"] is invalid.
 - While Validating GetBindGroupLayout (0) on [Invalid ComputePipeline "Cast"]

[23.8s] error: An uncaught WebGPU validation error was raised: [Invalid BindGroupLayout (unlabeled)] is invalid.
 - While validating [BindGroupDescriptor ""Cast""] against [Invalid BindGroupLayout (unlabeled)]
 - While calling [Device].CreateBindGroup([BindGroupDescriptor ""Cast""]).

[23.8s] error: An uncaught WebGPU validation error was raised: [Invalid ComputePipeline "Cast"] is invalid.
 - While Validating GetBindGroupLayout (0) on [Invalid ComputePipeline "Cast"]

[23.8s] error: An uncaught WebGPU validation error was raised: [Invalid BindGroupLayout (unlabeled)] is invalid.
 - While validating [BindGroupDescriptor ""Cast""] against [Invalid BindGroupLayout (unlabeled)]
 - While calling [Device].CreateBindGroup([BindGroupDescriptor ""Cast""]).

[23.8s] error: An uncaught WebGPU validation error was raised: [Invalid ComputePipeline "Add"] is invalid.
 - While encoding [ComputePassEncoder (unlabeled)].SetPipeline([Invalid ComputePipeline "Add"]).
 - While finishing [CommandEncoder (unlabeled)].

[23.8s] error: An uncaught WebGPU validation error was raised: [Invalid CommandBuffer] is invalid.
 - While calling [Queue].Submit([[Invalid CommandBuffer]])

[23.8s] error: An uncaught WebGPU validation error was raised: [Invalid ComputePipeline "Concat"] is invalid.
 - While Validating GetBindGroupLayout (0) on [Invalid ComputePipeline "Concat"]

[23.8s] error: An uncaught WebGPU validation error was raised: [Invalid BindGroupLayout (unlabeled)] is invalid.
 - While validating [BindGroupDescriptor ""Concat""] against [Invalid BindGroupLayout (unlabeled)]
 - While calling [Device].CreateBindGroup([BindGroupDescriptor ""Concat""]).

[23.8s] error: An uncaught WebGPU validation error was raised: [Invalid ComputePipeline "Transpose"] is invalid.
 - While Validating GetBindGroupLayout (0) on [Invalid ComputePipeline "Transpose"]

[23.8s] error: An uncaught WebGPU validation error was raised: [Invalid BindGroupLayout (unlabeled)] is invalid.
 - While validating [BindGroupDescriptor ""Transpose""] against [Invalid BindGroupLayout (unlabeled)]
 - While calling [Device].CreateBindGroup([BindGroupDescriptor ""Transpose""]).

[23.8s] error: An uncaught WebGPU validation error was raised: [Invalid ComputePipeline "Conv2DMatMul"] is invalid.
 - While Validating GetBindGroupLayout (0) on [Invalid ComputePipeline "Conv2DMatMul"]

[23.8s] error: An uncaught WebGPU validation error was raised: [Invalid BindGroupLayout (unlabeled)] is invalid.
 - While validating [BindGroupDescriptor ""Conv2DMatMul""] against [Invalid BindGroupLayout (unlabeled)]
 - While calling [Device].CreateBindGroup([BindGroupDescriptor ""Conv2DMatMul""]).

[23.8s] error: An uncaught WebGPU validation error was raised: [Invalid ComputePipeline "Conv2DMatMul"] is invalid.
 - While Validating GetBindGroupLayout (0) on [Invalid ComputePipeline "Conv2DMatMul"]

[23.8s] error: An uncaught WebGPU validation error was raised: [Invalid BindGroupLayout (unlabeled)] is invalid.
 - While validating [BindGroupDescriptor ""Conv2DMatMul""] against [Invalid BindGroupLayout (unlabeled)]
 - While calling [Device].CreateBindGroup([BindGroupDescriptor ""Conv2DMatMul""]).

[23.8s] error: An uncaught WebGPU validation error was raised: [Invalid ComputePipeline "Cast"] is invalid.
 - While Validating GetBindGroupLayout (0) on [Invalid ComputePipeline "Cast"]

[23.8s] error: An uncaught WebGPU validation error was raised: [Invalid BindGroupLayout (unlabeled)] is invalid.
 - While validating [BindGroupDescriptor ""Cast""] against [Invalid BindGroupLayout (unlabeled)]
 - While calling [Device].CreateBindGroup([BindGroupDescriptor ""Cast""]).

[23.9s] error: An uncaught WebGPU validation error was raised: [Invalid ComputePipeline "Cast"] is invalid.
 - While Validating GetBindGroupLayout (0) on [Invalid ComputePipeline "Cast"]

[23.9s] error: An uncaught WebGPU validation error was raised: [Invalid BindGroupLayout (unlabeled)] is invalid.
 - While validating [BindGroupDescriptor ""Cast""] against [Invalid BindGroupLayout (unlabeled)]
 - While calling [Device].CreateBindGroup([BindGroupDescriptor ""Cast""]).

[23.9s] error: An uncaught WebGPU validation error was raised: [Invalid ComputePipeline "Concat"] is invalid.
 - While Validating GetBindGroupLayout (0) on [Invalid ComputePipeline "Concat"]

[23.9s] error: An uncaught WebGPU validation error was raised: [Invalid BindGroupLayout (unlabeled)] is invalid.
 - While validating [BindGroupDescriptor ""Concat""] against [Invalid BindGroupLayout (unlabeled)]
 - While calling [Device].CreateBindGroup([BindGroupDescriptor ""Concat""]).

[23.9s] error: An uncaught WebGPU validation error was raised: [Invalid ComputePipeline "Transpose"] is invalid.
 - While Validating GetBindGroupLayout (0) on [Invalid ComputePipeline "Transpose"]

[23.9s] error: An uncaught WebGPU validation error was raised: [Invalid BindGroupLayout (unlabeled)] is invalid.
 - While validating [BindGroupDescriptor ""Transpose""] against [Invalid BindGroupLayout (unlabeled)]
 - While calling [Device].CreateBindGroup([BindGroupDescriptor ""Transpose""]).

[23.9s] error: An uncaught WebGPU validation error was raised: [Invalid ComputePipeline "Conv2DMatMul"] is invalid.
 - While Validating GetBindGroupLayout (0) on [Invalid ComputePipeline "Conv2DMatMul"]

[23.9s] error: An uncaught WebGPU validation error was raised: [Invalid BindGroupLayout (unlabeled)] is invalid.
 - While validating [BindGroupDescriptor ""Conv2DMatMul""] against [Invalid BindGroupLayout (unlabeled)]
 - While calling [Device].CreateBindGroup([BindGroupDescriptor ""Conv2DMatMul""]).

[23.9s] error: An uncaught WebGPU validation error was raised: [Invalid ComputePipeline "Conv2DMatMul"] is invalid.
 - While Validating GetBindGroupLayout (0) on [Invalid ComputePipeline "Conv2DMatMul"]

[23.9s] error: An uncaught WebGPU validation error was raised: [Invalid BindGroupLayout (unlabeled)] is invalid.
 - While validating [BindGroupDescriptor ""Conv2DMatMul""] against [Invalid BindGroupLayout (unlabeled)]
 - While calling [Device].CreateBindGroup([BindGroupDescriptor ""Conv2DMatMul""]).

[23.9s] error: An uncaught WebGPU validation error was raised: [Invalid ComputePipeline "Cast"] is invalid.
 - While Validating GetBindGroupLayout (0) on [Invalid ComputePipeline "Cast"]

[23.9s] error: An uncaught WebGPU validation error was raised: [Invalid BindGroupLayout (unlabeled)] is invalid.
 - While validating [BindGroupDescriptor ""Cast""] against [Invalid BindGroupLayout (unlabeled)]
 - While calling [Device].CreateBindGroup([BindGroupDescriptor ""Cast""]).

[23.9s] error: An uncaught WebGPU validation error was raised: [Invalid ComputePipeline "Cast"] is invalid.
 - While Validating GetBindGroupLayout (0) on [Invalid ComputePipeline "Cast"]

[23.9s] error: An uncaught WebGPU validation error was raised: [Invalid BindGroupLayout (unlabeled)] is invalid.
 - While validating [BindGroupDescriptor ""Cast""] against [Invalid BindGroupLayout (unlabeled)]
 - While calling [Device].CreateBindGroup([BindGroupDescriptor ""Cast""]).

[23.9s] error: An uncaught WebGPU validation error was raised: [Invalid ComputePipeline "Concat"] is invalid.
 - While encoding [ComputePassEncoder (unlabeled)].SetPipeline([Invalid ComputePipeline "Concat"]).
 - While finishing [CommandEncoder (unlabeled)].

[23.9s] error: An uncaught WebGPU validation error was raised: [Invalid CommandBuffer] is invalid.
 - While calling [Queue].Submit([[Invalid CommandBuffer]])

[23.9s] error: An uncaught WebGPU validation error was raised: [Invalid ComputePipeline "Concat"] is invalid.
 - While Validating GetBindGroupLayout (0) on [Invalid ComputePipeline "Concat"]

[23.9s] error: An uncaught WebGPU validation error was raised: [Invalid BindGroupLayout (unlabeled)] is invalid.
 - While validating [BindGroupDescriptor ""Concat""] against [Invalid BindGroupLayout (unlabeled)]
 - While calling [Device].CreateBindGroup([BindGroupDescriptor ""Concat""]).

[23.9s] error: An uncaught WebGPU validation error was raised: [Invalid ComputePipeline "Transpose"] is invalid.
 - While Validating GetBindGroupLayout (0) on [Invalid ComputePipeline "Transpose"]

[23.9s] error: An uncaught WebGPU validation error was raised: [Invalid BindGroupLayout (unlabeled)] is invalid.
 - While validating [BindGroupDescriptor ""Transpose""] against [Invalid BindGroupLayout (unlabeled)]
 - While calling [Device].CreateBindGroup([BindGroupDescriptor ""Transpose""]).

[23.9s] error: An uncaught WebGPU validation error was raised: [Invalid ComputePipeline "Conv2DMatMul"] is invalid.
 - While Validating GetBindGroupLayout (0) on [Invalid ComputePipeline "Conv2DMatMul"]

[23.9s] error: An uncaught WebGPU validation error was raised: [Invalid BindGroupLayout (unlabeled)] is invalid.
 - While validating [BindGroupDescriptor ""Conv2DMatMul""] against [Invalid BindGroupLayout (unlabeled)]
 - While calling [Device].CreateBindGroup([BindGroupDescriptor ""Conv2DMatMul""]).

[23.9s] error: An uncaught WebGPU validation error was raised: [Invalid ComputePipeline "Conv2DMatMul"] is invalid.
 - While Validating GetBindGroupLayout (0) on [Invalid ComputePipeline "Conv2DMatMul"]

[23.9s] error: An uncaught WebGPU validation error was raised: [Invalid BindGroupLayout (unlabeled)] is invalid.
 - While validating [BindGroupDescriptor ""Conv2DMatMul""] against [Invalid BindGroupLayout (unlabeled)]
 - While calling [Device].CreateBindGroup([BindGroupDescriptor ""Conv2DMatMul""]).

[23.9s] error: An uncaught WebGPU validation error was raised: [Invalid ComputePipeline "Cast"] is invalid.
 - While Validating GetBindGroupLayout (0) on [Invalid ComputePipeline "Cast"]

[23.9s] error: An uncaught WebGPU validation error was raised: [Invalid BindGroupLayout (unlabeled)] is invalid.
 - While validating [BindGroupDescriptor ""Cast""] against [Invalid BindGroupLayout (unlabeled)]
 - While calling [Device].CreateBindGroup([BindGroupDescriptor ""Cast""]).

[23.9s] error: An uncaught WebGPU validation error was raised: [Invalid ComputePipeline "Cast"] is invalid.
 - While Validating GetBindGroupLayout (0) on [Invalid ComputePipeline "Cast"]

[23.9s] error: An uncaught WebGPU validation error was raised: [Invalid BindGroupLayout (unlabeled)] is invalid.
 - While validating [BindGroupDescriptor ""Cast""] against [Invalid BindGroupLayout (unlabeled)]
 - While calling [Device].CreateBindGroup([BindGroupDescriptor ""Cast""]).

[23.9s] error: An uncaught WebGPU validation error was raised: [Invalid ComputePipeline "Concat"] is invalid.
 - While Validating GetBindGroupLayout (0) on [Invalid ComputePipeline "Concat"]

[23.9s] error: An uncaught WebGPU validation error was raised: [Invalid BindGroupLayout (unlabeled)] is invalid.
 - While validating [BindGroupDescriptor ""Concat""] against [Invalid BindGroupLayout (unlabeled)]
 - While calling [Device].CreateBindGroup([BindGroupDescriptor ""Concat""]).

[23.9s] error: An uncaught WebGPU validation error was raised: [Invalid ComputePipeline "Transpose"] is invalid.
 - While Validating GetBindGroupLayout (0) on [Invalid ComputePipeline "Transpose"]

[23.9s] error: An uncaught WebGPU validation error was raised: [Invalid BindGroupLayout (unlabeled)] is invalid.
 - While validating [BindGroupDescriptor ""Transpose""] against [Invalid BindGroupLayout (unlabeled)]
 - While calling [Device].CreateBindGroup([BindGroupDescriptor ""Transpose""]).

[23.9s] error: An uncaught WebGPU validation error was raised: [Invalid ComputePipeline "Conv2DMatMul"] is invalid.
 - While Validating GetBindGroupLayout (0) on [Invalid ComputePipeline "Conv2DMatMul"]

[23.9s] error: An uncaught WebGPU validation error was raised: [Invalid BindGroupLayout (unlabeled)] is invalid.
 - While validating [BindGroupDescriptor ""Conv2DMatMul""] against [Invalid BindGroupLayout (unlabeled)]
 - While calling [Device].CreateBindGroup([BindGroupDescriptor ""Conv2DMatMul""]).

[23.9s] error: An uncaught WebGPU validation error was raised: [Invalid ComputePipeline "Conv2DMatMul"] is invalid.
 - While Validating GetBindGroupLayout (0) on [Invalid ComputePipeline "Conv2DMatMul"]

[23.9s] error: An uncaught WebGPU validation error was raised: [Invalid BindGroupLayout (unlabeled)] is invalid.
 - While validating [BindGroupDescriptor ""Conv2DMatMul""] against [Invalid BindGroupLayout (unlabeled)]
 - While calling [Device].CreateBindGroup([BindGroupDescriptor ""Conv2DMatMul""]).

[23.9s] error: An uncaught WebGPU validation error was raised: [Invalid ComputePipeline "Cast"] is invalid.
 - While Validating GetBindGroupLayout (0) on [Invalid ComputePipeline "Cast"]

[23.9s] error: An uncaught WebGPU validation error was raised: [Invalid BindGroupLayout (unlabeled)] is invalid.
 - While validating [BindGroupDescriptor ""Cast""] against [Invalid BindGroupLayout (unlabeled)]
 - While calling [Device].CreateBindGroup([BindGroupDescriptor ""Cast""]).

[23.9s] error: An uncaught WebGPU validation error was raised: [Invalid ComputePipeline "Cast"] is invalid.
 - While Validating GetBindGroupLayout (0) on [Invalid ComputePipeline "Cast"]

[23.9s] error: An uncaught WebGPU validation error was raised: [Invalid BindGroupLayout (unlabeled)] is invalid.
 - While validating [BindGroupDescriptor ""Cast""] against [Invalid BindGroupLayout (unlabeled)]
 - While calling [Device].CreateBindGroup([BindGroupDescriptor ""Cast""]).

[23.9s] error: An uncaught WebGPU validation error was raised: [Invalid ComputePipeline "Concat"] is invalid.
 - While encoding [ComputePassEncoder (unlabeled)].SetPipeline([Invalid ComputePipeline "Concat"]).
 - While finishing [CommandEncoder (unlabeled)].

[23.9s] error: An uncaught WebGPU validation error was raised: [Invalid CommandBuffer] is invalid.
 - While calling [Queue].Submit([[Invalid CommandBuffer]])

[23.9s] error: An uncaught WebGPU validation error was raised: [Invalid ComputePipeline "Transpose"] is invalid.
 - While Validating GetBindGroupLayout (0) on [Invalid ComputePipeline "Transpose"]

[23.9s] error: An uncaught WebGPU validation error was raised: [Invalid BindGroupLayout (unlabeled)] is invalid.
 - While validating [BindGroupDescriptor ""Transpose""] against [Invalid BindGroupLayout (unlabeled)]
 - While calling [Device].CreateBindGroup([BindGroupDescriptor ""Transpose""]).

[23.9s] error: An uncaught WebGPU validation error was raised: [Invalid ComputePipeline "Conv2DMatMul"] is invalid.
 - While Validating GetBindGroupLayout (0) on [Invalid ComputePipeline "Conv2DMatMul"]

[23.9s] error: An uncaught WebGPU validation error was raised: [Invalid BindGroupLayout (unlabeled)] is invalid.
 - While validating [BindGroupDescriptor ""Conv2DMatMul""] against [Invalid BindGroupLayout (unlabeled)]
 - While calling [Device].CreateBindGroup([BindGroupDescriptor ""Conv2DMatMul""]).

[23.9s] error: An uncaught WebGPU validation error was raised: [Invalid ComputePipeline "Conv2DMatMul"] is invalid.
 - While Validating GetBindGroupLayout (0) on [Invalid ComputePipeline "Conv2DMatMul"]

[23.9s] error: An uncaught WebGPU validation error was raised: [Invalid BindGroupLayout (unlabeled)] is invalid.
 - While validating [BindGroupDescriptor ""Conv2DMatMul""] against [Invalid BindGroupLayout (unlabeled)]
 - While calling [Device].CreateBindGroup([BindGroupDescriptor ""Conv2DMatMul""]).

[23.9s] error: An uncaught WebGPU validation error was raised: [Invalid ComputePipeline "Conv2DMatMul"] is invalid.
 - While Validating GetBindGroupLayout (0) on [Invalid ComputePipeline "Conv2DMatMul"]

[23.9s] error: An uncaught WebGPU validation error was raised: [Invalid BindGroupLayout (unlabeled)] is invalid.
 - While validating [BindGroupDescriptor ""Conv2DMatMul""] against [Invalid BindGroupLayout (unlabeled)]
 - While calling [Device].CreateBindGroup([BindGroupDescriptor ""Conv2DMatMul""]).

[23.9s] error: An uncaught WebGPU validation error was raised: [Invalid ComputePipeline "Transpose"] is invalid.
 - While Validating GetBindGroupLayout (0) on [Invalid ComputePipeline "Transpose"]

[23.9s] error: An uncaught WebGPU validation error was raised: [Invalid BindGroupLayout (unlabeled)] is invalid.
 - While validating [BindGroupDescriptor ""Transpose""] against [Invalid BindGroupLayout (unlabeled)]
 - While calling [Device].CreateBindGroup([BindGroupDescriptor ""Transpose""]).

[23.9s] error: An uncaught WebGPU validation error was raised: [Invalid ComputePipeline "Transpose"] is invalid.
 - While encoding [ComputePassEncoder (unlabeled)].SetPipeline([Invalid ComputePipeline "Transpose"]).
 - While finishing [CommandEncoder (unlabeled)].

[23.9s] error: An uncaught WebGPU validation error was raised: [Invalid CommandBuffer] is invalid.
 - While calling [Queue].Submit([[Invalid CommandBuffer]])

[23.9s] error: An uncaught WebGPU validation error was raised: [Invalid ComputePipeline "Sub"] is invalid.
 - While Validating GetBindGroupLayout (0) on [Invalid ComputePipeline "Sub"]

[23.9s] error: An uncaught WebGPU validation error was raised: [Invalid BindGroupLayout (unlabeled)] is invalid.
 - While validating [BindGroupDescriptor ""Sub""] against [Invalid BindGroupLayout (unlabeled)]
 - While calling [Device].CreateBindGroup([BindGroupDescriptor ""Sub""]).

[23.9s] error: An uncaught WebGPU validation error was raised: [Invalid ComputePipeline "Div"] is invalid.
 - While Validating GetBindGroupLayout (0) on [Invalid ComputePipeline "Div"]

[23.9s] error: An uncaught WebGPU validation error was raised: [Invalid BindGroupLayout (unlabeled)] is invalid.
 - While validating [BindGroupDescriptor ""Div""] against [Invalid BindGroupLayout (unlabeled)]
 - While calling [Device].CreateBindGroup([BindGroupDescriptor ""Div""]).

[23.9s] error: An uncaught WebGPU validation error was raised: [Invalid ComputePipeline "Transpose"] is invalid.
 - While Validating GetBindGroupLayout (0) on [Invalid ComputePipeline "Transpose"]

[23.9s] error: An uncaught WebGPU validation error was raised: [Invalid BindGroupLayout (unlabeled)] is invalid.
 - While validating [BindGroupDescriptor ""Transpose""] against [Invalid BindGroupLayout (unlabeled)]
 - While calling [Device].CreateBindGroup([BindGroupDescriptor ""Transpose""]).

[23.9s] error: An uncaught WebGPU validation error was raised: [Invalid ComputePipeline "Conv2DMatMul"] is invalid.
 - While Validating GetBindGroupLayout (0) on [Invalid ComputePipeline "Conv2DMatMul"]

[23.9s] error: An uncaught WebGPU validation error was raised: [Invalid BindGroupLayout (unlabeled)] is invalid.
 - While validating [BindGroupDescriptor ""Conv2DMatMul""] against [Invalid BindGroupLayout (unlabeled)]
 - While calling [Device].CreateBindGroup([BindGroupDescriptor ""Conv2DMatMul""]).

[23.9s] error: An uncaught WebGPU validation error was raised: [Invalid ComputePipeline "Transpose"] is invalid.
 - While Validating GetBindGroupLayout (0) on [Invalid ComputePipeline "Transpose"]

[23.9s] error: An uncaught WebGPU validation error was raised: [Invalid BindGroupLayout (unlabeled)] is invalid.
 - While validating [BindGroupDescriptor ""Transpose""] against [Invalid BindGroupLayout (unlabeled)]
 - While calling [Device].CreateBindGroup([BindGroupDescriptor ""Transpose""]).

[23.9s] error: An uncaught WebGPU validation error was raised: [Invalid ComputePipeline "MaxPool"] is invalid.
 - While Validating GetBindGroupLayout (0) on [Invalid ComputePipeline "MaxPool"]

[23.9s] error: An uncaught WebGPU validation error was raised: [Invalid BindGroupLayout (unlabeled)] is invalid.
 - While validating [BindGroupDescriptor ""MaxPool""] against [Invalid BindGroupLayout (unlabeled)]
 - While calling [Device].CreateBindGroup([BindGroupDescriptor ""MaxPool""]).

[23.9s] error: An uncaught WebGPU validation error was raised: [Invalid ComputePipeline "Conv2DMatMul"] is invalid.
 - While Validating GetBindGroupLayout (0) on [Invalid ComputePipeline "Conv2DMatMul"]

[23.9s] error: An uncaught WebGPU validation error was raised: [Invalid BindGroupLayout (unlabeled)] is invalid.
 - While validating [BindGroupDescriptor ""Conv2DMatMul""] against [Invalid BindGroupLayout (unlabeled)]
 - While calling [Device].CreateBindGroup([BindGroupDescriptor ""Conv2DMatMul""]).

[23.9s] error: An uncaught WebGPU validation error was raised: [Invalid ComputePipeline "Conv2DMatMul"] is invalid.
 - While Validating GetBindGroupLayout (0) on [Invalid ComputePipeline "Conv2DMatMul"]

[23.9s] error: An uncaught WebGPU validation error was raised: [Invalid BindGroupLayout (unlabeled)] is invalid.
 - While validating [BindGroupDescriptor ""Conv2DMatMul""] against [Invalid BindGroupLayout (unlabeled)]
 - While calling [Device].CreateBindGroup([BindGroupDescriptor ""Conv2DMatMul""]).

[23.9s] error: An uncaught WebGPU validation error was raised: [Invalid ComputePipeline "Add"] is invalid.
 - While Validating GetBindGroupLayout (0) on [Invalid ComputePipeline "Add"]

[23.9s] error: An uncaught WebGPU validation error was raised: [Invalid BindGroupLayout (unlabeled)] is invalid.
 - While validating [BindGroupDescriptor ""Add""] against [Invalid BindGroupLayout (unlabeled)]
 - While calling [Device].CreateBindGroup([BindGroupDescriptor ""Add""]).

[23.9s] error: An uncaught WebGPU validation error was raised: [Invalid ComputePipeline "Relu"] is invalid.
 - While Validating GetBindGroupLayout (0) on [Invalid ComputePipeline "Relu"]

[23.9s] error: An uncaught WebGPU validation error was raised: [Invalid BindGroupLayout (unlabeled)] is invalid.
 - While validating [BindGroupDescriptor ""Relu""] against [Invalid BindGroupLayout (unlabeled)]
 - While calling [Device].CreateBindGroup([BindGroupDescriptor ""Relu""]).

[23.9s] error: An uncaught WebGPU validation error was raised: [Invalid ComputePipeline "Conv2DMatMul"] is invalid.
 - While Validating GetBindGroupLayout (0) on [Invalid ComputePipeline "Conv2DMatMul"]

[23.9s] error: An uncaught WebGPU validation error was raised: [Invalid BindGroupLayout (unlabeled)] is invalid.
 - While validating [BindGroupDescriptor ""Conv2DMatMul""] against [Invalid BindGroupLayout (unlabeled)]
 - While calling [Device].CreateBindGroup([BindGroupDescriptor ""Conv2DMatMul""]).

[23.9s] error: An uncaught WebGPU validation error was raised: [Invalid ComputePipeline "Conv2DMatMul"] is invalid.
 - While Validating GetBindGroupLayout (0) on [Invalid ComputePipeline "Conv2DMatMul"]

[23.9s] error: An uncaught WebGPU validation error was raised: [Invalid BindGroupLayout (unlabeled)] is invalid.
 - While validating [BindGroupDescriptor ""Conv2DMatMul""] against [Invalid BindGroupLayout (unlabeled)]
 - While calling [Device].CreateBindGroup([BindGroupDescriptor ""Conv2DMatMul""]).

[23.9s] error: An uncaught WebGPU validation error was raised: [Invalid ComputePipeline "Add"] is invalid.
 - While Validating GetBindGroupLayout (0) on [Invalid ComputePipeline "Add"]

[23.9s] error: An uncaught WebGPU validation error was raised: [Invalid BindGroupLayout (unlabeled)] is invalid.
 - While validating [BindGroupDescriptor ""Add""] against [Invalid BindGroupLayout (unlabeled)]
 - While calling [Device].CreateBindGroup([BindGroupDescriptor ""Add""]).

[23.9s] error: An uncaught WebGPU validation error was raised: [Invalid ComputePipeline "Relu"] is invalid.
 - While Validating GetBindGroupLayout (0) on [Invalid ComputePipeline "Relu"]

[23.9s] error: An uncaught WebGPU validation error was raised: [Invalid BindGroupLayout (unlabeled)] is invalid.
 - While validating [BindGroupDescriptor ""Relu""] against [Invalid BindGroupLayout (unlabeled)]
 - While calling [Device].CreateBindGroup([BindGroupDescriptor ""Relu""]).

[23.9s] error: An uncaught WebGPU validation error was raised: [Invalid ComputePipeline "Transpose"] is invalid.
 - While Validating GetBindGroupLayout (0) on [Invalid ComputePipeline "Transpose"]

[23.9s] error: An uncaught WebGPU validation error was raised: [Invalid BindGroupLayout (unlabeled)] is invalid.
 - While validating [BindGroupDescriptor ""Transpose""] against [Invalid BindGroupLayout (unlabeled)]
 - While calling [Device].CreateBindGroup([BindGroupDescriptor ""Transpose""]).

[23.9s] error: An uncaught WebGPU validation error was raised: [Invalid ComputePipeline "Conv2DMatMul"] is invalid.
 - While Validating GetBindGroupLayout (0) on [Invalid ComputePipeline "Conv2DMatMul"]

[23.9s] error: An uncaught WebGPU validation error was raised: [Invalid BindGroupLayout (unlabeled)] is invalid.
 - While validating [BindGroupDescriptor ""Conv2DMatMul""] against [Invalid BindGroupLayout (unlabeled)]
 - While calling [Device].CreateBindGroup([BindGroupDescriptor ""Conv2DMatMul""]).

[23.9s] error: An uncaught WebGPU validation error was raised: [Invalid ComputePipeline "Sub"] is invalid.
 - While encoding [ComputePassEncoder (unlabeled)].SetPipeline([Invalid ComputePipeline "Sub"]).
 - While finishing [CommandEncoder (unlabeled)].

[24.0s] error: An uncaught WebGPU validation error was raised: [Invalid CommandBuffer] is invalid.
 - While calling [Queue].Submit([[Invalid CommandBuffer]])

[24.0s] error: An uncaught WebGPU validation error was raised: [Invalid ComputePipeline "Conv2DMatMul"] is invalid.
 - While Validating GetBindGroupLayout (0) on [Invalid ComputePipeline "Conv2DMatMul"]

[24.0s] error: An uncaught WebGPU validation error was raised: [Invalid BindGroupLayout (unlabeled)] is invalid.
 - While validating [BindGroupDescriptor ""Conv2DMatMul""] against [Invalid BindGroupLayout (unlabeled)]
 - While calling [Device].CreateBindGroup([BindGroupDescriptor ""Conv2DMatMul""]).

[24.0s] error: An uncaught WebGPU validation error was raised: [Invalid ComputePipeline "Conv2DMatMul"] is invalid.
 - While Validating GetBindGroupLayout (0) on [Invalid ComputePipeline "Conv2DMatMul"]

[24.0s] error: An uncaught WebGPU validation error was raised: [Invalid BindGroupLayout (unlabeled)] is invalid.
 - While validating [BindGroupDescriptor ""Conv2DMatMul""] against [Invalid BindGroupLayout (unlabeled)]
 - While calling [Device].CreateBindGroup([BindGroupDescriptor ""Conv2DMatMul""]).

[24.0s] error: An uncaught WebGPU validation error was raised: [Invalid ComputePipeline "Add"] is invalid.
 - While Validating GetBindGroupLayout (0) on [Invalid ComputePipeline "Add"]

[24.0s] error: An uncaught WebGPU validation error was raised: [Invalid BindGroupLayout (unlabeled)] is invalid.
 - While validating [BindGroupDescriptor ""Add""] against [Invalid BindGroupLayout (unlabeled)]
 - While calling [Device].CreateBindGroup([BindGroupDescriptor ""Add""]).

[24.0s] error: An uncaught WebGPU validation error was raised: [Invalid ComputePipeline "Relu"] is invalid.
 - While Validating GetBindGroupLayout (0) on [Invalid ComputePipeline "Relu"]

[24.0s] error: An uncaught WebGPU validation error was raised: [Invalid BindGroupLayout (unlabeled)] is invalid.
 - While validating [BindGroupDescriptor ""Relu""] against [Invalid BindGroupLayout (unlabeled)]
 - While calling [Device].CreateBindGroup([BindGroupDescriptor ""Relu""]).

[24.0s] error: An uncaught WebGPU validation error was raised: [Invalid ComputePipeline "Conv2DMatMul"] is invalid.
 - While Validating GetBindGroupLayout (0) on [Invalid ComputePipeline "Conv2DMatMul"]

[24.0s] error: An uncaught WebGPU validation error was raised: [Invalid BindGroupLayout (unlabeled)] is invalid.
 - While validating [BindGroupDescriptor ""Conv2DMatMul""] against [Invalid BindGroupLayout (unlabeled)]
 - While calling [Device].CreateBindGroup([BindGroupDescriptor ""Conv2DMatMul""]).

[24.0s] error: An uncaught WebGPU validation error was raised: [Invalid ComputePipeline "Conv2DMatMul"] is invalid.
 - While Validating GetBindGroupLayout (0) on [Invalid ComputePipeline "Conv2DMatMul"]

[24.0s] error: An uncaught WebGPU validation error was raised: [Invalid BindGroupLayout (unlabeled)] is invalid.
 - While validating [BindGroupDescriptor ""Conv2DMatMul""] against [Invalid BindGroupLayout (unlabeled)]
 - While calling [Device].CreateBindGroup([BindGroupDescriptor ""Conv2DMatMul""]).

[24.0s] error: An uncaught WebGPU validation error was raised: [Invalid ComputePipeline "Add"] is invalid.
 - While Validating GetBindGroupLayout (0) on [Invalid ComputePipeline "Add"]

[24.0s] error: An uncaught WebGPU validation error was raised: [Invalid BindGroupLayout (unlabeled)] is invalid.
 - While validating [BindGroupDescriptor ""Add""] against [Invalid BindGroupLayout (unlabeled)]
 - While calling [Device].CreateBindGroup([BindGroupDescriptor ""Add""]).

[24.0s] error: An uncaught WebGPU validation error was raised: [Invalid ComputePipeline "Relu"] is invalid.
 - While Validating GetBindGroupLayout (0) on [Invalid ComputePipeline "Relu"]

[24.0s] error: An uncaught WebGPU validation error was raised: [Invalid BindGroupLayout (unlabeled)] is invalid.
 - While validating [BindGroupDescriptor ""Relu""] against [Invalid BindGroupLayout (unlabeled)]
 - While calling [Device].CreateBindGroup([BindGroupDescriptor ""Relu""]).

[24.0s] error: An uncaught WebGPU validation error was raised: [Invalid ComputePipeline "Transpose"] is invalid.
 - While Validating GetBindGroupLayout (0) on [Invalid ComputePipeline "Transpose"]

[24.0s] error: An uncaught WebGPU validation error was raised: [Invalid BindGroupLayout (unlabeled)] is invalid.
 - While validating [BindGroupDescriptor ""Transpose""] against [Invalid BindGroupLayout (unlabeled)]
 - While calling [Device].CreateBindGroup([BindGroupDescriptor ""Transpose""]).

[24.0s] error: An uncaught WebGPU validation error was raised: [Invalid ComputePipeline "Conv2DMatMul"] is invalid.
 - While Validating GetBindGroupLayout (0) on [Invalid ComputePipeline "Conv2DMatMul"]

[24.0s] error: An uncaught WebGPU validation error was raised: [Invalid BindGroupLayout (unlabeled)] is invalid.
 - While validating [BindGroupDescriptor ""Conv2DMatMul""] against [Invalid BindGroupLayout (unlabeled)]
 - While calling [Device].CreateBindGroup([BindGroupDescriptor ""Conv2DMatMul""]).

[24.0s] error: An uncaught WebGPU validation error was raised: [Invalid ComputePipeline "Conv2DMatMul"] is invalid.
 - While Validating GetBindGroupLayout (0) on [Invalid ComputePipeline "Conv2DMatMul"]

[24.0s] error: An uncaught WebGPU validation error was raised: [Invalid BindGroupLayout (unlabeled)] is invalid.
 - While validating [BindGroupDescriptor ""Conv2DMatMul""] against [Invalid BindGroupLayout (unlabeled)]
 - While calling [Device].CreateBindGroup([BindGroupDescriptor ""Conv2DMatMul""]).

[24.0s] error: An uncaught WebGPU validation error was raised: [Invalid ComputePipeline "Conv2DMatMul"] is invalid.
 - While Validating GetBindGroupLayout (0) on [Invalid ComputePipeline "Conv2DMatMul"]

[24.0s] error: An uncaught WebGPU validation error was raised: [Invalid BindGroupLayout (unlabeled)] is invalid.
 - While validating [BindGroupDescriptor ""Conv2DMatMul""] against [Invalid BindGroupLayout (unlabeled)]
 - While calling [Device].CreateBindGroup([BindGroupDescriptor ""Conv2DMatMul""]).

[24.0s] error: An uncaught WebGPU validation error was raised: [Invalid ComputePipeline "Add"] is invalid.
 - While Validating GetBindGroupLayout (0) on [Invalid ComputePipeline "Add"]

[24.0s] error: An uncaught WebGPU validation error was raised: [Invalid BindGroupLayout (unlabeled)] is invalid.
 - While validating [BindGroupDescriptor ""Add""] against [Invalid BindGroupLayout (unlabeled)]
 - While calling [Device].CreateBindGroup([BindGroupDescriptor ""Add""]).

[24.0s] error: An uncaught WebGPU validation error was raised: [Invalid ComputePipeline "Relu"] is invalid.
 - While Validating GetBindGroupLayout (0) on [Invalid ComputePipeline "Relu"]

[24.0s] error: An uncaught WebGPU validation error was raised: [Invalid BindGroupLayout (unlabeled)] is invalid.
 - While validating [BindGroupDescriptor ""Relu""] against [Invalid BindGroupLayout (unlabeled)]
 - While calling [Device].CreateBindGroup([BindGroupDescriptor ""Relu""]).

[24.0s] error: An uncaught WebGPU validation error was raised: [Invalid ComputePipeline "Conv2DMatMul"] is invalid.
 - While Validating GetBindGroupLayout (0) on [Invalid ComputePipeline "Conv2DMatMul"]

[24.0s] error: An uncaught WebGPU validation error was raised: [Invalid BindGroupLayout (unlabeled)] is invalid.
 - While validating [BindGroupDescriptor ""Conv2DMatMul""] against [Invalid BindGroupLayout (unlabeled)]
 - While calling [Device].CreateBindGroup([BindGroupDescriptor ""Conv2DMatMul""]).

[24.0s] error: An uncaught WebGPU validation error was raised: [Invalid ComputePipeline "Conv2DMatMul"] is invalid.
 - While Validating GetBindGroupLayout (0) on [Invalid ComputePipeline "Conv2DMatMul"]

[24.0s] error: An uncaught WebGPU validation error was raised: [Invalid BindGroupLayout (unlabeled)] is invalid.
 - While validating [BindGroupDescriptor ""Conv2DMatMul""] against [Invalid BindGroupLayout (unlabeled)]
 - While calling [Device].CreateBindGroup([BindGroupDescriptor ""Conv2DMatMul""]).

[24.0s] error: An uncaught WebGPU validation error was raised: [Invalid ComputePipeline "Conv2DMatMul"] is invalid.
 - While encoding [ComputePassEncoder (unlabeled)].SetPipeline([Invalid ComputePipeline "Conv2DMatMul"]).
 - While finishing [CommandEncoder (unlabeled)].

[24.0s] error: An uncaught WebGPU validation error was raised: [Invalid CommandBuffer] is invalid.
 - While calling [Queue].Submit([[Invalid CommandBuffer]])

[24.0s] error: An uncaught WebGPU validation error was raised: [Invalid ComputePipeline "Add"] is invalid.
 - While Validating GetBindGroupLayout (0) on [Invalid ComputePipeline "Add"]

[24.0s] error: An uncaught WebGPU validation error was raised: [Invalid BindGroupLayout (unlabeled)] is invalid.
 - While validating [BindGroupDescriptor ""Add""] against [Invalid BindGroupLayout (unlabeled)]
 - While calling [Device].CreateBindGroup([BindGroupDescriptor ""Add""]).

[24.0s] error: An uncaught WebGPU validation error was raised: [Invalid ComputePipeline "Relu"] is invalid.
 - While Validating GetBindGroupLayout (0) on [Invalid ComputePipeline "Relu"]

[24.0s] error: An uncaught WebGPU validation error was raised: [Invalid BindGroupLayout (unlabeled)] is invalid.
 - While validating [BindGroupDescriptor ""Relu""] against [Invalid BindGroupLayout (unlabeled)]
 - While calling [Device].CreateBindGroup([BindGroupDescriptor ""Relu""]).

[24.0s] error: An uncaught WebGPU validation error was raised: [Invalid ComputePipeline "Transpose"] is invalid.
 - While Validating GetBindGroupLayout (0) on [Invalid ComputePipeline "Transpose"]

[24.0s] error: An uncaught WebGPU validation error was raised: [Invalid BindGroupLayout (unlabeled)] is invalid.
 - While validating [BindGroupDescriptor ""Transpose""] against [Invalid BindGroupLayout (unlabeled)]
 - While calling [Device].CreateBindGroup([BindGroupDescriptor ""Transpose""]).

[24.0s] error: An uncaught WebGPU validation error was raised: [Invalid ComputePipeline "Conv2DMatMul"] is invalid.
 - While Validating GetBindGroupLayout (0) on [Invalid ComputePipeline "Conv2DMatMul"]

[24.0s] error: An uncaught WebGPU validation error was raised: [Invalid BindGroupLayout (unlabeled)] is invalid.
 - While validating [BindGroupDescriptor ""Conv2DMatMul""] against [Invalid BindGroupLayout (unlabeled)]
 - While calling [Device].CreateBindGroup([BindGroupDescriptor ""Conv2DMatMul""]).

[24.0s] error: An uncaught WebGPU validation error was raised: [Invalid ComputePipeline "Conv2DMatMul"] is invalid.
 - While Validating GetBindGroupLayout (0) on [Invalid ComputePipeline "Conv2DMatMul"]

[24.0s] error: An uncaught WebGPU validation error was raised: [Invalid BindGroupLayout (unlabeled)] is invalid.
 - While validating [BindGroupDescriptor ""Conv2DMatMul""] against [Invalid BindGroupLayout (unlabeled)]
 - While calling [Device].CreateBindGroup([BindGroupDescriptor ""Conv2DMatMul""]).

[24.0s] error: An uncaught WebGPU validation error was raised: [Invalid ComputePipeline "Conv2DMatMul"] is invalid.
 - While Validating GetBindGroupLayout (0) on [Invalid ComputePipeline "Conv2DMatMul"]

[24.0s] error: An uncaught WebGPU validation error was raised: [Invalid BindGroupLayout (unlabeled)] is invalid.
 - While validating [BindGroupDescriptor ""Conv2DMatMul""] against [Invalid BindGroupLayout (unlabeled)]
 - While calling [Device].CreateBindGroup([BindGroupDescriptor ""Conv2DMatMul""]).

[24.0s] error: An uncaught WebGPU validation error was raised: [Invalid ComputePipeline "Add"] is invalid.
 - While Validating GetBindGroupLayout (0) on [Invalid ComputePipeline "Add"]

[24.0s] error: An uncaught WebGPU validation error was raised: [Invalid BindGroupLayout (unlabeled)] is invalid.
 - While validating [BindGroupDescriptor ""Add""] against [Invalid BindGroupLayout (unlabeled)]
 - While calling [Device].CreateBindGroup([BindGroupDescriptor ""Add""]).

[24.0s] error: An uncaught WebGPU validation error was raised: [Invalid ComputePipeline "Relu"] is invalid.
 - While Validating GetBindGroupLayout (0) on [Invalid ComputePipeline "Relu"]

[24.0s] error: An uncaught WebGPU validation error was raised: [Invalid BindGroupLayout (unlabeled)] is invalid.
 - While validating [BindGroupDescriptor ""Relu""] against [Invalid BindGroupLayout (unlabeled)]
 - While calling [Device].CreateBindGroup([BindGroupDescriptor ""Relu""]).

[24.0s] error: An uncaught WebGPU validation error was raised: [Invalid ComputePipeline "Conv2DMatMul"] is invalid.
 - While Validating GetBindGroupLayout (0) on [Invalid ComputePipeline "Conv2DMatMul"]

[24.0s] error: An uncaught WebGPU validation error was raised: [Invalid BindGroupLayout (unlabeled)] is invalid.
 - While validating [BindGroupDescriptor ""Conv2DMatMul""] against [Invalid BindGroupLayout (unlabeled)]
 - While calling [Device].CreateBindGroup([BindGroupDescriptor ""Conv2DMatMul""]).

[24.0s] error: An uncaught WebGPU validation error was raised: [Invalid ComputePipeline "Conv2DMatMul"] is invalid.
 - While Validating GetBindGroupLayout (0) on [Invalid ComputePipeline "Conv2DMatMul"]

[24.0s] error: An uncaught WebGPU validation error was raised: [Invalid BindGroupLayout (unlabeled)] is invalid.
 - While validating [BindGroupDescriptor ""Conv2DMatMul""] against [Invalid BindGroupLayout (unlabeled)]
 - While calling [Device].CreateBindGroup([BindGroupDescriptor ""Conv2DMatMul""]).

[24.0s] error: An uncaught WebGPU validation error was raised: [Invalid ComputePipeline "Add"] is invalid.
 - While Validating GetBindGroupLayout (0) on [Invalid ComputePipeline "Add"]

[24.0s] error: An uncaught WebGPU validation error was raised: [Invalid BindGroupLayout (unlabeled)] is invalid.
 - While validating [BindGroupDescriptor ""Add""] against [Invalid BindGroupLayout (unlabeled)]
 - While calling [Device].CreateBindGroup([BindGroupDescriptor ""Add""]).

[24.0s] error: An uncaught WebGPU validation error was raised: [Invalid ComputePipeline "Relu"] is invalid.
 - While Validating GetBindGroupLayout (0) on [Invalid ComputePipeline "Relu"]

[24.0s] error: An uncaught WebGPU validation error was raised: [Invalid BindGroupLayout (unlabeled)] is invalid.
 - While validating [BindGroupDescriptor ""Relu""] against [Invalid BindGroupLayout (unlabeled)]
 - While calling [Device].CreateBindGroup([BindGroupDescriptor ""Relu""]).

[24.0s] error: An uncaught WebGPU validation error was raised: [Invalid ComputePipeline "Cast"] is invalid.
 - While Validating GetBindGroupLayout (0) on [Invalid ComputePipeline "Cast"]

[24.0s] error: An uncaught WebGPU validation error was raised: [Invalid BindGroupLayout (unlabeled)] is invalid.
 - While validating [BindGroupDescriptor ""Cast""] against [Invalid BindGroupLayout (unlabeled)]
 - While calling [Device].CreateBindGroup([BindGroupDescriptor ""Cast""]).

[24.0s] error: An uncaught WebGPU validation error was raised: [Invalid ComputePipeline "Cast"] is invalid.
 - While Validating GetBindGroupLayout (0) on [Invalid ComputePipeline "Cast"]

[24.0s] error: An uncaught WebGPU validation error was raised: [Invalid BindGroupLayout (unlabeled)] is invalid.
 - While validating [BindGroupDescriptor ""Cast""] against [Invalid BindGroupLayout (unlabeled)]
 - While calling [Device].CreateBindGroup([BindGroupDescriptor ""Cast""]).

[24.0s] error: An uncaught WebGPU validation error was raised: [Invalid ComputePipeline "Add"] is invalid.
 - While encoding [ComputePassEncoder (unlabeled)].SetPipeline([Invalid ComputePipeline "Add"]).
 - While finishing [CommandEncoder (unlabeled)].

[24.0s] error: An uncaught WebGPU validation error was raised: [Invalid CommandBuffer] is invalid.
 - While calling [Queue].Submit([[Invalid CommandBuffer]])

[24.0s] error: An uncaught WebGPU validation error was raised: [Invalid ComputePipeline "Concat"] is invalid.
 - While Validating GetBindGroupLayout (0) on [Invalid ComputePipeline "Concat"]

[24.0s] error: An uncaught WebGPU validation error was raised: [Invalid BindGroupLayout (unlabeled)] is invalid.
 - While validating [BindGroupDescriptor ""Concat""] against [Invalid BindGroupLayout (unlabeled)]
 - While calling [Device].CreateBindGroup([BindGroupDescriptor ""Concat""]).

[24.0s] error: An uncaught WebGPU validation error was raised: [Invalid ComputePipeline "Transpose"] is invalid.
 - While Validating GetBindGroupLayout (0) on [Invalid ComputePipeline "Transpose"]

[24.0s] error: An uncaught WebGPU validation error was raised: [Invalid BindGroupLayout (unlabeled)] is invalid.
 - While validating [BindGroupDescriptor ""Transpose""] against [Invalid BindGroupLayout (unlabeled)]
 - While calling [Device].CreateBindGroup([BindGroupDescriptor ""Transpose""]).

[24.0s] error: An uncaught WebGPU validation error was raised: [Invalid ComputePipeline "Conv2DMatMul"] is invalid.
 - While Validating GetBindGroupLayout (0) on [Invalid ComputePipeline "Conv2DMatMul"]

[24.0s] error: An uncaught WebGPU validation error was raised: [Invalid BindGroupLayout (unlabeled)] is invalid.
 - While validating [BindGroupDescriptor ""Conv2DMatMul""] against [Invalid BindGroupLayout (unlabeled)]
 - While calling [Device].CreateBindGroup([BindGroupDescriptor ""Conv2DMatMul""]).

[24.0s] error: An uncaught WebGPU validation error was raised: [Invalid ComputePipeline "Conv2DMatMul"] is invalid.
 - While Validating GetBindGroupLayout (0) on [Invalid ComputePipeline "Conv2DMatMul"]

[24.0s] error: An uncaught WebGPU validation error was raised: [Invalid BindGroupLayout (unlabeled)] is invalid.
 - While validating [BindGroupDescriptor ""Conv2DMatMul""] against [Invalid BindGroupLayout (unlabeled)]
 - While calling [Device].CreateBindGroup([BindGroupDescriptor ""Conv2DMatMul""]).

[24.0s] error: An uncaught WebGPU validation error was raised: [Invalid ComputePipeline "Cast"] is invalid.
 - While Validating GetBindGroupLayout (0) on [Invalid ComputePipeline "Cast"]

[24.0s] error: An uncaught WebGPU validation error was raised: [Invalid BindGroupLayout (unlabeled)] is invalid.
 - While validating [BindGroupDescriptor ""Cast""] against [Invalid BindGroupLayout (unlabeled)]
 - While calling [Device].CreateBindGroup([BindGroupDescriptor ""Cast""]).

[24.0s] error: An uncaught WebGPU validation error was raised: [Invalid ComputePipeline "Cast"] is invalid.
 - While Validating GetBindGroupLayout (0) on [Invalid ComputePipeline "Cast"]

[24.0s] error: An uncaught WebGPU validation error was raised: [Invalid BindGroupLayout (unlabeled)] is invalid.
 - While validating [BindGroupDescriptor ""Cast""] against [Invalid BindGroupLayout (unlabeled)]
 - While calling [Device].CreateBindGroup([BindGroupDescriptor ""Cast""]).

[24.0s] error: An uncaught WebGPU validation error was raised: [Invalid ComputePipeline "Concat"] is invalid.
 - While Validating GetBindGroupLayout (0) on [Invalid ComputePipeline "Concat"]

[24.0s] error: An uncaught WebGPU validation error was raised: [Invalid BindGroupLayout (unlabeled)] is invalid.
 - While validating [BindGroupDescriptor ""Concat""] against [Invalid BindGroupLayout (unlabeled)]
 - While calling [Device].CreateBindGroup([BindGroupDescriptor ""Concat""]).

[24.0s] error: An uncaught WebGPU validation error was raised: [Invalid ComputePipeline "Transpose"] is invalid.
 - While Validating GetBindGroupLayout (0) on [Invalid ComputePipeline "Transpose"]

[24.0s] error: An uncaught WebGPU validation error was raised: [Invalid BindGroupLayout (unlabeled)] is invalid.
 - While validating [BindGroupDescriptor ""Transpose""] against [Invalid BindGroupLayout (unlabeled)]
 - While calling [Device].CreateBindGroup([BindGroupDescriptor ""Transpose""]).

[24.0s] error: An uncaught WebGPU validation error was raised: [Invalid ComputePipeline "Conv2DMatMul"] is invalid.
 - While Validating GetBindGroupLayout (0) on [Invalid ComputePipeline "Conv2DMatMul"]

[24.0s] error: An uncaught WebGPU validation error was raised: [Invalid BindGroupLayout (unlabeled)] is invalid.
 - While validating [BindGroupDescriptor ""Conv2DMatMul""] against [Invalid BindGroupLayout (unlabeled)]
 - While calling [Device].CreateBindGroup([BindGroupDescriptor ""Conv2DMatMul""]).

[24.0s] error: An uncaught WebGPU validation error was raised: [Invalid ComputePipeline "Conv2DMatMul"] is invalid.
 - While Validating GetBindGroupLayout (0) on [Invalid ComputePipeline "Conv2DMatMul"]

[24.0s] error: An uncaught WebGPU validation error was raised: [Invalid BindGroupLayout (unlabeled)] is invalid.
 - While validating [BindGroupDescriptor ""Conv2DMatMul""] against [Invalid BindGroupLayout (unlabeled)]
 - While calling [Device].CreateBindGroup([BindGroupDescriptor ""Conv2DMatMul""]).

[24.0s] error: An uncaught WebGPU validation error was raised: [Invalid ComputePipeline "Cast"] is invalid.
 - While Validating GetBindGroupLayout (0) on [Invalid ComputePipeline "Cast"]

[24.0s] error: An uncaught WebGPU validation error was raised: [Invalid BindGroupLayout (unlabeled)] is invalid.
 - While validating [BindGroupDescriptor ""Cast""] against [Invalid BindGroupLayout (unlabeled)]
 - While calling [Device].CreateBindGroup([BindGroupDescriptor ""Cast""]).

[24.0s] error: An uncaught WebGPU validation error was raised: [Invalid ComputePipeline "Cast"] is invalid.
 - While Validating GetBindGroupLayout (0) on [Invalid ComputePipeline "Cast"]

[24.0s] error: An uncaught WebGPU validation error was raised: [Invalid BindGroupLayout (unlabeled)] is invalid.
 - While validating [BindGroupDescriptor ""Cast""] against [Invalid BindGroupLayout (unlabeled)]
 - While calling [Device].CreateBindGroup([BindGroupDescriptor ""Cast""]).

[24.0s] error: An uncaught WebGPU validation error was raised: [Invalid ComputePipeline "Concat"] is invalid.
 - While encoding [ComputePassEncoder (unlabeled)].SetPipeline([Invalid ComputePipeline "Concat"]).
 - While finishing [CommandEncoder (unlabeled)].

[24.0s] error: An uncaught WebGPU validation error was raised: [Invalid CommandBuffer] is invalid.
 - While calling [Queue].Submit([[Invalid CommandBuffer]])

[24.0s] error: An uncaught WebGPU validation error was raised: [Invalid ComputePipeline "Concat"] is invalid.
 - While Validating GetBindGroupLayout (0) on [Invalid ComputePipeline "Concat"]

[24.0s] error: An uncaught WebGPU validation error was raised: [Invalid BindGroupLayout (unlabeled)] is invalid.
 - While validating [BindGroupDescriptor ""Concat""] against [Invalid BindGroupLayout (unlabeled)]
 - While calling [Device].CreateBindGroup([BindGroupDescriptor ""Concat""]).

[24.0s] error: An uncaught WebGPU validation error was raised: [Invalid ComputePipeline "Transpose"] is invalid.
 - While Validating GetBindGroupLayout (0) on [Invalid ComputePipeline "Transpose"]

[24.0s] error: An uncaught WebGPU validation error was raised: [Invalid BindGroupLayout (unlabeled)] is invalid.
 - While validating [BindGroupDescriptor ""Transpose""] against [Invalid BindGroupLayout (unlabeled)]
 - While calling [Device].CreateBindGroup([BindGroupDescriptor ""Transpose""]).

[24.0s] error: An uncaught WebGPU validation error was raised: [Invalid ComputePipeline "Conv2DMatMul"] is invalid.
 - While Validating GetBindGroupLayout (0) on [Invalid ComputePipeline "Conv2DMatMul"]

[24.0s] error: An uncaught WebGPU validation error was raised: [Invalid BindGroupLayout (unlabeled)] is invalid.
 - While validating [BindGroupDescriptor ""Conv2DMatMul""] against [Invalid BindGroupLayout (unlabeled)]
 - While calling [Device].CreateBindGroup([BindGroupDescriptor ""Conv2DMatMul""]).

[24.0s] error: An uncaught WebGPU validation error was raised: [Invalid ComputePipeline "Conv2DMatMul"] is invalid.
 - While Validating GetBindGroupLayout (0) on [Invalid ComputePipeline "Conv2DMatMul"]

[24.0s] error: An uncaught WebGPU validation error was raised: [Invalid BindGroupLayout (unlabeled)] is invalid.
 - While validating [BindGroupDescriptor ""Conv2DMatMul""] against [Invalid BindGroupLayout (unlabeled)]
 - While calling [Device].CreateBindGroup([BindGroupDescriptor ""Conv2DMatMul""]).

[24.0s] error: An uncaught WebGPU validation error was raised: [Invalid ComputePipeline "Cast"] is invalid.
 - While Validating GetBindGroupLayout (0) on [Invalid ComputePipeline "Cast"]

[24.0s] error: An uncaught WebGPU validation error was raised: [Invalid BindGroupLayout (unlabeled)] is invalid.
 - While validating [BindGroupDescriptor ""Cast""] against [Invalid BindGroupLayout (unlabeled)]
 - While calling [Device].CreateBindGroup([BindGroupDescriptor ""Cast""]).

[24.0s] error: An uncaught WebGPU validation error was raised: [Invalid ComputePipeline "Cast"] is invalid.
 - While Validating GetBindGroupLayout (0) on [Invalid ComputePipeline "Cast"]

[24.0s] error: An uncaught WebGPU validation error was raised: [Invalid BindGroupLayout (unlabeled)] is invalid.
 - While validating [BindGroupDescriptor ""Cast""] against [Invalid BindGroupLayout (unlabeled)]
 - While calling [Device].CreateBindGroup([BindGroupDescriptor ""Cast""]).

[24.0s] error: An uncaught WebGPU validation error was raised: [Invalid ComputePipeline "Concat"] is invalid.
 - While Validating GetBindGroupLayout (0) on [Invalid ComputePipeline "Concat"]

[24.0s] error: An uncaught WebGPU validation error was raised: [Invalid BindGroupLayout (unlabeled)] is invalid.
 - While validating [BindGroupDescriptor ""Concat""] against [Invalid BindGroupLayout (unlabeled)]
 - While calling [Device].CreateBindGroup([BindGroupDescriptor ""Concat""]).

[24.0s] error: An uncaught WebGPU validation error was raised: [Invalid ComputePipeline "Transpose"] is invalid.
 - While Validating GetBindGroupLayout (0) on [Invalid ComputePipeline "Transpose"]

[24.0s] error: An uncaught WebGPU validation error was raised: [Invalid BindGroupLayout (unlabeled)] is invalid.
 - While validating [BindGroupDescriptor ""Transpose""] against [Invalid BindGroupLayout (unlabeled)]
 - While calling [Device].CreateBindGroup([BindGroupDescriptor ""Transpose""]).

[24.0s] error: An uncaught WebGPU validation error was raised: [Invalid ComputePipeline "Conv2DMatMul"] is invalid.
 - While Validating GetBindGroupLayout (0) on [Invalid ComputePipeline "Conv2DMatMul"]

[24.0s] error: An uncaught WebGPU validation error was raised: [Invalid BindGroupLayout (unlabeled)] is invalid.
 - While validating [BindGroupDescriptor ""Conv2DMatMul""] against [Invalid BindGroupLayout (unlabeled)]
 - While calling [Device].CreateBindGroup([BindGroupDescriptor ""Conv2DMatMul""]).

[24.0s] error: An uncaught WebGPU validation error was raised: [Invalid ComputePipeline "Conv2DMatMul"] is invalid.
 - While Validating GetBindGroupLayout (0) on [Invalid ComputePipeline "Conv2DMatMul"]

[24.0s] error: An uncaught WebGPU validation error was raised: [Invalid BindGroupLayout (unlabeled)] is invalid.
 - While validating [BindGroupDescriptor ""Conv2DMatMul""] against [Invalid BindGroupLayout (unlabeled)]
 - While calling [Device].CreateBindGroup([BindGroupDescriptor ""Conv2DMatMul""]).

[24.0s] error: An uncaught WebGPU validation error was raised: [Invalid ComputePipeline "Cast"] is invalid.
 - While Validating GetBindGroupLayout (0) on [Invalid ComputePipeline "Cast"]

[24.0s] error: An uncaught WebGPU validation error was raised: [Invalid BindGroupLayout (unlabeled)] is invalid.
 - While validating [BindGroupDescriptor ""Cast""] against [Invalid BindGroupLayout (unlabeled)]
 - While calling [Device].CreateBindGroup([BindGroupDescriptor ""Cast""]).

[24.0s] error: An uncaught WebGPU validation error was raised: [Invalid ComputePipeline "Cast"] is invalid.
 - While Validating GetBindGroupLayout (0) on [Invalid ComputePipeline "Cast"]

[24.0s] error: An uncaught WebGPU validation error was raised: [Invalid BindGroupLayout (unlabeled)] is invalid.
 - While validating [BindGroupDescriptor ""Cast""] against [Invalid BindGroupLayout (unlabeled)]
 - While calling [Device].CreateBindGroup([BindGroupDescriptor ""Cast""]).

[24.0s] error: An uncaught WebGPU validation error was raised: [Invalid ComputePipeline "Concat"] is invalid.
 - While encoding [ComputePassEncoder (unlabeled)].SetPipeline([Invalid ComputePipeline "Concat"]).
 - While finishing [CommandEncoder (unlabeled)].

[24.0s] error: An uncaught WebGPU validation error was raised: [Invalid CommandBuffer] is invalid.
 - While calling [Queue].Submit([[Invalid CommandBuffer]])

[24.0s] error: An uncaught WebGPU validation error was raised: [Invalid ComputePipeline "Transpose"] is invalid.
 - While Validating GetBindGroupLayout (0) on [Invalid ComputePipeline "Transpose"]

[24.0s] error: An uncaught WebGPU validation error was raised: [Invalid BindGroupLayout (unlabeled)] is invalid.
 - While validating [BindGroupDescriptor ""Transpose""] against [Invalid BindGroupLayout (unlabeled)]
 - While calling [Device].CreateBindGroup([BindGroupDescriptor ""Transpose""]).

[24.0s] error: An uncaught WebGPU validation error was raised: [Invalid ComputePipeline "Conv2DMatMul"] is invalid.
 - While Validating GetBindGroupLayout (0) on [Invalid ComputePipeline "Conv2DMatMul"]

[24.0s] error: An uncaught WebGPU validation error was raised: [Invalid BindGroupLayout (unlabeled)] is invalid.
 - While validating [BindGroupDescriptor ""Conv2DMatMul""] against [Invalid BindGroupLayout (unlabeled)]
 - While calling [Device].CreateBindGroup([BindGroupDescriptor ""Conv2DMatMul""]).

[24.0s] error: An uncaught WebGPU validation error was raised: [Invalid ComputePipeline "Conv2DMatMul"] is invalid.
 - While Validating GetBindGroupLayout (0) on [Invalid ComputePipeline "Conv2DMatMul"]

[24.0s] error: An uncaught WebGPU validation error was raised: [Invalid BindGroupLayout (unlabeled)] is invalid.
 - While validating [BindGroupDescriptor ""Conv2DMatMul""] against [Invalid BindGroupLayout (unlabeled)]
 - While calling [Device].CreateBindGroup([BindGroupDescriptor ""Conv2DMatMul""]).

[24.0s] error: An uncaught WebGPU validation error was raised: [Invalid ComputePipeline "Conv2DMatMul"] is invalid.
 - While Validating GetBindGroupLayout (0) on [Invalid ComputePipeline "Conv2DMatMul"]

[24.0s] error: An uncaught WebGPU validation error was raised: [Invalid BindGroupLayout (unlabeled)] is invalid.
 - While validating [BindGroupDescriptor ""Conv2DMatMul""] against [Invalid BindGroupLayout (unlabeled)]
 - While calling [Device].CreateBindGroup([BindGroupDescriptor ""Conv2DMatMul""]).

[24.0s] error: An uncaught WebGPU validation error was raised: [Invalid ComputePipeline "Transpose"] is invalid.
 - While Validating GetBindGroupLayout (0) on [Invalid ComputePipeline "Transpose"]

[24.0s] error: An uncaught WebGPU validation error was raised: [Invalid BindGroupLayout (unlabeled)] is invalid.
 - While validating [BindGroupDescriptor ""Transpose""] against [Invalid BindGroupLayout (unlabeled)]
 - While calling [Device].CreateBindGroup([BindGroupDescriptor ""Transpose""]).

[24.0s] error: An uncaught WebGPU validation error was raised: [Invalid ComputePipeline "Transpose"] is invalid.
 - While encoding [ComputePassEncoder (unlabeled)].SetPipeline([Invalid ComputePipeline "Transpose"]).
 - While finishing [CommandEncoder (unlabeled)].

[24.0s] error: An uncaught WebGPU validation error was raised: [Invalid CommandBuffer] is invalid.
 - While calling [Queue].Submit([[Invalid CommandBuffer]])

[24.1s] error: An uncaught WebGPU validation error was raised: [Invalid ComputePipeline "Sub"] is invalid.
 - While Validating GetBindGroupLayout (0) on [Invalid ComputePipeline "Sub"]

[24.1s] error: An uncaught WebGPU validation error was raised: [Invalid BindGroupLayout (unlabeled)] is invalid.
 - While validating [BindGroupDescriptor ""Sub""] against [Invalid BindGroupLayout (unlabeled)]
 - While calling [Device].CreateBindGroup([BindGroupDescriptor ""Sub""]).

[24.1s] error: An uncaught WebGPU validation error was raised: [Invalid ComputePipeline "Div"] is invalid.
 - While Validating GetBindGroupLayout (0) on [Invalid ComputePipeline "Div"]

[24.1s] error: An uncaught WebGPU validation error was raised: [Invalid BindGroupLayout (unlabeled)] is invalid.
 - While validating [BindGroupDescriptor ""Div""] against [Invalid BindGroupLayout (unlabeled)]
 - While calling [Device].CreateBindGroup([BindGroupDescriptor ""Div""]).

[24.1s] error: An uncaught WebGPU validation error was raised: [Invalid ComputePipeline "Transpose"] is invalid.
 - While Validating GetBindGroupLayout (0) on [Invalid ComputePipeline "Transpose"]

[24.1s] error: An uncaught WebGPU validation error was raised: [Invalid BindGroupLayout (unlabeled)] is invalid.
 - While validating [BindGroupDescriptor ""Transpose""] against [Invalid BindGroupLayout (unlabeled)]
 - While calling [Device].CreateBindGroup([BindGroupDescriptor ""Transpose""]).

[24.1s] error: An uncaught WebGPU validation error was raised: [Invalid ComputePipeline "Conv2DMatMul"] is invalid.
 - While Validating GetBindGroupLayout (0) on [Invalid ComputePipeline "Conv2DMatMul"]

[24.1s] error: An uncaught WebGPU validation error was raised: [Invalid BindGroupLayout (unlabeled)] is invalid.
 - While validating [BindGroupDescriptor ""Conv2DMatMul""] against [Invalid BindGroupLayout (unlabeled)]
 - While calling [Device].CreateBindGroup([BindGroupDescriptor ""Conv2DMatMul""]).

[24.1s] error: An uncaught WebGPU validation error was raised: [Invalid ComputePipeline "Transpose"] is invalid.
 - While Validating GetBindGroupLayout (0) on [Invalid ComputePipeline "Transpose"]

[24.1s] error: An uncaught WebGPU validation error was raised: [Invalid BindGroupLayout (unlabeled)] is invalid.
 - While validating [BindGroupDescriptor ""Transpose""] against [Invalid BindGroupLayout (unlabeled)]
 - While calling [Device].CreateBindGroup([BindGroupDescriptor ""Transpose""]).

[24.1s] error: An uncaught WebGPU validation error was raised: [Invalid ComputePipeline "MaxPool"] is invalid.
 - While Validating GetBindGroupLayout (0) on [Invalid ComputePipeline "MaxPool"]

[24.1s] error: An uncaught WebGPU validation error was raised: [Invalid BindGroupLayout (unlabeled)] is invalid.
 - While validating [BindGroupDescriptor ""MaxPool""] against [Invalid BindGroupLayout (unlabeled)]
 - While calling [Device].CreateBindGroup([BindGroupDescriptor ""MaxPool""]).

[24.1s] error: An uncaught WebGPU validation error was raised: [Invalid ComputePipeline "Conv2DMatMul"] is invalid.
 - While Validating GetBindGroupLayout (0) on [Invalid ComputePipeline "Conv2DMatMul"]

[24.1s] error: An uncaught WebGPU validation error was raised: [Invalid BindGroupLayout (unlabeled)] is invalid.
 - While validating [BindGroupDescriptor ""Conv2DMatMul""] against [Invalid BindGroupLayout (unlabeled)]
 - While calling [Device].CreateBindGroup([BindGroupDescriptor ""Conv2DMatMul""]).

[24.1s] error: An uncaught WebGPU validation error was raised: [Invalid ComputePipeline "Conv2DMatMul"] is invalid.
 - While Validating GetBindGroupLayout (0) on [Invalid ComputePipeline "Conv2DMatMul"]

[24.1s] error: An uncaught WebGPU validation error was raised: [Invalid BindGroupLayout (unlabeled)] is invalid.
 - While validating [BindGroupDescriptor ""Conv2DMatMul""] against [Invalid BindGroupLayout (unlabeled)]
 - While calling [Device].CreateBindGroup([BindGroupDescriptor ""Conv2DMatMul""]).

[24.1s] error: An uncaught WebGPU validation error was raised: [Invalid ComputePipeline "Add"] is invalid.
 - While Validating GetBindGroupLayout (0) on [Invalid ComputePipeline "Add"]

[24.1s] error: An uncaught WebGPU validation error was raised: [Invalid BindGroupLayout (unlabeled)] is invalid.
 - While validating [BindGroupDescriptor ""Add""] against [Invalid BindGroupLayout (unlabeled)]
 - While calling [Device].CreateBindGroup([BindGroupDescriptor ""Add""]).

[24.1s] error: An uncaught WebGPU validation error was raised: [Invalid ComputePipeline "Relu"] is invalid.
 - While Validating GetBindGroupLayout (0) on [Invalid ComputePipeline "Relu"]

[24.1s] error: An uncaught WebGPU validation error was raised: [Invalid BindGroupLayout (unlabeled)] is invalid.
 - While validating [BindGroupDescriptor ""Relu""] against [Invalid BindGroupLayout (unlabeled)]
 - While calling [Device].CreateBindGroup([BindGroupDescriptor ""Relu""]).

[24.1s] error: An uncaught WebGPU validation error was raised: [Invalid ComputePipeline "Conv2DMatMul"] is invalid.
 - While Validating GetBindGroupLayout (0) on [Invalid ComputePipeline "Conv2DMatMul"]

[24.1s] error: An uncaught WebGPU validation error was raised: [Invalid BindGroupLayout (unlabeled)] is invalid.
 - While validating [BindGroupDescriptor ""Conv2DMatMul""] against [Invalid BindGroupLayout (unlabeled)]
 - While calling [Device].CreateBindGroup([BindGroupDescriptor ""Conv2DMatMul""]).

[24.1s] error: An uncaught WebGPU validation error was raised: [Invalid ComputePipeline "Conv2DMatMul"] is invalid.
 - While Validating GetBindGroupLayout (0) on [Invalid ComputePipeline "Conv2DMatMul"]

[24.1s] error: An uncaught WebGPU validation error was raised: [Invalid BindGroupLayout (unlabeled)] is invalid.
 - While validating [BindGroupDescriptor ""Conv2DMatMul""] against [Invalid BindGroupLayout (unlabeled)]
 - While calling [Device].CreateBindGroup([BindGroupDescriptor ""Conv2DMatMul""]).

[24.1s] error: An uncaught WebGPU validation error was raised: [Invalid ComputePipeline "Add"] is invalid.
 - While Validating GetBindGroupLayout (0) on [Invalid ComputePipeline "Add"]

[24.1s] error: An uncaught WebGPU validation error was raised: [Invalid BindGroupLayout (unlabeled)] is invalid.
 - While validating [BindGroupDescriptor ""Add""] against [Invalid BindGroupLayout (unlabeled)]
 - While calling [Device].CreateBindGroup([BindGroupDescriptor ""Add""]).

[24.1s] error: An uncaught WebGPU validation error was raised: [Invalid ComputePipeline "Relu"] is invalid.
 - While Validating GetBindGroupLayout (0) on [Invalid ComputePipeline "Relu"]

[24.1s] error: An uncaught WebGPU validation error was raised: [Invalid BindGroupLayout (unlabeled)] is invalid.
 - While validating [BindGroupDescriptor ""Relu""] against [Invalid BindGroupLayout (unlabeled)]
 - While calling [Device].CreateBindGroup([BindGroupDescriptor ""Relu""]).

[24.1s] error: An uncaught WebGPU validation error was raised: [Invalid ComputePipeline "Transpose"] is invalid.
 - While Validating GetBindGroupLayout (0) on [Invalid ComputePipeline "Transpose"]

[24.1s] error: An uncaught WebGPU validation error was raised: [Invalid BindGroupLayout (unlabeled)] is invalid.
 - While validating [BindGroupDescriptor ""Transpose""] against [Invalid BindGroupLayout (unlabeled)]
 - While calling [Device].CreateBindGroup([BindGroupDescriptor ""Transpose""]).

[24.1s] error: An uncaught WebGPU validation error was raised: [Invalid ComputePipeline "Conv2DMatMul"] is invalid.
 - While Validating GetBindGroupLayout (0) on [Invalid ComputePipeline "Conv2DMatMul"]

[24.1s] error: An uncaught WebGPU validation error was raised: [Invalid BindGroupLayout (unlabeled)] is invalid.
 - While validating [BindGroupDescriptor ""Conv2DMatMul""] against [Invalid BindGroupLayout (unlabeled)]
 - While calling [Device].CreateBindGroup([BindGroupDescriptor ""Conv2DMatMul""]).

[24.1s] error: An uncaught WebGPU validation error was raised: [Invalid ComputePipeline "Sub"] is invalid.
 - While encoding [ComputePassEncoder (unlabeled)].SetPipeline([Invalid ComputePipeline "Sub"]).
 - While finishing [CommandEncoder (unlabeled)].

[24.1s] error: An uncaught WebGPU validation error was raised: [Invalid CommandBuffer] is invalid.
 - While calling [Queue].Submit([[Invalid CommandBuffer]])

[24.1s] error: An uncaught WebGPU validation error was raised: [Invalid ComputePipeline "Conv2DMatMul"] is invalid.
 - While Validating GetBindGroupLayout (0) on [Invalid ComputePipeline "Conv2DMatMul"]

[24.1s] error: An uncaught WebGPU validation error was raised: [Invalid BindGroupLayout (unlabeled)] is invalid.
 - While validating [BindGroupDescriptor ""Conv2DMatMul""] against [Invalid BindGroupLayout (unlabeled)]
 - While calling [Device].CreateBindGroup([BindGroupDescriptor ""Conv2DMatMul""]).

[24.1s] error: An uncaught WebGPU validation error was raised: [Invalid ComputePipeline "Conv2DMatMul"] is invalid.
 - While Validating GetBindGroupLayout (0) on [Invalid ComputePipeline "Conv2DMatMul"]

[24.1s] error: An uncaught WebGPU validation error was raised: [Invalid BindGroupLayout (unlabeled)] is invalid.
 - While validating [BindGroupDescriptor ""Conv2DMatMul""] against [Invalid BindGroupLayout (unlabeled)]
 - While calling [Device].CreateBindGroup([BindGroupDescriptor ""Conv2DMatMul""]).

[24.1s] error: An uncaught WebGPU validation error was raised: [Invalid ComputePipeline "Add"] is invalid.
 - While Validating GetBindGroupLayout (0) on [Invalid ComputePipeline "Add"]

[24.1s] error: An uncaught WebGPU validation error was raised: [Invalid BindGroupLayout (unlabeled)] is invalid.
 - While validating [BindGroupDescriptor ""Add""] against [Invalid BindGroupLayout (unlabeled)]
 - While calling [Device].CreateBindGroup([BindGroupDescriptor ""Add""]).

[24.1s] error: An uncaught WebGPU validation error was raised: [Invalid ComputePipeline "Relu"] is invalid.
 - While Validating GetBindGroupLayout (0) on [Invalid ComputePipeline "Relu"]

[24.1s] error: An uncaught WebGPU validation error was raised: [Invalid BindGroupLayout (unlabeled)] is invalid.
 - While validating [BindGroupDescriptor ""Relu""] against [Invalid BindGroupLayout (unlabeled)]
 - While calling [Device].CreateBindGroup([BindGroupDescriptor ""Relu""]).

[24.1s] error: An uncaught WebGPU validation error was raised: [Invalid ComputePipeline "Conv2DMatMul"] is invalid.
 - While Validating GetBindGroupLayout (0) on [Invalid ComputePipeline "Conv2DMatMul"]

[24.1s] error: An uncaught WebGPU validation error was raised: [Invalid BindGroupLayout (unlabeled)] is invalid.
 - While validating [BindGroupDescriptor ""Conv2DMatMul""] against [Invalid BindGroupLayout (unlabeled)]
 - While calling [Device].CreateBindGroup([BindGroupDescriptor ""Conv2DMatMul""]).

[24.1s] error: An uncaught WebGPU validation error was raised: [Invalid ComputePipeline "Conv2DMatMul"] is invalid.
 - While Validating GetBindGroupLayout (0) on [Invalid ComputePipeline "Conv2DMatMul"]

[24.1s] error: An uncaught WebGPU validation error was raised: [Invalid BindGroupLayout (unlabeled)] is invalid.
 - While validating [BindGroupDescriptor ""Conv2DMatMul""] against [Invalid BindGroupLayout (unlabeled)]
 - While calling [Device].CreateBindGroup([BindGroupDescriptor ""Conv2DMatMul""]).

[24.1s] error: An uncaught WebGPU validation error was raised: [Invalid ComputePipeline "Add"] is invalid.
 - While Validating GetBindGroupLayout (0) on [Invalid ComputePipeline "Add"]

[24.1s] error: An uncaught WebGPU validation error was raised: [Invalid BindGroupLayout (unlabeled)] is invalid.
 - While validating [BindGroupDescriptor ""Add""] against [Invalid BindGroupLayout (unlabeled)]
 - While calling [Device].CreateBindGroup([BindGroupDescriptor ""Add""]).

[24.1s] error: An uncaught WebGPU validation error was raised: [Invalid ComputePipeline "Relu"] is invalid.
 - While Validating GetBindGroupLayout (0) on [Invalid ComputePipeline "Relu"]

[24.1s] error: An uncaught WebGPU validation error was raised: [Invalid BindGroupLayout (unlabeled)] is invalid.
 - While validating [BindGroupDescriptor ""Relu""] against [Invalid BindGroupLayout (unlabeled)]
 - While calling [Device].CreateBindGroup([BindGroupDescriptor ""Relu""]).

[24.1s] error: An uncaught WebGPU validation error was raised: [Invalid ComputePipeline "Transpose"] is invalid.
 - While Validating GetBindGroupLayout (0) on [Invalid ComputePipeline "Transpose"]

[24.1s] error: An uncaught WebGPU validation error was raised: [Invalid BindGroupLayout (unlabeled)] is invalid.
 - While validating [BindGroupDescriptor ""Transpose""] against [Invalid BindGroupLayout (unlabeled)]
 - While calling [Device].CreateBindGroup([BindGroupDescriptor ""Transpose""]).

[24.1s] error: An uncaught WebGPU validation error was raised: [Invalid ComputePipeline "Conv2DMatMul"] is invalid.
 - While Validating GetBindGroupLayout (0) on [Invalid ComputePipeline "Conv2DMatMul"]

[24.1s] error: An uncaught WebGPU validation error was raised: [Invalid BindGroupLayout (unlabeled)] is invalid.
 - While validating [BindGroupDescriptor ""Conv2DMatMul""] against [Invalid BindGroupLayout (unlabeled)]
 - While calling [Device].CreateBindGroup([BindGroupDescriptor ""Conv2DMatMul""]).

[24.1s] error: An uncaught WebGPU validation error was raised: [Invalid ComputePipeline "Conv2DMatMul"] is invalid.
 - While Validating GetBindGroupLayout (0) on [Invalid ComputePipeline "Conv2DMatMul"]

[24.1s] error: An uncaught WebGPU validation error was raised: [Invalid BindGroupLayout (unlabeled)] is invalid.
 - While validating [BindGroupDescriptor ""Conv2DMatMul""] against [Invalid BindGroupLayout (unlabeled)]
 - While calling [Device].CreateBindGroup([BindGroupDescriptor ""Conv2DMatMul""]).

[24.1s] error: An uncaught WebGPU validation error was raised: [Invalid ComputePipeline "Conv2DMatMul"] is invalid.
 - While Validating GetBindGroupLayout (0) on [Invalid ComputePipeline "Conv2DMatMul"]

[24.1s] error: An uncaught WebGPU validation error was raised: [Invalid BindGroupLayout (unlabeled)] is invalid.
 - While validating [BindGroupDescriptor ""Conv2DMatMul""] against [Invalid BindGroupLayout (unlabeled)]
 - While calling [Device].CreateBindGroup([BindGroupDescriptor ""Conv2DMatMul""]).

[24.1s] error: An uncaught WebGPU validation error was raised: [Invalid ComputePipeline "Add"] is invalid.
 - While Validating GetBindGroupLayout (0) on [Invalid ComputePipeline "Add"]

[24.1s] error: An uncaught WebGPU validation error was raised: [Invalid BindGroupLayout (unlabeled)] is invalid.
 - While validating [BindGroupDescriptor ""Add""] against [Invalid BindGroupLayout (unlabeled)]
 - While calling [Device].CreateBindGroup([BindGroupDescriptor ""Add""]).

[24.1s] error: An uncaught WebGPU validation error was raised: [Invalid ComputePipeline "Relu"] is invalid.
 - While Validating GetBindGroupLayout (0) on [Invalid ComputePipeline "Relu"]

[24.1s] error: An uncaught WebGPU validation error was raised: [Invalid BindGroupLayout (unlabeled)] is invalid.
 - While validating [BindGroupDescriptor ""Relu""] against [Invalid BindGroupLayout (unlabeled)]
 - While calling [Device].CreateBindGroup([BindGroupDescriptor ""Relu""]).

[24.1s] error: An uncaught WebGPU validation error was raised: [Invalid ComputePipeline "Conv2DMatMul"] is invalid.
 - While Validating GetBindGroupLayout (0) on [Invalid ComputePipeline "Conv2DMatMul"]

[24.1s] error: An uncaught WebGPU validation error was raised: [Invalid BindGroupLayout (unlabeled)] is invalid.
 - While validating [BindGroupDescriptor ""Conv2DMatMul""] against [Invalid BindGroupLayout (unlabeled)]
 - While calling [Device].CreateBindGroup([BindGroupDescriptor ""Conv2DMatMul""]).

[24.1s] error: An uncaught WebGPU validation error was raised: [Invalid ComputePipeline "Conv2DMatMul"] is invalid.
 - While Validating GetBindGroupLayout (0) on [Invalid ComputePipeline "Conv2DMatMul"]

[24.1s] error: An uncaught WebGPU validation error was raised: [Invalid BindGroupLayout (unlabeled)] is invalid.
 - While validating [BindGroupDescriptor ""Conv2DMatMul""] against [Invalid BindGroupLayout (unlabeled)]
 - While calling [Device].CreateBindGroup([BindGroupDescriptor ""Conv2DMatMul""]).

[24.1s] error: An uncaught WebGPU validation error was raised: [Invalid ComputePipeline "Conv2DMatMul"] is invalid.
 - While encoding [ComputePassEncoder (unlabeled)].SetPipeline([Invalid ComputePipeline "Conv2DMatMul"]).
 - While finishing [CommandEncoder (unlabeled)].

[24.1s] error: An uncaught WebGPU validation error was raised: [Invalid CommandBuffer] is invalid.
 - While calling [Queue].Submit([[Invalid CommandBuffer]])

[24.1s] error: An uncaught WebGPU validation error was raised: [Invalid ComputePipeline "Add"] is invalid.
 - While Validating GetBindGroupLayout (0) on [Invalid ComputePipeline "Add"]

[24.1s] error: An uncaught WebGPU validation error was raised: [Invalid BindGroupLayout (unlabeled)] is invalid.
 - While validating [BindGroupDescriptor ""Add""] against [Invalid BindGroupLayout (unlabeled)]
 - While calling [Device].CreateBindGroup([BindGroupDescriptor ""Add""]).

[24.1s] error: An uncaught WebGPU validation error was raised: [Invalid ComputePipeline "Relu"] is invalid.
 - While Validating GetBindGroupLayout (0) on [Invalid ComputePipeline "Relu"]

[24.1s] error: An uncaught WebGPU validation error was raised: [Invalid BindGroupLayout (unlabeled)] is invalid.
 - While validating [BindGroupDescriptor ""Relu""] against [Invalid BindGroupLayout (unlabeled)]
 - While calling [Device].CreateBindGroup([BindGroupDescriptor ""Relu""]).

[24.1s] error: An uncaught WebGPU validation error was raised: [Invalid ComputePipeline "Transpose"] is invalid.
 - While Validating GetBindGroupLayout (0) on [Invalid ComputePipeline "Transpose"]

[24.1s] error: An uncaught WebGPU validation error was raised: [Invalid BindGroupLayout (unlabeled)] is invalid.
 - While validating [BindGroupDescriptor ""Transpose""] against [Invalid BindGroupLayout (unlabeled)]
 - While calling [Device].CreateBindGroup([BindGroupDescriptor ""Transpose""]).

[24.1s] error: An uncaught WebGPU validation error was raised: [Invalid ComputePipeline "Conv2DMatMul"] is invalid.
 - While Validating GetBindGroupLayout (0) on [Invalid ComputePipeline "Conv2DMatMul"]

[24.1s] error: An uncaught WebGPU validation error was raised: [Invalid BindGroupLayout (unlabeled)] is invalid.
 - While validating [BindGroupDescriptor ""Conv2DMatMul""] against [Invalid BindGroupLayout (unlabeled)]
 - While calling [Device].CreateBindGroup([BindGroupDescriptor ""Conv2DMatMul""]).

[24.1s] error: An uncaught WebGPU validation error was raised: [Invalid ComputePipeline "Conv2DMatMul"] is invalid.
 - While Validating GetBindGroupLayout (0) on [Invalid ComputePipeline "Conv2DMatMul"]

[24.1s] error: An uncaught WebGPU validation error was raised: [Invalid BindGroupLayout (unlabeled)] is invalid.
 - While validating [BindGroupDescriptor ""Conv2DMatMul""] against [Invalid BindGroupLayout (unlabeled)]
 - While calling [Device].CreateBindGroup([BindGroupDescriptor ""Conv2DMatMul""]).

[24.1s] error: An uncaught WebGPU validation error was raised: [Invalid ComputePipeline "Conv2DMatMul"] is invalid.
 - While Validating GetBindGroupLayout (0) on [Invalid ComputePipeline "Conv2DMatMul"]

[24.1s] error: An uncaught WebGPU validation error was raised: [Invalid BindGroupLayout (unlabeled)] is invalid.
 - While validating [BindGroupDescriptor ""Conv2DMatMul""] against [Invalid BindGroupLayout (unlabeled)]
 - While calling [Device].CreateBindGroup([BindGroupDescriptor ""Conv2DMatMul""]).

[24.1s] error: An uncaught WebGPU validation error was raised: [Invalid ComputePipeline "Add"] is invalid.
 - While Validating GetBindGroupLayout (0) on [Invalid ComputePipeline "Add"]

[24.1s] error: An uncaught WebGPU validation error was raised: [Invalid BindGroupLayout (unlabeled)] is invalid.
 - While validating [BindGroupDescriptor ""Add""] against [Invalid BindGroupLayout (unlabeled)]
 - While calling [Device].CreateBindGroup([BindGroupDescriptor ""Add""]).

[24.1s] error: An uncaught WebGPU validation error was raised: [Invalid ComputePipeline "Relu"] is invalid.
 - While Validating GetBindGroupLayout (0) on [Invalid ComputePipeline "Relu"]

[24.1s] error: An uncaught WebGPU validation error was raised: [Invalid BindGroupLayout (unlabeled)] is invalid.
 - While validating [BindGroupDescriptor ""Relu""] against [Invalid BindGroupLayout (unlabeled)]
 - While calling [Device].CreateBindGroup([BindGroupDescriptor ""Relu""]).

[24.1s] error: An uncaught WebGPU validation error was raised: [Invalid ComputePipeline "Conv2DMatMul"] is invalid.
 - While Validating GetBindGroupLayout (0) on [Invalid ComputePipeline "Conv2DMatMul"]

[24.1s] error: An uncaught WebGPU validation error was raised: [Invalid BindGroupLayout (unlabeled)] is invalid.
 - While validating [BindGroupDescriptor ""Conv2DMatMul""] against [Invalid BindGroupLayout (unlabeled)]
 - While calling [Device].CreateBindGroup([BindGroupDescriptor ""Conv2DMatMul""]).

[24.1s] error: An uncaught WebGPU validation error was raised: [Invalid ComputePipeline "Conv2DMatMul"] is invalid.
 - While Validating GetBindGroupLayout (0) on [Invalid ComputePipeline "Conv2DMatMul"]

[24.1s] error: An uncaught WebGPU validation error was raised: [Invalid BindGroupLayout (unlabeled)] is invalid.
 - While validating [BindGroupDescriptor ""Conv2DMatMul""] against [Invalid BindGroupLayout (unlabeled)]
 - While calling [Device].CreateBindGroup([BindGroupDescriptor ""Conv2DMatMul""]).

[24.1s] error: An uncaught WebGPU validation error was raised: [Invalid ComputePipeline "Add"] is invalid.
 - While Validating GetBindGroupLayout (0) on [Invalid ComputePipeline "Add"]

[24.1s] error: An uncaught WebGPU validation error was raised: [Invalid BindGroupLayout (unlabeled)] is invalid.
 - While validating [BindGroupDescriptor ""Add""] against [Invalid BindGroupLayout (unlabeled)]
 - While calling [Device].CreateBindGroup([BindGroupDescriptor ""Add""]).

[24.1s] error: An uncaught WebGPU validation error was raised: [Invalid ComputePipeline "Relu"] is invalid.
 - While Validating GetBindGroupLayout (0) on [Invalid ComputePipeline "Relu"]

[24.1s] error: An uncaught WebGPU validation error was raised: [Invalid BindGroupLayout (unlabeled)] is invalid.
 - While validating [BindGroupDescriptor ""Relu""] against [Invalid BindGroupLayout (unlabeled)]
 - While calling [Device].CreateBindGroup([BindGroupDescriptor ""Relu""]).

[24.1s] error: An uncaught WebGPU validation error was raised: [Invalid ComputePipeline "Cast"] is invalid.
 - While Validating GetBindGroupLayout (0) on [Invalid ComputePipeline "Cast"]

[24.1s] error: An uncaught WebGPU validation error was raised: [Invalid BindGroupLayout (unlabeled)] is invalid.
 - While validating [BindGroupDescriptor ""Cast""] against [Invalid BindGroupLayout (unlabeled)]
 - While calling [Device].CreateBindGroup([BindGroupDescriptor ""Cast""]).

[24.1s] error: An uncaught WebGPU validation error was raised: [Invalid ComputePipeline "Cast"] is invalid.
 - While Validating GetBindGroupLayout (0) on [Invalid ComputePipeline "Cast"]

[24.1s] error: An uncaught WebGPU validation error was raised: [Invalid BindGroupLayout (unlabeled)] is invalid.
 - While validating [BindGroupDescriptor ""Cast""] against [Invalid BindGroupLayout (unlabeled)]
 - While calling [Device].CreateBindGroup([BindGroupDescriptor ""Cast""]).

[24.1s] error: An uncaught WebGPU validation error was raised: [Invalid ComputePipeline "Add"] is invalid.
 - While encoding [ComputePassEncoder (unlabeled)].SetPipeline([Invalid ComputePipeline "Add"]).
 - While finishing [CommandEncoder (unlabeled)].

[24.1s] error: An uncaught WebGPU validation error was raised: [Invalid CommandBuffer] is invalid.
 - While calling [Queue].Submit([[Invalid CommandBuffer]])

[24.1s] error: An uncaught WebGPU validation error was raised: [Invalid ComputePipeline "Concat"] is invalid.
 - While Validating GetBindGroupLayout (0) on [Invalid ComputePipeline "Concat"]

[24.1s] error: An uncaught WebGPU validation error was raised: [Invalid BindGroupLayout (unlabeled)] is invalid.
 - While validating [BindGroupDescriptor ""Concat""] against [Invalid BindGroupLayout (unlabeled)]
 - While calling [Device].CreateBindGroup([BindGroupDescriptor ""Concat""]).

[24.1s] error: An uncaught WebGPU validation error was raised: [Invalid ComputePipeline "Transpose"] is invalid.
 - While Validating GetBindGroupLayout (0) on [Invalid ComputePipeline "Transpose"]

[24.1s] error: An uncaught WebGPU validation error was raised: [Invalid BindGroupLayout (unlabeled)] is invalid.
 - While validating [BindGroupDescriptor ""Transpose""] against [Invalid BindGroupLayout (unlabeled)]
 - While calling [Device].CreateBindGroup([BindGroupDescriptor ""Transpose""]).

[24.1s] error: An uncaught WebGPU validation error was raised: [Invalid ComputePipeline "Conv2DMatMul"] is invalid.
 - While Validating GetBindGroupLayout (0) on [Invalid ComputePipeline "Conv2DMatMul"]

[24.1s] error: An uncaught WebGPU validation error was raised: [Invalid BindGroupLayout (unlabeled)] is invalid.
 - While validating [BindGroupDescriptor ""Conv2DMatMul""] against [Invalid BindGroupLayout (unlabeled)]
 - While calling [Device].CreateBindGroup([BindGroupDescriptor ""Conv2DMatMul""]).

[24.1s] error: An uncaught WebGPU validation error was raised: [Invalid ComputePipeline "Conv2DMatMul"] is invalid.
 - While Validating GetBindGroupLayout (0) on [Invalid ComputePipeline "Conv2DMatMul"]

[24.1s] error: An uncaught WebGPU validation error was raised: [Invalid BindGroupLayout (unlabeled)] is invalid.
 - While validating [BindGroupDescriptor ""Conv2DMatMul""] against [Invalid BindGroupLayout (unlabeled)]
 - While calling [Device].CreateBindGroup([BindGroupDescriptor ""Conv2DMatMul""]).

[24.1s] error: An uncaught WebGPU validation error was raised: [Invalid ComputePipeline "Cast"] is invalid.
 - While Validating GetBindGroupLayout (0) on [Invalid ComputePipeline "Cast"]

[24.1s] error: An uncaught WebGPU validation error was raised: [Invalid BindGroupLayout (unlabeled)] is invalid.
 - While validating [BindGroupDescriptor ""Cast""] against [Invalid BindGroupLayout (unlabeled)]
 - While calling [Device].CreateBindGroup([BindGroupDescriptor ""Cast""]).

[24.1s] error: An uncaught WebGPU validation error was raised: [Invalid ComputePipeline "Cast"] is invalid.
 - While Validating GetBindGroupLayout (0) on [Invalid ComputePipeline "Cast"]

[24.1s] error: An uncaught WebGPU validation error was raised: [Invalid BindGroupLayout (unlabeled)] is invalid.
 - While validating [BindGroupDescriptor ""Cast""] against [Invalid BindGroupLayout (unlabeled)]
 - While calling [Device].CreateBindGroup([BindGroupDescriptor ""Cast""]).

[24.1s] error: An uncaught WebGPU validation error was raised: [Invalid ComputePipeline "Concat"] is invalid.
 - While Validating GetBindGroupLayout (0) on [Invalid ComputePipeline "Concat"]

[24.1s] error: An uncaught WebGPU validation error was raised: [Invalid BindGroupLayout (unlabeled)] is invalid.
 - While validating [BindGroupDescriptor ""Concat""] against [Invalid BindGroupLayout (unlabeled)]
 - While calling [Device].CreateBindGroup([BindGroupDescriptor ""Concat""]).

[24.1s] error: An uncaught WebGPU validation error was raised: [Invalid ComputePipeline "Transpose"] is invalid.
 - While Validating GetBindGroupLayout (0) on [Invalid ComputePipeline "Transpose"]

[24.1s] error: An uncaught WebGPU validation error was raised: [Invalid BindGroupLayout (unlabeled)] is invalid.
 - While validating [BindGroupDescriptor ""Transpose""] against [Invalid BindGroupLayout (unlabeled)]
 - While calling [Device].CreateBindGroup([BindGroupDescriptor ""Transpose""]).

[24.1s] error: An uncaught WebGPU validation error was raised: [Invalid ComputePipeline "Conv2DMatMul"] is invalid.
 - While Validating GetBindGroupLayout (0) on [Invalid ComputePipeline "Conv2DMatMul"]

[24.1s] error: An uncaught WebGPU validation error was raised: [Invalid BindGroupLayout (unlabeled)] is invalid.
 - While validating [BindGroupDescriptor ""Conv2DMatMul""] against [Invalid BindGroupLayout (unlabeled)]
 - While calling [Device].CreateBindGroup([BindGroupDescriptor ""Conv2DMatMul""]).

[24.1s] error: An uncaught WebGPU validation error was raised: [Invalid ComputePipeline "Conv2DMatMul"] is invalid.
 - While Validating GetBindGroupLayout (0) on [Invalid ComputePipeline "Conv2DMatMul"]

[24.1s] error: An uncaught WebGPU validation error was raised: [Invalid BindGroupLayout (unlabeled)] is invalid.
 - While validating [BindGroupDescriptor ""Conv2DMatMul""] against [Invalid BindGroupLayout (unlabeled)]
 - While calling [Device].CreateBindGroup([BindGroupDescriptor ""Conv2DMatMul""]).

[24.1s] error: An uncaught WebGPU validation error was raised: [Invalid ComputePipeline "Cast"] is invalid.
 - While Validating GetBindGroupLayout (0) on [Invalid ComputePipeline "Cast"]

[24.1s] error: An uncaught WebGPU validation error was raised: [Invalid BindGroupLayout (unlabeled)] is invalid.
 - While validating [BindGroupDescriptor ""Cast""] against [Invalid BindGroupLayout (unlabeled)]
 - While calling [Device].CreateBindGroup([BindGroupDescriptor ""Cast""]).

[24.1s] error: An uncaught WebGPU validation error was raised: [Invalid ComputePipeline "Cast"] is invalid.
 - While Validating GetBindGroupLayout (0) on [Invalid ComputePipeline "Cast"]

[24.1s] error: An uncaught WebGPU validation error was raised: [Invalid BindGroupLayout (unlabeled)] is invalid.
 - While validating [BindGroupDescriptor ""Cast""] against [Invalid BindGroupLayout (unlabeled)]
 - While calling [Device].CreateBindGroup([BindGroupDescriptor ""Cast""]).

[24.1s] error: An uncaught WebGPU validation error was raised: [Invalid ComputePipeline "Concat"] is invalid.
 - While encoding [ComputePassEncoder (unlabeled)].SetPipeline([Invalid ComputePipeline "Concat"]).
 - While finishing [CommandEncoder (unlabeled)].

[24.1s] error: An uncaught WebGPU validation error was raised: [Invalid CommandBuffer] is invalid.
 - While calling [Queue].Submit([[Invalid CommandBuffer]])

[24.1s] error: An uncaught WebGPU validation error was raised: [Invalid ComputePipeline "Concat"] is invalid.
 - While Validating GetBindGroupLayout (0) on [Invalid ComputePipeline "Concat"]

[24.1s] error: An uncaught WebGPU validation error was raised: [Invalid BindGroupLayout (unlabeled)] is invalid.
 - While validating [BindGroupDescriptor ""Concat""] against [Invalid BindGroupLayout (unlabeled)]
 - While calling [Device].CreateBindGroup([BindGroupDescriptor ""Concat""]).

[24.1s] error: An uncaught WebGPU validation error was raised: [Invalid ComputePipeline "Transpose"] is invalid.
 - While Validating GetBindGroupLayout (0) on [Invalid ComputePipeline "Transpose"]

[24.1s] error: An uncaught WebGPU validation error was raised: [Invalid BindGroupLayout (unlabeled)] is invalid.
 - While validating [BindGroupDescriptor ""Transpose""] against [Invalid BindGroupLayout (unlabeled)]
 - While calling [Device].CreateBindGroup([BindGroupDescriptor ""Transpose""]).

[24.1s] error: An uncaught WebGPU validation error was raised: [Invalid ComputePipeline "Conv2DMatMul"] is invalid.
 - While Validating GetBindGroupLayout (0) on [Invalid ComputePipeline "Conv2DMatMul"]

[24.1s] error: An uncaught WebGPU validation error was raised: [Invalid BindGroupLayout (unlabeled)] is invalid.
 - While validating [BindGroupDescriptor ""Conv2DMatMul""] against [Invalid BindGroupLayout (unlabeled)]
 - While calling [Device].CreateBindGroup([BindGroupDescriptor ""Conv2DMatMul""]).

[24.1s] error: An uncaught WebGPU validation error was raised: [Invalid ComputePipeline "Conv2DMatMul"] is invalid.
 - While Validating GetBindGroupLayout (0) on [Invalid ComputePipeline "Conv2DMatMul"]

[24.1s] error: An uncaught WebGPU validation error was raised: [Invalid BindGroupLayout (unlabeled)] is invalid.
 - While validating [BindGroupDescriptor ""Conv2DMatMul""] against [Invalid BindGroupLayout (unlabeled)]
 - While calling [Device].CreateBindGroup([BindGroupDescriptor ""Conv2DMatMul""]).

[24.1s] error: An uncaught WebGPU validation error was raised: [Invalid ComputePipeline "Cast"] is invalid.
 - While Validating GetBindGroupLayout (0) on [Invalid ComputePipeline "Cast"]

[24.1s] error: An uncaught WebGPU validation error was raised: [Invalid BindGroupLayout (unlabeled)] is invalid.
 - While validating [BindGroupDescriptor ""Cast""] against [Invalid BindGroupLayout (unlabeled)]
 - While calling [Device].CreateBindGroup([BindGroupDescriptor ""Cast""]).

[24.1s] error: An uncaught WebGPU validation error was raised: [Invalid ComputePipeline "Cast"] is invalid.
 - While Validating GetBindGroupLayout (0) on [Invalid ComputePipeline "Cast"]

[24.1s] error: An uncaught WebGPU validation error was raised: [Invalid BindGroupLayout (unlabeled)] is invalid.
 - While validating [BindGroupDescriptor ""Cast""] against [Invalid BindGroupLayout (unlabeled)]
 - While calling [Device].CreateBindGroup([BindGroupDescriptor ""Cast""]).

[24.1s] error: An uncaught WebGPU validation error was raised: [Invalid ComputePipeline "Concat"] is invalid.
 - While Validating GetBindGroupLayout (0) on [Invalid ComputePipeline "Concat"]

[24.1s] error: An uncaught WebGPU validation error was raised: [Invalid BindGroupLayout (unlabeled)] is invalid.
 - While validating [BindGroupDescriptor ""Concat""] against [Invalid BindGroupLayout (unlabeled)]
 - While calling [Device].CreateBindGroup([BindGroupDescriptor ""Concat""]).

[24.1s] error: An uncaught WebGPU validation error was raised: [Invalid ComputePipeline "Transpose"] is invalid.
 - While Validating GetBindGroupLayout (0) on [Invalid ComputePipeline "Transpose"]

[24.1s] error: An uncaught WebGPU validation error was raised: [Invalid BindGroupLayout (unlabeled)] is invalid.
 - While validating [BindGroupDescriptor ""Transpose""] against [Invalid BindGroupLayout (unlabeled)]
 - While calling [Device].CreateBindGroup([BindGroupDescriptor ""Transpose""]).

[24.1s] error: An uncaught WebGPU validation error was raised: [Invalid ComputePipeline "Conv2DMatMul"] is invalid.
 - While Validating GetBindGroupLayout (0) on [Invalid ComputePipeline "Conv2DMatMul"]

[24.1s] error: An uncaught WebGPU validation error was raised: [Invalid BindGroupLayout (unlabeled)] is invalid.
 - While validating [BindGroupDescriptor ""Conv2DMatMul""] against [Invalid BindGroupLayout (unlabeled)]
 - While calling [Device].CreateBindGroup([BindGroupDescriptor ""Conv2DMatMul""]).

[24.1s] error: An uncaught WebGPU validation error was raised: [Invalid ComputePipeline "Conv2DMatMul"] is invalid.
 - While Validating GetBindGroupLayout (0) on [Invalid ComputePipeline "Conv2DMatMul"]

[24.2s] error: An uncaught WebGPU validation error was raised: [Invalid BindGroupLayout (unlabeled)] is invalid.
 - While validating [BindGroupDescriptor ""Conv2DMatMul""] against [Invalid BindGroupLayout (unlabeled)]
 - While calling [Device].CreateBindGroup([BindGroupDescriptor ""Conv2DMatMul""]).

[24.2s] error: An uncaught WebGPU validation error was raised: [Invalid ComputePipeline "Cast"] is invalid.
 - While Validating GetBindGroupLayout (0) on [Invalid ComputePipeline "Cast"]

[24.2s] error: An uncaught WebGPU validation error was raised: [Invalid BindGroupLayout (unlabeled)] is invalid.
 - While validating [BindGroupDescriptor ""Cast""] against [Invalid BindGroupLayout (unlabeled)]
 - While calling [Device].CreateBindGroup([BindGroupDescriptor ""Cast""]).

[24.2s] error: An uncaught WebGPU validation error was raised: [Invalid ComputePipeline "Cast"] is invalid.
 - While Validating GetBindGroupLayout (0) on [Invalid ComputePipeline "Cast"]

[24.2s] error: An uncaught WebGPU validation error was raised: [Invalid BindGroupLayout (unlabeled)] is invalid.
 - While validating [BindGroupDescriptor ""Cast""] against [Invalid BindGroupLayout (unlabeled)]
 - While calling [Device].CreateBindGroup([BindGroupDescriptor ""Cast""]).

[24.2s] error: An uncaught WebGPU validation error was raised: [Invalid ComputePipeline "Concat"] is invalid.
 - While encoding [ComputePassEncoder (unlabeled)].SetPipeline([Invalid ComputePipeline "Concat"]).
 - While finishing [CommandEncoder (unlabeled)].

[24.2s] error: An uncaught WebGPU validation error was raised: [Invalid CommandBuffer] is invalid.
 - While calling [Queue].Submit([[Invalid CommandBuffer]])

[24.2s] error: An uncaught WebGPU validation error was raised: [Invalid ComputePipeline "Transpose"] is invalid.
 - While Validating GetBindGroupLayout (0) on [Invalid ComputePipeline "Transpose"]

[24.2s] error: An uncaught WebGPU validation error was raised: [Invalid BindGroupLayout (unlabeled)] is invalid.
 - While validating [BindGroupDescriptor ""Transpose""] against [Invalid BindGroupLayout (unlabeled)]
 - While calling [Device].CreateBindGroup([BindGroupDescriptor ""Transpose""]).

[24.2s] error: An uncaught WebGPU validation error was raised: [Invalid ComputePipeline "Conv2DMatMul"] is invalid.
 - While Validating GetBindGroupLayout (0) on [Invalid ComputePipeline "Conv2DMatMul"]

[24.2s] error: An uncaught WebGPU validation error was raised: [Invalid BindGroupLayout (unlabeled)] is invalid.
 - While validating [BindGroupDescriptor ""Conv2DMatMul""] against [Invalid BindGroupLayout (unlabeled)]
 - While calling [Device].CreateBindGroup([BindGroupDescriptor ""Conv2DMatMul""]).

[24.2s] error: An uncaught WebGPU validation error was raised: [Invalid ComputePipeline "Conv2DMatMul"] is invalid.
 - While Validating GetBindGroupLayout (0) on [Invalid ComputePipeline "Conv2DMatMul"]

[24.2s] error: An uncaught WebGPU validation error was raised: [Invalid BindGroupLayout (unlabeled)] is invalid.
 - While validating [BindGroupDescriptor ""Conv2DMatMul""] against [Invalid BindGroupLayout (unlabeled)]
 - While calling [Device].CreateBindGroup([BindGroupDescriptor ""Conv2DMatMul""]).

[24.2s] error: An uncaught WebGPU validation error was raised: [Invalid ComputePipeline "Conv2DMatMul"] is invalid.
 - While Validating GetBindGroupLayout (0) on [Invalid ComputePipeline "Conv2DMatMul"]

[24.2s] error: An uncaught WebGPU validation error was raised: [Invalid BindGroupLayout (unlabeled)] is invalid.
 - While validating [BindGroupDescriptor ""Conv2DMatMul""] against [Invalid BindGroupLayout (unlabeled)]
 - While calling [Device].CreateBindGroup([BindGroupDescriptor ""Conv2DMatMul""]).

[24.2s] error: An uncaught WebGPU validation error was raised: [Invalid ComputePipeline "Transpose"] is invalid.
 - While Validating GetBindGroupLayout (0) on [Invalid ComputePipeline "Transpose"]

[24.2s] error: An uncaught WebGPU validation error was raised: [Invalid BindGroupLayout (unlabeled)] is invalid.
 - While validating [BindGroupDescriptor ""Transpose""] against [Invalid BindGroupLayout (unlabeled)]
 - While calling [Device].CreateBindGroup([BindGroupDescriptor ""Transpose""]).

[24.2s] error: An uncaught WebGPU validation error was raised: [Invalid ComputePipeline "Transpose"] is invalid.
 - While encoding [ComputePassEncoder (unlabeled)].SetPipeline([Invalid ComputePipeline "Transpose"]).
 - While finishing [CommandEncoder (unlabeled)].

[24.2s] error: An uncaught WebGPU validation error was raised: [Invalid CommandBuffer] is invalid.
 - While calling [Queue].Submit([[Invalid CommandBuffer]])

[24.2s] error: An uncaught WebGPU validation error was raised: [Invalid ComputePipeline "Sub"] is invalid.
 - While Validating GetBindGroupLayout (0) on [Invalid ComputePipeline "Sub"]

[24.2s] error: An uncaught WebGPU validation error was raised: [Invalid BindGroupLayout (unlabeled)] is invalid.
 - While validating [BindGroupDescriptor ""Sub""] against [Invalid BindGroupLayout (unlabeled)]
 - While calling [Device].CreateBindGroup([BindGroupDescriptor ""Sub""]).

[24.2s] error: An uncaught WebGPU validation error was raised: [Invalid ComputePipeline "Div"] is invalid.
 - While Validating GetBindGroupLayout (0) on [Invalid ComputePipeline "Div"]

[24.2s] error: An uncaught WebGPU validation error was raised: [Invalid BindGroupLayout (unlabeled)] is invalid.
 - While validating [BindGroupDescriptor ""Div""] against [Invalid BindGroupLayout (unlabeled)]
 - While calling [Device].CreateBindGroup([BindGroupDescriptor ""Div""]).

[24.2s] error: An uncaught WebGPU validation error was raised: [Invalid ComputePipeline "Transpose"] is invalid.
 - While Validating GetBindGroupLayout (0) on [Invalid ComputePipeline "Transpose"]

[24.2s] error: An uncaught WebGPU validation error was raised: [Invalid BindGroupLayout (unlabeled)] is invalid.
 - While validating [BindGroupDescriptor ""Transpose""] against [Invalid BindGroupLayout (unlabeled)]
 - While calling [Device].CreateBindGroup([BindGroupDescriptor ""Transpose""]).

[24.2s] error: An uncaught WebGPU validation error was raised: [Invalid ComputePipeline "Conv2DMatMul"] is invalid.
 - While Validating GetBindGroupLayout (0) on [Invalid ComputePipeline "Conv2DMatMul"]

[24.2s] error: An uncaught WebGPU validation error was raised: [Invalid BindGroupLayout (unlabeled)] is invalid.
 - While validating [BindGroupDescriptor ""Conv2DMatMul""] against [Invalid BindGroupLayout (unlabeled)]
 - While calling [Device].CreateBindGroup([BindGroupDescriptor ""Conv2DMatMul""]).

[24.2s] error: An uncaught WebGPU validation error was raised: [Invalid ComputePipeline "Transpose"] is invalid.
 - While Validating GetBindGroupLayout (0) on [Invalid ComputePipeline "Transpose"]

[24.2s] error: An uncaught WebGPU validation error was raised: [Invalid BindGroupLayout (unlabeled)] is invalid.
 - While validating [BindGroupDescriptor ""Transpose""] against [Invalid BindGroupLayout (unlabeled)]
 - While calling [Device].CreateBindGroup([BindGroupDescriptor ""Transpose""]).

[24.2s] error: An uncaught WebGPU validation error was raised: [Invalid ComputePipeline "MaxPool"] is invalid.
 - While Validating GetBindGroupLayout (0) on [Invalid ComputePipeline "MaxPool"]

[24.2s] error: An uncaught WebGPU validation error was raised: [Invalid BindGroupLayout (unlabeled)] is invalid.
 - While validating [BindGroupDescriptor ""MaxPool""] against [Invalid BindGroupLayout (unlabeled)]
 - While calling [Device].CreateBindGroup([BindGroupDescriptor ""MaxPool""]).

[24.2s] error: An uncaught WebGPU validation error was raised: [Invalid ComputePipeline "Conv2DMatMul"] is invalid.
 - While Validating GetBindGroupLayout (0) on [Invalid ComputePipeline "Conv2DMatMul"]

[24.2s] error: An uncaught WebGPU validation error was raised: [Invalid BindGroupLayout (unlabeled)] is invalid.
 - While validating [BindGroupDescriptor ""Conv2DMatMul""] against [Invalid BindGroupLayout (unlabeled)]
 - While calling [Device].CreateBindGroup([BindGroupDescriptor ""Conv2DMatMul""]).

[24.2s] error: An uncaught WebGPU validation error was raised: [Invalid ComputePipeline "Conv2DMatMul"] is invalid.
 - While Validating GetBindGroupLayout (0) on [Invalid ComputePipeline "Conv2DMatMul"]

[24.2s] error: An uncaught WebGPU validation error was raised: [Invalid BindGroupLayout (unlabeled)] is invalid.
 - While validating [BindGroupDescriptor ""Conv2DMatMul""] against [Invalid BindGroupLayout (unlabeled)]
 - While calling [Device].CreateBindGroup([BindGroupDescriptor ""Conv2DMatMul""]).

[24.2s] error: An uncaught WebGPU validation error was raised: [Invalid ComputePipeline "Add"] is invalid.
 - While Validating GetBindGroupLayout (0) on [Invalid ComputePipeline "Add"]

[24.2s] error: An uncaught WebGPU validation error was raised: [Invalid BindGroupLayout (unlabeled)] is invalid.
 - While validating [BindGroupDescriptor ""Add""] against [Invalid BindGroupLayout (unlabeled)]
 - While calling [Device].CreateBindGroup([BindGroupDescriptor ""Add""]).

[24.2s] error: An uncaught WebGPU validation error was raised: [Invalid ComputePipeline "Relu"] is invalid.
 - While Validating GetBindGroupLayout (0) on [Invalid ComputePipeline "Relu"]

[24.2s] error: An uncaught WebGPU validation error was raised: [Invalid BindGroupLayout (unlabeled)] is invalid.
 - While validating [BindGroupDescriptor ""Relu""] against [Invalid BindGroupLayout (unlabeled)]
 - While calling [Device].CreateBindGroup([BindGroupDescriptor ""Relu""]).

[24.2s] error: An uncaught WebGPU validation error was raised: [Invalid ComputePipeline "Conv2DMatMul"] is invalid.
 - While Validating GetBindGroupLayout (0) on [Invalid ComputePipeline "Conv2DMatMul"]

[24.2s] error: An uncaught WebGPU validation error was raised: [Invalid BindGroupLayout (unlabeled)] is invalid.
 - While validating [BindGroupDescriptor ""Conv2DMatMul""] against [Invalid BindGroupLayout (unlabeled)]
 - While calling [Device].CreateBindGroup([BindGroupDescriptor ""Conv2DMatMul""]).

[24.2s] error: An uncaught WebGPU validation error was raised: [Invalid ComputePipeline "Conv2DMatMul"] is invalid.
 - While Validating GetBindGroupLayout (0) on [Invalid ComputePipeline "Conv2DMatMul"]

[24.2s] error: An uncaught WebGPU validation error was raised: [Invalid BindGroupLayout (unlabeled)] is invalid.
 - While validating [BindGroupDescriptor ""Conv2DMatMul""] against [Invalid BindGroupLayout (unlabeled)]
 - While calling [Device].CreateBindGroup([BindGroupDescriptor ""Conv2DMatMul""]).

[24.2s] error: An uncaught WebGPU validation error was raised: [Invalid ComputePipeline "Add"] is invalid.
 - While Validating GetBindGroupLayout (0) on [Invalid ComputePipeline "Add"]

[24.2s] error: An uncaught WebGPU validation error was raised: [Invalid BindGroupLayout (unlabeled)] is invalid.
 - While validating [BindGroupDescriptor ""Add""] against [Invalid BindGroupLayout (unlabeled)]
 - While calling [Device].CreateBindGroup([BindGroupDescriptor ""Add""]).

[24.2s] error: An uncaught WebGPU validation error was raised: [Invalid ComputePipeline "Relu"] is invalid.
 - While Validating GetBindGroupLayout (0) on [Invalid ComputePipeline "Relu"]

[24.2s] error: An uncaught WebGPU validation error was raised: [Invalid BindGroupLayout (unlabeled)] is invalid.
 - While validating [BindGroupDescriptor ""Relu""] against [Invalid BindGroupLayout (unlabeled)]
 - While calling [Device].CreateBindGroup([BindGroupDescriptor ""Relu""]).

[24.2s] error: An uncaught WebGPU validation error was raised: [Invalid ComputePipeline "Transpose"] is invalid.
 - While Validating GetBindGroupLayout (0) on [Invalid ComputePipeline "Transpose"]

[24.2s] error: An uncaught WebGPU validation error was raised: [Invalid BindGroupLayout (unlabeled)] is invalid.
 - While validating [BindGroupDescriptor ""Transpose""] against [Invalid BindGroupLayout (unlabeled)]
 - While calling [Device].CreateBindGroup([BindGroupDescriptor ""Transpose""]).

[24.2s] error: An uncaught WebGPU validation error was raised: [Invalid ComputePipeline "Conv2DMatMul"] is invalid.
 - While Validating GetBindGroupLayout (0) on [Invalid ComputePipeline "Conv2DMatMul"]

[24.2s] error: An uncaught WebGPU validation error was raised: [Invalid BindGroupLayout (unlabeled)] is invalid.
 - While validating [BindGroupDescriptor ""Conv2DMatMul""] against [Invalid BindGroupLayout (unlabeled)]
 - While calling [Device].CreateBindGroup([BindGroupDescriptor ""Conv2DMatMul""]).

[24.2s] error: An uncaught WebGPU validation error was raised: [Invalid ComputePipeline "Sub"] is invalid.
 - While encoding [ComputePassEncoder (unlabeled)].SetPipeline([Invalid ComputePipeline "Sub"]).
 - While finishing [CommandEncoder (unlabeled)].

[24.2s] error: An uncaught WebGPU validation error was raised: [Invalid CommandBuffer] is invalid.
 - While calling [Queue].Submit([[Invalid CommandBuffer]])

[24.2s] error: An uncaught WebGPU validation error was raised: [Invalid ComputePipeline "Conv2DMatMul"] is invalid.
 - While Validating GetBindGroupLayout (0) on [Invalid ComputePipeline "Conv2DMatMul"]

[24.2s] error: An uncaught WebGPU validation error was raised: [Invalid BindGroupLayout (unlabeled)] is invalid.
 - While validating [BindGroupDescriptor ""Conv2DMatMul""] against [Invalid BindGroupLayout (unlabeled)]
 - While calling [Device].CreateBindGroup([BindGroupDescriptor ""Conv2DMatMul""]).

[24.2s] error: An uncaught WebGPU validation error was raised: [Invalid ComputePipeline "Conv2DMatMul"] is invalid.
 - While Validating GetBindGroupLayout (0) on [Invalid ComputePipeline "Conv2DMatMul"]

[24.2s] error: An uncaught WebGPU validation error was raised: [Invalid BindGroupLayout (unlabeled)] is invalid.
 - While validating [BindGroupDescriptor ""Conv2DMatMul""] against [Invalid BindGroupLayout (unlabeled)]
 - While calling [Device].CreateBindGroup([BindGroupDescriptor ""Conv2DMatMul""]).

[24.2s] error: An uncaught WebGPU validation error was raised: [Invalid ComputePipeline "Add"] is invalid.
 - While Validating GetBindGroupLayout (0) on [Invalid ComputePipeline "Add"]

[24.2s] error: An uncaught WebGPU validation error was raised: [Invalid BindGroupLayout (unlabeled)] is invalid.
 - While validating [BindGroupDescriptor ""Add""] against [Invalid BindGroupLayout (unlabeled)]
 - While calling [Device].CreateBindGroup([BindGroupDescriptor ""Add""]).

[24.2s] error: An uncaught WebGPU validation error was raised: [Invalid ComputePipeline "Relu"] is invalid.
 - While Validating GetBindGroupLayout (0) on [Invalid ComputePipeline "Relu"]

[24.2s] error: An uncaught WebGPU validation error was raised: [Invalid BindGroupLayout (unlabeled)] is invalid.
 - While validating [BindGroupDescriptor ""Relu""] against [Invalid BindGroupLayout (unlabeled)]
 - While calling [Device].CreateBindGroup([BindGroupDescriptor ""Relu""]).

[24.2s] error: An uncaught WebGPU validation error was raised: [Invalid ComputePipeline "Conv2DMatMul"] is invalid.
 - While Validating GetBindGroupLayout (0) on [Invalid ComputePipeline "Conv2DMatMul"]

[24.2s] error: An uncaught WebGPU validation error was raised: [Invalid BindGroupLayout (unlabeled)] is invalid.
 - While validating [BindGroupDescriptor ""Conv2DMatMul""] against [Invalid BindGroupLayout (unlabeled)]
 - While calling [Device].CreateBindGroup([BindGroupDescriptor ""Conv2DMatMul""]).

[24.2s] error: An uncaught WebGPU validation error was raised: [Invalid ComputePipeline "Conv2DMatMul"] is invalid.
 - While Validating GetBindGroupLayout (0) on [Invalid ComputePipeline "Conv2DMatMul"]

[24.2s] error: An uncaught WebGPU validation error was raised: [Invalid BindGroupLayout (unlabeled)] is invalid.
 - While validating [BindGroupDescriptor ""Conv2DMatMul""] against [Invalid BindGroupLayout (unlabeled)]
 - While calling [Device].CreateBindGroup([BindGroupDescriptor ""Conv2DMatMul""]).

[24.2s] error: An uncaught WebGPU validation error was raised: [Invalid ComputePipeline "Add"] is invalid.
 - While Validating GetBindGroupLayout (0) on [Invalid ComputePipeline "Add"]

[24.2s] error: An uncaught WebGPU validation error was raised: [Invalid BindGroupLayout (unlabeled)] is invalid.
 - While validating [BindGroupDescriptor ""Add""] against [Invalid BindGroupLayout (unlabeled)]
 - While calling [Device].CreateBindGroup([BindGroupDescriptor ""Add""]).

[24.2s] error: An uncaught WebGPU validation error was raised: [Invalid ComputePipeline "Relu"] is invalid.
 - While Validating GetBindGroupLayout (0) on [Invalid ComputePipeline "Relu"]

[24.2s] error: An uncaught WebGPU validation error was raised: [Invalid BindGroupLayout (unlabeled)] is invalid.
 - While validating [BindGroupDescriptor ""Relu""] against [Invalid BindGroupLayout (unlabeled)]
 - While calling [Device].CreateBindGroup([BindGroupDescriptor ""Relu""]).

[24.2s] error: An uncaught WebGPU validation error was raised: [Invalid ComputePipeline "Transpose"] is invalid.
 - While Validating GetBindGroupLayout (0) on [Invalid ComputePipeline "Transpose"]

[24.2s] error: An uncaught WebGPU validation error was raised: [Invalid BindGroupLayout (unlabeled)] is invalid.
 - While validating [BindGroupDescriptor ""Transpose""] against [Invalid BindGroupLayout (unlabeled)]
 - While calling [Device].CreateBindGroup([BindGroupDescriptor ""Transpose""]).

[24.2s] error: An uncaught WebGPU validation error was raised: [Invalid ComputePipeline "Conv2DMatMul"] is invalid.
 - While Validating GetBindGroupLayout (0) on [Invalid ComputePipeline "Conv2DMatMul"]

[24.2s] error: An uncaught WebGPU validation error was raised: [Invalid BindGroupLayout (unlabeled)] is invalid.
 - While validating [BindGroupDescriptor ""Conv2DMatMul""] against [Invalid BindGroupLayout (unlabeled)]
 - While calling [Device].CreateBindGroup([BindGroupDescriptor ""Conv2DMatMul""]).

[24.2s] error: An uncaught WebGPU validation error was raised: [Invalid ComputePipeline "Conv2DMatMul"] is invalid.
 - While Validating GetBindGroupLayout (0) on [Invalid ComputePipeline "Conv2DMatMul"]

[24.2s] error: An uncaught WebGPU validation error was raised: [Invalid BindGroupLayout (unlabeled)] is invalid.
 - While validating [BindGroupDescriptor ""Conv2DMatMul""] against [Invalid BindGroupLayout (unlabeled)]
 - While calling [Device].CreateBindGroup([BindGroupDescriptor ""Conv2DMatMul""]).

[24.2s] error: An uncaught WebGPU validation error was raised: [Invalid ComputePipeline "Conv2DMatMul"] is invalid.
 - While Validating GetBindGroupLayout (0) on [Invalid ComputePipeline "Conv2DMatMul"]

[24.2s] error: An uncaught WebGPU validation error was raised: [Invalid BindGroupLayout (unlabeled)] is invalid.
 - While validating [BindGroupDescriptor ""Conv2DMatMul""] against [Invalid BindGroupLayout (unlabeled)]
 - While calling [Device].CreateBindGroup([BindGroupDescriptor ""Conv2DMatMul""]).

[24.2s] error: An uncaught WebGPU validation error was raised: [Invalid ComputePipeline "Add"] is invalid.
 - While Validating GetBindGroupLayout (0) on [Invalid ComputePipeline "Add"]

[24.2s] error: An uncaught WebGPU validation error was raised: [Invalid BindGroupLayout (unlabeled)] is invalid.
 - While validating [BindGroupDescriptor ""Add""] against [Invalid BindGroupLayout (unlabeled)]
 - While calling [Device].CreateBindGroup([BindGroupDescriptor ""Add""]).

[24.2s] error: An uncaught WebGPU validation error was raised: [Invalid ComputePipeline "Relu"] is invalid.
 - While Validating GetBindGroupLayout (0) on [Invalid ComputePipeline "Relu"]

[24.2s] error: An uncaught WebGPU validation error was raised: [Invalid BindGroupLayout (unlabeled)] is invalid.
 - While validating [BindGroupDescriptor ""Relu""] against [Invalid BindGroupLayout (unlabeled)]
 - While calling [Device].CreateBindGroup([BindGroupDescriptor ""Relu""]).

[24.2s] error: An uncaught WebGPU validation error was raised: [Invalid ComputePipeline "Conv2DMatMul"] is invalid.
 - While Validating GetBindGroupLayout (0) on [Invalid ComputePipeline "Conv2DMatMul"]

[24.2s] error: An uncaught WebGPU validation error was raised: [Invalid BindGroupLayout (unlabeled)] is invalid.
 - While validating [BindGroupDescriptor ""Conv2DMatMul""] against [Invalid BindGroupLayout (unlabeled)]
 - While calling [Device].CreateBindGroup([BindGroupDescriptor ""Conv2DMatMul""]).

[24.3s] error: An uncaught WebGPU validation error was raised: [Invalid ComputePipeline "Conv2DMatMul"] is invalid.
 - While Validating GetBindGroupLayout (0) on [Invalid ComputePipeline "Conv2DMatMul"]

[24.3s] error: An uncaught WebGPU validation error was raised: [Invalid BindGroupLayout (unlabeled)] is invalid.
 - While validating [BindGroupDescriptor ""Conv2DMatMul""] against [Invalid BindGroupLayout (unlabeled)]
 - While calling [Device].CreateBindGroup([BindGroupDescriptor ""Conv2DMatMul""]).

[24.3s] error: An uncaught WebGPU validation error was raised: [Invalid ComputePipeline "Conv2DMatMul"] is invalid.
 - While encoding [ComputePassEncoder (unlabeled)].SetPipeline([Invalid ComputePipeline "Conv2DMatMul"]).
 - While finishing [CommandEncoder (unlabeled)].

[24.3s] error: An uncaught WebGPU validation error was raised: [Invalid CommandBuffer] is invalid.
 - While calling [Queue].Submit([[Invalid CommandBuffer]])

[24.3s] error: An uncaught WebGPU validation error was raised: [Invalid ComputePipeline "Add"] is invalid.
 - While Validating GetBindGroupLayout (0) on [Invalid ComputePipeline "Add"]

[24.3s] error: An uncaught WebGPU validation error was raised: [Invalid BindGroupLayout (unlabeled)] is invalid.
 - While validating [BindGroupDescriptor ""Add""] against [Invalid BindGroupLayout (unlabeled)]
 - While calling [Device].CreateBindGroup([BindGroupDescriptor ""Add""]).

[24.3s] error: An uncaught WebGPU validation error was raised: [Invalid ComputePipeline "Relu"] is invalid.
 - While Validating GetBindGroupLayout (0) on [Invalid ComputePipeline "Relu"]

[24.3s] error: An uncaught WebGPU validation error was raised: [Invalid BindGroupLayout (unlabeled)] is invalid.
 - While validating [BindGroupDescriptor ""Relu""] against [Invalid BindGroupLayout (unlabeled)]
 - While calling [Device].CreateBindGroup([BindGroupDescriptor ""Relu""]).

[24.3s] error: An uncaught WebGPU validation error was raised: [Invalid ComputePipeline "Transpose"] is invalid.
 - While Validating GetBindGroupLayout (0) on [Invalid ComputePipeline "Transpose"]

[24.3s] error: An uncaught WebGPU validation error was raised: [Invalid BindGroupLayout (unlabeled)] is invalid.
 - While validating [BindGroupDescriptor ""Transpose""] against [Invalid BindGroupLayout (unlabeled)]
 - While calling [Device].CreateBindGroup([BindGroupDescriptor ""Transpose""]).

[24.3s] error: An uncaught WebGPU validation error was raised: [Invalid ComputePipeline "Conv2DMatMul"] is invalid.
 - While Validating GetBindGroupLayout (0) on [Invalid ComputePipeline "Conv2DMatMul"]

[24.3s] error: An uncaught WebGPU validation error was raised: [Invalid BindGroupLayout (unlabeled)] is invalid.
 - While validating [BindGroupDescriptor ""Conv2DMatMul""] against [Invalid BindGroupLayout (unlabeled)]
 - While calling [Device].CreateBindGroup([BindGroupDescriptor ""Conv2DMatMul""]).

[24.3s] error: An uncaught WebGPU validation error was raised: [Invalid ComputePipeline "Conv2DMatMul"] is invalid.
 - While Validating GetBindGroupLayout (0) on [Invalid ComputePipeline "Conv2DMatMul"]

[24.3s] error: An uncaught WebGPU validation error was raised: [Invalid BindGroupLayout (unlabeled)] is invalid.
 - While validating [BindGroupDescriptor ""Conv2DMatMul""] against [Invalid BindGroupLayout (unlabeled)]
 - While calling [Device].CreateBindGroup([BindGroupDescriptor ""Conv2DMatMul""]).

[24.3s] error: An uncaught WebGPU validation error was raised: [Invalid ComputePipeline "Conv2DMatMul"] is invalid.
 - While Validating GetBindGroupLayout (0) on [Invalid ComputePipeline "Conv2DMatMul"]

[24.3s] error: An uncaught WebGPU validation error was raised: [Invalid BindGroupLayout (unlabeled)] is invalid.
 - While validating [BindGroupDescriptor ""Conv2DMatMul""] against [Invalid BindGroupLayout (unlabeled)]
 - While calling [Device].CreateBindGroup([BindGroupDescriptor ""Conv2DMatMul""]).

[24.3s] error: An uncaught WebGPU validation error was raised: [Invalid ComputePipeline "Add"] is invalid.
 - While Validating GetBindGroupLayout (0) on [Invalid ComputePipeline "Add"]

[24.3s] error: An uncaught WebGPU validation error was raised: [Invalid BindGroupLayout (unlabeled)] is invalid.
 - While validating [BindGroupDescriptor ""Add""] against [Invalid BindGroupLayout (unlabeled)]
 - While calling [Device].CreateBindGroup([BindGroupDescriptor ""Add""]).

[24.3s] error: An uncaught WebGPU validation error was raised: [Invalid ComputePipeline "Relu"] is invalid.
 - While Validating GetBindGroupLayout (0) on [Invalid ComputePipeline "Relu"]

[24.3s] error: An uncaught WebGPU validation error was raised: [Invalid BindGroupLayout (unlabeled)] is invalid.
 - While validating [BindGroupDescriptor ""Relu""] against [Invalid BindGroupLayout (unlabeled)]
 - While calling [Device].CreateBindGroup([BindGroupDescriptor ""Relu""]).

[24.3s] error: An uncaught WebGPU validation error was raised: [Invalid ComputePipeline "Conv2DMatMul"] is invalid.
 - While Validating GetBindGroupLayout (0) on [Invalid ComputePipeline "Conv2DMatMul"]

[24.3s] error: An uncaught WebGPU validation error was raised: [Invalid BindGroupLayout (unlabeled)] is invalid.
 - While validating [BindGroupDescriptor ""Conv2DMatMul""] against [Invalid BindGroupLayout (unlabeled)]
 - While calling [Device].CreateBindGroup([BindGroupDescriptor ""Conv2DMatMul""]).

[24.3s] error: An uncaught WebGPU validation error was raised: [Invalid ComputePipeline "Conv2DMatMul"] is invalid.
 - While Validating GetBindGroupLayout (0) on [Invalid ComputePipeline "Conv2DMatMul"]

[24.3s] error: An uncaught WebGPU validation error was raised: [Invalid BindGroupLayout (unlabeled)] is invalid.
 - While validating [BindGroupDescriptor ""Conv2DMatMul""] against [Invalid BindGroupLayout (unlabeled)]
 - While calling [Device].CreateBindGroup([BindGroupDescriptor ""Conv2DMatMul""]).

[24.3s] error: An uncaught WebGPU validation error was raised: [Invalid ComputePipeline "Add"] is invalid.
 - While Validating GetBindGroupLayout (0) on [Invalid ComputePipeline "Add"]

[24.3s] error: An uncaught WebGPU validation error was raised: [Invalid BindGroupLayout (unlabeled)] is invalid.
 - While validating [BindGroupDescriptor ""Add""] against [Invalid BindGroupLayout (unlabeled)]
 - While calling [Device].CreateBindGroup([BindGroupDescriptor ""Add""]).

[24.3s] error: An uncaught WebGPU validation error was raised: [Invalid ComputePipeline "Relu"] is invalid.
 - While Validating GetBindGroupLayout (0) on [Invalid ComputePipeline "Relu"]

[24.3s] error: An uncaught WebGPU validation error was raised: [Invalid BindGroupLayout (unlabeled)] is invalid.
 - While validating [BindGroupDescriptor ""Relu""] against [Invalid BindGroupLayout (unlabeled)]
 - While calling [Device].CreateBindGroup([BindGroupDescriptor ""Relu""]).

[24.3s] error: An uncaught WebGPU validation error was raised: [Invalid ComputePipeline "Cast"] is invalid.
 - While Validating GetBindGroupLayout (0) on [Invalid ComputePipeline "Cast"]

[24.3s] error: An uncaught WebGPU validation error was raised: [Invalid BindGroupLayout (unlabeled)] is invalid.
 - While validating [BindGroupDescriptor ""Cast""] against [Invalid BindGroupLayout (unlabeled)]
 - While calling [Device].CreateBindGroup([BindGroupDescriptor ""Cast""]).

[24.3s] error: An uncaught WebGPU validation error was raised: [Invalid ComputePipeline "Cast"] is invalid.
 - While Validating GetBindGroupLayout (0) on [Invalid ComputePipeline "Cast"]

[24.3s] error: An uncaught WebGPU validation error was raised: [Invalid BindGroupLayout (unlabeled)] is invalid.
 - While validating [BindGroupDescriptor ""Cast""] against [Invalid BindGroupLayout (unlabeled)]
 - While calling [Device].CreateBindGroup([BindGroupDescriptor ""Cast""]).

[24.3s] error: An uncaught WebGPU validation error was raised: [Invalid ComputePipeline "Add"] is invalid.
 - While encoding [ComputePassEncoder (unlabeled)].SetPipeline([Invalid ComputePipeline "Add"]).
 - While finishing [CommandEncoder (unlabeled)].

[24.3s] error: An uncaught WebGPU validation error was raised: [Invalid CommandBuffer] is invalid.
 - While calling [Queue].Submit([[Invalid CommandBuffer]])

[24.3s] error: An uncaught WebGPU validation error was raised: [Invalid ComputePipeline "Concat"] is invalid.
 - While Validating GetBindGroupLayout (0) on [Invalid ComputePipeline "Concat"]

[24.3s] error: An uncaught WebGPU validation error was raised: [Invalid BindGroupLayout (unlabeled)] is invalid.
 - While validating [BindGroupDescriptor ""Concat""] against [Invalid BindGroupLayout (unlabeled)]
 - While calling [Device].CreateBindGroup([BindGroupDescriptor ""Concat""]).

[24.3s] error: An uncaught WebGPU validation error was raised: [Invalid ComputePipeline "Transpose"] is invalid.
 - While Validating GetBindGroupLayout (0) on [Invalid ComputePipeline "Transpose"]

[24.3s] error: An uncaught WebGPU validation error was raised: [Invalid BindGroupLayout (unlabeled)] is invalid.
 - While validating [BindGroupDescriptor ""Transpose""] against [Invalid BindGroupLayout (unlabeled)]
 - While calling [Device].CreateBindGroup([BindGroupDescriptor ""Transpose""]).

[24.3s] error: An uncaught WebGPU validation error was raised: [Invalid ComputePipeline "Conv2DMatMul"] is invalid.
 - While Validating GetBindGroupLayout (0) on [Invalid ComputePipeline "Conv2DMatMul"]

[24.3s] error: An uncaught WebGPU validation error was raised: [Invalid BindGroupLayout (unlabeled)] is invalid.
 - While validating [BindGroupDescriptor ""Conv2DMatMul""] against [Invalid BindGroupLayout (unlabeled)]
 - While calling [Device].CreateBindGroup([BindGroupDescriptor ""Conv2DMatMul""]).

[24.3s] error: An uncaught WebGPU validation error was raised: [Invalid ComputePipeline "Conv2DMatMul"] is invalid.
 - While Validating GetBindGroupLayout (0) on [Invalid ComputePipeline "Conv2DMatMul"]

[24.3s] error: An uncaught WebGPU validation error was raised: [Invalid BindGroupLayout (unlabeled)] is invalid.
 - While validating [BindGroupDescriptor ""Conv2DMatMul""] against [Invalid BindGroupLayout (unlabeled)]
 - While calling [Device].CreateBindGroup([BindGroupDescriptor ""Conv2DMatMul""]).

[24.3s] error: An uncaught WebGPU validation error was raised: [Invalid ComputePipeline "Cast"] is invalid.
 - While Validating GetBindGroupLayout (0) on [Invalid ComputePipeline "Cast"]

[24.3s] error: An uncaught WebGPU validation error was raised: [Invalid BindGroupLayout (unlabeled)] is invalid.
 - While validating [BindGroupDescriptor ""Cast""] against [Invalid BindGroupLayout (unlabeled)]
 - While calling [Device].CreateBindGroup([BindGroupDescriptor ""Cast""]).

[24.3s] error: An uncaught WebGPU validation error was raised: [Invalid ComputePipeline "Cast"] is invalid.
 - While Validating GetBindGroupLayout (0) on [Invalid ComputePipeline "Cast"]

[24.3s] error: An uncaught WebGPU validation error was raised: [Invalid BindGroupLayout (unlabeled)] is invalid.
 - While validating [BindGroupDescriptor ""Cast""] against [Invalid BindGroupLayout (unlabeled)]
 - While calling [Device].CreateBindGroup([BindGroupDescriptor ""Cast""]).

[24.3s] error: An uncaught WebGPU validation error was raised: [Invalid ComputePipeline "Concat"] is invalid.
 - While Validating GetBindGroupLayout (0) on [Invalid ComputePipeline "Concat"]

[24.3s] error: An uncaught WebGPU validation error was raised: [Invalid BindGroupLayout (unlabeled)] is invalid.
 - While validating [BindGroupDescriptor ""Concat""] against [Invalid BindGroupLayout (unlabeled)]
 - While calling [Device].CreateBindGroup([BindGroupDescriptor ""Concat""]).

[24.3s] error: An uncaught WebGPU validation error was raised: [Invalid ComputePipeline "Transpose"] is invalid.
 - While Validating GetBindGroupLayout (0) on [Invalid ComputePipeline "Transpose"]

[24.3s] error: An uncaught WebGPU validation error was raised: [Invalid BindGroupLayout (unlabeled)] is invalid.
 - While validating [BindGroupDescriptor ""Transpose""] against [Invalid BindGroupLayout (unlabeled)]
 - While calling [Device].CreateBindGroup([BindGroupDescriptor ""Transpose""]).

[24.3s] error: An uncaught WebGPU validation error was raised: [Invalid ComputePipeline "Conv2DMatMul"] is invalid.
 - While Validating GetBindGroupLayout (0) on [Invalid ComputePipeline "Conv2DMatMul"]

[24.3s] error: An uncaught WebGPU validation error was raised: [Invalid BindGroupLayout (unlabeled)] is invalid.
 - While validating [BindGroupDescriptor ""Conv2DMatMul""] against [Invalid BindGroupLayout (unlabeled)]
 - While calling [Device].CreateBindGroup([BindGroupDescriptor ""Conv2DMatMul""]).

[24.3s] error: An uncaught WebGPU validation error was raised: [Invalid ComputePipeline "Conv2DMatMul"] is invalid.
 - While Validating GetBindGroupLayout (0) on [Invalid ComputePipeline "Conv2DMatMul"]

[24.3s] error: An uncaught WebGPU validation error was raised: [Invalid BindGroupLayout (unlabeled)] is invalid.
 - While validating [BindGroupDescriptor ""Conv2DMatMul""] against [Invalid BindGroupLayout (unlabeled)]
 - While calling [Device].CreateBindGroup([BindGroupDescriptor ""Conv2DMatMul""]).

[24.3s] error: An uncaught WebGPU validation error was raised: [Invalid ComputePipeline "Cast"] is invalid.
 - While Validating GetBindGroupLayout (0) on [Invalid ComputePipeline "Cast"]

[24.3s] error: An uncaught WebGPU validation error was raised: [Invalid BindGroupLayout (unlabeled)] is invalid.
 - While validating [BindGroupDescriptor ""Cast""] against [Invalid BindGroupLayout (unlabeled)]
 - While calling [Device].CreateBindGroup([BindGroupDescriptor ""Cast""]).

[24.3s] error: An uncaught WebGPU validation error was raised: [Invalid ComputePipeline "Cast"] is invalid.
 - While Validating GetBindGroupLayout (0) on [Invalid ComputePipeline "Cast"]

[24.3s] error: An uncaught WebGPU validation error was raised: [Invalid BindGroupLayout (unlabeled)] is invalid.
 - While validating [BindGroupDescriptor ""Cast""] against [Invalid BindGroupLayout (unlabeled)]
 - While calling [Device].CreateBindGroup([BindGroupDescriptor ""Cast""]).

[24.3s] error: An uncaught WebGPU validation error was raised: [Invalid ComputePipeline "Concat"] is invalid.
 - While encoding [ComputePassEncoder (unlabeled)].SetPipeline([Invalid ComputePipeline "Concat"]).
 - While finishing [CommandEncoder (unlabeled)].

[24.3s] error: An uncaught WebGPU validation error was raised: [Invalid CommandBuffer] is invalid.
 - While calling [Queue].Submit([[Invalid CommandBuffer]])

[24.3s] error: An uncaught WebGPU validation error was raised: [Invalid ComputePipeline "Concat"] is invalid.
 - While Validating GetBindGroupLayout (0) on [Invalid ComputePipeline "Concat"]

[24.3s] error: An uncaught WebGPU validation error was raised: [Invalid BindGroupLayout (unlabeled)] is invalid.
 - While validating [BindGroupDescriptor ""Concat""] against [Invalid BindGroupLayout (unlabeled)]
 - While calling [Device].CreateBindGroup([BindGroupDescriptor ""Concat""]).

[24.3s] error: An uncaught WebGPU validation error was raised: [Invalid ComputePipeline "Transpose"] is invalid.
 - While Validating GetBindGroupLayout (0) on [Invalid ComputePipeline "Transpose"]

[24.3s] error: An uncaught WebGPU validation error was raised: [Invalid BindGroupLayout (unlabeled)] is invalid.
 - While validating [BindGroupDescriptor ""Transpose""] against [Invalid BindGroupLayout (unlabeled)]
 - While calling [Device].CreateBindGroup([BindGroupDescriptor ""Transpose""]).

[24.3s] error: An uncaught WebGPU validation error was raised: [Invalid ComputePipeline "Conv2DMatMul"] is invalid.
 - While Validating GetBindGroupLayout (0) on [Invalid ComputePipeline "Conv2DMatMul"]

[24.3s] error: An uncaught WebGPU validation error was raised: [Invalid BindGroupLayout (unlabeled)] is invalid.
 - While validating [BindGroupDescriptor ""Conv2DMatMul""] against [Invalid BindGroupLayout (unlabeled)]
 - While calling [Device].CreateBindGroup([BindGroupDescriptor ""Conv2DMatMul""]).

[24.3s] error: An uncaught WebGPU validation error was raised: [Invalid ComputePipeline "Conv2DMatMul"] is invalid.
 - While Validating GetBindGroupLayout (0) on [Invalid ComputePipeline "Conv2DMatMul"]

[24.3s] error: An uncaught WebGPU validation error was raised: [Invalid BindGroupLayout (unlabeled)] is invalid.
 - While validating [BindGroupDescriptor ""Conv2DMatMul""] against [Invalid BindGroupLayout (unlabeled)]
 - While calling [Device].CreateBindGroup([BindGroupDescriptor ""Conv2DMatMul""]).

[24.3s] error: An uncaught WebGPU validation error was raised: [Invalid ComputePipeline "Cast"] is invalid.
 - While Validating GetBindGroupLayout (0) on [Invalid ComputePipeline "Cast"]

[24.3s] error: An uncaught WebGPU validation error was raised: [Invalid BindGroupLayout (unlabeled)] is invalid.
 - While validating [BindGroupDescriptor ""Cast""] against [Invalid BindGroupLayout (unlabeled)]
 - While calling [Device].CreateBindGroup([BindGroupDescriptor ""Cast""]).

[24.3s] error: An uncaught WebGPU validation error was raised: [Invalid ComputePipeline "Cast"] is invalid.
 - While Validating GetBindGroupLayout (0) on [Invalid ComputePipeline "Cast"]

[24.3s] error: An uncaught WebGPU validation error was raised: [Invalid BindGroupLayout (unlabeled)] is invalid.
 - While validating [BindGroupDescriptor ""Cast""] against [Invalid BindGroupLayout (unlabeled)]
 - While calling [Device].CreateBindGroup([BindGroupDescriptor ""Cast""]).

[24.3s] error: An uncaught WebGPU validation error was raised: [Invalid ComputePipeline "Concat"] is invalid.
 - While Validating GetBindGroupLayout (0) on [Invalid ComputePipeline "Concat"]

[24.3s] error: An uncaught WebGPU validation error was raised: [Invalid BindGroupLayout (unlabeled)] is invalid.
 - While validating [BindGroupDescriptor ""Concat""] against [Invalid BindGroupLayout (unlabeled)]
 - While calling [Device].CreateBindGroup([BindGroupDescriptor ""Concat""]).

[24.3s] error: An uncaught WebGPU validation error was raised: [Invalid ComputePipeline "Transpose"] is invalid.
 - While Validating GetBindGroupLayout (0) on [Invalid ComputePipeline "Transpose"]

[24.3s] error: An uncaught WebGPU validation error was raised: [Invalid BindGroupLayout (unlabeled)] is invalid.
 - While validating [BindGroupDescriptor ""Transpose""] against [Invalid BindGroupLayout (unlabeled)]
 - While calling [Device].CreateBindGroup([BindGroupDescriptor ""Transpose""]).

[24.3s] error: An uncaught WebGPU validation error was raised: [Invalid ComputePipeline "Conv2DMatMul"] is invalid.
 - While Validating GetBindGroupLayout (0) on [Invalid ComputePipeline "Conv2DMatMul"]

[24.3s] error: An uncaught WebGPU validation error was raised: [Invalid BindGroupLayout (unlabeled)] is invalid.
 - While validating [BindGroupDescriptor ""Conv2DMatMul""] against [Invalid BindGroupLayout (unlabeled)]
 - While calling [Device].CreateBindGroup([BindGroupDescriptor ""Conv2DMatMul""]).

[24.3s] error: An uncaught WebGPU validation error was raised: [Invalid ComputePipeline "Conv2DMatMul"] is invalid.
 - While Validating GetBindGroupLayout (0) on [Invalid ComputePipeline "Conv2DMatMul"]

[24.3s] error: An uncaught WebGPU validation error was raised: [Invalid BindGroupLayout (unlabeled)] is invalid.
 - While validating [BindGroupDescriptor ""Conv2DMatMul""] against [Invalid BindGroupLayout (unlabeled)]
 - While calling [Device].CreateBindGroup([BindGroupDescriptor ""Conv2DMatMul""]).

[24.3s] error: An uncaught WebGPU validation error was raised: [Invalid ComputePipeline "Cast"] is invalid.
 - While Validating GetBindGroupLayout (0) on [Invalid ComputePipeline "Cast"]

[24.3s] error: An uncaught WebGPU validation error was raised: [Invalid BindGroupLayout (unlabeled)] is invalid.
 - While validating [BindGroupDescriptor ""Cast""] against [Invalid BindGroupLayout (unlabeled)]
 - While calling [Device].CreateBindGroup([BindGroupDescriptor ""Cast""]).

[24.3s] error: An uncaught WebGPU validation error was raised: [Invalid ComputePipeline "Cast"] is invalid.
 - While Validating GetBindGroupLayout (0) on [Invalid ComputePipeline "Cast"]

[24.3s] error: An uncaught WebGPU validation error was raised: [Invalid BindGroupLayout (unlabeled)] is invalid.
 - While validating [BindGroupDescriptor ""Cast""] against [Invalid BindGroupLayout (unlabeled)]
 - While calling [Device].CreateBindGroup([BindGroupDescriptor ""Cast""]).

[24.3s] error: An uncaught WebGPU validation error was raised: [Invalid ComputePipeline "Concat"] is invalid.
 - While encoding [ComputePassEncoder (unlabeled)].SetPipeline([Invalid ComputePipeline "Concat"]).
 - While finishing [CommandEncoder (unlabeled)].

[24.3s] error: An uncaught WebGPU validation error was raised: [Invalid CommandBuffer] is invalid.
 - While calling [Queue].Submit([[Invalid CommandBuffer]])

[24.3s] error: An uncaught WebGPU validation error was raised: [Invalid ComputePipeline "Transpose"] is invalid.
 - While Validating GetBindGroupLayout (0) on [Invalid ComputePipeline "Transpose"]

[24.3s] error: An uncaught WebGPU validation error was raised: [Invalid BindGroupLayout (unlabeled)] is invalid.
 - While validating [BindGroupDescriptor ""Transpose""] against [Invalid BindGroupLayout (unlabeled)]
 - While calling [Device].CreateBindGroup([BindGroupDescriptor ""Transpose""]).

[24.3s] error: An uncaught WebGPU validation error was raised: [Invalid ComputePipeline "Conv2DMatMul"] is invalid.
 - While Validating GetBindGroupLayout (0) on [Invalid ComputePipeline "Conv2DMatMul"]

[24.3s] error: An uncaught WebGPU validation error was raised: [Invalid BindGroupLayout (unlabeled)] is invalid.
 - While validating [BindGroupDescriptor ""Conv2DMatMul""] against [Invalid BindGroupLayout (unlabeled)]
 - While calling [Device].CreateBindGroup([BindGroupDescriptor ""Conv2DMatMul""]).

[24.3s] error: An uncaught WebGPU validation error was raised: [Invalid ComputePipeline "Conv2DMatMul"] is invalid.
 - While Validating GetBindGroupLayout (0) on [Invalid ComputePipeline "Conv2DMatMul"]

[24.3s] error: An uncaught WebGPU validation error was raised: [Invalid BindGroupLayout (unlabeled)] is invalid.
 - While validating [BindGroupDescriptor ""Conv2DMatMul""] against [Invalid BindGroupLayout (unlabeled)]
 - While calling [Device].CreateBindGroup([BindGroupDescriptor ""Conv2DMatMul""]).

[24.3s] error: An uncaught WebGPU validation error was raised: [Invalid ComputePipeline "Conv2DMatMul"] is invalid.
 - While Validating GetBindGroupLayout (0) on [Invalid ComputePipeline "Conv2DMatMul"]

[24.3s] error: An uncaught WebGPU validation error was raised: [Invalid BindGroupLayout (unlabeled)] is invalid.
 - While validating [BindGroupDescriptor ""Conv2DMatMul""] against [Invalid BindGroupLayout (unlabeled)]
 - While calling [Device].CreateBindGroup([BindGroupDescriptor ""Conv2DMatMul""]).

[24.3s] error: An uncaught WebGPU validation error was raised: [Invalid ComputePipeline "Transpose"] is invalid.
 - While Validating GetBindGroupLayout (0) on [Invalid ComputePipeline "Transpose"]

[24.3s] error: An uncaught WebGPU validation error was raised: [Invalid BindGroupLayout (unlabeled)] is invalid.
 - While validating [BindGroupDescriptor ""Transpose""] against [Invalid BindGroupLayout (unlabeled)]
 - While calling [Device].CreateBindGroup([BindGroupDescriptor ""Transpose""]).

[24.3s] error: An uncaught WebGPU validation error was raised: [Invalid ComputePipeline "Transpose"] is invalid.
 - While encoding [ComputePassEncoder (unlabeled)].SetPipeline([Invalid ComputePipeline "Transpose"]).
 - While finishing [CommandEncoder (unlabeled)].

[24.3s] error: An uncaught WebGPU validation error was raised: [Invalid CommandBuffer] is invalid.
 - While calling [Queue].Submit([[Invalid CommandBuffer]])

[24.8s] error: [omr] homr did not read tch-1.png: not_music homr found no music on any page
[29.6s] warning: [BlurbComposer] Missing process: "stressed-interpalatal:а"
[29.6s] warning: [BlurbComposer] Missing process: "stressed-interpalatal:и"